ISO-10303-21;
HEADER;
/* Generated by software containing ST-Developer
 * from STEP Tools, Inc. (www.steptools.com) 
 */
/* OPTION: using custom renumber hook */

FILE_DESCRIPTION(
/* description */ ('STEP AP214'),
/* implementation_level */ '2;1');

FILE_NAME(
/* name */ 'SFMH-110-02-L-D-LC',
/* time_stamp */ '2026-09-27T01:01:33+02:00',
/* author */ ('License CC BY-ND 4.0'),
/* organization */ ('CADENAS'),
/* preprocessor_version */ 'ST-DEVELOPER v20',
/* originating_system */ 'PARTsolutions',
/* authorisation */ '  ');

FILE_SCHEMA (('AUTOMOTIVE_DESIGN {1 0 10303 214 3 1 1}'));
ENDSEC;

DATA;
#10=PROPERTY_DEFINITION_REPRESENTATION(#14,#12);
#11=PROPERTY_DEFINITION_REPRESENTATION(#15,#13);
#12=REPRESENTATION('',(#16),#14324);
#13=REPRESENTATION('',(#17),#14324);
#14=PROPERTY_DEFINITION('pmi validation property','',#14336);
#15=PROPERTY_DEFINITION('pmi validation property','',#14336);
#16=VALUE_REPRESENTATION_ITEM('number of annotations',COUNT_MEASURE(0.));
#17=VALUE_REPRESENTATION_ITEM('number of views',COUNT_MEASURE(0.));
#18=CONICAL_SURFACE('',#9564,0.011,0.0698131700797732);
#19=CONICAL_SURFACE('',#9565,0.011,0.0698131700797732);
#20=CONICAL_SURFACE('',#9566,0.011,0.0698131700797732);
#21=CONICAL_SURFACE('',#9567,0.011,0.0698131700797732);
#22=CONICAL_SURFACE('',#9568,0.011,0.0698131700797732);
#23=CONICAL_SURFACE('',#9569,0.011,0.0698131700797732);
#24=CONICAL_SURFACE('',#9570,0.011,0.0698131700797732);
#25=CONICAL_SURFACE('',#9571,0.011,0.0698131700797732);
#26=CONICAL_SURFACE('',#9572,0.011,0.0698131700797732);
#27=CONICAL_SURFACE('',#9573,0.011,0.0698131700797732);
#28=CONICAL_SURFACE('',#9574,0.011,0.0698131700797732);
#29=CONICAL_SURFACE('',#9575,0.011,0.0698131700797732);
#30=CONICAL_SURFACE('',#9576,0.011,0.0698131700797732);
#31=CONICAL_SURFACE('',#9577,0.011,0.0698131700797732);
#32=CONICAL_SURFACE('',#9578,0.011,0.0698131700797732);
#33=CONICAL_SURFACE('',#9579,0.011,0.0698131700797732);
#34=CONICAL_SURFACE('',#9580,0.011,0.0698131700797732);
#35=CONICAL_SURFACE('',#9581,0.011,0.0698131700797732);
#36=CONICAL_SURFACE('',#9582,0.011,0.0698131700797732);
#37=CONICAL_SURFACE('',#9583,0.011,0.0698131700797732);
#38=DRAUGHTING_PRE_DEFINED_COLOUR('yellow');
#39=CONTEXT_DEPENDENT_SHAPE_REPRESENTATION(#43,#14338);
#40=CONTEXT_DEPENDENT_SHAPE_REPRESENTATION(#44,#14340);
#41=NEXT_ASSEMBLY_USAGE_OCCURRENCE('NAUO1','SFMH-110-02-D-LC_socket',
'SFMH-110-02-D-LC_socket',#14341,#14342,'');
#42=NEXT_ASSEMBLY_USAGE_OCCURRENCE('NAUO2','C-108-10-D','C-108-10-D',#14341,
#14343,'');
#43=(
REPRESENTATION_RELATIONSHIP(' ',' ',#9037,#9036)
REPRESENTATION_RELATIONSHIP_WITH_TRANSFORMATION(#45)
SHAPE_REPRESENTATION_RELATIONSHIP()
);
#44=(
REPRESENTATION_RELATIONSHIP(' ',' ',#9038,#9036)
REPRESENTATION_RELATIONSHIP_WITH_TRANSFORMATION(#46)
SHAPE_REPRESENTATION_RELATIONSHIP()
);
#45=ITEM_DEFINED_TRANSFORMATION(' ',' ',#9039,#9177);
#46=ITEM_DEFINED_TRANSFORMATION(' ',' ',#9039,#9584);
#47=SHAPE_REPRESENTATION_RELATIONSHIP('','',#9037,#49);
#48=SHAPE_REPRESENTATION_RELATIONSHIP('','',#9038,#50);
#49=ADVANCED_BREP_SHAPE_REPRESENTATION('',(#9031),#14325);
#50=ADVANCED_BREP_SHAPE_REPRESENTATION('',(#9032),#14326);
#51=CYLINDRICAL_SURFACE('',#9053,0.01);
#52=CYLINDRICAL_SURFACE('',#9057,0.01);
#53=CYLINDRICAL_SURFACE('',#9058,0.01);
#54=CYLINDRICAL_SURFACE('',#9463,0.016);
#55=CYLINDRICAL_SURFACE('',#9466,0.016);
#56=CYLINDRICAL_SURFACE('',#9469,0.016);
#57=CYLINDRICAL_SURFACE('',#9472,0.016);
#58=CYLINDRICAL_SURFACE('',#9475,0.016);
#59=CYLINDRICAL_SURFACE('',#9478,0.016);
#60=CYLINDRICAL_SURFACE('',#9481,0.016);
#61=CYLINDRICAL_SURFACE('',#9484,0.016);
#62=CYLINDRICAL_SURFACE('',#9487,0.016);
#63=CYLINDRICAL_SURFACE('',#9490,0.016);
#64=CYLINDRICAL_SURFACE('',#9493,0.016);
#65=CYLINDRICAL_SURFACE('',#9496,0.016);
#66=CYLINDRICAL_SURFACE('',#9499,0.016);
#67=CYLINDRICAL_SURFACE('',#9502,0.016);
#68=CYLINDRICAL_SURFACE('',#9505,0.016);
#69=CYLINDRICAL_SURFACE('',#9508,0.016);
#70=CYLINDRICAL_SURFACE('',#9511,0.016);
#71=CYLINDRICAL_SURFACE('',#9514,0.016);
#72=CYLINDRICAL_SURFACE('',#9517,0.016);
#73=CYLINDRICAL_SURFACE('',#9520,0.016);
#74=CIRCLE('',#9042,0.01);
#75=CIRCLE('',#9043,0.01);
#76=CIRCLE('',#9044,0.01);
#77=CIRCLE('',#9046,0.01);
#78=CIRCLE('',#9047,0.01);
#79=CIRCLE('',#9048,0.01);
#80=CIRCLE('',#9319,0.00799314708642905);
#81=CIRCLE('',#9327,0.00799314708642905);
#82=CIRCLE('',#9335,0.00799314708642905);
#83=CIRCLE('',#9343,0.00799314708642905);
#84=CIRCLE('',#9351,0.00799314708642905);
#85=CIRCLE('',#9359,0.00799314708642905);
#86=CIRCLE('',#9367,0.00799314708642905);
#87=CIRCLE('',#9375,0.00799314708642905);
#88=CIRCLE('',#9383,0.00799314708642905);
#89=CIRCLE('',#9391,0.00799314708642905);
#90=CIRCLE('',#9398,0.00799314708642905);
#91=CIRCLE('',#9405,0.00799314708642905);
#92=CIRCLE('',#9412,0.00799314708642905);
#93=CIRCLE('',#9419,0.00799314708642905);
#94=CIRCLE('',#9426,0.00799314708642905);
#95=CIRCLE('',#9433,0.00799314708642905);
#96=CIRCLE('',#9440,0.00799314708642905);
#97=CIRCLE('',#9447,0.00799314708642905);
#98=CIRCLE('',#9454,0.00799314708642905);
#99=CIRCLE('',#9461,0.00799314708642905);
#100=CIRCLE('',#9464,0.016);
#101=CIRCLE('',#9465,0.016);
#102=CIRCLE('',#9467,0.016);
#103=CIRCLE('',#9468,0.016);
#104=CIRCLE('',#9470,0.016);
#105=CIRCLE('',#9471,0.016);
#106=CIRCLE('',#9473,0.016);
#107=CIRCLE('',#9474,0.016);
#108=CIRCLE('',#9476,0.016);
#109=CIRCLE('',#9477,0.016);
#110=CIRCLE('',#9479,0.016);
#111=CIRCLE('',#9480,0.016);
#112=CIRCLE('',#9482,0.016);
#113=CIRCLE('',#9483,0.016);
#114=CIRCLE('',#9485,0.016);
#115=CIRCLE('',#9486,0.016);
#116=CIRCLE('',#9488,0.016);
#117=CIRCLE('',#9489,0.016);
#118=CIRCLE('',#9491,0.016);
#119=CIRCLE('',#9492,0.016);
#120=CIRCLE('',#9494,0.016);
#121=CIRCLE('',#9495,0.016);
#122=CIRCLE('',#9497,0.016);
#123=CIRCLE('',#9498,0.016);
#124=CIRCLE('',#9500,0.016);
#125=CIRCLE('',#9501,0.016);
#126=CIRCLE('',#9503,0.016);
#127=CIRCLE('',#9504,0.016);
#128=CIRCLE('',#9506,0.016);
#129=CIRCLE('',#9507,0.016);
#130=CIRCLE('',#9509,0.016);
#131=CIRCLE('',#9510,0.016);
#132=CIRCLE('',#9512,0.016);
#133=CIRCLE('',#9513,0.016);
#134=CIRCLE('',#9515,0.016);
#135=CIRCLE('',#9516,0.016);
#136=CIRCLE('',#9518,0.016);
#137=CIRCLE('',#9519,0.016);
#138=CIRCLE('',#9521,0.016);
#139=CIRCLE('',#9522,0.016);
#140=CIRCLE('',#9525,0.011);
#141=CIRCLE('',#9527,0.011);
#142=CIRCLE('',#9529,0.011);
#143=CIRCLE('',#9531,0.011);
#144=CIRCLE('',#9533,0.011);
#145=CIRCLE('',#9535,0.011);
#146=CIRCLE('',#9537,0.011);
#147=CIRCLE('',#9539,0.011);
#148=CIRCLE('',#9541,0.011);
#149=CIRCLE('',#9543,0.011);
#150=CIRCLE('',#9545,0.011);
#151=CIRCLE('',#9547,0.011);
#152=CIRCLE('',#9549,0.011);
#153=CIRCLE('',#9551,0.011);
#154=CIRCLE('',#9553,0.011);
#155=CIRCLE('',#9555,0.011);
#156=CIRCLE('',#9557,0.011);
#157=CIRCLE('',#9559,0.011);
#158=CIRCLE('',#9561,0.011);
#159=CIRCLE('',#9563,0.011);
#160=ORIENTED_EDGE('',*,*,#2614,.F.);
#161=ORIENTED_EDGE('',*,*,#2615,.T.);
#162=ORIENTED_EDGE('',*,*,#2616,.F.);
#163=ORIENTED_EDGE('',*,*,#2617,.F.);
#164=ORIENTED_EDGE('',*,*,#2618,.F.);
#165=ORIENTED_EDGE('',*,*,#2619,.T.);
#166=ORIENTED_EDGE('',*,*,#2617,.T.);
#167=ORIENTED_EDGE('',*,*,#2620,.T.);
#168=ORIENTED_EDGE('',*,*,#2621,.F.);
#169=ORIENTED_EDGE('',*,*,#2622,.F.);
#170=ORIENTED_EDGE('',*,*,#2623,.T.);
#171=ORIENTED_EDGE('',*,*,#2624,.T.);
#172=ORIENTED_EDGE('',*,*,#2625,.T.);
#173=ORIENTED_EDGE('',*,*,#2626,.F.);
#174=ORIENTED_EDGE('',*,*,#2627,.F.);
#175=ORIENTED_EDGE('',*,*,#2628,.T.);
#176=ORIENTED_EDGE('',*,*,#2629,.F.);
#177=ORIENTED_EDGE('',*,*,#2630,.F.);
#178=ORIENTED_EDGE('',*,*,#2631,.T.);
#179=ORIENTED_EDGE('',*,*,#2632,.F.);
#180=ORIENTED_EDGE('',*,*,#2633,.F.);
#181=ORIENTED_EDGE('',*,*,#2634,.F.);
#182=ORIENTED_EDGE('',*,*,#2635,.T.);
#183=ORIENTED_EDGE('',*,*,#2636,.F.);
#184=ORIENTED_EDGE('',*,*,#2637,.F.);
#185=ORIENTED_EDGE('',*,*,#2638,.F.);
#186=ORIENTED_EDGE('',*,*,#2639,.T.);
#187=ORIENTED_EDGE('',*,*,#2640,.F.);
#188=ORIENTED_EDGE('',*,*,#2641,.F.);
#189=ORIENTED_EDGE('',*,*,#2642,.F.);
#190=ORIENTED_EDGE('',*,*,#2643,.T.);
#191=ORIENTED_EDGE('',*,*,#2644,.F.);
#192=ORIENTED_EDGE('',*,*,#2645,.F.);
#193=ORIENTED_EDGE('',*,*,#2646,.F.);
#194=ORIENTED_EDGE('',*,*,#2647,.T.);
#195=ORIENTED_EDGE('',*,*,#2648,.T.);
#196=ORIENTED_EDGE('',*,*,#2649,.F.);
#197=ORIENTED_EDGE('',*,*,#2650,.T.);
#198=ORIENTED_EDGE('',*,*,#2651,.T.);
#199=ORIENTED_EDGE('',*,*,#2652,.F.);
#200=ORIENTED_EDGE('',*,*,#2653,.F.);
#201=ORIENTED_EDGE('',*,*,#2654,.F.);
#202=ORIENTED_EDGE('',*,*,#2655,.T.);
#203=ORIENTED_EDGE('',*,*,#2656,.T.);
#204=ORIENTED_EDGE('',*,*,#2657,.F.);
#205=ORIENTED_EDGE('',*,*,#2615,.F.);
#206=ORIENTED_EDGE('',*,*,#2653,.T.);
#207=ORIENTED_EDGE('',*,*,#2658,.T.);
#208=ORIENTED_EDGE('',*,*,#2624,.F.);
#209=ORIENTED_EDGE('',*,*,#2659,.F.);
#210=ORIENTED_EDGE('',*,*,#2660,.T.);
#211=ORIENTED_EDGE('',*,*,#2661,.T.);
#212=ORIENTED_EDGE('',*,*,#2662,.T.);
#213=ORIENTED_EDGE('',*,*,#2663,.T.);
#214=ORIENTED_EDGE('',*,*,#2664,.T.);
#215=ORIENTED_EDGE('',*,*,#2665,.T.);
#216=ORIENTED_EDGE('',*,*,#2666,.T.);
#217=ORIENTED_EDGE('',*,*,#2667,.T.);
#218=ORIENTED_EDGE('',*,*,#2668,.T.);
#219=ORIENTED_EDGE('',*,*,#2669,.T.);
#220=ORIENTED_EDGE('',*,*,#2670,.T.);
#221=ORIENTED_EDGE('',*,*,#2671,.T.);
#222=ORIENTED_EDGE('',*,*,#2672,.T.);
#223=ORIENTED_EDGE('',*,*,#2673,.T.);
#224=ORIENTED_EDGE('',*,*,#2674,.T.);
#225=ORIENTED_EDGE('',*,*,#2675,.T.);
#226=ORIENTED_EDGE('',*,*,#2676,.T.);
#227=ORIENTED_EDGE('',*,*,#2677,.T.);
#228=ORIENTED_EDGE('',*,*,#2678,.T.);
#229=ORIENTED_EDGE('',*,*,#2679,.T.);
#230=ORIENTED_EDGE('',*,*,#2680,.T.);
#231=ORIENTED_EDGE('',*,*,#2681,.T.);
#232=ORIENTED_EDGE('',*,*,#2682,.T.);
#233=ORIENTED_EDGE('',*,*,#2683,.T.);
#234=ORIENTED_EDGE('',*,*,#2684,.T.);
#235=ORIENTED_EDGE('',*,*,#2685,.T.);
#236=ORIENTED_EDGE('',*,*,#2686,.T.);
#237=ORIENTED_EDGE('',*,*,#2687,.T.);
#238=ORIENTED_EDGE('',*,*,#2688,.T.);
#239=ORIENTED_EDGE('',*,*,#2689,.T.);
#240=ORIENTED_EDGE('',*,*,#2690,.T.);
#241=ORIENTED_EDGE('',*,*,#2691,.T.);
#242=ORIENTED_EDGE('',*,*,#2692,.T.);
#243=ORIENTED_EDGE('',*,*,#2693,.T.);
#244=ORIENTED_EDGE('',*,*,#2694,.T.);
#245=ORIENTED_EDGE('',*,*,#2695,.T.);
#246=ORIENTED_EDGE('',*,*,#2696,.T.);
#247=ORIENTED_EDGE('',*,*,#2697,.T.);
#248=ORIENTED_EDGE('',*,*,#2698,.T.);
#249=ORIENTED_EDGE('',*,*,#2699,.T.);
#250=ORIENTED_EDGE('',*,*,#2700,.T.);
#251=ORIENTED_EDGE('',*,*,#2701,.T.);
#252=ORIENTED_EDGE('',*,*,#2702,.T.);
#253=ORIENTED_EDGE('',*,*,#2703,.T.);
#254=ORIENTED_EDGE('',*,*,#2704,.T.);
#255=ORIENTED_EDGE('',*,*,#2705,.T.);
#256=ORIENTED_EDGE('',*,*,#2706,.T.);
#257=ORIENTED_EDGE('',*,*,#2707,.T.);
#258=ORIENTED_EDGE('',*,*,#2708,.T.);
#259=ORIENTED_EDGE('',*,*,#2709,.T.);
#260=ORIENTED_EDGE('',*,*,#2710,.T.);
#261=ORIENTED_EDGE('',*,*,#2711,.T.);
#262=ORIENTED_EDGE('',*,*,#2712,.T.);
#263=ORIENTED_EDGE('',*,*,#2713,.T.);
#264=ORIENTED_EDGE('',*,*,#2714,.T.);
#265=ORIENTED_EDGE('',*,*,#2715,.T.);
#266=ORIENTED_EDGE('',*,*,#2716,.T.);
#267=ORIENTED_EDGE('',*,*,#2717,.T.);
#268=ORIENTED_EDGE('',*,*,#2718,.T.);
#269=ORIENTED_EDGE('',*,*,#2719,.T.);
#270=ORIENTED_EDGE('',*,*,#2720,.T.);
#271=ORIENTED_EDGE('',*,*,#2721,.T.);
#272=ORIENTED_EDGE('',*,*,#2722,.T.);
#273=ORIENTED_EDGE('',*,*,#2723,.T.);
#274=ORIENTED_EDGE('',*,*,#2724,.T.);
#275=ORIENTED_EDGE('',*,*,#2725,.T.);
#276=ORIENTED_EDGE('',*,*,#2726,.T.);
#277=ORIENTED_EDGE('',*,*,#2727,.T.);
#278=ORIENTED_EDGE('',*,*,#2728,.T.);
#279=ORIENTED_EDGE('',*,*,#2729,.T.);
#280=ORIENTED_EDGE('',*,*,#2730,.T.);
#281=ORIENTED_EDGE('',*,*,#2731,.T.);
#282=ORIENTED_EDGE('',*,*,#2732,.T.);
#283=ORIENTED_EDGE('',*,*,#2733,.T.);
#284=ORIENTED_EDGE('',*,*,#2734,.T.);
#285=ORIENTED_EDGE('',*,*,#2735,.T.);
#286=ORIENTED_EDGE('',*,*,#2736,.T.);
#287=ORIENTED_EDGE('',*,*,#2737,.T.);
#288=ORIENTED_EDGE('',*,*,#2738,.T.);
#289=ORIENTED_EDGE('',*,*,#2739,.T.);
#290=ORIENTED_EDGE('',*,*,#2649,.T.);
#291=ORIENTED_EDGE('',*,*,#2740,.T.);
#292=ORIENTED_EDGE('',*,*,#2628,.F.);
#293=ORIENTED_EDGE('',*,*,#2741,.F.);
#294=ORIENTED_EDGE('',*,*,#2742,.F.);
#295=ORIENTED_EDGE('',*,*,#2743,.F.);
#296=ORIENTED_EDGE('',*,*,#2744,.F.);
#297=ORIENTED_EDGE('',*,*,#2745,.F.);
#298=ORIENTED_EDGE('',*,*,#2746,.F.);
#299=ORIENTED_EDGE('',*,*,#2747,.F.);
#300=ORIENTED_EDGE('',*,*,#2748,.F.);
#301=ORIENTED_EDGE('',*,*,#2749,.F.);
#302=ORIENTED_EDGE('',*,*,#2750,.F.);
#303=ORIENTED_EDGE('',*,*,#2751,.F.);
#304=ORIENTED_EDGE('',*,*,#2752,.F.);
#305=ORIENTED_EDGE('',*,*,#2753,.F.);
#306=ORIENTED_EDGE('',*,*,#2754,.F.);
#307=ORIENTED_EDGE('',*,*,#2755,.F.);
#308=ORIENTED_EDGE('',*,*,#2756,.F.);
#309=ORIENTED_EDGE('',*,*,#2757,.F.);
#310=ORIENTED_EDGE('',*,*,#2758,.F.);
#311=ORIENTED_EDGE('',*,*,#2759,.F.);
#312=ORIENTED_EDGE('',*,*,#2760,.F.);
#313=ORIENTED_EDGE('',*,*,#2761,.F.);
#314=ORIENTED_EDGE('',*,*,#2762,.F.);
#315=ORIENTED_EDGE('',*,*,#2763,.F.);
#316=ORIENTED_EDGE('',*,*,#2764,.F.);
#317=ORIENTED_EDGE('',*,*,#2765,.F.);
#318=ORIENTED_EDGE('',*,*,#2766,.F.);
#319=ORIENTED_EDGE('',*,*,#2767,.F.);
#320=ORIENTED_EDGE('',*,*,#2768,.F.);
#321=ORIENTED_EDGE('',*,*,#2769,.F.);
#322=ORIENTED_EDGE('',*,*,#2770,.F.);
#323=ORIENTED_EDGE('',*,*,#2771,.F.);
#324=ORIENTED_EDGE('',*,*,#2772,.F.);
#325=ORIENTED_EDGE('',*,*,#2773,.F.);
#326=ORIENTED_EDGE('',*,*,#2774,.F.);
#327=ORIENTED_EDGE('',*,*,#2775,.F.);
#328=ORIENTED_EDGE('',*,*,#2776,.F.);
#329=ORIENTED_EDGE('',*,*,#2777,.F.);
#330=ORIENTED_EDGE('',*,*,#2778,.F.);
#331=ORIENTED_EDGE('',*,*,#2779,.F.);
#332=ORIENTED_EDGE('',*,*,#2780,.F.);
#333=ORIENTED_EDGE('',*,*,#2781,.F.);
#334=ORIENTED_EDGE('',*,*,#2782,.F.);
#335=ORIENTED_EDGE('',*,*,#2783,.F.);
#336=ORIENTED_EDGE('',*,*,#2784,.F.);
#337=ORIENTED_EDGE('',*,*,#2785,.F.);
#338=ORIENTED_EDGE('',*,*,#2786,.F.);
#339=ORIENTED_EDGE('',*,*,#2787,.F.);
#340=ORIENTED_EDGE('',*,*,#2788,.F.);
#341=ORIENTED_EDGE('',*,*,#2789,.F.);
#342=ORIENTED_EDGE('',*,*,#2790,.F.);
#343=ORIENTED_EDGE('',*,*,#2791,.F.);
#344=ORIENTED_EDGE('',*,*,#2792,.F.);
#345=ORIENTED_EDGE('',*,*,#2793,.F.);
#346=ORIENTED_EDGE('',*,*,#2794,.F.);
#347=ORIENTED_EDGE('',*,*,#2795,.F.);
#348=ORIENTED_EDGE('',*,*,#2796,.F.);
#349=ORIENTED_EDGE('',*,*,#2797,.F.);
#350=ORIENTED_EDGE('',*,*,#2798,.F.);
#351=ORIENTED_EDGE('',*,*,#2799,.F.);
#352=ORIENTED_EDGE('',*,*,#2800,.F.);
#353=ORIENTED_EDGE('',*,*,#2801,.F.);
#354=ORIENTED_EDGE('',*,*,#2802,.F.);
#355=ORIENTED_EDGE('',*,*,#2803,.F.);
#356=ORIENTED_EDGE('',*,*,#2804,.F.);
#357=ORIENTED_EDGE('',*,*,#2805,.F.);
#358=ORIENTED_EDGE('',*,*,#2806,.F.);
#359=ORIENTED_EDGE('',*,*,#2807,.F.);
#360=ORIENTED_EDGE('',*,*,#2808,.F.);
#361=ORIENTED_EDGE('',*,*,#2809,.F.);
#362=ORIENTED_EDGE('',*,*,#2810,.F.);
#363=ORIENTED_EDGE('',*,*,#2811,.F.);
#364=ORIENTED_EDGE('',*,*,#2812,.F.);
#365=ORIENTED_EDGE('',*,*,#2813,.F.);
#366=ORIENTED_EDGE('',*,*,#2814,.F.);
#367=ORIENTED_EDGE('',*,*,#2815,.F.);
#368=ORIENTED_EDGE('',*,*,#2816,.F.);
#369=ORIENTED_EDGE('',*,*,#2817,.F.);
#370=ORIENTED_EDGE('',*,*,#2818,.F.);
#371=ORIENTED_EDGE('',*,*,#2819,.F.);
#372=ORIENTED_EDGE('',*,*,#2820,.F.);
#373=ORIENTED_EDGE('',*,*,#2821,.F.);
#374=ORIENTED_EDGE('',*,*,#2657,.T.);
#375=ORIENTED_EDGE('',*,*,#2822,.T.);
#376=ORIENTED_EDGE('',*,*,#2620,.F.);
#377=ORIENTED_EDGE('',*,*,#2616,.T.);
#378=ORIENTED_EDGE('',*,*,#2621,.T.);
#379=ORIENTED_EDGE('',*,*,#2822,.F.);
#380=ORIENTED_EDGE('',*,*,#2656,.F.);
#381=ORIENTED_EDGE('',*,*,#2823,.T.);
#382=ORIENTED_EDGE('',*,*,#2623,.F.);
#383=ORIENTED_EDGE('',*,*,#2824,.F.);
#384=ORIENTED_EDGE('',*,*,#2654,.T.);
#385=ORIENTED_EDGE('',*,*,#2659,.T.);
#386=ORIENTED_EDGE('',*,*,#2622,.T.);
#387=ORIENTED_EDGE('',*,*,#2823,.F.);
#388=ORIENTED_EDGE('',*,*,#2655,.F.);
#389=ORIENTED_EDGE('',*,*,#2824,.T.);
#390=ORIENTED_EDGE('',*,*,#2627,.T.);
#391=ORIENTED_EDGE('',*,*,#2825,.F.);
#392=ORIENTED_EDGE('',*,*,#2650,.F.);
#393=ORIENTED_EDGE('',*,*,#2741,.T.);
#394=ORIENTED_EDGE('',*,*,#2626,.T.);
#395=ORIENTED_EDGE('',*,*,#2826,.F.);
#396=ORIENTED_EDGE('',*,*,#2651,.F.);
#397=ORIENTED_EDGE('',*,*,#2825,.T.);
#398=ORIENTED_EDGE('',*,*,#2625,.F.);
#399=ORIENTED_EDGE('',*,*,#2658,.F.);
#400=ORIENTED_EDGE('',*,*,#2652,.T.);
#401=ORIENTED_EDGE('',*,*,#2826,.T.);
#402=ORIENTED_EDGE('',*,*,#2619,.F.);
#403=ORIENTED_EDGE('',*,*,#2827,.F.);
#404=ORIENTED_EDGE('',*,*,#2646,.T.);
#405=ORIENTED_EDGE('',*,*,#2614,.T.);
#406=ORIENTED_EDGE('',*,*,#2618,.T.);
#407=ORIENTED_EDGE('',*,*,#2828,.F.);
#408=ORIENTED_EDGE('',*,*,#2647,.F.);
#409=ORIENTED_EDGE('',*,*,#2827,.T.);
#410=ORIENTED_EDGE('',*,*,#2629,.T.);
#411=ORIENTED_EDGE('',*,*,#2740,.F.);
#412=ORIENTED_EDGE('',*,*,#2648,.F.);
#413=ORIENTED_EDGE('',*,*,#2828,.T.);
#414=ORIENTED_EDGE('',*,*,#2819,.T.);
#415=ORIENTED_EDGE('',*,*,#2829,.F.);
#416=ORIENTED_EDGE('',*,*,#2737,.F.);
#417=ORIENTED_EDGE('',*,*,#2830,.T.);
#418=ORIENTED_EDGE('',*,*,#2818,.T.);
#419=ORIENTED_EDGE('',*,*,#2831,.F.);
#420=ORIENTED_EDGE('',*,*,#2738,.F.);
#421=ORIENTED_EDGE('',*,*,#2829,.T.);
#422=ORIENTED_EDGE('',*,*,#2821,.T.);
#423=ORIENTED_EDGE('',*,*,#2832,.F.);
#424=ORIENTED_EDGE('',*,*,#2739,.F.);
#425=ORIENTED_EDGE('',*,*,#2831,.T.);
#426=ORIENTED_EDGE('',*,*,#2820,.T.);
#427=ORIENTED_EDGE('',*,*,#2830,.F.);
#428=ORIENTED_EDGE('',*,*,#2736,.F.);
#429=ORIENTED_EDGE('',*,*,#2832,.T.);
#430=ORIENTED_EDGE('',*,*,#2815,.T.);
#431=ORIENTED_EDGE('',*,*,#2833,.F.);
#432=ORIENTED_EDGE('',*,*,#2733,.F.);
#433=ORIENTED_EDGE('',*,*,#2834,.T.);
#434=ORIENTED_EDGE('',*,*,#2814,.T.);
#435=ORIENTED_EDGE('',*,*,#2835,.F.);
#436=ORIENTED_EDGE('',*,*,#2734,.F.);
#437=ORIENTED_EDGE('',*,*,#2833,.T.);
#438=ORIENTED_EDGE('',*,*,#2817,.T.);
#439=ORIENTED_EDGE('',*,*,#2836,.F.);
#440=ORIENTED_EDGE('',*,*,#2735,.F.);
#441=ORIENTED_EDGE('',*,*,#2835,.T.);
#442=ORIENTED_EDGE('',*,*,#2816,.T.);
#443=ORIENTED_EDGE('',*,*,#2834,.F.);
#444=ORIENTED_EDGE('',*,*,#2732,.F.);
#445=ORIENTED_EDGE('',*,*,#2836,.T.);
#446=ORIENTED_EDGE('',*,*,#2811,.T.);
#447=ORIENTED_EDGE('',*,*,#2837,.F.);
#448=ORIENTED_EDGE('',*,*,#2729,.F.);
#449=ORIENTED_EDGE('',*,*,#2838,.T.);
#450=ORIENTED_EDGE('',*,*,#2810,.T.);
#451=ORIENTED_EDGE('',*,*,#2839,.F.);
#452=ORIENTED_EDGE('',*,*,#2730,.F.);
#453=ORIENTED_EDGE('',*,*,#2837,.T.);
#454=ORIENTED_EDGE('',*,*,#2813,.T.);
#455=ORIENTED_EDGE('',*,*,#2840,.F.);
#456=ORIENTED_EDGE('',*,*,#2731,.F.);
#457=ORIENTED_EDGE('',*,*,#2839,.T.);
#458=ORIENTED_EDGE('',*,*,#2812,.T.);
#459=ORIENTED_EDGE('',*,*,#2838,.F.);
#460=ORIENTED_EDGE('',*,*,#2728,.F.);
#461=ORIENTED_EDGE('',*,*,#2840,.T.);
#462=ORIENTED_EDGE('',*,*,#2807,.T.);
#463=ORIENTED_EDGE('',*,*,#2841,.F.);
#464=ORIENTED_EDGE('',*,*,#2725,.F.);
#465=ORIENTED_EDGE('',*,*,#2842,.T.);
#466=ORIENTED_EDGE('',*,*,#2806,.T.);
#467=ORIENTED_EDGE('',*,*,#2843,.F.);
#468=ORIENTED_EDGE('',*,*,#2726,.F.);
#469=ORIENTED_EDGE('',*,*,#2841,.T.);
#470=ORIENTED_EDGE('',*,*,#2809,.T.);
#471=ORIENTED_EDGE('',*,*,#2844,.F.);
#472=ORIENTED_EDGE('',*,*,#2727,.F.);
#473=ORIENTED_EDGE('',*,*,#2843,.T.);
#474=ORIENTED_EDGE('',*,*,#2808,.T.);
#475=ORIENTED_EDGE('',*,*,#2842,.F.);
#476=ORIENTED_EDGE('',*,*,#2724,.F.);
#477=ORIENTED_EDGE('',*,*,#2844,.T.);
#478=ORIENTED_EDGE('',*,*,#2803,.T.);
#479=ORIENTED_EDGE('',*,*,#2845,.F.);
#480=ORIENTED_EDGE('',*,*,#2721,.F.);
#481=ORIENTED_EDGE('',*,*,#2846,.T.);
#482=ORIENTED_EDGE('',*,*,#2802,.T.);
#483=ORIENTED_EDGE('',*,*,#2847,.F.);
#484=ORIENTED_EDGE('',*,*,#2722,.F.);
#485=ORIENTED_EDGE('',*,*,#2845,.T.);
#486=ORIENTED_EDGE('',*,*,#2805,.T.);
#487=ORIENTED_EDGE('',*,*,#2848,.F.);
#488=ORIENTED_EDGE('',*,*,#2723,.F.);
#489=ORIENTED_EDGE('',*,*,#2847,.T.);
#490=ORIENTED_EDGE('',*,*,#2804,.T.);
#491=ORIENTED_EDGE('',*,*,#2846,.F.);
#492=ORIENTED_EDGE('',*,*,#2720,.F.);
#493=ORIENTED_EDGE('',*,*,#2848,.T.);
#494=ORIENTED_EDGE('',*,*,#2799,.T.);
#495=ORIENTED_EDGE('',*,*,#2849,.F.);
#496=ORIENTED_EDGE('',*,*,#2717,.F.);
#497=ORIENTED_EDGE('',*,*,#2850,.T.);
#498=ORIENTED_EDGE('',*,*,#2798,.T.);
#499=ORIENTED_EDGE('',*,*,#2851,.F.);
#500=ORIENTED_EDGE('',*,*,#2718,.F.);
#501=ORIENTED_EDGE('',*,*,#2849,.T.);
#502=ORIENTED_EDGE('',*,*,#2801,.T.);
#503=ORIENTED_EDGE('',*,*,#2852,.F.);
#504=ORIENTED_EDGE('',*,*,#2719,.F.);
#505=ORIENTED_EDGE('',*,*,#2851,.T.);
#506=ORIENTED_EDGE('',*,*,#2800,.T.);
#507=ORIENTED_EDGE('',*,*,#2850,.F.);
#508=ORIENTED_EDGE('',*,*,#2716,.F.);
#509=ORIENTED_EDGE('',*,*,#2852,.T.);
#510=ORIENTED_EDGE('',*,*,#2795,.T.);
#511=ORIENTED_EDGE('',*,*,#2853,.F.);
#512=ORIENTED_EDGE('',*,*,#2713,.F.);
#513=ORIENTED_EDGE('',*,*,#2854,.T.);
#514=ORIENTED_EDGE('',*,*,#2794,.T.);
#515=ORIENTED_EDGE('',*,*,#2855,.F.);
#516=ORIENTED_EDGE('',*,*,#2714,.F.);
#517=ORIENTED_EDGE('',*,*,#2853,.T.);
#518=ORIENTED_EDGE('',*,*,#2797,.T.);
#519=ORIENTED_EDGE('',*,*,#2856,.F.);
#520=ORIENTED_EDGE('',*,*,#2715,.F.);
#521=ORIENTED_EDGE('',*,*,#2855,.T.);
#522=ORIENTED_EDGE('',*,*,#2796,.T.);
#523=ORIENTED_EDGE('',*,*,#2854,.F.);
#524=ORIENTED_EDGE('',*,*,#2712,.F.);
#525=ORIENTED_EDGE('',*,*,#2856,.T.);
#526=ORIENTED_EDGE('',*,*,#2791,.T.);
#527=ORIENTED_EDGE('',*,*,#2857,.F.);
#528=ORIENTED_EDGE('',*,*,#2709,.F.);
#529=ORIENTED_EDGE('',*,*,#2858,.T.);
#530=ORIENTED_EDGE('',*,*,#2790,.T.);
#531=ORIENTED_EDGE('',*,*,#2859,.F.);
#532=ORIENTED_EDGE('',*,*,#2710,.F.);
#533=ORIENTED_EDGE('',*,*,#2857,.T.);
#534=ORIENTED_EDGE('',*,*,#2793,.T.);
#535=ORIENTED_EDGE('',*,*,#2860,.F.);
#536=ORIENTED_EDGE('',*,*,#2711,.F.);
#537=ORIENTED_EDGE('',*,*,#2859,.T.);
#538=ORIENTED_EDGE('',*,*,#2792,.T.);
#539=ORIENTED_EDGE('',*,*,#2858,.F.);
#540=ORIENTED_EDGE('',*,*,#2708,.F.);
#541=ORIENTED_EDGE('',*,*,#2860,.T.);
#542=ORIENTED_EDGE('',*,*,#2787,.T.);
#543=ORIENTED_EDGE('',*,*,#2861,.F.);
#544=ORIENTED_EDGE('',*,*,#2705,.F.);
#545=ORIENTED_EDGE('',*,*,#2862,.T.);
#546=ORIENTED_EDGE('',*,*,#2786,.T.);
#547=ORIENTED_EDGE('',*,*,#2863,.F.);
#548=ORIENTED_EDGE('',*,*,#2706,.F.);
#549=ORIENTED_EDGE('',*,*,#2861,.T.);
#550=ORIENTED_EDGE('',*,*,#2789,.T.);
#551=ORIENTED_EDGE('',*,*,#2864,.F.);
#552=ORIENTED_EDGE('',*,*,#2707,.F.);
#553=ORIENTED_EDGE('',*,*,#2863,.T.);
#554=ORIENTED_EDGE('',*,*,#2788,.T.);
#555=ORIENTED_EDGE('',*,*,#2862,.F.);
#556=ORIENTED_EDGE('',*,*,#2704,.F.);
#557=ORIENTED_EDGE('',*,*,#2864,.T.);
#558=ORIENTED_EDGE('',*,*,#2783,.T.);
#559=ORIENTED_EDGE('',*,*,#2865,.F.);
#560=ORIENTED_EDGE('',*,*,#2701,.F.);
#561=ORIENTED_EDGE('',*,*,#2866,.T.);
#562=ORIENTED_EDGE('',*,*,#2782,.T.);
#563=ORIENTED_EDGE('',*,*,#2867,.F.);
#564=ORIENTED_EDGE('',*,*,#2702,.F.);
#565=ORIENTED_EDGE('',*,*,#2865,.T.);
#566=ORIENTED_EDGE('',*,*,#2785,.T.);
#567=ORIENTED_EDGE('',*,*,#2868,.F.);
#568=ORIENTED_EDGE('',*,*,#2703,.F.);
#569=ORIENTED_EDGE('',*,*,#2867,.T.);
#570=ORIENTED_EDGE('',*,*,#2784,.T.);
#571=ORIENTED_EDGE('',*,*,#2866,.F.);
#572=ORIENTED_EDGE('',*,*,#2700,.F.);
#573=ORIENTED_EDGE('',*,*,#2868,.T.);
#574=ORIENTED_EDGE('',*,*,#2779,.T.);
#575=ORIENTED_EDGE('',*,*,#2869,.F.);
#576=ORIENTED_EDGE('',*,*,#2697,.F.);
#577=ORIENTED_EDGE('',*,*,#2870,.T.);
#578=ORIENTED_EDGE('',*,*,#2778,.T.);
#579=ORIENTED_EDGE('',*,*,#2871,.F.);
#580=ORIENTED_EDGE('',*,*,#2698,.F.);
#581=ORIENTED_EDGE('',*,*,#2869,.T.);
#582=ORIENTED_EDGE('',*,*,#2781,.T.);
#583=ORIENTED_EDGE('',*,*,#2872,.F.);
#584=ORIENTED_EDGE('',*,*,#2699,.F.);
#585=ORIENTED_EDGE('',*,*,#2871,.T.);
#586=ORIENTED_EDGE('',*,*,#2780,.T.);
#587=ORIENTED_EDGE('',*,*,#2870,.F.);
#588=ORIENTED_EDGE('',*,*,#2696,.F.);
#589=ORIENTED_EDGE('',*,*,#2872,.T.);
#590=ORIENTED_EDGE('',*,*,#2775,.T.);
#591=ORIENTED_EDGE('',*,*,#2873,.F.);
#592=ORIENTED_EDGE('',*,*,#2693,.F.);
#593=ORIENTED_EDGE('',*,*,#2874,.T.);
#594=ORIENTED_EDGE('',*,*,#2774,.T.);
#595=ORIENTED_EDGE('',*,*,#2875,.F.);
#596=ORIENTED_EDGE('',*,*,#2694,.F.);
#597=ORIENTED_EDGE('',*,*,#2873,.T.);
#598=ORIENTED_EDGE('',*,*,#2777,.T.);
#599=ORIENTED_EDGE('',*,*,#2876,.F.);
#600=ORIENTED_EDGE('',*,*,#2695,.F.);
#601=ORIENTED_EDGE('',*,*,#2875,.T.);
#602=ORIENTED_EDGE('',*,*,#2776,.T.);
#603=ORIENTED_EDGE('',*,*,#2874,.F.);
#604=ORIENTED_EDGE('',*,*,#2692,.F.);
#605=ORIENTED_EDGE('',*,*,#2876,.T.);
#606=ORIENTED_EDGE('',*,*,#2771,.T.);
#607=ORIENTED_EDGE('',*,*,#2877,.F.);
#608=ORIENTED_EDGE('',*,*,#2689,.F.);
#609=ORIENTED_EDGE('',*,*,#2878,.T.);
#610=ORIENTED_EDGE('',*,*,#2770,.T.);
#611=ORIENTED_EDGE('',*,*,#2879,.F.);
#612=ORIENTED_EDGE('',*,*,#2690,.F.);
#613=ORIENTED_EDGE('',*,*,#2877,.T.);
#614=ORIENTED_EDGE('',*,*,#2773,.T.);
#615=ORIENTED_EDGE('',*,*,#2880,.F.);
#616=ORIENTED_EDGE('',*,*,#2691,.F.);
#617=ORIENTED_EDGE('',*,*,#2879,.T.);
#618=ORIENTED_EDGE('',*,*,#2772,.T.);
#619=ORIENTED_EDGE('',*,*,#2878,.F.);
#620=ORIENTED_EDGE('',*,*,#2688,.F.);
#621=ORIENTED_EDGE('',*,*,#2880,.T.);
#622=ORIENTED_EDGE('',*,*,#2767,.T.);
#623=ORIENTED_EDGE('',*,*,#2881,.F.);
#624=ORIENTED_EDGE('',*,*,#2685,.F.);
#625=ORIENTED_EDGE('',*,*,#2882,.T.);
#626=ORIENTED_EDGE('',*,*,#2766,.T.);
#627=ORIENTED_EDGE('',*,*,#2883,.F.);
#628=ORIENTED_EDGE('',*,*,#2686,.F.);
#629=ORIENTED_EDGE('',*,*,#2881,.T.);
#630=ORIENTED_EDGE('',*,*,#2769,.T.);
#631=ORIENTED_EDGE('',*,*,#2884,.F.);
#632=ORIENTED_EDGE('',*,*,#2687,.F.);
#633=ORIENTED_EDGE('',*,*,#2883,.T.);
#634=ORIENTED_EDGE('',*,*,#2768,.T.);
#635=ORIENTED_EDGE('',*,*,#2882,.F.);
#636=ORIENTED_EDGE('',*,*,#2684,.F.);
#637=ORIENTED_EDGE('',*,*,#2884,.T.);
#638=ORIENTED_EDGE('',*,*,#2763,.T.);
#639=ORIENTED_EDGE('',*,*,#2885,.F.);
#640=ORIENTED_EDGE('',*,*,#2681,.F.);
#641=ORIENTED_EDGE('',*,*,#2886,.T.);
#642=ORIENTED_EDGE('',*,*,#2762,.T.);
#643=ORIENTED_EDGE('',*,*,#2887,.F.);
#644=ORIENTED_EDGE('',*,*,#2682,.F.);
#645=ORIENTED_EDGE('',*,*,#2885,.T.);
#646=ORIENTED_EDGE('',*,*,#2765,.T.);
#647=ORIENTED_EDGE('',*,*,#2888,.F.);
#648=ORIENTED_EDGE('',*,*,#2683,.F.);
#649=ORIENTED_EDGE('',*,*,#2887,.T.);
#650=ORIENTED_EDGE('',*,*,#2764,.T.);
#651=ORIENTED_EDGE('',*,*,#2886,.F.);
#652=ORIENTED_EDGE('',*,*,#2680,.F.);
#653=ORIENTED_EDGE('',*,*,#2888,.T.);
#654=ORIENTED_EDGE('',*,*,#2759,.T.);
#655=ORIENTED_EDGE('',*,*,#2889,.F.);
#656=ORIENTED_EDGE('',*,*,#2677,.F.);
#657=ORIENTED_EDGE('',*,*,#2890,.T.);
#658=ORIENTED_EDGE('',*,*,#2758,.T.);
#659=ORIENTED_EDGE('',*,*,#2891,.F.);
#660=ORIENTED_EDGE('',*,*,#2678,.F.);
#661=ORIENTED_EDGE('',*,*,#2889,.T.);
#662=ORIENTED_EDGE('',*,*,#2761,.T.);
#663=ORIENTED_EDGE('',*,*,#2892,.F.);
#664=ORIENTED_EDGE('',*,*,#2679,.F.);
#665=ORIENTED_EDGE('',*,*,#2891,.T.);
#666=ORIENTED_EDGE('',*,*,#2760,.T.);
#667=ORIENTED_EDGE('',*,*,#2890,.F.);
#668=ORIENTED_EDGE('',*,*,#2676,.F.);
#669=ORIENTED_EDGE('',*,*,#2892,.T.);
#670=ORIENTED_EDGE('',*,*,#2755,.T.);
#671=ORIENTED_EDGE('',*,*,#2893,.F.);
#672=ORIENTED_EDGE('',*,*,#2673,.F.);
#673=ORIENTED_EDGE('',*,*,#2894,.T.);
#674=ORIENTED_EDGE('',*,*,#2754,.T.);
#675=ORIENTED_EDGE('',*,*,#2895,.F.);
#676=ORIENTED_EDGE('',*,*,#2674,.F.);
#677=ORIENTED_EDGE('',*,*,#2893,.T.);
#678=ORIENTED_EDGE('',*,*,#2757,.T.);
#679=ORIENTED_EDGE('',*,*,#2896,.F.);
#680=ORIENTED_EDGE('',*,*,#2675,.F.);
#681=ORIENTED_EDGE('',*,*,#2895,.T.);
#682=ORIENTED_EDGE('',*,*,#2756,.T.);
#683=ORIENTED_EDGE('',*,*,#2894,.F.);
#684=ORIENTED_EDGE('',*,*,#2672,.F.);
#685=ORIENTED_EDGE('',*,*,#2896,.T.);
#686=ORIENTED_EDGE('',*,*,#2751,.T.);
#687=ORIENTED_EDGE('',*,*,#2897,.F.);
#688=ORIENTED_EDGE('',*,*,#2669,.F.);
#689=ORIENTED_EDGE('',*,*,#2898,.T.);
#690=ORIENTED_EDGE('',*,*,#2750,.T.);
#691=ORIENTED_EDGE('',*,*,#2899,.F.);
#692=ORIENTED_EDGE('',*,*,#2670,.F.);
#693=ORIENTED_EDGE('',*,*,#2897,.T.);
#694=ORIENTED_EDGE('',*,*,#2753,.T.);
#695=ORIENTED_EDGE('',*,*,#2900,.F.);
#696=ORIENTED_EDGE('',*,*,#2671,.F.);
#697=ORIENTED_EDGE('',*,*,#2899,.T.);
#698=ORIENTED_EDGE('',*,*,#2752,.T.);
#699=ORIENTED_EDGE('',*,*,#2898,.F.);
#700=ORIENTED_EDGE('',*,*,#2668,.F.);
#701=ORIENTED_EDGE('',*,*,#2900,.T.);
#702=ORIENTED_EDGE('',*,*,#2747,.T.);
#703=ORIENTED_EDGE('',*,*,#2901,.F.);
#704=ORIENTED_EDGE('',*,*,#2665,.F.);
#705=ORIENTED_EDGE('',*,*,#2902,.T.);
#706=ORIENTED_EDGE('',*,*,#2746,.T.);
#707=ORIENTED_EDGE('',*,*,#2903,.F.);
#708=ORIENTED_EDGE('',*,*,#2666,.F.);
#709=ORIENTED_EDGE('',*,*,#2901,.T.);
#710=ORIENTED_EDGE('',*,*,#2749,.T.);
#711=ORIENTED_EDGE('',*,*,#2904,.F.);
#712=ORIENTED_EDGE('',*,*,#2667,.F.);
#713=ORIENTED_EDGE('',*,*,#2903,.T.);
#714=ORIENTED_EDGE('',*,*,#2748,.T.);
#715=ORIENTED_EDGE('',*,*,#2902,.F.);
#716=ORIENTED_EDGE('',*,*,#2664,.F.);
#717=ORIENTED_EDGE('',*,*,#2904,.T.);
#718=ORIENTED_EDGE('',*,*,#2743,.T.);
#719=ORIENTED_EDGE('',*,*,#2905,.F.);
#720=ORIENTED_EDGE('',*,*,#2661,.F.);
#721=ORIENTED_EDGE('',*,*,#2906,.T.);
#722=ORIENTED_EDGE('',*,*,#2742,.T.);
#723=ORIENTED_EDGE('',*,*,#2907,.F.);
#724=ORIENTED_EDGE('',*,*,#2662,.F.);
#725=ORIENTED_EDGE('',*,*,#2905,.T.);
#726=ORIENTED_EDGE('',*,*,#2745,.T.);
#727=ORIENTED_EDGE('',*,*,#2908,.F.);
#728=ORIENTED_EDGE('',*,*,#2663,.F.);
#729=ORIENTED_EDGE('',*,*,#2907,.T.);
#730=ORIENTED_EDGE('',*,*,#2744,.T.);
#731=ORIENTED_EDGE('',*,*,#2906,.F.);
#732=ORIENTED_EDGE('',*,*,#2660,.F.);
#733=ORIENTED_EDGE('',*,*,#2908,.T.);
#734=ORIENTED_EDGE('',*,*,#2909,.T.);
#735=ORIENTED_EDGE('',*,*,#2910,.F.);
#736=ORIENTED_EDGE('',*,*,#2911,.F.);
#737=ORIENTED_EDGE('',*,*,#2912,.T.);
#738=ORIENTED_EDGE('',*,*,#2913,.T.);
#739=ORIENTED_EDGE('',*,*,#2914,.F.);
#740=ORIENTED_EDGE('',*,*,#2915,.F.);
#741=ORIENTED_EDGE('',*,*,#2910,.T.);
#742=ORIENTED_EDGE('',*,*,#2916,.T.);
#743=ORIENTED_EDGE('',*,*,#2917,.F.);
#744=ORIENTED_EDGE('',*,*,#2918,.F.);
#745=ORIENTED_EDGE('',*,*,#2914,.T.);
#746=ORIENTED_EDGE('',*,*,#2919,.T.);
#747=ORIENTED_EDGE('',*,*,#2920,.F.);
#748=ORIENTED_EDGE('',*,*,#2921,.F.);
#749=ORIENTED_EDGE('',*,*,#2917,.T.);
#750=ORIENTED_EDGE('',*,*,#2922,.T.);
#751=ORIENTED_EDGE('',*,*,#2923,.F.);
#752=ORIENTED_EDGE('',*,*,#2924,.F.);
#753=ORIENTED_EDGE('',*,*,#2920,.T.);
#754=ORIENTED_EDGE('',*,*,#2643,.F.);
#755=ORIENTED_EDGE('',*,*,#2925,.T.);
#756=ORIENTED_EDGE('',*,*,#2911,.T.);
#757=ORIENTED_EDGE('',*,*,#2915,.T.);
#758=ORIENTED_EDGE('',*,*,#2918,.T.);
#759=ORIENTED_EDGE('',*,*,#2921,.T.);
#760=ORIENTED_EDGE('',*,*,#2924,.T.);
#761=ORIENTED_EDGE('',*,*,#2926,.T.);
#762=ORIENTED_EDGE('',*,*,#2927,.F.);
#763=ORIENTED_EDGE('',*,*,#2645,.T.);
#764=ORIENTED_EDGE('',*,*,#2928,.F.);
#765=ORIENTED_EDGE('',*,*,#2922,.F.);
#766=ORIENTED_EDGE('',*,*,#2919,.F.);
#767=ORIENTED_EDGE('',*,*,#2916,.F.);
#768=ORIENTED_EDGE('',*,*,#2913,.F.);
#769=ORIENTED_EDGE('',*,*,#2909,.F.);
#770=ORIENTED_EDGE('',*,*,#2928,.T.);
#771=ORIENTED_EDGE('',*,*,#2644,.T.);
#772=ORIENTED_EDGE('',*,*,#2926,.F.);
#773=ORIENTED_EDGE('',*,*,#2923,.T.);
#774=ORIENTED_EDGE('',*,*,#2925,.F.);
#775=ORIENTED_EDGE('',*,*,#2642,.T.);
#776=ORIENTED_EDGE('',*,*,#2927,.T.);
#777=ORIENTED_EDGE('',*,*,#2912,.F.);
#778=ORIENTED_EDGE('',*,*,#2929,.T.);
#779=ORIENTED_EDGE('',*,*,#2640,.T.);
#780=ORIENTED_EDGE('',*,*,#2930,.F.);
#781=ORIENTED_EDGE('',*,*,#2931,.T.);
#782=ORIENTED_EDGE('',*,*,#2932,.F.);
#783=ORIENTED_EDGE('',*,*,#2638,.T.);
#784=ORIENTED_EDGE('',*,*,#2933,.T.);
#785=ORIENTED_EDGE('',*,*,#2934,.F.);
#786=ORIENTED_EDGE('',*,*,#2639,.F.);
#787=ORIENTED_EDGE('',*,*,#2932,.T.);
#788=ORIENTED_EDGE('',*,*,#2935,.T.);
#789=ORIENTED_EDGE('',*,*,#2936,.T.);
#790=ORIENTED_EDGE('',*,*,#2937,.T.);
#791=ORIENTED_EDGE('',*,*,#2938,.T.);
#792=ORIENTED_EDGE('',*,*,#2939,.T.);
#793=ORIENTED_EDGE('',*,*,#2930,.T.);
#794=ORIENTED_EDGE('',*,*,#2933,.F.);
#795=ORIENTED_EDGE('',*,*,#2641,.T.);
#796=ORIENTED_EDGE('',*,*,#2929,.F.);
#797=ORIENTED_EDGE('',*,*,#2940,.F.);
#798=ORIENTED_EDGE('',*,*,#2941,.F.);
#799=ORIENTED_EDGE('',*,*,#2942,.F.);
#800=ORIENTED_EDGE('',*,*,#2943,.F.);
#801=ORIENTED_EDGE('',*,*,#2944,.F.);
#802=ORIENTED_EDGE('',*,*,#2944,.T.);
#803=ORIENTED_EDGE('',*,*,#2945,.F.);
#804=ORIENTED_EDGE('',*,*,#2935,.F.);
#805=ORIENTED_EDGE('',*,*,#2934,.T.);
#806=ORIENTED_EDGE('',*,*,#2943,.T.);
#807=ORIENTED_EDGE('',*,*,#2946,.F.);
#808=ORIENTED_EDGE('',*,*,#2936,.F.);
#809=ORIENTED_EDGE('',*,*,#2945,.T.);
#810=ORIENTED_EDGE('',*,*,#2942,.T.);
#811=ORIENTED_EDGE('',*,*,#2947,.F.);
#812=ORIENTED_EDGE('',*,*,#2937,.F.);
#813=ORIENTED_EDGE('',*,*,#2946,.T.);
#814=ORIENTED_EDGE('',*,*,#2941,.T.);
#815=ORIENTED_EDGE('',*,*,#2948,.F.);
#816=ORIENTED_EDGE('',*,*,#2938,.F.);
#817=ORIENTED_EDGE('',*,*,#2947,.T.);
#818=ORIENTED_EDGE('',*,*,#2940,.T.);
#819=ORIENTED_EDGE('',*,*,#2931,.F.);
#820=ORIENTED_EDGE('',*,*,#2939,.F.);
#821=ORIENTED_EDGE('',*,*,#2948,.T.);
#822=ORIENTED_EDGE('',*,*,#2949,.T.);
#823=ORIENTED_EDGE('',*,*,#2950,.F.);
#824=ORIENTED_EDGE('',*,*,#2951,.F.);
#825=ORIENTED_EDGE('',*,*,#2952,.T.);
#826=ORIENTED_EDGE('',*,*,#2953,.T.);
#827=ORIENTED_EDGE('',*,*,#2954,.F.);
#828=ORIENTED_EDGE('',*,*,#2955,.F.);
#829=ORIENTED_EDGE('',*,*,#2950,.T.);
#830=ORIENTED_EDGE('',*,*,#2956,.T.);
#831=ORIENTED_EDGE('',*,*,#2957,.F.);
#832=ORIENTED_EDGE('',*,*,#2958,.F.);
#833=ORIENTED_EDGE('',*,*,#2954,.T.);
#834=ORIENTED_EDGE('',*,*,#2959,.T.);
#835=ORIENTED_EDGE('',*,*,#2960,.F.);
#836=ORIENTED_EDGE('',*,*,#2961,.F.);
#837=ORIENTED_EDGE('',*,*,#2957,.T.);
#838=ORIENTED_EDGE('',*,*,#2962,.T.);
#839=ORIENTED_EDGE('',*,*,#2963,.F.);
#840=ORIENTED_EDGE('',*,*,#2964,.F.);
#841=ORIENTED_EDGE('',*,*,#2960,.T.);
#842=ORIENTED_EDGE('',*,*,#2635,.F.);
#843=ORIENTED_EDGE('',*,*,#2965,.T.);
#844=ORIENTED_EDGE('',*,*,#2951,.T.);
#845=ORIENTED_EDGE('',*,*,#2955,.T.);
#846=ORIENTED_EDGE('',*,*,#2958,.T.);
#847=ORIENTED_EDGE('',*,*,#2961,.T.);
#848=ORIENTED_EDGE('',*,*,#2964,.T.);
#849=ORIENTED_EDGE('',*,*,#2966,.T.);
#850=ORIENTED_EDGE('',*,*,#2967,.F.);
#851=ORIENTED_EDGE('',*,*,#2637,.T.);
#852=ORIENTED_EDGE('',*,*,#2968,.F.);
#853=ORIENTED_EDGE('',*,*,#2962,.F.);
#854=ORIENTED_EDGE('',*,*,#2959,.F.);
#855=ORIENTED_EDGE('',*,*,#2956,.F.);
#856=ORIENTED_EDGE('',*,*,#2953,.F.);
#857=ORIENTED_EDGE('',*,*,#2949,.F.);
#858=ORIENTED_EDGE('',*,*,#2968,.T.);
#859=ORIENTED_EDGE('',*,*,#2636,.T.);
#860=ORIENTED_EDGE('',*,*,#2966,.F.);
#861=ORIENTED_EDGE('',*,*,#2963,.T.);
#862=ORIENTED_EDGE('',*,*,#2965,.F.);
#863=ORIENTED_EDGE('',*,*,#2634,.T.);
#864=ORIENTED_EDGE('',*,*,#2967,.T.);
#865=ORIENTED_EDGE('',*,*,#2952,.F.);
#866=ORIENTED_EDGE('',*,*,#2969,.T.);
#867=ORIENTED_EDGE('',*,*,#2632,.T.);
#868=ORIENTED_EDGE('',*,*,#2970,.F.);
#869=ORIENTED_EDGE('',*,*,#2971,.T.);
#870=ORIENTED_EDGE('',*,*,#2972,.F.);
#871=ORIENTED_EDGE('',*,*,#2630,.T.);
#872=ORIENTED_EDGE('',*,*,#2973,.T.);
#873=ORIENTED_EDGE('',*,*,#2974,.F.);
#874=ORIENTED_EDGE('',*,*,#2631,.F.);
#875=ORIENTED_EDGE('',*,*,#2972,.T.);
#876=ORIENTED_EDGE('',*,*,#2975,.T.);
#877=ORIENTED_EDGE('',*,*,#2976,.T.);
#878=ORIENTED_EDGE('',*,*,#2977,.T.);
#879=ORIENTED_EDGE('',*,*,#2978,.T.);
#880=ORIENTED_EDGE('',*,*,#2979,.T.);
#881=ORIENTED_EDGE('',*,*,#2970,.T.);
#882=ORIENTED_EDGE('',*,*,#2973,.F.);
#883=ORIENTED_EDGE('',*,*,#2633,.T.);
#884=ORIENTED_EDGE('',*,*,#2969,.F.);
#885=ORIENTED_EDGE('',*,*,#2980,.F.);
#886=ORIENTED_EDGE('',*,*,#2981,.F.);
#887=ORIENTED_EDGE('',*,*,#2982,.F.);
#888=ORIENTED_EDGE('',*,*,#2983,.F.);
#889=ORIENTED_EDGE('',*,*,#2984,.F.);
#890=ORIENTED_EDGE('',*,*,#2984,.T.);
#891=ORIENTED_EDGE('',*,*,#2985,.F.);
#892=ORIENTED_EDGE('',*,*,#2975,.F.);
#893=ORIENTED_EDGE('',*,*,#2974,.T.);
#894=ORIENTED_EDGE('',*,*,#2983,.T.);
#895=ORIENTED_EDGE('',*,*,#2986,.F.);
#896=ORIENTED_EDGE('',*,*,#2976,.F.);
#897=ORIENTED_EDGE('',*,*,#2985,.T.);
#898=ORIENTED_EDGE('',*,*,#2982,.T.);
#899=ORIENTED_EDGE('',*,*,#2987,.F.);
#900=ORIENTED_EDGE('',*,*,#2977,.F.);
#901=ORIENTED_EDGE('',*,*,#2986,.T.);
#902=ORIENTED_EDGE('',*,*,#2981,.T.);
#903=ORIENTED_EDGE('',*,*,#2988,.F.);
#904=ORIENTED_EDGE('',*,*,#2978,.F.);
#905=ORIENTED_EDGE('',*,*,#2987,.T.);
#906=ORIENTED_EDGE('',*,*,#2980,.T.);
#907=ORIENTED_EDGE('',*,*,#2971,.F.);
#908=ORIENTED_EDGE('',*,*,#2979,.F.);
#909=ORIENTED_EDGE('',*,*,#2988,.T.);
#910=ORIENTED_EDGE('',*,*,#2989,.T.);
#911=ORIENTED_EDGE('',*,*,#2990,.T.);
#912=ORIENTED_EDGE('',*,*,#2991,.F.);
#913=ORIENTED_EDGE('',*,*,#2992,.T.);
#914=ORIENTED_EDGE('',*,*,#2993,.T.);
#915=ORIENTED_EDGE('',*,*,#2994,.T.);
#916=ORIENTED_EDGE('',*,*,#2995,.T.);
#917=ORIENTED_EDGE('',*,*,#2996,.T.);
#918=ORIENTED_EDGE('',*,*,#2991,.T.);
#919=ORIENTED_EDGE('',*,*,#2997,.T.);
#920=ORIENTED_EDGE('',*,*,#2993,.F.);
#921=ORIENTED_EDGE('',*,*,#2998,.T.);
#922=ORIENTED_EDGE('',*,*,#2999,.T.);
#923=ORIENTED_EDGE('',*,*,#3000,.T.);
#924=ORIENTED_EDGE('',*,*,#3001,.T.);
#925=ORIENTED_EDGE('',*,*,#3002,.T.);
#926=ORIENTED_EDGE('',*,*,#3003,.T.);
#927=ORIENTED_EDGE('',*,*,#3004,.T.);
#928=ORIENTED_EDGE('',*,*,#3005,.T.);
#929=ORIENTED_EDGE('',*,*,#3006,.T.);
#930=ORIENTED_EDGE('',*,*,#3007,.T.);
#931=ORIENTED_EDGE('',*,*,#3008,.T.);
#932=ORIENTED_EDGE('',*,*,#3009,.T.);
#933=ORIENTED_EDGE('',*,*,#3010,.T.);
#934=ORIENTED_EDGE('',*,*,#3011,.T.);
#935=ORIENTED_EDGE('',*,*,#3012,.T.);
#936=ORIENTED_EDGE('',*,*,#3013,.T.);
#937=ORIENTED_EDGE('',*,*,#3014,.T.);
#938=ORIENTED_EDGE('',*,*,#3015,.T.);
#939=ORIENTED_EDGE('',*,*,#3016,.T.);
#940=ORIENTED_EDGE('',*,*,#3017,.T.);
#941=ORIENTED_EDGE('',*,*,#3018,.T.);
#942=ORIENTED_EDGE('',*,*,#3019,.T.);
#943=ORIENTED_EDGE('',*,*,#3020,.T.);
#944=ORIENTED_EDGE('',*,*,#3021,.T.);
#945=ORIENTED_EDGE('',*,*,#3022,.T.);
#946=ORIENTED_EDGE('',*,*,#3023,.T.);
#947=ORIENTED_EDGE('',*,*,#3024,.T.);
#948=ORIENTED_EDGE('',*,*,#3025,.T.);
#949=ORIENTED_EDGE('',*,*,#3026,.T.);
#950=ORIENTED_EDGE('',*,*,#3027,.T.);
#951=ORIENTED_EDGE('',*,*,#3028,.T.);
#952=ORIENTED_EDGE('',*,*,#3029,.T.);
#953=ORIENTED_EDGE('',*,*,#3030,.T.);
#954=ORIENTED_EDGE('',*,*,#3031,.T.);
#955=ORIENTED_EDGE('',*,*,#3032,.T.);
#956=ORIENTED_EDGE('',*,*,#3033,.T.);
#957=ORIENTED_EDGE('',*,*,#3034,.T.);
#958=ORIENTED_EDGE('',*,*,#3035,.T.);
#959=ORIENTED_EDGE('',*,*,#3036,.T.);
#960=ORIENTED_EDGE('',*,*,#3037,.T.);
#961=ORIENTED_EDGE('',*,*,#3038,.T.);
#962=ORIENTED_EDGE('',*,*,#2995,.F.);
#963=ORIENTED_EDGE('',*,*,#3039,.T.);
#964=ORIENTED_EDGE('',*,*,#2989,.F.);
#965=ORIENTED_EDGE('',*,*,#3040,.T.);
#966=ORIENTED_EDGE('',*,*,#3041,.T.);
#967=ORIENTED_EDGE('',*,*,#3042,.F.);
#968=ORIENTED_EDGE('',*,*,#3043,.T.);
#969=ORIENTED_EDGE('',*,*,#3044,.T.);
#970=ORIENTED_EDGE('',*,*,#3045,.T.);
#971=ORIENTED_EDGE('',*,*,#3046,.F.);
#972=ORIENTED_EDGE('',*,*,#3047,.T.);
#973=ORIENTED_EDGE('',*,*,#3048,.T.);
#974=ORIENTED_EDGE('',*,*,#3049,.T.);
#975=ORIENTED_EDGE('',*,*,#3050,.F.);
#976=ORIENTED_EDGE('',*,*,#3051,.T.);
#977=ORIENTED_EDGE('',*,*,#3052,.T.);
#978=ORIENTED_EDGE('',*,*,#3053,.T.);
#979=ORIENTED_EDGE('',*,*,#3054,.F.);
#980=ORIENTED_EDGE('',*,*,#3055,.T.);
#981=ORIENTED_EDGE('',*,*,#3056,.T.);
#982=ORIENTED_EDGE('',*,*,#3057,.T.);
#983=ORIENTED_EDGE('',*,*,#3058,.F.);
#984=ORIENTED_EDGE('',*,*,#3059,.T.);
#985=ORIENTED_EDGE('',*,*,#3060,.T.);
#986=ORIENTED_EDGE('',*,*,#3061,.T.);
#987=ORIENTED_EDGE('',*,*,#3062,.F.);
#988=ORIENTED_EDGE('',*,*,#3063,.T.);
#989=ORIENTED_EDGE('',*,*,#3064,.T.);
#990=ORIENTED_EDGE('',*,*,#3065,.T.);
#991=ORIENTED_EDGE('',*,*,#3066,.F.);
#992=ORIENTED_EDGE('',*,*,#3067,.T.);
#993=ORIENTED_EDGE('',*,*,#3068,.T.);
#994=ORIENTED_EDGE('',*,*,#3069,.T.);
#995=ORIENTED_EDGE('',*,*,#3070,.F.);
#996=ORIENTED_EDGE('',*,*,#3071,.T.);
#997=ORIENTED_EDGE('',*,*,#3072,.T.);
#998=ORIENTED_EDGE('',*,*,#3073,.T.);
#999=ORIENTED_EDGE('',*,*,#3074,.F.);
#1000=ORIENTED_EDGE('',*,*,#3075,.T.);
#1001=ORIENTED_EDGE('',*,*,#3076,.T.);
#1002=ORIENTED_EDGE('',*,*,#3077,.T.);
#1003=ORIENTED_EDGE('',*,*,#3078,.F.);
#1004=ORIENTED_EDGE('',*,*,#3079,.T.);
#1005=ORIENTED_EDGE('',*,*,#3080,.T.);
#1006=ORIENTED_EDGE('',*,*,#3081,.T.);
#1007=ORIENTED_EDGE('',*,*,#3082,.F.);
#1008=ORIENTED_EDGE('',*,*,#3083,.T.);
#1009=ORIENTED_EDGE('',*,*,#3084,.T.);
#1010=ORIENTED_EDGE('',*,*,#3085,.T.);
#1011=ORIENTED_EDGE('',*,*,#3086,.F.);
#1012=ORIENTED_EDGE('',*,*,#3087,.T.);
#1013=ORIENTED_EDGE('',*,*,#3088,.T.);
#1014=ORIENTED_EDGE('',*,*,#3089,.T.);
#1015=ORIENTED_EDGE('',*,*,#3090,.F.);
#1016=ORIENTED_EDGE('',*,*,#3091,.T.);
#1017=ORIENTED_EDGE('',*,*,#3092,.T.);
#1018=ORIENTED_EDGE('',*,*,#3093,.T.);
#1019=ORIENTED_EDGE('',*,*,#3094,.F.);
#1020=ORIENTED_EDGE('',*,*,#3095,.T.);
#1021=ORIENTED_EDGE('',*,*,#3096,.T.);
#1022=ORIENTED_EDGE('',*,*,#3097,.T.);
#1023=ORIENTED_EDGE('',*,*,#3098,.F.);
#1024=ORIENTED_EDGE('',*,*,#3099,.T.);
#1025=ORIENTED_EDGE('',*,*,#3100,.T.);
#1026=ORIENTED_EDGE('',*,*,#3101,.T.);
#1027=ORIENTED_EDGE('',*,*,#3102,.F.);
#1028=ORIENTED_EDGE('',*,*,#3103,.T.);
#1029=ORIENTED_EDGE('',*,*,#3104,.T.);
#1030=ORIENTED_EDGE('',*,*,#3105,.T.);
#1031=ORIENTED_EDGE('',*,*,#3106,.F.);
#1032=ORIENTED_EDGE('',*,*,#3107,.T.);
#1033=ORIENTED_EDGE('',*,*,#3108,.T.);
#1034=ORIENTED_EDGE('',*,*,#3109,.T.);
#1035=ORIENTED_EDGE('',*,*,#3110,.F.);
#1036=ORIENTED_EDGE('',*,*,#3111,.T.);
#1037=ORIENTED_EDGE('',*,*,#3112,.T.);
#1038=ORIENTED_EDGE('',*,*,#3113,.T.);
#1039=ORIENTED_EDGE('',*,*,#3114,.F.);
#1040=ORIENTED_EDGE('',*,*,#3115,.T.);
#1041=ORIENTED_EDGE('',*,*,#3116,.T.);
#1042=ORIENTED_EDGE('',*,*,#3117,.T.);
#1043=ORIENTED_EDGE('',*,*,#3118,.F.);
#1044=ORIENTED_EDGE('',*,*,#3119,.T.);
#1045=ORIENTED_EDGE('',*,*,#3120,.T.);
#1046=ORIENTED_EDGE('',*,*,#3121,.T.);
#1047=ORIENTED_EDGE('',*,*,#3122,.T.);
#1048=ORIENTED_EDGE('',*,*,#3123,.T.);
#1049=ORIENTED_EDGE('',*,*,#3124,.T.);
#1050=ORIENTED_EDGE('',*,*,#3125,.T.);
#1051=ORIENTED_EDGE('',*,*,#3126,.T.);
#1052=ORIENTED_EDGE('',*,*,#3127,.F.);
#1053=ORIENTED_EDGE('',*,*,#3128,.F.);
#1054=ORIENTED_EDGE('',*,*,#3129,.T.);
#1055=ORIENTED_EDGE('',*,*,#3048,.F.);
#1056=ORIENTED_EDGE('',*,*,#3130,.F.);
#1057=ORIENTED_EDGE('',*,*,#3131,.T.);
#1058=ORIENTED_EDGE('',*,*,#3132,.T.);
#1059=ORIENTED_EDGE('',*,*,#3133,.T.);
#1060=ORIENTED_EDGE('',*,*,#3134,.F.);
#1061=ORIENTED_EDGE('',*,*,#3034,.F.);
#1062=ORIENTED_EDGE('',*,*,#3135,.T.);
#1063=ORIENTED_EDGE('',*,*,#3136,.T.);
#1064=ORIENTED_EDGE('',*,*,#3137,.T.);
#1065=ORIENTED_EDGE('',*,*,#3138,.T.);
#1066=ORIENTED_EDGE('',*,*,#3139,.T.);
#1067=ORIENTED_EDGE('',*,*,#3140,.T.);
#1068=ORIENTED_EDGE('',*,*,#3141,.F.);
#1069=ORIENTED_EDGE('',*,*,#3142,.F.);
#1070=ORIENTED_EDGE('',*,*,#3143,.T.);
#1071=ORIENTED_EDGE('',*,*,#3112,.F.);
#1072=ORIENTED_EDGE('',*,*,#3144,.F.);
#1073=ORIENTED_EDGE('',*,*,#3145,.T.);
#1074=ORIENTED_EDGE('',*,*,#3146,.T.);
#1075=ORIENTED_EDGE('',*,*,#3147,.T.);
#1076=ORIENTED_EDGE('',*,*,#3148,.F.);
#1077=ORIENTED_EDGE('',*,*,#3002,.F.);
#1078=ORIENTED_EDGE('',*,*,#3149,.T.);
#1079=ORIENTED_EDGE('',*,*,#3150,.T.);
#1080=ORIENTED_EDGE('',*,*,#3151,.T.);
#1081=ORIENTED_EDGE('',*,*,#3152,.T.);
#1082=ORIENTED_EDGE('',*,*,#3153,.T.);
#1083=ORIENTED_EDGE('',*,*,#3154,.T.);
#1084=ORIENTED_EDGE('',*,*,#3155,.F.);
#1085=ORIENTED_EDGE('',*,*,#3156,.F.);
#1086=ORIENTED_EDGE('',*,*,#3157,.T.);
#1087=ORIENTED_EDGE('',*,*,#3104,.F.);
#1088=ORIENTED_EDGE('',*,*,#3158,.F.);
#1089=ORIENTED_EDGE('',*,*,#3159,.T.);
#1090=ORIENTED_EDGE('',*,*,#3160,.T.);
#1091=ORIENTED_EDGE('',*,*,#3161,.T.);
#1092=ORIENTED_EDGE('',*,*,#3162,.F.);
#1093=ORIENTED_EDGE('',*,*,#3006,.F.);
#1094=ORIENTED_EDGE('',*,*,#3163,.T.);
#1095=ORIENTED_EDGE('',*,*,#3164,.T.);
#1096=ORIENTED_EDGE('',*,*,#3165,.T.);
#1097=ORIENTED_EDGE('',*,*,#3166,.T.);
#1098=ORIENTED_EDGE('',*,*,#3167,.T.);
#1099=ORIENTED_EDGE('',*,*,#3168,.T.);
#1100=ORIENTED_EDGE('',*,*,#3169,.F.);
#1101=ORIENTED_EDGE('',*,*,#3170,.F.);
#1102=ORIENTED_EDGE('',*,*,#3171,.T.);
#1103=ORIENTED_EDGE('',*,*,#3096,.F.);
#1104=ORIENTED_EDGE('',*,*,#3172,.F.);
#1105=ORIENTED_EDGE('',*,*,#3173,.T.);
#1106=ORIENTED_EDGE('',*,*,#3174,.T.);
#1107=ORIENTED_EDGE('',*,*,#3175,.T.);
#1108=ORIENTED_EDGE('',*,*,#3176,.F.);
#1109=ORIENTED_EDGE('',*,*,#3010,.F.);
#1110=ORIENTED_EDGE('',*,*,#3177,.T.);
#1111=ORIENTED_EDGE('',*,*,#3178,.T.);
#1112=ORIENTED_EDGE('',*,*,#3179,.T.);
#1113=ORIENTED_EDGE('',*,*,#3180,.T.);
#1114=ORIENTED_EDGE('',*,*,#3181,.T.);
#1115=ORIENTED_EDGE('',*,*,#3182,.T.);
#1116=ORIENTED_EDGE('',*,*,#3183,.F.);
#1117=ORIENTED_EDGE('',*,*,#3184,.F.);
#1118=ORIENTED_EDGE('',*,*,#3185,.T.);
#1119=ORIENTED_EDGE('',*,*,#3088,.F.);
#1120=ORIENTED_EDGE('',*,*,#3186,.F.);
#1121=ORIENTED_EDGE('',*,*,#3187,.T.);
#1122=ORIENTED_EDGE('',*,*,#3188,.T.);
#1123=ORIENTED_EDGE('',*,*,#3189,.T.);
#1124=ORIENTED_EDGE('',*,*,#3190,.F.);
#1125=ORIENTED_EDGE('',*,*,#3014,.F.);
#1126=ORIENTED_EDGE('',*,*,#3191,.T.);
#1127=ORIENTED_EDGE('',*,*,#3192,.T.);
#1128=ORIENTED_EDGE('',*,*,#3193,.T.);
#1129=ORIENTED_EDGE('',*,*,#3194,.T.);
#1130=ORIENTED_EDGE('',*,*,#3195,.T.);
#1131=ORIENTED_EDGE('',*,*,#3196,.T.);
#1132=ORIENTED_EDGE('',*,*,#3197,.F.);
#1133=ORIENTED_EDGE('',*,*,#3198,.F.);
#1134=ORIENTED_EDGE('',*,*,#3199,.T.);
#1135=ORIENTED_EDGE('',*,*,#3080,.F.);
#1136=ORIENTED_EDGE('',*,*,#3200,.F.);
#1137=ORIENTED_EDGE('',*,*,#3201,.T.);
#1138=ORIENTED_EDGE('',*,*,#3202,.T.);
#1139=ORIENTED_EDGE('',*,*,#3203,.T.);
#1140=ORIENTED_EDGE('',*,*,#3204,.F.);
#1141=ORIENTED_EDGE('',*,*,#3018,.F.);
#1142=ORIENTED_EDGE('',*,*,#3205,.T.);
#1143=ORIENTED_EDGE('',*,*,#3206,.T.);
#1144=ORIENTED_EDGE('',*,*,#3207,.T.);
#1145=ORIENTED_EDGE('',*,*,#3208,.T.);
#1146=ORIENTED_EDGE('',*,*,#3209,.T.);
#1147=ORIENTED_EDGE('',*,*,#3210,.T.);
#1148=ORIENTED_EDGE('',*,*,#3211,.F.);
#1149=ORIENTED_EDGE('',*,*,#3212,.F.);
#1150=ORIENTED_EDGE('',*,*,#3213,.T.);
#1151=ORIENTED_EDGE('',*,*,#3072,.F.);
#1152=ORIENTED_EDGE('',*,*,#3214,.F.);
#1153=ORIENTED_EDGE('',*,*,#3215,.T.);
#1154=ORIENTED_EDGE('',*,*,#3216,.T.);
#1155=ORIENTED_EDGE('',*,*,#3217,.T.);
#1156=ORIENTED_EDGE('',*,*,#3218,.F.);
#1157=ORIENTED_EDGE('',*,*,#3022,.F.);
#1158=ORIENTED_EDGE('',*,*,#3219,.T.);
#1159=ORIENTED_EDGE('',*,*,#3220,.T.);
#1160=ORIENTED_EDGE('',*,*,#3221,.T.);
#1161=ORIENTED_EDGE('',*,*,#3222,.T.);
#1162=ORIENTED_EDGE('',*,*,#3223,.T.);
#1163=ORIENTED_EDGE('',*,*,#3224,.T.);
#1164=ORIENTED_EDGE('',*,*,#3225,.F.);
#1165=ORIENTED_EDGE('',*,*,#3226,.F.);
#1166=ORIENTED_EDGE('',*,*,#3227,.T.);
#1167=ORIENTED_EDGE('',*,*,#3064,.F.);
#1168=ORIENTED_EDGE('',*,*,#3228,.F.);
#1169=ORIENTED_EDGE('',*,*,#3229,.T.);
#1170=ORIENTED_EDGE('',*,*,#3230,.T.);
#1171=ORIENTED_EDGE('',*,*,#3231,.T.);
#1172=ORIENTED_EDGE('',*,*,#3232,.F.);
#1173=ORIENTED_EDGE('',*,*,#3026,.F.);
#1174=ORIENTED_EDGE('',*,*,#3233,.T.);
#1175=ORIENTED_EDGE('',*,*,#3234,.T.);
#1176=ORIENTED_EDGE('',*,*,#3235,.T.);
#1177=ORIENTED_EDGE('',*,*,#3236,.T.);
#1178=ORIENTED_EDGE('',*,*,#3237,.T.);
#1179=ORIENTED_EDGE('',*,*,#3238,.T.);
#1180=ORIENTED_EDGE('',*,*,#3239,.F.);
#1181=ORIENTED_EDGE('',*,*,#3240,.F.);
#1182=ORIENTED_EDGE('',*,*,#3241,.T.);
#1183=ORIENTED_EDGE('',*,*,#3056,.F.);
#1184=ORIENTED_EDGE('',*,*,#3242,.F.);
#1185=ORIENTED_EDGE('',*,*,#3243,.T.);
#1186=ORIENTED_EDGE('',*,*,#3244,.T.);
#1187=ORIENTED_EDGE('',*,*,#3245,.T.);
#1188=ORIENTED_EDGE('',*,*,#3246,.F.);
#1189=ORIENTED_EDGE('',*,*,#3030,.F.);
#1190=ORIENTED_EDGE('',*,*,#3247,.T.);
#1191=ORIENTED_EDGE('',*,*,#3248,.T.);
#1192=ORIENTED_EDGE('',*,*,#3249,.T.);
#1193=ORIENTED_EDGE('',*,*,#3250,.T.);
#1194=ORIENTED_EDGE('',*,*,#3251,.T.);
#1195=ORIENTED_EDGE('',*,*,#3252,.T.);
#1196=ORIENTED_EDGE('',*,*,#3253,.F.);
#1197=ORIENTED_EDGE('',*,*,#3254,.F.);
#1198=ORIENTED_EDGE('',*,*,#3255,.T.);
#1199=ORIENTED_EDGE('',*,*,#3040,.F.);
#1200=ORIENTED_EDGE('',*,*,#2992,.F.);
#1201=ORIENTED_EDGE('',*,*,#3038,.F.);
#1202=ORIENTED_EDGE('',*,*,#3256,.F.);
#1203=ORIENTED_EDGE('',*,*,#3257,.T.);
#1204=ORIENTED_EDGE('',*,*,#3258,.T.);
#1205=ORIENTED_EDGE('',*,*,#3052,.F.);
#1206=ORIENTED_EDGE('',*,*,#3259,.T.);
#1207=ORIENTED_EDGE('',*,*,#3260,.T.);
#1208=ORIENTED_EDGE('',*,*,#3261,.F.);
#1209=ORIENTED_EDGE('',*,*,#2998,.F.);
#1210=ORIENTED_EDGE('',*,*,#2996,.F.);
#1211=ORIENTED_EDGE('',*,*,#3120,.F.);
#1212=ORIENTED_EDGE('',*,*,#3262,.F.);
#1213=ORIENTED_EDGE('',*,*,#3263,.T.);
#1214=ORIENTED_EDGE('',*,*,#3264,.F.);
#1215=ORIENTED_EDGE('',*,*,#3265,.T.);
#1216=ORIENTED_EDGE('',*,*,#3266,.T.);
#1217=ORIENTED_EDGE('',*,*,#3116,.F.);
#1218=ORIENTED_EDGE('',*,*,#3267,.F.);
#1219=ORIENTED_EDGE('',*,*,#3268,.T.);
#1220=ORIENTED_EDGE('',*,*,#3269,.T.);
#1221=ORIENTED_EDGE('',*,*,#3108,.F.);
#1222=ORIENTED_EDGE('',*,*,#3270,.F.);
#1223=ORIENTED_EDGE('',*,*,#3271,.T.);
#1224=ORIENTED_EDGE('',*,*,#3272,.T.);
#1225=ORIENTED_EDGE('',*,*,#3100,.F.);
#1226=ORIENTED_EDGE('',*,*,#3273,.F.);
#1227=ORIENTED_EDGE('',*,*,#3274,.T.);
#1228=ORIENTED_EDGE('',*,*,#3275,.T.);
#1229=ORIENTED_EDGE('',*,*,#3092,.F.);
#1230=ORIENTED_EDGE('',*,*,#3276,.F.);
#1231=ORIENTED_EDGE('',*,*,#3277,.T.);
#1232=ORIENTED_EDGE('',*,*,#3278,.T.);
#1233=ORIENTED_EDGE('',*,*,#3084,.F.);
#1234=ORIENTED_EDGE('',*,*,#3279,.F.);
#1235=ORIENTED_EDGE('',*,*,#3280,.T.);
#1236=ORIENTED_EDGE('',*,*,#3281,.T.);
#1237=ORIENTED_EDGE('',*,*,#3076,.F.);
#1238=ORIENTED_EDGE('',*,*,#3282,.F.);
#1239=ORIENTED_EDGE('',*,*,#3283,.T.);
#1240=ORIENTED_EDGE('',*,*,#3284,.T.);
#1241=ORIENTED_EDGE('',*,*,#3068,.F.);
#1242=ORIENTED_EDGE('',*,*,#3285,.F.);
#1243=ORIENTED_EDGE('',*,*,#3286,.T.);
#1244=ORIENTED_EDGE('',*,*,#3287,.T.);
#1245=ORIENTED_EDGE('',*,*,#3060,.F.);
#1246=ORIENTED_EDGE('',*,*,#3288,.F.);
#1247=ORIENTED_EDGE('',*,*,#3289,.T.);
#1248=ORIENTED_EDGE('',*,*,#3290,.T.);
#1249=ORIENTED_EDGE('',*,*,#3044,.F.);
#1250=ORIENTED_EDGE('',*,*,#3291,.F.);
#1251=ORIENTED_EDGE('',*,*,#3292,.F.);
#1252=ORIENTED_EDGE('',*,*,#3293,.F.);
#1253=ORIENTED_EDGE('',*,*,#3294,.F.);
#1254=ORIENTED_EDGE('',*,*,#3295,.F.);
#1255=ORIENTED_EDGE('',*,*,#3296,.F.);
#1256=ORIENTED_EDGE('',*,*,#3297,.F.);
#1257=ORIENTED_EDGE('',*,*,#3298,.F.);
#1258=ORIENTED_EDGE('',*,*,#3299,.F.);
#1259=ORIENTED_EDGE('',*,*,#3300,.F.);
#1260=ORIENTED_EDGE('',*,*,#3301,.F.);
#1261=ORIENTED_EDGE('',*,*,#3302,.F.);
#1262=ORIENTED_EDGE('',*,*,#3303,.F.);
#1263=ORIENTED_EDGE('',*,*,#3304,.F.);
#1264=ORIENTED_EDGE('',*,*,#3305,.F.);
#1265=ORIENTED_EDGE('',*,*,#3306,.F.);
#1266=ORIENTED_EDGE('',*,*,#3307,.F.);
#1267=ORIENTED_EDGE('',*,*,#3308,.F.);
#1268=ORIENTED_EDGE('',*,*,#3309,.F.);
#1269=ORIENTED_EDGE('',*,*,#3310,.F.);
#1270=ORIENTED_EDGE('',*,*,#3311,.F.);
#1271=ORIENTED_EDGE('',*,*,#3312,.F.);
#1272=ORIENTED_EDGE('',*,*,#3313,.F.);
#1273=ORIENTED_EDGE('',*,*,#3314,.F.);
#1274=ORIENTED_EDGE('',*,*,#3315,.F.);
#1275=ORIENTED_EDGE('',*,*,#3316,.F.);
#1276=ORIENTED_EDGE('',*,*,#3317,.F.);
#1277=ORIENTED_EDGE('',*,*,#3318,.F.);
#1278=ORIENTED_EDGE('',*,*,#3319,.F.);
#1279=ORIENTED_EDGE('',*,*,#3320,.F.);
#1280=ORIENTED_EDGE('',*,*,#3321,.F.);
#1281=ORIENTED_EDGE('',*,*,#3322,.F.);
#1282=ORIENTED_EDGE('',*,*,#3323,.F.);
#1283=ORIENTED_EDGE('',*,*,#3324,.F.);
#1284=ORIENTED_EDGE('',*,*,#3325,.F.);
#1285=ORIENTED_EDGE('',*,*,#3326,.F.);
#1286=ORIENTED_EDGE('',*,*,#3327,.F.);
#1287=ORIENTED_EDGE('',*,*,#3328,.F.);
#1288=ORIENTED_EDGE('',*,*,#3329,.F.);
#1289=ORIENTED_EDGE('',*,*,#3330,.F.);
#1290=ORIENTED_EDGE('',*,*,#3328,.T.);
#1291=ORIENTED_EDGE('',*,*,#3331,.T.);
#1292=ORIENTED_EDGE('',*,*,#3141,.T.);
#1293=ORIENTED_EDGE('',*,*,#3332,.T.);
#1294=ORIENTED_EDGE('',*,*,#3264,.T.);
#1295=ORIENTED_EDGE('',*,*,#3115,.F.);
#1296=ORIENTED_EDGE('',*,*,#3333,.F.);
#1297=ORIENTED_EDGE('',*,*,#3334,.F.);
#1298=ORIENTED_EDGE('',*,*,#3143,.F.);
#1299=ORIENTED_EDGE('',*,*,#3335,.T.);
#1300=ORIENTED_EDGE('',*,*,#3330,.T.);
#1301=ORIENTED_EDGE('',*,*,#3336,.F.);
#1302=ORIENTED_EDGE('',*,*,#3337,.F.);
#1303=ORIENTED_EDGE('',*,*,#3113,.F.);
#1304=ORIENTED_EDGE('',*,*,#3324,.T.);
#1305=ORIENTED_EDGE('',*,*,#3338,.T.);
#1306=ORIENTED_EDGE('',*,*,#3155,.T.);
#1307=ORIENTED_EDGE('',*,*,#3339,.T.);
#1308=ORIENTED_EDGE('',*,*,#3267,.T.);
#1309=ORIENTED_EDGE('',*,*,#3107,.F.);
#1310=ORIENTED_EDGE('',*,*,#3340,.F.);
#1311=ORIENTED_EDGE('',*,*,#3341,.F.);
#1312=ORIENTED_EDGE('',*,*,#3157,.F.);
#1313=ORIENTED_EDGE('',*,*,#3342,.T.);
#1314=ORIENTED_EDGE('',*,*,#3326,.T.);
#1315=ORIENTED_EDGE('',*,*,#3343,.F.);
#1316=ORIENTED_EDGE('',*,*,#3344,.F.);
#1317=ORIENTED_EDGE('',*,*,#3105,.F.);
#1318=ORIENTED_EDGE('',*,*,#3320,.T.);
#1319=ORIENTED_EDGE('',*,*,#3345,.T.);
#1320=ORIENTED_EDGE('',*,*,#3169,.T.);
#1321=ORIENTED_EDGE('',*,*,#3346,.T.);
#1322=ORIENTED_EDGE('',*,*,#3270,.T.);
#1323=ORIENTED_EDGE('',*,*,#3099,.F.);
#1324=ORIENTED_EDGE('',*,*,#3347,.F.);
#1325=ORIENTED_EDGE('',*,*,#3348,.F.);
#1326=ORIENTED_EDGE('',*,*,#3171,.F.);
#1327=ORIENTED_EDGE('',*,*,#3349,.T.);
#1328=ORIENTED_EDGE('',*,*,#3322,.T.);
#1329=ORIENTED_EDGE('',*,*,#3350,.F.);
#1330=ORIENTED_EDGE('',*,*,#3351,.F.);
#1331=ORIENTED_EDGE('',*,*,#3097,.F.);
#1332=ORIENTED_EDGE('',*,*,#3316,.T.);
#1333=ORIENTED_EDGE('',*,*,#3352,.T.);
#1334=ORIENTED_EDGE('',*,*,#3183,.T.);
#1335=ORIENTED_EDGE('',*,*,#3353,.T.);
#1336=ORIENTED_EDGE('',*,*,#3273,.T.);
#1337=ORIENTED_EDGE('',*,*,#3091,.F.);
#1338=ORIENTED_EDGE('',*,*,#3354,.F.);
#1339=ORIENTED_EDGE('',*,*,#3355,.F.);
#1340=ORIENTED_EDGE('',*,*,#3185,.F.);
#1341=ORIENTED_EDGE('',*,*,#3356,.T.);
#1342=ORIENTED_EDGE('',*,*,#3318,.T.);
#1343=ORIENTED_EDGE('',*,*,#3357,.F.);
#1344=ORIENTED_EDGE('',*,*,#3358,.F.);
#1345=ORIENTED_EDGE('',*,*,#3089,.F.);
#1346=ORIENTED_EDGE('',*,*,#3312,.T.);
#1347=ORIENTED_EDGE('',*,*,#3359,.T.);
#1348=ORIENTED_EDGE('',*,*,#3197,.T.);
#1349=ORIENTED_EDGE('',*,*,#3360,.T.);
#1350=ORIENTED_EDGE('',*,*,#3276,.T.);
#1351=ORIENTED_EDGE('',*,*,#3083,.F.);
#1352=ORIENTED_EDGE('',*,*,#3361,.F.);
#1353=ORIENTED_EDGE('',*,*,#3362,.F.);
#1354=ORIENTED_EDGE('',*,*,#3199,.F.);
#1355=ORIENTED_EDGE('',*,*,#3363,.T.);
#1356=ORIENTED_EDGE('',*,*,#3314,.T.);
#1357=ORIENTED_EDGE('',*,*,#3364,.F.);
#1358=ORIENTED_EDGE('',*,*,#3365,.F.);
#1359=ORIENTED_EDGE('',*,*,#3081,.F.);
#1360=ORIENTED_EDGE('',*,*,#3308,.T.);
#1361=ORIENTED_EDGE('',*,*,#3366,.T.);
#1362=ORIENTED_EDGE('',*,*,#3211,.T.);
#1363=ORIENTED_EDGE('',*,*,#3367,.T.);
#1364=ORIENTED_EDGE('',*,*,#3279,.T.);
#1365=ORIENTED_EDGE('',*,*,#3075,.F.);
#1366=ORIENTED_EDGE('',*,*,#3368,.F.);
#1367=ORIENTED_EDGE('',*,*,#3369,.F.);
#1368=ORIENTED_EDGE('',*,*,#3213,.F.);
#1369=ORIENTED_EDGE('',*,*,#3370,.T.);
#1370=ORIENTED_EDGE('',*,*,#3310,.T.);
#1371=ORIENTED_EDGE('',*,*,#3371,.F.);
#1372=ORIENTED_EDGE('',*,*,#3372,.F.);
#1373=ORIENTED_EDGE('',*,*,#3073,.F.);
#1374=ORIENTED_EDGE('',*,*,#3304,.T.);
#1375=ORIENTED_EDGE('',*,*,#3373,.T.);
#1376=ORIENTED_EDGE('',*,*,#3225,.T.);
#1377=ORIENTED_EDGE('',*,*,#3374,.T.);
#1378=ORIENTED_EDGE('',*,*,#3282,.T.);
#1379=ORIENTED_EDGE('',*,*,#3067,.F.);
#1380=ORIENTED_EDGE('',*,*,#3375,.F.);
#1381=ORIENTED_EDGE('',*,*,#3376,.F.);
#1382=ORIENTED_EDGE('',*,*,#3227,.F.);
#1383=ORIENTED_EDGE('',*,*,#3377,.T.);
#1384=ORIENTED_EDGE('',*,*,#3306,.T.);
#1385=ORIENTED_EDGE('',*,*,#3378,.F.);
#1386=ORIENTED_EDGE('',*,*,#3379,.F.);
#1387=ORIENTED_EDGE('',*,*,#3065,.F.);
#1388=ORIENTED_EDGE('',*,*,#3300,.T.);
#1389=ORIENTED_EDGE('',*,*,#3380,.T.);
#1390=ORIENTED_EDGE('',*,*,#3239,.T.);
#1391=ORIENTED_EDGE('',*,*,#3381,.T.);
#1392=ORIENTED_EDGE('',*,*,#3285,.T.);
#1393=ORIENTED_EDGE('',*,*,#3059,.F.);
#1394=ORIENTED_EDGE('',*,*,#3382,.F.);
#1395=ORIENTED_EDGE('',*,*,#3383,.F.);
#1396=ORIENTED_EDGE('',*,*,#3241,.F.);
#1397=ORIENTED_EDGE('',*,*,#3384,.T.);
#1398=ORIENTED_EDGE('',*,*,#3302,.T.);
#1399=ORIENTED_EDGE('',*,*,#3385,.F.);
#1400=ORIENTED_EDGE('',*,*,#3386,.F.);
#1401=ORIENTED_EDGE('',*,*,#3057,.F.);
#1402=ORIENTED_EDGE('',*,*,#3296,.T.);
#1403=ORIENTED_EDGE('',*,*,#3387,.T.);
#1404=ORIENTED_EDGE('',*,*,#3127,.T.);
#1405=ORIENTED_EDGE('',*,*,#3388,.T.);
#1406=ORIENTED_EDGE('',*,*,#3256,.T.);
#1407=ORIENTED_EDGE('',*,*,#3051,.F.);
#1408=ORIENTED_EDGE('',*,*,#3389,.F.);
#1409=ORIENTED_EDGE('',*,*,#3390,.F.);
#1410=ORIENTED_EDGE('',*,*,#3129,.F.);
#1411=ORIENTED_EDGE('',*,*,#3391,.T.);
#1412=ORIENTED_EDGE('',*,*,#3298,.T.);
#1413=ORIENTED_EDGE('',*,*,#3392,.F.);
#1414=ORIENTED_EDGE('',*,*,#3393,.F.);
#1415=ORIENTED_EDGE('',*,*,#3049,.F.);
#1416=ORIENTED_EDGE('',*,*,#3292,.T.);
#1417=ORIENTED_EDGE('',*,*,#3394,.T.);
#1418=ORIENTED_EDGE('',*,*,#3253,.T.);
#1419=ORIENTED_EDGE('',*,*,#3395,.T.);
#1420=ORIENTED_EDGE('',*,*,#3288,.T.);
#1421=ORIENTED_EDGE('',*,*,#3043,.F.);
#1422=ORIENTED_EDGE('',*,*,#3396,.F.);
#1423=ORIENTED_EDGE('',*,*,#3397,.F.);
#1424=ORIENTED_EDGE('',*,*,#3255,.F.);
#1425=ORIENTED_EDGE('',*,*,#3398,.T.);
#1426=ORIENTED_EDGE('',*,*,#3294,.T.);
#1427=ORIENTED_EDGE('',*,*,#3399,.F.);
#1428=ORIENTED_EDGE('',*,*,#3400,.F.);
#1429=ORIENTED_EDGE('',*,*,#3041,.F.);
#1430=ORIENTED_EDGE('',*,*,#3401,.T.);
#1431=ORIENTED_EDGE('',*,*,#3399,.T.);
#1432=ORIENTED_EDGE('',*,*,#3293,.T.);
#1433=ORIENTED_EDGE('',*,*,#3397,.T.);
#1434=ORIENTED_EDGE('',*,*,#3402,.T.);
#1435=ORIENTED_EDGE('',*,*,#3403,.T.);
#1436=ORIENTED_EDGE('',*,*,#3404,.T.);
#1437=ORIENTED_EDGE('',*,*,#3405,.T.);
#1438=ORIENTED_EDGE('',*,*,#3406,.T.);
#1439=ORIENTED_EDGE('',*,*,#3392,.T.);
#1440=ORIENTED_EDGE('',*,*,#3297,.T.);
#1441=ORIENTED_EDGE('',*,*,#3390,.T.);
#1442=ORIENTED_EDGE('',*,*,#3407,.T.);
#1443=ORIENTED_EDGE('',*,*,#3408,.T.);
#1444=ORIENTED_EDGE('',*,*,#3409,.T.);
#1445=ORIENTED_EDGE('',*,*,#3410,.T.);
#1446=ORIENTED_EDGE('',*,*,#3411,.T.);
#1447=ORIENTED_EDGE('',*,*,#3385,.T.);
#1448=ORIENTED_EDGE('',*,*,#3301,.T.);
#1449=ORIENTED_EDGE('',*,*,#3383,.T.);
#1450=ORIENTED_EDGE('',*,*,#3412,.T.);
#1451=ORIENTED_EDGE('',*,*,#3413,.T.);
#1452=ORIENTED_EDGE('',*,*,#3414,.T.);
#1453=ORIENTED_EDGE('',*,*,#3415,.T.);
#1454=ORIENTED_EDGE('',*,*,#3416,.T.);
#1455=ORIENTED_EDGE('',*,*,#3378,.T.);
#1456=ORIENTED_EDGE('',*,*,#3305,.T.);
#1457=ORIENTED_EDGE('',*,*,#3376,.T.);
#1458=ORIENTED_EDGE('',*,*,#3417,.T.);
#1459=ORIENTED_EDGE('',*,*,#3418,.T.);
#1460=ORIENTED_EDGE('',*,*,#3419,.T.);
#1461=ORIENTED_EDGE('',*,*,#3420,.T.);
#1462=ORIENTED_EDGE('',*,*,#3421,.T.);
#1463=ORIENTED_EDGE('',*,*,#3371,.T.);
#1464=ORIENTED_EDGE('',*,*,#3309,.T.);
#1465=ORIENTED_EDGE('',*,*,#3369,.T.);
#1466=ORIENTED_EDGE('',*,*,#3422,.T.);
#1467=ORIENTED_EDGE('',*,*,#3423,.T.);
#1468=ORIENTED_EDGE('',*,*,#3424,.T.);
#1469=ORIENTED_EDGE('',*,*,#3425,.T.);
#1470=ORIENTED_EDGE('',*,*,#3426,.T.);
#1471=ORIENTED_EDGE('',*,*,#3364,.T.);
#1472=ORIENTED_EDGE('',*,*,#3313,.T.);
#1473=ORIENTED_EDGE('',*,*,#3362,.T.);
#1474=ORIENTED_EDGE('',*,*,#3427,.T.);
#1475=ORIENTED_EDGE('',*,*,#3428,.T.);
#1476=ORIENTED_EDGE('',*,*,#3429,.T.);
#1477=ORIENTED_EDGE('',*,*,#3430,.T.);
#1478=ORIENTED_EDGE('',*,*,#3431,.T.);
#1479=ORIENTED_EDGE('',*,*,#3357,.T.);
#1480=ORIENTED_EDGE('',*,*,#3317,.T.);
#1481=ORIENTED_EDGE('',*,*,#3355,.T.);
#1482=ORIENTED_EDGE('',*,*,#3432,.T.);
#1483=ORIENTED_EDGE('',*,*,#3433,.T.);
#1484=ORIENTED_EDGE('',*,*,#3434,.T.);
#1485=ORIENTED_EDGE('',*,*,#3435,.T.);
#1486=ORIENTED_EDGE('',*,*,#3436,.T.);
#1487=ORIENTED_EDGE('',*,*,#3350,.T.);
#1488=ORIENTED_EDGE('',*,*,#3321,.T.);
#1489=ORIENTED_EDGE('',*,*,#3348,.T.);
#1490=ORIENTED_EDGE('',*,*,#3437,.T.);
#1491=ORIENTED_EDGE('',*,*,#3438,.T.);
#1492=ORIENTED_EDGE('',*,*,#3439,.T.);
#1493=ORIENTED_EDGE('',*,*,#3440,.T.);
#1494=ORIENTED_EDGE('',*,*,#3441,.T.);
#1495=ORIENTED_EDGE('',*,*,#3343,.T.);
#1496=ORIENTED_EDGE('',*,*,#3325,.T.);
#1497=ORIENTED_EDGE('',*,*,#3341,.T.);
#1498=ORIENTED_EDGE('',*,*,#3442,.T.);
#1499=ORIENTED_EDGE('',*,*,#3443,.T.);
#1500=ORIENTED_EDGE('',*,*,#3444,.T.);
#1501=ORIENTED_EDGE('',*,*,#3445,.T.);
#1502=ORIENTED_EDGE('',*,*,#3446,.T.);
#1503=ORIENTED_EDGE('',*,*,#3336,.T.);
#1504=ORIENTED_EDGE('',*,*,#3329,.T.);
#1505=ORIENTED_EDGE('',*,*,#3334,.T.);
#1506=ORIENTED_EDGE('',*,*,#3447,.T.);
#1507=ORIENTED_EDGE('',*,*,#3448,.T.);
#1508=ORIENTED_EDGE('',*,*,#3449,.T.);
#1509=ORIENTED_EDGE('',*,*,#3450,.T.);
#1510=ORIENTED_EDGE('',*,*,#3451,.F.);
#1511=ORIENTED_EDGE('',*,*,#3036,.F.);
#1512=ORIENTED_EDGE('',*,*,#3452,.F.);
#1513=ORIENTED_EDGE('',*,*,#3404,.F.);
#1514=ORIENTED_EDGE('',*,*,#3453,.F.);
#1515=ORIENTED_EDGE('',*,*,#3032,.F.);
#1516=ORIENTED_EDGE('',*,*,#3454,.F.);
#1517=ORIENTED_EDGE('',*,*,#3409,.F.);
#1518=ORIENTED_EDGE('',*,*,#3455,.F.);
#1519=ORIENTED_EDGE('',*,*,#3028,.F.);
#1520=ORIENTED_EDGE('',*,*,#3456,.F.);
#1521=ORIENTED_EDGE('',*,*,#3414,.F.);
#1522=ORIENTED_EDGE('',*,*,#3457,.F.);
#1523=ORIENTED_EDGE('',*,*,#3024,.F.);
#1524=ORIENTED_EDGE('',*,*,#3458,.F.);
#1525=ORIENTED_EDGE('',*,*,#3419,.F.);
#1526=ORIENTED_EDGE('',*,*,#3459,.F.);
#1527=ORIENTED_EDGE('',*,*,#3020,.F.);
#1528=ORIENTED_EDGE('',*,*,#3460,.F.);
#1529=ORIENTED_EDGE('',*,*,#3424,.F.);
#1530=ORIENTED_EDGE('',*,*,#3461,.F.);
#1531=ORIENTED_EDGE('',*,*,#3016,.F.);
#1532=ORIENTED_EDGE('',*,*,#3462,.F.);
#1533=ORIENTED_EDGE('',*,*,#3429,.F.);
#1534=ORIENTED_EDGE('',*,*,#3463,.F.);
#1535=ORIENTED_EDGE('',*,*,#3012,.F.);
#1536=ORIENTED_EDGE('',*,*,#3464,.F.);
#1537=ORIENTED_EDGE('',*,*,#3434,.F.);
#1538=ORIENTED_EDGE('',*,*,#3465,.F.);
#1539=ORIENTED_EDGE('',*,*,#3008,.F.);
#1540=ORIENTED_EDGE('',*,*,#3466,.F.);
#1541=ORIENTED_EDGE('',*,*,#3439,.F.);
#1542=ORIENTED_EDGE('',*,*,#3467,.F.);
#1543=ORIENTED_EDGE('',*,*,#3004,.F.);
#1544=ORIENTED_EDGE('',*,*,#3468,.F.);
#1545=ORIENTED_EDGE('',*,*,#3444,.F.);
#1546=ORIENTED_EDGE('',*,*,#3469,.F.);
#1547=ORIENTED_EDGE('',*,*,#3000,.F.);
#1548=ORIENTED_EDGE('',*,*,#3470,.F.);
#1549=ORIENTED_EDGE('',*,*,#3449,.F.);
#1550=ORIENTED_EDGE('',*,*,#3042,.T.);
#1551=ORIENTED_EDGE('',*,*,#3400,.T.);
#1552=ORIENTED_EDGE('',*,*,#3401,.F.);
#1553=ORIENTED_EDGE('',*,*,#3396,.T.);
#1554=ORIENTED_EDGE('',*,*,#3046,.T.);
#1555=ORIENTED_EDGE('',*,*,#3471,.T.);
#1556=ORIENTED_EDGE('',*,*,#3402,.F.);
#1557=ORIENTED_EDGE('',*,*,#3472,.T.);
#1558=ORIENTED_EDGE('',*,*,#3050,.T.);
#1559=ORIENTED_EDGE('',*,*,#3393,.T.);
#1560=ORIENTED_EDGE('',*,*,#3406,.F.);
#1561=ORIENTED_EDGE('',*,*,#3389,.T.);
#1562=ORIENTED_EDGE('',*,*,#3054,.T.);
#1563=ORIENTED_EDGE('',*,*,#3473,.T.);
#1564=ORIENTED_EDGE('',*,*,#3407,.F.);
#1565=ORIENTED_EDGE('',*,*,#3474,.T.);
#1566=ORIENTED_EDGE('',*,*,#3058,.T.);
#1567=ORIENTED_EDGE('',*,*,#3386,.T.);
#1568=ORIENTED_EDGE('',*,*,#3411,.F.);
#1569=ORIENTED_EDGE('',*,*,#3382,.T.);
#1570=ORIENTED_EDGE('',*,*,#3062,.T.);
#1571=ORIENTED_EDGE('',*,*,#3475,.T.);
#1572=ORIENTED_EDGE('',*,*,#3412,.F.);
#1573=ORIENTED_EDGE('',*,*,#3476,.T.);
#1574=ORIENTED_EDGE('',*,*,#3066,.T.);
#1575=ORIENTED_EDGE('',*,*,#3379,.T.);
#1576=ORIENTED_EDGE('',*,*,#3416,.F.);
#1577=ORIENTED_EDGE('',*,*,#3375,.T.);
#1578=ORIENTED_EDGE('',*,*,#3070,.T.);
#1579=ORIENTED_EDGE('',*,*,#3477,.T.);
#1580=ORIENTED_EDGE('',*,*,#3417,.F.);
#1581=ORIENTED_EDGE('',*,*,#3478,.T.);
#1582=ORIENTED_EDGE('',*,*,#3074,.T.);
#1583=ORIENTED_EDGE('',*,*,#3372,.T.);
#1584=ORIENTED_EDGE('',*,*,#3421,.F.);
#1585=ORIENTED_EDGE('',*,*,#3368,.T.);
#1586=ORIENTED_EDGE('',*,*,#3078,.T.);
#1587=ORIENTED_EDGE('',*,*,#3479,.T.);
#1588=ORIENTED_EDGE('',*,*,#3422,.F.);
#1589=ORIENTED_EDGE('',*,*,#3480,.T.);
#1590=ORIENTED_EDGE('',*,*,#3082,.T.);
#1591=ORIENTED_EDGE('',*,*,#3365,.T.);
#1592=ORIENTED_EDGE('',*,*,#3426,.F.);
#1593=ORIENTED_EDGE('',*,*,#3361,.T.);
#1594=ORIENTED_EDGE('',*,*,#3086,.T.);
#1595=ORIENTED_EDGE('',*,*,#3481,.T.);
#1596=ORIENTED_EDGE('',*,*,#3427,.F.);
#1597=ORIENTED_EDGE('',*,*,#3482,.T.);
#1598=ORIENTED_EDGE('',*,*,#3090,.T.);
#1599=ORIENTED_EDGE('',*,*,#3358,.T.);
#1600=ORIENTED_EDGE('',*,*,#3431,.F.);
#1601=ORIENTED_EDGE('',*,*,#3354,.T.);
#1602=ORIENTED_EDGE('',*,*,#3094,.T.);
#1603=ORIENTED_EDGE('',*,*,#3483,.T.);
#1604=ORIENTED_EDGE('',*,*,#3432,.F.);
#1605=ORIENTED_EDGE('',*,*,#3484,.T.);
#1606=ORIENTED_EDGE('',*,*,#3098,.T.);
#1607=ORIENTED_EDGE('',*,*,#3351,.T.);
#1608=ORIENTED_EDGE('',*,*,#3436,.F.);
#1609=ORIENTED_EDGE('',*,*,#3347,.T.);
#1610=ORIENTED_EDGE('',*,*,#3102,.T.);
#1611=ORIENTED_EDGE('',*,*,#3485,.T.);
#1612=ORIENTED_EDGE('',*,*,#3437,.F.);
#1613=ORIENTED_EDGE('',*,*,#3486,.T.);
#1614=ORIENTED_EDGE('',*,*,#3106,.T.);
#1615=ORIENTED_EDGE('',*,*,#3344,.T.);
#1616=ORIENTED_EDGE('',*,*,#3441,.F.);
#1617=ORIENTED_EDGE('',*,*,#3340,.T.);
#1618=ORIENTED_EDGE('',*,*,#3110,.T.);
#1619=ORIENTED_EDGE('',*,*,#3487,.T.);
#1620=ORIENTED_EDGE('',*,*,#3442,.F.);
#1621=ORIENTED_EDGE('',*,*,#3488,.T.);
#1622=ORIENTED_EDGE('',*,*,#3114,.T.);
#1623=ORIENTED_EDGE('',*,*,#3337,.T.);
#1624=ORIENTED_EDGE('',*,*,#3446,.F.);
#1625=ORIENTED_EDGE('',*,*,#3333,.T.);
#1626=ORIENTED_EDGE('',*,*,#3118,.T.);
#1627=ORIENTED_EDGE('',*,*,#3489,.T.);
#1628=ORIENTED_EDGE('',*,*,#3447,.F.);
#1629=ORIENTED_EDGE('',*,*,#3490,.T.);
#1630=ORIENTED_EDGE('',*,*,#3261,.T.);
#1631=ORIENTED_EDGE('',*,*,#3491,.T.);
#1632=ORIENTED_EDGE('',*,*,#3262,.T.);
#1633=ORIENTED_EDGE('',*,*,#3119,.F.);
#1634=ORIENTED_EDGE('',*,*,#3490,.F.);
#1635=ORIENTED_EDGE('',*,*,#3450,.F.);
#1636=ORIENTED_EDGE('',*,*,#3470,.T.);
#1637=ORIENTED_EDGE('',*,*,#2999,.F.);
#1638=ORIENTED_EDGE('',*,*,#3469,.T.);
#1639=ORIENTED_EDGE('',*,*,#3448,.F.);
#1640=ORIENTED_EDGE('',*,*,#3489,.F.);
#1641=ORIENTED_EDGE('',*,*,#3117,.F.);
#1642=ORIENTED_EDGE('',*,*,#3266,.F.);
#1643=ORIENTED_EDGE('',*,*,#3492,.F.);
#1644=ORIENTED_EDGE('',*,*,#3139,.F.);
#1645=ORIENTED_EDGE('',*,*,#3493,.F.);
#1646=ORIENTED_EDGE('',*,*,#3135,.F.);
#1647=ORIENTED_EDGE('',*,*,#3001,.F.);
#1648=ORIENTED_EDGE('',*,*,#3148,.T.);
#1649=ORIENTED_EDGE('',*,*,#3494,.T.);
#1650=ORIENTED_EDGE('',*,*,#3144,.T.);
#1651=ORIENTED_EDGE('',*,*,#3111,.F.);
#1652=ORIENTED_EDGE('',*,*,#3488,.F.);
#1653=ORIENTED_EDGE('',*,*,#3445,.F.);
#1654=ORIENTED_EDGE('',*,*,#3468,.T.);
#1655=ORIENTED_EDGE('',*,*,#3003,.F.);
#1656=ORIENTED_EDGE('',*,*,#3467,.T.);
#1657=ORIENTED_EDGE('',*,*,#3443,.F.);
#1658=ORIENTED_EDGE('',*,*,#3487,.F.);
#1659=ORIENTED_EDGE('',*,*,#3109,.F.);
#1660=ORIENTED_EDGE('',*,*,#3269,.F.);
#1661=ORIENTED_EDGE('',*,*,#3495,.F.);
#1662=ORIENTED_EDGE('',*,*,#3153,.F.);
#1663=ORIENTED_EDGE('',*,*,#3496,.F.);
#1664=ORIENTED_EDGE('',*,*,#3149,.F.);
#1665=ORIENTED_EDGE('',*,*,#3005,.F.);
#1666=ORIENTED_EDGE('',*,*,#3162,.T.);
#1667=ORIENTED_EDGE('',*,*,#3497,.T.);
#1668=ORIENTED_EDGE('',*,*,#3158,.T.);
#1669=ORIENTED_EDGE('',*,*,#3103,.F.);
#1670=ORIENTED_EDGE('',*,*,#3486,.F.);
#1671=ORIENTED_EDGE('',*,*,#3440,.F.);
#1672=ORIENTED_EDGE('',*,*,#3466,.T.);
#1673=ORIENTED_EDGE('',*,*,#3007,.F.);
#1674=ORIENTED_EDGE('',*,*,#3465,.T.);
#1675=ORIENTED_EDGE('',*,*,#3438,.F.);
#1676=ORIENTED_EDGE('',*,*,#3485,.F.);
#1677=ORIENTED_EDGE('',*,*,#3101,.F.);
#1678=ORIENTED_EDGE('',*,*,#3272,.F.);
#1679=ORIENTED_EDGE('',*,*,#3498,.F.);
#1680=ORIENTED_EDGE('',*,*,#3167,.F.);
#1681=ORIENTED_EDGE('',*,*,#3499,.F.);
#1682=ORIENTED_EDGE('',*,*,#3163,.F.);
#1683=ORIENTED_EDGE('',*,*,#3009,.F.);
#1684=ORIENTED_EDGE('',*,*,#3176,.T.);
#1685=ORIENTED_EDGE('',*,*,#3500,.T.);
#1686=ORIENTED_EDGE('',*,*,#3172,.T.);
#1687=ORIENTED_EDGE('',*,*,#3095,.F.);
#1688=ORIENTED_EDGE('',*,*,#3484,.F.);
#1689=ORIENTED_EDGE('',*,*,#3435,.F.);
#1690=ORIENTED_EDGE('',*,*,#3464,.T.);
#1691=ORIENTED_EDGE('',*,*,#3011,.F.);
#1692=ORIENTED_EDGE('',*,*,#3463,.T.);
#1693=ORIENTED_EDGE('',*,*,#3433,.F.);
#1694=ORIENTED_EDGE('',*,*,#3483,.F.);
#1695=ORIENTED_EDGE('',*,*,#3093,.F.);
#1696=ORIENTED_EDGE('',*,*,#3275,.F.);
#1697=ORIENTED_EDGE('',*,*,#3501,.F.);
#1698=ORIENTED_EDGE('',*,*,#3181,.F.);
#1699=ORIENTED_EDGE('',*,*,#3502,.F.);
#1700=ORIENTED_EDGE('',*,*,#3177,.F.);
#1701=ORIENTED_EDGE('',*,*,#3013,.F.);
#1702=ORIENTED_EDGE('',*,*,#3190,.T.);
#1703=ORIENTED_EDGE('',*,*,#3503,.T.);
#1704=ORIENTED_EDGE('',*,*,#3186,.T.);
#1705=ORIENTED_EDGE('',*,*,#3087,.F.);
#1706=ORIENTED_EDGE('',*,*,#3482,.F.);
#1707=ORIENTED_EDGE('',*,*,#3430,.F.);
#1708=ORIENTED_EDGE('',*,*,#3462,.T.);
#1709=ORIENTED_EDGE('',*,*,#3015,.F.);
#1710=ORIENTED_EDGE('',*,*,#3461,.T.);
#1711=ORIENTED_EDGE('',*,*,#3428,.F.);
#1712=ORIENTED_EDGE('',*,*,#3481,.F.);
#1713=ORIENTED_EDGE('',*,*,#3085,.F.);
#1714=ORIENTED_EDGE('',*,*,#3278,.F.);
#1715=ORIENTED_EDGE('',*,*,#3504,.F.);
#1716=ORIENTED_EDGE('',*,*,#3195,.F.);
#1717=ORIENTED_EDGE('',*,*,#3505,.F.);
#1718=ORIENTED_EDGE('',*,*,#3191,.F.);
#1719=ORIENTED_EDGE('',*,*,#3017,.F.);
#1720=ORIENTED_EDGE('',*,*,#3204,.T.);
#1721=ORIENTED_EDGE('',*,*,#3506,.T.);
#1722=ORIENTED_EDGE('',*,*,#3200,.T.);
#1723=ORIENTED_EDGE('',*,*,#3079,.F.);
#1724=ORIENTED_EDGE('',*,*,#3480,.F.);
#1725=ORIENTED_EDGE('',*,*,#3425,.F.);
#1726=ORIENTED_EDGE('',*,*,#3460,.T.);
#1727=ORIENTED_EDGE('',*,*,#3019,.F.);
#1728=ORIENTED_EDGE('',*,*,#3459,.T.);
#1729=ORIENTED_EDGE('',*,*,#3423,.F.);
#1730=ORIENTED_EDGE('',*,*,#3479,.F.);
#1731=ORIENTED_EDGE('',*,*,#3077,.F.);
#1732=ORIENTED_EDGE('',*,*,#3281,.F.);
#1733=ORIENTED_EDGE('',*,*,#3507,.F.);
#1734=ORIENTED_EDGE('',*,*,#3209,.F.);
#1735=ORIENTED_EDGE('',*,*,#3508,.F.);
#1736=ORIENTED_EDGE('',*,*,#3205,.F.);
#1737=ORIENTED_EDGE('',*,*,#3021,.F.);
#1738=ORIENTED_EDGE('',*,*,#3218,.T.);
#1739=ORIENTED_EDGE('',*,*,#3509,.T.);
#1740=ORIENTED_EDGE('',*,*,#3214,.T.);
#1741=ORIENTED_EDGE('',*,*,#3071,.F.);
#1742=ORIENTED_EDGE('',*,*,#3478,.F.);
#1743=ORIENTED_EDGE('',*,*,#3420,.F.);
#1744=ORIENTED_EDGE('',*,*,#3458,.T.);
#1745=ORIENTED_EDGE('',*,*,#3023,.F.);
#1746=ORIENTED_EDGE('',*,*,#3457,.T.);
#1747=ORIENTED_EDGE('',*,*,#3418,.F.);
#1748=ORIENTED_EDGE('',*,*,#3477,.F.);
#1749=ORIENTED_EDGE('',*,*,#3069,.F.);
#1750=ORIENTED_EDGE('',*,*,#3284,.F.);
#1751=ORIENTED_EDGE('',*,*,#3510,.F.);
#1752=ORIENTED_EDGE('',*,*,#3223,.F.);
#1753=ORIENTED_EDGE('',*,*,#3511,.F.);
#1754=ORIENTED_EDGE('',*,*,#3219,.F.);
#1755=ORIENTED_EDGE('',*,*,#3025,.F.);
#1756=ORIENTED_EDGE('',*,*,#3232,.T.);
#1757=ORIENTED_EDGE('',*,*,#3512,.T.);
#1758=ORIENTED_EDGE('',*,*,#3228,.T.);
#1759=ORIENTED_EDGE('',*,*,#3063,.F.);
#1760=ORIENTED_EDGE('',*,*,#3476,.F.);
#1761=ORIENTED_EDGE('',*,*,#3415,.F.);
#1762=ORIENTED_EDGE('',*,*,#3456,.T.);
#1763=ORIENTED_EDGE('',*,*,#3027,.F.);
#1764=ORIENTED_EDGE('',*,*,#3455,.T.);
#1765=ORIENTED_EDGE('',*,*,#3413,.F.);
#1766=ORIENTED_EDGE('',*,*,#3475,.F.);
#1767=ORIENTED_EDGE('',*,*,#3061,.F.);
#1768=ORIENTED_EDGE('',*,*,#3287,.F.);
#1769=ORIENTED_EDGE('',*,*,#3513,.F.);
#1770=ORIENTED_EDGE('',*,*,#3237,.F.);
#1771=ORIENTED_EDGE('',*,*,#3514,.F.);
#1772=ORIENTED_EDGE('',*,*,#3233,.F.);
#1773=ORIENTED_EDGE('',*,*,#3029,.F.);
#1774=ORIENTED_EDGE('',*,*,#3246,.T.);
#1775=ORIENTED_EDGE('',*,*,#3515,.T.);
#1776=ORIENTED_EDGE('',*,*,#3242,.T.);
#1777=ORIENTED_EDGE('',*,*,#3055,.F.);
#1778=ORIENTED_EDGE('',*,*,#3474,.F.);
#1779=ORIENTED_EDGE('',*,*,#3410,.F.);
#1780=ORIENTED_EDGE('',*,*,#3454,.T.);
#1781=ORIENTED_EDGE('',*,*,#3031,.F.);
#1782=ORIENTED_EDGE('',*,*,#3453,.T.);
#1783=ORIENTED_EDGE('',*,*,#3408,.F.);
#1784=ORIENTED_EDGE('',*,*,#3473,.F.);
#1785=ORIENTED_EDGE('',*,*,#3053,.F.);
#1786=ORIENTED_EDGE('',*,*,#3258,.F.);
#1787=ORIENTED_EDGE('',*,*,#3516,.F.);
#1788=ORIENTED_EDGE('',*,*,#3125,.F.);
#1789=ORIENTED_EDGE('',*,*,#3517,.F.);
#1790=ORIENTED_EDGE('',*,*,#3121,.F.);
#1791=ORIENTED_EDGE('',*,*,#3033,.F.);
#1792=ORIENTED_EDGE('',*,*,#3134,.T.);
#1793=ORIENTED_EDGE('',*,*,#3518,.T.);
#1794=ORIENTED_EDGE('',*,*,#3130,.T.);
#1795=ORIENTED_EDGE('',*,*,#3047,.F.);
#1796=ORIENTED_EDGE('',*,*,#3472,.F.);
#1797=ORIENTED_EDGE('',*,*,#3405,.F.);
#1798=ORIENTED_EDGE('',*,*,#3452,.T.);
#1799=ORIENTED_EDGE('',*,*,#3035,.F.);
#1800=ORIENTED_EDGE('',*,*,#3451,.T.);
#1801=ORIENTED_EDGE('',*,*,#3403,.F.);
#1802=ORIENTED_EDGE('',*,*,#3471,.F.);
#1803=ORIENTED_EDGE('',*,*,#3045,.F.);
#1804=ORIENTED_EDGE('',*,*,#3290,.F.);
#1805=ORIENTED_EDGE('',*,*,#3519,.F.);
#1806=ORIENTED_EDGE('',*,*,#3251,.F.);
#1807=ORIENTED_EDGE('',*,*,#3520,.F.);
#1808=ORIENTED_EDGE('',*,*,#3247,.F.);
#1809=ORIENTED_EDGE('',*,*,#3037,.F.);
#1810=ORIENTED_EDGE('',*,*,#3291,.T.);
#1811=ORIENTED_EDGE('',*,*,#3398,.F.);
#1812=ORIENTED_EDGE('',*,*,#3254,.T.);
#1813=ORIENTED_EDGE('',*,*,#3394,.F.);
#1814=ORIENTED_EDGE('',*,*,#3295,.T.);
#1815=ORIENTED_EDGE('',*,*,#3391,.F.);
#1816=ORIENTED_EDGE('',*,*,#3128,.T.);
#1817=ORIENTED_EDGE('',*,*,#3387,.F.);
#1818=ORIENTED_EDGE('',*,*,#3299,.T.);
#1819=ORIENTED_EDGE('',*,*,#3384,.F.);
#1820=ORIENTED_EDGE('',*,*,#3240,.T.);
#1821=ORIENTED_EDGE('',*,*,#3380,.F.);
#1822=ORIENTED_EDGE('',*,*,#3303,.T.);
#1823=ORIENTED_EDGE('',*,*,#3377,.F.);
#1824=ORIENTED_EDGE('',*,*,#3226,.T.);
#1825=ORIENTED_EDGE('',*,*,#3373,.F.);
#1826=ORIENTED_EDGE('',*,*,#3307,.T.);
#1827=ORIENTED_EDGE('',*,*,#3370,.F.);
#1828=ORIENTED_EDGE('',*,*,#3212,.T.);
#1829=ORIENTED_EDGE('',*,*,#3366,.F.);
#1830=ORIENTED_EDGE('',*,*,#3311,.T.);
#1831=ORIENTED_EDGE('',*,*,#3363,.F.);
#1832=ORIENTED_EDGE('',*,*,#3198,.T.);
#1833=ORIENTED_EDGE('',*,*,#3359,.F.);
#1834=ORIENTED_EDGE('',*,*,#3315,.T.);
#1835=ORIENTED_EDGE('',*,*,#3356,.F.);
#1836=ORIENTED_EDGE('',*,*,#3184,.T.);
#1837=ORIENTED_EDGE('',*,*,#3352,.F.);
#1838=ORIENTED_EDGE('',*,*,#3319,.T.);
#1839=ORIENTED_EDGE('',*,*,#3349,.F.);
#1840=ORIENTED_EDGE('',*,*,#3170,.T.);
#1841=ORIENTED_EDGE('',*,*,#3345,.F.);
#1842=ORIENTED_EDGE('',*,*,#3323,.T.);
#1843=ORIENTED_EDGE('',*,*,#3342,.F.);
#1844=ORIENTED_EDGE('',*,*,#3156,.T.);
#1845=ORIENTED_EDGE('',*,*,#3338,.F.);
#1846=ORIENTED_EDGE('',*,*,#3327,.T.);
#1847=ORIENTED_EDGE('',*,*,#3335,.F.);
#1848=ORIENTED_EDGE('',*,*,#3142,.T.);
#1849=ORIENTED_EDGE('',*,*,#3331,.F.);
#1850=ORIENTED_EDGE('',*,*,#3521,.T.);
#1851=ORIENTED_EDGE('',*,*,#3522,.T.);
#1852=ORIENTED_EDGE('',*,*,#3523,.T.);
#1853=ORIENTED_EDGE('',*,*,#3395,.F.);
#1854=ORIENTED_EDGE('',*,*,#3133,.F.);
#1855=ORIENTED_EDGE('',*,*,#3524,.F.);
#1856=ORIENTED_EDGE('',*,*,#3525,.T.);
#1857=ORIENTED_EDGE('',*,*,#3526,.T.);
#1858=ORIENTED_EDGE('',*,*,#3521,.F.);
#1859=ORIENTED_EDGE('',*,*,#3252,.F.);
#1860=ORIENTED_EDGE('',*,*,#3527,.F.);
#1861=ORIENTED_EDGE('',*,*,#3522,.F.);
#1862=ORIENTED_EDGE('',*,*,#3526,.F.);
#1863=ORIENTED_EDGE('',*,*,#3528,.T.);
#1864=ORIENTED_EDGE('',*,*,#3529,.T.);
#1865=ORIENTED_EDGE('',*,*,#3523,.F.);
#1866=ORIENTED_EDGE('',*,*,#3529,.F.);
#1867=ORIENTED_EDGE('',*,*,#3530,.T.);
#1868=ORIENTED_EDGE('',*,*,#3531,.T.);
#1869=ORIENTED_EDGE('',*,*,#3131,.F.);
#1870=ORIENTED_EDGE('',*,*,#3532,.F.);
#1871=ORIENTED_EDGE('',*,*,#3289,.F.);
#1872=ORIENTED_EDGE('',*,*,#3132,.F.);
#1873=ORIENTED_EDGE('',*,*,#3531,.F.);
#1874=ORIENTED_EDGE('',*,*,#3533,.T.);
#1875=ORIENTED_EDGE('',*,*,#3524,.T.);
#1876=ORIENTED_EDGE('',*,*,#3534,.T.);
#1877=ORIENTED_EDGE('',*,*,#3525,.F.);
#1878=ORIENTED_EDGE('',*,*,#3533,.F.);
#1879=ORIENTED_EDGE('',*,*,#3530,.F.);
#1880=ORIENTED_EDGE('',*,*,#3528,.F.);
#1881=ORIENTED_EDGE('',*,*,#3527,.T.);
#1882=ORIENTED_EDGE('',*,*,#3519,.T.);
#1883=ORIENTED_EDGE('',*,*,#3532,.T.);
#1884=ORIENTED_EDGE('',*,*,#3518,.F.);
#1885=ORIENTED_EDGE('',*,*,#3535,.T.);
#1886=ORIENTED_EDGE('',*,*,#3536,.T.);
#1887=ORIENTED_EDGE('',*,*,#3537,.T.);
#1888=ORIENTED_EDGE('',*,*,#3388,.F.);
#1889=ORIENTED_EDGE('',*,*,#3245,.F.);
#1890=ORIENTED_EDGE('',*,*,#3538,.F.);
#1891=ORIENTED_EDGE('',*,*,#3539,.T.);
#1892=ORIENTED_EDGE('',*,*,#3540,.T.);
#1893=ORIENTED_EDGE('',*,*,#3535,.F.);
#1894=ORIENTED_EDGE('',*,*,#3126,.F.);
#1895=ORIENTED_EDGE('',*,*,#3541,.F.);
#1896=ORIENTED_EDGE('',*,*,#3536,.F.);
#1897=ORIENTED_EDGE('',*,*,#3540,.F.);
#1898=ORIENTED_EDGE('',*,*,#3542,.T.);
#1899=ORIENTED_EDGE('',*,*,#3543,.T.);
#1900=ORIENTED_EDGE('',*,*,#3537,.F.);
#1901=ORIENTED_EDGE('',*,*,#3543,.F.);
#1902=ORIENTED_EDGE('',*,*,#3544,.T.);
#1903=ORIENTED_EDGE('',*,*,#3545,.T.);
#1904=ORIENTED_EDGE('',*,*,#3243,.F.);
#1905=ORIENTED_EDGE('',*,*,#3546,.F.);
#1906=ORIENTED_EDGE('',*,*,#3257,.F.);
#1907=ORIENTED_EDGE('',*,*,#3244,.F.);
#1908=ORIENTED_EDGE('',*,*,#3545,.F.);
#1909=ORIENTED_EDGE('',*,*,#3547,.T.);
#1910=ORIENTED_EDGE('',*,*,#3538,.T.);
#1911=ORIENTED_EDGE('',*,*,#3548,.T.);
#1912=ORIENTED_EDGE('',*,*,#3539,.F.);
#1913=ORIENTED_EDGE('',*,*,#3547,.F.);
#1914=ORIENTED_EDGE('',*,*,#3544,.F.);
#1915=ORIENTED_EDGE('',*,*,#3542,.F.);
#1916=ORIENTED_EDGE('',*,*,#3541,.T.);
#1917=ORIENTED_EDGE('',*,*,#3516,.T.);
#1918=ORIENTED_EDGE('',*,*,#3546,.T.);
#1919=ORIENTED_EDGE('',*,*,#3515,.F.);
#1920=ORIENTED_EDGE('',*,*,#3549,.T.);
#1921=ORIENTED_EDGE('',*,*,#3550,.T.);
#1922=ORIENTED_EDGE('',*,*,#3551,.T.);
#1923=ORIENTED_EDGE('',*,*,#3381,.F.);
#1924=ORIENTED_EDGE('',*,*,#3231,.F.);
#1925=ORIENTED_EDGE('',*,*,#3552,.F.);
#1926=ORIENTED_EDGE('',*,*,#3553,.T.);
#1927=ORIENTED_EDGE('',*,*,#3554,.T.);
#1928=ORIENTED_EDGE('',*,*,#3549,.F.);
#1929=ORIENTED_EDGE('',*,*,#3238,.F.);
#1930=ORIENTED_EDGE('',*,*,#3555,.F.);
#1931=ORIENTED_EDGE('',*,*,#3550,.F.);
#1932=ORIENTED_EDGE('',*,*,#3554,.F.);
#1933=ORIENTED_EDGE('',*,*,#3556,.T.);
#1934=ORIENTED_EDGE('',*,*,#3557,.T.);
#1935=ORIENTED_EDGE('',*,*,#3551,.F.);
#1936=ORIENTED_EDGE('',*,*,#3557,.F.);
#1937=ORIENTED_EDGE('',*,*,#3558,.T.);
#1938=ORIENTED_EDGE('',*,*,#3559,.T.);
#1939=ORIENTED_EDGE('',*,*,#3229,.F.);
#1940=ORIENTED_EDGE('',*,*,#3560,.F.);
#1941=ORIENTED_EDGE('',*,*,#3286,.F.);
#1942=ORIENTED_EDGE('',*,*,#3230,.F.);
#1943=ORIENTED_EDGE('',*,*,#3559,.F.);
#1944=ORIENTED_EDGE('',*,*,#3561,.T.);
#1945=ORIENTED_EDGE('',*,*,#3552,.T.);
#1946=ORIENTED_EDGE('',*,*,#3562,.T.);
#1947=ORIENTED_EDGE('',*,*,#3553,.F.);
#1948=ORIENTED_EDGE('',*,*,#3561,.F.);
#1949=ORIENTED_EDGE('',*,*,#3558,.F.);
#1950=ORIENTED_EDGE('',*,*,#3556,.F.);
#1951=ORIENTED_EDGE('',*,*,#3555,.T.);
#1952=ORIENTED_EDGE('',*,*,#3513,.T.);
#1953=ORIENTED_EDGE('',*,*,#3560,.T.);
#1954=ORIENTED_EDGE('',*,*,#3512,.F.);
#1955=ORIENTED_EDGE('',*,*,#3563,.T.);
#1956=ORIENTED_EDGE('',*,*,#3564,.T.);
#1957=ORIENTED_EDGE('',*,*,#3565,.T.);
#1958=ORIENTED_EDGE('',*,*,#3374,.F.);
#1959=ORIENTED_EDGE('',*,*,#3217,.F.);
#1960=ORIENTED_EDGE('',*,*,#3566,.F.);
#1961=ORIENTED_EDGE('',*,*,#3567,.T.);
#1962=ORIENTED_EDGE('',*,*,#3568,.T.);
#1963=ORIENTED_EDGE('',*,*,#3563,.F.);
#1964=ORIENTED_EDGE('',*,*,#3224,.F.);
#1965=ORIENTED_EDGE('',*,*,#3569,.F.);
#1966=ORIENTED_EDGE('',*,*,#3564,.F.);
#1967=ORIENTED_EDGE('',*,*,#3568,.F.);
#1968=ORIENTED_EDGE('',*,*,#3570,.T.);
#1969=ORIENTED_EDGE('',*,*,#3571,.T.);
#1970=ORIENTED_EDGE('',*,*,#3565,.F.);
#1971=ORIENTED_EDGE('',*,*,#3571,.F.);
#1972=ORIENTED_EDGE('',*,*,#3572,.T.);
#1973=ORIENTED_EDGE('',*,*,#3573,.T.);
#1974=ORIENTED_EDGE('',*,*,#3215,.F.);
#1975=ORIENTED_EDGE('',*,*,#3574,.F.);
#1976=ORIENTED_EDGE('',*,*,#3283,.F.);
#1977=ORIENTED_EDGE('',*,*,#3216,.F.);
#1978=ORIENTED_EDGE('',*,*,#3573,.F.);
#1979=ORIENTED_EDGE('',*,*,#3575,.T.);
#1980=ORIENTED_EDGE('',*,*,#3566,.T.);
#1981=ORIENTED_EDGE('',*,*,#3576,.T.);
#1982=ORIENTED_EDGE('',*,*,#3567,.F.);
#1983=ORIENTED_EDGE('',*,*,#3575,.F.);
#1984=ORIENTED_EDGE('',*,*,#3572,.F.);
#1985=ORIENTED_EDGE('',*,*,#3570,.F.);
#1986=ORIENTED_EDGE('',*,*,#3569,.T.);
#1987=ORIENTED_EDGE('',*,*,#3510,.T.);
#1988=ORIENTED_EDGE('',*,*,#3574,.T.);
#1989=ORIENTED_EDGE('',*,*,#3509,.F.);
#1990=ORIENTED_EDGE('',*,*,#3577,.T.);
#1991=ORIENTED_EDGE('',*,*,#3578,.T.);
#1992=ORIENTED_EDGE('',*,*,#3579,.T.);
#1993=ORIENTED_EDGE('',*,*,#3367,.F.);
#1994=ORIENTED_EDGE('',*,*,#3203,.F.);
#1995=ORIENTED_EDGE('',*,*,#3580,.F.);
#1996=ORIENTED_EDGE('',*,*,#3581,.T.);
#1997=ORIENTED_EDGE('',*,*,#3582,.T.);
#1998=ORIENTED_EDGE('',*,*,#3577,.F.);
#1999=ORIENTED_EDGE('',*,*,#3210,.F.);
#2000=ORIENTED_EDGE('',*,*,#3583,.F.);
#2001=ORIENTED_EDGE('',*,*,#3578,.F.);
#2002=ORIENTED_EDGE('',*,*,#3582,.F.);
#2003=ORIENTED_EDGE('',*,*,#3584,.T.);
#2004=ORIENTED_EDGE('',*,*,#3585,.T.);
#2005=ORIENTED_EDGE('',*,*,#3579,.F.);
#2006=ORIENTED_EDGE('',*,*,#3585,.F.);
#2007=ORIENTED_EDGE('',*,*,#3586,.T.);
#2008=ORIENTED_EDGE('',*,*,#3587,.T.);
#2009=ORIENTED_EDGE('',*,*,#3201,.F.);
#2010=ORIENTED_EDGE('',*,*,#3588,.F.);
#2011=ORIENTED_EDGE('',*,*,#3280,.F.);
#2012=ORIENTED_EDGE('',*,*,#3202,.F.);
#2013=ORIENTED_EDGE('',*,*,#3587,.F.);
#2014=ORIENTED_EDGE('',*,*,#3589,.T.);
#2015=ORIENTED_EDGE('',*,*,#3580,.T.);
#2016=ORIENTED_EDGE('',*,*,#3590,.T.);
#2017=ORIENTED_EDGE('',*,*,#3581,.F.);
#2018=ORIENTED_EDGE('',*,*,#3589,.F.);
#2019=ORIENTED_EDGE('',*,*,#3586,.F.);
#2020=ORIENTED_EDGE('',*,*,#3584,.F.);
#2021=ORIENTED_EDGE('',*,*,#3583,.T.);
#2022=ORIENTED_EDGE('',*,*,#3507,.T.);
#2023=ORIENTED_EDGE('',*,*,#3588,.T.);
#2024=ORIENTED_EDGE('',*,*,#3506,.F.);
#2025=ORIENTED_EDGE('',*,*,#3591,.T.);
#2026=ORIENTED_EDGE('',*,*,#3592,.T.);
#2027=ORIENTED_EDGE('',*,*,#3593,.T.);
#2028=ORIENTED_EDGE('',*,*,#3360,.F.);
#2029=ORIENTED_EDGE('',*,*,#3189,.F.);
#2030=ORIENTED_EDGE('',*,*,#3594,.F.);
#2031=ORIENTED_EDGE('',*,*,#3595,.T.);
#2032=ORIENTED_EDGE('',*,*,#3596,.T.);
#2033=ORIENTED_EDGE('',*,*,#3591,.F.);
#2034=ORIENTED_EDGE('',*,*,#3196,.F.);
#2035=ORIENTED_EDGE('',*,*,#3597,.F.);
#2036=ORIENTED_EDGE('',*,*,#3592,.F.);
#2037=ORIENTED_EDGE('',*,*,#3596,.F.);
#2038=ORIENTED_EDGE('',*,*,#3598,.T.);
#2039=ORIENTED_EDGE('',*,*,#3599,.T.);
#2040=ORIENTED_EDGE('',*,*,#3593,.F.);
#2041=ORIENTED_EDGE('',*,*,#3599,.F.);
#2042=ORIENTED_EDGE('',*,*,#3600,.T.);
#2043=ORIENTED_EDGE('',*,*,#3601,.T.);
#2044=ORIENTED_EDGE('',*,*,#3187,.F.);
#2045=ORIENTED_EDGE('',*,*,#3602,.F.);
#2046=ORIENTED_EDGE('',*,*,#3277,.F.);
#2047=ORIENTED_EDGE('',*,*,#3188,.F.);
#2048=ORIENTED_EDGE('',*,*,#3601,.F.);
#2049=ORIENTED_EDGE('',*,*,#3603,.T.);
#2050=ORIENTED_EDGE('',*,*,#3594,.T.);
#2051=ORIENTED_EDGE('',*,*,#3604,.T.);
#2052=ORIENTED_EDGE('',*,*,#3595,.F.);
#2053=ORIENTED_EDGE('',*,*,#3603,.F.);
#2054=ORIENTED_EDGE('',*,*,#3600,.F.);
#2055=ORIENTED_EDGE('',*,*,#3598,.F.);
#2056=ORIENTED_EDGE('',*,*,#3597,.T.);
#2057=ORIENTED_EDGE('',*,*,#3504,.T.);
#2058=ORIENTED_EDGE('',*,*,#3602,.T.);
#2059=ORIENTED_EDGE('',*,*,#3503,.F.);
#2060=ORIENTED_EDGE('',*,*,#3605,.T.);
#2061=ORIENTED_EDGE('',*,*,#3606,.T.);
#2062=ORIENTED_EDGE('',*,*,#3607,.T.);
#2063=ORIENTED_EDGE('',*,*,#3353,.F.);
#2064=ORIENTED_EDGE('',*,*,#3175,.F.);
#2065=ORIENTED_EDGE('',*,*,#3608,.F.);
#2066=ORIENTED_EDGE('',*,*,#3609,.T.);
#2067=ORIENTED_EDGE('',*,*,#3610,.T.);
#2068=ORIENTED_EDGE('',*,*,#3605,.F.);
#2069=ORIENTED_EDGE('',*,*,#3182,.F.);
#2070=ORIENTED_EDGE('',*,*,#3611,.F.);
#2071=ORIENTED_EDGE('',*,*,#3606,.F.);
#2072=ORIENTED_EDGE('',*,*,#3610,.F.);
#2073=ORIENTED_EDGE('',*,*,#3612,.T.);
#2074=ORIENTED_EDGE('',*,*,#3613,.T.);
#2075=ORIENTED_EDGE('',*,*,#3607,.F.);
#2076=ORIENTED_EDGE('',*,*,#3613,.F.);
#2077=ORIENTED_EDGE('',*,*,#3614,.T.);
#2078=ORIENTED_EDGE('',*,*,#3615,.T.);
#2079=ORIENTED_EDGE('',*,*,#3173,.F.);
#2080=ORIENTED_EDGE('',*,*,#3616,.F.);
#2081=ORIENTED_EDGE('',*,*,#3274,.F.);
#2082=ORIENTED_EDGE('',*,*,#3174,.F.);
#2083=ORIENTED_EDGE('',*,*,#3615,.F.);
#2084=ORIENTED_EDGE('',*,*,#3617,.T.);
#2085=ORIENTED_EDGE('',*,*,#3608,.T.);
#2086=ORIENTED_EDGE('',*,*,#3618,.T.);
#2087=ORIENTED_EDGE('',*,*,#3609,.F.);
#2088=ORIENTED_EDGE('',*,*,#3617,.F.);
#2089=ORIENTED_EDGE('',*,*,#3614,.F.);
#2090=ORIENTED_EDGE('',*,*,#3612,.F.);
#2091=ORIENTED_EDGE('',*,*,#3611,.T.);
#2092=ORIENTED_EDGE('',*,*,#3501,.T.);
#2093=ORIENTED_EDGE('',*,*,#3616,.T.);
#2094=ORIENTED_EDGE('',*,*,#3500,.F.);
#2095=ORIENTED_EDGE('',*,*,#3619,.T.);
#2096=ORIENTED_EDGE('',*,*,#3620,.T.);
#2097=ORIENTED_EDGE('',*,*,#3621,.T.);
#2098=ORIENTED_EDGE('',*,*,#3346,.F.);
#2099=ORIENTED_EDGE('',*,*,#3161,.F.);
#2100=ORIENTED_EDGE('',*,*,#3622,.F.);
#2101=ORIENTED_EDGE('',*,*,#3623,.T.);
#2102=ORIENTED_EDGE('',*,*,#3624,.T.);
#2103=ORIENTED_EDGE('',*,*,#3619,.F.);
#2104=ORIENTED_EDGE('',*,*,#3168,.F.);
#2105=ORIENTED_EDGE('',*,*,#3625,.F.);
#2106=ORIENTED_EDGE('',*,*,#3620,.F.);
#2107=ORIENTED_EDGE('',*,*,#3624,.F.);
#2108=ORIENTED_EDGE('',*,*,#3626,.T.);
#2109=ORIENTED_EDGE('',*,*,#3627,.T.);
#2110=ORIENTED_EDGE('',*,*,#3621,.F.);
#2111=ORIENTED_EDGE('',*,*,#3627,.F.);
#2112=ORIENTED_EDGE('',*,*,#3628,.T.);
#2113=ORIENTED_EDGE('',*,*,#3629,.T.);
#2114=ORIENTED_EDGE('',*,*,#3159,.F.);
#2115=ORIENTED_EDGE('',*,*,#3630,.F.);
#2116=ORIENTED_EDGE('',*,*,#3271,.F.);
#2117=ORIENTED_EDGE('',*,*,#3160,.F.);
#2118=ORIENTED_EDGE('',*,*,#3629,.F.);
#2119=ORIENTED_EDGE('',*,*,#3631,.T.);
#2120=ORIENTED_EDGE('',*,*,#3622,.T.);
#2121=ORIENTED_EDGE('',*,*,#3632,.T.);
#2122=ORIENTED_EDGE('',*,*,#3623,.F.);
#2123=ORIENTED_EDGE('',*,*,#3631,.F.);
#2124=ORIENTED_EDGE('',*,*,#3628,.F.);
#2125=ORIENTED_EDGE('',*,*,#3626,.F.);
#2126=ORIENTED_EDGE('',*,*,#3625,.T.);
#2127=ORIENTED_EDGE('',*,*,#3498,.T.);
#2128=ORIENTED_EDGE('',*,*,#3630,.T.);
#2129=ORIENTED_EDGE('',*,*,#3497,.F.);
#2130=ORIENTED_EDGE('',*,*,#3633,.T.);
#2131=ORIENTED_EDGE('',*,*,#3634,.T.);
#2132=ORIENTED_EDGE('',*,*,#3635,.T.);
#2133=ORIENTED_EDGE('',*,*,#3339,.F.);
#2134=ORIENTED_EDGE('',*,*,#3147,.F.);
#2135=ORIENTED_EDGE('',*,*,#3636,.F.);
#2136=ORIENTED_EDGE('',*,*,#3637,.T.);
#2137=ORIENTED_EDGE('',*,*,#3638,.T.);
#2138=ORIENTED_EDGE('',*,*,#3633,.F.);
#2139=ORIENTED_EDGE('',*,*,#3154,.F.);
#2140=ORIENTED_EDGE('',*,*,#3639,.F.);
#2141=ORIENTED_EDGE('',*,*,#3634,.F.);
#2142=ORIENTED_EDGE('',*,*,#3638,.F.);
#2143=ORIENTED_EDGE('',*,*,#3640,.T.);
#2144=ORIENTED_EDGE('',*,*,#3641,.T.);
#2145=ORIENTED_EDGE('',*,*,#3635,.F.);
#2146=ORIENTED_EDGE('',*,*,#3641,.F.);
#2147=ORIENTED_EDGE('',*,*,#3642,.T.);
#2148=ORIENTED_EDGE('',*,*,#3643,.T.);
#2149=ORIENTED_EDGE('',*,*,#3145,.F.);
#2150=ORIENTED_EDGE('',*,*,#3644,.F.);
#2151=ORIENTED_EDGE('',*,*,#3268,.F.);
#2152=ORIENTED_EDGE('',*,*,#3146,.F.);
#2153=ORIENTED_EDGE('',*,*,#3643,.F.);
#2154=ORIENTED_EDGE('',*,*,#3645,.T.);
#2155=ORIENTED_EDGE('',*,*,#3636,.T.);
#2156=ORIENTED_EDGE('',*,*,#3646,.T.);
#2157=ORIENTED_EDGE('',*,*,#3637,.F.);
#2158=ORIENTED_EDGE('',*,*,#3645,.F.);
#2159=ORIENTED_EDGE('',*,*,#3642,.F.);
#2160=ORIENTED_EDGE('',*,*,#3640,.F.);
#2161=ORIENTED_EDGE('',*,*,#3639,.T.);
#2162=ORIENTED_EDGE('',*,*,#3495,.T.);
#2163=ORIENTED_EDGE('',*,*,#3644,.T.);
#2164=ORIENTED_EDGE('',*,*,#3494,.F.);
#2165=ORIENTED_EDGE('',*,*,#3647,.T.);
#2166=ORIENTED_EDGE('',*,*,#3648,.T.);
#2167=ORIENTED_EDGE('',*,*,#3649,.T.);
#2168=ORIENTED_EDGE('',*,*,#3332,.F.);
#2169=ORIENTED_EDGE('',*,*,#3260,.F.);
#2170=ORIENTED_EDGE('',*,*,#3650,.F.);
#2171=ORIENTED_EDGE('',*,*,#3651,.T.);
#2172=ORIENTED_EDGE('',*,*,#3652,.T.);
#2173=ORIENTED_EDGE('',*,*,#3647,.F.);
#2174=ORIENTED_EDGE('',*,*,#3140,.F.);
#2175=ORIENTED_EDGE('',*,*,#3653,.F.);
#2176=ORIENTED_EDGE('',*,*,#3648,.F.);
#2177=ORIENTED_EDGE('',*,*,#3652,.F.);
#2178=ORIENTED_EDGE('',*,*,#3654,.T.);
#2179=ORIENTED_EDGE('',*,*,#3655,.T.);
#2180=ORIENTED_EDGE('',*,*,#3649,.F.);
#2181=ORIENTED_EDGE('',*,*,#3655,.F.);
#2182=ORIENTED_EDGE('',*,*,#3656,.T.);
#2183=ORIENTED_EDGE('',*,*,#3657,.T.);
#2184=ORIENTED_EDGE('',*,*,#3263,.F.);
#2185=ORIENTED_EDGE('',*,*,#3658,.F.);
#2186=ORIENTED_EDGE('',*,*,#3265,.F.);
#2187=ORIENTED_EDGE('',*,*,#3259,.F.);
#2188=ORIENTED_EDGE('',*,*,#3657,.F.);
#2189=ORIENTED_EDGE('',*,*,#3659,.T.);
#2190=ORIENTED_EDGE('',*,*,#3650,.T.);
#2191=ORIENTED_EDGE('',*,*,#3660,.T.);
#2192=ORIENTED_EDGE('',*,*,#3651,.F.);
#2193=ORIENTED_EDGE('',*,*,#3659,.F.);
#2194=ORIENTED_EDGE('',*,*,#3656,.F.);
#2195=ORIENTED_EDGE('',*,*,#3654,.F.);
#2196=ORIENTED_EDGE('',*,*,#3653,.T.);
#2197=ORIENTED_EDGE('',*,*,#3492,.T.);
#2198=ORIENTED_EDGE('',*,*,#3658,.T.);
#2199=ORIENTED_EDGE('',*,*,#3491,.F.);
#2200=ORIENTED_EDGE('',*,*,#3661,.F.);
#2201=ORIENTED_EDGE('',*,*,#3662,.F.);
#2202=ORIENTED_EDGE('',*,*,#3663,.T.);
#2203=ORIENTED_EDGE('',*,*,#3664,.T.);
#2204=ORIENTED_EDGE('',*,*,#3248,.F.);
#2205=ORIENTED_EDGE('',*,*,#3249,.F.);
#2206=ORIENTED_EDGE('',*,*,#3664,.F.);
#2207=ORIENTED_EDGE('',*,*,#3665,.T.);
#2208=ORIENTED_EDGE('',*,*,#3666,.T.);
#2209=ORIENTED_EDGE('',*,*,#3250,.F.);
#2210=ORIENTED_EDGE('',*,*,#3666,.F.);
#2211=ORIENTED_EDGE('',*,*,#3667,.T.);
#2212=ORIENTED_EDGE('',*,*,#3668,.T.);
#2213=ORIENTED_EDGE('',*,*,#3669,.F.);
#2214=ORIENTED_EDGE('',*,*,#3670,.F.);
#2215=ORIENTED_EDGE('',*,*,#3668,.F.);
#2216=ORIENTED_EDGE('',*,*,#3671,.T.);
#2217=ORIENTED_EDGE('',*,*,#3662,.T.);
#2218=ORIENTED_EDGE('',*,*,#3672,.T.);
#2219=ORIENTED_EDGE('',*,*,#3663,.F.);
#2220=ORIENTED_EDGE('',*,*,#3671,.F.);
#2221=ORIENTED_EDGE('',*,*,#3667,.F.);
#2222=ORIENTED_EDGE('',*,*,#3665,.F.);
#2223=ORIENTED_EDGE('',*,*,#3669,.T.);
#2224=ORIENTED_EDGE('',*,*,#3670,.T.);
#2225=ORIENTED_EDGE('',*,*,#3661,.T.);
#2226=ORIENTED_EDGE('',*,*,#3520,.T.);
#2227=ORIENTED_EDGE('',*,*,#3673,.F.);
#2228=ORIENTED_EDGE('',*,*,#3674,.F.);
#2229=ORIENTED_EDGE('',*,*,#3675,.T.);
#2230=ORIENTED_EDGE('',*,*,#3676,.T.);
#2231=ORIENTED_EDGE('',*,*,#3122,.F.);
#2232=ORIENTED_EDGE('',*,*,#3123,.F.);
#2233=ORIENTED_EDGE('',*,*,#3676,.F.);
#2234=ORIENTED_EDGE('',*,*,#3677,.T.);
#2235=ORIENTED_EDGE('',*,*,#3678,.T.);
#2236=ORIENTED_EDGE('',*,*,#3124,.F.);
#2237=ORIENTED_EDGE('',*,*,#3678,.F.);
#2238=ORIENTED_EDGE('',*,*,#3679,.T.);
#2239=ORIENTED_EDGE('',*,*,#3680,.T.);
#2240=ORIENTED_EDGE('',*,*,#3681,.F.);
#2241=ORIENTED_EDGE('',*,*,#3682,.F.);
#2242=ORIENTED_EDGE('',*,*,#3680,.F.);
#2243=ORIENTED_EDGE('',*,*,#3683,.T.);
#2244=ORIENTED_EDGE('',*,*,#3674,.T.);
#2245=ORIENTED_EDGE('',*,*,#3684,.T.);
#2246=ORIENTED_EDGE('',*,*,#3675,.F.);
#2247=ORIENTED_EDGE('',*,*,#3683,.F.);
#2248=ORIENTED_EDGE('',*,*,#3679,.F.);
#2249=ORIENTED_EDGE('',*,*,#3677,.F.);
#2250=ORIENTED_EDGE('',*,*,#3681,.T.);
#2251=ORIENTED_EDGE('',*,*,#3682,.T.);
#2252=ORIENTED_EDGE('',*,*,#3673,.T.);
#2253=ORIENTED_EDGE('',*,*,#3517,.T.);
#2254=ORIENTED_EDGE('',*,*,#3685,.F.);
#2255=ORIENTED_EDGE('',*,*,#3686,.F.);
#2256=ORIENTED_EDGE('',*,*,#3687,.T.);
#2257=ORIENTED_EDGE('',*,*,#3688,.T.);
#2258=ORIENTED_EDGE('',*,*,#3234,.F.);
#2259=ORIENTED_EDGE('',*,*,#3235,.F.);
#2260=ORIENTED_EDGE('',*,*,#3688,.F.);
#2261=ORIENTED_EDGE('',*,*,#3689,.T.);
#2262=ORIENTED_EDGE('',*,*,#3690,.T.);
#2263=ORIENTED_EDGE('',*,*,#3236,.F.);
#2264=ORIENTED_EDGE('',*,*,#3690,.F.);
#2265=ORIENTED_EDGE('',*,*,#3691,.T.);
#2266=ORIENTED_EDGE('',*,*,#3692,.T.);
#2267=ORIENTED_EDGE('',*,*,#3693,.F.);
#2268=ORIENTED_EDGE('',*,*,#3694,.F.);
#2269=ORIENTED_EDGE('',*,*,#3692,.F.);
#2270=ORIENTED_EDGE('',*,*,#3695,.T.);
#2271=ORIENTED_EDGE('',*,*,#3686,.T.);
#2272=ORIENTED_EDGE('',*,*,#3696,.T.);
#2273=ORIENTED_EDGE('',*,*,#3687,.F.);
#2274=ORIENTED_EDGE('',*,*,#3695,.F.);
#2275=ORIENTED_EDGE('',*,*,#3691,.F.);
#2276=ORIENTED_EDGE('',*,*,#3689,.F.);
#2277=ORIENTED_EDGE('',*,*,#3693,.T.);
#2278=ORIENTED_EDGE('',*,*,#3694,.T.);
#2279=ORIENTED_EDGE('',*,*,#3685,.T.);
#2280=ORIENTED_EDGE('',*,*,#3514,.T.);
#2281=ORIENTED_EDGE('',*,*,#3697,.F.);
#2282=ORIENTED_EDGE('',*,*,#3698,.F.);
#2283=ORIENTED_EDGE('',*,*,#3699,.T.);
#2284=ORIENTED_EDGE('',*,*,#3700,.T.);
#2285=ORIENTED_EDGE('',*,*,#3220,.F.);
#2286=ORIENTED_EDGE('',*,*,#3221,.F.);
#2287=ORIENTED_EDGE('',*,*,#3700,.F.);
#2288=ORIENTED_EDGE('',*,*,#3701,.T.);
#2289=ORIENTED_EDGE('',*,*,#3702,.T.);
#2290=ORIENTED_EDGE('',*,*,#3222,.F.);
#2291=ORIENTED_EDGE('',*,*,#3702,.F.);
#2292=ORIENTED_EDGE('',*,*,#3703,.T.);
#2293=ORIENTED_EDGE('',*,*,#3704,.T.);
#2294=ORIENTED_EDGE('',*,*,#3705,.F.);
#2295=ORIENTED_EDGE('',*,*,#3706,.F.);
#2296=ORIENTED_EDGE('',*,*,#3704,.F.);
#2297=ORIENTED_EDGE('',*,*,#3707,.T.);
#2298=ORIENTED_EDGE('',*,*,#3698,.T.);
#2299=ORIENTED_EDGE('',*,*,#3708,.T.);
#2300=ORIENTED_EDGE('',*,*,#3699,.F.);
#2301=ORIENTED_EDGE('',*,*,#3707,.F.);
#2302=ORIENTED_EDGE('',*,*,#3703,.F.);
#2303=ORIENTED_EDGE('',*,*,#3701,.F.);
#2304=ORIENTED_EDGE('',*,*,#3705,.T.);
#2305=ORIENTED_EDGE('',*,*,#3706,.T.);
#2306=ORIENTED_EDGE('',*,*,#3697,.T.);
#2307=ORIENTED_EDGE('',*,*,#3511,.T.);
#2308=ORIENTED_EDGE('',*,*,#3709,.F.);
#2309=ORIENTED_EDGE('',*,*,#3710,.F.);
#2310=ORIENTED_EDGE('',*,*,#3711,.T.);
#2311=ORIENTED_EDGE('',*,*,#3712,.T.);
#2312=ORIENTED_EDGE('',*,*,#3206,.F.);
#2313=ORIENTED_EDGE('',*,*,#3207,.F.);
#2314=ORIENTED_EDGE('',*,*,#3712,.F.);
#2315=ORIENTED_EDGE('',*,*,#3713,.T.);
#2316=ORIENTED_EDGE('',*,*,#3714,.T.);
#2317=ORIENTED_EDGE('',*,*,#3208,.F.);
#2318=ORIENTED_EDGE('',*,*,#3714,.F.);
#2319=ORIENTED_EDGE('',*,*,#3715,.T.);
#2320=ORIENTED_EDGE('',*,*,#3716,.T.);
#2321=ORIENTED_EDGE('',*,*,#3717,.F.);
#2322=ORIENTED_EDGE('',*,*,#3718,.F.);
#2323=ORIENTED_EDGE('',*,*,#3716,.F.);
#2324=ORIENTED_EDGE('',*,*,#3719,.T.);
#2325=ORIENTED_EDGE('',*,*,#3710,.T.);
#2326=ORIENTED_EDGE('',*,*,#3720,.T.);
#2327=ORIENTED_EDGE('',*,*,#3711,.F.);
#2328=ORIENTED_EDGE('',*,*,#3719,.F.);
#2329=ORIENTED_EDGE('',*,*,#3715,.F.);
#2330=ORIENTED_EDGE('',*,*,#3713,.F.);
#2331=ORIENTED_EDGE('',*,*,#3717,.T.);
#2332=ORIENTED_EDGE('',*,*,#3718,.T.);
#2333=ORIENTED_EDGE('',*,*,#3709,.T.);
#2334=ORIENTED_EDGE('',*,*,#3508,.T.);
#2335=ORIENTED_EDGE('',*,*,#3721,.F.);
#2336=ORIENTED_EDGE('',*,*,#3722,.F.);
#2337=ORIENTED_EDGE('',*,*,#3723,.T.);
#2338=ORIENTED_EDGE('',*,*,#3724,.T.);
#2339=ORIENTED_EDGE('',*,*,#3192,.F.);
#2340=ORIENTED_EDGE('',*,*,#3193,.F.);
#2341=ORIENTED_EDGE('',*,*,#3724,.F.);
#2342=ORIENTED_EDGE('',*,*,#3725,.T.);
#2343=ORIENTED_EDGE('',*,*,#3726,.T.);
#2344=ORIENTED_EDGE('',*,*,#3194,.F.);
#2345=ORIENTED_EDGE('',*,*,#3726,.F.);
#2346=ORIENTED_EDGE('',*,*,#3727,.T.);
#2347=ORIENTED_EDGE('',*,*,#3728,.T.);
#2348=ORIENTED_EDGE('',*,*,#3729,.F.);
#2349=ORIENTED_EDGE('',*,*,#3730,.F.);
#2350=ORIENTED_EDGE('',*,*,#3728,.F.);
#2351=ORIENTED_EDGE('',*,*,#3731,.T.);
#2352=ORIENTED_EDGE('',*,*,#3722,.T.);
#2353=ORIENTED_EDGE('',*,*,#3732,.T.);
#2354=ORIENTED_EDGE('',*,*,#3723,.F.);
#2355=ORIENTED_EDGE('',*,*,#3731,.F.);
#2356=ORIENTED_EDGE('',*,*,#3727,.F.);
#2357=ORIENTED_EDGE('',*,*,#3725,.F.);
#2358=ORIENTED_EDGE('',*,*,#3729,.T.);
#2359=ORIENTED_EDGE('',*,*,#3730,.T.);
#2360=ORIENTED_EDGE('',*,*,#3721,.T.);
#2361=ORIENTED_EDGE('',*,*,#3505,.T.);
#2362=ORIENTED_EDGE('',*,*,#3733,.F.);
#2363=ORIENTED_EDGE('',*,*,#3734,.F.);
#2364=ORIENTED_EDGE('',*,*,#3735,.T.);
#2365=ORIENTED_EDGE('',*,*,#3736,.T.);
#2366=ORIENTED_EDGE('',*,*,#3178,.F.);
#2367=ORIENTED_EDGE('',*,*,#3179,.F.);
#2368=ORIENTED_EDGE('',*,*,#3736,.F.);
#2369=ORIENTED_EDGE('',*,*,#3737,.T.);
#2370=ORIENTED_EDGE('',*,*,#3738,.T.);
#2371=ORIENTED_EDGE('',*,*,#3180,.F.);
#2372=ORIENTED_EDGE('',*,*,#3738,.F.);
#2373=ORIENTED_EDGE('',*,*,#3739,.T.);
#2374=ORIENTED_EDGE('',*,*,#3740,.T.);
#2375=ORIENTED_EDGE('',*,*,#3741,.F.);
#2376=ORIENTED_EDGE('',*,*,#3742,.F.);
#2377=ORIENTED_EDGE('',*,*,#3740,.F.);
#2378=ORIENTED_EDGE('',*,*,#3743,.T.);
#2379=ORIENTED_EDGE('',*,*,#3734,.T.);
#2380=ORIENTED_EDGE('',*,*,#3744,.T.);
#2381=ORIENTED_EDGE('',*,*,#3735,.F.);
#2382=ORIENTED_EDGE('',*,*,#3743,.F.);
#2383=ORIENTED_EDGE('',*,*,#3739,.F.);
#2384=ORIENTED_EDGE('',*,*,#3737,.F.);
#2385=ORIENTED_EDGE('',*,*,#3741,.T.);
#2386=ORIENTED_EDGE('',*,*,#3742,.T.);
#2387=ORIENTED_EDGE('',*,*,#3733,.T.);
#2388=ORIENTED_EDGE('',*,*,#3502,.T.);
#2389=ORIENTED_EDGE('',*,*,#3745,.F.);
#2390=ORIENTED_EDGE('',*,*,#3746,.F.);
#2391=ORIENTED_EDGE('',*,*,#3747,.T.);
#2392=ORIENTED_EDGE('',*,*,#3748,.T.);
#2393=ORIENTED_EDGE('',*,*,#3164,.F.);
#2394=ORIENTED_EDGE('',*,*,#3165,.F.);
#2395=ORIENTED_EDGE('',*,*,#3748,.F.);
#2396=ORIENTED_EDGE('',*,*,#3749,.T.);
#2397=ORIENTED_EDGE('',*,*,#3750,.T.);
#2398=ORIENTED_EDGE('',*,*,#3166,.F.);
#2399=ORIENTED_EDGE('',*,*,#3750,.F.);
#2400=ORIENTED_EDGE('',*,*,#3751,.T.);
#2401=ORIENTED_EDGE('',*,*,#3752,.T.);
#2402=ORIENTED_EDGE('',*,*,#3753,.F.);
#2403=ORIENTED_EDGE('',*,*,#3754,.F.);
#2404=ORIENTED_EDGE('',*,*,#3752,.F.);
#2405=ORIENTED_EDGE('',*,*,#3755,.T.);
#2406=ORIENTED_EDGE('',*,*,#3746,.T.);
#2407=ORIENTED_EDGE('',*,*,#3756,.T.);
#2408=ORIENTED_EDGE('',*,*,#3747,.F.);
#2409=ORIENTED_EDGE('',*,*,#3755,.F.);
#2410=ORIENTED_EDGE('',*,*,#3751,.F.);
#2411=ORIENTED_EDGE('',*,*,#3749,.F.);
#2412=ORIENTED_EDGE('',*,*,#3753,.T.);
#2413=ORIENTED_EDGE('',*,*,#3754,.T.);
#2414=ORIENTED_EDGE('',*,*,#3745,.T.);
#2415=ORIENTED_EDGE('',*,*,#3499,.T.);
#2416=ORIENTED_EDGE('',*,*,#3757,.F.);
#2417=ORIENTED_EDGE('',*,*,#3758,.F.);
#2418=ORIENTED_EDGE('',*,*,#3759,.T.);
#2419=ORIENTED_EDGE('',*,*,#3760,.T.);
#2420=ORIENTED_EDGE('',*,*,#3150,.F.);
#2421=ORIENTED_EDGE('',*,*,#3151,.F.);
#2422=ORIENTED_EDGE('',*,*,#3760,.F.);
#2423=ORIENTED_EDGE('',*,*,#3761,.T.);
#2424=ORIENTED_EDGE('',*,*,#3762,.T.);
#2425=ORIENTED_EDGE('',*,*,#3152,.F.);
#2426=ORIENTED_EDGE('',*,*,#3762,.F.);
#2427=ORIENTED_EDGE('',*,*,#3763,.T.);
#2428=ORIENTED_EDGE('',*,*,#3764,.T.);
#2429=ORIENTED_EDGE('',*,*,#3765,.F.);
#2430=ORIENTED_EDGE('',*,*,#3766,.F.);
#2431=ORIENTED_EDGE('',*,*,#3764,.F.);
#2432=ORIENTED_EDGE('',*,*,#3767,.T.);
#2433=ORIENTED_EDGE('',*,*,#3758,.T.);
#2434=ORIENTED_EDGE('',*,*,#3768,.T.);
#2435=ORIENTED_EDGE('',*,*,#3759,.F.);
#2436=ORIENTED_EDGE('',*,*,#3767,.F.);
#2437=ORIENTED_EDGE('',*,*,#3763,.F.);
#2438=ORIENTED_EDGE('',*,*,#3761,.F.);
#2439=ORIENTED_EDGE('',*,*,#3765,.T.);
#2440=ORIENTED_EDGE('',*,*,#3766,.T.);
#2441=ORIENTED_EDGE('',*,*,#3757,.T.);
#2442=ORIENTED_EDGE('',*,*,#3496,.T.);
#2443=ORIENTED_EDGE('',*,*,#3769,.F.);
#2444=ORIENTED_EDGE('',*,*,#3770,.F.);
#2445=ORIENTED_EDGE('',*,*,#3771,.T.);
#2446=ORIENTED_EDGE('',*,*,#3772,.T.);
#2447=ORIENTED_EDGE('',*,*,#3136,.F.);
#2448=ORIENTED_EDGE('',*,*,#3137,.F.);
#2449=ORIENTED_EDGE('',*,*,#3772,.F.);
#2450=ORIENTED_EDGE('',*,*,#3773,.T.);
#2451=ORIENTED_EDGE('',*,*,#3774,.T.);
#2452=ORIENTED_EDGE('',*,*,#3138,.F.);
#2453=ORIENTED_EDGE('',*,*,#3774,.F.);
#2454=ORIENTED_EDGE('',*,*,#3775,.T.);
#2455=ORIENTED_EDGE('',*,*,#3776,.T.);
#2456=ORIENTED_EDGE('',*,*,#3777,.F.);
#2457=ORIENTED_EDGE('',*,*,#3778,.F.);
#2458=ORIENTED_EDGE('',*,*,#3776,.F.);
#2459=ORIENTED_EDGE('',*,*,#3779,.T.);
#2460=ORIENTED_EDGE('',*,*,#3770,.T.);
#2461=ORIENTED_EDGE('',*,*,#3780,.T.);
#2462=ORIENTED_EDGE('',*,*,#3771,.F.);
#2463=ORIENTED_EDGE('',*,*,#3779,.F.);
#2464=ORIENTED_EDGE('',*,*,#3775,.F.);
#2465=ORIENTED_EDGE('',*,*,#3773,.F.);
#2466=ORIENTED_EDGE('',*,*,#3777,.T.);
#2467=ORIENTED_EDGE('',*,*,#3778,.T.);
#2468=ORIENTED_EDGE('',*,*,#3769,.T.);
#2469=ORIENTED_EDGE('',*,*,#3493,.T.);
#2470=ORIENTED_EDGE('',*,*,#3781,.F.);
#2471=ORIENTED_EDGE('',*,*,#3782,.T.);
#2472=ORIENTED_EDGE('',*,*,#3783,.F.);
#2473=ORIENTED_EDGE('',*,*,#3784,.T.);
#2474=ORIENTED_EDGE('',*,*,#3785,.F.);
#2475=ORIENTED_EDGE('',*,*,#3786,.T.);
#2476=ORIENTED_EDGE('',*,*,#3787,.F.);
#2477=ORIENTED_EDGE('',*,*,#3788,.T.);
#2478=ORIENTED_EDGE('',*,*,#3789,.F.);
#2479=ORIENTED_EDGE('',*,*,#3790,.T.);
#2480=ORIENTED_EDGE('',*,*,#3791,.F.);
#2481=ORIENTED_EDGE('',*,*,#3792,.T.);
#2482=ORIENTED_EDGE('',*,*,#3793,.F.);
#2483=ORIENTED_EDGE('',*,*,#3794,.T.);
#2484=ORIENTED_EDGE('',*,*,#3795,.F.);
#2485=ORIENTED_EDGE('',*,*,#3796,.T.);
#2486=ORIENTED_EDGE('',*,*,#3797,.F.);
#2487=ORIENTED_EDGE('',*,*,#3798,.T.);
#2488=ORIENTED_EDGE('',*,*,#3799,.F.);
#2489=ORIENTED_EDGE('',*,*,#3800,.T.);
#2490=ORIENTED_EDGE('',*,*,#3801,.F.);
#2491=ORIENTED_EDGE('',*,*,#3802,.T.);
#2492=ORIENTED_EDGE('',*,*,#3803,.F.);
#2493=ORIENTED_EDGE('',*,*,#3804,.T.);
#2494=ORIENTED_EDGE('',*,*,#3805,.F.);
#2495=ORIENTED_EDGE('',*,*,#3806,.T.);
#2496=ORIENTED_EDGE('',*,*,#3807,.F.);
#2497=ORIENTED_EDGE('',*,*,#3808,.T.);
#2498=ORIENTED_EDGE('',*,*,#3809,.F.);
#2499=ORIENTED_EDGE('',*,*,#3810,.T.);
#2500=ORIENTED_EDGE('',*,*,#3811,.F.);
#2501=ORIENTED_EDGE('',*,*,#3812,.T.);
#2502=ORIENTED_EDGE('',*,*,#3813,.F.);
#2503=ORIENTED_EDGE('',*,*,#3814,.T.);
#2504=ORIENTED_EDGE('',*,*,#3815,.F.);
#2505=ORIENTED_EDGE('',*,*,#3816,.T.);
#2506=ORIENTED_EDGE('',*,*,#3817,.F.);
#2507=ORIENTED_EDGE('',*,*,#3818,.T.);
#2508=ORIENTED_EDGE('',*,*,#3819,.F.);
#2509=ORIENTED_EDGE('',*,*,#3820,.T.);
#2510=ORIENTED_EDGE('',*,*,#2990,.F.);
#2511=ORIENTED_EDGE('',*,*,#3039,.F.);
#2512=ORIENTED_EDGE('',*,*,#2994,.F.);
#2513=ORIENTED_EDGE('',*,*,#2997,.F.);
#2514=ORIENTED_EDGE('',*,*,#3820,.F.);
#2515=ORIENTED_EDGE('',*,*,#3818,.F.);
#2516=ORIENTED_EDGE('',*,*,#3816,.F.);
#2517=ORIENTED_EDGE('',*,*,#3814,.F.);
#2518=ORIENTED_EDGE('',*,*,#3812,.F.);
#2519=ORIENTED_EDGE('',*,*,#3810,.F.);
#2520=ORIENTED_EDGE('',*,*,#3808,.F.);
#2521=ORIENTED_EDGE('',*,*,#3806,.F.);
#2522=ORIENTED_EDGE('',*,*,#3804,.F.);
#2523=ORIENTED_EDGE('',*,*,#3802,.F.);
#2524=ORIENTED_EDGE('',*,*,#3800,.F.);
#2525=ORIENTED_EDGE('',*,*,#3798,.F.);
#2526=ORIENTED_EDGE('',*,*,#3796,.F.);
#2527=ORIENTED_EDGE('',*,*,#3794,.F.);
#2528=ORIENTED_EDGE('',*,*,#3792,.F.);
#2529=ORIENTED_EDGE('',*,*,#3790,.F.);
#2530=ORIENTED_EDGE('',*,*,#3788,.F.);
#2531=ORIENTED_EDGE('',*,*,#3786,.F.);
#2532=ORIENTED_EDGE('',*,*,#3784,.F.);
#2533=ORIENTED_EDGE('',*,*,#3782,.F.);
#2534=ORIENTED_EDGE('',*,*,#3821,.F.);
#2535=ORIENTED_EDGE('',*,*,#3817,.T.);
#2536=ORIENTED_EDGE('',*,*,#3822,.F.);
#2537=ORIENTED_EDGE('',*,*,#3815,.T.);
#2538=ORIENTED_EDGE('',*,*,#3823,.F.);
#2539=ORIENTED_EDGE('',*,*,#3813,.T.);
#2540=ORIENTED_EDGE('',*,*,#3824,.F.);
#2541=ORIENTED_EDGE('',*,*,#3811,.T.);
#2542=ORIENTED_EDGE('',*,*,#3825,.F.);
#2543=ORIENTED_EDGE('',*,*,#3809,.T.);
#2544=ORIENTED_EDGE('',*,*,#3826,.F.);
#2545=ORIENTED_EDGE('',*,*,#3807,.T.);
#2546=ORIENTED_EDGE('',*,*,#3827,.F.);
#2547=ORIENTED_EDGE('',*,*,#3805,.T.);
#2548=ORIENTED_EDGE('',*,*,#3828,.F.);
#2549=ORIENTED_EDGE('',*,*,#3803,.T.);
#2550=ORIENTED_EDGE('',*,*,#3829,.F.);
#2551=ORIENTED_EDGE('',*,*,#3801,.T.);
#2552=ORIENTED_EDGE('',*,*,#3830,.F.);
#2553=ORIENTED_EDGE('',*,*,#3799,.T.);
#2554=ORIENTED_EDGE('',*,*,#3831,.F.);
#2555=ORIENTED_EDGE('',*,*,#3797,.T.);
#2556=ORIENTED_EDGE('',*,*,#3832,.F.);
#2557=ORIENTED_EDGE('',*,*,#3795,.T.);
#2558=ORIENTED_EDGE('',*,*,#3833,.F.);
#2559=ORIENTED_EDGE('',*,*,#3793,.T.);
#2560=ORIENTED_EDGE('',*,*,#3834,.F.);
#2561=ORIENTED_EDGE('',*,*,#3791,.T.);
#2562=ORIENTED_EDGE('',*,*,#3835,.F.);
#2563=ORIENTED_EDGE('',*,*,#3789,.T.);
#2564=ORIENTED_EDGE('',*,*,#3836,.F.);
#2565=ORIENTED_EDGE('',*,*,#3787,.T.);
#2566=ORIENTED_EDGE('',*,*,#3837,.F.);
#2567=ORIENTED_EDGE('',*,*,#3785,.T.);
#2568=ORIENTED_EDGE('',*,*,#3838,.F.);
#2569=ORIENTED_EDGE('',*,*,#3783,.T.);
#2570=ORIENTED_EDGE('',*,*,#3839,.F.);
#2571=ORIENTED_EDGE('',*,*,#3781,.T.);
#2572=ORIENTED_EDGE('',*,*,#3840,.F.);
#2573=ORIENTED_EDGE('',*,*,#3819,.T.);
#2574=ORIENTED_EDGE('',*,*,#3821,.T.);
#2575=ORIENTED_EDGE('',*,*,#3534,.F.);
#2576=ORIENTED_EDGE('',*,*,#3840,.T.);
#2577=ORIENTED_EDGE('',*,*,#3672,.F.);
#2578=ORIENTED_EDGE('',*,*,#3839,.T.);
#2579=ORIENTED_EDGE('',*,*,#3660,.F.);
#2580=ORIENTED_EDGE('',*,*,#3838,.T.);
#2581=ORIENTED_EDGE('',*,*,#3780,.F.);
#2582=ORIENTED_EDGE('',*,*,#3837,.T.);
#2583=ORIENTED_EDGE('',*,*,#3646,.F.);
#2584=ORIENTED_EDGE('',*,*,#3836,.T.);
#2585=ORIENTED_EDGE('',*,*,#3768,.F.);
#2586=ORIENTED_EDGE('',*,*,#3835,.T.);
#2587=ORIENTED_EDGE('',*,*,#3632,.F.);
#2588=ORIENTED_EDGE('',*,*,#3834,.T.);
#2589=ORIENTED_EDGE('',*,*,#3756,.F.);
#2590=ORIENTED_EDGE('',*,*,#3833,.T.);
#2591=ORIENTED_EDGE('',*,*,#3618,.F.);
#2592=ORIENTED_EDGE('',*,*,#3832,.T.);
#2593=ORIENTED_EDGE('',*,*,#3744,.F.);
#2594=ORIENTED_EDGE('',*,*,#3831,.T.);
#2595=ORIENTED_EDGE('',*,*,#3604,.F.);
#2596=ORIENTED_EDGE('',*,*,#3830,.T.);
#2597=ORIENTED_EDGE('',*,*,#3732,.F.);
#2598=ORIENTED_EDGE('',*,*,#3829,.T.);
#2599=ORIENTED_EDGE('',*,*,#3590,.F.);
#2600=ORIENTED_EDGE('',*,*,#3828,.T.);
#2601=ORIENTED_EDGE('',*,*,#3720,.F.);
#2602=ORIENTED_EDGE('',*,*,#3827,.T.);
#2603=ORIENTED_EDGE('',*,*,#3576,.F.);
#2604=ORIENTED_EDGE('',*,*,#3826,.T.);
#2605=ORIENTED_EDGE('',*,*,#3708,.F.);
#2606=ORIENTED_EDGE('',*,*,#3825,.T.);
#2607=ORIENTED_EDGE('',*,*,#3562,.F.);
#2608=ORIENTED_EDGE('',*,*,#3824,.T.);
#2609=ORIENTED_EDGE('',*,*,#3696,.F.);
#2610=ORIENTED_EDGE('',*,*,#3823,.T.);
#2611=ORIENTED_EDGE('',*,*,#3548,.F.);
#2612=ORIENTED_EDGE('',*,*,#3822,.T.);
#2613=ORIENTED_EDGE('',*,*,#3684,.F.);
#2614=EDGE_CURVE('',#3841,#3842,#4659,.T.);
#2615=EDGE_CURVE('',#3841,#3843,#4660,.T.);
#2616=EDGE_CURVE('',#3844,#3843,#4661,.T.);
#2617=EDGE_CURVE('',#3842,#3844,#4662,.T.);
#2618=EDGE_CURVE('',#3845,#3846,#4663,.T.);
#2619=EDGE_CURVE('',#3845,#3842,#74,.T.);
#2620=EDGE_CURVE('',#3844,#3847,#4664,.T.);
#2621=EDGE_CURVE('',#3848,#3847,#4665,.T.);
#2622=EDGE_CURVE('',#3849,#3848,#4666,.T.);
#2623=EDGE_CURVE('',#3849,#3850,#75,.T.);
#2624=EDGE_CURVE('',#3850,#3851,#4667,.T.);
#2625=EDGE_CURVE('',#3851,#3852,#76,.T.);
#2626=EDGE_CURVE('',#3853,#3852,#4668,.T.);
#2627=EDGE_CURVE('',#3854,#3853,#4669,.T.);
#2628=EDGE_CURVE('',#3854,#3855,#4670,.T.);
#2629=EDGE_CURVE('',#3846,#3855,#4671,.T.);
#2630=EDGE_CURVE('',#3856,#3857,#4672,.T.);
#2631=EDGE_CURVE('',#3856,#3858,#4673,.T.);
#2632=EDGE_CURVE('',#3859,#3858,#4674,.T.);
#2633=EDGE_CURVE('',#3857,#3859,#4675,.T.);
#2634=EDGE_CURVE('',#3860,#3861,#4676,.T.);
#2635=EDGE_CURVE('',#3860,#3862,#4677,.T.);
#2636=EDGE_CURVE('',#3863,#3862,#4678,.T.);
#2637=EDGE_CURVE('',#3861,#3863,#4679,.T.);
#2638=EDGE_CURVE('',#3864,#3865,#4680,.T.);
#2639=EDGE_CURVE('',#3864,#3866,#4681,.T.);
#2640=EDGE_CURVE('',#3867,#3866,#4682,.T.);
#2641=EDGE_CURVE('',#3865,#3867,#4683,.T.);
#2642=EDGE_CURVE('',#3868,#3869,#4684,.T.);
#2643=EDGE_CURVE('',#3868,#3870,#4685,.T.);
#2644=EDGE_CURVE('',#3871,#3870,#4686,.T.);
#2645=EDGE_CURVE('',#3869,#3871,#4687,.T.);
#2646=EDGE_CURVE('',#3872,#3841,#77,.T.);
#2647=EDGE_CURVE('',#3872,#3873,#4688,.T.);
#2648=EDGE_CURVE('',#3873,#3874,#4689,.T.);
#2649=EDGE_CURVE('',#3875,#3874,#4690,.T.);
#2650=EDGE_CURVE('',#3875,#3876,#4691,.T.);
#2651=EDGE_CURVE('',#3876,#3877,#4692,.T.);
#2652=EDGE_CURVE('',#3878,#3877,#78,.T.);
#2653=EDGE_CURVE('',#3879,#3878,#4693,.T.);
#2654=EDGE_CURVE('',#3880,#3879,#79,.T.);
#2655=EDGE_CURVE('',#3880,#3881,#4694,.T.);
#2656=EDGE_CURVE('',#3881,#3882,#4695,.T.);
#2657=EDGE_CURVE('',#3843,#3882,#4696,.T.);
#2658=EDGE_CURVE('',#3878,#3851,#4697,.T.);
#2659=EDGE_CURVE('',#3879,#3850,#4698,.T.);
#2660=EDGE_CURVE('',#3883,#3884,#4699,.T.);
#2661=EDGE_CURVE('',#3884,#3885,#4700,.T.);
#2662=EDGE_CURVE('',#3885,#3886,#4701,.T.);
#2663=EDGE_CURVE('',#3886,#3883,#4702,.T.);
#2664=EDGE_CURVE('',#3887,#3888,#4703,.T.);
#2665=EDGE_CURVE('',#3888,#3889,#4704,.T.);
#2666=EDGE_CURVE('',#3889,#3890,#4705,.T.);
#2667=EDGE_CURVE('',#3890,#3887,#4706,.T.);
#2668=EDGE_CURVE('',#3891,#3892,#4707,.T.);
#2669=EDGE_CURVE('',#3892,#3893,#4708,.T.);
#2670=EDGE_CURVE('',#3893,#3894,#4709,.T.);
#2671=EDGE_CURVE('',#3894,#3891,#4710,.T.);
#2672=EDGE_CURVE('',#3895,#3896,#4711,.T.);
#2673=EDGE_CURVE('',#3896,#3897,#4712,.T.);
#2674=EDGE_CURVE('',#3897,#3898,#4713,.T.);
#2675=EDGE_CURVE('',#3898,#3895,#4714,.T.);
#2676=EDGE_CURVE('',#3899,#3900,#4715,.T.);
#2677=EDGE_CURVE('',#3900,#3901,#4716,.T.);
#2678=EDGE_CURVE('',#3901,#3902,#4717,.T.);
#2679=EDGE_CURVE('',#3902,#3899,#4718,.T.);
#2680=EDGE_CURVE('',#3903,#3904,#4719,.T.);
#2681=EDGE_CURVE('',#3904,#3905,#4720,.T.);
#2682=EDGE_CURVE('',#3905,#3906,#4721,.T.);
#2683=EDGE_CURVE('',#3906,#3903,#4722,.T.);
#2684=EDGE_CURVE('',#3907,#3908,#4723,.T.);
#2685=EDGE_CURVE('',#3908,#3909,#4724,.T.);
#2686=EDGE_CURVE('',#3909,#3910,#4725,.T.);
#2687=EDGE_CURVE('',#3910,#3907,#4726,.T.);
#2688=EDGE_CURVE('',#3911,#3912,#4727,.T.);
#2689=EDGE_CURVE('',#3912,#3913,#4728,.T.);
#2690=EDGE_CURVE('',#3913,#3914,#4729,.T.);
#2691=EDGE_CURVE('',#3914,#3911,#4730,.T.);
#2692=EDGE_CURVE('',#3915,#3916,#4731,.T.);
#2693=EDGE_CURVE('',#3916,#3917,#4732,.T.);
#2694=EDGE_CURVE('',#3917,#3918,#4733,.T.);
#2695=EDGE_CURVE('',#3918,#3915,#4734,.T.);
#2696=EDGE_CURVE('',#3919,#3920,#4735,.T.);
#2697=EDGE_CURVE('',#3920,#3921,#4736,.T.);
#2698=EDGE_CURVE('',#3921,#3922,#4737,.T.);
#2699=EDGE_CURVE('',#3922,#3919,#4738,.T.);
#2700=EDGE_CURVE('',#3923,#3924,#4739,.T.);
#2701=EDGE_CURVE('',#3924,#3925,#4740,.T.);
#2702=EDGE_CURVE('',#3925,#3926,#4741,.T.);
#2703=EDGE_CURVE('',#3926,#3923,#4742,.T.);
#2704=EDGE_CURVE('',#3927,#3928,#4743,.T.);
#2705=EDGE_CURVE('',#3928,#3929,#4744,.T.);
#2706=EDGE_CURVE('',#3929,#3930,#4745,.T.);
#2707=EDGE_CURVE('',#3930,#3927,#4746,.T.);
#2708=EDGE_CURVE('',#3931,#3932,#4747,.T.);
#2709=EDGE_CURVE('',#3932,#3933,#4748,.T.);
#2710=EDGE_CURVE('',#3933,#3934,#4749,.T.);
#2711=EDGE_CURVE('',#3934,#3931,#4750,.T.);
#2712=EDGE_CURVE('',#3935,#3936,#4751,.T.);
#2713=EDGE_CURVE('',#3936,#3937,#4752,.T.);
#2714=EDGE_CURVE('',#3937,#3938,#4753,.T.);
#2715=EDGE_CURVE('',#3938,#3935,#4754,.T.);
#2716=EDGE_CURVE('',#3939,#3940,#4755,.T.);
#2717=EDGE_CURVE('',#3940,#3941,#4756,.T.);
#2718=EDGE_CURVE('',#3941,#3942,#4757,.T.);
#2719=EDGE_CURVE('',#3942,#3939,#4758,.T.);
#2720=EDGE_CURVE('',#3943,#3944,#4759,.T.);
#2721=EDGE_CURVE('',#3944,#3945,#4760,.T.);
#2722=EDGE_CURVE('',#3945,#3946,#4761,.T.);
#2723=EDGE_CURVE('',#3946,#3943,#4762,.T.);
#2724=EDGE_CURVE('',#3947,#3948,#4763,.T.);
#2725=EDGE_CURVE('',#3948,#3949,#4764,.T.);
#2726=EDGE_CURVE('',#3949,#3950,#4765,.T.);
#2727=EDGE_CURVE('',#3950,#3947,#4766,.T.);
#2728=EDGE_CURVE('',#3951,#3952,#4767,.T.);
#2729=EDGE_CURVE('',#3952,#3953,#4768,.T.);
#2730=EDGE_CURVE('',#3953,#3954,#4769,.T.);
#2731=EDGE_CURVE('',#3954,#3951,#4770,.T.);
#2732=EDGE_CURVE('',#3955,#3956,#4771,.T.);
#2733=EDGE_CURVE('',#3956,#3957,#4772,.T.);
#2734=EDGE_CURVE('',#3957,#3958,#4773,.T.);
#2735=EDGE_CURVE('',#3958,#3955,#4774,.T.);
#2736=EDGE_CURVE('',#3959,#3960,#4775,.T.);
#2737=EDGE_CURVE('',#3960,#3961,#4776,.T.);
#2738=EDGE_CURVE('',#3961,#3962,#4777,.T.);
#2739=EDGE_CURVE('',#3962,#3959,#4778,.T.);
#2740=EDGE_CURVE('',#3874,#3855,#4779,.T.);
#2741=EDGE_CURVE('',#3875,#3854,#4780,.T.);
#2742=EDGE_CURVE('',#3963,#3964,#4781,.T.);
#2743=EDGE_CURVE('',#3965,#3963,#4782,.T.);
#2744=EDGE_CURVE('',#3966,#3965,#4783,.T.);
#2745=EDGE_CURVE('',#3964,#3966,#4784,.T.);
#2746=EDGE_CURVE('',#3967,#3968,#4785,.T.);
#2747=EDGE_CURVE('',#3969,#3967,#4786,.T.);
#2748=EDGE_CURVE('',#3970,#3969,#4787,.T.);
#2749=EDGE_CURVE('',#3968,#3970,#4788,.T.);
#2750=EDGE_CURVE('',#3971,#3972,#4789,.T.);
#2751=EDGE_CURVE('',#3973,#3971,#4790,.T.);
#2752=EDGE_CURVE('',#3974,#3973,#4791,.T.);
#2753=EDGE_CURVE('',#3972,#3974,#4792,.T.);
#2754=EDGE_CURVE('',#3975,#3976,#4793,.T.);
#2755=EDGE_CURVE('',#3977,#3975,#4794,.T.);
#2756=EDGE_CURVE('',#3978,#3977,#4795,.T.);
#2757=EDGE_CURVE('',#3976,#3978,#4796,.T.);
#2758=EDGE_CURVE('',#3979,#3980,#4797,.T.);
#2759=EDGE_CURVE('',#3981,#3979,#4798,.T.);
#2760=EDGE_CURVE('',#3982,#3981,#4799,.T.);
#2761=EDGE_CURVE('',#3980,#3982,#4800,.T.);
#2762=EDGE_CURVE('',#3983,#3984,#4801,.T.);
#2763=EDGE_CURVE('',#3985,#3983,#4802,.T.);
#2764=EDGE_CURVE('',#3986,#3985,#4803,.T.);
#2765=EDGE_CURVE('',#3984,#3986,#4804,.T.);
#2766=EDGE_CURVE('',#3987,#3988,#4805,.T.);
#2767=EDGE_CURVE('',#3989,#3987,#4806,.T.);
#2768=EDGE_CURVE('',#3990,#3989,#4807,.T.);
#2769=EDGE_CURVE('',#3988,#3990,#4808,.T.);
#2770=EDGE_CURVE('',#3991,#3992,#4809,.T.);
#2771=EDGE_CURVE('',#3993,#3991,#4810,.T.);
#2772=EDGE_CURVE('',#3994,#3993,#4811,.T.);
#2773=EDGE_CURVE('',#3992,#3994,#4812,.T.);
#2774=EDGE_CURVE('',#3995,#3996,#4813,.T.);
#2775=EDGE_CURVE('',#3997,#3995,#4814,.T.);
#2776=EDGE_CURVE('',#3998,#3997,#4815,.T.);
#2777=EDGE_CURVE('',#3996,#3998,#4816,.T.);
#2778=EDGE_CURVE('',#3999,#4000,#4817,.T.);
#2779=EDGE_CURVE('',#4001,#3999,#4818,.T.);
#2780=EDGE_CURVE('',#4002,#4001,#4819,.T.);
#2781=EDGE_CURVE('',#4000,#4002,#4820,.T.);
#2782=EDGE_CURVE('',#4003,#4004,#4821,.T.);
#2783=EDGE_CURVE('',#4005,#4003,#4822,.T.);
#2784=EDGE_CURVE('',#4006,#4005,#4823,.T.);
#2785=EDGE_CURVE('',#4004,#4006,#4824,.T.);
#2786=EDGE_CURVE('',#4007,#4008,#4825,.T.);
#2787=EDGE_CURVE('',#4009,#4007,#4826,.T.);
#2788=EDGE_CURVE('',#4010,#4009,#4827,.T.);
#2789=EDGE_CURVE('',#4008,#4010,#4828,.T.);
#2790=EDGE_CURVE('',#4011,#4012,#4829,.T.);
#2791=EDGE_CURVE('',#4013,#4011,#4830,.T.);
#2792=EDGE_CURVE('',#4014,#4013,#4831,.T.);
#2793=EDGE_CURVE('',#4012,#4014,#4832,.T.);
#2794=EDGE_CURVE('',#4015,#4016,#4833,.T.);
#2795=EDGE_CURVE('',#4017,#4015,#4834,.T.);
#2796=EDGE_CURVE('',#4018,#4017,#4835,.T.);
#2797=EDGE_CURVE('',#4016,#4018,#4836,.T.);
#2798=EDGE_CURVE('',#4019,#4020,#4837,.T.);
#2799=EDGE_CURVE('',#4021,#4019,#4838,.T.);
#2800=EDGE_CURVE('',#4022,#4021,#4839,.T.);
#2801=EDGE_CURVE('',#4020,#4022,#4840,.T.);
#2802=EDGE_CURVE('',#4023,#4024,#4841,.T.);
#2803=EDGE_CURVE('',#4025,#4023,#4842,.T.);
#2804=EDGE_CURVE('',#4026,#4025,#4843,.T.);
#2805=EDGE_CURVE('',#4024,#4026,#4844,.T.);
#2806=EDGE_CURVE('',#4027,#4028,#4845,.T.);
#2807=EDGE_CURVE('',#4029,#4027,#4846,.T.);
#2808=EDGE_CURVE('',#4030,#4029,#4847,.T.);
#2809=EDGE_CURVE('',#4028,#4030,#4848,.T.);
#2810=EDGE_CURVE('',#4031,#4032,#4849,.T.);
#2811=EDGE_CURVE('',#4033,#4031,#4850,.T.);
#2812=EDGE_CURVE('',#4034,#4033,#4851,.T.);
#2813=EDGE_CURVE('',#4032,#4034,#4852,.T.);
#2814=EDGE_CURVE('',#4035,#4036,#4853,.T.);
#2815=EDGE_CURVE('',#4037,#4035,#4854,.T.);
#2816=EDGE_CURVE('',#4038,#4037,#4855,.T.);
#2817=EDGE_CURVE('',#4036,#4038,#4856,.T.);
#2818=EDGE_CURVE('',#4039,#4040,#4857,.T.);
#2819=EDGE_CURVE('',#4041,#4039,#4858,.T.);
#2820=EDGE_CURVE('',#4042,#4041,#4859,.T.);
#2821=EDGE_CURVE('',#4040,#4042,#4860,.T.);
#2822=EDGE_CURVE('',#3882,#3847,#4861,.T.);
#2823=EDGE_CURVE('',#3881,#3848,#4862,.T.);
#2824=EDGE_CURVE('',#3880,#3849,#4863,.T.);
#2825=EDGE_CURVE('',#3876,#3853,#4864,.T.);
#2826=EDGE_CURVE('',#3877,#3852,#4865,.T.);
#2827=EDGE_CURVE('',#3872,#3845,#4866,.T.);
#2828=EDGE_CURVE('',#3873,#3846,#4867,.T.);
#2829=EDGE_CURVE('',#3961,#4039,#4868,.T.);
#2830=EDGE_CURVE('',#3960,#4041,#4869,.T.);
#2831=EDGE_CURVE('',#3962,#4040,#4870,.T.);
#2832=EDGE_CURVE('',#3959,#4042,#4871,.T.);
#2833=EDGE_CURVE('',#3957,#4035,#4872,.T.);
#2834=EDGE_CURVE('',#3956,#4037,#4873,.T.);
#2835=EDGE_CURVE('',#3958,#4036,#4874,.T.);
#2836=EDGE_CURVE('',#3955,#4038,#4875,.T.);
#2837=EDGE_CURVE('',#3953,#4031,#4876,.T.);
#2838=EDGE_CURVE('',#3952,#4033,#4877,.T.);
#2839=EDGE_CURVE('',#3954,#4032,#4878,.T.);
#2840=EDGE_CURVE('',#3951,#4034,#4879,.T.);
#2841=EDGE_CURVE('',#3949,#4027,#4880,.T.);
#2842=EDGE_CURVE('',#3948,#4029,#4881,.T.);
#2843=EDGE_CURVE('',#3950,#4028,#4882,.T.);
#2844=EDGE_CURVE('',#3947,#4030,#4883,.T.);
#2845=EDGE_CURVE('',#3945,#4023,#4884,.T.);
#2846=EDGE_CURVE('',#3944,#4025,#4885,.T.);
#2847=EDGE_CURVE('',#3946,#4024,#4886,.T.);
#2848=EDGE_CURVE('',#3943,#4026,#4887,.T.);
#2849=EDGE_CURVE('',#3941,#4019,#4888,.T.);
#2850=EDGE_CURVE('',#3940,#4021,#4889,.T.);
#2851=EDGE_CURVE('',#3942,#4020,#4890,.T.);
#2852=EDGE_CURVE('',#3939,#4022,#4891,.T.);
#2853=EDGE_CURVE('',#3937,#4015,#4892,.T.);
#2854=EDGE_CURVE('',#3936,#4017,#4893,.T.);
#2855=EDGE_CURVE('',#3938,#4016,#4894,.T.);
#2856=EDGE_CURVE('',#3935,#4018,#4895,.T.);
#2857=EDGE_CURVE('',#3933,#4011,#4896,.T.);
#2858=EDGE_CURVE('',#3932,#4013,#4897,.T.);
#2859=EDGE_CURVE('',#3934,#4012,#4898,.T.);
#2860=EDGE_CURVE('',#3931,#4014,#4899,.T.);
#2861=EDGE_CURVE('',#3929,#4007,#4900,.T.);
#2862=EDGE_CURVE('',#3928,#4009,#4901,.T.);
#2863=EDGE_CURVE('',#3930,#4008,#4902,.T.);
#2864=EDGE_CURVE('',#3927,#4010,#4903,.T.);
#2865=EDGE_CURVE('',#3925,#4003,#4904,.T.);
#2866=EDGE_CURVE('',#3924,#4005,#4905,.T.);
#2867=EDGE_CURVE('',#3926,#4004,#4906,.T.);
#2868=EDGE_CURVE('',#3923,#4006,#4907,.T.);
#2869=EDGE_CURVE('',#3921,#3999,#4908,.T.);
#2870=EDGE_CURVE('',#3920,#4001,#4909,.T.);
#2871=EDGE_CURVE('',#3922,#4000,#4910,.T.);
#2872=EDGE_CURVE('',#3919,#4002,#4911,.T.);
#2873=EDGE_CURVE('',#3917,#3995,#4912,.T.);
#2874=EDGE_CURVE('',#3916,#3997,#4913,.T.);
#2875=EDGE_CURVE('',#3918,#3996,#4914,.T.);
#2876=EDGE_CURVE('',#3915,#3998,#4915,.T.);
#2877=EDGE_CURVE('',#3913,#3991,#4916,.T.);
#2878=EDGE_CURVE('',#3912,#3993,#4917,.T.);
#2879=EDGE_CURVE('',#3914,#3992,#4918,.T.);
#2880=EDGE_CURVE('',#3911,#3994,#4919,.T.);
#2881=EDGE_CURVE('',#3909,#3987,#4920,.T.);
#2882=EDGE_CURVE('',#3908,#3989,#4921,.T.);
#2883=EDGE_CURVE('',#3910,#3988,#4922,.T.);
#2884=EDGE_CURVE('',#3907,#3990,#4923,.T.);
#2885=EDGE_CURVE('',#3905,#3983,#4924,.T.);
#2886=EDGE_CURVE('',#3904,#3985,#4925,.T.);
#2887=EDGE_CURVE('',#3906,#3984,#4926,.T.);
#2888=EDGE_CURVE('',#3903,#3986,#4927,.T.);
#2889=EDGE_CURVE('',#3901,#3979,#4928,.T.);
#2890=EDGE_CURVE('',#3900,#3981,#4929,.T.);
#2891=EDGE_CURVE('',#3902,#3980,#4930,.T.);
#2892=EDGE_CURVE('',#3899,#3982,#4931,.T.);
#2893=EDGE_CURVE('',#3897,#3975,#4932,.T.);
#2894=EDGE_CURVE('',#3896,#3977,#4933,.T.);
#2895=EDGE_CURVE('',#3898,#3976,#4934,.T.);
#2896=EDGE_CURVE('',#3895,#3978,#4935,.T.);
#2897=EDGE_CURVE('',#3893,#3971,#4936,.T.);
#2898=EDGE_CURVE('',#3892,#3973,#4937,.T.);
#2899=EDGE_CURVE('',#3894,#3972,#4938,.T.);
#2900=EDGE_CURVE('',#3891,#3974,#4939,.T.);
#2901=EDGE_CURVE('',#3889,#3967,#4940,.T.);
#2902=EDGE_CURVE('',#3888,#3969,#4941,.T.);
#2903=EDGE_CURVE('',#3890,#3968,#4942,.T.);
#2904=EDGE_CURVE('',#3887,#3970,#4943,.T.);
#2905=EDGE_CURVE('',#3885,#3963,#4944,.T.);
#2906=EDGE_CURVE('',#3884,#3965,#4945,.T.);
#2907=EDGE_CURVE('',#3886,#3964,#4946,.T.);
#2908=EDGE_CURVE('',#3883,#3966,#4947,.T.);
#2909=EDGE_CURVE('',#4043,#4044,#4948,.T.);
#2910=EDGE_CURVE('',#4045,#4044,#4949,.T.);
#2911=EDGE_CURVE('',#4046,#4045,#4950,.T.);
#2912=EDGE_CURVE('',#4046,#4043,#4951,.T.);
#2913=EDGE_CURVE('',#4044,#4047,#4952,.T.);
#2914=EDGE_CURVE('',#4048,#4047,#4953,.T.);
#2915=EDGE_CURVE('',#4045,#4048,#4954,.T.);
#2916=EDGE_CURVE('',#4047,#4049,#4955,.T.);
#2917=EDGE_CURVE('',#4050,#4049,#4956,.T.);
#2918=EDGE_CURVE('',#4048,#4050,#4957,.T.);
#2919=EDGE_CURVE('',#4049,#4051,#4958,.T.);
#2920=EDGE_CURVE('',#4052,#4051,#4959,.T.);
#2921=EDGE_CURVE('',#4050,#4052,#4960,.T.);
#2922=EDGE_CURVE('',#4051,#4053,#4961,.T.);
#2923=EDGE_CURVE('',#4054,#4053,#4962,.T.);
#2924=EDGE_CURVE('',#4052,#4054,#4963,.T.);
#2925=EDGE_CURVE('',#3868,#4046,#4964,.T.);
#2926=EDGE_CURVE('',#4054,#3870,#4965,.T.);
#2927=EDGE_CURVE('',#3869,#4043,#4966,.T.);
#2928=EDGE_CURVE('',#4053,#3871,#4967,.T.);
#2929=EDGE_CURVE('',#4055,#3867,#4968,.T.);
#2930=EDGE_CURVE('',#4056,#3866,#4969,.T.);
#2931=EDGE_CURVE('',#4056,#4055,#4970,.T.);
#2932=EDGE_CURVE('',#3864,#4057,#4971,.T.);
#2933=EDGE_CURVE('',#3865,#4058,#4972,.T.);
#2934=EDGE_CURVE('',#4057,#4058,#4973,.T.);
#2935=EDGE_CURVE('',#4057,#4059,#4974,.T.);
#2936=EDGE_CURVE('',#4059,#4060,#4975,.T.);
#2937=EDGE_CURVE('',#4060,#4061,#4976,.T.);
#2938=EDGE_CURVE('',#4061,#4062,#4977,.T.);
#2939=EDGE_CURVE('',#4062,#4056,#4978,.T.);
#2940=EDGE_CURVE('',#4063,#4055,#4979,.T.);
#2941=EDGE_CURVE('',#4064,#4063,#4980,.T.);
#2942=EDGE_CURVE('',#4065,#4064,#4981,.T.);
#2943=EDGE_CURVE('',#4066,#4065,#4982,.T.);
#2944=EDGE_CURVE('',#4058,#4066,#4983,.T.);
#2945=EDGE_CURVE('',#4059,#4066,#4984,.T.);
#2946=EDGE_CURVE('',#4060,#4065,#4985,.T.);
#2947=EDGE_CURVE('',#4061,#4064,#4986,.T.);
#2948=EDGE_CURVE('',#4062,#4063,#4987,.T.);
#2949=EDGE_CURVE('',#4067,#4068,#4988,.T.);
#2950=EDGE_CURVE('',#4069,#4068,#4989,.T.);
#2951=EDGE_CURVE('',#4070,#4069,#4990,.T.);
#2952=EDGE_CURVE('',#4070,#4067,#4991,.T.);
#2953=EDGE_CURVE('',#4068,#4071,#4992,.T.);
#2954=EDGE_CURVE('',#4072,#4071,#4993,.T.);
#2955=EDGE_CURVE('',#4069,#4072,#4994,.T.);
#2956=EDGE_CURVE('',#4071,#4073,#4995,.T.);
#2957=EDGE_CURVE('',#4074,#4073,#4996,.T.);
#2958=EDGE_CURVE('',#4072,#4074,#4997,.T.);
#2959=EDGE_CURVE('',#4073,#4075,#4998,.T.);
#2960=EDGE_CURVE('',#4076,#4075,#4999,.T.);
#2961=EDGE_CURVE('',#4074,#4076,#5000,.T.);
#2962=EDGE_CURVE('',#4075,#4077,#5001,.T.);
#2963=EDGE_CURVE('',#4078,#4077,#5002,.T.);
#2964=EDGE_CURVE('',#4076,#4078,#5003,.T.);
#2965=EDGE_CURVE('',#3860,#4070,#5004,.T.);
#2966=EDGE_CURVE('',#4078,#3862,#5005,.T.);
#2967=EDGE_CURVE('',#3861,#4067,#5006,.T.);
#2968=EDGE_CURVE('',#4077,#3863,#5007,.T.);
#2969=EDGE_CURVE('',#4079,#3859,#5008,.T.);
#2970=EDGE_CURVE('',#4080,#3858,#5009,.T.);
#2971=EDGE_CURVE('',#4080,#4079,#5010,.T.);
#2972=EDGE_CURVE('',#3856,#4081,#5011,.T.);
#2973=EDGE_CURVE('',#3857,#4082,#5012,.T.);
#2974=EDGE_CURVE('',#4081,#4082,#5013,.T.);
#2975=EDGE_CURVE('',#4081,#4083,#5014,.T.);
#2976=EDGE_CURVE('',#4083,#4084,#5015,.T.);
#2977=EDGE_CURVE('',#4084,#4085,#5016,.T.);
#2978=EDGE_CURVE('',#4085,#4086,#5017,.T.);
#2979=EDGE_CURVE('',#4086,#4080,#5018,.T.);
#2980=EDGE_CURVE('',#4087,#4079,#5019,.T.);
#2981=EDGE_CURVE('',#4088,#4087,#5020,.T.);
#2982=EDGE_CURVE('',#4089,#4088,#5021,.T.);
#2983=EDGE_CURVE('',#4090,#4089,#5022,.T.);
#2984=EDGE_CURVE('',#4082,#4090,#5023,.T.);
#2985=EDGE_CURVE('',#4083,#4090,#5024,.T.);
#2986=EDGE_CURVE('',#4084,#4089,#5025,.T.);
#2987=EDGE_CURVE('',#4085,#4088,#5026,.T.);
#2988=EDGE_CURVE('',#4086,#4087,#5027,.T.);
#2989=EDGE_CURVE('',#4091,#4092,#5028,.T.);
#2990=EDGE_CURVE('',#4092,#4093,#5029,.T.);
#2991=EDGE_CURVE('',#4094,#4093,#5030,.T.);
#2992=EDGE_CURVE('',#4094,#4091,#5031,.T.);
#2993=EDGE_CURVE('',#4095,#4096,#5032,.T.);
#2994=EDGE_CURVE('',#4096,#4097,#5033,.T.);
#2995=EDGE_CURVE('',#4097,#4098,#5034,.T.);
#2996=EDGE_CURVE('',#4098,#4095,#5035,.T.);
#2997=EDGE_CURVE('',#4093,#4096,#5036,.T.);
#2998=EDGE_CURVE('',#4095,#4099,#5037,.T.);
#2999=EDGE_CURVE('',#4099,#4100,#5038,.T.);
#3000=EDGE_CURVE('',#4100,#4101,#5039,.T.);
#3001=EDGE_CURVE('',#4101,#4102,#5040,.T.);
#3002=EDGE_CURVE('',#4102,#4103,#5041,.T.);
#3003=EDGE_CURVE('',#4103,#4104,#5042,.T.);
#3004=EDGE_CURVE('',#4104,#4105,#5043,.T.);
#3005=EDGE_CURVE('',#4105,#4106,#5044,.T.);
#3006=EDGE_CURVE('',#4106,#4107,#5045,.T.);
#3007=EDGE_CURVE('',#4107,#4108,#5046,.T.);
#3008=EDGE_CURVE('',#4108,#4109,#5047,.T.);
#3009=EDGE_CURVE('',#4109,#4110,#5048,.T.);
#3010=EDGE_CURVE('',#4110,#4111,#5049,.T.);
#3011=EDGE_CURVE('',#4111,#4112,#5050,.T.);
#3012=EDGE_CURVE('',#4112,#4113,#5051,.T.);
#3013=EDGE_CURVE('',#4113,#4114,#5052,.T.);
#3014=EDGE_CURVE('',#4114,#4115,#5053,.T.);
#3015=EDGE_CURVE('',#4115,#4116,#5054,.T.);
#3016=EDGE_CURVE('',#4116,#4117,#5055,.T.);
#3017=EDGE_CURVE('',#4117,#4118,#5056,.T.);
#3018=EDGE_CURVE('',#4118,#4119,#5057,.T.);
#3019=EDGE_CURVE('',#4119,#4120,#5058,.T.);
#3020=EDGE_CURVE('',#4120,#4121,#5059,.T.);
#3021=EDGE_CURVE('',#4121,#4122,#5060,.T.);
#3022=EDGE_CURVE('',#4122,#4123,#5061,.T.);
#3023=EDGE_CURVE('',#4123,#4124,#5062,.T.);
#3024=EDGE_CURVE('',#4124,#4125,#5063,.T.);
#3025=EDGE_CURVE('',#4125,#4126,#5064,.T.);
#3026=EDGE_CURVE('',#4126,#4127,#5065,.T.);
#3027=EDGE_CURVE('',#4127,#4128,#5066,.T.);
#3028=EDGE_CURVE('',#4128,#4129,#5067,.T.);
#3029=EDGE_CURVE('',#4129,#4130,#5068,.T.);
#3030=EDGE_CURVE('',#4130,#4131,#5069,.T.);
#3031=EDGE_CURVE('',#4131,#4132,#5070,.T.);
#3032=EDGE_CURVE('',#4132,#4133,#5071,.T.);
#3033=EDGE_CURVE('',#4133,#4134,#5072,.T.);
#3034=EDGE_CURVE('',#4134,#4135,#5073,.T.);
#3035=EDGE_CURVE('',#4135,#4136,#5074,.T.);
#3036=EDGE_CURVE('',#4136,#4137,#5075,.T.);
#3037=EDGE_CURVE('',#4137,#4138,#5076,.T.);
#3038=EDGE_CURVE('',#4138,#4094,#5077,.T.);
#3039=EDGE_CURVE('',#4097,#4092,#5078,.T.);
#3040=EDGE_CURVE('',#4091,#4139,#5079,.T.);
#3041=EDGE_CURVE('',#4139,#4140,#5080,.T.);
#3042=EDGE_CURVE('',#4141,#4140,#5081,.T.);
#3043=EDGE_CURVE('',#4141,#4142,#5082,.T.);
#3044=EDGE_CURVE('',#4142,#4143,#5083,.T.);
#3045=EDGE_CURVE('',#4143,#4144,#5084,.T.);
#3046=EDGE_CURVE('',#4145,#4144,#5085,.T.);
#3047=EDGE_CURVE('',#4145,#4146,#5086,.T.);
#3048=EDGE_CURVE('',#4146,#4147,#5087,.T.);
#3049=EDGE_CURVE('',#4147,#4148,#5088,.T.);
#3050=EDGE_CURVE('',#4149,#4148,#5089,.T.);
#3051=EDGE_CURVE('',#4149,#4150,#5090,.T.);
#3052=EDGE_CURVE('',#4150,#4151,#5091,.T.);
#3053=EDGE_CURVE('',#4151,#4152,#5092,.T.);
#3054=EDGE_CURVE('',#4153,#4152,#5093,.T.);
#3055=EDGE_CURVE('',#4153,#4154,#5094,.T.);
#3056=EDGE_CURVE('',#4154,#4155,#5095,.T.);
#3057=EDGE_CURVE('',#4155,#4156,#5096,.T.);
#3058=EDGE_CURVE('',#4157,#4156,#5097,.T.);
#3059=EDGE_CURVE('',#4157,#4158,#5098,.T.);
#3060=EDGE_CURVE('',#4158,#4159,#5099,.T.);
#3061=EDGE_CURVE('',#4159,#4160,#5100,.T.);
#3062=EDGE_CURVE('',#4161,#4160,#5101,.T.);
#3063=EDGE_CURVE('',#4161,#4162,#5102,.T.);
#3064=EDGE_CURVE('',#4162,#4163,#5103,.T.);
#3065=EDGE_CURVE('',#4163,#4164,#5104,.T.);
#3066=EDGE_CURVE('',#4165,#4164,#5105,.T.);
#3067=EDGE_CURVE('',#4165,#4166,#5106,.T.);
#3068=EDGE_CURVE('',#4166,#4167,#5107,.T.);
#3069=EDGE_CURVE('',#4167,#4168,#5108,.T.);
#3070=EDGE_CURVE('',#4169,#4168,#5109,.T.);
#3071=EDGE_CURVE('',#4169,#4170,#5110,.T.);
#3072=EDGE_CURVE('',#4170,#4171,#5111,.T.);
#3073=EDGE_CURVE('',#4171,#4172,#5112,.T.);
#3074=EDGE_CURVE('',#4173,#4172,#5113,.T.);
#3075=EDGE_CURVE('',#4173,#4174,#5114,.T.);
#3076=EDGE_CURVE('',#4174,#4175,#5115,.T.);
#3077=EDGE_CURVE('',#4175,#4176,#5116,.T.);
#3078=EDGE_CURVE('',#4177,#4176,#5117,.T.);
#3079=EDGE_CURVE('',#4177,#4178,#5118,.T.);
#3080=EDGE_CURVE('',#4178,#4179,#5119,.T.);
#3081=EDGE_CURVE('',#4179,#4180,#5120,.T.);
#3082=EDGE_CURVE('',#4181,#4180,#5121,.T.);
#3083=EDGE_CURVE('',#4181,#4182,#5122,.T.);
#3084=EDGE_CURVE('',#4182,#4183,#5123,.T.);
#3085=EDGE_CURVE('',#4183,#4184,#5124,.T.);
#3086=EDGE_CURVE('',#4185,#4184,#5125,.T.);
#3087=EDGE_CURVE('',#4185,#4186,#5126,.T.);
#3088=EDGE_CURVE('',#4186,#4187,#5127,.T.);
#3089=EDGE_CURVE('',#4187,#4188,#5128,.T.);
#3090=EDGE_CURVE('',#4189,#4188,#5129,.T.);
#3091=EDGE_CURVE('',#4189,#4190,#5130,.T.);
#3092=EDGE_CURVE('',#4190,#4191,#5131,.T.);
#3093=EDGE_CURVE('',#4191,#4192,#5132,.T.);
#3094=EDGE_CURVE('',#4193,#4192,#5133,.T.);
#3095=EDGE_CURVE('',#4193,#4194,#5134,.T.);
#3096=EDGE_CURVE('',#4194,#4195,#5135,.T.);
#3097=EDGE_CURVE('',#4195,#4196,#5136,.T.);
#3098=EDGE_CURVE('',#4197,#4196,#5137,.T.);
#3099=EDGE_CURVE('',#4197,#4198,#5138,.T.);
#3100=EDGE_CURVE('',#4198,#4199,#5139,.T.);
#3101=EDGE_CURVE('',#4199,#4200,#5140,.T.);
#3102=EDGE_CURVE('',#4201,#4200,#5141,.T.);
#3103=EDGE_CURVE('',#4201,#4202,#5142,.T.);
#3104=EDGE_CURVE('',#4202,#4203,#5143,.T.);
#3105=EDGE_CURVE('',#4203,#4204,#5144,.T.);
#3106=EDGE_CURVE('',#4205,#4204,#5145,.T.);
#3107=EDGE_CURVE('',#4205,#4206,#5146,.T.);
#3108=EDGE_CURVE('',#4206,#4207,#5147,.T.);
#3109=EDGE_CURVE('',#4207,#4208,#5148,.T.);
#3110=EDGE_CURVE('',#4209,#4208,#5149,.T.);
#3111=EDGE_CURVE('',#4209,#4210,#5150,.T.);
#3112=EDGE_CURVE('',#4210,#4211,#5151,.T.);
#3113=EDGE_CURVE('',#4211,#4212,#5152,.T.);
#3114=EDGE_CURVE('',#4213,#4212,#5153,.T.);
#3115=EDGE_CURVE('',#4213,#4214,#5154,.T.);
#3116=EDGE_CURVE('',#4214,#4215,#5155,.T.);
#3117=EDGE_CURVE('',#4215,#4216,#5156,.T.);
#3118=EDGE_CURVE('',#4217,#4216,#5157,.T.);
#3119=EDGE_CURVE('',#4217,#4218,#5158,.T.);
#3120=EDGE_CURVE('',#4218,#4098,#5159,.T.);
#3121=EDGE_CURVE('',#4134,#4219,#5160,.T.);
#3122=EDGE_CURVE('',#4219,#4220,#5161,.T.);
#3123=EDGE_CURVE('',#4220,#4221,#5162,.T.);
#3124=EDGE_CURVE('',#4221,#4222,#5163,.T.);
#3125=EDGE_CURVE('',#4222,#4223,#5164,.T.);
#3126=EDGE_CURVE('',#4223,#4224,#5165,.T.);
#3127=EDGE_CURVE('',#4225,#4224,#5166,.T.);
#3128=EDGE_CURVE('',#4226,#4225,#5167,.T.);
#3129=EDGE_CURVE('',#4226,#4147,#5168,.T.);
#3130=EDGE_CURVE('',#4227,#4146,#5169,.T.);
#3131=EDGE_CURVE('',#4227,#4228,#5170,.T.);
#3132=EDGE_CURVE('',#4228,#4229,#5171,.T.);
#3133=EDGE_CURVE('',#4229,#4230,#5172,.T.);
#3134=EDGE_CURVE('',#4135,#4230,#5173,.T.);
#3135=EDGE_CURVE('',#4102,#4231,#5174,.T.);
#3136=EDGE_CURVE('',#4231,#4232,#5175,.T.);
#3137=EDGE_CURVE('',#4232,#4233,#5176,.T.);
#3138=EDGE_CURVE('',#4233,#4234,#5177,.T.);
#3139=EDGE_CURVE('',#4234,#4235,#5178,.T.);
#3140=EDGE_CURVE('',#4235,#4236,#5179,.T.);
#3141=EDGE_CURVE('',#4237,#4236,#5180,.T.);
#3142=EDGE_CURVE('',#4238,#4237,#5181,.T.);
#3143=EDGE_CURVE('',#4238,#4211,#5182,.T.);
#3144=EDGE_CURVE('',#4239,#4210,#5183,.T.);
#3145=EDGE_CURVE('',#4239,#4240,#5184,.T.);
#3146=EDGE_CURVE('',#4240,#4241,#5185,.T.);
#3147=EDGE_CURVE('',#4241,#4242,#5186,.T.);
#3148=EDGE_CURVE('',#4103,#4242,#5187,.T.);
#3149=EDGE_CURVE('',#4106,#4243,#5188,.T.);
#3150=EDGE_CURVE('',#4243,#4244,#5189,.T.);
#3151=EDGE_CURVE('',#4244,#4245,#5190,.T.);
#3152=EDGE_CURVE('',#4245,#4246,#5191,.T.);
#3153=EDGE_CURVE('',#4246,#4247,#5192,.T.);
#3154=EDGE_CURVE('',#4247,#4248,#5193,.T.);
#3155=EDGE_CURVE('',#4249,#4248,#5194,.T.);
#3156=EDGE_CURVE('',#4250,#4249,#5195,.T.);
#3157=EDGE_CURVE('',#4250,#4203,#5196,.T.);
#3158=EDGE_CURVE('',#4251,#4202,#5197,.T.);
#3159=EDGE_CURVE('',#4251,#4252,#5198,.T.);
#3160=EDGE_CURVE('',#4252,#4253,#5199,.T.);
#3161=EDGE_CURVE('',#4253,#4254,#5200,.T.);
#3162=EDGE_CURVE('',#4107,#4254,#5201,.T.);
#3163=EDGE_CURVE('',#4110,#4255,#5202,.T.);
#3164=EDGE_CURVE('',#4255,#4256,#5203,.T.);
#3165=EDGE_CURVE('',#4256,#4257,#5204,.T.);
#3166=EDGE_CURVE('',#4257,#4258,#5205,.T.);
#3167=EDGE_CURVE('',#4258,#4259,#5206,.T.);
#3168=EDGE_CURVE('',#4259,#4260,#5207,.T.);
#3169=EDGE_CURVE('',#4261,#4260,#5208,.T.);
#3170=EDGE_CURVE('',#4262,#4261,#5209,.T.);
#3171=EDGE_CURVE('',#4262,#4195,#5210,.T.);
#3172=EDGE_CURVE('',#4263,#4194,#5211,.T.);
#3173=EDGE_CURVE('',#4263,#4264,#5212,.T.);
#3174=EDGE_CURVE('',#4264,#4265,#5213,.T.);
#3175=EDGE_CURVE('',#4265,#4266,#5214,.T.);
#3176=EDGE_CURVE('',#4111,#4266,#5215,.T.);
#3177=EDGE_CURVE('',#4114,#4267,#5216,.T.);
#3178=EDGE_CURVE('',#4267,#4268,#5217,.T.);
#3179=EDGE_CURVE('',#4268,#4269,#5218,.T.);
#3180=EDGE_CURVE('',#4269,#4270,#5219,.T.);
#3181=EDGE_CURVE('',#4270,#4271,#5220,.T.);
#3182=EDGE_CURVE('',#4271,#4272,#5221,.T.);
#3183=EDGE_CURVE('',#4273,#4272,#5222,.T.);
#3184=EDGE_CURVE('',#4274,#4273,#5223,.T.);
#3185=EDGE_CURVE('',#4274,#4187,#5224,.T.);
#3186=EDGE_CURVE('',#4275,#4186,#5225,.T.);
#3187=EDGE_CURVE('',#4275,#4276,#5226,.T.);
#3188=EDGE_CURVE('',#4276,#4277,#5227,.T.);
#3189=EDGE_CURVE('',#4277,#4278,#5228,.T.);
#3190=EDGE_CURVE('',#4115,#4278,#5229,.T.);
#3191=EDGE_CURVE('',#4118,#4279,#5230,.T.);
#3192=EDGE_CURVE('',#4279,#4280,#5231,.T.);
#3193=EDGE_CURVE('',#4280,#4281,#5232,.T.);
#3194=EDGE_CURVE('',#4281,#4282,#5233,.T.);
#3195=EDGE_CURVE('',#4282,#4283,#5234,.T.);
#3196=EDGE_CURVE('',#4283,#4284,#5235,.T.);
#3197=EDGE_CURVE('',#4285,#4284,#5236,.T.);
#3198=EDGE_CURVE('',#4286,#4285,#5237,.T.);
#3199=EDGE_CURVE('',#4286,#4179,#5238,.T.);
#3200=EDGE_CURVE('',#4287,#4178,#5239,.T.);
#3201=EDGE_CURVE('',#4287,#4288,#5240,.T.);
#3202=EDGE_CURVE('',#4288,#4289,#5241,.T.);
#3203=EDGE_CURVE('',#4289,#4290,#5242,.T.);
#3204=EDGE_CURVE('',#4119,#4290,#5243,.T.);
#3205=EDGE_CURVE('',#4122,#4291,#5244,.T.);
#3206=EDGE_CURVE('',#4291,#4292,#5245,.T.);
#3207=EDGE_CURVE('',#4292,#4293,#5246,.T.);
#3208=EDGE_CURVE('',#4293,#4294,#5247,.T.);
#3209=EDGE_CURVE('',#4294,#4295,#5248,.T.);
#3210=EDGE_CURVE('',#4295,#4296,#5249,.T.);
#3211=EDGE_CURVE('',#4297,#4296,#5250,.T.);
#3212=EDGE_CURVE('',#4298,#4297,#5251,.T.);
#3213=EDGE_CURVE('',#4298,#4171,#5252,.T.);
#3214=EDGE_CURVE('',#4299,#4170,#5253,.T.);
#3215=EDGE_CURVE('',#4299,#4300,#5254,.T.);
#3216=EDGE_CURVE('',#4300,#4301,#5255,.T.);
#3217=EDGE_CURVE('',#4301,#4302,#5256,.T.);
#3218=EDGE_CURVE('',#4123,#4302,#5257,.T.);
#3219=EDGE_CURVE('',#4126,#4303,#5258,.T.);
#3220=EDGE_CURVE('',#4303,#4304,#5259,.T.);
#3221=EDGE_CURVE('',#4304,#4305,#5260,.T.);
#3222=EDGE_CURVE('',#4305,#4306,#5261,.T.);
#3223=EDGE_CURVE('',#4306,#4307,#5262,.T.);
#3224=EDGE_CURVE('',#4307,#4308,#5263,.T.);
#3225=EDGE_CURVE('',#4309,#4308,#5264,.T.);
#3226=EDGE_CURVE('',#4310,#4309,#5265,.T.);
#3227=EDGE_CURVE('',#4310,#4163,#5266,.T.);
#3228=EDGE_CURVE('',#4311,#4162,#5267,.T.);
#3229=EDGE_CURVE('',#4311,#4312,#5268,.T.);
#3230=EDGE_CURVE('',#4312,#4313,#5269,.T.);
#3231=EDGE_CURVE('',#4313,#4314,#5270,.T.);
#3232=EDGE_CURVE('',#4127,#4314,#5271,.T.);
#3233=EDGE_CURVE('',#4130,#4315,#5272,.T.);
#3234=EDGE_CURVE('',#4315,#4316,#5273,.T.);
#3235=EDGE_CURVE('',#4316,#4317,#5274,.T.);
#3236=EDGE_CURVE('',#4317,#4318,#5275,.T.);
#3237=EDGE_CURVE('',#4318,#4319,#5276,.T.);
#3238=EDGE_CURVE('',#4319,#4320,#5277,.T.);
#3239=EDGE_CURVE('',#4321,#4320,#5278,.T.);
#3240=EDGE_CURVE('',#4322,#4321,#5279,.T.);
#3241=EDGE_CURVE('',#4322,#4155,#5280,.T.);
#3242=EDGE_CURVE('',#4323,#4154,#5281,.T.);
#3243=EDGE_CURVE('',#4323,#4324,#5282,.T.);
#3244=EDGE_CURVE('',#4324,#4325,#5283,.T.);
#3245=EDGE_CURVE('',#4325,#4326,#5284,.T.);
#3246=EDGE_CURVE('',#4131,#4326,#5285,.T.);
#3247=EDGE_CURVE('',#4138,#4327,#5286,.T.);
#3248=EDGE_CURVE('',#4327,#4328,#5287,.T.);
#3249=EDGE_CURVE('',#4328,#4329,#5288,.T.);
#3250=EDGE_CURVE('',#4329,#4330,#5289,.T.);
#3251=EDGE_CURVE('',#4330,#4331,#5290,.T.);
#3252=EDGE_CURVE('',#4331,#4332,#5291,.T.);
#3253=EDGE_CURVE('',#4333,#4332,#5292,.T.);
#3254=EDGE_CURVE('',#4334,#4333,#5293,.T.);
#3255=EDGE_CURVE('',#4334,#4139,#5294,.T.);
#3256=EDGE_CURVE('',#4335,#4150,#5295,.T.);
#3257=EDGE_CURVE('',#4335,#4336,#5296,.T.);
#3258=EDGE_CURVE('',#4336,#4151,#5297,.T.);
#3259=EDGE_CURVE('',#4337,#4338,#5298,.T.);
#3260=EDGE_CURVE('',#4338,#4339,#5299,.T.);
#3261=EDGE_CURVE('',#4099,#4339,#5300,.T.);
#3262=EDGE_CURVE('',#4340,#4218,#5301,.T.);
#3263=EDGE_CURVE('',#4340,#4337,#5302,.T.);
#3264=EDGE_CURVE('',#4341,#4214,#5303,.T.);
#3265=EDGE_CURVE('',#4341,#4342,#5304,.T.);
#3266=EDGE_CURVE('',#4342,#4215,#5305,.T.);
#3267=EDGE_CURVE('',#4343,#4206,#5306,.T.);
#3268=EDGE_CURVE('',#4343,#4344,#5307,.T.);
#3269=EDGE_CURVE('',#4344,#4207,#5308,.T.);
#3270=EDGE_CURVE('',#4345,#4198,#5309,.T.);
#3271=EDGE_CURVE('',#4345,#4346,#5310,.T.);
#3272=EDGE_CURVE('',#4346,#4199,#5311,.T.);
#3273=EDGE_CURVE('',#4347,#4190,#5312,.T.);
#3274=EDGE_CURVE('',#4347,#4348,#5313,.T.);
#3275=EDGE_CURVE('',#4348,#4191,#5314,.T.);
#3276=EDGE_CURVE('',#4349,#4182,#5315,.T.);
#3277=EDGE_CURVE('',#4349,#4350,#5316,.T.);
#3278=EDGE_CURVE('',#4350,#4183,#5317,.T.);
#3279=EDGE_CURVE('',#4351,#4174,#5318,.T.);
#3280=EDGE_CURVE('',#4351,#4352,#5319,.T.);
#3281=EDGE_CURVE('',#4352,#4175,#5320,.T.);
#3282=EDGE_CURVE('',#4353,#4166,#5321,.T.);
#3283=EDGE_CURVE('',#4353,#4354,#5322,.T.);
#3284=EDGE_CURVE('',#4354,#4167,#5323,.T.);
#3285=EDGE_CURVE('',#4355,#4158,#5324,.T.);
#3286=EDGE_CURVE('',#4355,#4356,#5325,.T.);
#3287=EDGE_CURVE('',#4356,#4159,#5326,.T.);
#3288=EDGE_CURVE('',#4357,#4142,#5327,.T.);
#3289=EDGE_CURVE('',#4357,#4358,#5328,.T.);
#3290=EDGE_CURVE('',#4358,#4143,#5329,.T.);
#3291=EDGE_CURVE('',#4359,#4360,#5330,.T.);
#3292=EDGE_CURVE('',#4361,#4359,#5331,.T.);
#3293=EDGE_CURVE('',#4362,#4361,#5332,.T.);
#3294=EDGE_CURVE('',#4360,#4362,#5333,.T.);
#3295=EDGE_CURVE('',#4363,#4364,#5334,.T.);
#3296=EDGE_CURVE('',#4365,#4363,#5335,.T.);
#3297=EDGE_CURVE('',#4366,#4365,#5336,.T.);
#3298=EDGE_CURVE('',#4364,#4366,#5337,.T.);
#3299=EDGE_CURVE('',#4367,#4368,#5338,.T.);
#3300=EDGE_CURVE('',#4369,#4367,#5339,.T.);
#3301=EDGE_CURVE('',#4370,#4369,#5340,.T.);
#3302=EDGE_CURVE('',#4368,#4370,#5341,.T.);
#3303=EDGE_CURVE('',#4371,#4372,#5342,.T.);
#3304=EDGE_CURVE('',#4373,#4371,#5343,.T.);
#3305=EDGE_CURVE('',#4374,#4373,#5344,.T.);
#3306=EDGE_CURVE('',#4372,#4374,#5345,.T.);
#3307=EDGE_CURVE('',#4375,#4376,#5346,.T.);
#3308=EDGE_CURVE('',#4377,#4375,#5347,.T.);
#3309=EDGE_CURVE('',#4378,#4377,#5348,.T.);
#3310=EDGE_CURVE('',#4376,#4378,#5349,.T.);
#3311=EDGE_CURVE('',#4379,#4380,#5350,.T.);
#3312=EDGE_CURVE('',#4381,#4379,#5351,.T.);
#3313=EDGE_CURVE('',#4382,#4381,#5352,.T.);
#3314=EDGE_CURVE('',#4380,#4382,#5353,.T.);
#3315=EDGE_CURVE('',#4383,#4384,#5354,.T.);
#3316=EDGE_CURVE('',#4385,#4383,#5355,.T.);
#3317=EDGE_CURVE('',#4386,#4385,#5356,.T.);
#3318=EDGE_CURVE('',#4384,#4386,#5357,.T.);
#3319=EDGE_CURVE('',#4387,#4388,#5358,.T.);
#3320=EDGE_CURVE('',#4389,#4387,#5359,.T.);
#3321=EDGE_CURVE('',#4390,#4389,#5360,.T.);
#3322=EDGE_CURVE('',#4388,#4390,#5361,.T.);
#3323=EDGE_CURVE('',#4391,#4392,#5362,.T.);
#3324=EDGE_CURVE('',#4393,#4391,#5363,.T.);
#3325=EDGE_CURVE('',#4394,#4393,#5364,.T.);
#3326=EDGE_CURVE('',#4392,#4394,#5365,.T.);
#3327=EDGE_CURVE('',#4395,#4396,#5366,.T.);
#3328=EDGE_CURVE('',#4397,#4395,#5367,.T.);
#3329=EDGE_CURVE('',#4398,#4397,#5368,.T.);
#3330=EDGE_CURVE('',#4396,#4398,#5369,.T.);
#3331=EDGE_CURVE('',#4395,#4237,#5370,.T.);
#3332=EDGE_CURVE('',#4236,#4341,#5371,.T.);
#3333=EDGE_CURVE('',#4399,#4213,#5372,.T.);
#3334=EDGE_CURVE('',#4397,#4399,#5373,.T.);
#3335=EDGE_CURVE('',#4238,#4396,#5374,.T.);
#3336=EDGE_CURVE('',#4400,#4398,#5375,.T.);
#3337=EDGE_CURVE('',#4212,#4400,#5376,.T.);
#3338=EDGE_CURVE('',#4391,#4249,#5377,.T.);
#3339=EDGE_CURVE('',#4248,#4343,#5378,.T.);
#3340=EDGE_CURVE('',#4401,#4205,#5379,.T.);
#3341=EDGE_CURVE('',#4393,#4401,#5380,.T.);
#3342=EDGE_CURVE('',#4250,#4392,#5381,.T.);
#3343=EDGE_CURVE('',#4402,#4394,#5382,.T.);
#3344=EDGE_CURVE('',#4204,#4402,#5383,.T.);
#3345=EDGE_CURVE('',#4387,#4261,#5384,.T.);
#3346=EDGE_CURVE('',#4260,#4345,#5385,.T.);
#3347=EDGE_CURVE('',#4403,#4197,#5386,.T.);
#3348=EDGE_CURVE('',#4389,#4403,#5387,.T.);
#3349=EDGE_CURVE('',#4262,#4388,#5388,.T.);
#3350=EDGE_CURVE('',#4404,#4390,#5389,.T.);
#3351=EDGE_CURVE('',#4196,#4404,#5390,.T.);
#3352=EDGE_CURVE('',#4383,#4273,#5391,.T.);
#3353=EDGE_CURVE('',#4272,#4347,#5392,.T.);
#3354=EDGE_CURVE('',#4405,#4189,#5393,.T.);
#3355=EDGE_CURVE('',#4385,#4405,#5394,.T.);
#3356=EDGE_CURVE('',#4274,#4384,#5395,.T.);
#3357=EDGE_CURVE('',#4406,#4386,#5396,.T.);
#3358=EDGE_CURVE('',#4188,#4406,#5397,.T.);
#3359=EDGE_CURVE('',#4379,#4285,#5398,.T.);
#3360=EDGE_CURVE('',#4284,#4349,#5399,.T.);
#3361=EDGE_CURVE('',#4407,#4181,#5400,.T.);
#3362=EDGE_CURVE('',#4381,#4407,#5401,.T.);
#3363=EDGE_CURVE('',#4286,#4380,#5402,.T.);
#3364=EDGE_CURVE('',#4408,#4382,#5403,.T.);
#3365=EDGE_CURVE('',#4180,#4408,#5404,.T.);
#3366=EDGE_CURVE('',#4375,#4297,#5405,.T.);
#3367=EDGE_CURVE('',#4296,#4351,#5406,.T.);
#3368=EDGE_CURVE('',#4409,#4173,#5407,.T.);
#3369=EDGE_CURVE('',#4377,#4409,#5408,.T.);
#3370=EDGE_CURVE('',#4298,#4376,#5409,.T.);
#3371=EDGE_CURVE('',#4410,#4378,#5410,.T.);
#3372=EDGE_CURVE('',#4172,#4410,#5411,.T.);
#3373=EDGE_CURVE('',#4371,#4309,#5412,.T.);
#3374=EDGE_CURVE('',#4308,#4353,#5413,.T.);
#3375=EDGE_CURVE('',#4411,#4165,#5414,.T.);
#3376=EDGE_CURVE('',#4373,#4411,#5415,.T.);
#3377=EDGE_CURVE('',#4310,#4372,#5416,.T.);
#3378=EDGE_CURVE('',#4412,#4374,#5417,.T.);
#3379=EDGE_CURVE('',#4164,#4412,#5418,.T.);
#3380=EDGE_CURVE('',#4367,#4321,#5419,.T.);
#3381=EDGE_CURVE('',#4320,#4355,#5420,.T.);
#3382=EDGE_CURVE('',#4413,#4157,#5421,.T.);
#3383=EDGE_CURVE('',#4369,#4413,#5422,.T.);
#3384=EDGE_CURVE('',#4322,#4368,#5423,.T.);
#3385=EDGE_CURVE('',#4414,#4370,#5424,.T.);
#3386=EDGE_CURVE('',#4156,#4414,#5425,.T.);
#3387=EDGE_CURVE('',#4363,#4225,#5426,.T.);
#3388=EDGE_CURVE('',#4224,#4335,#5427,.T.);
#3389=EDGE_CURVE('',#4415,#4149,#5428,.T.);
#3390=EDGE_CURVE('',#4365,#4415,#5429,.T.);
#3391=EDGE_CURVE('',#4226,#4364,#5430,.T.);
#3392=EDGE_CURVE('',#4416,#4366,#5431,.T.);
#3393=EDGE_CURVE('',#4148,#4416,#5432,.T.);
#3394=EDGE_CURVE('',#4359,#4333,#5433,.T.);
#3395=EDGE_CURVE('',#4332,#4357,#5434,.T.);
#3396=EDGE_CURVE('',#4417,#4141,#5435,.T.);
#3397=EDGE_CURVE('',#4361,#4417,#5436,.T.);
#3398=EDGE_CURVE('',#4334,#4360,#5437,.T.);
#3399=EDGE_CURVE('',#4418,#4362,#5438,.T.);
#3400=EDGE_CURVE('',#4140,#4418,#5439,.T.);
#3401=EDGE_CURVE('',#4417,#4418,#5440,.T.);
#3402=EDGE_CURVE('',#4419,#4420,#5441,.T.);
#3403=EDGE_CURVE('',#4420,#4421,#5442,.T.);
#3404=EDGE_CURVE('',#4421,#4422,#5443,.T.);
#3405=EDGE_CURVE('',#4422,#4419,#5444,.T.);
#3406=EDGE_CURVE('',#4415,#4416,#5445,.T.);
#3407=EDGE_CURVE('',#4423,#4424,#5446,.T.);
#3408=EDGE_CURVE('',#4424,#4425,#5447,.T.);
#3409=EDGE_CURVE('',#4425,#4426,#5448,.T.);
#3410=EDGE_CURVE('',#4426,#4423,#5449,.T.);
#3411=EDGE_CURVE('',#4413,#4414,#5450,.T.);
#3412=EDGE_CURVE('',#4427,#4428,#5451,.T.);
#3413=EDGE_CURVE('',#4428,#4429,#5452,.T.);
#3414=EDGE_CURVE('',#4429,#4430,#5453,.T.);
#3415=EDGE_CURVE('',#4430,#4427,#5454,.T.);
#3416=EDGE_CURVE('',#4411,#4412,#5455,.T.);
#3417=EDGE_CURVE('',#4431,#4432,#5456,.T.);
#3418=EDGE_CURVE('',#4432,#4433,#5457,.T.);
#3419=EDGE_CURVE('',#4433,#4434,#5458,.T.);
#3420=EDGE_CURVE('',#4434,#4431,#5459,.T.);
#3421=EDGE_CURVE('',#4409,#4410,#5460,.T.);
#3422=EDGE_CURVE('',#4435,#4436,#5461,.T.);
#3423=EDGE_CURVE('',#4436,#4437,#5462,.T.);
#3424=EDGE_CURVE('',#4437,#4438,#5463,.T.);
#3425=EDGE_CURVE('',#4438,#4435,#5464,.T.);
#3426=EDGE_CURVE('',#4407,#4408,#5465,.T.);
#3427=EDGE_CURVE('',#4439,#4440,#5466,.T.);
#3428=EDGE_CURVE('',#4440,#4441,#5467,.T.);
#3429=EDGE_CURVE('',#4441,#4442,#5468,.T.);
#3430=EDGE_CURVE('',#4442,#4439,#5469,.T.);
#3431=EDGE_CURVE('',#4405,#4406,#5470,.T.);
#3432=EDGE_CURVE('',#4443,#4444,#5471,.T.);
#3433=EDGE_CURVE('',#4444,#4445,#5472,.T.);
#3434=EDGE_CURVE('',#4445,#4446,#5473,.T.);
#3435=EDGE_CURVE('',#4446,#4443,#5474,.T.);
#3436=EDGE_CURVE('',#4403,#4404,#5475,.T.);
#3437=EDGE_CURVE('',#4447,#4448,#5476,.T.);
#3438=EDGE_CURVE('',#4448,#4449,#5477,.T.);
#3439=EDGE_CURVE('',#4449,#4450,#5478,.T.);
#3440=EDGE_CURVE('',#4450,#4447,#5479,.T.);
#3441=EDGE_CURVE('',#4401,#4402,#5480,.T.);
#3442=EDGE_CURVE('',#4451,#4452,#5481,.T.);
#3443=EDGE_CURVE('',#4452,#4453,#5482,.T.);
#3444=EDGE_CURVE('',#4453,#4454,#5483,.T.);
#3445=EDGE_CURVE('',#4454,#4451,#5484,.T.);
#3446=EDGE_CURVE('',#4399,#4400,#5485,.T.);
#3447=EDGE_CURVE('',#4455,#4456,#5486,.T.);
#3448=EDGE_CURVE('',#4456,#4457,#5487,.T.);
#3449=EDGE_CURVE('',#4457,#4458,#5488,.T.);
#3450=EDGE_CURVE('',#4458,#4455,#5489,.T.);
#3451=EDGE_CURVE('',#4137,#4421,#5490,.T.);
#3452=EDGE_CURVE('',#4422,#4136,#5491,.T.);
#3453=EDGE_CURVE('',#4133,#4425,#5492,.T.);
#3454=EDGE_CURVE('',#4426,#4132,#5493,.T.);
#3455=EDGE_CURVE('',#4129,#4429,#5494,.T.);
#3456=EDGE_CURVE('',#4430,#4128,#5495,.T.);
#3457=EDGE_CURVE('',#4125,#4433,#5496,.T.);
#3458=EDGE_CURVE('',#4434,#4124,#5497,.T.);
#3459=EDGE_CURVE('',#4121,#4437,#5498,.T.);
#3460=EDGE_CURVE('',#4438,#4120,#5499,.T.);
#3461=EDGE_CURVE('',#4117,#4441,#5500,.T.);
#3462=EDGE_CURVE('',#4442,#4116,#5501,.T.);
#3463=EDGE_CURVE('',#4113,#4445,#5502,.T.);
#3464=EDGE_CURVE('',#4446,#4112,#5503,.T.);
#3465=EDGE_CURVE('',#4109,#4449,#5504,.T.);
#3466=EDGE_CURVE('',#4450,#4108,#5505,.T.);
#3467=EDGE_CURVE('',#4105,#4453,#5506,.T.);
#3468=EDGE_CURVE('',#4454,#4104,#5507,.T.);
#3469=EDGE_CURVE('',#4101,#4457,#5508,.T.);
#3470=EDGE_CURVE('',#4458,#4100,#5509,.T.);
#3471=EDGE_CURVE('',#4144,#4420,#5510,.T.);
#3472=EDGE_CURVE('',#4419,#4145,#5511,.T.);
#3473=EDGE_CURVE('',#4152,#4424,#5512,.T.);
#3474=EDGE_CURVE('',#4423,#4153,#5513,.T.);
#3475=EDGE_CURVE('',#4160,#4428,#5514,.T.);
#3476=EDGE_CURVE('',#4427,#4161,#5515,.T.);
#3477=EDGE_CURVE('',#4168,#4432,#5516,.T.);
#3478=EDGE_CURVE('',#4431,#4169,#5517,.T.);
#3479=EDGE_CURVE('',#4176,#4436,#5518,.T.);
#3480=EDGE_CURVE('',#4435,#4177,#5519,.T.);
#3481=EDGE_CURVE('',#4184,#4440,#5520,.T.);
#3482=EDGE_CURVE('',#4439,#4185,#5521,.T.);
#3483=EDGE_CURVE('',#4192,#4444,#5522,.T.);
#3484=EDGE_CURVE('',#4443,#4193,#5523,.T.);
#3485=EDGE_CURVE('',#4200,#4448,#5524,.T.);
#3486=EDGE_CURVE('',#4447,#4201,#5525,.T.);
#3487=EDGE_CURVE('',#4208,#4452,#5526,.T.);
#3488=EDGE_CURVE('',#4451,#4209,#5527,.T.);
#3489=EDGE_CURVE('',#4216,#4456,#5528,.T.);
#3490=EDGE_CURVE('',#4455,#4217,#5529,.T.);
#3491=EDGE_CURVE('',#4339,#4340,#5530,.T.);
#3492=EDGE_CURVE('',#4235,#4342,#5531,.T.);
#3493=EDGE_CURVE('',#4231,#4234,#5532,.T.);
#3494=EDGE_CURVE('',#4242,#4239,#5533,.T.);
#3495=EDGE_CURVE('',#4247,#4344,#5534,.T.);
#3496=EDGE_CURVE('',#4243,#4246,#5535,.T.);
#3497=EDGE_CURVE('',#4254,#4251,#5536,.T.);
#3498=EDGE_CURVE('',#4259,#4346,#5537,.T.);
#3499=EDGE_CURVE('',#4255,#4258,#5538,.T.);
#3500=EDGE_CURVE('',#4266,#4263,#5539,.T.);
#3501=EDGE_CURVE('',#4271,#4348,#5540,.T.);
#3502=EDGE_CURVE('',#4267,#4270,#5541,.T.);
#3503=EDGE_CURVE('',#4278,#4275,#5542,.T.);
#3504=EDGE_CURVE('',#4283,#4350,#5543,.T.);
#3505=EDGE_CURVE('',#4279,#4282,#5544,.T.);
#3506=EDGE_CURVE('',#4290,#4287,#5545,.T.);
#3507=EDGE_CURVE('',#4295,#4352,#5546,.T.);
#3508=EDGE_CURVE('',#4291,#4294,#5547,.T.);
#3509=EDGE_CURVE('',#4302,#4299,#5548,.T.);
#3510=EDGE_CURVE('',#4307,#4354,#5549,.T.);
#3511=EDGE_CURVE('',#4303,#4306,#5550,.T.);
#3512=EDGE_CURVE('',#4314,#4311,#5551,.T.);
#3513=EDGE_CURVE('',#4319,#4356,#5552,.T.);
#3514=EDGE_CURVE('',#4315,#4318,#5553,.T.);
#3515=EDGE_CURVE('',#4326,#4323,#5554,.T.);
#3516=EDGE_CURVE('',#4223,#4336,#5555,.T.);
#3517=EDGE_CURVE('',#4219,#4222,#5556,.T.);
#3518=EDGE_CURVE('',#4230,#4227,#5557,.T.);
#3519=EDGE_CURVE('',#4331,#4358,#5558,.T.);
#3520=EDGE_CURVE('',#4327,#4330,#5559,.T.);
#3521=EDGE_CURVE('',#4332,#4459,#5560,.T.);
#3522=EDGE_CURVE('',#4459,#4460,#5561,.T.);
#3523=EDGE_CURVE('',#4460,#4357,#5562,.T.);
#3524=EDGE_CURVE('',#4461,#4229,#5563,.T.);
#3525=EDGE_CURVE('',#4461,#4462,#5564,.T.);
#3526=EDGE_CURVE('',#4462,#4459,#5565,.T.);
#3527=EDGE_CURVE('',#4230,#4331,#5566,.T.);
#3528=EDGE_CURVE('',#4462,#4463,#5567,.T.);
#3529=EDGE_CURVE('',#4463,#4460,#5568,.T.);
#3530=EDGE_CURVE('',#4463,#4464,#5569,.T.);
#3531=EDGE_CURVE('',#4464,#4228,#5570,.T.);
#3532=EDGE_CURVE('',#4358,#4227,#5571,.T.);
#3533=EDGE_CURVE('',#4464,#4461,#5572,.T.);
#3534=EDGE_CURVE('',#4465,#4465,#80,.T.);
#3535=EDGE_CURVE('',#4224,#4466,#5573,.T.);
#3536=EDGE_CURVE('',#4466,#4467,#5574,.T.);
#3537=EDGE_CURVE('',#4467,#4335,#5575,.T.);
#3538=EDGE_CURVE('',#4468,#4325,#5576,.T.);
#3539=EDGE_CURVE('',#4468,#4469,#5577,.T.);
#3540=EDGE_CURVE('',#4469,#4466,#5578,.T.);
#3541=EDGE_CURVE('',#4326,#4223,#5579,.T.);
#3542=EDGE_CURVE('',#4469,#4470,#5580,.T.);
#3543=EDGE_CURVE('',#4470,#4467,#5581,.T.);
#3544=EDGE_CURVE('',#4470,#4471,#5582,.T.);
#3545=EDGE_CURVE('',#4471,#4324,#5583,.T.);
#3546=EDGE_CURVE('',#4336,#4323,#5584,.T.);
#3547=EDGE_CURVE('',#4471,#4468,#5585,.T.);
#3548=EDGE_CURVE('',#4472,#4472,#81,.T.);
#3549=EDGE_CURVE('',#4320,#4473,#5586,.T.);
#3550=EDGE_CURVE('',#4473,#4474,#5587,.T.);
#3551=EDGE_CURVE('',#4474,#4355,#5588,.T.);
#3552=EDGE_CURVE('',#4475,#4313,#5589,.T.);
#3553=EDGE_CURVE('',#4475,#4476,#5590,.T.);
#3554=EDGE_CURVE('',#4476,#4473,#5591,.T.);
#3555=EDGE_CURVE('',#4314,#4319,#5592,.T.);
#3556=EDGE_CURVE('',#4476,#4477,#5593,.T.);
#3557=EDGE_CURVE('',#4477,#4474,#5594,.T.);
#3558=EDGE_CURVE('',#4477,#4478,#5595,.T.);
#3559=EDGE_CURVE('',#4478,#4312,#5596,.T.);
#3560=EDGE_CURVE('',#4356,#4311,#5597,.T.);
#3561=EDGE_CURVE('',#4478,#4475,#5598,.T.);
#3562=EDGE_CURVE('',#4479,#4479,#82,.T.);
#3563=EDGE_CURVE('',#4308,#4480,#5599,.T.);
#3564=EDGE_CURVE('',#4480,#4481,#5600,.T.);
#3565=EDGE_CURVE('',#4481,#4353,#5601,.T.);
#3566=EDGE_CURVE('',#4482,#4301,#5602,.T.);
#3567=EDGE_CURVE('',#4482,#4483,#5603,.T.);
#3568=EDGE_CURVE('',#4483,#4480,#5604,.T.);
#3569=EDGE_CURVE('',#4302,#4307,#5605,.T.);
#3570=EDGE_CURVE('',#4483,#4484,#5606,.T.);
#3571=EDGE_CURVE('',#4484,#4481,#5607,.T.);
#3572=EDGE_CURVE('',#4484,#4485,#5608,.T.);
#3573=EDGE_CURVE('',#4485,#4300,#5609,.T.);
#3574=EDGE_CURVE('',#4354,#4299,#5610,.T.);
#3575=EDGE_CURVE('',#4485,#4482,#5611,.T.);
#3576=EDGE_CURVE('',#4486,#4486,#83,.T.);
#3577=EDGE_CURVE('',#4296,#4487,#5612,.T.);
#3578=EDGE_CURVE('',#4487,#4488,#5613,.T.);
#3579=EDGE_CURVE('',#4488,#4351,#5614,.T.);
#3580=EDGE_CURVE('',#4489,#4289,#5615,.T.);
#3581=EDGE_CURVE('',#4489,#4490,#5616,.T.);
#3582=EDGE_CURVE('',#4490,#4487,#5617,.T.);
#3583=EDGE_CURVE('',#4290,#4295,#5618,.T.);
#3584=EDGE_CURVE('',#4490,#4491,#5619,.T.);
#3585=EDGE_CURVE('',#4491,#4488,#5620,.T.);
#3586=EDGE_CURVE('',#4491,#4492,#5621,.T.);
#3587=EDGE_CURVE('',#4492,#4288,#5622,.T.);
#3588=EDGE_CURVE('',#4352,#4287,#5623,.T.);
#3589=EDGE_CURVE('',#4492,#4489,#5624,.T.);
#3590=EDGE_CURVE('',#4493,#4493,#84,.T.);
#3591=EDGE_CURVE('',#4284,#4494,#5625,.T.);
#3592=EDGE_CURVE('',#4494,#4495,#5626,.T.);
#3593=EDGE_CURVE('',#4495,#4349,#5627,.T.);
#3594=EDGE_CURVE('',#4496,#4277,#5628,.T.);
#3595=EDGE_CURVE('',#4496,#4497,#5629,.T.);
#3596=EDGE_CURVE('',#4497,#4494,#5630,.T.);
#3597=EDGE_CURVE('',#4278,#4283,#5631,.T.);
#3598=EDGE_CURVE('',#4497,#4498,#5632,.T.);
#3599=EDGE_CURVE('',#4498,#4495,#5633,.T.);
#3600=EDGE_CURVE('',#4498,#4499,#5634,.T.);
#3601=EDGE_CURVE('',#4499,#4276,#5635,.T.);
#3602=EDGE_CURVE('',#4350,#4275,#5636,.T.);
#3603=EDGE_CURVE('',#4499,#4496,#5637,.T.);
#3604=EDGE_CURVE('',#4500,#4500,#85,.T.);
#3605=EDGE_CURVE('',#4272,#4501,#5638,.T.);
#3606=EDGE_CURVE('',#4501,#4502,#5639,.T.);
#3607=EDGE_CURVE('',#4502,#4347,#5640,.T.);
#3608=EDGE_CURVE('',#4503,#4265,#5641,.T.);
#3609=EDGE_CURVE('',#4503,#4504,#5642,.T.);
#3610=EDGE_CURVE('',#4504,#4501,#5643,.T.);
#3611=EDGE_CURVE('',#4266,#4271,#5644,.T.);
#3612=EDGE_CURVE('',#4504,#4505,#5645,.T.);
#3613=EDGE_CURVE('',#4505,#4502,#5646,.T.);
#3614=EDGE_CURVE('',#4505,#4506,#5647,.T.);
#3615=EDGE_CURVE('',#4506,#4264,#5648,.T.);
#3616=EDGE_CURVE('',#4348,#4263,#5649,.T.);
#3617=EDGE_CURVE('',#4506,#4503,#5650,.T.);
#3618=EDGE_CURVE('',#4507,#4507,#86,.T.);
#3619=EDGE_CURVE('',#4260,#4508,#5651,.T.);
#3620=EDGE_CURVE('',#4508,#4509,#5652,.T.);
#3621=EDGE_CURVE('',#4509,#4345,#5653,.T.);
#3622=EDGE_CURVE('',#4510,#4253,#5654,.T.);
#3623=EDGE_CURVE('',#4510,#4511,#5655,.T.);
#3624=EDGE_CURVE('',#4511,#4508,#5656,.T.);
#3625=EDGE_CURVE('',#4254,#4259,#5657,.T.);
#3626=EDGE_CURVE('',#4511,#4512,#5658,.T.);
#3627=EDGE_CURVE('',#4512,#4509,#5659,.T.);
#3628=EDGE_CURVE('',#4512,#4513,#5660,.T.);
#3629=EDGE_CURVE('',#4513,#4252,#5661,.T.);
#3630=EDGE_CURVE('',#4346,#4251,#5662,.T.);
#3631=EDGE_CURVE('',#4513,#4510,#5663,.T.);
#3632=EDGE_CURVE('',#4514,#4514,#87,.T.);
#3633=EDGE_CURVE('',#4248,#4515,#5664,.T.);
#3634=EDGE_CURVE('',#4515,#4516,#5665,.T.);
#3635=EDGE_CURVE('',#4516,#4343,#5666,.T.);
#3636=EDGE_CURVE('',#4517,#4241,#5667,.T.);
#3637=EDGE_CURVE('',#4517,#4518,#5668,.T.);
#3638=EDGE_CURVE('',#4518,#4515,#5669,.T.);
#3639=EDGE_CURVE('',#4242,#4247,#5670,.T.);
#3640=EDGE_CURVE('',#4518,#4519,#5671,.T.);
#3641=EDGE_CURVE('',#4519,#4516,#5672,.T.);
#3642=EDGE_CURVE('',#4519,#4520,#5673,.T.);
#3643=EDGE_CURVE('',#4520,#4240,#5674,.T.);
#3644=EDGE_CURVE('',#4344,#4239,#5675,.T.);
#3645=EDGE_CURVE('',#4520,#4517,#5676,.T.);
#3646=EDGE_CURVE('',#4521,#4521,#88,.T.);
#3647=EDGE_CURVE('',#4236,#4522,#5677,.T.);
#3648=EDGE_CURVE('',#4522,#4523,#5678,.T.);
#3649=EDGE_CURVE('',#4523,#4341,#5679,.T.);
#3650=EDGE_CURVE('',#4524,#4338,#5680,.T.);
#3651=EDGE_CURVE('',#4524,#4525,#5681,.T.);
#3652=EDGE_CURVE('',#4525,#4522,#5682,.T.);
#3653=EDGE_CURVE('',#4339,#4235,#5683,.T.);
#3654=EDGE_CURVE('',#4525,#4526,#5684,.T.);
#3655=EDGE_CURVE('',#4526,#4523,#5685,.T.);
#3656=EDGE_CURVE('',#4526,#4527,#5686,.T.);
#3657=EDGE_CURVE('',#4527,#4337,#5687,.T.);
#3658=EDGE_CURVE('',#4342,#4340,#5688,.T.);
#3659=EDGE_CURVE('',#4527,#4524,#5689,.T.);
#3660=EDGE_CURVE('',#4528,#4528,#89,.T.);
#3661=EDGE_CURVE('',#4529,#4327,#5690,.T.);
#3662=EDGE_CURVE('',#4530,#4529,#5691,.T.);
#3663=EDGE_CURVE('',#4530,#4531,#5692,.T.);
#3664=EDGE_CURVE('',#4531,#4328,#5693,.T.);
#3665=EDGE_CURVE('',#4531,#4532,#5694,.T.);
#3666=EDGE_CURVE('',#4532,#4329,#5695,.T.);
#3667=EDGE_CURVE('',#4532,#4533,#5696,.T.);
#3668=EDGE_CURVE('',#4533,#4534,#5697,.T.);
#3669=EDGE_CURVE('',#4330,#4534,#5698,.T.);
#3670=EDGE_CURVE('',#4534,#4529,#5699,.T.);
#3671=EDGE_CURVE('',#4533,#4530,#5700,.T.);
#3672=EDGE_CURVE('',#4535,#4535,#90,.T.);
#3673=EDGE_CURVE('',#4536,#4219,#5701,.T.);
#3674=EDGE_CURVE('',#4537,#4536,#5702,.T.);
#3675=EDGE_CURVE('',#4537,#4538,#5703,.T.);
#3676=EDGE_CURVE('',#4538,#4220,#5704,.T.);
#3677=EDGE_CURVE('',#4538,#4539,#5705,.T.);
#3678=EDGE_CURVE('',#4539,#4221,#5706,.T.);
#3679=EDGE_CURVE('',#4539,#4540,#5707,.T.);
#3680=EDGE_CURVE('',#4540,#4541,#5708,.T.);
#3681=EDGE_CURVE('',#4222,#4541,#5709,.T.);
#3682=EDGE_CURVE('',#4541,#4536,#5710,.T.);
#3683=EDGE_CURVE('',#4540,#4537,#5711,.T.);
#3684=EDGE_CURVE('',#4542,#4542,#91,.T.);
#3685=EDGE_CURVE('',#4543,#4315,#5712,.T.);
#3686=EDGE_CURVE('',#4544,#4543,#5713,.T.);
#3687=EDGE_CURVE('',#4544,#4545,#5714,.T.);
#3688=EDGE_CURVE('',#4545,#4316,#5715,.T.);
#3689=EDGE_CURVE('',#4545,#4546,#5716,.T.);
#3690=EDGE_CURVE('',#4546,#4317,#5717,.T.);
#3691=EDGE_CURVE('',#4546,#4547,#5718,.T.);
#3692=EDGE_CURVE('',#4547,#4548,#5719,.T.);
#3693=EDGE_CURVE('',#4318,#4548,#5720,.T.);
#3694=EDGE_CURVE('',#4548,#4543,#5721,.T.);
#3695=EDGE_CURVE('',#4547,#4544,#5722,.T.);
#3696=EDGE_CURVE('',#4549,#4549,#92,.T.);
#3697=EDGE_CURVE('',#4550,#4303,#5723,.T.);
#3698=EDGE_CURVE('',#4551,#4550,#5724,.T.);
#3699=EDGE_CURVE('',#4551,#4552,#5725,.T.);
#3700=EDGE_CURVE('',#4552,#4304,#5726,.T.);
#3701=EDGE_CURVE('',#4552,#4553,#5727,.T.);
#3702=EDGE_CURVE('',#4553,#4305,#5728,.T.);
#3703=EDGE_CURVE('',#4553,#4554,#5729,.T.);
#3704=EDGE_CURVE('',#4554,#4555,#5730,.T.);
#3705=EDGE_CURVE('',#4306,#4555,#5731,.T.);
#3706=EDGE_CURVE('',#4555,#4550,#5732,.T.);
#3707=EDGE_CURVE('',#4554,#4551,#5733,.T.);
#3708=EDGE_CURVE('',#4556,#4556,#93,.T.);
#3709=EDGE_CURVE('',#4557,#4291,#5734,.T.);
#3710=EDGE_CURVE('',#4558,#4557,#5735,.T.);
#3711=EDGE_CURVE('',#4558,#4559,#5736,.T.);
#3712=EDGE_CURVE('',#4559,#4292,#5737,.T.);
#3713=EDGE_CURVE('',#4559,#4560,#5738,.T.);
#3714=EDGE_CURVE('',#4560,#4293,#5739,.T.);
#3715=EDGE_CURVE('',#4560,#4561,#5740,.T.);
#3716=EDGE_CURVE('',#4561,#4562,#5741,.T.);
#3717=EDGE_CURVE('',#4294,#4562,#5742,.T.);
#3718=EDGE_CURVE('',#4562,#4557,#5743,.T.);
#3719=EDGE_CURVE('',#4561,#4558,#5744,.T.);
#3720=EDGE_CURVE('',#4563,#4563,#94,.T.);
#3721=EDGE_CURVE('',#4564,#4279,#5745,.T.);
#3722=EDGE_CURVE('',#4565,#4564,#5746,.T.);
#3723=EDGE_CURVE('',#4565,#4566,#5747,.T.);
#3724=EDGE_CURVE('',#4566,#4280,#5748,.T.);
#3725=EDGE_CURVE('',#4566,#4567,#5749,.T.);
#3726=EDGE_CURVE('',#4567,#4281,#5750,.T.);
#3727=EDGE_CURVE('',#4567,#4568,#5751,.T.);
#3728=EDGE_CURVE('',#4568,#4569,#5752,.T.);
#3729=EDGE_CURVE('',#4282,#4569,#5753,.T.);
#3730=EDGE_CURVE('',#4569,#4564,#5754,.T.);
#3731=EDGE_CURVE('',#4568,#4565,#5755,.T.);
#3732=EDGE_CURVE('',#4570,#4570,#95,.T.);
#3733=EDGE_CURVE('',#4571,#4267,#5756,.T.);
#3734=EDGE_CURVE('',#4572,#4571,#5757,.T.);
#3735=EDGE_CURVE('',#4572,#4573,#5758,.T.);
#3736=EDGE_CURVE('',#4573,#4268,#5759,.T.);
#3737=EDGE_CURVE('',#4573,#4574,#5760,.T.);
#3738=EDGE_CURVE('',#4574,#4269,#5761,.T.);
#3739=EDGE_CURVE('',#4574,#4575,#5762,.T.);
#3740=EDGE_CURVE('',#4575,#4576,#5763,.T.);
#3741=EDGE_CURVE('',#4270,#4576,#5764,.T.);
#3742=EDGE_CURVE('',#4576,#4571,#5765,.T.);
#3743=EDGE_CURVE('',#4575,#4572,#5766,.T.);
#3744=EDGE_CURVE('',#4577,#4577,#96,.T.);
#3745=EDGE_CURVE('',#4578,#4255,#5767,.T.);
#3746=EDGE_CURVE('',#4579,#4578,#5768,.T.);
#3747=EDGE_CURVE('',#4579,#4580,#5769,.T.);
#3748=EDGE_CURVE('',#4580,#4256,#5770,.T.);
#3749=EDGE_CURVE('',#4580,#4581,#5771,.T.);
#3750=EDGE_CURVE('',#4581,#4257,#5772,.T.);
#3751=EDGE_CURVE('',#4581,#4582,#5773,.T.);
#3752=EDGE_CURVE('',#4582,#4583,#5774,.T.);
#3753=EDGE_CURVE('',#4258,#4583,#5775,.T.);
#3754=EDGE_CURVE('',#4583,#4578,#5776,.T.);
#3755=EDGE_CURVE('',#4582,#4579,#5777,.T.);
#3756=EDGE_CURVE('',#4584,#4584,#97,.T.);
#3757=EDGE_CURVE('',#4585,#4243,#5778,.T.);
#3758=EDGE_CURVE('',#4586,#4585,#5779,.T.);
#3759=EDGE_CURVE('',#4586,#4587,#5780,.T.);
#3760=EDGE_CURVE('',#4587,#4244,#5781,.T.);
#3761=EDGE_CURVE('',#4587,#4588,#5782,.T.);
#3762=EDGE_CURVE('',#4588,#4245,#5783,.T.);
#3763=EDGE_CURVE('',#4588,#4589,#5784,.T.);
#3764=EDGE_CURVE('',#4589,#4590,#5785,.T.);
#3765=EDGE_CURVE('',#4246,#4590,#5786,.T.);
#3766=EDGE_CURVE('',#4590,#4585,#5787,.T.);
#3767=EDGE_CURVE('',#4589,#4586,#5788,.T.);
#3768=EDGE_CURVE('',#4591,#4591,#98,.T.);
#3769=EDGE_CURVE('',#4592,#4231,#5789,.T.);
#3770=EDGE_CURVE('',#4593,#4592,#5790,.T.);
#3771=EDGE_CURVE('',#4593,#4594,#5791,.T.);
#3772=EDGE_CURVE('',#4594,#4232,#5792,.T.);
#3773=EDGE_CURVE('',#4594,#4595,#5793,.T.);
#3774=EDGE_CURVE('',#4595,#4233,#5794,.T.);
#3775=EDGE_CURVE('',#4595,#4596,#5795,.T.);
#3776=EDGE_CURVE('',#4596,#4597,#5796,.T.);
#3777=EDGE_CURVE('',#4234,#4597,#5797,.T.);
#3778=EDGE_CURVE('',#4597,#4592,#5798,.T.);
#3779=EDGE_CURVE('',#4596,#4593,#5799,.T.);
#3780=EDGE_CURVE('',#4598,#4598,#99,.T.);
#3781=EDGE_CURVE('',#4599,#4599,#100,.T.);
#3782=EDGE_CURVE('',#4600,#4600,#101,.T.);
#3783=EDGE_CURVE('',#4601,#4601,#102,.T.);
#3784=EDGE_CURVE('',#4602,#4602,#103,.T.);
#3785=EDGE_CURVE('',#4603,#4603,#104,.T.);
#3786=EDGE_CURVE('',#4604,#4604,#105,.T.);
#3787=EDGE_CURVE('',#4605,#4605,#106,.T.);
#3788=EDGE_CURVE('',#4606,#4606,#107,.T.);
#3789=EDGE_CURVE('',#4607,#4607,#108,.T.);
#3790=EDGE_CURVE('',#4608,#4608,#109,.T.);
#3791=EDGE_CURVE('',#4609,#4609,#110,.T.);
#3792=EDGE_CURVE('',#4610,#4610,#111,.T.);
#3793=EDGE_CURVE('',#4611,#4611,#112,.T.);
#3794=EDGE_CURVE('',#4612,#4612,#113,.T.);
#3795=EDGE_CURVE('',#4613,#4613,#114,.T.);
#3796=EDGE_CURVE('',#4614,#4614,#115,.T.);
#3797=EDGE_CURVE('',#4615,#4615,#116,.T.);
#3798=EDGE_CURVE('',#4616,#4616,#117,.T.);
#3799=EDGE_CURVE('',#4617,#4617,#118,.T.);
#3800=EDGE_CURVE('',#4618,#4618,#119,.T.);
#3801=EDGE_CURVE('',#4619,#4619,#120,.T.);
#3802=EDGE_CURVE('',#4620,#4620,#121,.T.);
#3803=EDGE_CURVE('',#4621,#4621,#122,.T.);
#3804=EDGE_CURVE('',#4622,#4622,#123,.T.);
#3805=EDGE_CURVE('',#4623,#4623,#124,.T.);
#3806=EDGE_CURVE('',#4624,#4624,#125,.T.);
#3807=EDGE_CURVE('',#4625,#4625,#126,.T.);
#3808=EDGE_CURVE('',#4626,#4626,#127,.T.);
#3809=EDGE_CURVE('',#4627,#4627,#128,.T.);
#3810=EDGE_CURVE('',#4628,#4628,#129,.T.);
#3811=EDGE_CURVE('',#4629,#4629,#130,.T.);
#3812=EDGE_CURVE('',#4630,#4630,#131,.T.);
#3813=EDGE_CURVE('',#4631,#4631,#132,.T.);
#3814=EDGE_CURVE('',#4632,#4632,#133,.T.);
#3815=EDGE_CURVE('',#4633,#4633,#134,.T.);
#3816=EDGE_CURVE('',#4634,#4634,#135,.T.);
#3817=EDGE_CURVE('',#4635,#4635,#136,.T.);
#3818=EDGE_CURVE('',#4636,#4636,#137,.T.);
#3819=EDGE_CURVE('',#4637,#4637,#138,.T.);
#3820=EDGE_CURVE('',#4638,#4638,#139,.T.);
#3821=EDGE_CURVE('',#4639,#4639,#140,.T.);
#3822=EDGE_CURVE('',#4640,#4640,#141,.T.);
#3823=EDGE_CURVE('',#4641,#4641,#142,.T.);
#3824=EDGE_CURVE('',#4642,#4642,#143,.T.);
#3825=EDGE_CURVE('',#4643,#4643,#144,.T.);
#3826=EDGE_CURVE('',#4644,#4644,#145,.T.);
#3827=EDGE_CURVE('',#4645,#4645,#146,.T.);
#3828=EDGE_CURVE('',#4646,#4646,#147,.T.);
#3829=EDGE_CURVE('',#4647,#4647,#148,.T.);
#3830=EDGE_CURVE('',#4648,#4648,#149,.T.);
#3831=EDGE_CURVE('',#4649,#4649,#150,.T.);
#3832=EDGE_CURVE('',#4650,#4650,#151,.T.);
#3833=EDGE_CURVE('',#4651,#4651,#152,.T.);
#3834=EDGE_CURVE('',#4652,#4652,#153,.T.);
#3835=EDGE_CURVE('',#4653,#4653,#154,.T.);
#3836=EDGE_CURVE('',#4654,#4654,#155,.T.);
#3837=EDGE_CURVE('',#4655,#4655,#156,.T.);
#3838=EDGE_CURVE('',#4656,#4656,#157,.T.);
#3839=EDGE_CURVE('',#4657,#4657,#158,.T.);
#3840=EDGE_CURVE('',#4658,#4658,#159,.T.);
#3841=VERTEX_POINT('',#11821);
#3842=VERTEX_POINT('',#11822);
#3843=VERTEX_POINT('',#11824);
#3844=VERTEX_POINT('',#11826);
#3845=VERTEX_POINT('',#11830);
#3846=VERTEX_POINT('',#11831);
#3847=VERTEX_POINT('',#11834);
#3848=VERTEX_POINT('',#11836);
#3849=VERTEX_POINT('',#11838);
#3850=VERTEX_POINT('',#11840);
#3851=VERTEX_POINT('',#11842);
#3852=VERTEX_POINT('',#11844);
#3853=VERTEX_POINT('',#11846);
#3854=VERTEX_POINT('',#11848);
#3855=VERTEX_POINT('',#11850);
#3856=VERTEX_POINT('',#11854);
#3857=VERTEX_POINT('',#11855);
#3858=VERTEX_POINT('',#11857);
#3859=VERTEX_POINT('',#11859);
#3860=VERTEX_POINT('',#11862);
#3861=VERTEX_POINT('',#11863);
#3862=VERTEX_POINT('',#11865);
#3863=VERTEX_POINT('',#11867);
#3864=VERTEX_POINT('',#11870);
#3865=VERTEX_POINT('',#11871);
#3866=VERTEX_POINT('',#11873);
#3867=VERTEX_POINT('',#11875);
#3868=VERTEX_POINT('',#11878);
#3869=VERTEX_POINT('',#11879);
#3870=VERTEX_POINT('',#11881);
#3871=VERTEX_POINT('',#11883);
#3872=VERTEX_POINT('',#11886);
#3873=VERTEX_POINT('',#11888);
#3874=VERTEX_POINT('',#11890);
#3875=VERTEX_POINT('',#11892);
#3876=VERTEX_POINT('',#11894);
#3877=VERTEX_POINT('',#11896);
#3878=VERTEX_POINT('',#11898);
#3879=VERTEX_POINT('',#11900);
#3880=VERTEX_POINT('',#11902);
#3881=VERTEX_POINT('',#11904);
#3882=VERTEX_POINT('',#11906);
#3883=VERTEX_POINT('',#11913);
#3884=VERTEX_POINT('',#11914);
#3885=VERTEX_POINT('',#11916);
#3886=VERTEX_POINT('',#11918);
#3887=VERTEX_POINT('',#11921);
#3888=VERTEX_POINT('',#11922);
#3889=VERTEX_POINT('',#11924);
#3890=VERTEX_POINT('',#11926);
#3891=VERTEX_POINT('',#11929);
#3892=VERTEX_POINT('',#11930);
#3893=VERTEX_POINT('',#11932);
#3894=VERTEX_POINT('',#11934);
#3895=VERTEX_POINT('',#11937);
#3896=VERTEX_POINT('',#11938);
#3897=VERTEX_POINT('',#11940);
#3898=VERTEX_POINT('',#11942);
#3899=VERTEX_POINT('',#11945);
#3900=VERTEX_POINT('',#11946);
#3901=VERTEX_POINT('',#11948);
#3902=VERTEX_POINT('',#11950);
#3903=VERTEX_POINT('',#11953);
#3904=VERTEX_POINT('',#11954);
#3905=VERTEX_POINT('',#11956);
#3906=VERTEX_POINT('',#11958);
#3907=VERTEX_POINT('',#11961);
#3908=VERTEX_POINT('',#11962);
#3909=VERTEX_POINT('',#11964);
#3910=VERTEX_POINT('',#11966);
#3911=VERTEX_POINT('',#11969);
#3912=VERTEX_POINT('',#11970);
#3913=VERTEX_POINT('',#11972);
#3914=VERTEX_POINT('',#11974);
#3915=VERTEX_POINT('',#11977);
#3916=VERTEX_POINT('',#11978);
#3917=VERTEX_POINT('',#11980);
#3918=VERTEX_POINT('',#11982);
#3919=VERTEX_POINT('',#11985);
#3920=VERTEX_POINT('',#11986);
#3921=VERTEX_POINT('',#11988);
#3922=VERTEX_POINT('',#11990);
#3923=VERTEX_POINT('',#11993);
#3924=VERTEX_POINT('',#11994);
#3925=VERTEX_POINT('',#11996);
#3926=VERTEX_POINT('',#11998);
#3927=VERTEX_POINT('',#12001);
#3928=VERTEX_POINT('',#12002);
#3929=VERTEX_POINT('',#12004);
#3930=VERTEX_POINT('',#12006);
#3931=VERTEX_POINT('',#12009);
#3932=VERTEX_POINT('',#12010);
#3933=VERTEX_POINT('',#12012);
#3934=VERTEX_POINT('',#12014);
#3935=VERTEX_POINT('',#12017);
#3936=VERTEX_POINT('',#12018);
#3937=VERTEX_POINT('',#12020);
#3938=VERTEX_POINT('',#12022);
#3939=VERTEX_POINT('',#12025);
#3940=VERTEX_POINT('',#12026);
#3941=VERTEX_POINT('',#12028);
#3942=VERTEX_POINT('',#12030);
#3943=VERTEX_POINT('',#12033);
#3944=VERTEX_POINT('',#12034);
#3945=VERTEX_POINT('',#12036);
#3946=VERTEX_POINT('',#12038);
#3947=VERTEX_POINT('',#12041);
#3948=VERTEX_POINT('',#12042);
#3949=VERTEX_POINT('',#12044);
#3950=VERTEX_POINT('',#12046);
#3951=VERTEX_POINT('',#12049);
#3952=VERTEX_POINT('',#12050);
#3953=VERTEX_POINT('',#12052);
#3954=VERTEX_POINT('',#12054);
#3955=VERTEX_POINT('',#12057);
#3956=VERTEX_POINT('',#12058);
#3957=VERTEX_POINT('',#12060);
#3958=VERTEX_POINT('',#12062);
#3959=VERTEX_POINT('',#12065);
#3960=VERTEX_POINT('',#12066);
#3961=VERTEX_POINT('',#12068);
#3962=VERTEX_POINT('',#12070);
#3963=VERTEX_POINT('',#12076);
#3964=VERTEX_POINT('',#12077);
#3965=VERTEX_POINT('',#12079);
#3966=VERTEX_POINT('',#12081);
#3967=VERTEX_POINT('',#12084);
#3968=VERTEX_POINT('',#12085);
#3969=VERTEX_POINT('',#12087);
#3970=VERTEX_POINT('',#12089);
#3971=VERTEX_POINT('',#12092);
#3972=VERTEX_POINT('',#12093);
#3973=VERTEX_POINT('',#12095);
#3974=VERTEX_POINT('',#12097);
#3975=VERTEX_POINT('',#12100);
#3976=VERTEX_POINT('',#12101);
#3977=VERTEX_POINT('',#12103);
#3978=VERTEX_POINT('',#12105);
#3979=VERTEX_POINT('',#12108);
#3980=VERTEX_POINT('',#12109);
#3981=VERTEX_POINT('',#12111);
#3982=VERTEX_POINT('',#12113);
#3983=VERTEX_POINT('',#12116);
#3984=VERTEX_POINT('',#12117);
#3985=VERTEX_POINT('',#12119);
#3986=VERTEX_POINT('',#12121);
#3987=VERTEX_POINT('',#12124);
#3988=VERTEX_POINT('',#12125);
#3989=VERTEX_POINT('',#12127);
#3990=VERTEX_POINT('',#12129);
#3991=VERTEX_POINT('',#12132);
#3992=VERTEX_POINT('',#12133);
#3993=VERTEX_POINT('',#12135);
#3994=VERTEX_POINT('',#12137);
#3995=VERTEX_POINT('',#12140);
#3996=VERTEX_POINT('',#12141);
#3997=VERTEX_POINT('',#12143);
#3998=VERTEX_POINT('',#12145);
#3999=VERTEX_POINT('',#12148);
#4000=VERTEX_POINT('',#12149);
#4001=VERTEX_POINT('',#12151);
#4002=VERTEX_POINT('',#12153);
#4003=VERTEX_POINT('',#12156);
#4004=VERTEX_POINT('',#12157);
#4005=VERTEX_POINT('',#12159);
#4006=VERTEX_POINT('',#12161);
#4007=VERTEX_POINT('',#12164);
#4008=VERTEX_POINT('',#12165);
#4009=VERTEX_POINT('',#12167);
#4010=VERTEX_POINT('',#12169);
#4011=VERTEX_POINT('',#12172);
#4012=VERTEX_POINT('',#12173);
#4013=VERTEX_POINT('',#12175);
#4014=VERTEX_POINT('',#12177);
#4015=VERTEX_POINT('',#12180);
#4016=VERTEX_POINT('',#12181);
#4017=VERTEX_POINT('',#12183);
#4018=VERTEX_POINT('',#12185);
#4019=VERTEX_POINT('',#12188);
#4020=VERTEX_POINT('',#12189);
#4021=VERTEX_POINT('',#12191);
#4022=VERTEX_POINT('',#12193);
#4023=VERTEX_POINT('',#12196);
#4024=VERTEX_POINT('',#12197);
#4025=VERTEX_POINT('',#12199);
#4026=VERTEX_POINT('',#12201);
#4027=VERTEX_POINT('',#12204);
#4028=VERTEX_POINT('',#12205);
#4029=VERTEX_POINT('',#12207);
#4030=VERTEX_POINT('',#12209);
#4031=VERTEX_POINT('',#12212);
#4032=VERTEX_POINT('',#12213);
#4033=VERTEX_POINT('',#12215);
#4034=VERTEX_POINT('',#12217);
#4035=VERTEX_POINT('',#12220);
#4036=VERTEX_POINT('',#12221);
#4037=VERTEX_POINT('',#12223);
#4038=VERTEX_POINT('',#12225);
#4039=VERTEX_POINT('',#12228);
#4040=VERTEX_POINT('',#12229);
#4041=VERTEX_POINT('',#12231);
#4042=VERTEX_POINT('',#12233);
#4043=VERTEX_POINT('',#12413);
#4044=VERTEX_POINT('',#12414);
#4045=VERTEX_POINT('',#12416);
#4046=VERTEX_POINT('',#12418);
#4047=VERTEX_POINT('',#12422);
#4048=VERTEX_POINT('',#12424);
#4049=VERTEX_POINT('',#12428);
#4050=VERTEX_POINT('',#12430);
#4051=VERTEX_POINT('',#12434);
#4052=VERTEX_POINT('',#12436);
#4053=VERTEX_POINT('',#12440);
#4054=VERTEX_POINT('',#12442);
#4055=VERTEX_POINT('',#12454);
#4056=VERTEX_POINT('',#12456);
#4057=VERTEX_POINT('',#12460);
#4058=VERTEX_POINT('',#12462);
#4059=VERTEX_POINT('',#12466);
#4060=VERTEX_POINT('',#12468);
#4061=VERTEX_POINT('',#12470);
#4062=VERTEX_POINT('',#12472);
#4063=VERTEX_POINT('',#12476);
#4064=VERTEX_POINT('',#12478);
#4065=VERTEX_POINT('',#12480);
#4066=VERTEX_POINT('',#12482);
#4067=VERTEX_POINT('',#12495);
#4068=VERTEX_POINT('',#12496);
#4069=VERTEX_POINT('',#12498);
#4070=VERTEX_POINT('',#12500);
#4071=VERTEX_POINT('',#12504);
#4072=VERTEX_POINT('',#12506);
#4073=VERTEX_POINT('',#12510);
#4074=VERTEX_POINT('',#12512);
#4075=VERTEX_POINT('',#12516);
#4076=VERTEX_POINT('',#12518);
#4077=VERTEX_POINT('',#12522);
#4078=VERTEX_POINT('',#12524);
#4079=VERTEX_POINT('',#12536);
#4080=VERTEX_POINT('',#12538);
#4081=VERTEX_POINT('',#12542);
#4082=VERTEX_POINT('',#12544);
#4083=VERTEX_POINT('',#12548);
#4084=VERTEX_POINT('',#12550);
#4085=VERTEX_POINT('',#12552);
#4086=VERTEX_POINT('',#12554);
#4087=VERTEX_POINT('',#12558);
#4088=VERTEX_POINT('',#12560);
#4089=VERTEX_POINT('',#12562);
#4090=VERTEX_POINT('',#12564);
#4091=VERTEX_POINT('',#12578);
#4092=VERTEX_POINT('',#12579);
#4093=VERTEX_POINT('',#12581);
#4094=VERTEX_POINT('',#12583);
#4095=VERTEX_POINT('',#12587);
#4096=VERTEX_POINT('',#12588);
#4097=VERTEX_POINT('',#12590);
#4098=VERTEX_POINT('',#12592);
#4099=VERTEX_POINT('',#12597);
#4100=VERTEX_POINT('',#12599);
#4101=VERTEX_POINT('',#12601);
#4102=VERTEX_POINT('',#12603);
#4103=VERTEX_POINT('',#12605);
#4104=VERTEX_POINT('',#12607);
#4105=VERTEX_POINT('',#12609);
#4106=VERTEX_POINT('',#12611);
#4107=VERTEX_POINT('',#12613);
#4108=VERTEX_POINT('',#12615);
#4109=VERTEX_POINT('',#12617);
#4110=VERTEX_POINT('',#12619);
#4111=VERTEX_POINT('',#12621);
#4112=VERTEX_POINT('',#12623);
#4113=VERTEX_POINT('',#12625);
#4114=VERTEX_POINT('',#12627);
#4115=VERTEX_POINT('',#12629);
#4116=VERTEX_POINT('',#12631);
#4117=VERTEX_POINT('',#12633);
#4118=VERTEX_POINT('',#12635);
#4119=VERTEX_POINT('',#12637);
#4120=VERTEX_POINT('',#12639);
#4121=VERTEX_POINT('',#12641);
#4122=VERTEX_POINT('',#12643);
#4123=VERTEX_POINT('',#12645);
#4124=VERTEX_POINT('',#12647);
#4125=VERTEX_POINT('',#12649);
#4126=VERTEX_POINT('',#12651);
#4127=VERTEX_POINT('',#12653);
#4128=VERTEX_POINT('',#12655);
#4129=VERTEX_POINT('',#12657);
#4130=VERTEX_POINT('',#12659);
#4131=VERTEX_POINT('',#12661);
#4132=VERTEX_POINT('',#12663);
#4133=VERTEX_POINT('',#12665);
#4134=VERTEX_POINT('',#12667);
#4135=VERTEX_POINT('',#12669);
#4136=VERTEX_POINT('',#12671);
#4137=VERTEX_POINT('',#12673);
#4138=VERTEX_POINT('',#12675);
#4139=VERTEX_POINT('',#12680);
#4140=VERTEX_POINT('',#12682);
#4141=VERTEX_POINT('',#12684);
#4142=VERTEX_POINT('',#12686);
#4143=VERTEX_POINT('',#12688);
#4144=VERTEX_POINT('',#12690);
#4145=VERTEX_POINT('',#12692);
#4146=VERTEX_POINT('',#12694);
#4147=VERTEX_POINT('',#12696);
#4148=VERTEX_POINT('',#12698);
#4149=VERTEX_POINT('',#12700);
#4150=VERTEX_POINT('',#12702);
#4151=VERTEX_POINT('',#12704);
#4152=VERTEX_POINT('',#12706);
#4153=VERTEX_POINT('',#12708);
#4154=VERTEX_POINT('',#12710);
#4155=VERTEX_POINT('',#12712);
#4156=VERTEX_POINT('',#12714);
#4157=VERTEX_POINT('',#12716);
#4158=VERTEX_POINT('',#12718);
#4159=VERTEX_POINT('',#12720);
#4160=VERTEX_POINT('',#12722);
#4161=VERTEX_POINT('',#12724);
#4162=VERTEX_POINT('',#12726);
#4163=VERTEX_POINT('',#12728);
#4164=VERTEX_POINT('',#12730);
#4165=VERTEX_POINT('',#12732);
#4166=VERTEX_POINT('',#12734);
#4167=VERTEX_POINT('',#12736);
#4168=VERTEX_POINT('',#12738);
#4169=VERTEX_POINT('',#12740);
#4170=VERTEX_POINT('',#12742);
#4171=VERTEX_POINT('',#12744);
#4172=VERTEX_POINT('',#12746);
#4173=VERTEX_POINT('',#12748);
#4174=VERTEX_POINT('',#12750);
#4175=VERTEX_POINT('',#12752);
#4176=VERTEX_POINT('',#12754);
#4177=VERTEX_POINT('',#12756);
#4178=VERTEX_POINT('',#12758);
#4179=VERTEX_POINT('',#12760);
#4180=VERTEX_POINT('',#12762);
#4181=VERTEX_POINT('',#12764);
#4182=VERTEX_POINT('',#12766);
#4183=VERTEX_POINT('',#12768);
#4184=VERTEX_POINT('',#12770);
#4185=VERTEX_POINT('',#12772);
#4186=VERTEX_POINT('',#12774);
#4187=VERTEX_POINT('',#12776);
#4188=VERTEX_POINT('',#12778);
#4189=VERTEX_POINT('',#12780);
#4190=VERTEX_POINT('',#12782);
#4191=VERTEX_POINT('',#12784);
#4192=VERTEX_POINT('',#12786);
#4193=VERTEX_POINT('',#12788);
#4194=VERTEX_POINT('',#12790);
#4195=VERTEX_POINT('',#12792);
#4196=VERTEX_POINT('',#12794);
#4197=VERTEX_POINT('',#12796);
#4198=VERTEX_POINT('',#12798);
#4199=VERTEX_POINT('',#12800);
#4200=VERTEX_POINT('',#12802);
#4201=VERTEX_POINT('',#12804);
#4202=VERTEX_POINT('',#12806);
#4203=VERTEX_POINT('',#12808);
#4204=VERTEX_POINT('',#12810);
#4205=VERTEX_POINT('',#12812);
#4206=VERTEX_POINT('',#12814);
#4207=VERTEX_POINT('',#12816);
#4208=VERTEX_POINT('',#12818);
#4209=VERTEX_POINT('',#12820);
#4210=VERTEX_POINT('',#12822);
#4211=VERTEX_POINT('',#12824);
#4212=VERTEX_POINT('',#12826);
#4213=VERTEX_POINT('',#12828);
#4214=VERTEX_POINT('',#12830);
#4215=VERTEX_POINT('',#12832);
#4216=VERTEX_POINT('',#12834);
#4217=VERTEX_POINT('',#12836);
#4218=VERTEX_POINT('',#12838);
#4219=VERTEX_POINT('',#12842);
#4220=VERTEX_POINT('',#12844);
#4221=VERTEX_POINT('',#12846);
#4222=VERTEX_POINT('',#12848);
#4223=VERTEX_POINT('',#12850);
#4224=VERTEX_POINT('',#12852);
#4225=VERTEX_POINT('',#12854);
#4226=VERTEX_POINT('',#12856);
#4227=VERTEX_POINT('',#12859);
#4228=VERTEX_POINT('',#12861);
#4229=VERTEX_POINT('',#12863);
#4230=VERTEX_POINT('',#12865);
#4231=VERTEX_POINT('',#12869);
#4232=VERTEX_POINT('',#12871);
#4233=VERTEX_POINT('',#12873);
#4234=VERTEX_POINT('',#12875);
#4235=VERTEX_POINT('',#12877);
#4236=VERTEX_POINT('',#12879);
#4237=VERTEX_POINT('',#12881);
#4238=VERTEX_POINT('',#12883);
#4239=VERTEX_POINT('',#12886);
#4240=VERTEX_POINT('',#12888);
#4241=VERTEX_POINT('',#12890);
#4242=VERTEX_POINT('',#12892);
#4243=VERTEX_POINT('',#12896);
#4244=VERTEX_POINT('',#12898);
#4245=VERTEX_POINT('',#12900);
#4246=VERTEX_POINT('',#12902);
#4247=VERTEX_POINT('',#12904);
#4248=VERTEX_POINT('',#12906);
#4249=VERTEX_POINT('',#12908);
#4250=VERTEX_POINT('',#12910);
#4251=VERTEX_POINT('',#12913);
#4252=VERTEX_POINT('',#12915);
#4253=VERTEX_POINT('',#12917);
#4254=VERTEX_POINT('',#12919);
#4255=VERTEX_POINT('',#12923);
#4256=VERTEX_POINT('',#12925);
#4257=VERTEX_POINT('',#12927);
#4258=VERTEX_POINT('',#12929);
#4259=VERTEX_POINT('',#12931);
#4260=VERTEX_POINT('',#12933);
#4261=VERTEX_POINT('',#12935);
#4262=VERTEX_POINT('',#12937);
#4263=VERTEX_POINT('',#12940);
#4264=VERTEX_POINT('',#12942);
#4265=VERTEX_POINT('',#12944);
#4266=VERTEX_POINT('',#12946);
#4267=VERTEX_POINT('',#12950);
#4268=VERTEX_POINT('',#12952);
#4269=VERTEX_POINT('',#12954);
#4270=VERTEX_POINT('',#12956);
#4271=VERTEX_POINT('',#12958);
#4272=VERTEX_POINT('',#12960);
#4273=VERTEX_POINT('',#12962);
#4274=VERTEX_POINT('',#12964);
#4275=VERTEX_POINT('',#12967);
#4276=VERTEX_POINT('',#12969);
#4277=VERTEX_POINT('',#12971);
#4278=VERTEX_POINT('',#12973);
#4279=VERTEX_POINT('',#12977);
#4280=VERTEX_POINT('',#12979);
#4281=VERTEX_POINT('',#12981);
#4282=VERTEX_POINT('',#12983);
#4283=VERTEX_POINT('',#12985);
#4284=VERTEX_POINT('',#12987);
#4285=VERTEX_POINT('',#12989);
#4286=VERTEX_POINT('',#12991);
#4287=VERTEX_POINT('',#12994);
#4288=VERTEX_POINT('',#12996);
#4289=VERTEX_POINT('',#12998);
#4290=VERTEX_POINT('',#13000);
#4291=VERTEX_POINT('',#13004);
#4292=VERTEX_POINT('',#13006);
#4293=VERTEX_POINT('',#13008);
#4294=VERTEX_POINT('',#13010);
#4295=VERTEX_POINT('',#13012);
#4296=VERTEX_POINT('',#13014);
#4297=VERTEX_POINT('',#13016);
#4298=VERTEX_POINT('',#13018);
#4299=VERTEX_POINT('',#13021);
#4300=VERTEX_POINT('',#13023);
#4301=VERTEX_POINT('',#13025);
#4302=VERTEX_POINT('',#13027);
#4303=VERTEX_POINT('',#13031);
#4304=VERTEX_POINT('',#13033);
#4305=VERTEX_POINT('',#13035);
#4306=VERTEX_POINT('',#13037);
#4307=VERTEX_POINT('',#13039);
#4308=VERTEX_POINT('',#13041);
#4309=VERTEX_POINT('',#13043);
#4310=VERTEX_POINT('',#13045);
#4311=VERTEX_POINT('',#13048);
#4312=VERTEX_POINT('',#13050);
#4313=VERTEX_POINT('',#13052);
#4314=VERTEX_POINT('',#13054);
#4315=VERTEX_POINT('',#13058);
#4316=VERTEX_POINT('',#13060);
#4317=VERTEX_POINT('',#13062);
#4318=VERTEX_POINT('',#13064);
#4319=VERTEX_POINT('',#13066);
#4320=VERTEX_POINT('',#13068);
#4321=VERTEX_POINT('',#13070);
#4322=VERTEX_POINT('',#13072);
#4323=VERTEX_POINT('',#13075);
#4324=VERTEX_POINT('',#13077);
#4325=VERTEX_POINT('',#13079);
#4326=VERTEX_POINT('',#13081);
#4327=VERTEX_POINT('',#13085);
#4328=VERTEX_POINT('',#13087);
#4329=VERTEX_POINT('',#13089);
#4330=VERTEX_POINT('',#13091);
#4331=VERTEX_POINT('',#13093);
#4332=VERTEX_POINT('',#13095);
#4333=VERTEX_POINT('',#13097);
#4334=VERTEX_POINT('',#13099);
#4335=VERTEX_POINT('',#13103);
#4336=VERTEX_POINT('',#13105);
#4337=VERTEX_POINT('',#13109);
#4338=VERTEX_POINT('',#13110);
#4339=VERTEX_POINT('',#13112);
#4340=VERTEX_POINT('',#13115);
#4341=VERTEX_POINT('',#13119);
#4342=VERTEX_POINT('',#13121);
#4343=VERTEX_POINT('',#13125);
#4344=VERTEX_POINT('',#13127);
#4345=VERTEX_POINT('',#13131);
#4346=VERTEX_POINT('',#13133);
#4347=VERTEX_POINT('',#13137);
#4348=VERTEX_POINT('',#13139);
#4349=VERTEX_POINT('',#13143);
#4350=VERTEX_POINT('',#13145);
#4351=VERTEX_POINT('',#13149);
#4352=VERTEX_POINT('',#13151);
#4353=VERTEX_POINT('',#13155);
#4354=VERTEX_POINT('',#13157);
#4355=VERTEX_POINT('',#13161);
#4356=VERTEX_POINT('',#13163);
#4357=VERTEX_POINT('',#13167);
#4358=VERTEX_POINT('',#13169);
#4359=VERTEX_POINT('',#13173);
#4360=VERTEX_POINT('',#13174);
#4361=VERTEX_POINT('',#13176);
#4362=VERTEX_POINT('',#13178);
#4363=VERTEX_POINT('',#13182);
#4364=VERTEX_POINT('',#13183);
#4365=VERTEX_POINT('',#13185);
#4366=VERTEX_POINT('',#13187);
#4367=VERTEX_POINT('',#13191);
#4368=VERTEX_POINT('',#13192);
#4369=VERTEX_POINT('',#13194);
#4370=VERTEX_POINT('',#13196);
#4371=VERTEX_POINT('',#13200);
#4372=VERTEX_POINT('',#13201);
#4373=VERTEX_POINT('',#13203);
#4374=VERTEX_POINT('',#13205);
#4375=VERTEX_POINT('',#13209);
#4376=VERTEX_POINT('',#13210);
#4377=VERTEX_POINT('',#13212);
#4378=VERTEX_POINT('',#13214);
#4379=VERTEX_POINT('',#13218);
#4380=VERTEX_POINT('',#13219);
#4381=VERTEX_POINT('',#13221);
#4382=VERTEX_POINT('',#13223);
#4383=VERTEX_POINT('',#13227);
#4384=VERTEX_POINT('',#13228);
#4385=VERTEX_POINT('',#13230);
#4386=VERTEX_POINT('',#13232);
#4387=VERTEX_POINT('',#13236);
#4388=VERTEX_POINT('',#13237);
#4389=VERTEX_POINT('',#13239);
#4390=VERTEX_POINT('',#13241);
#4391=VERTEX_POINT('',#13245);
#4392=VERTEX_POINT('',#13246);
#4393=VERTEX_POINT('',#13248);
#4394=VERTEX_POINT('',#13250);
#4395=VERTEX_POINT('',#13254);
#4396=VERTEX_POINT('',#13255);
#4397=VERTEX_POINT('',#13257);
#4398=VERTEX_POINT('',#13259);
#4399=VERTEX_POINT('',#13265);
#4400=VERTEX_POINT('',#13270);
#4401=VERTEX_POINT('',#13276);
#4402=VERTEX_POINT('',#13281);
#4403=VERTEX_POINT('',#13287);
#4404=VERTEX_POINT('',#13292);
#4405=VERTEX_POINT('',#13298);
#4406=VERTEX_POINT('',#13303);
#4407=VERTEX_POINT('',#13309);
#4408=VERTEX_POINT('',#13314);
#4409=VERTEX_POINT('',#13320);
#4410=VERTEX_POINT('',#13325);
#4411=VERTEX_POINT('',#13331);
#4412=VERTEX_POINT('',#13336);
#4413=VERTEX_POINT('',#13342);
#4414=VERTEX_POINT('',#13347);
#4415=VERTEX_POINT('',#13353);
#4416=VERTEX_POINT('',#13358);
#4417=VERTEX_POINT('',#13364);
#4418=VERTEX_POINT('',#13369);
#4419=VERTEX_POINT('',#13375);
#4420=VERTEX_POINT('',#13376);
#4421=VERTEX_POINT('',#13378);
#4422=VERTEX_POINT('',#13380);
#4423=VERTEX_POINT('',#13386);
#4424=VERTEX_POINT('',#13387);
#4425=VERTEX_POINT('',#13389);
#4426=VERTEX_POINT('',#13391);
#4427=VERTEX_POINT('',#13397);
#4428=VERTEX_POINT('',#13398);
#4429=VERTEX_POINT('',#13400);
#4430=VERTEX_POINT('',#13402);
#4431=VERTEX_POINT('',#13408);
#4432=VERTEX_POINT('',#13409);
#4433=VERTEX_POINT('',#13411);
#4434=VERTEX_POINT('',#13413);
#4435=VERTEX_POINT('',#13419);
#4436=VERTEX_POINT('',#13420);
#4437=VERTEX_POINT('',#13422);
#4438=VERTEX_POINT('',#13424);
#4439=VERTEX_POINT('',#13430);
#4440=VERTEX_POINT('',#13431);
#4441=VERTEX_POINT('',#13433);
#4442=VERTEX_POINT('',#13435);
#4443=VERTEX_POINT('',#13441);
#4444=VERTEX_POINT('',#13442);
#4445=VERTEX_POINT('',#13444);
#4446=VERTEX_POINT('',#13446);
#4447=VERTEX_POINT('',#13452);
#4448=VERTEX_POINT('',#13453);
#4449=VERTEX_POINT('',#13455);
#4450=VERTEX_POINT('',#13457);
#4451=VERTEX_POINT('',#13463);
#4452=VERTEX_POINT('',#13464);
#4453=VERTEX_POINT('',#13466);
#4454=VERTEX_POINT('',#13468);
#4455=VERTEX_POINT('',#13474);
#4456=VERTEX_POINT('',#13475);
#4457=VERTEX_POINT('',#13477);
#4458=VERTEX_POINT('',#13479);
#4459=VERTEX_POINT('',#13613);
#4460=VERTEX_POINT('',#13615);
#4461=VERTEX_POINT('',#13619);
#4462=VERTEX_POINT('',#13621);
#4463=VERTEX_POINT('',#13626);
#4464=VERTEX_POINT('',#13630);
#4465=VERTEX_POINT('',#13637);
#4466=VERTEX_POINT('',#13641);
#4467=VERTEX_POINT('',#13643);
#4468=VERTEX_POINT('',#13647);
#4469=VERTEX_POINT('',#13649);
#4470=VERTEX_POINT('',#13654);
#4471=VERTEX_POINT('',#13658);
#4472=VERTEX_POINT('',#13665);
#4473=VERTEX_POINT('',#13669);
#4474=VERTEX_POINT('',#13671);
#4475=VERTEX_POINT('',#13675);
#4476=VERTEX_POINT('',#13677);
#4477=VERTEX_POINT('',#13682);
#4478=VERTEX_POINT('',#13686);
#4479=VERTEX_POINT('',#13693);
#4480=VERTEX_POINT('',#13697);
#4481=VERTEX_POINT('',#13699);
#4482=VERTEX_POINT('',#13703);
#4483=VERTEX_POINT('',#13705);
#4484=VERTEX_POINT('',#13710);
#4485=VERTEX_POINT('',#13714);
#4486=VERTEX_POINT('',#13721);
#4487=VERTEX_POINT('',#13725);
#4488=VERTEX_POINT('',#13727);
#4489=VERTEX_POINT('',#13731);
#4490=VERTEX_POINT('',#13733);
#4491=VERTEX_POINT('',#13738);
#4492=VERTEX_POINT('',#13742);
#4493=VERTEX_POINT('',#13749);
#4494=VERTEX_POINT('',#13753);
#4495=VERTEX_POINT('',#13755);
#4496=VERTEX_POINT('',#13759);
#4497=VERTEX_POINT('',#13761);
#4498=VERTEX_POINT('',#13766);
#4499=VERTEX_POINT('',#13770);
#4500=VERTEX_POINT('',#13777);
#4501=VERTEX_POINT('',#13781);
#4502=VERTEX_POINT('',#13783);
#4503=VERTEX_POINT('',#13787);
#4504=VERTEX_POINT('',#13789);
#4505=VERTEX_POINT('',#13794);
#4506=VERTEX_POINT('',#13798);
#4507=VERTEX_POINT('',#13805);
#4508=VERTEX_POINT('',#13809);
#4509=VERTEX_POINT('',#13811);
#4510=VERTEX_POINT('',#13815);
#4511=VERTEX_POINT('',#13817);
#4512=VERTEX_POINT('',#13822);
#4513=VERTEX_POINT('',#13826);
#4514=VERTEX_POINT('',#13833);
#4515=VERTEX_POINT('',#13837);
#4516=VERTEX_POINT('',#13839);
#4517=VERTEX_POINT('',#13843);
#4518=VERTEX_POINT('',#13845);
#4519=VERTEX_POINT('',#13850);
#4520=VERTEX_POINT('',#13854);
#4521=VERTEX_POINT('',#13861);
#4522=VERTEX_POINT('',#13865);
#4523=VERTEX_POINT('',#13867);
#4524=VERTEX_POINT('',#13871);
#4525=VERTEX_POINT('',#13873);
#4526=VERTEX_POINT('',#13878);
#4527=VERTEX_POINT('',#13882);
#4528=VERTEX_POINT('',#13889);
#4529=VERTEX_POINT('',#13893);
#4530=VERTEX_POINT('',#13895);
#4531=VERTEX_POINT('',#13897);
#4532=VERTEX_POINT('',#13901);
#4533=VERTEX_POINT('',#13905);
#4534=VERTEX_POINT('',#13907);
#4535=VERTEX_POINT('',#13914);
#4536=VERTEX_POINT('',#13918);
#4537=VERTEX_POINT('',#13920);
#4538=VERTEX_POINT('',#13922);
#4539=VERTEX_POINT('',#13926);
#4540=VERTEX_POINT('',#13930);
#4541=VERTEX_POINT('',#13932);
#4542=VERTEX_POINT('',#13939);
#4543=VERTEX_POINT('',#13943);
#4544=VERTEX_POINT('',#13945);
#4545=VERTEX_POINT('',#13947);
#4546=VERTEX_POINT('',#13951);
#4547=VERTEX_POINT('',#13955);
#4548=VERTEX_POINT('',#13957);
#4549=VERTEX_POINT('',#13964);
#4550=VERTEX_POINT('',#13968);
#4551=VERTEX_POINT('',#13970);
#4552=VERTEX_POINT('',#13972);
#4553=VERTEX_POINT('',#13976);
#4554=VERTEX_POINT('',#13980);
#4555=VERTEX_POINT('',#13982);
#4556=VERTEX_POINT('',#13989);
#4557=VERTEX_POINT('',#13993);
#4558=VERTEX_POINT('',#13995);
#4559=VERTEX_POINT('',#13997);
#4560=VERTEX_POINT('',#14001);
#4561=VERTEX_POINT('',#14005);
#4562=VERTEX_POINT('',#14007);
#4563=VERTEX_POINT('',#14014);
#4564=VERTEX_POINT('',#14018);
#4565=VERTEX_POINT('',#14020);
#4566=VERTEX_POINT('',#14022);
#4567=VERTEX_POINT('',#14026);
#4568=VERTEX_POINT('',#14030);
#4569=VERTEX_POINT('',#14032);
#4570=VERTEX_POINT('',#14039);
#4571=VERTEX_POINT('',#14043);
#4572=VERTEX_POINT('',#14045);
#4573=VERTEX_POINT('',#14047);
#4574=VERTEX_POINT('',#14051);
#4575=VERTEX_POINT('',#14055);
#4576=VERTEX_POINT('',#14057);
#4577=VERTEX_POINT('',#14064);
#4578=VERTEX_POINT('',#14068);
#4579=VERTEX_POINT('',#14070);
#4580=VERTEX_POINT('',#14072);
#4581=VERTEX_POINT('',#14076);
#4582=VERTEX_POINT('',#14080);
#4583=VERTEX_POINT('',#14082);
#4584=VERTEX_POINT('',#14089);
#4585=VERTEX_POINT('',#14093);
#4586=VERTEX_POINT('',#14095);
#4587=VERTEX_POINT('',#14097);
#4588=VERTEX_POINT('',#14101);
#4589=VERTEX_POINT('',#14105);
#4590=VERTEX_POINT('',#14107);
#4591=VERTEX_POINT('',#14114);
#4592=VERTEX_POINT('',#14118);
#4593=VERTEX_POINT('',#14120);
#4594=VERTEX_POINT('',#14122);
#4595=VERTEX_POINT('',#14126);
#4596=VERTEX_POINT('',#14130);
#4597=VERTEX_POINT('',#14132);
#4598=VERTEX_POINT('',#14139);
#4599=VERTEX_POINT('',#14143);
#4600=VERTEX_POINT('',#14145);
#4601=VERTEX_POINT('',#14148);
#4602=VERTEX_POINT('',#14150);
#4603=VERTEX_POINT('',#14153);
#4604=VERTEX_POINT('',#14155);
#4605=VERTEX_POINT('',#14158);
#4606=VERTEX_POINT('',#14160);
#4607=VERTEX_POINT('',#14163);
#4608=VERTEX_POINT('',#14165);
#4609=VERTEX_POINT('',#14168);
#4610=VERTEX_POINT('',#14170);
#4611=VERTEX_POINT('',#14173);
#4612=VERTEX_POINT('',#14175);
#4613=VERTEX_POINT('',#14178);
#4614=VERTEX_POINT('',#14180);
#4615=VERTEX_POINT('',#14183);
#4616=VERTEX_POINT('',#14185);
#4617=VERTEX_POINT('',#14188);
#4618=VERTEX_POINT('',#14190);
#4619=VERTEX_POINT('',#14193);
#4620=VERTEX_POINT('',#14195);
#4621=VERTEX_POINT('',#14198);
#4622=VERTEX_POINT('',#14200);
#4623=VERTEX_POINT('',#14203);
#4624=VERTEX_POINT('',#14205);
#4625=VERTEX_POINT('',#14208);
#4626=VERTEX_POINT('',#14210);
#4627=VERTEX_POINT('',#14213);
#4628=VERTEX_POINT('',#14215);
#4629=VERTEX_POINT('',#14218);
#4630=VERTEX_POINT('',#14220);
#4631=VERTEX_POINT('',#14223);
#4632=VERTEX_POINT('',#14225);
#4633=VERTEX_POINT('',#14228);
#4634=VERTEX_POINT('',#14230);
#4635=VERTEX_POINT('',#14233);
#4636=VERTEX_POINT('',#14235);
#4637=VERTEX_POINT('',#14238);
#4638=VERTEX_POINT('',#14240);
#4639=VERTEX_POINT('',#14244);
#4640=VERTEX_POINT('',#14247);
#4641=VERTEX_POINT('',#14250);
#4642=VERTEX_POINT('',#14253);
#4643=VERTEX_POINT('',#14256);
#4644=VERTEX_POINT('',#14259);
#4645=VERTEX_POINT('',#14262);
#4646=VERTEX_POINT('',#14265);
#4647=VERTEX_POINT('',#14268);
#4648=VERTEX_POINT('',#14271);
#4649=VERTEX_POINT('',#14274);
#4650=VERTEX_POINT('',#14277);
#4651=VERTEX_POINT('',#14280);
#4652=VERTEX_POINT('',#14283);
#4653=VERTEX_POINT('',#14286);
#4654=VERTEX_POINT('',#14289);
#4655=VERTEX_POINT('',#14292);
#4656=VERTEX_POINT('',#14295);
#4657=VERTEX_POINT('',#14298);
#4658=VERTEX_POINT('',#14301);
#4659=LINE('',#11820,#5800);
#4660=LINE('',#11823,#5801);
#4661=LINE('',#11825,#5802);
#4662=LINE('',#11827,#5803);
#4663=LINE('',#11829,#5804);
#4664=LINE('',#11833,#5805);
#4665=LINE('',#11835,#5806);
#4666=LINE('',#11837,#5807);
#4667=LINE('',#11841,#5808);
#4668=LINE('',#11845,#5809);
#4669=LINE('',#11847,#5810);
#4670=LINE('',#11849,#5811);
#4671=LINE('',#11851,#5812);
#4672=LINE('',#11853,#5813);
#4673=LINE('',#11856,#5814);
#4674=LINE('',#11858,#5815);
#4675=LINE('',#11860,#5816);
#4676=LINE('',#11861,#5817);
#4677=LINE('',#11864,#5818);
#4678=LINE('',#11866,#5819);
#4679=LINE('',#11868,#5820);
#4680=LINE('',#11869,#5821);
#4681=LINE('',#11872,#5822);
#4682=LINE('',#11874,#5823);
#4683=LINE('',#11876,#5824);
#4684=LINE('',#11877,#5825);
#4685=LINE('',#11880,#5826);
#4686=LINE('',#11882,#5827);
#4687=LINE('',#11884,#5828);
#4688=LINE('',#11887,#5829);
#4689=LINE('',#11889,#5830);
#4690=LINE('',#11891,#5831);
#4691=LINE('',#11893,#5832);
#4692=LINE('',#11895,#5833);
#4693=LINE('',#11899,#5834);
#4694=LINE('',#11903,#5835);
#4695=LINE('',#11905,#5836);
#4696=LINE('',#11907,#5837);
#4697=LINE('',#11909,#5838);
#4698=LINE('',#11910,#5839);
#4699=LINE('',#11912,#5840);
#4700=LINE('',#11915,#5841);
#4701=LINE('',#11917,#5842);
#4702=LINE('',#11919,#5843);
#4703=LINE('',#11920,#5844);
#4704=LINE('',#11923,#5845);
#4705=LINE('',#11925,#5846);
#4706=LINE('',#11927,#5847);
#4707=LINE('',#11928,#5848);
#4708=LINE('',#11931,#5849);
#4709=LINE('',#11933,#5850);
#4710=LINE('',#11935,#5851);
#4711=LINE('',#11936,#5852);
#4712=LINE('',#11939,#5853);
#4713=LINE('',#11941,#5854);
#4714=LINE('',#11943,#5855);
#4715=LINE('',#11944,#5856);
#4716=LINE('',#11947,#5857);
#4717=LINE('',#11949,#5858);
#4718=LINE('',#11951,#5859);
#4719=LINE('',#11952,#5860);
#4720=LINE('',#11955,#5861);
#4721=LINE('',#11957,#5862);
#4722=LINE('',#11959,#5863);
#4723=LINE('',#11960,#5864);
#4724=LINE('',#11963,#5865);
#4725=LINE('',#11965,#5866);
#4726=LINE('',#11967,#5867);
#4727=LINE('',#11968,#5868);
#4728=LINE('',#11971,#5869);
#4729=LINE('',#11973,#5870);
#4730=LINE('',#11975,#5871);
#4731=LINE('',#11976,#5872);
#4732=LINE('',#11979,#5873);
#4733=LINE('',#11981,#5874);
#4734=LINE('',#11983,#5875);
#4735=LINE('',#11984,#5876);
#4736=LINE('',#11987,#5877);
#4737=LINE('',#11989,#5878);
#4738=LINE('',#11991,#5879);
#4739=LINE('',#11992,#5880);
#4740=LINE('',#11995,#5881);
#4741=LINE('',#11997,#5882);
#4742=LINE('',#11999,#5883);
#4743=LINE('',#12000,#5884);
#4744=LINE('',#12003,#5885);
#4745=LINE('',#12005,#5886);
#4746=LINE('',#12007,#5887);
#4747=LINE('',#12008,#5888);
#4748=LINE('',#12011,#5889);
#4749=LINE('',#12013,#5890);
#4750=LINE('',#12015,#5891);
#4751=LINE('',#12016,#5892);
#4752=LINE('',#12019,#5893);
#4753=LINE('',#12021,#5894);
#4754=LINE('',#12023,#5895);
#4755=LINE('',#12024,#5896);
#4756=LINE('',#12027,#5897);
#4757=LINE('',#12029,#5898);
#4758=LINE('',#12031,#5899);
#4759=LINE('',#12032,#5900);
#4760=LINE('',#12035,#5901);
#4761=LINE('',#12037,#5902);
#4762=LINE('',#12039,#5903);
#4763=LINE('',#12040,#5904);
#4764=LINE('',#12043,#5905);
#4765=LINE('',#12045,#5906);
#4766=LINE('',#12047,#5907);
#4767=LINE('',#12048,#5908);
#4768=LINE('',#12051,#5909);
#4769=LINE('',#12053,#5910);
#4770=LINE('',#12055,#5911);
#4771=LINE('',#12056,#5912);
#4772=LINE('',#12059,#5913);
#4773=LINE('',#12061,#5914);
#4774=LINE('',#12063,#5915);
#4775=LINE('',#12064,#5916);
#4776=LINE('',#12067,#5917);
#4777=LINE('',#12069,#5918);
#4778=LINE('',#12071,#5919);
#4779=LINE('',#12072,#5920);
#4780=LINE('',#12073,#5921);
#4781=LINE('',#12075,#5922);
#4782=LINE('',#12078,#5923);
#4783=LINE('',#12080,#5924);
#4784=LINE('',#12082,#5925);
#4785=LINE('',#12083,#5926);
#4786=LINE('',#12086,#5927);
#4787=LINE('',#12088,#5928);
#4788=LINE('',#12090,#5929);
#4789=LINE('',#12091,#5930);
#4790=LINE('',#12094,#5931);
#4791=LINE('',#12096,#5932);
#4792=LINE('',#12098,#5933);
#4793=LINE('',#12099,#5934);
#4794=LINE('',#12102,#5935);
#4795=LINE('',#12104,#5936);
#4796=LINE('',#12106,#5937);
#4797=LINE('',#12107,#5938);
#4798=LINE('',#12110,#5939);
#4799=LINE('',#12112,#5940);
#4800=LINE('',#12114,#5941);
#4801=LINE('',#12115,#5942);
#4802=LINE('',#12118,#5943);
#4803=LINE('',#12120,#5944);
#4804=LINE('',#12122,#5945);
#4805=LINE('',#12123,#5946);
#4806=LINE('',#12126,#5947);
#4807=LINE('',#12128,#5948);
#4808=LINE('',#12130,#5949);
#4809=LINE('',#12131,#5950);
#4810=LINE('',#12134,#5951);
#4811=LINE('',#12136,#5952);
#4812=LINE('',#12138,#5953);
#4813=LINE('',#12139,#5954);
#4814=LINE('',#12142,#5955);
#4815=LINE('',#12144,#5956);
#4816=LINE('',#12146,#5957);
#4817=LINE('',#12147,#5958);
#4818=LINE('',#12150,#5959);
#4819=LINE('',#12152,#5960);
#4820=LINE('',#12154,#5961);
#4821=LINE('',#12155,#5962);
#4822=LINE('',#12158,#5963);
#4823=LINE('',#12160,#5964);
#4824=LINE('',#12162,#5965);
#4825=LINE('',#12163,#5966);
#4826=LINE('',#12166,#5967);
#4827=LINE('',#12168,#5968);
#4828=LINE('',#12170,#5969);
#4829=LINE('',#12171,#5970);
#4830=LINE('',#12174,#5971);
#4831=LINE('',#12176,#5972);
#4832=LINE('',#12178,#5973);
#4833=LINE('',#12179,#5974);
#4834=LINE('',#12182,#5975);
#4835=LINE('',#12184,#5976);
#4836=LINE('',#12186,#5977);
#4837=LINE('',#12187,#5978);
#4838=LINE('',#12190,#5979);
#4839=LINE('',#12192,#5980);
#4840=LINE('',#12194,#5981);
#4841=LINE('',#12195,#5982);
#4842=LINE('',#12198,#5983);
#4843=LINE('',#12200,#5984);
#4844=LINE('',#12202,#5985);
#4845=LINE('',#12203,#5986);
#4846=LINE('',#12206,#5987);
#4847=LINE('',#12208,#5988);
#4848=LINE('',#12210,#5989);
#4849=LINE('',#12211,#5990);
#4850=LINE('',#12214,#5991);
#4851=LINE('',#12216,#5992);
#4852=LINE('',#12218,#5993);
#4853=LINE('',#12219,#5994);
#4854=LINE('',#12222,#5995);
#4855=LINE('',#12224,#5996);
#4856=LINE('',#12226,#5997);
#4857=LINE('',#12227,#5998);
#4858=LINE('',#12230,#5999);
#4859=LINE('',#12232,#6000);
#4860=LINE('',#12234,#6001);
#4861=LINE('',#12235,#6002);
#4862=LINE('',#12237,#6003);
#4863=LINE('',#12239,#6004);
#4864=LINE('',#12242,#6005);
#4865=LINE('',#12244,#6006);
#4866=LINE('',#12247,#6007);
#4867=LINE('',#12249,#6008);
#4868=LINE('',#12252,#6009);
#4869=LINE('',#12253,#6010);
#4870=LINE('',#12255,#6011);
#4871=LINE('',#12257,#6012);
#4872=LINE('',#12260,#6013);
#4873=LINE('',#12261,#6014);
#4874=LINE('',#12263,#6015);
#4875=LINE('',#12265,#6016);
#4876=LINE('',#12268,#6017);
#4877=LINE('',#12269,#6018);
#4878=LINE('',#12271,#6019);
#4879=LINE('',#12273,#6020);
#4880=LINE('',#12276,#6021);
#4881=LINE('',#12277,#6022);
#4882=LINE('',#12279,#6023);
#4883=LINE('',#12281,#6024);
#4884=LINE('',#12284,#6025);
#4885=LINE('',#12285,#6026);
#4886=LINE('',#12287,#6027);
#4887=LINE('',#12289,#6028);
#4888=LINE('',#12292,#6029);
#4889=LINE('',#12293,#6030);
#4890=LINE('',#12295,#6031);
#4891=LINE('',#12297,#6032);
#4892=LINE('',#12300,#6033);
#4893=LINE('',#12301,#6034);
#4894=LINE('',#12303,#6035);
#4895=LINE('',#12305,#6036);
#4896=LINE('',#12308,#6037);
#4897=LINE('',#12309,#6038);
#4898=LINE('',#12311,#6039);
#4899=LINE('',#12313,#6040);
#4900=LINE('',#12316,#6041);
#4901=LINE('',#12317,#6042);
#4902=LINE('',#12319,#6043);
#4903=LINE('',#12321,#6044);
#4904=LINE('',#12324,#6045);
#4905=LINE('',#12325,#6046);
#4906=LINE('',#12327,#6047);
#4907=LINE('',#12329,#6048);
#4908=LINE('',#12332,#6049);
#4909=LINE('',#12333,#6050);
#4910=LINE('',#12335,#6051);
#4911=LINE('',#12337,#6052);
#4912=LINE('',#12340,#6053);
#4913=LINE('',#12341,#6054);
#4914=LINE('',#12343,#6055);
#4915=LINE('',#12345,#6056);
#4916=LINE('',#12348,#6057);
#4917=LINE('',#12349,#6058);
#4918=LINE('',#12351,#6059);
#4919=LINE('',#12353,#6060);
#4920=LINE('',#12356,#6061);
#4921=LINE('',#12357,#6062);
#4922=LINE('',#12359,#6063);
#4923=LINE('',#12361,#6064);
#4924=LINE('',#12364,#6065);
#4925=LINE('',#12365,#6066);
#4926=LINE('',#12367,#6067);
#4927=LINE('',#12369,#6068);
#4928=LINE('',#12372,#6069);
#4929=LINE('',#12373,#6070);
#4930=LINE('',#12375,#6071);
#4931=LINE('',#12377,#6072);
#4932=LINE('',#12380,#6073);
#4933=LINE('',#12381,#6074);
#4934=LINE('',#12383,#6075);
#4935=LINE('',#12385,#6076);
#4936=LINE('',#12388,#6077);
#4937=LINE('',#12389,#6078);
#4938=LINE('',#12391,#6079);
#4939=LINE('',#12393,#6080);
#4940=LINE('',#12396,#6081);
#4941=LINE('',#12397,#6082);
#4942=LINE('',#12399,#6083);
#4943=LINE('',#12401,#6084);
#4944=LINE('',#12404,#6085);
#4945=LINE('',#12405,#6086);
#4946=LINE('',#12407,#6087);
#4947=LINE('',#12409,#6088);
#4948=LINE('',#12412,#6089);
#4949=LINE('',#12415,#6090);
#4950=LINE('',#12417,#6091);
#4951=LINE('',#12419,#6092);
#4952=LINE('',#12421,#6093);
#4953=LINE('',#12423,#6094);
#4954=LINE('',#12425,#6095);
#4955=LINE('',#12427,#6096);
#4956=LINE('',#12429,#6097);
#4957=LINE('',#12431,#6098);
#4958=LINE('',#12433,#6099);
#4959=LINE('',#12435,#6100);
#4960=LINE('',#12437,#6101);
#4961=LINE('',#12439,#6102);
#4962=LINE('',#12441,#6103);
#4963=LINE('',#12443,#6104);
#4964=LINE('',#12445,#6105);
#4965=LINE('',#12446,#6106);
#4966=LINE('',#12448,#6107);
#4967=LINE('',#12449,#6108);
#4968=LINE('',#12453,#6109);
#4969=LINE('',#12455,#6110);
#4970=LINE('',#12457,#6111);
#4971=LINE('',#12459,#6112);
#4972=LINE('',#12461,#6113);
#4973=LINE('',#12463,#6114);
#4974=LINE('',#12465,#6115);
#4975=LINE('',#12467,#6116);
#4976=LINE('',#12469,#6117);
#4977=LINE('',#12471,#6118);
#4978=LINE('',#12473,#6119);
#4979=LINE('',#12475,#6120);
#4980=LINE('',#12477,#6121);
#4981=LINE('',#12479,#6122);
#4982=LINE('',#12481,#6123);
#4983=LINE('',#12483,#6124);
#4984=LINE('',#12485,#6125);
#4985=LINE('',#12487,#6126);
#4986=LINE('',#12489,#6127);
#4987=LINE('',#12491,#6128);
#4988=LINE('',#12494,#6129);
#4989=LINE('',#12497,#6130);
#4990=LINE('',#12499,#6131);
#4991=LINE('',#12501,#6132);
#4992=LINE('',#12503,#6133);
#4993=LINE('',#12505,#6134);
#4994=LINE('',#12507,#6135);
#4995=LINE('',#12509,#6136);
#4996=LINE('',#12511,#6137);
#4997=LINE('',#12513,#6138);
#4998=LINE('',#12515,#6139);
#4999=LINE('',#12517,#6140);
#5000=LINE('',#12519,#6141);
#5001=LINE('',#12521,#6142);
#5002=LINE('',#12523,#6143);
#5003=LINE('',#12525,#6144);
#5004=LINE('',#12527,#6145);
#5005=LINE('',#12528,#6146);
#5006=LINE('',#12530,#6147);
#5007=LINE('',#12531,#6148);
#5008=LINE('',#12535,#6149);
#5009=LINE('',#12537,#6150);
#5010=LINE('',#12539,#6151);
#5011=LINE('',#12541,#6152);
#5012=LINE('',#12543,#6153);
#5013=LINE('',#12545,#6154);
#5014=LINE('',#12547,#6155);
#5015=LINE('',#12549,#6156);
#5016=LINE('',#12551,#6157);
#5017=LINE('',#12553,#6158);
#5018=LINE('',#12555,#6159);
#5019=LINE('',#12557,#6160);
#5020=LINE('',#12559,#6161);
#5021=LINE('',#12561,#6162);
#5022=LINE('',#12563,#6163);
#5023=LINE('',#12565,#6164);
#5024=LINE('',#12567,#6165);
#5025=LINE('',#12569,#6166);
#5026=LINE('',#12571,#6167);
#5027=LINE('',#12573,#6168);
#5028=LINE('',#12577,#6169);
#5029=LINE('',#12580,#6170);
#5030=LINE('',#12582,#6171);
#5031=LINE('',#12584,#6172);
#5032=LINE('',#12586,#6173);
#5033=LINE('',#12589,#6174);
#5034=LINE('',#12591,#6175);
#5035=LINE('',#12593,#6176);
#5036=LINE('',#12595,#6177);
#5037=LINE('',#12596,#6178);
#5038=LINE('',#12598,#6179);
#5039=LINE('',#12600,#6180);
#5040=LINE('',#12602,#6181);
#5041=LINE('',#12604,#6182);
#5042=LINE('',#12606,#6183);
#5043=LINE('',#12608,#6184);
#5044=LINE('',#12610,#6185);
#5045=LINE('',#12612,#6186);
#5046=LINE('',#12614,#6187);
#5047=LINE('',#12616,#6188);
#5048=LINE('',#12618,#6189);
#5049=LINE('',#12620,#6190);
#5050=LINE('',#12622,#6191);
#5051=LINE('',#12624,#6192);
#5052=LINE('',#12626,#6193);
#5053=LINE('',#12628,#6194);
#5054=LINE('',#12630,#6195);
#5055=LINE('',#12632,#6196);
#5056=LINE('',#12634,#6197);
#5057=LINE('',#12636,#6198);
#5058=LINE('',#12638,#6199);
#5059=LINE('',#12640,#6200);
#5060=LINE('',#12642,#6201);
#5061=LINE('',#12644,#6202);
#5062=LINE('',#12646,#6203);
#5063=LINE('',#12648,#6204);
#5064=LINE('',#12650,#6205);
#5065=LINE('',#12652,#6206);
#5066=LINE('',#12654,#6207);
#5067=LINE('',#12656,#6208);
#5068=LINE('',#12658,#6209);
#5069=LINE('',#12660,#6210);
#5070=LINE('',#12662,#6211);
#5071=LINE('',#12664,#6212);
#5072=LINE('',#12666,#6213);
#5073=LINE('',#12668,#6214);
#5074=LINE('',#12670,#6215);
#5075=LINE('',#12672,#6216);
#5076=LINE('',#12674,#6217);
#5077=LINE('',#12676,#6218);
#5078=LINE('',#12678,#6219);
#5079=LINE('',#12679,#6220);
#5080=LINE('',#12681,#6221);
#5081=LINE('',#12683,#6222);
#5082=LINE('',#12685,#6223);
#5083=LINE('',#12687,#6224);
#5084=LINE('',#12689,#6225);
#5085=LINE('',#12691,#6226);
#5086=LINE('',#12693,#6227);
#5087=LINE('',#12695,#6228);
#5088=LINE('',#12697,#6229);
#5089=LINE('',#12699,#6230);
#5090=LINE('',#12701,#6231);
#5091=LINE('',#12703,#6232);
#5092=LINE('',#12705,#6233);
#5093=LINE('',#12707,#6234);
#5094=LINE('',#12709,#6235);
#5095=LINE('',#12711,#6236);
#5096=LINE('',#12713,#6237);
#5097=LINE('',#12715,#6238);
#5098=LINE('',#12717,#6239);
#5099=LINE('',#12719,#6240);
#5100=LINE('',#12721,#6241);
#5101=LINE('',#12723,#6242);
#5102=LINE('',#12725,#6243);
#5103=LINE('',#12727,#6244);
#5104=LINE('',#12729,#6245);
#5105=LINE('',#12731,#6246);
#5106=LINE('',#12733,#6247);
#5107=LINE('',#12735,#6248);
#5108=LINE('',#12737,#6249);
#5109=LINE('',#12739,#6250);
#5110=LINE('',#12741,#6251);
#5111=LINE('',#12743,#6252);
#5112=LINE('',#12745,#6253);
#5113=LINE('',#12747,#6254);
#5114=LINE('',#12749,#6255);
#5115=LINE('',#12751,#6256);
#5116=LINE('',#12753,#6257);
#5117=LINE('',#12755,#6258);
#5118=LINE('',#12757,#6259);
#5119=LINE('',#12759,#6260);
#5120=LINE('',#12761,#6261);
#5121=LINE('',#12763,#6262);
#5122=LINE('',#12765,#6263);
#5123=LINE('',#12767,#6264);
#5124=LINE('',#12769,#6265);
#5125=LINE('',#12771,#6266);
#5126=LINE('',#12773,#6267);
#5127=LINE('',#12775,#6268);
#5128=LINE('',#12777,#6269);
#5129=LINE('',#12779,#6270);
#5130=LINE('',#12781,#6271);
#5131=LINE('',#12783,#6272);
#5132=LINE('',#12785,#6273);
#5133=LINE('',#12787,#6274);
#5134=LINE('',#12789,#6275);
#5135=LINE('',#12791,#6276);
#5136=LINE('',#12793,#6277);
#5137=LINE('',#12795,#6278);
#5138=LINE('',#12797,#6279);
#5139=LINE('',#12799,#6280);
#5140=LINE('',#12801,#6281);
#5141=LINE('',#12803,#6282);
#5142=LINE('',#12805,#6283);
#5143=LINE('',#12807,#6284);
#5144=LINE('',#12809,#6285);
#5145=LINE('',#12811,#6286);
#5146=LINE('',#12813,#6287);
#5147=LINE('',#12815,#6288);
#5148=LINE('',#12817,#6289);
#5149=LINE('',#12819,#6290);
#5150=LINE('',#12821,#6291);
#5151=LINE('',#12823,#6292);
#5152=LINE('',#12825,#6293);
#5153=LINE('',#12827,#6294);
#5154=LINE('',#12829,#6295);
#5155=LINE('',#12831,#6296);
#5156=LINE('',#12833,#6297);
#5157=LINE('',#12835,#6298);
#5158=LINE('',#12837,#6299);
#5159=LINE('',#12839,#6300);
#5160=LINE('',#12841,#6301);
#5161=LINE('',#12843,#6302);
#5162=LINE('',#12845,#6303);
#5163=LINE('',#12847,#6304);
#5164=LINE('',#12849,#6305);
#5165=LINE('',#12851,#6306);
#5166=LINE('',#12853,#6307);
#5167=LINE('',#12855,#6308);
#5168=LINE('',#12857,#6309);
#5169=LINE('',#12858,#6310);
#5170=LINE('',#12860,#6311);
#5171=LINE('',#12862,#6312);
#5172=LINE('',#12864,#6313);
#5173=LINE('',#12866,#6314);
#5174=LINE('',#12868,#6315);
#5175=LINE('',#12870,#6316);
#5176=LINE('',#12872,#6317);
#5177=LINE('',#12874,#6318);
#5178=LINE('',#12876,#6319);
#5179=LINE('',#12878,#6320);
#5180=LINE('',#12880,#6321);
#5181=LINE('',#12882,#6322);
#5182=LINE('',#12884,#6323);
#5183=LINE('',#12885,#6324);
#5184=LINE('',#12887,#6325);
#5185=LINE('',#12889,#6326);
#5186=LINE('',#12891,#6327);
#5187=LINE('',#12893,#6328);
#5188=LINE('',#12895,#6329);
#5189=LINE('',#12897,#6330);
#5190=LINE('',#12899,#6331);
#5191=LINE('',#12901,#6332);
#5192=LINE('',#12903,#6333);
#5193=LINE('',#12905,#6334);
#5194=LINE('',#12907,#6335);
#5195=LINE('',#12909,#6336);
#5196=LINE('',#12911,#6337);
#5197=LINE('',#12912,#6338);
#5198=LINE('',#12914,#6339);
#5199=LINE('',#12916,#6340);
#5200=LINE('',#12918,#6341);
#5201=LINE('',#12920,#6342);
#5202=LINE('',#12922,#6343);
#5203=LINE('',#12924,#6344);
#5204=LINE('',#12926,#6345);
#5205=LINE('',#12928,#6346);
#5206=LINE('',#12930,#6347);
#5207=LINE('',#12932,#6348);
#5208=LINE('',#12934,#6349);
#5209=LINE('',#12936,#6350);
#5210=LINE('',#12938,#6351);
#5211=LINE('',#12939,#6352);
#5212=LINE('',#12941,#6353);
#5213=LINE('',#12943,#6354);
#5214=LINE('',#12945,#6355);
#5215=LINE('',#12947,#6356);
#5216=LINE('',#12949,#6357);
#5217=LINE('',#12951,#6358);
#5218=LINE('',#12953,#6359);
#5219=LINE('',#12955,#6360);
#5220=LINE('',#12957,#6361);
#5221=LINE('',#12959,#6362);
#5222=LINE('',#12961,#6363);
#5223=LINE('',#12963,#6364);
#5224=LINE('',#12965,#6365);
#5225=LINE('',#12966,#6366);
#5226=LINE('',#12968,#6367);
#5227=LINE('',#12970,#6368);
#5228=LINE('',#12972,#6369);
#5229=LINE('',#12974,#6370);
#5230=LINE('',#12976,#6371);
#5231=LINE('',#12978,#6372);
#5232=LINE('',#12980,#6373);
#5233=LINE('',#12982,#6374);
#5234=LINE('',#12984,#6375);
#5235=LINE('',#12986,#6376);
#5236=LINE('',#12988,#6377);
#5237=LINE('',#12990,#6378);
#5238=LINE('',#12992,#6379);
#5239=LINE('',#12993,#6380);
#5240=LINE('',#12995,#6381);
#5241=LINE('',#12997,#6382);
#5242=LINE('',#12999,#6383);
#5243=LINE('',#13001,#6384);
#5244=LINE('',#13003,#6385);
#5245=LINE('',#13005,#6386);
#5246=LINE('',#13007,#6387);
#5247=LINE('',#13009,#6388);
#5248=LINE('',#13011,#6389);
#5249=LINE('',#13013,#6390);
#5250=LINE('',#13015,#6391);
#5251=LINE('',#13017,#6392);
#5252=LINE('',#13019,#6393);
#5253=LINE('',#13020,#6394);
#5254=LINE('',#13022,#6395);
#5255=LINE('',#13024,#6396);
#5256=LINE('',#13026,#6397);
#5257=LINE('',#13028,#6398);
#5258=LINE('',#13030,#6399);
#5259=LINE('',#13032,#6400);
#5260=LINE('',#13034,#6401);
#5261=LINE('',#13036,#6402);
#5262=LINE('',#13038,#6403);
#5263=LINE('',#13040,#6404);
#5264=LINE('',#13042,#6405);
#5265=LINE('',#13044,#6406);
#5266=LINE('',#13046,#6407);
#5267=LINE('',#13047,#6408);
#5268=LINE('',#13049,#6409);
#5269=LINE('',#13051,#6410);
#5270=LINE('',#13053,#6411);
#5271=LINE('',#13055,#6412);
#5272=LINE('',#13057,#6413);
#5273=LINE('',#13059,#6414);
#5274=LINE('',#13061,#6415);
#5275=LINE('',#13063,#6416);
#5276=LINE('',#13065,#6417);
#5277=LINE('',#13067,#6418);
#5278=LINE('',#13069,#6419);
#5279=LINE('',#13071,#6420);
#5280=LINE('',#13073,#6421);
#5281=LINE('',#13074,#6422);
#5282=LINE('',#13076,#6423);
#5283=LINE('',#13078,#6424);
#5284=LINE('',#13080,#6425);
#5285=LINE('',#13082,#6426);
#5286=LINE('',#13084,#6427);
#5287=LINE('',#13086,#6428);
#5288=LINE('',#13088,#6429);
#5289=LINE('',#13090,#6430);
#5290=LINE('',#13092,#6431);
#5291=LINE('',#13094,#6432);
#5292=LINE('',#13096,#6433);
#5293=LINE('',#13098,#6434);
#5294=LINE('',#13100,#6435);
#5295=LINE('',#13102,#6436);
#5296=LINE('',#13104,#6437);
#5297=LINE('',#13106,#6438);
#5298=LINE('',#13108,#6439);
#5299=LINE('',#13111,#6440);
#5300=LINE('',#13113,#6441);
#5301=LINE('',#13114,#6442);
#5302=LINE('',#13116,#6443);
#5303=LINE('',#13118,#6444);
#5304=LINE('',#13120,#6445);
#5305=LINE('',#13122,#6446);
#5306=LINE('',#13124,#6447);
#5307=LINE('',#13126,#6448);
#5308=LINE('',#13128,#6449);
#5309=LINE('',#13130,#6450);
#5310=LINE('',#13132,#6451);
#5311=LINE('',#13134,#6452);
#5312=LINE('',#13136,#6453);
#5313=LINE('',#13138,#6454);
#5314=LINE('',#13140,#6455);
#5315=LINE('',#13142,#6456);
#5316=LINE('',#13144,#6457);
#5317=LINE('',#13146,#6458);
#5318=LINE('',#13148,#6459);
#5319=LINE('',#13150,#6460);
#5320=LINE('',#13152,#6461);
#5321=LINE('',#13154,#6462);
#5322=LINE('',#13156,#6463);
#5323=LINE('',#13158,#6464);
#5324=LINE('',#13160,#6465);
#5325=LINE('',#13162,#6466);
#5326=LINE('',#13164,#6467);
#5327=LINE('',#13166,#6468);
#5328=LINE('',#13168,#6469);
#5329=LINE('',#13170,#6470);
#5330=LINE('',#13172,#6471);
#5331=LINE('',#13175,#6472);
#5332=LINE('',#13177,#6473);
#5333=LINE('',#13179,#6474);
#5334=LINE('',#13181,#6475);
#5335=LINE('',#13184,#6476);
#5336=LINE('',#13186,#6477);
#5337=LINE('',#13188,#6478);
#5338=LINE('',#13190,#6479);
#5339=LINE('',#13193,#6480);
#5340=LINE('',#13195,#6481);
#5341=LINE('',#13197,#6482);
#5342=LINE('',#13199,#6483);
#5343=LINE('',#13202,#6484);
#5344=LINE('',#13204,#6485);
#5345=LINE('',#13206,#6486);
#5346=LINE('',#13208,#6487);
#5347=LINE('',#13211,#6488);
#5348=LINE('',#13213,#6489);
#5349=LINE('',#13215,#6490);
#5350=LINE('',#13217,#6491);
#5351=LINE('',#13220,#6492);
#5352=LINE('',#13222,#6493);
#5353=LINE('',#13224,#6494);
#5354=LINE('',#13226,#6495);
#5355=LINE('',#13229,#6496);
#5356=LINE('',#13231,#6497);
#5357=LINE('',#13233,#6498);
#5358=LINE('',#13235,#6499);
#5359=LINE('',#13238,#6500);
#5360=LINE('',#13240,#6501);
#5361=LINE('',#13242,#6502);
#5362=LINE('',#13244,#6503);
#5363=LINE('',#13247,#6504);
#5364=LINE('',#13249,#6505);
#5365=LINE('',#13251,#6506);
#5366=LINE('',#13253,#6507);
#5367=LINE('',#13256,#6508);
#5368=LINE('',#13258,#6509);
#5369=LINE('',#13260,#6510);
#5370=LINE('',#13262,#6511);
#5371=LINE('',#13263,#6512);
#5372=LINE('',#13264,#6513);
#5373=LINE('',#13266,#6514);
#5374=LINE('',#13268,#6515);
#5375=LINE('',#13269,#6516);
#5376=LINE('',#13271,#6517);
#5377=LINE('',#13273,#6518);
#5378=LINE('',#13274,#6519);
#5379=LINE('',#13275,#6520);
#5380=LINE('',#13277,#6521);
#5381=LINE('',#13279,#6522);
#5382=LINE('',#13280,#6523);
#5383=LINE('',#13282,#6524);
#5384=LINE('',#13284,#6525);
#5385=LINE('',#13285,#6526);
#5386=LINE('',#13286,#6527);
#5387=LINE('',#13288,#6528);
#5388=LINE('',#13290,#6529);
#5389=LINE('',#13291,#6530);
#5390=LINE('',#13293,#6531);
#5391=LINE('',#13295,#6532);
#5392=LINE('',#13296,#6533);
#5393=LINE('',#13297,#6534);
#5394=LINE('',#13299,#6535);
#5395=LINE('',#13301,#6536);
#5396=LINE('',#13302,#6537);
#5397=LINE('',#13304,#6538);
#5398=LINE('',#13306,#6539);
#5399=LINE('',#13307,#6540);
#5400=LINE('',#13308,#6541);
#5401=LINE('',#13310,#6542);
#5402=LINE('',#13312,#6543);
#5403=LINE('',#13313,#6544);
#5404=LINE('',#13315,#6545);
#5405=LINE('',#13317,#6546);
#5406=LINE('',#13318,#6547);
#5407=LINE('',#13319,#6548);
#5408=LINE('',#13321,#6549);
#5409=LINE('',#13323,#6550);
#5410=LINE('',#13324,#6551);
#5411=LINE('',#13326,#6552);
#5412=LINE('',#13328,#6553);
#5413=LINE('',#13329,#6554);
#5414=LINE('',#13330,#6555);
#5415=LINE('',#13332,#6556);
#5416=LINE('',#13334,#6557);
#5417=LINE('',#13335,#6558);
#5418=LINE('',#13337,#6559);
#5419=LINE('',#13339,#6560);
#5420=LINE('',#13340,#6561);
#5421=LINE('',#13341,#6562);
#5422=LINE('',#13343,#6563);
#5423=LINE('',#13345,#6564);
#5424=LINE('',#13346,#6565);
#5425=LINE('',#13348,#6566);
#5426=LINE('',#13350,#6567);
#5427=LINE('',#13351,#6568);
#5428=LINE('',#13352,#6569);
#5429=LINE('',#13354,#6570);
#5430=LINE('',#13356,#6571);
#5431=LINE('',#13357,#6572);
#5432=LINE('',#13359,#6573);
#5433=LINE('',#13361,#6574);
#5434=LINE('',#13362,#6575);
#5435=LINE('',#13363,#6576);
#5436=LINE('',#13365,#6577);
#5437=LINE('',#13367,#6578);
#5438=LINE('',#13368,#6579);
#5439=LINE('',#13370,#6580);
#5440=LINE('',#13372,#6581);
#5441=LINE('',#13374,#6582);
#5442=LINE('',#13377,#6583);
#5443=LINE('',#13379,#6584);
#5444=LINE('',#13381,#6585);
#5445=LINE('',#13383,#6586);
#5446=LINE('',#13385,#6587);
#5447=LINE('',#13388,#6588);
#5448=LINE('',#13390,#6589);
#5449=LINE('',#13392,#6590);
#5450=LINE('',#13394,#6591);
#5451=LINE('',#13396,#6592);
#5452=LINE('',#13399,#6593);
#5453=LINE('',#13401,#6594);
#5454=LINE('',#13403,#6595);
#5455=LINE('',#13405,#6596);
#5456=LINE('',#13407,#6597);
#5457=LINE('',#13410,#6598);
#5458=LINE('',#13412,#6599);
#5459=LINE('',#13414,#6600);
#5460=LINE('',#13416,#6601);
#5461=LINE('',#13418,#6602);
#5462=LINE('',#13421,#6603);
#5463=LINE('',#13423,#6604);
#5464=LINE('',#13425,#6605);
#5465=LINE('',#13427,#6606);
#5466=LINE('',#13429,#6607);
#5467=LINE('',#13432,#6608);
#5468=LINE('',#13434,#6609);
#5469=LINE('',#13436,#6610);
#5470=LINE('',#13438,#6611);
#5471=LINE('',#13440,#6612);
#5472=LINE('',#13443,#6613);
#5473=LINE('',#13445,#6614);
#5474=LINE('',#13447,#6615);
#5475=LINE('',#13449,#6616);
#5476=LINE('',#13451,#6617);
#5477=LINE('',#13454,#6618);
#5478=LINE('',#13456,#6619);
#5479=LINE('',#13458,#6620);
#5480=LINE('',#13460,#6621);
#5481=LINE('',#13462,#6622);
#5482=LINE('',#13465,#6623);
#5483=LINE('',#13467,#6624);
#5484=LINE('',#13469,#6625);
#5485=LINE('',#13471,#6626);
#5486=LINE('',#13473,#6627);
#5487=LINE('',#13476,#6628);
#5488=LINE('',#13478,#6629);
#5489=LINE('',#13480,#6630);
#5490=LINE('',#13482,#6631);
#5491=LINE('',#13483,#6632);
#5492=LINE('',#13485,#6633);
#5493=LINE('',#13486,#6634);
#5494=LINE('',#13488,#6635);
#5495=LINE('',#13489,#6636);
#5496=LINE('',#13491,#6637);
#5497=LINE('',#13492,#6638);
#5498=LINE('',#13494,#6639);
#5499=LINE('',#13495,#6640);
#5500=LINE('',#13497,#6641);
#5501=LINE('',#13498,#6642);
#5502=LINE('',#13500,#6643);
#5503=LINE('',#13501,#6644);
#5504=LINE('',#13503,#6645);
#5505=LINE('',#13504,#6646);
#5506=LINE('',#13506,#6647);
#5507=LINE('',#13507,#6648);
#5508=LINE('',#13509,#6649);
#5509=LINE('',#13510,#6650);
#5510=LINE('',#13513,#6651);
#5511=LINE('',#13514,#6652);
#5512=LINE('',#13517,#6653);
#5513=LINE('',#13518,#6654);
#5514=LINE('',#13521,#6655);
#5515=LINE('',#13522,#6656);
#5516=LINE('',#13525,#6657);
#5517=LINE('',#13526,#6658);
#5518=LINE('',#13529,#6659);
#5519=LINE('',#13530,#6660);
#5520=LINE('',#13533,#6661);
#5521=LINE('',#13534,#6662);
#5522=LINE('',#13537,#6663);
#5523=LINE('',#13538,#6664);
#5524=LINE('',#13541,#6665);
#5525=LINE('',#13542,#6666);
#5526=LINE('',#13545,#6667);
#5527=LINE('',#13546,#6668);
#5528=LINE('',#13549,#6669);
#5529=LINE('',#13550,#6670);
#5530=LINE('',#13552,#6671);
#5531=LINE('',#13554,#6672);
#5532=LINE('',#13555,#6673);
#5533=LINE('',#13557,#6674);
#5534=LINE('',#13559,#6675);
#5535=LINE('',#13560,#6676);
#5536=LINE('',#13562,#6677);
#5537=LINE('',#13564,#6678);
#5538=LINE('',#13565,#6679);
#5539=LINE('',#13567,#6680);
#5540=LINE('',#13569,#6681);
#5541=LINE('',#13570,#6682);
#5542=LINE('',#13572,#6683);
#5543=LINE('',#13574,#6684);
#5544=LINE('',#13575,#6685);
#5545=LINE('',#13577,#6686);
#5546=LINE('',#13579,#6687);
#5547=LINE('',#13580,#6688);
#5548=LINE('',#13582,#6689);
#5549=LINE('',#13584,#6690);
#5550=LINE('',#13585,#6691);
#5551=LINE('',#13587,#6692);
#5552=LINE('',#13589,#6693);
#5553=LINE('',#13590,#6694);
#5554=LINE('',#13592,#6695);
#5555=LINE('',#13594,#6696);
#5556=LINE('',#13595,#6697);
#5557=LINE('',#13597,#6698);
#5558=LINE('',#13599,#6699);
#5559=LINE('',#13600,#6700);
#5560=LINE('',#13612,#6701);
#5561=LINE('',#13614,#6702);
#5562=LINE('',#13616,#6703);
#5563=LINE('',#13618,#6704);
#5564=LINE('',#13620,#6705);
#5565=LINE('',#13622,#6706);
#5566=LINE('',#13623,#6707);
#5567=LINE('',#13625,#6708);
#5568=LINE('',#13627,#6709);
#5569=LINE('',#13629,#6710);
#5570=LINE('',#13631,#6711);
#5571=LINE('',#13632,#6712);
#5572=LINE('',#13634,#6713);
#5573=LINE('',#13640,#6714);
#5574=LINE('',#13642,#6715);
#5575=LINE('',#13644,#6716);
#5576=LINE('',#13646,#6717);
#5577=LINE('',#13648,#6718);
#5578=LINE('',#13650,#6719);
#5579=LINE('',#13651,#6720);
#5580=LINE('',#13653,#6721);
#5581=LINE('',#13655,#6722);
#5582=LINE('',#13657,#6723);
#5583=LINE('',#13659,#6724);
#5584=LINE('',#13660,#6725);
#5585=LINE('',#13662,#6726);
#5586=LINE('',#13668,#6727);
#5587=LINE('',#13670,#6728);
#5588=LINE('',#13672,#6729);
#5589=LINE('',#13674,#6730);
#5590=LINE('',#13676,#6731);
#5591=LINE('',#13678,#6732);
#5592=LINE('',#13679,#6733);
#5593=LINE('',#13681,#6734);
#5594=LINE('',#13683,#6735);
#5595=LINE('',#13685,#6736);
#5596=LINE('',#13687,#6737);
#5597=LINE('',#13688,#6738);
#5598=LINE('',#13690,#6739);
#5599=LINE('',#13696,#6740);
#5600=LINE('',#13698,#6741);
#5601=LINE('',#13700,#6742);
#5602=LINE('',#13702,#6743);
#5603=LINE('',#13704,#6744);
#5604=LINE('',#13706,#6745);
#5605=LINE('',#13707,#6746);
#5606=LINE('',#13709,#6747);
#5607=LINE('',#13711,#6748);
#5608=LINE('',#13713,#6749);
#5609=LINE('',#13715,#6750);
#5610=LINE('',#13716,#6751);
#5611=LINE('',#13718,#6752);
#5612=LINE('',#13724,#6753);
#5613=LINE('',#13726,#6754);
#5614=LINE('',#13728,#6755);
#5615=LINE('',#13730,#6756);
#5616=LINE('',#13732,#6757);
#5617=LINE('',#13734,#6758);
#5618=LINE('',#13735,#6759);
#5619=LINE('',#13737,#6760);
#5620=LINE('',#13739,#6761);
#5621=LINE('',#13741,#6762);
#5622=LINE('',#13743,#6763);
#5623=LINE('',#13744,#6764);
#5624=LINE('',#13746,#6765);
#5625=LINE('',#13752,#6766);
#5626=LINE('',#13754,#6767);
#5627=LINE('',#13756,#6768);
#5628=LINE('',#13758,#6769);
#5629=LINE('',#13760,#6770);
#5630=LINE('',#13762,#6771);
#5631=LINE('',#13763,#6772);
#5632=LINE('',#13765,#6773);
#5633=LINE('',#13767,#6774);
#5634=LINE('',#13769,#6775);
#5635=LINE('',#13771,#6776);
#5636=LINE('',#13772,#6777);
#5637=LINE('',#13774,#6778);
#5638=LINE('',#13780,#6779);
#5639=LINE('',#13782,#6780);
#5640=LINE('',#13784,#6781);
#5641=LINE('',#13786,#6782);
#5642=LINE('',#13788,#6783);
#5643=LINE('',#13790,#6784);
#5644=LINE('',#13791,#6785);
#5645=LINE('',#13793,#6786);
#5646=LINE('',#13795,#6787);
#5647=LINE('',#13797,#6788);
#5648=LINE('',#13799,#6789);
#5649=LINE('',#13800,#6790);
#5650=LINE('',#13802,#6791);
#5651=LINE('',#13808,#6792);
#5652=LINE('',#13810,#6793);
#5653=LINE('',#13812,#6794);
#5654=LINE('',#13814,#6795);
#5655=LINE('',#13816,#6796);
#5656=LINE('',#13818,#6797);
#5657=LINE('',#13819,#6798);
#5658=LINE('',#13821,#6799);
#5659=LINE('',#13823,#6800);
#5660=LINE('',#13825,#6801);
#5661=LINE('',#13827,#6802);
#5662=LINE('',#13828,#6803);
#5663=LINE('',#13830,#6804);
#5664=LINE('',#13836,#6805);
#5665=LINE('',#13838,#6806);
#5666=LINE('',#13840,#6807);
#5667=LINE('',#13842,#6808);
#5668=LINE('',#13844,#6809);
#5669=LINE('',#13846,#6810);
#5670=LINE('',#13847,#6811);
#5671=LINE('',#13849,#6812);
#5672=LINE('',#13851,#6813);
#5673=LINE('',#13853,#6814);
#5674=LINE('',#13855,#6815);
#5675=LINE('',#13856,#6816);
#5676=LINE('',#13858,#6817);
#5677=LINE('',#13864,#6818);
#5678=LINE('',#13866,#6819);
#5679=LINE('',#13868,#6820);
#5680=LINE('',#13870,#6821);
#5681=LINE('',#13872,#6822);
#5682=LINE('',#13874,#6823);
#5683=LINE('',#13875,#6824);
#5684=LINE('',#13877,#6825);
#5685=LINE('',#13879,#6826);
#5686=LINE('',#13881,#6827);
#5687=LINE('',#13883,#6828);
#5688=LINE('',#13884,#6829);
#5689=LINE('',#13886,#6830);
#5690=LINE('',#13892,#6831);
#5691=LINE('',#13894,#6832);
#5692=LINE('',#13896,#6833);
#5693=LINE('',#13898,#6834);
#5694=LINE('',#13900,#6835);
#5695=LINE('',#13902,#6836);
#5696=LINE('',#13904,#6837);
#5697=LINE('',#13906,#6838);
#5698=LINE('',#13908,#6839);
#5699=LINE('',#13910,#6840);
#5700=LINE('',#13911,#6841);
#5701=LINE('',#13917,#6842);
#5702=LINE('',#13919,#6843);
#5703=LINE('',#13921,#6844);
#5704=LINE('',#13923,#6845);
#5705=LINE('',#13925,#6846);
#5706=LINE('',#13927,#6847);
#5707=LINE('',#13929,#6848);
#5708=LINE('',#13931,#6849);
#5709=LINE('',#13933,#6850);
#5710=LINE('',#13935,#6851);
#5711=LINE('',#13936,#6852);
#5712=LINE('',#13942,#6853);
#5713=LINE('',#13944,#6854);
#5714=LINE('',#13946,#6855);
#5715=LINE('',#13948,#6856);
#5716=LINE('',#13950,#6857);
#5717=LINE('',#13952,#6858);
#5718=LINE('',#13954,#6859);
#5719=LINE('',#13956,#6860);
#5720=LINE('',#13958,#6861);
#5721=LINE('',#13960,#6862);
#5722=LINE('',#13961,#6863);
#5723=LINE('',#13967,#6864);
#5724=LINE('',#13969,#6865);
#5725=LINE('',#13971,#6866);
#5726=LINE('',#13973,#6867);
#5727=LINE('',#13975,#6868);
#5728=LINE('',#13977,#6869);
#5729=LINE('',#13979,#6870);
#5730=LINE('',#13981,#6871);
#5731=LINE('',#13983,#6872);
#5732=LINE('',#13985,#6873);
#5733=LINE('',#13986,#6874);
#5734=LINE('',#13992,#6875);
#5735=LINE('',#13994,#6876);
#5736=LINE('',#13996,#6877);
#5737=LINE('',#13998,#6878);
#5738=LINE('',#14000,#6879);
#5739=LINE('',#14002,#6880);
#5740=LINE('',#14004,#6881);
#5741=LINE('',#14006,#6882);
#5742=LINE('',#14008,#6883);
#5743=LINE('',#14010,#6884);
#5744=LINE('',#14011,#6885);
#5745=LINE('',#14017,#6886);
#5746=LINE('',#14019,#6887);
#5747=LINE('',#14021,#6888);
#5748=LINE('',#14023,#6889);
#5749=LINE('',#14025,#6890);
#5750=LINE('',#14027,#6891);
#5751=LINE('',#14029,#6892);
#5752=LINE('',#14031,#6893);
#5753=LINE('',#14033,#6894);
#5754=LINE('',#14035,#6895);
#5755=LINE('',#14036,#6896);
#5756=LINE('',#14042,#6897);
#5757=LINE('',#14044,#6898);
#5758=LINE('',#14046,#6899);
#5759=LINE('',#14048,#6900);
#5760=LINE('',#14050,#6901);
#5761=LINE('',#14052,#6902);
#5762=LINE('',#14054,#6903);
#5763=LINE('',#14056,#6904);
#5764=LINE('',#14058,#6905);
#5765=LINE('',#14060,#6906);
#5766=LINE('',#14061,#6907);
#5767=LINE('',#14067,#6908);
#5768=LINE('',#14069,#6909);
#5769=LINE('',#14071,#6910);
#5770=LINE('',#14073,#6911);
#5771=LINE('',#14075,#6912);
#5772=LINE('',#14077,#6913);
#5773=LINE('',#14079,#6914);
#5774=LINE('',#14081,#6915);
#5775=LINE('',#14083,#6916);
#5776=LINE('',#14085,#6917);
#5777=LINE('',#14086,#6918);
#5778=LINE('',#14092,#6919);
#5779=LINE('',#14094,#6920);
#5780=LINE('',#14096,#6921);
#5781=LINE('',#14098,#6922);
#5782=LINE('',#14100,#6923);
#5783=LINE('',#14102,#6924);
#5784=LINE('',#14104,#6925);
#5785=LINE('',#14106,#6926);
#5786=LINE('',#14108,#6927);
#5787=LINE('',#14110,#6928);
#5788=LINE('',#14111,#6929);
#5789=LINE('',#14117,#6930);
#5790=LINE('',#14119,#6931);
#5791=LINE('',#14121,#6932);
#5792=LINE('',#14123,#6933);
#5793=LINE('',#14125,#6934);
#5794=LINE('',#14127,#6935);
#5795=LINE('',#14129,#6936);
#5796=LINE('',#14131,#6937);
#5797=LINE('',#14133,#6938);
#5798=LINE('',#14135,#6939);
#5799=LINE('',#14136,#6940);
#5800=VECTOR('',#9589,39.3700787401575);
#5801=VECTOR('',#9590,39.3700787401575);
#5802=VECTOR('',#9591,39.3700787401575);
#5803=VECTOR('',#9592,39.3700787401575);
#5804=VECTOR('',#9595,39.3700787401575);
#5805=VECTOR('',#9598,39.3700787401575);
#5806=VECTOR('',#9599,39.3700787401575);
#5807=VECTOR('',#9600,39.3700787401575);
#5808=VECTOR('',#9603,39.3700787401575);
#5809=VECTOR('',#9606,39.3700787401575);
#5810=VECTOR('',#9607,39.3700787401575);
#5811=VECTOR('',#9608,39.3700787401575);
#5812=VECTOR('',#9609,39.3700787401575);
#5813=VECTOR('',#9612,39.3700787401575);
#5814=VECTOR('',#9613,39.3700787401575);
#5815=VECTOR('',#9614,39.3700787401575);
#5816=VECTOR('',#9615,39.3700787401575);
#5817=VECTOR('',#9616,39.3700787401575);
#5818=VECTOR('',#9617,39.3700787401575);
#5819=VECTOR('',#9618,39.3700787401575);
#5820=VECTOR('',#9619,39.3700787401575);
#5821=VECTOR('',#9620,39.3700787401575);
#5822=VECTOR('',#9621,39.3700787401575);
#5823=VECTOR('',#9622,39.3700787401575);
#5824=VECTOR('',#9623,39.3700787401575);
#5825=VECTOR('',#9624,39.3700787401575);
#5826=VECTOR('',#9625,39.3700787401575);
#5827=VECTOR('',#9626,39.3700787401575);
#5828=VECTOR('',#9627,39.3700787401575);
#5829=VECTOR('',#9630,39.3700787401575);
#5830=VECTOR('',#9631,39.3700787401575);
#5831=VECTOR('',#9632,39.3700787401575);
#5832=VECTOR('',#9633,39.3700787401575);
#5833=VECTOR('',#9634,39.3700787401575);
#5834=VECTOR('',#9637,39.3700787401575);
#5835=VECTOR('',#9640,39.3700787401575);
#5836=VECTOR('',#9641,39.3700787401575);
#5837=VECTOR('',#9642,39.3700787401575);
#5838=VECTOR('',#9645,39.3700787401575);
#5839=VECTOR('',#9646,39.3700787401575);
#5840=VECTOR('',#9649,39.3700787401575);
#5841=VECTOR('',#9650,39.3700787401575);
#5842=VECTOR('',#9651,39.3700787401575);
#5843=VECTOR('',#9652,39.3700787401575);
#5844=VECTOR('',#9653,39.3700787401575);
#5845=VECTOR('',#9654,39.3700787401575);
#5846=VECTOR('',#9655,39.3700787401575);
#5847=VECTOR('',#9656,39.3700787401575);
#5848=VECTOR('',#9657,39.3700787401575);
#5849=VECTOR('',#9658,39.3700787401575);
#5850=VECTOR('',#9659,39.3700787401575);
#5851=VECTOR('',#9660,39.3700787401575);
#5852=VECTOR('',#9661,39.3700787401575);
#5853=VECTOR('',#9662,39.3700787401575);
#5854=VECTOR('',#9663,39.3700787401575);
#5855=VECTOR('',#9664,39.3700787401575);
#5856=VECTOR('',#9665,39.3700787401575);
#5857=VECTOR('',#9666,39.3700787401575);
#5858=VECTOR('',#9667,39.3700787401575);
#5859=VECTOR('',#9668,39.3700787401575);
#5860=VECTOR('',#9669,39.3700787401575);
#5861=VECTOR('',#9670,39.3700787401575);
#5862=VECTOR('',#9671,39.3700787401575);
#5863=VECTOR('',#9672,39.3700787401575);
#5864=VECTOR('',#9673,39.3700787401575);
#5865=VECTOR('',#9674,39.3700787401575);
#5866=VECTOR('',#9675,39.3700787401575);
#5867=VECTOR('',#9676,39.3700787401575);
#5868=VECTOR('',#9677,39.3700787401575);
#5869=VECTOR('',#9678,39.3700787401575);
#5870=VECTOR('',#9679,39.3700787401575);
#5871=VECTOR('',#9680,39.3700787401575);
#5872=VECTOR('',#9681,39.3700787401575);
#5873=VECTOR('',#9682,39.3700787401575);
#5874=VECTOR('',#9683,39.3700787401575);
#5875=VECTOR('',#9684,39.3700787401575);
#5876=VECTOR('',#9685,39.3700787401575);
#5877=VECTOR('',#9686,39.3700787401575);
#5878=VECTOR('',#9687,39.3700787401575);
#5879=VECTOR('',#9688,39.3700787401575);
#5880=VECTOR('',#9689,39.3700787401575);
#5881=VECTOR('',#9690,39.3700787401575);
#5882=VECTOR('',#9691,39.3700787401575);
#5883=VECTOR('',#9692,39.3700787401575);
#5884=VECTOR('',#9693,39.3700787401575);
#5885=VECTOR('',#9694,39.3700787401575);
#5886=VECTOR('',#9695,39.3700787401575);
#5887=VECTOR('',#9696,39.3700787401575);
#5888=VECTOR('',#9697,39.3700787401575);
#5889=VECTOR('',#9698,39.3700787401575);
#5890=VECTOR('',#9699,39.3700787401575);
#5891=VECTOR('',#9700,39.3700787401575);
#5892=VECTOR('',#9701,39.3700787401575);
#5893=VECTOR('',#9702,39.3700787401575);
#5894=VECTOR('',#9703,39.3700787401575);
#5895=VECTOR('',#9704,39.3700787401575);
#5896=VECTOR('',#9705,39.3700787401575);
#5897=VECTOR('',#9706,39.3700787401575);
#5898=VECTOR('',#9707,39.3700787401575);
#5899=VECTOR('',#9708,39.3700787401575);
#5900=VECTOR('',#9709,39.3700787401575);
#5901=VECTOR('',#9710,39.3700787401575);
#5902=VECTOR('',#9711,39.3700787401575);
#5903=VECTOR('',#9712,39.3700787401575);
#5904=VECTOR('',#9713,39.3700787401575);
#5905=VECTOR('',#9714,39.3700787401575);
#5906=VECTOR('',#9715,39.3700787401575);
#5907=VECTOR('',#9716,39.3700787401575);
#5908=VECTOR('',#9717,39.3700787401575);
#5909=VECTOR('',#9718,39.3700787401575);
#5910=VECTOR('',#9719,39.3700787401575);
#5911=VECTOR('',#9720,39.3700787401575);
#5912=VECTOR('',#9721,39.3700787401575);
#5913=VECTOR('',#9722,39.3700787401575);
#5914=VECTOR('',#9723,39.3700787401575);
#5915=VECTOR('',#9724,39.3700787401575);
#5916=VECTOR('',#9725,39.3700787401575);
#5917=VECTOR('',#9726,39.3700787401575);
#5918=VECTOR('',#9727,39.3700787401575);
#5919=VECTOR('',#9728,39.3700787401575);
#5920=VECTOR('',#9729,39.3700787401575);
#5921=VECTOR('',#9730,39.3700787401575);
#5922=VECTOR('',#9733,39.3700787401575);
#5923=VECTOR('',#9734,39.3700787401575);
#5924=VECTOR('',#9735,39.3700787401575);
#5925=VECTOR('',#9736,39.3700787401575);
#5926=VECTOR('',#9737,39.3700787401575);
#5927=VECTOR('',#9738,39.3700787401575);
#5928=VECTOR('',#9739,39.3700787401575);
#5929=VECTOR('',#9740,39.3700787401575);
#5930=VECTOR('',#9741,39.3700787401575);
#5931=VECTOR('',#9742,39.3700787401575);
#5932=VECTOR('',#9743,39.3700787401575);
#5933=VECTOR('',#9744,39.3700787401575);
#5934=VECTOR('',#9745,39.3700787401575);
#5935=VECTOR('',#9746,39.3700787401575);
#5936=VECTOR('',#9747,39.3700787401575);
#5937=VECTOR('',#9748,39.3700787401575);
#5938=VECTOR('',#9749,39.3700787401575);
#5939=VECTOR('',#9750,39.3700787401575);
#5940=VECTOR('',#9751,39.3700787401575);
#5941=VECTOR('',#9752,39.3700787401575);
#5942=VECTOR('',#9753,39.3700787401575);
#5943=VECTOR('',#9754,39.3700787401575);
#5944=VECTOR('',#9755,39.3700787401575);
#5945=VECTOR('',#9756,39.3700787401575);
#5946=VECTOR('',#9757,39.3700787401575);
#5947=VECTOR('',#9758,39.3700787401575);
#5948=VECTOR('',#9759,39.3700787401575);
#5949=VECTOR('',#9760,39.3700787401575);
#5950=VECTOR('',#9761,39.3700787401575);
#5951=VECTOR('',#9762,39.3700787401575);
#5952=VECTOR('',#9763,39.3700787401575);
#5953=VECTOR('',#9764,39.3700787401575);
#5954=VECTOR('',#9765,39.3700787401575);
#5955=VECTOR('',#9766,39.3700787401575);
#5956=VECTOR('',#9767,39.3700787401575);
#5957=VECTOR('',#9768,39.3700787401575);
#5958=VECTOR('',#9769,39.3700787401575);
#5959=VECTOR('',#9770,39.3700787401575);
#5960=VECTOR('',#9771,39.3700787401575);
#5961=VECTOR('',#9772,39.3700787401575);
#5962=VECTOR('',#9773,39.3700787401575);
#5963=VECTOR('',#9774,39.3700787401575);
#5964=VECTOR('',#9775,39.3700787401575);
#5965=VECTOR('',#9776,39.3700787401575);
#5966=VECTOR('',#9777,39.3700787401575);
#5967=VECTOR('',#9778,39.3700787401575);
#5968=VECTOR('',#9779,39.3700787401575);
#5969=VECTOR('',#9780,39.3700787401575);
#5970=VECTOR('',#9781,39.3700787401575);
#5971=VECTOR('',#9782,39.3700787401575);
#5972=VECTOR('',#9783,39.3700787401575);
#5973=VECTOR('',#9784,39.3700787401575);
#5974=VECTOR('',#9785,39.3700787401575);
#5975=VECTOR('',#9786,39.3700787401575);
#5976=VECTOR('',#9787,39.3700787401575);
#5977=VECTOR('',#9788,39.3700787401575);
#5978=VECTOR('',#9789,39.3700787401575);
#5979=VECTOR('',#9790,39.3700787401575);
#5980=VECTOR('',#9791,39.3700787401575);
#5981=VECTOR('',#9792,39.3700787401575);
#5982=VECTOR('',#9793,39.3700787401575);
#5983=VECTOR('',#9794,39.3700787401575);
#5984=VECTOR('',#9795,39.3700787401575);
#5985=VECTOR('',#9796,39.3700787401575);
#5986=VECTOR('',#9797,39.3700787401575);
#5987=VECTOR('',#9798,39.3700787401575);
#5988=VECTOR('',#9799,39.3700787401575);
#5989=VECTOR('',#9800,39.3700787401575);
#5990=VECTOR('',#9801,39.3700787401575);
#5991=VECTOR('',#9802,39.3700787401575);
#5992=VECTOR('',#9803,39.3700787401575);
#5993=VECTOR('',#9804,39.3700787401575);
#5994=VECTOR('',#9805,39.3700787401575);
#5995=VECTOR('',#9806,39.3700787401575);
#5996=VECTOR('',#9807,39.3700787401575);
#5997=VECTOR('',#9808,39.3700787401575);
#5998=VECTOR('',#9809,39.3700787401575);
#5999=VECTOR('',#9810,39.3700787401575);
#6000=VECTOR('',#9811,39.3700787401575);
#6001=VECTOR('',#9812,39.3700787401575);
#6002=VECTOR('',#9813,39.3700787401575);
#6003=VECTOR('',#9816,39.3700787401575);
#6004=VECTOR('',#9819,39.3700787401575);
#6005=VECTOR('',#9824,39.3700787401575);
#6006=VECTOR('',#9827,39.3700787401575);
#6007=VECTOR('',#9832,39.3700787401575);
#6008=VECTOR('',#9835,39.3700787401575);
#6009=VECTOR('',#9840,39.3700787401575);
#6010=VECTOR('',#9841,39.3700787401575);
#6011=VECTOR('',#9844,39.3700787401575);
#6012=VECTOR('',#9847,39.3700787401575);
#6013=VECTOR('',#9852,39.3700787401575);
#6014=VECTOR('',#9853,39.3700787401575);
#6015=VECTOR('',#9856,39.3700787401575);
#6016=VECTOR('',#9859,39.3700787401575);
#6017=VECTOR('',#9864,39.3700787401575);
#6018=VECTOR('',#9865,39.3700787401575);
#6019=VECTOR('',#9868,39.3700787401575);
#6020=VECTOR('',#9871,39.3700787401575);
#6021=VECTOR('',#9876,39.3700787401575);
#6022=VECTOR('',#9877,39.3700787401575);
#6023=VECTOR('',#9880,39.3700787401575);
#6024=VECTOR('',#9883,39.3700787401575);
#6025=VECTOR('',#9888,39.3700787401575);
#6026=VECTOR('',#9889,39.3700787401575);
#6027=VECTOR('',#9892,39.3700787401575);
#6028=VECTOR('',#9895,39.3700787401575);
#6029=VECTOR('',#9900,39.3700787401575);
#6030=VECTOR('',#9901,39.3700787401575);
#6031=VECTOR('',#9904,39.3700787401575);
#6032=VECTOR('',#9907,39.3700787401575);
#6033=VECTOR('',#9912,39.3700787401575);
#6034=VECTOR('',#9913,39.3700787401575);
#6035=VECTOR('',#9916,39.3700787401575);
#6036=VECTOR('',#9919,39.3700787401575);
#6037=VECTOR('',#9924,39.3700787401575);
#6038=VECTOR('',#9925,39.3700787401575);
#6039=VECTOR('',#9928,39.3700787401575);
#6040=VECTOR('',#9931,39.3700787401575);
#6041=VECTOR('',#9936,39.3700787401575);
#6042=VECTOR('',#9937,39.3700787401575);
#6043=VECTOR('',#9940,39.3700787401575);
#6044=VECTOR('',#9943,39.3700787401575);
#6045=VECTOR('',#9948,39.3700787401575);
#6046=VECTOR('',#9949,39.3700787401575);
#6047=VECTOR('',#9952,39.3700787401575);
#6048=VECTOR('',#9955,39.3700787401575);
#6049=VECTOR('',#9960,39.3700787401575);
#6050=VECTOR('',#9961,39.3700787401575);
#6051=VECTOR('',#9964,39.3700787401575);
#6052=VECTOR('',#9967,39.3700787401575);
#6053=VECTOR('',#9972,39.3700787401575);
#6054=VECTOR('',#9973,39.3700787401575);
#6055=VECTOR('',#9976,39.3700787401575);
#6056=VECTOR('',#9979,39.3700787401575);
#6057=VECTOR('',#9984,39.3700787401575);
#6058=VECTOR('',#9985,39.3700787401575);
#6059=VECTOR('',#9988,39.3700787401575);
#6060=VECTOR('',#9991,39.3700787401575);
#6061=VECTOR('',#9996,39.3700787401575);
#6062=VECTOR('',#9997,39.3700787401575);
#6063=VECTOR('',#10000,39.3700787401575);
#6064=VECTOR('',#10003,39.3700787401575);
#6065=VECTOR('',#10008,39.3700787401575);
#6066=VECTOR('',#10009,39.3700787401575);
#6067=VECTOR('',#10012,39.3700787401575);
#6068=VECTOR('',#10015,39.3700787401575);
#6069=VECTOR('',#10020,39.3700787401575);
#6070=VECTOR('',#10021,39.3700787401575);
#6071=VECTOR('',#10024,39.3700787401575);
#6072=VECTOR('',#10027,39.3700787401575);
#6073=VECTOR('',#10032,39.3700787401575);
#6074=VECTOR('',#10033,39.3700787401575);
#6075=VECTOR('',#10036,39.3700787401575);
#6076=VECTOR('',#10039,39.3700787401575);
#6077=VECTOR('',#10044,39.3700787401575);
#6078=VECTOR('',#10045,39.3700787401575);
#6079=VECTOR('',#10048,39.3700787401575);
#6080=VECTOR('',#10051,39.3700787401575);
#6081=VECTOR('',#10056,39.3700787401575);
#6082=VECTOR('',#10057,39.3700787401575);
#6083=VECTOR('',#10060,39.3700787401575);
#6084=VECTOR('',#10063,39.3700787401575);
#6085=VECTOR('',#10068,39.3700787401575);
#6086=VECTOR('',#10069,39.3700787401575);
#6087=VECTOR('',#10072,39.3700787401575);
#6088=VECTOR('',#10075,39.3700787401575);
#6089=VECTOR('',#10080,39.3700787401575);
#6090=VECTOR('',#10081,39.3700787401575);
#6091=VECTOR('',#10082,39.3700787401575);
#6092=VECTOR('',#10083,39.3700787401575);
#6093=VECTOR('',#10086,39.3700787401575);
#6094=VECTOR('',#10087,39.3700787401575);
#6095=VECTOR('',#10088,39.3700787401575);
#6096=VECTOR('',#10091,39.3700787401575);
#6097=VECTOR('',#10092,39.3700787401575);
#6098=VECTOR('',#10093,39.3700787401575);
#6099=VECTOR('',#10096,39.3700787401575);
#6100=VECTOR('',#10097,39.3700787401575);
#6101=VECTOR('',#10098,39.3700787401575);
#6102=VECTOR('',#10101,39.3700787401575);
#6103=VECTOR('',#10102,39.3700787401575);
#6104=VECTOR('',#10103,39.3700787401575);
#6105=VECTOR('',#10106,39.3700787401575);
#6106=VECTOR('',#10107,39.3700787401575);
#6107=VECTOR('',#10110,39.3700787401575);
#6108=VECTOR('',#10111,39.3700787401575);
#6109=VECTOR('',#10118,39.3700787401575);
#6110=VECTOR('',#10119,39.3700787401575);
#6111=VECTOR('',#10120,39.3700787401575);
#6112=VECTOR('',#10123,39.3700787401575);
#6113=VECTOR('',#10124,39.3700787401575);
#6114=VECTOR('',#10125,39.3700787401575);
#6115=VECTOR('',#10128,39.3700787401575);
#6116=VECTOR('',#10129,39.3700787401575);
#6117=VECTOR('',#10130,39.3700787401575);
#6118=VECTOR('',#10131,39.3700787401575);
#6119=VECTOR('',#10132,39.3700787401575);
#6120=VECTOR('',#10135,39.3700787401575);
#6121=VECTOR('',#10136,39.3700787401575);
#6122=VECTOR('',#10137,39.3700787401575);
#6123=VECTOR('',#10138,39.3700787401575);
#6124=VECTOR('',#10139,39.3700787401575);
#6125=VECTOR('',#10142,39.3700787401575);
#6126=VECTOR('',#10145,39.3700787401575);
#6127=VECTOR('',#10148,39.3700787401575);
#6128=VECTOR('',#10151,39.3700787401575);
#6129=VECTOR('',#10156,39.3700787401575);
#6130=VECTOR('',#10157,39.3700787401575);
#6131=VECTOR('',#10158,39.3700787401575);
#6132=VECTOR('',#10159,39.3700787401575);
#6133=VECTOR('',#10162,39.3700787401575);
#6134=VECTOR('',#10163,39.3700787401575);
#6135=VECTOR('',#10164,39.3700787401575);
#6136=VECTOR('',#10167,39.3700787401575);
#6137=VECTOR('',#10168,39.3700787401575);
#6138=VECTOR('',#10169,39.3700787401575);
#6139=VECTOR('',#10172,39.3700787401575);
#6140=VECTOR('',#10173,39.3700787401575);
#6141=VECTOR('',#10174,39.3700787401575);
#6142=VECTOR('',#10177,39.3700787401575);
#6143=VECTOR('',#10178,39.3700787401575);
#6144=VECTOR('',#10179,39.3700787401575);
#6145=VECTOR('',#10182,39.3700787401575);
#6146=VECTOR('',#10183,39.3700787401575);
#6147=VECTOR('',#10186,39.3700787401575);
#6148=VECTOR('',#10187,39.3700787401575);
#6149=VECTOR('',#10194,39.3700787401575);
#6150=VECTOR('',#10195,39.3700787401575);
#6151=VECTOR('',#10196,39.3700787401575);
#6152=VECTOR('',#10199,39.3700787401575);
#6153=VECTOR('',#10200,39.3700787401575);
#6154=VECTOR('',#10201,39.3700787401575);
#6155=VECTOR('',#10204,39.3700787401575);
#6156=VECTOR('',#10205,39.3700787401575);
#6157=VECTOR('',#10206,39.3700787401575);
#6158=VECTOR('',#10207,39.3700787401575);
#6159=VECTOR('',#10208,39.3700787401575);
#6160=VECTOR('',#10211,39.3700787401575);
#6161=VECTOR('',#10212,39.3700787401575);
#6162=VECTOR('',#10213,39.3700787401575);
#6163=VECTOR('',#10214,39.3700787401575);
#6164=VECTOR('',#10215,39.3700787401575);
#6165=VECTOR('',#10218,39.3700787401575);
#6166=VECTOR('',#10221,39.3700787401575);
#6167=VECTOR('',#10224,39.3700787401575);
#6168=VECTOR('',#10227,39.3700787401575);
#6169=VECTOR('',#10234,39.3700787401575);
#6170=VECTOR('',#10235,39.3700787401575);
#6171=VECTOR('',#10236,39.3700787401575);
#6172=VECTOR('',#10237,39.3700787401575);
#6173=VECTOR('',#10240,39.3700787401575);
#6174=VECTOR('',#10241,39.3700787401575);
#6175=VECTOR('',#10242,39.3700787401575);
#6176=VECTOR('',#10243,39.3700787401575);
#6177=VECTOR('',#10246,39.3700787401575);
#6178=VECTOR('',#10247,39.3700787401575);
#6179=VECTOR('',#10248,39.3700787401575);
#6180=VECTOR('',#10249,39.3700787401575);
#6181=VECTOR('',#10250,39.3700787401575);
#6182=VECTOR('',#10251,39.3700787401575);
#6183=VECTOR('',#10252,39.3700787401575);
#6184=VECTOR('',#10253,39.3700787401575);
#6185=VECTOR('',#10254,39.3700787401575);
#6186=VECTOR('',#10255,39.3700787401575);
#6187=VECTOR('',#10256,39.3700787401575);
#6188=VECTOR('',#10257,39.3700787401575);
#6189=VECTOR('',#10258,39.3700787401575);
#6190=VECTOR('',#10259,39.3700787401575);
#6191=VECTOR('',#10260,39.3700787401575);
#6192=VECTOR('',#10261,39.3700787401575);
#6193=VECTOR('',#10262,39.3700787401575);
#6194=VECTOR('',#10263,39.3700787401575);
#6195=VECTOR('',#10264,39.3700787401575);
#6196=VECTOR('',#10265,39.3700787401575);
#6197=VECTOR('',#10266,39.3700787401575);
#6198=VECTOR('',#10267,39.3700787401575);
#6199=VECTOR('',#10268,39.3700787401575);
#6200=VECTOR('',#10269,39.3700787401575);
#6201=VECTOR('',#10270,39.3700787401575);
#6202=VECTOR('',#10271,39.3700787401575);
#6203=VECTOR('',#10272,39.3700787401575);
#6204=VECTOR('',#10273,39.3700787401575);
#6205=VECTOR('',#10274,39.3700787401575);
#6206=VECTOR('',#10275,39.3700787401575);
#6207=VECTOR('',#10276,39.3700787401575);
#6208=VECTOR('',#10277,39.3700787401575);
#6209=VECTOR('',#10278,39.3700787401575);
#6210=VECTOR('',#10279,39.3700787401575);
#6211=VECTOR('',#10280,39.3700787401575);
#6212=VECTOR('',#10281,39.3700787401575);
#6213=VECTOR('',#10282,39.3700787401575);
#6214=VECTOR('',#10283,39.3700787401575);
#6215=VECTOR('',#10284,39.3700787401575);
#6216=VECTOR('',#10285,39.3700787401575);
#6217=VECTOR('',#10286,39.3700787401575);
#6218=VECTOR('',#10287,39.3700787401575);
#6219=VECTOR('',#10290,39.3700787401575);
#6220=VECTOR('',#10291,39.3700787401575);
#6221=VECTOR('',#10292,39.3700787401575);
#6222=VECTOR('',#10293,39.3700787401575);
#6223=VECTOR('',#10294,39.3700787401575);
#6224=VECTOR('',#10295,39.3700787401575);
#6225=VECTOR('',#10296,39.3700787401575);
#6226=VECTOR('',#10297,39.3700787401575);
#6227=VECTOR('',#10298,39.3700787401575);
#6228=VECTOR('',#10299,39.3700787401575);
#6229=VECTOR('',#10300,39.3700787401575);
#6230=VECTOR('',#10301,39.3700787401575);
#6231=VECTOR('',#10302,39.3700787401575);
#6232=VECTOR('',#10303,39.3700787401575);
#6233=VECTOR('',#10304,39.3700787401575);
#6234=VECTOR('',#10305,39.3700787401575);
#6235=VECTOR('',#10306,39.3700787401575);
#6236=VECTOR('',#10307,39.3700787401575);
#6237=VECTOR('',#10308,39.3700787401575);
#6238=VECTOR('',#10309,39.3700787401575);
#6239=VECTOR('',#10310,39.3700787401575);
#6240=VECTOR('',#10311,39.3700787401575);
#6241=VECTOR('',#10312,39.3700787401575);
#6242=VECTOR('',#10313,39.3700787401575);
#6243=VECTOR('',#10314,39.3700787401575);
#6244=VECTOR('',#10315,39.3700787401575);
#6245=VECTOR('',#10316,39.3700787401575);
#6246=VECTOR('',#10317,39.3700787401575);
#6247=VECTOR('',#10318,39.3700787401575);
#6248=VECTOR('',#10319,39.3700787401575);
#6249=VECTOR('',#10320,39.3700787401575);
#6250=VECTOR('',#10321,39.3700787401575);
#6251=VECTOR('',#10322,39.3700787401575);
#6252=VECTOR('',#10323,39.3700787401575);
#6253=VECTOR('',#10324,39.3700787401575);
#6254=VECTOR('',#10325,39.3700787401575);
#6255=VECTOR('',#10326,39.3700787401575);
#6256=VECTOR('',#10327,39.3700787401575);
#6257=VECTOR('',#10328,39.3700787401575);
#6258=VECTOR('',#10329,39.3700787401575);
#6259=VECTOR('',#10330,39.3700787401575);
#6260=VECTOR('',#10331,39.3700787401575);
#6261=VECTOR('',#10332,39.3700787401575);
#6262=VECTOR('',#10333,39.3700787401575);
#6263=VECTOR('',#10334,39.3700787401575);
#6264=VECTOR('',#10335,39.3700787401575);
#6265=VECTOR('',#10336,39.3700787401575);
#6266=VECTOR('',#10337,39.3700787401575);
#6267=VECTOR('',#10338,39.3700787401575);
#6268=VECTOR('',#10339,39.3700787401575);
#6269=VECTOR('',#10340,39.3700787401575);
#6270=VECTOR('',#10341,39.3700787401575);
#6271=VECTOR('',#10342,39.3700787401575);
#6272=VECTOR('',#10343,39.3700787401575);
#6273=VECTOR('',#10344,39.3700787401575);
#6274=VECTOR('',#10345,39.3700787401575);
#6275=VECTOR('',#10346,39.3700787401575);
#6276=VECTOR('',#10347,39.3700787401575);
#6277=VECTOR('',#10348,39.3700787401575);
#6278=VECTOR('',#10349,39.3700787401575);
#6279=VECTOR('',#10350,39.3700787401575);
#6280=VECTOR('',#10351,39.3700787401575);
#6281=VECTOR('',#10352,39.3700787401575);
#6282=VECTOR('',#10353,39.3700787401575);
#6283=VECTOR('',#10354,39.3700787401575);
#6284=VECTOR('',#10355,39.3700787401575);
#6285=VECTOR('',#10356,39.3700787401575);
#6286=VECTOR('',#10357,39.3700787401575);
#6287=VECTOR('',#10358,39.3700787401575);
#6288=VECTOR('',#10359,39.3700787401575);
#6289=VECTOR('',#10360,39.3700787401575);
#6290=VECTOR('',#10361,39.3700787401575);
#6291=VECTOR('',#10362,39.3700787401575);
#6292=VECTOR('',#10363,39.3700787401575);
#6293=VECTOR('',#10364,39.3700787401575);
#6294=VECTOR('',#10365,39.3700787401575);
#6295=VECTOR('',#10366,39.3700787401575);
#6296=VECTOR('',#10367,39.3700787401575);
#6297=VECTOR('',#10368,39.3700787401575);
#6298=VECTOR('',#10369,39.3700787401575);
#6299=VECTOR('',#10370,39.3700787401575);
#6300=VECTOR('',#10371,39.3700787401575);
#6301=VECTOR('',#10374,39.3700787401575);
#6302=VECTOR('',#10375,39.3700787401575);
#6303=VECTOR('',#10376,39.3700787401575);
#6304=VECTOR('',#10377,39.3700787401575);
#6305=VECTOR('',#10378,39.3700787401575);
#6306=VECTOR('',#10379,39.3700787401575);
#6307=VECTOR('',#10380,39.3700787401575);
#6308=VECTOR('',#10381,39.3700787401575);
#6309=VECTOR('',#10382,39.3700787401575);
#6310=VECTOR('',#10383,39.3700787401575);
#6311=VECTOR('',#10384,39.3700787401575);
#6312=VECTOR('',#10385,39.3700787401575);
#6313=VECTOR('',#10386,39.3700787401575);
#6314=VECTOR('',#10387,39.3700787401575);
#6315=VECTOR('',#10390,39.3700787401575);
#6316=VECTOR('',#10391,39.3700787401575);
#6317=VECTOR('',#10392,39.3700787401575);
#6318=VECTOR('',#10393,39.3700787401575);
#6319=VECTOR('',#10394,39.3700787401575);
#6320=VECTOR('',#10395,39.3700787401575);
#6321=VECTOR('',#10396,39.3700787401575);
#6322=VECTOR('',#10397,39.3700787401575);
#6323=VECTOR('',#10398,39.3700787401575);
#6324=VECTOR('',#10399,39.3700787401575);
#6325=VECTOR('',#10400,39.3700787401575);
#6326=VECTOR('',#10401,39.3700787401575);
#6327=VECTOR('',#10402,39.3700787401575);
#6328=VECTOR('',#10403,39.3700787401575);
#6329=VECTOR('',#10406,39.3700787401575);
#6330=VECTOR('',#10407,39.3700787401575);
#6331=VECTOR('',#10408,39.3700787401575);
#6332=VECTOR('',#10409,39.3700787401575);
#6333=VECTOR('',#10410,39.3700787401575);
#6334=VECTOR('',#10411,39.3700787401575);
#6335=VECTOR('',#10412,39.3700787401575);
#6336=VECTOR('',#10413,39.3700787401575);
#6337=VECTOR('',#10414,39.3700787401575);
#6338=VECTOR('',#10415,39.3700787401575);
#6339=VECTOR('',#10416,39.3700787401575);
#6340=VECTOR('',#10417,39.3700787401575);
#6341=VECTOR('',#10418,39.3700787401575);
#6342=VECTOR('',#10419,39.3700787401575);
#6343=VECTOR('',#10422,39.3700787401575);
#6344=VECTOR('',#10423,39.3700787401575);
#6345=VECTOR('',#10424,39.3700787401575);
#6346=VECTOR('',#10425,39.3700787401575);
#6347=VECTOR('',#10426,39.3700787401575);
#6348=VECTOR('',#10427,39.3700787401575);
#6349=VECTOR('',#10428,39.3700787401575);
#6350=VECTOR('',#10429,39.3700787401575);
#6351=VECTOR('',#10430,39.3700787401575);
#6352=VECTOR('',#10431,39.3700787401575);
#6353=VECTOR('',#10432,39.3700787401575);
#6354=VECTOR('',#10433,39.3700787401575);
#6355=VECTOR('',#10434,39.3700787401575);
#6356=VECTOR('',#10435,39.3700787401575);
#6357=VECTOR('',#10438,39.3700787401575);
#6358=VECTOR('',#10439,39.3700787401575);
#6359=VECTOR('',#10440,39.3700787401575);
#6360=VECTOR('',#10441,39.3700787401575);
#6361=VECTOR('',#10442,39.3700787401575);
#6362=VECTOR('',#10443,39.3700787401575);
#6363=VECTOR('',#10444,39.3700787401575);
#6364=VECTOR('',#10445,39.3700787401575);
#6365=VECTOR('',#10446,39.3700787401575);
#6366=VECTOR('',#10447,39.3700787401575);
#6367=VECTOR('',#10448,39.3700787401575);
#6368=VECTOR('',#10449,39.3700787401575);
#6369=VECTOR('',#10450,39.3700787401575);
#6370=VECTOR('',#10451,39.3700787401575);
#6371=VECTOR('',#10454,39.3700787401575);
#6372=VECTOR('',#10455,39.3700787401575);
#6373=VECTOR('',#10456,39.3700787401575);
#6374=VECTOR('',#10457,39.3700787401575);
#6375=VECTOR('',#10458,39.3700787401575);
#6376=VECTOR('',#10459,39.3700787401575);
#6377=VECTOR('',#10460,39.3700787401575);
#6378=VECTOR('',#10461,39.3700787401575);
#6379=VECTOR('',#10462,39.3700787401575);
#6380=VECTOR('',#10463,39.3700787401575);
#6381=VECTOR('',#10464,39.3700787401575);
#6382=VECTOR('',#10465,39.3700787401575);
#6383=VECTOR('',#10466,39.3700787401575);
#6384=VECTOR('',#10467,39.3700787401575);
#6385=VECTOR('',#10470,39.3700787401575);
#6386=VECTOR('',#10471,39.3700787401575);
#6387=VECTOR('',#10472,39.3700787401575);
#6388=VECTOR('',#10473,39.3700787401575);
#6389=VECTOR('',#10474,39.3700787401575);
#6390=VECTOR('',#10475,39.3700787401575);
#6391=VECTOR('',#10476,39.3700787401575);
#6392=VECTOR('',#10477,39.3700787401575);
#6393=VECTOR('',#10478,39.3700787401575);
#6394=VECTOR('',#10479,39.3700787401575);
#6395=VECTOR('',#10480,39.3700787401575);
#6396=VECTOR('',#10481,39.3700787401575);
#6397=VECTOR('',#10482,39.3700787401575);
#6398=VECTOR('',#10483,39.3700787401575);
#6399=VECTOR('',#10486,39.3700787401575);
#6400=VECTOR('',#10487,39.3700787401575);
#6401=VECTOR('',#10488,39.3700787401575);
#6402=VECTOR('',#10489,39.3700787401575);
#6403=VECTOR('',#10490,39.3700787401575);
#6404=VECTOR('',#10491,39.3700787401575);
#6405=VECTOR('',#10492,39.3700787401575);
#6406=VECTOR('',#10493,39.3700787401575);
#6407=VECTOR('',#10494,39.3700787401575);
#6408=VECTOR('',#10495,39.3700787401575);
#6409=VECTOR('',#10496,39.3700787401575);
#6410=VECTOR('',#10497,39.3700787401575);
#6411=VECTOR('',#10498,39.3700787401575);
#6412=VECTOR('',#10499,39.3700787401575);
#6413=VECTOR('',#10502,39.3700787401575);
#6414=VECTOR('',#10503,39.3700787401575);
#6415=VECTOR('',#10504,39.3700787401575);
#6416=VECTOR('',#10505,39.3700787401575);
#6417=VECTOR('',#10506,39.3700787401575);
#6418=VECTOR('',#10507,39.3700787401575);
#6419=VECTOR('',#10508,39.3700787401575);
#6420=VECTOR('',#10509,39.3700787401575);
#6421=VECTOR('',#10510,39.3700787401575);
#6422=VECTOR('',#10511,39.3700787401575);
#6423=VECTOR('',#10512,39.3700787401575);
#6424=VECTOR('',#10513,39.3700787401575);
#6425=VECTOR('',#10514,39.3700787401575);
#6426=VECTOR('',#10515,39.3700787401575);
#6427=VECTOR('',#10518,39.3700787401575);
#6428=VECTOR('',#10519,39.3700787401575);
#6429=VECTOR('',#10520,39.3700787401575);
#6430=VECTOR('',#10521,39.3700787401575);
#6431=VECTOR('',#10522,39.3700787401575);
#6432=VECTOR('',#10523,39.3700787401575);
#6433=VECTOR('',#10524,39.3700787401575);
#6434=VECTOR('',#10525,39.3700787401575);
#6435=VECTOR('',#10526,39.3700787401575);
#6436=VECTOR('',#10529,39.3700787401575);
#6437=VECTOR('',#10530,39.3700787401575);
#6438=VECTOR('',#10531,39.3700787401575);
#6439=VECTOR('',#10534,39.3700787401575);
#6440=VECTOR('',#10535,39.3700787401575);
#6441=VECTOR('',#10536,39.3700787401575);
#6442=VECTOR('',#10537,39.3700787401575);
#6443=VECTOR('',#10538,39.3700787401575);
#6444=VECTOR('',#10541,39.3700787401575);
#6445=VECTOR('',#10542,39.3700787401575);
#6446=VECTOR('',#10543,39.3700787401575);
#6447=VECTOR('',#10546,39.3700787401575);
#6448=VECTOR('',#10547,39.3700787401575);
#6449=VECTOR('',#10548,39.3700787401575);
#6450=VECTOR('',#10551,39.3700787401575);
#6451=VECTOR('',#10552,39.3700787401575);
#6452=VECTOR('',#10553,39.3700787401575);
#6453=VECTOR('',#10556,39.3700787401575);
#6454=VECTOR('',#10557,39.3700787401575);
#6455=VECTOR('',#10558,39.3700787401575);
#6456=VECTOR('',#10561,39.3700787401575);
#6457=VECTOR('',#10562,39.3700787401575);
#6458=VECTOR('',#10563,39.3700787401575);
#6459=VECTOR('',#10566,39.3700787401575);
#6460=VECTOR('',#10567,39.3700787401575);
#6461=VECTOR('',#10568,39.3700787401575);
#6462=VECTOR('',#10571,39.3700787401575);
#6463=VECTOR('',#10572,39.3700787401575);
#6464=VECTOR('',#10573,39.3700787401575);
#6465=VECTOR('',#10576,39.3700787401575);
#6466=VECTOR('',#10577,39.3700787401575);
#6467=VECTOR('',#10578,39.3700787401575);
#6468=VECTOR('',#10581,39.3700787401575);
#6469=VECTOR('',#10582,39.3700787401575);
#6470=VECTOR('',#10583,39.3700787401575);
#6471=VECTOR('',#10586,39.3700787401575);
#6472=VECTOR('',#10587,39.3700787401575);
#6473=VECTOR('',#10588,39.3700787401575);
#6474=VECTOR('',#10589,39.3700787401575);
#6475=VECTOR('',#10592,39.3700787401575);
#6476=VECTOR('',#10593,39.3700787401575);
#6477=VECTOR('',#10594,39.3700787401575);
#6478=VECTOR('',#10595,39.3700787401575);
#6479=VECTOR('',#10598,39.3700787401575);
#6480=VECTOR('',#10599,39.3700787401575);
#6481=VECTOR('',#10600,39.3700787401575);
#6482=VECTOR('',#10601,39.3700787401575);
#6483=VECTOR('',#10604,39.3700787401575);
#6484=VECTOR('',#10605,39.3700787401575);
#6485=VECTOR('',#10606,39.3700787401575);
#6486=VECTOR('',#10607,39.3700787401575);
#6487=VECTOR('',#10610,39.3700787401575);
#6488=VECTOR('',#10611,39.3700787401575);
#6489=VECTOR('',#10612,39.3700787401575);
#6490=VECTOR('',#10613,39.3700787401575);
#6491=VECTOR('',#10616,39.3700787401575);
#6492=VECTOR('',#10617,39.3700787401575);
#6493=VECTOR('',#10618,39.3700787401575);
#6494=VECTOR('',#10619,39.3700787401575);
#6495=VECTOR('',#10622,39.3700787401575);
#6496=VECTOR('',#10623,39.3700787401575);
#6497=VECTOR('',#10624,39.3700787401575);
#6498=VECTOR('',#10625,39.3700787401575);
#6499=VECTOR('',#10628,39.3700787401575);
#6500=VECTOR('',#10629,39.3700787401575);
#6501=VECTOR('',#10630,39.3700787401575);
#6502=VECTOR('',#10631,39.3700787401575);
#6503=VECTOR('',#10634,39.3700787401575);
#6504=VECTOR('',#10635,39.3700787401575);
#6505=VECTOR('',#10636,39.3700787401575);
#6506=VECTOR('',#10637,39.3700787401575);
#6507=VECTOR('',#10640,39.3700787401575);
#6508=VECTOR('',#10641,39.3700787401575);
#6509=VECTOR('',#10642,39.3700787401575);
#6510=VECTOR('',#10643,39.3700787401575);
#6511=VECTOR('',#10646,39.3700787401575);
#6512=VECTOR('',#10647,39.3700787401575);
#6513=VECTOR('',#10648,39.3700787401575);
#6514=VECTOR('',#10649,39.3700787401575);
#6515=VECTOR('',#10652,39.3700787401575);
#6516=VECTOR('',#10653,39.3700787401575);
#6517=VECTOR('',#10654,39.3700787401575);
#6518=VECTOR('',#10657,39.3700787401575);
#6519=VECTOR('',#10658,39.3700787401575);
#6520=VECTOR('',#10659,39.3700787401575);
#6521=VECTOR('',#10660,39.3700787401575);
#6522=VECTOR('',#10663,39.3700787401575);
#6523=VECTOR('',#10664,39.3700787401575);
#6524=VECTOR('',#10665,39.3700787401575);
#6525=VECTOR('',#10668,39.3700787401575);
#6526=VECTOR('',#10669,39.3700787401575);
#6527=VECTOR('',#10670,39.3700787401575);
#6528=VECTOR('',#10671,39.3700787401575);
#6529=VECTOR('',#10674,39.3700787401575);
#6530=VECTOR('',#10675,39.3700787401575);
#6531=VECTOR('',#10676,39.3700787401575);
#6532=VECTOR('',#10679,39.3700787401575);
#6533=VECTOR('',#10680,39.3700787401575);
#6534=VECTOR('',#10681,39.3700787401575);
#6535=VECTOR('',#10682,39.3700787401575);
#6536=VECTOR('',#10685,39.3700787401575);
#6537=VECTOR('',#10686,39.3700787401575);
#6538=VECTOR('',#10687,39.3700787401575);
#6539=VECTOR('',#10690,39.3700787401575);
#6540=VECTOR('',#10691,39.3700787401575);
#6541=VECTOR('',#10692,39.3700787401575);
#6542=VECTOR('',#10693,39.3700787401575);
#6543=VECTOR('',#10696,39.3700787401575);
#6544=VECTOR('',#10697,39.3700787401575);
#6545=VECTOR('',#10698,39.3700787401575);
#6546=VECTOR('',#10701,39.3700787401575);
#6547=VECTOR('',#10702,39.3700787401575);
#6548=VECTOR('',#10703,39.3700787401575);
#6549=VECTOR('',#10704,39.3700787401575);
#6550=VECTOR('',#10707,39.3700787401575);
#6551=VECTOR('',#10708,39.3700787401575);
#6552=VECTOR('',#10709,39.3700787401575);
#6553=VECTOR('',#10712,39.3700787401575);
#6554=VECTOR('',#10713,39.3700787401575);
#6555=VECTOR('',#10714,39.3700787401575);
#6556=VECTOR('',#10715,39.3700787401575);
#6557=VECTOR('',#10718,39.3700787401575);
#6558=VECTOR('',#10719,39.3700787401575);
#6559=VECTOR('',#10720,39.3700787401575);
#6560=VECTOR('',#10723,39.3700787401575);
#6561=VECTOR('',#10724,39.3700787401575);
#6562=VECTOR('',#10725,39.3700787401575);
#6563=VECTOR('',#10726,39.3700787401575);
#6564=VECTOR('',#10729,39.3700787401575);
#6565=VECTOR('',#10730,39.3700787401575);
#6566=VECTOR('',#10731,39.3700787401575);
#6567=VECTOR('',#10734,39.3700787401575);
#6568=VECTOR('',#10735,39.3700787401575);
#6569=VECTOR('',#10736,39.3700787401575);
#6570=VECTOR('',#10737,39.3700787401575);
#6571=VECTOR('',#10740,39.3700787401575);
#6572=VECTOR('',#10741,39.3700787401575);
#6573=VECTOR('',#10742,39.3700787401575);
#6574=VECTOR('',#10745,39.3700787401575);
#6575=VECTOR('',#10746,39.3700787401575);
#6576=VECTOR('',#10747,39.3700787401575);
#6577=VECTOR('',#10748,39.3700787401575);
#6578=VECTOR('',#10751,39.3700787401575);
#6579=VECTOR('',#10752,39.3700787401575);
#6580=VECTOR('',#10753,39.3700787401575);
#6581=VECTOR('',#10756,39.3700787401575);
#6582=VECTOR('',#10759,39.3700787401575);
#6583=VECTOR('',#10760,39.3700787401575);
#6584=VECTOR('',#10761,39.3700787401575);
#6585=VECTOR('',#10762,39.3700787401575);
#6586=VECTOR('',#10765,39.3700787401575);
#6587=VECTOR('',#10768,39.3700787401575);
#6588=VECTOR('',#10769,39.3700787401575);
#6589=VECTOR('',#10770,39.3700787401575);
#6590=VECTOR('',#10771,39.3700787401575);
#6591=VECTOR('',#10774,39.3700787401575);
#6592=VECTOR('',#10777,39.3700787401575);
#6593=VECTOR('',#10778,39.3700787401575);
#6594=VECTOR('',#10779,39.3700787401575);
#6595=VECTOR('',#10780,39.3700787401575);
#6596=VECTOR('',#10783,39.3700787401575);
#6597=VECTOR('',#10786,39.3700787401575);
#6598=VECTOR('',#10787,39.3700787401575);
#6599=VECTOR('',#10788,39.3700787401575);
#6600=VECTOR('',#10789,39.3700787401575);
#6601=VECTOR('',#10792,39.3700787401575);
#6602=VECTOR('',#10795,39.3700787401575);
#6603=VECTOR('',#10796,39.3700787401575);
#6604=VECTOR('',#10797,39.3700787401575);
#6605=VECTOR('',#10798,39.3700787401575);
#6606=VECTOR('',#10801,39.3700787401575);
#6607=VECTOR('',#10804,39.3700787401575);
#6608=VECTOR('',#10805,39.3700787401575);
#6609=VECTOR('',#10806,39.3700787401575);
#6610=VECTOR('',#10807,39.3700787401575);
#6611=VECTOR('',#10810,39.3700787401575);
#6612=VECTOR('',#10813,39.3700787401575);
#6613=VECTOR('',#10814,39.3700787401575);
#6614=VECTOR('',#10815,39.3700787401575);
#6615=VECTOR('',#10816,39.3700787401575);
#6616=VECTOR('',#10819,39.3700787401575);
#6617=VECTOR('',#10822,39.3700787401575);
#6618=VECTOR('',#10823,39.3700787401575);
#6619=VECTOR('',#10824,39.3700787401575);
#6620=VECTOR('',#10825,39.3700787401575);
#6621=VECTOR('',#10828,39.3700787401575);
#6622=VECTOR('',#10831,39.3700787401575);
#6623=VECTOR('',#10832,39.3700787401575);
#6624=VECTOR('',#10833,39.3700787401575);
#6625=VECTOR('',#10834,39.3700787401575);
#6626=VECTOR('',#10837,39.3700787401575);
#6627=VECTOR('',#10840,39.3700787401575);
#6628=VECTOR('',#10841,39.3700787401575);
#6629=VECTOR('',#10842,39.3700787401575);
#6630=VECTOR('',#10843,39.3700787401575);
#6631=VECTOR('',#10846,39.3700787401575);
#6632=VECTOR('',#10847,39.3700787401575);
#6633=VECTOR('',#10850,39.3700787401575);
#6634=VECTOR('',#10851,39.3700787401575);
#6635=VECTOR('',#10854,39.3700787401575);
#6636=VECTOR('',#10855,39.3700787401575);
#6637=VECTOR('',#10858,39.3700787401575);
#6638=VECTOR('',#10859,39.3700787401575);
#6639=VECTOR('',#10862,39.3700787401575);
#6640=VECTOR('',#10863,39.3700787401575);
#6641=VECTOR('',#10866,39.3700787401575);
#6642=VECTOR('',#10867,39.3700787401575);
#6643=VECTOR('',#10870,39.3700787401575);
#6644=VECTOR('',#10871,39.3700787401575);
#6645=VECTOR('',#10874,39.3700787401575);
#6646=VECTOR('',#10875,39.3700787401575);
#6647=VECTOR('',#10878,39.3700787401575);
#6648=VECTOR('',#10879,39.3700787401575);
#6649=VECTOR('',#10882,39.3700787401575);
#6650=VECTOR('',#10883,39.3700787401575);
#6651=VECTOR('',#10888,39.3700787401575);
#6652=VECTOR('',#10889,39.3700787401575);
#6653=VECTOR('',#10894,39.3700787401575);
#6654=VECTOR('',#10895,39.3700787401575);
#6655=VECTOR('',#10900,39.3700787401575);
#6656=VECTOR('',#10901,39.3700787401575);
#6657=VECTOR('',#10906,39.3700787401575);
#6658=VECTOR('',#10907,39.3700787401575);
#6659=VECTOR('',#10912,39.3700787401575);
#6660=VECTOR('',#10913,39.3700787401575);
#6661=VECTOR('',#10918,39.3700787401575);
#6662=VECTOR('',#10919,39.3700787401575);
#6663=VECTOR('',#10924,39.3700787401575);
#6664=VECTOR('',#10925,39.3700787401575);
#6665=VECTOR('',#10930,39.3700787401575);
#6666=VECTOR('',#10931,39.3700787401575);
#6667=VECTOR('',#10936,39.3700787401575);
#6668=VECTOR('',#10937,39.3700787401575);
#6669=VECTOR('',#10942,39.3700787401575);
#6670=VECTOR('',#10943,39.3700787401575);
#6671=VECTOR('',#10946,39.3700787401575);
#6672=VECTOR('',#10949,39.3700787401575);
#6673=VECTOR('',#10950,39.3700787401575);
#6674=VECTOR('',#10953,39.3700787401575);
#6675=VECTOR('',#10956,39.3700787401575);
#6676=VECTOR('',#10957,39.3700787401575);
#6677=VECTOR('',#10960,39.3700787401575);
#6678=VECTOR('',#10963,39.3700787401575);
#6679=VECTOR('',#10964,39.3700787401575);
#6680=VECTOR('',#10967,39.3700787401575);
#6681=VECTOR('',#10970,39.3700787401575);
#6682=VECTOR('',#10971,39.3700787401575);
#6683=VECTOR('',#10974,39.3700787401575);
#6684=VECTOR('',#10977,39.3700787401575);
#6685=VECTOR('',#10978,39.3700787401575);
#6686=VECTOR('',#10981,39.3700787401575);
#6687=VECTOR('',#10984,39.3700787401575);
#6688=VECTOR('',#10985,39.3700787401575);
#6689=VECTOR('',#10988,39.3700787401575);
#6690=VECTOR('',#10991,39.3700787401575);
#6691=VECTOR('',#10992,39.3700787401575);
#6692=VECTOR('',#10995,39.3700787401575);
#6693=VECTOR('',#10998,39.3700787401575);
#6694=VECTOR('',#10999,39.3700787401575);
#6695=VECTOR('',#11002,39.3700787401575);
#6696=VECTOR('',#11005,39.3700787401575);
#6697=VECTOR('',#11006,39.3700787401575);
#6698=VECTOR('',#11009,39.3700787401575);
#6699=VECTOR('',#11012,39.3700787401575);
#6700=VECTOR('',#11013,39.3700787401575);
#6701=VECTOR('',#11036,39.3700787401575);
#6702=VECTOR('',#11037,39.3700787401575);
#6703=VECTOR('',#11038,39.3700787401575);
#6704=VECTOR('',#11041,39.3700787401575);
#6705=VECTOR('',#11042,39.3700787401575);
#6706=VECTOR('',#11043,39.3700787401575);
#6707=VECTOR('',#11044,39.3700787401575);
#6708=VECTOR('',#11047,39.3700787401575);
#6709=VECTOR('',#11048,39.3700787401575);
#6710=VECTOR('',#11051,39.3700787401575);
#6711=VECTOR('',#11052,39.3700787401575);
#6712=VECTOR('',#11053,39.3700787401575);
#6713=VECTOR('',#11056,39.3700787401575);
#6714=VECTOR('',#11065,39.3700787401575);
#6715=VECTOR('',#11066,39.3700787401575);
#6716=VECTOR('',#11067,39.3700787401575);
#6717=VECTOR('',#11070,39.3700787401575);
#6718=VECTOR('',#11071,39.3700787401575);
#6719=VECTOR('',#11072,39.3700787401575);
#6720=VECTOR('',#11073,39.3700787401575);
#6721=VECTOR('',#11076,39.3700787401575);
#6722=VECTOR('',#11077,39.3700787401575);
#6723=VECTOR('',#11080,39.3700787401575);
#6724=VECTOR('',#11081,39.3700787401575);
#6725=VECTOR('',#11082,39.3700787401575);
#6726=VECTOR('',#11085,39.3700787401575);
#6727=VECTOR('',#11094,39.3700787401575);
#6728=VECTOR('',#11095,39.3700787401575);
#6729=VECTOR('',#11096,39.3700787401575);
#6730=VECTOR('',#11099,39.3700787401575);
#6731=VECTOR('',#11100,39.3700787401575);
#6732=VECTOR('',#11101,39.3700787401575);
#6733=VECTOR('',#11102,39.3700787401575);
#6734=VECTOR('',#11105,39.3700787401575);
#6735=VECTOR('',#11106,39.3700787401575);
#6736=VECTOR('',#11109,39.3700787401575);
#6737=VECTOR('',#11110,39.3700787401575);
#6738=VECTOR('',#11111,39.3700787401575);
#6739=VECTOR('',#11114,39.3700787401575);
#6740=VECTOR('',#11123,39.3700787401575);
#6741=VECTOR('',#11124,39.3700787401575);
#6742=VECTOR('',#11125,39.3700787401575);
#6743=VECTOR('',#11128,39.3700787401575);
#6744=VECTOR('',#11129,39.3700787401575);
#6745=VECTOR('',#11130,39.3700787401575);
#6746=VECTOR('',#11131,39.3700787401575);
#6747=VECTOR('',#11134,39.3700787401575);
#6748=VECTOR('',#11135,39.3700787401575);
#6749=VECTOR('',#11138,39.3700787401575);
#6750=VECTOR('',#11139,39.3700787401575);
#6751=VECTOR('',#11140,39.3700787401575);
#6752=VECTOR('',#11143,39.3700787401575);
#6753=VECTOR('',#11152,39.3700787401575);
#6754=VECTOR('',#11153,39.3700787401575);
#6755=VECTOR('',#11154,39.3700787401575);
#6756=VECTOR('',#11157,39.3700787401575);
#6757=VECTOR('',#11158,39.3700787401575);
#6758=VECTOR('',#11159,39.3700787401575);
#6759=VECTOR('',#11160,39.3700787401575);
#6760=VECTOR('',#11163,39.3700787401575);
#6761=VECTOR('',#11164,39.3700787401575);
#6762=VECTOR('',#11167,39.3700787401575);
#6763=VECTOR('',#11168,39.3700787401575);
#6764=VECTOR('',#11169,39.3700787401575);
#6765=VECTOR('',#11172,39.3700787401575);
#6766=VECTOR('',#11181,39.3700787401575);
#6767=VECTOR('',#11182,39.3700787401575);
#6768=VECTOR('',#11183,39.3700787401575);
#6769=VECTOR('',#11186,39.3700787401575);
#6770=VECTOR('',#11187,39.3700787401575);
#6771=VECTOR('',#11188,39.3700787401575);
#6772=VECTOR('',#11189,39.3700787401575);
#6773=VECTOR('',#11192,39.3700787401575);
#6774=VECTOR('',#11193,39.3700787401575);
#6775=VECTOR('',#11196,39.3700787401575);
#6776=VECTOR('',#11197,39.3700787401575);
#6777=VECTOR('',#11198,39.3700787401575);
#6778=VECTOR('',#11201,39.3700787401575);
#6779=VECTOR('',#11210,39.3700787401575);
#6780=VECTOR('',#11211,39.3700787401575);
#6781=VECTOR('',#11212,39.3700787401575);
#6782=VECTOR('',#11215,39.3700787401575);
#6783=VECTOR('',#11216,39.3700787401575);
#6784=VECTOR('',#11217,39.3700787401575);
#6785=VECTOR('',#11218,39.3700787401575);
#6786=VECTOR('',#11221,39.3700787401575);
#6787=VECTOR('',#11222,39.3700787401575);
#6788=VECTOR('',#11225,39.3700787401575);
#6789=VECTOR('',#11226,39.3700787401575);
#6790=VECTOR('',#11227,39.3700787401575);
#6791=VECTOR('',#11230,39.3700787401575);
#6792=VECTOR('',#11239,39.3700787401575);
#6793=VECTOR('',#11240,39.3700787401575);
#6794=VECTOR('',#11241,39.3700787401575);
#6795=VECTOR('',#11244,39.3700787401575);
#6796=VECTOR('',#11245,39.3700787401575);
#6797=VECTOR('',#11246,39.3700787401575);
#6798=VECTOR('',#11247,39.3700787401575);
#6799=VECTOR('',#11250,39.3700787401575);
#6800=VECTOR('',#11251,39.3700787401575);
#6801=VECTOR('',#11254,39.3700787401575);
#6802=VECTOR('',#11255,39.3700787401575);
#6803=VECTOR('',#11256,39.3700787401575);
#6804=VECTOR('',#11259,39.3700787401575);
#6805=VECTOR('',#11268,39.3700787401575);
#6806=VECTOR('',#11269,39.3700787401575);
#6807=VECTOR('',#11270,39.3700787401575);
#6808=VECTOR('',#11273,39.3700787401575);
#6809=VECTOR('',#11274,39.3700787401575);
#6810=VECTOR('',#11275,39.3700787401575);
#6811=VECTOR('',#11276,39.3700787401575);
#6812=VECTOR('',#11279,39.3700787401575);
#6813=VECTOR('',#11280,39.3700787401575);
#6814=VECTOR('',#11283,39.3700787401575);
#6815=VECTOR('',#11284,39.3700787401575);
#6816=VECTOR('',#11285,39.3700787401575);
#6817=VECTOR('',#11288,39.3700787401575);
#6818=VECTOR('',#11297,39.3700787401575);
#6819=VECTOR('',#11298,39.3700787401575);
#6820=VECTOR('',#11299,39.3700787401575);
#6821=VECTOR('',#11302,39.3700787401575);
#6822=VECTOR('',#11303,39.3700787401575);
#6823=VECTOR('',#11304,39.3700787401575);
#6824=VECTOR('',#11305,39.3700787401575);
#6825=VECTOR('',#11308,39.3700787401575);
#6826=VECTOR('',#11309,39.3700787401575);
#6827=VECTOR('',#11312,39.3700787401575);
#6828=VECTOR('',#11313,39.3700787401575);
#6829=VECTOR('',#11314,39.3700787401575);
#6830=VECTOR('',#11317,39.3700787401575);
#6831=VECTOR('',#11326,39.3700787401575);
#6832=VECTOR('',#11327,39.3700787401575);
#6833=VECTOR('',#11328,39.3700787401575);
#6834=VECTOR('',#11329,39.3700787401575);
#6835=VECTOR('',#11332,39.3700787401575);
#6836=VECTOR('',#11333,39.3700787401575);
#6837=VECTOR('',#11336,39.3700787401575);
#6838=VECTOR('',#11337,39.3700787401575);
#6839=VECTOR('',#11338,39.3700787401575);
#6840=VECTOR('',#11341,39.3700787401575);
#6841=VECTOR('',#11342,39.3700787401575);
#6842=VECTOR('',#11351,39.3700787401575);
#6843=VECTOR('',#11352,39.3700787401575);
#6844=VECTOR('',#11353,39.3700787401575);
#6845=VECTOR('',#11354,39.3700787401575);
#6846=VECTOR('',#11357,39.3700787401575);
#6847=VECTOR('',#11358,39.3700787401575);
#6848=VECTOR('',#11361,39.3700787401575);
#6849=VECTOR('',#11362,39.3700787401575);
#6850=VECTOR('',#11363,39.3700787401575);
#6851=VECTOR('',#11366,39.3700787401575);
#6852=VECTOR('',#11367,39.3700787401575);
#6853=VECTOR('',#11376,39.3700787401575);
#6854=VECTOR('',#11377,39.3700787401575);
#6855=VECTOR('',#11378,39.3700787401575);
#6856=VECTOR('',#11379,39.3700787401575);
#6857=VECTOR('',#11382,39.3700787401575);
#6858=VECTOR('',#11383,39.3700787401575);
#6859=VECTOR('',#11386,39.3700787401575);
#6860=VECTOR('',#11387,39.3700787401575);
#6861=VECTOR('',#11388,39.3700787401575);
#6862=VECTOR('',#11391,39.3700787401575);
#6863=VECTOR('',#11392,39.3700787401575);
#6864=VECTOR('',#11401,39.3700787401575);
#6865=VECTOR('',#11402,39.3700787401575);
#6866=VECTOR('',#11403,39.3700787401575);
#6867=VECTOR('',#11404,39.3700787401575);
#6868=VECTOR('',#11407,39.3700787401575);
#6869=VECTOR('',#11408,39.3700787401575);
#6870=VECTOR('',#11411,39.3700787401575);
#6871=VECTOR('',#11412,39.3700787401575);
#6872=VECTOR('',#11413,39.3700787401575);
#6873=VECTOR('',#11416,39.3700787401575);
#6874=VECTOR('',#11417,39.3700787401575);
#6875=VECTOR('',#11426,39.3700787401575);
#6876=VECTOR('',#11427,39.3700787401575);
#6877=VECTOR('',#11428,39.3700787401575);
#6878=VECTOR('',#11429,39.3700787401575);
#6879=VECTOR('',#11432,39.3700787401575);
#6880=VECTOR('',#11433,39.3700787401575);
#6881=VECTOR('',#11436,39.3700787401575);
#6882=VECTOR('',#11437,39.3700787401575);
#6883=VECTOR('',#11438,39.3700787401575);
#6884=VECTOR('',#11441,39.3700787401575);
#6885=VECTOR('',#11442,39.3700787401575);
#6886=VECTOR('',#11451,39.3700787401575);
#6887=VECTOR('',#11452,39.3700787401575);
#6888=VECTOR('',#11453,39.3700787401575);
#6889=VECTOR('',#11454,39.3700787401575);
#6890=VECTOR('',#11457,39.3700787401575);
#6891=VECTOR('',#11458,39.3700787401575);
#6892=VECTOR('',#11461,39.3700787401575);
#6893=VECTOR('',#11462,39.3700787401575);
#6894=VECTOR('',#11463,39.3700787401575);
#6895=VECTOR('',#11466,39.3700787401575);
#6896=VECTOR('',#11467,39.3700787401575);
#6897=VECTOR('',#11476,39.3700787401575);
#6898=VECTOR('',#11477,39.3700787401575);
#6899=VECTOR('',#11478,39.3700787401575);
#6900=VECTOR('',#11479,39.3700787401575);
#6901=VECTOR('',#11482,39.3700787401575);
#6902=VECTOR('',#11483,39.3700787401575);
#6903=VECTOR('',#11486,39.3700787401575);
#6904=VECTOR('',#11487,39.3700787401575);
#6905=VECTOR('',#11488,39.3700787401575);
#6906=VECTOR('',#11491,39.3700787401575);
#6907=VECTOR('',#11492,39.3700787401575);
#6908=VECTOR('',#11501,39.3700787401575);
#6909=VECTOR('',#11502,39.3700787401575);
#6910=VECTOR('',#11503,39.3700787401575);
#6911=VECTOR('',#11504,39.3700787401575);
#6912=VECTOR('',#11507,39.3700787401575);
#6913=VECTOR('',#11508,39.3700787401575);
#6914=VECTOR('',#11511,39.3700787401575);
#6915=VECTOR('',#11512,39.3700787401575);
#6916=VECTOR('',#11513,39.3700787401575);
#6917=VECTOR('',#11516,39.3700787401575);
#6918=VECTOR('',#11517,39.3700787401575);
#6919=VECTOR('',#11526,39.3700787401575);
#6920=VECTOR('',#11527,39.3700787401575);
#6921=VECTOR('',#11528,39.3700787401575);
#6922=VECTOR('',#11529,39.3700787401575);
#6923=VECTOR('',#11532,39.3700787401575);
#6924=VECTOR('',#11533,39.3700787401575);
#6925=VECTOR('',#11536,39.3700787401575);
#6926=VECTOR('',#11537,39.3700787401575);
#6927=VECTOR('',#11538,39.3700787401575);
#6928=VECTOR('',#11541,39.3700787401575);
#6929=VECTOR('',#11542,39.3700787401575);
#6930=VECTOR('',#11551,39.3700787401575);
#6931=VECTOR('',#11552,39.3700787401575);
#6932=VECTOR('',#11553,39.3700787401575);
#6933=VECTOR('',#11554,39.3700787401575);
#6934=VECTOR('',#11557,39.3700787401575);
#6935=VECTOR('',#11558,39.3700787401575);
#6936=VECTOR('',#11561,39.3700787401575);
#6937=VECTOR('',#11562,39.3700787401575);
#6938=VECTOR('',#11563,39.3700787401575);
#6939=VECTOR('',#11566,39.3700787401575);
#6940=VECTOR('',#11567,39.3700787401575);
#6941=EDGE_LOOP('',(#160,#161,#162,#163));
#6942=EDGE_LOOP('',(#164,#165,#166,#167,#168,#169,#170,#171,#172,#173,#174,
#175,#176));
#6943=EDGE_LOOP('',(#177,#178,#179,#180));
#6944=EDGE_LOOP('',(#181,#182,#183,#184));
#6945=EDGE_LOOP('',(#185,#186,#187,#188));
#6946=EDGE_LOOP('',(#189,#190,#191,#192));
#6947=EDGE_LOOP('',(#193,#194,#195,#196,#197,#198,#199,#200,#201,#202,#203,
#204,#205));
#6948=EDGE_LOOP('',(#206,#207,#208,#209));
#6949=EDGE_LOOP('',(#210,#211,#212,#213));
#6950=EDGE_LOOP('',(#214,#215,#216,#217));
#6951=EDGE_LOOP('',(#218,#219,#220,#221));
#6952=EDGE_LOOP('',(#222,#223,#224,#225));
#6953=EDGE_LOOP('',(#226,#227,#228,#229));
#6954=EDGE_LOOP('',(#230,#231,#232,#233));
#6955=EDGE_LOOP('',(#234,#235,#236,#237));
#6956=EDGE_LOOP('',(#238,#239,#240,#241));
#6957=EDGE_LOOP('',(#242,#243,#244,#245));
#6958=EDGE_LOOP('',(#246,#247,#248,#249));
#6959=EDGE_LOOP('',(#250,#251,#252,#253));
#6960=EDGE_LOOP('',(#254,#255,#256,#257));
#6961=EDGE_LOOP('',(#258,#259,#260,#261));
#6962=EDGE_LOOP('',(#262,#263,#264,#265));
#6963=EDGE_LOOP('',(#266,#267,#268,#269));
#6964=EDGE_LOOP('',(#270,#271,#272,#273));
#6965=EDGE_LOOP('',(#274,#275,#276,#277));
#6966=EDGE_LOOP('',(#278,#279,#280,#281));
#6967=EDGE_LOOP('',(#282,#283,#284,#285));
#6968=EDGE_LOOP('',(#286,#287,#288,#289));
#6969=EDGE_LOOP('',(#290,#291,#292,#293));
#6970=EDGE_LOOP('',(#294,#295,#296,#297));
#6971=EDGE_LOOP('',(#298,#299,#300,#301));
#6972=EDGE_LOOP('',(#302,#303,#304,#305));
#6973=EDGE_LOOP('',(#306,#307,#308,#309));
#6974=EDGE_LOOP('',(#310,#311,#312,#313));
#6975=EDGE_LOOP('',(#314,#315,#316,#317));
#6976=EDGE_LOOP('',(#318,#319,#320,#321));
#6977=EDGE_LOOP('',(#322,#323,#324,#325));
#6978=EDGE_LOOP('',(#326,#327,#328,#329));
#6979=EDGE_LOOP('',(#330,#331,#332,#333));
#6980=EDGE_LOOP('',(#334,#335,#336,#337));
#6981=EDGE_LOOP('',(#338,#339,#340,#341));
#6982=EDGE_LOOP('',(#342,#343,#344,#345));
#6983=EDGE_LOOP('',(#346,#347,#348,#349));
#6984=EDGE_LOOP('',(#350,#351,#352,#353));
#6985=EDGE_LOOP('',(#354,#355,#356,#357));
#6986=EDGE_LOOP('',(#358,#359,#360,#361));
#6987=EDGE_LOOP('',(#362,#363,#364,#365));
#6988=EDGE_LOOP('',(#366,#367,#368,#369));
#6989=EDGE_LOOP('',(#370,#371,#372,#373));
#6990=EDGE_LOOP('',(#374,#375,#376,#377));
#6991=EDGE_LOOP('',(#378,#379,#380,#381));
#6992=EDGE_LOOP('',(#382,#383,#384,#385));
#6993=EDGE_LOOP('',(#386,#387,#388,#389));
#6994=EDGE_LOOP('',(#390,#391,#392,#393));
#6995=EDGE_LOOP('',(#394,#395,#396,#397));
#6996=EDGE_LOOP('',(#398,#399,#400,#401));
#6997=EDGE_LOOP('',(#402,#403,#404,#405));
#6998=EDGE_LOOP('',(#406,#407,#408,#409));
#6999=EDGE_LOOP('',(#410,#411,#412,#413));
#7000=EDGE_LOOP('',(#414,#415,#416,#417));
#7001=EDGE_LOOP('',(#418,#419,#420,#421));
#7002=EDGE_LOOP('',(#422,#423,#424,#425));
#7003=EDGE_LOOP('',(#426,#427,#428,#429));
#7004=EDGE_LOOP('',(#430,#431,#432,#433));
#7005=EDGE_LOOP('',(#434,#435,#436,#437));
#7006=EDGE_LOOP('',(#438,#439,#440,#441));
#7007=EDGE_LOOP('',(#442,#443,#444,#445));
#7008=EDGE_LOOP('',(#446,#447,#448,#449));
#7009=EDGE_LOOP('',(#450,#451,#452,#453));
#7010=EDGE_LOOP('',(#454,#455,#456,#457));
#7011=EDGE_LOOP('',(#458,#459,#460,#461));
#7012=EDGE_LOOP('',(#462,#463,#464,#465));
#7013=EDGE_LOOP('',(#466,#467,#468,#469));
#7014=EDGE_LOOP('',(#470,#471,#472,#473));
#7015=EDGE_LOOP('',(#474,#475,#476,#477));
#7016=EDGE_LOOP('',(#478,#479,#480,#481));
#7017=EDGE_LOOP('',(#482,#483,#484,#485));
#7018=EDGE_LOOP('',(#486,#487,#488,#489));
#7019=EDGE_LOOP('',(#490,#491,#492,#493));
#7020=EDGE_LOOP('',(#494,#495,#496,#497));
#7021=EDGE_LOOP('',(#498,#499,#500,#501));
#7022=EDGE_LOOP('',(#502,#503,#504,#505));
#7023=EDGE_LOOP('',(#506,#507,#508,#509));
#7024=EDGE_LOOP('',(#510,#511,#512,#513));
#7025=EDGE_LOOP('',(#514,#515,#516,#517));
#7026=EDGE_LOOP('',(#518,#519,#520,#521));
#7027=EDGE_LOOP('',(#522,#523,#524,#525));
#7028=EDGE_LOOP('',(#526,#527,#528,#529));
#7029=EDGE_LOOP('',(#530,#531,#532,#533));
#7030=EDGE_LOOP('',(#534,#535,#536,#537));
#7031=EDGE_LOOP('',(#538,#539,#540,#541));
#7032=EDGE_LOOP('',(#542,#543,#544,#545));
#7033=EDGE_LOOP('',(#546,#547,#548,#549));
#7034=EDGE_LOOP('',(#550,#551,#552,#553));
#7035=EDGE_LOOP('',(#554,#555,#556,#557));
#7036=EDGE_LOOP('',(#558,#559,#560,#561));
#7037=EDGE_LOOP('',(#562,#563,#564,#565));
#7038=EDGE_LOOP('',(#566,#567,#568,#569));
#7039=EDGE_LOOP('',(#570,#571,#572,#573));
#7040=EDGE_LOOP('',(#574,#575,#576,#577));
#7041=EDGE_LOOP('',(#578,#579,#580,#581));
#7042=EDGE_LOOP('',(#582,#583,#584,#585));
#7043=EDGE_LOOP('',(#586,#587,#588,#589));
#7044=EDGE_LOOP('',(#590,#591,#592,#593));
#7045=EDGE_LOOP('',(#594,#595,#596,#597));
#7046=EDGE_LOOP('',(#598,#599,#600,#601));
#7047=EDGE_LOOP('',(#602,#603,#604,#605));
#7048=EDGE_LOOP('',(#606,#607,#608,#609));
#7049=EDGE_LOOP('',(#610,#611,#612,#613));
#7050=EDGE_LOOP('',(#614,#615,#616,#617));
#7051=EDGE_LOOP('',(#618,#619,#620,#621));
#7052=EDGE_LOOP('',(#622,#623,#624,#625));
#7053=EDGE_LOOP('',(#626,#627,#628,#629));
#7054=EDGE_LOOP('',(#630,#631,#632,#633));
#7055=EDGE_LOOP('',(#634,#635,#636,#637));
#7056=EDGE_LOOP('',(#638,#639,#640,#641));
#7057=EDGE_LOOP('',(#642,#643,#644,#645));
#7058=EDGE_LOOP('',(#646,#647,#648,#649));
#7059=EDGE_LOOP('',(#650,#651,#652,#653));
#7060=EDGE_LOOP('',(#654,#655,#656,#657));
#7061=EDGE_LOOP('',(#658,#659,#660,#661));
#7062=EDGE_LOOP('',(#662,#663,#664,#665));
#7063=EDGE_LOOP('',(#666,#667,#668,#669));
#7064=EDGE_LOOP('',(#670,#671,#672,#673));
#7065=EDGE_LOOP('',(#674,#675,#676,#677));
#7066=EDGE_LOOP('',(#678,#679,#680,#681));
#7067=EDGE_LOOP('',(#682,#683,#684,#685));
#7068=EDGE_LOOP('',(#686,#687,#688,#689));
#7069=EDGE_LOOP('',(#690,#691,#692,#693));
#7070=EDGE_LOOP('',(#694,#695,#696,#697));
#7071=EDGE_LOOP('',(#698,#699,#700,#701));
#7072=EDGE_LOOP('',(#702,#703,#704,#705));
#7073=EDGE_LOOP('',(#706,#707,#708,#709));
#7074=EDGE_LOOP('',(#710,#711,#712,#713));
#7075=EDGE_LOOP('',(#714,#715,#716,#717));
#7076=EDGE_LOOP('',(#718,#719,#720,#721));
#7077=EDGE_LOOP('',(#722,#723,#724,#725));
#7078=EDGE_LOOP('',(#726,#727,#728,#729));
#7079=EDGE_LOOP('',(#730,#731,#732,#733));
#7080=EDGE_LOOP('',(#734,#735,#736,#737));
#7081=EDGE_LOOP('',(#738,#739,#740,#741));
#7082=EDGE_LOOP('',(#742,#743,#744,#745));
#7083=EDGE_LOOP('',(#746,#747,#748,#749));
#7084=EDGE_LOOP('',(#750,#751,#752,#753));
#7085=EDGE_LOOP('',(#754,#755,#756,#757,#758,#759,#760,#761));
#7086=EDGE_LOOP('',(#762,#763,#764,#765,#766,#767,#768,#769));
#7087=EDGE_LOOP('',(#770,#771,#772,#773));
#7088=EDGE_LOOP('',(#774,#775,#776,#777));
#7089=EDGE_LOOP('',(#778,#779,#780,#781));
#7090=EDGE_LOOP('',(#782,#783,#784,#785));
#7091=EDGE_LOOP('',(#786,#787,#788,#789,#790,#791,#792,#793));
#7092=EDGE_LOOP('',(#794,#795,#796,#797,#798,#799,#800,#801));
#7093=EDGE_LOOP('',(#802,#803,#804,#805));
#7094=EDGE_LOOP('',(#806,#807,#808,#809));
#7095=EDGE_LOOP('',(#810,#811,#812,#813));
#7096=EDGE_LOOP('',(#814,#815,#816,#817));
#7097=EDGE_LOOP('',(#818,#819,#820,#821));
#7098=EDGE_LOOP('',(#822,#823,#824,#825));
#7099=EDGE_LOOP('',(#826,#827,#828,#829));
#7100=EDGE_LOOP('',(#830,#831,#832,#833));
#7101=EDGE_LOOP('',(#834,#835,#836,#837));
#7102=EDGE_LOOP('',(#838,#839,#840,#841));
#7103=EDGE_LOOP('',(#842,#843,#844,#845,#846,#847,#848,#849));
#7104=EDGE_LOOP('',(#850,#851,#852,#853,#854,#855,#856,#857));
#7105=EDGE_LOOP('',(#858,#859,#860,#861));
#7106=EDGE_LOOP('',(#862,#863,#864,#865));
#7107=EDGE_LOOP('',(#866,#867,#868,#869));
#7108=EDGE_LOOP('',(#870,#871,#872,#873));
#7109=EDGE_LOOP('',(#874,#875,#876,#877,#878,#879,#880,#881));
#7110=EDGE_LOOP('',(#882,#883,#884,#885,#886,#887,#888,#889));
#7111=EDGE_LOOP('',(#890,#891,#892,#893));
#7112=EDGE_LOOP('',(#894,#895,#896,#897));
#7113=EDGE_LOOP('',(#898,#899,#900,#901));
#7114=EDGE_LOOP('',(#902,#903,#904,#905));
#7115=EDGE_LOOP('',(#906,#907,#908,#909));
#7116=EDGE_LOOP('',(#910,#911,#912,#913));
#7117=EDGE_LOOP('',(#914,#915,#916,#917));
#7118=EDGE_LOOP('',(#918,#919,#920,#921,#922,#923,#924,#925,#926,#927,#928,
#929,#930,#931,#932,#933,#934,#935,#936,#937,#938,#939,#940,#941,#942,#943,
#944,#945,#946,#947,#948,#949,#950,#951,#952,#953,#954,#955,#956,#957,#958,
#959,#960,#961));
#7119=EDGE_LOOP('',(#962,#963,#964,#965,#966,#967,#968,#969,#970,#971,#972,
#973,#974,#975,#976,#977,#978,#979,#980,#981,#982,#983,#984,#985,#986,#987,
#988,#989,#990,#991,#992,#993,#994,#995,#996,#997,#998,#999,#1000,#1001,
#1002,#1003,#1004,#1005,#1006,#1007,#1008,#1009,#1010,#1011,#1012,#1013,
#1014,#1015,#1016,#1017,#1018,#1019,#1020,#1021,#1022,#1023,#1024,#1025,
#1026,#1027,#1028,#1029,#1030,#1031,#1032,#1033,#1034,#1035,#1036,#1037,
#1038,#1039,#1040,#1041,#1042,#1043,#1044,#1045));
#7120=EDGE_LOOP('',(#1046,#1047,#1048,#1049,#1050,#1051,#1052,#1053,#1054,
#1055,#1056,#1057,#1058,#1059,#1060,#1061));
#7121=EDGE_LOOP('',(#1062,#1063,#1064,#1065,#1066,#1067,#1068,#1069,#1070,
#1071,#1072,#1073,#1074,#1075,#1076,#1077));
#7122=EDGE_LOOP('',(#1078,#1079,#1080,#1081,#1082,#1083,#1084,#1085,#1086,
#1087,#1088,#1089,#1090,#1091,#1092,#1093));
#7123=EDGE_LOOP('',(#1094,#1095,#1096,#1097,#1098,#1099,#1100,#1101,#1102,
#1103,#1104,#1105,#1106,#1107,#1108,#1109));
#7124=EDGE_LOOP('',(#1110,#1111,#1112,#1113,#1114,#1115,#1116,#1117,#1118,
#1119,#1120,#1121,#1122,#1123,#1124,#1125));
#7125=EDGE_LOOP('',(#1126,#1127,#1128,#1129,#1130,#1131,#1132,#1133,#1134,
#1135,#1136,#1137,#1138,#1139,#1140,#1141));
#7126=EDGE_LOOP('',(#1142,#1143,#1144,#1145,#1146,#1147,#1148,#1149,#1150,
#1151,#1152,#1153,#1154,#1155,#1156,#1157));
#7127=EDGE_LOOP('',(#1158,#1159,#1160,#1161,#1162,#1163,#1164,#1165,#1166,
#1167,#1168,#1169,#1170,#1171,#1172,#1173));
#7128=EDGE_LOOP('',(#1174,#1175,#1176,#1177,#1178,#1179,#1180,#1181,#1182,
#1183,#1184,#1185,#1186,#1187,#1188,#1189));
#7129=EDGE_LOOP('',(#1190,#1191,#1192,#1193,#1194,#1195,#1196,#1197,#1198,
#1199,#1200,#1201));
#7130=EDGE_LOOP('',(#1202,#1203,#1204,#1205));
#7131=EDGE_LOOP('',(#1206,#1207,#1208,#1209,#1210,#1211,#1212,#1213));
#7132=EDGE_LOOP('',(#1214,#1215,#1216,#1217));
#7133=EDGE_LOOP('',(#1218,#1219,#1220,#1221));
#7134=EDGE_LOOP('',(#1222,#1223,#1224,#1225));
#7135=EDGE_LOOP('',(#1226,#1227,#1228,#1229));
#7136=EDGE_LOOP('',(#1230,#1231,#1232,#1233));
#7137=EDGE_LOOP('',(#1234,#1235,#1236,#1237));
#7138=EDGE_LOOP('',(#1238,#1239,#1240,#1241));
#7139=EDGE_LOOP('',(#1242,#1243,#1244,#1245));
#7140=EDGE_LOOP('',(#1246,#1247,#1248,#1249));
#7141=EDGE_LOOP('',(#1250,#1251,#1252,#1253));
#7142=EDGE_LOOP('',(#1254,#1255,#1256,#1257));
#7143=EDGE_LOOP('',(#1258,#1259,#1260,#1261));
#7144=EDGE_LOOP('',(#1262,#1263,#1264,#1265));
#7145=EDGE_LOOP('',(#1266,#1267,#1268,#1269));
#7146=EDGE_LOOP('',(#1270,#1271,#1272,#1273));
#7147=EDGE_LOOP('',(#1274,#1275,#1276,#1277));
#7148=EDGE_LOOP('',(#1278,#1279,#1280,#1281));
#7149=EDGE_LOOP('',(#1282,#1283,#1284,#1285));
#7150=EDGE_LOOP('',(#1286,#1287,#1288,#1289));
#7151=EDGE_LOOP('',(#1290,#1291,#1292,#1293,#1294,#1295,#1296,#1297));
#7152=EDGE_LOOP('',(#1298,#1299,#1300,#1301,#1302,#1303));
#7153=EDGE_LOOP('',(#1304,#1305,#1306,#1307,#1308,#1309,#1310,#1311));
#7154=EDGE_LOOP('',(#1312,#1313,#1314,#1315,#1316,#1317));
#7155=EDGE_LOOP('',(#1318,#1319,#1320,#1321,#1322,#1323,#1324,#1325));
#7156=EDGE_LOOP('',(#1326,#1327,#1328,#1329,#1330,#1331));
#7157=EDGE_LOOP('',(#1332,#1333,#1334,#1335,#1336,#1337,#1338,#1339));
#7158=EDGE_LOOP('',(#1340,#1341,#1342,#1343,#1344,#1345));
#7159=EDGE_LOOP('',(#1346,#1347,#1348,#1349,#1350,#1351,#1352,#1353));
#7160=EDGE_LOOP('',(#1354,#1355,#1356,#1357,#1358,#1359));
#7161=EDGE_LOOP('',(#1360,#1361,#1362,#1363,#1364,#1365,#1366,#1367));
#7162=EDGE_LOOP('',(#1368,#1369,#1370,#1371,#1372,#1373));
#7163=EDGE_LOOP('',(#1374,#1375,#1376,#1377,#1378,#1379,#1380,#1381));
#7164=EDGE_LOOP('',(#1382,#1383,#1384,#1385,#1386,#1387));
#7165=EDGE_LOOP('',(#1388,#1389,#1390,#1391,#1392,#1393,#1394,#1395));
#7166=EDGE_LOOP('',(#1396,#1397,#1398,#1399,#1400,#1401));
#7167=EDGE_LOOP('',(#1402,#1403,#1404,#1405,#1406,#1407,#1408,#1409));
#7168=EDGE_LOOP('',(#1410,#1411,#1412,#1413,#1414,#1415));
#7169=EDGE_LOOP('',(#1416,#1417,#1418,#1419,#1420,#1421,#1422,#1423));
#7170=EDGE_LOOP('',(#1424,#1425,#1426,#1427,#1428,#1429));
#7171=EDGE_LOOP('',(#1430,#1431,#1432,#1433));
#7172=EDGE_LOOP('',(#1434,#1435,#1436,#1437));
#7173=EDGE_LOOP('',(#1438,#1439,#1440,#1441));
#7174=EDGE_LOOP('',(#1442,#1443,#1444,#1445));
#7175=EDGE_LOOP('',(#1446,#1447,#1448,#1449));
#7176=EDGE_LOOP('',(#1450,#1451,#1452,#1453));
#7177=EDGE_LOOP('',(#1454,#1455,#1456,#1457));
#7178=EDGE_LOOP('',(#1458,#1459,#1460,#1461));
#7179=EDGE_LOOP('',(#1462,#1463,#1464,#1465));
#7180=EDGE_LOOP('',(#1466,#1467,#1468,#1469));
#7181=EDGE_LOOP('',(#1470,#1471,#1472,#1473));
#7182=EDGE_LOOP('',(#1474,#1475,#1476,#1477));
#7183=EDGE_LOOP('',(#1478,#1479,#1480,#1481));
#7184=EDGE_LOOP('',(#1482,#1483,#1484,#1485));
#7185=EDGE_LOOP('',(#1486,#1487,#1488,#1489));
#7186=EDGE_LOOP('',(#1490,#1491,#1492,#1493));
#7187=EDGE_LOOP('',(#1494,#1495,#1496,#1497));
#7188=EDGE_LOOP('',(#1498,#1499,#1500,#1501));
#7189=EDGE_LOOP('',(#1502,#1503,#1504,#1505));
#7190=EDGE_LOOP('',(#1506,#1507,#1508,#1509));
#7191=EDGE_LOOP('',(#1510,#1511,#1512,#1513));
#7192=EDGE_LOOP('',(#1514,#1515,#1516,#1517));
#7193=EDGE_LOOP('',(#1518,#1519,#1520,#1521));
#7194=EDGE_LOOP('',(#1522,#1523,#1524,#1525));
#7195=EDGE_LOOP('',(#1526,#1527,#1528,#1529));
#7196=EDGE_LOOP('',(#1530,#1531,#1532,#1533));
#7197=EDGE_LOOP('',(#1534,#1535,#1536,#1537));
#7198=EDGE_LOOP('',(#1538,#1539,#1540,#1541));
#7199=EDGE_LOOP('',(#1542,#1543,#1544,#1545));
#7200=EDGE_LOOP('',(#1546,#1547,#1548,#1549));
#7201=EDGE_LOOP('',(#1550,#1551,#1552,#1553));
#7202=EDGE_LOOP('',(#1554,#1555,#1556,#1557));
#7203=EDGE_LOOP('',(#1558,#1559,#1560,#1561));
#7204=EDGE_LOOP('',(#1562,#1563,#1564,#1565));
#7205=EDGE_LOOP('',(#1566,#1567,#1568,#1569));
#7206=EDGE_LOOP('',(#1570,#1571,#1572,#1573));
#7207=EDGE_LOOP('',(#1574,#1575,#1576,#1577));
#7208=EDGE_LOOP('',(#1578,#1579,#1580,#1581));
#7209=EDGE_LOOP('',(#1582,#1583,#1584,#1585));
#7210=EDGE_LOOP('',(#1586,#1587,#1588,#1589));
#7211=EDGE_LOOP('',(#1590,#1591,#1592,#1593));
#7212=EDGE_LOOP('',(#1594,#1595,#1596,#1597));
#7213=EDGE_LOOP('',(#1598,#1599,#1600,#1601));
#7214=EDGE_LOOP('',(#1602,#1603,#1604,#1605));
#7215=EDGE_LOOP('',(#1606,#1607,#1608,#1609));
#7216=EDGE_LOOP('',(#1610,#1611,#1612,#1613));
#7217=EDGE_LOOP('',(#1614,#1615,#1616,#1617));
#7218=EDGE_LOOP('',(#1618,#1619,#1620,#1621));
#7219=EDGE_LOOP('',(#1622,#1623,#1624,#1625));
#7220=EDGE_LOOP('',(#1626,#1627,#1628,#1629));
#7221=EDGE_LOOP('',(#1630,#1631,#1632,#1633,#1634,#1635,#1636,#1637));
#7222=EDGE_LOOP('',(#1638,#1639,#1640,#1641,#1642,#1643,#1644,#1645,#1646,
#1647));
#7223=EDGE_LOOP('',(#1648,#1649,#1650,#1651,#1652,#1653,#1654,#1655));
#7224=EDGE_LOOP('',(#1656,#1657,#1658,#1659,#1660,#1661,#1662,#1663,#1664,
#1665));
#7225=EDGE_LOOP('',(#1666,#1667,#1668,#1669,#1670,#1671,#1672,#1673));
#7226=EDGE_LOOP('',(#1674,#1675,#1676,#1677,#1678,#1679,#1680,#1681,#1682,
#1683));
#7227=EDGE_LOOP('',(#1684,#1685,#1686,#1687,#1688,#1689,#1690,#1691));
#7228=EDGE_LOOP('',(#1692,#1693,#1694,#1695,#1696,#1697,#1698,#1699,#1700,
#1701));
#7229=EDGE_LOOP('',(#1702,#1703,#1704,#1705,#1706,#1707,#1708,#1709));
#7230=EDGE_LOOP('',(#1710,#1711,#1712,#1713,#1714,#1715,#1716,#1717,#1718,
#1719));
#7231=EDGE_LOOP('',(#1720,#1721,#1722,#1723,#1724,#1725,#1726,#1727));
#7232=EDGE_LOOP('',(#1728,#1729,#1730,#1731,#1732,#1733,#1734,#1735,#1736,
#1737));
#7233=EDGE_LOOP('',(#1738,#1739,#1740,#1741,#1742,#1743,#1744,#1745));
#7234=EDGE_LOOP('',(#1746,#1747,#1748,#1749,#1750,#1751,#1752,#1753,#1754,
#1755));
#7235=EDGE_LOOP('',(#1756,#1757,#1758,#1759,#1760,#1761,#1762,#1763));
#7236=EDGE_LOOP('',(#1764,#1765,#1766,#1767,#1768,#1769,#1770,#1771,#1772,
#1773));
#7237=EDGE_LOOP('',(#1774,#1775,#1776,#1777,#1778,#1779,#1780,#1781));
#7238=EDGE_LOOP('',(#1782,#1783,#1784,#1785,#1786,#1787,#1788,#1789,#1790,
#1791));
#7239=EDGE_LOOP('',(#1792,#1793,#1794,#1795,#1796,#1797,#1798,#1799));
#7240=EDGE_LOOP('',(#1800,#1801,#1802,#1803,#1804,#1805,#1806,#1807,#1808,
#1809));
#7241=EDGE_LOOP('',(#1810,#1811,#1812,#1813));
#7242=EDGE_LOOP('',(#1814,#1815,#1816,#1817));
#7243=EDGE_LOOP('',(#1818,#1819,#1820,#1821));
#7244=EDGE_LOOP('',(#1822,#1823,#1824,#1825));
#7245=EDGE_LOOP('',(#1826,#1827,#1828,#1829));
#7246=EDGE_LOOP('',(#1830,#1831,#1832,#1833));
#7247=EDGE_LOOP('',(#1834,#1835,#1836,#1837));
#7248=EDGE_LOOP('',(#1838,#1839,#1840,#1841));
#7249=EDGE_LOOP('',(#1842,#1843,#1844,#1845));
#7250=EDGE_LOOP('',(#1846,#1847,#1848,#1849));
#7251=EDGE_LOOP('',(#1850,#1851,#1852,#1853));
#7252=EDGE_LOOP('',(#1854,#1855,#1856,#1857,#1858,#1859,#1860));
#7253=EDGE_LOOP('',(#1861,#1862,#1863,#1864));
#7254=EDGE_LOOP('',(#1865,#1866,#1867,#1868,#1869,#1870,#1871));
#7255=EDGE_LOOP('',(#1872,#1873,#1874,#1875));
#7256=EDGE_LOOP('',(#1876));
#7257=EDGE_LOOP('',(#1877,#1878,#1879,#1880));
#7258=EDGE_LOOP('',(#1881,#1882,#1883,#1884));
#7259=EDGE_LOOP('',(#1885,#1886,#1887,#1888));
#7260=EDGE_LOOP('',(#1889,#1890,#1891,#1892,#1893,#1894,#1895));
#7261=EDGE_LOOP('',(#1896,#1897,#1898,#1899));
#7262=EDGE_LOOP('',(#1900,#1901,#1902,#1903,#1904,#1905,#1906));
#7263=EDGE_LOOP('',(#1907,#1908,#1909,#1910));
#7264=EDGE_LOOP('',(#1911));
#7265=EDGE_LOOP('',(#1912,#1913,#1914,#1915));
#7266=EDGE_LOOP('',(#1916,#1917,#1918,#1919));
#7267=EDGE_LOOP('',(#1920,#1921,#1922,#1923));
#7268=EDGE_LOOP('',(#1924,#1925,#1926,#1927,#1928,#1929,#1930));
#7269=EDGE_LOOP('',(#1931,#1932,#1933,#1934));
#7270=EDGE_LOOP('',(#1935,#1936,#1937,#1938,#1939,#1940,#1941));
#7271=EDGE_LOOP('',(#1942,#1943,#1944,#1945));
#7272=EDGE_LOOP('',(#1946));
#7273=EDGE_LOOP('',(#1947,#1948,#1949,#1950));
#7274=EDGE_LOOP('',(#1951,#1952,#1953,#1954));
#7275=EDGE_LOOP('',(#1955,#1956,#1957,#1958));
#7276=EDGE_LOOP('',(#1959,#1960,#1961,#1962,#1963,#1964,#1965));
#7277=EDGE_LOOP('',(#1966,#1967,#1968,#1969));
#7278=EDGE_LOOP('',(#1970,#1971,#1972,#1973,#1974,#1975,#1976));
#7279=EDGE_LOOP('',(#1977,#1978,#1979,#1980));
#7280=EDGE_LOOP('',(#1981));
#7281=EDGE_LOOP('',(#1982,#1983,#1984,#1985));
#7282=EDGE_LOOP('',(#1986,#1987,#1988,#1989));
#7283=EDGE_LOOP('',(#1990,#1991,#1992,#1993));
#7284=EDGE_LOOP('',(#1994,#1995,#1996,#1997,#1998,#1999,#2000));
#7285=EDGE_LOOP('',(#2001,#2002,#2003,#2004));
#7286=EDGE_LOOP('',(#2005,#2006,#2007,#2008,#2009,#2010,#2011));
#7287=EDGE_LOOP('',(#2012,#2013,#2014,#2015));
#7288=EDGE_LOOP('',(#2016));
#7289=EDGE_LOOP('',(#2017,#2018,#2019,#2020));
#7290=EDGE_LOOP('',(#2021,#2022,#2023,#2024));
#7291=EDGE_LOOP('',(#2025,#2026,#2027,#2028));
#7292=EDGE_LOOP('',(#2029,#2030,#2031,#2032,#2033,#2034,#2035));
#7293=EDGE_LOOP('',(#2036,#2037,#2038,#2039));
#7294=EDGE_LOOP('',(#2040,#2041,#2042,#2043,#2044,#2045,#2046));
#7295=EDGE_LOOP('',(#2047,#2048,#2049,#2050));
#7296=EDGE_LOOP('',(#2051));
#7297=EDGE_LOOP('',(#2052,#2053,#2054,#2055));
#7298=EDGE_LOOP('',(#2056,#2057,#2058,#2059));
#7299=EDGE_LOOP('',(#2060,#2061,#2062,#2063));
#7300=EDGE_LOOP('',(#2064,#2065,#2066,#2067,#2068,#2069,#2070));
#7301=EDGE_LOOP('',(#2071,#2072,#2073,#2074));
#7302=EDGE_LOOP('',(#2075,#2076,#2077,#2078,#2079,#2080,#2081));
#7303=EDGE_LOOP('',(#2082,#2083,#2084,#2085));
#7304=EDGE_LOOP('',(#2086));
#7305=EDGE_LOOP('',(#2087,#2088,#2089,#2090));
#7306=EDGE_LOOP('',(#2091,#2092,#2093,#2094));
#7307=EDGE_LOOP('',(#2095,#2096,#2097,#2098));
#7308=EDGE_LOOP('',(#2099,#2100,#2101,#2102,#2103,#2104,#2105));
#7309=EDGE_LOOP('',(#2106,#2107,#2108,#2109));
#7310=EDGE_LOOP('',(#2110,#2111,#2112,#2113,#2114,#2115,#2116));
#7311=EDGE_LOOP('',(#2117,#2118,#2119,#2120));
#7312=EDGE_LOOP('',(#2121));
#7313=EDGE_LOOP('',(#2122,#2123,#2124,#2125));
#7314=EDGE_LOOP('',(#2126,#2127,#2128,#2129));
#7315=EDGE_LOOP('',(#2130,#2131,#2132,#2133));
#7316=EDGE_LOOP('',(#2134,#2135,#2136,#2137,#2138,#2139,#2140));
#7317=EDGE_LOOP('',(#2141,#2142,#2143,#2144));
#7318=EDGE_LOOP('',(#2145,#2146,#2147,#2148,#2149,#2150,#2151));
#7319=EDGE_LOOP('',(#2152,#2153,#2154,#2155));
#7320=EDGE_LOOP('',(#2156));
#7321=EDGE_LOOP('',(#2157,#2158,#2159,#2160));
#7322=EDGE_LOOP('',(#2161,#2162,#2163,#2164));
#7323=EDGE_LOOP('',(#2165,#2166,#2167,#2168));
#7324=EDGE_LOOP('',(#2169,#2170,#2171,#2172,#2173,#2174,#2175));
#7325=EDGE_LOOP('',(#2176,#2177,#2178,#2179));
#7326=EDGE_LOOP('',(#2180,#2181,#2182,#2183,#2184,#2185,#2186));
#7327=EDGE_LOOP('',(#2187,#2188,#2189,#2190));
#7328=EDGE_LOOP('',(#2191));
#7329=EDGE_LOOP('',(#2192,#2193,#2194,#2195));
#7330=EDGE_LOOP('',(#2196,#2197,#2198,#2199));
#7331=EDGE_LOOP('',(#2200,#2201,#2202,#2203,#2204));
#7332=EDGE_LOOP('',(#2205,#2206,#2207,#2208));
#7333=EDGE_LOOP('',(#2209,#2210,#2211,#2212,#2213));
#7334=EDGE_LOOP('',(#2214,#2215,#2216,#2217));
#7335=EDGE_LOOP('',(#2218));
#7336=EDGE_LOOP('',(#2219,#2220,#2221,#2222));
#7337=EDGE_LOOP('',(#2223,#2224,#2225,#2226));
#7338=EDGE_LOOP('',(#2227,#2228,#2229,#2230,#2231));
#7339=EDGE_LOOP('',(#2232,#2233,#2234,#2235));
#7340=EDGE_LOOP('',(#2236,#2237,#2238,#2239,#2240));
#7341=EDGE_LOOP('',(#2241,#2242,#2243,#2244));
#7342=EDGE_LOOP('',(#2245));
#7343=EDGE_LOOP('',(#2246,#2247,#2248,#2249));
#7344=EDGE_LOOP('',(#2250,#2251,#2252,#2253));
#7345=EDGE_LOOP('',(#2254,#2255,#2256,#2257,#2258));
#7346=EDGE_LOOP('',(#2259,#2260,#2261,#2262));
#7347=EDGE_LOOP('',(#2263,#2264,#2265,#2266,#2267));
#7348=EDGE_LOOP('',(#2268,#2269,#2270,#2271));
#7349=EDGE_LOOP('',(#2272));
#7350=EDGE_LOOP('',(#2273,#2274,#2275,#2276));
#7351=EDGE_LOOP('',(#2277,#2278,#2279,#2280));
#7352=EDGE_LOOP('',(#2281,#2282,#2283,#2284,#2285));
#7353=EDGE_LOOP('',(#2286,#2287,#2288,#2289));
#7354=EDGE_LOOP('',(#2290,#2291,#2292,#2293,#2294));
#7355=EDGE_LOOP('',(#2295,#2296,#2297,#2298));
#7356=EDGE_LOOP('',(#2299));
#7357=EDGE_LOOP('',(#2300,#2301,#2302,#2303));
#7358=EDGE_LOOP('',(#2304,#2305,#2306,#2307));
#7359=EDGE_LOOP('',(#2308,#2309,#2310,#2311,#2312));
#7360=EDGE_LOOP('',(#2313,#2314,#2315,#2316));
#7361=EDGE_LOOP('',(#2317,#2318,#2319,#2320,#2321));
#7362=EDGE_LOOP('',(#2322,#2323,#2324,#2325));
#7363=EDGE_LOOP('',(#2326));
#7364=EDGE_LOOP('',(#2327,#2328,#2329,#2330));
#7365=EDGE_LOOP('',(#2331,#2332,#2333,#2334));
#7366=EDGE_LOOP('',(#2335,#2336,#2337,#2338,#2339));
#7367=EDGE_LOOP('',(#2340,#2341,#2342,#2343));
#7368=EDGE_LOOP('',(#2344,#2345,#2346,#2347,#2348));
#7369=EDGE_LOOP('',(#2349,#2350,#2351,#2352));
#7370=EDGE_LOOP('',(#2353));
#7371=EDGE_LOOP('',(#2354,#2355,#2356,#2357));
#7372=EDGE_LOOP('',(#2358,#2359,#2360,#2361));
#7373=EDGE_LOOP('',(#2362,#2363,#2364,#2365,#2366));
#7374=EDGE_LOOP('',(#2367,#2368,#2369,#2370));
#7375=EDGE_LOOP('',(#2371,#2372,#2373,#2374,#2375));
#7376=EDGE_LOOP('',(#2376,#2377,#2378,#2379));
#7377=EDGE_LOOP('',(#2380));
#7378=EDGE_LOOP('',(#2381,#2382,#2383,#2384));
#7379=EDGE_LOOP('',(#2385,#2386,#2387,#2388));
#7380=EDGE_LOOP('',(#2389,#2390,#2391,#2392,#2393));
#7381=EDGE_LOOP('',(#2394,#2395,#2396,#2397));
#7382=EDGE_LOOP('',(#2398,#2399,#2400,#2401,#2402));
#7383=EDGE_LOOP('',(#2403,#2404,#2405,#2406));
#7384=EDGE_LOOP('',(#2407));
#7385=EDGE_LOOP('',(#2408,#2409,#2410,#2411));
#7386=EDGE_LOOP('',(#2412,#2413,#2414,#2415));
#7387=EDGE_LOOP('',(#2416,#2417,#2418,#2419,#2420));
#7388=EDGE_LOOP('',(#2421,#2422,#2423,#2424));
#7389=EDGE_LOOP('',(#2425,#2426,#2427,#2428,#2429));
#7390=EDGE_LOOP('',(#2430,#2431,#2432,#2433));
#7391=EDGE_LOOP('',(#2434));
#7392=EDGE_LOOP('',(#2435,#2436,#2437,#2438));
#7393=EDGE_LOOP('',(#2439,#2440,#2441,#2442));
#7394=EDGE_LOOP('',(#2443,#2444,#2445,#2446,#2447));
#7395=EDGE_LOOP('',(#2448,#2449,#2450,#2451));
#7396=EDGE_LOOP('',(#2452,#2453,#2454,#2455,#2456));
#7397=EDGE_LOOP('',(#2457,#2458,#2459,#2460));
#7398=EDGE_LOOP('',(#2461));
#7399=EDGE_LOOP('',(#2462,#2463,#2464,#2465));
#7400=EDGE_LOOP('',(#2466,#2467,#2468,#2469));
#7401=EDGE_LOOP('',(#2470));
#7402=EDGE_LOOP('',(#2471));
#7403=EDGE_LOOP('',(#2472));
#7404=EDGE_LOOP('',(#2473));
#7405=EDGE_LOOP('',(#2474));
#7406=EDGE_LOOP('',(#2475));
#7407=EDGE_LOOP('',(#2476));
#7408=EDGE_LOOP('',(#2477));
#7409=EDGE_LOOP('',(#2478));
#7410=EDGE_LOOP('',(#2479));
#7411=EDGE_LOOP('',(#2480));
#7412=EDGE_LOOP('',(#2481));
#7413=EDGE_LOOP('',(#2482));
#7414=EDGE_LOOP('',(#2483));
#7415=EDGE_LOOP('',(#2484));
#7416=EDGE_LOOP('',(#2485));
#7417=EDGE_LOOP('',(#2486));
#7418=EDGE_LOOP('',(#2487));
#7419=EDGE_LOOP('',(#2488));
#7420=EDGE_LOOP('',(#2489));
#7421=EDGE_LOOP('',(#2490));
#7422=EDGE_LOOP('',(#2491));
#7423=EDGE_LOOP('',(#2492));
#7424=EDGE_LOOP('',(#2493));
#7425=EDGE_LOOP('',(#2494));
#7426=EDGE_LOOP('',(#2495));
#7427=EDGE_LOOP('',(#2496));
#7428=EDGE_LOOP('',(#2497));
#7429=EDGE_LOOP('',(#2498));
#7430=EDGE_LOOP('',(#2499));
#7431=EDGE_LOOP('',(#2500));
#7432=EDGE_LOOP('',(#2501));
#7433=EDGE_LOOP('',(#2502));
#7434=EDGE_LOOP('',(#2503));
#7435=EDGE_LOOP('',(#2504));
#7436=EDGE_LOOP('',(#2505));
#7437=EDGE_LOOP('',(#2506));
#7438=EDGE_LOOP('',(#2507));
#7439=EDGE_LOOP('',(#2508));
#7440=EDGE_LOOP('',(#2509));
#7441=EDGE_LOOP('',(#2510,#2511,#2512,#2513));
#7442=EDGE_LOOP('',(#2514));
#7443=EDGE_LOOP('',(#2515));
#7444=EDGE_LOOP('',(#2516));
#7445=EDGE_LOOP('',(#2517));
#7446=EDGE_LOOP('',(#2518));
#7447=EDGE_LOOP('',(#2519));
#7448=EDGE_LOOP('',(#2520));
#7449=EDGE_LOOP('',(#2521));
#7450=EDGE_LOOP('',(#2522));
#7451=EDGE_LOOP('',(#2523));
#7452=EDGE_LOOP('',(#2524));
#7453=EDGE_LOOP('',(#2525));
#7454=EDGE_LOOP('',(#2526));
#7455=EDGE_LOOP('',(#2527));
#7456=EDGE_LOOP('',(#2528));
#7457=EDGE_LOOP('',(#2529));
#7458=EDGE_LOOP('',(#2530));
#7459=EDGE_LOOP('',(#2531));
#7460=EDGE_LOOP('',(#2532));
#7461=EDGE_LOOP('',(#2533));
#7462=EDGE_LOOP('',(#2534));
#7463=EDGE_LOOP('',(#2535));
#7464=EDGE_LOOP('',(#2536));
#7465=EDGE_LOOP('',(#2537));
#7466=EDGE_LOOP('',(#2538));
#7467=EDGE_LOOP('',(#2539));
#7468=EDGE_LOOP('',(#2540));
#7469=EDGE_LOOP('',(#2541));
#7470=EDGE_LOOP('',(#2542));
#7471=EDGE_LOOP('',(#2543));
#7472=EDGE_LOOP('',(#2544));
#7473=EDGE_LOOP('',(#2545));
#7474=EDGE_LOOP('',(#2546));
#7475=EDGE_LOOP('',(#2547));
#7476=EDGE_LOOP('',(#2548));
#7477=EDGE_LOOP('',(#2549));
#7478=EDGE_LOOP('',(#2550));
#7479=EDGE_LOOP('',(#2551));
#7480=EDGE_LOOP('',(#2552));
#7481=EDGE_LOOP('',(#2553));
#7482=EDGE_LOOP('',(#2554));
#7483=EDGE_LOOP('',(#2555));
#7484=EDGE_LOOP('',(#2556));
#7485=EDGE_LOOP('',(#2557));
#7486=EDGE_LOOP('',(#2558));
#7487=EDGE_LOOP('',(#2559));
#7488=EDGE_LOOP('',(#2560));
#7489=EDGE_LOOP('',(#2561));
#7490=EDGE_LOOP('',(#2562));
#7491=EDGE_LOOP('',(#2563));
#7492=EDGE_LOOP('',(#2564));
#7493=EDGE_LOOP('',(#2565));
#7494=EDGE_LOOP('',(#2566));
#7495=EDGE_LOOP('',(#2567));
#7496=EDGE_LOOP('',(#2568));
#7497=EDGE_LOOP('',(#2569));
#7498=EDGE_LOOP('',(#2570));
#7499=EDGE_LOOP('',(#2571));
#7500=EDGE_LOOP('',(#2572));
#7501=EDGE_LOOP('',(#2573));
#7502=EDGE_LOOP('',(#2574));
#7503=EDGE_LOOP('',(#2575));
#7504=EDGE_LOOP('',(#2576));
#7505=EDGE_LOOP('',(#2577));
#7506=EDGE_LOOP('',(#2578));
#7507=EDGE_LOOP('',(#2579));
#7508=EDGE_LOOP('',(#2580));
#7509=EDGE_LOOP('',(#2581));
#7510=EDGE_LOOP('',(#2582));
#7511=EDGE_LOOP('',(#2583));
#7512=EDGE_LOOP('',(#2584));
#7513=EDGE_LOOP('',(#2585));
#7514=EDGE_LOOP('',(#2586));
#7515=EDGE_LOOP('',(#2587));
#7516=EDGE_LOOP('',(#2588));
#7517=EDGE_LOOP('',(#2589));
#7518=EDGE_LOOP('',(#2590));
#7519=EDGE_LOOP('',(#2591));
#7520=EDGE_LOOP('',(#2592));
#7521=EDGE_LOOP('',(#2593));
#7522=EDGE_LOOP('',(#2594));
#7523=EDGE_LOOP('',(#2595));
#7524=EDGE_LOOP('',(#2596));
#7525=EDGE_LOOP('',(#2597));
#7526=EDGE_LOOP('',(#2598));
#7527=EDGE_LOOP('',(#2599));
#7528=EDGE_LOOP('',(#2600));
#7529=EDGE_LOOP('',(#2601));
#7530=EDGE_LOOP('',(#2602));
#7531=EDGE_LOOP('',(#2603));
#7532=EDGE_LOOP('',(#2604));
#7533=EDGE_LOOP('',(#2605));
#7534=EDGE_LOOP('',(#2606));
#7535=EDGE_LOOP('',(#2607));
#7536=EDGE_LOOP('',(#2608));
#7537=EDGE_LOOP('',(#2609));
#7538=EDGE_LOOP('',(#2610));
#7539=EDGE_LOOP('',(#2611));
#7540=EDGE_LOOP('',(#2612));
#7541=EDGE_LOOP('',(#2613));
#7542=FACE_BOUND('',#6941,.T.);
#7543=FACE_BOUND('',#6942,.T.);
#7544=FACE_BOUND('',#6943,.T.);
#7545=FACE_BOUND('',#6944,.T.);
#7546=FACE_BOUND('',#6945,.T.);
#7547=FACE_BOUND('',#6946,.T.);
#7548=FACE_BOUND('',#6947,.T.);
#7549=FACE_BOUND('',#6948,.T.);
#7550=FACE_BOUND('',#6949,.T.);
#7551=FACE_BOUND('',#6950,.T.);
#7552=FACE_BOUND('',#6951,.T.);
#7553=FACE_BOUND('',#6952,.T.);
#7554=FACE_BOUND('',#6953,.T.);
#7555=FACE_BOUND('',#6954,.T.);
#7556=FACE_BOUND('',#6955,.T.);
#7557=FACE_BOUND('',#6956,.T.);
#7558=FACE_BOUND('',#6957,.T.);
#7559=FACE_BOUND('',#6958,.T.);
#7560=FACE_BOUND('',#6959,.T.);
#7561=FACE_BOUND('',#6960,.T.);
#7562=FACE_BOUND('',#6961,.T.);
#7563=FACE_BOUND('',#6962,.T.);
#7564=FACE_BOUND('',#6963,.T.);
#7565=FACE_BOUND('',#6964,.T.);
#7566=FACE_BOUND('',#6965,.T.);
#7567=FACE_BOUND('',#6966,.T.);
#7568=FACE_BOUND('',#6967,.T.);
#7569=FACE_BOUND('',#6968,.T.);
#7570=FACE_BOUND('',#6969,.T.);
#7571=FACE_BOUND('',#6970,.T.);
#7572=FACE_BOUND('',#6971,.T.);
#7573=FACE_BOUND('',#6972,.T.);
#7574=FACE_BOUND('',#6973,.T.);
#7575=FACE_BOUND('',#6974,.T.);
#7576=FACE_BOUND('',#6975,.T.);
#7577=FACE_BOUND('',#6976,.T.);
#7578=FACE_BOUND('',#6977,.T.);
#7579=FACE_BOUND('',#6978,.T.);
#7580=FACE_BOUND('',#6979,.T.);
#7581=FACE_BOUND('',#6980,.T.);
#7582=FACE_BOUND('',#6981,.T.);
#7583=FACE_BOUND('',#6982,.T.);
#7584=FACE_BOUND('',#6983,.T.);
#7585=FACE_BOUND('',#6984,.T.);
#7586=FACE_BOUND('',#6985,.T.);
#7587=FACE_BOUND('',#6986,.T.);
#7588=FACE_BOUND('',#6987,.T.);
#7589=FACE_BOUND('',#6988,.T.);
#7590=FACE_BOUND('',#6989,.T.);
#7591=FACE_BOUND('',#6990,.T.);
#7592=FACE_BOUND('',#6991,.T.);
#7593=FACE_BOUND('',#6992,.T.);
#7594=FACE_BOUND('',#6993,.T.);
#7595=FACE_BOUND('',#6994,.T.);
#7596=FACE_BOUND('',#6995,.T.);
#7597=FACE_BOUND('',#6996,.T.);
#7598=FACE_BOUND('',#6997,.T.);
#7599=FACE_BOUND('',#6998,.T.);
#7600=FACE_BOUND('',#6999,.T.);
#7601=FACE_BOUND('',#7000,.T.);
#7602=FACE_BOUND('',#7001,.T.);
#7603=FACE_BOUND('',#7002,.T.);
#7604=FACE_BOUND('',#7003,.T.);
#7605=FACE_BOUND('',#7004,.T.);
#7606=FACE_BOUND('',#7005,.T.);
#7607=FACE_BOUND('',#7006,.T.);
#7608=FACE_BOUND('',#7007,.T.);
#7609=FACE_BOUND('',#7008,.T.);
#7610=FACE_BOUND('',#7009,.T.);
#7611=FACE_BOUND('',#7010,.T.);
#7612=FACE_BOUND('',#7011,.T.);
#7613=FACE_BOUND('',#7012,.T.);
#7614=FACE_BOUND('',#7013,.T.);
#7615=FACE_BOUND('',#7014,.T.);
#7616=FACE_BOUND('',#7015,.T.);
#7617=FACE_BOUND('',#7016,.T.);
#7618=FACE_BOUND('',#7017,.T.);
#7619=FACE_BOUND('',#7018,.T.);
#7620=FACE_BOUND('',#7019,.T.);
#7621=FACE_BOUND('',#7020,.T.);
#7622=FACE_BOUND('',#7021,.T.);
#7623=FACE_BOUND('',#7022,.T.);
#7624=FACE_BOUND('',#7023,.T.);
#7625=FACE_BOUND('',#7024,.T.);
#7626=FACE_BOUND('',#7025,.T.);
#7627=FACE_BOUND('',#7026,.T.);
#7628=FACE_BOUND('',#7027,.T.);
#7629=FACE_BOUND('',#7028,.T.);
#7630=FACE_BOUND('',#7029,.T.);
#7631=FACE_BOUND('',#7030,.T.);
#7632=FACE_BOUND('',#7031,.T.);
#7633=FACE_BOUND('',#7032,.T.);
#7634=FACE_BOUND('',#7033,.T.);
#7635=FACE_BOUND('',#7034,.T.);
#7636=FACE_BOUND('',#7035,.T.);
#7637=FACE_BOUND('',#7036,.T.);
#7638=FACE_BOUND('',#7037,.T.);
#7639=FACE_BOUND('',#7038,.T.);
#7640=FACE_BOUND('',#7039,.T.);
#7641=FACE_BOUND('',#7040,.T.);
#7642=FACE_BOUND('',#7041,.T.);
#7643=FACE_BOUND('',#7042,.T.);
#7644=FACE_BOUND('',#7043,.T.);
#7645=FACE_BOUND('',#7044,.T.);
#7646=FACE_BOUND('',#7045,.T.);
#7647=FACE_BOUND('',#7046,.T.);
#7648=FACE_BOUND('',#7047,.T.);
#7649=FACE_BOUND('',#7048,.T.);
#7650=FACE_BOUND('',#7049,.T.);
#7651=FACE_BOUND('',#7050,.T.);
#7652=FACE_BOUND('',#7051,.T.);
#7653=FACE_BOUND('',#7052,.T.);
#7654=FACE_BOUND('',#7053,.T.);
#7655=FACE_BOUND('',#7054,.T.);
#7656=FACE_BOUND('',#7055,.T.);
#7657=FACE_BOUND('',#7056,.T.);
#7658=FACE_BOUND('',#7057,.T.);
#7659=FACE_BOUND('',#7058,.T.);
#7660=FACE_BOUND('',#7059,.T.);
#7661=FACE_BOUND('',#7060,.T.);
#7662=FACE_BOUND('',#7061,.T.);
#7663=FACE_BOUND('',#7062,.T.);
#7664=FACE_BOUND('',#7063,.T.);
#7665=FACE_BOUND('',#7064,.T.);
#7666=FACE_BOUND('',#7065,.T.);
#7667=FACE_BOUND('',#7066,.T.);
#7668=FACE_BOUND('',#7067,.T.);
#7669=FACE_BOUND('',#7068,.T.);
#7670=FACE_BOUND('',#7069,.T.);
#7671=FACE_BOUND('',#7070,.T.);
#7672=FACE_BOUND('',#7071,.T.);
#7673=FACE_BOUND('',#7072,.T.);
#7674=FACE_BOUND('',#7073,.T.);
#7675=FACE_BOUND('',#7074,.T.);
#7676=FACE_BOUND('',#7075,.T.);
#7677=FACE_BOUND('',#7076,.T.);
#7678=FACE_BOUND('',#7077,.T.);
#7679=FACE_BOUND('',#7078,.T.);
#7680=FACE_BOUND('',#7079,.T.);
#7681=FACE_BOUND('',#7080,.T.);
#7682=FACE_BOUND('',#7081,.T.);
#7683=FACE_BOUND('',#7082,.T.);
#7684=FACE_BOUND('',#7083,.T.);
#7685=FACE_BOUND('',#7084,.T.);
#7686=FACE_BOUND('',#7085,.T.);
#7687=FACE_BOUND('',#7086,.T.);
#7688=FACE_BOUND('',#7087,.T.);
#7689=FACE_BOUND('',#7088,.T.);
#7690=FACE_BOUND('',#7089,.T.);
#7691=FACE_BOUND('',#7090,.T.);
#7692=FACE_BOUND('',#7091,.T.);
#7693=FACE_BOUND('',#7092,.T.);
#7694=FACE_BOUND('',#7093,.T.);
#7695=FACE_BOUND('',#7094,.T.);
#7696=FACE_BOUND('',#7095,.T.);
#7697=FACE_BOUND('',#7096,.T.);
#7698=FACE_BOUND('',#7097,.T.);
#7699=FACE_BOUND('',#7098,.T.);
#7700=FACE_BOUND('',#7099,.T.);
#7701=FACE_BOUND('',#7100,.T.);
#7702=FACE_BOUND('',#7101,.T.);
#7703=FACE_BOUND('',#7102,.T.);
#7704=FACE_BOUND('',#7103,.T.);
#7705=FACE_BOUND('',#7104,.T.);
#7706=FACE_BOUND('',#7105,.T.);
#7707=FACE_BOUND('',#7106,.T.);
#7708=FACE_BOUND('',#7107,.T.);
#7709=FACE_BOUND('',#7108,.T.);
#7710=FACE_BOUND('',#7109,.T.);
#7711=FACE_BOUND('',#7110,.T.);
#7712=FACE_BOUND('',#7111,.T.);
#7713=FACE_BOUND('',#7112,.T.);
#7714=FACE_BOUND('',#7113,.T.);
#7715=FACE_BOUND('',#7114,.T.);
#7716=FACE_BOUND('',#7115,.T.);
#7717=FACE_BOUND('',#7116,.T.);
#7718=FACE_BOUND('',#7117,.T.);
#7719=FACE_BOUND('',#7118,.T.);
#7720=FACE_BOUND('',#7119,.T.);
#7721=FACE_BOUND('',#7120,.T.);
#7722=FACE_BOUND('',#7121,.T.);
#7723=FACE_BOUND('',#7122,.T.);
#7724=FACE_BOUND('',#7123,.T.);
#7725=FACE_BOUND('',#7124,.T.);
#7726=FACE_BOUND('',#7125,.T.);
#7727=FACE_BOUND('',#7126,.T.);
#7728=FACE_BOUND('',#7127,.T.);
#7729=FACE_BOUND('',#7128,.T.);
#7730=FACE_BOUND('',#7129,.T.);
#7731=FACE_BOUND('',#7130,.T.);
#7732=FACE_BOUND('',#7131,.T.);
#7733=FACE_BOUND('',#7132,.T.);
#7734=FACE_BOUND('',#7133,.T.);
#7735=FACE_BOUND('',#7134,.T.);
#7736=FACE_BOUND('',#7135,.T.);
#7737=FACE_BOUND('',#7136,.T.);
#7738=FACE_BOUND('',#7137,.T.);
#7739=FACE_BOUND('',#7138,.T.);
#7740=FACE_BOUND('',#7139,.T.);
#7741=FACE_BOUND('',#7140,.T.);
#7742=FACE_BOUND('',#7141,.T.);
#7743=FACE_BOUND('',#7142,.T.);
#7744=FACE_BOUND('',#7143,.T.);
#7745=FACE_BOUND('',#7144,.T.);
#7746=FACE_BOUND('',#7145,.T.);
#7747=FACE_BOUND('',#7146,.T.);
#7748=FACE_BOUND('',#7147,.T.);
#7749=FACE_BOUND('',#7148,.T.);
#7750=FACE_BOUND('',#7149,.T.);
#7751=FACE_BOUND('',#7150,.T.);
#7752=FACE_BOUND('',#7151,.T.);
#7753=FACE_BOUND('',#7152,.T.);
#7754=FACE_BOUND('',#7153,.T.);
#7755=FACE_BOUND('',#7154,.T.);
#7756=FACE_BOUND('',#7155,.T.);
#7757=FACE_BOUND('',#7156,.T.);
#7758=FACE_BOUND('',#7157,.T.);
#7759=FACE_BOUND('',#7158,.T.);
#7760=FACE_BOUND('',#7159,.T.);
#7761=FACE_BOUND('',#7160,.T.);
#7762=FACE_BOUND('',#7161,.T.);
#7763=FACE_BOUND('',#7162,.T.);
#7764=FACE_BOUND('',#7163,.T.);
#7765=FACE_BOUND('',#7164,.T.);
#7766=FACE_BOUND('',#7165,.T.);
#7767=FACE_BOUND('',#7166,.T.);
#7768=FACE_BOUND('',#7167,.T.);
#7769=FACE_BOUND('',#7168,.T.);
#7770=FACE_BOUND('',#7169,.T.);
#7771=FACE_BOUND('',#7170,.T.);
#7772=FACE_BOUND('',#7171,.T.);
#7773=FACE_BOUND('',#7172,.T.);
#7774=FACE_BOUND('',#7173,.T.);
#7775=FACE_BOUND('',#7174,.T.);
#7776=FACE_BOUND('',#7175,.T.);
#7777=FACE_BOUND('',#7176,.T.);
#7778=FACE_BOUND('',#7177,.T.);
#7779=FACE_BOUND('',#7178,.T.);
#7780=FACE_BOUND('',#7179,.T.);
#7781=FACE_BOUND('',#7180,.T.);
#7782=FACE_BOUND('',#7181,.T.);
#7783=FACE_BOUND('',#7182,.T.);
#7784=FACE_BOUND('',#7183,.T.);
#7785=FACE_BOUND('',#7184,.T.);
#7786=FACE_BOUND('',#7185,.T.);
#7787=FACE_BOUND('',#7186,.T.);
#7788=FACE_BOUND('',#7187,.T.);
#7789=FACE_BOUND('',#7188,.T.);
#7790=FACE_BOUND('',#7189,.T.);
#7791=FACE_BOUND('',#7190,.T.);
#7792=FACE_BOUND('',#7191,.T.);
#7793=FACE_BOUND('',#7192,.T.);
#7794=FACE_BOUND('',#7193,.T.);
#7795=FACE_BOUND('',#7194,.T.);
#7796=FACE_BOUND('',#7195,.T.);
#7797=FACE_BOUND('',#7196,.T.);
#7798=FACE_BOUND('',#7197,.T.);
#7799=FACE_BOUND('',#7198,.T.);
#7800=FACE_BOUND('',#7199,.T.);
#7801=FACE_BOUND('',#7200,.T.);
#7802=FACE_BOUND('',#7201,.T.);
#7803=FACE_BOUND('',#7202,.T.);
#7804=FACE_BOUND('',#7203,.T.);
#7805=FACE_BOUND('',#7204,.T.);
#7806=FACE_BOUND('',#7205,.T.);
#7807=FACE_BOUND('',#7206,.T.);
#7808=FACE_BOUND('',#7207,.T.);
#7809=FACE_BOUND('',#7208,.T.);
#7810=FACE_BOUND('',#7209,.T.);
#7811=FACE_BOUND('',#7210,.T.);
#7812=FACE_BOUND('',#7211,.T.);
#7813=FACE_BOUND('',#7212,.T.);
#7814=FACE_BOUND('',#7213,.T.);
#7815=FACE_BOUND('',#7214,.T.);
#7816=FACE_BOUND('',#7215,.T.);
#7817=FACE_BOUND('',#7216,.T.);
#7818=FACE_BOUND('',#7217,.T.);
#7819=FACE_BOUND('',#7218,.T.);
#7820=FACE_BOUND('',#7219,.T.);
#7821=FACE_BOUND('',#7220,.T.);
#7822=FACE_BOUND('',#7221,.T.);
#7823=FACE_BOUND('',#7222,.T.);
#7824=FACE_BOUND('',#7223,.T.);
#7825=FACE_BOUND('',#7224,.T.);
#7826=FACE_BOUND('',#7225,.T.);
#7827=FACE_BOUND('',#7226,.T.);
#7828=FACE_BOUND('',#7227,.T.);
#7829=FACE_BOUND('',#7228,.T.);
#7830=FACE_BOUND('',#7229,.T.);
#7831=FACE_BOUND('',#7230,.T.);
#7832=FACE_BOUND('',#7231,.T.);
#7833=FACE_BOUND('',#7232,.T.);
#7834=FACE_BOUND('',#7233,.T.);
#7835=FACE_BOUND('',#7234,.T.);
#7836=FACE_BOUND('',#7235,.T.);
#7837=FACE_BOUND('',#7236,.T.);
#7838=FACE_BOUND('',#7237,.T.);
#7839=FACE_BOUND('',#7238,.T.);
#7840=FACE_BOUND('',#7239,.T.);
#7841=FACE_BOUND('',#7240,.T.);
#7842=FACE_BOUND('',#7241,.T.);
#7843=FACE_BOUND('',#7242,.T.);
#7844=FACE_BOUND('',#7243,.T.);
#7845=FACE_BOUND('',#7244,.T.);
#7846=FACE_BOUND('',#7245,.T.);
#7847=FACE_BOUND('',#7246,.T.);
#7848=FACE_BOUND('',#7247,.T.);
#7849=FACE_BOUND('',#7248,.T.);
#7850=FACE_BOUND('',#7249,.T.);
#7851=FACE_BOUND('',#7250,.T.);
#7852=FACE_BOUND('',#7251,.T.);
#7853=FACE_BOUND('',#7252,.T.);
#7854=FACE_BOUND('',#7253,.T.);
#7855=FACE_BOUND('',#7254,.T.);
#7856=FACE_BOUND('',#7255,.T.);
#7857=FACE_BOUND('',#7256,.T.);
#7858=FACE_BOUND('',#7257,.T.);
#7859=FACE_BOUND('',#7258,.T.);
#7860=FACE_BOUND('',#7259,.T.);
#7861=FACE_BOUND('',#7260,.T.);
#7862=FACE_BOUND('',#7261,.T.);
#7863=FACE_BOUND('',#7262,.T.);
#7864=FACE_BOUND('',#7263,.T.);
#7865=FACE_BOUND('',#7264,.T.);
#7866=FACE_BOUND('',#7265,.T.);
#7867=FACE_BOUND('',#7266,.T.);
#7868=FACE_BOUND('',#7267,.T.);
#7869=FACE_BOUND('',#7268,.T.);
#7870=FACE_BOUND('',#7269,.T.);
#7871=FACE_BOUND('',#7270,.T.);
#7872=FACE_BOUND('',#7271,.T.);
#7873=FACE_BOUND('',#7272,.T.);
#7874=FACE_BOUND('',#7273,.T.);
#7875=FACE_BOUND('',#7274,.T.);
#7876=FACE_BOUND('',#7275,.T.);
#7877=FACE_BOUND('',#7276,.T.);
#7878=FACE_BOUND('',#7277,.T.);
#7879=FACE_BOUND('',#7278,.T.);
#7880=FACE_BOUND('',#7279,.T.);
#7881=FACE_BOUND('',#7280,.T.);
#7882=FACE_BOUND('',#7281,.T.);
#7883=FACE_BOUND('',#7282,.T.);
#7884=FACE_BOUND('',#7283,.T.);
#7885=FACE_BOUND('',#7284,.T.);
#7886=FACE_BOUND('',#7285,.T.);
#7887=FACE_BOUND('',#7286,.T.);
#7888=FACE_BOUND('',#7287,.T.);
#7889=FACE_BOUND('',#7288,.T.);
#7890=FACE_BOUND('',#7289,.T.);
#7891=FACE_BOUND('',#7290,.T.);
#7892=FACE_BOUND('',#7291,.T.);
#7893=FACE_BOUND('',#7292,.T.);
#7894=FACE_BOUND('',#7293,.T.);
#7895=FACE_BOUND('',#7294,.T.);
#7896=FACE_BOUND('',#7295,.T.);
#7897=FACE_BOUND('',#7296,.T.);
#7898=FACE_BOUND('',#7297,.T.);
#7899=FACE_BOUND('',#7298,.T.);
#7900=FACE_BOUND('',#7299,.T.);
#7901=FACE_BOUND('',#7300,.T.);
#7902=FACE_BOUND('',#7301,.T.);
#7903=FACE_BOUND('',#7302,.T.);
#7904=FACE_BOUND('',#7303,.T.);
#7905=FACE_BOUND('',#7304,.T.);
#7906=FACE_BOUND('',#7305,.T.);
#7907=FACE_BOUND('',#7306,.T.);
#7908=FACE_BOUND('',#7307,.T.);
#7909=FACE_BOUND('',#7308,.T.);
#7910=FACE_BOUND('',#7309,.T.);
#7911=FACE_BOUND('',#7310,.T.);
#7912=FACE_BOUND('',#7311,.T.);
#7913=FACE_BOUND('',#7312,.T.);
#7914=FACE_BOUND('',#7313,.T.);
#7915=FACE_BOUND('',#7314,.T.);
#7916=FACE_BOUND('',#7315,.T.);
#7917=FACE_BOUND('',#7316,.T.);
#7918=FACE_BOUND('',#7317,.T.);
#7919=FACE_BOUND('',#7318,.T.);
#7920=FACE_BOUND('',#7319,.T.);
#7921=FACE_BOUND('',#7320,.T.);
#7922=FACE_BOUND('',#7321,.T.);
#7923=FACE_BOUND('',#7322,.T.);
#7924=FACE_BOUND('',#7323,.T.);
#7925=FACE_BOUND('',#7324,.T.);
#7926=FACE_BOUND('',#7325,.T.);
#7927=FACE_BOUND('',#7326,.T.);
#7928=FACE_BOUND('',#7327,.T.);
#7929=FACE_BOUND('',#7328,.T.);
#7930=FACE_BOUND('',#7329,.T.);
#7931=FACE_BOUND('',#7330,.T.);
#7932=FACE_BOUND('',#7331,.T.);
#7933=FACE_BOUND('',#7332,.T.);
#7934=FACE_BOUND('',#7333,.T.);
#7935=FACE_BOUND('',#7334,.T.);
#7936=FACE_BOUND('',#7335,.T.);
#7937=FACE_BOUND('',#7336,.T.);
#7938=FACE_BOUND('',#7337,.T.);
#7939=FACE_BOUND('',#7338,.T.);
#7940=FACE_BOUND('',#7339,.T.);
#7941=FACE_BOUND('',#7340,.T.);
#7942=FACE_BOUND('',#7341,.T.);
#7943=FACE_BOUND('',#7342,.T.);
#7944=FACE_BOUND('',#7343,.T.);
#7945=FACE_BOUND('',#7344,.T.);
#7946=FACE_BOUND('',#7345,.T.);
#7947=FACE_BOUND('',#7346,.T.);
#7948=FACE_BOUND('',#7347,.T.);
#7949=FACE_BOUND('',#7348,.T.);
#7950=FACE_BOUND('',#7349,.T.);
#7951=FACE_BOUND('',#7350,.T.);
#7952=FACE_BOUND('',#7351,.T.);
#7953=FACE_BOUND('',#7352,.T.);
#7954=FACE_BOUND('',#7353,.T.);
#7955=FACE_BOUND('',#7354,.T.);
#7956=FACE_BOUND('',#7355,.T.);
#7957=FACE_BOUND('',#7356,.T.);
#7958=FACE_BOUND('',#7357,.T.);
#7959=FACE_BOUND('',#7358,.T.);
#7960=FACE_BOUND('',#7359,.T.);
#7961=FACE_BOUND('',#7360,.T.);
#7962=FACE_BOUND('',#7361,.T.);
#7963=FACE_BOUND('',#7362,.T.);
#7964=FACE_BOUND('',#7363,.T.);
#7965=FACE_BOUND('',#7364,.T.);
#7966=FACE_BOUND('',#7365,.T.);
#7967=FACE_BOUND('',#7366,.T.);
#7968=FACE_BOUND('',#7367,.T.);
#7969=FACE_BOUND('',#7368,.T.);
#7970=FACE_BOUND('',#7369,.T.);
#7971=FACE_BOUND('',#7370,.T.);
#7972=FACE_BOUND('',#7371,.T.);
#7973=FACE_BOUND('',#7372,.T.);
#7974=FACE_BOUND('',#7373,.T.);
#7975=FACE_BOUND('',#7374,.T.);
#7976=FACE_BOUND('',#7375,.T.);
#7977=FACE_BOUND('',#7376,.T.);
#7978=FACE_BOUND('',#7377,.T.);
#7979=FACE_BOUND('',#7378,.T.);
#7980=FACE_BOUND('',#7379,.T.);
#7981=FACE_BOUND('',#7380,.T.);
#7982=FACE_BOUND('',#7381,.T.);
#7983=FACE_BOUND('',#7382,.T.);
#7984=FACE_BOUND('',#7383,.T.);
#7985=FACE_BOUND('',#7384,.T.);
#7986=FACE_BOUND('',#7385,.T.);
#7987=FACE_BOUND('',#7386,.T.);
#7988=FACE_BOUND('',#7387,.T.);
#7989=FACE_BOUND('',#7388,.T.);
#7990=FACE_BOUND('',#7389,.T.);
#7991=FACE_BOUND('',#7390,.T.);
#7992=FACE_BOUND('',#7391,.T.);
#7993=FACE_BOUND('',#7392,.T.);
#7994=FACE_BOUND('',#7393,.T.);
#7995=FACE_BOUND('',#7394,.T.);
#7996=FACE_BOUND('',#7395,.T.);
#7997=FACE_BOUND('',#7396,.T.);
#7998=FACE_BOUND('',#7397,.T.);
#7999=FACE_BOUND('',#7398,.T.);
#8000=FACE_BOUND('',#7399,.T.);
#8001=FACE_BOUND('',#7400,.T.);
#8002=FACE_BOUND('',#7401,.T.);
#8003=FACE_BOUND('',#7402,.T.);
#8004=FACE_BOUND('',#7403,.T.);
#8005=FACE_BOUND('',#7404,.T.);
#8006=FACE_BOUND('',#7405,.T.);
#8007=FACE_BOUND('',#7406,.T.);
#8008=FACE_BOUND('',#7407,.T.);
#8009=FACE_BOUND('',#7408,.T.);
#8010=FACE_BOUND('',#7409,.T.);
#8011=FACE_BOUND('',#7410,.T.);
#8012=FACE_BOUND('',#7411,.T.);
#8013=FACE_BOUND('',#7412,.T.);
#8014=FACE_BOUND('',#7413,.T.);
#8015=FACE_BOUND('',#7414,.T.);
#8016=FACE_BOUND('',#7415,.T.);
#8017=FACE_BOUND('',#7416,.T.);
#8018=FACE_BOUND('',#7417,.T.);
#8019=FACE_BOUND('',#7418,.T.);
#8020=FACE_BOUND('',#7419,.T.);
#8021=FACE_BOUND('',#7420,.T.);
#8022=FACE_BOUND('',#7421,.T.);
#8023=FACE_BOUND('',#7422,.T.);
#8024=FACE_BOUND('',#7423,.T.);
#8025=FACE_BOUND('',#7424,.T.);
#8026=FACE_BOUND('',#7425,.T.);
#8027=FACE_BOUND('',#7426,.T.);
#8028=FACE_BOUND('',#7427,.T.);
#8029=FACE_BOUND('',#7428,.T.);
#8030=FACE_BOUND('',#7429,.T.);
#8031=FACE_BOUND('',#7430,.T.);
#8032=FACE_BOUND('',#7431,.T.);
#8033=FACE_BOUND('',#7432,.T.);
#8034=FACE_BOUND('',#7433,.T.);
#8035=FACE_BOUND('',#7434,.T.);
#8036=FACE_BOUND('',#7435,.T.);
#8037=FACE_BOUND('',#7436,.T.);
#8038=FACE_BOUND('',#7437,.T.);
#8039=FACE_BOUND('',#7438,.T.);
#8040=FACE_BOUND('',#7439,.T.);
#8041=FACE_BOUND('',#7440,.T.);
#8042=FACE_BOUND('',#7441,.T.);
#8043=FACE_BOUND('',#7442,.T.);
#8044=FACE_BOUND('',#7443,.T.);
#8045=FACE_BOUND('',#7444,.T.);
#8046=FACE_BOUND('',#7445,.T.);
#8047=FACE_BOUND('',#7446,.T.);
#8048=FACE_BOUND('',#7447,.T.);
#8049=FACE_BOUND('',#7448,.T.);
#8050=FACE_BOUND('',#7449,.T.);
#8051=FACE_BOUND('',#7450,.T.);
#8052=FACE_BOUND('',#7451,.T.);
#8053=FACE_BOUND('',#7452,.T.);
#8054=FACE_BOUND('',#7453,.T.);
#8055=FACE_BOUND('',#7454,.T.);
#8056=FACE_BOUND('',#7455,.T.);
#8057=FACE_BOUND('',#7456,.T.);
#8058=FACE_BOUND('',#7457,.T.);
#8059=FACE_BOUND('',#7458,.T.);
#8060=FACE_BOUND('',#7459,.T.);
#8061=FACE_BOUND('',#7460,.T.);
#8062=FACE_BOUND('',#7461,.T.);
#8063=FACE_BOUND('',#7462,.T.);
#8064=FACE_BOUND('',#7463,.T.);
#8065=FACE_BOUND('',#7464,.T.);
#8066=FACE_BOUND('',#7465,.T.);
#8067=FACE_BOUND('',#7466,.T.);
#8068=FACE_BOUND('',#7467,.T.);
#8069=FACE_BOUND('',#7468,.T.);
#8070=FACE_BOUND('',#7469,.T.);
#8071=FACE_BOUND('',#7470,.T.);
#8072=FACE_BOUND('',#7471,.T.);
#8073=FACE_BOUND('',#7472,.T.);
#8074=FACE_BOUND('',#7473,.T.);
#8075=FACE_BOUND('',#7474,.T.);
#8076=FACE_BOUND('',#7475,.T.);
#8077=FACE_BOUND('',#7476,.T.);
#8078=FACE_BOUND('',#7477,.T.);
#8079=FACE_BOUND('',#7478,.T.);
#8080=FACE_BOUND('',#7479,.T.);
#8081=FACE_BOUND('',#7480,.T.);
#8082=FACE_BOUND('',#7481,.T.);
#8083=FACE_BOUND('',#7482,.T.);
#8084=FACE_BOUND('',#7483,.T.);
#8085=FACE_BOUND('',#7484,.T.);
#8086=FACE_BOUND('',#7485,.T.);
#8087=FACE_BOUND('',#7486,.T.);
#8088=FACE_BOUND('',#7487,.T.);
#8089=FACE_BOUND('',#7488,.T.);
#8090=FACE_BOUND('',#7489,.T.);
#8091=FACE_BOUND('',#7490,.T.);
#8092=FACE_BOUND('',#7491,.T.);
#8093=FACE_BOUND('',#7492,.T.);
#8094=FACE_BOUND('',#7493,.T.);
#8095=FACE_BOUND('',#7494,.T.);
#8096=FACE_BOUND('',#7495,.T.);
#8097=FACE_BOUND('',#7496,.T.);
#8098=FACE_BOUND('',#7497,.T.);
#8099=FACE_BOUND('',#7498,.T.);
#8100=FACE_BOUND('',#7499,.T.);
#8101=FACE_BOUND('',#7500,.T.);
#8102=FACE_BOUND('',#7501,.T.);
#8103=FACE_BOUND('',#7502,.T.);
#8104=FACE_BOUND('',#7503,.T.);
#8105=FACE_BOUND('',#7504,.T.);
#8106=FACE_BOUND('',#7505,.T.);
#8107=FACE_BOUND('',#7506,.T.);
#8108=FACE_BOUND('',#7507,.T.);
#8109=FACE_BOUND('',#7508,.T.);
#8110=FACE_BOUND('',#7509,.T.);
#8111=FACE_BOUND('',#7510,.T.);
#8112=FACE_BOUND('',#7511,.T.);
#8113=FACE_BOUND('',#7512,.T.);
#8114=FACE_BOUND('',#7513,.T.);
#8115=FACE_BOUND('',#7514,.T.);
#8116=FACE_BOUND('',#7515,.T.);
#8117=FACE_BOUND('',#7516,.T.);
#8118=FACE_BOUND('',#7517,.T.);
#8119=FACE_BOUND('',#7518,.T.);
#8120=FACE_BOUND('',#7519,.T.);
#8121=FACE_BOUND('',#7520,.T.);
#8122=FACE_BOUND('',#7521,.T.);
#8123=FACE_BOUND('',#7522,.T.);
#8124=FACE_BOUND('',#7523,.T.);
#8125=FACE_BOUND('',#7524,.T.);
#8126=FACE_BOUND('',#7525,.T.);
#8127=FACE_BOUND('',#7526,.T.);
#8128=FACE_BOUND('',#7527,.T.);
#8129=FACE_BOUND('',#7528,.T.);
#8130=FACE_BOUND('',#7529,.T.);
#8131=FACE_BOUND('',#7530,.T.);
#8132=FACE_BOUND('',#7531,.T.);
#8133=FACE_BOUND('',#7532,.T.);
#8134=FACE_BOUND('',#7533,.T.);
#8135=FACE_BOUND('',#7534,.T.);
#8136=FACE_BOUND('',#7535,.T.);
#8137=FACE_BOUND('',#7536,.T.);
#8138=FACE_BOUND('',#7537,.T.);
#8139=FACE_BOUND('',#7538,.T.);
#8140=FACE_BOUND('',#7539,.T.);
#8141=FACE_BOUND('',#7540,.T.);
#8142=FACE_BOUND('',#7541,.T.);
#8143=PLANE('',#9040);
#8144=PLANE('',#9041);
#8145=PLANE('',#9045);
#8146=PLANE('',#9049);
#8147=PLANE('',#9050);
#8148=PLANE('',#9051);
#8149=PLANE('',#9052);
#8150=PLANE('',#9054);
#8151=PLANE('',#9055);
#8152=PLANE('',#9056);
#8153=PLANE('',#9059);
#8154=PLANE('',#9060);
#8155=PLANE('',#9061);
#8156=PLANE('',#9062);
#8157=PLANE('',#9063);
#8158=PLANE('',#9064);
#8159=PLANE('',#9065);
#8160=PLANE('',#9066);
#8161=PLANE('',#9067);
#8162=PLANE('',#9068);
#8163=PLANE('',#9069);
#8164=PLANE('',#9070);
#8165=PLANE('',#9071);
#8166=PLANE('',#9072);
#8167=PLANE('',#9073);
#8168=PLANE('',#9074);
#8169=PLANE('',#9075);
#8170=PLANE('',#9076);
#8171=PLANE('',#9077);
#8172=PLANE('',#9078);
#8173=PLANE('',#9079);
#8174=PLANE('',#9080);
#8175=PLANE('',#9081);
#8176=PLANE('',#9082);
#8177=PLANE('',#9083);
#8178=PLANE('',#9084);
#8179=PLANE('',#9085);
#8180=PLANE('',#9086);
#8181=PLANE('',#9087);
#8182=PLANE('',#9088);
#8183=PLANE('',#9089);
#8184=PLANE('',#9090);
#8185=PLANE('',#9091);
#8186=PLANE('',#9092);
#8187=PLANE('',#9093);
#8188=PLANE('',#9094);
#8189=PLANE('',#9095);
#8190=PLANE('',#9096);
#8191=PLANE('',#9097);
#8192=PLANE('',#9098);
#8193=PLANE('',#9099);
#8194=PLANE('',#9100);
#8195=PLANE('',#9101);
#8196=PLANE('',#9102);
#8197=PLANE('',#9103);
#8198=PLANE('',#9104);
#8199=PLANE('',#9105);
#8200=PLANE('',#9106);
#8201=PLANE('',#9107);
#8202=PLANE('',#9108);
#8203=PLANE('',#9109);
#8204=PLANE('',#9110);
#8205=PLANE('',#9111);
#8206=PLANE('',#9112);
#8207=PLANE('',#9113);
#8208=PLANE('',#9114);
#8209=PLANE('',#9115);
#8210=PLANE('',#9116);
#8211=PLANE('',#9117);
#8212=PLANE('',#9118);
#8213=PLANE('',#9119);
#8214=PLANE('',#9120);
#8215=PLANE('',#9121);
#8216=PLANE('',#9122);
#8217=PLANE('',#9123);
#8218=PLANE('',#9124);
#8219=PLANE('',#9125);
#8220=PLANE('',#9126);
#8221=PLANE('',#9127);
#8222=PLANE('',#9128);
#8223=PLANE('',#9129);
#8224=PLANE('',#9130);
#8225=PLANE('',#9131);
#8226=PLANE('',#9132);
#8227=PLANE('',#9133);
#8228=PLANE('',#9134);
#8229=PLANE('',#9135);
#8230=PLANE('',#9136);
#8231=PLANE('',#9137);
#8232=PLANE('',#9138);
#8233=PLANE('',#9139);
#8234=PLANE('',#9140);
#8235=PLANE('',#9141);
#8236=PLANE('',#9142);
#8237=PLANE('',#9143);
#8238=PLANE('',#9144);
#8239=PLANE('',#9145);
#8240=PLANE('',#9146);
#8241=PLANE('',#9147);
#8242=PLANE('',#9148);
#8243=PLANE('',#9149);
#8244=PLANE('',#9150);
#8245=PLANE('',#9151);
#8246=PLANE('',#9152);
#8247=PLANE('',#9153);
#8248=PLANE('',#9154);
#8249=PLANE('',#9155);
#8250=PLANE('',#9156);
#8251=PLANE('',#9157);
#8252=PLANE('',#9158);
#8253=PLANE('',#9159);
#8254=PLANE('',#9160);
#8255=PLANE('',#9161);
#8256=PLANE('',#9162);
#8257=PLANE('',#9163);
#8258=PLANE('',#9164);
#8259=PLANE('',#9165);
#8260=PLANE('',#9166);
#8261=PLANE('',#9167);
#8262=PLANE('',#9168);
#8263=PLANE('',#9169);
#8264=PLANE('',#9170);
#8265=PLANE('',#9171);
#8266=PLANE('',#9172);
#8267=PLANE('',#9173);
#8268=PLANE('',#9174);
#8269=PLANE('',#9175);
#8270=PLANE('',#9176);
#8271=PLANE('',#9178);
#8272=PLANE('',#9179);
#8273=PLANE('',#9180);
#8274=PLANE('',#9181);
#8275=PLANE('',#9182);
#8276=PLANE('',#9183);
#8277=PLANE('',#9184);
#8278=PLANE('',#9185);
#8279=PLANE('',#9186);
#8280=PLANE('',#9187);
#8281=PLANE('',#9188);
#8282=PLANE('',#9189);
#8283=PLANE('',#9190);
#8284=PLANE('',#9191);
#8285=PLANE('',#9192);
#8286=PLANE('',#9193);
#8287=PLANE('',#9194);
#8288=PLANE('',#9195);
#8289=PLANE('',#9196);
#8290=PLANE('',#9197);
#8291=PLANE('',#9198);
#8292=PLANE('',#9199);
#8293=PLANE('',#9200);
#8294=PLANE('',#9201);
#8295=PLANE('',#9202);
#8296=PLANE('',#9203);
#8297=PLANE('',#9204);
#8298=PLANE('',#9205);
#8299=PLANE('',#9206);
#8300=PLANE('',#9207);
#8301=PLANE('',#9208);
#8302=PLANE('',#9209);
#8303=PLANE('',#9210);
#8304=PLANE('',#9211);
#8305=PLANE('',#9212);
#8306=PLANE('',#9213);
#8307=PLANE('',#9214);
#8308=PLANE('',#9215);
#8309=PLANE('',#9216);
#8310=PLANE('',#9217);
#8311=PLANE('',#9218);
#8312=PLANE('',#9219);
#8313=PLANE('',#9220);
#8314=PLANE('',#9221);
#8315=PLANE('',#9222);
#8316=PLANE('',#9223);
#8317=PLANE('',#9224);
#8318=PLANE('',#9225);
#8319=PLANE('',#9226);
#8320=PLANE('',#9227);
#8321=PLANE('',#9228);
#8322=PLANE('',#9229);
#8323=PLANE('',#9230);
#8324=PLANE('',#9231);
#8325=PLANE('',#9232);
#8326=PLANE('',#9233);
#8327=PLANE('',#9234);
#8328=PLANE('',#9235);
#8329=PLANE('',#9236);
#8330=PLANE('',#9237);
#8331=PLANE('',#9238);
#8332=PLANE('',#9239);
#8333=PLANE('',#9240);
#8334=PLANE('',#9241);
#8335=PLANE('',#9242);
#8336=PLANE('',#9243);
#8337=PLANE('',#9244);
#8338=PLANE('',#9245);
#8339=PLANE('',#9246);
#8340=PLANE('',#9247);
#8341=PLANE('',#9248);
#8342=PLANE('',#9249);
#8343=PLANE('',#9250);
#8344=PLANE('',#9251);
#8345=PLANE('',#9252);
#8346=PLANE('',#9253);
#8347=PLANE('',#9254);
#8348=PLANE('',#9255);
#8349=PLANE('',#9256);
#8350=PLANE('',#9257);
#8351=PLANE('',#9258);
#8352=PLANE('',#9259);
#8353=PLANE('',#9260);
#8354=PLANE('',#9261);
#8355=PLANE('',#9262);
#8356=PLANE('',#9263);
#8357=PLANE('',#9264);
#8358=PLANE('',#9265);
#8359=PLANE('',#9266);
#8360=PLANE('',#9267);
#8361=PLANE('',#9268);
#8362=PLANE('',#9269);
#8363=PLANE('',#9270);
#8364=PLANE('',#9271);
#8365=PLANE('',#9272);
#8366=PLANE('',#9273);
#8367=PLANE('',#9274);
#8368=PLANE('',#9275);
#8369=PLANE('',#9276);
#8370=PLANE('',#9277);
#8371=PLANE('',#9278);
#8372=PLANE('',#9279);
#8373=PLANE('',#9280);
#8374=PLANE('',#9281);
#8375=PLANE('',#9282);
#8376=PLANE('',#9283);
#8377=PLANE('',#9284);
#8378=PLANE('',#9285);
#8379=PLANE('',#9286);
#8380=PLANE('',#9287);
#8381=PLANE('',#9288);
#8382=PLANE('',#9289);
#8383=PLANE('',#9290);
#8384=PLANE('',#9291);
#8385=PLANE('',#9292);
#8386=PLANE('',#9293);
#8387=PLANE('',#9294);
#8388=PLANE('',#9295);
#8389=PLANE('',#9296);
#8390=PLANE('',#9297);
#8391=PLANE('',#9298);
#8392=PLANE('',#9299);
#8393=PLANE('',#9300);
#8394=PLANE('',#9301);
#8395=PLANE('',#9302);
#8396=PLANE('',#9303);
#8397=PLANE('',#9304);
#8398=PLANE('',#9305);
#8399=PLANE('',#9306);
#8400=PLANE('',#9307);
#8401=PLANE('',#9308);
#8402=PLANE('',#9309);
#8403=PLANE('',#9310);
#8404=PLANE('',#9311);
#8405=PLANE('',#9312);
#8406=PLANE('',#9313);
#8407=PLANE('',#9314);
#8408=PLANE('',#9315);
#8409=PLANE('',#9316);
#8410=PLANE('',#9317);
#8411=PLANE('',#9318);
#8412=PLANE('',#9320);
#8413=PLANE('',#9321);
#8414=PLANE('',#9322);
#8415=PLANE('',#9323);
#8416=PLANE('',#9324);
#8417=PLANE('',#9325);
#8418=PLANE('',#9326);
#8419=PLANE('',#9328);
#8420=PLANE('',#9329);
#8421=PLANE('',#9330);
#8422=PLANE('',#9331);
#8423=PLANE('',#9332);
#8424=PLANE('',#9333);
#8425=PLANE('',#9334);
#8426=PLANE('',#9336);
#8427=PLANE('',#9337);
#8428=PLANE('',#9338);
#8429=PLANE('',#9339);
#8430=PLANE('',#9340);
#8431=PLANE('',#9341);
#8432=PLANE('',#9342);
#8433=PLANE('',#9344);
#8434=PLANE('',#9345);
#8435=PLANE('',#9346);
#8436=PLANE('',#9347);
#8437=PLANE('',#9348);
#8438=PLANE('',#9349);
#8439=PLANE('',#9350);
#8440=PLANE('',#9352);
#8441=PLANE('',#9353);
#8442=PLANE('',#9354);
#8443=PLANE('',#9355);
#8444=PLANE('',#9356);
#8445=PLANE('',#9357);
#8446=PLANE('',#9358);
#8447=PLANE('',#9360);
#8448=PLANE('',#9361);
#8449=PLANE('',#9362);
#8450=PLANE('',#9363);
#8451=PLANE('',#9364);
#8452=PLANE('',#9365);
#8453=PLANE('',#9366);
#8454=PLANE('',#9368);
#8455=PLANE('',#9369);
#8456=PLANE('',#9370);
#8457=PLANE('',#9371);
#8458=PLANE('',#9372);
#8459=PLANE('',#9373);
#8460=PLANE('',#9374);
#8461=PLANE('',#9376);
#8462=PLANE('',#9377);
#8463=PLANE('',#9378);
#8464=PLANE('',#9379);
#8465=PLANE('',#9380);
#8466=PLANE('',#9381);
#8467=PLANE('',#9382);
#8468=PLANE('',#9384);
#8469=PLANE('',#9385);
#8470=PLANE('',#9386);
#8471=PLANE('',#9387);
#8472=PLANE('',#9388);
#8473=PLANE('',#9389);
#8474=PLANE('',#9390);
#8475=PLANE('',#9392);
#8476=PLANE('',#9393);
#8477=PLANE('',#9394);
#8478=PLANE('',#9395);
#8479=PLANE('',#9396);
#8480=PLANE('',#9397);
#8481=PLANE('',#9399);
#8482=PLANE('',#9400);
#8483=PLANE('',#9401);
#8484=PLANE('',#9402);
#8485=PLANE('',#9403);
#8486=PLANE('',#9404);
#8487=PLANE('',#9406);
#8488=PLANE('',#9407);
#8489=PLANE('',#9408);
#8490=PLANE('',#9409);
#8491=PLANE('',#9410);
#8492=PLANE('',#9411);
#8493=PLANE('',#9413);
#8494=PLANE('',#9414);
#8495=PLANE('',#9415);
#8496=PLANE('',#9416);
#8497=PLANE('',#9417);
#8498=PLANE('',#9418);
#8499=PLANE('',#9420);
#8500=PLANE('',#9421);
#8501=PLANE('',#9422);
#8502=PLANE('',#9423);
#8503=PLANE('',#9424);
#8504=PLANE('',#9425);
#8505=PLANE('',#9427);
#8506=PLANE('',#9428);
#8507=PLANE('',#9429);
#8508=PLANE('',#9430);
#8509=PLANE('',#9431);
#8510=PLANE('',#9432);
#8511=PLANE('',#9434);
#8512=PLANE('',#9435);
#8513=PLANE('',#9436);
#8514=PLANE('',#9437);
#8515=PLANE('',#9438);
#8516=PLANE('',#9439);
#8517=PLANE('',#9441);
#8518=PLANE('',#9442);
#8519=PLANE('',#9443);
#8520=PLANE('',#9444);
#8521=PLANE('',#9445);
#8522=PLANE('',#9446);
#8523=PLANE('',#9448);
#8524=PLANE('',#9449);
#8525=PLANE('',#9450);
#8526=PLANE('',#9451);
#8527=PLANE('',#9452);
#8528=PLANE('',#9453);
#8529=PLANE('',#9455);
#8530=PLANE('',#9456);
#8531=PLANE('',#9457);
#8532=PLANE('',#9458);
#8533=PLANE('',#9459);
#8534=PLANE('',#9460);
#8535=PLANE('',#9462);
#8536=PLANE('',#9523);
#8537=PLANE('',#9524);
#8538=PLANE('',#9526);
#8539=PLANE('',#9528);
#8540=PLANE('',#9530);
#8541=PLANE('',#9532);
#8542=PLANE('',#9534);
#8543=PLANE('',#9536);
#8544=PLANE('',#9538);
#8545=PLANE('',#9540);
#8546=PLANE('',#9542);
#8547=PLANE('',#9544);
#8548=PLANE('',#9546);
#8549=PLANE('',#9548);
#8550=PLANE('',#9550);
#8551=PLANE('',#9552);
#8552=PLANE('',#9554);
#8553=PLANE('',#9556);
#8554=PLANE('',#9558);
#8555=PLANE('',#9560);
#8556=PLANE('',#9562);
#8557=ADVANCED_FACE('',(#7542),#8143,.F.);
#8558=ADVANCED_FACE('',(#7543),#8144,.T.);
#8559=ADVANCED_FACE('',(#7544,#7545,#7546,#7547,#7548),#8145,.F.);
#8560=ADVANCED_FACE('',(#7549),#8146,.F.);
#8561=ADVANCED_FACE('',(#7550,#7551,#7552,#7553,#7554,#7555,#7556,#7557,
#7558,#7559,#7560,#7561,#7562,#7563,#7564,#7565,#7566,#7567,#7568,#7569,
#7570),#8147,.F.);
#8562=ADVANCED_FACE('',(#7571,#7572,#7573,#7574,#7575,#7576,#7577,#7578,
#7579,#7580,#7581,#7582,#7583,#7584,#7585,#7586,#7587,#7588,#7589,#7590,
#7591),#8148,.F.);
#8563=ADVANCED_FACE('',(#7592),#8149,.F.);
#8564=ADVANCED_FACE('',(#7593),#51,.T.);
#8565=ADVANCED_FACE('',(#7594),#8150,.F.);
#8566=ADVANCED_FACE('',(#7595),#8151,.F.);
#8567=ADVANCED_FACE('',(#7596),#8152,.F.);
#8568=ADVANCED_FACE('',(#7597),#52,.T.);
#8569=ADVANCED_FACE('',(#7598),#53,.T.);
#8570=ADVANCED_FACE('',(#7599),#8153,.F.);
#8571=ADVANCED_FACE('',(#7600),#8154,.F.);
#8572=ADVANCED_FACE('',(#7601),#8155,.F.);
#8573=ADVANCED_FACE('',(#7602),#8156,.F.);
#8574=ADVANCED_FACE('',(#7603),#8157,.F.);
#8575=ADVANCED_FACE('',(#7604),#8158,.F.);
#8576=ADVANCED_FACE('',(#7605),#8159,.F.);
#8577=ADVANCED_FACE('',(#7606),#8160,.F.);
#8578=ADVANCED_FACE('',(#7607),#8161,.F.);
#8579=ADVANCED_FACE('',(#7608),#8162,.F.);
#8580=ADVANCED_FACE('',(#7609),#8163,.F.);
#8581=ADVANCED_FACE('',(#7610),#8164,.F.);
#8582=ADVANCED_FACE('',(#7611),#8165,.F.);
#8583=ADVANCED_FACE('',(#7612),#8166,.F.);
#8584=ADVANCED_FACE('',(#7613),#8167,.F.);
#8585=ADVANCED_FACE('',(#7614),#8168,.F.);
#8586=ADVANCED_FACE('',(#7615),#8169,.F.);
#8587=ADVANCED_FACE('',(#7616),#8170,.F.);
#8588=ADVANCED_FACE('',(#7617),#8171,.F.);
#8589=ADVANCED_FACE('',(#7618),#8172,.F.);
#8590=ADVANCED_FACE('',(#7619),#8173,.F.);
#8591=ADVANCED_FACE('',(#7620),#8174,.F.);
#8592=ADVANCED_FACE('',(#7621),#8175,.F.);
#8593=ADVANCED_FACE('',(#7622),#8176,.F.);
#8594=ADVANCED_FACE('',(#7623),#8177,.F.);
#8595=ADVANCED_FACE('',(#7624),#8178,.F.);
#8596=ADVANCED_FACE('',(#7625),#8179,.F.);
#8597=ADVANCED_FACE('',(#7626),#8180,.F.);
#8598=ADVANCED_FACE('',(#7627),#8181,.F.);
#8599=ADVANCED_FACE('',(#7628),#8182,.F.);
#8600=ADVANCED_FACE('',(#7629),#8183,.F.);
#8601=ADVANCED_FACE('',(#7630),#8184,.F.);
#8602=ADVANCED_FACE('',(#7631),#8185,.F.);
#8603=ADVANCED_FACE('',(#7632),#8186,.F.);
#8604=ADVANCED_FACE('',(#7633),#8187,.F.);
#8605=ADVANCED_FACE('',(#7634),#8188,.F.);
#8606=ADVANCED_FACE('',(#7635),#8189,.F.);
#8607=ADVANCED_FACE('',(#7636),#8190,.F.);
#8608=ADVANCED_FACE('',(#7637),#8191,.F.);
#8609=ADVANCED_FACE('',(#7638),#8192,.F.);
#8610=ADVANCED_FACE('',(#7639),#8193,.F.);
#8611=ADVANCED_FACE('',(#7640),#8194,.F.);
#8612=ADVANCED_FACE('',(#7641),#8195,.F.);
#8613=ADVANCED_FACE('',(#7642),#8196,.F.);
#8614=ADVANCED_FACE('',(#7643),#8197,.F.);
#8615=ADVANCED_FACE('',(#7644),#8198,.F.);
#8616=ADVANCED_FACE('',(#7645),#8199,.F.);
#8617=ADVANCED_FACE('',(#7646),#8200,.F.);
#8618=ADVANCED_FACE('',(#7647),#8201,.F.);
#8619=ADVANCED_FACE('',(#7648),#8202,.F.);
#8620=ADVANCED_FACE('',(#7649),#8203,.F.);
#8621=ADVANCED_FACE('',(#7650),#8204,.F.);
#8622=ADVANCED_FACE('',(#7651),#8205,.F.);
#8623=ADVANCED_FACE('',(#7652),#8206,.F.);
#8624=ADVANCED_FACE('',(#7653),#8207,.F.);
#8625=ADVANCED_FACE('',(#7654),#8208,.F.);
#8626=ADVANCED_FACE('',(#7655),#8209,.F.);
#8627=ADVANCED_FACE('',(#7656),#8210,.F.);
#8628=ADVANCED_FACE('',(#7657),#8211,.F.);
#8629=ADVANCED_FACE('',(#7658),#8212,.F.);
#8630=ADVANCED_FACE('',(#7659),#8213,.F.);
#8631=ADVANCED_FACE('',(#7660),#8214,.F.);
#8632=ADVANCED_FACE('',(#7661),#8215,.F.);
#8633=ADVANCED_FACE('',(#7662),#8216,.F.);
#8634=ADVANCED_FACE('',(#7663),#8217,.F.);
#8635=ADVANCED_FACE('',(#7664),#8218,.F.);
#8636=ADVANCED_FACE('',(#7665),#8219,.F.);
#8637=ADVANCED_FACE('',(#7666),#8220,.F.);
#8638=ADVANCED_FACE('',(#7667),#8221,.F.);
#8639=ADVANCED_FACE('',(#7668),#8222,.F.);
#8640=ADVANCED_FACE('',(#7669),#8223,.F.);
#8641=ADVANCED_FACE('',(#7670),#8224,.F.);
#8642=ADVANCED_FACE('',(#7671),#8225,.F.);
#8643=ADVANCED_FACE('',(#7672),#8226,.F.);
#8644=ADVANCED_FACE('',(#7673),#8227,.F.);
#8645=ADVANCED_FACE('',(#7674),#8228,.F.);
#8646=ADVANCED_FACE('',(#7675),#8229,.F.);
#8647=ADVANCED_FACE('',(#7676),#8230,.F.);
#8648=ADVANCED_FACE('',(#7677),#8231,.F.);
#8649=ADVANCED_FACE('',(#7678),#8232,.F.);
#8650=ADVANCED_FACE('',(#7679),#8233,.F.);
#8651=ADVANCED_FACE('',(#7680),#8234,.F.);
#8652=ADVANCED_FACE('',(#7681),#8235,.F.);
#8653=ADVANCED_FACE('',(#7682),#8236,.F.);
#8654=ADVANCED_FACE('',(#7683),#8237,.F.);
#8655=ADVANCED_FACE('',(#7684),#8238,.F.);
#8656=ADVANCED_FACE('',(#7685),#8239,.F.);
#8657=ADVANCED_FACE('',(#7686),#8240,.T.);
#8658=ADVANCED_FACE('',(#7687),#8241,.F.);
#8659=ADVANCED_FACE('',(#7688),#8242,.F.);
#8660=ADVANCED_FACE('',(#7689),#8243,.F.);
#8661=ADVANCED_FACE('',(#7690),#8244,.F.);
#8662=ADVANCED_FACE('',(#7691),#8245,.F.);
#8663=ADVANCED_FACE('',(#7692),#8246,.T.);
#8664=ADVANCED_FACE('',(#7693),#8247,.F.);
#8665=ADVANCED_FACE('',(#7694),#8248,.F.);
#8666=ADVANCED_FACE('',(#7695),#8249,.F.);
#8667=ADVANCED_FACE('',(#7696),#8250,.F.);
#8668=ADVANCED_FACE('',(#7697),#8251,.F.);
#8669=ADVANCED_FACE('',(#7698),#8252,.F.);
#8670=ADVANCED_FACE('',(#7699),#8253,.F.);
#8671=ADVANCED_FACE('',(#7700),#8254,.F.);
#8672=ADVANCED_FACE('',(#7701),#8255,.F.);
#8673=ADVANCED_FACE('',(#7702),#8256,.F.);
#8674=ADVANCED_FACE('',(#7703),#8257,.F.);
#8675=ADVANCED_FACE('',(#7704),#8258,.T.);
#8676=ADVANCED_FACE('',(#7705),#8259,.F.);
#8677=ADVANCED_FACE('',(#7706),#8260,.F.);
#8678=ADVANCED_FACE('',(#7707),#8261,.F.);
#8679=ADVANCED_FACE('',(#7708),#8262,.F.);
#8680=ADVANCED_FACE('',(#7709),#8263,.F.);
#8681=ADVANCED_FACE('',(#7710),#8264,.T.);
#8682=ADVANCED_FACE('',(#7711),#8265,.F.);
#8683=ADVANCED_FACE('',(#7712),#8266,.F.);
#8684=ADVANCED_FACE('',(#7713),#8267,.F.);
#8685=ADVANCED_FACE('',(#7714),#8268,.F.);
#8686=ADVANCED_FACE('',(#7715),#8269,.F.);
#8687=ADVANCED_FACE('',(#7716),#8270,.F.);
#8688=ADVANCED_FACE('',(#7717),#8271,.T.);
#8689=ADVANCED_FACE('',(#7718),#8272,.T.);
#8690=ADVANCED_FACE('',(#7719),#8273,.T.);
#8691=ADVANCED_FACE('',(#7720),#8274,.T.);
#8692=ADVANCED_FACE('',(#7721),#8275,.T.);
#8693=ADVANCED_FACE('',(#7722),#8276,.T.);
#8694=ADVANCED_FACE('',(#7723),#8277,.T.);
#8695=ADVANCED_FACE('',(#7724),#8278,.T.);
#8696=ADVANCED_FACE('',(#7725),#8279,.T.);
#8697=ADVANCED_FACE('',(#7726),#8280,.T.);
#8698=ADVANCED_FACE('',(#7727),#8281,.T.);
#8699=ADVANCED_FACE('',(#7728),#8282,.T.);
#8700=ADVANCED_FACE('',(#7729),#8283,.T.);
#8701=ADVANCED_FACE('',(#7730),#8284,.T.);
#8702=ADVANCED_FACE('',(#7731),#8285,.T.);
#8703=ADVANCED_FACE('',(#7732),#8286,.T.);
#8704=ADVANCED_FACE('',(#7733),#8287,.T.);
#8705=ADVANCED_FACE('',(#7734),#8288,.T.);
#8706=ADVANCED_FACE('',(#7735),#8289,.T.);
#8707=ADVANCED_FACE('',(#7736),#8290,.T.);
#8708=ADVANCED_FACE('',(#7737),#8291,.T.);
#8709=ADVANCED_FACE('',(#7738),#8292,.T.);
#8710=ADVANCED_FACE('',(#7739),#8293,.T.);
#8711=ADVANCED_FACE('',(#7740),#8294,.T.);
#8712=ADVANCED_FACE('',(#7741),#8295,.T.);
#8713=ADVANCED_FACE('',(#7742),#8296,.F.);
#8714=ADVANCED_FACE('',(#7743),#8297,.F.);
#8715=ADVANCED_FACE('',(#7744),#8298,.F.);
#8716=ADVANCED_FACE('',(#7745),#8299,.F.);
#8717=ADVANCED_FACE('',(#7746),#8300,.F.);
#8718=ADVANCED_FACE('',(#7747),#8301,.F.);
#8719=ADVANCED_FACE('',(#7748),#8302,.F.);
#8720=ADVANCED_FACE('',(#7749),#8303,.F.);
#8721=ADVANCED_FACE('',(#7750),#8304,.F.);
#8722=ADVANCED_FACE('',(#7751),#8305,.F.);
#8723=ADVANCED_FACE('',(#7752),#8306,.T.);
#8724=ADVANCED_FACE('',(#7753),#8307,.T.);
#8725=ADVANCED_FACE('',(#7754),#8308,.T.);
#8726=ADVANCED_FACE('',(#7755),#8309,.T.);
#8727=ADVANCED_FACE('',(#7756),#8310,.T.);
#8728=ADVANCED_FACE('',(#7757),#8311,.T.);
#8729=ADVANCED_FACE('',(#7758),#8312,.T.);
#8730=ADVANCED_FACE('',(#7759),#8313,.T.);
#8731=ADVANCED_FACE('',(#7760),#8314,.T.);
#8732=ADVANCED_FACE('',(#7761),#8315,.T.);
#8733=ADVANCED_FACE('',(#7762),#8316,.T.);
#8734=ADVANCED_FACE('',(#7763),#8317,.T.);
#8735=ADVANCED_FACE('',(#7764),#8318,.T.);
#8736=ADVANCED_FACE('',(#7765),#8319,.T.);
#8737=ADVANCED_FACE('',(#7766),#8320,.T.);
#8738=ADVANCED_FACE('',(#7767),#8321,.T.);
#8739=ADVANCED_FACE('',(#7768),#8322,.T.);
#8740=ADVANCED_FACE('',(#7769),#8323,.T.);
#8741=ADVANCED_FACE('',(#7770),#8324,.T.);
#8742=ADVANCED_FACE('',(#7771),#8325,.T.);
#8743=ADVANCED_FACE('',(#7772),#8326,.T.);
#8744=ADVANCED_FACE('',(#7773),#8327,.T.);
#8745=ADVANCED_FACE('',(#7774),#8328,.T.);
#8746=ADVANCED_FACE('',(#7775),#8329,.T.);
#8747=ADVANCED_FACE('',(#7776),#8330,.T.);
#8748=ADVANCED_FACE('',(#7777),#8331,.T.);
#8749=ADVANCED_FACE('',(#7778),#8332,.T.);
#8750=ADVANCED_FACE('',(#7779),#8333,.T.);
#8751=ADVANCED_FACE('',(#7780),#8334,.T.);
#8752=ADVANCED_FACE('',(#7781),#8335,.T.);
#8753=ADVANCED_FACE('',(#7782),#8336,.T.);
#8754=ADVANCED_FACE('',(#7783),#8337,.T.);
#8755=ADVANCED_FACE('',(#7784),#8338,.T.);
#8756=ADVANCED_FACE('',(#7785),#8339,.T.);
#8757=ADVANCED_FACE('',(#7786),#8340,.T.);
#8758=ADVANCED_FACE('',(#7787),#8341,.T.);
#8759=ADVANCED_FACE('',(#7788),#8342,.T.);
#8760=ADVANCED_FACE('',(#7789),#8343,.T.);
#8761=ADVANCED_FACE('',(#7790),#8344,.T.);
#8762=ADVANCED_FACE('',(#7791),#8345,.T.);
#8763=ADVANCED_FACE('',(#7792),#8346,.F.);
#8764=ADVANCED_FACE('',(#7793),#8347,.F.);
#8765=ADVANCED_FACE('',(#7794),#8348,.F.);
#8766=ADVANCED_FACE('',(#7795),#8349,.F.);
#8767=ADVANCED_FACE('',(#7796),#8350,.F.);
#8768=ADVANCED_FACE('',(#7797),#8351,.F.);
#8769=ADVANCED_FACE('',(#7798),#8352,.F.);
#8770=ADVANCED_FACE('',(#7799),#8353,.F.);
#8771=ADVANCED_FACE('',(#7800),#8354,.F.);
#8772=ADVANCED_FACE('',(#7801),#8355,.F.);
#8773=ADVANCED_FACE('',(#7802),#8356,.T.);
#8774=ADVANCED_FACE('',(#7803),#8357,.T.);
#8775=ADVANCED_FACE('',(#7804),#8358,.T.);
#8776=ADVANCED_FACE('',(#7805),#8359,.T.);
#8777=ADVANCED_FACE('',(#7806),#8360,.T.);
#8778=ADVANCED_FACE('',(#7807),#8361,.T.);
#8779=ADVANCED_FACE('',(#7808),#8362,.T.);
#8780=ADVANCED_FACE('',(#7809),#8363,.T.);
#8781=ADVANCED_FACE('',(#7810),#8364,.T.);
#8782=ADVANCED_FACE('',(#7811),#8365,.T.);
#8783=ADVANCED_FACE('',(#7812),#8366,.T.);
#8784=ADVANCED_FACE('',(#7813),#8367,.T.);
#8785=ADVANCED_FACE('',(#7814),#8368,.T.);
#8786=ADVANCED_FACE('',(#7815),#8369,.T.);
#8787=ADVANCED_FACE('',(#7816),#8370,.T.);
#8788=ADVANCED_FACE('',(#7817),#8371,.T.);
#8789=ADVANCED_FACE('',(#7818),#8372,.T.);
#8790=ADVANCED_FACE('',(#7819),#8373,.T.);
#8791=ADVANCED_FACE('',(#7820),#8374,.T.);
#8792=ADVANCED_FACE('',(#7821),#8375,.T.);
#8793=ADVANCED_FACE('',(#7822),#8376,.T.);
#8794=ADVANCED_FACE('',(#7823),#8377,.T.);
#8795=ADVANCED_FACE('',(#7824),#8378,.T.);
#8796=ADVANCED_FACE('',(#7825),#8379,.T.);
#8797=ADVANCED_FACE('',(#7826),#8380,.T.);
#8798=ADVANCED_FACE('',(#7827),#8381,.T.);
#8799=ADVANCED_FACE('',(#7828),#8382,.T.);
#8800=ADVANCED_FACE('',(#7829),#8383,.T.);
#8801=ADVANCED_FACE('',(#7830),#8384,.T.);
#8802=ADVANCED_FACE('',(#7831),#8385,.T.);
#8803=ADVANCED_FACE('',(#7832),#8386,.T.);
#8804=ADVANCED_FACE('',(#7833),#8387,.T.);
#8805=ADVANCED_FACE('',(#7834),#8388,.T.);
#8806=ADVANCED_FACE('',(#7835),#8389,.T.);
#8807=ADVANCED_FACE('',(#7836),#8390,.T.);
#8808=ADVANCED_FACE('',(#7837),#8391,.T.);
#8809=ADVANCED_FACE('',(#7838),#8392,.T.);
#8810=ADVANCED_FACE('',(#7839),#8393,.T.);
#8811=ADVANCED_FACE('',(#7840),#8394,.T.);
#8812=ADVANCED_FACE('',(#7841),#8395,.T.);
#8813=ADVANCED_FACE('',(#7842),#8396,.T.);
#8814=ADVANCED_FACE('',(#7843),#8397,.T.);
#8815=ADVANCED_FACE('',(#7844),#8398,.T.);
#8816=ADVANCED_FACE('',(#7845),#8399,.T.);
#8817=ADVANCED_FACE('',(#7846),#8400,.T.);
#8818=ADVANCED_FACE('',(#7847),#8401,.T.);
#8819=ADVANCED_FACE('',(#7848),#8402,.T.);
#8820=ADVANCED_FACE('',(#7849),#8403,.T.);
#8821=ADVANCED_FACE('',(#7850),#8404,.T.);
#8822=ADVANCED_FACE('',(#7851),#8405,.T.);
#8823=ADVANCED_FACE('',(#7852),#8406,.T.);
#8824=ADVANCED_FACE('',(#7853),#8407,.T.);
#8825=ADVANCED_FACE('',(#7854),#8408,.T.);
#8826=ADVANCED_FACE('',(#7855),#8409,.T.);
#8827=ADVANCED_FACE('',(#7856),#8410,.T.);
#8828=ADVANCED_FACE('',(#7857,#7858),#8411,.F.);
#8829=ADVANCED_FACE('',(#7859),#8412,.T.);
#8830=ADVANCED_FACE('',(#7860),#8413,.T.);
#8831=ADVANCED_FACE('',(#7861),#8414,.T.);
#8832=ADVANCED_FACE('',(#7862),#8415,.T.);
#8833=ADVANCED_FACE('',(#7863),#8416,.T.);
#8834=ADVANCED_FACE('',(#7864),#8417,.T.);
#8835=ADVANCED_FACE('',(#7865,#7866),#8418,.F.);
#8836=ADVANCED_FACE('',(#7867),#8419,.T.);
#8837=ADVANCED_FACE('',(#7868),#8420,.T.);
#8838=ADVANCED_FACE('',(#7869),#8421,.T.);
#8839=ADVANCED_FACE('',(#7870),#8422,.T.);
#8840=ADVANCED_FACE('',(#7871),#8423,.T.);
#8841=ADVANCED_FACE('',(#7872),#8424,.T.);
#8842=ADVANCED_FACE('',(#7873,#7874),#8425,.F.);
#8843=ADVANCED_FACE('',(#7875),#8426,.T.);
#8844=ADVANCED_FACE('',(#7876),#8427,.T.);
#8845=ADVANCED_FACE('',(#7877),#8428,.T.);
#8846=ADVANCED_FACE('',(#7878),#8429,.T.);
#8847=ADVANCED_FACE('',(#7879),#8430,.T.);
#8848=ADVANCED_FACE('',(#7880),#8431,.T.);
#8849=ADVANCED_FACE('',(#7881,#7882),#8432,.F.);
#8850=ADVANCED_FACE('',(#7883),#8433,.T.);
#8851=ADVANCED_FACE('',(#7884),#8434,.T.);
#8852=ADVANCED_FACE('',(#7885),#8435,.T.);
#8853=ADVANCED_FACE('',(#7886),#8436,.T.);
#8854=ADVANCED_FACE('',(#7887),#8437,.T.);
#8855=ADVANCED_FACE('',(#7888),#8438,.T.);
#8856=ADVANCED_FACE('',(#7889,#7890),#8439,.F.);
#8857=ADVANCED_FACE('',(#7891),#8440,.T.);
#8858=ADVANCED_FACE('',(#7892),#8441,.T.);
#8859=ADVANCED_FACE('',(#7893),#8442,.T.);
#8860=ADVANCED_FACE('',(#7894),#8443,.T.);
#8861=ADVANCED_FACE('',(#7895),#8444,.T.);
#8862=ADVANCED_FACE('',(#7896),#8445,.T.);
#8863=ADVANCED_FACE('',(#7897,#7898),#8446,.F.);
#8864=ADVANCED_FACE('',(#7899),#8447,.T.);
#8865=ADVANCED_FACE('',(#7900),#8448,.T.);
#8866=ADVANCED_FACE('',(#7901),#8449,.T.);
#8867=ADVANCED_FACE('',(#7902),#8450,.T.);
#8868=ADVANCED_FACE('',(#7903),#8451,.T.);
#8869=ADVANCED_FACE('',(#7904),#8452,.T.);
#8870=ADVANCED_FACE('',(#7905,#7906),#8453,.F.);
#8871=ADVANCED_FACE('',(#7907),#8454,.T.);
#8872=ADVANCED_FACE('',(#7908),#8455,.T.);
#8873=ADVANCED_FACE('',(#7909),#8456,.T.);
#8874=ADVANCED_FACE('',(#7910),#8457,.T.);
#8875=ADVANCED_FACE('',(#7911),#8458,.T.);
#8876=ADVANCED_FACE('',(#7912),#8459,.T.);
#8877=ADVANCED_FACE('',(#7913,#7914),#8460,.F.);
#8878=ADVANCED_FACE('',(#7915),#8461,.T.);
#8879=ADVANCED_FACE('',(#7916),#8462,.T.);
#8880=ADVANCED_FACE('',(#7917),#8463,.T.);
#8881=ADVANCED_FACE('',(#7918),#8464,.T.);
#8882=ADVANCED_FACE('',(#7919),#8465,.T.);
#8883=ADVANCED_FACE('',(#7920),#8466,.T.);
#8884=ADVANCED_FACE('',(#7921,#7922),#8467,.F.);
#8885=ADVANCED_FACE('',(#7923),#8468,.T.);
#8886=ADVANCED_FACE('',(#7924),#8469,.T.);
#8887=ADVANCED_FACE('',(#7925),#8470,.T.);
#8888=ADVANCED_FACE('',(#7926),#8471,.T.);
#8889=ADVANCED_FACE('',(#7927),#8472,.T.);
#8890=ADVANCED_FACE('',(#7928),#8473,.T.);
#8891=ADVANCED_FACE('',(#7929,#7930),#8474,.F.);
#8892=ADVANCED_FACE('',(#7931),#8475,.T.);
#8893=ADVANCED_FACE('',(#7932),#8476,.T.);
#8894=ADVANCED_FACE('',(#7933),#8477,.T.);
#8895=ADVANCED_FACE('',(#7934),#8478,.T.);
#8896=ADVANCED_FACE('',(#7935),#8479,.T.);
#8897=ADVANCED_FACE('',(#7936,#7937),#8480,.F.);
#8898=ADVANCED_FACE('',(#7938),#8481,.T.);
#8899=ADVANCED_FACE('',(#7939),#8482,.T.);
#8900=ADVANCED_FACE('',(#7940),#8483,.T.);
#8901=ADVANCED_FACE('',(#7941),#8484,.T.);
#8902=ADVANCED_FACE('',(#7942),#8485,.T.);
#8903=ADVANCED_FACE('',(#7943,#7944),#8486,.F.);
#8904=ADVANCED_FACE('',(#7945),#8487,.T.);
#8905=ADVANCED_FACE('',(#7946),#8488,.T.);
#8906=ADVANCED_FACE('',(#7947),#8489,.T.);
#8907=ADVANCED_FACE('',(#7948),#8490,.T.);
#8908=ADVANCED_FACE('',(#7949),#8491,.T.);
#8909=ADVANCED_FACE('',(#7950,#7951),#8492,.F.);
#8910=ADVANCED_FACE('',(#7952),#8493,.T.);
#8911=ADVANCED_FACE('',(#7953),#8494,.T.);
#8912=ADVANCED_FACE('',(#7954),#8495,.T.);
#8913=ADVANCED_FACE('',(#7955),#8496,.T.);
#8914=ADVANCED_FACE('',(#7956),#8497,.T.);
#8915=ADVANCED_FACE('',(#7957,#7958),#8498,.F.);
#8916=ADVANCED_FACE('',(#7959),#8499,.T.);
#8917=ADVANCED_FACE('',(#7960),#8500,.T.);
#8918=ADVANCED_FACE('',(#7961),#8501,.T.);
#8919=ADVANCED_FACE('',(#7962),#8502,.T.);
#8920=ADVANCED_FACE('',(#7963),#8503,.T.);
#8921=ADVANCED_FACE('',(#7964,#7965),#8504,.F.);
#8922=ADVANCED_FACE('',(#7966),#8505,.T.);
#8923=ADVANCED_FACE('',(#7967),#8506,.T.);
#8924=ADVANCED_FACE('',(#7968),#8507,.T.);
#8925=ADVANCED_FACE('',(#7969),#8508,.T.);
#8926=ADVANCED_FACE('',(#7970),#8509,.T.);
#8927=ADVANCED_FACE('',(#7971,#7972),#8510,.F.);
#8928=ADVANCED_FACE('',(#7973),#8511,.T.);
#8929=ADVANCED_FACE('',(#7974),#8512,.T.);
#8930=ADVANCED_FACE('',(#7975),#8513,.T.);
#8931=ADVANCED_FACE('',(#7976),#8514,.T.);
#8932=ADVANCED_FACE('',(#7977),#8515,.T.);
#8933=ADVANCED_FACE('',(#7978,#7979),#8516,.F.);
#8934=ADVANCED_FACE('',(#7980),#8517,.T.);
#8935=ADVANCED_FACE('',(#7981),#8518,.T.);
#8936=ADVANCED_FACE('',(#7982),#8519,.T.);
#8937=ADVANCED_FACE('',(#7983),#8520,.T.);
#8938=ADVANCED_FACE('',(#7984),#8521,.T.);
#8939=ADVANCED_FACE('',(#7985,#7986),#8522,.F.);
#8940=ADVANCED_FACE('',(#7987),#8523,.T.);
#8941=ADVANCED_FACE('',(#7988),#8524,.T.);
#8942=ADVANCED_FACE('',(#7989),#8525,.T.);
#8943=ADVANCED_FACE('',(#7990),#8526,.T.);
#8944=ADVANCED_FACE('',(#7991),#8527,.T.);
#8945=ADVANCED_FACE('',(#7992,#7993),#8528,.F.);
#8946=ADVANCED_FACE('',(#7994),#8529,.T.);
#8947=ADVANCED_FACE('',(#7995),#8530,.T.);
#8948=ADVANCED_FACE('',(#7996),#8531,.T.);
#8949=ADVANCED_FACE('',(#7997),#8532,.T.);
#8950=ADVANCED_FACE('',(#7998),#8533,.T.);
#8951=ADVANCED_FACE('',(#7999,#8000),#8534,.F.);
#8952=ADVANCED_FACE('',(#8001),#8535,.T.);
#8953=ADVANCED_FACE('',(#8002,#8003),#54,.T.);
#8954=ADVANCED_FACE('',(#8004,#8005),#55,.T.);
#8955=ADVANCED_FACE('',(#8006,#8007),#56,.T.);
#8956=ADVANCED_FACE('',(#8008,#8009),#57,.T.);
#8957=ADVANCED_FACE('',(#8010,#8011),#58,.T.);
#8958=ADVANCED_FACE('',(#8012,#8013),#59,.T.);
#8959=ADVANCED_FACE('',(#8014,#8015),#60,.T.);
#8960=ADVANCED_FACE('',(#8016,#8017),#61,.T.);
#8961=ADVANCED_FACE('',(#8018,#8019),#62,.T.);
#8962=ADVANCED_FACE('',(#8020,#8021),#63,.T.);
#8963=ADVANCED_FACE('',(#8022,#8023),#64,.T.);
#8964=ADVANCED_FACE('',(#8024,#8025),#65,.T.);
#8965=ADVANCED_FACE('',(#8026,#8027),#66,.T.);
#8966=ADVANCED_FACE('',(#8028,#8029),#67,.T.);
#8967=ADVANCED_FACE('',(#8030,#8031),#68,.T.);
#8968=ADVANCED_FACE('',(#8032,#8033),#69,.T.);
#8969=ADVANCED_FACE('',(#8034,#8035),#70,.T.);
#8970=ADVANCED_FACE('',(#8036,#8037),#71,.T.);
#8971=ADVANCED_FACE('',(#8038,#8039),#72,.T.);
#8972=ADVANCED_FACE('',(#8040,#8041),#73,.T.);
#8973=ADVANCED_FACE('',(#8042,#8043,#8044,#8045,#8046,#8047,#8048,#8049,
#8050,#8051,#8052,#8053,#8054,#8055,#8056,#8057,#8058,#8059,#8060,#8061,
#8062),#8536,.T.);
#8974=ADVANCED_FACE('',(#8063,#8064),#8537,.T.);
#8975=ADVANCED_FACE('',(#8065,#8066),#8538,.T.);
#8976=ADVANCED_FACE('',(#8067,#8068),#8539,.T.);
#8977=ADVANCED_FACE('',(#8069,#8070),#8540,.T.);
#8978=ADVANCED_FACE('',(#8071,#8072),#8541,.T.);
#8979=ADVANCED_FACE('',(#8073,#8074),#8542,.T.);
#8980=ADVANCED_FACE('',(#8075,#8076),#8543,.T.);
#8981=ADVANCED_FACE('',(#8077,#8078),#8544,.T.);
#8982=ADVANCED_FACE('',(#8079,#8080),#8545,.T.);
#8983=ADVANCED_FACE('',(#8081,#8082),#8546,.T.);
#8984=ADVANCED_FACE('',(#8083,#8084),#8547,.T.);
#8985=ADVANCED_FACE('',(#8085,#8086),#8548,.T.);
#8986=ADVANCED_FACE('',(#8087,#8088),#8549,.T.);
#8987=ADVANCED_FACE('',(#8089,#8090),#8550,.T.);
#8988=ADVANCED_FACE('',(#8091,#8092),#8551,.T.);
#8989=ADVANCED_FACE('',(#8093,#8094),#8552,.T.);
#8990=ADVANCED_FACE('',(#8095,#8096),#8553,.T.);
#8991=ADVANCED_FACE('',(#8097,#8098),#8554,.T.);
#8992=ADVANCED_FACE('',(#8099,#8100),#8555,.T.);
#8993=ADVANCED_FACE('',(#8101,#8102),#8556,.T.);
#8994=ADVANCED_FACE('',(#8103,#8104),#18,.F.);
#8995=ADVANCED_FACE('',(#8105,#8106),#19,.F.);
#8996=ADVANCED_FACE('',(#8107,#8108),#20,.F.);
#8997=ADVANCED_FACE('',(#8109,#8110),#21,.F.);
#8998=ADVANCED_FACE('',(#8111,#8112),#22,.F.);
#8999=ADVANCED_FACE('',(#8113,#8114),#23,.F.);
#9000=ADVANCED_FACE('',(#8115,#8116),#24,.F.);
#9001=ADVANCED_FACE('',(#8117,#8118),#25,.F.);
#9002=ADVANCED_FACE('',(#8119,#8120),#26,.F.);
#9003=ADVANCED_FACE('',(#8121,#8122),#27,.F.);
#9004=ADVANCED_FACE('',(#8123,#8124),#28,.F.);
#9005=ADVANCED_FACE('',(#8125,#8126),#29,.F.);
#9006=ADVANCED_FACE('',(#8127,#8128),#30,.F.);
#9007=ADVANCED_FACE('',(#8129,#8130),#31,.F.);
#9008=ADVANCED_FACE('',(#8131,#8132),#32,.F.);
#9009=ADVANCED_FACE('',(#8133,#8134),#33,.F.);
#9010=ADVANCED_FACE('',(#8135,#8136),#34,.F.);
#9011=ADVANCED_FACE('',(#8137,#8138),#35,.F.);
#9012=ADVANCED_FACE('',(#8139,#8140),#36,.F.);
#9013=ADVANCED_FACE('',(#8141,#8142),#37,.F.);
#9014=CLOSED_SHELL('',(#8557,#8558,#8559,#8560,#8561,#8562,#8563,#8564,
#8565,#8566,#8567,#8568,#8569,#8570,#8571,#8572,#8573,#8574,#8575,#8576,
#8577,#8578,#8579,#8580,#8581,#8582,#8583,#8584,#8585,#8586,#8587,#8588,
#8589,#8590,#8591,#8592,#8593,#8594,#8595,#8596,#8597,#8598,#8599,#8600,
#8601,#8602,#8603,#8604,#8605,#8606,#8607,#8608,#8609,#8610,#8611,#8612,
#8613,#8614,#8615,#8616,#8617,#8618,#8619,#8620,#8621,#8622,#8623,#8624,
#8625,#8626,#8627,#8628,#8629,#8630,#8631,#8632,#8633,#8634,#8635,#8636,
#8637,#8638,#8639,#8640,#8641,#8642,#8643,#8644,#8645,#8646,#8647,#8648,
#8649,#8650,#8651,#8652,#8653,#8654,#8655,#8656,#8657,#8658,#8659,#8660,
#8661,#8662,#8663,#8664,#8665,#8666,#8667,#8668,#8669,#8670,#8671,#8672,
#8673,#8674,#8675,#8676,#8677,#8678,#8679,#8680,#8681,#8682,#8683,#8684,
#8685,#8686,#8687));
#9015=CLOSED_SHELL('',(#8688,#8689,#8690,#8691,#8692,#8693,#8694,#8695,
#8696,#8697,#8698,#8699,#8700,#8701,#8702,#8703,#8704,#8705,#8706,#8707,
#8708,#8709,#8710,#8711,#8712,#8713,#8714,#8715,#8716,#8717,#8718,#8719,
#8720,#8721,#8722,#8723,#8724,#8725,#8726,#8727,#8728,#8729,#8730,#8731,
#8732,#8733,#8734,#8735,#8736,#8737,#8738,#8739,#8740,#8741,#8742,#8743,
#8744,#8745,#8746,#8747,#8748,#8749,#8750,#8751,#8752,#8753,#8754,#8755,
#8756,#8757,#8758,#8759,#8760,#8761,#8762,#8763,#8764,#8765,#8766,#8767,
#8768,#8769,#8770,#8771,#8772,#8773,#8774,#8775,#8776,#8777,#8778,#8779,
#8780,#8781,#8782,#8783,#8784,#8785,#8786,#8787,#8788,#8789,#8790,#8791,
#8792,#8793,#8794,#8795,#8796,#8797,#8798,#8799,#8800,#8801,#8802,#8803,
#8804,#8805,#8806,#8807,#8808,#8809,#8810,#8811,#8812,#8813,#8814,#8815,
#8816,#8817,#8818,#8819,#8820,#8821,#8822,#8823,#8824,#8825,#8826,#8827,
#8828,#8829,#8830,#8831,#8832,#8833,#8834,#8835,#8836,#8837,#8838,#8839,
#8840,#8841,#8842,#8843,#8844,#8845,#8846,#8847,#8848,#8849,#8850,#8851,
#8852,#8853,#8854,#8855,#8856,#8857,#8858,#8859,#8860,#8861,#8862,#8863,
#8864,#8865,#8866,#8867,#8868,#8869,#8870,#8871,#8872,#8873,#8874,#8875,
#8876,#8877,#8878,#8879,#8880,#8881,#8882,#8883,#8884,#8885,#8886,#8887,
#8888,#8889,#8890,#8891,#8892,#8893,#8894,#8895,#8896,#8897,#8898,#8899,
#8900,#8901,#8902,#8903,#8904,#8905,#8906,#8907,#8908,#8909,#8910,#8911,
#8912,#8913,#8914,#8915,#8916,#8917,#8918,#8919,#8920,#8921,#8922,#8923,
#8924,#8925,#8926,#8927,#8928,#8929,#8930,#8931,#8932,#8933,#8934,#8935,
#8936,#8937,#8938,#8939,#8940,#8941,#8942,#8943,#8944,#8945,#8946,#8947,
#8948,#8949,#8950,#8951,#8952,#8953,#8954,#8955,#8956,#8957,#8958,#8959,
#8960,#8961,#8962,#8963,#8964,#8965,#8966,#8967,#8968,#8969,#8970,#8971,
#8972,#8973,#8974,#8975,#8976,#8977,#8978,#8979,#8980,#8981,#8982,#8983,
#8984,#8985,#8986,#8987,#8988,#8989,#8990,#8991,#8992,#8993,#8994,#8995,
#8996,#8997,#8998,#8999,#9000,#9001,#9002,#9003,#9004,#9005,#9006,#9007,
#9008,#9009,#9010,#9011,#9012,#9013));
#9016=STYLED_ITEM('',(#9018),#9031);
#9017=STYLED_ITEM('',(#9019),#9032);
#9018=PRESENTATION_STYLE_ASSIGNMENT((#9020));
#9019=PRESENTATION_STYLE_ASSIGNMENT((#9021));
#9020=SURFACE_STYLE_USAGE(.BOTH.,#9022);
#9021=SURFACE_STYLE_USAGE(.BOTH.,#9023);
#9022=SURFACE_SIDE_STYLE('',(#9024));
#9023=SURFACE_SIDE_STYLE('',(#9025));
#9024=SURFACE_STYLE_FILL_AREA(#9026);
#9025=SURFACE_STYLE_FILL_AREA(#9027);
#9026=FILL_AREA_STYLE('',(#9028));
#9027=FILL_AREA_STYLE('',(#9029));
#9028=FILL_AREA_STYLE_COLOUR('',#9030);
#9029=FILL_AREA_STYLE_COLOUR('',#38);
#9030=COLOUR_RGB('',0.689999997615814,0.689999997615814,0.689999997615814);
#9031=MANIFOLD_SOLID_BREP('SFMH-110-02-D-LC_socket',#9014);
#9032=MANIFOLD_SOLID_BREP('C-108-10-D',#9015);
#9033=SHAPE_DEFINITION_REPRESENTATION(#14336,#9036);
#9034=SHAPE_DEFINITION_REPRESENTATION(#14337,#9037);
#9035=SHAPE_DEFINITION_REPRESENTATION(#14339,#9038);
#9036=SHAPE_REPRESENTATION('SFMH-110-02-L-D-LC',(#9039,#9177,#9584),#14324);
#9037=SHAPE_REPRESENTATION('SFMH-110-02-D-LC_socket',(#9039),#14325);
#9038=SHAPE_REPRESENTATION('C-108-10-D',(#9039),#14326);
#9039=AXIS2_PLACEMENT_3D('',#11818,#9585,#9586);
#9040=AXIS2_PLACEMENT_3D('',#11819,#9587,#9588);
#9041=AXIS2_PLACEMENT_3D('',#11828,#9593,#9594);
#9042=AXIS2_PLACEMENT_3D('',#11832,#9596,#9597);
#9043=AXIS2_PLACEMENT_3D('',#11839,#9601,#9602);
#9044=AXIS2_PLACEMENT_3D('',#11843,#9604,#9605);
#9045=AXIS2_PLACEMENT_3D('',#11852,#9610,#9611);
#9046=AXIS2_PLACEMENT_3D('',#11885,#9628,#9629);
#9047=AXIS2_PLACEMENT_3D('',#11897,#9635,#9636);
#9048=AXIS2_PLACEMENT_3D('',#11901,#9638,#9639);
#9049=AXIS2_PLACEMENT_3D('',#11908,#9643,#9644);
#9050=AXIS2_PLACEMENT_3D('',#11911,#9647,#9648);
#9051=AXIS2_PLACEMENT_3D('',#12074,#9731,#9732);
#9052=AXIS2_PLACEMENT_3D('',#12236,#9814,#9815);
#9053=AXIS2_PLACEMENT_3D('',#12238,#9817,#9818);
#9054=AXIS2_PLACEMENT_3D('',#12240,#9820,#9821);
#9055=AXIS2_PLACEMENT_3D('',#12241,#9822,#9823);
#9056=AXIS2_PLACEMENT_3D('',#12243,#9825,#9826);
#9057=AXIS2_PLACEMENT_3D('',#12245,#9828,#9829);
#9058=AXIS2_PLACEMENT_3D('',#12246,#9830,#9831);
#9059=AXIS2_PLACEMENT_3D('',#12248,#9833,#9834);
#9060=AXIS2_PLACEMENT_3D('',#12250,#9836,#9837);
#9061=AXIS2_PLACEMENT_3D('',#12251,#9838,#9839);
#9062=AXIS2_PLACEMENT_3D('',#12254,#9842,#9843);
#9063=AXIS2_PLACEMENT_3D('',#12256,#9845,#9846);
#9064=AXIS2_PLACEMENT_3D('',#12258,#9848,#9849);
#9065=AXIS2_PLACEMENT_3D('',#12259,#9850,#9851);
#9066=AXIS2_PLACEMENT_3D('',#12262,#9854,#9855);
#9067=AXIS2_PLACEMENT_3D('',#12264,#9857,#9858);
#9068=AXIS2_PLACEMENT_3D('',#12266,#9860,#9861);
#9069=AXIS2_PLACEMENT_3D('',#12267,#9862,#9863);
#9070=AXIS2_PLACEMENT_3D('',#12270,#9866,#9867);
#9071=AXIS2_PLACEMENT_3D('',#12272,#9869,#9870);
#9072=AXIS2_PLACEMENT_3D('',#12274,#9872,#9873);
#9073=AXIS2_PLACEMENT_3D('',#12275,#9874,#9875);
#9074=AXIS2_PLACEMENT_3D('',#12278,#9878,#9879);
#9075=AXIS2_PLACEMENT_3D('',#12280,#9881,#9882);
#9076=AXIS2_PLACEMENT_3D('',#12282,#9884,#9885);
#9077=AXIS2_PLACEMENT_3D('',#12283,#9886,#9887);
#9078=AXIS2_PLACEMENT_3D('',#12286,#9890,#9891);
#9079=AXIS2_PLACEMENT_3D('',#12288,#9893,#9894);
#9080=AXIS2_PLACEMENT_3D('',#12290,#9896,#9897);
#9081=AXIS2_PLACEMENT_3D('',#12291,#9898,#9899);
#9082=AXIS2_PLACEMENT_3D('',#12294,#9902,#9903);
#9083=AXIS2_PLACEMENT_3D('',#12296,#9905,#9906);
#9084=AXIS2_PLACEMENT_3D('',#12298,#9908,#9909);
#9085=AXIS2_PLACEMENT_3D('',#12299,#9910,#9911);
#9086=AXIS2_PLACEMENT_3D('',#12302,#9914,#9915);
#9087=AXIS2_PLACEMENT_3D('',#12304,#9917,#9918);
#9088=AXIS2_PLACEMENT_3D('',#12306,#9920,#9921);
#9089=AXIS2_PLACEMENT_3D('',#12307,#9922,#9923);
#9090=AXIS2_PLACEMENT_3D('',#12310,#9926,#9927);
#9091=AXIS2_PLACEMENT_3D('',#12312,#9929,#9930);
#9092=AXIS2_PLACEMENT_3D('',#12314,#9932,#9933);
#9093=AXIS2_PLACEMENT_3D('',#12315,#9934,#9935);
#9094=AXIS2_PLACEMENT_3D('',#12318,#9938,#9939);
#9095=AXIS2_PLACEMENT_3D('',#12320,#9941,#9942);
#9096=AXIS2_PLACEMENT_3D('',#12322,#9944,#9945);
#9097=AXIS2_PLACEMENT_3D('',#12323,#9946,#9947);
#9098=AXIS2_PLACEMENT_3D('',#12326,#9950,#9951);
#9099=AXIS2_PLACEMENT_3D('',#12328,#9953,#9954);
#9100=AXIS2_PLACEMENT_3D('',#12330,#9956,#9957);
#9101=AXIS2_PLACEMENT_3D('',#12331,#9958,#9959);
#9102=AXIS2_PLACEMENT_3D('',#12334,#9962,#9963);
#9103=AXIS2_PLACEMENT_3D('',#12336,#9965,#9966);
#9104=AXIS2_PLACEMENT_3D('',#12338,#9968,#9969);
#9105=AXIS2_PLACEMENT_3D('',#12339,#9970,#9971);
#9106=AXIS2_PLACEMENT_3D('',#12342,#9974,#9975);
#9107=AXIS2_PLACEMENT_3D('',#12344,#9977,#9978);
#9108=AXIS2_PLACEMENT_3D('',#12346,#9980,#9981);
#9109=AXIS2_PLACEMENT_3D('',#12347,#9982,#9983);
#9110=AXIS2_PLACEMENT_3D('',#12350,#9986,#9987);
#9111=AXIS2_PLACEMENT_3D('',#12352,#9989,#9990);
#9112=AXIS2_PLACEMENT_3D('',#12354,#9992,#9993);
#9113=AXIS2_PLACEMENT_3D('',#12355,#9994,#9995);
#9114=AXIS2_PLACEMENT_3D('',#12358,#9998,#9999);
#9115=AXIS2_PLACEMENT_3D('',#12360,#10001,#10002);
#9116=AXIS2_PLACEMENT_3D('',#12362,#10004,#10005);
#9117=AXIS2_PLACEMENT_3D('',#12363,#10006,#10007);
#9118=AXIS2_PLACEMENT_3D('',#12366,#10010,#10011);
#9119=AXIS2_PLACEMENT_3D('',#12368,#10013,#10014);
#9120=AXIS2_PLACEMENT_3D('',#12370,#10016,#10017);
#9121=AXIS2_PLACEMENT_3D('',#12371,#10018,#10019);
#9122=AXIS2_PLACEMENT_3D('',#12374,#10022,#10023);
#9123=AXIS2_PLACEMENT_3D('',#12376,#10025,#10026);
#9124=AXIS2_PLACEMENT_3D('',#12378,#10028,#10029);
#9125=AXIS2_PLACEMENT_3D('',#12379,#10030,#10031);
#9126=AXIS2_PLACEMENT_3D('',#12382,#10034,#10035);
#9127=AXIS2_PLACEMENT_3D('',#12384,#10037,#10038);
#9128=AXIS2_PLACEMENT_3D('',#12386,#10040,#10041);
#9129=AXIS2_PLACEMENT_3D('',#12387,#10042,#10043);
#9130=AXIS2_PLACEMENT_3D('',#12390,#10046,#10047);
#9131=AXIS2_PLACEMENT_3D('',#12392,#10049,#10050);
#9132=AXIS2_PLACEMENT_3D('',#12394,#10052,#10053);
#9133=AXIS2_PLACEMENT_3D('',#12395,#10054,#10055);
#9134=AXIS2_PLACEMENT_3D('',#12398,#10058,#10059);
#9135=AXIS2_PLACEMENT_3D('',#12400,#10061,#10062);
#9136=AXIS2_PLACEMENT_3D('',#12402,#10064,#10065);
#9137=AXIS2_PLACEMENT_3D('',#12403,#10066,#10067);
#9138=AXIS2_PLACEMENT_3D('',#12406,#10070,#10071);
#9139=AXIS2_PLACEMENT_3D('',#12408,#10073,#10074);
#9140=AXIS2_PLACEMENT_3D('',#12410,#10076,#10077);
#9141=AXIS2_PLACEMENT_3D('',#12411,#10078,#10079);
#9142=AXIS2_PLACEMENT_3D('',#12420,#10084,#10085);
#9143=AXIS2_PLACEMENT_3D('',#12426,#10089,#10090);
#9144=AXIS2_PLACEMENT_3D('',#12432,#10094,#10095);
#9145=AXIS2_PLACEMENT_3D('',#12438,#10099,#10100);
#9146=AXIS2_PLACEMENT_3D('',#12444,#10104,#10105);
#9147=AXIS2_PLACEMENT_3D('',#12447,#10108,#10109);
#9148=AXIS2_PLACEMENT_3D('',#12450,#10112,#10113);
#9149=AXIS2_PLACEMENT_3D('',#12451,#10114,#10115);
#9150=AXIS2_PLACEMENT_3D('',#12452,#10116,#10117);
#9151=AXIS2_PLACEMENT_3D('',#12458,#10121,#10122);
#9152=AXIS2_PLACEMENT_3D('',#12464,#10126,#10127);
#9153=AXIS2_PLACEMENT_3D('',#12474,#10133,#10134);
#9154=AXIS2_PLACEMENT_3D('',#12484,#10140,#10141);
#9155=AXIS2_PLACEMENT_3D('',#12486,#10143,#10144);
#9156=AXIS2_PLACEMENT_3D('',#12488,#10146,#10147);
#9157=AXIS2_PLACEMENT_3D('',#12490,#10149,#10150);
#9158=AXIS2_PLACEMENT_3D('',#12492,#10152,#10153);
#9159=AXIS2_PLACEMENT_3D('',#12493,#10154,#10155);
#9160=AXIS2_PLACEMENT_3D('',#12502,#10160,#10161);
#9161=AXIS2_PLACEMENT_3D('',#12508,#10165,#10166);
#9162=AXIS2_PLACEMENT_3D('',#12514,#10170,#10171);
#9163=AXIS2_PLACEMENT_3D('',#12520,#10175,#10176);
#9164=AXIS2_PLACEMENT_3D('',#12526,#10180,#10181);
#9165=AXIS2_PLACEMENT_3D('',#12529,#10184,#10185);
#9166=AXIS2_PLACEMENT_3D('',#12532,#10188,#10189);
#9167=AXIS2_PLACEMENT_3D('',#12533,#10190,#10191);
#9168=AXIS2_PLACEMENT_3D('',#12534,#10192,#10193);
#9169=AXIS2_PLACEMENT_3D('',#12540,#10197,#10198);
#9170=AXIS2_PLACEMENT_3D('',#12546,#10202,#10203);
#9171=AXIS2_PLACEMENT_3D('',#12556,#10209,#10210);
#9172=AXIS2_PLACEMENT_3D('',#12566,#10216,#10217);
#9173=AXIS2_PLACEMENT_3D('',#12568,#10219,#10220);
#9174=AXIS2_PLACEMENT_3D('',#12570,#10222,#10223);
#9175=AXIS2_PLACEMENT_3D('',#12572,#10225,#10226);
#9176=AXIS2_PLACEMENT_3D('',#12574,#10228,#10229);
#9177=AXIS2_PLACEMENT_3D('',#12575,#10230,#10231);
#9178=AXIS2_PLACEMENT_3D('',#12576,#10232,#10233);
#9179=AXIS2_PLACEMENT_3D('',#12585,#10238,#10239);
#9180=AXIS2_PLACEMENT_3D('',#12594,#10244,#10245);
#9181=AXIS2_PLACEMENT_3D('',#12677,#10288,#10289);
#9182=AXIS2_PLACEMENT_3D('',#12840,#10372,#10373);
#9183=AXIS2_PLACEMENT_3D('',#12867,#10388,#10389);
#9184=AXIS2_PLACEMENT_3D('',#12894,#10404,#10405);
#9185=AXIS2_PLACEMENT_3D('',#12921,#10420,#10421);
#9186=AXIS2_PLACEMENT_3D('',#12948,#10436,#10437);
#9187=AXIS2_PLACEMENT_3D('',#12975,#10452,#10453);
#9188=AXIS2_PLACEMENT_3D('',#13002,#10468,#10469);
#9189=AXIS2_PLACEMENT_3D('',#13029,#10484,#10485);
#9190=AXIS2_PLACEMENT_3D('',#13056,#10500,#10501);
#9191=AXIS2_PLACEMENT_3D('',#13083,#10516,#10517);
#9192=AXIS2_PLACEMENT_3D('',#13101,#10527,#10528);
#9193=AXIS2_PLACEMENT_3D('',#13107,#10532,#10533);
#9194=AXIS2_PLACEMENT_3D('',#13117,#10539,#10540);
#9195=AXIS2_PLACEMENT_3D('',#13123,#10544,#10545);
#9196=AXIS2_PLACEMENT_3D('',#13129,#10549,#10550);
#9197=AXIS2_PLACEMENT_3D('',#13135,#10554,#10555);
#9198=AXIS2_PLACEMENT_3D('',#13141,#10559,#10560);
#9199=AXIS2_PLACEMENT_3D('',#13147,#10564,#10565);
#9200=AXIS2_PLACEMENT_3D('',#13153,#10569,#10570);
#9201=AXIS2_PLACEMENT_3D('',#13159,#10574,#10575);
#9202=AXIS2_PLACEMENT_3D('',#13165,#10579,#10580);
#9203=AXIS2_PLACEMENT_3D('',#13171,#10584,#10585);
#9204=AXIS2_PLACEMENT_3D('',#13180,#10590,#10591);
#9205=AXIS2_PLACEMENT_3D('',#13189,#10596,#10597);
#9206=AXIS2_PLACEMENT_3D('',#13198,#10602,#10603);
#9207=AXIS2_PLACEMENT_3D('',#13207,#10608,#10609);
#9208=AXIS2_PLACEMENT_3D('',#13216,#10614,#10615);
#9209=AXIS2_PLACEMENT_3D('',#13225,#10620,#10621);
#9210=AXIS2_PLACEMENT_3D('',#13234,#10626,#10627);
#9211=AXIS2_PLACEMENT_3D('',#13243,#10632,#10633);
#9212=AXIS2_PLACEMENT_3D('',#13252,#10638,#10639);
#9213=AXIS2_PLACEMENT_3D('',#13261,#10644,#10645);
#9214=AXIS2_PLACEMENT_3D('',#13267,#10650,#10651);
#9215=AXIS2_PLACEMENT_3D('',#13272,#10655,#10656);
#9216=AXIS2_PLACEMENT_3D('',#13278,#10661,#10662);
#9217=AXIS2_PLACEMENT_3D('',#13283,#10666,#10667);
#9218=AXIS2_PLACEMENT_3D('',#13289,#10672,#10673);
#9219=AXIS2_PLACEMENT_3D('',#13294,#10677,#10678);
#9220=AXIS2_PLACEMENT_3D('',#13300,#10683,#10684);
#9221=AXIS2_PLACEMENT_3D('',#13305,#10688,#10689);
#9222=AXIS2_PLACEMENT_3D('',#13311,#10694,#10695);
#9223=AXIS2_PLACEMENT_3D('',#13316,#10699,#10700);
#9224=AXIS2_PLACEMENT_3D('',#13322,#10705,#10706);
#9225=AXIS2_PLACEMENT_3D('',#13327,#10710,#10711);
#9226=AXIS2_PLACEMENT_3D('',#13333,#10716,#10717);
#9227=AXIS2_PLACEMENT_3D('',#13338,#10721,#10722);
#9228=AXIS2_PLACEMENT_3D('',#13344,#10727,#10728);
#9229=AXIS2_PLACEMENT_3D('',#13349,#10732,#10733);
#9230=AXIS2_PLACEMENT_3D('',#13355,#10738,#10739);
#9231=AXIS2_PLACEMENT_3D('',#13360,#10743,#10744);
#9232=AXIS2_PLACEMENT_3D('',#13366,#10749,#10750);
#9233=AXIS2_PLACEMENT_3D('',#13371,#10754,#10755);
#9234=AXIS2_PLACEMENT_3D('',#13373,#10757,#10758);
#9235=AXIS2_PLACEMENT_3D('',#13382,#10763,#10764);
#9236=AXIS2_PLACEMENT_3D('',#13384,#10766,#10767);
#9237=AXIS2_PLACEMENT_3D('',#13393,#10772,#10773);
#9238=AXIS2_PLACEMENT_3D('',#13395,#10775,#10776);
#9239=AXIS2_PLACEMENT_3D('',#13404,#10781,#10782);
#9240=AXIS2_PLACEMENT_3D('',#13406,#10784,#10785);
#9241=AXIS2_PLACEMENT_3D('',#13415,#10790,#10791);
#9242=AXIS2_PLACEMENT_3D('',#13417,#10793,#10794);
#9243=AXIS2_PLACEMENT_3D('',#13426,#10799,#10800);
#9244=AXIS2_PLACEMENT_3D('',#13428,#10802,#10803);
#9245=AXIS2_PLACEMENT_3D('',#13437,#10808,#10809);
#9246=AXIS2_PLACEMENT_3D('',#13439,#10811,#10812);
#9247=AXIS2_PLACEMENT_3D('',#13448,#10817,#10818);
#9248=AXIS2_PLACEMENT_3D('',#13450,#10820,#10821);
#9249=AXIS2_PLACEMENT_3D('',#13459,#10826,#10827);
#9250=AXIS2_PLACEMENT_3D('',#13461,#10829,#10830);
#9251=AXIS2_PLACEMENT_3D('',#13470,#10835,#10836);
#9252=AXIS2_PLACEMENT_3D('',#13472,#10838,#10839);
#9253=AXIS2_PLACEMENT_3D('',#13481,#10844,#10845);
#9254=AXIS2_PLACEMENT_3D('',#13484,#10848,#10849);
#9255=AXIS2_PLACEMENT_3D('',#13487,#10852,#10853);
#9256=AXIS2_PLACEMENT_3D('',#13490,#10856,#10857);
#9257=AXIS2_PLACEMENT_3D('',#13493,#10860,#10861);
#9258=AXIS2_PLACEMENT_3D('',#13496,#10864,#10865);
#9259=AXIS2_PLACEMENT_3D('',#13499,#10868,#10869);
#9260=AXIS2_PLACEMENT_3D('',#13502,#10872,#10873);
#9261=AXIS2_PLACEMENT_3D('',#13505,#10876,#10877);
#9262=AXIS2_PLACEMENT_3D('',#13508,#10880,#10881);
#9263=AXIS2_PLACEMENT_3D('',#13511,#10884,#10885);
#9264=AXIS2_PLACEMENT_3D('',#13512,#10886,#10887);
#9265=AXIS2_PLACEMENT_3D('',#13515,#10890,#10891);
#9266=AXIS2_PLACEMENT_3D('',#13516,#10892,#10893);
#9267=AXIS2_PLACEMENT_3D('',#13519,#10896,#10897);
#9268=AXIS2_PLACEMENT_3D('',#13520,#10898,#10899);
#9269=AXIS2_PLACEMENT_3D('',#13523,#10902,#10903);
#9270=AXIS2_PLACEMENT_3D('',#13524,#10904,#10905);
#9271=AXIS2_PLACEMENT_3D('',#13527,#10908,#10909);
#9272=AXIS2_PLACEMENT_3D('',#13528,#10910,#10911);
#9273=AXIS2_PLACEMENT_3D('',#13531,#10914,#10915);
#9274=AXIS2_PLACEMENT_3D('',#13532,#10916,#10917);
#9275=AXIS2_PLACEMENT_3D('',#13535,#10920,#10921);
#9276=AXIS2_PLACEMENT_3D('',#13536,#10922,#10923);
#9277=AXIS2_PLACEMENT_3D('',#13539,#10926,#10927);
#9278=AXIS2_PLACEMENT_3D('',#13540,#10928,#10929);
#9279=AXIS2_PLACEMENT_3D('',#13543,#10932,#10933);
#9280=AXIS2_PLACEMENT_3D('',#13544,#10934,#10935);
#9281=AXIS2_PLACEMENT_3D('',#13547,#10938,#10939);
#9282=AXIS2_PLACEMENT_3D('',#13548,#10940,#10941);
#9283=AXIS2_PLACEMENT_3D('',#13551,#10944,#10945);
#9284=AXIS2_PLACEMENT_3D('',#13553,#10947,#10948);
#9285=AXIS2_PLACEMENT_3D('',#13556,#10951,#10952);
#9286=AXIS2_PLACEMENT_3D('',#13558,#10954,#10955);
#9287=AXIS2_PLACEMENT_3D('',#13561,#10958,#10959);
#9288=AXIS2_PLACEMENT_3D('',#13563,#10961,#10962);
#9289=AXIS2_PLACEMENT_3D('',#13566,#10965,#10966);
#9290=AXIS2_PLACEMENT_3D('',#13568,#10968,#10969);
#9291=AXIS2_PLACEMENT_3D('',#13571,#10972,#10973);
#9292=AXIS2_PLACEMENT_3D('',#13573,#10975,#10976);
#9293=AXIS2_PLACEMENT_3D('',#13576,#10979,#10980);
#9294=AXIS2_PLACEMENT_3D('',#13578,#10982,#10983);
#9295=AXIS2_PLACEMENT_3D('',#13581,#10986,#10987);
#9296=AXIS2_PLACEMENT_3D('',#13583,#10989,#10990);
#9297=AXIS2_PLACEMENT_3D('',#13586,#10993,#10994);
#9298=AXIS2_PLACEMENT_3D('',#13588,#10996,#10997);
#9299=AXIS2_PLACEMENT_3D('',#13591,#11000,#11001);
#9300=AXIS2_PLACEMENT_3D('',#13593,#11003,#11004);
#9301=AXIS2_PLACEMENT_3D('',#13596,#11007,#11008);
#9302=AXIS2_PLACEMENT_3D('',#13598,#11010,#11011);
#9303=AXIS2_PLACEMENT_3D('',#13601,#11014,#11015);
#9304=AXIS2_PLACEMENT_3D('',#13602,#11016,#11017);
#9305=AXIS2_PLACEMENT_3D('',#13603,#11018,#11019);
#9306=AXIS2_PLACEMENT_3D('',#13604,#11020,#11021);
#9307=AXIS2_PLACEMENT_3D('',#13605,#11022,#11023);
#9308=AXIS2_PLACEMENT_3D('',#13606,#11024,#11025);
#9309=AXIS2_PLACEMENT_3D('',#13607,#11026,#11027);
#9310=AXIS2_PLACEMENT_3D('',#13608,#11028,#11029);
#9311=AXIS2_PLACEMENT_3D('',#13609,#11030,#11031);
#9312=AXIS2_PLACEMENT_3D('',#13610,#11032,#11033);
#9313=AXIS2_PLACEMENT_3D('',#13611,#11034,#11035);
#9314=AXIS2_PLACEMENT_3D('',#13617,#11039,#11040);
#9315=AXIS2_PLACEMENT_3D('',#13624,#11045,#11046);
#9316=AXIS2_PLACEMENT_3D('',#13628,#11049,#11050);
#9317=AXIS2_PLACEMENT_3D('',#13633,#11054,#11055);
#9318=AXIS2_PLACEMENT_3D('',#13635,#11057,#11058);
#9319=AXIS2_PLACEMENT_3D('',#13636,#11059,#11060);
#9320=AXIS2_PLACEMENT_3D('',#13638,#11061,#11062);
#9321=AXIS2_PLACEMENT_3D('',#13639,#11063,#11064);
#9322=AXIS2_PLACEMENT_3D('',#13645,#11068,#11069);
#9323=AXIS2_PLACEMENT_3D('',#13652,#11074,#11075);
#9324=AXIS2_PLACEMENT_3D('',#13656,#11078,#11079);
#9325=AXIS2_PLACEMENT_3D('',#13661,#11083,#11084);
#9326=AXIS2_PLACEMENT_3D('',#13663,#11086,#11087);
#9327=AXIS2_PLACEMENT_3D('',#13664,#11088,#11089);
#9328=AXIS2_PLACEMENT_3D('',#13666,#11090,#11091);
#9329=AXIS2_PLACEMENT_3D('',#13667,#11092,#11093);
#9330=AXIS2_PLACEMENT_3D('',#13673,#11097,#11098);
#9331=AXIS2_PLACEMENT_3D('',#13680,#11103,#11104);
#9332=AXIS2_PLACEMENT_3D('',#13684,#11107,#11108);
#9333=AXIS2_PLACEMENT_3D('',#13689,#11112,#11113);
#9334=AXIS2_PLACEMENT_3D('',#13691,#11115,#11116);
#9335=AXIS2_PLACEMENT_3D('',#13692,#11117,#11118);
#9336=AXIS2_PLACEMENT_3D('',#13694,#11119,#11120);
#9337=AXIS2_PLACEMENT_3D('',#13695,#11121,#11122);
#9338=AXIS2_PLACEMENT_3D('',#13701,#11126,#11127);
#9339=AXIS2_PLACEMENT_3D('',#13708,#11132,#11133);
#9340=AXIS2_PLACEMENT_3D('',#13712,#11136,#11137);
#9341=AXIS2_PLACEMENT_3D('',#13717,#11141,#11142);
#9342=AXIS2_PLACEMENT_3D('',#13719,#11144,#11145);
#9343=AXIS2_PLACEMENT_3D('',#13720,#11146,#11147);
#9344=AXIS2_PLACEMENT_3D('',#13722,#11148,#11149);
#9345=AXIS2_PLACEMENT_3D('',#13723,#11150,#11151);
#9346=AXIS2_PLACEMENT_3D('',#13729,#11155,#11156);
#9347=AXIS2_PLACEMENT_3D('',#13736,#11161,#11162);
#9348=AXIS2_PLACEMENT_3D('',#13740,#11165,#11166);
#9349=AXIS2_PLACEMENT_3D('',#13745,#11170,#11171);
#9350=AXIS2_PLACEMENT_3D('',#13747,#11173,#11174);
#9351=AXIS2_PLACEMENT_3D('',#13748,#11175,#11176);
#9352=AXIS2_PLACEMENT_3D('',#13750,#11177,#11178);
#9353=AXIS2_PLACEMENT_3D('',#13751,#11179,#11180);
#9354=AXIS2_PLACEMENT_3D('',#13757,#11184,#11185);
#9355=AXIS2_PLACEMENT_3D('',#13764,#11190,#11191);
#9356=AXIS2_PLACEMENT_3D('',#13768,#11194,#11195);
#9357=AXIS2_PLACEMENT_3D('',#13773,#11199,#11200);
#9358=AXIS2_PLACEMENT_3D('',#13775,#11202,#11203);
#9359=AXIS2_PLACEMENT_3D('',#13776,#11204,#11205);
#9360=AXIS2_PLACEMENT_3D('',#13778,#11206,#11207);
#9361=AXIS2_PLACEMENT_3D('',#13779,#11208,#11209);
#9362=AXIS2_PLACEMENT_3D('',#13785,#11213,#11214);
#9363=AXIS2_PLACEMENT_3D('',#13792,#11219,#11220);
#9364=AXIS2_PLACEMENT_3D('',#13796,#11223,#11224);
#9365=AXIS2_PLACEMENT_3D('',#13801,#11228,#11229);
#9366=AXIS2_PLACEMENT_3D('',#13803,#11231,#11232);
#9367=AXIS2_PLACEMENT_3D('',#13804,#11233,#11234);
#9368=AXIS2_PLACEMENT_3D('',#13806,#11235,#11236);
#9369=AXIS2_PLACEMENT_3D('',#13807,#11237,#11238);
#9370=AXIS2_PLACEMENT_3D('',#13813,#11242,#11243);
#9371=AXIS2_PLACEMENT_3D('',#13820,#11248,#11249);
#9372=AXIS2_PLACEMENT_3D('',#13824,#11252,#11253);
#9373=AXIS2_PLACEMENT_3D('',#13829,#11257,#11258);
#9374=AXIS2_PLACEMENT_3D('',#13831,#11260,#11261);
#9375=AXIS2_PLACEMENT_3D('',#13832,#11262,#11263);
#9376=AXIS2_PLACEMENT_3D('',#13834,#11264,#11265);
#9377=AXIS2_PLACEMENT_3D('',#13835,#11266,#11267);
#9378=AXIS2_PLACEMENT_3D('',#13841,#11271,#11272);
#9379=AXIS2_PLACEMENT_3D('',#13848,#11277,#11278);
#9380=AXIS2_PLACEMENT_3D('',#13852,#11281,#11282);
#9381=AXIS2_PLACEMENT_3D('',#13857,#11286,#11287);
#9382=AXIS2_PLACEMENT_3D('',#13859,#11289,#11290);
#9383=AXIS2_PLACEMENT_3D('',#13860,#11291,#11292);
#9384=AXIS2_PLACEMENT_3D('',#13862,#11293,#11294);
#9385=AXIS2_PLACEMENT_3D('',#13863,#11295,#11296);
#9386=AXIS2_PLACEMENT_3D('',#13869,#11300,#11301);
#9387=AXIS2_PLACEMENT_3D('',#13876,#11306,#11307);
#9388=AXIS2_PLACEMENT_3D('',#13880,#11310,#11311);
#9389=AXIS2_PLACEMENT_3D('',#13885,#11315,#11316);
#9390=AXIS2_PLACEMENT_3D('',#13887,#11318,#11319);
#9391=AXIS2_PLACEMENT_3D('',#13888,#11320,#11321);
#9392=AXIS2_PLACEMENT_3D('',#13890,#11322,#11323);
#9393=AXIS2_PLACEMENT_3D('',#13891,#11324,#11325);
#9394=AXIS2_PLACEMENT_3D('',#13899,#11330,#11331);
#9395=AXIS2_PLACEMENT_3D('',#13903,#11334,#11335);
#9396=AXIS2_PLACEMENT_3D('',#13909,#11339,#11340);
#9397=AXIS2_PLACEMENT_3D('',#13912,#11343,#11344);
#9398=AXIS2_PLACEMENT_3D('',#13913,#11345,#11346);
#9399=AXIS2_PLACEMENT_3D('',#13915,#11347,#11348);
#9400=AXIS2_PLACEMENT_3D('',#13916,#11349,#11350);
#9401=AXIS2_PLACEMENT_3D('',#13924,#11355,#11356);
#9402=AXIS2_PLACEMENT_3D('',#13928,#11359,#11360);
#9403=AXIS2_PLACEMENT_3D('',#13934,#11364,#11365);
#9404=AXIS2_PLACEMENT_3D('',#13937,#11368,#11369);
#9405=AXIS2_PLACEMENT_3D('',#13938,#11370,#11371);
#9406=AXIS2_PLACEMENT_3D('',#13940,#11372,#11373);
#9407=AXIS2_PLACEMENT_3D('',#13941,#11374,#11375);
#9408=AXIS2_PLACEMENT_3D('',#13949,#11380,#11381);
#9409=AXIS2_PLACEMENT_3D('',#13953,#11384,#11385);
#9410=AXIS2_PLACEMENT_3D('',#13959,#11389,#11390);
#9411=AXIS2_PLACEMENT_3D('',#13962,#11393,#11394);
#9412=AXIS2_PLACEMENT_3D('',#13963,#11395,#11396);
#9413=AXIS2_PLACEMENT_3D('',#13965,#11397,#11398);
#9414=AXIS2_PLACEMENT_3D('',#13966,#11399,#11400);
#9415=AXIS2_PLACEMENT_3D('',#13974,#11405,#11406);
#9416=AXIS2_PLACEMENT_3D('',#13978,#11409,#11410);
#9417=AXIS2_PLACEMENT_3D('',#13984,#11414,#11415);
#9418=AXIS2_PLACEMENT_3D('',#13987,#11418,#11419);
#9419=AXIS2_PLACEMENT_3D('',#13988,#11420,#11421);
#9420=AXIS2_PLACEMENT_3D('',#13990,#11422,#11423);
#9421=AXIS2_PLACEMENT_3D('',#13991,#11424,#11425);
#9422=AXIS2_PLACEMENT_3D('',#13999,#11430,#11431);
#9423=AXIS2_PLACEMENT_3D('',#14003,#11434,#11435);
#9424=AXIS2_PLACEMENT_3D('',#14009,#11439,#11440);
#9425=AXIS2_PLACEMENT_3D('',#14012,#11443,#11444);
#9426=AXIS2_PLACEMENT_3D('',#14013,#11445,#11446);
#9427=AXIS2_PLACEMENT_3D('',#14015,#11447,#11448);
#9428=AXIS2_PLACEMENT_3D('',#14016,#11449,#11450);
#9429=AXIS2_PLACEMENT_3D('',#14024,#11455,#11456);
#9430=AXIS2_PLACEMENT_3D('',#14028,#11459,#11460);
#9431=AXIS2_PLACEMENT_3D('',#14034,#11464,#11465);
#9432=AXIS2_PLACEMENT_3D('',#14037,#11468,#11469);
#9433=AXIS2_PLACEMENT_3D('',#14038,#11470,#11471);
#9434=AXIS2_PLACEMENT_3D('',#14040,#11472,#11473);
#9435=AXIS2_PLACEMENT_3D('',#14041,#11474,#11475);
#9436=AXIS2_PLACEMENT_3D('',#14049,#11480,#11481);
#9437=AXIS2_PLACEMENT_3D('',#14053,#11484,#11485);
#9438=AXIS2_PLACEMENT_3D('',#14059,#11489,#11490);
#9439=AXIS2_PLACEMENT_3D('',#14062,#11493,#11494);
#9440=AXIS2_PLACEMENT_3D('',#14063,#11495,#11496);
#9441=AXIS2_PLACEMENT_3D('',#14065,#11497,#11498);
#9442=AXIS2_PLACEMENT_3D('',#14066,#11499,#11500);
#9443=AXIS2_PLACEMENT_3D('',#14074,#11505,#11506);
#9444=AXIS2_PLACEMENT_3D('',#14078,#11509,#11510);
#9445=AXIS2_PLACEMENT_3D('',#14084,#11514,#11515);
#9446=AXIS2_PLACEMENT_3D('',#14087,#11518,#11519);
#9447=AXIS2_PLACEMENT_3D('',#14088,#11520,#11521);
#9448=AXIS2_PLACEMENT_3D('',#14090,#11522,#11523);
#9449=AXIS2_PLACEMENT_3D('',#14091,#11524,#11525);
#9450=AXIS2_PLACEMENT_3D('',#14099,#11530,#11531);
#9451=AXIS2_PLACEMENT_3D('',#14103,#11534,#11535);
#9452=AXIS2_PLACEMENT_3D('',#14109,#11539,#11540);
#9453=AXIS2_PLACEMENT_3D('',#14112,#11543,#11544);
#9454=AXIS2_PLACEMENT_3D('',#14113,#11545,#11546);
#9455=AXIS2_PLACEMENT_3D('',#14115,#11547,#11548);
#9456=AXIS2_PLACEMENT_3D('',#14116,#11549,#11550);
#9457=AXIS2_PLACEMENT_3D('',#14124,#11555,#11556);
#9458=AXIS2_PLACEMENT_3D('',#14128,#11559,#11560);
#9459=AXIS2_PLACEMENT_3D('',#14134,#11564,#11565);
#9460=AXIS2_PLACEMENT_3D('',#14137,#11568,#11569);
#9461=AXIS2_PLACEMENT_3D('',#14138,#11570,#11571);
#9462=AXIS2_PLACEMENT_3D('',#14140,#11572,#11573);
#9463=AXIS2_PLACEMENT_3D('',#14141,#11574,#11575);
#9464=AXIS2_PLACEMENT_3D('',#14142,#11576,#11577);
#9465=AXIS2_PLACEMENT_3D('',#14144,#11578,#11579);
#9466=AXIS2_PLACEMENT_3D('',#14146,#11580,#11581);
#9467=AXIS2_PLACEMENT_3D('',#14147,#11582,#11583);
#9468=AXIS2_PLACEMENT_3D('',#14149,#11584,#11585);
#9469=AXIS2_PLACEMENT_3D('',#14151,#11586,#11587);
#9470=AXIS2_PLACEMENT_3D('',#14152,#11588,#11589);
#9471=AXIS2_PLACEMENT_3D('',#14154,#11590,#11591);
#9472=AXIS2_PLACEMENT_3D('',#14156,#11592,#11593);
#9473=AXIS2_PLACEMENT_3D('',#14157,#11594,#11595);
#9474=AXIS2_PLACEMENT_3D('',#14159,#11596,#11597);
#9475=AXIS2_PLACEMENT_3D('',#14161,#11598,#11599);
#9476=AXIS2_PLACEMENT_3D('',#14162,#11600,#11601);
#9477=AXIS2_PLACEMENT_3D('',#14164,#11602,#11603);
#9478=AXIS2_PLACEMENT_3D('',#14166,#11604,#11605);
#9479=AXIS2_PLACEMENT_3D('',#14167,#11606,#11607);
#9480=AXIS2_PLACEMENT_3D('',#14169,#11608,#11609);
#9481=AXIS2_PLACEMENT_3D('',#14171,#11610,#11611);
#9482=AXIS2_PLACEMENT_3D('',#14172,#11612,#11613);
#9483=AXIS2_PLACEMENT_3D('',#14174,#11614,#11615);
#9484=AXIS2_PLACEMENT_3D('',#14176,#11616,#11617);
#9485=AXIS2_PLACEMENT_3D('',#14177,#11618,#11619);
#9486=AXIS2_PLACEMENT_3D('',#14179,#11620,#11621);
#9487=AXIS2_PLACEMENT_3D('',#14181,#11622,#11623);
#9488=AXIS2_PLACEMENT_3D('',#14182,#11624,#11625);
#9489=AXIS2_PLACEMENT_3D('',#14184,#11626,#11627);
#9490=AXIS2_PLACEMENT_3D('',#14186,#11628,#11629);
#9491=AXIS2_PLACEMENT_3D('',#14187,#11630,#11631);
#9492=AXIS2_PLACEMENT_3D('',#14189,#11632,#11633);
#9493=AXIS2_PLACEMENT_3D('',#14191,#11634,#11635);
#9494=AXIS2_PLACEMENT_3D('',#14192,#11636,#11637);
#9495=AXIS2_PLACEMENT_3D('',#14194,#11638,#11639);
#9496=AXIS2_PLACEMENT_3D('',#14196,#11640,#11641);
#9497=AXIS2_PLACEMENT_3D('',#14197,#11642,#11643);
#9498=AXIS2_PLACEMENT_3D('',#14199,#11644,#11645);
#9499=AXIS2_PLACEMENT_3D('',#14201,#11646,#11647);
#9500=AXIS2_PLACEMENT_3D('',#14202,#11648,#11649);
#9501=AXIS2_PLACEMENT_3D('',#14204,#11650,#11651);
#9502=AXIS2_PLACEMENT_3D('',#14206,#11652,#11653);
#9503=AXIS2_PLACEMENT_3D('',#14207,#11654,#11655);
#9504=AXIS2_PLACEMENT_3D('',#14209,#11656,#11657);
#9505=AXIS2_PLACEMENT_3D('',#14211,#11658,#11659);
#9506=AXIS2_PLACEMENT_3D('',#14212,#11660,#11661);
#9507=AXIS2_PLACEMENT_3D('',#14214,#11662,#11663);
#9508=AXIS2_PLACEMENT_3D('',#14216,#11664,#11665);
#9509=AXIS2_PLACEMENT_3D('',#14217,#11666,#11667);
#9510=AXIS2_PLACEMENT_3D('',#14219,#11668,#11669);
#9511=AXIS2_PLACEMENT_3D('',#14221,#11670,#11671);
#9512=AXIS2_PLACEMENT_3D('',#14222,#11672,#11673);
#9513=AXIS2_PLACEMENT_3D('',#14224,#11674,#11675);
#9514=AXIS2_PLACEMENT_3D('',#14226,#11676,#11677);
#9515=AXIS2_PLACEMENT_3D('',#14227,#11678,#11679);
#9516=AXIS2_PLACEMENT_3D('',#14229,#11680,#11681);
#9517=AXIS2_PLACEMENT_3D('',#14231,#11682,#11683);
#9518=AXIS2_PLACEMENT_3D('',#14232,#11684,#11685);
#9519=AXIS2_PLACEMENT_3D('',#14234,#11686,#11687);
#9520=AXIS2_PLACEMENT_3D('',#14236,#11688,#11689);
#9521=AXIS2_PLACEMENT_3D('',#14237,#11690,#11691);
#9522=AXIS2_PLACEMENT_3D('',#14239,#11692,#11693);
#9523=AXIS2_PLACEMENT_3D('',#14241,#11694,#11695);
#9524=AXIS2_PLACEMENT_3D('',#14242,#11696,#11697);
#9525=AXIS2_PLACEMENT_3D('',#14243,#11698,#11699);
#9526=AXIS2_PLACEMENT_3D('',#14245,#11700,#11701);
#9527=AXIS2_PLACEMENT_3D('',#14246,#11702,#11703);
#9528=AXIS2_PLACEMENT_3D('',#14248,#11704,#11705);
#9529=AXIS2_PLACEMENT_3D('',#14249,#11706,#11707);
#9530=AXIS2_PLACEMENT_3D('',#14251,#11708,#11709);
#9531=AXIS2_PLACEMENT_3D('',#14252,#11710,#11711);
#9532=AXIS2_PLACEMENT_3D('',#14254,#11712,#11713);
#9533=AXIS2_PLACEMENT_3D('',#14255,#11714,#11715);
#9534=AXIS2_PLACEMENT_3D('',#14257,#11716,#11717);
#9535=AXIS2_PLACEMENT_3D('',#14258,#11718,#11719);
#9536=AXIS2_PLACEMENT_3D('',#14260,#11720,#11721);
#9537=AXIS2_PLACEMENT_3D('',#14261,#11722,#11723);
#9538=AXIS2_PLACEMENT_3D('',#14263,#11724,#11725);
#9539=AXIS2_PLACEMENT_3D('',#14264,#11726,#11727);
#9540=AXIS2_PLACEMENT_3D('',#14266,#11728,#11729);
#9541=AXIS2_PLACEMENT_3D('',#14267,#11730,#11731);
#9542=AXIS2_PLACEMENT_3D('',#14269,#11732,#11733);
#9543=AXIS2_PLACEMENT_3D('',#14270,#11734,#11735);
#9544=AXIS2_PLACEMENT_3D('',#14272,#11736,#11737);
#9545=AXIS2_PLACEMENT_3D('',#14273,#11738,#11739);
#9546=AXIS2_PLACEMENT_3D('',#14275,#11740,#11741);
#9547=AXIS2_PLACEMENT_3D('',#14276,#11742,#11743);
#9548=AXIS2_PLACEMENT_3D('',#14278,#11744,#11745);
#9549=AXIS2_PLACEMENT_3D('',#14279,#11746,#11747);
#9550=AXIS2_PLACEMENT_3D('',#14281,#11748,#11749);
#9551=AXIS2_PLACEMENT_3D('',#14282,#11750,#11751);
#9552=AXIS2_PLACEMENT_3D('',#14284,#11752,#11753);
#9553=AXIS2_PLACEMENT_3D('',#14285,#11754,#11755);
#9554=AXIS2_PLACEMENT_3D('',#14287,#11756,#11757);
#9555=AXIS2_PLACEMENT_3D('',#14288,#11758,#11759);
#9556=AXIS2_PLACEMENT_3D('',#14290,#11760,#11761);
#9557=AXIS2_PLACEMENT_3D('',#14291,#11762,#11763);
#9558=AXIS2_PLACEMENT_3D('',#14293,#11764,#11765);
#9559=AXIS2_PLACEMENT_3D('',#14294,#11766,#11767);
#9560=AXIS2_PLACEMENT_3D('',#14296,#11768,#11769);
#9561=AXIS2_PLACEMENT_3D('',#14297,#11770,#11771);
#9562=AXIS2_PLACEMENT_3D('',#14299,#11772,#11773);
#9563=AXIS2_PLACEMENT_3D('',#14300,#11774,#11775);
#9564=AXIS2_PLACEMENT_3D('',#14302,#11776,#11777);
#9565=AXIS2_PLACEMENT_3D('',#14303,#11778,#11779);
#9566=AXIS2_PLACEMENT_3D('',#14304,#11780,#11781);
#9567=AXIS2_PLACEMENT_3D('',#14305,#11782,#11783);
#9568=AXIS2_PLACEMENT_3D('',#14306,#11784,#11785);
#9569=AXIS2_PLACEMENT_3D('',#14307,#11786,#11787);
#9570=AXIS2_PLACEMENT_3D('',#14308,#11788,#11789);
#9571=AXIS2_PLACEMENT_3D('',#14309,#11790,#11791);
#9572=AXIS2_PLACEMENT_3D('',#14310,#11792,#11793);
#9573=AXIS2_PLACEMENT_3D('',#14311,#11794,#11795);
#9574=AXIS2_PLACEMENT_3D('',#14312,#11796,#11797);
#9575=AXIS2_PLACEMENT_3D('',#14313,#11798,#11799);
#9576=AXIS2_PLACEMENT_3D('',#14314,#11800,#11801);
#9577=AXIS2_PLACEMENT_3D('',#14315,#11802,#11803);
#9578=AXIS2_PLACEMENT_3D('',#14316,#11804,#11805);
#9579=AXIS2_PLACEMENT_3D('',#14317,#11806,#11807);
#9580=AXIS2_PLACEMENT_3D('',#14318,#11808,#11809);
#9581=AXIS2_PLACEMENT_3D('',#14319,#11810,#11811);
#9582=AXIS2_PLACEMENT_3D('',#14320,#11812,#11813);
#9583=AXIS2_PLACEMENT_3D('',#14321,#11814,#11815);
#9584=AXIS2_PLACEMENT_3D('',#14322,#11816,#11817);
#9585=DIRECTION('',(0.,0.,1.));
#9586=DIRECTION('',(1.,0.,0.));
#9587=DIRECTION('',(1.,0.,0.));
#9588=DIRECTION('',(0.,0.,-1.));
#9589=DIRECTION('',(0.,1.,0.));
#9590=DIRECTION('',(0.,0.,1.));
#9591=DIRECTION('',(0.,-1.,0.));
#9592=DIRECTION('',(0.,0.,1.));
#9593=DIRECTION('',(0.,1.,0.));
#9594=DIRECTION('',(0.,0.,1.));
#9595=DIRECTION('',(1.,0.,0.));
#9596=DIRECTION('',(0.,1.,0.));
#9597=DIRECTION('',(1.,0.,0.));
#9598=DIRECTION('',(1.,0.,0.));
#9599=DIRECTION('',(0.,0.,1.));
#9600=DIRECTION('',(-1.,0.,0.));
#9601=DIRECTION('',(0.,1.,0.));
#9602=DIRECTION('',(1.,0.,0.));
#9603=DIRECTION('',(0.,0.,-1.));
#9604=DIRECTION('',(0.,1.,0.));
#9605=DIRECTION('',(1.,0.,0.));
#9606=DIRECTION('',(1.,0.,0.));
#9607=DIRECTION('',(0.,0.,1.));
#9608=DIRECTION('',(-1.,0.,0.));
#9609=DIRECTION('',(0.,0.,-1.));
#9610=DIRECTION('',(0.,1.,0.));
#9611=DIRECTION('',(0.,0.,1.));
#9612=DIRECTION('',(-1.,0.,0.));
#9613=DIRECTION('',(0.,0.,-1.));
#9614=DIRECTION('',(1.,0.,0.));
#9615=DIRECTION('',(0.,0.,-1.));
#9616=DIRECTION('',(-1.,0.,0.));
#9617=DIRECTION('',(0.,0.,-1.));
#9618=DIRECTION('',(1.,0.,0.));
#9619=DIRECTION('',(0.,0.,-1.));
#9620=DIRECTION('',(-1.,0.,0.));
#9621=DIRECTION('',(0.,0.,-1.));
#9622=DIRECTION('',(1.,0.,0.));
#9623=DIRECTION('',(0.,0.,-1.));
#9624=DIRECTION('',(-1.,0.,0.));
#9625=DIRECTION('',(0.,0.,-1.));
#9626=DIRECTION('',(1.,0.,0.));
#9627=DIRECTION('',(0.,0.,-1.));
#9628=DIRECTION('',(0.,1.,0.));
#9629=DIRECTION('',(1.,0.,0.));
#9630=DIRECTION('',(1.,0.,0.));
#9631=DIRECTION('',(0.,0.,-1.));
#9632=DIRECTION('',(-1.,0.,0.));
#9633=DIRECTION('',(0.,0.,1.));
#9634=DIRECTION('',(1.,0.,0.));
#9635=DIRECTION('',(0.,1.,0.));
#9636=DIRECTION('',(1.,0.,0.));
#9637=DIRECTION('',(0.,0.,-1.));
#9638=DIRECTION('',(0.,1.,0.));
#9639=DIRECTION('',(1.,0.,0.));
#9640=DIRECTION('',(-1.,0.,0.));
#9641=DIRECTION('',(0.,0.,1.));
#9642=DIRECTION('',(1.,0.,0.));
#9643=DIRECTION('',(-1.,0.,0.));
#9644=DIRECTION('',(0.,0.,1.));
#9645=DIRECTION('',(0.,1.,0.));
#9646=DIRECTION('',(0.,1.,0.));
#9647=DIRECTION('',(0.,0.,1.));
#9648=DIRECTION('',(1.,0.,0.));
#9649=DIRECTION('',(0.,1.,0.));
#9650=DIRECTION('',(-1.,0.,0.));
#9651=DIRECTION('',(0.,-1.,0.));
#9652=DIRECTION('',(1.,0.,0.));
#9653=DIRECTION('',(0.,1.,0.));
#9654=DIRECTION('',(-1.,0.,0.));
#9655=DIRECTION('',(0.,-1.,0.));
#9656=DIRECTION('',(1.,0.,0.));
#9657=DIRECTION('',(0.,1.,0.));
#9658=DIRECTION('',(-1.,0.,0.));
#9659=DIRECTION('',(0.,-1.,0.));
#9660=DIRECTION('',(1.,0.,0.));
#9661=DIRECTION('',(0.,1.,0.));
#9662=DIRECTION('',(-1.,0.,0.));
#9663=DIRECTION('',(0.,-1.,0.));
#9664=DIRECTION('',(1.,0.,0.));
#9665=DIRECTION('',(0.,1.,0.));
#9666=DIRECTION('',(-1.,0.,0.));
#9667=DIRECTION('',(0.,-1.,0.));
#9668=DIRECTION('',(1.,0.,0.));
#9669=DIRECTION('',(0.,1.,0.));
#9670=DIRECTION('',(-1.,0.,0.));
#9671=DIRECTION('',(0.,-1.,0.));
#9672=DIRECTION('',(1.,0.,0.));
#9673=DIRECTION('',(0.,1.,0.));
#9674=DIRECTION('',(-1.,0.,0.));
#9675=DIRECTION('',(0.,-1.,0.));
#9676=DIRECTION('',(1.,0.,0.));
#9677=DIRECTION('',(0.,1.,0.));
#9678=DIRECTION('',(-1.,0.,0.));
#9679=DIRECTION('',(0.,-1.,0.));
#9680=DIRECTION('',(1.,0.,0.));
#9681=DIRECTION('',(0.,1.,0.));
#9682=DIRECTION('',(-1.,0.,0.));
#9683=DIRECTION('',(0.,-1.,0.));
#9684=DIRECTION('',(1.,0.,0.));
#9685=DIRECTION('',(0.,1.,0.));
#9686=DIRECTION('',(-1.,0.,0.));
#9687=DIRECTION('',(0.,-1.,0.));
#9688=DIRECTION('',(1.,0.,0.));
#9689=DIRECTION('',(0.,1.,0.));
#9690=DIRECTION('',(-1.,0.,0.));
#9691=DIRECTION('',(0.,-1.,0.));
#9692=DIRECTION('',(1.,0.,0.));
#9693=DIRECTION('',(0.,1.,0.));
#9694=DIRECTION('',(-1.,0.,0.));
#9695=DIRECTION('',(0.,-1.,0.));
#9696=DIRECTION('',(1.,0.,0.));
#9697=DIRECTION('',(0.,1.,0.));
#9698=DIRECTION('',(-1.,0.,0.));
#9699=DIRECTION('',(0.,-1.,0.));
#9700=DIRECTION('',(1.,0.,0.));
#9701=DIRECTION('',(0.,1.,0.));
#9702=DIRECTION('',(-1.,0.,0.));
#9703=DIRECTION('',(0.,-1.,0.));
#9704=DIRECTION('',(1.,0.,0.));
#9705=DIRECTION('',(0.,1.,0.));
#9706=DIRECTION('',(-1.,0.,0.));
#9707=DIRECTION('',(0.,-1.,0.));
#9708=DIRECTION('',(1.,0.,0.));
#9709=DIRECTION('',(0.,1.,0.));
#9710=DIRECTION('',(-1.,0.,0.));
#9711=DIRECTION('',(0.,-1.,0.));
#9712=DIRECTION('',(1.,0.,0.));
#9713=DIRECTION('',(0.,1.,0.));
#9714=DIRECTION('',(-1.,0.,0.));
#9715=DIRECTION('',(0.,-1.,0.));
#9716=DIRECTION('',(1.,0.,0.));
#9717=DIRECTION('',(0.,1.,0.));
#9718=DIRECTION('',(-1.,0.,0.));
#9719=DIRECTION('',(0.,-1.,0.));
#9720=DIRECTION('',(1.,0.,0.));
#9721=DIRECTION('',(0.,1.,0.));
#9722=DIRECTION('',(-1.,0.,0.));
#9723=DIRECTION('',(0.,-1.,0.));
#9724=DIRECTION('',(1.,0.,0.));
#9725=DIRECTION('',(0.,1.,0.));
#9726=DIRECTION('',(-1.,0.,0.));
#9727=DIRECTION('',(0.,-1.,0.));
#9728=DIRECTION('',(1.,0.,0.));
#9729=DIRECTION('',(0.,1.,0.));
#9730=DIRECTION('',(0.,1.,0.));
#9731=DIRECTION('',(0.,0.,-1.));
#9732=DIRECTION('',(-1.,0.,0.));
#9733=DIRECTION('',(0.,-1.,0.));
#9734=DIRECTION('',(-1.,0.,0.));
#9735=DIRECTION('',(0.,1.,0.));
#9736=DIRECTION('',(1.,0.,0.));
#9737=DIRECTION('',(0.,-1.,0.));
#9738=DIRECTION('',(-1.,0.,0.));
#9739=DIRECTION('',(0.,1.,0.));
#9740=DIRECTION('',(1.,0.,0.));
#9741=DIRECTION('',(0.,-1.,0.));
#9742=DIRECTION('',(-1.,0.,0.));
#9743=DIRECTION('',(0.,1.,0.));
#9744=DIRECTION('',(1.,0.,0.));
#9745=DIRECTION('',(0.,-1.,0.));
#9746=DIRECTION('',(-1.,0.,0.));
#9747=DIRECTION('',(0.,1.,0.));
#9748=DIRECTION('',(1.,0.,0.));
#9749=DIRECTION('',(0.,-1.,0.));
#9750=DIRECTION('',(-1.,0.,0.));
#9751=DIRECTION('',(0.,1.,0.));
#9752=DIRECTION('',(1.,0.,0.));
#9753=DIRECTION('',(0.,-1.,0.));
#9754=DIRECTION('',(-1.,0.,0.));
#9755=DIRECTION('',(0.,1.,0.));
#9756=DIRECTION('',(1.,0.,0.));
#9757=DIRECTION('',(0.,-1.,0.));
#9758=DIRECTION('',(-1.,0.,0.));
#9759=DIRECTION('',(0.,1.,0.));
#9760=DIRECTION('',(1.,0.,0.));
#9761=DIRECTION('',(0.,-1.,0.));
#9762=DIRECTION('',(-1.,0.,0.));
#9763=DIRECTION('',(0.,1.,0.));
#9764=DIRECTION('',(1.,0.,0.));
#9765=DIRECTION('',(0.,-1.,0.));
#9766=DIRECTION('',(-1.,0.,0.));
#9767=DIRECTION('',(0.,1.,0.));
#9768=DIRECTION('',(1.,0.,0.));
#9769=DIRECTION('',(0.,-1.,0.));
#9770=DIRECTION('',(-1.,0.,0.));
#9771=DIRECTION('',(0.,1.,0.));
#9772=DIRECTION('',(1.,0.,0.));
#9773=DIRECTION('',(0.,-1.,0.));
#9774=DIRECTION('',(-1.,0.,0.));
#9775=DIRECTION('',(0.,1.,0.));
#9776=DIRECTION('',(1.,0.,0.));
#9777=DIRECTION('',(0.,-1.,0.));
#9778=DIRECTION('',(-1.,0.,0.));
#9779=DIRECTION('',(0.,1.,0.));
#9780=DIRECTION('',(1.,0.,0.));
#9781=DIRECTION('',(0.,-1.,0.));
#9782=DIRECTION('',(-1.,0.,0.));
#9783=DIRECTION('',(0.,1.,0.));
#9784=DIRECTION('',(1.,0.,0.));
#9785=DIRECTION('',(0.,-1.,0.));
#9786=DIRECTION('',(-1.,0.,0.));
#9787=DIRECTION('',(0.,1.,0.));
#9788=DIRECTION('',(1.,0.,0.));
#9789=DIRECTION('',(0.,-1.,0.));
#9790=DIRECTION('',(-1.,0.,0.));
#9791=DIRECTION('',(0.,1.,0.));
#9792=DIRECTION('',(1.,0.,0.));
#9793=DIRECTION('',(0.,-1.,0.));
#9794=DIRECTION('',(-1.,0.,0.));
#9795=DIRECTION('',(0.,1.,0.));
#9796=DIRECTION('',(1.,0.,0.));
#9797=DIRECTION('',(0.,-1.,0.));
#9798=DIRECTION('',(-1.,0.,0.));
#9799=DIRECTION('',(0.,1.,0.));
#9800=DIRECTION('',(1.,0.,0.));
#9801=DIRECTION('',(0.,-1.,0.));
#9802=DIRECTION('',(-1.,0.,0.));
#9803=DIRECTION('',(0.,1.,0.));
#9804=DIRECTION('',(1.,0.,0.));
#9805=DIRECTION('',(0.,-1.,0.));
#9806=DIRECTION('',(-1.,0.,0.));
#9807=DIRECTION('',(0.,1.,0.));
#9808=DIRECTION('',(1.,0.,0.));
#9809=DIRECTION('',(0.,-1.,0.));
#9810=DIRECTION('',(-1.,0.,0.));
#9811=DIRECTION('',(0.,1.,0.));
#9812=DIRECTION('',(1.,0.,0.));
#9813=DIRECTION('',(0.,1.,0.));
#9814=DIRECTION('',(-1.,0.,0.));
#9815=DIRECTION('',(0.,0.,1.));
#9816=DIRECTION('',(0.,1.,0.));
#9817=DIRECTION('',(0.,1.,0.));
#9818=DIRECTION('',(0.,0.,1.));
#9819=DIRECTION('',(0.,1.,0.));
#9820=DIRECTION('',(0.,0.,-1.));
#9821=DIRECTION('',(-1.,0.,0.));
#9822=DIRECTION('',(-1.,0.,0.));
#9823=DIRECTION('',(0.,0.,1.));
#9824=DIRECTION('',(0.,1.,0.));
#9825=DIRECTION('',(0.,0.,1.));
#9826=DIRECTION('',(1.,0.,0.));
#9827=DIRECTION('',(0.,1.,0.));
#9828=DIRECTION('',(0.,1.,0.));
#9829=DIRECTION('',(0.,0.,1.));
#9830=DIRECTION('',(0.,1.,0.));
#9831=DIRECTION('',(0.,0.,1.));
#9832=DIRECTION('',(0.,1.,0.));
#9833=DIRECTION('',(0.,0.,1.));
#9834=DIRECTION('',(1.,0.,0.));
#9835=DIRECTION('',(0.,1.,0.));
#9836=DIRECTION('',(1.,0.,0.));
#9837=DIRECTION('',(0.,0.,-1.));
#9838=DIRECTION('',(0.,1.,0.));
#9839=DIRECTION('',(0.,0.,1.));
#9840=DIRECTION('',(0.,0.,1.));
#9841=DIRECTION('',(0.,0.,1.));
#9842=DIRECTION('',(-1.,0.,0.));
#9843=DIRECTION('',(0.,0.,1.));
#9844=DIRECTION('',(0.,0.,1.));
#9845=DIRECTION('',(0.,-1.,0.));
#9846=DIRECTION('',(0.,0.,-1.));
#9847=DIRECTION('',(0.,0.,1.));
#9848=DIRECTION('',(1.,0.,0.));
#9849=DIRECTION('',(0.,0.,-1.));
#9850=DIRECTION('',(0.,1.,0.));
#9851=DIRECTION('',(0.,0.,1.));
#9852=DIRECTION('',(0.,0.,1.));
#9853=DIRECTION('',(0.,0.,1.));
#9854=DIRECTION('',(-1.,0.,0.));
#9855=DIRECTION('',(0.,0.,1.));
#9856=DIRECTION('',(0.,0.,1.));
#9857=DIRECTION('',(0.,-1.,0.));
#9858=DIRECTION('',(0.,0.,-1.));
#9859=DIRECTION('',(0.,0.,1.));
#9860=DIRECTION('',(1.,0.,0.));
#9861=DIRECTION('',(0.,0.,-1.));
#9862=DIRECTION('',(0.,1.,0.));
#9863=DIRECTION('',(0.,0.,1.));
#9864=DIRECTION('',(0.,0.,1.));
#9865=DIRECTION('',(0.,0.,1.));
#9866=DIRECTION('',(-1.,0.,0.));
#9867=DIRECTION('',(0.,0.,1.));
#9868=DIRECTION('',(0.,0.,1.));
#9869=DIRECTION('',(0.,-1.,0.));
#9870=DIRECTION('',(0.,0.,-1.));
#9871=DIRECTION('',(0.,0.,1.));
#9872=DIRECTION('',(1.,0.,0.));
#9873=DIRECTION('',(0.,0.,-1.));
#9874=DIRECTION('',(0.,1.,0.));
#9875=DIRECTION('',(0.,0.,1.));
#9876=DIRECTION('',(0.,0.,1.));
#9877=DIRECTION('',(0.,0.,1.));
#9878=DIRECTION('',(-1.,0.,0.));
#9879=DIRECTION('',(0.,0.,1.));
#9880=DIRECTION('',(0.,0.,1.));
#9881=DIRECTION('',(0.,-1.,0.));
#9882=DIRECTION('',(0.,0.,-1.));
#9883=DIRECTION('',(0.,0.,1.));
#9884=DIRECTION('',(1.,0.,0.));
#9885=DIRECTION('',(0.,0.,-1.));
#9886=DIRECTION('',(0.,1.,0.));
#9887=DIRECTION('',(0.,0.,1.));
#9888=DIRECTION('',(0.,0.,1.));
#9889=DIRECTION('',(0.,0.,1.));
#9890=DIRECTION('',(-1.,0.,0.));
#9891=DIRECTION('',(0.,0.,1.));
#9892=DIRECTION('',(0.,0.,1.));
#9893=DIRECTION('',(0.,-1.,0.));
#9894=DIRECTION('',(0.,0.,-1.));
#9895=DIRECTION('',(0.,0.,1.));
#9896=DIRECTION('',(1.,0.,0.));
#9897=DIRECTION('',(0.,0.,-1.));
#9898=DIRECTION('',(0.,1.,0.));
#9899=DIRECTION('',(0.,0.,1.));
#9900=DIRECTION('',(0.,0.,1.));
#9901=DIRECTION('',(0.,0.,1.));
#9902=DIRECTION('',(-1.,0.,0.));
#9903=DIRECTION('',(0.,0.,1.));
#9904=DIRECTION('',(0.,0.,1.));
#9905=DIRECTION('',(0.,-1.,0.));
#9906=DIRECTION('',(0.,0.,-1.));
#9907=DIRECTION('',(0.,0.,1.));
#9908=DIRECTION('',(1.,0.,0.));
#9909=DIRECTION('',(0.,0.,-1.));
#9910=DIRECTION('',(0.,1.,0.));
#9911=DIRECTION('',(0.,0.,1.));
#9912=DIRECTION('',(0.,0.,1.));
#9913=DIRECTION('',(0.,0.,1.));
#9914=DIRECTION('',(-1.,0.,0.));
#9915=DIRECTION('',(0.,0.,1.));
#9916=DIRECTION('',(0.,0.,1.));
#9917=DIRECTION('',(0.,-1.,0.));
#9918=DIRECTION('',(0.,0.,-1.));
#9919=DIRECTION('',(0.,0.,1.));
#9920=DIRECTION('',(1.,0.,0.));
#9921=DIRECTION('',(0.,0.,-1.));
#9922=DIRECTION('',(0.,1.,0.));
#9923=DIRECTION('',(0.,0.,1.));
#9924=DIRECTION('',(0.,0.,1.));
#9925=DIRECTION('',(0.,0.,1.));
#9926=DIRECTION('',(-1.,0.,0.));
#9927=DIRECTION('',(0.,0.,1.));
#9928=DIRECTION('',(0.,0.,1.));
#9929=DIRECTION('',(0.,-1.,0.));
#9930=DIRECTION('',(0.,0.,-1.));
#9931=DIRECTION('',(0.,0.,1.));
#9932=DIRECTION('',(1.,0.,0.));
#9933=DIRECTION('',(0.,0.,-1.));
#9934=DIRECTION('',(0.,1.,0.));
#9935=DIRECTION('',(0.,0.,1.));
#9936=DIRECTION('',(0.,0.,1.));
#9937=DIRECTION('',(0.,0.,1.));
#9938=DIRECTION('',(-1.,0.,0.));
#9939=DIRECTION('',(0.,0.,1.));
#9940=DIRECTION('',(0.,0.,1.));
#9941=DIRECTION('',(0.,-1.,0.));
#9942=DIRECTION('',(0.,0.,-1.));
#9943=DIRECTION('',(0.,0.,1.));
#9944=DIRECTION('',(1.,0.,0.));
#9945=DIRECTION('',(0.,0.,-1.));
#9946=DIRECTION('',(0.,1.,0.));
#9947=DIRECTION('',(0.,0.,1.));
#9948=DIRECTION('',(0.,0.,1.));
#9949=DIRECTION('',(0.,0.,1.));
#9950=DIRECTION('',(-1.,0.,0.));
#9951=DIRECTION('',(0.,0.,1.));
#9952=DIRECTION('',(0.,0.,1.));
#9953=DIRECTION('',(0.,-1.,0.));
#9954=DIRECTION('',(0.,0.,-1.));
#9955=DIRECTION('',(0.,0.,1.));
#9956=DIRECTION('',(1.,0.,0.));
#9957=DIRECTION('',(0.,0.,-1.));
#9958=DIRECTION('',(0.,1.,0.));
#9959=DIRECTION('',(0.,0.,1.));
#9960=DIRECTION('',(0.,0.,1.));
#9961=DIRECTION('',(0.,0.,1.));
#9962=DIRECTION('',(-1.,0.,0.));
#9963=DIRECTION('',(0.,0.,1.));
#9964=DIRECTION('',(0.,0.,1.));
#9965=DIRECTION('',(0.,-1.,0.));
#9966=DIRECTION('',(0.,0.,-1.));
#9967=DIRECTION('',(0.,0.,1.));
#9968=DIRECTION('',(1.,0.,0.));
#9969=DIRECTION('',(0.,0.,-1.));
#9970=DIRECTION('',(0.,1.,0.));
#9971=DIRECTION('',(0.,0.,1.));
#9972=DIRECTION('',(0.,0.,1.));
#9973=DIRECTION('',(0.,0.,1.));
#9974=DIRECTION('',(-1.,0.,0.));
#9975=DIRECTION('',(0.,0.,1.));
#9976=DIRECTION('',(0.,0.,1.));
#9977=DIRECTION('',(0.,-1.,0.));
#9978=DIRECTION('',(0.,0.,-1.));
#9979=DIRECTION('',(0.,0.,1.));
#9980=DIRECTION('',(1.,0.,0.));
#9981=DIRECTION('',(0.,0.,-1.));
#9982=DIRECTION('',(0.,1.,0.));
#9983=DIRECTION('',(0.,0.,1.));
#9984=DIRECTION('',(0.,0.,1.));
#9985=DIRECTION('',(0.,0.,1.));
#9986=DIRECTION('',(-1.,0.,0.));
#9987=DIRECTION('',(0.,0.,1.));
#9988=DIRECTION('',(0.,0.,1.));
#9989=DIRECTION('',(0.,-1.,0.));
#9990=DIRECTION('',(0.,0.,-1.));
#9991=DIRECTION('',(0.,0.,1.));
#9992=DIRECTION('',(1.,0.,0.));
#9993=DIRECTION('',(0.,0.,-1.));
#9994=DIRECTION('',(0.,1.,0.));
#9995=DIRECTION('',(0.,0.,1.));
#9996=DIRECTION('',(0.,0.,1.));
#9997=DIRECTION('',(0.,0.,1.));
#9998=DIRECTION('',(-1.,0.,0.));
#9999=DIRECTION('',(0.,0.,1.));
#10000=DIRECTION('',(0.,0.,1.));
#10001=DIRECTION('',(0.,-1.,0.));
#10002=DIRECTION('',(0.,0.,-1.));
#10003=DIRECTION('',(0.,0.,1.));
#10004=DIRECTION('',(1.,0.,0.));
#10005=DIRECTION('',(0.,0.,-1.));
#10006=DIRECTION('',(0.,1.,0.));
#10007=DIRECTION('',(0.,0.,1.));
#10008=DIRECTION('',(0.,0.,1.));
#10009=DIRECTION('',(0.,0.,1.));
#10010=DIRECTION('',(-1.,0.,0.));
#10011=DIRECTION('',(0.,0.,1.));
#10012=DIRECTION('',(0.,0.,1.));
#10013=DIRECTION('',(0.,-1.,0.));
#10014=DIRECTION('',(0.,0.,-1.));
#10015=DIRECTION('',(0.,0.,1.));
#10016=DIRECTION('',(1.,0.,0.));
#10017=DIRECTION('',(0.,0.,-1.));
#10018=DIRECTION('',(0.,1.,0.));
#10019=DIRECTION('',(0.,0.,1.));
#10020=DIRECTION('',(0.,0.,1.));
#10021=DIRECTION('',(0.,0.,1.));
#10022=DIRECTION('',(-1.,0.,0.));
#10023=DIRECTION('',(0.,0.,1.));
#10024=DIRECTION('',(0.,0.,1.));
#10025=DIRECTION('',(0.,-1.,0.));
#10026=DIRECTION('',(0.,0.,-1.));
#10027=DIRECTION('',(0.,0.,1.));
#10028=DIRECTION('',(1.,0.,0.));
#10029=DIRECTION('',(0.,0.,-1.));
#10030=DIRECTION('',(0.,1.,0.));
#10031=DIRECTION('',(0.,0.,1.));
#10032=DIRECTION('',(0.,0.,1.));
#10033=DIRECTION('',(0.,0.,1.));
#10034=DIRECTION('',(-1.,0.,0.));
#10035=DIRECTION('',(0.,0.,1.));
#10036=DIRECTION('',(0.,0.,1.));
#10037=DIRECTION('',(0.,-1.,0.));
#10038=DIRECTION('',(0.,0.,-1.));
#10039=DIRECTION('',(0.,0.,1.));
#10040=DIRECTION('',(1.,0.,0.));
#10041=DIRECTION('',(0.,0.,-1.));
#10042=DIRECTION('',(0.,1.,0.));
#10043=DIRECTION('',(0.,0.,1.));
#10044=DIRECTION('',(0.,0.,1.));
#10045=DIRECTION('',(0.,0.,1.));
#10046=DIRECTION('',(-1.,0.,0.));
#10047=DIRECTION('',(0.,0.,1.));
#10048=DIRECTION('',(0.,0.,1.));
#10049=DIRECTION('',(0.,-1.,0.));
#10050=DIRECTION('',(0.,0.,-1.));
#10051=DIRECTION('',(0.,0.,1.));
#10052=DIRECTION('',(1.,0.,0.));
#10053=DIRECTION('',(0.,0.,-1.));
#10054=DIRECTION('',(0.,1.,0.));
#10055=DIRECTION('',(0.,0.,1.));
#10056=DIRECTION('',(0.,0.,1.));
#10057=DIRECTION('',(0.,0.,1.));
#10058=DIRECTION('',(-1.,0.,0.));
#10059=DIRECTION('',(0.,0.,1.));
#10060=DIRECTION('',(0.,0.,1.));
#10061=DIRECTION('',(0.,-1.,0.));
#10062=DIRECTION('',(0.,0.,-1.));
#10063=DIRECTION('',(0.,0.,1.));
#10064=DIRECTION('',(1.,0.,0.));
#10065=DIRECTION('',(0.,0.,-1.));
#10066=DIRECTION('',(0.,1.,0.));
#10067=DIRECTION('',(0.,0.,1.));
#10068=DIRECTION('',(0.,0.,1.));
#10069=DIRECTION('',(0.,0.,1.));
#10070=DIRECTION('',(-1.,0.,0.));
#10071=DIRECTION('',(0.,0.,1.));
#10072=DIRECTION('',(0.,0.,1.));
#10073=DIRECTION('',(0.,-1.,0.));
#10074=DIRECTION('',(0.,0.,-1.));
#10075=DIRECTION('',(0.,0.,1.));
#10076=DIRECTION('',(1.,0.,0.));
#10077=DIRECTION('',(0.,0.,-1.));
#10078=DIRECTION('',(0.,1.,0.));
#10079=DIRECTION('',(0.,0.,1.));
#10080=DIRECTION('',(0.,0.,-1.));
#10081=DIRECTION('',(-1.,0.,0.));
#10082=DIRECTION('',(0.,0.,-1.));
#10083=DIRECTION('',(-1.,0.,0.));
#10084=DIRECTION('',(0.,0.5,0.866025403784439));
#10085=DIRECTION('',(0.,-0.866025403784439,0.5));
#10086=DIRECTION('',(0.,0.866025403784439,-0.5));
#10087=DIRECTION('',(-1.,0.,0.));
#10088=DIRECTION('',(0.,0.866025403784439,-0.5));
#10089=DIRECTION('',(0.,-1.,0.));
#10090=DIRECTION('',(0.,0.,-1.));
#10091=DIRECTION('',(0.,0.,1.));
#10092=DIRECTION('',(-1.,0.,0.));
#10093=DIRECTION('',(0.,0.,1.));
#10094=DIRECTION('',(0.,0.5,0.866025403784439));
#10095=DIRECTION('',(0.,-0.866025403784439,0.5));
#10096=DIRECTION('',(0.,0.866025403784439,-0.5));
#10097=DIRECTION('',(-1.,0.,0.));
#10098=DIRECTION('',(0.,0.866025403784439,-0.5));
#10099=DIRECTION('',(0.,-1.,-2.43914999434309E-15));
#10100=DIRECTION('',(0.,2.43914999434309E-15,-1.));
#10101=DIRECTION('',(0.,-2.43914999434309E-15,1.));
#10102=DIRECTION('',(-1.,0.,0.));
#10103=DIRECTION('',(0.,-2.43914999434309E-15,1.));
#10104=DIRECTION('',(1.,0.,0.));
#10105=DIRECTION('',(0.,0.,-1.));
#10106=DIRECTION('',(0.,-1.,0.));
#10107=DIRECTION('',(0.,1.,0.));
#10108=DIRECTION('',(1.,0.,0.));
#10109=DIRECTION('',(0.,0.,-1.));
#10110=DIRECTION('',(0.,-1.,0.));
#10111=DIRECTION('',(0.,1.,0.));
#10112=DIRECTION('',(0.,0.,1.));
#10113=DIRECTION('',(1.,0.,0.));
#10114=DIRECTION('',(0.,0.,-1.));
#10115=DIRECTION('',(-1.,0.,0.));
#10116=DIRECTION('',(0.,0.,1.));
#10117=DIRECTION('',(1.,0.,0.));
#10118=DIRECTION('',(0.,1.,0.));
#10119=DIRECTION('',(0.,1.,0.));
#10120=DIRECTION('',(-1.,0.,0.));
#10121=DIRECTION('',(0.,0.,-1.));
#10122=DIRECTION('',(-1.,0.,0.));
#10123=DIRECTION('',(0.,-1.,0.));
#10124=DIRECTION('',(0.,-1.,0.));
#10125=DIRECTION('',(-1.,0.,0.));
#10126=DIRECTION('',(1.,0.,0.));
#10127=DIRECTION('',(0.,0.,-1.));
#10128=DIRECTION('',(0.,2.43914999434309E-15,1.));
#10129=DIRECTION('',(0.,-0.866025403784438,-0.5));
#10130=DIRECTION('',(0.,0.,1.));
#10131=DIRECTION('',(0.,-0.866025403784439,-0.5));
#10132=DIRECTION('',(0.,0.,-1.));
#10133=DIRECTION('',(1.,0.,0.));
#10134=DIRECTION('',(0.,0.,-1.));
#10135=DIRECTION('',(0.,0.,-1.));
#10136=DIRECTION('',(0.,-0.866025403784439,-0.5));
#10137=DIRECTION('',(0.,0.,1.));
#10138=DIRECTION('',(0.,-0.866025403784438,-0.5));
#10139=DIRECTION('',(0.,2.43914999434309E-15,1.));
#10140=DIRECTION('',(0.,-1.,2.43914999434309E-15));
#10141=DIRECTION('',(0.,-2.43914999434309E-15,-1.));
#10142=DIRECTION('',(-1.,0.,0.));
#10143=DIRECTION('',(0.,0.5,-0.866025403784438));
#10144=DIRECTION('',(0.,0.866025403784439,0.5));
#10145=DIRECTION('',(-1.,0.,0.));
#10146=DIRECTION('',(0.,-1.,0.));
#10147=DIRECTION('',(0.,0.,-1.));
#10148=DIRECTION('',(-1.,0.,0.));
#10149=DIRECTION('',(0.,0.5,-0.866025403784439));
#10150=DIRECTION('',(0.,0.866025403784439,0.5));
#10151=DIRECTION('',(-1.,0.,0.));
#10152=DIRECTION('',(0.,1.,0.));
#10153=DIRECTION('',(0.,0.,1.));
#10154=DIRECTION('',(0.,1.,0.));
#10155=DIRECTION('',(0.,0.,1.));
#10156=DIRECTION('',(0.,0.,-1.));
#10157=DIRECTION('',(-1.,0.,0.));
#10158=DIRECTION('',(0.,0.,-1.));
#10159=DIRECTION('',(-1.,0.,0.));
#10160=DIRECTION('',(0.,0.5,0.866025403784439));
#10161=DIRECTION('',(0.,-0.866025403784439,0.5));
#10162=DIRECTION('',(0.,0.866025403784439,-0.5));
#10163=DIRECTION('',(-1.,0.,0.));
#10164=DIRECTION('',(0.,0.866025403784439,-0.5));
#10165=DIRECTION('',(0.,-1.,0.));
#10166=DIRECTION('',(0.,0.,-1.));
#10167=DIRECTION('',(0.,0.,1.));
#10168=DIRECTION('',(-1.,0.,0.));
#10169=DIRECTION('',(0.,0.,1.));
#10170=DIRECTION('',(0.,0.5,0.866025403784439));
#10171=DIRECTION('',(0.,-0.866025403784439,0.5));
#10172=DIRECTION('',(0.,0.866025403784439,-0.5));
#10173=DIRECTION('',(-1.,0.,0.));
#10174=DIRECTION('',(0.,0.866025403784439,-0.5));
#10175=DIRECTION('',(0.,-1.,-2.43914999434309E-15));
#10176=DIRECTION('',(0.,2.43914999434309E-15,-1.));
#10177=DIRECTION('',(0.,-2.43914999434309E-15,1.));
#10178=DIRECTION('',(-1.,0.,0.));
#10179=DIRECTION('',(0.,-2.43914999434309E-15,1.));
#10180=DIRECTION('',(1.,0.,0.));
#10181=DIRECTION('',(0.,0.,-1.));
#10182=DIRECTION('',(0.,-1.,0.));
#10183=DIRECTION('',(0.,1.,0.));
#10184=DIRECTION('',(1.,0.,0.));
#10185=DIRECTION('',(0.,0.,-1.));
#10186=DIRECTION('',(0.,-1.,0.));
#10187=DIRECTION('',(0.,1.,0.));
#10188=DIRECTION('',(0.,0.,1.));
#10189=DIRECTION('',(1.,0.,0.));
#10190=DIRECTION('',(0.,0.,-1.));
#10191=DIRECTION('',(-1.,0.,0.));
#10192=DIRECTION('',(0.,0.,1.));
#10193=DIRECTION('',(1.,0.,0.));
#10194=DIRECTION('',(0.,1.,0.));
#10195=DIRECTION('',(0.,1.,0.));
#10196=DIRECTION('',(-1.,0.,0.));
#10197=DIRECTION('',(0.,0.,-1.));
#10198=DIRECTION('',(-1.,0.,0.));
#10199=DIRECTION('',(0.,-1.,0.));
#10200=DIRECTION('',(0.,-1.,0.));
#10201=DIRECTION('',(-1.,0.,0.));
#10202=DIRECTION('',(1.,0.,0.));
#10203=DIRECTION('',(0.,0.,-1.));
#10204=DIRECTION('',(0.,2.43914999434309E-15,1.));
#10205=DIRECTION('',(0.,-0.866025403784438,-0.5));
#10206=DIRECTION('',(0.,0.,1.));
#10207=DIRECTION('',(0.,-0.866025403784439,-0.5));
#10208=DIRECTION('',(0.,0.,-1.));
#10209=DIRECTION('',(1.,0.,0.));
#10210=DIRECTION('',(0.,0.,-1.));
#10211=DIRECTION('',(0.,0.,-1.));
#10212=DIRECTION('',(0.,-0.866025403784439,-0.5));
#10213=DIRECTION('',(0.,0.,1.));
#10214=DIRECTION('',(0.,-0.866025403784438,-0.5));
#10215=DIRECTION('',(0.,2.43914999434309E-15,1.));
#10216=DIRECTION('',(0.,-1.,2.43914999434309E-15));
#10217=DIRECTION('',(0.,-2.43914999434309E-15,-1.));
#10218=DIRECTION('',(-1.,0.,0.));
#10219=DIRECTION('',(0.,0.5,-0.866025403784438));
#10220=DIRECTION('',(0.,0.866025403784439,0.5));
#10221=DIRECTION('',(-1.,0.,0.));
#10222=DIRECTION('',(0.,-1.,0.));
#10223=DIRECTION('',(0.,0.,-1.));
#10224=DIRECTION('',(-1.,0.,0.));
#10225=DIRECTION('',(0.,0.5,-0.866025403784439));
#10226=DIRECTION('',(0.,0.866025403784439,0.5));
#10227=DIRECTION('',(-1.,0.,0.));
#10228=DIRECTION('',(0.,1.,0.));
#10229=DIRECTION('',(0.,0.,1.));
#10230=DIRECTION('',(0.,0.,1.));
#10231=DIRECTION('',(1.,0.,0.));
#10232=DIRECTION('',(-1.,0.,0.));
#10233=DIRECTION('',(0.,0.,1.));
#10234=DIRECTION('',(0.,0.,1.));
#10235=DIRECTION('',(0.,1.,0.));
#10236=DIRECTION('',(0.,0.,1.));
#10237=DIRECTION('',(0.,-1.,0.));
#10238=DIRECTION('',(1.,0.,0.));
#10239=DIRECTION('',(0.,0.,-1.));
#10240=DIRECTION('',(0.,0.,1.));
#10241=DIRECTION('',(0.,-1.,0.));
#10242=DIRECTION('',(0.,0.,-1.));
#10243=DIRECTION('',(0.,1.,0.));
#10244=DIRECTION('',(0.,1.,0.));
#10245=DIRECTION('',(0.,0.,1.));
#10246=DIRECTION('',(1.,0.,0.));
#10247=DIRECTION('',(-1.,0.,0.));
#10248=DIRECTION('',(0.,0.,-1.));
#10249=DIRECTION('',(-1.,0.,0.));
#10250=DIRECTION('',(0.,0.,1.));
#10251=DIRECTION('',(-1.,0.,0.));
#10252=DIRECTION('',(0.,0.,-1.));
#10253=DIRECTION('',(-1.,0.,0.));
#10254=DIRECTION('',(0.,0.,1.));
#10255=DIRECTION('',(-1.,0.,0.));
#10256=DIRECTION('',(0.,0.,-1.));
#10257=DIRECTION('',(-1.,0.,0.));
#10258=DIRECTION('',(0.,0.,1.));
#10259=DIRECTION('',(-1.,0.,0.));
#10260=DIRECTION('',(0.,0.,-1.));
#10261=DIRECTION('',(-1.,0.,0.));
#10262=DIRECTION('',(0.,0.,1.));
#10263=DIRECTION('',(-1.,0.,0.));
#10264=DIRECTION('',(0.,0.,-1.));
#10265=DIRECTION('',(-1.,0.,0.));
#10266=DIRECTION('',(0.,0.,1.));
#10267=DIRECTION('',(-1.,0.,0.));
#10268=DIRECTION('',(0.,0.,-1.));
#10269=DIRECTION('',(-1.,0.,0.));
#10270=DIRECTION('',(0.,0.,1.));
#10271=DIRECTION('',(-1.,0.,0.));
#10272=DIRECTION('',(0.,0.,-1.));
#10273=DIRECTION('',(-1.,0.,0.));
#10274=DIRECTION('',(0.,0.,1.));
#10275=DIRECTION('',(-1.,0.,0.));
#10276=DIRECTION('',(0.,0.,-1.));
#10277=DIRECTION('',(-1.,0.,0.));
#10278=DIRECTION('',(0.,0.,1.));
#10279=DIRECTION('',(-1.,0.,0.));
#10280=DIRECTION('',(0.,0.,-1.));
#10281=DIRECTION('',(-1.,0.,0.));
#10282=DIRECTION('',(0.,0.,1.));
#10283=DIRECTION('',(-1.,0.,0.));
#10284=DIRECTION('',(0.,0.,-1.));
#10285=DIRECTION('',(-1.,0.,0.));
#10286=DIRECTION('',(0.,0.,1.));
#10287=DIRECTION('',(-1.,0.,0.));
#10288=DIRECTION('',(0.,-1.,0.));
#10289=DIRECTION('',(0.,0.,-1.));
#10290=DIRECTION('',(-1.,0.,0.));
#10291=DIRECTION('',(1.,0.,0.));
#10292=DIRECTION('',(0.,0.,-1.));
#10293=DIRECTION('',(-1.,0.,0.));
#10294=DIRECTION('',(0.,0.,1.));
#10295=DIRECTION('',(1.,0.,0.));
#10296=DIRECTION('',(0.,0.,-1.));
#10297=DIRECTION('',(-1.,0.,0.));
#10298=DIRECTION('',(0.,0.,1.));
#10299=DIRECTION('',(1.,0.,0.));
#10300=DIRECTION('',(0.,0.,-1.));
#10301=DIRECTION('',(-1.,0.,0.));
#10302=DIRECTION('',(0.,0.,1.));
#10303=DIRECTION('',(1.,0.,0.));
#10304=DIRECTION('',(0.,0.,-1.));
#10305=DIRECTION('',(-1.,0.,0.));
#10306=DIRECTION('',(0.,0.,1.));
#10307=DIRECTION('',(1.,0.,0.));
#10308=DIRECTION('',(0.,0.,-1.));
#10309=DIRECTION('',(-1.,0.,0.));
#10310=DIRECTION('',(0.,0.,1.));
#10311=DIRECTION('',(1.,0.,0.));
#10312=DIRECTION('',(0.,0.,-1.));
#10313=DIRECTION('',(-1.,0.,0.));
#10314=DIRECTION('',(0.,0.,1.));
#10315=DIRECTION('',(1.,0.,0.));
#10316=DIRECTION('',(0.,0.,-1.));
#10317=DIRECTION('',(-1.,0.,0.));
#10318=DIRECTION('',(0.,0.,1.));
#10319=DIRECTION('',(1.,0.,0.));
#10320=DIRECTION('',(0.,0.,-1.));
#10321=DIRECTION('',(-1.,0.,0.));
#10322=DIRECTION('',(0.,0.,1.));
#10323=DIRECTION('',(1.,0.,0.));
#10324=DIRECTION('',(0.,0.,-1.));
#10325=DIRECTION('',(-1.,0.,0.));
#10326=DIRECTION('',(0.,0.,1.));
#10327=DIRECTION('',(1.,0.,0.));
#10328=DIRECTION('',(0.,0.,-1.));
#10329=DIRECTION('',(-1.,0.,0.));
#10330=DIRECTION('',(0.,0.,1.));
#10331=DIRECTION('',(1.,0.,0.));
#10332=DIRECTION('',(0.,0.,-1.));
#10333=DIRECTION('',(-1.,0.,0.));
#10334=DIRECTION('',(0.,0.,1.));
#10335=DIRECTION('',(1.,0.,0.));
#10336=DIRECTION('',(0.,0.,-1.));
#10337=DIRECTION('',(-1.,0.,0.));
#10338=DIRECTION('',(0.,0.,1.));
#10339=DIRECTION('',(1.,0.,0.));
#10340=DIRECTION('',(0.,0.,-1.));
#10341=DIRECTION('',(-1.,0.,0.));
#10342=DIRECTION('',(0.,0.,1.));
#10343=DIRECTION('',(1.,0.,0.));
#10344=DIRECTION('',(0.,0.,-1.));
#10345=DIRECTION('',(-1.,0.,0.));
#10346=DIRECTION('',(0.,0.,1.));
#10347=DIRECTION('',(1.,0.,0.));
#10348=DIRECTION('',(0.,0.,-1.));
#10349=DIRECTION('',(-1.,0.,0.));
#10350=DIRECTION('',(0.,0.,1.));
#10351=DIRECTION('',(1.,0.,0.));
#10352=DIRECTION('',(0.,0.,-1.));
#10353=DIRECTION('',(-1.,0.,0.));
#10354=DIRECTION('',(0.,0.,1.));
#10355=DIRECTION('',(1.,0.,0.));
#10356=DIRECTION('',(0.,0.,-1.));
#10357=DIRECTION('',(-1.,0.,0.));
#10358=DIRECTION('',(0.,0.,1.));
#10359=DIRECTION('',(1.,0.,0.));
#10360=DIRECTION('',(0.,0.,-1.));
#10361=DIRECTION('',(-1.,0.,0.));
#10362=DIRECTION('',(0.,0.,1.));
#10363=DIRECTION('',(1.,0.,0.));
#10364=DIRECTION('',(0.,0.,-1.));
#10365=DIRECTION('',(-1.,0.,0.));
#10366=DIRECTION('',(0.,0.,1.));
#10367=DIRECTION('',(1.,0.,0.));
#10368=DIRECTION('',(0.,0.,-1.));
#10369=DIRECTION('',(-1.,0.,0.));
#10370=DIRECTION('',(0.,0.,1.));
#10371=DIRECTION('',(1.,0.,0.));
#10372=DIRECTION('',(0.,0.,-1.));
#10373=DIRECTION('',(-1.,0.,0.));
#10374=DIRECTION('',(0.,-1.,0.));
#10375=DIRECTION('',(-1.,0.,0.));
#10376=DIRECTION('',(0.,-1.,0.));
#10377=DIRECTION('',(1.,0.,0.));
#10378=DIRECTION('',(0.,-1.,0.));
#10379=DIRECTION('',(-1.,0.,0.));
#10380=DIRECTION('',(0.,-1.,0.));
#10381=DIRECTION('',(1.,0.,0.));
#10382=DIRECTION('',(0.,-1.,0.));
#10383=DIRECTION('',(0.,-1.,0.));
#10384=DIRECTION('',(1.,0.,0.));
#10385=DIRECTION('',(0.,1.,0.));
#10386=DIRECTION('',(-1.,0.,0.));
#10387=DIRECTION('',(0.,-1.,0.));
#10388=DIRECTION('',(0.,0.,-1.));
#10389=DIRECTION('',(-1.,0.,0.));
#10390=DIRECTION('',(0.,-1.,0.));
#10391=DIRECTION('',(-1.,0.,0.));
#10392=DIRECTION('',(0.,-1.,0.));
#10393=DIRECTION('',(1.,0.,0.));
#10394=DIRECTION('',(0.,-1.,0.));
#10395=DIRECTION('',(-1.,0.,0.));
#10396=DIRECTION('',(0.,-1.,0.));
#10397=DIRECTION('',(1.,0.,0.));
#10398=DIRECTION('',(0.,-1.,0.));
#10399=DIRECTION('',(0.,-1.,0.));
#10400=DIRECTION('',(1.,0.,0.));
#10401=DIRECTION('',(0.,1.,0.));
#10402=DIRECTION('',(-1.,0.,0.));
#10403=DIRECTION('',(0.,-1.,0.));
#10404=DIRECTION('',(0.,0.,-1.));
#10405=DIRECTION('',(-1.,0.,0.));
#10406=DIRECTION('',(0.,-1.,0.));
#10407=DIRECTION('',(-1.,0.,0.));
#10408=DIRECTION('',(0.,-1.,0.));
#10409=DIRECTION('',(1.,0.,0.));
#10410=DIRECTION('',(0.,-1.,0.));
#10411=DIRECTION('',(-1.,0.,0.));
#10412=DIRECTION('',(0.,-1.,0.));
#10413=DIRECTION('',(1.,0.,0.));
#10414=DIRECTION('',(0.,-1.,0.));
#10415=DIRECTION('',(0.,-1.,0.));
#10416=DIRECTION('',(1.,0.,0.));
#10417=DIRECTION('',(0.,1.,0.));
#10418=DIRECTION('',(-1.,0.,0.));
#10419=DIRECTION('',(0.,-1.,0.));
#10420=DIRECTION('',(0.,0.,-1.));
#10421=DIRECTION('',(-1.,0.,0.));
#10422=DIRECTION('',(0.,-1.,0.));
#10423=DIRECTION('',(-1.,0.,0.));
#10424=DIRECTION('',(0.,-1.,0.));
#10425=DIRECTION('',(1.,0.,0.));
#10426=DIRECTION('',(0.,-1.,0.));
#10427=DIRECTION('',(-1.,0.,0.));
#10428=DIRECTION('',(0.,-1.,0.));
#10429=DIRECTION('',(1.,0.,0.));
#10430=DIRECTION('',(0.,-1.,0.));
#10431=DIRECTION('',(0.,-1.,0.));
#10432=DIRECTION('',(1.,0.,0.));
#10433=DIRECTION('',(0.,1.,0.));
#10434=DIRECTION('',(-1.,0.,0.));
#10435=DIRECTION('',(0.,-1.,0.));
#10436=DIRECTION('',(0.,0.,-1.));
#10437=DIRECTION('',(-1.,0.,0.));
#10438=DIRECTION('',(0.,-1.,0.));
#10439=DIRECTION('',(-1.,0.,0.));
#10440=DIRECTION('',(0.,-1.,0.));
#10441=DIRECTION('',(1.,0.,0.));
#10442=DIRECTION('',(0.,-1.,0.));
#10443=DIRECTION('',(-1.,0.,0.));
#10444=DIRECTION('',(0.,-1.,0.));
#10445=DIRECTION('',(1.,0.,0.));
#10446=DIRECTION('',(0.,-1.,0.));
#10447=DIRECTION('',(0.,-1.,0.));
#10448=DIRECTION('',(1.,0.,0.));
#10449=DIRECTION('',(0.,1.,0.));
#10450=DIRECTION('',(-1.,0.,0.));
#10451=DIRECTION('',(0.,-1.,0.));
#10452=DIRECTION('',(0.,0.,-1.));
#10453=DIRECTION('',(-1.,0.,0.));
#10454=DIRECTION('',(0.,-1.,0.));
#10455=DIRECTION('',(-1.,0.,0.));
#10456=DIRECTION('',(0.,-1.,0.));
#10457=DIRECTION('',(1.,0.,0.));
#10458=DIRECTION('',(0.,-1.,0.));
#10459=DIRECTION('',(-1.,0.,0.));
#10460=DIRECTION('',(0.,-1.,0.));
#10461=DIRECTION('',(1.,0.,0.));
#10462=DIRECTION('',(0.,-1.,0.));
#10463=DIRECTION('',(0.,-1.,0.));
#10464=DIRECTION('',(1.,0.,0.));
#10465=DIRECTION('',(0.,1.,0.));
#10466=DIRECTION('',(-1.,0.,0.));
#10467=DIRECTION('',(0.,-1.,0.));
#10468=DIRECTION('',(0.,0.,-1.));
#10469=DIRECTION('',(-1.,0.,0.));
#10470=DIRECTION('',(0.,-1.,0.));
#10471=DIRECTION('',(-1.,0.,0.));
#10472=DIRECTION('',(0.,-1.,0.));
#10473=DIRECTION('',(1.,0.,0.));
#10474=DIRECTION('',(0.,-1.,0.));
#10475=DIRECTION('',(-1.,0.,0.));
#10476=DIRECTION('',(0.,-1.,0.));
#10477=DIRECTION('',(1.,0.,0.));
#10478=DIRECTION('',(0.,-1.,0.));
#10479=DIRECTION('',(0.,-1.,0.));
#10480=DIRECTION('',(1.,0.,0.));
#10481=DIRECTION('',(0.,1.,0.));
#10482=DIRECTION('',(-1.,0.,0.));
#10483=DIRECTION('',(0.,-1.,0.));
#10484=DIRECTION('',(0.,0.,-1.));
#10485=DIRECTION('',(-1.,0.,0.));
#10486=DIRECTION('',(0.,-1.,0.));
#10487=DIRECTION('',(-1.,0.,0.));
#10488=DIRECTION('',(0.,-1.,0.));
#10489=DIRECTION('',(1.,0.,0.));
#10490=DIRECTION('',(0.,-1.,0.));
#10491=DIRECTION('',(-1.,0.,0.));
#10492=DIRECTION('',(0.,-1.,0.));
#10493=DIRECTION('',(1.,0.,0.));
#10494=DIRECTION('',(0.,-1.,0.));
#10495=DIRECTION('',(0.,-1.,0.));
#10496=DIRECTION('',(1.,0.,0.));
#10497=DIRECTION('',(0.,1.,0.));
#10498=DIRECTION('',(-1.,0.,0.));
#10499=DIRECTION('',(0.,-1.,0.));
#10500=DIRECTION('',(0.,0.,-1.));
#10501=DIRECTION('',(-1.,0.,0.));
#10502=DIRECTION('',(0.,-1.,0.));
#10503=DIRECTION('',(-1.,0.,0.));
#10504=DIRECTION('',(0.,-1.,0.));
#10505=DIRECTION('',(1.,0.,0.));
#10506=DIRECTION('',(0.,-1.,0.));
#10507=DIRECTION('',(-1.,0.,0.));
#10508=DIRECTION('',(0.,-1.,0.));
#10509=DIRECTION('',(1.,0.,0.));
#10510=DIRECTION('',(0.,-1.,0.));
#10511=DIRECTION('',(0.,-1.,0.));
#10512=DIRECTION('',(1.,0.,0.));
#10513=DIRECTION('',(0.,1.,0.));
#10514=DIRECTION('',(-1.,0.,0.));
#10515=DIRECTION('',(0.,-1.,0.));
#10516=DIRECTION('',(0.,0.,-1.));
#10517=DIRECTION('',(-1.,0.,0.));
#10518=DIRECTION('',(0.,-1.,0.));
#10519=DIRECTION('',(-1.,0.,0.));
#10520=DIRECTION('',(0.,-1.,0.));
#10521=DIRECTION('',(1.,0.,0.));
#10522=DIRECTION('',(0.,-1.,0.));
#10523=DIRECTION('',(-1.,0.,0.));
#10524=DIRECTION('',(0.,-1.,0.));
#10525=DIRECTION('',(1.,0.,0.));
#10526=DIRECTION('',(0.,-1.,0.));
#10527=DIRECTION('',(0.,0.,-1.));
#10528=DIRECTION('',(-1.,0.,0.));
#10529=DIRECTION('',(0.,-1.,0.));
#10530=DIRECTION('',(1.,0.,0.));
#10531=DIRECTION('',(0.,-1.,0.));
#10532=DIRECTION('',(0.,0.,-1.));
#10533=DIRECTION('',(-1.,0.,0.));
#10534=DIRECTION('',(0.,1.,0.));
#10535=DIRECTION('',(-1.,0.,0.));
#10536=DIRECTION('',(0.,-1.,0.));
#10537=DIRECTION('',(0.,-1.,0.));
#10538=DIRECTION('',(1.,0.,0.));
#10539=DIRECTION('',(0.,0.,-1.));
#10540=DIRECTION('',(-1.,0.,0.));
#10541=DIRECTION('',(0.,-1.,0.));
#10542=DIRECTION('',(1.,0.,0.));
#10543=DIRECTION('',(0.,-1.,0.));
#10544=DIRECTION('',(0.,0.,-1.));
#10545=DIRECTION('',(-1.,0.,0.));
#10546=DIRECTION('',(0.,-1.,0.));
#10547=DIRECTION('',(1.,0.,0.));
#10548=DIRECTION('',(0.,-1.,0.));
#10549=DIRECTION('',(0.,0.,-1.));
#10550=DIRECTION('',(-1.,0.,0.));
#10551=DIRECTION('',(0.,-1.,0.));
#10552=DIRECTION('',(1.,0.,0.));
#10553=DIRECTION('',(0.,-1.,0.));
#10554=DIRECTION('',(0.,0.,-1.));
#10555=DIRECTION('',(-1.,0.,0.));
#10556=DIRECTION('',(0.,-1.,0.));
#10557=DIRECTION('',(1.,0.,0.));
#10558=DIRECTION('',(0.,-1.,0.));
#10559=DIRECTION('',(0.,0.,-1.));
#10560=DIRECTION('',(-1.,0.,0.));
#10561=DIRECTION('',(0.,-1.,0.));
#10562=DIRECTION('',(1.,0.,0.));
#10563=DIRECTION('',(0.,-1.,0.));
#10564=DIRECTION('',(0.,0.,-1.));
#10565=DIRECTION('',(-1.,0.,0.));
#10566=DIRECTION('',(0.,-1.,0.));
#10567=DIRECTION('',(1.,0.,0.));
#10568=DIRECTION('',(0.,-1.,0.));
#10569=DIRECTION('',(0.,0.,-1.));
#10570=DIRECTION('',(-1.,0.,0.));
#10571=DIRECTION('',(0.,-1.,0.));
#10572=DIRECTION('',(1.,0.,0.));
#10573=DIRECTION('',(0.,-1.,0.));
#10574=DIRECTION('',(0.,0.,-1.));
#10575=DIRECTION('',(-1.,0.,0.));
#10576=DIRECTION('',(0.,-1.,0.));
#10577=DIRECTION('',(1.,0.,0.));
#10578=DIRECTION('',(0.,-1.,0.));
#10579=DIRECTION('',(0.,0.,-1.));
#10580=DIRECTION('',(-1.,0.,0.));
#10581=DIRECTION('',(0.,-1.,0.));
#10582=DIRECTION('',(1.,0.,0.));
#10583=DIRECTION('',(0.,-1.,0.));
#10584=DIRECTION('',(0.,0.,1.));
#10585=DIRECTION('',(1.,0.,0.));
#10586=DIRECTION('',(-1.,0.,0.));
#10587=DIRECTION('',(0.,1.,0.));
#10588=DIRECTION('',(1.,0.,0.));
#10589=DIRECTION('',(0.,-1.,0.));
#10590=DIRECTION('',(0.,0.,1.));
#10591=DIRECTION('',(1.,0.,0.));
#10592=DIRECTION('',(-1.,0.,0.));
#10593=DIRECTION('',(0.,1.,0.));
#10594=DIRECTION('',(1.,0.,0.));
#10595=DIRECTION('',(0.,-1.,0.));
#10596=DIRECTION('',(0.,0.,1.));
#10597=DIRECTION('',(1.,0.,0.));
#10598=DIRECTION('',(-1.,0.,0.));
#10599=DIRECTION('',(0.,1.,0.));
#10600=DIRECTION('',(1.,0.,0.));
#10601=DIRECTION('',(0.,-1.,0.));
#10602=DIRECTION('',(0.,0.,1.));
#10603=DIRECTION('',(1.,0.,0.));
#10604=DIRECTION('',(-1.,0.,0.));
#10605=DIRECTION('',(0.,1.,0.));
#10606=DIRECTION('',(1.,0.,0.));
#10607=DIRECTION('',(0.,-1.,0.));
#10608=DIRECTION('',(0.,0.,1.));
#10609=DIRECTION('',(1.,0.,0.));
#10610=DIRECTION('',(-1.,0.,0.));
#10611=DIRECTION('',(0.,1.,0.));
#10612=DIRECTION('',(1.,0.,0.));
#10613=DIRECTION('',(0.,-1.,0.));
#10614=DIRECTION('',(0.,0.,1.));
#10615=DIRECTION('',(1.,0.,0.));
#10616=DIRECTION('',(-1.,0.,0.));
#10617=DIRECTION('',(0.,1.,0.));
#10618=DIRECTION('',(1.,0.,0.));
#10619=DIRECTION('',(0.,-1.,0.));
#10620=DIRECTION('',(0.,0.,1.));
#10621=DIRECTION('',(1.,0.,0.));
#10622=DIRECTION('',(-1.,0.,0.));
#10623=DIRECTION('',(0.,1.,0.));
#10624=DIRECTION('',(1.,0.,0.));
#10625=DIRECTION('',(0.,-1.,0.));
#10626=DIRECTION('',(0.,0.,1.));
#10627=DIRECTION('',(1.,0.,0.));
#10628=DIRECTION('',(-1.,0.,0.));
#10629=DIRECTION('',(0.,1.,0.));
#10630=DIRECTION('',(1.,0.,0.));
#10631=DIRECTION('',(0.,-1.,0.));
#10632=DIRECTION('',(0.,0.,1.));
#10633=DIRECTION('',(1.,0.,0.));
#10634=DIRECTION('',(-1.,0.,0.));
#10635=DIRECTION('',(0.,1.,0.));
#10636=DIRECTION('',(1.,0.,0.));
#10637=DIRECTION('',(0.,-1.,0.));
#10638=DIRECTION('',(0.,0.,1.));
#10639=DIRECTION('',(1.,0.,0.));
#10640=DIRECTION('',(-1.,0.,0.));
#10641=DIRECTION('',(0.,1.,0.));
#10642=DIRECTION('',(1.,0.,0.));
#10643=DIRECTION('',(0.,-1.,0.));
#10644=DIRECTION('',(1.,0.,0.));
#10645=DIRECTION('',(0.,0.,-1.));
#10646=DIRECTION('',(0.,0.,1.));
#10647=DIRECTION('',(0.,-1.,0.));
#10648=DIRECTION('',(0.,1.,0.));
#10649=DIRECTION('',(0.,0.,1.));
#10650=DIRECTION('',(-1.,0.,0.));
#10651=DIRECTION('',(0.,0.,1.));
#10652=DIRECTION('',(0.,0.,-1.));
#10653=DIRECTION('',(0.,0.,-1.));
#10654=DIRECTION('',(0.,-1.,0.));
#10655=DIRECTION('',(1.,0.,0.));
#10656=DIRECTION('',(0.,0.,-1.));
#10657=DIRECTION('',(0.,0.,1.));
#10658=DIRECTION('',(0.,-1.,0.));
#10659=DIRECTION('',(0.,1.,0.));
#10660=DIRECTION('',(0.,0.,1.));
#10661=DIRECTION('',(-1.,0.,0.));
#10662=DIRECTION('',(0.,0.,1.));
#10663=DIRECTION('',(0.,0.,-1.));
#10664=DIRECTION('',(0.,0.,-1.));
#10665=DIRECTION('',(0.,-1.,0.));
#10666=DIRECTION('',(1.,0.,0.));
#10667=DIRECTION('',(0.,0.,-1.));
#10668=DIRECTION('',(0.,0.,1.));
#10669=DIRECTION('',(0.,-1.,0.));
#10670=DIRECTION('',(0.,1.,0.));
#10671=DIRECTION('',(0.,0.,1.));
#10672=DIRECTION('',(-1.,0.,0.));
#10673=DIRECTION('',(0.,0.,1.));
#10674=DIRECTION('',(0.,0.,-1.));
#10675=DIRECTION('',(0.,0.,-1.));
#10676=DIRECTION('',(0.,-1.,0.));
#10677=DIRECTION('',(1.,0.,0.));
#10678=DIRECTION('',(0.,0.,-1.));
#10679=DIRECTION('',(0.,0.,1.));
#10680=DIRECTION('',(0.,-1.,0.));
#10681=DIRECTION('',(0.,1.,0.));
#10682=DIRECTION('',(0.,0.,1.));
#10683=DIRECTION('',(-1.,0.,0.));
#10684=DIRECTION('',(0.,0.,1.));
#10685=DIRECTION('',(0.,0.,-1.));
#10686=DIRECTION('',(0.,0.,-1.));
#10687=DIRECTION('',(0.,-1.,0.));
#10688=DIRECTION('',(1.,0.,0.));
#10689=DIRECTION('',(0.,0.,-1.));
#10690=DIRECTION('',(0.,0.,1.));
#10691=DIRECTION('',(0.,-1.,0.));
#10692=DIRECTION('',(0.,1.,0.));
#10693=DIRECTION('',(0.,0.,1.));
#10694=DIRECTION('',(-1.,0.,0.));
#10695=DIRECTION('',(0.,0.,1.));
#10696=DIRECTION('',(0.,0.,-1.));
#10697=DIRECTION('',(0.,0.,-1.));
#10698=DIRECTION('',(0.,-1.,0.));
#10699=DIRECTION('',(1.,0.,0.));
#10700=DIRECTION('',(0.,0.,-1.));
#10701=DIRECTION('',(0.,0.,1.));
#10702=DIRECTION('',(0.,-1.,0.));
#10703=DIRECTION('',(0.,1.,0.));
#10704=DIRECTION('',(0.,0.,1.));
#10705=DIRECTION('',(-1.,0.,0.));
#10706=DIRECTION('',(0.,0.,1.));
#10707=DIRECTION('',(0.,0.,-1.));
#10708=DIRECTION('',(0.,0.,-1.));
#10709=DIRECTION('',(0.,-1.,0.));
#10710=DIRECTION('',(1.,0.,0.));
#10711=DIRECTION('',(0.,0.,-1.));
#10712=DIRECTION('',(0.,0.,1.));
#10713=DIRECTION('',(0.,-1.,0.));
#10714=DIRECTION('',(0.,1.,0.));
#10715=DIRECTION('',(0.,0.,1.));
#10716=DIRECTION('',(-1.,0.,0.));
#10717=DIRECTION('',(0.,0.,1.));
#10718=DIRECTION('',(0.,0.,-1.));
#10719=DIRECTION('',(0.,0.,-1.));
#10720=DIRECTION('',(0.,-1.,0.));
#10721=DIRECTION('',(1.,0.,0.));
#10722=DIRECTION('',(0.,0.,-1.));
#10723=DIRECTION('',(0.,0.,1.));
#10724=DIRECTION('',(0.,-1.,0.));
#10725=DIRECTION('',(0.,1.,0.));
#10726=DIRECTION('',(0.,0.,1.));
#10727=DIRECTION('',(-1.,0.,0.));
#10728=DIRECTION('',(0.,0.,1.));
#10729=DIRECTION('',(0.,0.,-1.));
#10730=DIRECTION('',(0.,0.,-1.));
#10731=DIRECTION('',(0.,-1.,0.));
#10732=DIRECTION('',(1.,0.,0.));
#10733=DIRECTION('',(0.,0.,-1.));
#10734=DIRECTION('',(0.,0.,1.));
#10735=DIRECTION('',(0.,-1.,0.));
#10736=DIRECTION('',(0.,1.,0.));
#10737=DIRECTION('',(0.,0.,1.));
#10738=DIRECTION('',(-1.,0.,0.));
#10739=DIRECTION('',(0.,0.,1.));
#10740=DIRECTION('',(0.,0.,-1.));
#10741=DIRECTION('',(0.,0.,-1.));
#10742=DIRECTION('',(0.,-1.,0.));
#10743=DIRECTION('',(1.,0.,0.));
#10744=DIRECTION('',(0.,0.,-1.));
#10745=DIRECTION('',(0.,0.,1.));
#10746=DIRECTION('',(0.,-1.,0.));
#10747=DIRECTION('',(0.,1.,0.));
#10748=DIRECTION('',(0.,0.,1.));
#10749=DIRECTION('',(-1.,0.,0.));
#10750=DIRECTION('',(0.,0.,1.));
#10751=DIRECTION('',(0.,0.,-1.));
#10752=DIRECTION('',(0.,0.,-1.));
#10753=DIRECTION('',(0.,-1.,0.));
#10754=DIRECTION('',(0.,-1.,0.));
#10755=DIRECTION('',(0.,0.,-1.));
#10756=DIRECTION('',(-1.,0.,0.));
#10757=DIRECTION('',(0.,-1.,0.));
#10758=DIRECTION('',(0.,0.,-1.));
#10759=DIRECTION('',(-1.,0.,0.));
#10760=DIRECTION('',(0.,0.,-1.));
#10761=DIRECTION('',(1.,0.,0.));
#10762=DIRECTION('',(0.,0.,1.));
#10763=DIRECTION('',(0.,-1.,0.));
#10764=DIRECTION('',(0.,0.,-1.));
#10765=DIRECTION('',(-1.,0.,0.));
#10766=DIRECTION('',(0.,-1.,0.));
#10767=DIRECTION('',(0.,0.,-1.));
#10768=DIRECTION('',(-1.,0.,0.));
#10769=DIRECTION('',(0.,0.,-1.));
#10770=DIRECTION('',(1.,0.,0.));
#10771=DIRECTION('',(0.,0.,1.));
#10772=DIRECTION('',(0.,-1.,0.));
#10773=DIRECTION('',(0.,0.,-1.));
#10774=DIRECTION('',(-1.,0.,0.));
#10775=DIRECTION('',(0.,-1.,0.));
#10776=DIRECTION('',(0.,0.,-1.));
#10777=DIRECTION('',(-1.,0.,0.));
#10778=DIRECTION('',(0.,0.,-1.));
#10779=DIRECTION('',(1.,0.,0.));
#10780=DIRECTION('',(0.,0.,1.));
#10781=DIRECTION('',(0.,-1.,0.));
#10782=DIRECTION('',(0.,0.,-1.));
#10783=DIRECTION('',(-1.,0.,0.));
#10784=DIRECTION('',(0.,-1.,0.));
#10785=DIRECTION('',(0.,0.,-1.));
#10786=DIRECTION('',(-1.,0.,0.));
#10787=DIRECTION('',(0.,0.,-1.));
#10788=DIRECTION('',(1.,0.,0.));
#10789=DIRECTION('',(0.,0.,1.));
#10790=DIRECTION('',(0.,-1.,0.));
#10791=DIRECTION('',(0.,0.,-1.));
#10792=DIRECTION('',(-1.,0.,0.));
#10793=DIRECTION('',(0.,-1.,0.));
#10794=DIRECTION('',(0.,0.,-1.));
#10795=DIRECTION('',(-1.,0.,0.));
#10796=DIRECTION('',(0.,0.,-1.));
#10797=DIRECTION('',(1.,0.,0.));
#10798=DIRECTION('',(0.,0.,1.));
#10799=DIRECTION('',(0.,-1.,0.));
#10800=DIRECTION('',(0.,0.,-1.));
#10801=DIRECTION('',(-1.,0.,0.));
#10802=DIRECTION('',(0.,-1.,0.));
#10803=DIRECTION('',(0.,0.,-1.));
#10804=DIRECTION('',(-1.,0.,0.));
#10805=DIRECTION('',(0.,0.,-1.));
#10806=DIRECTION('',(1.,0.,0.));
#10807=DIRECTION('',(0.,0.,1.));
#10808=DIRECTION('',(0.,-1.,0.));
#10809=DIRECTION('',(0.,0.,-1.));
#10810=DIRECTION('',(-1.,0.,0.));
#10811=DIRECTION('',(0.,-1.,0.));
#10812=DIRECTION('',(0.,0.,-1.));
#10813=DIRECTION('',(-1.,0.,0.));
#10814=DIRECTION('',(0.,0.,-1.));
#10815=DIRECTION('',(1.,0.,0.));
#10816=DIRECTION('',(0.,0.,1.));
#10817=DIRECTION('',(0.,-1.,0.));
#10818=DIRECTION('',(0.,0.,-1.));
#10819=DIRECTION('',(-1.,0.,0.));
#10820=DIRECTION('',(0.,-1.,0.));
#10821=DIRECTION('',(0.,0.,-1.));
#10822=DIRECTION('',(-1.,0.,0.));
#10823=DIRECTION('',(0.,0.,-1.));
#10824=DIRECTION('',(1.,0.,0.));
#10825=DIRECTION('',(0.,0.,1.));
#10826=DIRECTION('',(0.,-1.,0.));
#10827=DIRECTION('',(0.,0.,-1.));
#10828=DIRECTION('',(-1.,0.,0.));
#10829=DIRECTION('',(0.,-1.,0.));
#10830=DIRECTION('',(0.,0.,-1.));
#10831=DIRECTION('',(-1.,0.,0.));
#10832=DIRECTION('',(0.,0.,-1.));
#10833=DIRECTION('',(1.,0.,0.));
#10834=DIRECTION('',(0.,0.,1.));
#10835=DIRECTION('',(0.,-1.,0.));
#10836=DIRECTION('',(0.,0.,-1.));
#10837=DIRECTION('',(-1.,0.,0.));
#10838=DIRECTION('',(0.,-1.,0.));
#10839=DIRECTION('',(0.,0.,-1.));
#10840=DIRECTION('',(-1.,0.,0.));
#10841=DIRECTION('',(0.,0.,-1.));
#10842=DIRECTION('',(1.,0.,0.));
#10843=DIRECTION('',(0.,0.,1.));
#10844=DIRECTION('',(0.,0.,1.));
#10845=DIRECTION('',(1.,0.,0.));
#10846=DIRECTION('',(0.,-1.,0.));
#10847=DIRECTION('',(0.,1.,0.));
#10848=DIRECTION('',(0.,0.,1.));
#10849=DIRECTION('',(1.,0.,0.));
#10850=DIRECTION('',(0.,-1.,0.));
#10851=DIRECTION('',(0.,1.,0.));
#10852=DIRECTION('',(0.,0.,1.));
#10853=DIRECTION('',(1.,0.,0.));
#10854=DIRECTION('',(0.,-1.,0.));
#10855=DIRECTION('',(0.,1.,0.));
#10856=DIRECTION('',(0.,0.,1.));
#10857=DIRECTION('',(1.,0.,0.));
#10858=DIRECTION('',(0.,-1.,0.));
#10859=DIRECTION('',(0.,1.,0.));
#10860=DIRECTION('',(0.,0.,1.));
#10861=DIRECTION('',(1.,0.,0.));
#10862=DIRECTION('',(0.,-1.,0.));
#10863=DIRECTION('',(0.,1.,0.));
#10864=DIRECTION('',(0.,0.,1.));
#10865=DIRECTION('',(1.,0.,0.));
#10866=DIRECTION('',(0.,-1.,0.));
#10867=DIRECTION('',(0.,1.,0.));
#10868=DIRECTION('',(0.,0.,1.));
#10869=DIRECTION('',(1.,0.,0.));
#10870=DIRECTION('',(0.,-1.,0.));
#10871=DIRECTION('',(0.,1.,0.));
#10872=DIRECTION('',(0.,0.,1.));
#10873=DIRECTION('',(1.,0.,0.));
#10874=DIRECTION('',(0.,-1.,0.));
#10875=DIRECTION('',(0.,1.,0.));
#10876=DIRECTION('',(0.,0.,1.));
#10877=DIRECTION('',(1.,0.,0.));
#10878=DIRECTION('',(0.,-1.,0.));
#10879=DIRECTION('',(0.,1.,0.));
#10880=DIRECTION('',(0.,0.,1.));
#10881=DIRECTION('',(1.,0.,0.));
#10882=DIRECTION('',(0.,-1.,0.));
#10883=DIRECTION('',(0.,1.,0.));
#10884=DIRECTION('',(0.,0.,1.));
#10885=DIRECTION('',(1.,0.,0.));
#10886=DIRECTION('',(0.,0.,1.));
#10887=DIRECTION('',(1.,0.,0.));
#10888=DIRECTION('',(0.,-1.,0.));
#10889=DIRECTION('',(0.,1.,0.));
#10890=DIRECTION('',(0.,0.,1.));
#10891=DIRECTION('',(1.,0.,0.));
#10892=DIRECTION('',(0.,0.,1.));
#10893=DIRECTION('',(1.,0.,0.));
#10894=DIRECTION('',(0.,-1.,0.));
#10895=DIRECTION('',(0.,1.,0.));
#10896=DIRECTION('',(0.,0.,1.));
#10897=DIRECTION('',(1.,0.,0.));
#10898=DIRECTION('',(0.,0.,1.));
#10899=DIRECTION('',(1.,0.,0.));
#10900=DIRECTION('',(0.,-1.,0.));
#10901=DIRECTION('',(0.,1.,0.));
#10902=DIRECTION('',(0.,0.,1.));
#10903=DIRECTION('',(1.,0.,0.));
#10904=DIRECTION('',(0.,0.,1.));
#10905=DIRECTION('',(1.,0.,0.));
#10906=DIRECTION('',(0.,-1.,0.));
#10907=DIRECTION('',(0.,1.,0.));
#10908=DIRECTION('',(0.,0.,1.));
#10909=DIRECTION('',(1.,0.,0.));
#10910=DIRECTION('',(0.,0.,1.));
#10911=DIRECTION('',(1.,0.,0.));
#10912=DIRECTION('',(0.,-1.,0.));
#10913=DIRECTION('',(0.,1.,0.));
#10914=DIRECTION('',(0.,0.,1.));
#10915=DIRECTION('',(1.,0.,0.));
#10916=DIRECTION('',(0.,0.,1.));
#10917=DIRECTION('',(1.,0.,0.));
#10918=DIRECTION('',(0.,-1.,0.));
#10919=DIRECTION('',(0.,1.,0.));
#10920=DIRECTION('',(0.,0.,1.));
#10921=DIRECTION('',(1.,0.,0.));
#10922=DIRECTION('',(0.,0.,1.));
#10923=DIRECTION('',(1.,0.,0.));
#10924=DIRECTION('',(0.,-1.,0.));
#10925=DIRECTION('',(0.,1.,0.));
#10926=DIRECTION('',(0.,0.,1.));
#10927=DIRECTION('',(1.,0.,0.));
#10928=DIRECTION('',(0.,0.,1.));
#10929=DIRECTION('',(1.,0.,0.));
#10930=DIRECTION('',(0.,-1.,0.));
#10931=DIRECTION('',(0.,1.,0.));
#10932=DIRECTION('',(0.,0.,1.));
#10933=DIRECTION('',(1.,0.,0.));
#10934=DIRECTION('',(0.,0.,1.));
#10935=DIRECTION('',(1.,0.,0.));
#10936=DIRECTION('',(0.,-1.,0.));
#10937=DIRECTION('',(0.,1.,0.));
#10938=DIRECTION('',(0.,0.,1.));
#10939=DIRECTION('',(1.,0.,0.));
#10940=DIRECTION('',(0.,0.,1.));
#10941=DIRECTION('',(1.,0.,0.));
#10942=DIRECTION('',(0.,-1.,0.));
#10943=DIRECTION('',(0.,1.,0.));
#10944=DIRECTION('',(1.,0.,0.));
#10945=DIRECTION('',(0.,0.,-1.));
#10946=DIRECTION('',(0.,-1.,0.));
#10947=DIRECTION('',(-1.,0.,0.));
#10948=DIRECTION('',(0.,0.,1.));
#10949=DIRECTION('',(0.,-1.,0.));
#10950=DIRECTION('',(0.,-1.,0.));
#10951=DIRECTION('',(1.,0.,0.));
#10952=DIRECTION('',(0.,0.,-1.));
#10953=DIRECTION('',(0.,-1.,0.));
#10954=DIRECTION('',(-1.,0.,0.));
#10955=DIRECTION('',(0.,0.,1.));
#10956=DIRECTION('',(0.,-1.,0.));
#10957=DIRECTION('',(0.,-1.,0.));
#10958=DIRECTION('',(1.,0.,0.));
#10959=DIRECTION('',(0.,0.,-1.));
#10960=DIRECTION('',(0.,-1.,0.));
#10961=DIRECTION('',(-1.,0.,0.));
#10962=DIRECTION('',(0.,0.,1.));
#10963=DIRECTION('',(0.,-1.,0.));
#10964=DIRECTION('',(0.,-1.,0.));
#10965=DIRECTION('',(1.,0.,0.));
#10966=DIRECTION('',(0.,0.,-1.));
#10967=DIRECTION('',(0.,-1.,0.));
#10968=DIRECTION('',(-1.,0.,0.));
#10969=DIRECTION('',(0.,0.,1.));
#10970=DIRECTION('',(0.,-1.,0.));
#10971=DIRECTION('',(0.,-1.,0.));
#10972=DIRECTION('',(1.,0.,0.));
#10973=DIRECTION('',(0.,0.,-1.));
#10974=DIRECTION('',(0.,-1.,0.));
#10975=DIRECTION('',(-1.,0.,0.));
#10976=DIRECTION('',(0.,0.,1.));
#10977=DIRECTION('',(0.,-1.,0.));
#10978=DIRECTION('',(0.,-1.,0.));
#10979=DIRECTION('',(1.,0.,0.));
#10980=DIRECTION('',(0.,0.,-1.));
#10981=DIRECTION('',(0.,-1.,0.));
#10982=DIRECTION('',(-1.,0.,0.));
#10983=DIRECTION('',(0.,0.,1.));
#10984=DIRECTION('',(0.,-1.,0.));
#10985=DIRECTION('',(0.,-1.,0.));
#10986=DIRECTION('',(1.,0.,0.));
#10987=DIRECTION('',(0.,0.,-1.));
#10988=DIRECTION('',(0.,-1.,0.));
#10989=DIRECTION('',(-1.,0.,0.));
#10990=DIRECTION('',(0.,0.,1.));
#10991=DIRECTION('',(0.,-1.,0.));
#10992=DIRECTION('',(0.,-1.,0.));
#10993=DIRECTION('',(1.,0.,0.));
#10994=DIRECTION('',(0.,0.,-1.));
#10995=DIRECTION('',(0.,-1.,0.));
#10996=DIRECTION('',(-1.,0.,0.));
#10997=DIRECTION('',(0.,0.,1.));
#10998=DIRECTION('',(0.,-1.,0.));
#10999=DIRECTION('',(0.,-1.,0.));
#11000=DIRECTION('',(1.,0.,0.));
#11001=DIRECTION('',(0.,0.,-1.));
#11002=DIRECTION('',(0.,-1.,0.));
#11003=DIRECTION('',(-1.,0.,0.));
#11004=DIRECTION('',(0.,0.,1.));
#11005=DIRECTION('',(0.,-1.,0.));
#11006=DIRECTION('',(0.,-1.,0.));
#11007=DIRECTION('',(1.,0.,0.));
#11008=DIRECTION('',(0.,0.,-1.));
#11009=DIRECTION('',(0.,-1.,0.));
#11010=DIRECTION('',(-1.,0.,0.));
#11011=DIRECTION('',(0.,0.,1.));
#11012=DIRECTION('',(0.,-1.,0.));
#11013=DIRECTION('',(0.,-1.,0.));
#11014=DIRECTION('',(0.,1.,0.));
#11015=DIRECTION('',(0.,0.,1.));
#11016=DIRECTION('',(0.,1.,0.));
#11017=DIRECTION('',(0.,0.,1.));
#11018=DIRECTION('',(0.,1.,0.));
#11019=DIRECTION('',(0.,0.,1.));
#11020=DIRECTION('',(0.,1.,0.));
#11021=DIRECTION('',(0.,0.,1.));
#11022=DIRECTION('',(0.,1.,0.));
#11023=DIRECTION('',(0.,0.,1.));
#11024=DIRECTION('',(0.,1.,0.));
#11025=DIRECTION('',(0.,0.,1.));
#11026=DIRECTION('',(0.,1.,0.));
#11027=DIRECTION('',(0.,0.,1.));
#11028=DIRECTION('',(0.,1.,0.));
#11029=DIRECTION('',(0.,0.,1.));
#11030=DIRECTION('',(0.,1.,0.));
#11031=DIRECTION('',(0.,0.,1.));
#11032=DIRECTION('',(0.,1.,0.));
#11033=DIRECTION('',(0.,0.,1.));
#11034=DIRECTION('',(0.,0.,1.));
#11035=DIRECTION('',(1.,0.,0.));
#11036=DIRECTION('',(-1.,0.,0.));
#11037=DIRECTION('',(0.,-1.,0.));
#11038=DIRECTION('',(1.,0.,0.));
#11039=DIRECTION('',(0.,-1.,0.));
#11040=DIRECTION('',(0.,0.,-1.));
#11041=DIRECTION('',(0.,0.,-1.));
#11042=DIRECTION('',(-1.,0.,0.));
#11043=DIRECTION('',(0.,0.,-1.));
#11044=DIRECTION('',(-1.,0.,0.));
#11045=DIRECTION('',(1.,0.,0.));
#11046=DIRECTION('',(0.,0.,-1.));
#11047=DIRECTION('',(0.,-1.,0.));
#11048=DIRECTION('',(0.,0.,-1.));
#11049=DIRECTION('',(0.,1.,0.));
#11050=DIRECTION('',(0.,0.,1.));
#11051=DIRECTION('',(1.,0.,0.));
#11052=DIRECTION('',(0.,0.,-1.));
#11053=DIRECTION('',(1.,0.,0.));
#11054=DIRECTION('',(-1.,0.,0.));
#11055=DIRECTION('',(0.,0.,1.));
#11056=DIRECTION('',(0.,1.,0.));
#11057=DIRECTION('',(0.,0.,1.));
#11058=DIRECTION('',(1.,0.,0.));
#11059=DIRECTION('',(0.,0.,1.));
#11060=DIRECTION('',(1.,0.,0.));
#11061=DIRECTION('',(0.,0.,1.));
#11062=DIRECTION('',(1.,0.,0.));
#11063=DIRECTION('',(0.,0.,1.));
#11064=DIRECTION('',(1.,0.,0.));
#11065=DIRECTION('',(-1.,0.,0.));
#11066=DIRECTION('',(0.,-1.,0.));
#11067=DIRECTION('',(1.,0.,0.));
#11068=DIRECTION('',(0.,-1.,0.));
#11069=DIRECTION('',(0.,0.,-1.));
#11070=DIRECTION('',(0.,0.,-1.));
#11071=DIRECTION('',(-1.,0.,0.));
#11072=DIRECTION('',(0.,0.,-1.));
#11073=DIRECTION('',(-1.,0.,0.));
#11074=DIRECTION('',(1.,0.,0.));
#11075=DIRECTION('',(0.,0.,-1.));
#11076=DIRECTION('',(0.,-1.,0.));
#11077=DIRECTION('',(0.,0.,-1.));
#11078=DIRECTION('',(0.,1.,0.));
#11079=DIRECTION('',(0.,0.,1.));
#11080=DIRECTION('',(1.,0.,0.));
#11081=DIRECTION('',(0.,0.,-1.));
#11082=DIRECTION('',(1.,0.,0.));
#11083=DIRECTION('',(-1.,0.,0.));
#11084=DIRECTION('',(0.,0.,1.));
#11085=DIRECTION('',(0.,1.,0.));
#11086=DIRECTION('',(0.,0.,1.));
#11087=DIRECTION('',(1.,0.,0.));
#11088=DIRECTION('',(0.,0.,1.));
#11089=DIRECTION('',(1.,0.,0.));
#11090=DIRECTION('',(0.,0.,1.));
#11091=DIRECTION('',(1.,0.,0.));
#11092=DIRECTION('',(0.,0.,1.));
#11093=DIRECTION('',(1.,0.,0.));
#11094=DIRECTION('',(-1.,0.,0.));
#11095=DIRECTION('',(0.,-1.,0.));
#11096=DIRECTION('',(1.,0.,0.));
#11097=DIRECTION('',(0.,-1.,0.));
#11098=DIRECTION('',(0.,0.,-1.));
#11099=DIRECTION('',(0.,0.,-1.));
#11100=DIRECTION('',(-1.,0.,0.));
#11101=DIRECTION('',(0.,0.,-1.));
#11102=DIRECTION('',(-1.,0.,0.));
#11103=DIRECTION('',(1.,0.,0.));
#11104=DIRECTION('',(0.,0.,-1.));
#11105=DIRECTION('',(0.,-1.,0.));
#11106=DIRECTION('',(0.,0.,-1.));
#11107=DIRECTION('',(0.,1.,0.));
#11108=DIRECTION('',(0.,0.,1.));
#11109=DIRECTION('',(1.,0.,0.));
#11110=DIRECTION('',(0.,0.,-1.));
#11111=DIRECTION('',(1.,0.,0.));
#11112=DIRECTION('',(-1.,0.,0.));
#11113=DIRECTION('',(0.,0.,1.));
#11114=DIRECTION('',(0.,1.,0.));
#11115=DIRECTION('',(0.,0.,1.));
#11116=DIRECTION('',(1.,0.,0.));
#11117=DIRECTION('',(0.,0.,1.));
#11118=DIRECTION('',(1.,0.,0.));
#11119=DIRECTION('',(0.,0.,1.));
#11120=DIRECTION('',(1.,0.,0.));
#11121=DIRECTION('',(0.,0.,1.));
#11122=DIRECTION('',(1.,0.,0.));
#11123=DIRECTION('',(-1.,0.,0.));
#11124=DIRECTION('',(0.,-1.,0.));
#11125=DIRECTION('',(1.,0.,0.));
#11126=DIRECTION('',(0.,-1.,0.));
#11127=DIRECTION('',(0.,0.,-1.));
#11128=DIRECTION('',(0.,0.,-1.));
#11129=DIRECTION('',(-1.,0.,0.));
#11130=DIRECTION('',(0.,0.,-1.));
#11131=DIRECTION('',(-1.,0.,0.));
#11132=DIRECTION('',(1.,0.,0.));
#11133=DIRECTION('',(0.,0.,-1.));
#11134=DIRECTION('',(0.,-1.,0.));
#11135=DIRECTION('',(0.,0.,-1.));
#11136=DIRECTION('',(0.,1.,0.));
#11137=DIRECTION('',(0.,0.,1.));
#11138=DIRECTION('',(1.,0.,0.));
#11139=DIRECTION('',(0.,0.,-1.));
#11140=DIRECTION('',(1.,0.,0.));
#11141=DIRECTION('',(-1.,0.,0.));
#11142=DIRECTION('',(0.,0.,1.));
#11143=DIRECTION('',(0.,1.,0.));
#11144=DIRECTION('',(0.,0.,1.));
#11145=DIRECTION('',(1.,0.,0.));
#11146=DIRECTION('',(0.,0.,1.));
#11147=DIRECTION('',(1.,0.,0.));
#11148=DIRECTION('',(0.,0.,1.));
#11149=DIRECTION('',(1.,0.,0.));
#11150=DIRECTION('',(0.,0.,1.));
#11151=DIRECTION('',(1.,0.,0.));
#11152=DIRECTION('',(-1.,0.,0.));
#11153=DIRECTION('',(0.,-1.,0.));
#11154=DIRECTION('',(1.,0.,0.));
#11155=DIRECTION('',(0.,-1.,0.));
#11156=DIRECTION('',(0.,0.,-1.));
#11157=DIRECTION('',(0.,0.,-1.));
#11158=DIRECTION('',(-1.,0.,0.));
#11159=DIRECTION('',(0.,0.,-1.));
#11160=DIRECTION('',(-1.,0.,0.));
#11161=DIRECTION('',(1.,0.,0.));
#11162=DIRECTION('',(0.,0.,-1.));
#11163=DIRECTION('',(0.,-1.,0.));
#11164=DIRECTION('',(0.,0.,-1.));
#11165=DIRECTION('',(0.,1.,0.));
#11166=DIRECTION('',(0.,0.,1.));
#11167=DIRECTION('',(1.,0.,0.));
#11168=DIRECTION('',(0.,0.,-1.));
#11169=DIRECTION('',(1.,0.,0.));
#11170=DIRECTION('',(-1.,0.,0.));
#11171=DIRECTION('',(0.,0.,1.));
#11172=DIRECTION('',(0.,1.,0.));
#11173=DIRECTION('',(0.,0.,1.));
#11174=DIRECTION('',(1.,0.,0.));
#11175=DIRECTION('',(0.,0.,1.));
#11176=DIRECTION('',(1.,0.,0.));
#11177=DIRECTION('',(0.,0.,1.));
#11178=DIRECTION('',(1.,0.,0.));
#11179=DIRECTION('',(0.,0.,1.));
#11180=DIRECTION('',(1.,0.,0.));
#11181=DIRECTION('',(-1.,0.,0.));
#11182=DIRECTION('',(0.,-1.,0.));
#11183=DIRECTION('',(1.,0.,0.));
#11184=DIRECTION('',(0.,-1.,0.));
#11185=DIRECTION('',(0.,0.,-1.));
#11186=DIRECTION('',(0.,0.,-1.));
#11187=DIRECTION('',(-1.,0.,0.));
#11188=DIRECTION('',(0.,0.,-1.));
#11189=DIRECTION('',(-1.,0.,0.));
#11190=DIRECTION('',(1.,0.,0.));
#11191=DIRECTION('',(0.,0.,-1.));
#11192=DIRECTION('',(0.,-1.,0.));
#11193=DIRECTION('',(0.,0.,-1.));
#11194=DIRECTION('',(0.,1.,0.));
#11195=DIRECTION('',(0.,0.,1.));
#11196=DIRECTION('',(1.,0.,0.));
#11197=DIRECTION('',(0.,0.,-1.));
#11198=DIRECTION('',(1.,0.,0.));
#11199=DIRECTION('',(-1.,0.,0.));
#11200=DIRECTION('',(0.,0.,1.));
#11201=DIRECTION('',(0.,1.,0.));
#11202=DIRECTION('',(0.,0.,1.));
#11203=DIRECTION('',(1.,0.,0.));
#11204=DIRECTION('',(0.,0.,1.));
#11205=DIRECTION('',(1.,0.,0.));
#11206=DIRECTION('',(0.,0.,1.));
#11207=DIRECTION('',(1.,0.,0.));
#11208=DIRECTION('',(0.,0.,1.));
#11209=DIRECTION('',(1.,0.,0.));
#11210=DIRECTION('',(-1.,0.,0.));
#11211=DIRECTION('',(0.,-1.,0.));
#11212=DIRECTION('',(1.,0.,0.));
#11213=DIRECTION('',(0.,-1.,0.));
#11214=DIRECTION('',(0.,0.,-1.));
#11215=DIRECTION('',(0.,0.,-1.));
#11216=DIRECTION('',(-1.,0.,0.));
#11217=DIRECTION('',(0.,0.,-1.));
#11218=DIRECTION('',(-1.,0.,0.));
#11219=DIRECTION('',(1.,0.,0.));
#11220=DIRECTION('',(0.,0.,-1.));
#11221=DIRECTION('',(0.,-1.,0.));
#11222=DIRECTION('',(0.,0.,-1.));
#11223=DIRECTION('',(0.,1.,0.));
#11224=DIRECTION('',(0.,0.,1.));
#11225=DIRECTION('',(1.,0.,0.));
#11226=DIRECTION('',(0.,0.,-1.));
#11227=DIRECTION('',(1.,0.,0.));
#11228=DIRECTION('',(-1.,0.,0.));
#11229=DIRECTION('',(0.,0.,1.));
#11230=DIRECTION('',(0.,1.,0.));
#11231=DIRECTION('',(0.,0.,1.));
#11232=DIRECTION('',(1.,0.,0.));
#11233=DIRECTION('',(0.,0.,1.));
#11234=DIRECTION('',(1.,0.,0.));
#11235=DIRECTION('',(0.,0.,1.));
#11236=DIRECTION('',(1.,0.,0.));
#11237=DIRECTION('',(0.,0.,1.));
#11238=DIRECTION('',(1.,0.,0.));
#11239=DIRECTION('',(-1.,0.,0.));
#11240=DIRECTION('',(0.,-1.,0.));
#11241=DIRECTION('',(1.,0.,0.));
#11242=DIRECTION('',(0.,-1.,0.));
#11243=DIRECTION('',(0.,0.,-1.));
#11244=DIRECTION('',(0.,0.,-1.));
#11245=DIRECTION('',(-1.,0.,0.));
#11246=DIRECTION('',(0.,0.,-1.));
#11247=DIRECTION('',(-1.,0.,0.));
#11248=DIRECTION('',(1.,0.,0.));
#11249=DIRECTION('',(0.,0.,-1.));
#11250=DIRECTION('',(0.,-1.,0.));
#11251=DIRECTION('',(0.,0.,-1.));
#11252=DIRECTION('',(0.,1.,0.));
#11253=DIRECTION('',(0.,0.,1.));
#11254=DIRECTION('',(1.,0.,0.));
#11255=DIRECTION('',(0.,0.,-1.));
#11256=DIRECTION('',(1.,0.,0.));
#11257=DIRECTION('',(-1.,0.,0.));
#11258=DIRECTION('',(0.,0.,1.));
#11259=DIRECTION('',(0.,1.,0.));
#11260=DIRECTION('',(0.,0.,1.));
#11261=DIRECTION('',(1.,0.,0.));
#11262=DIRECTION('',(0.,0.,1.));
#11263=DIRECTION('',(1.,0.,0.));
#11264=DIRECTION('',(0.,0.,1.));
#11265=DIRECTION('',(1.,0.,0.));
#11266=DIRECTION('',(0.,0.,1.));
#11267=DIRECTION('',(1.,0.,0.));
#11268=DIRECTION('',(-1.,0.,0.));
#11269=DIRECTION('',(0.,-1.,0.));
#11270=DIRECTION('',(1.,0.,0.));
#11271=DIRECTION('',(0.,-1.,0.));
#11272=DIRECTION('',(0.,0.,-1.));
#11273=DIRECTION('',(0.,0.,-1.));
#11274=DIRECTION('',(-1.,0.,0.));
#11275=DIRECTION('',(0.,0.,-1.));
#11276=DIRECTION('',(-1.,0.,0.));
#11277=DIRECTION('',(1.,0.,0.));
#11278=DIRECTION('',(0.,0.,-1.));
#11279=DIRECTION('',(0.,-1.,0.));
#11280=DIRECTION('',(0.,0.,-1.));
#11281=DIRECTION('',(0.,1.,0.));
#11282=DIRECTION('',(0.,0.,1.));
#11283=DIRECTION('',(1.,0.,0.));
#11284=DIRECTION('',(0.,0.,-1.));
#11285=DIRECTION('',(1.,0.,0.));
#11286=DIRECTION('',(-1.,0.,0.));
#11287=DIRECTION('',(0.,0.,1.));
#11288=DIRECTION('',(0.,1.,0.));
#11289=DIRECTION('',(0.,0.,1.));
#11290=DIRECTION('',(1.,0.,0.));
#11291=DIRECTION('',(0.,0.,1.));
#11292=DIRECTION('',(1.,0.,0.));
#11293=DIRECTION('',(0.,0.,1.));
#11294=DIRECTION('',(1.,0.,0.));
#11295=DIRECTION('',(0.,0.,1.));
#11296=DIRECTION('',(1.,0.,0.));
#11297=DIRECTION('',(-1.,0.,0.));
#11298=DIRECTION('',(0.,-1.,0.));
#11299=DIRECTION('',(1.,0.,0.));
#11300=DIRECTION('',(0.,-1.,0.));
#11301=DIRECTION('',(0.,0.,-1.));
#11302=DIRECTION('',(0.,0.,-1.));
#11303=DIRECTION('',(-1.,0.,0.));
#11304=DIRECTION('',(0.,0.,-1.));
#11305=DIRECTION('',(-1.,0.,0.));
#11306=DIRECTION('',(1.,0.,0.));
#11307=DIRECTION('',(0.,0.,-1.));
#11308=DIRECTION('',(0.,-1.,0.));
#11309=DIRECTION('',(0.,0.,-1.));
#11310=DIRECTION('',(0.,1.,0.));
#11311=DIRECTION('',(0.,0.,1.));
#11312=DIRECTION('',(1.,0.,0.));
#11313=DIRECTION('',(0.,0.,-1.));
#11314=DIRECTION('',(1.,0.,0.));
#11315=DIRECTION('',(-1.,0.,0.));
#11316=DIRECTION('',(0.,0.,1.));
#11317=DIRECTION('',(0.,1.,0.));
#11318=DIRECTION('',(0.,0.,1.));
#11319=DIRECTION('',(1.,0.,0.));
#11320=DIRECTION('',(0.,0.,1.));
#11321=DIRECTION('',(1.,0.,0.));
#11322=DIRECTION('',(0.,0.,1.));
#11323=DIRECTION('',(1.,0.,0.));
#11324=DIRECTION('',(0.,-1.,0.));
#11325=DIRECTION('',(0.,0.,-1.));
#11326=DIRECTION('',(-1.,0.,0.));
#11327=DIRECTION('',(0.,0.,-1.));
#11328=DIRECTION('',(-1.,0.,0.));
#11329=DIRECTION('',(0.,0.,-1.));
#11330=DIRECTION('',(1.,0.,0.));
#11331=DIRECTION('',(0.,0.,-1.));
#11332=DIRECTION('',(0.,-1.,0.));
#11333=DIRECTION('',(0.,0.,-1.));
#11334=DIRECTION('',(0.,1.,0.));
#11335=DIRECTION('',(0.,0.,1.));
#11336=DIRECTION('',(1.,0.,0.));
#11337=DIRECTION('',(0.,0.,-1.));
#11338=DIRECTION('',(1.,0.,0.));
#11339=DIRECTION('',(-1.,0.,0.));
#11340=DIRECTION('',(0.,0.,1.));
#11341=DIRECTION('',(0.,1.,0.));
#11342=DIRECTION('',(0.,1.,0.));
#11343=DIRECTION('',(0.,0.,1.));
#11344=DIRECTION('',(1.,0.,0.));
#11345=DIRECTION('',(0.,0.,1.));
#11346=DIRECTION('',(1.,0.,0.));
#11347=DIRECTION('',(0.,0.,1.));
#11348=DIRECTION('',(1.,0.,0.));
#11349=DIRECTION('',(0.,-1.,0.));
#11350=DIRECTION('',(0.,0.,-1.));
#11351=DIRECTION('',(-1.,0.,0.));
#11352=DIRECTION('',(0.,0.,-1.));
#11353=DIRECTION('',(-1.,0.,0.));
#11354=DIRECTION('',(0.,0.,-1.));
#11355=DIRECTION('',(1.,0.,0.));
#11356=DIRECTION('',(0.,0.,-1.));
#11357=DIRECTION('',(0.,-1.,0.));
#11358=DIRECTION('',(0.,0.,-1.));
#11359=DIRECTION('',(0.,1.,0.));
#11360=DIRECTION('',(0.,0.,1.));
#11361=DIRECTION('',(1.,0.,0.));
#11362=DIRECTION('',(0.,0.,-1.));
#11363=DIRECTION('',(1.,0.,0.));
#11364=DIRECTION('',(-1.,0.,0.));
#11365=DIRECTION('',(0.,0.,1.));
#11366=DIRECTION('',(0.,1.,0.));
#11367=DIRECTION('',(0.,1.,0.));
#11368=DIRECTION('',(0.,0.,1.));
#11369=DIRECTION('',(1.,0.,0.));
#11370=DIRECTION('',(0.,0.,1.));
#11371=DIRECTION('',(1.,0.,0.));
#11372=DIRECTION('',(0.,0.,1.));
#11373=DIRECTION('',(1.,0.,0.));
#11374=DIRECTION('',(0.,-1.,0.));
#11375=DIRECTION('',(0.,0.,-1.));
#11376=DIRECTION('',(-1.,0.,0.));
#11377=DIRECTION('',(0.,0.,-1.));
#11378=DIRECTION('',(-1.,0.,0.));
#11379=DIRECTION('',(0.,0.,-1.));
#11380=DIRECTION('',(1.,0.,0.));
#11381=DIRECTION('',(0.,0.,-1.));
#11382=DIRECTION('',(0.,-1.,0.));
#11383=DIRECTION('',(0.,0.,-1.));
#11384=DIRECTION('',(0.,1.,0.));
#11385=DIRECTION('',(0.,0.,1.));
#11386=DIRECTION('',(1.,0.,0.));
#11387=DIRECTION('',(0.,0.,-1.));
#11388=DIRECTION('',(1.,0.,0.));
#11389=DIRECTION('',(-1.,0.,0.));
#11390=DIRECTION('',(0.,0.,1.));
#11391=DIRECTION('',(0.,1.,0.));
#11392=DIRECTION('',(0.,1.,0.));
#11393=DIRECTION('',(0.,0.,1.));
#11394=DIRECTION('',(1.,0.,0.));
#11395=DIRECTION('',(0.,0.,1.));
#11396=DIRECTION('',(1.,0.,0.));
#11397=DIRECTION('',(0.,0.,1.));
#11398=DIRECTION('',(1.,0.,0.));
#11399=DIRECTION('',(0.,-1.,0.));
#11400=DIRECTION('',(0.,0.,-1.));
#11401=DIRECTION('',(-1.,0.,0.));
#11402=DIRECTION('',(0.,0.,-1.));
#11403=DIRECTION('',(-1.,0.,0.));
#11404=DIRECTION('',(0.,0.,-1.));
#11405=DIRECTION('',(1.,0.,0.));
#11406=DIRECTION('',(0.,0.,-1.));
#11407=DIRECTION('',(0.,-1.,0.));
#11408=DIRECTION('',(0.,0.,-1.));
#11409=DIRECTION('',(0.,1.,0.));
#11410=DIRECTION('',(0.,0.,1.));
#11411=DIRECTION('',(1.,0.,0.));
#11412=DIRECTION('',(0.,0.,-1.));
#11413=DIRECTION('',(1.,0.,0.));
#11414=DIRECTION('',(-1.,0.,0.));
#11415=DIRECTION('',(0.,0.,1.));
#11416=DIRECTION('',(0.,1.,0.));
#11417=DIRECTION('',(0.,1.,0.));
#11418=DIRECTION('',(0.,0.,1.));
#11419=DIRECTION('',(1.,0.,0.));
#11420=DIRECTION('',(0.,0.,1.));
#11421=DIRECTION('',(1.,0.,0.));
#11422=DIRECTION('',(0.,0.,1.));
#11423=DIRECTION('',(1.,0.,0.));
#11424=DIRECTION('',(0.,-1.,0.));
#11425=DIRECTION('',(0.,0.,-1.));
#11426=DIRECTION('',(-1.,0.,0.));
#11427=DIRECTION('',(0.,0.,-1.));
#11428=DIRECTION('',(-1.,0.,0.));
#11429=DIRECTION('',(0.,0.,-1.));
#11430=DIRECTION('',(1.,0.,0.));
#11431=DIRECTION('',(0.,0.,-1.));
#11432=DIRECTION('',(0.,-1.,0.));
#11433=DIRECTION('',(0.,0.,-1.));
#11434=DIRECTION('',(0.,1.,0.));
#11435=DIRECTION('',(0.,0.,1.));
#11436=DIRECTION('',(1.,0.,0.));
#11437=DIRECTION('',(0.,0.,-1.));
#11438=DIRECTION('',(1.,0.,0.));
#11439=DIRECTION('',(-1.,0.,0.));
#11440=DIRECTION('',(0.,0.,1.));
#11441=DIRECTION('',(0.,1.,0.));
#11442=DIRECTION('',(0.,1.,0.));
#11443=DIRECTION('',(0.,0.,1.));
#11444=DIRECTION('',(1.,0.,0.));
#11445=DIRECTION('',(0.,0.,1.));
#11446=DIRECTION('',(1.,0.,0.));
#11447=DIRECTION('',(0.,0.,1.));
#11448=DIRECTION('',(1.,0.,0.));
#11449=DIRECTION('',(0.,-1.,0.));
#11450=DIRECTION('',(0.,0.,-1.));
#11451=DIRECTION('',(-1.,0.,0.));
#11452=DIRECTION('',(0.,0.,-1.));
#11453=DIRECTION('',(-1.,0.,0.));
#11454=DIRECTION('',(0.,0.,-1.));
#11455=DIRECTION('',(1.,0.,0.));
#11456=DIRECTION('',(0.,0.,-1.));
#11457=DIRECTION('',(0.,-1.,0.));
#11458=DIRECTION('',(0.,0.,-1.));
#11459=DIRECTION('',(0.,1.,0.));
#11460=DIRECTION('',(0.,0.,1.));
#11461=DIRECTION('',(1.,0.,0.));
#11462=DIRECTION('',(0.,0.,-1.));
#11463=DIRECTION('',(1.,0.,0.));
#11464=DIRECTION('',(-1.,0.,0.));
#11465=DIRECTION('',(0.,0.,1.));
#11466=DIRECTION('',(0.,1.,0.));
#11467=DIRECTION('',(0.,1.,0.));
#11468=DIRECTION('',(0.,0.,1.));
#11469=DIRECTION('',(1.,0.,0.));
#11470=DIRECTION('',(0.,0.,1.));
#11471=DIRECTION('',(1.,0.,0.));
#11472=DIRECTION('',(0.,0.,1.));
#11473=DIRECTION('',(1.,0.,0.));
#11474=DIRECTION('',(0.,-1.,0.));
#11475=DIRECTION('',(0.,0.,-1.));
#11476=DIRECTION('',(-1.,0.,0.));
#11477=DIRECTION('',(0.,0.,-1.));
#11478=DIRECTION('',(-1.,0.,0.));
#11479=DIRECTION('',(0.,0.,-1.));
#11480=DIRECTION('',(1.,0.,0.));
#11481=DIRECTION('',(0.,0.,-1.));
#11482=DIRECTION('',(0.,-1.,0.));
#11483=DIRECTION('',(0.,0.,-1.));
#11484=DIRECTION('',(0.,1.,0.));
#11485=DIRECTION('',(0.,0.,1.));
#11486=DIRECTION('',(1.,0.,0.));
#11487=DIRECTION('',(0.,0.,-1.));
#11488=DIRECTION('',(1.,0.,0.));
#11489=DIRECTION('',(-1.,0.,0.));
#11490=DIRECTION('',(0.,0.,1.));
#11491=DIRECTION('',(0.,1.,0.));
#11492=DIRECTION('',(0.,1.,0.));
#11493=DIRECTION('',(0.,0.,1.));
#11494=DIRECTION('',(1.,0.,0.));
#11495=DIRECTION('',(0.,0.,1.));
#11496=DIRECTION('',(1.,0.,0.));
#11497=DIRECTION('',(0.,0.,1.));
#11498=DIRECTION('',(1.,0.,0.));
#11499=DIRECTION('',(0.,-1.,0.));
#11500=DIRECTION('',(0.,0.,-1.));
#11501=DIRECTION('',(-1.,0.,0.));
#11502=DIRECTION('',(0.,0.,-1.));
#11503=DIRECTION('',(-1.,0.,0.));
#11504=DIRECTION('',(0.,0.,-1.));
#11505=DIRECTION('',(1.,0.,0.));
#11506=DIRECTION('',(0.,0.,-1.));
#11507=DIRECTION('',(0.,-1.,0.));
#11508=DIRECTION('',(0.,0.,-1.));
#11509=DIRECTION('',(0.,1.,0.));
#11510=DIRECTION('',(0.,0.,1.));
#11511=DIRECTION('',(1.,0.,0.));
#11512=DIRECTION('',(0.,0.,-1.));
#11513=DIRECTION('',(1.,0.,0.));
#11514=DIRECTION('',(-1.,0.,0.));
#11515=DIRECTION('',(0.,0.,1.));
#11516=DIRECTION('',(0.,1.,0.));
#11517=DIRECTION('',(0.,1.,0.));
#11518=DIRECTION('',(0.,0.,1.));
#11519=DIRECTION('',(1.,0.,0.));
#11520=DIRECTION('',(0.,0.,1.));
#11521=DIRECTION('',(1.,0.,0.));
#11522=DIRECTION('',(0.,0.,1.));
#11523=DIRECTION('',(1.,0.,0.));
#11524=DIRECTION('',(0.,-1.,0.));
#11525=DIRECTION('',(0.,0.,-1.));
#11526=DIRECTION('',(-1.,0.,0.));
#11527=DIRECTION('',(0.,0.,-1.));
#11528=DIRECTION('',(-1.,0.,0.));
#11529=DIRECTION('',(0.,0.,-1.));
#11530=DIRECTION('',(1.,0.,0.));
#11531=DIRECTION('',(0.,0.,-1.));
#11532=DIRECTION('',(0.,-1.,0.));
#11533=DIRECTION('',(0.,0.,-1.));
#11534=DIRECTION('',(0.,1.,0.));
#11535=DIRECTION('',(0.,0.,1.));
#11536=DIRECTION('',(1.,0.,0.));
#11537=DIRECTION('',(0.,0.,-1.));
#11538=DIRECTION('',(1.,0.,0.));
#11539=DIRECTION('',(-1.,0.,0.));
#11540=DIRECTION('',(0.,0.,1.));
#11541=DIRECTION('',(0.,1.,0.));
#11542=DIRECTION('',(0.,1.,0.));
#11543=DIRECTION('',(0.,0.,1.));
#11544=DIRECTION('',(1.,0.,0.));
#11545=DIRECTION('',(0.,0.,1.));
#11546=DIRECTION('',(1.,0.,0.));
#11547=DIRECTION('',(0.,0.,1.));
#11548=DIRECTION('',(1.,0.,0.));
#11549=DIRECTION('',(0.,-1.,0.));
#11550=DIRECTION('',(0.,0.,-1.));
#11551=DIRECTION('',(-1.,0.,0.));
#11552=DIRECTION('',(0.,0.,-1.));
#11553=DIRECTION('',(-1.,0.,0.));
#11554=DIRECTION('',(0.,0.,-1.));
#11555=DIRECTION('',(1.,0.,0.));
#11556=DIRECTION('',(0.,0.,-1.));
#11557=DIRECTION('',(0.,-1.,0.));
#11558=DIRECTION('',(0.,0.,-1.));
#11559=DIRECTION('',(0.,1.,0.));
#11560=DIRECTION('',(0.,0.,1.));
#11561=DIRECTION('',(1.,0.,0.));
#11562=DIRECTION('',(0.,0.,-1.));
#11563=DIRECTION('',(1.,0.,0.));
#11564=DIRECTION('',(-1.,0.,0.));
#11565=DIRECTION('',(0.,0.,1.));
#11566=DIRECTION('',(0.,1.,0.));
#11567=DIRECTION('',(0.,1.,0.));
#11568=DIRECTION('',(0.,0.,1.));
#11569=DIRECTION('',(1.,0.,0.));
#11570=DIRECTION('',(0.,0.,1.));
#11571=DIRECTION('',(1.,0.,0.));
#11572=DIRECTION('',(0.,0.,1.));
#11573=DIRECTION('',(1.,0.,0.));
#11574=DIRECTION('',(0.,0.,1.));
#11575=DIRECTION('',(1.,0.,0.));
#11576=DIRECTION('',(0.,0.,1.));
#11577=DIRECTION('',(1.,0.,0.));
#11578=DIRECTION('',(0.,0.,1.));
#11579=DIRECTION('',(1.,0.,0.));
#11580=DIRECTION('',(0.,0.,1.));
#11581=DIRECTION('',(1.,0.,0.));
#11582=DIRECTION('',(0.,0.,1.));
#11583=DIRECTION('',(1.,0.,0.));
#11584=DIRECTION('',(0.,0.,1.));
#11585=DIRECTION('',(1.,0.,0.));
#11586=DIRECTION('',(0.,0.,1.));
#11587=DIRECTION('',(1.,0.,0.));
#11588=DIRECTION('',(0.,0.,1.));
#11589=DIRECTION('',(1.,0.,0.));
#11590=DIRECTION('',(0.,0.,1.));
#11591=DIRECTION('',(1.,0.,0.));
#11592=DIRECTION('',(0.,0.,1.));
#11593=DIRECTION('',(1.,0.,0.));
#11594=DIRECTION('',(0.,0.,1.));
#11595=DIRECTION('',(1.,0.,0.));
#11596=DIRECTION('',(0.,0.,1.));
#11597=DIRECTION('',(1.,0.,0.));
#11598=DIRECTION('',(0.,0.,1.));
#11599=DIRECTION('',(1.,0.,0.));
#11600=DIRECTION('',(0.,0.,1.));
#11601=DIRECTION('',(1.,0.,0.));
#11602=DIRECTION('',(0.,0.,1.));
#11603=DIRECTION('',(1.,0.,0.));
#11604=DIRECTION('',(0.,0.,1.));
#11605=DIRECTION('',(1.,0.,0.));
#11606=DIRECTION('',(0.,0.,1.));
#11607=DIRECTION('',(1.,0.,0.));
#11608=DIRECTION('',(0.,0.,1.));
#11609=DIRECTION('',(1.,0.,0.));
#11610=DIRECTION('',(0.,0.,1.));
#11611=DIRECTION('',(1.,0.,0.));
#11612=DIRECTION('',(0.,0.,1.));
#11613=DIRECTION('',(1.,0.,0.));
#11614=DIRECTION('',(0.,0.,1.));
#11615=DIRECTION('',(1.,0.,0.));
#11616=DIRECTION('',(0.,0.,1.));
#11617=DIRECTION('',(1.,0.,0.));
#11618=DIRECTION('',(0.,0.,1.));
#11619=DIRECTION('',(1.,0.,0.));
#11620=DIRECTION('',(0.,0.,1.));
#11621=DIRECTION('',(1.,0.,0.));
#11622=DIRECTION('',(0.,0.,1.));
#11623=DIRECTION('',(1.,0.,0.));
#11624=DIRECTION('',(0.,0.,1.));
#11625=DIRECTION('',(1.,0.,0.));
#11626=DIRECTION('',(0.,0.,1.));
#11627=DIRECTION('',(1.,0.,0.));
#11628=DIRECTION('',(0.,0.,1.));
#11629=DIRECTION('',(1.,0.,0.));
#11630=DIRECTION('',(0.,0.,1.));
#11631=DIRECTION('',(1.,0.,0.));
#11632=DIRECTION('',(0.,0.,1.));
#11633=DIRECTION('',(1.,0.,0.));
#11634=DIRECTION('',(0.,0.,1.));
#11635=DIRECTION('',(1.,0.,0.));
#11636=DIRECTION('',(0.,0.,1.));
#11637=DIRECTION('',(1.,0.,0.));
#11638=DIRECTION('',(0.,0.,1.));
#11639=DIRECTION('',(1.,0.,0.));
#11640=DIRECTION('',(0.,0.,1.));
#11641=DIRECTION('',(1.,0.,0.));
#11642=DIRECTION('',(0.,0.,1.));
#11643=DIRECTION('',(1.,0.,0.));
#11644=DIRECTION('',(0.,0.,1.));
#11645=DIRECTION('',(1.,0.,0.));
#11646=DIRECTION('',(0.,0.,1.));
#11647=DIRECTION('',(1.,0.,0.));
#11648=DIRECTION('',(0.,0.,1.));
#11649=DIRECTION('',(1.,0.,0.));
#11650=DIRECTION('',(0.,0.,1.));
#11651=DIRECTION('',(1.,0.,0.));
#11652=DIRECTION('',(0.,0.,1.));
#11653=DIRECTION('',(1.,0.,0.));
#11654=DIRECTION('',(0.,0.,1.));
#11655=DIRECTION('',(1.,0.,0.));
#11656=DIRECTION('',(0.,0.,1.));
#11657=DIRECTION('',(1.,0.,0.));
#11658=DIRECTION('',(0.,0.,1.));
#11659=DIRECTION('',(1.,0.,0.));
#11660=DIRECTION('',(0.,0.,1.));
#11661=DIRECTION('',(1.,0.,0.));
#11662=DIRECTION('',(0.,0.,1.));
#11663=DIRECTION('',(1.,0.,0.));
#11664=DIRECTION('',(0.,0.,1.));
#11665=DIRECTION('',(1.,0.,0.));
#11666=DIRECTION('',(0.,0.,1.));
#11667=DIRECTION('',(1.,0.,0.));
#11668=DIRECTION('',(0.,0.,1.));
#11669=DIRECTION('',(1.,0.,0.));
#11670=DIRECTION('',(0.,0.,1.));
#11671=DIRECTION('',(1.,0.,0.));
#11672=DIRECTION('',(0.,0.,1.));
#11673=DIRECTION('',(1.,0.,0.));
#11674=DIRECTION('',(0.,0.,1.));
#11675=DIRECTION('',(1.,0.,0.));
#11676=DIRECTION('',(0.,0.,1.));
#11677=DIRECTION('',(1.,0.,0.));
#11678=DIRECTION('',(0.,0.,1.));
#11679=DIRECTION('',(1.,0.,0.));
#11680=DIRECTION('',(0.,0.,1.));
#11681=DIRECTION('',(1.,0.,0.));
#11682=DIRECTION('',(0.,0.,1.));
#11683=DIRECTION('',(1.,0.,0.));
#11684=DIRECTION('',(0.,0.,1.));
#11685=DIRECTION('',(1.,0.,0.));
#11686=DIRECTION('',(0.,0.,1.));
#11687=DIRECTION('',(1.,0.,0.));
#11688=DIRECTION('',(0.,0.,1.));
#11689=DIRECTION('',(1.,0.,0.));
#11690=DIRECTION('',(0.,0.,1.));
#11691=DIRECTION('',(1.,0.,0.));
#11692=DIRECTION('',(0.,0.,1.));
#11693=DIRECTION('',(1.,0.,0.));
#11694=DIRECTION('',(0.,0.,1.));
#11695=DIRECTION('',(1.,0.,0.));
#11696=DIRECTION('',(0.,0.,1.));
#11697=DIRECTION('',(1.,0.,0.));
#11698=DIRECTION('',(0.,0.,1.));
#11699=DIRECTION('',(1.,0.,0.));
#11700=DIRECTION('',(0.,0.,1.));
#11701=DIRECTION('',(1.,0.,0.));
#11702=DIRECTION('',(0.,0.,1.));
#11703=DIRECTION('',(1.,0.,0.));
#11704=DIRECTION('',(0.,0.,1.));
#11705=DIRECTION('',(1.,0.,0.));
#11706=DIRECTION('',(0.,0.,1.));
#11707=DIRECTION('',(1.,0.,0.));
#11708=DIRECTION('',(0.,0.,1.));
#11709=DIRECTION('',(1.,0.,0.));
#11710=DIRECTION('',(0.,0.,1.));
#11711=DIRECTION('',(1.,0.,0.));
#11712=DIRECTION('',(0.,0.,1.));
#11713=DIRECTION('',(1.,0.,0.));
#11714=DIRECTION('',(0.,0.,1.));
#11715=DIRECTION('',(1.,0.,0.));
#11716=DIRECTION('',(0.,0.,1.));
#11717=DIRECTION('',(1.,0.,0.));
#11718=DIRECTION('',(0.,0.,1.));
#11719=DIRECTION('',(1.,0.,0.));
#11720=DIRECTION('',(0.,0.,1.));
#11721=DIRECTION('',(1.,0.,0.));
#11722=DIRECTION('',(0.,0.,1.));
#11723=DIRECTION('',(1.,0.,0.));
#11724=DIRECTION('',(0.,0.,1.));
#11725=DIRECTION('',(1.,0.,0.));
#11726=DIRECTION('',(0.,0.,1.));
#11727=DIRECTION('',(1.,0.,0.));
#11728=DIRECTION('',(0.,0.,1.));
#11729=DIRECTION('',(1.,0.,0.));
#11730=DIRECTION('',(0.,0.,1.));
#11731=DIRECTION('',(1.,0.,0.));
#11732=DIRECTION('',(0.,0.,1.));
#11733=DIRECTION('',(1.,0.,0.));
#11734=DIRECTION('',(0.,0.,1.));
#11735=DIRECTION('',(1.,0.,0.));
#11736=DIRECTION('',(0.,0.,1.));
#11737=DIRECTION('',(1.,0.,0.));
#11738=DIRECTION('',(0.,0.,1.));
#11739=DIRECTION('',(1.,0.,0.));
#11740=DIRECTION('',(0.,0.,1.));
#11741=DIRECTION('',(1.,0.,0.));
#11742=DIRECTION('',(0.,0.,1.));
#11743=DIRECTION('',(1.,0.,0.));
#11744=DIRECTION('',(0.,0.,1.));
#11745=DIRECTION('',(1.,0.,0.));
#11746=DIRECTION('',(0.,0.,1.));
#11747=DIRECTION('',(1.,0.,0.));
#11748=DIRECTION('',(0.,0.,1.));
#11749=DIRECTION('',(1.,0.,0.));
#11750=DIRECTION('',(0.,0.,1.));
#11751=DIRECTION('',(1.,0.,0.));
#11752=DIRECTION('',(0.,0.,1.));
#11753=DIRECTION('',(1.,0.,0.));
#11754=DIRECTION('',(0.,0.,1.));
#11755=DIRECTION('',(1.,0.,0.));
#11756=DIRECTION('',(0.,0.,1.));
#11757=DIRECTION('',(1.,0.,0.));
#11758=DIRECTION('',(0.,0.,1.));
#11759=DIRECTION('',(1.,0.,0.));
#11760=DIRECTION('',(0.,0.,1.));
#11761=DIRECTION('',(1.,0.,0.));
#11762=DIRECTION('',(0.,0.,1.));
#11763=DIRECTION('',(1.,0.,0.));
#11764=DIRECTION('',(0.,0.,1.));
#11765=DIRECTION('',(1.,0.,0.));
#11766=DIRECTION('',(0.,0.,1.));
#11767=DIRECTION('',(1.,0.,0.));
#11768=DIRECTION('',(0.,0.,1.));
#11769=DIRECTION('',(1.,0.,0.));
#11770=DIRECTION('',(0.,0.,1.));
#11771=DIRECTION('',(1.,0.,0.));
#11772=DIRECTION('',(0.,0.,1.));
#11773=DIRECTION('',(1.,0.,0.));
#11774=DIRECTION('',(0.,0.,1.));
#11775=DIRECTION('',(1.,0.,0.));
#11776=DIRECTION('',(0.,0.,1.));
#11777=DIRECTION('',(1.,0.,0.));
#11778=DIRECTION('',(0.,0.,1.));
#11779=DIRECTION('',(1.,0.,0.));
#11780=DIRECTION('',(0.,0.,1.));
#11781=DIRECTION('',(1.,0.,0.));
#11782=DIRECTION('',(0.,0.,1.));
#11783=DIRECTION('',(1.,0.,0.));
#11784=DIRECTION('',(0.,0.,1.));
#11785=DIRECTION('',(1.,0.,0.));
#11786=DIRECTION('',(0.,0.,1.));
#11787=DIRECTION('',(1.,0.,0.));
#11788=DIRECTION('',(0.,0.,1.));
#11789=DIRECTION('',(1.,0.,0.));
#11790=DIRECTION('',(0.,0.,1.));
#11791=DIRECTION('',(1.,0.,0.));
#11792=DIRECTION('',(0.,0.,1.));
#11793=DIRECTION('',(1.,0.,0.));
#11794=DIRECTION('',(0.,0.,1.));
#11795=DIRECTION('',(1.,0.,0.));
#11796=DIRECTION('',(0.,0.,1.));
#11797=DIRECTION('',(1.,0.,0.));
#11798=DIRECTION('',(0.,0.,1.));
#11799=DIRECTION('',(1.,0.,0.));
#11800=DIRECTION('',(0.,0.,1.));
#11801=DIRECTION('',(1.,0.,0.));
#11802=DIRECTION('',(0.,0.,1.));
#11803=DIRECTION('',(1.,0.,0.));
#11804=DIRECTION('',(0.,0.,1.));
#11805=DIRECTION('',(1.,0.,0.));
#11806=DIRECTION('',(0.,0.,1.));
#11807=DIRECTION('',(1.,0.,0.));
#11808=DIRECTION('',(0.,0.,1.));
#11809=DIRECTION('',(1.,0.,0.));
#11810=DIRECTION('',(0.,0.,1.));
#11811=DIRECTION('',(1.,0.,0.));
#11812=DIRECTION('',(0.,0.,1.));
#11813=DIRECTION('',(1.,0.,0.));
#11814=DIRECTION('',(0.,0.,1.));
#11815=DIRECTION('',(1.,0.,0.));
#11816=DIRECTION('',(0.,0.,1.));
#11817=DIRECTION('',(1.,0.,0.));
#11818=CARTESIAN_POINT('',(0.,0.,0.));
#11819=CARTESIAN_POINT('',(-0.3075,0.135,-0.18));
#11820=CARTESIAN_POINT('',(-0.3075,0.,-0.12));
#11821=CARTESIAN_POINT('',(-0.3075,0.,-0.12));
#11822=CARTESIAN_POINT('',(-0.3075,0.135,-0.12));
#11823=CARTESIAN_POINT('',(-0.3075,0.,-0.18));
#11824=CARTESIAN_POINT('',(-0.3075,0.,0.));
#11825=CARTESIAN_POINT('',(-0.3075,0.135,0.));
#11826=CARTESIAN_POINT('',(-0.3075,0.135,0.));
#11827=CARTESIAN_POINT('',(-0.3075,0.135,-0.18));
#11828=CARTESIAN_POINT('',(0.,0.135,0.));
#11829=CARTESIAN_POINT('',(-0.2975,0.135,-0.13));
#11830=CARTESIAN_POINT('',(-0.2975,0.135,-0.13));
#11831=CARTESIAN_POINT('',(-0.2575,0.135,-0.13));
#11832=CARTESIAN_POINT('',(-0.2975,0.135,-0.12));
#11833=CARTESIAN_POINT('',(-0.3075,0.135,0.));
#11834=CARTESIAN_POINT('',(0.2575,0.135,0.));
#11835=CARTESIAN_POINT('',(0.2575,0.135,-0.05));
#11836=CARTESIAN_POINT('',(0.2575,0.135,-0.05));
#11837=CARTESIAN_POINT('',(0.2975,0.135,-0.05));
#11838=CARTESIAN_POINT('',(0.2975,0.135,-0.05));
#11839=CARTESIAN_POINT('',(0.2975,0.135,-0.0600000000000001));
#11840=CARTESIAN_POINT('',(0.3075,0.135,-0.06));
#11841=CARTESIAN_POINT('',(0.3075,0.135,0.));
#11842=CARTESIAN_POINT('',(0.3075,0.135,-0.12));
#11843=CARTESIAN_POINT('',(0.2975,0.135,-0.12));
#11844=CARTESIAN_POINT('',(0.2975,0.135,-0.13));
#11845=CARTESIAN_POINT('',(0.2575,0.135,-0.13));
#11846=CARTESIAN_POINT('',(0.2575,0.135,-0.13));
#11847=CARTESIAN_POINT('',(0.2575,0.135,-0.18));
#11848=CARTESIAN_POINT('',(0.2575,0.135,-0.18));
#11849=CARTESIAN_POINT('',(0.3075,0.135,-0.18));
#11850=CARTESIAN_POINT('',(-0.2575,0.135,-0.18));
#11851=CARTESIAN_POINT('',(-0.2575,0.135,-0.13));
#11852=CARTESIAN_POINT('',(0.,0.,0.));
#11853=CARTESIAN_POINT('',(0.,0.,-0.06725));
#11854=CARTESIAN_POINT('',(-0.2775,0.,-0.06725));
#11855=CARTESIAN_POINT('',(-0.2875,0.,-0.06725));
#11856=CARTESIAN_POINT('',(-0.2775,0.,0.));
#11857=CARTESIAN_POINT('',(-0.2775,0.,-0.081));
#11858=CARTESIAN_POINT('',(0.,0.,-0.081));
#11859=CARTESIAN_POINT('',(-0.2875,-1.70740499604016E-17,-0.081));
#11860=CARTESIAN_POINT('',(-0.2875,0.,0.));
#11861=CARTESIAN_POINT('',(0.,0.,-0.099));
#11862=CARTESIAN_POINT('',(-0.2775,0.,-0.099));
#11863=CARTESIAN_POINT('',(-0.2875,0.,-0.099));
#11864=CARTESIAN_POINT('',(-0.2775,0.,0.));
#11865=CARTESIAN_POINT('',(-0.2775,0.,-0.11275));
#11866=CARTESIAN_POINT('',(0.,0.,-0.11275));
#11867=CARTESIAN_POINT('',(-0.2875,0.,-0.11275));
#11868=CARTESIAN_POINT('',(-0.2875,0.,0.));
#11869=CARTESIAN_POINT('',(0.,0.,-0.06725));
#11870=CARTESIAN_POINT('',(0.2875,0.,-0.06725));
#11871=CARTESIAN_POINT('',(0.2775,0.,-0.06725));
#11872=CARTESIAN_POINT('',(0.2875,0.,0.));
#11873=CARTESIAN_POINT('',(0.2875,0.,-0.081));
#11874=CARTESIAN_POINT('',(0.,0.,-0.081));
#11875=CARTESIAN_POINT('',(0.2775,-1.70740499604016E-17,-0.081));
#11876=CARTESIAN_POINT('',(0.2775,0.,0.));
#11877=CARTESIAN_POINT('',(0.,0.,-0.099));
#11878=CARTESIAN_POINT('',(0.2875,0.,-0.099));
#11879=CARTESIAN_POINT('',(0.2775,0.,-0.099));
#11880=CARTESIAN_POINT('',(0.2875,0.,0.));
#11881=CARTESIAN_POINT('',(0.2875,0.,-0.11275));
#11882=CARTESIAN_POINT('',(0.,0.,-0.11275));
#11883=CARTESIAN_POINT('',(0.2775,0.,-0.11275));
#11884=CARTESIAN_POINT('',(0.2775,0.,0.));
#11885=CARTESIAN_POINT('',(-0.2975,0.,-0.12));
#11886=CARTESIAN_POINT('',(-0.2975,0.,-0.13));
#11887=CARTESIAN_POINT('',(-0.2975,0.,-0.13));
#11888=CARTESIAN_POINT('',(-0.2575,0.,-0.13));
#11889=CARTESIAN_POINT('',(-0.2575,0.,-0.13));
#11890=CARTESIAN_POINT('',(-0.2575,0.,-0.18));
#11891=CARTESIAN_POINT('',(0.3075,0.,-0.18));
#11892=CARTESIAN_POINT('',(0.2575,0.,-0.18));
#11893=CARTESIAN_POINT('',(0.2575,0.,-0.18));
#11894=CARTESIAN_POINT('',(0.2575,0.,-0.13));
#11895=CARTESIAN_POINT('',(0.2575,0.,-0.13));
#11896=CARTESIAN_POINT('',(0.2975,0.,-0.13));
#11897=CARTESIAN_POINT('',(0.2975,0.,-0.12));
#11898=CARTESIAN_POINT('',(0.3075,0.,-0.12));
#11899=CARTESIAN_POINT('',(0.3075,0.,0.));
#11900=CARTESIAN_POINT('',(0.3075,0.,-0.06));
#11901=CARTESIAN_POINT('',(0.2975,0.,-0.0600000000000001));
#11902=CARTESIAN_POINT('',(0.2975,0.,-0.05));
#11903=CARTESIAN_POINT('',(0.2975,0.,-0.05));
#11904=CARTESIAN_POINT('',(0.2575,0.,-0.05));
#11905=CARTESIAN_POINT('',(0.2575,0.,-0.05));
#11906=CARTESIAN_POINT('',(0.2575,0.,0.));
#11907=CARTESIAN_POINT('',(-0.3075,0.,0.));
#11908=CARTESIAN_POINT('',(0.3075,0.135,0.));
#11909=CARTESIAN_POINT('',(0.3075,0.,-0.12));
#11910=CARTESIAN_POINT('',(0.3075,0.,-0.06));
#11911=CARTESIAN_POINT('',(0.3075,0.135,-0.18));
#11912=CARTESIAN_POINT('',(-0.114,0.0315,-0.18));
#11913=CARTESIAN_POINT('',(-0.114,0.0315,-0.18));
#11914=CARTESIAN_POINT('',(-0.114,0.0535,-0.18));
#11915=CARTESIAN_POINT('',(-0.114,0.0535,-0.18));
#11916=CARTESIAN_POINT('',(-0.136,0.0535,-0.18));
#11917=CARTESIAN_POINT('',(-0.136,0.0535,-0.18));
#11918=CARTESIAN_POINT('',(-0.136,0.0315,-0.18));
#11919=CARTESIAN_POINT('',(-0.136,0.0315,-0.18));
#11920=CARTESIAN_POINT('',(-0.064,0.0315,-0.18));
#11921=CARTESIAN_POINT('',(-0.064,0.0315,-0.18));
#11922=CARTESIAN_POINT('',(-0.064,0.0535,-0.18));
#11923=CARTESIAN_POINT('',(-0.064,0.0535,-0.18));
#11924=CARTESIAN_POINT('',(-0.086,0.0535,-0.18));
#11925=CARTESIAN_POINT('',(-0.086,0.0535,-0.18));
#11926=CARTESIAN_POINT('',(-0.086,0.0315,-0.18));
#11927=CARTESIAN_POINT('',(-0.086,0.0315,-0.18));
#11928=CARTESIAN_POINT('',(-0.014,0.0315,-0.18));
#11929=CARTESIAN_POINT('',(-0.014,0.0315,-0.18));
#11930=CARTESIAN_POINT('',(-0.014,0.0535,-0.18));
#11931=CARTESIAN_POINT('',(-0.014,0.0535,-0.18));
#11932=CARTESIAN_POINT('',(-0.036,0.0535,-0.18));
#11933=CARTESIAN_POINT('',(-0.036,0.0535,-0.18));
#11934=CARTESIAN_POINT('',(-0.036,0.0315,-0.18));
#11935=CARTESIAN_POINT('',(-0.036,0.0315,-0.18));
#11936=CARTESIAN_POINT('',(0.036,0.0315,-0.18));
#11937=CARTESIAN_POINT('',(0.036,0.0315,-0.18));
#11938=CARTESIAN_POINT('',(0.036,0.0535,-0.18));
#11939=CARTESIAN_POINT('',(0.036,0.0535,-0.18));
#11940=CARTESIAN_POINT('',(0.014,0.0535,-0.18));
#11941=CARTESIAN_POINT('',(0.014,0.0535,-0.18));
#11942=CARTESIAN_POINT('',(0.014,0.0315,-0.18));
#11943=CARTESIAN_POINT('',(0.014,0.0315,-0.18));
#11944=CARTESIAN_POINT('',(0.086,0.0315,-0.18));
#11945=CARTESIAN_POINT('',(0.086,0.0315,-0.18));
#11946=CARTESIAN_POINT('',(0.086,0.0535,-0.18));
#11947=CARTESIAN_POINT('',(0.086,0.0535,-0.18));
#11948=CARTESIAN_POINT('',(0.064,0.0535,-0.18));
#11949=CARTESIAN_POINT('',(0.064,0.0535,-0.18));
#11950=CARTESIAN_POINT('',(0.064,0.0315,-0.18));
#11951=CARTESIAN_POINT('',(0.064,0.0315,-0.18));
#11952=CARTESIAN_POINT('',(0.136,0.0315,-0.18));
#11953=CARTESIAN_POINT('',(0.136,0.0315,-0.18));
#11954=CARTESIAN_POINT('',(0.136,0.0535,-0.18));
#11955=CARTESIAN_POINT('',(0.136,0.0535,-0.18));
#11956=CARTESIAN_POINT('',(0.114,0.0535,-0.18));
#11957=CARTESIAN_POINT('',(0.114,0.0535,-0.18));
#11958=CARTESIAN_POINT('',(0.114,0.0315,-0.18));
#11959=CARTESIAN_POINT('',(0.114,0.0315,-0.18));
#11960=CARTESIAN_POINT('',(0.186,0.0315,-0.18));
#11961=CARTESIAN_POINT('',(0.186,0.0315,-0.18));
#11962=CARTESIAN_POINT('',(0.186,0.0535,-0.18));
#11963=CARTESIAN_POINT('',(0.186,0.0535,-0.18));
#11964=CARTESIAN_POINT('',(0.164,0.0535,-0.18));
#11965=CARTESIAN_POINT('',(0.164,0.0535,-0.18));
#11966=CARTESIAN_POINT('',(0.164,0.0315,-0.18));
#11967=CARTESIAN_POINT('',(0.164,0.0315,-0.18));
#11968=CARTESIAN_POINT('',(0.236,0.0315,-0.18));
#11969=CARTESIAN_POINT('',(0.236,0.0315,-0.18));
#11970=CARTESIAN_POINT('',(0.236,0.0535,-0.18));
#11971=CARTESIAN_POINT('',(0.236,0.0535,-0.18));
#11972=CARTESIAN_POINT('',(0.214,0.0535,-0.18));
#11973=CARTESIAN_POINT('',(0.214,0.0535,-0.18));
#11974=CARTESIAN_POINT('',(0.214,0.0315,-0.18));
#11975=CARTESIAN_POINT('',(0.214,0.0315,-0.18));
#11976=CARTESIAN_POINT('',(-0.214,0.0815,-0.18));
#11977=CARTESIAN_POINT('',(-0.214,0.0815,-0.18));
#11978=CARTESIAN_POINT('',(-0.214,0.1035,-0.18));
#11979=CARTESIAN_POINT('',(-0.214,0.1035,-0.18));
#11980=CARTESIAN_POINT('',(-0.236,0.1035,-0.18));
#11981=CARTESIAN_POINT('',(-0.236,0.1035,-0.18));
#11982=CARTESIAN_POINT('',(-0.236,0.0815,-0.18));
#11983=CARTESIAN_POINT('',(-0.236,0.0815,-0.18));
#11984=CARTESIAN_POINT('',(-0.164,0.0815,-0.18));
#11985=CARTESIAN_POINT('',(-0.164,0.0815,-0.18));
#11986=CARTESIAN_POINT('',(-0.164,0.1035,-0.18));
#11987=CARTESIAN_POINT('',(-0.164,0.1035,-0.18));
#11988=CARTESIAN_POINT('',(-0.186,0.1035,-0.18));
#11989=CARTESIAN_POINT('',(-0.186,0.1035,-0.18));
#11990=CARTESIAN_POINT('',(-0.186,0.0815,-0.18));
#11991=CARTESIAN_POINT('',(-0.186,0.0815,-0.18));
#11992=CARTESIAN_POINT('',(-0.114,0.0815,-0.18));
#11993=CARTESIAN_POINT('',(-0.114,0.0815,-0.18));
#11994=CARTESIAN_POINT('',(-0.114,0.1035,-0.18));
#11995=CARTESIAN_POINT('',(-0.114,0.1035,-0.18));
#11996=CARTESIAN_POINT('',(-0.136,0.1035,-0.18));
#11997=CARTESIAN_POINT('',(-0.136,0.1035,-0.18));
#11998=CARTESIAN_POINT('',(-0.136,0.0815,-0.18));
#11999=CARTESIAN_POINT('',(-0.136,0.0815,-0.18));
#12000=CARTESIAN_POINT('',(-0.064,0.0815,-0.18));
#12001=CARTESIAN_POINT('',(-0.064,0.0815,-0.18));
#12002=CARTESIAN_POINT('',(-0.064,0.1035,-0.18));
#12003=CARTESIAN_POINT('',(-0.064,0.1035,-0.18));
#12004=CARTESIAN_POINT('',(-0.086,0.1035,-0.18));
#12005=CARTESIAN_POINT('',(-0.086,0.1035,-0.18));
#12006=CARTESIAN_POINT('',(-0.086,0.0815,-0.18));
#12007=CARTESIAN_POINT('',(-0.086,0.0815,-0.18));
#12008=CARTESIAN_POINT('',(-0.014,0.0815,-0.18));
#12009=CARTESIAN_POINT('',(-0.014,0.0815,-0.18));
#12010=CARTESIAN_POINT('',(-0.014,0.1035,-0.18));
#12011=CARTESIAN_POINT('',(-0.014,0.1035,-0.18));
#12012=CARTESIAN_POINT('',(-0.036,0.1035,-0.18));
#12013=CARTESIAN_POINT('',(-0.036,0.1035,-0.18));
#12014=CARTESIAN_POINT('',(-0.036,0.0815,-0.18));
#12015=CARTESIAN_POINT('',(-0.036,0.0815,-0.18));
#12016=CARTESIAN_POINT('',(0.036,0.0815,-0.18));
#12017=CARTESIAN_POINT('',(0.036,0.0815,-0.18));
#12018=CARTESIAN_POINT('',(0.036,0.1035,-0.18));
#12019=CARTESIAN_POINT('',(0.036,0.1035,-0.18));
#12020=CARTESIAN_POINT('',(0.014,0.1035,-0.18));
#12021=CARTESIAN_POINT('',(0.014,0.1035,-0.18));
#12022=CARTESIAN_POINT('',(0.014,0.0815,-0.18));
#12023=CARTESIAN_POINT('',(0.014,0.0815,-0.18));
#12024=CARTESIAN_POINT('',(0.086,0.0815,-0.18));
#12025=CARTESIAN_POINT('',(0.086,0.0815,-0.18));
#12026=CARTESIAN_POINT('',(0.086,0.1035,-0.18));
#12027=CARTESIAN_POINT('',(0.086,0.1035,-0.18));
#12028=CARTESIAN_POINT('',(0.064,0.1035,-0.18));
#12029=CARTESIAN_POINT('',(0.064,0.1035,-0.18));
#12030=CARTESIAN_POINT('',(0.064,0.0815,-0.18));
#12031=CARTESIAN_POINT('',(0.064,0.0815,-0.18));
#12032=CARTESIAN_POINT('',(0.136,0.0815,-0.18));
#12033=CARTESIAN_POINT('',(0.136,0.0815,-0.18));
#12034=CARTESIAN_POINT('',(0.136,0.1035,-0.18));
#12035=CARTESIAN_POINT('',(0.136,0.1035,-0.18));
#12036=CARTESIAN_POINT('',(0.114,0.1035,-0.18));
#12037=CARTESIAN_POINT('',(0.114,0.1035,-0.18));
#12038=CARTESIAN_POINT('',(0.114,0.0815,-0.18));
#12039=CARTESIAN_POINT('',(0.114,0.0815,-0.18));
#12040=CARTESIAN_POINT('',(0.186,0.0815,-0.18));
#12041=CARTESIAN_POINT('',(0.186,0.0815,-0.18));
#12042=CARTESIAN_POINT('',(0.186,0.1035,-0.18));
#12043=CARTESIAN_POINT('',(0.186,0.1035,-0.18));
#12044=CARTESIAN_POINT('',(0.164,0.1035,-0.18));
#12045=CARTESIAN_POINT('',(0.164,0.1035,-0.18));
#12046=CARTESIAN_POINT('',(0.164,0.0815,-0.18));
#12047=CARTESIAN_POINT('',(0.164,0.0815,-0.18));
#12048=CARTESIAN_POINT('',(0.236,0.0815,-0.18));
#12049=CARTESIAN_POINT('',(0.236,0.0815,-0.18));
#12050=CARTESIAN_POINT('',(0.236,0.1035,-0.18));
#12051=CARTESIAN_POINT('',(0.236,0.1035,-0.18));
#12052=CARTESIAN_POINT('',(0.214,0.1035,-0.18));
#12053=CARTESIAN_POINT('',(0.214,0.1035,-0.18));
#12054=CARTESIAN_POINT('',(0.214,0.0815,-0.18));
#12055=CARTESIAN_POINT('',(0.214,0.0815,-0.18));
#12056=CARTESIAN_POINT('',(-0.164,0.0315,-0.18));
#12057=CARTESIAN_POINT('',(-0.164,0.0315,-0.18));
#12058=CARTESIAN_POINT('',(-0.164,0.0535,-0.18));
#12059=CARTESIAN_POINT('',(-0.164,0.0535,-0.18));
#12060=CARTESIAN_POINT('',(-0.186,0.0535,-0.18));
#12061=CARTESIAN_POINT('',(-0.186,0.0535,-0.18));
#12062=CARTESIAN_POINT('',(-0.186,0.0315,-0.18));
#12063=CARTESIAN_POINT('',(-0.186,0.0315,-0.18));
#12064=CARTESIAN_POINT('',(-0.214,0.0315,-0.18));
#12065=CARTESIAN_POINT('',(-0.214,0.0315,-0.18));
#12066=CARTESIAN_POINT('',(-0.214,0.0535,-0.18));
#12067=CARTESIAN_POINT('',(-0.214,0.0535,-0.18));
#12068=CARTESIAN_POINT('',(-0.236,0.0535,-0.18));
#12069=CARTESIAN_POINT('',(-0.236,0.0535,-0.18));
#12070=CARTESIAN_POINT('',(-0.236,0.0315,-0.18));
#12071=CARTESIAN_POINT('',(-0.236,0.0315,-0.18));
#12072=CARTESIAN_POINT('',(-0.2575,0.,-0.18));
#12073=CARTESIAN_POINT('',(0.2575,0.,-0.18));
#12074=CARTESIAN_POINT('',(-0.3075,0.135,0.));
#12075=CARTESIAN_POINT('',(-0.136,0.0535,0.));
#12076=CARTESIAN_POINT('',(-0.136,0.0535,0.));
#12077=CARTESIAN_POINT('',(-0.136,0.0315,0.));
#12078=CARTESIAN_POINT('',(-0.114,0.0535,0.));
#12079=CARTESIAN_POINT('',(-0.114,0.0535,0.));
#12080=CARTESIAN_POINT('',(-0.114,0.0315,0.));
#12081=CARTESIAN_POINT('',(-0.114,0.0315,0.));
#12082=CARTESIAN_POINT('',(-0.136,0.0315,0.));
#12083=CARTESIAN_POINT('',(-0.086,0.0535,0.));
#12084=CARTESIAN_POINT('',(-0.086,0.0535,0.));
#12085=CARTESIAN_POINT('',(-0.086,0.0315,0.));
#12086=CARTESIAN_POINT('',(-0.064,0.0535,0.));
#12087=CARTESIAN_POINT('',(-0.064,0.0535,0.));
#12088=CARTESIAN_POINT('',(-0.064,0.0315,0.));
#12089=CARTESIAN_POINT('',(-0.064,0.0315,0.));
#12090=CARTESIAN_POINT('',(-0.086,0.0315,0.));
#12091=CARTESIAN_POINT('',(-0.036,0.0535,0.));
#12092=CARTESIAN_POINT('',(-0.036,0.0535,0.));
#12093=CARTESIAN_POINT('',(-0.036,0.0315,0.));
#12094=CARTESIAN_POINT('',(-0.014,0.0535,0.));
#12095=CARTESIAN_POINT('',(-0.014,0.0535,0.));
#12096=CARTESIAN_POINT('',(-0.014,0.0315,0.));
#12097=CARTESIAN_POINT('',(-0.014,0.0315,0.));
#12098=CARTESIAN_POINT('',(-0.036,0.0315,0.));
#12099=CARTESIAN_POINT('',(0.014,0.0535,0.));
#12100=CARTESIAN_POINT('',(0.014,0.0535,0.));
#12101=CARTESIAN_POINT('',(0.014,0.0315,0.));
#12102=CARTESIAN_POINT('',(0.036,0.0535,0.));
#12103=CARTESIAN_POINT('',(0.036,0.0535,0.));
#12104=CARTESIAN_POINT('',(0.036,0.0315,0.));
#12105=CARTESIAN_POINT('',(0.036,0.0315,0.));
#12106=CARTESIAN_POINT('',(0.014,0.0315,0.));
#12107=CARTESIAN_POINT('',(0.064,0.0535,0.));
#12108=CARTESIAN_POINT('',(0.064,0.0535,0.));
#12109=CARTESIAN_POINT('',(0.064,0.0315,0.));
#12110=CARTESIAN_POINT('',(0.086,0.0535,0.));
#12111=CARTESIAN_POINT('',(0.086,0.0535,0.));
#12112=CARTESIAN_POINT('',(0.086,0.0315,0.));
#12113=CARTESIAN_POINT('',(0.086,0.0315,0.));
#12114=CARTESIAN_POINT('',(0.064,0.0315,0.));
#12115=CARTESIAN_POINT('',(0.114,0.0535,0.));
#12116=CARTESIAN_POINT('',(0.114,0.0535,0.));
#12117=CARTESIAN_POINT('',(0.114,0.0315,0.));
#12118=CARTESIAN_POINT('',(0.136,0.0535,0.));
#12119=CARTESIAN_POINT('',(0.136,0.0535,0.));
#12120=CARTESIAN_POINT('',(0.136,0.0315,0.));
#12121=CARTESIAN_POINT('',(0.136,0.0315,0.));
#12122=CARTESIAN_POINT('',(0.114,0.0315,0.));
#12123=CARTESIAN_POINT('',(0.164,0.0535,0.));
#12124=CARTESIAN_POINT('',(0.164,0.0535,0.));
#12125=CARTESIAN_POINT('',(0.164,0.0315,0.));
#12126=CARTESIAN_POINT('',(0.186,0.0535,0.));
#12127=CARTESIAN_POINT('',(0.186,0.0535,0.));
#12128=CARTESIAN_POINT('',(0.186,0.0315,0.));
#12129=CARTESIAN_POINT('',(0.186,0.0315,0.));
#12130=CARTESIAN_POINT('',(0.164,0.0315,0.));
#12131=CARTESIAN_POINT('',(0.214,0.0535,0.));
#12132=CARTESIAN_POINT('',(0.214,0.0535,0.));
#12133=CARTESIAN_POINT('',(0.214,0.0315,0.));
#12134=CARTESIAN_POINT('',(0.236,0.0535,0.));
#12135=CARTESIAN_POINT('',(0.236,0.0535,0.));
#12136=CARTESIAN_POINT('',(0.236,0.0315,0.));
#12137=CARTESIAN_POINT('',(0.236,0.0315,0.));
#12138=CARTESIAN_POINT('',(0.214,0.0315,0.));
#12139=CARTESIAN_POINT('',(-0.236,0.1035,0.));
#12140=CARTESIAN_POINT('',(-0.236,0.1035,0.));
#12141=CARTESIAN_POINT('',(-0.236,0.0815,0.));
#12142=CARTESIAN_POINT('',(-0.214,0.1035,0.));
#12143=CARTESIAN_POINT('',(-0.214,0.1035,0.));
#12144=CARTESIAN_POINT('',(-0.214,0.0815,0.));
#12145=CARTESIAN_POINT('',(-0.214,0.0815,0.));
#12146=CARTESIAN_POINT('',(-0.236,0.0815,0.));
#12147=CARTESIAN_POINT('',(-0.186,0.1035,0.));
#12148=CARTESIAN_POINT('',(-0.186,0.1035,0.));
#12149=CARTESIAN_POINT('',(-0.186,0.0815,0.));
#12150=CARTESIAN_POINT('',(-0.164,0.1035,0.));
#12151=CARTESIAN_POINT('',(-0.164,0.1035,0.));
#12152=CARTESIAN_POINT('',(-0.164,0.0815,0.));
#12153=CARTESIAN_POINT('',(-0.164,0.0815,0.));
#12154=CARTESIAN_POINT('',(-0.186,0.0815,0.));
#12155=CARTESIAN_POINT('',(-0.136,0.1035,0.));
#12156=CARTESIAN_POINT('',(-0.136,0.1035,0.));
#12157=CARTESIAN_POINT('',(-0.136,0.0815,0.));
#12158=CARTESIAN_POINT('',(-0.114,0.1035,0.));
#12159=CARTESIAN_POINT('',(-0.114,0.1035,0.));
#12160=CARTESIAN_POINT('',(-0.114,0.0815,0.));
#12161=CARTESIAN_POINT('',(-0.114,0.0815,0.));
#12162=CARTESIAN_POINT('',(-0.136,0.0815,0.));
#12163=CARTESIAN_POINT('',(-0.086,0.1035,0.));
#12164=CARTESIAN_POINT('',(-0.086,0.1035,0.));
#12165=CARTESIAN_POINT('',(-0.086,0.0815,0.));
#12166=CARTESIAN_POINT('',(-0.064,0.1035,0.));
#12167=CARTESIAN_POINT('',(-0.064,0.1035,0.));
#12168=CARTESIAN_POINT('',(-0.064,0.0815,0.));
#12169=CARTESIAN_POINT('',(-0.064,0.0815,0.));
#12170=CARTESIAN_POINT('',(-0.086,0.0815,0.));
#12171=CARTESIAN_POINT('',(-0.036,0.1035,0.));
#12172=CARTESIAN_POINT('',(-0.036,0.1035,0.));
#12173=CARTESIAN_POINT('',(-0.036,0.0815,0.));
#12174=CARTESIAN_POINT('',(-0.014,0.1035,0.));
#12175=CARTESIAN_POINT('',(-0.014,0.1035,0.));
#12176=CARTESIAN_POINT('',(-0.014,0.0815,0.));
#12177=CARTESIAN_POINT('',(-0.014,0.0815,0.));
#12178=CARTESIAN_POINT('',(-0.036,0.0815,0.));
#12179=CARTESIAN_POINT('',(0.014,0.1035,0.));
#12180=CARTESIAN_POINT('',(0.014,0.1035,0.));
#12181=CARTESIAN_POINT('',(0.014,0.0815,0.));
#12182=CARTESIAN_POINT('',(0.036,0.1035,0.));
#12183=CARTESIAN_POINT('',(0.036,0.1035,0.));
#12184=CARTESIAN_POINT('',(0.036,0.0815,0.));
#12185=CARTESIAN_POINT('',(0.036,0.0815,0.));
#12186=CARTESIAN_POINT('',(0.014,0.0815,0.));
#12187=CARTESIAN_POINT('',(0.064,0.1035,0.));
#12188=CARTESIAN_POINT('',(0.064,0.1035,0.));
#12189=CARTESIAN_POINT('',(0.064,0.0815,0.));
#12190=CARTESIAN_POINT('',(0.086,0.1035,0.));
#12191=CARTESIAN_POINT('',(0.086,0.1035,0.));
#12192=CARTESIAN_POINT('',(0.086,0.0815,0.));
#12193=CARTESIAN_POINT('',(0.086,0.0815,0.));
#12194=CARTESIAN_POINT('',(0.064,0.0815,0.));
#12195=CARTESIAN_POINT('',(0.114,0.1035,0.));
#12196=CARTESIAN_POINT('',(0.114,0.1035,0.));
#12197=CARTESIAN_POINT('',(0.114,0.0815,0.));
#12198=CARTESIAN_POINT('',(0.136,0.1035,0.));
#12199=CARTESIAN_POINT('',(0.136,0.1035,0.));
#12200=CARTESIAN_POINT('',(0.136,0.0815,0.));
#12201=CARTESIAN_POINT('',(0.136,0.0815,0.));
#12202=CARTESIAN_POINT('',(0.114,0.0815,0.));
#12203=CARTESIAN_POINT('',(0.164,0.1035,0.));
#12204=CARTESIAN_POINT('',(0.164,0.1035,0.));
#12205=CARTESIAN_POINT('',(0.164,0.0815,0.));
#12206=CARTESIAN_POINT('',(0.186,0.1035,0.));
#12207=CARTESIAN_POINT('',(0.186,0.1035,0.));
#12208=CARTESIAN_POINT('',(0.186,0.0815,0.));
#12209=CARTESIAN_POINT('',(0.186,0.0815,0.));
#12210=CARTESIAN_POINT('',(0.164,0.0815,0.));
#12211=CARTESIAN_POINT('',(0.214,0.1035,0.));
#12212=CARTESIAN_POINT('',(0.214,0.1035,0.));
#12213=CARTESIAN_POINT('',(0.214,0.0815,0.));
#12214=CARTESIAN_POINT('',(0.236,0.1035,0.));
#12215=CARTESIAN_POINT('',(0.236,0.1035,0.));
#12216=CARTESIAN_POINT('',(0.236,0.0815,0.));
#12217=CARTESIAN_POINT('',(0.236,0.0815,0.));
#12218=CARTESIAN_POINT('',(0.214,0.0815,0.));
#12219=CARTESIAN_POINT('',(-0.186,0.0535,0.));
#12220=CARTESIAN_POINT('',(-0.186,0.0535,0.));
#12221=CARTESIAN_POINT('',(-0.186,0.0315,0.));
#12222=CARTESIAN_POINT('',(-0.164,0.0535,0.));
#12223=CARTESIAN_POINT('',(-0.164,0.0535,0.));
#12224=CARTESIAN_POINT('',(-0.164,0.0315,0.));
#12225=CARTESIAN_POINT('',(-0.164,0.0315,0.));
#12226=CARTESIAN_POINT('',(-0.186,0.0315,0.));
#12227=CARTESIAN_POINT('',(-0.236,0.0535,0.));
#12228=CARTESIAN_POINT('',(-0.236,0.0535,0.));
#12229=CARTESIAN_POINT('',(-0.236,0.0315,0.));
#12230=CARTESIAN_POINT('',(-0.214,0.0535,0.));
#12231=CARTESIAN_POINT('',(-0.214,0.0535,0.));
#12232=CARTESIAN_POINT('',(-0.214,0.0315,0.));
#12233=CARTESIAN_POINT('',(-0.214,0.0315,0.));
#12234=CARTESIAN_POINT('',(-0.236,0.0315,0.));
#12235=CARTESIAN_POINT('',(0.2575,0.,0.));
#12236=CARTESIAN_POINT('',(0.2575,0.,-0.05));
#12237=CARTESIAN_POINT('',(0.2575,0.,-0.05));
#12238=CARTESIAN_POINT('',(0.2975,0.,-0.0600000000000001));
#12239=CARTESIAN_POINT('',(0.2975,0.,-0.05));
#12240=CARTESIAN_POINT('',(0.2975,0.,-0.05));
#12241=CARTESIAN_POINT('',(0.2575,0.,-0.18));
#12242=CARTESIAN_POINT('',(0.2575,0.,-0.13));
#12243=CARTESIAN_POINT('',(0.2575,0.,-0.13));
#12244=CARTESIAN_POINT('',(0.2975,0.,-0.13));
#12245=CARTESIAN_POINT('',(0.2975,0.,-0.12));
#12246=CARTESIAN_POINT('',(-0.2975,0.,-0.12));
#12247=CARTESIAN_POINT('',(-0.2975,0.,-0.13));
#12248=CARTESIAN_POINT('',(-0.2975,0.,-0.13));
#12249=CARTESIAN_POINT('',(-0.2575,0.,-0.13));
#12250=CARTESIAN_POINT('',(-0.2575,0.,-0.13));
#12251=CARTESIAN_POINT('',(-0.214,0.0535,-0.18));
#12252=CARTESIAN_POINT('',(-0.236,0.0535,-0.18));
#12253=CARTESIAN_POINT('',(-0.214,0.0535,-0.18));
#12254=CARTESIAN_POINT('',(-0.236,0.0535,-0.18));
#12255=CARTESIAN_POINT('',(-0.236,0.0315,-0.18));
#12256=CARTESIAN_POINT('',(-0.236,0.0315,-0.18));
#12257=CARTESIAN_POINT('',(-0.214,0.0315,-0.18));
#12258=CARTESIAN_POINT('',(-0.214,0.0315,-0.18));
#12259=CARTESIAN_POINT('',(-0.164,0.0535,-0.18));
#12260=CARTESIAN_POINT('',(-0.186,0.0535,-0.18));
#12261=CARTESIAN_POINT('',(-0.164,0.0535,-0.18));
#12262=CARTESIAN_POINT('',(-0.186,0.0535,-0.18));
#12263=CARTESIAN_POINT('',(-0.186,0.0315,-0.18));
#12264=CARTESIAN_POINT('',(-0.186,0.0315,-0.18));
#12265=CARTESIAN_POINT('',(-0.164,0.0315,-0.18));
#12266=CARTESIAN_POINT('',(-0.164,0.0315,-0.18));
#12267=CARTESIAN_POINT('',(0.236,0.1035,-0.18));
#12268=CARTESIAN_POINT('',(0.214,0.1035,-0.18));
#12269=CARTESIAN_POINT('',(0.236,0.1035,-0.18));
#12270=CARTESIAN_POINT('',(0.214,0.1035,-0.18));
#12271=CARTESIAN_POINT('',(0.214,0.0815,-0.18));
#12272=CARTESIAN_POINT('',(0.214,0.0815,-0.18));
#12273=CARTESIAN_POINT('',(0.236,0.0815,-0.18));
#12274=CARTESIAN_POINT('',(0.236,0.0815,-0.18));
#12275=CARTESIAN_POINT('',(0.186,0.1035,-0.18));
#12276=CARTESIAN_POINT('',(0.164,0.1035,-0.18));
#12277=CARTESIAN_POINT('',(0.186,0.1035,-0.18));
#12278=CARTESIAN_POINT('',(0.164,0.1035,-0.18));
#12279=CARTESIAN_POINT('',(0.164,0.0815,-0.18));
#12280=CARTESIAN_POINT('',(0.164,0.0815,-0.18));
#12281=CARTESIAN_POINT('',(0.186,0.0815,-0.18));
#12282=CARTESIAN_POINT('',(0.186,0.0815,-0.18));
#12283=CARTESIAN_POINT('',(0.136,0.1035,-0.18));
#12284=CARTESIAN_POINT('',(0.114,0.1035,-0.18));
#12285=CARTESIAN_POINT('',(0.136,0.1035,-0.18));
#12286=CARTESIAN_POINT('',(0.114,0.1035,-0.18));
#12287=CARTESIAN_POINT('',(0.114,0.0815,-0.18));
#12288=CARTESIAN_POINT('',(0.114,0.0815,-0.18));
#12289=CARTESIAN_POINT('',(0.136,0.0815,-0.18));
#12290=CARTESIAN_POINT('',(0.136,0.0815,-0.18));
#12291=CARTESIAN_POINT('',(0.086,0.1035,-0.18));
#12292=CARTESIAN_POINT('',(0.064,0.1035,-0.18));
#12293=CARTESIAN_POINT('',(0.086,0.1035,-0.18));
#12294=CARTESIAN_POINT('',(0.064,0.1035,-0.18));
#12295=CARTESIAN_POINT('',(0.064,0.0815,-0.18));
#12296=CARTESIAN_POINT('',(0.064,0.0815,-0.18));
#12297=CARTESIAN_POINT('',(0.086,0.0815,-0.18));
#12298=CARTESIAN_POINT('',(0.086,0.0815,-0.18));
#12299=CARTESIAN_POINT('',(0.036,0.1035,-0.18));
#12300=CARTESIAN_POINT('',(0.014,0.1035,-0.18));
#12301=CARTESIAN_POINT('',(0.036,0.1035,-0.18));
#12302=CARTESIAN_POINT('',(0.014,0.1035,-0.18));
#12303=CARTESIAN_POINT('',(0.014,0.0815,-0.18));
#12304=CARTESIAN_POINT('',(0.014,0.0815,-0.18));
#12305=CARTESIAN_POINT('',(0.036,0.0815,-0.18));
#12306=CARTESIAN_POINT('',(0.036,0.0815,-0.18));
#12307=CARTESIAN_POINT('',(-0.014,0.1035,-0.18));
#12308=CARTESIAN_POINT('',(-0.036,0.1035,-0.18));
#12309=CARTESIAN_POINT('',(-0.014,0.1035,-0.18));
#12310=CARTESIAN_POINT('',(-0.036,0.1035,-0.18));
#12311=CARTESIAN_POINT('',(-0.036,0.0815,-0.18));
#12312=CARTESIAN_POINT('',(-0.036,0.0815,-0.18));
#12313=CARTESIAN_POINT('',(-0.014,0.0815,-0.18));
#12314=CARTESIAN_POINT('',(-0.014,0.0815,-0.18));
#12315=CARTESIAN_POINT('',(-0.064,0.1035,-0.18));
#12316=CARTESIAN_POINT('',(-0.086,0.1035,-0.18));
#12317=CARTESIAN_POINT('',(-0.064,0.1035,-0.18));
#12318=CARTESIAN_POINT('',(-0.086,0.1035,-0.18));
#12319=CARTESIAN_POINT('',(-0.086,0.0815,-0.18));
#12320=CARTESIAN_POINT('',(-0.086,0.0815,-0.18));
#12321=CARTESIAN_POINT('',(-0.064,0.0815,-0.18));
#12322=CARTESIAN_POINT('',(-0.064,0.0815,-0.18));
#12323=CARTESIAN_POINT('',(-0.114,0.1035,-0.18));
#12324=CARTESIAN_POINT('',(-0.136,0.1035,-0.18));
#12325=CARTESIAN_POINT('',(-0.114,0.1035,-0.18));
#12326=CARTESIAN_POINT('',(-0.136,0.1035,-0.18));
#12327=CARTESIAN_POINT('',(-0.136,0.0815,-0.18));
#12328=CARTESIAN_POINT('',(-0.136,0.0815,-0.18));
#12329=CARTESIAN_POINT('',(-0.114,0.0815,-0.18));
#12330=CARTESIAN_POINT('',(-0.114,0.0815,-0.18));
#12331=CARTESIAN_POINT('',(-0.164,0.1035,-0.18));
#12332=CARTESIAN_POINT('',(-0.186,0.1035,-0.18));
#12333=CARTESIAN_POINT('',(-0.164,0.1035,-0.18));
#12334=CARTESIAN_POINT('',(-0.186,0.1035,-0.18));
#12335=CARTESIAN_POINT('',(-0.186,0.0815,-0.18));
#12336=CARTESIAN_POINT('',(-0.186,0.0815,-0.18));
#12337=CARTESIAN_POINT('',(-0.164,0.0815,-0.18));
#12338=CARTESIAN_POINT('',(-0.164,0.0815,-0.18));
#12339=CARTESIAN_POINT('',(-0.214,0.1035,-0.18));
#12340=CARTESIAN_POINT('',(-0.236,0.1035,-0.18));
#12341=CARTESIAN_POINT('',(-0.214,0.1035,-0.18));
#12342=CARTESIAN_POINT('',(-0.236,0.1035,-0.18));
#12343=CARTESIAN_POINT('',(-0.236,0.0815,-0.18));
#12344=CARTESIAN_POINT('',(-0.236,0.0815,-0.18));
#12345=CARTESIAN_POINT('',(-0.214,0.0815,-0.18));
#12346=CARTESIAN_POINT('',(-0.214,0.0815,-0.18));
#12347=CARTESIAN_POINT('',(0.236,0.0535,-0.18));
#12348=CARTESIAN_POINT('',(0.214,0.0535,-0.18));
#12349=CARTESIAN_POINT('',(0.236,0.0535,-0.18));
#12350=CARTESIAN_POINT('',(0.214,0.0535,-0.18));
#12351=CARTESIAN_POINT('',(0.214,0.0315,-0.18));
#12352=CARTESIAN_POINT('',(0.214,0.0315,-0.18));
#12353=CARTESIAN_POINT('',(0.236,0.0315,-0.18));
#12354=CARTESIAN_POINT('',(0.236,0.0315,-0.18));
#12355=CARTESIAN_POINT('',(0.186,0.0535,-0.18));
#12356=CARTESIAN_POINT('',(0.164,0.0535,-0.18));
#12357=CARTESIAN_POINT('',(0.186,0.0535,-0.18));
#12358=CARTESIAN_POINT('',(0.164,0.0535,-0.18));
#12359=CARTESIAN_POINT('',(0.164,0.0315,-0.18));
#12360=CARTESIAN_POINT('',(0.164,0.0315,-0.18));
#12361=CARTESIAN_POINT('',(0.186,0.0315,-0.18));
#12362=CARTESIAN_POINT('',(0.186,0.0315,-0.18));
#12363=CARTESIAN_POINT('',(0.136,0.0535,-0.18));
#12364=CARTESIAN_POINT('',(0.114,0.0535,-0.18));
#12365=CARTESIAN_POINT('',(0.136,0.0535,-0.18));
#12366=CARTESIAN_POINT('',(0.114,0.0535,-0.18));
#12367=CARTESIAN_POINT('',(0.114,0.0315,-0.18));
#12368=CARTESIAN_POINT('',(0.114,0.0315,-0.18));
#12369=CARTESIAN_POINT('',(0.136,0.0315,-0.18));
#12370=CARTESIAN_POINT('',(0.136,0.0315,-0.18));
#12371=CARTESIAN_POINT('',(0.086,0.0535,-0.18));
#12372=CARTESIAN_POINT('',(0.064,0.0535,-0.18));
#12373=CARTESIAN_POINT('',(0.086,0.0535,-0.18));
#12374=CARTESIAN_POINT('',(0.064,0.0535,-0.18));
#12375=CARTESIAN_POINT('',(0.064,0.0315,-0.18));
#12376=CARTESIAN_POINT('',(0.064,0.0315,-0.18));
#12377=CARTESIAN_POINT('',(0.086,0.0315,-0.18));
#12378=CARTESIAN_POINT('',(0.086,0.0315,-0.18));
#12379=CARTESIAN_POINT('',(0.036,0.0535,-0.18));
#12380=CARTESIAN_POINT('',(0.014,0.0535,-0.18));
#12381=CARTESIAN_POINT('',(0.036,0.0535,-0.18));
#12382=CARTESIAN_POINT('',(0.014,0.0535,-0.18));
#12383=CARTESIAN_POINT('',(0.014,0.0315,-0.18));
#12384=CARTESIAN_POINT('',(0.014,0.0315,-0.18));
#12385=CARTESIAN_POINT('',(0.036,0.0315,-0.18));
#12386=CARTESIAN_POINT('',(0.036,0.0315,-0.18));
#12387=CARTESIAN_POINT('',(-0.014,0.0535,-0.18));
#12388=CARTESIAN_POINT('',(-0.036,0.0535,-0.18));
#12389=CARTESIAN_POINT('',(-0.014,0.0535,-0.18));
#12390=CARTESIAN_POINT('',(-0.036,0.0535,-0.18));
#12391=CARTESIAN_POINT('',(-0.036,0.0315,-0.18));
#12392=CARTESIAN_POINT('',(-0.036,0.0315,-0.18));
#12393=CARTESIAN_POINT('',(-0.014,0.0315,-0.18));
#12394=CARTESIAN_POINT('',(-0.014,0.0315,-0.18));
#12395=CARTESIAN_POINT('',(-0.064,0.0535,-0.18));
#12396=CARTESIAN_POINT('',(-0.086,0.0535,-0.18));
#12397=CARTESIAN_POINT('',(-0.064,0.0535,-0.18));
#12398=CARTESIAN_POINT('',(-0.086,0.0535,-0.18));
#12399=CARTESIAN_POINT('',(-0.086,0.0315,-0.18));
#12400=CARTESIAN_POINT('',(-0.086,0.0315,-0.18));
#12401=CARTESIAN_POINT('',(-0.064,0.0315,-0.18));
#12402=CARTESIAN_POINT('',(-0.064,0.0315,-0.18));
#12403=CARTESIAN_POINT('',(-0.114,0.0535,-0.18));
#12404=CARTESIAN_POINT('',(-0.136,0.0535,-0.18));
#12405=CARTESIAN_POINT('',(-0.114,0.0535,-0.18));
#12406=CARTESIAN_POINT('',(-0.136,0.0535,-0.18));
#12407=CARTESIAN_POINT('',(-0.136,0.0315,-0.18));
#12408=CARTESIAN_POINT('',(-0.136,0.0315,-0.18));
#12409=CARTESIAN_POINT('',(-0.114,0.0315,-0.18));
#12410=CARTESIAN_POINT('',(-0.114,0.0315,-0.18));
#12411=CARTESIAN_POINT('',(0.2875,-0.065,-0.099));
#12412=CARTESIAN_POINT('',(0.2775,-0.065,-0.099));
#12413=CARTESIAN_POINT('',(0.2775,-0.065,-0.099));
#12414=CARTESIAN_POINT('',(0.2775,-0.065,-0.104143593539449));
#12415=CARTESIAN_POINT('',(0.2875,-0.065,-0.104143593539449));
#12416=CARTESIAN_POINT('',(0.2875,-0.065,-0.104143593539449));
#12417=CARTESIAN_POINT('',(0.2875,-0.065,-0.099));
#12418=CARTESIAN_POINT('',(0.2875,-0.065,-0.099));
#12419=CARTESIAN_POINT('',(0.2875,-0.065,-0.099));
#12420=CARTESIAN_POINT('',(0.2875,-0.065,-0.104143593539449));
#12421=CARTESIAN_POINT('',(0.2775,-0.065,-0.104143593539449));
#12422=CARTESIAN_POINT('',(0.2775,-0.041,-0.118));
#12423=CARTESIAN_POINT('',(0.2875,-0.041,-0.118));
#12424=CARTESIAN_POINT('',(0.2875,-0.041,-0.118));
#12425=CARTESIAN_POINT('',(0.2875,-0.065,-0.104143593539449));
#12426=CARTESIAN_POINT('',(0.2875,-0.041,-0.118));
#12427=CARTESIAN_POINT('',(0.2775,-0.041,-0.118));
#12428=CARTESIAN_POINT('',(0.2775,-0.041,-0.11275));
#12429=CARTESIAN_POINT('',(0.2875,-0.041,-0.11275));
#12430=CARTESIAN_POINT('',(0.2875,-0.041,-0.11275));
#12431=CARTESIAN_POINT('',(0.2875,-0.041,-0.118));
#12432=CARTESIAN_POINT('',(0.2875,-0.041,-0.11275));
#12433=CARTESIAN_POINT('',(0.2775,-0.041,-0.11275));
#12434=CARTESIAN_POINT('',(0.2775,-0.0319067332602634,-0.118));
#12435=CARTESIAN_POINT('',(0.2875,-0.0319067332602634,-0.118));
#12436=CARTESIAN_POINT('',(0.2875,-0.0319067332602634,-0.118));
#12437=CARTESIAN_POINT('',(0.2875,-0.041,-0.11275));
#12438=CARTESIAN_POINT('',(0.2875,-0.0319067332602634,-0.118));
#12439=CARTESIAN_POINT('',(0.2775,-0.0319067332602634,-0.118));
#12440=CARTESIAN_POINT('',(0.2775,-0.0319067332602634,-0.11275));
#12441=CARTESIAN_POINT('',(0.2875,-0.0319067332602634,-0.11275));
#12442=CARTESIAN_POINT('',(0.2875,-0.0319067332602634,-0.11275));
#12443=CARTESIAN_POINT('',(0.2875,-0.0319067332602634,-0.118));
#12444=CARTESIAN_POINT('',(0.2875,0.010000000349246,-0.09));
#12445=CARTESIAN_POINT('',(0.2875,0.01,-0.099));
#12446=CARTESIAN_POINT('',(0.2875,-0.0319067332602634,-0.11275));
#12447=CARTESIAN_POINT('',(0.2775,0.010000000349246,-0.09));
#12448=CARTESIAN_POINT('',(0.2775,0.01,-0.099));
#12449=CARTESIAN_POINT('',(0.2775,-0.0319067332602634,-0.11275));
#12450=CARTESIAN_POINT('',(0.2875,-0.0319067332602634,-0.11275));
#12451=CARTESIAN_POINT('',(0.2875,0.01,-0.099));
#12452=CARTESIAN_POINT('',(0.2875,-0.065,-0.081));
#12453=CARTESIAN_POINT('',(0.2775,-0.065,-0.081));
#12454=CARTESIAN_POINT('',(0.2775,-0.065,-0.081));
#12455=CARTESIAN_POINT('',(0.2875,-0.065,-0.081));
#12456=CARTESIAN_POINT('',(0.2875,-0.065,-0.081));
#12457=CARTESIAN_POINT('',(0.2875,-0.065,-0.081));
#12458=CARTESIAN_POINT('',(0.2875,0.03,-0.06725));
#12459=CARTESIAN_POINT('',(0.2875,0.03,-0.06725));
#12460=CARTESIAN_POINT('',(0.2875,-0.0319067332602634,-0.06725));
#12461=CARTESIAN_POINT('',(0.2775,0.03,-0.06725));
#12462=CARTESIAN_POINT('',(0.2775,-0.0319067332602634,-0.06725));
#12463=CARTESIAN_POINT('',(0.2875,-0.0319067332602634,-0.06725));
#12464=CARTESIAN_POINT('',(0.2875,0.010000000349246,-0.09));
#12465=CARTESIAN_POINT('',(0.2875,-0.0319067332602634,-0.06725));
#12466=CARTESIAN_POINT('',(0.2875,-0.0319067332602634,-0.062));
#12467=CARTESIAN_POINT('',(0.2875,-0.0319067332602634,-0.062));
#12468=CARTESIAN_POINT('',(0.2875,-0.041,-0.06725));
#12469=CARTESIAN_POINT('',(0.2875,-0.041,-0.06725));
#12470=CARTESIAN_POINT('',(0.2875,-0.041,-0.062));
#12471=CARTESIAN_POINT('',(0.2875,-0.041,-0.062));
#12472=CARTESIAN_POINT('',(0.2875,-0.065,-0.075856406460551));
#12473=CARTESIAN_POINT('',(0.2875,-0.065,-0.075856406460551));
#12474=CARTESIAN_POINT('',(0.2775,0.010000000349246,-0.09));
#12475=CARTESIAN_POINT('',(0.2775,-0.065,-0.075856406460551));
#12476=CARTESIAN_POINT('',(0.2775,-0.065,-0.075856406460551));
#12477=CARTESIAN_POINT('',(0.2775,-0.041,-0.062));
#12478=CARTESIAN_POINT('',(0.2775,-0.041,-0.062));
#12479=CARTESIAN_POINT('',(0.2775,-0.041,-0.06725));
#12480=CARTESIAN_POINT('',(0.2775,-0.041,-0.06725));
#12481=CARTESIAN_POINT('',(0.2775,-0.0319067332602634,-0.062));
#12482=CARTESIAN_POINT('',(0.2775,-0.0319067332602634,-0.062));
#12483=CARTESIAN_POINT('',(0.2775,-0.0319067332602634,-0.06725));
#12484=CARTESIAN_POINT('',(0.2875,-0.0319067332602634,-0.06725));
#12485=CARTESIAN_POINT('',(0.2875,-0.0319067332602634,-0.062));
#12486=CARTESIAN_POINT('',(0.2875,-0.0319067332602634,-0.062));
#12487=CARTESIAN_POINT('',(0.2875,-0.041,-0.06725));
#12488=CARTESIAN_POINT('',(0.2875,-0.041,-0.06725));
#12489=CARTESIAN_POINT('',(0.2875,-0.041,-0.062));
#12490=CARTESIAN_POINT('',(0.2875,-0.041,-0.062));
#12491=CARTESIAN_POINT('',(0.2875,-0.065,-0.075856406460551));
#12492=CARTESIAN_POINT('',(0.2875,-0.065,-0.075856406460551));
#12493=CARTESIAN_POINT('',(-0.2775,-0.065,-0.099));
#12494=CARTESIAN_POINT('',(-0.2875,-0.065,-0.099));
#12495=CARTESIAN_POINT('',(-0.2875,-0.065,-0.099));
#12496=CARTESIAN_POINT('',(-0.2875,-0.065,-0.104143593539449));
#12497=CARTESIAN_POINT('',(-0.2775,-0.065,-0.104143593539449));
#12498=CARTESIAN_POINT('',(-0.2775,-0.065,-0.104143593539449));
#12499=CARTESIAN_POINT('',(-0.2775,-0.065,-0.099));
#12500=CARTESIAN_POINT('',(-0.2775,-0.065,-0.099));
#12501=CARTESIAN_POINT('',(-0.2775,-0.065,-0.099));
#12502=CARTESIAN_POINT('',(-0.2775,-0.065,-0.104143593539449));
#12503=CARTESIAN_POINT('',(-0.2875,-0.065,-0.104143593539449));
#12504=CARTESIAN_POINT('',(-0.2875,-0.041,-0.118));
#12505=CARTESIAN_POINT('',(-0.2775,-0.041,-0.118));
#12506=CARTESIAN_POINT('',(-0.2775,-0.041,-0.118));
#12507=CARTESIAN_POINT('',(-0.2775,-0.065,-0.104143593539449));
#12508=CARTESIAN_POINT('',(-0.2775,-0.041,-0.118));
#12509=CARTESIAN_POINT('',(-0.2875,-0.041,-0.118));
#12510=CARTESIAN_POINT('',(-0.2875,-0.041,-0.11275));
#12511=CARTESIAN_POINT('',(-0.2775,-0.041,-0.11275));
#12512=CARTESIAN_POINT('',(-0.2775,-0.041,-0.11275));
#12513=CARTESIAN_POINT('',(-0.2775,-0.041,-0.118));
#12514=CARTESIAN_POINT('',(-0.2775,-0.041,-0.11275));
#12515=CARTESIAN_POINT('',(-0.2875,-0.041,-0.11275));
#12516=CARTESIAN_POINT('',(-0.2875,-0.0319067332602634,-0.118));
#12517=CARTESIAN_POINT('',(-0.2775,-0.0319067332602634,-0.118));
#12518=CARTESIAN_POINT('',(-0.2775,-0.0319067332602634,-0.118));
#12519=CARTESIAN_POINT('',(-0.2775,-0.041,-0.11275));
#12520=CARTESIAN_POINT('',(-0.2775,-0.0319067332602634,-0.118));
#12521=CARTESIAN_POINT('',(-0.2875,-0.0319067332602634,-0.118));
#12522=CARTESIAN_POINT('',(-0.2875,-0.0319067332602634,-0.11275));
#12523=CARTESIAN_POINT('',(-0.2775,-0.0319067332602634,-0.11275));
#12524=CARTESIAN_POINT('',(-0.2775,-0.0319067332602634,-0.11275));
#12525=CARTESIAN_POINT('',(-0.2775,-0.0319067332602634,-0.118));
#12526=CARTESIAN_POINT('',(-0.2775,0.010000000349246,-0.09));
#12527=CARTESIAN_POINT('',(-0.2775,0.01,-0.099));
#12528=CARTESIAN_POINT('',(-0.2775,-0.0319067332602634,-0.11275));
#12529=CARTESIAN_POINT('',(-0.2875,0.010000000349246,-0.09));
#12530=CARTESIAN_POINT('',(-0.2875,0.01,-0.099));
#12531=CARTESIAN_POINT('',(-0.2875,-0.0319067332602634,-0.11275));
#12532=CARTESIAN_POINT('',(-0.2775,-0.0319067332602634,-0.11275));
#12533=CARTESIAN_POINT('',(-0.2775,0.01,-0.099));
#12534=CARTESIAN_POINT('',(-0.2775,-0.065,-0.081));
#12535=CARTESIAN_POINT('',(-0.2875,-0.065,-0.081));
#12536=CARTESIAN_POINT('',(-0.2875,-0.065,-0.081));
#12537=CARTESIAN_POINT('',(-0.2775,-0.065,-0.081));
#12538=CARTESIAN_POINT('',(-0.2775,-0.065,-0.081));
#12539=CARTESIAN_POINT('',(-0.2775,-0.065,-0.081));
#12540=CARTESIAN_POINT('',(-0.2775,0.03,-0.06725));
#12541=CARTESIAN_POINT('',(-0.2775,0.03,-0.06725));
#12542=CARTESIAN_POINT('',(-0.2775,-0.0319067332602634,-0.06725));
#12543=CARTESIAN_POINT('',(-0.2875,0.03,-0.06725));
#12544=CARTESIAN_POINT('',(-0.2875,-0.0319067332602634,-0.06725));
#12545=CARTESIAN_POINT('',(-0.2775,-0.0319067332602634,-0.06725));
#12546=CARTESIAN_POINT('',(-0.2775,0.010000000349246,-0.09));
#12547=CARTESIAN_POINT('',(-0.2775,-0.0319067332602634,-0.06725));
#12548=CARTESIAN_POINT('',(-0.2775,-0.0319067332602634,-0.062));
#12549=CARTESIAN_POINT('',(-0.2775,-0.0319067332602634,-0.062));
#12550=CARTESIAN_POINT('',(-0.2775,-0.041,-0.06725));
#12551=CARTESIAN_POINT('',(-0.2775,-0.041,-0.06725));
#12552=CARTESIAN_POINT('',(-0.2775,-0.041,-0.062));
#12553=CARTESIAN_POINT('',(-0.2775,-0.041,-0.062));
#12554=CARTESIAN_POINT('',(-0.2775,-0.065,-0.075856406460551));
#12555=CARTESIAN_POINT('',(-0.2775,-0.065,-0.075856406460551));
#12556=CARTESIAN_POINT('',(-0.2875,0.010000000349246,-0.09));
#12557=CARTESIAN_POINT('',(-0.2875,-0.065,-0.075856406460551));
#12558=CARTESIAN_POINT('',(-0.2875,-0.065,-0.075856406460551));
#12559=CARTESIAN_POINT('',(-0.2875,-0.041,-0.062));
#12560=CARTESIAN_POINT('',(-0.2875,-0.041,-0.062));
#12561=CARTESIAN_POINT('',(-0.2875,-0.041,-0.06725));
#12562=CARTESIAN_POINT('',(-0.2875,-0.041,-0.06725));
#12563=CARTESIAN_POINT('',(-0.2875,-0.0319067332602634,-0.062));
#12564=CARTESIAN_POINT('',(-0.2875,-0.0319067332602634,-0.062));
#12565=CARTESIAN_POINT('',(-0.2875,-0.0319067332602634,-0.06725));
#12566=CARTESIAN_POINT('',(-0.2775,-0.0319067332602634,-0.06725));
#12567=CARTESIAN_POINT('',(-0.2775,-0.0319067332602634,-0.062));
#12568=CARTESIAN_POINT('',(-0.2775,-0.0319067332602634,-0.062));
#12569=CARTESIAN_POINT('',(-0.2775,-0.041,-0.06725));
#12570=CARTESIAN_POINT('',(-0.2775,-0.041,-0.06725));
#12571=CARTESIAN_POINT('',(-0.2775,-0.041,-0.062));
#12572=CARTESIAN_POINT('',(-0.2775,-0.041,-0.062));
#12573=CARTESIAN_POINT('',(-0.2775,-0.065,-0.075856406460551));
#12574=CARTESIAN_POINT('',(-0.2775,-0.065,-0.075856406460551));
#12575=CARTESIAN_POINT('',(0.,0.,0.));
#12576=CARTESIAN_POINT('',(-0.25,0.125,-0.245));
#12577=CARTESIAN_POINT('',(-0.25,0.01,-0.245));
#12578=CARTESIAN_POINT('',(-0.25,0.01,-0.178));
#12579=CARTESIAN_POINT('',(-0.25,0.01,-0.05));
#12580=CARTESIAN_POINT('',(-0.25,0.125,-0.05));
#12581=CARTESIAN_POINT('',(-0.25,0.125,-0.05));
#12582=CARTESIAN_POINT('',(-0.25,0.125,-0.245));
#12583=CARTESIAN_POINT('',(-0.25,0.125,-0.178));
#12584=CARTESIAN_POINT('',(-0.25,0.125,-0.178));
#12585=CARTESIAN_POINT('',(0.25,0.,-0.245));
#12586=CARTESIAN_POINT('',(0.25,0.125,-0.245));
#12587=CARTESIAN_POINT('',(0.25,0.125,-0.178));
#12588=CARTESIAN_POINT('',(0.25,0.125,-0.05));
#12589=CARTESIAN_POINT('',(0.25,0.,-0.05));
#12590=CARTESIAN_POINT('',(0.25,0.01,-0.05));
#12591=CARTESIAN_POINT('',(0.25,0.01,-0.245));
#12592=CARTESIAN_POINT('',(0.25,0.01,-0.178));
#12593=CARTESIAN_POINT('',(0.25,0.,-0.178));
#12594=CARTESIAN_POINT('',(0.25,0.125,-0.245));
#12595=CARTESIAN_POINT('',(0.25,0.125,-0.05));
#12596=CARTESIAN_POINT('',(0.25,0.125,-0.178));
#12597=CARTESIAN_POINT('',(0.24,0.125,-0.178));
#12598=CARTESIAN_POINT('',(0.24,0.125,-0.245));
#12599=CARTESIAN_POINT('',(0.24,0.125,-0.245));
#12600=CARTESIAN_POINT('',(0.25,0.125,-0.245));
#12601=CARTESIAN_POINT('',(0.235,0.125,-0.245));
#12602=CARTESIAN_POINT('',(0.235,0.125,-0.245));
#12603=CARTESIAN_POINT('',(0.235,0.125,-0.178));
#12604=CARTESIAN_POINT('',(0.25,0.125,-0.178));
#12605=CARTESIAN_POINT('',(0.19,0.125,-0.178));
#12606=CARTESIAN_POINT('',(0.19,0.125,-0.245));
#12607=CARTESIAN_POINT('',(0.19,0.125,-0.245));
#12608=CARTESIAN_POINT('',(0.25,0.125,-0.245));
#12609=CARTESIAN_POINT('',(0.185,0.125,-0.245));
#12610=CARTESIAN_POINT('',(0.185,0.125,-0.245));
#12611=CARTESIAN_POINT('',(0.185,0.125,-0.178));
#12612=CARTESIAN_POINT('',(0.25,0.125,-0.178));
#12613=CARTESIAN_POINT('',(0.14,0.125,-0.178));
#12614=CARTESIAN_POINT('',(0.14,0.125,-0.245));
#12615=CARTESIAN_POINT('',(0.14,0.125,-0.245));
#12616=CARTESIAN_POINT('',(0.25,0.125,-0.245));
#12617=CARTESIAN_POINT('',(0.135,0.125,-0.245));
#12618=CARTESIAN_POINT('',(0.135,0.125,-0.245));
#12619=CARTESIAN_POINT('',(0.135,0.125,-0.178));
#12620=CARTESIAN_POINT('',(0.25,0.125,-0.178));
#12621=CARTESIAN_POINT('',(0.09,0.125,-0.178));
#12622=CARTESIAN_POINT('',(0.09,0.125,-0.245));
#12623=CARTESIAN_POINT('',(0.09,0.125,-0.245));
#12624=CARTESIAN_POINT('',(0.25,0.125,-0.245));
#12625=CARTESIAN_POINT('',(0.0850000000000001,0.125,-0.245));
#12626=CARTESIAN_POINT('',(0.0850000000000001,0.125,-0.245));
#12627=CARTESIAN_POINT('',(0.0850000000000001,0.125,-0.178));
#12628=CARTESIAN_POINT('',(0.25,0.125,-0.178));
#12629=CARTESIAN_POINT('',(0.04,0.125,-0.178));
#12630=CARTESIAN_POINT('',(0.04,0.125,-0.245));
#12631=CARTESIAN_POINT('',(0.04,0.125,-0.245));
#12632=CARTESIAN_POINT('',(0.25,0.125,-0.245));
#12633=CARTESIAN_POINT('',(0.035,0.125,-0.245));
#12634=CARTESIAN_POINT('',(0.035,0.125,-0.245));
#12635=CARTESIAN_POINT('',(0.035,0.125,-0.178));
#12636=CARTESIAN_POINT('',(0.25,0.125,-0.178));
#12637=CARTESIAN_POINT('',(-0.0100000000000001,0.125,-0.178));
#12638=CARTESIAN_POINT('',(-0.0100000000000001,0.125,-0.245));
#12639=CARTESIAN_POINT('',(-0.0100000000000001,0.125,-0.245));
#12640=CARTESIAN_POINT('',(0.25,0.125,-0.245));
#12641=CARTESIAN_POINT('',(-0.0150000000000001,0.125,-0.245));
#12642=CARTESIAN_POINT('',(-0.0150000000000001,0.125,-0.245));
#12643=CARTESIAN_POINT('',(-0.0150000000000001,0.125,-0.178));
#12644=CARTESIAN_POINT('',(0.25,0.125,-0.178));
#12645=CARTESIAN_POINT('',(-0.06,0.125,-0.178));
#12646=CARTESIAN_POINT('',(-0.06,0.125,-0.245));
#12647=CARTESIAN_POINT('',(-0.06,0.125,-0.245));
#12648=CARTESIAN_POINT('',(0.25,0.125,-0.245));
#12649=CARTESIAN_POINT('',(-0.0650000000000001,0.125,-0.245));
#12650=CARTESIAN_POINT('',(-0.0650000000000001,0.125,-0.245));
#12651=CARTESIAN_POINT('',(-0.0650000000000001,0.125,-0.178));
#12652=CARTESIAN_POINT('',(0.25,0.125,-0.178));
#12653=CARTESIAN_POINT('',(-0.11,0.125,-0.178));
#12654=CARTESIAN_POINT('',(-0.11,0.125,-0.245));
#12655=CARTESIAN_POINT('',(-0.11,0.125,-0.245));
#12656=CARTESIAN_POINT('',(0.25,0.125,-0.245));
#12657=CARTESIAN_POINT('',(-0.115,0.125,-0.245));
#12658=CARTESIAN_POINT('',(-0.115,0.125,-0.245));
#12659=CARTESIAN_POINT('',(-0.115,0.125,-0.178));
#12660=CARTESIAN_POINT('',(0.25,0.125,-0.178));
#12661=CARTESIAN_POINT('',(-0.16,0.125,-0.178));
#12662=CARTESIAN_POINT('',(-0.16,0.125,-0.245));
#12663=CARTESIAN_POINT('',(-0.16,0.125,-0.245));
#12664=CARTESIAN_POINT('',(0.25,0.125,-0.245));
#12665=CARTESIAN_POINT('',(-0.165,0.125,-0.245));
#12666=CARTESIAN_POINT('',(-0.165,0.125,-0.245));
#12667=CARTESIAN_POINT('',(-0.165,0.125,-0.178));
#12668=CARTESIAN_POINT('',(0.25,0.125,-0.178));
#12669=CARTESIAN_POINT('',(-0.21,0.125,-0.178));
#12670=CARTESIAN_POINT('',(-0.21,0.125,-0.245));
#12671=CARTESIAN_POINT('',(-0.21,0.125,-0.245));
#12672=CARTESIAN_POINT('',(0.25,0.125,-0.245));
#12673=CARTESIAN_POINT('',(-0.215,0.125,-0.245));
#12674=CARTESIAN_POINT('',(-0.215,0.125,-0.245));
#12675=CARTESIAN_POINT('',(-0.215,0.125,-0.178));
#12676=CARTESIAN_POINT('',(0.25,0.125,-0.178));
#12677=CARTESIAN_POINT('',(0.3075,0.01,-0.205));
#12678=CARTESIAN_POINT('',(0.3075,0.01,-0.05));
#12679=CARTESIAN_POINT('',(0.3075,0.01,-0.178));
#12680=CARTESIAN_POINT('',(-0.24,0.01,-0.178));
#12681=CARTESIAN_POINT('',(-0.24,0.01,-0.205));
#12682=CARTESIAN_POINT('',(-0.24,0.01,-0.205));
#12683=CARTESIAN_POINT('',(0.3075,0.01,-0.205));
#12684=CARTESIAN_POINT('',(-0.235,0.01,-0.205));
#12685=CARTESIAN_POINT('',(-0.235,0.01,-0.205));
#12686=CARTESIAN_POINT('',(-0.235,0.01,-0.178));
#12687=CARTESIAN_POINT('',(0.3075,0.01,-0.178));
#12688=CARTESIAN_POINT('',(-0.215,0.01,-0.178));
#12689=CARTESIAN_POINT('',(-0.215,0.01,-0.205));
#12690=CARTESIAN_POINT('',(-0.215,0.01,-0.205));
#12691=CARTESIAN_POINT('',(0.3075,0.01,-0.205));
#12692=CARTESIAN_POINT('',(-0.21,0.01,-0.205));
#12693=CARTESIAN_POINT('',(-0.21,0.01,-0.205));
#12694=CARTESIAN_POINT('',(-0.21,0.01,-0.178));
#12695=CARTESIAN_POINT('',(0.3075,0.01,-0.178));
#12696=CARTESIAN_POINT('',(-0.19,0.01,-0.178));
#12697=CARTESIAN_POINT('',(-0.19,0.01,-0.205));
#12698=CARTESIAN_POINT('',(-0.19,0.01,-0.205));
#12699=CARTESIAN_POINT('',(0.3075,0.01,-0.205));
#12700=CARTESIAN_POINT('',(-0.185,0.01,-0.205));
#12701=CARTESIAN_POINT('',(-0.185,0.01,-0.205));
#12702=CARTESIAN_POINT('',(-0.185,0.01,-0.178));
#12703=CARTESIAN_POINT('',(0.3075,0.01,-0.178));
#12704=CARTESIAN_POINT('',(-0.165,0.01,-0.178));
#12705=CARTESIAN_POINT('',(-0.165,0.01,-0.205));
#12706=CARTESIAN_POINT('',(-0.165,0.01,-0.205));
#12707=CARTESIAN_POINT('',(0.3075,0.01,-0.205));
#12708=CARTESIAN_POINT('',(-0.16,0.01,-0.205));
#12709=CARTESIAN_POINT('',(-0.16,0.01,-0.205));
#12710=CARTESIAN_POINT('',(-0.16,0.01,-0.178));
#12711=CARTESIAN_POINT('',(0.3075,0.01,-0.178));
#12712=CARTESIAN_POINT('',(-0.14,0.01,-0.178));
#12713=CARTESIAN_POINT('',(-0.14,0.01,-0.205));
#12714=CARTESIAN_POINT('',(-0.14,0.01,-0.205));
#12715=CARTESIAN_POINT('',(0.3075,0.01,-0.205));
#12716=CARTESIAN_POINT('',(-0.135,0.01,-0.205));
#12717=CARTESIAN_POINT('',(-0.135,0.01,-0.205));
#12718=CARTESIAN_POINT('',(-0.135,0.01,-0.178));
#12719=CARTESIAN_POINT('',(0.3075,0.01,-0.178));
#12720=CARTESIAN_POINT('',(-0.115,0.01,-0.178));
#12721=CARTESIAN_POINT('',(-0.115,0.01,-0.205));
#12722=CARTESIAN_POINT('',(-0.115,0.01,-0.205));
#12723=CARTESIAN_POINT('',(0.3075,0.01,-0.205));
#12724=CARTESIAN_POINT('',(-0.11,0.01,-0.205));
#12725=CARTESIAN_POINT('',(-0.11,0.01,-0.205));
#12726=CARTESIAN_POINT('',(-0.11,0.01,-0.178));
#12727=CARTESIAN_POINT('',(0.3075,0.01,-0.178));
#12728=CARTESIAN_POINT('',(-0.0900000000000001,0.01,-0.178));
#12729=CARTESIAN_POINT('',(-0.0900000000000001,0.01,-0.205));
#12730=CARTESIAN_POINT('',(-0.0900000000000001,0.01,-0.205));
#12731=CARTESIAN_POINT('',(0.3075,0.01,-0.205));
#12732=CARTESIAN_POINT('',(-0.085,0.01,-0.205));
#12733=CARTESIAN_POINT('',(-0.085,0.01,-0.205));
#12734=CARTESIAN_POINT('',(-0.085,0.01,-0.178));
#12735=CARTESIAN_POINT('',(0.3075,0.01,-0.178));
#12736=CARTESIAN_POINT('',(-0.0650000000000001,0.01,-0.178));
#12737=CARTESIAN_POINT('',(-0.0650000000000001,0.01,-0.205));
#12738=CARTESIAN_POINT('',(-0.0650000000000001,0.01,-0.205));
#12739=CARTESIAN_POINT('',(0.3075,0.01,-0.205));
#12740=CARTESIAN_POINT('',(-0.06,0.01,-0.205));
#12741=CARTESIAN_POINT('',(-0.06,0.01,-0.205));
#12742=CARTESIAN_POINT('',(-0.06,0.01,-0.178));
#12743=CARTESIAN_POINT('',(0.3075,0.01,-0.178));
#12744=CARTESIAN_POINT('',(-0.04,0.01,-0.178));
#12745=CARTESIAN_POINT('',(-0.04,0.01,-0.205));
#12746=CARTESIAN_POINT('',(-0.04,0.01,-0.205));
#12747=CARTESIAN_POINT('',(0.3075,0.01,-0.205));
#12748=CARTESIAN_POINT('',(-0.035,0.01,-0.205));
#12749=CARTESIAN_POINT('',(-0.035,0.01,-0.205));
#12750=CARTESIAN_POINT('',(-0.035,0.01,-0.178));
#12751=CARTESIAN_POINT('',(0.3075,0.01,-0.178));
#12752=CARTESIAN_POINT('',(-0.0150000000000001,0.01,-0.178));
#12753=CARTESIAN_POINT('',(-0.0150000000000001,0.01,-0.205));
#12754=CARTESIAN_POINT('',(-0.0150000000000001,0.01,-0.205));
#12755=CARTESIAN_POINT('',(0.3075,0.01,-0.205));
#12756=CARTESIAN_POINT('',(-0.0100000000000001,0.01,-0.205));
#12757=CARTESIAN_POINT('',(-0.0100000000000001,0.01,-0.205));
#12758=CARTESIAN_POINT('',(-0.0100000000000001,0.01,-0.178));
#12759=CARTESIAN_POINT('',(0.3075,0.01,-0.178));
#12760=CARTESIAN_POINT('',(0.0100000000000001,0.01,-0.178));
#12761=CARTESIAN_POINT('',(0.0100000000000001,0.01,-0.205));
#12762=CARTESIAN_POINT('',(0.0100000000000001,0.01,-0.205));
#12763=CARTESIAN_POINT('',(0.3075,0.01,-0.205));
#12764=CARTESIAN_POINT('',(0.0149999999999999,0.01,-0.205));
#12765=CARTESIAN_POINT('',(0.0149999999999999,0.01,-0.205));
#12766=CARTESIAN_POINT('',(0.015,0.01,-0.178));
#12767=CARTESIAN_POINT('',(0.3075,0.01,-0.178));
#12768=CARTESIAN_POINT('',(0.035,0.01,-0.178));
#12769=CARTESIAN_POINT('',(0.035,0.01,-0.205));
#12770=CARTESIAN_POINT('',(0.035,0.01,-0.205));
#12771=CARTESIAN_POINT('',(0.3075,0.01,-0.205));
#12772=CARTESIAN_POINT('',(0.04,0.01,-0.205));
#12773=CARTESIAN_POINT('',(0.04,0.01,-0.205));
#12774=CARTESIAN_POINT('',(0.04,0.01,-0.178));
#12775=CARTESIAN_POINT('',(0.3075,0.01,-0.178));
#12776=CARTESIAN_POINT('',(0.0599999999999999,0.01,-0.178));
#12777=CARTESIAN_POINT('',(0.0599999999999999,0.01,-0.205));
#12778=CARTESIAN_POINT('',(0.0599999999999999,0.01,-0.205));
#12779=CARTESIAN_POINT('',(0.3075,0.01,-0.205));
#12780=CARTESIAN_POINT('',(0.0650000000000001,0.01,-0.205));
#12781=CARTESIAN_POINT('',(0.0650000000000001,0.01,-0.205));
#12782=CARTESIAN_POINT('',(0.065,0.01,-0.178));
#12783=CARTESIAN_POINT('',(0.3075,0.01,-0.178));
#12784=CARTESIAN_POINT('',(0.0850000000000001,0.01,-0.178));
#12785=CARTESIAN_POINT('',(0.0850000000000001,0.01,-0.205));
#12786=CARTESIAN_POINT('',(0.0850000000000001,0.01,-0.205));
#12787=CARTESIAN_POINT('',(0.3075,0.01,-0.205));
#12788=CARTESIAN_POINT('',(0.09,0.01,-0.205));
#12789=CARTESIAN_POINT('',(0.09,0.01,-0.205));
#12790=CARTESIAN_POINT('',(0.09,0.01,-0.178));
#12791=CARTESIAN_POINT('',(0.3075,0.01,-0.178));
#12792=CARTESIAN_POINT('',(0.11,0.01,-0.178));
#12793=CARTESIAN_POINT('',(0.11,0.01,-0.205));
#12794=CARTESIAN_POINT('',(0.11,0.01,-0.205));
#12795=CARTESIAN_POINT('',(0.3075,0.01,-0.205));
#12796=CARTESIAN_POINT('',(0.115,0.01,-0.205));
#12797=CARTESIAN_POINT('',(0.115,0.01,-0.205));
#12798=CARTESIAN_POINT('',(0.115,0.01,-0.178));
#12799=CARTESIAN_POINT('',(0.3075,0.01,-0.178));
#12800=CARTESIAN_POINT('',(0.135,0.01,-0.178));
#12801=CARTESIAN_POINT('',(0.135,0.01,-0.205));
#12802=CARTESIAN_POINT('',(0.135,0.01,-0.205));
#12803=CARTESIAN_POINT('',(0.3075,0.01,-0.205));
#12804=CARTESIAN_POINT('',(0.14,0.01,-0.205));
#12805=CARTESIAN_POINT('',(0.14,0.01,-0.205));
#12806=CARTESIAN_POINT('',(0.14,0.01,-0.178));
#12807=CARTESIAN_POINT('',(0.3075,0.01,-0.178));
#12808=CARTESIAN_POINT('',(0.16,0.01,-0.178));
#12809=CARTESIAN_POINT('',(0.16,0.01,-0.205));
#12810=CARTESIAN_POINT('',(0.16,0.01,-0.205));
#12811=CARTESIAN_POINT('',(0.3075,0.01,-0.205));
#12812=CARTESIAN_POINT('',(0.165,0.01,-0.205));
#12813=CARTESIAN_POINT('',(0.165,0.01,-0.205));
#12814=CARTESIAN_POINT('',(0.165,0.01,-0.178));
#12815=CARTESIAN_POINT('',(0.3075,0.01,-0.178));
#12816=CARTESIAN_POINT('',(0.185,0.01,-0.178));
#12817=CARTESIAN_POINT('',(0.185,0.01,-0.205));
#12818=CARTESIAN_POINT('',(0.185,0.01,-0.205));
#12819=CARTESIAN_POINT('',(0.3075,0.01,-0.205));
#12820=CARTESIAN_POINT('',(0.19,0.01,-0.205));
#12821=CARTESIAN_POINT('',(0.19,0.01,-0.205));
#12822=CARTESIAN_POINT('',(0.19,0.01,-0.178));
#12823=CARTESIAN_POINT('',(0.3075,0.01,-0.178));
#12824=CARTESIAN_POINT('',(0.21,0.01,-0.178));
#12825=CARTESIAN_POINT('',(0.21,0.01,-0.205));
#12826=CARTESIAN_POINT('',(0.21,0.01,-0.205));
#12827=CARTESIAN_POINT('',(0.3075,0.01,-0.205));
#12828=CARTESIAN_POINT('',(0.215,0.01,-0.205));
#12829=CARTESIAN_POINT('',(0.215,0.01,-0.205));
#12830=CARTESIAN_POINT('',(0.215,0.01,-0.178));
#12831=CARTESIAN_POINT('',(0.3075,0.01,-0.178));
#12832=CARTESIAN_POINT('',(0.235,0.01,-0.178));
#12833=CARTESIAN_POINT('',(0.235,0.01,-0.205));
#12834=CARTESIAN_POINT('',(0.235,0.01,-0.205));
#12835=CARTESIAN_POINT('',(0.3075,0.01,-0.205));
#12836=CARTESIAN_POINT('',(0.24,0.01,-0.205));
#12837=CARTESIAN_POINT('',(0.24,0.01,-0.205));
#12838=CARTESIAN_POINT('',(0.24,0.01,-0.178));
#12839=CARTESIAN_POINT('',(0.3075,0.01,-0.178));
#12840=CARTESIAN_POINT('',(-0.21,0.135,-0.178));
#12841=CARTESIAN_POINT('',(-0.165,0.135,-0.178));
#12842=CARTESIAN_POINT('',(-0.165,0.104,-0.178));
#12843=CARTESIAN_POINT('',(-0.1645,0.104,-0.178));
#12844=CARTESIAN_POINT('',(-0.1905,0.104,-0.178));
#12845=CARTESIAN_POINT('',(-0.1905,0.104,-0.178));
#12846=CARTESIAN_POINT('',(-0.1905,0.081,-0.178));
#12847=CARTESIAN_POINT('',(-0.1905,0.081,-0.178));
#12848=CARTESIAN_POINT('',(-0.165,0.081,-0.178));
#12849=CARTESIAN_POINT('',(-0.165,0.135,-0.178));
#12850=CARTESIAN_POINT('',(-0.165,0.054,-0.178));
#12851=CARTESIAN_POINT('',(-0.1595,0.054,-0.178));
#12852=CARTESIAN_POINT('',(-0.185,0.054,-0.178));
#12853=CARTESIAN_POINT('',(-0.185,0.135,-0.178));
#12854=CARTESIAN_POINT('',(-0.185,0.06,-0.178));
#12855=CARTESIAN_POINT('',(-0.21,0.06,-0.178));
#12856=CARTESIAN_POINT('',(-0.19,0.06,-0.178));
#12857=CARTESIAN_POINT('',(-0.19,0.135,-0.178));
#12858=CARTESIAN_POINT('',(-0.21,0.135,-0.178));
#12859=CARTESIAN_POINT('',(-0.21,0.031,-0.178));
#12860=CARTESIAN_POINT('',(-0.2355,0.031,-0.178));
#12861=CARTESIAN_POINT('',(-0.2095,0.031,-0.178));
#12862=CARTESIAN_POINT('',(-0.2095,0.031,-0.178));
#12863=CARTESIAN_POINT('',(-0.2095,0.054,-0.178));
#12864=CARTESIAN_POINT('',(-0.2095,0.054,-0.178));
#12865=CARTESIAN_POINT('',(-0.21,0.054,-0.178));
#12866=CARTESIAN_POINT('',(-0.21,0.135,-0.178));
#12867=CARTESIAN_POINT('',(0.19,0.135,-0.178));
#12868=CARTESIAN_POINT('',(0.235,0.135,-0.178));
#12869=CARTESIAN_POINT('',(0.235,0.104,-0.178));
#12870=CARTESIAN_POINT('',(0.2355,0.104,-0.178));
#12871=CARTESIAN_POINT('',(0.2095,0.104,-0.178));
#12872=CARTESIAN_POINT('',(0.2095,0.104,-0.178));
#12873=CARTESIAN_POINT('',(0.2095,0.081,-0.178));
#12874=CARTESIAN_POINT('',(0.2095,0.081,-0.178));
#12875=CARTESIAN_POINT('',(0.235,0.081,-0.178));
#12876=CARTESIAN_POINT('',(0.235,0.135,-0.178));
#12877=CARTESIAN_POINT('',(0.235,0.054,-0.178));
#12878=CARTESIAN_POINT('',(0.19,0.054,-0.178));
#12879=CARTESIAN_POINT('',(0.215,0.054,-0.178));
#12880=CARTESIAN_POINT('',(0.215,0.135,-0.178));
#12881=CARTESIAN_POINT('',(0.215,0.06,-0.178));
#12882=CARTESIAN_POINT('',(0.19,0.06,-0.178));
#12883=CARTESIAN_POINT('',(0.21,0.06,-0.178));
#12884=CARTESIAN_POINT('',(0.21,0.135,-0.178));
#12885=CARTESIAN_POINT('',(0.19,0.135,-0.178));
#12886=CARTESIAN_POINT('',(0.19,0.031,-0.178));
#12887=CARTESIAN_POINT('',(0.1645,0.031,-0.178));
#12888=CARTESIAN_POINT('',(0.1905,0.031,-0.178));
#12889=CARTESIAN_POINT('',(0.1905,0.031,-0.178));
#12890=CARTESIAN_POINT('',(0.1905,0.054,-0.178));
#12891=CARTESIAN_POINT('',(0.1905,0.054,-0.178));
#12892=CARTESIAN_POINT('',(0.19,0.054,-0.178));
#12893=CARTESIAN_POINT('',(0.19,0.135,-0.178));
#12894=CARTESIAN_POINT('',(0.14,0.135,-0.178));
#12895=CARTESIAN_POINT('',(0.185,0.135,-0.178));
#12896=CARTESIAN_POINT('',(0.185,0.104,-0.178));
#12897=CARTESIAN_POINT('',(0.1855,0.104,-0.178));
#12898=CARTESIAN_POINT('',(0.1595,0.104,-0.178));
#12899=CARTESIAN_POINT('',(0.1595,0.104,-0.178));
#12900=CARTESIAN_POINT('',(0.1595,0.081,-0.178));
#12901=CARTESIAN_POINT('',(0.1595,0.081,-0.178));
#12902=CARTESIAN_POINT('',(0.185,0.081,-0.178));
#12903=CARTESIAN_POINT('',(0.185,0.135,-0.178));
#12904=CARTESIAN_POINT('',(0.185,0.054,-0.178));
#12905=CARTESIAN_POINT('',(0.14,0.054,-0.178));
#12906=CARTESIAN_POINT('',(0.165,0.054,-0.178));
#12907=CARTESIAN_POINT('',(0.165,0.135,-0.178));
#12908=CARTESIAN_POINT('',(0.165,0.06,-0.178));
#12909=CARTESIAN_POINT('',(0.14,0.06,-0.178));
#12910=CARTESIAN_POINT('',(0.16,0.06,-0.178));
#12911=CARTESIAN_POINT('',(0.16,0.135,-0.178));
#12912=CARTESIAN_POINT('',(0.14,0.135,-0.178));
#12913=CARTESIAN_POINT('',(0.14,0.031,-0.178));
#12914=CARTESIAN_POINT('',(0.1145,0.031,-0.178));
#12915=CARTESIAN_POINT('',(0.1405,0.031,-0.178));
#12916=CARTESIAN_POINT('',(0.1405,0.031,-0.178));
#12917=CARTESIAN_POINT('',(0.1405,0.054,-0.178));
#12918=CARTESIAN_POINT('',(0.1405,0.054,-0.178));
#12919=CARTESIAN_POINT('',(0.14,0.054,-0.178));
#12920=CARTESIAN_POINT('',(0.14,0.135,-0.178));
#12921=CARTESIAN_POINT('',(0.09,0.135,-0.178));
#12922=CARTESIAN_POINT('',(0.135,0.135,-0.178));
#12923=CARTESIAN_POINT('',(0.135,0.104,-0.178));
#12924=CARTESIAN_POINT('',(0.1355,0.104,-0.178));
#12925=CARTESIAN_POINT('',(0.1095,0.104,-0.178));
#12926=CARTESIAN_POINT('',(0.1095,0.104,-0.178));
#12927=CARTESIAN_POINT('',(0.1095,0.081,-0.178));
#12928=CARTESIAN_POINT('',(0.1095,0.081,-0.178));
#12929=CARTESIAN_POINT('',(0.135,0.081,-0.178));
#12930=CARTESIAN_POINT('',(0.135,0.135,-0.178));
#12931=CARTESIAN_POINT('',(0.135,0.054,-0.178));
#12932=CARTESIAN_POINT('',(0.09,0.054,-0.178));
#12933=CARTESIAN_POINT('',(0.115,0.054,-0.178));
#12934=CARTESIAN_POINT('',(0.115,0.135,-0.178));
#12935=CARTESIAN_POINT('',(0.115,0.06,-0.178));
#12936=CARTESIAN_POINT('',(0.09,0.06,-0.178));
#12937=CARTESIAN_POINT('',(0.11,0.06,-0.178));
#12938=CARTESIAN_POINT('',(0.11,0.135,-0.178));
#12939=CARTESIAN_POINT('',(0.09,0.135,-0.178));
#12940=CARTESIAN_POINT('',(0.0899999999999999,0.031,-0.178));
#12941=CARTESIAN_POINT('',(0.0645,0.031,-0.178));
#12942=CARTESIAN_POINT('',(0.0905,0.031,-0.178));
#12943=CARTESIAN_POINT('',(0.0905,0.031,-0.178));
#12944=CARTESIAN_POINT('',(0.0905,0.054,-0.178));
#12945=CARTESIAN_POINT('',(0.0905,0.054,-0.178));
#12946=CARTESIAN_POINT('',(0.0899999999999999,0.054,-0.178));
#12947=CARTESIAN_POINT('',(0.09,0.135,-0.178));
#12948=CARTESIAN_POINT('',(0.04,0.135,-0.178));
#12949=CARTESIAN_POINT('',(0.0850000000000001,0.135,-0.178));
#12950=CARTESIAN_POINT('',(0.0850000000000001,0.104,-0.178));
#12951=CARTESIAN_POINT('',(0.0855,0.104,-0.178));
#12952=CARTESIAN_POINT('',(0.0595,0.104,-0.178));
#12953=CARTESIAN_POINT('',(0.0595,0.104,-0.178));
#12954=CARTESIAN_POINT('',(0.0595,0.081,-0.178));
#12955=CARTESIAN_POINT('',(0.0595,0.081,-0.178));
#12956=CARTESIAN_POINT('',(0.0850000000000001,0.081,-0.178));
#12957=CARTESIAN_POINT('',(0.0850000000000001,0.135,-0.178));
#12958=CARTESIAN_POINT('',(0.0850000000000001,0.054,-0.178));
#12959=CARTESIAN_POINT('',(0.04,0.054,-0.178));
#12960=CARTESIAN_POINT('',(0.065,0.054,-0.178));
#12961=CARTESIAN_POINT('',(0.065,0.135,-0.178));
#12962=CARTESIAN_POINT('',(0.065,0.06,-0.178));
#12963=CARTESIAN_POINT('',(0.04,0.06,-0.178));
#12964=CARTESIAN_POINT('',(0.0599999999999999,0.06,-0.178));
#12965=CARTESIAN_POINT('',(0.0599999999999999,0.135,-0.178));
#12966=CARTESIAN_POINT('',(0.04,0.135,-0.178));
#12967=CARTESIAN_POINT('',(0.04,0.031,-0.178));
#12968=CARTESIAN_POINT('',(0.0145,0.031,-0.178));
#12969=CARTESIAN_POINT('',(0.0405,0.031,-0.178));
#12970=CARTESIAN_POINT('',(0.0405,0.031,-0.178));
#12971=CARTESIAN_POINT('',(0.0405,0.054,-0.178));
#12972=CARTESIAN_POINT('',(0.0405,0.054,-0.178));
#12973=CARTESIAN_POINT('',(0.04,0.054,-0.178));
#12974=CARTESIAN_POINT('',(0.04,0.135,-0.178));
#12975=CARTESIAN_POINT('',(-0.0100000000000001,0.135,-0.178));
#12976=CARTESIAN_POINT('',(0.035,0.135,-0.178));
#12977=CARTESIAN_POINT('',(0.035,0.104,-0.178));
#12978=CARTESIAN_POINT('',(0.0355,0.104,-0.178));
#12979=CARTESIAN_POINT('',(0.00950000000000003,0.104,-0.178));
#12980=CARTESIAN_POINT('',(0.00950000000000003,0.104,-0.178));
#12981=CARTESIAN_POINT('',(0.00950000000000003,0.081,-0.178));
#12982=CARTESIAN_POINT('',(0.00950000000000003,0.081,-0.178));
#12983=CARTESIAN_POINT('',(0.035,0.081,-0.178));
#12984=CARTESIAN_POINT('',(0.035,0.135,-0.178));
#12985=CARTESIAN_POINT('',(0.035,0.054,-0.178));
#12986=CARTESIAN_POINT('',(-0.0100000000000001,0.054,-0.178));
#12987=CARTESIAN_POINT('',(0.015,0.054,-0.178));
#12988=CARTESIAN_POINT('',(0.015,0.135,-0.178));
#12989=CARTESIAN_POINT('',(0.015,0.06,-0.178));
#12990=CARTESIAN_POINT('',(-0.00999999999999988,0.06,-0.178));
#12991=CARTESIAN_POINT('',(0.0100000000000001,0.06,-0.178));
#12992=CARTESIAN_POINT('',(0.0100000000000001,0.135,-0.178));
#12993=CARTESIAN_POINT('',(-0.0100000000000001,0.135,-0.178));
#12994=CARTESIAN_POINT('',(-0.0100000000000001,0.031,-0.178));
#12995=CARTESIAN_POINT('',(-0.0355,0.031,-0.178));
#12996=CARTESIAN_POINT('',(-0.00949999999999996,0.031,-0.178));
#12997=CARTESIAN_POINT('',(-0.00949999999999996,0.031,-0.178));
#12998=CARTESIAN_POINT('',(-0.00949999999999996,0.054,-0.178));
#12999=CARTESIAN_POINT('',(-0.00949999999999996,0.054,-0.178));
#13000=CARTESIAN_POINT('',(-0.0100000000000001,0.054,-0.178));
#13001=CARTESIAN_POINT('',(-0.0100000000000001,0.135,-0.178));
#13002=CARTESIAN_POINT('',(-0.06,0.135,-0.178));
#13003=CARTESIAN_POINT('',(-0.0150000000000001,0.135,-0.178));
#13004=CARTESIAN_POINT('',(-0.0150000000000001,0.104,-0.178));
#13005=CARTESIAN_POINT('',(-0.0145,0.104,-0.178));
#13006=CARTESIAN_POINT('',(-0.0405,0.104,-0.178));
#13007=CARTESIAN_POINT('',(-0.0405,0.104,-0.178));
#13008=CARTESIAN_POINT('',(-0.0405,0.081,-0.178));
#13009=CARTESIAN_POINT('',(-0.0405,0.081,-0.178));
#13010=CARTESIAN_POINT('',(-0.0150000000000001,0.081,-0.178));
#13011=CARTESIAN_POINT('',(-0.0150000000000001,0.135,-0.178));
#13012=CARTESIAN_POINT('',(-0.0150000000000001,0.054,-0.178));
#13013=CARTESIAN_POINT('',(-0.06,0.054,-0.178));
#13014=CARTESIAN_POINT('',(-0.035,0.054,-0.178));
#13015=CARTESIAN_POINT('',(-0.035,0.135,-0.178));
#13016=CARTESIAN_POINT('',(-0.035,0.06,-0.178));
#13017=CARTESIAN_POINT('',(-0.06,0.06,-0.178));
#13018=CARTESIAN_POINT('',(-0.04,0.06,-0.178));
#13019=CARTESIAN_POINT('',(-0.04,0.135,-0.178));
#13020=CARTESIAN_POINT('',(-0.06,0.135,-0.178));
#13021=CARTESIAN_POINT('',(-0.0600000000000001,0.031,-0.178));
#13022=CARTESIAN_POINT('',(-0.0855,0.031,-0.178));
#13023=CARTESIAN_POINT('',(-0.0595,0.031,-0.178));
#13024=CARTESIAN_POINT('',(-0.0595,0.031,-0.178));
#13025=CARTESIAN_POINT('',(-0.0595,0.054,-0.178));
#13026=CARTESIAN_POINT('',(-0.0595,0.054,-0.178));
#13027=CARTESIAN_POINT('',(-0.06,0.054,-0.178));
#13028=CARTESIAN_POINT('',(-0.06,0.135,-0.178));
#13029=CARTESIAN_POINT('',(-0.11,0.135,-0.178));
#13030=CARTESIAN_POINT('',(-0.0650000000000001,0.135,-0.178));
#13031=CARTESIAN_POINT('',(-0.0650000000000001,0.104,-0.178));
#13032=CARTESIAN_POINT('',(-0.0645,0.104,-0.178));
#13033=CARTESIAN_POINT('',(-0.0905,0.104,-0.178));
#13034=CARTESIAN_POINT('',(-0.0905,0.104,-0.178));
#13035=CARTESIAN_POINT('',(-0.0905,0.081,-0.178));
#13036=CARTESIAN_POINT('',(-0.0905,0.081,-0.178));
#13037=CARTESIAN_POINT('',(-0.0650000000000001,0.081,-0.178));
#13038=CARTESIAN_POINT('',(-0.0650000000000001,0.135,-0.178));
#13039=CARTESIAN_POINT('',(-0.0650000000000001,0.054,-0.178));
#13040=CARTESIAN_POINT('',(-0.11,0.054,-0.178));
#13041=CARTESIAN_POINT('',(-0.085,0.054,-0.178));
#13042=CARTESIAN_POINT('',(-0.085,0.135,-0.178));
#13043=CARTESIAN_POINT('',(-0.085,0.06,-0.178));
#13044=CARTESIAN_POINT('',(-0.11,0.06,-0.178));
#13045=CARTESIAN_POINT('',(-0.0900000000000001,0.06,-0.178));
#13046=CARTESIAN_POINT('',(-0.0900000000000001,0.135,-0.178));
#13047=CARTESIAN_POINT('',(-0.11,0.135,-0.178));
#13048=CARTESIAN_POINT('',(-0.11,0.031,-0.178));
#13049=CARTESIAN_POINT('',(-0.1355,0.031,-0.178));
#13050=CARTESIAN_POINT('',(-0.1095,0.031,-0.178));
#13051=CARTESIAN_POINT('',(-0.1095,0.031,-0.178));
#13052=CARTESIAN_POINT('',(-0.1095,0.054,-0.178));
#13053=CARTESIAN_POINT('',(-0.1095,0.054,-0.178));
#13054=CARTESIAN_POINT('',(-0.11,0.054,-0.178));
#13055=CARTESIAN_POINT('',(-0.11,0.135,-0.178));
#13056=CARTESIAN_POINT('',(-0.16,0.135,-0.178));
#13057=CARTESIAN_POINT('',(-0.115,0.135,-0.178));
#13058=CARTESIAN_POINT('',(-0.115,0.104,-0.178));
#13059=CARTESIAN_POINT('',(-0.1145,0.104,-0.178));
#13060=CARTESIAN_POINT('',(-0.1405,0.104,-0.178));
#13061=CARTESIAN_POINT('',(-0.1405,0.104,-0.178));
#13062=CARTESIAN_POINT('',(-0.1405,0.081,-0.178));
#13063=CARTESIAN_POINT('',(-0.1405,0.081,-0.178));
#13064=CARTESIAN_POINT('',(-0.115,0.081,-0.178));
#13065=CARTESIAN_POINT('',(-0.115,0.135,-0.178));
#13066=CARTESIAN_POINT('',(-0.115,0.054,-0.178));
#13067=CARTESIAN_POINT('',(-0.16,0.054,-0.178));
#13068=CARTESIAN_POINT('',(-0.135,0.054,-0.178));
#13069=CARTESIAN_POINT('',(-0.135,0.135,-0.178));
#13070=CARTESIAN_POINT('',(-0.135,0.06,-0.178));
#13071=CARTESIAN_POINT('',(-0.16,0.06,-0.178));
#13072=CARTESIAN_POINT('',(-0.14,0.06,-0.178));
#13073=CARTESIAN_POINT('',(-0.14,0.135,-0.178));
#13074=CARTESIAN_POINT('',(-0.16,0.135,-0.178));
#13075=CARTESIAN_POINT('',(-0.16,0.031,-0.178));
#13076=CARTESIAN_POINT('',(-0.1855,0.031,-0.178));
#13077=CARTESIAN_POINT('',(-0.1595,0.031,-0.178));
#13078=CARTESIAN_POINT('',(-0.1595,0.031,-0.178));
#13079=CARTESIAN_POINT('',(-0.1595,0.054,-0.178));
#13080=CARTESIAN_POINT('',(-0.1595,0.054,-0.178));
#13081=CARTESIAN_POINT('',(-0.16,0.054,-0.178));
#13082=CARTESIAN_POINT('',(-0.16,0.135,-0.178));
#13083=CARTESIAN_POINT('',(-0.265,0.135,-0.178));
#13084=CARTESIAN_POINT('',(-0.215,0.135,-0.178));
#13085=CARTESIAN_POINT('',(-0.215,0.104,-0.178));
#13086=CARTESIAN_POINT('',(-0.2145,0.104,-0.178));
#13087=CARTESIAN_POINT('',(-0.2405,0.104,-0.178));
#13088=CARTESIAN_POINT('',(-0.2405,0.104,-0.178));
#13089=CARTESIAN_POINT('',(-0.2405,0.081,-0.178));
#13090=CARTESIAN_POINT('',(-0.2405,0.081,-0.178));
#13091=CARTESIAN_POINT('',(-0.215,0.081,-0.178));
#13092=CARTESIAN_POINT('',(-0.215,0.135,-0.178));
#13093=CARTESIAN_POINT('',(-0.215,0.054,-0.178));
#13094=CARTESIAN_POINT('',(-0.265,0.054,-0.178));
#13095=CARTESIAN_POINT('',(-0.235,0.054,-0.178));
#13096=CARTESIAN_POINT('',(-0.235,0.135,-0.178));
#13097=CARTESIAN_POINT('',(-0.235,0.06,-0.178));
#13098=CARTESIAN_POINT('',(-0.24,0.06,-0.178));
#13099=CARTESIAN_POINT('',(-0.24,0.06,-0.178));
#13100=CARTESIAN_POINT('',(-0.24,0.135,-0.178));
#13101=CARTESIAN_POINT('',(-0.21,0.135,-0.178));
#13102=CARTESIAN_POINT('',(-0.185,0.135,-0.178));
#13103=CARTESIAN_POINT('',(-0.185,0.031,-0.178));
#13104=CARTESIAN_POINT('',(-0.1855,0.031,-0.178));
#13105=CARTESIAN_POINT('',(-0.165,0.031,-0.178));
#13106=CARTESIAN_POINT('',(-0.165,0.135,-0.178));
#13107=CARTESIAN_POINT('',(0.24,0.135,-0.178));
#13108=CARTESIAN_POINT('',(0.2405,0.031,-0.178));
#13109=CARTESIAN_POINT('',(0.2405,0.031,-0.178));
#13110=CARTESIAN_POINT('',(0.2405,0.054,-0.178));
#13111=CARTESIAN_POINT('',(0.2405,0.054,-0.178));
#13112=CARTESIAN_POINT('',(0.24,0.054,-0.178));
#13113=CARTESIAN_POINT('',(0.24,0.135,-0.178));
#13114=CARTESIAN_POINT('',(0.24,0.135,-0.178));
#13115=CARTESIAN_POINT('',(0.24,0.031,-0.178));
#13116=CARTESIAN_POINT('',(0.2145,0.031,-0.178));
#13117=CARTESIAN_POINT('',(0.19,0.135,-0.178));
#13118=CARTESIAN_POINT('',(0.215,0.135,-0.178));
#13119=CARTESIAN_POINT('',(0.215,0.031,-0.178));
#13120=CARTESIAN_POINT('',(0.19,0.031,-0.178));
#13121=CARTESIAN_POINT('',(0.235,0.031,-0.178));
#13122=CARTESIAN_POINT('',(0.235,0.135,-0.178));
#13123=CARTESIAN_POINT('',(0.14,0.135,-0.178));
#13124=CARTESIAN_POINT('',(0.165,0.135,-0.178));
#13125=CARTESIAN_POINT('',(0.165,0.031,-0.178));
#13126=CARTESIAN_POINT('',(0.14,0.031,-0.178));
#13127=CARTESIAN_POINT('',(0.185,0.031,-0.178));
#13128=CARTESIAN_POINT('',(0.185,0.135,-0.178));
#13129=CARTESIAN_POINT('',(0.09,0.135,-0.178));
#13130=CARTESIAN_POINT('',(0.115,0.135,-0.178));
#13131=CARTESIAN_POINT('',(0.115,0.031,-0.178));
#13132=CARTESIAN_POINT('',(0.09,0.031,-0.178));
#13133=CARTESIAN_POINT('',(0.135,0.031,-0.178));
#13134=CARTESIAN_POINT('',(0.135,0.135,-0.178));
#13135=CARTESIAN_POINT('',(0.04,0.135,-0.178));
#13136=CARTESIAN_POINT('',(0.065,0.135,-0.178));
#13137=CARTESIAN_POINT('',(0.065,0.031,-0.178));
#13138=CARTESIAN_POINT('',(0.04,0.031,-0.178));
#13139=CARTESIAN_POINT('',(0.0850000000000001,0.031,-0.178));
#13140=CARTESIAN_POINT('',(0.0850000000000001,0.135,-0.178));
#13141=CARTESIAN_POINT('',(-0.0100000000000001,0.135,-0.178));
#13142=CARTESIAN_POINT('',(0.015,0.135,-0.178));
#13143=CARTESIAN_POINT('',(0.015,0.031,-0.178));
#13144=CARTESIAN_POINT('',(-0.0100000000000001,0.031,-0.178));
#13145=CARTESIAN_POINT('',(0.035,0.031,-0.178));
#13146=CARTESIAN_POINT('',(0.035,0.135,-0.178));
#13147=CARTESIAN_POINT('',(-0.06,0.135,-0.178));
#13148=CARTESIAN_POINT('',(-0.035,0.135,-0.178));
#13149=CARTESIAN_POINT('',(-0.035,0.031,-0.178));
#13150=CARTESIAN_POINT('',(-0.06,0.031,-0.178));
#13151=CARTESIAN_POINT('',(-0.0150000000000001,0.031,-0.178));
#13152=CARTESIAN_POINT('',(-0.0150000000000001,0.135,-0.178));
#13153=CARTESIAN_POINT('',(-0.11,0.135,-0.178));
#13154=CARTESIAN_POINT('',(-0.085,0.135,-0.178));
#13155=CARTESIAN_POINT('',(-0.085,0.031,-0.178));
#13156=CARTESIAN_POINT('',(-0.11,0.031,-0.178));
#13157=CARTESIAN_POINT('',(-0.0650000000000001,0.031,-0.178));
#13158=CARTESIAN_POINT('',(-0.0650000000000001,0.135,-0.178));
#13159=CARTESIAN_POINT('',(-0.16,0.135,-0.178));
#13160=CARTESIAN_POINT('',(-0.135,0.135,-0.178));
#13161=CARTESIAN_POINT('',(-0.135,0.031,-0.178));
#13162=CARTESIAN_POINT('',(-0.16,0.031,-0.178));
#13163=CARTESIAN_POINT('',(-0.115,0.031,-0.178));
#13164=CARTESIAN_POINT('',(-0.115,0.135,-0.178));
#13165=CARTESIAN_POINT('',(-0.265,0.135,-0.178));
#13166=CARTESIAN_POINT('',(-0.235,0.135,-0.178));
#13167=CARTESIAN_POINT('',(-0.235,0.031,-0.178));
#13168=CARTESIAN_POINT('',(-0.265,0.031,-0.178));
#13169=CARTESIAN_POINT('',(-0.215,0.031,-0.178));
#13170=CARTESIAN_POINT('',(-0.215,0.135,-0.178));
#13171=CARTESIAN_POINT('',(0.,0.,-0.245));
#13172=CARTESIAN_POINT('',(0.,0.06,-0.245));
#13173=CARTESIAN_POINT('',(-0.235,0.06,-0.245));
#13174=CARTESIAN_POINT('',(-0.24,0.06,-0.245));
#13175=CARTESIAN_POINT('',(-0.235,0.,-0.245));
#13176=CARTESIAN_POINT('',(-0.235,0.,-0.245));
#13177=CARTESIAN_POINT('',(-0.25,0.,-0.245));
#13178=CARTESIAN_POINT('',(-0.24,0.,-0.245));
#13179=CARTESIAN_POINT('',(-0.24,0.,-0.245));
#13180=CARTESIAN_POINT('',(0.,0.,-0.245));
#13181=CARTESIAN_POINT('',(0.,0.06,-0.245));
#13182=CARTESIAN_POINT('',(-0.185,0.06,-0.245));
#13183=CARTESIAN_POINT('',(-0.19,0.06,-0.245));
#13184=CARTESIAN_POINT('',(-0.185,0.,-0.245));
#13185=CARTESIAN_POINT('',(-0.185,0.,-0.245));
#13186=CARTESIAN_POINT('',(-0.25,0.,-0.245));
#13187=CARTESIAN_POINT('',(-0.19,0.,-0.245));
#13188=CARTESIAN_POINT('',(-0.19,0.,-0.245));
#13189=CARTESIAN_POINT('',(0.,0.,-0.245));
#13190=CARTESIAN_POINT('',(0.,0.06,-0.245));
#13191=CARTESIAN_POINT('',(-0.135,0.06,-0.245));
#13192=CARTESIAN_POINT('',(-0.14,0.06,-0.245));
#13193=CARTESIAN_POINT('',(-0.135,0.,-0.245));
#13194=CARTESIAN_POINT('',(-0.135,0.,-0.245));
#13195=CARTESIAN_POINT('',(-0.25,0.,-0.245));
#13196=CARTESIAN_POINT('',(-0.14,0.,-0.245));
#13197=CARTESIAN_POINT('',(-0.14,0.,-0.245));
#13198=CARTESIAN_POINT('',(0.,0.,-0.245));
#13199=CARTESIAN_POINT('',(0.,0.06,-0.245));
#13200=CARTESIAN_POINT('',(-0.085,0.06,-0.245));
#13201=CARTESIAN_POINT('',(-0.0900000000000001,0.06,-0.245));
#13202=CARTESIAN_POINT('',(-0.085,0.,-0.245));
#13203=CARTESIAN_POINT('',(-0.085,0.,-0.245));
#13204=CARTESIAN_POINT('',(-0.25,0.,-0.245));
#13205=CARTESIAN_POINT('',(-0.0900000000000001,0.,-0.245));
#13206=CARTESIAN_POINT('',(-0.0900000000000001,0.,-0.245));
#13207=CARTESIAN_POINT('',(0.,0.,-0.245));
#13208=CARTESIAN_POINT('',(0.,0.06,-0.245));
#13209=CARTESIAN_POINT('',(-0.035,0.06,-0.245));
#13210=CARTESIAN_POINT('',(-0.04,0.06,-0.245));
#13211=CARTESIAN_POINT('',(-0.035,0.,-0.245));
#13212=CARTESIAN_POINT('',(-0.035,0.,-0.245));
#13213=CARTESIAN_POINT('',(-0.25,0.,-0.245));
#13214=CARTESIAN_POINT('',(-0.04,0.,-0.245));
#13215=CARTESIAN_POINT('',(-0.04,0.,-0.245));
#13216=CARTESIAN_POINT('',(0.,0.,-0.245));
#13217=CARTESIAN_POINT('',(0.,0.06,-0.245));
#13218=CARTESIAN_POINT('',(0.0149999999999999,0.06,-0.245));
#13219=CARTESIAN_POINT('',(0.0100000000000001,0.06,-0.245));
#13220=CARTESIAN_POINT('',(0.015,0.,-0.245));
#13221=CARTESIAN_POINT('',(0.015,0.,-0.245));
#13222=CARTESIAN_POINT('',(-0.25,0.,-0.245));
#13223=CARTESIAN_POINT('',(0.0100000000000001,0.,-0.245));
#13224=CARTESIAN_POINT('',(0.0100000000000001,0.,-0.245));
#13225=CARTESIAN_POINT('',(0.,0.,-0.245));
#13226=CARTESIAN_POINT('',(0.,0.06,-0.245));
#13227=CARTESIAN_POINT('',(0.0650000000000001,0.06,-0.245));
#13228=CARTESIAN_POINT('',(0.0599999999999999,0.06,-0.245));
#13229=CARTESIAN_POINT('',(0.065,0.,-0.245));
#13230=CARTESIAN_POINT('',(0.065,0.,-0.245));
#13231=CARTESIAN_POINT('',(-0.25,0.,-0.245));
#13232=CARTESIAN_POINT('',(0.0599999999999999,0.,-0.245));
#13233=CARTESIAN_POINT('',(0.0599999999999999,0.,-0.245));
#13234=CARTESIAN_POINT('',(0.,0.,-0.245));
#13235=CARTESIAN_POINT('',(0.,0.06,-0.245));
#13236=CARTESIAN_POINT('',(0.115,0.06,-0.245));
#13237=CARTESIAN_POINT('',(0.11,0.06,-0.245));
#13238=CARTESIAN_POINT('',(0.115,0.,-0.245));
#13239=CARTESIAN_POINT('',(0.115,0.,-0.245));
#13240=CARTESIAN_POINT('',(-0.25,0.,-0.245));
#13241=CARTESIAN_POINT('',(0.11,0.,-0.245));
#13242=CARTESIAN_POINT('',(0.11,0.,-0.245));
#13243=CARTESIAN_POINT('',(0.,0.,-0.245));
#13244=CARTESIAN_POINT('',(0.,0.06,-0.245));
#13245=CARTESIAN_POINT('',(0.165,0.06,-0.245));
#13246=CARTESIAN_POINT('',(0.16,0.06,-0.245));
#13247=CARTESIAN_POINT('',(0.165,0.,-0.245));
#13248=CARTESIAN_POINT('',(0.165,0.,-0.245));
#13249=CARTESIAN_POINT('',(-0.25,0.,-0.245));
#13250=CARTESIAN_POINT('',(0.16,0.,-0.245));
#13251=CARTESIAN_POINT('',(0.16,0.,-0.245));
#13252=CARTESIAN_POINT('',(0.,0.,-0.245));
#13253=CARTESIAN_POINT('',(0.,0.06,-0.245));
#13254=CARTESIAN_POINT('',(0.215,0.06,-0.245));
#13255=CARTESIAN_POINT('',(0.21,0.06,-0.245));
#13256=CARTESIAN_POINT('',(0.215,0.,-0.245));
#13257=CARTESIAN_POINT('',(0.215,0.,-0.245));
#13258=CARTESIAN_POINT('',(-0.25,0.,-0.245));
#13259=CARTESIAN_POINT('',(0.21,0.,-0.245));
#13260=CARTESIAN_POINT('',(0.21,0.,-0.245));
#13261=CARTESIAN_POINT('',(0.215,0.135,-0.328));
#13262=CARTESIAN_POINT('',(0.215,0.06,-0.328));
#13263=CARTESIAN_POINT('',(0.215,0.135,-0.178));
#13264=CARTESIAN_POINT('',(0.215,0.,-0.205));
#13265=CARTESIAN_POINT('',(0.215,0.,-0.205));
#13266=CARTESIAN_POINT('',(0.215,0.,-0.328));
#13267=CARTESIAN_POINT('',(0.21,0.135,-0.178));
#13268=CARTESIAN_POINT('',(0.21,0.06,-0.178));
#13269=CARTESIAN_POINT('',(0.21,0.,-0.178));
#13270=CARTESIAN_POINT('',(0.21,0.,-0.205));
#13271=CARTESIAN_POINT('',(0.21,0.,-0.205));
#13272=CARTESIAN_POINT('',(0.165,0.135,-0.328));
#13273=CARTESIAN_POINT('',(0.165,0.06,-0.328));
#13274=CARTESIAN_POINT('',(0.165,0.135,-0.178));
#13275=CARTESIAN_POINT('',(0.165,0.,-0.205));
#13276=CARTESIAN_POINT('',(0.165,0.,-0.205));
#13277=CARTESIAN_POINT('',(0.165,0.,-0.328));
#13278=CARTESIAN_POINT('',(0.16,0.135,-0.178));
#13279=CARTESIAN_POINT('',(0.16,0.06,-0.178));
#13280=CARTESIAN_POINT('',(0.16,0.,-0.178));
#13281=CARTESIAN_POINT('',(0.16,0.,-0.205));
#13282=CARTESIAN_POINT('',(0.16,0.,-0.205));
#13283=CARTESIAN_POINT('',(0.115,0.135,-0.328));
#13284=CARTESIAN_POINT('',(0.115,0.06,-0.328));
#13285=CARTESIAN_POINT('',(0.115,0.135,-0.178));
#13286=CARTESIAN_POINT('',(0.115,0.,-0.205));
#13287=CARTESIAN_POINT('',(0.115,0.,-0.205));
#13288=CARTESIAN_POINT('',(0.115,0.,-0.328));
#13289=CARTESIAN_POINT('',(0.11,0.135,-0.178));
#13290=CARTESIAN_POINT('',(0.11,0.06,-0.178));
#13291=CARTESIAN_POINT('',(0.11,0.,-0.178));
#13292=CARTESIAN_POINT('',(0.11,0.,-0.205));
#13293=CARTESIAN_POINT('',(0.11,0.,-0.205));
#13294=CARTESIAN_POINT('',(0.065,0.135,-0.328));
#13295=CARTESIAN_POINT('',(0.065,0.06,-0.328));
#13296=CARTESIAN_POINT('',(0.065,0.135,-0.178));
#13297=CARTESIAN_POINT('',(0.0650000000000001,0.,-0.205));
#13298=CARTESIAN_POINT('',(0.065,0.,-0.205));
#13299=CARTESIAN_POINT('',(0.065,0.,-0.328));
#13300=CARTESIAN_POINT('',(0.0599999999999999,0.135,-0.178));
#13301=CARTESIAN_POINT('',(0.0599999999999999,0.06,-0.178));
#13302=CARTESIAN_POINT('',(0.0599999999999999,0.,-0.178));
#13303=CARTESIAN_POINT('',(0.06,0.,-0.205));
#13304=CARTESIAN_POINT('',(0.0599999999999999,0.,-0.205));
#13305=CARTESIAN_POINT('',(0.015,0.135,-0.328));
#13306=CARTESIAN_POINT('',(0.015,0.06,-0.328));
#13307=CARTESIAN_POINT('',(0.015,0.135,-0.178));
#13308=CARTESIAN_POINT('',(0.0149999999999999,0.,-0.205));
#13309=CARTESIAN_POINT('',(0.015,0.,-0.205));
#13310=CARTESIAN_POINT('',(0.015,0.,-0.328));
#13311=CARTESIAN_POINT('',(0.0100000000000001,0.135,-0.178));
#13312=CARTESIAN_POINT('',(0.0100000000000001,0.06,-0.178));
#13313=CARTESIAN_POINT('',(0.0100000000000001,0.,-0.178));
#13314=CARTESIAN_POINT('',(0.0100000000000001,0.,-0.205));
#13315=CARTESIAN_POINT('',(0.0100000000000001,0.,-0.205));
#13316=CARTESIAN_POINT('',(-0.035,0.135,-0.328));
#13317=CARTESIAN_POINT('',(-0.035,0.06,-0.328));
#13318=CARTESIAN_POINT('',(-0.035,0.135,-0.178));
#13319=CARTESIAN_POINT('',(-0.035,0.,-0.205));
#13320=CARTESIAN_POINT('',(-0.035,0.,-0.205));
#13321=CARTESIAN_POINT('',(-0.035,0.,-0.328));
#13322=CARTESIAN_POINT('',(-0.04,0.135,-0.178));
#13323=CARTESIAN_POINT('',(-0.04,0.06,-0.178));
#13324=CARTESIAN_POINT('',(-0.04,0.,-0.178));
#13325=CARTESIAN_POINT('',(-0.0399999999999999,0.,-0.205));
#13326=CARTESIAN_POINT('',(-0.04,0.,-0.205));
#13327=CARTESIAN_POINT('',(-0.085,0.135,-0.328));
#13328=CARTESIAN_POINT('',(-0.085,0.06,-0.328));
#13329=CARTESIAN_POINT('',(-0.085,0.135,-0.178));
#13330=CARTESIAN_POINT('',(-0.085,0.,-0.205));
#13331=CARTESIAN_POINT('',(-0.085,0.,-0.205));
#13332=CARTESIAN_POINT('',(-0.085,0.,-0.328));
#13333=CARTESIAN_POINT('',(-0.0900000000000001,0.135,-0.178));
#13334=CARTESIAN_POINT('',(-0.0900000000000001,0.06,-0.178));
#13335=CARTESIAN_POINT('',(-0.0900000000000001,0.,-0.178));
#13336=CARTESIAN_POINT('',(-0.0899999999999999,0.,-0.205));
#13337=CARTESIAN_POINT('',(-0.0900000000000001,0.,-0.205));
#13338=CARTESIAN_POINT('',(-0.135,0.135,-0.328));
#13339=CARTESIAN_POINT('',(-0.135,0.06,-0.328));
#13340=CARTESIAN_POINT('',(-0.135,0.135,-0.178));
#13341=CARTESIAN_POINT('',(-0.135,0.,-0.205));
#13342=CARTESIAN_POINT('',(-0.135,0.,-0.205));
#13343=CARTESIAN_POINT('',(-0.135,0.,-0.328));
#13344=CARTESIAN_POINT('',(-0.14,0.135,-0.178));
#13345=CARTESIAN_POINT('',(-0.14,0.06,-0.178));
#13346=CARTESIAN_POINT('',(-0.14,0.,-0.178));
#13347=CARTESIAN_POINT('',(-0.14,0.,-0.205));
#13348=CARTESIAN_POINT('',(-0.14,0.,-0.205));
#13349=CARTESIAN_POINT('',(-0.185,0.135,-0.328));
#13350=CARTESIAN_POINT('',(-0.185,0.06,-0.328));
#13351=CARTESIAN_POINT('',(-0.185,0.135,-0.178));
#13352=CARTESIAN_POINT('',(-0.185,0.,-0.205));
#13353=CARTESIAN_POINT('',(-0.185,0.,-0.205));
#13354=CARTESIAN_POINT('',(-0.185,0.,-0.328));
#13355=CARTESIAN_POINT('',(-0.19,0.135,-0.178));
#13356=CARTESIAN_POINT('',(-0.19,0.06,-0.178));
#13357=CARTESIAN_POINT('',(-0.19,0.,-0.178));
#13358=CARTESIAN_POINT('',(-0.19,0.,-0.205));
#13359=CARTESIAN_POINT('',(-0.19,0.,-0.205));
#13360=CARTESIAN_POINT('',(-0.235,0.135,-0.328));
#13361=CARTESIAN_POINT('',(-0.235,0.06,-0.328));
#13362=CARTESIAN_POINT('',(-0.235,0.135,-0.178));
#13363=CARTESIAN_POINT('',(-0.235,0.,-0.205));
#13364=CARTESIAN_POINT('',(-0.235,0.,-0.205));
#13365=CARTESIAN_POINT('',(-0.235,0.,-0.328));
#13366=CARTESIAN_POINT('',(-0.24,0.135,-0.178));
#13367=CARTESIAN_POINT('',(-0.24,0.06,-0.178));
#13368=CARTESIAN_POINT('',(-0.24,0.,-0.178));
#13369=CARTESIAN_POINT('',(-0.24,0.,-0.205));
#13370=CARTESIAN_POINT('',(-0.24,0.,-0.205));
#13371=CARTESIAN_POINT('',(-0.25,0.,-0.245));
#13372=CARTESIAN_POINT('',(0.3075,0.,-0.205));
#13373=CARTESIAN_POINT('',(-0.25,0.,-0.245));
#13374=CARTESIAN_POINT('',(0.3075,0.,-0.205));
#13375=CARTESIAN_POINT('',(-0.21,0.,-0.205));
#13376=CARTESIAN_POINT('',(-0.215,0.,-0.205));
#13377=CARTESIAN_POINT('',(-0.215,0.,-0.178));
#13378=CARTESIAN_POINT('',(-0.215,0.,-0.245));
#13379=CARTESIAN_POINT('',(-0.25,0.,-0.245));
#13380=CARTESIAN_POINT('',(-0.21,0.,-0.245));
#13381=CARTESIAN_POINT('',(-0.21,0.,-0.328));
#13382=CARTESIAN_POINT('',(-0.25,0.,-0.245));
#13383=CARTESIAN_POINT('',(0.3075,0.,-0.205));
#13384=CARTESIAN_POINT('',(-0.25,0.,-0.245));
#13385=CARTESIAN_POINT('',(0.3075,0.,-0.205));
#13386=CARTESIAN_POINT('',(-0.16,0.,-0.205));
#13387=CARTESIAN_POINT('',(-0.165,0.,-0.205));
#13388=CARTESIAN_POINT('',(-0.165,0.,-0.178));
#13389=CARTESIAN_POINT('',(-0.165,0.,-0.245));
#13390=CARTESIAN_POINT('',(-0.25,0.,-0.245));
#13391=CARTESIAN_POINT('',(-0.16,0.,-0.245));
#13392=CARTESIAN_POINT('',(-0.16,0.,-0.328));
#13393=CARTESIAN_POINT('',(-0.25,0.,-0.245));
#13394=CARTESIAN_POINT('',(0.3075,0.,-0.205));
#13395=CARTESIAN_POINT('',(-0.25,0.,-0.245));
#13396=CARTESIAN_POINT('',(0.3075,0.,-0.205));
#13397=CARTESIAN_POINT('',(-0.11,0.,-0.205));
#13398=CARTESIAN_POINT('',(-0.115,0.,-0.205));
#13399=CARTESIAN_POINT('',(-0.115,0.,-0.178));
#13400=CARTESIAN_POINT('',(-0.115,0.,-0.245));
#13401=CARTESIAN_POINT('',(-0.25,0.,-0.245));
#13402=CARTESIAN_POINT('',(-0.11,0.,-0.245));
#13403=CARTESIAN_POINT('',(-0.11,0.,-0.328));
#13404=CARTESIAN_POINT('',(-0.25,0.,-0.245));
#13405=CARTESIAN_POINT('',(0.3075,0.,-0.205));
#13406=CARTESIAN_POINT('',(-0.25,0.,-0.245));
#13407=CARTESIAN_POINT('',(0.3075,0.,-0.205));
#13408=CARTESIAN_POINT('',(-0.06,0.,-0.205));
#13409=CARTESIAN_POINT('',(-0.065,0.,-0.205));
#13410=CARTESIAN_POINT('',(-0.0650000000000001,0.,-0.178));
#13411=CARTESIAN_POINT('',(-0.0650000000000001,0.,-0.245));
#13412=CARTESIAN_POINT('',(-0.25,0.,-0.245));
#13413=CARTESIAN_POINT('',(-0.06,0.,-0.245));
#13414=CARTESIAN_POINT('',(-0.06,0.,-0.328));
#13415=CARTESIAN_POINT('',(-0.25,0.,-0.245));
#13416=CARTESIAN_POINT('',(0.3075,0.,-0.205));
#13417=CARTESIAN_POINT('',(-0.25,0.,-0.245));
#13418=CARTESIAN_POINT('',(0.3075,0.,-0.205));
#13419=CARTESIAN_POINT('',(-0.0100000000000001,0.,-0.205));
#13420=CARTESIAN_POINT('',(-0.015,0.,-0.205));
#13421=CARTESIAN_POINT('',(-0.0150000000000001,0.,-0.178));
#13422=CARTESIAN_POINT('',(-0.0150000000000001,0.,-0.245));
#13423=CARTESIAN_POINT('',(-0.25,0.,-0.245));
#13424=CARTESIAN_POINT('',(-0.0100000000000001,0.,-0.245));
#13425=CARTESIAN_POINT('',(-0.0100000000000001,0.,-0.328));
#13426=CARTESIAN_POINT('',(-0.25,0.,-0.245));
#13427=CARTESIAN_POINT('',(0.3075,0.,-0.205));
#13428=CARTESIAN_POINT('',(-0.25,0.,-0.245));
#13429=CARTESIAN_POINT('',(0.3075,0.,-0.205));
#13430=CARTESIAN_POINT('',(0.04,0.,-0.205));
#13431=CARTESIAN_POINT('',(0.0350000000000001,0.,-0.205));
#13432=CARTESIAN_POINT('',(0.035,0.,-0.178));
#13433=CARTESIAN_POINT('',(0.035,0.,-0.245));
#13434=CARTESIAN_POINT('',(-0.25,0.,-0.245));
#13435=CARTESIAN_POINT('',(0.04,0.,-0.245));
#13436=CARTESIAN_POINT('',(0.04,0.,-0.328));
#13437=CARTESIAN_POINT('',(-0.25,0.,-0.245));
#13438=CARTESIAN_POINT('',(0.3075,0.,-0.205));
#13439=CARTESIAN_POINT('',(-0.25,0.,-0.245));
#13440=CARTESIAN_POINT('',(0.3075,0.,-0.205));
#13441=CARTESIAN_POINT('',(0.09,0.,-0.205));
#13442=CARTESIAN_POINT('',(0.0850000000000002,0.,-0.205));
#13443=CARTESIAN_POINT('',(0.0850000000000001,0.,-0.178));
#13444=CARTESIAN_POINT('',(0.0850000000000001,0.,-0.245));
#13445=CARTESIAN_POINT('',(-0.25,0.,-0.245));
#13446=CARTESIAN_POINT('',(0.09,0.,-0.245));
#13447=CARTESIAN_POINT('',(0.09,0.,-0.328));
#13448=CARTESIAN_POINT('',(-0.25,0.,-0.245));
#13449=CARTESIAN_POINT('',(0.3075,0.,-0.205));
#13450=CARTESIAN_POINT('',(-0.25,0.,-0.245));
#13451=CARTESIAN_POINT('',(0.3075,0.,-0.205));
#13452=CARTESIAN_POINT('',(0.14,0.,-0.205));
#13453=CARTESIAN_POINT('',(0.135,0.,-0.205));
#13454=CARTESIAN_POINT('',(0.135,0.,-0.178));
#13455=CARTESIAN_POINT('',(0.135,0.,-0.245));
#13456=CARTESIAN_POINT('',(-0.25,0.,-0.245));
#13457=CARTESIAN_POINT('',(0.14,0.,-0.245));
#13458=CARTESIAN_POINT('',(0.14,0.,-0.328));
#13459=CARTESIAN_POINT('',(-0.25,0.,-0.245));
#13460=CARTESIAN_POINT('',(0.3075,0.,-0.205));
#13461=CARTESIAN_POINT('',(-0.25,0.,-0.245));
#13462=CARTESIAN_POINT('',(0.3075,0.,-0.205));
#13463=CARTESIAN_POINT('',(0.19,0.,-0.205));
#13464=CARTESIAN_POINT('',(0.185,0.,-0.205));
#13465=CARTESIAN_POINT('',(0.185,0.,-0.178));
#13466=CARTESIAN_POINT('',(0.185,0.,-0.245));
#13467=CARTESIAN_POINT('',(-0.25,0.,-0.245));
#13468=CARTESIAN_POINT('',(0.19,0.,-0.245));
#13469=CARTESIAN_POINT('',(0.19,0.,-0.328));
#13470=CARTESIAN_POINT('',(-0.25,0.,-0.245));
#13471=CARTESIAN_POINT('',(0.3075,0.,-0.205));
#13472=CARTESIAN_POINT('',(-0.25,0.,-0.245));
#13473=CARTESIAN_POINT('',(0.3075,0.,-0.205));
#13474=CARTESIAN_POINT('',(0.24,0.,-0.205));
#13475=CARTESIAN_POINT('',(0.235,0.,-0.205));
#13476=CARTESIAN_POINT('',(0.235,0.,-0.178));
#13477=CARTESIAN_POINT('',(0.235,0.,-0.245));
#13478=CARTESIAN_POINT('',(-0.25,0.,-0.245));
#13479=CARTESIAN_POINT('',(0.24,0.,-0.245));
#13480=CARTESIAN_POINT('',(0.24,0.,-0.328));
#13481=CARTESIAN_POINT('',(0.,0.,-0.245));
#13482=CARTESIAN_POINT('',(-0.215,0.,-0.245));
#13483=CARTESIAN_POINT('',(-0.21,0.,-0.245));
#13484=CARTESIAN_POINT('',(0.,0.,-0.245));
#13485=CARTESIAN_POINT('',(-0.165,0.,-0.245));
#13486=CARTESIAN_POINT('',(-0.16,0.,-0.245));
#13487=CARTESIAN_POINT('',(0.,0.,-0.245));
#13488=CARTESIAN_POINT('',(-0.115,0.,-0.245));
#13489=CARTESIAN_POINT('',(-0.11,0.,-0.245));
#13490=CARTESIAN_POINT('',(0.,0.,-0.245));
#13491=CARTESIAN_POINT('',(-0.0650000000000001,0.,-0.245));
#13492=CARTESIAN_POINT('',(-0.06,0.,-0.245));
#13493=CARTESIAN_POINT('',(0.,0.,-0.245));
#13494=CARTESIAN_POINT('',(-0.0150000000000001,0.,-0.245));
#13495=CARTESIAN_POINT('',(-0.0100000000000001,0.,-0.245));
#13496=CARTESIAN_POINT('',(0.,0.,-0.245));
#13497=CARTESIAN_POINT('',(0.035,0.,-0.245));
#13498=CARTESIAN_POINT('',(0.04,0.,-0.245));
#13499=CARTESIAN_POINT('',(0.,0.,-0.245));
#13500=CARTESIAN_POINT('',(0.0850000000000001,0.,-0.245));
#13501=CARTESIAN_POINT('',(0.09,0.,-0.245));
#13502=CARTESIAN_POINT('',(0.,0.,-0.245));
#13503=CARTESIAN_POINT('',(0.135,0.,-0.245));
#13504=CARTESIAN_POINT('',(0.14,0.,-0.245));
#13505=CARTESIAN_POINT('',(0.,0.,-0.245));
#13506=CARTESIAN_POINT('',(0.185,0.,-0.245));
#13507=CARTESIAN_POINT('',(0.19,0.,-0.245));
#13508=CARTESIAN_POINT('',(0.,0.,-0.245));
#13509=CARTESIAN_POINT('',(0.235,0.,-0.245));
#13510=CARTESIAN_POINT('',(0.24,0.,-0.245));
#13511=CARTESIAN_POINT('',(0.3075,0.,-0.205));
#13512=CARTESIAN_POINT('',(0.3075,0.,-0.205));
#13513=CARTESIAN_POINT('',(-0.215,0.,-0.205));
#13514=CARTESIAN_POINT('',(-0.21,0.,-0.205));
#13515=CARTESIAN_POINT('',(0.3075,0.,-0.205));
#13516=CARTESIAN_POINT('',(0.3075,0.,-0.205));
#13517=CARTESIAN_POINT('',(-0.165,0.,-0.205));
#13518=CARTESIAN_POINT('',(-0.16,0.,-0.205));
#13519=CARTESIAN_POINT('',(0.3075,0.,-0.205));
#13520=CARTESIAN_POINT('',(0.3075,0.,-0.205));
#13521=CARTESIAN_POINT('',(-0.115,0.,-0.205));
#13522=CARTESIAN_POINT('',(-0.11,0.,-0.205));
#13523=CARTESIAN_POINT('',(0.3075,0.,-0.205));
#13524=CARTESIAN_POINT('',(0.3075,0.,-0.205));
#13525=CARTESIAN_POINT('',(-0.0650000000000001,0.,-0.205));
#13526=CARTESIAN_POINT('',(-0.06,0.,-0.205));
#13527=CARTESIAN_POINT('',(0.3075,0.,-0.205));
#13528=CARTESIAN_POINT('',(0.3075,0.,-0.205));
#13529=CARTESIAN_POINT('',(-0.0150000000000001,0.,-0.205));
#13530=CARTESIAN_POINT('',(-0.0100000000000001,0.,-0.205));
#13531=CARTESIAN_POINT('',(0.3075,0.,-0.205));
#13532=CARTESIAN_POINT('',(0.3075,0.,-0.205));
#13533=CARTESIAN_POINT('',(0.035,0.,-0.205));
#13534=CARTESIAN_POINT('',(0.04,0.,-0.205));
#13535=CARTESIAN_POINT('',(0.3075,0.,-0.205));
#13536=CARTESIAN_POINT('',(0.3075,0.,-0.205));
#13537=CARTESIAN_POINT('',(0.0850000000000001,0.,-0.205));
#13538=CARTESIAN_POINT('',(0.09,0.,-0.205));
#13539=CARTESIAN_POINT('',(0.3075,0.,-0.205));
#13540=CARTESIAN_POINT('',(0.3075,0.,-0.205));
#13541=CARTESIAN_POINT('',(0.135,0.,-0.205));
#13542=CARTESIAN_POINT('',(0.14,0.,-0.205));
#13543=CARTESIAN_POINT('',(0.3075,0.,-0.205));
#13544=CARTESIAN_POINT('',(0.3075,0.,-0.205));
#13545=CARTESIAN_POINT('',(0.185,0.,-0.205));
#13546=CARTESIAN_POINT('',(0.19,0.,-0.205));
#13547=CARTESIAN_POINT('',(0.3075,0.,-0.205));
#13548=CARTESIAN_POINT('',(0.3075,0.,-0.205));
#13549=CARTESIAN_POINT('',(0.235,0.,-0.205));
#13550=CARTESIAN_POINT('',(0.24,0.,-0.205));
#13551=CARTESIAN_POINT('',(0.24,0.135,-0.328));
#13552=CARTESIAN_POINT('',(0.24,0.135,-0.178));
#13553=CARTESIAN_POINT('',(0.235,0.135,-0.178));
#13554=CARTESIAN_POINT('',(0.235,0.135,-0.178));
#13555=CARTESIAN_POINT('',(0.235,0.135,-0.178));
#13556=CARTESIAN_POINT('',(0.19,0.135,-0.328));
#13557=CARTESIAN_POINT('',(0.19,0.135,-0.178));
#13558=CARTESIAN_POINT('',(0.185,0.135,-0.178));
#13559=CARTESIAN_POINT('',(0.185,0.135,-0.178));
#13560=CARTESIAN_POINT('',(0.185,0.135,-0.178));
#13561=CARTESIAN_POINT('',(0.14,0.135,-0.328));
#13562=CARTESIAN_POINT('',(0.14,0.135,-0.178));
#13563=CARTESIAN_POINT('',(0.135,0.135,-0.178));
#13564=CARTESIAN_POINT('',(0.135,0.135,-0.178));
#13565=CARTESIAN_POINT('',(0.135,0.135,-0.178));
#13566=CARTESIAN_POINT('',(0.09,0.135,-0.328));
#13567=CARTESIAN_POINT('',(0.09,0.135,-0.178));
#13568=CARTESIAN_POINT('',(0.0850000000000001,0.135,-0.178));
#13569=CARTESIAN_POINT('',(0.0850000000000001,0.135,-0.178));
#13570=CARTESIAN_POINT('',(0.0850000000000001,0.135,-0.178));
#13571=CARTESIAN_POINT('',(0.04,0.135,-0.328));
#13572=CARTESIAN_POINT('',(0.04,0.135,-0.178));
#13573=CARTESIAN_POINT('',(0.035,0.135,-0.178));
#13574=CARTESIAN_POINT('',(0.035,0.135,-0.178));
#13575=CARTESIAN_POINT('',(0.035,0.135,-0.178));
#13576=CARTESIAN_POINT('',(-0.0100000000000001,0.135,-0.328));
#13577=CARTESIAN_POINT('',(-0.0100000000000001,0.135,-0.178));
#13578=CARTESIAN_POINT('',(-0.0150000000000001,0.135,-0.178));
#13579=CARTESIAN_POINT('',(-0.0150000000000001,0.135,-0.178));
#13580=CARTESIAN_POINT('',(-0.0150000000000001,0.135,-0.178));
#13581=CARTESIAN_POINT('',(-0.06,0.135,-0.328));
#13582=CARTESIAN_POINT('',(-0.06,0.135,-0.178));
#13583=CARTESIAN_POINT('',(-0.0650000000000001,0.135,-0.178));
#13584=CARTESIAN_POINT('',(-0.0650000000000001,0.135,-0.178));
#13585=CARTESIAN_POINT('',(-0.0650000000000001,0.135,-0.178));
#13586=CARTESIAN_POINT('',(-0.11,0.135,-0.328));
#13587=CARTESIAN_POINT('',(-0.11,0.135,-0.178));
#13588=CARTESIAN_POINT('',(-0.115,0.135,-0.178));
#13589=CARTESIAN_POINT('',(-0.115,0.135,-0.178));
#13590=CARTESIAN_POINT('',(-0.115,0.135,-0.178));
#13591=CARTESIAN_POINT('',(-0.16,0.135,-0.328));
#13592=CARTESIAN_POINT('',(-0.16,0.135,-0.178));
#13593=CARTESIAN_POINT('',(-0.165,0.135,-0.178));
#13594=CARTESIAN_POINT('',(-0.165,0.135,-0.178));
#13595=CARTESIAN_POINT('',(-0.165,0.135,-0.178));
#13596=CARTESIAN_POINT('',(-0.21,0.135,-0.328));
#13597=CARTESIAN_POINT('',(-0.21,0.135,-0.178));
#13598=CARTESIAN_POINT('',(-0.215,0.135,-0.178));
#13599=CARTESIAN_POINT('',(-0.215,0.135,-0.178));
#13600=CARTESIAN_POINT('',(-0.215,0.135,-0.178));
#13601=CARTESIAN_POINT('',(0.,0.06,0.));
#13602=CARTESIAN_POINT('',(0.,0.06,0.));
#13603=CARTESIAN_POINT('',(0.,0.06,0.));
#13604=CARTESIAN_POINT('',(0.,0.06,0.));
#13605=CARTESIAN_POINT('',(0.,0.06,0.));
#13606=CARTESIAN_POINT('',(0.,0.06,0.));
#13607=CARTESIAN_POINT('',(0.,0.06,0.));
#13608=CARTESIAN_POINT('',(0.,0.06,0.));
#13609=CARTESIAN_POINT('',(0.,0.06,0.));
#13610=CARTESIAN_POINT('',(0.,0.06,0.));
#13611=CARTESIAN_POINT('',(0.,0.,-0.178));
#13612=CARTESIAN_POINT('',(-0.2095,0.054,-0.178));
#13613=CARTESIAN_POINT('',(-0.2355,0.054,-0.178));
#13614=CARTESIAN_POINT('',(-0.2355,0.054,-0.178));
#13615=CARTESIAN_POINT('',(-0.2355,0.031,-0.178));
#13616=CARTESIAN_POINT('',(-0.2355,0.031,-0.178));
#13617=CARTESIAN_POINT('',(-0.2095,0.054,-0.058));
#13618=CARTESIAN_POINT('',(-0.2095,0.054,-0.058));
#13619=CARTESIAN_POINT('',(-0.2095,0.054,-0.058));
#13620=CARTESIAN_POINT('',(-0.2095,0.054,-0.058));
#13621=CARTESIAN_POINT('',(-0.2355,0.054,-0.058));
#13622=CARTESIAN_POINT('',(-0.2355,0.054,-0.058));
#13623=CARTESIAN_POINT('',(-0.2095,0.054,-0.178));
#13624=CARTESIAN_POINT('',(-0.2355,0.054,-0.058));
#13625=CARTESIAN_POINT('',(-0.2355,0.054,-0.058));
#13626=CARTESIAN_POINT('',(-0.2355,0.031,-0.058));
#13627=CARTESIAN_POINT('',(-0.2355,0.031,-0.058));
#13628=CARTESIAN_POINT('',(-0.2355,0.031,-0.058));
#13629=CARTESIAN_POINT('',(-0.2355,0.031,-0.058));
#13630=CARTESIAN_POINT('',(-0.2095,0.031,-0.058));
#13631=CARTESIAN_POINT('',(-0.2095,0.031,-0.058));
#13632=CARTESIAN_POINT('',(-0.2355,0.031,-0.178));
#13633=CARTESIAN_POINT('',(-0.2095,0.031,-0.058));
#13634=CARTESIAN_POINT('',(-0.2095,0.031,-0.058));
#13635=CARTESIAN_POINT('',(0.,0.,-0.058));
#13636=CARTESIAN_POINT('',(-0.225,0.0425,-0.058));
#13637=CARTESIAN_POINT('',(-0.217006852913571,0.0425,-0.058));
#13638=CARTESIAN_POINT('',(0.,0.,-0.178));
#13639=CARTESIAN_POINT('',(0.05,0.,-0.178));
#13640=CARTESIAN_POINT('',(-0.1595,0.054,-0.178));
#13641=CARTESIAN_POINT('',(-0.1855,0.054,-0.178));
#13642=CARTESIAN_POINT('',(-0.1855,0.054,-0.178));
#13643=CARTESIAN_POINT('',(-0.1855,0.031,-0.178));
#13644=CARTESIAN_POINT('',(-0.1855,0.031,-0.178));
#13645=CARTESIAN_POINT('',(-0.1595,0.054,-0.058));
#13646=CARTESIAN_POINT('',(-0.1595,0.054,-0.058));
#13647=CARTESIAN_POINT('',(-0.1595,0.054,-0.058));
#13648=CARTESIAN_POINT('',(-0.1595,0.054,-0.058));
#13649=CARTESIAN_POINT('',(-0.1855,0.054,-0.058));
#13650=CARTESIAN_POINT('',(-0.1855,0.054,-0.058));
#13651=CARTESIAN_POINT('',(-0.1595,0.054,-0.178));
#13652=CARTESIAN_POINT('',(-0.1855,0.054,-0.058));
#13653=CARTESIAN_POINT('',(-0.1855,0.054,-0.058));
#13654=CARTESIAN_POINT('',(-0.1855,0.031,-0.058));
#13655=CARTESIAN_POINT('',(-0.1855,0.031,-0.058));
#13656=CARTESIAN_POINT('',(-0.1855,0.031,-0.058));
#13657=CARTESIAN_POINT('',(-0.1855,0.031,-0.058));
#13658=CARTESIAN_POINT('',(-0.1595,0.031,-0.058));
#13659=CARTESIAN_POINT('',(-0.1595,0.031,-0.058));
#13660=CARTESIAN_POINT('',(-0.1855,0.031,-0.178));
#13661=CARTESIAN_POINT('',(-0.1595,0.031,-0.058));
#13662=CARTESIAN_POINT('',(-0.1595,0.031,-0.058));
#13663=CARTESIAN_POINT('',(0.05,0.,-0.058));
#13664=CARTESIAN_POINT('',(-0.175,0.0425,-0.058));
#13665=CARTESIAN_POINT('',(-0.167006852913571,0.0425,-0.058));
#13666=CARTESIAN_POINT('',(0.05,0.,-0.178));
#13667=CARTESIAN_POINT('',(0.1,0.,-0.178));
#13668=CARTESIAN_POINT('',(-0.1095,0.054,-0.178));
#13669=CARTESIAN_POINT('',(-0.1355,0.054,-0.178));
#13670=CARTESIAN_POINT('',(-0.1355,0.054,-0.178));
#13671=CARTESIAN_POINT('',(-0.1355,0.031,-0.178));
#13672=CARTESIAN_POINT('',(-0.1355,0.031,-0.178));
#13673=CARTESIAN_POINT('',(-0.1095,0.054,-0.058));
#13674=CARTESIAN_POINT('',(-0.1095,0.054,-0.058));
#13675=CARTESIAN_POINT('',(-0.1095,0.054,-0.058));
#13676=CARTESIAN_POINT('',(-0.1095,0.054,-0.058));
#13677=CARTESIAN_POINT('',(-0.1355,0.054,-0.058));
#13678=CARTESIAN_POINT('',(-0.1355,0.054,-0.058));
#13679=CARTESIAN_POINT('',(-0.1095,0.054,-0.178));
#13680=CARTESIAN_POINT('',(-0.1355,0.054,-0.058));
#13681=CARTESIAN_POINT('',(-0.1355,0.054,-0.058));
#13682=CARTESIAN_POINT('',(-0.1355,0.031,-0.058));
#13683=CARTESIAN_POINT('',(-0.1355,0.031,-0.058));
#13684=CARTESIAN_POINT('',(-0.1355,0.031,-0.058));
#13685=CARTESIAN_POINT('',(-0.1355,0.031,-0.058));
#13686=CARTESIAN_POINT('',(-0.1095,0.031,-0.058));
#13687=CARTESIAN_POINT('',(-0.1095,0.031,-0.058));
#13688=CARTESIAN_POINT('',(-0.1355,0.031,-0.178));
#13689=CARTESIAN_POINT('',(-0.1095,0.031,-0.058));
#13690=CARTESIAN_POINT('',(-0.1095,0.031,-0.058));
#13691=CARTESIAN_POINT('',(0.1,0.,-0.058));
#13692=CARTESIAN_POINT('',(-0.125,0.0425,-0.058));
#13693=CARTESIAN_POINT('',(-0.117006852913571,0.0425,-0.058));
#13694=CARTESIAN_POINT('',(0.1,0.,-0.178));
#13695=CARTESIAN_POINT('',(0.15,0.,-0.178));
#13696=CARTESIAN_POINT('',(-0.0595,0.054,-0.178));
#13697=CARTESIAN_POINT('',(-0.0855,0.054,-0.178));
#13698=CARTESIAN_POINT('',(-0.0855,0.054,-0.178));
#13699=CARTESIAN_POINT('',(-0.0855,0.031,-0.178));
#13700=CARTESIAN_POINT('',(-0.0855,0.031,-0.178));
#13701=CARTESIAN_POINT('',(-0.0595,0.054,-0.058));
#13702=CARTESIAN_POINT('',(-0.0595,0.054,-0.058));
#13703=CARTESIAN_POINT('',(-0.0595,0.054,-0.058));
#13704=CARTESIAN_POINT('',(-0.0595,0.054,-0.058));
#13705=CARTESIAN_POINT('',(-0.0855,0.054,-0.058));
#13706=CARTESIAN_POINT('',(-0.0855,0.054,-0.058));
#13707=CARTESIAN_POINT('',(-0.0595,0.054,-0.178));
#13708=CARTESIAN_POINT('',(-0.0855,0.054,-0.058));
#13709=CARTESIAN_POINT('',(-0.0855,0.054,-0.058));
#13710=CARTESIAN_POINT('',(-0.0855,0.031,-0.058));
#13711=CARTESIAN_POINT('',(-0.0855,0.031,-0.058));
#13712=CARTESIAN_POINT('',(-0.0855,0.031,-0.058));
#13713=CARTESIAN_POINT('',(-0.0855,0.031,-0.058));
#13714=CARTESIAN_POINT('',(-0.0595,0.031,-0.058));
#13715=CARTESIAN_POINT('',(-0.0595,0.031,-0.058));
#13716=CARTESIAN_POINT('',(-0.0855,0.031,-0.178));
#13717=CARTESIAN_POINT('',(-0.0595,0.031,-0.058));
#13718=CARTESIAN_POINT('',(-0.0595,0.031,-0.058));
#13719=CARTESIAN_POINT('',(0.15,0.,-0.058));
#13720=CARTESIAN_POINT('',(-0.075,0.0425,-0.058));
#13721=CARTESIAN_POINT('',(-0.0670068529135709,0.0425,-0.058));
#13722=CARTESIAN_POINT('',(0.15,0.,-0.178));
#13723=CARTESIAN_POINT('',(0.2,0.,-0.178));
#13724=CARTESIAN_POINT('',(-0.00949999999999996,0.054,-0.178));
#13725=CARTESIAN_POINT('',(-0.0355,0.054,-0.178));
#13726=CARTESIAN_POINT('',(-0.0355,0.054,-0.178));
#13727=CARTESIAN_POINT('',(-0.0355,0.031,-0.178));
#13728=CARTESIAN_POINT('',(-0.0355,0.031,-0.178));
#13729=CARTESIAN_POINT('',(-0.00949999999999996,0.054,-0.058));
#13730=CARTESIAN_POINT('',(-0.00949999999999996,0.054,-0.058));
#13731=CARTESIAN_POINT('',(-0.00949999999999996,0.054,-0.058));
#13732=CARTESIAN_POINT('',(-0.00949999999999996,0.054,-0.058));
#13733=CARTESIAN_POINT('',(-0.0355,0.054,-0.058));
#13734=CARTESIAN_POINT('',(-0.0355,0.054,-0.058));
#13735=CARTESIAN_POINT('',(-0.00949999999999996,0.054,-0.178));
#13736=CARTESIAN_POINT('',(-0.0355,0.054,-0.058));
#13737=CARTESIAN_POINT('',(-0.0355,0.054,-0.058));
#13738=CARTESIAN_POINT('',(-0.0355,0.031,-0.058));
#13739=CARTESIAN_POINT('',(-0.0355,0.031,-0.058));
#13740=CARTESIAN_POINT('',(-0.0355,0.031,-0.058));
#13741=CARTESIAN_POINT('',(-0.0355,0.031,-0.058));
#13742=CARTESIAN_POINT('',(-0.00949999999999996,0.031,-0.058));
#13743=CARTESIAN_POINT('',(-0.00949999999999996,0.031,-0.058));
#13744=CARTESIAN_POINT('',(-0.0355,0.031,-0.178));
#13745=CARTESIAN_POINT('',(-0.00949999999999996,0.031,-0.058));
#13746=CARTESIAN_POINT('',(-0.00949999999999996,0.031,-0.058));
#13747=CARTESIAN_POINT('',(0.2,0.,-0.058));
#13748=CARTESIAN_POINT('',(-0.025,0.0425,-0.058));
#13749=CARTESIAN_POINT('',(-0.017006852913571,0.0425,-0.058));
#13750=CARTESIAN_POINT('',(0.2,0.,-0.178));
#13751=CARTESIAN_POINT('',(0.25,0.,-0.178));
#13752=CARTESIAN_POINT('',(0.0405,0.054,-0.178));
#13753=CARTESIAN_POINT('',(0.0145,0.054,-0.178));
#13754=CARTESIAN_POINT('',(0.0145,0.054,-0.178));
#13755=CARTESIAN_POINT('',(0.0145,0.031,-0.178));
#13756=CARTESIAN_POINT('',(0.0145,0.031,-0.178));
#13757=CARTESIAN_POINT('',(0.0405,0.054,-0.058));
#13758=CARTESIAN_POINT('',(0.0405,0.054,-0.058));
#13759=CARTESIAN_POINT('',(0.0405,0.054,-0.058));
#13760=CARTESIAN_POINT('',(0.0405,0.054,-0.058));
#13761=CARTESIAN_POINT('',(0.0145,0.054,-0.058));
#13762=CARTESIAN_POINT('',(0.0145,0.054,-0.058));
#13763=CARTESIAN_POINT('',(0.0405,0.054,-0.178));
#13764=CARTESIAN_POINT('',(0.0145,0.054,-0.058));
#13765=CARTESIAN_POINT('',(0.0145,0.054,-0.058));
#13766=CARTESIAN_POINT('',(0.0145,0.031,-0.058));
#13767=CARTESIAN_POINT('',(0.0145,0.031,-0.058));
#13768=CARTESIAN_POINT('',(0.0145,0.031,-0.058));
#13769=CARTESIAN_POINT('',(0.0145,0.031,-0.058));
#13770=CARTESIAN_POINT('',(0.0405,0.031,-0.058));
#13771=CARTESIAN_POINT('',(0.0405,0.031,-0.058));
#13772=CARTESIAN_POINT('',(0.0145,0.031,-0.178));
#13773=CARTESIAN_POINT('',(0.0405,0.031,-0.058));
#13774=CARTESIAN_POINT('',(0.0405,0.031,-0.058));
#13775=CARTESIAN_POINT('',(0.25,0.,-0.058));
#13776=CARTESIAN_POINT('',(0.025,0.0425,-0.058));
#13777=CARTESIAN_POINT('',(0.0329931470864291,0.0425,-0.058));
#13778=CARTESIAN_POINT('',(0.25,0.,-0.178));
#13779=CARTESIAN_POINT('',(0.3,0.,-0.178));
#13780=CARTESIAN_POINT('',(0.0905,0.054,-0.178));
#13781=CARTESIAN_POINT('',(0.0645,0.054,-0.178));
#13782=CARTESIAN_POINT('',(0.0645,0.054,-0.178));
#13783=CARTESIAN_POINT('',(0.0645,0.031,-0.178));
#13784=CARTESIAN_POINT('',(0.0645,0.031,-0.178));
#13785=CARTESIAN_POINT('',(0.0905,0.054,-0.058));
#13786=CARTESIAN_POINT('',(0.0905,0.054,-0.058));
#13787=CARTESIAN_POINT('',(0.0905,0.054,-0.058));
#13788=CARTESIAN_POINT('',(0.0905,0.054,-0.058));
#13789=CARTESIAN_POINT('',(0.0645,0.054,-0.058));
#13790=CARTESIAN_POINT('',(0.0645,0.054,-0.058));
#13791=CARTESIAN_POINT('',(0.0905,0.054,-0.178));
#13792=CARTESIAN_POINT('',(0.0645,0.054,-0.058));
#13793=CARTESIAN_POINT('',(0.0645,0.054,-0.058));
#13794=CARTESIAN_POINT('',(0.0645,0.031,-0.058));
#13795=CARTESIAN_POINT('',(0.0645,0.031,-0.058));
#13796=CARTESIAN_POINT('',(0.0645,0.031,-0.058));
#13797=CARTESIAN_POINT('',(0.0645,0.031,-0.058));
#13798=CARTESIAN_POINT('',(0.0905,0.031,-0.058));
#13799=CARTESIAN_POINT('',(0.0905,0.031,-0.058));
#13800=CARTESIAN_POINT('',(0.0645,0.031,-0.178));
#13801=CARTESIAN_POINT('',(0.0905,0.031,-0.058));
#13802=CARTESIAN_POINT('',(0.0905,0.031,-0.058));
#13803=CARTESIAN_POINT('',(0.3,0.,-0.058));
#13804=CARTESIAN_POINT('',(0.075,0.0425,-0.058));
#13805=CARTESIAN_POINT('',(0.0829931470864291,0.0425,-0.058));
#13806=CARTESIAN_POINT('',(0.3,0.,-0.178));
#13807=CARTESIAN_POINT('',(0.35,0.,-0.178));
#13808=CARTESIAN_POINT('',(0.1405,0.054,-0.178));
#13809=CARTESIAN_POINT('',(0.1145,0.054,-0.178));
#13810=CARTESIAN_POINT('',(0.1145,0.054,-0.178));
#13811=CARTESIAN_POINT('',(0.1145,0.031,-0.178));
#13812=CARTESIAN_POINT('',(0.1145,0.031,-0.178));
#13813=CARTESIAN_POINT('',(0.1405,0.054,-0.058));
#13814=CARTESIAN_POINT('',(0.1405,0.054,-0.058));
#13815=CARTESIAN_POINT('',(0.1405,0.054,-0.058));
#13816=CARTESIAN_POINT('',(0.1405,0.054,-0.058));
#13817=CARTESIAN_POINT('',(0.1145,0.054,-0.058));
#13818=CARTESIAN_POINT('',(0.1145,0.054,-0.058));
#13819=CARTESIAN_POINT('',(0.1405,0.054,-0.178));
#13820=CARTESIAN_POINT('',(0.1145,0.054,-0.058));
#13821=CARTESIAN_POINT('',(0.1145,0.054,-0.058));
#13822=CARTESIAN_POINT('',(0.1145,0.031,-0.058));
#13823=CARTESIAN_POINT('',(0.1145,0.031,-0.058));
#13824=CARTESIAN_POINT('',(0.1145,0.031,-0.058));
#13825=CARTESIAN_POINT('',(0.1145,0.031,-0.058));
#13826=CARTESIAN_POINT('',(0.1405,0.031,-0.058));
#13827=CARTESIAN_POINT('',(0.1405,0.031,-0.058));
#13828=CARTESIAN_POINT('',(0.1145,0.031,-0.178));
#13829=CARTESIAN_POINT('',(0.1405,0.031,-0.058));
#13830=CARTESIAN_POINT('',(0.1405,0.031,-0.058));
#13831=CARTESIAN_POINT('',(0.35,0.,-0.058));
#13832=CARTESIAN_POINT('',(0.125,0.0425,-0.058));
#13833=CARTESIAN_POINT('',(0.132993147086429,0.0425,-0.058));
#13834=CARTESIAN_POINT('',(0.35,0.,-0.178));
#13835=CARTESIAN_POINT('',(0.4,0.,-0.178));
#13836=CARTESIAN_POINT('',(0.1905,0.054,-0.178));
#13837=CARTESIAN_POINT('',(0.1645,0.054,-0.178));
#13838=CARTESIAN_POINT('',(0.1645,0.054,-0.178));
#13839=CARTESIAN_POINT('',(0.1645,0.031,-0.178));
#13840=CARTESIAN_POINT('',(0.1645,0.031,-0.178));
#13841=CARTESIAN_POINT('',(0.1905,0.054,-0.058));
#13842=CARTESIAN_POINT('',(0.1905,0.054,-0.058));
#13843=CARTESIAN_POINT('',(0.1905,0.054,-0.058));
#13844=CARTESIAN_POINT('',(0.1905,0.054,-0.058));
#13845=CARTESIAN_POINT('',(0.1645,0.054,-0.058));
#13846=CARTESIAN_POINT('',(0.1645,0.054,-0.058));
#13847=CARTESIAN_POINT('',(0.1905,0.054,-0.178));
#13848=CARTESIAN_POINT('',(0.1645,0.054,-0.058));
#13849=CARTESIAN_POINT('',(0.1645,0.054,-0.058));
#13850=CARTESIAN_POINT('',(0.1645,0.031,-0.058));
#13851=CARTESIAN_POINT('',(0.1645,0.031,-0.058));
#13852=CARTESIAN_POINT('',(0.1645,0.031,-0.058));
#13853=CARTESIAN_POINT('',(0.1645,0.031,-0.058));
#13854=CARTESIAN_POINT('',(0.1905,0.031,-0.058));
#13855=CARTESIAN_POINT('',(0.1905,0.031,-0.058));
#13856=CARTESIAN_POINT('',(0.1645,0.031,-0.178));
#13857=CARTESIAN_POINT('',(0.1905,0.031,-0.058));
#13858=CARTESIAN_POINT('',(0.1905,0.031,-0.058));
#13859=CARTESIAN_POINT('',(0.4,0.,-0.058));
#13860=CARTESIAN_POINT('',(0.175,0.0425,-0.058));
#13861=CARTESIAN_POINT('',(0.182993147086429,0.0425,-0.058));
#13862=CARTESIAN_POINT('',(0.4,0.,-0.178));
#13863=CARTESIAN_POINT('',(0.45,0.,-0.178));
#13864=CARTESIAN_POINT('',(0.2405,0.054,-0.178));
#13865=CARTESIAN_POINT('',(0.2145,0.054,-0.178));
#13866=CARTESIAN_POINT('',(0.2145,0.054,-0.178));
#13867=CARTESIAN_POINT('',(0.2145,0.031,-0.178));
#13868=CARTESIAN_POINT('',(0.2145,0.031,-0.178));
#13869=CARTESIAN_POINT('',(0.2405,0.054,-0.058));
#13870=CARTESIAN_POINT('',(0.2405,0.054,-0.058));
#13871=CARTESIAN_POINT('',(0.2405,0.054,-0.058));
#13872=CARTESIAN_POINT('',(0.2405,0.054,-0.058));
#13873=CARTESIAN_POINT('',(0.2145,0.054,-0.058));
#13874=CARTESIAN_POINT('',(0.2145,0.054,-0.058));
#13875=CARTESIAN_POINT('',(0.2405,0.054,-0.178));
#13876=CARTESIAN_POINT('',(0.2145,0.054,-0.058));
#13877=CARTESIAN_POINT('',(0.2145,0.054,-0.058));
#13878=CARTESIAN_POINT('',(0.2145,0.031,-0.058));
#13879=CARTESIAN_POINT('',(0.2145,0.031,-0.058));
#13880=CARTESIAN_POINT('',(0.2145,0.031,-0.058));
#13881=CARTESIAN_POINT('',(0.2145,0.031,-0.058));
#13882=CARTESIAN_POINT('',(0.2405,0.031,-0.058));
#13883=CARTESIAN_POINT('',(0.2405,0.031,-0.058));
#13884=CARTESIAN_POINT('',(0.2145,0.031,-0.178));
#13885=CARTESIAN_POINT('',(0.2405,0.031,-0.058));
#13886=CARTESIAN_POINT('',(0.2405,0.031,-0.058));
#13887=CARTESIAN_POINT('',(0.45,0.,-0.058));
#13888=CARTESIAN_POINT('',(0.225,0.0425,-0.058));
#13889=CARTESIAN_POINT('',(0.232993147086429,0.0425,-0.058));
#13890=CARTESIAN_POINT('',(0.45,0.,-0.178));
#13891=CARTESIAN_POINT('',(-0.2145,0.104,-0.058));
#13892=CARTESIAN_POINT('',(-0.2145,0.104,-0.178));
#13893=CARTESIAN_POINT('',(-0.2145,0.104,-0.178));
#13894=CARTESIAN_POINT('',(-0.2145,0.104,-0.058));
#13895=CARTESIAN_POINT('',(-0.2145,0.104,-0.058));
#13896=CARTESIAN_POINT('',(-0.2145,0.104,-0.058));
#13897=CARTESIAN_POINT('',(-0.2405,0.104,-0.058));
#13898=CARTESIAN_POINT('',(-0.2405,0.104,-0.058));
#13899=CARTESIAN_POINT('',(-0.2405,0.104,-0.058));
#13900=CARTESIAN_POINT('',(-0.2405,0.104,-0.058));
#13901=CARTESIAN_POINT('',(-0.2405,0.081,-0.058));
#13902=CARTESIAN_POINT('',(-0.2405,0.081,-0.058));
#13903=CARTESIAN_POINT('',(-0.2405,0.081,-0.058));
#13904=CARTESIAN_POINT('',(-0.2405,0.081,-0.058));
#13905=CARTESIAN_POINT('',(-0.2145,0.081,-0.058));
#13906=CARTESIAN_POINT('',(-0.2145,0.081,-0.058));
#13907=CARTESIAN_POINT('',(-0.2145,0.081,-0.178));
#13908=CARTESIAN_POINT('',(-0.2405,0.081,-0.178));
#13909=CARTESIAN_POINT('',(-0.2145,0.081,-0.058));
#13910=CARTESIAN_POINT('',(-0.2145,0.081,-0.178));
#13911=CARTESIAN_POINT('',(-0.2145,0.081,-0.058));
#13912=CARTESIAN_POINT('',(0.,0.,-0.058));
#13913=CARTESIAN_POINT('',(-0.225,0.0925,-0.058));
#13914=CARTESIAN_POINT('',(-0.217006852913571,0.0925,-0.058));
#13915=CARTESIAN_POINT('',(0.,0.,-0.178));
#13916=CARTESIAN_POINT('',(-0.1645,0.104,-0.058));
#13917=CARTESIAN_POINT('',(-0.1645,0.104,-0.178));
#13918=CARTESIAN_POINT('',(-0.1645,0.104,-0.178));
#13919=CARTESIAN_POINT('',(-0.1645,0.104,-0.058));
#13920=CARTESIAN_POINT('',(-0.1645,0.104,-0.058));
#13921=CARTESIAN_POINT('',(-0.1645,0.104,-0.058));
#13922=CARTESIAN_POINT('',(-0.1905,0.104,-0.058));
#13923=CARTESIAN_POINT('',(-0.1905,0.104,-0.058));
#13924=CARTESIAN_POINT('',(-0.1905,0.104,-0.058));
#13925=CARTESIAN_POINT('',(-0.1905,0.104,-0.058));
#13926=CARTESIAN_POINT('',(-0.1905,0.081,-0.058));
#13927=CARTESIAN_POINT('',(-0.1905,0.081,-0.058));
#13928=CARTESIAN_POINT('',(-0.1905,0.081,-0.058));
#13929=CARTESIAN_POINT('',(-0.1905,0.081,-0.058));
#13930=CARTESIAN_POINT('',(-0.1645,0.081,-0.058));
#13931=CARTESIAN_POINT('',(-0.1645,0.081,-0.058));
#13932=CARTESIAN_POINT('',(-0.1645,0.081,-0.178));
#13933=CARTESIAN_POINT('',(-0.1905,0.081,-0.178));
#13934=CARTESIAN_POINT('',(-0.1645,0.081,-0.058));
#13935=CARTESIAN_POINT('',(-0.1645,0.081,-0.178));
#13936=CARTESIAN_POINT('',(-0.1645,0.081,-0.058));
#13937=CARTESIAN_POINT('',(0.05,0.,-0.058));
#13938=CARTESIAN_POINT('',(-0.175,0.0925,-0.058));
#13939=CARTESIAN_POINT('',(-0.167006852913571,0.0925,-0.058));
#13940=CARTESIAN_POINT('',(0.05,0.,-0.178));
#13941=CARTESIAN_POINT('',(-0.1145,0.104,-0.058));
#13942=CARTESIAN_POINT('',(-0.1145,0.104,-0.178));
#13943=CARTESIAN_POINT('',(-0.1145,0.104,-0.178));
#13944=CARTESIAN_POINT('',(-0.1145,0.104,-0.058));
#13945=CARTESIAN_POINT('',(-0.1145,0.104,-0.058));
#13946=CARTESIAN_POINT('',(-0.1145,0.104,-0.058));
#13947=CARTESIAN_POINT('',(-0.1405,0.104,-0.058));
#13948=CARTESIAN_POINT('',(-0.1405,0.104,-0.058));
#13949=CARTESIAN_POINT('',(-0.1405,0.104,-0.058));
#13950=CARTESIAN_POINT('',(-0.1405,0.104,-0.058));
#13951=CARTESIAN_POINT('',(-0.1405,0.081,-0.058));
#13952=CARTESIAN_POINT('',(-0.1405,0.081,-0.058));
#13953=CARTESIAN_POINT('',(-0.1405,0.081,-0.058));
#13954=CARTESIAN_POINT('',(-0.1405,0.081,-0.058));
#13955=CARTESIAN_POINT('',(-0.1145,0.081,-0.058));
#13956=CARTESIAN_POINT('',(-0.1145,0.081,-0.058));
#13957=CARTESIAN_POINT('',(-0.1145,0.081,-0.178));
#13958=CARTESIAN_POINT('',(-0.1405,0.081,-0.178));
#13959=CARTESIAN_POINT('',(-0.1145,0.081,-0.058));
#13960=CARTESIAN_POINT('',(-0.1145,0.081,-0.178));
#13961=CARTESIAN_POINT('',(-0.1145,0.081,-0.058));
#13962=CARTESIAN_POINT('',(0.1,0.,-0.058));
#13963=CARTESIAN_POINT('',(-0.125,0.0925,-0.058));
#13964=CARTESIAN_POINT('',(-0.117006852913571,0.0925,-0.058));
#13965=CARTESIAN_POINT('',(0.1,0.,-0.178));
#13966=CARTESIAN_POINT('',(-0.0645,0.104,-0.058));
#13967=CARTESIAN_POINT('',(-0.0645,0.104,-0.178));
#13968=CARTESIAN_POINT('',(-0.0645,0.104,-0.178));
#13969=CARTESIAN_POINT('',(-0.0645,0.104,-0.058));
#13970=CARTESIAN_POINT('',(-0.0645,0.104,-0.058));
#13971=CARTESIAN_POINT('',(-0.0645,0.104,-0.058));
#13972=CARTESIAN_POINT('',(-0.0905,0.104,-0.058));
#13973=CARTESIAN_POINT('',(-0.0905,0.104,-0.058));
#13974=CARTESIAN_POINT('',(-0.0905,0.104,-0.058));
#13975=CARTESIAN_POINT('',(-0.0905,0.104,-0.058));
#13976=CARTESIAN_POINT('',(-0.0905,0.081,-0.058));
#13977=CARTESIAN_POINT('',(-0.0905,0.081,-0.058));
#13978=CARTESIAN_POINT('',(-0.0905,0.081,-0.058));
#13979=CARTESIAN_POINT('',(-0.0905,0.081,-0.058));
#13980=CARTESIAN_POINT('',(-0.0645,0.081,-0.058));
#13981=CARTESIAN_POINT('',(-0.0645,0.081,-0.058));
#13982=CARTESIAN_POINT('',(-0.0645,0.081,-0.178));
#13983=CARTESIAN_POINT('',(-0.0905,0.081,-0.178));
#13984=CARTESIAN_POINT('',(-0.0645,0.081,-0.058));
#13985=CARTESIAN_POINT('',(-0.0645,0.081,-0.178));
#13986=CARTESIAN_POINT('',(-0.0645,0.081,-0.058));
#13987=CARTESIAN_POINT('',(0.15,0.,-0.058));
#13988=CARTESIAN_POINT('',(-0.075,0.0925,-0.058));
#13989=CARTESIAN_POINT('',(-0.0670068529135709,0.0925,-0.058));
#13990=CARTESIAN_POINT('',(0.15,0.,-0.178));
#13991=CARTESIAN_POINT('',(-0.0145,0.104,-0.058));
#13992=CARTESIAN_POINT('',(-0.0145,0.104,-0.178));
#13993=CARTESIAN_POINT('',(-0.0145,0.104,-0.178));
#13994=CARTESIAN_POINT('',(-0.0145,0.104,-0.058));
#13995=CARTESIAN_POINT('',(-0.0145,0.104,-0.058));
#13996=CARTESIAN_POINT('',(-0.0145,0.104,-0.058));
#13997=CARTESIAN_POINT('',(-0.0405,0.104,-0.058));
#13998=CARTESIAN_POINT('',(-0.0405,0.104,-0.058));
#13999=CARTESIAN_POINT('',(-0.0405,0.104,-0.058));
#14000=CARTESIAN_POINT('',(-0.0405,0.104,-0.058));
#14001=CARTESIAN_POINT('',(-0.0405,0.081,-0.058));
#14002=CARTESIAN_POINT('',(-0.0405,0.081,-0.058));
#14003=CARTESIAN_POINT('',(-0.0405,0.081,-0.058));
#14004=CARTESIAN_POINT('',(-0.0405,0.081,-0.058));
#14005=CARTESIAN_POINT('',(-0.0145,0.081,-0.058));
#14006=CARTESIAN_POINT('',(-0.0145,0.081,-0.058));
#14007=CARTESIAN_POINT('',(-0.0145,0.081,-0.178));
#14008=CARTESIAN_POINT('',(-0.0405,0.081,-0.178));
#14009=CARTESIAN_POINT('',(-0.0145,0.081,-0.058));
#14010=CARTESIAN_POINT('',(-0.0145,0.081,-0.178));
#14011=CARTESIAN_POINT('',(-0.0145,0.081,-0.058));
#14012=CARTESIAN_POINT('',(0.2,0.,-0.058));
#14013=CARTESIAN_POINT('',(-0.025,0.0925,-0.058));
#14014=CARTESIAN_POINT('',(-0.017006852913571,0.0925,-0.058));
#14015=CARTESIAN_POINT('',(0.2,0.,-0.178));
#14016=CARTESIAN_POINT('',(0.0355,0.104,-0.058));
#14017=CARTESIAN_POINT('',(0.0355,0.104,-0.178));
#14018=CARTESIAN_POINT('',(0.0355,0.104,-0.178));
#14019=CARTESIAN_POINT('',(0.0355,0.104,-0.058));
#14020=CARTESIAN_POINT('',(0.0355,0.104,-0.058));
#14021=CARTESIAN_POINT('',(0.0355,0.104,-0.058));
#14022=CARTESIAN_POINT('',(0.00950000000000003,0.104,-0.058));
#14023=CARTESIAN_POINT('',(0.00950000000000003,0.104,-0.058));
#14024=CARTESIAN_POINT('',(0.00950000000000003,0.104,-0.058));
#14025=CARTESIAN_POINT('',(0.00950000000000003,0.104,-0.058));
#14026=CARTESIAN_POINT('',(0.00950000000000003,0.081,-0.058));
#14027=CARTESIAN_POINT('',(0.00950000000000003,0.081,-0.058));
#14028=CARTESIAN_POINT('',(0.00950000000000003,0.081,-0.058));
#14029=CARTESIAN_POINT('',(0.00950000000000003,0.081,-0.058));
#14030=CARTESIAN_POINT('',(0.0355,0.081,-0.058));
#14031=CARTESIAN_POINT('',(0.0355,0.081,-0.058));
#14032=CARTESIAN_POINT('',(0.0355,0.081,-0.178));
#14033=CARTESIAN_POINT('',(0.00950000000000003,0.081,-0.178));
#14034=CARTESIAN_POINT('',(0.0355,0.081,-0.058));
#14035=CARTESIAN_POINT('',(0.0355,0.081,-0.178));
#14036=CARTESIAN_POINT('',(0.0355,0.081,-0.058));
#14037=CARTESIAN_POINT('',(0.25,0.,-0.058));
#14038=CARTESIAN_POINT('',(0.025,0.0925,-0.058));
#14039=CARTESIAN_POINT('',(0.0329931470864291,0.0925,-0.058));
#14040=CARTESIAN_POINT('',(0.25,0.,-0.178));
#14041=CARTESIAN_POINT('',(0.0855,0.104,-0.058));
#14042=CARTESIAN_POINT('',(0.0855,0.104,-0.178));
#14043=CARTESIAN_POINT('',(0.0855,0.104,-0.178));
#14044=CARTESIAN_POINT('',(0.0855,0.104,-0.058));
#14045=CARTESIAN_POINT('',(0.0855,0.104,-0.058));
#14046=CARTESIAN_POINT('',(0.0855,0.104,-0.058));
#14047=CARTESIAN_POINT('',(0.0595,0.104,-0.058));
#14048=CARTESIAN_POINT('',(0.0595,0.104,-0.058));
#14049=CARTESIAN_POINT('',(0.0595,0.104,-0.058));
#14050=CARTESIAN_POINT('',(0.0595,0.104,-0.058));
#14051=CARTESIAN_POINT('',(0.0595,0.081,-0.058));
#14052=CARTESIAN_POINT('',(0.0595,0.081,-0.058));
#14053=CARTESIAN_POINT('',(0.0595,0.081,-0.058));
#14054=CARTESIAN_POINT('',(0.0595,0.081,-0.058));
#14055=CARTESIAN_POINT('',(0.0855,0.081,-0.058));
#14056=CARTESIAN_POINT('',(0.0855,0.081,-0.058));
#14057=CARTESIAN_POINT('',(0.0855,0.081,-0.178));
#14058=CARTESIAN_POINT('',(0.0595,0.081,-0.178));
#14059=CARTESIAN_POINT('',(0.0855,0.081,-0.058));
#14060=CARTESIAN_POINT('',(0.0855,0.081,-0.178));
#14061=CARTESIAN_POINT('',(0.0855,0.081,-0.058));
#14062=CARTESIAN_POINT('',(0.3,0.,-0.058));
#14063=CARTESIAN_POINT('',(0.075,0.0925,-0.058));
#14064=CARTESIAN_POINT('',(0.0829931470864291,0.0925,-0.058));
#14065=CARTESIAN_POINT('',(0.3,0.,-0.178));
#14066=CARTESIAN_POINT('',(0.1355,0.104,-0.058));
#14067=CARTESIAN_POINT('',(0.1355,0.104,-0.178));
#14068=CARTESIAN_POINT('',(0.1355,0.104,-0.178));
#14069=CARTESIAN_POINT('',(0.1355,0.104,-0.058));
#14070=CARTESIAN_POINT('',(0.1355,0.104,-0.058));
#14071=CARTESIAN_POINT('',(0.1355,0.104,-0.058));
#14072=CARTESIAN_POINT('',(0.1095,0.104,-0.058));
#14073=CARTESIAN_POINT('',(0.1095,0.104,-0.058));
#14074=CARTESIAN_POINT('',(0.1095,0.104,-0.058));
#14075=CARTESIAN_POINT('',(0.1095,0.104,-0.058));
#14076=CARTESIAN_POINT('',(0.1095,0.081,-0.058));
#14077=CARTESIAN_POINT('',(0.1095,0.081,-0.058));
#14078=CARTESIAN_POINT('',(0.1095,0.081,-0.058));
#14079=CARTESIAN_POINT('',(0.1095,0.081,-0.058));
#14080=CARTESIAN_POINT('',(0.1355,0.081,-0.058));
#14081=CARTESIAN_POINT('',(0.1355,0.081,-0.058));
#14082=CARTESIAN_POINT('',(0.1355,0.081,-0.178));
#14083=CARTESIAN_POINT('',(0.1095,0.081,-0.178));
#14084=CARTESIAN_POINT('',(0.1355,0.081,-0.058));
#14085=CARTESIAN_POINT('',(0.1355,0.081,-0.178));
#14086=CARTESIAN_POINT('',(0.1355,0.081,-0.058));
#14087=CARTESIAN_POINT('',(0.35,0.,-0.058));
#14088=CARTESIAN_POINT('',(0.125,0.0925,-0.058));
#14089=CARTESIAN_POINT('',(0.132993147086429,0.0925,-0.058));
#14090=CARTESIAN_POINT('',(0.35,0.,-0.178));
#14091=CARTESIAN_POINT('',(0.1855,0.104,-0.058));
#14092=CARTESIAN_POINT('',(0.1855,0.104,-0.178));
#14093=CARTESIAN_POINT('',(0.1855,0.104,-0.178));
#14094=CARTESIAN_POINT('',(0.1855,0.104,-0.058));
#14095=CARTESIAN_POINT('',(0.1855,0.104,-0.058));
#14096=CARTESIAN_POINT('',(0.1855,0.104,-0.058));
#14097=CARTESIAN_POINT('',(0.1595,0.104,-0.058));
#14098=CARTESIAN_POINT('',(0.1595,0.104,-0.058));
#14099=CARTESIAN_POINT('',(0.1595,0.104,-0.058));
#14100=CARTESIAN_POINT('',(0.1595,0.104,-0.058));
#14101=CARTESIAN_POINT('',(0.1595,0.081,-0.058));
#14102=CARTESIAN_POINT('',(0.1595,0.081,-0.058));
#14103=CARTESIAN_POINT('',(0.1595,0.081,-0.058));
#14104=CARTESIAN_POINT('',(0.1595,0.081,-0.058));
#14105=CARTESIAN_POINT('',(0.1855,0.081,-0.058));
#14106=CARTESIAN_POINT('',(0.1855,0.081,-0.058));
#14107=CARTESIAN_POINT('',(0.1855,0.081,-0.178));
#14108=CARTESIAN_POINT('',(0.1595,0.081,-0.178));
#14109=CARTESIAN_POINT('',(0.1855,0.081,-0.058));
#14110=CARTESIAN_POINT('',(0.1855,0.081,-0.178));
#14111=CARTESIAN_POINT('',(0.1855,0.081,-0.058));
#14112=CARTESIAN_POINT('',(0.4,0.,-0.058));
#14113=CARTESIAN_POINT('',(0.175,0.0925,-0.058));
#14114=CARTESIAN_POINT('',(0.182993147086429,0.0925,-0.058));
#14115=CARTESIAN_POINT('',(0.4,0.,-0.178));
#14116=CARTESIAN_POINT('',(0.2355,0.104,-0.058));
#14117=CARTESIAN_POINT('',(0.2355,0.104,-0.178));
#14118=CARTESIAN_POINT('',(0.2355,0.104,-0.178));
#14119=CARTESIAN_POINT('',(0.2355,0.104,-0.058));
#14120=CARTESIAN_POINT('',(0.2355,0.104,-0.058));
#14121=CARTESIAN_POINT('',(0.2355,0.104,-0.058));
#14122=CARTESIAN_POINT('',(0.2095,0.104,-0.058));
#14123=CARTESIAN_POINT('',(0.2095,0.104,-0.058));
#14124=CARTESIAN_POINT('',(0.2095,0.104,-0.058));
#14125=CARTESIAN_POINT('',(0.2095,0.104,-0.058));
#14126=CARTESIAN_POINT('',(0.2095,0.081,-0.058));
#14127=CARTESIAN_POINT('',(0.2095,0.081,-0.058));
#14128=CARTESIAN_POINT('',(0.2095,0.081,-0.058));
#14129=CARTESIAN_POINT('',(0.2095,0.081,-0.058));
#14130=CARTESIAN_POINT('',(0.2355,0.081,-0.058));
#14131=CARTESIAN_POINT('',(0.2355,0.081,-0.058));
#14132=CARTESIAN_POINT('',(0.2355,0.081,-0.178));
#14133=CARTESIAN_POINT('',(0.2095,0.081,-0.178));
#14134=CARTESIAN_POINT('',(0.2355,0.081,-0.058));
#14135=CARTESIAN_POINT('',(0.2355,0.081,-0.178));
#14136=CARTESIAN_POINT('',(0.2355,0.081,-0.058));
#14137=CARTESIAN_POINT('',(0.45,0.,-0.058));
#14138=CARTESIAN_POINT('',(0.225,0.0925,-0.058));
#14139=CARTESIAN_POINT('',(0.232993147086429,0.0925,-0.058));
#14140=CARTESIAN_POINT('',(0.45,0.,-0.178));
#14141=CARTESIAN_POINT('',(0.225,0.0425,-0.05));
#14142=CARTESIAN_POINT('',(0.225,0.0425,-0.015));
#14143=CARTESIAN_POINT('',(0.241,0.0425,-0.015));
#14144=CARTESIAN_POINT('',(0.225,0.0425,-0.05));
#14145=CARTESIAN_POINT('',(0.241,0.0425,-0.05));
#14146=CARTESIAN_POINT('',(0.225,0.0925,-0.05));
#14147=CARTESIAN_POINT('',(0.225,0.0925,-0.015));
#14148=CARTESIAN_POINT('',(0.241,0.0925,-0.015));
#14149=CARTESIAN_POINT('',(0.225,0.0925,-0.05));
#14150=CARTESIAN_POINT('',(0.241,0.0925,-0.05));
#14151=CARTESIAN_POINT('',(0.175,0.0425,-0.05));
#14152=CARTESIAN_POINT('',(0.175,0.0425,-0.015));
#14153=CARTESIAN_POINT('',(0.191,0.0425,-0.015));
#14154=CARTESIAN_POINT('',(0.175,0.0425,-0.05));
#14155=CARTESIAN_POINT('',(0.191,0.0425,-0.05));
#14156=CARTESIAN_POINT('',(0.175,0.0925,-0.05));
#14157=CARTESIAN_POINT('',(0.175,0.0925,-0.015));
#14158=CARTESIAN_POINT('',(0.191,0.0925,-0.015));
#14159=CARTESIAN_POINT('',(0.175,0.0925,-0.05));
#14160=CARTESIAN_POINT('',(0.191,0.0925,-0.05));
#14161=CARTESIAN_POINT('',(0.125,0.0425,-0.05));
#14162=CARTESIAN_POINT('',(0.125,0.0425,-0.015));
#14163=CARTESIAN_POINT('',(0.141,0.0425,-0.015));
#14164=CARTESIAN_POINT('',(0.125,0.0425,-0.05));
#14165=CARTESIAN_POINT('',(0.141,0.0425,-0.05));
#14166=CARTESIAN_POINT('',(0.125,0.0925,-0.05));
#14167=CARTESIAN_POINT('',(0.125,0.0925,-0.015));
#14168=CARTESIAN_POINT('',(0.141,0.0925,-0.015));
#14169=CARTESIAN_POINT('',(0.125,0.0925,-0.05));
#14170=CARTESIAN_POINT('',(0.141,0.0925,-0.05));
#14171=CARTESIAN_POINT('',(0.075,0.0425,-0.05));
#14172=CARTESIAN_POINT('',(0.075,0.0425,-0.015));
#14173=CARTESIAN_POINT('',(0.091,0.0425,-0.015));
#14174=CARTESIAN_POINT('',(0.075,0.0425,-0.05));
#14175=CARTESIAN_POINT('',(0.091,0.0425,-0.05));
#14176=CARTESIAN_POINT('',(0.075,0.0925,-0.05));
#14177=CARTESIAN_POINT('',(0.075,0.0925,-0.015));
#14178=CARTESIAN_POINT('',(0.091,0.0925,-0.015));
#14179=CARTESIAN_POINT('',(0.075,0.0925,-0.05));
#14180=CARTESIAN_POINT('',(0.091,0.0925,-0.05));
#14181=CARTESIAN_POINT('',(0.025,0.0425,-0.05));
#14182=CARTESIAN_POINT('',(0.025,0.0425,-0.015));
#14183=CARTESIAN_POINT('',(0.041,0.0425,-0.015));
#14184=CARTESIAN_POINT('',(0.025,0.0425,-0.05));
#14185=CARTESIAN_POINT('',(0.041,0.0425,-0.05));
#14186=CARTESIAN_POINT('',(0.025,0.0925,-0.05));
#14187=CARTESIAN_POINT('',(0.025,0.0925,-0.015));
#14188=CARTESIAN_POINT('',(0.041,0.0925,-0.015));
#14189=CARTESIAN_POINT('',(0.025,0.0925,-0.05));
#14190=CARTESIAN_POINT('',(0.041,0.0925,-0.05));
#14191=CARTESIAN_POINT('',(-0.025,0.0425,-0.05));
#14192=CARTESIAN_POINT('',(-0.025,0.0425,-0.015));
#14193=CARTESIAN_POINT('',(-0.00899999999999999,0.0425,-0.015));
#14194=CARTESIAN_POINT('',(-0.025,0.0425,-0.05));
#14195=CARTESIAN_POINT('',(-0.00899999999999999,0.0425,-0.05));
#14196=CARTESIAN_POINT('',(-0.025,0.0925,-0.05));
#14197=CARTESIAN_POINT('',(-0.025,0.0925,-0.015));
#14198=CARTESIAN_POINT('',(-0.00899999999999999,0.0925,-0.015));
#14199=CARTESIAN_POINT('',(-0.025,0.0925,-0.05));
#14200=CARTESIAN_POINT('',(-0.00899999999999999,0.0925,-0.05));
#14201=CARTESIAN_POINT('',(-0.075,0.0425,-0.05));
#14202=CARTESIAN_POINT('',(-0.075,0.0425,-0.015));
#14203=CARTESIAN_POINT('',(-0.059,0.0425,-0.015));
#14204=CARTESIAN_POINT('',(-0.075,0.0425,-0.05));
#14205=CARTESIAN_POINT('',(-0.059,0.0425,-0.05));
#14206=CARTESIAN_POINT('',(-0.075,0.0925,-0.05));
#14207=CARTESIAN_POINT('',(-0.075,0.0925,-0.015));
#14208=CARTESIAN_POINT('',(-0.059,0.0925,-0.015));
#14209=CARTESIAN_POINT('',(-0.075,0.0925,-0.05));
#14210=CARTESIAN_POINT('',(-0.059,0.0925,-0.05));
#14211=CARTESIAN_POINT('',(-0.125,0.0425,-0.05));
#14212=CARTESIAN_POINT('',(-0.125,0.0425,-0.015));
#14213=CARTESIAN_POINT('',(-0.109,0.0425,-0.015));
#14214=CARTESIAN_POINT('',(-0.125,0.0425,-0.05));
#14215=CARTESIAN_POINT('',(-0.109,0.0425,-0.05));
#14216=CARTESIAN_POINT('',(-0.125,0.0925,-0.05));
#14217=CARTESIAN_POINT('',(-0.125,0.0925,-0.015));
#14218=CARTESIAN_POINT('',(-0.109,0.0925,-0.015));
#14219=CARTESIAN_POINT('',(-0.125,0.0925,-0.05));
#14220=CARTESIAN_POINT('',(-0.109,0.0925,-0.05));
#14221=CARTESIAN_POINT('',(-0.175,0.0425,-0.05));
#14222=CARTESIAN_POINT('',(-0.175,0.0425,-0.015));
#14223=CARTESIAN_POINT('',(-0.159,0.0425,-0.015));
#14224=CARTESIAN_POINT('',(-0.175,0.0425,-0.05));
#14225=CARTESIAN_POINT('',(-0.159,0.0425,-0.05));
#14226=CARTESIAN_POINT('',(-0.175,0.0925,-0.05));
#14227=CARTESIAN_POINT('',(-0.175,0.0925,-0.015));
#14228=CARTESIAN_POINT('',(-0.159,0.0925,-0.015));
#14229=CARTESIAN_POINT('',(-0.175,0.0925,-0.05));
#14230=CARTESIAN_POINT('',(-0.159,0.0925,-0.05));
#14231=CARTESIAN_POINT('',(-0.225,0.0425,-0.05));
#14232=CARTESIAN_POINT('',(-0.225,0.0425,-0.015));
#14233=CARTESIAN_POINT('',(-0.209,0.0425,-0.015));
#14234=CARTESIAN_POINT('',(-0.225,0.0425,-0.05));
#14235=CARTESIAN_POINT('',(-0.209,0.0425,-0.05));
#14236=CARTESIAN_POINT('',(-0.225,0.0925,-0.05));
#14237=CARTESIAN_POINT('',(-0.225,0.0925,-0.015));
#14238=CARTESIAN_POINT('',(-0.209,0.0925,-0.015));
#14239=CARTESIAN_POINT('',(-0.225,0.0925,-0.05));
#14240=CARTESIAN_POINT('',(-0.209,0.0925,-0.05));
#14241=CARTESIAN_POINT('',(0.,0.,-0.05));
#14242=CARTESIAN_POINT('',(0.,0.,-0.015));
#14243=CARTESIAN_POINT('',(-0.225,0.0425,-0.015));
#14244=CARTESIAN_POINT('',(-0.214,0.0425,-0.015));
#14245=CARTESIAN_POINT('',(0.,0.,-0.015));
#14246=CARTESIAN_POINT('',(-0.175,0.0925,-0.015));
#14247=CARTESIAN_POINT('',(-0.164,0.0925,-0.015));
#14248=CARTESIAN_POINT('',(0.,0.,-0.015));
#14249=CARTESIAN_POINT('',(-0.175,0.0425,-0.015));
#14250=CARTESIAN_POINT('',(-0.164,0.0425,-0.015));
#14251=CARTESIAN_POINT('',(0.,0.,-0.015));
#14252=CARTESIAN_POINT('',(-0.125,0.0925,-0.015));
#14253=CARTESIAN_POINT('',(-0.114,0.0925,-0.015));
#14254=CARTESIAN_POINT('',(0.,0.,-0.015));
#14255=CARTESIAN_POINT('',(-0.125,0.0425,-0.015));
#14256=CARTESIAN_POINT('',(-0.114,0.0425,-0.015));
#14257=CARTESIAN_POINT('',(0.,0.,-0.015));
#14258=CARTESIAN_POINT('',(-0.075,0.0925,-0.015));
#14259=CARTESIAN_POINT('',(-0.064,0.0925,-0.015));
#14260=CARTESIAN_POINT('',(0.,0.,-0.015));
#14261=CARTESIAN_POINT('',(-0.075,0.0425,-0.015));
#14262=CARTESIAN_POINT('',(-0.064,0.0425,-0.015));
#14263=CARTESIAN_POINT('',(0.,0.,-0.015));
#14264=CARTESIAN_POINT('',(-0.025,0.0925,-0.015));
#14265=CARTESIAN_POINT('',(-0.014,0.0925,-0.015));
#14266=CARTESIAN_POINT('',(0.,0.,-0.015));
#14267=CARTESIAN_POINT('',(-0.025,0.0425,-0.015));
#14268=CARTESIAN_POINT('',(-0.014,0.0425,-0.015));
#14269=CARTESIAN_POINT('',(0.,0.,-0.015));
#14270=CARTESIAN_POINT('',(0.025,0.0925,-0.015));
#14271=CARTESIAN_POINT('',(0.036,0.0925,-0.015));
#14272=CARTESIAN_POINT('',(0.,0.,-0.015));
#14273=CARTESIAN_POINT('',(0.025,0.0425,-0.015));
#14274=CARTESIAN_POINT('',(0.036,0.0425,-0.015));
#14275=CARTESIAN_POINT('',(0.,0.,-0.015));
#14276=CARTESIAN_POINT('',(0.075,0.0925,-0.015));
#14277=CARTESIAN_POINT('',(0.086,0.0925,-0.015));
#14278=CARTESIAN_POINT('',(0.,0.,-0.015));
#14279=CARTESIAN_POINT('',(0.075,0.0425,-0.015));
#14280=CARTESIAN_POINT('',(0.086,0.0425,-0.015));
#14281=CARTESIAN_POINT('',(0.,0.,-0.015));
#14282=CARTESIAN_POINT('',(0.125,0.0925,-0.015));
#14283=CARTESIAN_POINT('',(0.136,0.0925,-0.015));
#14284=CARTESIAN_POINT('',(0.,0.,-0.015));
#14285=CARTESIAN_POINT('',(0.125,0.0425,-0.015));
#14286=CARTESIAN_POINT('',(0.136,0.0425,-0.015));
#14287=CARTESIAN_POINT('',(0.,0.,-0.015));
#14288=CARTESIAN_POINT('',(0.175,0.0925,-0.015));
#14289=CARTESIAN_POINT('',(0.186,0.0925,-0.015));
#14290=CARTESIAN_POINT('',(0.,0.,-0.015));
#14291=CARTESIAN_POINT('',(0.175,0.0425,-0.015));
#14292=CARTESIAN_POINT('',(0.186,0.0425,-0.015));
#14293=CARTESIAN_POINT('',(0.,0.,-0.015));
#14294=CARTESIAN_POINT('',(0.225,0.0925,-0.015));
#14295=CARTESIAN_POINT('',(0.236,0.0925,-0.015));
#14296=CARTESIAN_POINT('',(0.,0.,-0.015));
#14297=CARTESIAN_POINT('',(0.225,0.0425,-0.015));
#14298=CARTESIAN_POINT('',(0.236,0.0425,-0.015));
#14299=CARTESIAN_POINT('',(0.,0.,-0.015));
#14300=CARTESIAN_POINT('',(-0.225,0.0925,-0.015));
#14301=CARTESIAN_POINT('',(-0.214,0.0925,-0.015));
#14302=CARTESIAN_POINT('',(-0.225,0.0425,-0.015));
#14303=CARTESIAN_POINT('',(-0.225,0.0925,-0.015));
#14304=CARTESIAN_POINT('',(0.225,0.0425,-0.015));
#14305=CARTESIAN_POINT('',(0.225,0.0925,-0.015));
#14306=CARTESIAN_POINT('',(0.175,0.0425,-0.015));
#14307=CARTESIAN_POINT('',(0.175,0.0925,-0.015));
#14308=CARTESIAN_POINT('',(0.125,0.0425,-0.015));
#14309=CARTESIAN_POINT('',(0.125,0.0925,-0.015));
#14310=CARTESIAN_POINT('',(0.075,0.0425,-0.015));
#14311=CARTESIAN_POINT('',(0.075,0.0925,-0.015));
#14312=CARTESIAN_POINT('',(0.025,0.0425,-0.015));
#14313=CARTESIAN_POINT('',(0.025,0.0925,-0.015));
#14314=CARTESIAN_POINT('',(-0.025,0.0425,-0.015));
#14315=CARTESIAN_POINT('',(-0.025,0.0925,-0.015));
#14316=CARTESIAN_POINT('',(-0.075,0.0425,-0.015));
#14317=CARTESIAN_POINT('',(-0.075,0.0925,-0.015));
#14318=CARTESIAN_POINT('',(-0.125,0.0425,-0.015));
#14319=CARTESIAN_POINT('',(-0.125,0.0925,-0.015));
#14320=CARTESIAN_POINT('',(-0.175,0.0425,-0.015));
#14321=CARTESIAN_POINT('',(-0.175,0.0925,-0.015));
#14322=CARTESIAN_POINT('',(0.,0.,0.));
#14323=MECHANICAL_DESIGN_GEOMETRIC_PRESENTATION_REPRESENTATION('',(#9016,
#9017),#14324);
#14324=(
GEOMETRIC_REPRESENTATION_CONTEXT(3)
GLOBAL_UNCERTAINTY_ASSIGNED_CONTEXT((#14327))
GLOBAL_UNIT_ASSIGNED_CONTEXT((#14332,#14331,#14330))
REPRESENTATION_CONTEXT('SFMH-110-02-L-D-LC','TOP_LEVEL_ASSEMBLY_PART')
);
#14325=(
GEOMETRIC_REPRESENTATION_CONTEXT(3)
GLOBAL_UNCERTAINTY_ASSIGNED_CONTEXT((#14328))
GLOBAL_UNIT_ASSIGNED_CONTEXT((#14332,#14331,#14330))
REPRESENTATION_CONTEXT('SFMH-110-02-D-LC_socket','COMPONENT_PART')
);
#14326=(
GEOMETRIC_REPRESENTATION_CONTEXT(3)
GLOBAL_UNCERTAINTY_ASSIGNED_CONTEXT((#14329))
GLOBAL_UNIT_ASSIGNED_CONTEXT((#14332,#14331,#14330))
REPRESENTATION_CONTEXT('C-108-10-D','COMPONENT_PART')
);
#14327=UNCERTAINTY_MEASURE_WITH_UNIT(LENGTH_MEASURE(3.93700787401575E-7),
#14332,'DISTANCE_ACCURACY_VALUE','Maximum Tolerance applied to model');
#14328=UNCERTAINTY_MEASURE_WITH_UNIT(LENGTH_MEASURE(3.93700787401575E-7),
#14332,'DISTANCE_ACCURACY_VALUE','Maximum Tolerance applied to model');
#14329=UNCERTAINTY_MEASURE_WITH_UNIT(LENGTH_MEASURE(3.93700787401575E-7),
#14332,'DISTANCE_ACCURACY_VALUE','Maximum Tolerance applied to model');
#14330=(
NAMED_UNIT(*)
SI_UNIT($,.STERADIAN.)
SOLID_ANGLE_UNIT()
);
#14331=(
NAMED_UNIT(*)
PLANE_ANGLE_UNIT()
SI_UNIT($,.RADIAN.)
);
#14332=(
CONVERSION_BASED_UNIT('INCH',#14334)
LENGTH_UNIT()
NAMED_UNIT(#14333)
);
#14333=DIMENSIONAL_EXPONENTS(1.,0.,0.,0.,0.,0.,0.);
#14334=LENGTH_MEASURE_WITH_UNIT(LENGTH_MEASURE(25.4),#14335);
#14335=(
LENGTH_UNIT()
NAMED_UNIT(*)
SI_UNIT(.MILLI.,.METRE.)
);
#14336=PRODUCT_DEFINITION_SHAPE('','',#14341);
#14337=PRODUCT_DEFINITION_SHAPE('','',#14342);
#14338=PRODUCT_DEFINITION_SHAPE(' ','NAUO PRDDFN',#41);
#14339=PRODUCT_DEFINITION_SHAPE('','',#14343);
#14340=PRODUCT_DEFINITION_SHAPE(' ','NAUO PRDDFN',#42);
#14341=PRODUCT_DEFINITION('','',#14347,#14344);
#14342=PRODUCT_DEFINITION('','',#14348,#14345);
#14343=PRODUCT_DEFINITION('','',#14349,#14346);
#14344=PRODUCT_DEFINITION_CONTEXT('',#14363,'design');
#14345=PRODUCT_DEFINITION_CONTEXT('',#14363,'design');
#14346=PRODUCT_DEFINITION_CONTEXT('',#14363,'design');
#14347=PRODUCT_DEFINITION_FORMATION_WITH_SPECIFIED_SOURCE('','',#14353,
 .NOT_KNOWN.);
#14348=PRODUCT_DEFINITION_FORMATION_WITH_SPECIFIED_SOURCE('','',#14354,
 .NOT_KNOWN.);
#14349=PRODUCT_DEFINITION_FORMATION_WITH_SPECIFIED_SOURCE('','',#14355,
 .NOT_KNOWN.);
#14350=PRODUCT_RELATED_PRODUCT_CATEGORY('','',(#14353));
#14351=PRODUCT_RELATED_PRODUCT_CATEGORY('','',(#14354));
#14352=PRODUCT_RELATED_PRODUCT_CATEGORY('','',(#14355));
#14353=PRODUCT('SFMH-110-02-L-D-LC','SFMH-110-02-L-D-LC',
'SFMH-110-02-L-D-LC',(#14359));
#14354=PRODUCT('SFMH-110-02-D-LC_socket','SFMH-110-02-D-LC_socket',
'SFMH-110-02-D-LC_socket',(#14360));
#14355=PRODUCT('C-108-10-D','C-108-10-D','C-108-10-D',(#14361));
#14356=PRODUCT_CATEGORY('','');
#14357=PRODUCT_CATEGORY('','');
#14358=PRODUCT_CATEGORY('','');
#14359=PRODUCT_CONTEXT('',#14363,'mechanical');
#14360=PRODUCT_CONTEXT('',#14363,'mechanical');
#14361=PRODUCT_CONTEXT('',#14363,'mechanical');
#14362=APPLICATION_PROTOCOL_DEFINITION('international standard',
'automotive_design',2010,#14363);
#14363=APPLICATION_CONTEXT(
'core data for automotive mechanical design processes');
ENDSEC;
END-ISO-10303-21;
