ISO-10303-21;
HEADER;
FILE_DESCRIPTION(('FreeCAD Model'),'2;1');
FILE_NAME('Open CASCADE Shape Model','2026-10-06T14:36:50',('Author'),(
    ''),'Open CASCADE STEP processor 7.8','FreeCAD','Unknown');
FILE_SCHEMA((
'AP242_MANAGED_MODEL_BASED_3D_ENGINEERING_MIM_LF. {1 0 10303 442 1 1 4 
}'));
ENDSEC;
DATA;
#1 = APPLICATION_PROTOCOL_DEFINITION('international standard',
  'ap242_managed_model_based_3d_engineering',2013,#2);
#2 = APPLICATION_CONTEXT('Managed model based 3d engineering');
#3 = SHAPE_DEFINITION_REPRESENTATION(#4,#10);
#4 = PRODUCT_DEFINITION_SHAPE('','',#5);
#5 = PRODUCT_DEFINITION('design','',#6,#9);
#6 = PRODUCT_DEFINITION_FORMATION('','',#7);
#7 = PRODUCT('Kamioka_SQUID_board_v1','Kamioka_SQUID_board_v1','',(#8));
#8 = PRODUCT_CONTEXT('',#2,'mechanical');
#9 = PRODUCT_DEFINITION_CONTEXT('part definition',#2,'design');
#10 = SHAPE_REPRESENTATION('',(#11,#15,#19),#23);
#11 = AXIS2_PLACEMENT_3D('',#12,#13,#14);
#12 = CARTESIAN_POINT('',(0.,0.,0.));
#13 = DIRECTION('',(0.,0.,1.));
#14 = DIRECTION('',(1.,0.,-0.));
#15 = AXIS2_PLACEMENT_3D('',#16,#17,#18);
#16 = CARTESIAN_POINT('',(0.,0.,0.));
#17 = DIRECTION('',(0.,0.,1.));
#18 = DIRECTION('',(1.,0.,0.));
#19 = AXIS2_PLACEMENT_3D('',#20,#21,#22);
#20 = CARTESIAN_POINT('',(0.,0.,0.));
#21 = DIRECTION('',(0.,0.,1.));
#22 = DIRECTION('',(1.,0.,0.));
#23 = ( GEOMETRIC_REPRESENTATION_CONTEXT(3) 
GLOBAL_UNCERTAINTY_ASSIGNED_CONTEXT((#27)) GLOBAL_UNIT_ASSIGNED_CONTEXT(
(#24,#25,#26)) REPRESENTATION_CONTEXT('Context #1',
  '3D Context with UNIT and UNCERTAINTY') );
#24 = ( LENGTH_UNIT() NAMED_UNIT(*) SI_UNIT(.MILLI.,.METRE.) );
#25 = ( NAMED_UNIT(*) PLANE_ANGLE_UNIT() SI_UNIT($,.RADIAN.) );
#26 = ( NAMED_UNIT(*) SI_UNIT($,.STERADIAN.) SOLID_ANGLE_UNIT() );
#27 = UNCERTAINTY_MEASURE_WITH_UNIT(LENGTH_MEASURE(1.E-07),#24,
  'distance_accuracy_value','confusion accuracy');
#28 = PRODUCT_RELATED_PRODUCT_CATEGORY('part',$,(#7));
#29 = SHAPE_DEFINITION_REPRESENTATION(#30,#36);
#30 = PRODUCT_DEFINITION_SHAPE('','',#31);
#31 = PRODUCT_DEFINITION('design','',#32,#35);
#32 = PRODUCT_DEFINITION_FORMATION('','',#33);
#33 = PRODUCT('Board_Geoms_65d9','Board_Geoms_65d9','',(#34));
#34 = PRODUCT_CONTEXT('',#2,'mechanical');
#35 = PRODUCT_DEFINITION_CONTEXT('part definition',#2,'design');
#36 = SHAPE_REPRESENTATION('',(#11,#37),#41);
#37 = AXIS2_PLACEMENT_3D('',#38,#39,#40);
#38 = CARTESIAN_POINT('',(0.,0.,0.));
#39 = DIRECTION('',(0.,0.,1.));
#40 = DIRECTION('',(1.,0.,0.));
#41 = ( GEOMETRIC_REPRESENTATION_CONTEXT(3) 
GLOBAL_UNCERTAINTY_ASSIGNED_CONTEXT((#45)) GLOBAL_UNIT_ASSIGNED_CONTEXT(
(#42,#43,#44)) REPRESENTATION_CONTEXT('Context #1',
  '3D Context with UNIT and UNCERTAINTY') );
#42 = ( LENGTH_UNIT() NAMED_UNIT(*) SI_UNIT(.MILLI.,.METRE.) );
#43 = ( NAMED_UNIT(*) PLANE_ANGLE_UNIT() SI_UNIT($,.RADIAN.) );
#44 = ( NAMED_UNIT(*) SI_UNIT($,.STERADIAN.) SOLID_ANGLE_UNIT() );
#45 = UNCERTAINTY_MEASURE_WITH_UNIT(LENGTH_MEASURE(1.E-07),#42,
  'distance_accuracy_value','confusion accuracy');
#46 = CONTEXT_DEPENDENT_SHAPE_REPRESENTATION(#47,#49);
#47 = ( REPRESENTATION_RELATIONSHIP('','',#36,#10) 
REPRESENTATION_RELATIONSHIP_WITH_TRANSFORMATION(#48) 
SHAPE_REPRESENTATION_RELATIONSHIP() );
#48 = ITEM_DEFINED_TRANSFORMATION('','',#11,#15);
#49 = PRODUCT_DEFINITION_SHAPE('Placement','Placement of an item',#50);
#50 = NEXT_ASSEMBLY_USAGE_OCCURRENCE('2','Board_Geoms_65d9','',#5,#31,$
  );
#51 = PRODUCT_RELATED_PRODUCT_CATEGORY('part',$,(#33));
#52 = SHAPE_DEFINITION_REPRESENTATION(#53,#59);
#53 = PRODUCT_DEFINITION_SHAPE('','',#54);
#54 = PRODUCT_DEFINITION('design','',#55,#58);
#55 = PRODUCT_DEFINITION_FORMATION('','',#56);
#56 = PRODUCT('Pcb_65d9','Pcb_65d9','',(#57));
#57 = PRODUCT_CONTEXT('',#2,'mechanical');
#58 = PRODUCT_DEFINITION_CONTEXT('part definition',#2,'design');
#59 = ADVANCED_BREP_SHAPE_REPRESENTATION('',(#11,#60),#4203);
#60 = MANIFOLD_SOLID_BREP('',#61);
#61 = CLOSED_SHELL('',(#62,#102,#133,#164,#195,#226,#257,#288,#319,#350,
    #381,#412,#443,#474,#505,#536,#567,#598,#629,#660,#691,#713,#746,
    #779,#812,#845,#878,#911,#944,#977,#1010,#1043,#1076,#1109,#1142,
    #1175,#1208,#1241,#1274,#1307,#1340,#1373,#1406,#1439,#1472,#1505,
    #1538,#1571,#1604,#1637,#1670,#1703,#1736,#1769,#1802,#1835,#1868,
    #1901,#1934,#1967,#2000,#2033,#2066,#2099,#2132,#2165,#2198,#2231,
    #2264,#2297,#2330,#2363,#2396,#2429,#2462,#2495,#2528,#2561,#2594,
    #2627,#2660,#2693,#2726,#2759,#2792,#2825,#2858,#2891,#2924,#2957,
    #2990,#3023,#3056,#3089,#3122,#3155,#3188,#3221,#3254,#3287,#3320,
    #3353,#3386,#3419,#3452,#3485,#3518,#3551,#3584,#3617,#3910));
#62 = ADVANCED_FACE('',(#63),#97,.F.);
#63 = FACE_BOUND('',#64,.F.);
#64 = EDGE_LOOP('',(#65,#75,#83,#91));
#65 = ORIENTED_EDGE('',*,*,#66,.T.);
#66 = EDGE_CURVE('',#67,#69,#71,.T.);
#67 = VERTEX_POINT('',#68);
#68 = CARTESIAN_POINT('',(89.78,-115.05,0.));
#69 = VERTEX_POINT('',#70);
#70 = CARTESIAN_POINT('',(89.78,-115.05,-1.6));
#71 = LINE('',#72,#73);
#72 = CARTESIAN_POINT('',(89.78,-115.05,0.));
#73 = VECTOR('',#74,1.);
#74 = DIRECTION('',(0.,0.,-1.));
#75 = ORIENTED_EDGE('',*,*,#76,.T.);
#76 = EDGE_CURVE('',#69,#77,#79,.T.);
#77 = VERTEX_POINT('',#78);
#78 = CARTESIAN_POINT('',(100.08,-115.05,-1.6));
#79 = LINE('',#80,#81);
#80 = CARTESIAN_POINT('',(89.78,-115.05,-1.6));
#81 = VECTOR('',#82,1.);
#82 = DIRECTION('',(1.,0.,0.));
#83 = ORIENTED_EDGE('',*,*,#84,.F.);
#84 = EDGE_CURVE('',#85,#77,#87,.T.);
#85 = VERTEX_POINT('',#86);
#86 = CARTESIAN_POINT('',(100.08,-115.05,0.));
#87 = LINE('',#88,#89);
#88 = CARTESIAN_POINT('',(100.08,-115.05,0.));
#89 = VECTOR('',#90,1.);
#90 = DIRECTION('',(0.,0.,-1.));
#91 = ORIENTED_EDGE('',*,*,#92,.F.);
#92 = EDGE_CURVE('',#67,#85,#93,.T.);
#93 = LINE('',#94,#95);
#94 = CARTESIAN_POINT('',(89.78,-115.05,0.));
#95 = VECTOR('',#96,1.);
#96 = DIRECTION('',(1.,0.,0.));
#97 = PLANE('',#98);
#98 = AXIS2_PLACEMENT_3D('',#99,#100,#101);
#99 = CARTESIAN_POINT('',(89.78,-115.05,0.));
#100 = DIRECTION('',(0.,-1.,0.));
#101 = DIRECTION('',(1.,0.,0.));
#102 = ADVANCED_FACE('',(#103),#128,.F.);
#103 = FACE_BOUND('',#104,.F.);
#104 = EDGE_LOOP('',(#105,#115,#121,#122));
#105 = ORIENTED_EDGE('',*,*,#106,.T.);
#106 = EDGE_CURVE('',#107,#109,#111,.T.);
#107 = VERTEX_POINT('',#108);
#108 = CARTESIAN_POINT('',(89.78,-154.8,0.));
#109 = VERTEX_POINT('',#110);
#110 = CARTESIAN_POINT('',(89.78,-154.8,-1.6));
#111 = LINE('',#112,#113);
#112 = CARTESIAN_POINT('',(89.78,-154.8,0.));
#113 = VECTOR('',#114,1.);
#114 = DIRECTION('',(0.,0.,-1.));
#115 = ORIENTED_EDGE('',*,*,#116,.T.);
#116 = EDGE_CURVE('',#109,#69,#117,.T.);
#117 = LINE('',#118,#119);
#118 = CARTESIAN_POINT('',(89.78,-154.8,-1.6));
#119 = VECTOR('',#120,1.);
#120 = DIRECTION('',(0.,1.,0.));
#121 = ORIENTED_EDGE('',*,*,#66,.F.);
#122 = ORIENTED_EDGE('',*,*,#123,.F.);
#123 = EDGE_CURVE('',#107,#67,#124,.T.);
#124 = LINE('',#125,#126);
#125 = CARTESIAN_POINT('',(89.78,-154.8,0.));
#126 = VECTOR('',#127,1.);
#127 = DIRECTION('',(0.,1.,0.));
#128 = PLANE('',#129);
#129 = AXIS2_PLACEMENT_3D('',#130,#131,#132);
#130 = CARTESIAN_POINT('',(89.78,-154.8,0.));
#131 = DIRECTION('',(1.,-0.,0.));
#132 = DIRECTION('',(0.,1.,0.));
#133 = ADVANCED_FACE('',(#134),#159,.F.);
#134 = FACE_BOUND('',#135,.F.);
#135 = EDGE_LOOP('',(#136,#137,#145,#153));
#136 = ORIENTED_EDGE('',*,*,#84,.T.);
#137 = ORIENTED_EDGE('',*,*,#138,.T.);
#138 = EDGE_CURVE('',#77,#139,#141,.T.);
#139 = VERTEX_POINT('',#140);
#140 = CARTESIAN_POINT('',(100.08,-106.625,-1.6));
#141 = LINE('',#142,#143);
#142 = CARTESIAN_POINT('',(100.08,-115.05,-1.6));
#143 = VECTOR('',#144,1.);
#144 = DIRECTION('',(0.,1.,0.));
#145 = ORIENTED_EDGE('',*,*,#146,.F.);
#146 = EDGE_CURVE('',#147,#139,#149,.T.);
#147 = VERTEX_POINT('',#148);
#148 = CARTESIAN_POINT('',(100.08,-106.625,0.));
#149 = LINE('',#150,#151);
#150 = CARTESIAN_POINT('',(100.08,-106.625,0.));
#151 = VECTOR('',#152,1.);
#152 = DIRECTION('',(0.,0.,-1.));
#153 = ORIENTED_EDGE('',*,*,#154,.F.);
#154 = EDGE_CURVE('',#85,#147,#155,.T.);
#155 = LINE('',#156,#157);
#156 = CARTESIAN_POINT('',(100.08,-115.05,0.));
#157 = VECTOR('',#158,1.);
#158 = DIRECTION('',(0.,1.,0.));
#159 = PLANE('',#160);
#160 = AXIS2_PLACEMENT_3D('',#161,#162,#163);
#161 = CARTESIAN_POINT('',(100.08,-115.05,0.));
#162 = DIRECTION('',(1.,-0.,0.));
#163 = DIRECTION('',(0.,1.,0.));
#164 = ADVANCED_FACE('',(#165),#190,.F.);
#165 = FACE_BOUND('',#166,.F.);
#166 = EDGE_LOOP('',(#167,#177,#183,#184));
#167 = ORIENTED_EDGE('',*,*,#168,.T.);
#168 = EDGE_CURVE('',#169,#171,#173,.T.);
#169 = VERTEX_POINT('',#170);
#170 = CARTESIAN_POINT('',(161.905,-154.8,0.));
#171 = VERTEX_POINT('',#172);
#172 = CARTESIAN_POINT('',(161.905,-154.8,-1.6));
#173 = LINE('',#174,#175);
#174 = CARTESIAN_POINT('',(161.905,-154.8,0.));
#175 = VECTOR('',#176,1.);
#176 = DIRECTION('',(0.,0.,-1.));
#177 = ORIENTED_EDGE('',*,*,#178,.T.);
#178 = EDGE_CURVE('',#171,#109,#179,.T.);
#179 = LINE('',#180,#181);
#180 = CARTESIAN_POINT('',(161.905,-154.8,-1.6));
#181 = VECTOR('',#182,1.);
#182 = DIRECTION('',(-1.,0.,0.));
#183 = ORIENTED_EDGE('',*,*,#106,.F.);
#184 = ORIENTED_EDGE('',*,*,#185,.F.);
#185 = EDGE_CURVE('',#169,#107,#186,.T.);
#186 = LINE('',#187,#188);
#187 = CARTESIAN_POINT('',(161.905,-154.8,0.));
#188 = VECTOR('',#189,1.);
#189 = DIRECTION('',(-1.,0.,0.));
#190 = PLANE('',#191);
#191 = AXIS2_PLACEMENT_3D('',#192,#193,#194);
#192 = CARTESIAN_POINT('',(161.905,-154.8,0.));
#193 = DIRECTION('',(0.,1.,0.));
#194 = DIRECTION('',(-1.,0.,0.));
#195 = ADVANCED_FACE('',(#196),#221,.F.);
#196 = FACE_BOUND('',#197,.F.);
#197 = EDGE_LOOP('',(#198,#199,#207,#215));
#198 = ORIENTED_EDGE('',*,*,#146,.T.);
#199 = ORIENTED_EDGE('',*,*,#200,.T.);
#200 = EDGE_CURVE('',#139,#201,#203,.T.);
#201 = VERTEX_POINT('',#202);
#202 = CARTESIAN_POINT('',(100.08,-43.625,-1.6));
#203 = LINE('',#204,#205);
#204 = CARTESIAN_POINT('',(100.08,-106.625,-1.6));
#205 = VECTOR('',#206,1.);
#206 = DIRECTION('',(0.,1.,0.));
#207 = ORIENTED_EDGE('',*,*,#208,.F.);
#208 = EDGE_CURVE('',#209,#201,#211,.T.);
#209 = VERTEX_POINT('',#210);
#210 = CARTESIAN_POINT('',(100.08,-43.625,0.));
#211 = LINE('',#212,#213);
#212 = CARTESIAN_POINT('',(100.08,-43.625,0.));
#213 = VECTOR('',#214,1.);
#214 = DIRECTION('',(0.,0.,-1.));
#215 = ORIENTED_EDGE('',*,*,#216,.F.);
#216 = EDGE_CURVE('',#147,#209,#217,.T.);
#217 = LINE('',#218,#219);
#218 = CARTESIAN_POINT('',(100.08,-106.625,0.));
#219 = VECTOR('',#220,1.);
#220 = DIRECTION('',(0.,1.,0.));
#221 = PLANE('',#222);
#222 = AXIS2_PLACEMENT_3D('',#223,#224,#225);
#223 = CARTESIAN_POINT('',(100.08,-106.625,0.));
#224 = DIRECTION('',(1.,-0.,0.));
#225 = DIRECTION('',(0.,1.,0.));
#226 = ADVANCED_FACE('',(#227),#252,.F.);
#227 = FACE_BOUND('',#228,.F.);
#228 = EDGE_LOOP('',(#229,#239,#245,#246));
#229 = ORIENTED_EDGE('',*,*,#230,.T.);
#230 = EDGE_CURVE('',#231,#233,#235,.T.);
#231 = VERTEX_POINT('',#232);
#232 = CARTESIAN_POINT('',(161.83,-115.3,0.));
#233 = VERTEX_POINT('',#234);
#234 = CARTESIAN_POINT('',(161.83,-115.3,-1.6));
#235 = LINE('',#236,#237);
#236 = CARTESIAN_POINT('',(161.83,-115.3,0.));
#237 = VECTOR('',#238,1.);
#238 = DIRECTION('',(0.,0.,-1.));
#239 = ORIENTED_EDGE('',*,*,#240,.T.);
#240 = EDGE_CURVE('',#233,#171,#241,.T.);
#241 = LINE('',#242,#243);
#242 = CARTESIAN_POINT('',(161.83,-115.3,-1.6));
#243 = VECTOR('',#244,1.);
#244 = DIRECTION('',(1.898730754574E-03,-0.999998197409,0.));
#245 = ORIENTED_EDGE('',*,*,#168,.F.);
#246 = ORIENTED_EDGE('',*,*,#247,.F.);
#247 = EDGE_CURVE('',#231,#169,#248,.T.);
#248 = LINE('',#249,#250);
#249 = CARTESIAN_POINT('',(161.83,-115.3,0.));
#250 = VECTOR('',#251,1.);
#251 = DIRECTION('',(1.898730754574E-03,-0.999998197409,0.));
#252 = PLANE('',#253);
#253 = AXIS2_PLACEMENT_3D('',#254,#255,#256);
#254 = CARTESIAN_POINT('',(161.83,-115.3,0.));
#255 = DIRECTION('',(-0.999998197409,-1.898730754574E-03,-0.));
#256 = DIRECTION('',(1.898730754574E-03,-0.999998197409,0.));
#257 = ADVANCED_FACE('',(#258),#283,.F.);
#258 = FACE_BOUND('',#259,.F.);
#259 = EDGE_LOOP('',(#260,#261,#269,#277));
#260 = ORIENTED_EDGE('',*,*,#208,.T.);
#261 = ORIENTED_EDGE('',*,*,#262,.T.);
#262 = EDGE_CURVE('',#201,#263,#265,.T.);
#263 = VERTEX_POINT('',#264);
#264 = CARTESIAN_POINT('',(110.08,-43.625,-1.6));
#265 = LINE('',#266,#267);
#266 = CARTESIAN_POINT('',(100.08,-43.625,-1.6));
#267 = VECTOR('',#268,1.);
#268 = DIRECTION('',(1.,0.,0.));
#269 = ORIENTED_EDGE('',*,*,#270,.F.);
#270 = EDGE_CURVE('',#271,#263,#273,.T.);
#271 = VERTEX_POINT('',#272);
#272 = CARTESIAN_POINT('',(110.08,-43.625,0.));
#273 = LINE('',#274,#275);
#274 = CARTESIAN_POINT('',(110.08,-43.625,0.));
#275 = VECTOR('',#276,1.);
#276 = DIRECTION('',(0.,0.,-1.));
#277 = ORIENTED_EDGE('',*,*,#278,.F.);
#278 = EDGE_CURVE('',#209,#271,#279,.T.);
#279 = LINE('',#280,#281);
#280 = CARTESIAN_POINT('',(100.08,-43.625,0.));
#281 = VECTOR('',#282,1.);
#282 = DIRECTION('',(1.,0.,0.));
#283 = PLANE('',#284);
#284 = AXIS2_PLACEMENT_3D('',#285,#286,#287);
#285 = CARTESIAN_POINT('',(100.08,-43.625,0.));
#286 = DIRECTION('',(0.,-1.,0.));
#287 = DIRECTION('',(1.,0.,0.));
#288 = ADVANCED_FACE('',(#289),#314,.F.);
#289 = FACE_BOUND('',#290,.F.);
#290 = EDGE_LOOP('',(#291,#301,#307,#308));
#291 = ORIENTED_EDGE('',*,*,#292,.T.);
#292 = EDGE_CURVE('',#293,#295,#297,.T.);
#293 = VERTEX_POINT('',#294);
#294 = CARTESIAN_POINT('',(152.08,-115.3,0.));
#295 = VERTEX_POINT('',#296);
#296 = CARTESIAN_POINT('',(152.08,-115.3,-1.6));
#297 = LINE('',#298,#299);
#298 = CARTESIAN_POINT('',(152.08,-115.3,0.));
#299 = VECTOR('',#300,1.);
#300 = DIRECTION('',(0.,0.,-1.));
#301 = ORIENTED_EDGE('',*,*,#302,.T.);
#302 = EDGE_CURVE('',#295,#233,#303,.T.);
#303 = LINE('',#304,#305);
#304 = CARTESIAN_POINT('',(152.08,-115.3,-1.6));
#305 = VECTOR('',#306,1.);
#306 = DIRECTION('',(1.,0.,0.));
#307 = ORIENTED_EDGE('',*,*,#230,.F.);
#308 = ORIENTED_EDGE('',*,*,#309,.F.);
#309 = EDGE_CURVE('',#293,#231,#310,.T.);
#310 = LINE('',#311,#312);
#311 = CARTESIAN_POINT('',(152.08,-115.3,0.));
#312 = VECTOR('',#313,1.);
#313 = DIRECTION('',(1.,0.,0.));
#314 = PLANE('',#315);
#315 = AXIS2_PLACEMENT_3D('',#316,#317,#318);
#316 = CARTESIAN_POINT('',(152.08,-115.3,0.));
#317 = DIRECTION('',(0.,-1.,0.));
#318 = DIRECTION('',(1.,0.,0.));
#319 = ADVANCED_FACE('',(#320),#345,.F.);
#320 = FACE_BOUND('',#321,.F.);
#321 = EDGE_LOOP('',(#322,#323,#331,#339));
#322 = ORIENTED_EDGE('',*,*,#270,.T.);
#323 = ORIENTED_EDGE('',*,*,#324,.T.);
#324 = EDGE_CURVE('',#263,#325,#327,.T.);
#325 = VERTEX_POINT('',#326);
#326 = CARTESIAN_POINT('',(110.08,-115.,-1.6));
#327 = LINE('',#328,#329);
#328 = CARTESIAN_POINT('',(110.08,-43.625,-1.6));
#329 = VECTOR('',#330,1.);
#330 = DIRECTION('',(0.,-1.,0.));
#331 = ORIENTED_EDGE('',*,*,#332,.F.);
#332 = EDGE_CURVE('',#333,#325,#335,.T.);
#333 = VERTEX_POINT('',#334);
#334 = CARTESIAN_POINT('',(110.08,-115.,0.));
#335 = LINE('',#336,#337);
#336 = CARTESIAN_POINT('',(110.08,-115.,0.));
#337 = VECTOR('',#338,1.);
#338 = DIRECTION('',(0.,0.,-1.));
#339 = ORIENTED_EDGE('',*,*,#340,.F.);
#340 = EDGE_CURVE('',#271,#333,#341,.T.);
#341 = LINE('',#342,#343);
#342 = CARTESIAN_POINT('',(110.08,-43.625,0.));
#343 = VECTOR('',#344,1.);
#344 = DIRECTION('',(0.,-1.,0.));
#345 = PLANE('',#346);
#346 = AXIS2_PLACEMENT_3D('',#347,#348,#349);
#347 = CARTESIAN_POINT('',(110.08,-43.625,0.));
#348 = DIRECTION('',(-1.,-0.,-0.));
#349 = DIRECTION('',(0.,-1.,0.));
#350 = ADVANCED_FACE('',(#351),#376,.F.);
#351 = FACE_BOUND('',#352,.F.);
#352 = EDGE_LOOP('',(#353,#363,#369,#370));
#353 = ORIENTED_EDGE('',*,*,#354,.T.);
#354 = EDGE_CURVE('',#355,#357,#359,.T.);
#355 = VERTEX_POINT('',#356);
#356 = CARTESIAN_POINT('',(152.08,-43.625,0.));
#357 = VERTEX_POINT('',#358);
#358 = CARTESIAN_POINT('',(152.08,-43.625,-1.6));
#359 = LINE('',#360,#361);
#360 = CARTESIAN_POINT('',(152.08,-43.625,0.));
#361 = VECTOR('',#362,1.);
#362 = DIRECTION('',(0.,0.,-1.));
#363 = ORIENTED_EDGE('',*,*,#364,.T.);
#364 = EDGE_CURVE('',#357,#295,#365,.T.);
#365 = LINE('',#366,#367);
#366 = CARTESIAN_POINT('',(152.08,-43.625,-1.6));
#367 = VECTOR('',#368,1.);
#368 = DIRECTION('',(0.,-1.,0.));
#369 = ORIENTED_EDGE('',*,*,#292,.F.);
#370 = ORIENTED_EDGE('',*,*,#371,.F.);
#371 = EDGE_CURVE('',#355,#293,#372,.T.);
#372 = LINE('',#373,#374);
#373 = CARTESIAN_POINT('',(152.08,-43.625,0.));
#374 = VECTOR('',#375,1.);
#375 = DIRECTION('',(0.,-1.,0.));
#376 = PLANE('',#377);
#377 = AXIS2_PLACEMENT_3D('',#378,#379,#380);
#378 = CARTESIAN_POINT('',(152.08,-43.625,0.));
#379 = DIRECTION('',(-1.,-0.,-0.));
#380 = DIRECTION('',(0.,-1.,0.));
#381 = ADVANCED_FACE('',(#382),#407,.F.);
#382 = FACE_BOUND('',#383,.F.);
#383 = EDGE_LOOP('',(#384,#385,#393,#401));
#384 = ORIENTED_EDGE('',*,*,#332,.T.);
#385 = ORIENTED_EDGE('',*,*,#386,.T.);
#386 = EDGE_CURVE('',#325,#387,#389,.T.);
#387 = VERTEX_POINT('',#388);
#388 = CARTESIAN_POINT('',(114.08,-115.,-1.6));
#389 = LINE('',#390,#391);
#390 = CARTESIAN_POINT('',(110.08,-115.,-1.6));
#391 = VECTOR('',#392,1.);
#392 = DIRECTION('',(1.,0.,0.));
#393 = ORIENTED_EDGE('',*,*,#394,.F.);
#394 = EDGE_CURVE('',#395,#387,#397,.T.);
#395 = VERTEX_POINT('',#396);
#396 = CARTESIAN_POINT('',(114.08,-115.,0.));
#397 = LINE('',#398,#399);
#398 = CARTESIAN_POINT('',(114.08,-115.,0.));
#399 = VECTOR('',#400,1.);
#400 = DIRECTION('',(0.,0.,-1.));
#401 = ORIENTED_EDGE('',*,*,#402,.F.);
#402 = EDGE_CURVE('',#333,#395,#403,.T.);
#403 = LINE('',#404,#405);
#404 = CARTESIAN_POINT('',(110.08,-115.,0.));
#405 = VECTOR('',#406,1.);
#406 = DIRECTION('',(1.,0.,0.));
#407 = PLANE('',#408);
#408 = AXIS2_PLACEMENT_3D('',#409,#410,#411);
#409 = CARTESIAN_POINT('',(110.08,-115.,0.));
#410 = DIRECTION('',(0.,-1.,0.));
#411 = DIRECTION('',(1.,0.,0.));
#412 = ADVANCED_FACE('',(#413),#438,.F.);
#413 = FACE_BOUND('',#414,.F.);
#414 = EDGE_LOOP('',(#415,#425,#431,#432));
#415 = ORIENTED_EDGE('',*,*,#416,.T.);
#416 = EDGE_CURVE('',#417,#419,#421,.T.);
#417 = VERTEX_POINT('',#418);
#418 = CARTESIAN_POINT('',(142.08,-43.625,0.));
#419 = VERTEX_POINT('',#420);
#420 = CARTESIAN_POINT('',(142.08,-43.625,-1.6));
#421 = LINE('',#422,#423);
#422 = CARTESIAN_POINT('',(142.08,-43.625,0.));
#423 = VECTOR('',#424,1.);
#424 = DIRECTION('',(0.,0.,-1.));
#425 = ORIENTED_EDGE('',*,*,#426,.T.);
#426 = EDGE_CURVE('',#419,#357,#427,.T.);
#427 = LINE('',#428,#429);
#428 = CARTESIAN_POINT('',(142.08,-43.625,-1.6));
#429 = VECTOR('',#430,1.);
#430 = DIRECTION('',(1.,0.,0.));
#431 = ORIENTED_EDGE('',*,*,#354,.F.);
#432 = ORIENTED_EDGE('',*,*,#433,.F.);
#433 = EDGE_CURVE('',#417,#355,#434,.T.);
#434 = LINE('',#435,#436);
#435 = CARTESIAN_POINT('',(142.08,-43.625,0.));
#436 = VECTOR('',#437,1.);
#437 = DIRECTION('',(1.,0.,0.));
#438 = PLANE('',#439);
#439 = AXIS2_PLACEMENT_3D('',#440,#441,#442);
#440 = CARTESIAN_POINT('',(142.08,-43.625,0.));
#441 = DIRECTION('',(0.,-1.,0.));
#442 = DIRECTION('',(1.,0.,0.));
#443 = ADVANCED_FACE('',(#444),#469,.F.);
#444 = FACE_BOUND('',#445,.F.);
#445 = EDGE_LOOP('',(#446,#447,#455,#463));
#446 = ORIENTED_EDGE('',*,*,#394,.T.);
#447 = ORIENTED_EDGE('',*,*,#448,.T.);
#448 = EDGE_CURVE('',#387,#449,#451,.T.);
#449 = VERTEX_POINT('',#450);
#450 = CARTESIAN_POINT('',(114.08,-43.625,-1.6));
#451 = LINE('',#452,#453);
#452 = CARTESIAN_POINT('',(114.08,-115.,-1.6));
#453 = VECTOR('',#454,1.);
#454 = DIRECTION('',(0.,1.,0.));
#455 = ORIENTED_EDGE('',*,*,#456,.F.);
#456 = EDGE_CURVE('',#457,#449,#459,.T.);
#457 = VERTEX_POINT('',#458);
#458 = CARTESIAN_POINT('',(114.08,-43.625,0.));
#459 = LINE('',#460,#461);
#460 = CARTESIAN_POINT('',(114.08,-43.625,0.));
#461 = VECTOR('',#462,1.);
#462 = DIRECTION('',(0.,0.,-1.));
#463 = ORIENTED_EDGE('',*,*,#464,.F.);
#464 = EDGE_CURVE('',#395,#457,#465,.T.);
#465 = LINE('',#466,#467);
#466 = CARTESIAN_POINT('',(114.08,-115.,0.));
#467 = VECTOR('',#468,1.);
#468 = DIRECTION('',(0.,1.,0.));
#469 = PLANE('',#470);
#470 = AXIS2_PLACEMENT_3D('',#471,#472,#473);
#471 = CARTESIAN_POINT('',(114.08,-115.,0.));
#472 = DIRECTION('',(1.,-0.,0.));
#473 = DIRECTION('',(0.,1.,0.));
#474 = ADVANCED_FACE('',(#475),#500,.F.);
#475 = FACE_BOUND('',#476,.F.);
#476 = EDGE_LOOP('',(#477,#487,#493,#494));
#477 = ORIENTED_EDGE('',*,*,#478,.T.);
#478 = EDGE_CURVE('',#479,#481,#483,.T.);
#479 = VERTEX_POINT('',#480);
#480 = CARTESIAN_POINT('',(142.1,-115.,0.));
#481 = VERTEX_POINT('',#482);
#482 = CARTESIAN_POINT('',(142.1,-115.,-1.6));
#483 = LINE('',#484,#485);
#484 = CARTESIAN_POINT('',(142.1,-115.,0.));
#485 = VECTOR('',#486,1.);
#486 = DIRECTION('',(0.,0.,-1.));
#487 = ORIENTED_EDGE('',*,*,#488,.T.);
#488 = EDGE_CURVE('',#481,#419,#489,.T.);
#489 = LINE('',#490,#491);
#490 = CARTESIAN_POINT('',(142.1,-115.,-1.6));
#491 = VECTOR('',#492,1.);
#492 = DIRECTION('',(-2.802101466172E-04,0.999999960741,0.));
#493 = ORIENTED_EDGE('',*,*,#416,.F.);
#494 = ORIENTED_EDGE('',*,*,#495,.F.);
#495 = EDGE_CURVE('',#479,#417,#496,.T.);
#496 = LINE('',#497,#498);
#497 = CARTESIAN_POINT('',(142.1,-115.,0.));
#498 = VECTOR('',#499,1.);
#499 = DIRECTION('',(-2.802101466172E-04,0.999999960741,0.));
#500 = PLANE('',#501);
#501 = AXIS2_PLACEMENT_3D('',#502,#503,#504);
#502 = CARTESIAN_POINT('',(142.1,-115.,0.));
#503 = DIRECTION('',(0.999999960741,2.802101466172E-04,0.));
#504 = DIRECTION('',(-2.802101466172E-04,0.999999960741,0.));
#505 = ADVANCED_FACE('',(#506),#531,.F.);
#506 = FACE_BOUND('',#507,.F.);
#507 = EDGE_LOOP('',(#508,#509,#517,#525));
#508 = ORIENTED_EDGE('',*,*,#456,.T.);
#509 = ORIENTED_EDGE('',*,*,#510,.T.);
#510 = EDGE_CURVE('',#449,#511,#513,.T.);
#511 = VERTEX_POINT('',#512);
#512 = CARTESIAN_POINT('',(124.08,-43.625,-1.6));
#513 = LINE('',#514,#515);
#514 = CARTESIAN_POINT('',(114.08,-43.625,-1.6));
#515 = VECTOR('',#516,1.);
#516 = DIRECTION('',(1.,0.,0.));
#517 = ORIENTED_EDGE('',*,*,#518,.F.);
#518 = EDGE_CURVE('',#519,#511,#521,.T.);
#519 = VERTEX_POINT('',#520);
#520 = CARTESIAN_POINT('',(124.08,-43.625,0.));
#521 = LINE('',#522,#523);
#522 = CARTESIAN_POINT('',(124.08,-43.625,0.));
#523 = VECTOR('',#524,1.);
#524 = DIRECTION('',(0.,0.,-1.));
#525 = ORIENTED_EDGE('',*,*,#526,.F.);
#526 = EDGE_CURVE('',#457,#519,#527,.T.);
#527 = LINE('',#528,#529);
#528 = CARTESIAN_POINT('',(114.08,-43.625,0.));
#529 = VECTOR('',#530,1.);
#530 = DIRECTION('',(1.,0.,0.));
#531 = PLANE('',#532);
#532 = AXIS2_PLACEMENT_3D('',#533,#534,#535);
#533 = CARTESIAN_POINT('',(114.08,-43.625,0.));
#534 = DIRECTION('',(0.,-1.,0.));
#535 = DIRECTION('',(1.,0.,0.));
#536 = ADVANCED_FACE('',(#537),#562,.F.);
#537 = FACE_BOUND('',#538,.F.);
#538 = EDGE_LOOP('',(#539,#549,#555,#556));
#539 = ORIENTED_EDGE('',*,*,#540,.T.);
#540 = EDGE_CURVE('',#541,#543,#545,.T.);
#541 = VERTEX_POINT('',#542);
#542 = CARTESIAN_POINT('',(138.1,-115.,0.));
#543 = VERTEX_POINT('',#544);
#544 = CARTESIAN_POINT('',(138.1,-115.,-1.6));
#545 = LINE('',#546,#547);
#546 = CARTESIAN_POINT('',(138.1,-115.,0.));
#547 = VECTOR('',#548,1.);
#548 = DIRECTION('',(0.,0.,-1.));
#549 = ORIENTED_EDGE('',*,*,#550,.T.);
#550 = EDGE_CURVE('',#543,#481,#551,.T.);
#551 = LINE('',#552,#553);
#552 = CARTESIAN_POINT('',(138.1,-115.,-1.6));
#553 = VECTOR('',#554,1.);
#554 = DIRECTION('',(1.,0.,0.));
#555 = ORIENTED_EDGE('',*,*,#478,.F.);
#556 = ORIENTED_EDGE('',*,*,#557,.F.);
#557 = EDGE_CURVE('',#541,#479,#558,.T.);
#558 = LINE('',#559,#560);
#559 = CARTESIAN_POINT('',(138.1,-115.,0.));
#560 = VECTOR('',#561,1.);
#561 = DIRECTION('',(1.,0.,0.));
#562 = PLANE('',#563);
#563 = AXIS2_PLACEMENT_3D('',#564,#565,#566);
#564 = CARTESIAN_POINT('',(138.1,-115.,0.));
#565 = DIRECTION('',(0.,-1.,0.));
#566 = DIRECTION('',(1.,0.,0.));
#567 = ADVANCED_FACE('',(#568),#593,.F.);
#568 = FACE_BOUND('',#569,.F.);
#569 = EDGE_LOOP('',(#570,#571,#579,#587));
#570 = ORIENTED_EDGE('',*,*,#518,.T.);
#571 = ORIENTED_EDGE('',*,*,#572,.T.);
#572 = EDGE_CURVE('',#511,#573,#575,.T.);
#573 = VERTEX_POINT('',#574);
#574 = CARTESIAN_POINT('',(124.08,-115.,-1.6));
#575 = LINE('',#576,#577);
#576 = CARTESIAN_POINT('',(124.08,-43.625,-1.6));
#577 = VECTOR('',#578,1.);
#578 = DIRECTION('',(0.,-1.,0.));
#579 = ORIENTED_EDGE('',*,*,#580,.F.);
#580 = EDGE_CURVE('',#581,#573,#583,.T.);
#581 = VERTEX_POINT('',#582);
#582 = CARTESIAN_POINT('',(124.08,-115.,0.));
#583 = LINE('',#584,#585);
#584 = CARTESIAN_POINT('',(124.08,-115.,0.));
#585 = VECTOR('',#586,1.);
#586 = DIRECTION('',(0.,0.,-1.));
#587 = ORIENTED_EDGE('',*,*,#588,.F.);
#588 = EDGE_CURVE('',#519,#581,#589,.T.);
#589 = LINE('',#590,#591);
#590 = CARTESIAN_POINT('',(124.08,-43.625,0.));
#591 = VECTOR('',#592,1.);
#592 = DIRECTION('',(0.,-1.,0.));
#593 = PLANE('',#594);
#594 = AXIS2_PLACEMENT_3D('',#595,#596,#597);
#595 = CARTESIAN_POINT('',(124.08,-43.625,0.));
#596 = DIRECTION('',(-1.,-0.,-0.));
#597 = DIRECTION('',(0.,-1.,0.));
#598 = ADVANCED_FACE('',(#599),#624,.F.);
#599 = FACE_BOUND('',#600,.F.);
#600 = EDGE_LOOP('',(#601,#611,#617,#618));
#601 = ORIENTED_EDGE('',*,*,#602,.T.);
#602 = EDGE_CURVE('',#603,#605,#607,.T.);
#603 = VERTEX_POINT('',#604);
#604 = CARTESIAN_POINT('',(138.08,-43.625,0.));
#605 = VERTEX_POINT('',#606);
#606 = CARTESIAN_POINT('',(138.08,-43.625,-1.6));
#607 = LINE('',#608,#609);
#608 = CARTESIAN_POINT('',(138.08,-43.625,0.));
#609 = VECTOR('',#610,1.);
#610 = DIRECTION('',(0.,0.,-1.));
#611 = ORIENTED_EDGE('',*,*,#612,.T.);
#612 = EDGE_CURVE('',#605,#543,#613,.T.);
#613 = LINE('',#614,#615);
#614 = CARTESIAN_POINT('',(138.08,-43.625,-1.6));
#615 = VECTOR('',#616,1.);
#616 = DIRECTION('',(2.802101466172E-04,-0.999999960741,0.));
#617 = ORIENTED_EDGE('',*,*,#540,.F.);
#618 = ORIENTED_EDGE('',*,*,#619,.F.);
#619 = EDGE_CURVE('',#603,#541,#620,.T.);
#620 = LINE('',#621,#622);
#621 = CARTESIAN_POINT('',(138.08,-43.625,0.));
#622 = VECTOR('',#623,1.);
#623 = DIRECTION('',(2.802101466172E-04,-0.999999960741,0.));
#624 = PLANE('',#625);
#625 = AXIS2_PLACEMENT_3D('',#626,#627,#628);
#626 = CARTESIAN_POINT('',(138.08,-43.625,0.));
#627 = DIRECTION('',(-0.999999960741,-2.802101466172E-04,-0.));
#628 = DIRECTION('',(2.802101466172E-04,-0.999999960741,0.));
#629 = ADVANCED_FACE('',(#630),#655,.F.);
#630 = FACE_BOUND('',#631,.F.);
#631 = EDGE_LOOP('',(#632,#633,#641,#649));
#632 = ORIENTED_EDGE('',*,*,#580,.T.);
#633 = ORIENTED_EDGE('',*,*,#634,.T.);
#634 = EDGE_CURVE('',#573,#635,#637,.T.);
#635 = VERTEX_POINT('',#636);
#636 = CARTESIAN_POINT('',(128.08,-115.,-1.6));
#637 = LINE('',#638,#639);
#638 = CARTESIAN_POINT('',(124.08,-115.,-1.6));
#639 = VECTOR('',#640,1.);
#640 = DIRECTION('',(1.,0.,0.));
#641 = ORIENTED_EDGE('',*,*,#642,.F.);
#642 = EDGE_CURVE('',#643,#635,#645,.T.);
#643 = VERTEX_POINT('',#644);
#644 = CARTESIAN_POINT('',(128.08,-115.,0.));
#645 = LINE('',#646,#647);
#646 = CARTESIAN_POINT('',(128.08,-115.,0.));
#647 = VECTOR('',#648,1.);
#648 = DIRECTION('',(0.,0.,-1.));
#649 = ORIENTED_EDGE('',*,*,#650,.F.);
#650 = EDGE_CURVE('',#581,#643,#651,.T.);
#651 = LINE('',#652,#653);
#652 = CARTESIAN_POINT('',(124.08,-115.,0.));
#653 = VECTOR('',#654,1.);
#654 = DIRECTION('',(1.,0.,0.));
#655 = PLANE('',#656);
#656 = AXIS2_PLACEMENT_3D('',#657,#658,#659);
#657 = CARTESIAN_POINT('',(124.08,-115.,0.));
#658 = DIRECTION('',(0.,-1.,0.));
#659 = DIRECTION('',(1.,0.,0.));
#660 = ADVANCED_FACE('',(#661),#686,.F.);
#661 = FACE_BOUND('',#662,.F.);
#662 = EDGE_LOOP('',(#663,#673,#679,#680));
#663 = ORIENTED_EDGE('',*,*,#664,.T.);
#664 = EDGE_CURVE('',#665,#667,#669,.T.);
#665 = VERTEX_POINT('',#666);
#666 = CARTESIAN_POINT('',(128.08,-43.625,0.));
#667 = VERTEX_POINT('',#668);
#668 = CARTESIAN_POINT('',(128.08,-43.625,-1.6));
#669 = LINE('',#670,#671);
#670 = CARTESIAN_POINT('',(128.08,-43.625,0.));
#671 = VECTOR('',#672,1.);
#672 = DIRECTION('',(0.,0.,-1.));
#673 = ORIENTED_EDGE('',*,*,#674,.T.);
#674 = EDGE_CURVE('',#667,#605,#675,.T.);
#675 = LINE('',#676,#677);
#676 = CARTESIAN_POINT('',(128.08,-43.625,-1.6));
#677 = VECTOR('',#678,1.);
#678 = DIRECTION('',(1.,0.,0.));
#679 = ORIENTED_EDGE('',*,*,#602,.F.);
#680 = ORIENTED_EDGE('',*,*,#681,.F.);
#681 = EDGE_CURVE('',#665,#603,#682,.T.);
#682 = LINE('',#683,#684);
#683 = CARTESIAN_POINT('',(128.08,-43.625,0.));
#684 = VECTOR('',#685,1.);
#685 = DIRECTION('',(1.,0.,0.));
#686 = PLANE('',#687);
#687 = AXIS2_PLACEMENT_3D('',#688,#689,#690);
#688 = CARTESIAN_POINT('',(128.08,-43.625,0.));
#689 = DIRECTION('',(0.,-1.,0.));
#690 = DIRECTION('',(1.,0.,0.));
#691 = ADVANCED_FACE('',(#692),#708,.F.);
#692 = FACE_BOUND('',#693,.F.);
#693 = EDGE_LOOP('',(#694,#695,#701,#702));
#694 = ORIENTED_EDGE('',*,*,#642,.T.);
#695 = ORIENTED_EDGE('',*,*,#696,.T.);
#696 = EDGE_CURVE('',#635,#667,#697,.T.);
#697 = LINE('',#698,#699);
#698 = CARTESIAN_POINT('',(128.08,-115.,-1.6));
#699 = VECTOR('',#700,1.);
#700 = DIRECTION('',(0.,1.,0.));
#701 = ORIENTED_EDGE('',*,*,#664,.F.);
#702 = ORIENTED_EDGE('',*,*,#703,.F.);
#703 = EDGE_CURVE('',#643,#665,#704,.T.);
#704 = LINE('',#705,#706);
#705 = CARTESIAN_POINT('',(128.08,-115.,0.));
#706 = VECTOR('',#707,1.);
#707 = DIRECTION('',(0.,1.,0.));
#708 = PLANE('',#709);
#709 = AXIS2_PLACEMENT_3D('',#710,#711,#712);
#710 = CARTESIAN_POINT('',(128.08,-115.,0.));
#711 = DIRECTION('',(1.,-0.,0.));
#712 = DIRECTION('',(0.,1.,0.));
#713 = ADVANCED_FACE('',(#714),#741,.F.);
#714 = FACE_BOUND('',#715,.F.);
#715 = EDGE_LOOP('',(#716,#726,#733,#734));
#716 = ORIENTED_EDGE('',*,*,#717,.T.);
#717 = EDGE_CURVE('',#718,#720,#722,.T.);
#718 = VERTEX_POINT('',#719);
#719 = CARTESIAN_POINT('',(158.23195,-149.4,0.));
#720 = VERTEX_POINT('',#721);
#721 = CARTESIAN_POINT('',(158.23195,-149.4,-1.6));
#722 = LINE('',#723,#724);
#723 = CARTESIAN_POINT('',(158.23195,-149.4,0.));
#724 = VECTOR('',#725,1.);
#725 = DIRECTION('',(0.,0.,-1.));
#726 = ORIENTED_EDGE('',*,*,#727,.T.);
#727 = EDGE_CURVE('',#720,#720,#728,.T.);
#728 = CIRCLE('',#729,1.63195);
#729 = AXIS2_PLACEMENT_3D('',#730,#731,#732);
#730 = CARTESIAN_POINT('',(156.6,-149.4,-1.6));
#731 = DIRECTION('',(0.,0.,1.));
#732 = DIRECTION('',(1.,0.,-0.));
#733 = ORIENTED_EDGE('',*,*,#717,.F.);
#734 = ORIENTED_EDGE('',*,*,#735,.F.);
#735 = EDGE_CURVE('',#718,#718,#736,.T.);
#736 = CIRCLE('',#737,1.63195);
#737 = AXIS2_PLACEMENT_3D('',#738,#739,#740);
#738 = CARTESIAN_POINT('',(156.6,-149.4,0.));
#739 = DIRECTION('',(0.,0.,1.));
#740 = DIRECTION('',(1.,0.,-0.));
#741 = CYLINDRICAL_SURFACE('',#742,1.63195);
#742 = AXIS2_PLACEMENT_3D('',#743,#744,#745);
#743 = CARTESIAN_POINT('',(156.6,-149.4,0.));
#744 = DIRECTION('',(0.,0.,1.));
#745 = DIRECTION('',(1.,0.,-0.));
#746 = ADVANCED_FACE('',(#747),#774,.F.);
#747 = FACE_BOUND('',#748,.F.);
#748 = EDGE_LOOP('',(#749,#759,#766,#767));
#749 = ORIENTED_EDGE('',*,*,#750,.T.);
#750 = EDGE_CURVE('',#751,#753,#755,.T.);
#751 = VERTEX_POINT('',#752);
#752 = CARTESIAN_POINT('',(145.92,-148.6,0.));
#753 = VERTEX_POINT('',#754);
#754 = CARTESIAN_POINT('',(145.92,-148.6,-1.6));
#755 = LINE('',#756,#757);
#756 = CARTESIAN_POINT('',(145.92,-148.6,0.));
#757 = VECTOR('',#758,1.);
#758 = DIRECTION('',(0.,0.,-1.));
#759 = ORIENTED_EDGE('',*,*,#760,.T.);
#760 = EDGE_CURVE('',#753,#753,#761,.T.);
#761 = CIRCLE('',#762,1.32);
#762 = AXIS2_PLACEMENT_3D('',#763,#764,#765);
#763 = CARTESIAN_POINT('',(144.6,-148.6,-1.6));
#764 = DIRECTION('',(0.,0.,1.));
#765 = DIRECTION('',(1.,0.,-0.));
#766 = ORIENTED_EDGE('',*,*,#750,.F.);
#767 = ORIENTED_EDGE('',*,*,#768,.F.);
#768 = EDGE_CURVE('',#751,#751,#769,.T.);
#769 = CIRCLE('',#770,1.32);
#770 = AXIS2_PLACEMENT_3D('',#771,#772,#773);
#771 = CARTESIAN_POINT('',(144.6,-148.6,0.));
#772 = DIRECTION('',(0.,0.,1.));
#773 = DIRECTION('',(1.,0.,-0.));
#774 = CYLINDRICAL_SURFACE('',#775,1.32);
#775 = AXIS2_PLACEMENT_3D('',#776,#777,#778);
#776 = CARTESIAN_POINT('',(144.6,-148.6,0.));
#777 = DIRECTION('',(0.,0.,1.));
#778 = DIRECTION('',(1.,0.,-0.));
#779 = ADVANCED_FACE('',(#780),#807,.F.);
#780 = FACE_BOUND('',#781,.F.);
#781 = EDGE_LOOP('',(#782,#792,#799,#800));
#782 = ORIENTED_EDGE('',*,*,#783,.T.);
#783 = EDGE_CURVE('',#784,#786,#788,.T.);
#784 = VERTEX_POINT('',#785);
#785 = CARTESIAN_POINT('',(147.625,-138.34,0.));
#786 = VERTEX_POINT('',#787);
#787 = CARTESIAN_POINT('',(147.625,-138.34,-1.6));
#788 = LINE('',#789,#790);
#789 = CARTESIAN_POINT('',(147.625,-138.34,0.));
#790 = VECTOR('',#791,1.);
#791 = DIRECTION('',(0.,0.,-1.));
#792 = ORIENTED_EDGE('',*,*,#793,.T.);
#793 = EDGE_CURVE('',#786,#786,#794,.T.);
#794 = CIRCLE('',#795,0.355);
#795 = AXIS2_PLACEMENT_3D('',#796,#797,#798);
#796 = CARTESIAN_POINT('',(147.27,-138.34,-1.6));
#797 = DIRECTION('',(0.,0.,1.));
#798 = DIRECTION('',(1.,0.,-0.));
#799 = ORIENTED_EDGE('',*,*,#783,.F.);
#800 = ORIENTED_EDGE('',*,*,#801,.F.);
#801 = EDGE_CURVE('',#784,#784,#802,.T.);
#802 = CIRCLE('',#803,0.355);
#803 = AXIS2_PLACEMENT_3D('',#804,#805,#806);
#804 = CARTESIAN_POINT('',(147.27,-138.34,0.));
#805 = DIRECTION('',(0.,0.,1.));
#806 = DIRECTION('',(1.,0.,-0.));
#807 = CYLINDRICAL_SURFACE('',#808,0.355);
#808 = AXIS2_PLACEMENT_3D('',#809,#810,#811);
#809 = CARTESIAN_POINT('',(147.27,-138.34,0.));
#810 = DIRECTION('',(0.,0.,1.));
#811 = DIRECTION('',(1.,0.,-0.));
#812 = ADVANCED_FACE('',(#813),#840,.F.);
#813 = FACE_BOUND('',#814,.F.);
#814 = EDGE_LOOP('',(#815,#825,#832,#833));
#815 = ORIENTED_EDGE('',*,*,#816,.T.);
#816 = EDGE_CURVE('',#817,#819,#821,.T.);
#817 = VERTEX_POINT('',#818);
#818 = CARTESIAN_POINT('',(145.085,-138.34,0.));
#819 = VERTEX_POINT('',#820);
#820 = CARTESIAN_POINT('',(145.085,-138.34,-1.6));
#821 = LINE('',#822,#823);
#822 = CARTESIAN_POINT('',(145.085,-138.34,0.));
#823 = VECTOR('',#824,1.);
#824 = DIRECTION('',(0.,0.,-1.));
#825 = ORIENTED_EDGE('',*,*,#826,.T.);
#826 = EDGE_CURVE('',#819,#819,#827,.T.);
#827 = CIRCLE('',#828,0.355);
#828 = AXIS2_PLACEMENT_3D('',#829,#830,#831);
#829 = CARTESIAN_POINT('',(144.73,-138.34,-1.6));
#830 = DIRECTION('',(0.,0.,1.));
#831 = DIRECTION('',(1.,0.,-0.));
#832 = ORIENTED_EDGE('',*,*,#816,.F.);
#833 = ORIENTED_EDGE('',*,*,#834,.F.);
#834 = EDGE_CURVE('',#817,#817,#835,.T.);
#835 = CIRCLE('',#836,0.355);
#836 = AXIS2_PLACEMENT_3D('',#837,#838,#839);
#837 = CARTESIAN_POINT('',(144.73,-138.34,0.));
#838 = DIRECTION('',(0.,0.,1.));
#839 = DIRECTION('',(1.,0.,-0.));
#840 = CYLINDRICAL_SURFACE('',#841,0.355);
#841 = AXIS2_PLACEMENT_3D('',#842,#843,#844);
#842 = CARTESIAN_POINT('',(144.73,-138.34,0.));
#843 = DIRECTION('',(0.,0.,1.));
#844 = DIRECTION('',(1.,0.,-0.));
#845 = ADVANCED_FACE('',(#846),#873,.F.);
#846 = FACE_BOUND('',#847,.F.);
#847 = EDGE_LOOP('',(#848,#858,#865,#866));
#848 = ORIENTED_EDGE('',*,*,#849,.T.);
#849 = EDGE_CURVE('',#850,#852,#854,.T.);
#850 = VERTEX_POINT('',#851);
#851 = CARTESIAN_POINT('',(152.4,-135.8,0.));
#852 = VERTEX_POINT('',#853);
#853 = CARTESIAN_POINT('',(152.4,-135.8,-1.6));
#854 = LINE('',#855,#856);
#855 = CARTESIAN_POINT('',(152.4,-135.8,0.));
#856 = VECTOR('',#857,1.);
#857 = DIRECTION('',(0.,0.,-1.));
#858 = ORIENTED_EDGE('',*,*,#859,.T.);
#859 = EDGE_CURVE('',#852,#852,#860,.T.);
#860 = CIRCLE('',#861,1.32);
#861 = AXIS2_PLACEMENT_3D('',#862,#863,#864);
#862 = CARTESIAN_POINT('',(151.08,-135.8,-1.6));
#863 = DIRECTION('',(0.,0.,1.));
#864 = DIRECTION('',(1.,0.,-0.));
#865 = ORIENTED_EDGE('',*,*,#849,.F.);
#866 = ORIENTED_EDGE('',*,*,#867,.F.);
#867 = EDGE_CURVE('',#850,#850,#868,.T.);
#868 = CIRCLE('',#869,1.32);
#869 = AXIS2_PLACEMENT_3D('',#870,#871,#872);
#870 = CARTESIAN_POINT('',(151.08,-135.8,0.));
#871 = DIRECTION('',(0.,0.,1.));
#872 = DIRECTION('',(1.,0.,-0.));
#873 = CYLINDRICAL_SURFACE('',#874,1.32);
#874 = AXIS2_PLACEMENT_3D('',#875,#876,#877);
#875 = CARTESIAN_POINT('',(151.08,-135.8,0.));
#876 = DIRECTION('',(0.,0.,1.));
#877 = DIRECTION('',(1.,0.,-0.));
#878 = ADVANCED_FACE('',(#879),#906,.F.);
#879 = FACE_BOUND('',#880,.F.);
#880 = EDGE_LOOP('',(#881,#891,#898,#899));
#881 = ORIENTED_EDGE('',*,*,#882,.T.);
#882 = EDGE_CURVE('',#883,#885,#887,.T.);
#883 = VERTEX_POINT('',#884);
#884 = CARTESIAN_POINT('',(146.355,-135.8,0.));
#885 = VERTEX_POINT('',#886);
#886 = CARTESIAN_POINT('',(146.355,-135.8,-1.6));
#887 = LINE('',#888,#889);
#888 = CARTESIAN_POINT('',(146.355,-135.8,0.));
#889 = VECTOR('',#890,1.);
#890 = DIRECTION('',(0.,0.,-1.));
#891 = ORIENTED_EDGE('',*,*,#892,.T.);
#892 = EDGE_CURVE('',#885,#885,#893,.T.);
#893 = CIRCLE('',#894,0.355);
#894 = AXIS2_PLACEMENT_3D('',#895,#896,#897);
#895 = CARTESIAN_POINT('',(146.,-135.8,-1.6));
#896 = DIRECTION('',(0.,0.,1.));
#897 = DIRECTION('',(1.,0.,-0.));
#898 = ORIENTED_EDGE('',*,*,#882,.F.);
#899 = ORIENTED_EDGE('',*,*,#900,.F.);
#900 = EDGE_CURVE('',#883,#883,#901,.T.);
#901 = CIRCLE('',#902,0.355);
#902 = AXIS2_PLACEMENT_3D('',#903,#904,#905);
#903 = CARTESIAN_POINT('',(146.,-135.8,0.));
#904 = DIRECTION('',(0.,0.,1.));
#905 = DIRECTION('',(1.,0.,-0.));
#906 = CYLINDRICAL_SURFACE('',#907,0.355);
#907 = AXIS2_PLACEMENT_3D('',#908,#909,#910);
#908 = CARTESIAN_POINT('',(146.,-135.8,0.));
#909 = DIRECTION('',(0.,0.,1.));
#910 = DIRECTION('',(1.,0.,-0.));
#911 = ADVANCED_FACE('',(#912),#939,.F.);
#912 = FACE_BOUND('',#913,.F.);
#913 = EDGE_LOOP('',(#914,#924,#931,#932));
#914 = ORIENTED_EDGE('',*,*,#915,.T.);
#915 = EDGE_CURVE('',#916,#918,#920,.T.);
#916 = VERTEX_POINT('',#917);
#917 = CARTESIAN_POINT('',(143.815,-135.8,0.));
#918 = VERTEX_POINT('',#919);
#919 = CARTESIAN_POINT('',(143.815,-135.8,-1.6));
#920 = LINE('',#921,#922);
#921 = CARTESIAN_POINT('',(143.815,-135.8,0.));
#922 = VECTOR('',#923,1.);
#923 = DIRECTION('',(0.,0.,-1.));
#924 = ORIENTED_EDGE('',*,*,#925,.T.);
#925 = EDGE_CURVE('',#918,#918,#926,.T.);
#926 = CIRCLE('',#927,0.355);
#927 = AXIS2_PLACEMENT_3D('',#928,#929,#930);
#928 = CARTESIAN_POINT('',(143.46,-135.8,-1.6));
#929 = DIRECTION('',(0.,0.,1.));
#930 = DIRECTION('',(1.,0.,-0.));
#931 = ORIENTED_EDGE('',*,*,#915,.F.);
#932 = ORIENTED_EDGE('',*,*,#933,.F.);
#933 = EDGE_CURVE('',#916,#916,#934,.T.);
#934 = CIRCLE('',#935,0.355);
#935 = AXIS2_PLACEMENT_3D('',#936,#937,#938);
#936 = CARTESIAN_POINT('',(143.46,-135.8,0.));
#937 = DIRECTION('',(0.,0.,1.));
#938 = DIRECTION('',(1.,0.,-0.));
#939 = CYLINDRICAL_SURFACE('',#940,0.355);
#940 = AXIS2_PLACEMENT_3D('',#941,#942,#943);
#941 = CARTESIAN_POINT('',(143.46,-135.8,0.));
#942 = DIRECTION('',(0.,0.,1.));
#943 = DIRECTION('',(1.,0.,-0.));
#944 = ADVANCED_FACE('',(#945),#972,.F.);
#945 = FACE_BOUND('',#946,.F.);
#946 = EDGE_LOOP('',(#947,#957,#964,#965));
#947 = ORIENTED_EDGE('',*,*,#948,.T.);
#948 = EDGE_CURVE('',#949,#951,#953,.T.);
#949 = VERTEX_POINT('',#950);
#950 = CARTESIAN_POINT('',(145.085,-133.26,0.));
#951 = VERTEX_POINT('',#952);
#952 = CARTESIAN_POINT('',(145.085,-133.26,-1.6));
#953 = LINE('',#954,#955);
#954 = CARTESIAN_POINT('',(145.085,-133.26,0.));
#955 = VECTOR('',#956,1.);
#956 = DIRECTION('',(0.,0.,-1.));
#957 = ORIENTED_EDGE('',*,*,#958,.T.);
#958 = EDGE_CURVE('',#951,#951,#959,.T.);
#959 = CIRCLE('',#960,0.355);
#960 = AXIS2_PLACEMENT_3D('',#961,#962,#963);
#961 = CARTESIAN_POINT('',(144.73,-133.26,-1.6));
#962 = DIRECTION('',(0.,0.,1.));
#963 = DIRECTION('',(1.,0.,-0.));
#964 = ORIENTED_EDGE('',*,*,#948,.F.);
#965 = ORIENTED_EDGE('',*,*,#966,.F.);
#966 = EDGE_CURVE('',#949,#949,#967,.T.);
#967 = CIRCLE('',#968,0.355);
#968 = AXIS2_PLACEMENT_3D('',#969,#970,#971);
#969 = CARTESIAN_POINT('',(144.73,-133.26,0.));
#970 = DIRECTION('',(0.,0.,1.));
#971 = DIRECTION('',(1.,0.,-0.));
#972 = CYLINDRICAL_SURFACE('',#973,0.355);
#973 = AXIS2_PLACEMENT_3D('',#974,#975,#976);
#974 = CARTESIAN_POINT('',(144.73,-133.26,0.));
#975 = DIRECTION('',(0.,0.,1.));
#976 = DIRECTION('',(1.,0.,-0.));
#977 = ADVANCED_FACE('',(#978),#1005,.F.);
#978 = FACE_BOUND('',#979,.F.);
#979 = EDGE_LOOP('',(#980,#990,#997,#998));
#980 = ORIENTED_EDGE('',*,*,#981,.T.);
#981 = EDGE_CURVE('',#982,#984,#986,.T.);
#982 = VERTEX_POINT('',#983);
#983 = CARTESIAN_POINT('',(139.901,-149.87,0.));
#984 = VERTEX_POINT('',#985);
#985 = CARTESIAN_POINT('',(139.901,-149.87,-1.6));
#986 = LINE('',#987,#988);
#987 = CARTESIAN_POINT('',(139.901,-149.87,0.));
#988 = VECTOR('',#989,1.);
#989 = DIRECTION('',(0.,0.,-1.));
#990 = ORIENTED_EDGE('',*,*,#991,.T.);
#991 = EDGE_CURVE('',#984,#984,#992,.T.);
#992 = CIRCLE('',#993,0.381);
#993 = AXIS2_PLACEMENT_3D('',#994,#995,#996);
#994 = CARTESIAN_POINT('',(139.52,-149.87,-1.6));
#995 = DIRECTION('',(0.,0.,1.));
#996 = DIRECTION('',(1.,0.,-0.));
#997 = ORIENTED_EDGE('',*,*,#981,.F.);
#998 = ORIENTED_EDGE('',*,*,#999,.F.);
#999 = EDGE_CURVE('',#982,#982,#1000,.T.);
#1000 = CIRCLE('',#1001,0.381);
#1001 = AXIS2_PLACEMENT_3D('',#1002,#1003,#1004);
#1002 = CARTESIAN_POINT('',(139.52,-149.87,0.));
#1003 = DIRECTION('',(0.,0.,1.));
#1004 = DIRECTION('',(1.,0.,-0.));
#1005 = CYLINDRICAL_SURFACE('',#1006,0.381);
#1006 = AXIS2_PLACEMENT_3D('',#1007,#1008,#1009);
#1007 = CARTESIAN_POINT('',(139.52,-149.87,0.));
#1008 = DIRECTION('',(0.,0.,1.));
#1009 = DIRECTION('',(1.,0.,-0.));
#1010 = ADVANCED_FACE('',(#1011),#1038,.F.);
#1011 = FACE_BOUND('',#1012,.F.);
#1012 = EDGE_LOOP('',(#1013,#1023,#1030,#1031));
#1013 = ORIENTED_EDGE('',*,*,#1014,.T.);
#1014 = EDGE_CURVE('',#1015,#1017,#1019,.T.);
#1015 = VERTEX_POINT('',#1016);
#1016 = CARTESIAN_POINT('',(141.171,-147.33,0.));
#1017 = VERTEX_POINT('',#1018);
#1018 = CARTESIAN_POINT('',(141.171,-147.33,-1.6));
#1019 = LINE('',#1020,#1021);
#1020 = CARTESIAN_POINT('',(141.171,-147.33,0.));
#1021 = VECTOR('',#1022,1.);
#1022 = DIRECTION('',(0.,0.,-1.));
#1023 = ORIENTED_EDGE('',*,*,#1024,.T.);
#1024 = EDGE_CURVE('',#1017,#1017,#1025,.T.);
#1025 = CIRCLE('',#1026,0.381);
#1026 = AXIS2_PLACEMENT_3D('',#1027,#1028,#1029);
#1027 = CARTESIAN_POINT('',(140.79,-147.33,-1.6));
#1028 = DIRECTION('',(0.,0.,1.));
#1029 = DIRECTION('',(1.,0.,-0.));
#1030 = ORIENTED_EDGE('',*,*,#1014,.F.);
#1031 = ORIENTED_EDGE('',*,*,#1032,.F.);
#1032 = EDGE_CURVE('',#1015,#1015,#1033,.T.);
#1033 = CIRCLE('',#1034,0.381);
#1034 = AXIS2_PLACEMENT_3D('',#1035,#1036,#1037);
#1035 = CARTESIAN_POINT('',(140.79,-147.33,0.));
#1036 = DIRECTION('',(0.,0.,1.));
#1037 = DIRECTION('',(1.,0.,-0.));
#1038 = CYLINDRICAL_SURFACE('',#1039,0.381);
#1039 = AXIS2_PLACEMENT_3D('',#1040,#1041,#1042);
#1040 = CARTESIAN_POINT('',(140.79,-147.33,0.));
#1041 = DIRECTION('',(0.,0.,1.));
#1042 = DIRECTION('',(1.,0.,-0.));
#1043 = ADVANCED_FACE('',(#1044),#1071,.F.);
#1044 = FACE_BOUND('',#1045,.F.);
#1045 = EDGE_LOOP('',(#1046,#1056,#1063,#1064));
#1046 = ORIENTED_EDGE('',*,*,#1047,.T.);
#1047 = EDGE_CURVE('',#1048,#1050,#1052,.T.);
#1048 = VERTEX_POINT('',#1049);
#1049 = CARTESIAN_POINT('',(137.361,-149.87,0.));
#1050 = VERTEX_POINT('',#1051);
#1051 = CARTESIAN_POINT('',(137.361,-149.87,-1.6));
#1052 = LINE('',#1053,#1054);
#1053 = CARTESIAN_POINT('',(137.361,-149.87,0.));
#1054 = VECTOR('',#1055,1.);
#1055 = DIRECTION('',(0.,0.,-1.));
#1056 = ORIENTED_EDGE('',*,*,#1057,.T.);
#1057 = EDGE_CURVE('',#1050,#1050,#1058,.T.);
#1058 = CIRCLE('',#1059,0.381);
#1059 = AXIS2_PLACEMENT_3D('',#1060,#1061,#1062);
#1060 = CARTESIAN_POINT('',(136.98,-149.87,-1.6));
#1061 = DIRECTION('',(0.,0.,1.));
#1062 = DIRECTION('',(1.,0.,-0.));
#1063 = ORIENTED_EDGE('',*,*,#1047,.F.);
#1064 = ORIENTED_EDGE('',*,*,#1065,.F.);
#1065 = EDGE_CURVE('',#1048,#1048,#1066,.T.);
#1066 = CIRCLE('',#1067,0.381);
#1067 = AXIS2_PLACEMENT_3D('',#1068,#1069,#1070);
#1068 = CARTESIAN_POINT('',(136.98,-149.87,0.));
#1069 = DIRECTION('',(0.,0.,1.));
#1070 = DIRECTION('',(1.,0.,-0.));
#1071 = CYLINDRICAL_SURFACE('',#1072,0.381);
#1072 = AXIS2_PLACEMENT_3D('',#1073,#1074,#1075);
#1073 = CARTESIAN_POINT('',(136.98,-149.87,0.));
#1074 = DIRECTION('',(0.,0.,1.));
#1075 = DIRECTION('',(1.,0.,-0.));
#1076 = ADVANCED_FACE('',(#1077),#1104,.F.);
#1077 = FACE_BOUND('',#1078,.F.);
#1078 = EDGE_LOOP('',(#1079,#1089,#1096,#1097));
#1079 = ORIENTED_EDGE('',*,*,#1080,.T.);
#1080 = EDGE_CURVE('',#1081,#1083,#1085,.T.);
#1081 = VERTEX_POINT('',#1082);
#1082 = CARTESIAN_POINT('',(134.821,-149.87,0.));
#1083 = VERTEX_POINT('',#1084);
#1084 = CARTESIAN_POINT('',(134.821,-149.87,-1.6));
#1085 = LINE('',#1086,#1087);
#1086 = CARTESIAN_POINT('',(134.821,-149.87,0.));
#1087 = VECTOR('',#1088,1.);
#1088 = DIRECTION('',(0.,0.,-1.));
#1089 = ORIENTED_EDGE('',*,*,#1090,.T.);
#1090 = EDGE_CURVE('',#1083,#1083,#1091,.T.);
#1091 = CIRCLE('',#1092,0.381);
#1092 = AXIS2_PLACEMENT_3D('',#1093,#1094,#1095);
#1093 = CARTESIAN_POINT('',(134.44,-149.87,-1.6));
#1094 = DIRECTION('',(0.,0.,1.));
#1095 = DIRECTION('',(1.,0.,-0.));
#1096 = ORIENTED_EDGE('',*,*,#1080,.F.);
#1097 = ORIENTED_EDGE('',*,*,#1098,.F.);
#1098 = EDGE_CURVE('',#1081,#1081,#1099,.T.);
#1099 = CIRCLE('',#1100,0.381);
#1100 = AXIS2_PLACEMENT_3D('',#1101,#1102,#1103);
#1101 = CARTESIAN_POINT('',(134.44,-149.87,0.));
#1102 = DIRECTION('',(0.,0.,1.));
#1103 = DIRECTION('',(1.,0.,-0.));
#1104 = CYLINDRICAL_SURFACE('',#1105,0.381);
#1105 = AXIS2_PLACEMENT_3D('',#1106,#1107,#1108);
#1106 = CARTESIAN_POINT('',(134.44,-149.87,0.));
#1107 = DIRECTION('',(0.,0.,1.));
#1108 = DIRECTION('',(1.,0.,-0.));
#1109 = ADVANCED_FACE('',(#1110),#1137,.F.);
#1110 = FACE_BOUND('',#1111,.F.);
#1111 = EDGE_LOOP('',(#1112,#1122,#1129,#1130));
#1112 = ORIENTED_EDGE('',*,*,#1113,.T.);
#1113 = EDGE_CURVE('',#1114,#1116,#1118,.T.);
#1114 = VERTEX_POINT('',#1115);
#1115 = CARTESIAN_POINT('',(138.631,-147.33,0.));
#1116 = VERTEX_POINT('',#1117);
#1117 = CARTESIAN_POINT('',(138.631,-147.33,-1.6));
#1118 = LINE('',#1119,#1120);
#1119 = CARTESIAN_POINT('',(138.631,-147.33,0.));
#1120 = VECTOR('',#1121,1.);
#1121 = DIRECTION('',(0.,0.,-1.));
#1122 = ORIENTED_EDGE('',*,*,#1123,.T.);
#1123 = EDGE_CURVE('',#1116,#1116,#1124,.T.);
#1124 = CIRCLE('',#1125,0.381);
#1125 = AXIS2_PLACEMENT_3D('',#1126,#1127,#1128);
#1126 = CARTESIAN_POINT('',(138.25,-147.33,-1.6));
#1127 = DIRECTION('',(0.,0.,1.));
#1128 = DIRECTION('',(1.,0.,-0.));
#1129 = ORIENTED_EDGE('',*,*,#1113,.F.);
#1130 = ORIENTED_EDGE('',*,*,#1131,.F.);
#1131 = EDGE_CURVE('',#1114,#1114,#1132,.T.);
#1132 = CIRCLE('',#1133,0.381);
#1133 = AXIS2_PLACEMENT_3D('',#1134,#1135,#1136);
#1134 = CARTESIAN_POINT('',(138.25,-147.33,0.));
#1135 = DIRECTION('',(0.,0.,1.));
#1136 = DIRECTION('',(1.,0.,-0.));
#1137 = CYLINDRICAL_SURFACE('',#1138,0.381);
#1138 = AXIS2_PLACEMENT_3D('',#1139,#1140,#1141);
#1139 = CARTESIAN_POINT('',(138.25,-147.33,0.));
#1140 = DIRECTION('',(0.,0.,1.));
#1141 = DIRECTION('',(1.,0.,-0.));
#1142 = ADVANCED_FACE('',(#1143),#1170,.F.);
#1143 = FACE_BOUND('',#1144,.F.);
#1144 = EDGE_LOOP('',(#1145,#1155,#1162,#1163));
#1145 = ORIENTED_EDGE('',*,*,#1146,.T.);
#1146 = EDGE_CURVE('',#1147,#1149,#1151,.T.);
#1147 = VERTEX_POINT('',#1148);
#1148 = CARTESIAN_POINT('',(136.091,-147.33,0.));
#1149 = VERTEX_POINT('',#1150);
#1150 = CARTESIAN_POINT('',(136.091,-147.33,-1.6));
#1151 = LINE('',#1152,#1153);
#1152 = CARTESIAN_POINT('',(136.091,-147.33,0.));
#1153 = VECTOR('',#1154,1.);
#1154 = DIRECTION('',(0.,0.,-1.));
#1155 = ORIENTED_EDGE('',*,*,#1156,.T.);
#1156 = EDGE_CURVE('',#1149,#1149,#1157,.T.);
#1157 = CIRCLE('',#1158,0.381);
#1158 = AXIS2_PLACEMENT_3D('',#1159,#1160,#1161);
#1159 = CARTESIAN_POINT('',(135.71,-147.33,-1.6));
#1160 = DIRECTION('',(0.,0.,1.));
#1161 = DIRECTION('',(1.,0.,-0.));
#1162 = ORIENTED_EDGE('',*,*,#1146,.F.);
#1163 = ORIENTED_EDGE('',*,*,#1164,.F.);
#1164 = EDGE_CURVE('',#1147,#1147,#1165,.T.);
#1165 = CIRCLE('',#1166,0.381);
#1166 = AXIS2_PLACEMENT_3D('',#1167,#1168,#1169);
#1167 = CARTESIAN_POINT('',(135.71,-147.33,0.));
#1168 = DIRECTION('',(0.,0.,1.));
#1169 = DIRECTION('',(1.,0.,-0.));
#1170 = CYLINDRICAL_SURFACE('',#1171,0.381);
#1171 = AXIS2_PLACEMENT_3D('',#1172,#1173,#1174);
#1172 = CARTESIAN_POINT('',(135.71,-147.33,0.));
#1173 = DIRECTION('',(0.,0.,1.));
#1174 = DIRECTION('',(1.,0.,-0.));
#1175 = ADVANCED_FACE('',(#1176),#1203,.F.);
#1176 = FACE_BOUND('',#1177,.F.);
#1177 = EDGE_LOOP('',(#1178,#1188,#1195,#1196));
#1178 = ORIENTED_EDGE('',*,*,#1179,.T.);
#1179 = EDGE_CURVE('',#1180,#1182,#1184,.T.);
#1180 = VERTEX_POINT('',#1181);
#1181 = CARTESIAN_POINT('',(142.545,-138.34,0.));
#1182 = VERTEX_POINT('',#1183);
#1183 = CARTESIAN_POINT('',(142.545,-138.34,-1.6));
#1184 = LINE('',#1185,#1186);
#1185 = CARTESIAN_POINT('',(142.545,-138.34,0.));
#1186 = VECTOR('',#1187,1.);
#1187 = DIRECTION('',(0.,0.,-1.));
#1188 = ORIENTED_EDGE('',*,*,#1189,.T.);
#1189 = EDGE_CURVE('',#1182,#1182,#1190,.T.);
#1190 = CIRCLE('',#1191,0.355);
#1191 = AXIS2_PLACEMENT_3D('',#1192,#1193,#1194);
#1192 = CARTESIAN_POINT('',(142.19,-138.34,-1.6));
#1193 = DIRECTION('',(0.,0.,1.));
#1194 = DIRECTION('',(1.,0.,-0.));
#1195 = ORIENTED_EDGE('',*,*,#1179,.F.);
#1196 = ORIENTED_EDGE('',*,*,#1197,.F.);
#1197 = EDGE_CURVE('',#1180,#1180,#1198,.T.);
#1198 = CIRCLE('',#1199,0.355);
#1199 = AXIS2_PLACEMENT_3D('',#1200,#1201,#1202);
#1200 = CARTESIAN_POINT('',(142.19,-138.34,0.));
#1201 = DIRECTION('',(0.,0.,1.));
#1202 = DIRECTION('',(1.,0.,-0.));
#1203 = CYLINDRICAL_SURFACE('',#1204,0.355);
#1204 = AXIS2_PLACEMENT_3D('',#1205,#1206,#1207);
#1205 = CARTESIAN_POINT('',(142.19,-138.34,0.));
#1206 = DIRECTION('',(0.,0.,1.));
#1207 = DIRECTION('',(1.,0.,-0.));
#1208 = ADVANCED_FACE('',(#1209),#1236,.F.);
#1209 = FACE_BOUND('',#1210,.F.);
#1210 = EDGE_LOOP('',(#1211,#1221,#1228,#1229));
#1211 = ORIENTED_EDGE('',*,*,#1212,.T.);
#1212 = EDGE_CURVE('',#1213,#1215,#1217,.T.);
#1213 = VERTEX_POINT('',#1214);
#1214 = CARTESIAN_POINT('',(140.005,-138.34,0.));
#1215 = VERTEX_POINT('',#1216);
#1216 = CARTESIAN_POINT('',(140.005,-138.34,-1.6));
#1217 = LINE('',#1218,#1219);
#1218 = CARTESIAN_POINT('',(140.005,-138.34,0.));
#1219 = VECTOR('',#1220,1.);
#1220 = DIRECTION('',(0.,0.,-1.));
#1221 = ORIENTED_EDGE('',*,*,#1222,.T.);
#1222 = EDGE_CURVE('',#1215,#1215,#1223,.T.);
#1223 = CIRCLE('',#1224,0.355);
#1224 = AXIS2_PLACEMENT_3D('',#1225,#1226,#1227);
#1225 = CARTESIAN_POINT('',(139.65,-138.34,-1.6));
#1226 = DIRECTION('',(0.,0.,1.));
#1227 = DIRECTION('',(1.,0.,-0.));
#1228 = ORIENTED_EDGE('',*,*,#1212,.F.);
#1229 = ORIENTED_EDGE('',*,*,#1230,.F.);
#1230 = EDGE_CURVE('',#1213,#1213,#1231,.T.);
#1231 = CIRCLE('',#1232,0.355);
#1232 = AXIS2_PLACEMENT_3D('',#1233,#1234,#1235);
#1233 = CARTESIAN_POINT('',(139.65,-138.34,0.));
#1234 = DIRECTION('',(0.,0.,1.));
#1235 = DIRECTION('',(1.,0.,-0.));
#1236 = CYLINDRICAL_SURFACE('',#1237,0.355);
#1237 = AXIS2_PLACEMENT_3D('',#1238,#1239,#1240);
#1238 = CARTESIAN_POINT('',(139.65,-138.34,0.));
#1239 = DIRECTION('',(0.,0.,1.));
#1240 = DIRECTION('',(1.,0.,-0.));
#1241 = ADVANCED_FACE('',(#1242),#1269,.F.);
#1242 = FACE_BOUND('',#1243,.F.);
#1243 = EDGE_LOOP('',(#1244,#1254,#1261,#1262));
#1244 = ORIENTED_EDGE('',*,*,#1245,.T.);
#1245 = EDGE_CURVE('',#1246,#1248,#1250,.T.);
#1246 = VERTEX_POINT('',#1247);
#1247 = CARTESIAN_POINT('',(137.465,-138.34,0.));
#1248 = VERTEX_POINT('',#1249);
#1249 = CARTESIAN_POINT('',(137.465,-138.34,-1.6));
#1250 = LINE('',#1251,#1252);
#1251 = CARTESIAN_POINT('',(137.465,-138.34,0.));
#1252 = VECTOR('',#1253,1.);
#1253 = DIRECTION('',(0.,0.,-1.));
#1254 = ORIENTED_EDGE('',*,*,#1255,.T.);
#1255 = EDGE_CURVE('',#1248,#1248,#1256,.T.);
#1256 = CIRCLE('',#1257,0.355);
#1257 = AXIS2_PLACEMENT_3D('',#1258,#1259,#1260);
#1258 = CARTESIAN_POINT('',(137.11,-138.34,-1.6));
#1259 = DIRECTION('',(0.,0.,1.));
#1260 = DIRECTION('',(1.,0.,-0.));
#1261 = ORIENTED_EDGE('',*,*,#1245,.F.);
#1262 = ORIENTED_EDGE('',*,*,#1263,.F.);
#1263 = EDGE_CURVE('',#1246,#1246,#1264,.T.);
#1264 = CIRCLE('',#1265,0.355);
#1265 = AXIS2_PLACEMENT_3D('',#1266,#1267,#1268);
#1266 = CARTESIAN_POINT('',(137.11,-138.34,0.));
#1267 = DIRECTION('',(0.,0.,1.));
#1268 = DIRECTION('',(1.,0.,-0.));
#1269 = CYLINDRICAL_SURFACE('',#1270,0.355);
#1270 = AXIS2_PLACEMENT_3D('',#1271,#1272,#1273);
#1271 = CARTESIAN_POINT('',(137.11,-138.34,0.));
#1272 = DIRECTION('',(0.,0.,1.));
#1273 = DIRECTION('',(1.,0.,-0.));
#1274 = ADVANCED_FACE('',(#1275),#1302,.F.);
#1275 = FACE_BOUND('',#1276,.F.);
#1276 = EDGE_LOOP('',(#1277,#1287,#1294,#1295));
#1277 = ORIENTED_EDGE('',*,*,#1278,.T.);
#1278 = EDGE_CURVE('',#1279,#1281,#1283,.T.);
#1279 = VERTEX_POINT('',#1280);
#1280 = CARTESIAN_POINT('',(134.925,-138.34,0.));
#1281 = VERTEX_POINT('',#1282);
#1282 = CARTESIAN_POINT('',(134.925,-138.34,-1.6));
#1283 = LINE('',#1284,#1285);
#1284 = CARTESIAN_POINT('',(134.925,-138.34,0.));
#1285 = VECTOR('',#1286,1.);
#1286 = DIRECTION('',(0.,0.,-1.));
#1287 = ORIENTED_EDGE('',*,*,#1288,.T.);
#1288 = EDGE_CURVE('',#1281,#1281,#1289,.T.);
#1289 = CIRCLE('',#1290,0.355);
#1290 = AXIS2_PLACEMENT_3D('',#1291,#1292,#1293);
#1291 = CARTESIAN_POINT('',(134.57,-138.34,-1.6));
#1292 = DIRECTION('',(0.,0.,1.));
#1293 = DIRECTION('',(1.,0.,-0.));
#1294 = ORIENTED_EDGE('',*,*,#1278,.F.);
#1295 = ORIENTED_EDGE('',*,*,#1296,.F.);
#1296 = EDGE_CURVE('',#1279,#1279,#1297,.T.);
#1297 = CIRCLE('',#1298,0.355);
#1298 = AXIS2_PLACEMENT_3D('',#1299,#1300,#1301);
#1299 = CARTESIAN_POINT('',(134.57,-138.34,0.));
#1300 = DIRECTION('',(0.,0.,1.));
#1301 = DIRECTION('',(1.,0.,-0.));
#1302 = CYLINDRICAL_SURFACE('',#1303,0.355);
#1303 = AXIS2_PLACEMENT_3D('',#1304,#1305,#1306);
#1304 = CARTESIAN_POINT('',(134.57,-138.34,0.));
#1305 = DIRECTION('',(0.,0.,1.));
#1306 = DIRECTION('',(1.,0.,-0.));
#1307 = ADVANCED_FACE('',(#1308),#1335,.F.);
#1308 = FACE_BOUND('',#1309,.F.);
#1309 = EDGE_LOOP('',(#1310,#1320,#1327,#1328));
#1310 = ORIENTED_EDGE('',*,*,#1311,.T.);
#1311 = EDGE_CURVE('',#1312,#1314,#1316,.T.);
#1312 = VERTEX_POINT('',#1313);
#1313 = CARTESIAN_POINT('',(132.281,-149.87,0.));
#1314 = VERTEX_POINT('',#1315);
#1315 = CARTESIAN_POINT('',(132.281,-149.87,-1.6));
#1316 = LINE('',#1317,#1318);
#1317 = CARTESIAN_POINT('',(132.281,-149.87,0.));
#1318 = VECTOR('',#1319,1.);
#1319 = DIRECTION('',(0.,0.,-1.));
#1320 = ORIENTED_EDGE('',*,*,#1321,.T.);
#1321 = EDGE_CURVE('',#1314,#1314,#1322,.T.);
#1322 = CIRCLE('',#1323,0.381);
#1323 = AXIS2_PLACEMENT_3D('',#1324,#1325,#1326);
#1324 = CARTESIAN_POINT('',(131.9,-149.87,-1.6));
#1325 = DIRECTION('',(0.,0.,1.));
#1326 = DIRECTION('',(1.,0.,-0.));
#1327 = ORIENTED_EDGE('',*,*,#1311,.F.);
#1328 = ORIENTED_EDGE('',*,*,#1329,.F.);
#1329 = EDGE_CURVE('',#1312,#1312,#1330,.T.);
#1330 = CIRCLE('',#1331,0.381);
#1331 = AXIS2_PLACEMENT_3D('',#1332,#1333,#1334);
#1332 = CARTESIAN_POINT('',(131.9,-149.87,0.));
#1333 = DIRECTION('',(0.,0.,1.));
#1334 = DIRECTION('',(1.,0.,-0.));
#1335 = CYLINDRICAL_SURFACE('',#1336,0.381);
#1336 = AXIS2_PLACEMENT_3D('',#1337,#1338,#1339);
#1337 = CARTESIAN_POINT('',(131.9,-149.87,0.));
#1338 = DIRECTION('',(0.,0.,1.));
#1339 = DIRECTION('',(1.,0.,-0.));
#1340 = ADVANCED_FACE('',(#1341),#1368,.F.);
#1341 = FACE_BOUND('',#1342,.F.);
#1342 = EDGE_LOOP('',(#1343,#1353,#1360,#1361));
#1343 = ORIENTED_EDGE('',*,*,#1344,.T.);
#1344 = EDGE_CURVE('',#1345,#1347,#1349,.T.);
#1345 = VERTEX_POINT('',#1346);
#1346 = CARTESIAN_POINT('',(133.551,-147.33,0.));
#1347 = VERTEX_POINT('',#1348);
#1348 = CARTESIAN_POINT('',(133.551,-147.33,-1.6));
#1349 = LINE('',#1350,#1351);
#1350 = CARTESIAN_POINT('',(133.551,-147.33,0.));
#1351 = VECTOR('',#1352,1.);
#1352 = DIRECTION('',(0.,0.,-1.));
#1353 = ORIENTED_EDGE('',*,*,#1354,.T.);
#1354 = EDGE_CURVE('',#1347,#1347,#1355,.T.);
#1355 = CIRCLE('',#1356,0.381);
#1356 = AXIS2_PLACEMENT_3D('',#1357,#1358,#1359);
#1357 = CARTESIAN_POINT('',(133.17,-147.33,-1.6));
#1358 = DIRECTION('',(0.,0.,1.));
#1359 = DIRECTION('',(1.,0.,-0.));
#1360 = ORIENTED_EDGE('',*,*,#1344,.F.);
#1361 = ORIENTED_EDGE('',*,*,#1362,.F.);
#1362 = EDGE_CURVE('',#1345,#1345,#1363,.T.);
#1363 = CIRCLE('',#1364,0.381);
#1364 = AXIS2_PLACEMENT_3D('',#1365,#1366,#1367);
#1365 = CARTESIAN_POINT('',(133.17,-147.33,0.));
#1366 = DIRECTION('',(0.,0.,1.));
#1367 = DIRECTION('',(1.,0.,-0.));
#1368 = CYLINDRICAL_SURFACE('',#1369,0.381);
#1369 = AXIS2_PLACEMENT_3D('',#1370,#1371,#1372);
#1370 = CARTESIAN_POINT('',(133.17,-147.33,0.));
#1371 = DIRECTION('',(0.,0.,1.));
#1372 = DIRECTION('',(1.,0.,-0.));
#1373 = ADVANCED_FACE('',(#1374),#1401,.F.);
#1374 = FACE_BOUND('',#1375,.F.);
#1375 = EDGE_LOOP('',(#1376,#1386,#1393,#1394));
#1376 = ORIENTED_EDGE('',*,*,#1377,.T.);
#1377 = EDGE_CURVE('',#1378,#1380,#1382,.T.);
#1378 = VERTEX_POINT('',#1379);
#1379 = CARTESIAN_POINT('',(131.011,-147.33,0.));
#1380 = VERTEX_POINT('',#1381);
#1381 = CARTESIAN_POINT('',(131.011,-147.33,-1.6));
#1382 = LINE('',#1383,#1384);
#1383 = CARTESIAN_POINT('',(131.011,-147.33,0.));
#1384 = VECTOR('',#1385,1.);
#1385 = DIRECTION('',(0.,0.,-1.));
#1386 = ORIENTED_EDGE('',*,*,#1387,.T.);
#1387 = EDGE_CURVE('',#1380,#1380,#1388,.T.);
#1388 = CIRCLE('',#1389,0.381);
#1389 = AXIS2_PLACEMENT_3D('',#1390,#1391,#1392);
#1390 = CARTESIAN_POINT('',(130.63,-147.33,-1.6));
#1391 = DIRECTION('',(0.,0.,1.));
#1392 = DIRECTION('',(1.,0.,-0.));
#1393 = ORIENTED_EDGE('',*,*,#1377,.F.);
#1394 = ORIENTED_EDGE('',*,*,#1395,.F.);
#1395 = EDGE_CURVE('',#1378,#1378,#1396,.T.);
#1396 = CIRCLE('',#1397,0.381);
#1397 = AXIS2_PLACEMENT_3D('',#1398,#1399,#1400);
#1398 = CARTESIAN_POINT('',(130.63,-147.33,0.));
#1399 = DIRECTION('',(0.,0.,1.));
#1400 = DIRECTION('',(1.,0.,-0.));
#1401 = CYLINDRICAL_SURFACE('',#1402,0.381);
#1402 = AXIS2_PLACEMENT_3D('',#1403,#1404,#1405);
#1403 = CARTESIAN_POINT('',(130.63,-147.33,0.));
#1404 = DIRECTION('',(0.,0.,1.));
#1405 = DIRECTION('',(1.,0.,-0.));
#1406 = ADVANCED_FACE('',(#1407),#1434,.F.);
#1407 = FACE_BOUND('',#1408,.F.);
#1408 = EDGE_LOOP('',(#1409,#1419,#1426,#1427));
#1409 = ORIENTED_EDGE('',*,*,#1410,.T.);
#1410 = EDGE_CURVE('',#1411,#1413,#1415,.T.);
#1411 = VERTEX_POINT('',#1412);
#1412 = CARTESIAN_POINT('',(129.741,-149.87,0.));
#1413 = VERTEX_POINT('',#1414);
#1414 = CARTESIAN_POINT('',(129.741,-149.87,-1.6));
#1415 = LINE('',#1416,#1417);
#1416 = CARTESIAN_POINT('',(129.741,-149.87,0.));
#1417 = VECTOR('',#1418,1.);
#1418 = DIRECTION('',(0.,0.,-1.));
#1419 = ORIENTED_EDGE('',*,*,#1420,.T.);
#1420 = EDGE_CURVE('',#1413,#1413,#1421,.T.);
#1421 = CIRCLE('',#1422,0.381);
#1422 = AXIS2_PLACEMENT_3D('',#1423,#1424,#1425);
#1423 = CARTESIAN_POINT('',(129.36,-149.87,-1.6));
#1424 = DIRECTION('',(0.,0.,1.));
#1425 = DIRECTION('',(1.,0.,-0.));
#1426 = ORIENTED_EDGE('',*,*,#1410,.F.);
#1427 = ORIENTED_EDGE('',*,*,#1428,.F.);
#1428 = EDGE_CURVE('',#1411,#1411,#1429,.T.);
#1429 = CIRCLE('',#1430,0.381);
#1430 = AXIS2_PLACEMENT_3D('',#1431,#1432,#1433);
#1431 = CARTESIAN_POINT('',(129.36,-149.87,0.));
#1432 = DIRECTION('',(0.,0.,1.));
#1433 = DIRECTION('',(1.,0.,-0.));
#1434 = CYLINDRICAL_SURFACE('',#1435,0.381);
#1435 = AXIS2_PLACEMENT_3D('',#1436,#1437,#1438);
#1436 = CARTESIAN_POINT('',(129.36,-149.87,0.));
#1437 = DIRECTION('',(0.,0.,1.));
#1438 = DIRECTION('',(1.,0.,-0.));
#1439 = ADVANCED_FACE('',(#1440),#1467,.F.);
#1440 = FACE_BOUND('',#1441,.F.);
#1441 = EDGE_LOOP('',(#1442,#1452,#1459,#1460));
#1442 = ORIENTED_EDGE('',*,*,#1443,.T.);
#1443 = EDGE_CURVE('',#1444,#1446,#1448,.T.);
#1444 = VERTEX_POINT('',#1445);
#1445 = CARTESIAN_POINT('',(127.201,-149.87,0.));
#1446 = VERTEX_POINT('',#1447);
#1447 = CARTESIAN_POINT('',(127.201,-149.87,-1.6));
#1448 = LINE('',#1449,#1450);
#1449 = CARTESIAN_POINT('',(127.201,-149.87,0.));
#1450 = VECTOR('',#1451,1.);
#1451 = DIRECTION('',(0.,0.,-1.));
#1452 = ORIENTED_EDGE('',*,*,#1453,.T.);
#1453 = EDGE_CURVE('',#1446,#1446,#1454,.T.);
#1454 = CIRCLE('',#1455,0.381);
#1455 = AXIS2_PLACEMENT_3D('',#1456,#1457,#1458);
#1456 = CARTESIAN_POINT('',(126.82,-149.87,-1.6));
#1457 = DIRECTION('',(0.,0.,1.));
#1458 = DIRECTION('',(1.,0.,-0.));
#1459 = ORIENTED_EDGE('',*,*,#1443,.F.);
#1460 = ORIENTED_EDGE('',*,*,#1461,.F.);
#1461 = EDGE_CURVE('',#1444,#1444,#1462,.T.);
#1462 = CIRCLE('',#1463,0.381);
#1463 = AXIS2_PLACEMENT_3D('',#1464,#1465,#1466);
#1464 = CARTESIAN_POINT('',(126.82,-149.87,0.));
#1465 = DIRECTION('',(0.,0.,1.));
#1466 = DIRECTION('',(1.,0.,-0.));
#1467 = CYLINDRICAL_SURFACE('',#1468,0.381);
#1468 = AXIS2_PLACEMENT_3D('',#1469,#1470,#1471);
#1469 = CARTESIAN_POINT('',(126.82,-149.87,0.));
#1470 = DIRECTION('',(0.,0.,1.));
#1471 = DIRECTION('',(1.,0.,-0.));
#1472 = ADVANCED_FACE('',(#1473),#1500,.F.);
#1473 = FACE_BOUND('',#1474,.F.);
#1474 = EDGE_LOOP('',(#1475,#1485,#1492,#1493));
#1475 = ORIENTED_EDGE('',*,*,#1476,.T.);
#1476 = EDGE_CURVE('',#1477,#1479,#1481,.T.);
#1477 = VERTEX_POINT('',#1478);
#1478 = CARTESIAN_POINT('',(128.471,-147.33,0.));
#1479 = VERTEX_POINT('',#1480);
#1480 = CARTESIAN_POINT('',(128.471,-147.33,-1.6));
#1481 = LINE('',#1482,#1483);
#1482 = CARTESIAN_POINT('',(128.471,-147.33,0.));
#1483 = VECTOR('',#1484,1.);
#1484 = DIRECTION('',(0.,0.,-1.));
#1485 = ORIENTED_EDGE('',*,*,#1486,.T.);
#1486 = EDGE_CURVE('',#1479,#1479,#1487,.T.);
#1487 = CIRCLE('',#1488,0.381);
#1488 = AXIS2_PLACEMENT_3D('',#1489,#1490,#1491);
#1489 = CARTESIAN_POINT('',(128.09,-147.33,-1.6));
#1490 = DIRECTION('',(0.,0.,1.));
#1491 = DIRECTION('',(1.,0.,-0.));
#1492 = ORIENTED_EDGE('',*,*,#1476,.F.);
#1493 = ORIENTED_EDGE('',*,*,#1494,.F.);
#1494 = EDGE_CURVE('',#1477,#1477,#1495,.T.);
#1495 = CIRCLE('',#1496,0.381);
#1496 = AXIS2_PLACEMENT_3D('',#1497,#1498,#1499);
#1497 = CARTESIAN_POINT('',(128.09,-147.33,0.));
#1498 = DIRECTION('',(0.,0.,1.));
#1499 = DIRECTION('',(1.,0.,-0.));
#1500 = CYLINDRICAL_SURFACE('',#1501,0.381);
#1501 = AXIS2_PLACEMENT_3D('',#1502,#1503,#1504);
#1502 = CARTESIAN_POINT('',(128.09,-147.33,0.));
#1503 = DIRECTION('',(0.,0.,1.));
#1504 = DIRECTION('',(1.,0.,-0.));
#1505 = ADVANCED_FACE('',(#1506),#1533,.F.);
#1506 = FACE_BOUND('',#1507,.F.);
#1507 = EDGE_LOOP('',(#1508,#1518,#1525,#1526));
#1508 = ORIENTED_EDGE('',*,*,#1509,.T.);
#1509 = EDGE_CURVE('',#1510,#1512,#1514,.T.);
#1510 = VERTEX_POINT('',#1511);
#1511 = CARTESIAN_POINT('',(132.385,-138.34,0.));
#1512 = VERTEX_POINT('',#1513);
#1513 = CARTESIAN_POINT('',(132.385,-138.34,-1.6));
#1514 = LINE('',#1515,#1516);
#1515 = CARTESIAN_POINT('',(132.385,-138.34,0.));
#1516 = VECTOR('',#1517,1.);
#1517 = DIRECTION('',(0.,0.,-1.));
#1518 = ORIENTED_EDGE('',*,*,#1519,.T.);
#1519 = EDGE_CURVE('',#1512,#1512,#1520,.T.);
#1520 = CIRCLE('',#1521,0.355);
#1521 = AXIS2_PLACEMENT_3D('',#1522,#1523,#1524);
#1522 = CARTESIAN_POINT('',(132.03,-138.34,-1.6));
#1523 = DIRECTION('',(0.,0.,1.));
#1524 = DIRECTION('',(1.,0.,-0.));
#1525 = ORIENTED_EDGE('',*,*,#1509,.F.);
#1526 = ORIENTED_EDGE('',*,*,#1527,.F.);
#1527 = EDGE_CURVE('',#1510,#1510,#1528,.T.);
#1528 = CIRCLE('',#1529,0.355);
#1529 = AXIS2_PLACEMENT_3D('',#1530,#1531,#1532);
#1530 = CARTESIAN_POINT('',(132.03,-138.34,0.));
#1531 = DIRECTION('',(0.,0.,1.));
#1532 = DIRECTION('',(1.,0.,-0.));
#1533 = CYLINDRICAL_SURFACE('',#1534,0.355);
#1534 = AXIS2_PLACEMENT_3D('',#1535,#1536,#1537);
#1535 = CARTESIAN_POINT('',(132.03,-138.34,0.));
#1536 = DIRECTION('',(0.,0.,1.));
#1537 = DIRECTION('',(1.,0.,-0.));
#1538 = ADVANCED_FACE('',(#1539),#1566,.F.);
#1539 = FACE_BOUND('',#1540,.F.);
#1540 = EDGE_LOOP('',(#1541,#1551,#1558,#1559));
#1541 = ORIENTED_EDGE('',*,*,#1542,.T.);
#1542 = EDGE_CURVE('',#1543,#1545,#1547,.T.);
#1543 = VERTEX_POINT('',#1544);
#1544 = CARTESIAN_POINT('',(129.845,-138.34,0.));
#1545 = VERTEX_POINT('',#1546);
#1546 = CARTESIAN_POINT('',(129.845,-138.34,-1.6));
#1547 = LINE('',#1548,#1549);
#1548 = CARTESIAN_POINT('',(129.845,-138.34,0.));
#1549 = VECTOR('',#1550,1.);
#1550 = DIRECTION('',(0.,0.,-1.));
#1551 = ORIENTED_EDGE('',*,*,#1552,.T.);
#1552 = EDGE_CURVE('',#1545,#1545,#1553,.T.);
#1553 = CIRCLE('',#1554,0.355);
#1554 = AXIS2_PLACEMENT_3D('',#1555,#1556,#1557);
#1555 = CARTESIAN_POINT('',(129.49,-138.34,-1.6));
#1556 = DIRECTION('',(0.,0.,1.));
#1557 = DIRECTION('',(1.,0.,-0.));
#1558 = ORIENTED_EDGE('',*,*,#1542,.F.);
#1559 = ORIENTED_EDGE('',*,*,#1560,.F.);
#1560 = EDGE_CURVE('',#1543,#1543,#1561,.T.);
#1561 = CIRCLE('',#1562,0.355);
#1562 = AXIS2_PLACEMENT_3D('',#1563,#1564,#1565);
#1563 = CARTESIAN_POINT('',(129.49,-138.34,0.));
#1564 = DIRECTION('',(0.,0.,1.));
#1565 = DIRECTION('',(1.,0.,-0.));
#1566 = CYLINDRICAL_SURFACE('',#1567,0.355);
#1567 = AXIS2_PLACEMENT_3D('',#1568,#1569,#1570);
#1568 = CARTESIAN_POINT('',(129.49,-138.34,0.));
#1569 = DIRECTION('',(0.,0.,1.));
#1570 = DIRECTION('',(1.,0.,-0.));
#1571 = ADVANCED_FACE('',(#1572),#1599,.F.);
#1572 = FACE_BOUND('',#1573,.F.);
#1573 = EDGE_LOOP('',(#1574,#1584,#1591,#1592));
#1574 = ORIENTED_EDGE('',*,*,#1575,.T.);
#1575 = EDGE_CURVE('',#1576,#1578,#1580,.T.);
#1576 = VERTEX_POINT('',#1577);
#1577 = CARTESIAN_POINT('',(127.305,-138.34,0.));
#1578 = VERTEX_POINT('',#1579);
#1579 = CARTESIAN_POINT('',(127.305,-138.34,-1.6));
#1580 = LINE('',#1581,#1582);
#1581 = CARTESIAN_POINT('',(127.305,-138.34,0.));
#1582 = VECTOR('',#1583,1.);
#1583 = DIRECTION('',(0.,0.,-1.));
#1584 = ORIENTED_EDGE('',*,*,#1585,.T.);
#1585 = EDGE_CURVE('',#1578,#1578,#1586,.T.);
#1586 = CIRCLE('',#1587,0.355);
#1587 = AXIS2_PLACEMENT_3D('',#1588,#1589,#1590);
#1588 = CARTESIAN_POINT('',(126.95,-138.34,-1.6));
#1589 = DIRECTION('',(0.,0.,1.));
#1590 = DIRECTION('',(1.,0.,-0.));
#1591 = ORIENTED_EDGE('',*,*,#1575,.F.);
#1592 = ORIENTED_EDGE('',*,*,#1593,.F.);
#1593 = EDGE_CURVE('',#1576,#1576,#1594,.T.);
#1594 = CIRCLE('',#1595,0.355);
#1595 = AXIS2_PLACEMENT_3D('',#1596,#1597,#1598);
#1596 = CARTESIAN_POINT('',(126.95,-138.34,0.));
#1597 = DIRECTION('',(0.,0.,1.));
#1598 = DIRECTION('',(1.,0.,-0.));
#1599 = CYLINDRICAL_SURFACE('',#1600,0.355);
#1600 = AXIS2_PLACEMENT_3D('',#1601,#1602,#1603);
#1601 = CARTESIAN_POINT('',(126.95,-138.34,0.));
#1602 = DIRECTION('',(0.,0.,1.));
#1603 = DIRECTION('',(1.,0.,-0.));
#1604 = ADVANCED_FACE('',(#1605),#1632,.F.);
#1605 = FACE_BOUND('',#1606,.F.);
#1606 = EDGE_LOOP('',(#1607,#1617,#1624,#1625));
#1607 = ORIENTED_EDGE('',*,*,#1608,.T.);
#1608 = EDGE_CURVE('',#1609,#1611,#1613,.T.);
#1609 = VERTEX_POINT('',#1610);
#1610 = CARTESIAN_POINT('',(141.275,-135.8,0.));
#1611 = VERTEX_POINT('',#1612);
#1612 = CARTESIAN_POINT('',(141.275,-135.8,-1.6));
#1613 = LINE('',#1614,#1615);
#1614 = CARTESIAN_POINT('',(141.275,-135.8,0.));
#1615 = VECTOR('',#1616,1.);
#1616 = DIRECTION('',(0.,0.,-1.));
#1617 = ORIENTED_EDGE('',*,*,#1618,.T.);
#1618 = EDGE_CURVE('',#1611,#1611,#1619,.T.);
#1619 = CIRCLE('',#1620,0.355);
#1620 = AXIS2_PLACEMENT_3D('',#1621,#1622,#1623);
#1621 = CARTESIAN_POINT('',(140.92,-135.8,-1.6));
#1622 = DIRECTION('',(0.,0.,1.));
#1623 = DIRECTION('',(1.,0.,-0.));
#1624 = ORIENTED_EDGE('',*,*,#1608,.F.);
#1625 = ORIENTED_EDGE('',*,*,#1626,.F.);
#1626 = EDGE_CURVE('',#1609,#1609,#1627,.T.);
#1627 = CIRCLE('',#1628,0.355);
#1628 = AXIS2_PLACEMENT_3D('',#1629,#1630,#1631);
#1629 = CARTESIAN_POINT('',(140.92,-135.8,0.));
#1630 = DIRECTION('',(0.,0.,1.));
#1631 = DIRECTION('',(1.,0.,-0.));
#1632 = CYLINDRICAL_SURFACE('',#1633,0.355);
#1633 = AXIS2_PLACEMENT_3D('',#1634,#1635,#1636);
#1634 = CARTESIAN_POINT('',(140.92,-135.8,0.));
#1635 = DIRECTION('',(0.,0.,1.));
#1636 = DIRECTION('',(1.,0.,-0.));
#1637 = ADVANCED_FACE('',(#1638),#1665,.F.);
#1638 = FACE_BOUND('',#1639,.F.);
#1639 = EDGE_LOOP('',(#1640,#1650,#1657,#1658));
#1640 = ORIENTED_EDGE('',*,*,#1641,.T.);
#1641 = EDGE_CURVE('',#1642,#1644,#1646,.T.);
#1642 = VERTEX_POINT('',#1643);
#1643 = CARTESIAN_POINT('',(138.735,-135.8,0.));
#1644 = VERTEX_POINT('',#1645);
#1645 = CARTESIAN_POINT('',(138.735,-135.8,-1.6));
#1646 = LINE('',#1647,#1648);
#1647 = CARTESIAN_POINT('',(138.735,-135.8,0.));
#1648 = VECTOR('',#1649,1.);
#1649 = DIRECTION('',(0.,0.,-1.));
#1650 = ORIENTED_EDGE('',*,*,#1651,.T.);
#1651 = EDGE_CURVE('',#1644,#1644,#1652,.T.);
#1652 = CIRCLE('',#1653,0.355);
#1653 = AXIS2_PLACEMENT_3D('',#1654,#1655,#1656);
#1654 = CARTESIAN_POINT('',(138.38,-135.8,-1.6));
#1655 = DIRECTION('',(0.,0.,1.));
#1656 = DIRECTION('',(1.,0.,-0.));
#1657 = ORIENTED_EDGE('',*,*,#1641,.F.);
#1658 = ORIENTED_EDGE('',*,*,#1659,.F.);
#1659 = EDGE_CURVE('',#1642,#1642,#1660,.T.);
#1660 = CIRCLE('',#1661,0.355);
#1661 = AXIS2_PLACEMENT_3D('',#1662,#1663,#1664);
#1662 = CARTESIAN_POINT('',(138.38,-135.8,0.));
#1663 = DIRECTION('',(0.,0.,1.));
#1664 = DIRECTION('',(1.,0.,-0.));
#1665 = CYLINDRICAL_SURFACE('',#1666,0.355);
#1666 = AXIS2_PLACEMENT_3D('',#1667,#1668,#1669);
#1667 = CARTESIAN_POINT('',(138.38,-135.8,0.));
#1668 = DIRECTION('',(0.,0.,1.));
#1669 = DIRECTION('',(1.,0.,-0.));
#1670 = ADVANCED_FACE('',(#1671),#1698,.F.);
#1671 = FACE_BOUND('',#1672,.F.);
#1672 = EDGE_LOOP('',(#1673,#1683,#1690,#1691));
#1673 = ORIENTED_EDGE('',*,*,#1674,.T.);
#1674 = EDGE_CURVE('',#1675,#1677,#1679,.T.);
#1675 = VERTEX_POINT('',#1676);
#1676 = CARTESIAN_POINT('',(142.545,-133.26,0.));
#1677 = VERTEX_POINT('',#1678);
#1678 = CARTESIAN_POINT('',(142.545,-133.26,-1.6));
#1679 = LINE('',#1680,#1681);
#1680 = CARTESIAN_POINT('',(142.545,-133.26,0.));
#1681 = VECTOR('',#1682,1.);
#1682 = DIRECTION('',(0.,0.,-1.));
#1683 = ORIENTED_EDGE('',*,*,#1684,.T.);
#1684 = EDGE_CURVE('',#1677,#1677,#1685,.T.);
#1685 = CIRCLE('',#1686,0.355);
#1686 = AXIS2_PLACEMENT_3D('',#1687,#1688,#1689);
#1687 = CARTESIAN_POINT('',(142.19,-133.26,-1.6));
#1688 = DIRECTION('',(0.,0.,1.));
#1689 = DIRECTION('',(1.,0.,-0.));
#1690 = ORIENTED_EDGE('',*,*,#1674,.F.);
#1691 = ORIENTED_EDGE('',*,*,#1692,.F.);
#1692 = EDGE_CURVE('',#1675,#1675,#1693,.T.);
#1693 = CIRCLE('',#1694,0.355);
#1694 = AXIS2_PLACEMENT_3D('',#1695,#1696,#1697);
#1695 = CARTESIAN_POINT('',(142.19,-133.26,0.));
#1696 = DIRECTION('',(0.,0.,1.));
#1697 = DIRECTION('',(1.,0.,-0.));
#1698 = CYLINDRICAL_SURFACE('',#1699,0.355);
#1699 = AXIS2_PLACEMENT_3D('',#1700,#1701,#1702);
#1700 = CARTESIAN_POINT('',(142.19,-133.26,0.));
#1701 = DIRECTION('',(0.,0.,1.));
#1702 = DIRECTION('',(1.,0.,-0.));
#1703 = ADVANCED_FACE('',(#1704),#1731,.F.);
#1704 = FACE_BOUND('',#1705,.F.);
#1705 = EDGE_LOOP('',(#1706,#1716,#1723,#1724));
#1706 = ORIENTED_EDGE('',*,*,#1707,.T.);
#1707 = EDGE_CURVE('',#1708,#1710,#1712,.T.);
#1708 = VERTEX_POINT('',#1709);
#1709 = CARTESIAN_POINT('',(140.005,-133.26,0.));
#1710 = VERTEX_POINT('',#1711);
#1711 = CARTESIAN_POINT('',(140.005,-133.26,-1.6));
#1712 = LINE('',#1713,#1714);
#1713 = CARTESIAN_POINT('',(140.005,-133.26,0.));
#1714 = VECTOR('',#1715,1.);
#1715 = DIRECTION('',(0.,0.,-1.));
#1716 = ORIENTED_EDGE('',*,*,#1717,.T.);
#1717 = EDGE_CURVE('',#1710,#1710,#1718,.T.);
#1718 = CIRCLE('',#1719,0.355);
#1719 = AXIS2_PLACEMENT_3D('',#1720,#1721,#1722);
#1720 = CARTESIAN_POINT('',(139.65,-133.26,-1.6));
#1721 = DIRECTION('',(0.,0.,1.));
#1722 = DIRECTION('',(1.,0.,-0.));
#1723 = ORIENTED_EDGE('',*,*,#1707,.F.);
#1724 = ORIENTED_EDGE('',*,*,#1725,.F.);
#1725 = EDGE_CURVE('',#1708,#1708,#1726,.T.);
#1726 = CIRCLE('',#1727,0.355);
#1727 = AXIS2_PLACEMENT_3D('',#1728,#1729,#1730);
#1728 = CARTESIAN_POINT('',(139.65,-133.26,0.));
#1729 = DIRECTION('',(0.,0.,1.));
#1730 = DIRECTION('',(1.,0.,-0.));
#1731 = CYLINDRICAL_SURFACE('',#1732,0.355);
#1732 = AXIS2_PLACEMENT_3D('',#1733,#1734,#1735);
#1733 = CARTESIAN_POINT('',(139.65,-133.26,0.));
#1734 = DIRECTION('',(0.,0.,1.));
#1735 = DIRECTION('',(1.,0.,-0.));
#1736 = ADVANCED_FACE('',(#1737),#1764,.F.);
#1737 = FACE_BOUND('',#1738,.F.);
#1738 = EDGE_LOOP('',(#1739,#1749,#1756,#1757));
#1739 = ORIENTED_EDGE('',*,*,#1740,.T.);
#1740 = EDGE_CURVE('',#1741,#1743,#1745,.T.);
#1741 = VERTEX_POINT('',#1742);
#1742 = CARTESIAN_POINT('',(136.195,-135.8,0.));
#1743 = VERTEX_POINT('',#1744);
#1744 = CARTESIAN_POINT('',(136.195,-135.8,-1.6));
#1745 = LINE('',#1746,#1747);
#1746 = CARTESIAN_POINT('',(136.195,-135.8,0.));
#1747 = VECTOR('',#1748,1.);
#1748 = DIRECTION('',(0.,0.,-1.));
#1749 = ORIENTED_EDGE('',*,*,#1750,.T.);
#1750 = EDGE_CURVE('',#1743,#1743,#1751,.T.);
#1751 = CIRCLE('',#1752,0.355);
#1752 = AXIS2_PLACEMENT_3D('',#1753,#1754,#1755);
#1753 = CARTESIAN_POINT('',(135.84,-135.8,-1.6));
#1754 = DIRECTION('',(0.,0.,1.));
#1755 = DIRECTION('',(1.,0.,-0.));
#1756 = ORIENTED_EDGE('',*,*,#1740,.F.);
#1757 = ORIENTED_EDGE('',*,*,#1758,.F.);
#1758 = EDGE_CURVE('',#1741,#1741,#1759,.T.);
#1759 = CIRCLE('',#1760,0.355);
#1760 = AXIS2_PLACEMENT_3D('',#1761,#1762,#1763);
#1761 = CARTESIAN_POINT('',(135.84,-135.8,0.));
#1762 = DIRECTION('',(0.,0.,1.));
#1763 = DIRECTION('',(1.,0.,-0.));
#1764 = CYLINDRICAL_SURFACE('',#1765,0.355);
#1765 = AXIS2_PLACEMENT_3D('',#1766,#1767,#1768);
#1766 = CARTESIAN_POINT('',(135.84,-135.8,0.));
#1767 = DIRECTION('',(0.,0.,1.));
#1768 = DIRECTION('',(1.,0.,-0.));
#1769 = ADVANCED_FACE('',(#1770),#1797,.F.);
#1770 = FACE_BOUND('',#1771,.F.);
#1771 = EDGE_LOOP('',(#1772,#1782,#1789,#1790));
#1772 = ORIENTED_EDGE('',*,*,#1773,.T.);
#1773 = EDGE_CURVE('',#1774,#1776,#1778,.T.);
#1774 = VERTEX_POINT('',#1775);
#1775 = CARTESIAN_POINT('',(137.465,-133.26,0.));
#1776 = VERTEX_POINT('',#1777);
#1777 = CARTESIAN_POINT('',(137.465,-133.26,-1.6));
#1778 = LINE('',#1779,#1780);
#1779 = CARTESIAN_POINT('',(137.465,-133.26,0.));
#1780 = VECTOR('',#1781,1.);
#1781 = DIRECTION('',(0.,0.,-1.));
#1782 = ORIENTED_EDGE('',*,*,#1783,.T.);
#1783 = EDGE_CURVE('',#1776,#1776,#1784,.T.);
#1784 = CIRCLE('',#1785,0.355);
#1785 = AXIS2_PLACEMENT_3D('',#1786,#1787,#1788);
#1786 = CARTESIAN_POINT('',(137.11,-133.26,-1.6));
#1787 = DIRECTION('',(0.,0.,1.));
#1788 = DIRECTION('',(1.,0.,-0.));
#1789 = ORIENTED_EDGE('',*,*,#1773,.F.);
#1790 = ORIENTED_EDGE('',*,*,#1791,.F.);
#1791 = EDGE_CURVE('',#1774,#1774,#1792,.T.);
#1792 = CIRCLE('',#1793,0.355);
#1793 = AXIS2_PLACEMENT_3D('',#1794,#1795,#1796);
#1794 = CARTESIAN_POINT('',(137.11,-133.26,0.));
#1795 = DIRECTION('',(0.,0.,1.));
#1796 = DIRECTION('',(1.,0.,-0.));
#1797 = CYLINDRICAL_SURFACE('',#1798,0.355);
#1798 = AXIS2_PLACEMENT_3D('',#1799,#1800,#1801);
#1799 = CARTESIAN_POINT('',(137.11,-133.26,0.));
#1800 = DIRECTION('',(0.,0.,1.));
#1801 = DIRECTION('',(1.,0.,-0.));
#1802 = ADVANCED_FACE('',(#1803),#1830,.F.);
#1803 = FACE_BOUND('',#1804,.F.);
#1804 = EDGE_LOOP('',(#1805,#1815,#1822,#1823));
#1805 = ORIENTED_EDGE('',*,*,#1806,.T.);
#1806 = EDGE_CURVE('',#1807,#1809,#1811,.T.);
#1807 = VERTEX_POINT('',#1808);
#1808 = CARTESIAN_POINT('',(134.925,-133.26,0.));
#1809 = VERTEX_POINT('',#1810);
#1810 = CARTESIAN_POINT('',(134.925,-133.26,-1.6));
#1811 = LINE('',#1812,#1813);
#1812 = CARTESIAN_POINT('',(134.925,-133.26,0.));
#1813 = VECTOR('',#1814,1.);
#1814 = DIRECTION('',(0.,0.,-1.));
#1815 = ORIENTED_EDGE('',*,*,#1816,.T.);
#1816 = EDGE_CURVE('',#1809,#1809,#1817,.T.);
#1817 = CIRCLE('',#1818,0.355);
#1818 = AXIS2_PLACEMENT_3D('',#1819,#1820,#1821);
#1819 = CARTESIAN_POINT('',(134.57,-133.26,-1.6));
#1820 = DIRECTION('',(0.,0.,1.));
#1821 = DIRECTION('',(1.,0.,-0.));
#1822 = ORIENTED_EDGE('',*,*,#1806,.F.);
#1823 = ORIENTED_EDGE('',*,*,#1824,.F.);
#1824 = EDGE_CURVE('',#1807,#1807,#1825,.T.);
#1825 = CIRCLE('',#1826,0.355);
#1826 = AXIS2_PLACEMENT_3D('',#1827,#1828,#1829);
#1827 = CARTESIAN_POINT('',(134.57,-133.26,0.));
#1828 = DIRECTION('',(0.,0.,1.));
#1829 = DIRECTION('',(1.,0.,-0.));
#1830 = CYLINDRICAL_SURFACE('',#1831,0.355);
#1831 = AXIS2_PLACEMENT_3D('',#1832,#1833,#1834);
#1832 = CARTESIAN_POINT('',(134.57,-133.26,0.));
#1833 = DIRECTION('',(0.,0.,1.));
#1834 = DIRECTION('',(1.,0.,-0.));
#1835 = ADVANCED_FACE('',(#1836),#1863,.F.);
#1836 = FACE_BOUND('',#1837,.F.);
#1837 = EDGE_LOOP('',(#1838,#1848,#1855,#1856));
#1838 = ORIENTED_EDGE('',*,*,#1839,.T.);
#1839 = EDGE_CURVE('',#1840,#1842,#1844,.T.);
#1840 = VERTEX_POINT('',#1841);
#1841 = CARTESIAN_POINT('',(133.655,-135.8,0.));
#1842 = VERTEX_POINT('',#1843);
#1843 = CARTESIAN_POINT('',(133.655,-135.8,-1.6));
#1844 = LINE('',#1845,#1846);
#1845 = CARTESIAN_POINT('',(133.655,-135.8,0.));
#1846 = VECTOR('',#1847,1.);
#1847 = DIRECTION('',(0.,0.,-1.));
#1848 = ORIENTED_EDGE('',*,*,#1849,.T.);
#1849 = EDGE_CURVE('',#1842,#1842,#1850,.T.);
#1850 = CIRCLE('',#1851,0.355);
#1851 = AXIS2_PLACEMENT_3D('',#1852,#1853,#1854);
#1852 = CARTESIAN_POINT('',(133.3,-135.8,-1.6));
#1853 = DIRECTION('',(0.,0.,1.));
#1854 = DIRECTION('',(1.,0.,-0.));
#1855 = ORIENTED_EDGE('',*,*,#1839,.F.);
#1856 = ORIENTED_EDGE('',*,*,#1857,.F.);
#1857 = EDGE_CURVE('',#1840,#1840,#1858,.T.);
#1858 = CIRCLE('',#1859,0.355);
#1859 = AXIS2_PLACEMENT_3D('',#1860,#1861,#1862);
#1860 = CARTESIAN_POINT('',(133.3,-135.8,0.));
#1861 = DIRECTION('',(0.,0.,1.));
#1862 = DIRECTION('',(1.,0.,-0.));
#1863 = CYLINDRICAL_SURFACE('',#1864,0.355);
#1864 = AXIS2_PLACEMENT_3D('',#1865,#1866,#1867);
#1865 = CARTESIAN_POINT('',(133.3,-135.8,0.));
#1866 = DIRECTION('',(0.,0.,1.));
#1867 = DIRECTION('',(1.,0.,-0.));
#1868 = ADVANCED_FACE('',(#1869),#1896,.F.);
#1869 = FACE_BOUND('',#1870,.F.);
#1870 = EDGE_LOOP('',(#1871,#1881,#1888,#1889));
#1871 = ORIENTED_EDGE('',*,*,#1872,.T.);
#1872 = EDGE_CURVE('',#1873,#1875,#1877,.T.);
#1873 = VERTEX_POINT('',#1874);
#1874 = CARTESIAN_POINT('',(131.115,-135.8,0.));
#1875 = VERTEX_POINT('',#1876);
#1876 = CARTESIAN_POINT('',(131.115,-135.8,-1.6));
#1877 = LINE('',#1878,#1879);
#1878 = CARTESIAN_POINT('',(131.115,-135.8,0.));
#1879 = VECTOR('',#1880,1.);
#1880 = DIRECTION('',(0.,0.,-1.));
#1881 = ORIENTED_EDGE('',*,*,#1882,.T.);
#1882 = EDGE_CURVE('',#1875,#1875,#1883,.T.);
#1883 = CIRCLE('',#1884,0.355);
#1884 = AXIS2_PLACEMENT_3D('',#1885,#1886,#1887);
#1885 = CARTESIAN_POINT('',(130.76,-135.8,-1.6));
#1886 = DIRECTION('',(0.,0.,1.));
#1887 = DIRECTION('',(1.,0.,-0.));
#1888 = ORIENTED_EDGE('',*,*,#1872,.F.);
#1889 = ORIENTED_EDGE('',*,*,#1890,.F.);
#1890 = EDGE_CURVE('',#1873,#1873,#1891,.T.);
#1891 = CIRCLE('',#1892,0.355);
#1892 = AXIS2_PLACEMENT_3D('',#1893,#1894,#1895);
#1893 = CARTESIAN_POINT('',(130.76,-135.8,0.));
#1894 = DIRECTION('',(0.,0.,1.));
#1895 = DIRECTION('',(1.,0.,-0.));
#1896 = CYLINDRICAL_SURFACE('',#1897,0.355);
#1897 = AXIS2_PLACEMENT_3D('',#1898,#1899,#1900);
#1898 = CARTESIAN_POINT('',(130.76,-135.8,0.));
#1899 = DIRECTION('',(0.,0.,1.));
#1900 = DIRECTION('',(1.,0.,-0.));
#1901 = ADVANCED_FACE('',(#1902),#1929,.F.);
#1902 = FACE_BOUND('',#1903,.F.);
#1903 = EDGE_LOOP('',(#1904,#1914,#1921,#1922));
#1904 = ORIENTED_EDGE('',*,*,#1905,.T.);
#1905 = EDGE_CURVE('',#1906,#1908,#1910,.T.);
#1906 = VERTEX_POINT('',#1907);
#1907 = CARTESIAN_POINT('',(132.385,-133.26,0.));
#1908 = VERTEX_POINT('',#1909);
#1909 = CARTESIAN_POINT('',(132.385,-133.26,-1.6));
#1910 = LINE('',#1911,#1912);
#1911 = CARTESIAN_POINT('',(132.385,-133.26,0.));
#1912 = VECTOR('',#1913,1.);
#1913 = DIRECTION('',(0.,0.,-1.));
#1914 = ORIENTED_EDGE('',*,*,#1915,.T.);
#1915 = EDGE_CURVE('',#1908,#1908,#1916,.T.);
#1916 = CIRCLE('',#1917,0.355);
#1917 = AXIS2_PLACEMENT_3D('',#1918,#1919,#1920);
#1918 = CARTESIAN_POINT('',(132.03,-133.26,-1.6));
#1919 = DIRECTION('',(0.,0.,1.));
#1920 = DIRECTION('',(1.,0.,-0.));
#1921 = ORIENTED_EDGE('',*,*,#1905,.F.);
#1922 = ORIENTED_EDGE('',*,*,#1923,.F.);
#1923 = EDGE_CURVE('',#1906,#1906,#1924,.T.);
#1924 = CIRCLE('',#1925,0.355);
#1925 = AXIS2_PLACEMENT_3D('',#1926,#1927,#1928);
#1926 = CARTESIAN_POINT('',(132.03,-133.26,0.));
#1927 = DIRECTION('',(0.,0.,1.));
#1928 = DIRECTION('',(1.,0.,-0.));
#1929 = CYLINDRICAL_SURFACE('',#1930,0.355);
#1930 = AXIS2_PLACEMENT_3D('',#1931,#1932,#1933);
#1931 = CARTESIAN_POINT('',(132.03,-133.26,0.));
#1932 = DIRECTION('',(0.,0.,1.));
#1933 = DIRECTION('',(1.,0.,-0.));
#1934 = ADVANCED_FACE('',(#1935),#1962,.F.);
#1935 = FACE_BOUND('',#1936,.F.);
#1936 = EDGE_LOOP('',(#1937,#1947,#1954,#1955));
#1937 = ORIENTED_EDGE('',*,*,#1938,.T.);
#1938 = EDGE_CURVE('',#1939,#1941,#1943,.T.);
#1939 = VERTEX_POINT('',#1940);
#1940 = CARTESIAN_POINT('',(128.575,-135.8,0.));
#1941 = VERTEX_POINT('',#1942);
#1942 = CARTESIAN_POINT('',(128.575,-135.8,-1.6));
#1943 = LINE('',#1944,#1945);
#1944 = CARTESIAN_POINT('',(128.575,-135.8,0.));
#1945 = VECTOR('',#1946,1.);
#1946 = DIRECTION('',(0.,0.,-1.));
#1947 = ORIENTED_EDGE('',*,*,#1948,.T.);
#1948 = EDGE_CURVE('',#1941,#1941,#1949,.T.);
#1949 = CIRCLE('',#1950,0.355);
#1950 = AXIS2_PLACEMENT_3D('',#1951,#1952,#1953);
#1951 = CARTESIAN_POINT('',(128.22,-135.8,-1.6));
#1952 = DIRECTION('',(0.,0.,1.));
#1953 = DIRECTION('',(1.,0.,-0.));
#1954 = ORIENTED_EDGE('',*,*,#1938,.F.);
#1955 = ORIENTED_EDGE('',*,*,#1956,.F.);
#1956 = EDGE_CURVE('',#1939,#1939,#1957,.T.);
#1957 = CIRCLE('',#1958,0.355);
#1958 = AXIS2_PLACEMENT_3D('',#1959,#1960,#1961);
#1959 = CARTESIAN_POINT('',(128.22,-135.8,0.));
#1960 = DIRECTION('',(0.,0.,1.));
#1961 = DIRECTION('',(1.,0.,-0.));
#1962 = CYLINDRICAL_SURFACE('',#1963,0.355);
#1963 = AXIS2_PLACEMENT_3D('',#1964,#1965,#1966);
#1964 = CARTESIAN_POINT('',(128.22,-135.8,0.));
#1965 = DIRECTION('',(0.,0.,1.));
#1966 = DIRECTION('',(1.,0.,-0.));
#1967 = ADVANCED_FACE('',(#1968),#1995,.F.);
#1968 = FACE_BOUND('',#1969,.F.);
#1969 = EDGE_LOOP('',(#1970,#1980,#1987,#1988));
#1970 = ORIENTED_EDGE('',*,*,#1971,.T.);
#1971 = EDGE_CURVE('',#1972,#1974,#1976,.T.);
#1972 = VERTEX_POINT('',#1973);
#1973 = CARTESIAN_POINT('',(129.845,-133.26,0.));
#1974 = VERTEX_POINT('',#1975);
#1975 = CARTESIAN_POINT('',(129.845,-133.26,-1.6));
#1976 = LINE('',#1977,#1978);
#1977 = CARTESIAN_POINT('',(129.845,-133.26,0.));
#1978 = VECTOR('',#1979,1.);
#1979 = DIRECTION('',(0.,0.,-1.));
#1980 = ORIENTED_EDGE('',*,*,#1981,.T.);
#1981 = EDGE_CURVE('',#1974,#1974,#1982,.T.);
#1982 = CIRCLE('',#1983,0.355);
#1983 = AXIS2_PLACEMENT_3D('',#1984,#1985,#1986);
#1984 = CARTESIAN_POINT('',(129.49,-133.26,-1.6));
#1985 = DIRECTION('',(0.,0.,1.));
#1986 = DIRECTION('',(1.,0.,-0.));
#1987 = ORIENTED_EDGE('',*,*,#1971,.F.);
#1988 = ORIENTED_EDGE('',*,*,#1989,.F.);
#1989 = EDGE_CURVE('',#1972,#1972,#1990,.T.);
#1990 = CIRCLE('',#1991,0.355);
#1991 = AXIS2_PLACEMENT_3D('',#1992,#1993,#1994);
#1992 = CARTESIAN_POINT('',(129.49,-133.26,0.));
#1993 = DIRECTION('',(0.,0.,1.));
#1994 = DIRECTION('',(1.,0.,-0.));
#1995 = CYLINDRICAL_SURFACE('',#1996,0.355);
#1996 = AXIS2_PLACEMENT_3D('',#1997,#1998,#1999);
#1997 = CARTESIAN_POINT('',(129.49,-133.26,0.));
#1998 = DIRECTION('',(0.,0.,1.));
#1999 = DIRECTION('',(1.,0.,-0.));
#2000 = ADVANCED_FACE('',(#2001),#2028,.F.);
#2001 = FACE_BOUND('',#2002,.F.);
#2002 = EDGE_LOOP('',(#2003,#2013,#2020,#2021));
#2003 = ORIENTED_EDGE('',*,*,#2004,.T.);
#2004 = EDGE_CURVE('',#2005,#2007,#2009,.T.);
#2005 = VERTEX_POINT('',#2006);
#2006 = CARTESIAN_POINT('',(127.305,-133.26,0.));
#2007 = VERTEX_POINT('',#2008);
#2008 = CARTESIAN_POINT('',(127.305,-133.26,-1.6));
#2009 = LINE('',#2010,#2011);
#2010 = CARTESIAN_POINT('',(127.305,-133.26,0.));
#2011 = VECTOR('',#2012,1.);
#2012 = DIRECTION('',(0.,0.,-1.));
#2013 = ORIENTED_EDGE('',*,*,#2014,.T.);
#2014 = EDGE_CURVE('',#2007,#2007,#2015,.T.);
#2015 = CIRCLE('',#2016,0.355);
#2016 = AXIS2_PLACEMENT_3D('',#2017,#2018,#2019);
#2017 = CARTESIAN_POINT('',(126.95,-133.26,-1.6));
#2018 = DIRECTION('',(0.,0.,1.));
#2019 = DIRECTION('',(1.,0.,-0.));
#2020 = ORIENTED_EDGE('',*,*,#2004,.F.);
#2021 = ORIENTED_EDGE('',*,*,#2022,.F.);
#2022 = EDGE_CURVE('',#2005,#2005,#2023,.T.);
#2023 = CIRCLE('',#2024,0.355);
#2024 = AXIS2_PLACEMENT_3D('',#2025,#2026,#2027);
#2025 = CARTESIAN_POINT('',(126.95,-133.26,0.));
#2026 = DIRECTION('',(0.,0.,1.));
#2027 = DIRECTION('',(1.,0.,-0.));
#2028 = CYLINDRICAL_SURFACE('',#2029,0.355);
#2029 = AXIS2_PLACEMENT_3D('',#2030,#2031,#2032);
#2030 = CARTESIAN_POINT('',(126.95,-133.26,0.));
#2031 = DIRECTION('',(0.,0.,1.));
#2032 = DIRECTION('',(1.,0.,-0.));
#2033 = ADVANCED_FACE('',(#2034),#2061,.F.);
#2034 = FACE_BOUND('',#2035,.F.);
#2035 = EDGE_LOOP('',(#2036,#2046,#2053,#2054));
#2036 = ORIENTED_EDGE('',*,*,#2037,.T.);
#2037 = EDGE_CURVE('',#2038,#2040,#2042,.T.);
#2038 = VERTEX_POINT('',#2039);
#2039 = CARTESIAN_POINT('',(158.21195,-120.6,0.));
#2040 = VERTEX_POINT('',#2041);
#2041 = CARTESIAN_POINT('',(158.21195,-120.6,-1.6));
#2042 = LINE('',#2043,#2044);
#2043 = CARTESIAN_POINT('',(158.21195,-120.6,0.));
#2044 = VECTOR('',#2045,1.);
#2045 = DIRECTION('',(0.,0.,-1.));
#2046 = ORIENTED_EDGE('',*,*,#2047,.T.);
#2047 = EDGE_CURVE('',#2040,#2040,#2048,.T.);
#2048 = CIRCLE('',#2049,1.63195);
#2049 = AXIS2_PLACEMENT_3D('',#2050,#2051,#2052);
#2050 = CARTESIAN_POINT('',(156.58,-120.6,-1.6));
#2051 = DIRECTION('',(0.,0.,1.));
#2052 = DIRECTION('',(1.,0.,-0.));
#2053 = ORIENTED_EDGE('',*,*,#2037,.F.);
#2054 = ORIENTED_EDGE('',*,*,#2055,.F.);
#2055 = EDGE_CURVE('',#2038,#2038,#2056,.T.);
#2056 = CIRCLE('',#2057,1.63195);
#2057 = AXIS2_PLACEMENT_3D('',#2058,#2059,#2060);
#2058 = CARTESIAN_POINT('',(156.58,-120.6,0.));
#2059 = DIRECTION('',(0.,0.,1.));
#2060 = DIRECTION('',(1.,0.,-0.));
#2061 = CYLINDRICAL_SURFACE('',#2062,1.63195);
#2062 = AXIS2_PLACEMENT_3D('',#2063,#2064,#2065);
#2063 = CARTESIAN_POINT('',(156.58,-120.6,0.));
#2064 = DIRECTION('',(0.,0.,1.));
#2065 = DIRECTION('',(1.,0.,-0.));
#2066 = ADVANCED_FACE('',(#2067),#2094,.F.);
#2067 = FACE_BOUND('',#2068,.F.);
#2068 = EDGE_LOOP('',(#2069,#2079,#2086,#2087));
#2069 = ORIENTED_EDGE('',*,*,#2070,.T.);
#2070 = EDGE_CURVE('',#2071,#2073,#2075,.T.);
#2071 = VERTEX_POINT('',#2072);
#2072 = CARTESIAN_POINT('',(124.661,-149.87,0.));
#2073 = VERTEX_POINT('',#2074);
#2074 = CARTESIAN_POINT('',(124.661,-149.87,-1.6));
#2075 = LINE('',#2076,#2077);
#2076 = CARTESIAN_POINT('',(124.661,-149.87,0.));
#2077 = VECTOR('',#2078,1.);
#2078 = DIRECTION('',(0.,0.,-1.));
#2079 = ORIENTED_EDGE('',*,*,#2080,.T.);
#2080 = EDGE_CURVE('',#2073,#2073,#2081,.T.);
#2081 = CIRCLE('',#2082,0.381);
#2082 = AXIS2_PLACEMENT_3D('',#2083,#2084,#2085);
#2083 = CARTESIAN_POINT('',(124.28,-149.87,-1.6));
#2084 = DIRECTION('',(0.,0.,1.));
#2085 = DIRECTION('',(1.,0.,-0.));
#2086 = ORIENTED_EDGE('',*,*,#2070,.F.);
#2087 = ORIENTED_EDGE('',*,*,#2088,.F.);
#2088 = EDGE_CURVE('',#2071,#2071,#2089,.T.);
#2089 = CIRCLE('',#2090,0.381);
#2090 = AXIS2_PLACEMENT_3D('',#2091,#2092,#2093);
#2091 = CARTESIAN_POINT('',(124.28,-149.87,0.));
#2092 = DIRECTION('',(0.,0.,1.));
#2093 = DIRECTION('',(1.,0.,-0.));
#2094 = CYLINDRICAL_SURFACE('',#2095,0.381);
#2095 = AXIS2_PLACEMENT_3D('',#2096,#2097,#2098);
#2096 = CARTESIAN_POINT('',(124.28,-149.87,0.));
#2097 = DIRECTION('',(0.,0.,1.));
#2098 = DIRECTION('',(1.,0.,-0.));
#2099 = ADVANCED_FACE('',(#2100),#2127,.F.);
#2100 = FACE_BOUND('',#2101,.F.);
#2101 = EDGE_LOOP('',(#2102,#2112,#2119,#2120));
#2102 = ORIENTED_EDGE('',*,*,#2103,.T.);
#2103 = EDGE_CURVE('',#2104,#2106,#2108,.T.);
#2104 = VERTEX_POINT('',#2105);
#2105 = CARTESIAN_POINT('',(125.931,-147.33,0.));
#2106 = VERTEX_POINT('',#2107);
#2107 = CARTESIAN_POINT('',(125.931,-147.33,-1.6));
#2108 = LINE('',#2109,#2110);
#2109 = CARTESIAN_POINT('',(125.931,-147.33,0.));
#2110 = VECTOR('',#2111,1.);
#2111 = DIRECTION('',(0.,0.,-1.));
#2112 = ORIENTED_EDGE('',*,*,#2113,.T.);
#2113 = EDGE_CURVE('',#2106,#2106,#2114,.T.);
#2114 = CIRCLE('',#2115,0.381);
#2115 = AXIS2_PLACEMENT_3D('',#2116,#2117,#2118);
#2116 = CARTESIAN_POINT('',(125.55,-147.33,-1.6));
#2117 = DIRECTION('',(0.,0.,1.));
#2118 = DIRECTION('',(1.,0.,-0.));
#2119 = ORIENTED_EDGE('',*,*,#2103,.F.);
#2120 = ORIENTED_EDGE('',*,*,#2121,.F.);
#2121 = EDGE_CURVE('',#2104,#2104,#2122,.T.);
#2122 = CIRCLE('',#2123,0.381);
#2123 = AXIS2_PLACEMENT_3D('',#2124,#2125,#2126);
#2124 = CARTESIAN_POINT('',(125.55,-147.33,0.));
#2125 = DIRECTION('',(0.,0.,1.));
#2126 = DIRECTION('',(1.,0.,-0.));
#2127 = CYLINDRICAL_SURFACE('',#2128,0.381);
#2128 = AXIS2_PLACEMENT_3D('',#2129,#2130,#2131);
#2129 = CARTESIAN_POINT('',(125.55,-147.33,0.));
#2130 = DIRECTION('',(0.,0.,1.));
#2131 = DIRECTION('',(1.,0.,-0.));
#2132 = ADVANCED_FACE('',(#2133),#2160,.F.);
#2133 = FACE_BOUND('',#2134,.F.);
#2134 = EDGE_LOOP('',(#2135,#2145,#2152,#2153));
#2135 = ORIENTED_EDGE('',*,*,#2136,.T.);
#2136 = EDGE_CURVE('',#2137,#2139,#2141,.T.);
#2137 = VERTEX_POINT('',#2138);
#2138 = CARTESIAN_POINT('',(123.391,-147.33,0.));
#2139 = VERTEX_POINT('',#2140);
#2140 = CARTESIAN_POINT('',(123.391,-147.33,-1.6));
#2141 = LINE('',#2142,#2143);
#2142 = CARTESIAN_POINT('',(123.391,-147.33,0.));
#2143 = VECTOR('',#2144,1.);
#2144 = DIRECTION('',(0.,0.,-1.));
#2145 = ORIENTED_EDGE('',*,*,#2146,.T.);
#2146 = EDGE_CURVE('',#2139,#2139,#2147,.T.);
#2147 = CIRCLE('',#2148,0.381);
#2148 = AXIS2_PLACEMENT_3D('',#2149,#2150,#2151);
#2149 = CARTESIAN_POINT('',(123.01,-147.33,-1.6));
#2150 = DIRECTION('',(0.,0.,1.));
#2151 = DIRECTION('',(1.,0.,-0.));
#2152 = ORIENTED_EDGE('',*,*,#2136,.F.);
#2153 = ORIENTED_EDGE('',*,*,#2154,.F.);
#2154 = EDGE_CURVE('',#2137,#2137,#2155,.T.);
#2155 = CIRCLE('',#2156,0.381);
#2156 = AXIS2_PLACEMENT_3D('',#2157,#2158,#2159);
#2157 = CARTESIAN_POINT('',(123.01,-147.33,0.));
#2158 = DIRECTION('',(0.,0.,1.));
#2159 = DIRECTION('',(1.,0.,-0.));
#2160 = CYLINDRICAL_SURFACE('',#2161,0.381);
#2161 = AXIS2_PLACEMENT_3D('',#2162,#2163,#2164);
#2162 = CARTESIAN_POINT('',(123.01,-147.33,0.));
#2163 = DIRECTION('',(0.,0.,1.));
#2164 = DIRECTION('',(1.,0.,-0.));
#2165 = ADVANCED_FACE('',(#2166),#2193,.F.);
#2166 = FACE_BOUND('',#2167,.F.);
#2167 = EDGE_LOOP('',(#2168,#2178,#2185,#2186));
#2168 = ORIENTED_EDGE('',*,*,#2169,.T.);
#2169 = EDGE_CURVE('',#2170,#2172,#2174,.T.);
#2170 = VERTEX_POINT('',#2171);
#2171 = CARTESIAN_POINT('',(122.121,-149.87,0.));
#2172 = VERTEX_POINT('',#2173);
#2173 = CARTESIAN_POINT('',(122.121,-149.87,-1.6));
#2174 = LINE('',#2175,#2176);
#2175 = CARTESIAN_POINT('',(122.121,-149.87,0.));
#2176 = VECTOR('',#2177,1.);
#2177 = DIRECTION('',(0.,0.,-1.));
#2178 = ORIENTED_EDGE('',*,*,#2179,.T.);
#2179 = EDGE_CURVE('',#2172,#2172,#2180,.T.);
#2180 = CIRCLE('',#2181,0.381);
#2181 = AXIS2_PLACEMENT_3D('',#2182,#2183,#2184);
#2182 = CARTESIAN_POINT('',(121.74,-149.87,-1.6));
#2183 = DIRECTION('',(0.,0.,1.));
#2184 = DIRECTION('',(1.,0.,-0.));
#2185 = ORIENTED_EDGE('',*,*,#2169,.F.);
#2186 = ORIENTED_EDGE('',*,*,#2187,.F.);
#2187 = EDGE_CURVE('',#2170,#2170,#2188,.T.);
#2188 = CIRCLE('',#2189,0.381);
#2189 = AXIS2_PLACEMENT_3D('',#2190,#2191,#2192);
#2190 = CARTESIAN_POINT('',(121.74,-149.87,0.));
#2191 = DIRECTION('',(0.,0.,1.));
#2192 = DIRECTION('',(1.,0.,-0.));
#2193 = CYLINDRICAL_SURFACE('',#2194,0.381);
#2194 = AXIS2_PLACEMENT_3D('',#2195,#2196,#2197);
#2195 = CARTESIAN_POINT('',(121.74,-149.87,0.));
#2196 = DIRECTION('',(0.,0.,1.));
#2197 = DIRECTION('',(1.,0.,-0.));
#2198 = ADVANCED_FACE('',(#2199),#2226,.F.);
#2199 = FACE_BOUND('',#2200,.F.);
#2200 = EDGE_LOOP('',(#2201,#2211,#2218,#2219));
#2201 = ORIENTED_EDGE('',*,*,#2202,.T.);
#2202 = EDGE_CURVE('',#2203,#2205,#2207,.T.);
#2203 = VERTEX_POINT('',#2204);
#2204 = CARTESIAN_POINT('',(119.581,-149.87,0.));
#2205 = VERTEX_POINT('',#2206);
#2206 = CARTESIAN_POINT('',(119.581,-149.87,-1.6));
#2207 = LINE('',#2208,#2209);
#2208 = CARTESIAN_POINT('',(119.581,-149.87,0.));
#2209 = VECTOR('',#2210,1.);
#2210 = DIRECTION('',(0.,0.,-1.));
#2211 = ORIENTED_EDGE('',*,*,#2212,.T.);
#2212 = EDGE_CURVE('',#2205,#2205,#2213,.T.);
#2213 = CIRCLE('',#2214,0.381);
#2214 = AXIS2_PLACEMENT_3D('',#2215,#2216,#2217);
#2215 = CARTESIAN_POINT('',(119.2,-149.87,-1.6));
#2216 = DIRECTION('',(0.,0.,1.));
#2217 = DIRECTION('',(1.,0.,-0.));
#2218 = ORIENTED_EDGE('',*,*,#2202,.F.);
#2219 = ORIENTED_EDGE('',*,*,#2220,.F.);
#2220 = EDGE_CURVE('',#2203,#2203,#2221,.T.);
#2221 = CIRCLE('',#2222,0.381);
#2222 = AXIS2_PLACEMENT_3D('',#2223,#2224,#2225);
#2223 = CARTESIAN_POINT('',(119.2,-149.87,0.));
#2224 = DIRECTION('',(0.,0.,1.));
#2225 = DIRECTION('',(1.,0.,-0.));
#2226 = CYLINDRICAL_SURFACE('',#2227,0.381);
#2227 = AXIS2_PLACEMENT_3D('',#2228,#2229,#2230);
#2228 = CARTESIAN_POINT('',(119.2,-149.87,0.));
#2229 = DIRECTION('',(0.,0.,1.));
#2230 = DIRECTION('',(1.,0.,-0.));
#2231 = ADVANCED_FACE('',(#2232),#2259,.F.);
#2232 = FACE_BOUND('',#2233,.F.);
#2233 = EDGE_LOOP('',(#2234,#2244,#2251,#2252));
#2234 = ORIENTED_EDGE('',*,*,#2235,.T.);
#2235 = EDGE_CURVE('',#2236,#2238,#2240,.T.);
#2236 = VERTEX_POINT('',#2237);
#2237 = CARTESIAN_POINT('',(120.851,-147.33,0.));
#2238 = VERTEX_POINT('',#2239);
#2239 = CARTESIAN_POINT('',(120.851,-147.33,-1.6));
#2240 = LINE('',#2241,#2242);
#2241 = CARTESIAN_POINT('',(120.851,-147.33,0.));
#2242 = VECTOR('',#2243,1.);
#2243 = DIRECTION('',(0.,0.,-1.));
#2244 = ORIENTED_EDGE('',*,*,#2245,.T.);
#2245 = EDGE_CURVE('',#2238,#2238,#2246,.T.);
#2246 = CIRCLE('',#2247,0.381);
#2247 = AXIS2_PLACEMENT_3D('',#2248,#2249,#2250);
#2248 = CARTESIAN_POINT('',(120.47,-147.33,-1.6));
#2249 = DIRECTION('',(0.,0.,1.));
#2250 = DIRECTION('',(1.,0.,-0.));
#2251 = ORIENTED_EDGE('',*,*,#2235,.F.);
#2252 = ORIENTED_EDGE('',*,*,#2253,.F.);
#2253 = EDGE_CURVE('',#2236,#2236,#2254,.T.);
#2254 = CIRCLE('',#2255,0.381);
#2255 = AXIS2_PLACEMENT_3D('',#2256,#2257,#2258);
#2256 = CARTESIAN_POINT('',(120.47,-147.33,0.));
#2257 = DIRECTION('',(0.,0.,1.));
#2258 = DIRECTION('',(1.,0.,-0.));
#2259 = CYLINDRICAL_SURFACE('',#2260,0.381);
#2260 = AXIS2_PLACEMENT_3D('',#2261,#2262,#2263);
#2261 = CARTESIAN_POINT('',(120.47,-147.33,0.));
#2262 = DIRECTION('',(0.,0.,1.));
#2263 = DIRECTION('',(1.,0.,-0.));
#2264 = ADVANCED_FACE('',(#2265),#2292,.F.);
#2265 = FACE_BOUND('',#2266,.F.);
#2266 = EDGE_LOOP('',(#2267,#2277,#2284,#2285));
#2267 = ORIENTED_EDGE('',*,*,#2268,.T.);
#2268 = EDGE_CURVE('',#2269,#2271,#2273,.T.);
#2269 = VERTEX_POINT('',#2270);
#2270 = CARTESIAN_POINT('',(124.765,-138.34,0.));
#2271 = VERTEX_POINT('',#2272);
#2272 = CARTESIAN_POINT('',(124.765,-138.34,-1.6));
#2273 = LINE('',#2274,#2275);
#2274 = CARTESIAN_POINT('',(124.765,-138.34,0.));
#2275 = VECTOR('',#2276,1.);
#2276 = DIRECTION('',(0.,0.,-1.));
#2277 = ORIENTED_EDGE('',*,*,#2278,.T.);
#2278 = EDGE_CURVE('',#2271,#2271,#2279,.T.);
#2279 = CIRCLE('',#2280,0.355);
#2280 = AXIS2_PLACEMENT_3D('',#2281,#2282,#2283);
#2281 = CARTESIAN_POINT('',(124.41,-138.34,-1.6));
#2282 = DIRECTION('',(0.,0.,1.));
#2283 = DIRECTION('',(1.,0.,-0.));
#2284 = ORIENTED_EDGE('',*,*,#2268,.F.);
#2285 = ORIENTED_EDGE('',*,*,#2286,.F.);
#2286 = EDGE_CURVE('',#2269,#2269,#2287,.T.);
#2287 = CIRCLE('',#2288,0.355);
#2288 = AXIS2_PLACEMENT_3D('',#2289,#2290,#2291);
#2289 = CARTESIAN_POINT('',(124.41,-138.34,0.));
#2290 = DIRECTION('',(0.,0.,1.));
#2291 = DIRECTION('',(1.,0.,-0.));
#2292 = CYLINDRICAL_SURFACE('',#2293,0.355);
#2293 = AXIS2_PLACEMENT_3D('',#2294,#2295,#2296);
#2294 = CARTESIAN_POINT('',(124.41,-138.34,0.));
#2295 = DIRECTION('',(0.,0.,1.));
#2296 = DIRECTION('',(1.,0.,-0.));
#2297 = ADVANCED_FACE('',(#2298),#2325,.F.);
#2298 = FACE_BOUND('',#2299,.F.);
#2299 = EDGE_LOOP('',(#2300,#2310,#2317,#2318));
#2300 = ORIENTED_EDGE('',*,*,#2301,.T.);
#2301 = EDGE_CURVE('',#2302,#2304,#2306,.T.);
#2302 = VERTEX_POINT('',#2303);
#2303 = CARTESIAN_POINT('',(122.225,-138.34,0.));
#2304 = VERTEX_POINT('',#2305);
#2305 = CARTESIAN_POINT('',(122.225,-138.34,-1.6));
#2306 = LINE('',#2307,#2308);
#2307 = CARTESIAN_POINT('',(122.225,-138.34,0.));
#2308 = VECTOR('',#2309,1.);
#2309 = DIRECTION('',(0.,0.,-1.));
#2310 = ORIENTED_EDGE('',*,*,#2311,.T.);
#2311 = EDGE_CURVE('',#2304,#2304,#2312,.T.);
#2312 = CIRCLE('',#2313,0.355);
#2313 = AXIS2_PLACEMENT_3D('',#2314,#2315,#2316);
#2314 = CARTESIAN_POINT('',(121.87,-138.34,-1.6));
#2315 = DIRECTION('',(0.,0.,1.));
#2316 = DIRECTION('',(1.,0.,-0.));
#2317 = ORIENTED_EDGE('',*,*,#2301,.F.);
#2318 = ORIENTED_EDGE('',*,*,#2319,.F.);
#2319 = EDGE_CURVE('',#2302,#2302,#2320,.T.);
#2320 = CIRCLE('',#2321,0.355);
#2321 = AXIS2_PLACEMENT_3D('',#2322,#2323,#2324);
#2322 = CARTESIAN_POINT('',(121.87,-138.34,0.));
#2323 = DIRECTION('',(0.,0.,1.));
#2324 = DIRECTION('',(1.,0.,-0.));
#2325 = CYLINDRICAL_SURFACE('',#2326,0.355);
#2326 = AXIS2_PLACEMENT_3D('',#2327,#2328,#2329);
#2327 = CARTESIAN_POINT('',(121.87,-138.34,0.));
#2328 = DIRECTION('',(0.,0.,1.));
#2329 = DIRECTION('',(1.,0.,-0.));
#2330 = ADVANCED_FACE('',(#2331),#2358,.F.);
#2331 = FACE_BOUND('',#2332,.F.);
#2332 = EDGE_LOOP('',(#2333,#2343,#2350,#2351));
#2333 = ORIENTED_EDGE('',*,*,#2334,.T.);
#2334 = EDGE_CURVE('',#2335,#2337,#2339,.T.);
#2335 = VERTEX_POINT('',#2336);
#2336 = CARTESIAN_POINT('',(119.685,-138.34,0.));
#2337 = VERTEX_POINT('',#2338);
#2338 = CARTESIAN_POINT('',(119.685,-138.34,-1.6));
#2339 = LINE('',#2340,#2341);
#2340 = CARTESIAN_POINT('',(119.685,-138.34,0.));
#2341 = VECTOR('',#2342,1.);
#2342 = DIRECTION('',(0.,0.,-1.));
#2343 = ORIENTED_EDGE('',*,*,#2344,.T.);
#2344 = EDGE_CURVE('',#2337,#2337,#2345,.T.);
#2345 = CIRCLE('',#2346,0.355);
#2346 = AXIS2_PLACEMENT_3D('',#2347,#2348,#2349);
#2347 = CARTESIAN_POINT('',(119.33,-138.34,-1.6));
#2348 = DIRECTION('',(0.,0.,1.));
#2349 = DIRECTION('',(1.,0.,-0.));
#2350 = ORIENTED_EDGE('',*,*,#2334,.F.);
#2351 = ORIENTED_EDGE('',*,*,#2352,.F.);
#2352 = EDGE_CURVE('',#2335,#2335,#2353,.T.);
#2353 = CIRCLE('',#2354,0.355);
#2354 = AXIS2_PLACEMENT_3D('',#2355,#2356,#2357);
#2355 = CARTESIAN_POINT('',(119.33,-138.34,0.));
#2356 = DIRECTION('',(0.,0.,1.));
#2357 = DIRECTION('',(1.,0.,-0.));
#2358 = CYLINDRICAL_SURFACE('',#2359,0.355);
#2359 = AXIS2_PLACEMENT_3D('',#2360,#2361,#2362);
#2360 = CARTESIAN_POINT('',(119.33,-138.34,0.));
#2361 = DIRECTION('',(0.,0.,1.));
#2362 = DIRECTION('',(1.,0.,-0.));
#2363 = ADVANCED_FACE('',(#2364),#2391,.F.);
#2364 = FACE_BOUND('',#2365,.F.);
#2365 = EDGE_LOOP('',(#2366,#2376,#2383,#2384));
#2366 = ORIENTED_EDGE('',*,*,#2367,.T.);
#2367 = EDGE_CURVE('',#2368,#2370,#2372,.T.);
#2368 = VERTEX_POINT('',#2369);
#2369 = CARTESIAN_POINT('',(117.041,-149.87,0.));
#2370 = VERTEX_POINT('',#2371);
#2371 = CARTESIAN_POINT('',(117.041,-149.87,-1.6));
#2372 = LINE('',#2373,#2374);
#2373 = CARTESIAN_POINT('',(117.041,-149.87,0.));
#2374 = VECTOR('',#2375,1.);
#2375 = DIRECTION('',(0.,0.,-1.));
#2376 = ORIENTED_EDGE('',*,*,#2377,.T.);
#2377 = EDGE_CURVE('',#2370,#2370,#2378,.T.);
#2378 = CIRCLE('',#2379,0.381);
#2379 = AXIS2_PLACEMENT_3D('',#2380,#2381,#2382);
#2380 = CARTESIAN_POINT('',(116.66,-149.87,-1.6));
#2381 = DIRECTION('',(0.,0.,1.));
#2382 = DIRECTION('',(1.,0.,-0.));
#2383 = ORIENTED_EDGE('',*,*,#2367,.F.);
#2384 = ORIENTED_EDGE('',*,*,#2385,.F.);
#2385 = EDGE_CURVE('',#2368,#2368,#2386,.T.);
#2386 = CIRCLE('',#2387,0.381);
#2387 = AXIS2_PLACEMENT_3D('',#2388,#2389,#2390);
#2388 = CARTESIAN_POINT('',(116.66,-149.87,0.));
#2389 = DIRECTION('',(0.,0.,1.));
#2390 = DIRECTION('',(1.,0.,-0.));
#2391 = CYLINDRICAL_SURFACE('',#2392,0.381);
#2392 = AXIS2_PLACEMENT_3D('',#2393,#2394,#2395);
#2393 = CARTESIAN_POINT('',(116.66,-149.87,0.));
#2394 = DIRECTION('',(0.,0.,1.));
#2395 = DIRECTION('',(1.,0.,-0.));
#2396 = ADVANCED_FACE('',(#2397),#2424,.F.);
#2397 = FACE_BOUND('',#2398,.F.);
#2398 = EDGE_LOOP('',(#2399,#2409,#2416,#2417));
#2399 = ORIENTED_EDGE('',*,*,#2400,.T.);
#2400 = EDGE_CURVE('',#2401,#2403,#2405,.T.);
#2401 = VERTEX_POINT('',#2402);
#2402 = CARTESIAN_POINT('',(118.311,-147.33,0.));
#2403 = VERTEX_POINT('',#2404);
#2404 = CARTESIAN_POINT('',(118.311,-147.33,-1.6));
#2405 = LINE('',#2406,#2407);
#2406 = CARTESIAN_POINT('',(118.311,-147.33,0.));
#2407 = VECTOR('',#2408,1.);
#2408 = DIRECTION('',(0.,0.,-1.));
#2409 = ORIENTED_EDGE('',*,*,#2410,.T.);
#2410 = EDGE_CURVE('',#2403,#2403,#2411,.T.);
#2411 = CIRCLE('',#2412,0.381);
#2412 = AXIS2_PLACEMENT_3D('',#2413,#2414,#2415);
#2413 = CARTESIAN_POINT('',(117.93,-147.33,-1.6));
#2414 = DIRECTION('',(0.,0.,1.));
#2415 = DIRECTION('',(1.,0.,-0.));
#2416 = ORIENTED_EDGE('',*,*,#2400,.F.);
#2417 = ORIENTED_EDGE('',*,*,#2418,.F.);
#2418 = EDGE_CURVE('',#2401,#2401,#2419,.T.);
#2419 = CIRCLE('',#2420,0.381);
#2420 = AXIS2_PLACEMENT_3D('',#2421,#2422,#2423);
#2421 = CARTESIAN_POINT('',(117.93,-147.33,0.));
#2422 = DIRECTION('',(0.,0.,1.));
#2423 = DIRECTION('',(1.,0.,-0.));
#2424 = CYLINDRICAL_SURFACE('',#2425,0.381);
#2425 = AXIS2_PLACEMENT_3D('',#2426,#2427,#2428);
#2426 = CARTESIAN_POINT('',(117.93,-147.33,0.));
#2427 = DIRECTION('',(0.,0.,1.));
#2428 = DIRECTION('',(1.,0.,-0.));
#2429 = ADVANCED_FACE('',(#2430),#2457,.F.);
#2430 = FACE_BOUND('',#2431,.F.);
#2431 = EDGE_LOOP('',(#2432,#2442,#2449,#2450));
#2432 = ORIENTED_EDGE('',*,*,#2433,.T.);
#2433 = EDGE_CURVE('',#2434,#2436,#2438,.T.);
#2434 = VERTEX_POINT('',#2435);
#2435 = CARTESIAN_POINT('',(115.771,-147.33,0.));
#2436 = VERTEX_POINT('',#2437);
#2437 = CARTESIAN_POINT('',(115.771,-147.33,-1.6));
#2438 = LINE('',#2439,#2440);
#2439 = CARTESIAN_POINT('',(115.771,-147.33,0.));
#2440 = VECTOR('',#2441,1.);
#2441 = DIRECTION('',(0.,0.,-1.));
#2442 = ORIENTED_EDGE('',*,*,#2443,.T.);
#2443 = EDGE_CURVE('',#2436,#2436,#2444,.T.);
#2444 = CIRCLE('',#2445,0.381);
#2445 = AXIS2_PLACEMENT_3D('',#2446,#2447,#2448);
#2446 = CARTESIAN_POINT('',(115.39,-147.33,-1.6));
#2447 = DIRECTION('',(0.,0.,1.));
#2448 = DIRECTION('',(1.,0.,-0.));
#2449 = ORIENTED_EDGE('',*,*,#2433,.F.);
#2450 = ORIENTED_EDGE('',*,*,#2451,.F.);
#2451 = EDGE_CURVE('',#2434,#2434,#2452,.T.);
#2452 = CIRCLE('',#2453,0.381);
#2453 = AXIS2_PLACEMENT_3D('',#2454,#2455,#2456);
#2454 = CARTESIAN_POINT('',(115.39,-147.33,0.));
#2455 = DIRECTION('',(0.,0.,1.));
#2456 = DIRECTION('',(1.,0.,-0.));
#2457 = CYLINDRICAL_SURFACE('',#2458,0.381);
#2458 = AXIS2_PLACEMENT_3D('',#2459,#2460,#2461);
#2459 = CARTESIAN_POINT('',(115.39,-147.33,0.));
#2460 = DIRECTION('',(0.,0.,1.));
#2461 = DIRECTION('',(1.,0.,-0.));
#2462 = ADVANCED_FACE('',(#2463),#2490,.F.);
#2463 = FACE_BOUND('',#2464,.F.);
#2464 = EDGE_LOOP('',(#2465,#2475,#2482,#2483));
#2465 = ORIENTED_EDGE('',*,*,#2466,.T.);
#2466 = EDGE_CURVE('',#2467,#2469,#2471,.T.);
#2467 = VERTEX_POINT('',#2468);
#2468 = CARTESIAN_POINT('',(114.501,-149.87,0.));
#2469 = VERTEX_POINT('',#2470);
#2470 = CARTESIAN_POINT('',(114.501,-149.87,-1.6));
#2471 = LINE('',#2472,#2473);
#2472 = CARTESIAN_POINT('',(114.501,-149.87,0.));
#2473 = VECTOR('',#2474,1.);
#2474 = DIRECTION('',(0.,0.,-1.));
#2475 = ORIENTED_EDGE('',*,*,#2476,.T.);
#2476 = EDGE_CURVE('',#2469,#2469,#2477,.T.);
#2477 = CIRCLE('',#2478,0.381);
#2478 = AXIS2_PLACEMENT_3D('',#2479,#2480,#2481);
#2479 = CARTESIAN_POINT('',(114.12,-149.87,-1.6));
#2480 = DIRECTION('',(0.,0.,1.));
#2481 = DIRECTION('',(1.,0.,-0.));
#2482 = ORIENTED_EDGE('',*,*,#2466,.F.);
#2483 = ORIENTED_EDGE('',*,*,#2484,.F.);
#2484 = EDGE_CURVE('',#2467,#2467,#2485,.T.);
#2485 = CIRCLE('',#2486,0.381);
#2486 = AXIS2_PLACEMENT_3D('',#2487,#2488,#2489);
#2487 = CARTESIAN_POINT('',(114.12,-149.87,0.));
#2488 = DIRECTION('',(0.,0.,1.));
#2489 = DIRECTION('',(1.,0.,-0.));
#2490 = CYLINDRICAL_SURFACE('',#2491,0.381);
#2491 = AXIS2_PLACEMENT_3D('',#2492,#2493,#2494);
#2492 = CARTESIAN_POINT('',(114.12,-149.87,0.));
#2493 = DIRECTION('',(0.,0.,1.));
#2494 = DIRECTION('',(1.,0.,-0.));
#2495 = ADVANCED_FACE('',(#2496),#2523,.F.);
#2496 = FACE_BOUND('',#2497,.F.);
#2497 = EDGE_LOOP('',(#2498,#2508,#2515,#2516));
#2498 = ORIENTED_EDGE('',*,*,#2499,.T.);
#2499 = EDGE_CURVE('',#2500,#2502,#2504,.T.);
#2500 = VERTEX_POINT('',#2501);
#2501 = CARTESIAN_POINT('',(111.961,-149.87,0.));
#2502 = VERTEX_POINT('',#2503);
#2503 = CARTESIAN_POINT('',(111.961,-149.87,-1.6));
#2504 = LINE('',#2505,#2506);
#2505 = CARTESIAN_POINT('',(111.961,-149.87,0.));
#2506 = VECTOR('',#2507,1.);
#2507 = DIRECTION('',(0.,0.,-1.));
#2508 = ORIENTED_EDGE('',*,*,#2509,.T.);
#2509 = EDGE_CURVE('',#2502,#2502,#2510,.T.);
#2510 = CIRCLE('',#2511,0.381);
#2511 = AXIS2_PLACEMENT_3D('',#2512,#2513,#2514);
#2512 = CARTESIAN_POINT('',(111.58,-149.87,-1.6));
#2513 = DIRECTION('',(0.,0.,1.));
#2514 = DIRECTION('',(1.,0.,-0.));
#2515 = ORIENTED_EDGE('',*,*,#2499,.F.);
#2516 = ORIENTED_EDGE('',*,*,#2517,.F.);
#2517 = EDGE_CURVE('',#2500,#2500,#2518,.T.);
#2518 = CIRCLE('',#2519,0.381);
#2519 = AXIS2_PLACEMENT_3D('',#2520,#2521,#2522);
#2520 = CARTESIAN_POINT('',(111.58,-149.87,0.));
#2521 = DIRECTION('',(0.,0.,1.));
#2522 = DIRECTION('',(1.,0.,-0.));
#2523 = CYLINDRICAL_SURFACE('',#2524,0.381);
#2524 = AXIS2_PLACEMENT_3D('',#2525,#2526,#2527);
#2525 = CARTESIAN_POINT('',(111.58,-149.87,0.));
#2526 = DIRECTION('',(0.,0.,1.));
#2527 = DIRECTION('',(1.,0.,-0.));
#2528 = ADVANCED_FACE('',(#2529),#2556,.F.);
#2529 = FACE_BOUND('',#2530,.F.);
#2530 = EDGE_LOOP('',(#2531,#2541,#2548,#2549));
#2531 = ORIENTED_EDGE('',*,*,#2532,.T.);
#2532 = EDGE_CURVE('',#2533,#2535,#2537,.T.);
#2533 = VERTEX_POINT('',#2534);
#2534 = CARTESIAN_POINT('',(113.231,-147.33,0.));
#2535 = VERTEX_POINT('',#2536);
#2536 = CARTESIAN_POINT('',(113.231,-147.33,-1.6));
#2537 = LINE('',#2538,#2539);
#2538 = CARTESIAN_POINT('',(113.231,-147.33,0.));
#2539 = VECTOR('',#2540,1.);
#2540 = DIRECTION('',(0.,0.,-1.));
#2541 = ORIENTED_EDGE('',*,*,#2542,.T.);
#2542 = EDGE_CURVE('',#2535,#2535,#2543,.T.);
#2543 = CIRCLE('',#2544,0.381);
#2544 = AXIS2_PLACEMENT_3D('',#2545,#2546,#2547);
#2545 = CARTESIAN_POINT('',(112.85,-147.33,-1.6));
#2546 = DIRECTION('',(0.,0.,1.));
#2547 = DIRECTION('',(1.,0.,-0.));
#2548 = ORIENTED_EDGE('',*,*,#2532,.F.);
#2549 = ORIENTED_EDGE('',*,*,#2550,.F.);
#2550 = EDGE_CURVE('',#2533,#2533,#2551,.T.);
#2551 = CIRCLE('',#2552,0.381);
#2552 = AXIS2_PLACEMENT_3D('',#2553,#2554,#2555);
#2553 = CARTESIAN_POINT('',(112.85,-147.33,0.));
#2554 = DIRECTION('',(0.,0.,1.));
#2555 = DIRECTION('',(1.,0.,-0.));
#2556 = CYLINDRICAL_SURFACE('',#2557,0.381);
#2557 = AXIS2_PLACEMENT_3D('',#2558,#2559,#2560);
#2558 = CARTESIAN_POINT('',(112.85,-147.33,0.));
#2559 = DIRECTION('',(0.,0.,1.));
#2560 = DIRECTION('',(1.,0.,-0.));
#2561 = ADVANCED_FACE('',(#2562),#2589,.F.);
#2562 = FACE_BOUND('',#2563,.F.);
#2563 = EDGE_LOOP('',(#2564,#2574,#2581,#2582));
#2564 = ORIENTED_EDGE('',*,*,#2565,.T.);
#2565 = EDGE_CURVE('',#2566,#2568,#2570,.T.);
#2566 = VERTEX_POINT('',#2567);
#2567 = CARTESIAN_POINT('',(117.145,-138.34,0.));
#2568 = VERTEX_POINT('',#2569);
#2569 = CARTESIAN_POINT('',(117.145,-138.34,-1.6));
#2570 = LINE('',#2571,#2572);
#2571 = CARTESIAN_POINT('',(117.145,-138.34,0.));
#2572 = VECTOR('',#2573,1.);
#2573 = DIRECTION('',(0.,0.,-1.));
#2574 = ORIENTED_EDGE('',*,*,#2575,.T.);
#2575 = EDGE_CURVE('',#2568,#2568,#2576,.T.);
#2576 = CIRCLE('',#2577,0.355);
#2577 = AXIS2_PLACEMENT_3D('',#2578,#2579,#2580);
#2578 = CARTESIAN_POINT('',(116.79,-138.34,-1.6));
#2579 = DIRECTION('',(0.,0.,1.));
#2580 = DIRECTION('',(1.,0.,-0.));
#2581 = ORIENTED_EDGE('',*,*,#2565,.F.);
#2582 = ORIENTED_EDGE('',*,*,#2583,.F.);
#2583 = EDGE_CURVE('',#2566,#2566,#2584,.T.);
#2584 = CIRCLE('',#2585,0.355);
#2585 = AXIS2_PLACEMENT_3D('',#2586,#2587,#2588);
#2586 = CARTESIAN_POINT('',(116.79,-138.34,0.));
#2587 = DIRECTION('',(0.,0.,1.));
#2588 = DIRECTION('',(1.,0.,-0.));
#2589 = CYLINDRICAL_SURFACE('',#2590,0.355);
#2590 = AXIS2_PLACEMENT_3D('',#2591,#2592,#2593);
#2591 = CARTESIAN_POINT('',(116.79,-138.34,0.));
#2592 = DIRECTION('',(0.,0.,1.));
#2593 = DIRECTION('',(1.,0.,-0.));
#2594 = ADVANCED_FACE('',(#2595),#2622,.F.);
#2595 = FACE_BOUND('',#2596,.F.);
#2596 = EDGE_LOOP('',(#2597,#2607,#2614,#2615));
#2597 = ORIENTED_EDGE('',*,*,#2598,.T.);
#2598 = EDGE_CURVE('',#2599,#2601,#2603,.T.);
#2599 = VERTEX_POINT('',#2600);
#2600 = CARTESIAN_POINT('',(114.605,-138.34,0.));
#2601 = VERTEX_POINT('',#2602);
#2602 = CARTESIAN_POINT('',(114.605,-138.34,-1.6));
#2603 = LINE('',#2604,#2605);
#2604 = CARTESIAN_POINT('',(114.605,-138.34,0.));
#2605 = VECTOR('',#2606,1.);
#2606 = DIRECTION('',(0.,0.,-1.));
#2607 = ORIENTED_EDGE('',*,*,#2608,.T.);
#2608 = EDGE_CURVE('',#2601,#2601,#2609,.T.);
#2609 = CIRCLE('',#2610,0.355);
#2610 = AXIS2_PLACEMENT_3D('',#2611,#2612,#2613);
#2611 = CARTESIAN_POINT('',(114.25,-138.34,-1.6));
#2612 = DIRECTION('',(0.,0.,1.));
#2613 = DIRECTION('',(1.,0.,-0.));
#2614 = ORIENTED_EDGE('',*,*,#2598,.F.);
#2615 = ORIENTED_EDGE('',*,*,#2616,.F.);
#2616 = EDGE_CURVE('',#2599,#2599,#2617,.T.);
#2617 = CIRCLE('',#2618,0.355);
#2618 = AXIS2_PLACEMENT_3D('',#2619,#2620,#2621);
#2619 = CARTESIAN_POINT('',(114.25,-138.34,0.));
#2620 = DIRECTION('',(0.,0.,1.));
#2621 = DIRECTION('',(1.,0.,-0.));
#2622 = CYLINDRICAL_SURFACE('',#2623,0.355);
#2623 = AXIS2_PLACEMENT_3D('',#2624,#2625,#2626);
#2624 = CARTESIAN_POINT('',(114.25,-138.34,0.));
#2625 = DIRECTION('',(0.,0.,1.));
#2626 = DIRECTION('',(1.,0.,-0.));
#2627 = ADVANCED_FACE('',(#2628),#2655,.F.);
#2628 = FACE_BOUND('',#2629,.F.);
#2629 = EDGE_LOOP('',(#2630,#2640,#2647,#2648));
#2630 = ORIENTED_EDGE('',*,*,#2631,.T.);
#2631 = EDGE_CURVE('',#2632,#2634,#2636,.T.);
#2632 = VERTEX_POINT('',#2633);
#2633 = CARTESIAN_POINT('',(112.065,-138.34,0.));
#2634 = VERTEX_POINT('',#2635);
#2635 = CARTESIAN_POINT('',(112.065,-138.34,-1.6));
#2636 = LINE('',#2637,#2638);
#2637 = CARTESIAN_POINT('',(112.065,-138.34,0.));
#2638 = VECTOR('',#2639,1.);
#2639 = DIRECTION('',(0.,0.,-1.));
#2640 = ORIENTED_EDGE('',*,*,#2641,.T.);
#2641 = EDGE_CURVE('',#2634,#2634,#2642,.T.);
#2642 = CIRCLE('',#2643,0.355);
#2643 = AXIS2_PLACEMENT_3D('',#2644,#2645,#2646);
#2644 = CARTESIAN_POINT('',(111.71,-138.34,-1.6));
#2645 = DIRECTION('',(0.,0.,1.));
#2646 = DIRECTION('',(1.,0.,-0.));
#2647 = ORIENTED_EDGE('',*,*,#2631,.F.);
#2648 = ORIENTED_EDGE('',*,*,#2649,.F.);
#2649 = EDGE_CURVE('',#2632,#2632,#2650,.T.);
#2650 = CIRCLE('',#2651,0.355);
#2651 = AXIS2_PLACEMENT_3D('',#2652,#2653,#2654);
#2652 = CARTESIAN_POINT('',(111.71,-138.34,0.));
#2653 = DIRECTION('',(0.,0.,1.));
#2654 = DIRECTION('',(1.,0.,-0.));
#2655 = CYLINDRICAL_SURFACE('',#2656,0.355);
#2656 = AXIS2_PLACEMENT_3D('',#2657,#2658,#2659);
#2657 = CARTESIAN_POINT('',(111.71,-138.34,0.));
#2658 = DIRECTION('',(0.,0.,1.));
#2659 = DIRECTION('',(1.,0.,-0.));
#2660 = ADVANCED_FACE('',(#2661),#2688,.F.);
#2661 = FACE_BOUND('',#2662,.F.);
#2662 = EDGE_LOOP('',(#2663,#2673,#2680,#2681));
#2663 = ORIENTED_EDGE('',*,*,#2664,.T.);
#2664 = EDGE_CURVE('',#2665,#2667,#2669,.T.);
#2665 = VERTEX_POINT('',#2666);
#2666 = CARTESIAN_POINT('',(126.035,-135.8,0.));
#2667 = VERTEX_POINT('',#2668);
#2668 = CARTESIAN_POINT('',(126.035,-135.8,-1.6));
#2669 = LINE('',#2670,#2671);
#2670 = CARTESIAN_POINT('',(126.035,-135.8,0.));
#2671 = VECTOR('',#2672,1.);
#2672 = DIRECTION('',(0.,0.,-1.));
#2673 = ORIENTED_EDGE('',*,*,#2674,.T.);
#2674 = EDGE_CURVE('',#2667,#2667,#2675,.T.);
#2675 = CIRCLE('',#2676,0.355);
#2676 = AXIS2_PLACEMENT_3D('',#2677,#2678,#2679);
#2677 = CARTESIAN_POINT('',(125.68,-135.8,-1.6));
#2678 = DIRECTION('',(0.,0.,1.));
#2679 = DIRECTION('',(1.,0.,-0.));
#2680 = ORIENTED_EDGE('',*,*,#2664,.F.);
#2681 = ORIENTED_EDGE('',*,*,#2682,.F.);
#2682 = EDGE_CURVE('',#2665,#2665,#2683,.T.);
#2683 = CIRCLE('',#2684,0.355);
#2684 = AXIS2_PLACEMENT_3D('',#2685,#2686,#2687);
#2685 = CARTESIAN_POINT('',(125.68,-135.8,0.));
#2686 = DIRECTION('',(0.,0.,1.));
#2687 = DIRECTION('',(1.,0.,-0.));
#2688 = CYLINDRICAL_SURFACE('',#2689,0.355);
#2689 = AXIS2_PLACEMENT_3D('',#2690,#2691,#2692);
#2690 = CARTESIAN_POINT('',(125.68,-135.8,0.));
#2691 = DIRECTION('',(0.,0.,1.));
#2692 = DIRECTION('',(1.,0.,-0.));
#2693 = ADVANCED_FACE('',(#2694),#2721,.F.);
#2694 = FACE_BOUND('',#2695,.F.);
#2695 = EDGE_LOOP('',(#2696,#2706,#2713,#2714));
#2696 = ORIENTED_EDGE('',*,*,#2697,.T.);
#2697 = EDGE_CURVE('',#2698,#2700,#2702,.T.);
#2698 = VERTEX_POINT('',#2699);
#2699 = CARTESIAN_POINT('',(123.495,-135.8,0.));
#2700 = VERTEX_POINT('',#2701);
#2701 = CARTESIAN_POINT('',(123.495,-135.8,-1.6));
#2702 = LINE('',#2703,#2704);
#2703 = CARTESIAN_POINT('',(123.495,-135.8,0.));
#2704 = VECTOR('',#2705,1.);
#2705 = DIRECTION('',(0.,0.,-1.));
#2706 = ORIENTED_EDGE('',*,*,#2707,.T.);
#2707 = EDGE_CURVE('',#2700,#2700,#2708,.T.);
#2708 = CIRCLE('',#2709,0.355);
#2709 = AXIS2_PLACEMENT_3D('',#2710,#2711,#2712);
#2710 = CARTESIAN_POINT('',(123.14,-135.8,-1.6));
#2711 = DIRECTION('',(0.,0.,1.));
#2712 = DIRECTION('',(1.,0.,-0.));
#2713 = ORIENTED_EDGE('',*,*,#2697,.F.);
#2714 = ORIENTED_EDGE('',*,*,#2715,.F.);
#2715 = EDGE_CURVE('',#2698,#2698,#2716,.T.);
#2716 = CIRCLE('',#2717,0.355);
#2717 = AXIS2_PLACEMENT_3D('',#2718,#2719,#2720);
#2718 = CARTESIAN_POINT('',(123.14,-135.8,0.));
#2719 = DIRECTION('',(0.,0.,1.));
#2720 = DIRECTION('',(1.,0.,-0.));
#2721 = CYLINDRICAL_SURFACE('',#2722,0.355);
#2722 = AXIS2_PLACEMENT_3D('',#2723,#2724,#2725);
#2723 = CARTESIAN_POINT('',(123.14,-135.8,0.));
#2724 = DIRECTION('',(0.,0.,1.));
#2725 = DIRECTION('',(1.,0.,-0.));
#2726 = ADVANCED_FACE('',(#2727),#2754,.F.);
#2727 = FACE_BOUND('',#2728,.F.);
#2728 = EDGE_LOOP('',(#2729,#2739,#2746,#2747));
#2729 = ORIENTED_EDGE('',*,*,#2730,.T.);
#2730 = EDGE_CURVE('',#2731,#2733,#2735,.T.);
#2731 = VERTEX_POINT('',#2732);
#2732 = CARTESIAN_POINT('',(124.765,-133.26,0.));
#2733 = VERTEX_POINT('',#2734);
#2734 = CARTESIAN_POINT('',(124.765,-133.26,-1.6));
#2735 = LINE('',#2736,#2737);
#2736 = CARTESIAN_POINT('',(124.765,-133.26,0.));
#2737 = VECTOR('',#2738,1.);
#2738 = DIRECTION('',(0.,0.,-1.));
#2739 = ORIENTED_EDGE('',*,*,#2740,.T.);
#2740 = EDGE_CURVE('',#2733,#2733,#2741,.T.);
#2741 = CIRCLE('',#2742,0.355);
#2742 = AXIS2_PLACEMENT_3D('',#2743,#2744,#2745);
#2743 = CARTESIAN_POINT('',(124.41,-133.26,-1.6));
#2744 = DIRECTION('',(0.,0.,1.));
#2745 = DIRECTION('',(1.,0.,-0.));
#2746 = ORIENTED_EDGE('',*,*,#2730,.F.);
#2747 = ORIENTED_EDGE('',*,*,#2748,.F.);
#2748 = EDGE_CURVE('',#2731,#2731,#2749,.T.);
#2749 = CIRCLE('',#2750,0.355);
#2750 = AXIS2_PLACEMENT_3D('',#2751,#2752,#2753);
#2751 = CARTESIAN_POINT('',(124.41,-133.26,0.));
#2752 = DIRECTION('',(0.,0.,1.));
#2753 = DIRECTION('',(1.,0.,-0.));
#2754 = CYLINDRICAL_SURFACE('',#2755,0.355);
#2755 = AXIS2_PLACEMENT_3D('',#2756,#2757,#2758);
#2756 = CARTESIAN_POINT('',(124.41,-133.26,0.));
#2757 = DIRECTION('',(0.,0.,1.));
#2758 = DIRECTION('',(1.,0.,-0.));
#2759 = ADVANCED_FACE('',(#2760),#2787,.F.);
#2760 = FACE_BOUND('',#2761,.F.);
#2761 = EDGE_LOOP('',(#2762,#2772,#2779,#2780));
#2762 = ORIENTED_EDGE('',*,*,#2763,.T.);
#2763 = EDGE_CURVE('',#2764,#2766,#2768,.T.);
#2764 = VERTEX_POINT('',#2765);
#2765 = CARTESIAN_POINT('',(120.955,-135.8,0.));
#2766 = VERTEX_POINT('',#2767);
#2767 = CARTESIAN_POINT('',(120.955,-135.8,-1.6));
#2768 = LINE('',#2769,#2770);
#2769 = CARTESIAN_POINT('',(120.955,-135.8,0.));
#2770 = VECTOR('',#2771,1.);
#2771 = DIRECTION('',(0.,0.,-1.));
#2772 = ORIENTED_EDGE('',*,*,#2773,.T.);
#2773 = EDGE_CURVE('',#2766,#2766,#2774,.T.);
#2774 = CIRCLE('',#2775,0.355);
#2775 = AXIS2_PLACEMENT_3D('',#2776,#2777,#2778);
#2776 = CARTESIAN_POINT('',(120.6,-135.8,-1.6));
#2777 = DIRECTION('',(0.,0.,1.));
#2778 = DIRECTION('',(1.,0.,-0.));
#2779 = ORIENTED_EDGE('',*,*,#2763,.F.);
#2780 = ORIENTED_EDGE('',*,*,#2781,.F.);
#2781 = EDGE_CURVE('',#2764,#2764,#2782,.T.);
#2782 = CIRCLE('',#2783,0.355);
#2783 = AXIS2_PLACEMENT_3D('',#2784,#2785,#2786);
#2784 = CARTESIAN_POINT('',(120.6,-135.8,0.));
#2785 = DIRECTION('',(0.,0.,1.));
#2786 = DIRECTION('',(1.,0.,-0.));
#2787 = CYLINDRICAL_SURFACE('',#2788,0.355);
#2788 = AXIS2_PLACEMENT_3D('',#2789,#2790,#2791);
#2789 = CARTESIAN_POINT('',(120.6,-135.8,0.));
#2790 = DIRECTION('',(0.,0.,1.));
#2791 = DIRECTION('',(1.,0.,-0.));
#2792 = ADVANCED_FACE('',(#2793),#2820,.F.);
#2793 = FACE_BOUND('',#2794,.F.);
#2794 = EDGE_LOOP('',(#2795,#2805,#2812,#2813));
#2795 = ORIENTED_EDGE('',*,*,#2796,.T.);
#2796 = EDGE_CURVE('',#2797,#2799,#2801,.T.);
#2797 = VERTEX_POINT('',#2798);
#2798 = CARTESIAN_POINT('',(122.225,-133.26,0.));
#2799 = VERTEX_POINT('',#2800);
#2800 = CARTESIAN_POINT('',(122.225,-133.26,-1.6));
#2801 = LINE('',#2802,#2803);
#2802 = CARTESIAN_POINT('',(122.225,-133.26,0.));
#2803 = VECTOR('',#2804,1.);
#2804 = DIRECTION('',(0.,0.,-1.));
#2805 = ORIENTED_EDGE('',*,*,#2806,.T.);
#2806 = EDGE_CURVE('',#2799,#2799,#2807,.T.);
#2807 = CIRCLE('',#2808,0.355);
#2808 = AXIS2_PLACEMENT_3D('',#2809,#2810,#2811);
#2809 = CARTESIAN_POINT('',(121.87,-133.26,-1.6));
#2810 = DIRECTION('',(0.,0.,1.));
#2811 = DIRECTION('',(1.,0.,-0.));
#2812 = ORIENTED_EDGE('',*,*,#2796,.F.);
#2813 = ORIENTED_EDGE('',*,*,#2814,.F.);
#2814 = EDGE_CURVE('',#2797,#2797,#2815,.T.);
#2815 = CIRCLE('',#2816,0.355);
#2816 = AXIS2_PLACEMENT_3D('',#2817,#2818,#2819);
#2817 = CARTESIAN_POINT('',(121.87,-133.26,0.));
#2818 = DIRECTION('',(0.,0.,1.));
#2819 = DIRECTION('',(1.,0.,-0.));
#2820 = CYLINDRICAL_SURFACE('',#2821,0.355);
#2821 = AXIS2_PLACEMENT_3D('',#2822,#2823,#2824);
#2822 = CARTESIAN_POINT('',(121.87,-133.26,0.));
#2823 = DIRECTION('',(0.,0.,1.));
#2824 = DIRECTION('',(1.,0.,-0.));
#2825 = ADVANCED_FACE('',(#2826),#2853,.F.);
#2826 = FACE_BOUND('',#2827,.F.);
#2827 = EDGE_LOOP('',(#2828,#2838,#2845,#2846));
#2828 = ORIENTED_EDGE('',*,*,#2829,.T.);
#2829 = EDGE_CURVE('',#2830,#2832,#2834,.T.);
#2830 = VERTEX_POINT('',#2831);
#2831 = CARTESIAN_POINT('',(119.685,-133.26,0.));
#2832 = VERTEX_POINT('',#2833);
#2833 = CARTESIAN_POINT('',(119.685,-133.26,-1.6));
#2834 = LINE('',#2835,#2836);
#2835 = CARTESIAN_POINT('',(119.685,-133.26,0.));
#2836 = VECTOR('',#2837,1.);
#2837 = DIRECTION('',(0.,0.,-1.));
#2838 = ORIENTED_EDGE('',*,*,#2839,.T.);
#2839 = EDGE_CURVE('',#2832,#2832,#2840,.T.);
#2840 = CIRCLE('',#2841,0.355);
#2841 = AXIS2_PLACEMENT_3D('',#2842,#2843,#2844);
#2842 = CARTESIAN_POINT('',(119.33,-133.26,-1.6));
#2843 = DIRECTION('',(0.,0.,1.));
#2844 = DIRECTION('',(1.,0.,-0.));
#2845 = ORIENTED_EDGE('',*,*,#2829,.F.);
#2846 = ORIENTED_EDGE('',*,*,#2847,.F.);
#2847 = EDGE_CURVE('',#2830,#2830,#2848,.T.);
#2848 = CIRCLE('',#2849,0.355);
#2849 = AXIS2_PLACEMENT_3D('',#2850,#2851,#2852);
#2850 = CARTESIAN_POINT('',(119.33,-133.26,0.));
#2851 = DIRECTION('',(0.,0.,1.));
#2852 = DIRECTION('',(1.,0.,-0.));
#2853 = CYLINDRICAL_SURFACE('',#2854,0.355);
#2854 = AXIS2_PLACEMENT_3D('',#2855,#2856,#2857);
#2855 = CARTESIAN_POINT('',(119.33,-133.26,0.));
#2856 = DIRECTION('',(0.,0.,1.));
#2857 = DIRECTION('',(1.,0.,-0.));
#2858 = ADVANCED_FACE('',(#2859),#2886,.F.);
#2859 = FACE_BOUND('',#2860,.F.);
#2860 = EDGE_LOOP('',(#2861,#2871,#2878,#2879));
#2861 = ORIENTED_EDGE('',*,*,#2862,.T.);
#2862 = EDGE_CURVE('',#2863,#2865,#2867,.T.);
#2863 = VERTEX_POINT('',#2864);
#2864 = CARTESIAN_POINT('',(118.415,-135.8,0.));
#2865 = VERTEX_POINT('',#2866);
#2866 = CARTESIAN_POINT('',(118.415,-135.8,-1.6));
#2867 = LINE('',#2868,#2869);
#2868 = CARTESIAN_POINT('',(118.415,-135.8,0.));
#2869 = VECTOR('',#2870,1.);
#2870 = DIRECTION('',(0.,0.,-1.));
#2871 = ORIENTED_EDGE('',*,*,#2872,.T.);
#2872 = EDGE_CURVE('',#2865,#2865,#2873,.T.);
#2873 = CIRCLE('',#2874,0.355);
#2874 = AXIS2_PLACEMENT_3D('',#2875,#2876,#2877);
#2875 = CARTESIAN_POINT('',(118.06,-135.8,-1.6));
#2876 = DIRECTION('',(0.,0.,1.));
#2877 = DIRECTION('',(1.,0.,-0.));
#2878 = ORIENTED_EDGE('',*,*,#2862,.F.);
#2879 = ORIENTED_EDGE('',*,*,#2880,.F.);
#2880 = EDGE_CURVE('',#2863,#2863,#2881,.T.);
#2881 = CIRCLE('',#2882,0.355);
#2882 = AXIS2_PLACEMENT_3D('',#2883,#2884,#2885);
#2883 = CARTESIAN_POINT('',(118.06,-135.8,0.));
#2884 = DIRECTION('',(0.,0.,1.));
#2885 = DIRECTION('',(1.,0.,-0.));
#2886 = CYLINDRICAL_SURFACE('',#2887,0.355);
#2887 = AXIS2_PLACEMENT_3D('',#2888,#2889,#2890);
#2888 = CARTESIAN_POINT('',(118.06,-135.8,0.));
#2889 = DIRECTION('',(0.,0.,1.));
#2890 = DIRECTION('',(1.,0.,-0.));
#2891 = ADVANCED_FACE('',(#2892),#2919,.F.);
#2892 = FACE_BOUND('',#2893,.F.);
#2893 = EDGE_LOOP('',(#2894,#2904,#2911,#2912));
#2894 = ORIENTED_EDGE('',*,*,#2895,.T.);
#2895 = EDGE_CURVE('',#2896,#2898,#2900,.T.);
#2896 = VERTEX_POINT('',#2897);
#2897 = CARTESIAN_POINT('',(115.875,-135.8,0.));
#2898 = VERTEX_POINT('',#2899);
#2899 = CARTESIAN_POINT('',(115.875,-135.8,-1.6));
#2900 = LINE('',#2901,#2902);
#2901 = CARTESIAN_POINT('',(115.875,-135.8,0.));
#2902 = VECTOR('',#2903,1.);
#2903 = DIRECTION('',(0.,0.,-1.));
#2904 = ORIENTED_EDGE('',*,*,#2905,.T.);
#2905 = EDGE_CURVE('',#2898,#2898,#2906,.T.);
#2906 = CIRCLE('',#2907,0.355);
#2907 = AXIS2_PLACEMENT_3D('',#2908,#2909,#2910);
#2908 = CARTESIAN_POINT('',(115.52,-135.8,-1.6));
#2909 = DIRECTION('',(0.,0.,1.));
#2910 = DIRECTION('',(1.,0.,-0.));
#2911 = ORIENTED_EDGE('',*,*,#2895,.F.);
#2912 = ORIENTED_EDGE('',*,*,#2913,.F.);
#2913 = EDGE_CURVE('',#2896,#2896,#2914,.T.);
#2914 = CIRCLE('',#2915,0.355);
#2915 = AXIS2_PLACEMENT_3D('',#2916,#2917,#2918);
#2916 = CARTESIAN_POINT('',(115.52,-135.8,0.));
#2917 = DIRECTION('',(0.,0.,1.));
#2918 = DIRECTION('',(1.,0.,-0.));
#2919 = CYLINDRICAL_SURFACE('',#2920,0.355);
#2920 = AXIS2_PLACEMENT_3D('',#2921,#2922,#2923);
#2921 = CARTESIAN_POINT('',(115.52,-135.8,0.));
#2922 = DIRECTION('',(0.,0.,1.));
#2923 = DIRECTION('',(1.,0.,-0.));
#2924 = ADVANCED_FACE('',(#2925),#2952,.F.);
#2925 = FACE_BOUND('',#2926,.F.);
#2926 = EDGE_LOOP('',(#2927,#2937,#2944,#2945));
#2927 = ORIENTED_EDGE('',*,*,#2928,.T.);
#2928 = EDGE_CURVE('',#2929,#2931,#2933,.T.);
#2929 = VERTEX_POINT('',#2930);
#2930 = CARTESIAN_POINT('',(117.145,-133.26,0.));
#2931 = VERTEX_POINT('',#2932);
#2932 = CARTESIAN_POINT('',(117.145,-133.26,-1.6));
#2933 = LINE('',#2934,#2935);
#2934 = CARTESIAN_POINT('',(117.145,-133.26,0.));
#2935 = VECTOR('',#2936,1.);
#2936 = DIRECTION('',(0.,0.,-1.));
#2937 = ORIENTED_EDGE('',*,*,#2938,.T.);
#2938 = EDGE_CURVE('',#2931,#2931,#2939,.T.);
#2939 = CIRCLE('',#2940,0.355);
#2940 = AXIS2_PLACEMENT_3D('',#2941,#2942,#2943);
#2941 = CARTESIAN_POINT('',(116.79,-133.26,-1.6));
#2942 = DIRECTION('',(0.,0.,1.));
#2943 = DIRECTION('',(1.,0.,-0.));
#2944 = ORIENTED_EDGE('',*,*,#2928,.F.);
#2945 = ORIENTED_EDGE('',*,*,#2946,.F.);
#2946 = EDGE_CURVE('',#2929,#2929,#2947,.T.);
#2947 = CIRCLE('',#2948,0.355);
#2948 = AXIS2_PLACEMENT_3D('',#2949,#2950,#2951);
#2949 = CARTESIAN_POINT('',(116.79,-133.26,0.));
#2950 = DIRECTION('',(0.,0.,1.));
#2951 = DIRECTION('',(1.,0.,-0.));
#2952 = CYLINDRICAL_SURFACE('',#2953,0.355);
#2953 = AXIS2_PLACEMENT_3D('',#2954,#2955,#2956);
#2954 = CARTESIAN_POINT('',(116.79,-133.26,0.));
#2955 = DIRECTION('',(0.,0.,1.));
#2956 = DIRECTION('',(1.,0.,-0.));
#2957 = ADVANCED_FACE('',(#2958),#2985,.F.);
#2958 = FACE_BOUND('',#2959,.F.);
#2959 = EDGE_LOOP('',(#2960,#2970,#2977,#2978));
#2960 = ORIENTED_EDGE('',*,*,#2961,.T.);
#2961 = EDGE_CURVE('',#2962,#2964,#2966,.T.);
#2962 = VERTEX_POINT('',#2963);
#2963 = CARTESIAN_POINT('',(113.335,-135.8,0.));
#2964 = VERTEX_POINT('',#2965);
#2965 = CARTESIAN_POINT('',(113.335,-135.8,-1.6));
#2966 = LINE('',#2967,#2968);
#2967 = CARTESIAN_POINT('',(113.335,-135.8,0.));
#2968 = VECTOR('',#2969,1.);
#2969 = DIRECTION('',(0.,0.,-1.));
#2970 = ORIENTED_EDGE('',*,*,#2971,.T.);
#2971 = EDGE_CURVE('',#2964,#2964,#2972,.T.);
#2972 = CIRCLE('',#2973,0.355);
#2973 = AXIS2_PLACEMENT_3D('',#2974,#2975,#2976);
#2974 = CARTESIAN_POINT('',(112.98,-135.8,-1.6));
#2975 = DIRECTION('',(0.,0.,1.));
#2976 = DIRECTION('',(1.,0.,-0.));
#2977 = ORIENTED_EDGE('',*,*,#2961,.F.);
#2978 = ORIENTED_EDGE('',*,*,#2979,.F.);
#2979 = EDGE_CURVE('',#2962,#2962,#2980,.T.);
#2980 = CIRCLE('',#2981,0.355);
#2981 = AXIS2_PLACEMENT_3D('',#2982,#2983,#2984);
#2982 = CARTESIAN_POINT('',(112.98,-135.8,0.));
#2983 = DIRECTION('',(0.,0.,1.));
#2984 = DIRECTION('',(1.,0.,-0.));
#2985 = CYLINDRICAL_SURFACE('',#2986,0.355);
#2986 = AXIS2_PLACEMENT_3D('',#2987,#2988,#2989);
#2987 = CARTESIAN_POINT('',(112.98,-135.8,0.));
#2988 = DIRECTION('',(0.,0.,1.));
#2989 = DIRECTION('',(1.,0.,-0.));
#2990 = ADVANCED_FACE('',(#2991),#3018,.F.);
#2991 = FACE_BOUND('',#2992,.F.);
#2992 = EDGE_LOOP('',(#2993,#3003,#3010,#3011));
#2993 = ORIENTED_EDGE('',*,*,#2994,.T.);
#2994 = EDGE_CURVE('',#2995,#2997,#2999,.T.);
#2995 = VERTEX_POINT('',#2996);
#2996 = CARTESIAN_POINT('',(110.795,-135.8,0.));
#2997 = VERTEX_POINT('',#2998);
#2998 = CARTESIAN_POINT('',(110.795,-135.8,-1.6));
#2999 = LINE('',#3000,#3001);
#3000 = CARTESIAN_POINT('',(110.795,-135.8,0.));
#3001 = VECTOR('',#3002,1.);
#3002 = DIRECTION('',(0.,0.,-1.));
#3003 = ORIENTED_EDGE('',*,*,#3004,.T.);
#3004 = EDGE_CURVE('',#2997,#2997,#3005,.T.);
#3005 = CIRCLE('',#3006,0.355);
#3006 = AXIS2_PLACEMENT_3D('',#3007,#3008,#3009);
#3007 = CARTESIAN_POINT('',(110.44,-135.8,-1.6));
#3008 = DIRECTION('',(0.,0.,1.));
#3009 = DIRECTION('',(1.,0.,-0.));
#3010 = ORIENTED_EDGE('',*,*,#2994,.F.);
#3011 = ORIENTED_EDGE('',*,*,#3012,.F.);
#3012 = EDGE_CURVE('',#2995,#2995,#3013,.T.);
#3013 = CIRCLE('',#3014,0.355);
#3014 = AXIS2_PLACEMENT_3D('',#3015,#3016,#3017);
#3015 = CARTESIAN_POINT('',(110.44,-135.8,0.));
#3016 = DIRECTION('',(0.,0.,1.));
#3017 = DIRECTION('',(1.,0.,-0.));
#3018 = CYLINDRICAL_SURFACE('',#3019,0.355);
#3019 = AXIS2_PLACEMENT_3D('',#3020,#3021,#3022);
#3020 = CARTESIAN_POINT('',(110.44,-135.8,0.));
#3021 = DIRECTION('',(0.,0.,1.));
#3022 = DIRECTION('',(1.,0.,-0.));
#3023 = ADVANCED_FACE('',(#3024),#3051,.F.);
#3024 = FACE_BOUND('',#3025,.F.);
#3025 = EDGE_LOOP('',(#3026,#3036,#3043,#3044));
#3026 = ORIENTED_EDGE('',*,*,#3027,.T.);
#3027 = EDGE_CURVE('',#3028,#3030,#3032,.T.);
#3028 = VERTEX_POINT('',#3029);
#3029 = CARTESIAN_POINT('',(114.605,-133.26,0.));
#3030 = VERTEX_POINT('',#3031);
#3031 = CARTESIAN_POINT('',(114.605,-133.26,-1.6));
#3032 = LINE('',#3033,#3034);
#3033 = CARTESIAN_POINT('',(114.605,-133.26,0.));
#3034 = VECTOR('',#3035,1.);
#3035 = DIRECTION('',(0.,0.,-1.));
#3036 = ORIENTED_EDGE('',*,*,#3037,.T.);
#3037 = EDGE_CURVE('',#3030,#3030,#3038,.T.);
#3038 = CIRCLE('',#3039,0.355);
#3039 = AXIS2_PLACEMENT_3D('',#3040,#3041,#3042);
#3040 = CARTESIAN_POINT('',(114.25,-133.26,-1.6));
#3041 = DIRECTION('',(0.,0.,1.));
#3042 = DIRECTION('',(1.,0.,-0.));
#3043 = ORIENTED_EDGE('',*,*,#3027,.F.);
#3044 = ORIENTED_EDGE('',*,*,#3045,.F.);
#3045 = EDGE_CURVE('',#3028,#3028,#3046,.T.);
#3046 = CIRCLE('',#3047,0.355);
#3047 = AXIS2_PLACEMENT_3D('',#3048,#3049,#3050);
#3048 = CARTESIAN_POINT('',(114.25,-133.26,0.));
#3049 = DIRECTION('',(0.,0.,1.));
#3050 = DIRECTION('',(1.,0.,-0.));
#3051 = CYLINDRICAL_SURFACE('',#3052,0.355);
#3052 = AXIS2_PLACEMENT_3D('',#3053,#3054,#3055);
#3053 = CARTESIAN_POINT('',(114.25,-133.26,0.));
#3054 = DIRECTION('',(0.,0.,1.));
#3055 = DIRECTION('',(1.,0.,-0.));
#3056 = ADVANCED_FACE('',(#3057),#3084,.F.);
#3057 = FACE_BOUND('',#3058,.F.);
#3058 = EDGE_LOOP('',(#3059,#3069,#3076,#3077));
#3059 = ORIENTED_EDGE('',*,*,#3060,.T.);
#3060 = EDGE_CURVE('',#3061,#3063,#3065,.T.);
#3061 = VERTEX_POINT('',#3062);
#3062 = CARTESIAN_POINT('',(112.065,-133.26,0.));
#3063 = VERTEX_POINT('',#3064);
#3064 = CARTESIAN_POINT('',(112.065,-133.26,-1.6));
#3065 = LINE('',#3066,#3067);
#3066 = CARTESIAN_POINT('',(112.065,-133.26,0.));
#3067 = VECTOR('',#3068,1.);
#3068 = DIRECTION('',(0.,0.,-1.));
#3069 = ORIENTED_EDGE('',*,*,#3070,.T.);
#3070 = EDGE_CURVE('',#3063,#3063,#3071,.T.);
#3071 = CIRCLE('',#3072,0.355);
#3072 = AXIS2_PLACEMENT_3D('',#3073,#3074,#3075);
#3073 = CARTESIAN_POINT('',(111.71,-133.26,-1.6));
#3074 = DIRECTION('',(0.,0.,1.));
#3075 = DIRECTION('',(1.,0.,-0.));
#3076 = ORIENTED_EDGE('',*,*,#3060,.F.);
#3077 = ORIENTED_EDGE('',*,*,#3078,.F.);
#3078 = EDGE_CURVE('',#3061,#3061,#3079,.T.);
#3079 = CIRCLE('',#3080,0.355);
#3080 = AXIS2_PLACEMENT_3D('',#3081,#3082,#3083);
#3081 = CARTESIAN_POINT('',(111.71,-133.26,0.));
#3082 = DIRECTION('',(0.,0.,1.));
#3083 = DIRECTION('',(1.,0.,-0.));
#3084 = CYLINDRICAL_SURFACE('',#3085,0.355);
#3085 = AXIS2_PLACEMENT_3D('',#3086,#3087,#3088);
#3086 = CARTESIAN_POINT('',(111.71,-133.26,0.));
#3087 = DIRECTION('',(0.,0.,1.));
#3088 = DIRECTION('',(1.,0.,-0.));
#3089 = ADVANCED_FACE('',(#3090),#3117,.F.);
#3090 = FACE_BOUND('',#3091,.F.);
#3091 = EDGE_LOOP('',(#3092,#3102,#3109,#3110));
#3092 = ORIENTED_EDGE('',*,*,#3093,.T.);
#3093 = EDGE_CURVE('',#3094,#3096,#3098,.T.);
#3094 = VERTEX_POINT('',#3095);
#3095 = CARTESIAN_POINT('',(107.82,-148.6,0.));
#3096 = VERTEX_POINT('',#3097);
#3097 = CARTESIAN_POINT('',(107.82,-148.6,-1.6));
#3098 = LINE('',#3099,#3100);
#3099 = CARTESIAN_POINT('',(107.82,-148.6,0.));
#3100 = VECTOR('',#3101,1.);
#3101 = DIRECTION('',(0.,0.,-1.));
#3102 = ORIENTED_EDGE('',*,*,#3103,.T.);
#3103 = EDGE_CURVE('',#3096,#3096,#3104,.T.);
#3104 = CIRCLE('',#3105,1.32);
#3105 = AXIS2_PLACEMENT_3D('',#3106,#3107,#3108);
#3106 = CARTESIAN_POINT('',(106.5,-148.6,-1.6));
#3107 = DIRECTION('',(0.,0.,1.));
#3108 = DIRECTION('',(1.,0.,-0.));
#3109 = ORIENTED_EDGE('',*,*,#3093,.F.);
#3110 = ORIENTED_EDGE('',*,*,#3111,.F.);
#3111 = EDGE_CURVE('',#3094,#3094,#3112,.T.);
#3112 = CIRCLE('',#3113,1.32);
#3113 = AXIS2_PLACEMENT_3D('',#3114,#3115,#3116);
#3114 = CARTESIAN_POINT('',(106.5,-148.6,0.));
#3115 = DIRECTION('',(0.,0.,1.));
#3116 = DIRECTION('',(1.,0.,-0.));
#3117 = CYLINDRICAL_SURFACE('',#3118,1.32);
#3118 = AXIS2_PLACEMENT_3D('',#3119,#3120,#3121);
#3119 = CARTESIAN_POINT('',(106.5,-148.6,0.));
#3120 = DIRECTION('',(0.,0.,1.));
#3121 = DIRECTION('',(1.,0.,-0.));
#3122 = ADVANCED_FACE('',(#3123),#3150,.F.);
#3123 = FACE_BOUND('',#3124,.F.);
#3124 = EDGE_LOOP('',(#3125,#3135,#3142,#3143));
#3125 = ORIENTED_EDGE('',*,*,#3126,.T.);
#3126 = EDGE_CURVE('',#3127,#3129,#3131,.T.);
#3127 = VERTEX_POINT('',#3128);
#3128 = CARTESIAN_POINT('',(110.691,-147.33,0.));
#3129 = VERTEX_POINT('',#3130);
#3130 = CARTESIAN_POINT('',(110.691,-147.33,-1.6));
#3131 = LINE('',#3132,#3133);
#3132 = CARTESIAN_POINT('',(110.691,-147.33,0.));
#3133 = VECTOR('',#3134,1.);
#3134 = DIRECTION('',(0.,0.,-1.));
#3135 = ORIENTED_EDGE('',*,*,#3136,.T.);
#3136 = EDGE_CURVE('',#3129,#3129,#3137,.T.);
#3137 = CIRCLE('',#3138,0.381);
#3138 = AXIS2_PLACEMENT_3D('',#3139,#3140,#3141);
#3139 = CARTESIAN_POINT('',(110.31,-147.33,-1.6));
#3140 = DIRECTION('',(0.,0.,1.));
#3141 = DIRECTION('',(1.,0.,-0.));
#3142 = ORIENTED_EDGE('',*,*,#3126,.F.);
#3143 = ORIENTED_EDGE('',*,*,#3144,.F.);
#3144 = EDGE_CURVE('',#3127,#3127,#3145,.T.);
#3145 = CIRCLE('',#3146,0.381);
#3146 = AXIS2_PLACEMENT_3D('',#3147,#3148,#3149);
#3147 = CARTESIAN_POINT('',(110.31,-147.33,0.));
#3148 = DIRECTION('',(0.,0.,1.));
#3149 = DIRECTION('',(1.,0.,-0.));
#3150 = CYLINDRICAL_SURFACE('',#3151,0.381);
#3151 = AXIS2_PLACEMENT_3D('',#3152,#3153,#3154);
#3152 = CARTESIAN_POINT('',(110.31,-147.33,0.));
#3153 = DIRECTION('',(0.,0.,1.));
#3154 = DIRECTION('',(1.,0.,-0.));
#3155 = ADVANCED_FACE('',(#3156),#3183,.F.);
#3156 = FACE_BOUND('',#3157,.F.);
#3157 = EDGE_LOOP('',(#3158,#3168,#3175,#3176));
#3158 = ORIENTED_EDGE('',*,*,#3159,.T.);
#3159 = EDGE_CURVE('',#3160,#3162,#3164,.T.);
#3160 = VERTEX_POINT('',#3161);
#3161 = CARTESIAN_POINT('',(109.525,-138.34,0.));
#3162 = VERTEX_POINT('',#3163);
#3163 = CARTESIAN_POINT('',(109.525,-138.34,-1.6));
#3164 = LINE('',#3165,#3166);
#3165 = CARTESIAN_POINT('',(109.525,-138.34,0.));
#3166 = VECTOR('',#3167,1.);
#3167 = DIRECTION('',(0.,0.,-1.));
#3168 = ORIENTED_EDGE('',*,*,#3169,.T.);
#3169 = EDGE_CURVE('',#3162,#3162,#3170,.T.);
#3170 = CIRCLE('',#3171,0.355);
#3171 = AXIS2_PLACEMENT_3D('',#3172,#3173,#3174);
#3172 = CARTESIAN_POINT('',(109.17,-138.34,-1.6));
#3173 = DIRECTION('',(0.,0.,1.));
#3174 = DIRECTION('',(1.,0.,-0.));
#3175 = ORIENTED_EDGE('',*,*,#3159,.F.);
#3176 = ORIENTED_EDGE('',*,*,#3177,.F.);
#3177 = EDGE_CURVE('',#3160,#3160,#3178,.T.);
#3178 = CIRCLE('',#3179,0.355);
#3179 = AXIS2_PLACEMENT_3D('',#3180,#3181,#3182);
#3180 = CARTESIAN_POINT('',(109.17,-138.34,0.));
#3181 = DIRECTION('',(0.,0.,1.));
#3182 = DIRECTION('',(1.,0.,-0.));
#3183 = CYLINDRICAL_SURFACE('',#3184,0.355);
#3184 = AXIS2_PLACEMENT_3D('',#3185,#3186,#3187);
#3185 = CARTESIAN_POINT('',(109.17,-138.34,0.));
#3186 = DIRECTION('',(0.,0.,1.));
#3187 = DIRECTION('',(1.,0.,-0.));
#3188 = ADVANCED_FACE('',(#3189),#3216,.F.);
#3189 = FACE_BOUND('',#3190,.F.);
#3190 = EDGE_LOOP('',(#3191,#3201,#3208,#3209));
#3191 = ORIENTED_EDGE('',*,*,#3192,.T.);
#3192 = EDGE_CURVE('',#3193,#3195,#3197,.T.);
#3193 = VERTEX_POINT('',#3194);
#3194 = CARTESIAN_POINT('',(106.985,-138.34,0.));
#3195 = VERTEX_POINT('',#3196);
#3196 = CARTESIAN_POINT('',(106.985,-138.34,-1.6));
#3197 = LINE('',#3198,#3199);
#3198 = CARTESIAN_POINT('',(106.985,-138.34,0.));
#3199 = VECTOR('',#3200,1.);
#3200 = DIRECTION('',(0.,0.,-1.));
#3201 = ORIENTED_EDGE('',*,*,#3202,.T.);
#3202 = EDGE_CURVE('',#3195,#3195,#3203,.T.);
#3203 = CIRCLE('',#3204,0.355);
#3204 = AXIS2_PLACEMENT_3D('',#3205,#3206,#3207);
#3205 = CARTESIAN_POINT('',(106.63,-138.34,-1.6));
#3206 = DIRECTION('',(0.,0.,1.));
#3207 = DIRECTION('',(1.,0.,-0.));
#3208 = ORIENTED_EDGE('',*,*,#3192,.F.);
#3209 = ORIENTED_EDGE('',*,*,#3210,.F.);
#3210 = EDGE_CURVE('',#3193,#3193,#3211,.T.);
#3211 = CIRCLE('',#3212,0.355);
#3212 = AXIS2_PLACEMENT_3D('',#3213,#3214,#3215);
#3213 = CARTESIAN_POINT('',(106.63,-138.34,0.));
#3214 = DIRECTION('',(0.,0.,1.));
#3215 = DIRECTION('',(1.,0.,-0.));
#3216 = CYLINDRICAL_SURFACE('',#3217,0.355);
#3217 = AXIS2_PLACEMENT_3D('',#3218,#3219,#3220);
#3218 = CARTESIAN_POINT('',(106.63,-138.34,0.));
#3219 = DIRECTION('',(0.,0.,1.));
#3220 = DIRECTION('',(1.,0.,-0.));
#3221 = ADVANCED_FACE('',(#3222),#3249,.F.);
#3222 = FACE_BOUND('',#3223,.F.);
#3223 = EDGE_LOOP('',(#3224,#3234,#3241,#3242));
#3224 = ORIENTED_EDGE('',*,*,#3225,.T.);
#3225 = EDGE_CURVE('',#3226,#3228,#3230,.T.);
#3226 = VERTEX_POINT('',#3227);
#3227 = CARTESIAN_POINT('',(104.445,-138.34,0.));
#3228 = VERTEX_POINT('',#3229);
#3229 = CARTESIAN_POINT('',(104.445,-138.34,-1.6));
#3230 = LINE('',#3231,#3232);
#3231 = CARTESIAN_POINT('',(104.445,-138.34,0.));
#3232 = VECTOR('',#3233,1.);
#3233 = DIRECTION('',(0.,0.,-1.));
#3234 = ORIENTED_EDGE('',*,*,#3235,.T.);
#3235 = EDGE_CURVE('',#3228,#3228,#3236,.T.);
#3236 = CIRCLE('',#3237,0.355);
#3237 = AXIS2_PLACEMENT_3D('',#3238,#3239,#3240);
#3238 = CARTESIAN_POINT('',(104.09,-138.34,-1.6));
#3239 = DIRECTION('',(0.,0.,1.));
#3240 = DIRECTION('',(1.,0.,-0.));
#3241 = ORIENTED_EDGE('',*,*,#3225,.F.);
#3242 = ORIENTED_EDGE('',*,*,#3243,.F.);
#3243 = EDGE_CURVE('',#3226,#3226,#3244,.T.);
#3244 = CIRCLE('',#3245,0.355);
#3245 = AXIS2_PLACEMENT_3D('',#3246,#3247,#3248);
#3246 = CARTESIAN_POINT('',(104.09,-138.34,0.));
#3247 = DIRECTION('',(0.,0.,1.));
#3248 = DIRECTION('',(1.,0.,-0.));
#3249 = CYLINDRICAL_SURFACE('',#3250,0.355);
#3250 = AXIS2_PLACEMENT_3D('',#3251,#3252,#3253);
#3251 = CARTESIAN_POINT('',(104.09,-138.34,0.));
#3252 = DIRECTION('',(0.,0.,1.));
#3253 = DIRECTION('',(1.,0.,-0.));
#3254 = ADVANCED_FACE('',(#3255),#3282,.F.);
#3255 = FACE_BOUND('',#3256,.F.);
#3256 = EDGE_LOOP('',(#3257,#3267,#3274,#3275));
#3257 = ORIENTED_EDGE('',*,*,#3258,.T.);
#3258 = EDGE_CURVE('',#3259,#3261,#3263,.T.);
#3259 = VERTEX_POINT('',#3260);
#3260 = CARTESIAN_POINT('',(97.63195,-148.9,0.));
#3261 = VERTEX_POINT('',#3262);
#3262 = CARTESIAN_POINT('',(97.63195,-148.9,-1.6));
#3263 = LINE('',#3264,#3265);
#3264 = CARTESIAN_POINT('',(97.63195,-148.9,0.));
#3265 = VECTOR('',#3266,1.);
#3266 = DIRECTION('',(0.,0.,-1.));
#3267 = ORIENTED_EDGE('',*,*,#3268,.T.);
#3268 = EDGE_CURVE('',#3261,#3261,#3269,.T.);
#3269 = CIRCLE('',#3270,1.63195);
#3270 = AXIS2_PLACEMENT_3D('',#3271,#3272,#3273);
#3271 = CARTESIAN_POINT('',(96.,-148.9,-1.6));
#3272 = DIRECTION('',(0.,0.,1.));
#3273 = DIRECTION('',(1.,0.,-0.));
#3274 = ORIENTED_EDGE('',*,*,#3258,.F.);
#3275 = ORIENTED_EDGE('',*,*,#3276,.F.);
#3276 = EDGE_CURVE('',#3259,#3259,#3277,.T.);
#3277 = CIRCLE('',#3278,1.63195);
#3278 = AXIS2_PLACEMENT_3D('',#3279,#3280,#3281);
#3279 = CARTESIAN_POINT('',(96.,-148.9,0.));
#3280 = DIRECTION('',(0.,0.,1.));
#3281 = DIRECTION('',(1.,0.,-0.));
#3282 = CYLINDRICAL_SURFACE('',#3283,1.63195);
#3283 = AXIS2_PLACEMENT_3D('',#3284,#3285,#3286);
#3284 = CARTESIAN_POINT('',(96.,-148.9,0.));
#3285 = DIRECTION('',(0.,0.,1.));
#3286 = DIRECTION('',(1.,0.,-0.));
#3287 = ADVANCED_FACE('',(#3288),#3315,.F.);
#3288 = FACE_BOUND('',#3289,.F.);
#3289 = EDGE_LOOP('',(#3290,#3300,#3307,#3308));
#3290 = ORIENTED_EDGE('',*,*,#3291,.T.);
#3291 = EDGE_CURVE('',#3292,#3294,#3296,.T.);
#3292 = VERTEX_POINT('',#3293);
#3293 = CARTESIAN_POINT('',(108.255,-135.8,0.));
#3294 = VERTEX_POINT('',#3295);
#3295 = CARTESIAN_POINT('',(108.255,-135.8,-1.6));
#3296 = LINE('',#3297,#3298);
#3297 = CARTESIAN_POINT('',(108.255,-135.8,0.));
#3298 = VECTOR('',#3299,1.);
#3299 = DIRECTION('',(0.,0.,-1.));
#3300 = ORIENTED_EDGE('',*,*,#3301,.T.);
#3301 = EDGE_CURVE('',#3294,#3294,#3302,.T.);
#3302 = CIRCLE('',#3303,0.355);
#3303 = AXIS2_PLACEMENT_3D('',#3304,#3305,#3306);
#3304 = CARTESIAN_POINT('',(107.9,-135.8,-1.6));
#3305 = DIRECTION('',(0.,0.,1.));
#3306 = DIRECTION('',(1.,0.,-0.));
#3307 = ORIENTED_EDGE('',*,*,#3291,.F.);
#3308 = ORIENTED_EDGE('',*,*,#3309,.F.);
#3309 = EDGE_CURVE('',#3292,#3292,#3310,.T.);
#3310 = CIRCLE('',#3311,0.355);
#3311 = AXIS2_PLACEMENT_3D('',#3312,#3313,#3314);
#3312 = CARTESIAN_POINT('',(107.9,-135.8,0.));
#3313 = DIRECTION('',(0.,0.,1.));
#3314 = DIRECTION('',(1.,0.,-0.));
#3315 = CYLINDRICAL_SURFACE('',#3316,0.355);
#3316 = AXIS2_PLACEMENT_3D('',#3317,#3318,#3319);
#3317 = CARTESIAN_POINT('',(107.9,-135.8,0.));
#3318 = DIRECTION('',(0.,0.,1.));
#3319 = DIRECTION('',(1.,0.,-0.));
#3320 = ADVANCED_FACE('',(#3321),#3348,.F.);
#3321 = FACE_BOUND('',#3322,.F.);
#3322 = EDGE_LOOP('',(#3323,#3333,#3340,#3341));
#3323 = ORIENTED_EDGE('',*,*,#3324,.T.);
#3324 = EDGE_CURVE('',#3325,#3327,#3329,.T.);
#3325 = VERTEX_POINT('',#3326);
#3326 = CARTESIAN_POINT('',(109.525,-133.26,0.));
#3327 = VERTEX_POINT('',#3328);
#3328 = CARTESIAN_POINT('',(109.525,-133.26,-1.6));
#3329 = LINE('',#3330,#3331);
#3330 = CARTESIAN_POINT('',(109.525,-133.26,0.));
#3331 = VECTOR('',#3332,1.);
#3332 = DIRECTION('',(0.,0.,-1.));
#3333 = ORIENTED_EDGE('',*,*,#3334,.T.);
#3334 = EDGE_CURVE('',#3327,#3327,#3335,.T.);
#3335 = CIRCLE('',#3336,0.355);
#3336 = AXIS2_PLACEMENT_3D('',#3337,#3338,#3339);
#3337 = CARTESIAN_POINT('',(109.17,-133.26,-1.6));
#3338 = DIRECTION('',(0.,0.,1.));
#3339 = DIRECTION('',(1.,0.,-0.));
#3340 = ORIENTED_EDGE('',*,*,#3324,.F.);
#3341 = ORIENTED_EDGE('',*,*,#3342,.F.);
#3342 = EDGE_CURVE('',#3325,#3325,#3343,.T.);
#3343 = CIRCLE('',#3344,0.355);
#3344 = AXIS2_PLACEMENT_3D('',#3345,#3346,#3347);
#3345 = CARTESIAN_POINT('',(109.17,-133.26,0.));
#3346 = DIRECTION('',(0.,0.,1.));
#3347 = DIRECTION('',(1.,0.,-0.));
#3348 = CYLINDRICAL_SURFACE('',#3349,0.355);
#3349 = AXIS2_PLACEMENT_3D('',#3350,#3351,#3352);
#3350 = CARTESIAN_POINT('',(109.17,-133.26,0.));
#3351 = DIRECTION('',(0.,0.,1.));
#3352 = DIRECTION('',(1.,0.,-0.));
#3353 = ADVANCED_FACE('',(#3354),#3381,.F.);
#3354 = FACE_BOUND('',#3355,.F.);
#3355 = EDGE_LOOP('',(#3356,#3366,#3373,#3374));
#3356 = ORIENTED_EDGE('',*,*,#3357,.T.);
#3357 = EDGE_CURVE('',#3358,#3360,#3362,.T.);
#3358 = VERTEX_POINT('',#3359);
#3359 = CARTESIAN_POINT('',(106.985,-133.26,0.));
#3360 = VERTEX_POINT('',#3361);
#3361 = CARTESIAN_POINT('',(106.985,-133.26,-1.6));
#3362 = LINE('',#3363,#3364);
#3363 = CARTESIAN_POINT('',(106.985,-133.26,0.));
#3364 = VECTOR('',#3365,1.);
#3365 = DIRECTION('',(0.,0.,-1.));
#3366 = ORIENTED_EDGE('',*,*,#3367,.T.);
#3367 = EDGE_CURVE('',#3360,#3360,#3368,.T.);
#3368 = CIRCLE('',#3369,0.355);
#3369 = AXIS2_PLACEMENT_3D('',#3370,#3371,#3372);
#3370 = CARTESIAN_POINT('',(106.63,-133.26,-1.6));
#3371 = DIRECTION('',(0.,0.,1.));
#3372 = DIRECTION('',(1.,0.,-0.));
#3373 = ORIENTED_EDGE('',*,*,#3357,.F.);
#3374 = ORIENTED_EDGE('',*,*,#3375,.F.);
#3375 = EDGE_CURVE('',#3358,#3358,#3376,.T.);
#3376 = CIRCLE('',#3377,0.355);
#3377 = AXIS2_PLACEMENT_3D('',#3378,#3379,#3380);
#3378 = CARTESIAN_POINT('',(106.63,-133.26,0.));
#3379 = DIRECTION('',(0.,0.,1.));
#3380 = DIRECTION('',(1.,0.,-0.));
#3381 = CYLINDRICAL_SURFACE('',#3382,0.355);
#3382 = AXIS2_PLACEMENT_3D('',#3383,#3384,#3385);
#3383 = CARTESIAN_POINT('',(106.63,-133.26,0.));
#3384 = DIRECTION('',(0.,0.,1.));
#3385 = DIRECTION('',(1.,0.,-0.));
#3386 = ADVANCED_FACE('',(#3387),#3414,.F.);
#3387 = FACE_BOUND('',#3388,.F.);
#3388 = EDGE_LOOP('',(#3389,#3399,#3406,#3407));
#3389 = ORIENTED_EDGE('',*,*,#3390,.T.);
#3390 = EDGE_CURVE('',#3391,#3393,#3395,.T.);
#3391 = VERTEX_POINT('',#3392);
#3392 = CARTESIAN_POINT('',(105.715,-135.8,0.));
#3393 = VERTEX_POINT('',#3394);
#3394 = CARTESIAN_POINT('',(105.715,-135.8,-1.6));
#3395 = LINE('',#3396,#3397);
#3396 = CARTESIAN_POINT('',(105.715,-135.8,0.));
#3397 = VECTOR('',#3398,1.);
#3398 = DIRECTION('',(0.,0.,-1.));
#3399 = ORIENTED_EDGE('',*,*,#3400,.T.);
#3400 = EDGE_CURVE('',#3393,#3393,#3401,.T.);
#3401 = CIRCLE('',#3402,0.355);
#3402 = AXIS2_PLACEMENT_3D('',#3403,#3404,#3405);
#3403 = CARTESIAN_POINT('',(105.36,-135.8,-1.6));
#3404 = DIRECTION('',(0.,0.,1.));
#3405 = DIRECTION('',(1.,0.,-0.));
#3406 = ORIENTED_EDGE('',*,*,#3390,.F.);
#3407 = ORIENTED_EDGE('',*,*,#3408,.F.);
#3408 = EDGE_CURVE('',#3391,#3391,#3409,.T.);
#3409 = CIRCLE('',#3410,0.355);
#3410 = AXIS2_PLACEMENT_3D('',#3411,#3412,#3413);
#3411 = CARTESIAN_POINT('',(105.36,-135.8,0.));
#3412 = DIRECTION('',(0.,0.,1.));
#3413 = DIRECTION('',(1.,0.,-0.));
#3414 = CYLINDRICAL_SURFACE('',#3415,0.355);
#3415 = AXIS2_PLACEMENT_3D('',#3416,#3417,#3418);
#3416 = CARTESIAN_POINT('',(105.36,-135.8,0.));
#3417 = DIRECTION('',(0.,0.,1.));
#3418 = DIRECTION('',(1.,0.,-0.));
#3419 = ADVANCED_FACE('',(#3420),#3447,.F.);
#3420 = FACE_BOUND('',#3421,.F.);
#3421 = EDGE_LOOP('',(#3422,#3432,#3439,#3440));
#3422 = ORIENTED_EDGE('',*,*,#3423,.T.);
#3423 = EDGE_CURVE('',#3424,#3426,#3428,.T.);
#3424 = VERTEX_POINT('',#3425);
#3425 = CARTESIAN_POINT('',(101.6,-135.8,0.));
#3426 = VERTEX_POINT('',#3427);
#3427 = CARTESIAN_POINT('',(101.6,-135.8,-1.6));
#3428 = LINE('',#3429,#3430);
#3429 = CARTESIAN_POINT('',(101.6,-135.8,0.));
#3430 = VECTOR('',#3431,1.);
#3431 = DIRECTION('',(0.,0.,-1.));
#3432 = ORIENTED_EDGE('',*,*,#3433,.T.);
#3433 = EDGE_CURVE('',#3426,#3426,#3434,.T.);
#3434 = CIRCLE('',#3435,1.32);
#3435 = AXIS2_PLACEMENT_3D('',#3436,#3437,#3438);
#3436 = CARTESIAN_POINT('',(100.28,-135.8,-1.6));
#3437 = DIRECTION('',(0.,0.,1.));
#3438 = DIRECTION('',(1.,0.,-0.));
#3439 = ORIENTED_EDGE('',*,*,#3423,.F.);
#3440 = ORIENTED_EDGE('',*,*,#3441,.F.);
#3441 = EDGE_CURVE('',#3424,#3424,#3442,.T.);
#3442 = CIRCLE('',#3443,1.32);
#3443 = AXIS2_PLACEMENT_3D('',#3444,#3445,#3446);
#3444 = CARTESIAN_POINT('',(100.28,-135.8,0.));
#3445 = DIRECTION('',(0.,0.,1.));
#3446 = DIRECTION('',(1.,0.,-0.));
#3447 = CYLINDRICAL_SURFACE('',#3448,1.32);
#3448 = AXIS2_PLACEMENT_3D('',#3449,#3450,#3451);
#3449 = CARTESIAN_POINT('',(100.28,-135.8,0.));
#3450 = DIRECTION('',(0.,0.,1.));
#3451 = DIRECTION('',(1.,0.,-0.));
#3452 = ADVANCED_FACE('',(#3453),#3480,.F.);
#3453 = FACE_BOUND('',#3454,.F.);
#3454 = EDGE_LOOP('',(#3455,#3465,#3472,#3473));
#3455 = ORIENTED_EDGE('',*,*,#3456,.T.);
#3456 = EDGE_CURVE('',#3457,#3459,#3461,.T.);
#3457 = VERTEX_POINT('',#3458);
#3458 = CARTESIAN_POINT('',(97.71195,-120.6,0.));
#3459 = VERTEX_POINT('',#3460);
#3460 = CARTESIAN_POINT('',(97.71195,-120.6,-1.6));
#3461 = LINE('',#3462,#3463);
#3462 = CARTESIAN_POINT('',(97.71195,-120.6,0.));
#3463 = VECTOR('',#3464,1.);
#3464 = DIRECTION('',(0.,0.,-1.));
#3465 = ORIENTED_EDGE('',*,*,#3466,.T.);
#3466 = EDGE_CURVE('',#3459,#3459,#3467,.T.);
#3467 = CIRCLE('',#3468,1.63195);
#3468 = AXIS2_PLACEMENT_3D('',#3469,#3470,#3471);
#3469 = CARTESIAN_POINT('',(96.08,-120.6,-1.6));
#3470 = DIRECTION('',(0.,0.,1.));
#3471 = DIRECTION('',(1.,0.,-0.));
#3472 = ORIENTED_EDGE('',*,*,#3456,.F.);
#3473 = ORIENTED_EDGE('',*,*,#3474,.F.);
#3474 = EDGE_CURVE('',#3457,#3457,#3475,.T.);
#3475 = CIRCLE('',#3476,1.63195);
#3476 = AXIS2_PLACEMENT_3D('',#3477,#3478,#3479);
#3477 = CARTESIAN_POINT('',(96.08,-120.6,0.));
#3478 = DIRECTION('',(0.,0.,1.));
#3479 = DIRECTION('',(1.,0.,-0.));
#3480 = CYLINDRICAL_SURFACE('',#3481,1.63195);
#3481 = AXIS2_PLACEMENT_3D('',#3482,#3483,#3484);
#3482 = CARTESIAN_POINT('',(96.08,-120.6,0.));
#3483 = DIRECTION('',(0.,0.,1.));
#3484 = DIRECTION('',(1.,0.,-0.));
#3485 = ADVANCED_FACE('',(#3486),#3513,.F.);
#3486 = FACE_BOUND('',#3487,.F.);
#3487 = EDGE_LOOP('',(#3488,#3498,#3505,#3506));
#3488 = ORIENTED_EDGE('',*,*,#3489,.T.);
#3489 = EDGE_CURVE('',#3490,#3492,#3494,.T.);
#3490 = VERTEX_POINT('',#3491);
#3491 = CARTESIAN_POINT('',(148.71195,-48.8,0.));
#3492 = VERTEX_POINT('',#3493);
#3493 = CARTESIAN_POINT('',(148.71195,-48.8,-1.6));
#3494 = LINE('',#3495,#3496);
#3495 = CARTESIAN_POINT('',(148.71195,-48.8,0.));
#3496 = VECTOR('',#3497,1.);
#3497 = DIRECTION('',(0.,0.,-1.));
#3498 = ORIENTED_EDGE('',*,*,#3499,.T.);
#3499 = EDGE_CURVE('',#3492,#3492,#3500,.T.);
#3500 = CIRCLE('',#3501,1.63195);
#3501 = AXIS2_PLACEMENT_3D('',#3502,#3503,#3504);
#3502 = CARTESIAN_POINT('',(147.08,-48.8,-1.6));
#3503 = DIRECTION('',(0.,0.,1.));
#3504 = DIRECTION('',(1.,0.,-0.));
#3505 = ORIENTED_EDGE('',*,*,#3489,.F.);
#3506 = ORIENTED_EDGE('',*,*,#3507,.F.);
#3507 = EDGE_CURVE('',#3490,#3490,#3508,.T.);
#3508 = CIRCLE('',#3509,1.63195);
#3509 = AXIS2_PLACEMENT_3D('',#3510,#3511,#3512);
#3510 = CARTESIAN_POINT('',(147.08,-48.8,0.));
#3511 = DIRECTION('',(0.,0.,1.));
#3512 = DIRECTION('',(1.,0.,-0.));
#3513 = CYLINDRICAL_SURFACE('',#3514,1.63195);
#3514 = AXIS2_PLACEMENT_3D('',#3515,#3516,#3517);
#3515 = CARTESIAN_POINT('',(147.08,-48.8,0.));
#3516 = DIRECTION('',(0.,0.,1.));
#3517 = DIRECTION('',(1.,0.,-0.));
#3518 = ADVANCED_FACE('',(#3519),#3546,.F.);
#3519 = FACE_BOUND('',#3520,.F.);
#3520 = EDGE_LOOP('',(#3521,#3531,#3538,#3539));
#3521 = ORIENTED_EDGE('',*,*,#3522,.T.);
#3522 = EDGE_CURVE('',#3523,#3525,#3527,.T.);
#3523 = VERTEX_POINT('',#3524);
#3524 = CARTESIAN_POINT('',(134.71195,-48.8,0.));
#3525 = VERTEX_POINT('',#3526);
#3526 = CARTESIAN_POINT('',(134.71195,-48.8,-1.6));
#3527 = LINE('',#3528,#3529);
#3528 = CARTESIAN_POINT('',(134.71195,-48.8,0.));
#3529 = VECTOR('',#3530,1.);
#3530 = DIRECTION('',(0.,0.,-1.));
#3531 = ORIENTED_EDGE('',*,*,#3532,.T.);
#3532 = EDGE_CURVE('',#3525,#3525,#3533,.T.);
#3533 = CIRCLE('',#3534,1.63195);
#3534 = AXIS2_PLACEMENT_3D('',#3535,#3536,#3537);
#3535 = CARTESIAN_POINT('',(133.08,-48.8,-1.6));
#3536 = DIRECTION('',(0.,0.,1.));
#3537 = DIRECTION('',(1.,0.,-0.));
#3538 = ORIENTED_EDGE('',*,*,#3522,.F.);
#3539 = ORIENTED_EDGE('',*,*,#3540,.F.);
#3540 = EDGE_CURVE('',#3523,#3523,#3541,.T.);
#3541 = CIRCLE('',#3542,1.63195);
#3542 = AXIS2_PLACEMENT_3D('',#3543,#3544,#3545);
#3543 = CARTESIAN_POINT('',(133.08,-48.8,0.));
#3544 = DIRECTION('',(0.,0.,1.));
#3545 = DIRECTION('',(1.,0.,-0.));
#3546 = CYLINDRICAL_SURFACE('',#3547,1.63195);
#3547 = AXIS2_PLACEMENT_3D('',#3548,#3549,#3550);
#3548 = CARTESIAN_POINT('',(133.08,-48.8,0.));
#3549 = DIRECTION('',(0.,0.,1.));
#3550 = DIRECTION('',(1.,0.,-0.));
#3551 = ADVANCED_FACE('',(#3552),#3579,.F.);
#3552 = FACE_BOUND('',#3553,.F.);
#3553 = EDGE_LOOP('',(#3554,#3564,#3571,#3572));
#3554 = ORIENTED_EDGE('',*,*,#3555,.T.);
#3555 = EDGE_CURVE('',#3556,#3558,#3560,.T.);
#3556 = VERTEX_POINT('',#3557);
#3557 = CARTESIAN_POINT('',(120.71195,-48.8,0.));
#3558 = VERTEX_POINT('',#3559);
#3559 = CARTESIAN_POINT('',(120.71195,-48.8,-1.6));
#3560 = LINE('',#3561,#3562);
#3561 = CARTESIAN_POINT('',(120.71195,-48.8,0.));
#3562 = VECTOR('',#3563,1.);
#3563 = DIRECTION('',(0.,0.,-1.));
#3564 = ORIENTED_EDGE('',*,*,#3565,.T.);
#3565 = EDGE_CURVE('',#3558,#3558,#3566,.T.);
#3566 = CIRCLE('',#3567,1.63195);
#3567 = AXIS2_PLACEMENT_3D('',#3568,#3569,#3570);
#3568 = CARTESIAN_POINT('',(119.08,-48.8,-1.6));
#3569 = DIRECTION('',(0.,0.,1.));
#3570 = DIRECTION('',(1.,0.,-0.));
#3571 = ORIENTED_EDGE('',*,*,#3555,.F.);
#3572 = ORIENTED_EDGE('',*,*,#3573,.F.);
#3573 = EDGE_CURVE('',#3556,#3556,#3574,.T.);
#3574 = CIRCLE('',#3575,1.63195);
#3575 = AXIS2_PLACEMENT_3D('',#3576,#3577,#3578);
#3576 = CARTESIAN_POINT('',(119.08,-48.8,0.));
#3577 = DIRECTION('',(0.,0.,1.));
#3578 = DIRECTION('',(1.,0.,-0.));
#3579 = CYLINDRICAL_SURFACE('',#3580,1.63195);
#3580 = AXIS2_PLACEMENT_3D('',#3581,#3582,#3583);
#3581 = CARTESIAN_POINT('',(119.08,-48.8,0.));
#3582 = DIRECTION('',(0.,0.,1.));
#3583 = DIRECTION('',(1.,0.,-0.));
#3584 = ADVANCED_FACE('',(#3585),#3612,.F.);
#3585 = FACE_BOUND('',#3586,.F.);
#3586 = EDGE_LOOP('',(#3587,#3597,#3604,#3605));
#3587 = ORIENTED_EDGE('',*,*,#3588,.T.);
#3588 = EDGE_CURVE('',#3589,#3591,#3593,.T.);
#3589 = VERTEX_POINT('',#3590);
#3590 = CARTESIAN_POINT('',(106.71195,-48.8,0.));
#3591 = VERTEX_POINT('',#3592);
#3592 = CARTESIAN_POINT('',(106.71195,-48.8,-1.6));
#3593 = LINE('',#3594,#3595);
#3594 = CARTESIAN_POINT('',(106.71195,-48.8,0.));
#3595 = VECTOR('',#3596,1.);
#3596 = DIRECTION('',(0.,0.,-1.));
#3597 = ORIENTED_EDGE('',*,*,#3598,.T.);
#3598 = EDGE_CURVE('',#3591,#3591,#3599,.T.);
#3599 = CIRCLE('',#3600,1.63195);
#3600 = AXIS2_PLACEMENT_3D('',#3601,#3602,#3603);
#3601 = CARTESIAN_POINT('',(105.08,-48.8,-1.6));
#3602 = DIRECTION('',(0.,0.,1.));
#3603 = DIRECTION('',(1.,0.,-0.));
#3604 = ORIENTED_EDGE('',*,*,#3588,.F.);
#3605 = ORIENTED_EDGE('',*,*,#3606,.F.);
#3606 = EDGE_CURVE('',#3589,#3589,#3607,.T.);
#3607 = CIRCLE('',#3608,1.63195);
#3608 = AXIS2_PLACEMENT_3D('',#3609,#3610,#3611);
#3609 = CARTESIAN_POINT('',(105.08,-48.8,0.));
#3610 = DIRECTION('',(0.,0.,1.));
#3611 = DIRECTION('',(1.,0.,-0.));
#3612 = CYLINDRICAL_SURFACE('',#3613,1.63195);
#3613 = AXIS2_PLACEMENT_3D('',#3614,#3615,#3616);
#3614 = CARTESIAN_POINT('',(105.08,-48.8,0.));
#3615 = DIRECTION('',(0.,0.,1.));
#3616 = DIRECTION('',(1.,0.,-0.));
#3617 = ADVANCED_FACE('',(#3618,#3641,#3644,#3647,#3650,#3653,#3656,
    #3659,#3662,#3665,#3668,#3671,#3674,#3677,#3680,#3683,#3686,#3689,
    #3692,#3695,#3698,#3701,#3704,#3707,#3710,#3713,#3716,#3719,#3722,
    #3725,#3728,#3731,#3734,#3737,#3740,#3743,#3746,#3749,#3752,#3755,
    #3758,#3761,#3764,#3767,#3770,#3773,#3776,#3779,#3782,#3785,#3788,
    #3791,#3794,#3797,#3800,#3803,#3806,#3809,#3812,#3815,#3818,#3821,
    #3824,#3827,#3830,#3833,#3836,#3839,#3842,#3845,#3848,#3851,#3854,
    #3857,#3860,#3863,#3866,#3869,#3872,#3875,#3878,#3881,#3884,#3887,
    #3890,#3893,#3896,#3899,#3902),#3905,.F.);
#3618 = FACE_BOUND('',#3619,.F.);
#3619 = EDGE_LOOP('',(#3620,#3621,#3622,#3623,#3624,#3625,#3626,#3627,
    #3628,#3629,#3630,#3631,#3632,#3633,#3634,#3635,#3636,#3637,#3638,
    #3639,#3640));
#3620 = ORIENTED_EDGE('',*,*,#92,.T.);
#3621 = ORIENTED_EDGE('',*,*,#154,.T.);
#3622 = ORIENTED_EDGE('',*,*,#216,.T.);
#3623 = ORIENTED_EDGE('',*,*,#278,.T.);
#3624 = ORIENTED_EDGE('',*,*,#340,.T.);
#3625 = ORIENTED_EDGE('',*,*,#402,.T.);
#3626 = ORIENTED_EDGE('',*,*,#464,.T.);
#3627 = ORIENTED_EDGE('',*,*,#526,.T.);
#3628 = ORIENTED_EDGE('',*,*,#588,.T.);
#3629 = ORIENTED_EDGE('',*,*,#650,.T.);
#3630 = ORIENTED_EDGE('',*,*,#703,.T.);
#3631 = ORIENTED_EDGE('',*,*,#681,.T.);
#3632 = ORIENTED_EDGE('',*,*,#619,.T.);
#3633 = ORIENTED_EDGE('',*,*,#557,.T.);
#3634 = ORIENTED_EDGE('',*,*,#495,.T.);
#3635 = ORIENTED_EDGE('',*,*,#433,.T.);
#3636 = ORIENTED_EDGE('',*,*,#371,.T.);
#3637 = ORIENTED_EDGE('',*,*,#309,.T.);
#3638 = ORIENTED_EDGE('',*,*,#247,.T.);
#3639 = ORIENTED_EDGE('',*,*,#185,.T.);
#3640 = ORIENTED_EDGE('',*,*,#123,.T.);
#3641 = FACE_BOUND('',#3642,.F.);
#3642 = EDGE_LOOP('',(#3643));
#3643 = ORIENTED_EDGE('',*,*,#735,.T.);
#3644 = FACE_BOUND('',#3645,.F.);
#3645 = EDGE_LOOP('',(#3646));
#3646 = ORIENTED_EDGE('',*,*,#768,.T.);
#3647 = FACE_BOUND('',#3648,.F.);
#3648 = EDGE_LOOP('',(#3649));
#3649 = ORIENTED_EDGE('',*,*,#801,.T.);
#3650 = FACE_BOUND('',#3651,.F.);
#3651 = EDGE_LOOP('',(#3652));
#3652 = ORIENTED_EDGE('',*,*,#834,.T.);
#3653 = FACE_BOUND('',#3654,.F.);
#3654 = EDGE_LOOP('',(#3655));
#3655 = ORIENTED_EDGE('',*,*,#867,.T.);
#3656 = FACE_BOUND('',#3657,.F.);
#3657 = EDGE_LOOP('',(#3658));
#3658 = ORIENTED_EDGE('',*,*,#900,.T.);
#3659 = FACE_BOUND('',#3660,.F.);
#3660 = EDGE_LOOP('',(#3661));
#3661 = ORIENTED_EDGE('',*,*,#933,.T.);
#3662 = FACE_BOUND('',#3663,.F.);
#3663 = EDGE_LOOP('',(#3664));
#3664 = ORIENTED_EDGE('',*,*,#966,.T.);
#3665 = FACE_BOUND('',#3666,.F.);
#3666 = EDGE_LOOP('',(#3667));
#3667 = ORIENTED_EDGE('',*,*,#999,.T.);
#3668 = FACE_BOUND('',#3669,.F.);
#3669 = EDGE_LOOP('',(#3670));
#3670 = ORIENTED_EDGE('',*,*,#1032,.T.);
#3671 = FACE_BOUND('',#3672,.F.);
#3672 = EDGE_LOOP('',(#3673));
#3673 = ORIENTED_EDGE('',*,*,#1065,.T.);
#3674 = FACE_BOUND('',#3675,.F.);
#3675 = EDGE_LOOP('',(#3676));
#3676 = ORIENTED_EDGE('',*,*,#1098,.T.);
#3677 = FACE_BOUND('',#3678,.F.);
#3678 = EDGE_LOOP('',(#3679));
#3679 = ORIENTED_EDGE('',*,*,#1131,.T.);
#3680 = FACE_BOUND('',#3681,.F.);
#3681 = EDGE_LOOP('',(#3682));
#3682 = ORIENTED_EDGE('',*,*,#1164,.T.);
#3683 = FACE_BOUND('',#3684,.F.);
#3684 = EDGE_LOOP('',(#3685));
#3685 = ORIENTED_EDGE('',*,*,#1197,.T.);
#3686 = FACE_BOUND('',#3687,.F.);
#3687 = EDGE_LOOP('',(#3688));
#3688 = ORIENTED_EDGE('',*,*,#1230,.T.);
#3689 = FACE_BOUND('',#3690,.F.);
#3690 = EDGE_LOOP('',(#3691));
#3691 = ORIENTED_EDGE('',*,*,#1263,.T.);
#3692 = FACE_BOUND('',#3693,.F.);
#3693 = EDGE_LOOP('',(#3694));
#3694 = ORIENTED_EDGE('',*,*,#1296,.T.);
#3695 = FACE_BOUND('',#3696,.F.);
#3696 = EDGE_LOOP('',(#3697));
#3697 = ORIENTED_EDGE('',*,*,#1329,.T.);
#3698 = FACE_BOUND('',#3699,.F.);
#3699 = EDGE_LOOP('',(#3700));
#3700 = ORIENTED_EDGE('',*,*,#1362,.T.);
#3701 = FACE_BOUND('',#3702,.F.);
#3702 = EDGE_LOOP('',(#3703));
#3703 = ORIENTED_EDGE('',*,*,#1395,.T.);
#3704 = FACE_BOUND('',#3705,.F.);
#3705 = EDGE_LOOP('',(#3706));
#3706 = ORIENTED_EDGE('',*,*,#1428,.T.);
#3707 = FACE_BOUND('',#3708,.F.);
#3708 = EDGE_LOOP('',(#3709));
#3709 = ORIENTED_EDGE('',*,*,#1461,.T.);
#3710 = FACE_BOUND('',#3711,.F.);
#3711 = EDGE_LOOP('',(#3712));
#3712 = ORIENTED_EDGE('',*,*,#1494,.T.);
#3713 = FACE_BOUND('',#3714,.F.);
#3714 = EDGE_LOOP('',(#3715));
#3715 = ORIENTED_EDGE('',*,*,#1527,.T.);
#3716 = FACE_BOUND('',#3717,.F.);
#3717 = EDGE_LOOP('',(#3718));
#3718 = ORIENTED_EDGE('',*,*,#1560,.T.);
#3719 = FACE_BOUND('',#3720,.F.);
#3720 = EDGE_LOOP('',(#3721));
#3721 = ORIENTED_EDGE('',*,*,#1593,.T.);
#3722 = FACE_BOUND('',#3723,.F.);
#3723 = EDGE_LOOP('',(#3724));
#3724 = ORIENTED_EDGE('',*,*,#1626,.T.);
#3725 = FACE_BOUND('',#3726,.F.);
#3726 = EDGE_LOOP('',(#3727));
#3727 = ORIENTED_EDGE('',*,*,#1659,.T.);
#3728 = FACE_BOUND('',#3729,.F.);
#3729 = EDGE_LOOP('',(#3730));
#3730 = ORIENTED_EDGE('',*,*,#1692,.T.);
#3731 = FACE_BOUND('',#3732,.F.);
#3732 = EDGE_LOOP('',(#3733));
#3733 = ORIENTED_EDGE('',*,*,#1725,.T.);
#3734 = FACE_BOUND('',#3735,.F.);
#3735 = EDGE_LOOP('',(#3736));
#3736 = ORIENTED_EDGE('',*,*,#1758,.T.);
#3737 = FACE_BOUND('',#3738,.F.);
#3738 = EDGE_LOOP('',(#3739));
#3739 = ORIENTED_EDGE('',*,*,#1791,.T.);
#3740 = FACE_BOUND('',#3741,.F.);
#3741 = EDGE_LOOP('',(#3742));
#3742 = ORIENTED_EDGE('',*,*,#1824,.T.);
#3743 = FACE_BOUND('',#3744,.F.);
#3744 = EDGE_LOOP('',(#3745));
#3745 = ORIENTED_EDGE('',*,*,#1857,.T.);
#3746 = FACE_BOUND('',#3747,.F.);
#3747 = EDGE_LOOP('',(#3748));
#3748 = ORIENTED_EDGE('',*,*,#1890,.T.);
#3749 = FACE_BOUND('',#3750,.F.);
#3750 = EDGE_LOOP('',(#3751));
#3751 = ORIENTED_EDGE('',*,*,#1923,.T.);
#3752 = FACE_BOUND('',#3753,.F.);
#3753 = EDGE_LOOP('',(#3754));
#3754 = ORIENTED_EDGE('',*,*,#1956,.T.);
#3755 = FACE_BOUND('',#3756,.F.);
#3756 = EDGE_LOOP('',(#3757));
#3757 = ORIENTED_EDGE('',*,*,#1989,.T.);
#3758 = FACE_BOUND('',#3759,.F.);
#3759 = EDGE_LOOP('',(#3760));
#3760 = ORIENTED_EDGE('',*,*,#2022,.T.);
#3761 = FACE_BOUND('',#3762,.F.);
#3762 = EDGE_LOOP('',(#3763));
#3763 = ORIENTED_EDGE('',*,*,#2055,.T.);
#3764 = FACE_BOUND('',#3765,.F.);
#3765 = EDGE_LOOP('',(#3766));
#3766 = ORIENTED_EDGE('',*,*,#2088,.T.);
#3767 = FACE_BOUND('',#3768,.F.);
#3768 = EDGE_LOOP('',(#3769));
#3769 = ORIENTED_EDGE('',*,*,#2121,.T.);
#3770 = FACE_BOUND('',#3771,.F.);
#3771 = EDGE_LOOP('',(#3772));
#3772 = ORIENTED_EDGE('',*,*,#2154,.T.);
#3773 = FACE_BOUND('',#3774,.F.);
#3774 = EDGE_LOOP('',(#3775));
#3775 = ORIENTED_EDGE('',*,*,#2187,.T.);
#3776 = FACE_BOUND('',#3777,.F.);
#3777 = EDGE_LOOP('',(#3778));
#3778 = ORIENTED_EDGE('',*,*,#2220,.T.);
#3779 = FACE_BOUND('',#3780,.F.);
#3780 = EDGE_LOOP('',(#3781));
#3781 = ORIENTED_EDGE('',*,*,#2253,.T.);
#3782 = FACE_BOUND('',#3783,.F.);
#3783 = EDGE_LOOP('',(#3784));
#3784 = ORIENTED_EDGE('',*,*,#2286,.T.);
#3785 = FACE_BOUND('',#3786,.F.);
#3786 = EDGE_LOOP('',(#3787));
#3787 = ORIENTED_EDGE('',*,*,#2319,.T.);
#3788 = FACE_BOUND('',#3789,.F.);
#3789 = EDGE_LOOP('',(#3790));
#3790 = ORIENTED_EDGE('',*,*,#2352,.T.);
#3791 = FACE_BOUND('',#3792,.F.);
#3792 = EDGE_LOOP('',(#3793));
#3793 = ORIENTED_EDGE('',*,*,#2385,.T.);
#3794 = FACE_BOUND('',#3795,.F.);
#3795 = EDGE_LOOP('',(#3796));
#3796 = ORIENTED_EDGE('',*,*,#2418,.T.);
#3797 = FACE_BOUND('',#3798,.F.);
#3798 = EDGE_LOOP('',(#3799));
#3799 = ORIENTED_EDGE('',*,*,#2451,.T.);
#3800 = FACE_BOUND('',#3801,.F.);
#3801 = EDGE_LOOP('',(#3802));
#3802 = ORIENTED_EDGE('',*,*,#2484,.T.);
#3803 = FACE_BOUND('',#3804,.F.);
#3804 = EDGE_LOOP('',(#3805));
#3805 = ORIENTED_EDGE('',*,*,#2517,.T.);
#3806 = FACE_BOUND('',#3807,.F.);
#3807 = EDGE_LOOP('',(#3808));
#3808 = ORIENTED_EDGE('',*,*,#2550,.T.);
#3809 = FACE_BOUND('',#3810,.F.);
#3810 = EDGE_LOOP('',(#3811));
#3811 = ORIENTED_EDGE('',*,*,#2583,.T.);
#3812 = FACE_BOUND('',#3813,.F.);
#3813 = EDGE_LOOP('',(#3814));
#3814 = ORIENTED_EDGE('',*,*,#2616,.T.);
#3815 = FACE_BOUND('',#3816,.F.);
#3816 = EDGE_LOOP('',(#3817));
#3817 = ORIENTED_EDGE('',*,*,#2649,.T.);
#3818 = FACE_BOUND('',#3819,.F.);
#3819 = EDGE_LOOP('',(#3820));
#3820 = ORIENTED_EDGE('',*,*,#2682,.T.);
#3821 = FACE_BOUND('',#3822,.F.);
#3822 = EDGE_LOOP('',(#3823));
#3823 = ORIENTED_EDGE('',*,*,#2715,.T.);
#3824 = FACE_BOUND('',#3825,.F.);
#3825 = EDGE_LOOP('',(#3826));
#3826 = ORIENTED_EDGE('',*,*,#2748,.T.);
#3827 = FACE_BOUND('',#3828,.F.);
#3828 = EDGE_LOOP('',(#3829));
#3829 = ORIENTED_EDGE('',*,*,#2781,.T.);
#3830 = FACE_BOUND('',#3831,.F.);
#3831 = EDGE_LOOP('',(#3832));
#3832 = ORIENTED_EDGE('',*,*,#2814,.T.);
#3833 = FACE_BOUND('',#3834,.F.);
#3834 = EDGE_LOOP('',(#3835));
#3835 = ORIENTED_EDGE('',*,*,#2847,.T.);
#3836 = FACE_BOUND('',#3837,.F.);
#3837 = EDGE_LOOP('',(#3838));
#3838 = ORIENTED_EDGE('',*,*,#2880,.T.);
#3839 = FACE_BOUND('',#3840,.F.);
#3840 = EDGE_LOOP('',(#3841));
#3841 = ORIENTED_EDGE('',*,*,#2913,.T.);
#3842 = FACE_BOUND('',#3843,.F.);
#3843 = EDGE_LOOP('',(#3844));
#3844 = ORIENTED_EDGE('',*,*,#2946,.T.);
#3845 = FACE_BOUND('',#3846,.F.);
#3846 = EDGE_LOOP('',(#3847));
#3847 = ORIENTED_EDGE('',*,*,#2979,.T.);
#3848 = FACE_BOUND('',#3849,.F.);
#3849 = EDGE_LOOP('',(#3850));
#3850 = ORIENTED_EDGE('',*,*,#3012,.T.);
#3851 = FACE_BOUND('',#3852,.F.);
#3852 = EDGE_LOOP('',(#3853));
#3853 = ORIENTED_EDGE('',*,*,#3045,.T.);
#3854 = FACE_BOUND('',#3855,.F.);
#3855 = EDGE_LOOP('',(#3856));
#3856 = ORIENTED_EDGE('',*,*,#3078,.T.);
#3857 = FACE_BOUND('',#3858,.F.);
#3858 = EDGE_LOOP('',(#3859));
#3859 = ORIENTED_EDGE('',*,*,#3111,.T.);
#3860 = FACE_BOUND('',#3861,.F.);
#3861 = EDGE_LOOP('',(#3862));
#3862 = ORIENTED_EDGE('',*,*,#3144,.T.);
#3863 = FACE_BOUND('',#3864,.F.);
#3864 = EDGE_LOOP('',(#3865));
#3865 = ORIENTED_EDGE('',*,*,#3177,.T.);
#3866 = FACE_BOUND('',#3867,.F.);
#3867 = EDGE_LOOP('',(#3868));
#3868 = ORIENTED_EDGE('',*,*,#3210,.T.);
#3869 = FACE_BOUND('',#3870,.F.);
#3870 = EDGE_LOOP('',(#3871));
#3871 = ORIENTED_EDGE('',*,*,#3243,.T.);
#3872 = FACE_BOUND('',#3873,.F.);
#3873 = EDGE_LOOP('',(#3874));
#3874 = ORIENTED_EDGE('',*,*,#3276,.T.);
#3875 = FACE_BOUND('',#3876,.F.);
#3876 = EDGE_LOOP('',(#3877));
#3877 = ORIENTED_EDGE('',*,*,#3309,.T.);
#3878 = FACE_BOUND('',#3879,.F.);
#3879 = EDGE_LOOP('',(#3880));
#3880 = ORIENTED_EDGE('',*,*,#3342,.T.);
#3881 = FACE_BOUND('',#3882,.F.);
#3882 = EDGE_LOOP('',(#3883));
#3883 = ORIENTED_EDGE('',*,*,#3375,.T.);
#3884 = FACE_BOUND('',#3885,.F.);
#3885 = EDGE_LOOP('',(#3886));
#3886 = ORIENTED_EDGE('',*,*,#3408,.T.);
#3887 = FACE_BOUND('',#3888,.F.);
#3888 = EDGE_LOOP('',(#3889));
#3889 = ORIENTED_EDGE('',*,*,#3441,.T.);
#3890 = FACE_BOUND('',#3891,.F.);
#3891 = EDGE_LOOP('',(#3892));
#3892 = ORIENTED_EDGE('',*,*,#3474,.T.);
#3893 = FACE_BOUND('',#3894,.F.);
#3894 = EDGE_LOOP('',(#3895));
#3895 = ORIENTED_EDGE('',*,*,#3507,.T.);
#3896 = FACE_BOUND('',#3897,.F.);
#3897 = EDGE_LOOP('',(#3898));
#3898 = ORIENTED_EDGE('',*,*,#3540,.T.);
#3899 = FACE_BOUND('',#3900,.F.);
#3900 = EDGE_LOOP('',(#3901));
#3901 = ORIENTED_EDGE('',*,*,#3573,.T.);
#3902 = FACE_BOUND('',#3903,.F.);
#3903 = EDGE_LOOP('',(#3904));
#3904 = ORIENTED_EDGE('',*,*,#3606,.T.);
#3905 = PLANE('',#3906);
#3906 = AXIS2_PLACEMENT_3D('',#3907,#3908,#3909);
#3907 = CARTESIAN_POINT('',(126.00670623107,-91.37758553297,0.));
#3908 = DIRECTION('',(-0.,-0.,-1.));
#3909 = DIRECTION('',(-1.,0.,0.));
#3910 = ADVANCED_FACE('',(#3911,#3934,#3937,#3940,#3943,#3946,#3949,
    #3952,#3955,#3958,#3961,#3964,#3967,#3970,#3973,#3976,#3979,#3982,
    #3985,#3988,#3991,#3994,#3997,#4000,#4003,#4006,#4009,#4012,#4015,
    #4018,#4021,#4024,#4027,#4030,#4033,#4036,#4039,#4042,#4045,#4048,
    #4051,#4054,#4057,#4060,#4063,#4066,#4069,#4072,#4075,#4078,#4081,
    #4084,#4087,#4090,#4093,#4096,#4099,#4102,#4105,#4108,#4111,#4114,
    #4117,#4120,#4123,#4126,#4129,#4132,#4135,#4138,#4141,#4144,#4147,
    #4150,#4153,#4156,#4159,#4162,#4165,#4168,#4171,#4174,#4177,#4180,
    #4183,#4186,#4189,#4192,#4195),#4198,.T.);
#3911 = FACE_BOUND('',#3912,.T.);
#3912 = EDGE_LOOP('',(#3913,#3914,#3915,#3916,#3917,#3918,#3919,#3920,
    #3921,#3922,#3923,#3924,#3925,#3926,#3927,#3928,#3929,#3930,#3931,
    #3932,#3933));
#3913 = ORIENTED_EDGE('',*,*,#76,.T.);
#3914 = ORIENTED_EDGE('',*,*,#138,.T.);
#3915 = ORIENTED_EDGE('',*,*,#200,.T.);
#3916 = ORIENTED_EDGE('',*,*,#262,.T.);
#3917 = ORIENTED_EDGE('',*,*,#324,.T.);
#3918 = ORIENTED_EDGE('',*,*,#386,.T.);
#3919 = ORIENTED_EDGE('',*,*,#448,.T.);
#3920 = ORIENTED_EDGE('',*,*,#510,.T.);
#3921 = ORIENTED_EDGE('',*,*,#572,.T.);
#3922 = ORIENTED_EDGE('',*,*,#634,.T.);
#3923 = ORIENTED_EDGE('',*,*,#696,.T.);
#3924 = ORIENTED_EDGE('',*,*,#674,.T.);
#3925 = ORIENTED_EDGE('',*,*,#612,.T.);
#3926 = ORIENTED_EDGE('',*,*,#550,.T.);
#3927 = ORIENTED_EDGE('',*,*,#488,.T.);
#3928 = ORIENTED_EDGE('',*,*,#426,.T.);
#3929 = ORIENTED_EDGE('',*,*,#364,.T.);
#3930 = ORIENTED_EDGE('',*,*,#302,.T.);
#3931 = ORIENTED_EDGE('',*,*,#240,.T.);
#3932 = ORIENTED_EDGE('',*,*,#178,.T.);
#3933 = ORIENTED_EDGE('',*,*,#116,.T.);
#3934 = FACE_BOUND('',#3935,.T.);
#3935 = EDGE_LOOP('',(#3936));
#3936 = ORIENTED_EDGE('',*,*,#727,.T.);
#3937 = FACE_BOUND('',#3938,.T.);
#3938 = EDGE_LOOP('',(#3939));
#3939 = ORIENTED_EDGE('',*,*,#760,.T.);
#3940 = FACE_BOUND('',#3941,.T.);
#3941 = EDGE_LOOP('',(#3942));
#3942 = ORIENTED_EDGE('',*,*,#793,.T.);
#3943 = FACE_BOUND('',#3944,.T.);
#3944 = EDGE_LOOP('',(#3945));
#3945 = ORIENTED_EDGE('',*,*,#826,.T.);
#3946 = FACE_BOUND('',#3947,.T.);
#3947 = EDGE_LOOP('',(#3948));
#3948 = ORIENTED_EDGE('',*,*,#859,.T.);
#3949 = FACE_BOUND('',#3950,.T.);
#3950 = EDGE_LOOP('',(#3951));
#3951 = ORIENTED_EDGE('',*,*,#892,.T.);
#3952 = FACE_BOUND('',#3953,.T.);
#3953 = EDGE_LOOP('',(#3954));
#3954 = ORIENTED_EDGE('',*,*,#925,.T.);
#3955 = FACE_BOUND('',#3956,.T.);
#3956 = EDGE_LOOP('',(#3957));
#3957 = ORIENTED_EDGE('',*,*,#958,.T.);
#3958 = FACE_BOUND('',#3959,.T.);
#3959 = EDGE_LOOP('',(#3960));
#3960 = ORIENTED_EDGE('',*,*,#991,.T.);
#3961 = FACE_BOUND('',#3962,.T.);
#3962 = EDGE_LOOP('',(#3963));
#3963 = ORIENTED_EDGE('',*,*,#1024,.T.);
#3964 = FACE_BOUND('',#3965,.T.);
#3965 = EDGE_LOOP('',(#3966));
#3966 = ORIENTED_EDGE('',*,*,#1057,.T.);
#3967 = FACE_BOUND('',#3968,.T.);
#3968 = EDGE_LOOP('',(#3969));
#3969 = ORIENTED_EDGE('',*,*,#1090,.T.);
#3970 = FACE_BOUND('',#3971,.T.);
#3971 = EDGE_LOOP('',(#3972));
#3972 = ORIENTED_EDGE('',*,*,#1123,.T.);
#3973 = FACE_BOUND('',#3974,.T.);
#3974 = EDGE_LOOP('',(#3975));
#3975 = ORIENTED_EDGE('',*,*,#1156,.T.);
#3976 = FACE_BOUND('',#3977,.T.);
#3977 = EDGE_LOOP('',(#3978));
#3978 = ORIENTED_EDGE('',*,*,#1189,.T.);
#3979 = FACE_BOUND('',#3980,.T.);
#3980 = EDGE_LOOP('',(#3981));
#3981 = ORIENTED_EDGE('',*,*,#1222,.T.);
#3982 = FACE_BOUND('',#3983,.T.);
#3983 = EDGE_LOOP('',(#3984));
#3984 = ORIENTED_EDGE('',*,*,#1255,.T.);
#3985 = FACE_BOUND('',#3986,.T.);
#3986 = EDGE_LOOP('',(#3987));
#3987 = ORIENTED_EDGE('',*,*,#1288,.T.);
#3988 = FACE_BOUND('',#3989,.T.);
#3989 = EDGE_LOOP('',(#3990));
#3990 = ORIENTED_EDGE('',*,*,#1321,.T.);
#3991 = FACE_BOUND('',#3992,.T.);
#3992 = EDGE_LOOP('',(#3993));
#3993 = ORIENTED_EDGE('',*,*,#1354,.T.);
#3994 = FACE_BOUND('',#3995,.T.);
#3995 = EDGE_LOOP('',(#3996));
#3996 = ORIENTED_EDGE('',*,*,#1387,.T.);
#3997 = FACE_BOUND('',#3998,.T.);
#3998 = EDGE_LOOP('',(#3999));
#3999 = ORIENTED_EDGE('',*,*,#1420,.T.);
#4000 = FACE_BOUND('',#4001,.T.);
#4001 = EDGE_LOOP('',(#4002));
#4002 = ORIENTED_EDGE('',*,*,#1453,.T.);
#4003 = FACE_BOUND('',#4004,.T.);
#4004 = EDGE_LOOP('',(#4005));
#4005 = ORIENTED_EDGE('',*,*,#1486,.T.);
#4006 = FACE_BOUND('',#4007,.T.);
#4007 = EDGE_LOOP('',(#4008));
#4008 = ORIENTED_EDGE('',*,*,#1519,.T.);
#4009 = FACE_BOUND('',#4010,.T.);
#4010 = EDGE_LOOP('',(#4011));
#4011 = ORIENTED_EDGE('',*,*,#1552,.T.);
#4012 = FACE_BOUND('',#4013,.T.);
#4013 = EDGE_LOOP('',(#4014));
#4014 = ORIENTED_EDGE('',*,*,#1585,.T.);
#4015 = FACE_BOUND('',#4016,.T.);
#4016 = EDGE_LOOP('',(#4017));
#4017 = ORIENTED_EDGE('',*,*,#1618,.T.);
#4018 = FACE_BOUND('',#4019,.T.);
#4019 = EDGE_LOOP('',(#4020));
#4020 = ORIENTED_EDGE('',*,*,#1651,.T.);
#4021 = FACE_BOUND('',#4022,.T.);
#4022 = EDGE_LOOP('',(#4023));
#4023 = ORIENTED_EDGE('',*,*,#1684,.T.);
#4024 = FACE_BOUND('',#4025,.T.);
#4025 = EDGE_LOOP('',(#4026));
#4026 = ORIENTED_EDGE('',*,*,#1717,.T.);
#4027 = FACE_BOUND('',#4028,.T.);
#4028 = EDGE_LOOP('',(#4029));
#4029 = ORIENTED_EDGE('',*,*,#1750,.T.);
#4030 = FACE_BOUND('',#4031,.T.);
#4031 = EDGE_LOOP('',(#4032));
#4032 = ORIENTED_EDGE('',*,*,#1783,.T.);
#4033 = FACE_BOUND('',#4034,.T.);
#4034 = EDGE_LOOP('',(#4035));
#4035 = ORIENTED_EDGE('',*,*,#1816,.T.);
#4036 = FACE_BOUND('',#4037,.T.);
#4037 = EDGE_LOOP('',(#4038));
#4038 = ORIENTED_EDGE('',*,*,#1849,.T.);
#4039 = FACE_BOUND('',#4040,.T.);
#4040 = EDGE_LOOP('',(#4041));
#4041 = ORIENTED_EDGE('',*,*,#1882,.T.);
#4042 = FACE_BOUND('',#4043,.T.);
#4043 = EDGE_LOOP('',(#4044));
#4044 = ORIENTED_EDGE('',*,*,#1915,.T.);
#4045 = FACE_BOUND('',#4046,.T.);
#4046 = EDGE_LOOP('',(#4047));
#4047 = ORIENTED_EDGE('',*,*,#1948,.T.);
#4048 = FACE_BOUND('',#4049,.T.);
#4049 = EDGE_LOOP('',(#4050));
#4050 = ORIENTED_EDGE('',*,*,#1981,.T.);
#4051 = FACE_BOUND('',#4052,.T.);
#4052 = EDGE_LOOP('',(#4053));
#4053 = ORIENTED_EDGE('',*,*,#2014,.T.);
#4054 = FACE_BOUND('',#4055,.T.);
#4055 = EDGE_LOOP('',(#4056));
#4056 = ORIENTED_EDGE('',*,*,#2047,.T.);
#4057 = FACE_BOUND('',#4058,.T.);
#4058 = EDGE_LOOP('',(#4059));
#4059 = ORIENTED_EDGE('',*,*,#2080,.T.);
#4060 = FACE_BOUND('',#4061,.T.);
#4061 = EDGE_LOOP('',(#4062));
#4062 = ORIENTED_EDGE('',*,*,#2113,.T.);
#4063 = FACE_BOUND('',#4064,.T.);
#4064 = EDGE_LOOP('',(#4065));
#4065 = ORIENTED_EDGE('',*,*,#2146,.T.);
#4066 = FACE_BOUND('',#4067,.T.);
#4067 = EDGE_LOOP('',(#4068));
#4068 = ORIENTED_EDGE('',*,*,#2179,.T.);
#4069 = FACE_BOUND('',#4070,.T.);
#4070 = EDGE_LOOP('',(#4071));
#4071 = ORIENTED_EDGE('',*,*,#2212,.T.);
#4072 = FACE_BOUND('',#4073,.T.);
#4073 = EDGE_LOOP('',(#4074));
#4074 = ORIENTED_EDGE('',*,*,#2245,.T.);
#4075 = FACE_BOUND('',#4076,.T.);
#4076 = EDGE_LOOP('',(#4077));
#4077 = ORIENTED_EDGE('',*,*,#2278,.T.);
#4078 = FACE_BOUND('',#4079,.T.);
#4079 = EDGE_LOOP('',(#4080));
#4080 = ORIENTED_EDGE('',*,*,#2311,.T.);
#4081 = FACE_BOUND('',#4082,.T.);
#4082 = EDGE_LOOP('',(#4083));
#4083 = ORIENTED_EDGE('',*,*,#2344,.T.);
#4084 = FACE_BOUND('',#4085,.T.);
#4085 = EDGE_LOOP('',(#4086));
#4086 = ORIENTED_EDGE('',*,*,#2377,.T.);
#4087 = FACE_BOUND('',#4088,.T.);
#4088 = EDGE_LOOP('',(#4089));
#4089 = ORIENTED_EDGE('',*,*,#2410,.T.);
#4090 = FACE_BOUND('',#4091,.T.);
#4091 = EDGE_LOOP('',(#4092));
#4092 = ORIENTED_EDGE('',*,*,#2443,.T.);
#4093 = FACE_BOUND('',#4094,.T.);
#4094 = EDGE_LOOP('',(#4095));
#4095 = ORIENTED_EDGE('',*,*,#2476,.T.);
#4096 = FACE_BOUND('',#4097,.T.);
#4097 = EDGE_LOOP('',(#4098));
#4098 = ORIENTED_EDGE('',*,*,#2509,.T.);
#4099 = FACE_BOUND('',#4100,.T.);
#4100 = EDGE_LOOP('',(#4101));
#4101 = ORIENTED_EDGE('',*,*,#2542,.T.);
#4102 = FACE_BOUND('',#4103,.T.);
#4103 = EDGE_LOOP('',(#4104));
#4104 = ORIENTED_EDGE('',*,*,#2575,.T.);
#4105 = FACE_BOUND('',#4106,.T.);
#4106 = EDGE_LOOP('',(#4107));
#4107 = ORIENTED_EDGE('',*,*,#2608,.T.);
#4108 = FACE_BOUND('',#4109,.T.);
#4109 = EDGE_LOOP('',(#4110));
#4110 = ORIENTED_EDGE('',*,*,#2641,.T.);
#4111 = FACE_BOUND('',#4112,.T.);
#4112 = EDGE_LOOP('',(#4113));
#4113 = ORIENTED_EDGE('',*,*,#2674,.T.);
#4114 = FACE_BOUND('',#4115,.T.);
#4115 = EDGE_LOOP('',(#4116));
#4116 = ORIENTED_EDGE('',*,*,#2707,.T.);
#4117 = FACE_BOUND('',#4118,.T.);
#4118 = EDGE_LOOP('',(#4119));
#4119 = ORIENTED_EDGE('',*,*,#2740,.T.);
#4120 = FACE_BOUND('',#4121,.T.);
#4121 = EDGE_LOOP('',(#4122));
#4122 = ORIENTED_EDGE('',*,*,#2773,.T.);
#4123 = FACE_BOUND('',#4124,.T.);
#4124 = EDGE_LOOP('',(#4125));
#4125 = ORIENTED_EDGE('',*,*,#2806,.T.);
#4126 = FACE_BOUND('',#4127,.T.);
#4127 = EDGE_LOOP('',(#4128));
#4128 = ORIENTED_EDGE('',*,*,#2839,.T.);
#4129 = FACE_BOUND('',#4130,.T.);
#4130 = EDGE_LOOP('',(#4131));
#4131 = ORIENTED_EDGE('',*,*,#2872,.T.);
#4132 = FACE_BOUND('',#4133,.T.);
#4133 = EDGE_LOOP('',(#4134));
#4134 = ORIENTED_EDGE('',*,*,#2905,.T.);
#4135 = FACE_BOUND('',#4136,.T.);
#4136 = EDGE_LOOP('',(#4137));
#4137 = ORIENTED_EDGE('',*,*,#2938,.T.);
#4138 = FACE_BOUND('',#4139,.T.);
#4139 = EDGE_LOOP('',(#4140));
#4140 = ORIENTED_EDGE('',*,*,#2971,.T.);
#4141 = FACE_BOUND('',#4142,.T.);
#4142 = EDGE_LOOP('',(#4143));
#4143 = ORIENTED_EDGE('',*,*,#3004,.T.);
#4144 = FACE_BOUND('',#4145,.T.);
#4145 = EDGE_LOOP('',(#4146));
#4146 = ORIENTED_EDGE('',*,*,#3037,.T.);
#4147 = FACE_BOUND('',#4148,.T.);
#4148 = EDGE_LOOP('',(#4149));
#4149 = ORIENTED_EDGE('',*,*,#3070,.T.);
#4150 = FACE_BOUND('',#4151,.T.);
#4151 = EDGE_LOOP('',(#4152));
#4152 = ORIENTED_EDGE('',*,*,#3103,.T.);
#4153 = FACE_BOUND('',#4154,.T.);
#4154 = EDGE_LOOP('',(#4155));
#4155 = ORIENTED_EDGE('',*,*,#3136,.T.);
#4156 = FACE_BOUND('',#4157,.T.);
#4157 = EDGE_LOOP('',(#4158));
#4158 = ORIENTED_EDGE('',*,*,#3169,.T.);
#4159 = FACE_BOUND('',#4160,.T.);
#4160 = EDGE_LOOP('',(#4161));
#4161 = ORIENTED_EDGE('',*,*,#3202,.T.);
#4162 = FACE_BOUND('',#4163,.T.);
#4163 = EDGE_LOOP('',(#4164));
#4164 = ORIENTED_EDGE('',*,*,#3235,.T.);
#4165 = FACE_BOUND('',#4166,.T.);
#4166 = EDGE_LOOP('',(#4167));
#4167 = ORIENTED_EDGE('',*,*,#3268,.T.);
#4168 = FACE_BOUND('',#4169,.T.);
#4169 = EDGE_LOOP('',(#4170));
#4170 = ORIENTED_EDGE('',*,*,#3301,.T.);
#4171 = FACE_BOUND('',#4172,.T.);
#4172 = EDGE_LOOP('',(#4173));
#4173 = ORIENTED_EDGE('',*,*,#3334,.T.);
#4174 = FACE_BOUND('',#4175,.T.);
#4175 = EDGE_LOOP('',(#4176));
#4176 = ORIENTED_EDGE('',*,*,#3367,.T.);
#4177 = FACE_BOUND('',#4178,.T.);
#4178 = EDGE_LOOP('',(#4179));
#4179 = ORIENTED_EDGE('',*,*,#3400,.T.);
#4180 = FACE_BOUND('',#4181,.T.);
#4181 = EDGE_LOOP('',(#4182));
#4182 = ORIENTED_EDGE('',*,*,#3433,.T.);
#4183 = FACE_BOUND('',#4184,.T.);
#4184 = EDGE_LOOP('',(#4185));
#4185 = ORIENTED_EDGE('',*,*,#3466,.T.);
#4186 = FACE_BOUND('',#4187,.T.);
#4187 = EDGE_LOOP('',(#4188));
#4188 = ORIENTED_EDGE('',*,*,#3499,.T.);
#4189 = FACE_BOUND('',#4190,.T.);
#4190 = EDGE_LOOP('',(#4191));
#4191 = ORIENTED_EDGE('',*,*,#3532,.T.);
#4192 = FACE_BOUND('',#4193,.T.);
#4193 = EDGE_LOOP('',(#4194));
#4194 = ORIENTED_EDGE('',*,*,#3565,.T.);
#4195 = FACE_BOUND('',#4196,.T.);
#4196 = EDGE_LOOP('',(#4197));
#4197 = ORIENTED_EDGE('',*,*,#3598,.T.);
#4198 = PLANE('',#4199);
#4199 = AXIS2_PLACEMENT_3D('',#4200,#4201,#4202);
#4200 = CARTESIAN_POINT('',(126.00670623107,-91.37758553297,-1.6));
#4201 = DIRECTION('',(-0.,-0.,-1.));
#4202 = DIRECTION('',(-1.,0.,0.));
#4203 = ( GEOMETRIC_REPRESENTATION_CONTEXT(3) 
GLOBAL_UNCERTAINTY_ASSIGNED_CONTEXT((#4207)) 
GLOBAL_UNIT_ASSIGNED_CONTEXT((#4204,#4205,#4206)) REPRESENTATION_CONTEXT
('Context #1','3D Context with UNIT and UNCERTAINTY') );
#4204 = ( LENGTH_UNIT() NAMED_UNIT(*) SI_UNIT(.MILLI.,.METRE.) );
#4205 = ( NAMED_UNIT(*) PLANE_ANGLE_UNIT() SI_UNIT($,.RADIAN.) );
#4206 = ( NAMED_UNIT(*) SI_UNIT($,.STERADIAN.) SOLID_ANGLE_UNIT() );
#4207 = UNCERTAINTY_MEASURE_WITH_UNIT(LENGTH_MEASURE(1.E-07),#4204,
  'distance_accuracy_value','confusion accuracy');
#4208 = CONTEXT_DEPENDENT_SHAPE_REPRESENTATION(#4209,#4211);
#4209 = ( REPRESENTATION_RELATIONSHIP('','',#59,#36) 
REPRESENTATION_RELATIONSHIP_WITH_TRANSFORMATION(#4210) 
SHAPE_REPRESENTATION_RELATIONSHIP() );
#4210 = ITEM_DEFINED_TRANSFORMATION('','',#11,#37);
#4211 = PRODUCT_DEFINITION_SHAPE('Placement','Placement of an item',
  #4212);
#4212 = NEXT_ASSEMBLY_USAGE_OCCURRENCE('1','Pcb_65d9','',#31,#54,$);
#4213 = PRODUCT_RELATED_PRODUCT_CATEGORY('part',$,(#56));
#4214 = SHAPE_DEFINITION_REPRESENTATION(#4215,#4221);
#4215 = PRODUCT_DEFINITION_SHAPE('','',#4216);
#4216 = PRODUCT_DEFINITION('design','',#4217,#4220);
#4217 = PRODUCT_DEFINITION_FORMATION('','',#4218);
#4218 = PRODUCT('Step_Models_65d9','Step_Models_65d9','',(#4219));
#4219 = PRODUCT_CONTEXT('',#2,'mechanical');
#4220 = PRODUCT_DEFINITION_CONTEXT('part definition',#2,'design');
#4221 = SHAPE_REPRESENTATION('',(#11,#4222),#4226);
#4222 = AXIS2_PLACEMENT_3D('',#4223,#4224,#4225);
#4223 = CARTESIAN_POINT('',(0.,0.,0.));
#4224 = DIRECTION('',(0.,0.,1.));
#4225 = DIRECTION('',(1.,0.,0.));
#4226 = ( GEOMETRIC_REPRESENTATION_CONTEXT(3) 
GLOBAL_UNCERTAINTY_ASSIGNED_CONTEXT((#4230)) 
GLOBAL_UNIT_ASSIGNED_CONTEXT((#4227,#4228,#4229)) REPRESENTATION_CONTEXT
('Context #1','3D Context with UNIT and UNCERTAINTY') );
#4227 = ( LENGTH_UNIT() NAMED_UNIT(*) SI_UNIT(.MILLI.,.METRE.) );
#4228 = ( NAMED_UNIT(*) PLANE_ANGLE_UNIT() SI_UNIT($,.RADIAN.) );
#4229 = ( NAMED_UNIT(*) SI_UNIT($,.STERADIAN.) SOLID_ANGLE_UNIT() );
#4230 = UNCERTAINTY_MEASURE_WITH_UNIT(LENGTH_MEASURE(1.E-07),#4227,
  'distance_accuracy_value','confusion accuracy');
#4231 = CONTEXT_DEPENDENT_SHAPE_REPRESENTATION(#4232,#4234);
#4232 = ( REPRESENTATION_RELATIONSHIP('','',#4221,#10) 
REPRESENTATION_RELATIONSHIP_WITH_TRANSFORMATION(#4233) 
SHAPE_REPRESENTATION_RELATIONSHIP() );
#4233 = ITEM_DEFINED_TRANSFORMATION('','',#11,#19);
#4234 = PRODUCT_DEFINITION_SHAPE('Placement','Placement of an item',
  #4235);
#4235 = NEXT_ASSEMBLY_USAGE_OCCURRENCE('90','Step_Models_65d9','',#5,
  #4216,$);
#4236 = PRODUCT_RELATED_PRODUCT_CATEGORY('part',$,(#4218));
#4237 = SHAPE_DEFINITION_REPRESENTATION(#4238,#4244);
#4238 = PRODUCT_DEFINITION_SHAPE('','',#4239);
#4239 = PRODUCT_DEFINITION('design','',#4240,#4243);
#4240 = PRODUCT_DEFINITION_FORMATION('','',#4241);
#4241 = PRODUCT('Top_65d9','Top_65d9','',(#4242));
#4242 = PRODUCT_CONTEXT('',#2,'mechanical');
#4243 = PRODUCT_DEFINITION_CONTEXT('part definition',#2,'design');
#4244 = SHAPE_REPRESENTATION('',(#11,#4245,#4249),#4253);
#4245 = AXIS2_PLACEMENT_3D('',#4246,#4247,#4248);
#4246 = CARTESIAN_POINT('',(110.55,-147.33,0.));
#4247 = DIRECTION('',(0.,0.,1.));
#4248 = DIRECTION('',(1.,0.,0.));
#4249 = AXIS2_PLACEMENT_3D('',#4250,#4251,#4252);
#4250 = CARTESIAN_POINT('',(104.09,-138.34,0.));
#4251 = DIRECTION('',(0.,0.,1.));
#4252 = DIRECTION('',(-1.,0.,0.));
#4253 = ( GEOMETRIC_REPRESENTATION_CONTEXT(3) 
GLOBAL_UNCERTAINTY_ASSIGNED_CONTEXT((#4257)) 
GLOBAL_UNIT_ASSIGNED_CONTEXT((#4254,#4255,#4256)) REPRESENTATION_CONTEXT
('Context #1','3D Context with UNIT and UNCERTAINTY') );
#4254 = ( LENGTH_UNIT() NAMED_UNIT(*) SI_UNIT(.MILLI.,.METRE.) );
#4255 = ( NAMED_UNIT(*) PLANE_ANGLE_UNIT() SI_UNIT($,.RADIAN.) );
#4256 = ( NAMED_UNIT(*) SI_UNIT($,.STERADIAN.) SOLID_ANGLE_UNIT() );
#4257 = UNCERTAINTY_MEASURE_WITH_UNIT(LENGTH_MEASURE(1.E-07),#4254,
  'distance_accuracy_value','confusion accuracy');
#4258 = CONTEXT_DEPENDENT_SHAPE_REPRESENTATION(#4259,#4261);
#4259 = ( REPRESENTATION_RELATIONSHIP('','',#4244,#4221) 
REPRESENTATION_RELATIONSHIP_WITH_TRANSFORMATION(#4260) 
SHAPE_REPRESENTATION_RELATIONSHIP() );
#4260 = ITEM_DEFINED_TRANSFORMATION('','',#11,#4222);
#4261 = PRODUCT_DEFINITION_SHAPE('Placement','Placement of an item',
  #4262);
#4262 = NEXT_ASSEMBLY_USAGE_OCCURRENCE('89','Top_65d9','',#4216,#4239,$
  );
#4263 = PRODUCT_RELATED_PRODUCT_CATEGORY('part',$,(#4241));
#4264 = SHAPE_DEFINITION_REPRESENTATION(#4265,#4271);
#4265 = PRODUCT_DEFINITION_SHAPE('','',#4266);
#4266 = PRODUCT_DEFINITION('design','',#4267,#4270);
#4267 = PRODUCT_DEFINITION_FORMATION('','',#4268);
#4268 = PRODUCT('J1_ASSEMBLY_d4674bd52992','J1_ASSEMBLY_d4674bd52992',''
  ,(#4269));
#4269 = PRODUCT_CONTEXT('',#2,'mechanical');
#4270 = PRODUCT_DEFINITION_CONTEXT('part definition',#2,'design');
#4271 = SHAPE_REPRESENTATION('',(#11,#4272,#4276),#4280);
#4272 = AXIS2_PLACEMENT_3D('',#4273,#4274,#4275);
#4273 = CARTESIAN_POINT('',(0.,0.,0.1));
#4274 = DIRECTION('',(0.,0.,1.));
#4275 = DIRECTION('',(1.,0.,0.));
#4276 = AXIS2_PLACEMENT_3D('',#4277,#4278,#4279);
#4277 = CARTESIAN_POINT('',(0.,0.,0.));
#4278 = DIRECTION('',(0.,0.,1.));
#4279 = DIRECTION('',(1.,0.,0.));
#4280 = ( GEOMETRIC_REPRESENTATION_CONTEXT(3) 
GLOBAL_UNCERTAINTY_ASSIGNED_CONTEXT((#4284)) 
GLOBAL_UNIT_ASSIGNED_CONTEXT((#4281,#4282,#4283)) REPRESENTATION_CONTEXT
('Context #1','3D Context with UNIT and UNCERTAINTY') );
#4281 = ( LENGTH_UNIT() NAMED_UNIT(*) SI_UNIT(.MILLI.,.METRE.) );
#4282 = ( NAMED_UNIT(*) PLANE_ANGLE_UNIT() SI_UNIT($,.RADIAN.) );
#4283 = ( NAMED_UNIT(*) SI_UNIT($,.STERADIAN.) SOLID_ANGLE_UNIT() );
#4284 = UNCERTAINTY_MEASURE_WITH_UNIT(LENGTH_MEASURE(1.E-07),#4281,
  'distance_accuracy_value','confusion accuracy');
#4285 = CONTEXT_DEPENDENT_SHAPE_REPRESENTATION(#4286,#4288);
#4286 = ( REPRESENTATION_RELATIONSHIP('','',#4271,#4244) 
REPRESENTATION_RELATIONSHIP_WITH_TRANSFORMATION(#4287) 
SHAPE_REPRESENTATION_RELATIONSHIP() );
#4287 = ITEM_DEFINED_TRANSFORMATION('','',#11,#4245);
#4288 = PRODUCT_DEFINITION_SHAPE('Placement','Placement of an item',
  #4289);
#4289 = NEXT_ASSEMBLY_USAGE_OCCURRENCE('32','J1_ASSEMBLY_d4674bd52992',
  '',#4239,#4266,$);
#4290 = PRODUCT_RELATED_PRODUCT_CATEGORY('part',$,(#4268));
#4291 = SHAPE_DEFINITION_REPRESENTATION(#4292,#4298);
#4292 = PRODUCT_DEFINITION_SHAPE('','',#4293);
#4293 = PRODUCT_DEFINITION('design','',#4294,#4297);
#4294 = PRODUCT_DEFINITION_FORMATION('','',#4295);
#4295 = PRODUCT('Body','Body','',(#4296));
#4296 = PRODUCT_CONTEXT('',#2,'mechanical');
#4297 = PRODUCT_DEFINITION_CONTEXT('part definition',#2,'design');
#4298 = ADVANCED_BREP_SHAPE_REPRESENTATION('',(#11,#4299),#4449);
#4299 = MANIFOLD_SOLID_BREP('',#4300);
#4300 = CLOSED_SHELL('',(#4301,#4341,#4372,#4403,#4425,#4437));
#4301 = ADVANCED_FACE('',(#4302),#4336,.F.);
#4302 = FACE_BOUND('',#4303,.F.);
#4303 = EDGE_LOOP('',(#4304,#4314,#4322,#4330));
#4304 = ORIENTED_EDGE('',*,*,#4305,.T.);
#4305 = EDGE_CURVE('',#4306,#4308,#4310,.T.);
#4306 = VERTEX_POINT('',#4307);
#4307 = CARTESIAN_POINT('',(-6.86,-5.18,0.));
#4308 = VERTEX_POINT('',#4309);
#4309 = CARTESIAN_POINT('',(-6.86,-5.18,13.74));
#4310 = LINE('',#4311,#4312);
#4311 = CARTESIAN_POINT('',(-6.86,-5.18,0.));
#4312 = VECTOR('',#4313,1.);
#4313 = DIRECTION('',(0.,0.,1.));
#4314 = ORIENTED_EDGE('',*,*,#4315,.T.);
#4315 = EDGE_CURVE('',#4308,#4316,#4318,.T.);
#4316 = VERTEX_POINT('',#4317);
#4317 = CARTESIAN_POINT('',(37.34,-5.18,13.74));
#4318 = LINE('',#4319,#4320);
#4319 = CARTESIAN_POINT('',(-6.86,-5.18,13.74));
#4320 = VECTOR('',#4321,1.);
#4321 = DIRECTION('',(1.,0.,0.));
#4322 = ORIENTED_EDGE('',*,*,#4323,.F.);
#4323 = EDGE_CURVE('',#4324,#4316,#4326,.T.);
#4324 = VERTEX_POINT('',#4325);
#4325 = CARTESIAN_POINT('',(37.34,-5.18,0.));
#4326 = LINE('',#4327,#4328);
#4327 = CARTESIAN_POINT('',(37.34,-5.18,0.));
#4328 = VECTOR('',#4329,1.);
#4329 = DIRECTION('',(0.,0.,1.));
#4330 = ORIENTED_EDGE('',*,*,#4331,.F.);
#4331 = EDGE_CURVE('',#4306,#4324,#4332,.T.);
#4332 = LINE('',#4333,#4334);
#4333 = CARTESIAN_POINT('',(-6.86,-5.18,0.));
#4334 = VECTOR('',#4335,1.);
#4335 = DIRECTION('',(1.,0.,0.));
#4336 = PLANE('',#4337);
#4337 = AXIS2_PLACEMENT_3D('',#4338,#4339,#4340);
#4338 = CARTESIAN_POINT('',(-6.86,-5.18,0.));
#4339 = DIRECTION('',(0.,1.,0.));
#4340 = DIRECTION('',(1.,0.,0.));
#4341 = ADVANCED_FACE('',(#4342),#4367,.F.);
#4342 = FACE_BOUND('',#4343,.F.);
#4343 = EDGE_LOOP('',(#4344,#4345,#4353,#4361));
#4344 = ORIENTED_EDGE('',*,*,#4323,.T.);
#4345 = ORIENTED_EDGE('',*,*,#4346,.T.);
#4346 = EDGE_CURVE('',#4316,#4347,#4349,.T.);
#4347 = VERTEX_POINT('',#4348);
#4348 = CARTESIAN_POINT('',(37.34,2.64,13.74));
#4349 = LINE('',#4350,#4351);
#4350 = CARTESIAN_POINT('',(37.34,-5.18,13.74));
#4351 = VECTOR('',#4352,1.);
#4352 = DIRECTION('',(0.,1.,0.));
#4353 = ORIENTED_EDGE('',*,*,#4354,.F.);
#4354 = EDGE_CURVE('',#4355,#4347,#4357,.T.);
#4355 = VERTEX_POINT('',#4356);
#4356 = CARTESIAN_POINT('',(37.34,2.64,0.));
#4357 = LINE('',#4358,#4359);
#4358 = CARTESIAN_POINT('',(37.34,2.64,0.));
#4359 = VECTOR('',#4360,1.);
#4360 = DIRECTION('',(0.,0.,1.));
#4361 = ORIENTED_EDGE('',*,*,#4362,.F.);
#4362 = EDGE_CURVE('',#4324,#4355,#4363,.T.);
#4363 = LINE('',#4364,#4365);
#4364 = CARTESIAN_POINT('',(37.34,-5.18,0.));
#4365 = VECTOR('',#4366,1.);
#4366 = DIRECTION('',(0.,1.,0.));
#4367 = PLANE('',#4368);
#4368 = AXIS2_PLACEMENT_3D('',#4369,#4370,#4371);
#4369 = CARTESIAN_POINT('',(37.34,-5.18,0.));
#4370 = DIRECTION('',(-1.,0.,0.));
#4371 = DIRECTION('',(0.,1.,0.));
#4372 = ADVANCED_FACE('',(#4373),#4398,.F.);
#4373 = FACE_BOUND('',#4374,.F.);
#4374 = EDGE_LOOP('',(#4375,#4376,#4384,#4392));
#4375 = ORIENTED_EDGE('',*,*,#4354,.T.);
#4376 = ORIENTED_EDGE('',*,*,#4377,.T.);
#4377 = EDGE_CURVE('',#4347,#4378,#4380,.T.);
#4378 = VERTEX_POINT('',#4379);
#4379 = CARTESIAN_POINT('',(-6.86,2.64,13.74));
#4380 = LINE('',#4381,#4382);
#4381 = CARTESIAN_POINT('',(37.34,2.64,13.74));
#4382 = VECTOR('',#4383,1.);
#4383 = DIRECTION('',(-1.,0.,0.));
#4384 = ORIENTED_EDGE('',*,*,#4385,.F.);
#4385 = EDGE_CURVE('',#4386,#4378,#4388,.T.);
#4386 = VERTEX_POINT('',#4387);
#4387 = CARTESIAN_POINT('',(-6.86,2.64,0.));
#4388 = LINE('',#4389,#4390);
#4389 = CARTESIAN_POINT('',(-6.86,2.64,0.));
#4390 = VECTOR('',#4391,1.);
#4391 = DIRECTION('',(0.,0.,1.));
#4392 = ORIENTED_EDGE('',*,*,#4393,.F.);
#4393 = EDGE_CURVE('',#4355,#4386,#4394,.T.);
#4394 = LINE('',#4395,#4396);
#4395 = CARTESIAN_POINT('',(37.34,2.64,0.));
#4396 = VECTOR('',#4397,1.);
#4397 = DIRECTION('',(-1.,0.,0.));
#4398 = PLANE('',#4399);
#4399 = AXIS2_PLACEMENT_3D('',#4400,#4401,#4402);
#4400 = CARTESIAN_POINT('',(37.34,2.64,0.));
#4401 = DIRECTION('',(0.,-1.,0.));
#4402 = DIRECTION('',(-1.,0.,0.));
#4403 = ADVANCED_FACE('',(#4404),#4420,.F.);
#4404 = FACE_BOUND('',#4405,.F.);
#4405 = EDGE_LOOP('',(#4406,#4407,#4413,#4414));
#4406 = ORIENTED_EDGE('',*,*,#4385,.T.);
#4407 = ORIENTED_EDGE('',*,*,#4408,.T.);
#4408 = EDGE_CURVE('',#4378,#4308,#4409,.T.);
#4409 = LINE('',#4410,#4411);
#4410 = CARTESIAN_POINT('',(-6.86,2.64,13.74));
#4411 = VECTOR('',#4412,1.);
#4412 = DIRECTION('',(0.,-1.,0.));
#4413 = ORIENTED_EDGE('',*,*,#4305,.F.);
#4414 = ORIENTED_EDGE('',*,*,#4415,.F.);
#4415 = EDGE_CURVE('',#4386,#4306,#4416,.T.);
#4416 = LINE('',#4417,#4418);
#4417 = CARTESIAN_POINT('',(-6.86,2.64,0.));
#4418 = VECTOR('',#4419,1.);
#4419 = DIRECTION('',(0.,-1.,0.));
#4420 = PLANE('',#4421);
#4421 = AXIS2_PLACEMENT_3D('',#4422,#4423,#4424);
#4422 = CARTESIAN_POINT('',(-6.86,2.64,0.));
#4423 = DIRECTION('',(1.,0.,-0.));
#4424 = DIRECTION('',(0.,-1.,0.));
#4425 = ADVANCED_FACE('',(#4426),#4432,.F.);
#4426 = FACE_BOUND('',#4427,.F.);
#4427 = EDGE_LOOP('',(#4428,#4429,#4430,#4431));
#4428 = ORIENTED_EDGE('',*,*,#4331,.T.);
#4429 = ORIENTED_EDGE('',*,*,#4362,.T.);
#4430 = ORIENTED_EDGE('',*,*,#4393,.T.);
#4431 = ORIENTED_EDGE('',*,*,#4415,.T.);
#4432 = PLANE('',#4433);
#4433 = AXIS2_PLACEMENT_3D('',#4434,#4435,#4436);
#4434 = CARTESIAN_POINT('',(15.24,-1.27,1.387778780781E-17));
#4435 = DIRECTION('',(-1.125763431249E-34,0.,1.));
#4436 = DIRECTION('',(1.,0.,1.125763431249E-34));
#4437 = ADVANCED_FACE('',(#4438),#4444,.T.);
#4438 = FACE_BOUND('',#4439,.T.);
#4439 = EDGE_LOOP('',(#4440,#4441,#4442,#4443));
#4440 = ORIENTED_EDGE('',*,*,#4315,.T.);
#4441 = ORIENTED_EDGE('',*,*,#4346,.T.);
#4442 = ORIENTED_EDGE('',*,*,#4377,.T.);
#4443 = ORIENTED_EDGE('',*,*,#4408,.T.);
#4444 = PLANE('',#4445);
#4445 = AXIS2_PLACEMENT_3D('',#4446,#4447,#4448);
#4446 = CARTESIAN_POINT('',(15.24,-1.27,13.74));
#4447 = DIRECTION('',(-1.125763431249E-34,0.,1.));
#4448 = DIRECTION('',(1.,0.,1.125763431249E-34));
#4449 = ( GEOMETRIC_REPRESENTATION_CONTEXT(3) 
GLOBAL_UNCERTAINTY_ASSIGNED_CONTEXT((#4453)) 
GLOBAL_UNIT_ASSIGNED_CONTEXT((#4450,#4451,#4452)) REPRESENTATION_CONTEXT
('Context #1','3D Context with UNIT and UNCERTAINTY') );
#4450 = ( LENGTH_UNIT() NAMED_UNIT(*) SI_UNIT(.MILLI.,.METRE.) );
#4451 = ( NAMED_UNIT(*) PLANE_ANGLE_UNIT() SI_UNIT($,.RADIAN.) );
#4452 = ( NAMED_UNIT(*) SI_UNIT($,.STERADIAN.) SOLID_ANGLE_UNIT() );
#4453 = UNCERTAINTY_MEASURE_WITH_UNIT(LENGTH_MEASURE(1.E-07),#4450,
  'distance_accuracy_value','confusion accuracy');
#4454 = CONTEXT_DEPENDENT_SHAPE_REPRESENTATION(#4455,#4457);
#4455 = ( REPRESENTATION_RELATIONSHIP('','',#4298,#4271) 
REPRESENTATION_RELATIONSHIP_WITH_TRANSFORMATION(#4456) 
SHAPE_REPRESENTATION_RELATIONSHIP() );
#4456 = ITEM_DEFINED_TRANSFORMATION('','',#11,#4272);
#4457 = PRODUCT_DEFINITION_SHAPE('Placement','Placement of an item',
  #4458);
#4458 = NEXT_ASSEMBLY_USAGE_OCCURRENCE('3','Body','',#4266,#4293,$);
#4459 = PRODUCT_RELATED_PRODUCT_CATEGORY('part',$,(#4295));
#4460 = SHAPE_DEFINITION_REPRESENTATION(#4461,#4467);
#4461 = PRODUCT_DEFINITION_SHAPE('','',#4462);
#4462 = PRODUCT_DEFINITION('design','',#4463,#4466);
#4463 = PRODUCT_DEFINITION_FORMATION('','',#4464);
#4464 = PRODUCT('Leads027','Leads027','',(#4465));
#4465 = PRODUCT_CONTEXT('',#2,'mechanical');
#4466 = PRODUCT_DEFINITION_CONTEXT('part definition',#2,'design');
#4467 = SHAPE_REPRESENTATION('',(#11,#4468,#4472,#4476,#4480,#4484,#4488
    ,#4492,#4496,#4500,#4504,#4508,#4512,#4516,#4520,#4524,#4528,#4532,
    #4536,#4540,#4544,#4548,#4552,#4556,#4560,#4564,#4568,#4572),#4576);
#4468 = AXIS2_PLACEMENT_3D('',#4469,#4470,#4471);
#4469 = CARTESIAN_POINT('',(0.,0.,0.));
#4470 = DIRECTION('',(0.,0.,1.));
#4471 = DIRECTION('',(1.,0.,0.));
#4472 = AXIS2_PLACEMENT_3D('',#4473,#4474,#4475);
#4473 = CARTESIAN_POINT('',(0.,0.,0.));
#4474 = DIRECTION('',(0.,0.,1.));
#4475 = DIRECTION('',(1.,0.,0.));
#4476 = AXIS2_PLACEMENT_3D('',#4477,#4478,#4479);
#4477 = CARTESIAN_POINT('',(0.,0.,0.));
#4478 = DIRECTION('',(0.,0.,1.));
#4479 = DIRECTION('',(1.,0.,0.));
#4480 = AXIS2_PLACEMENT_3D('',#4481,#4482,#4483);
#4481 = CARTESIAN_POINT('',(0.,0.,0.));
#4482 = DIRECTION('',(0.,0.,1.));
#4483 = DIRECTION('',(1.,0.,0.));
#4484 = AXIS2_PLACEMENT_3D('',#4485,#4486,#4487);
#4485 = CARTESIAN_POINT('',(0.,0.,0.));
#4486 = DIRECTION('',(0.,0.,1.));
#4487 = DIRECTION('',(1.,0.,0.));
#4488 = AXIS2_PLACEMENT_3D('',#4489,#4490,#4491);
#4489 = CARTESIAN_POINT('',(0.,0.,0.));
#4490 = DIRECTION('',(0.,0.,1.));
#4491 = DIRECTION('',(1.,0.,0.));
#4492 = AXIS2_PLACEMENT_3D('',#4493,#4494,#4495);
#4493 = CARTESIAN_POINT('',(0.,0.,0.));
#4494 = DIRECTION('',(0.,0.,1.));
#4495 = DIRECTION('',(1.,0.,0.));
#4496 = AXIS2_PLACEMENT_3D('',#4497,#4498,#4499);
#4497 = CARTESIAN_POINT('',(0.,0.,0.));
#4498 = DIRECTION('',(0.,0.,1.));
#4499 = DIRECTION('',(1.,0.,0.));
#4500 = AXIS2_PLACEMENT_3D('',#4501,#4502,#4503);
#4501 = CARTESIAN_POINT('',(0.,0.,0.));
#4502 = DIRECTION('',(0.,0.,1.));
#4503 = DIRECTION('',(1.,0.,0.));
#4504 = AXIS2_PLACEMENT_3D('',#4505,#4506,#4507);
#4505 = CARTESIAN_POINT('',(0.,0.,0.));
#4506 = DIRECTION('',(0.,0.,1.));
#4507 = DIRECTION('',(1.,0.,0.));
#4508 = AXIS2_PLACEMENT_3D('',#4509,#4510,#4511);
#4509 = CARTESIAN_POINT('',(0.,0.,0.));
#4510 = DIRECTION('',(0.,0.,1.));
#4511 = DIRECTION('',(1.,0.,0.));
#4512 = AXIS2_PLACEMENT_3D('',#4513,#4514,#4515);
#4513 = CARTESIAN_POINT('',(0.,0.,0.));
#4514 = DIRECTION('',(0.,0.,1.));
#4515 = DIRECTION('',(1.,0.,0.));
#4516 = AXIS2_PLACEMENT_3D('',#4517,#4518,#4519);
#4517 = CARTESIAN_POINT('',(0.,0.,0.));
#4518 = DIRECTION('',(0.,0.,1.));
#4519 = DIRECTION('',(1.,0.,0.));
#4520 = AXIS2_PLACEMENT_3D('',#4521,#4522,#4523);
#4521 = CARTESIAN_POINT('',(0.,0.,0.));
#4522 = DIRECTION('',(0.,0.,1.));
#4523 = DIRECTION('',(1.,0.,0.));
#4524 = AXIS2_PLACEMENT_3D('',#4525,#4526,#4527);
#4525 = CARTESIAN_POINT('',(0.,0.,0.));
#4526 = DIRECTION('',(0.,0.,1.));
#4527 = DIRECTION('',(1.,0.,0.));
#4528 = AXIS2_PLACEMENT_3D('',#4529,#4530,#4531);
#4529 = CARTESIAN_POINT('',(0.,0.,0.));
#4530 = DIRECTION('',(0.,0.,1.));
#4531 = DIRECTION('',(1.,0.,0.));
#4532 = AXIS2_PLACEMENT_3D('',#4533,#4534,#4535);
#4533 = CARTESIAN_POINT('',(0.,0.,0.));
#4534 = DIRECTION('',(0.,0.,1.));
#4535 = DIRECTION('',(1.,0.,0.));
#4536 = AXIS2_PLACEMENT_3D('',#4537,#4538,#4539);
#4537 = CARTESIAN_POINT('',(0.,0.,0.));
#4538 = DIRECTION('',(0.,0.,1.));
#4539 = DIRECTION('',(1.,0.,0.));
#4540 = AXIS2_PLACEMENT_3D('',#4541,#4542,#4543);
#4541 = CARTESIAN_POINT('',(0.,0.,0.));
#4542 = DIRECTION('',(0.,0.,1.));
#4543 = DIRECTION('',(1.,0.,0.));
#4544 = AXIS2_PLACEMENT_3D('',#4545,#4546,#4547);
#4545 = CARTESIAN_POINT('',(0.,0.,0.));
#4546 = DIRECTION('',(0.,0.,1.));
#4547 = DIRECTION('',(1.,0.,0.));
#4548 = AXIS2_PLACEMENT_3D('',#4549,#4550,#4551);
#4549 = CARTESIAN_POINT('',(0.,0.,0.));
#4550 = DIRECTION('',(0.,0.,1.));
#4551 = DIRECTION('',(1.,0.,0.));
#4552 = AXIS2_PLACEMENT_3D('',#4553,#4554,#4555);
#4553 = CARTESIAN_POINT('',(0.,0.,0.));
#4554 = DIRECTION('',(0.,0.,1.));
#4555 = DIRECTION('',(1.,0.,0.));
#4556 = AXIS2_PLACEMENT_3D('',#4557,#4558,#4559);
#4557 = CARTESIAN_POINT('',(0.,0.,0.));
#4558 = DIRECTION('',(0.,0.,1.));
#4559 = DIRECTION('',(1.,0.,0.));
#4560 = AXIS2_PLACEMENT_3D('',#4561,#4562,#4563);
#4561 = CARTESIAN_POINT('',(0.,0.,0.));
#4562 = DIRECTION('',(0.,0.,1.));
#4563 = DIRECTION('',(1.,0.,0.));
#4564 = AXIS2_PLACEMENT_3D('',#4565,#4566,#4567);
#4565 = CARTESIAN_POINT('',(0.,0.,0.));
#4566 = DIRECTION('',(0.,0.,1.));
#4567 = DIRECTION('',(1.,0.,0.));
#4568 = AXIS2_PLACEMENT_3D('',#4569,#4570,#4571);
#4569 = CARTESIAN_POINT('',(0.,0.,0.));
#4570 = DIRECTION('',(0.,0.,1.));
#4571 = DIRECTION('',(1.,0.,0.));
#4572 = AXIS2_PLACEMENT_3D('',#4573,#4574,#4575);
#4573 = CARTESIAN_POINT('',(0.,0.,0.));
#4574 = DIRECTION('',(0.,0.,1.));
#4575 = DIRECTION('',(1.,0.,0.));
#4576 = ( GEOMETRIC_REPRESENTATION_CONTEXT(3) 
GLOBAL_UNCERTAINTY_ASSIGNED_CONTEXT((#4580)) 
GLOBAL_UNIT_ASSIGNED_CONTEXT((#4577,#4578,#4579)) REPRESENTATION_CONTEXT
('Context #1','3D Context with UNIT and UNCERTAINTY') );
#4577 = ( LENGTH_UNIT() NAMED_UNIT(*) SI_UNIT(.MILLI.,.METRE.) );
#4578 = ( NAMED_UNIT(*) PLANE_ANGLE_UNIT() SI_UNIT($,.RADIAN.) );
#4579 = ( NAMED_UNIT(*) SI_UNIT($,.STERADIAN.) SOLID_ANGLE_UNIT() );
#4580 = UNCERTAINTY_MEASURE_WITH_UNIT(LENGTH_MEASURE(1.E-07),#4577,
  'distance_accuracy_value','confusion accuracy');
#4581 = CONTEXT_DEPENDENT_SHAPE_REPRESENTATION(#4582,#4584);
#4582 = ( REPRESENTATION_RELATIONSHIP('','',#4467,#4271) 
REPRESENTATION_RELATIONSHIP_WITH_TRANSFORMATION(#4583) 
SHAPE_REPRESENTATION_RELATIONSHIP() );
#4583 = ITEM_DEFINED_TRANSFORMATION('','',#11,#4276);
#4584 = PRODUCT_DEFINITION_SHAPE('Placement','Placement of an item',
  #4585);
#4585 = NEXT_ASSEMBLY_USAGE_OCCURRENCE('31','Leads027','',#4266,#4462,$
  );
#4586 = PRODUCT_RELATED_PRODUCT_CATEGORY('part',$,(#4464));
#4587 = SHAPE_DEFINITION_REPRESENTATION(#4588,#4594);
#4588 = PRODUCT_DEFINITION_SHAPE('','',#4589);
#4589 = PRODUCT_DEFINITION('design','',#4590,#4593);
#4590 = PRODUCT_DEFINITION_FORMATION('','',#4591);
#4591 = PRODUCT('Leads','Leads','',(#4592));
#4592 = PRODUCT_CONTEXT('',#2,'mechanical');
#4593 = PRODUCT_DEFINITION_CONTEXT('part definition',#2,'design');
#4594 = ADVANCED_BREP_SHAPE_REPRESENTATION('',(#11,#4595),#4648);
#4595 = MANIFOLD_SOLID_BREP('',#4596);
#4596 = CLOSED_SHELL('',(#4597,#4630,#4639));
#4597 = ADVANCED_FACE('',(#4598),#4625,.T.);
#4598 = FACE_BOUND('',#4599,.T.);
#4599 = EDGE_LOOP('',(#4600,#4609,#4617,#4624));
#4600 = ORIENTED_EDGE('',*,*,#4601,.F.);
#4601 = EDGE_CURVE('',#4602,#4602,#4604,.T.);
#4602 = VERTEX_POINT('',#4603);
#4603 = CARTESIAN_POINT('',(0.2555,-6.257945143643E-17,0.1));
#4604 = CIRCLE('',#4605,0.2555);
#4605 = AXIS2_PLACEMENT_3D('',#4606,#4607,#4608);
#4606 = CARTESIAN_POINT('',(0.,0.,0.1));
#4607 = DIRECTION('',(0.,0.,1.));
#4608 = DIRECTION('',(1.,0.,-0.));
#4609 = ORIENTED_EDGE('',*,*,#4610,.F.);
#4610 = EDGE_CURVE('',#4611,#4602,#4613,.T.);
#4611 = VERTEX_POINT('',#4612);
#4612 = CARTESIAN_POINT('',(0.2555,-6.257945143643E-17,-5.));
#4613 = LINE('',#4614,#4615);
#4614 = CARTESIAN_POINT('',(0.2555,-6.257945143643E-17,-5.));
#4615 = VECTOR('',#4616,1.);
#4616 = DIRECTION('',(0.,0.,1.));
#4617 = ORIENTED_EDGE('',*,*,#4618,.T.);
#4618 = EDGE_CURVE('',#4611,#4611,#4619,.T.);
#4619 = CIRCLE('',#4620,0.2555);
#4620 = AXIS2_PLACEMENT_3D('',#4621,#4622,#4623);
#4621 = CARTESIAN_POINT('',(0.,0.,-5.));
#4622 = DIRECTION('',(0.,0.,1.));
#4623 = DIRECTION('',(1.,0.,-0.));
#4624 = ORIENTED_EDGE('',*,*,#4610,.T.);
#4625 = CYLINDRICAL_SURFACE('',#4626,0.2555);
#4626 = AXIS2_PLACEMENT_3D('',#4627,#4628,#4629);
#4627 = CARTESIAN_POINT('',(0.,0.,-5.));
#4628 = DIRECTION('',(0.,0.,1.));
#4629 = DIRECTION('',(1.,0.,-0.));
#4630 = ADVANCED_FACE('',(#4631),#4634,.T.);
#4631 = FACE_BOUND('',#4632,.T.);
#4632 = EDGE_LOOP('',(#4633));
#4633 = ORIENTED_EDGE('',*,*,#4601,.T.);
#4634 = PLANE('',#4635);
#4635 = AXIS2_PLACEMENT_3D('',#4636,#4637,#4638);
#4636 = CARTESIAN_POINT('',(0.,0.,0.1));
#4637 = DIRECTION('',(0.,0.,1.));
#4638 = DIRECTION('',(1.,0.,-0.));
#4639 = ADVANCED_FACE('',(#4640),#4643,.F.);
#4640 = FACE_BOUND('',#4641,.T.);
#4641 = EDGE_LOOP('',(#4642));
#4642 = ORIENTED_EDGE('',*,*,#4618,.F.);
#4643 = PLANE('',#4644);
#4644 = AXIS2_PLACEMENT_3D('',#4645,#4646,#4647);
#4645 = CARTESIAN_POINT('',(0.,0.,-5.));
#4646 = DIRECTION('',(0.,0.,1.));
#4647 = DIRECTION('',(1.,0.,-0.));
#4648 = ( GEOMETRIC_REPRESENTATION_CONTEXT(3) 
GLOBAL_UNCERTAINTY_ASSIGNED_CONTEXT((#4652)) 
GLOBAL_UNIT_ASSIGNED_CONTEXT((#4649,#4650,#4651)) REPRESENTATION_CONTEXT
('Context #1','3D Context with UNIT and UNCERTAINTY') );
#4649 = ( LENGTH_UNIT() NAMED_UNIT(*) SI_UNIT(.MILLI.,.METRE.) );
#4650 = ( NAMED_UNIT(*) PLANE_ANGLE_UNIT() SI_UNIT($,.RADIAN.) );
#4651 = ( NAMED_UNIT(*) SI_UNIT($,.STERADIAN.) SOLID_ANGLE_UNIT() );
#4652 = UNCERTAINTY_MEASURE_WITH_UNIT(LENGTH_MEASURE(1.E-07),#4649,
  'distance_accuracy_value','confusion accuracy');
#4653 = CONTEXT_DEPENDENT_SHAPE_REPRESENTATION(#4654,#4656);
#4654 = ( REPRESENTATION_RELATIONSHIP('','',#4594,#4467) 
REPRESENTATION_RELATIONSHIP_WITH_TRANSFORMATION(#4655) 
SHAPE_REPRESENTATION_RELATIONSHIP() );
#4655 = ITEM_DEFINED_TRANSFORMATION('','',#11,#4468);
#4656 = PRODUCT_DEFINITION_SHAPE('Placement','Placement of an item',
  #4657);
#4657 = NEXT_ASSEMBLY_USAGE_OCCURRENCE('4','Leads','',#4462,#4589,$);
#4658 = PRODUCT_RELATED_PRODUCT_CATEGORY('part',$,(#4591));
#4659 = SHAPE_DEFINITION_REPRESENTATION(#4660,#4666);
#4660 = PRODUCT_DEFINITION_SHAPE('','',#4661);
#4661 = PRODUCT_DEFINITION('design','',#4662,#4665);
#4662 = PRODUCT_DEFINITION_FORMATION('','',#4663);
#4663 = PRODUCT('Leads001','Leads001','',(#4664));
#4664 = PRODUCT_CONTEXT('',#2,'mechanical');
#4665 = PRODUCT_DEFINITION_CONTEXT('part definition',#2,'design');
#4666 = ADVANCED_BREP_SHAPE_REPRESENTATION('',(#11,#4667),#4720);
#4667 = MANIFOLD_SOLID_BREP('',#4668);
#4668 = CLOSED_SHELL('',(#4669,#4702,#4711));
#4669 = ADVANCED_FACE('',(#4670),#4697,.T.);
#4670 = FACE_BOUND('',#4671,.T.);
#4671 = EDGE_LOOP('',(#4672,#4681,#4689,#4696));
#4672 = ORIENTED_EDGE('',*,*,#4673,.F.);
#4673 = EDGE_CURVE('',#4674,#4674,#4676,.T.);
#4674 = VERTEX_POINT('',#4675);
#4675 = CARTESIAN_POINT('',(2.7955,-6.257945143643E-17,0.1));
#4676 = CIRCLE('',#4677,0.2555);
#4677 = AXIS2_PLACEMENT_3D('',#4678,#4679,#4680);
#4678 = CARTESIAN_POINT('',(2.54,0.,0.1));
#4679 = DIRECTION('',(0.,0.,1.));
#4680 = DIRECTION('',(1.,0.,-0.));
#4681 = ORIENTED_EDGE('',*,*,#4682,.F.);
#4682 = EDGE_CURVE('',#4683,#4674,#4685,.T.);
#4683 = VERTEX_POINT('',#4684);
#4684 = CARTESIAN_POINT('',(2.7955,-6.257945143643E-17,-5.));
#4685 = LINE('',#4686,#4687);
#4686 = CARTESIAN_POINT('',(2.7955,-6.257945143643E-17,-5.));
#4687 = VECTOR('',#4688,1.);
#4688 = DIRECTION('',(0.,0.,1.));
#4689 = ORIENTED_EDGE('',*,*,#4690,.T.);
#4690 = EDGE_CURVE('',#4683,#4683,#4691,.T.);
#4691 = CIRCLE('',#4692,0.2555);
#4692 = AXIS2_PLACEMENT_3D('',#4693,#4694,#4695);
#4693 = CARTESIAN_POINT('',(2.54,0.,-5.));
#4694 = DIRECTION('',(0.,0.,1.));
#4695 = DIRECTION('',(1.,0.,-0.));
#4696 = ORIENTED_EDGE('',*,*,#4682,.T.);
#4697 = CYLINDRICAL_SURFACE('',#4698,0.2555);
#4698 = AXIS2_PLACEMENT_3D('',#4699,#4700,#4701);
#4699 = CARTESIAN_POINT('',(2.54,0.,-5.));
#4700 = DIRECTION('',(0.,0.,1.));
#4701 = DIRECTION('',(1.,0.,-0.));
#4702 = ADVANCED_FACE('',(#4703),#4706,.T.);
#4703 = FACE_BOUND('',#4704,.T.);
#4704 = EDGE_LOOP('',(#4705));
#4705 = ORIENTED_EDGE('',*,*,#4673,.T.);
#4706 = PLANE('',#4707);
#4707 = AXIS2_PLACEMENT_3D('',#4708,#4709,#4710);
#4708 = CARTESIAN_POINT('',(2.54,0.,0.1));
#4709 = DIRECTION('',(0.,0.,1.));
#4710 = DIRECTION('',(1.,0.,-0.));
#4711 = ADVANCED_FACE('',(#4712),#4715,.F.);
#4712 = FACE_BOUND('',#4713,.T.);
#4713 = EDGE_LOOP('',(#4714));
#4714 = ORIENTED_EDGE('',*,*,#4690,.F.);
#4715 = PLANE('',#4716);
#4716 = AXIS2_PLACEMENT_3D('',#4717,#4718,#4719);
#4717 = CARTESIAN_POINT('',(2.54,0.,-5.));
#4718 = DIRECTION('',(0.,0.,1.));
#4719 = DIRECTION('',(1.,0.,-0.));
#4720 = ( GEOMETRIC_REPRESENTATION_CONTEXT(3) 
GLOBAL_UNCERTAINTY_ASSIGNED_CONTEXT((#4724)) 
GLOBAL_UNIT_ASSIGNED_CONTEXT((#4721,#4722,#4723)) REPRESENTATION_CONTEXT
('Context #1','3D Context with UNIT and UNCERTAINTY') );
#4721 = ( LENGTH_UNIT() NAMED_UNIT(*) SI_UNIT(.MILLI.,.METRE.) );
#4722 = ( NAMED_UNIT(*) PLANE_ANGLE_UNIT() SI_UNIT($,.RADIAN.) );
#4723 = ( NAMED_UNIT(*) SI_UNIT($,.STERADIAN.) SOLID_ANGLE_UNIT() );
#4724 = UNCERTAINTY_MEASURE_WITH_UNIT(LENGTH_MEASURE(1.E-07),#4721,
  'distance_accuracy_value','confusion accuracy');
#4725 = CONTEXT_DEPENDENT_SHAPE_REPRESENTATION(#4726,#4728);
#4726 = ( REPRESENTATION_RELATIONSHIP('','',#4666,#4467) 
REPRESENTATION_RELATIONSHIP_WITH_TRANSFORMATION(#4727) 
SHAPE_REPRESENTATION_RELATIONSHIP() );
#4727 = ITEM_DEFINED_TRANSFORMATION('','',#11,#4472);
#4728 = PRODUCT_DEFINITION_SHAPE('Placement','Placement of an item',
  #4729);
#4729 = NEXT_ASSEMBLY_USAGE_OCCURRENCE('5','Leads001','',#4462,#4661,$);
#4730 = PRODUCT_RELATED_PRODUCT_CATEGORY('part',$,(#4663));
#4731 = SHAPE_DEFINITION_REPRESENTATION(#4732,#4738);
#4732 = PRODUCT_DEFINITION_SHAPE('','',#4733);
#4733 = PRODUCT_DEFINITION('design','',#4734,#4737);
#4734 = PRODUCT_DEFINITION_FORMATION('','',#4735);
#4735 = PRODUCT('Leads002','Leads002','',(#4736));
#4736 = PRODUCT_CONTEXT('',#2,'mechanical');
#4737 = PRODUCT_DEFINITION_CONTEXT('part definition',#2,'design');
#4738 = ADVANCED_BREP_SHAPE_REPRESENTATION('',(#11,#4739),#4792);
#4739 = MANIFOLD_SOLID_BREP('',#4740);
#4740 = CLOSED_SHELL('',(#4741,#4774,#4783));
#4741 = ADVANCED_FACE('',(#4742),#4769,.T.);
#4742 = FACE_BOUND('',#4743,.T.);
#4743 = EDGE_LOOP('',(#4744,#4753,#4761,#4768));
#4744 = ORIENTED_EDGE('',*,*,#4745,.F.);
#4745 = EDGE_CURVE('',#4746,#4746,#4748,.T.);
#4746 = VERTEX_POINT('',#4747);
#4747 = CARTESIAN_POINT('',(5.3355,-6.257945143643E-17,0.1));
#4748 = CIRCLE('',#4749,0.2555);
#4749 = AXIS2_PLACEMENT_3D('',#4750,#4751,#4752);
#4750 = CARTESIAN_POINT('',(5.08,0.,0.1));
#4751 = DIRECTION('',(0.,0.,1.));
#4752 = DIRECTION('',(1.,0.,-0.));
#4753 = ORIENTED_EDGE('',*,*,#4754,.F.);
#4754 = EDGE_CURVE('',#4755,#4746,#4757,.T.);
#4755 = VERTEX_POINT('',#4756);
#4756 = CARTESIAN_POINT('',(5.3355,-6.257945143643E-17,-5.));
#4757 = LINE('',#4758,#4759);
#4758 = CARTESIAN_POINT('',(5.3355,-6.257945143643E-17,-5.));
#4759 = VECTOR('',#4760,1.);
#4760 = DIRECTION('',(0.,0.,1.));
#4761 = ORIENTED_EDGE('',*,*,#4762,.T.);
#4762 = EDGE_CURVE('',#4755,#4755,#4763,.T.);
#4763 = CIRCLE('',#4764,0.2555);
#4764 = AXIS2_PLACEMENT_3D('',#4765,#4766,#4767);
#4765 = CARTESIAN_POINT('',(5.08,0.,-5.));
#4766 = DIRECTION('',(0.,0.,1.));
#4767 = DIRECTION('',(1.,0.,-0.));
#4768 = ORIENTED_EDGE('',*,*,#4754,.T.);
#4769 = CYLINDRICAL_SURFACE('',#4770,0.2555);
#4770 = AXIS2_PLACEMENT_3D('',#4771,#4772,#4773);
#4771 = CARTESIAN_POINT('',(5.08,0.,-5.));
#4772 = DIRECTION('',(0.,0.,1.));
#4773 = DIRECTION('',(1.,0.,-0.));
#4774 = ADVANCED_FACE('',(#4775),#4778,.T.);
#4775 = FACE_BOUND('',#4776,.T.);
#4776 = EDGE_LOOP('',(#4777));
#4777 = ORIENTED_EDGE('',*,*,#4745,.T.);
#4778 = PLANE('',#4779);
#4779 = AXIS2_PLACEMENT_3D('',#4780,#4781,#4782);
#4780 = CARTESIAN_POINT('',(5.08,0.,0.1));
#4781 = DIRECTION('',(0.,0.,1.));
#4782 = DIRECTION('',(1.,0.,-0.));
#4783 = ADVANCED_FACE('',(#4784),#4787,.F.);
#4784 = FACE_BOUND('',#4785,.T.);
#4785 = EDGE_LOOP('',(#4786));
#4786 = ORIENTED_EDGE('',*,*,#4762,.F.);
#4787 = PLANE('',#4788);
#4788 = AXIS2_PLACEMENT_3D('',#4789,#4790,#4791);
#4789 = CARTESIAN_POINT('',(5.08,0.,-5.));
#4790 = DIRECTION('',(0.,0.,1.));
#4791 = DIRECTION('',(1.,0.,-0.));
#4792 = ( GEOMETRIC_REPRESENTATION_CONTEXT(3) 
GLOBAL_UNCERTAINTY_ASSIGNED_CONTEXT((#4796)) 
GLOBAL_UNIT_ASSIGNED_CONTEXT((#4793,#4794,#4795)) REPRESENTATION_CONTEXT
('Context #1','3D Context with UNIT and UNCERTAINTY') );
#4793 = ( LENGTH_UNIT() NAMED_UNIT(*) SI_UNIT(.MILLI.,.METRE.) );
#4794 = ( NAMED_UNIT(*) PLANE_ANGLE_UNIT() SI_UNIT($,.RADIAN.) );
#4795 = ( NAMED_UNIT(*) SI_UNIT($,.STERADIAN.) SOLID_ANGLE_UNIT() );
#4796 = UNCERTAINTY_MEASURE_WITH_UNIT(LENGTH_MEASURE(1.E-07),#4793,
  'distance_accuracy_value','confusion accuracy');
#4797 = CONTEXT_DEPENDENT_SHAPE_REPRESENTATION(#4798,#4800);
#4798 = ( REPRESENTATION_RELATIONSHIP('','',#4738,#4467) 
REPRESENTATION_RELATIONSHIP_WITH_TRANSFORMATION(#4799) 
SHAPE_REPRESENTATION_RELATIONSHIP() );
#4799 = ITEM_DEFINED_TRANSFORMATION('','',#11,#4476);
#4800 = PRODUCT_DEFINITION_SHAPE('Placement','Placement of an item',
  #4801);
#4801 = NEXT_ASSEMBLY_USAGE_OCCURRENCE('6','Leads002','',#4462,#4733,$);
#4802 = PRODUCT_RELATED_PRODUCT_CATEGORY('part',$,(#4735));
#4803 = SHAPE_DEFINITION_REPRESENTATION(#4804,#4810);
#4804 = PRODUCT_DEFINITION_SHAPE('','',#4805);
#4805 = PRODUCT_DEFINITION('design','',#4806,#4809);
#4806 = PRODUCT_DEFINITION_FORMATION('','',#4807);
#4807 = PRODUCT('Leads003','Leads003','',(#4808));
#4808 = PRODUCT_CONTEXT('',#2,'mechanical');
#4809 = PRODUCT_DEFINITION_CONTEXT('part definition',#2,'design');
#4810 = ADVANCED_BREP_SHAPE_REPRESENTATION('',(#11,#4811),#4864);
#4811 = MANIFOLD_SOLID_BREP('',#4812);
#4812 = CLOSED_SHELL('',(#4813,#4846,#4855));
#4813 = ADVANCED_FACE('',(#4814),#4841,.T.);
#4814 = FACE_BOUND('',#4815,.T.);
#4815 = EDGE_LOOP('',(#4816,#4825,#4833,#4840));
#4816 = ORIENTED_EDGE('',*,*,#4817,.F.);
#4817 = EDGE_CURVE('',#4818,#4818,#4820,.T.);
#4818 = VERTEX_POINT('',#4819);
#4819 = CARTESIAN_POINT('',(7.8755,-6.257945143643E-17,0.1));
#4820 = CIRCLE('',#4821,0.2555);
#4821 = AXIS2_PLACEMENT_3D('',#4822,#4823,#4824);
#4822 = CARTESIAN_POINT('',(7.62,0.,0.1));
#4823 = DIRECTION('',(0.,0.,1.));
#4824 = DIRECTION('',(1.,0.,-0.));
#4825 = ORIENTED_EDGE('',*,*,#4826,.F.);
#4826 = EDGE_CURVE('',#4827,#4818,#4829,.T.);
#4827 = VERTEX_POINT('',#4828);
#4828 = CARTESIAN_POINT('',(7.8755,-6.257945143643E-17,-5.));
#4829 = LINE('',#4830,#4831);
#4830 = CARTESIAN_POINT('',(7.8755,-6.257945143643E-17,-5.));
#4831 = VECTOR('',#4832,1.);
#4832 = DIRECTION('',(0.,0.,1.));
#4833 = ORIENTED_EDGE('',*,*,#4834,.T.);
#4834 = EDGE_CURVE('',#4827,#4827,#4835,.T.);
#4835 = CIRCLE('',#4836,0.2555);
#4836 = AXIS2_PLACEMENT_3D('',#4837,#4838,#4839);
#4837 = CARTESIAN_POINT('',(7.62,0.,-5.));
#4838 = DIRECTION('',(0.,0.,1.));
#4839 = DIRECTION('',(1.,0.,-0.));
#4840 = ORIENTED_EDGE('',*,*,#4826,.T.);
#4841 = CYLINDRICAL_SURFACE('',#4842,0.2555);
#4842 = AXIS2_PLACEMENT_3D('',#4843,#4844,#4845);
#4843 = CARTESIAN_POINT('',(7.62,0.,-5.));
#4844 = DIRECTION('',(0.,0.,1.));
#4845 = DIRECTION('',(1.,0.,-0.));
#4846 = ADVANCED_FACE('',(#4847),#4850,.T.);
#4847 = FACE_BOUND('',#4848,.T.);
#4848 = EDGE_LOOP('',(#4849));
#4849 = ORIENTED_EDGE('',*,*,#4817,.T.);
#4850 = PLANE('',#4851);
#4851 = AXIS2_PLACEMENT_3D('',#4852,#4853,#4854);
#4852 = CARTESIAN_POINT('',(7.62,0.,0.1));
#4853 = DIRECTION('',(0.,0.,1.));
#4854 = DIRECTION('',(1.,0.,-0.));
#4855 = ADVANCED_FACE('',(#4856),#4859,.F.);
#4856 = FACE_BOUND('',#4857,.T.);
#4857 = EDGE_LOOP('',(#4858));
#4858 = ORIENTED_EDGE('',*,*,#4834,.F.);
#4859 = PLANE('',#4860);
#4860 = AXIS2_PLACEMENT_3D('',#4861,#4862,#4863);
#4861 = CARTESIAN_POINT('',(7.62,0.,-5.));
#4862 = DIRECTION('',(0.,0.,1.));
#4863 = DIRECTION('',(1.,0.,-0.));
#4864 = ( GEOMETRIC_REPRESENTATION_CONTEXT(3) 
GLOBAL_UNCERTAINTY_ASSIGNED_CONTEXT((#4868)) 
GLOBAL_UNIT_ASSIGNED_CONTEXT((#4865,#4866,#4867)) REPRESENTATION_CONTEXT
('Context #1','3D Context with UNIT and UNCERTAINTY') );
#4865 = ( LENGTH_UNIT() NAMED_UNIT(*) SI_UNIT(.MILLI.,.METRE.) );
#4866 = ( NAMED_UNIT(*) PLANE_ANGLE_UNIT() SI_UNIT($,.RADIAN.) );
#4867 = ( NAMED_UNIT(*) SI_UNIT($,.STERADIAN.) SOLID_ANGLE_UNIT() );
#4868 = UNCERTAINTY_MEASURE_WITH_UNIT(LENGTH_MEASURE(1.E-07),#4865,
  'distance_accuracy_value','confusion accuracy');
#4869 = CONTEXT_DEPENDENT_SHAPE_REPRESENTATION(#4870,#4872);
#4870 = ( REPRESENTATION_RELATIONSHIP('','',#4810,#4467) 
REPRESENTATION_RELATIONSHIP_WITH_TRANSFORMATION(#4871) 
SHAPE_REPRESENTATION_RELATIONSHIP() );
#4871 = ITEM_DEFINED_TRANSFORMATION('','',#11,#4480);
#4872 = PRODUCT_DEFINITION_SHAPE('Placement','Placement of an item',
  #4873);
#4873 = NEXT_ASSEMBLY_USAGE_OCCURRENCE('7','Leads003','',#4462,#4805,$);
#4874 = PRODUCT_RELATED_PRODUCT_CATEGORY('part',$,(#4807));
#4875 = SHAPE_DEFINITION_REPRESENTATION(#4876,#4882);
#4876 = PRODUCT_DEFINITION_SHAPE('','',#4877);
#4877 = PRODUCT_DEFINITION('design','',#4878,#4881);
#4878 = PRODUCT_DEFINITION_FORMATION('','',#4879);
#4879 = PRODUCT('Leads004','Leads004','',(#4880));
#4880 = PRODUCT_CONTEXT('',#2,'mechanical');
#4881 = PRODUCT_DEFINITION_CONTEXT('part definition',#2,'design');
#4882 = ADVANCED_BREP_SHAPE_REPRESENTATION('',(#11,#4883),#4936);
#4883 = MANIFOLD_SOLID_BREP('',#4884);
#4884 = CLOSED_SHELL('',(#4885,#4918,#4927));
#4885 = ADVANCED_FACE('',(#4886),#4913,.T.);
#4886 = FACE_BOUND('',#4887,.T.);
#4887 = EDGE_LOOP('',(#4888,#4897,#4905,#4912));
#4888 = ORIENTED_EDGE('',*,*,#4889,.F.);
#4889 = EDGE_CURVE('',#4890,#4890,#4892,.T.);
#4890 = VERTEX_POINT('',#4891);
#4891 = CARTESIAN_POINT('',(10.4155,-6.257945143643E-17,0.1));
#4892 = CIRCLE('',#4893,0.2555);
#4893 = AXIS2_PLACEMENT_3D('',#4894,#4895,#4896);
#4894 = CARTESIAN_POINT('',(10.16,0.,0.1));
#4895 = DIRECTION('',(0.,0.,1.));
#4896 = DIRECTION('',(1.,0.,-0.));
#4897 = ORIENTED_EDGE('',*,*,#4898,.F.);
#4898 = EDGE_CURVE('',#4899,#4890,#4901,.T.);
#4899 = VERTEX_POINT('',#4900);
#4900 = CARTESIAN_POINT('',(10.4155,-6.257945143643E-17,-5.));
#4901 = LINE('',#4902,#4903);
#4902 = CARTESIAN_POINT('',(10.4155,-6.257945143643E-17,-5.));
#4903 = VECTOR('',#4904,1.);
#4904 = DIRECTION('',(0.,0.,1.));
#4905 = ORIENTED_EDGE('',*,*,#4906,.T.);
#4906 = EDGE_CURVE('',#4899,#4899,#4907,.T.);
#4907 = CIRCLE('',#4908,0.2555);
#4908 = AXIS2_PLACEMENT_3D('',#4909,#4910,#4911);
#4909 = CARTESIAN_POINT('',(10.16,0.,-5.));
#4910 = DIRECTION('',(0.,0.,1.));
#4911 = DIRECTION('',(1.,0.,-0.));
#4912 = ORIENTED_EDGE('',*,*,#4898,.T.);
#4913 = CYLINDRICAL_SURFACE('',#4914,0.2555);
#4914 = AXIS2_PLACEMENT_3D('',#4915,#4916,#4917);
#4915 = CARTESIAN_POINT('',(10.16,0.,-5.));
#4916 = DIRECTION('',(0.,0.,1.));
#4917 = DIRECTION('',(1.,0.,-0.));
#4918 = ADVANCED_FACE('',(#4919),#4922,.T.);
#4919 = FACE_BOUND('',#4920,.T.);
#4920 = EDGE_LOOP('',(#4921));
#4921 = ORIENTED_EDGE('',*,*,#4889,.T.);
#4922 = PLANE('',#4923);
#4923 = AXIS2_PLACEMENT_3D('',#4924,#4925,#4926);
#4924 = CARTESIAN_POINT('',(10.16,0.,0.1));
#4925 = DIRECTION('',(0.,0.,1.));
#4926 = DIRECTION('',(1.,0.,-0.));
#4927 = ADVANCED_FACE('',(#4928),#4931,.F.);
#4928 = FACE_BOUND('',#4929,.T.);
#4929 = EDGE_LOOP('',(#4930));
#4930 = ORIENTED_EDGE('',*,*,#4906,.F.);
#4931 = PLANE('',#4932);
#4932 = AXIS2_PLACEMENT_3D('',#4933,#4934,#4935);
#4933 = CARTESIAN_POINT('',(10.16,0.,-5.));
#4934 = DIRECTION('',(0.,0.,1.));
#4935 = DIRECTION('',(1.,0.,-0.));
#4936 = ( GEOMETRIC_REPRESENTATION_CONTEXT(3) 
GLOBAL_UNCERTAINTY_ASSIGNED_CONTEXT((#4940)) 
GLOBAL_UNIT_ASSIGNED_CONTEXT((#4937,#4938,#4939)) REPRESENTATION_CONTEXT
('Context #1','3D Context with UNIT and UNCERTAINTY') );
#4937 = ( LENGTH_UNIT() NAMED_UNIT(*) SI_UNIT(.MILLI.,.METRE.) );
#4938 = ( NAMED_UNIT(*) PLANE_ANGLE_UNIT() SI_UNIT($,.RADIAN.) );
#4939 = ( NAMED_UNIT(*) SI_UNIT($,.STERADIAN.) SOLID_ANGLE_UNIT() );
#4940 = UNCERTAINTY_MEASURE_WITH_UNIT(LENGTH_MEASURE(1.E-07),#4937,
  'distance_accuracy_value','confusion accuracy');
#4941 = CONTEXT_DEPENDENT_SHAPE_REPRESENTATION(#4942,#4944);
#4942 = ( REPRESENTATION_RELATIONSHIP('','',#4882,#4467) 
REPRESENTATION_RELATIONSHIP_WITH_TRANSFORMATION(#4943) 
SHAPE_REPRESENTATION_RELATIONSHIP() );
#4943 = ITEM_DEFINED_TRANSFORMATION('','',#11,#4484);
#4944 = PRODUCT_DEFINITION_SHAPE('Placement','Placement of an item',
  #4945);
#4945 = NEXT_ASSEMBLY_USAGE_OCCURRENCE('8','Leads004','',#4462,#4877,$);
#4946 = PRODUCT_RELATED_PRODUCT_CATEGORY('part',$,(#4879));
#4947 = SHAPE_DEFINITION_REPRESENTATION(#4948,#4954);
#4948 = PRODUCT_DEFINITION_SHAPE('','',#4949);
#4949 = PRODUCT_DEFINITION('design','',#4950,#4953);
#4950 = PRODUCT_DEFINITION_FORMATION('','',#4951);
#4951 = PRODUCT('Leads005','Leads005','',(#4952));
#4952 = PRODUCT_CONTEXT('',#2,'mechanical');
#4953 = PRODUCT_DEFINITION_CONTEXT('part definition',#2,'design');
#4954 = ADVANCED_BREP_SHAPE_REPRESENTATION('',(#11,#4955),#5008);
#4955 = MANIFOLD_SOLID_BREP('',#4956);
#4956 = CLOSED_SHELL('',(#4957,#4990,#4999));
#4957 = ADVANCED_FACE('',(#4958),#4985,.T.);
#4958 = FACE_BOUND('',#4959,.T.);
#4959 = EDGE_LOOP('',(#4960,#4969,#4977,#4984));
#4960 = ORIENTED_EDGE('',*,*,#4961,.F.);
#4961 = EDGE_CURVE('',#4962,#4962,#4964,.T.);
#4962 = VERTEX_POINT('',#4963);
#4963 = CARTESIAN_POINT('',(12.9555,-6.257945143643E-17,0.1));
#4964 = CIRCLE('',#4965,0.2555);
#4965 = AXIS2_PLACEMENT_3D('',#4966,#4967,#4968);
#4966 = CARTESIAN_POINT('',(12.7,0.,0.1));
#4967 = DIRECTION('',(0.,0.,1.));
#4968 = DIRECTION('',(1.,0.,-0.));
#4969 = ORIENTED_EDGE('',*,*,#4970,.F.);
#4970 = EDGE_CURVE('',#4971,#4962,#4973,.T.);
#4971 = VERTEX_POINT('',#4972);
#4972 = CARTESIAN_POINT('',(12.9555,-6.257945143643E-17,-5.));
#4973 = LINE('',#4974,#4975);
#4974 = CARTESIAN_POINT('',(12.9555,-6.257945143643E-17,-5.));
#4975 = VECTOR('',#4976,1.);
#4976 = DIRECTION('',(0.,0.,1.));
#4977 = ORIENTED_EDGE('',*,*,#4978,.T.);
#4978 = EDGE_CURVE('',#4971,#4971,#4979,.T.);
#4979 = CIRCLE('',#4980,0.2555);
#4980 = AXIS2_PLACEMENT_3D('',#4981,#4982,#4983);
#4981 = CARTESIAN_POINT('',(12.7,0.,-5.));
#4982 = DIRECTION('',(0.,0.,1.));
#4983 = DIRECTION('',(1.,0.,-0.));
#4984 = ORIENTED_EDGE('',*,*,#4970,.T.);
#4985 = CYLINDRICAL_SURFACE('',#4986,0.2555);
#4986 = AXIS2_PLACEMENT_3D('',#4987,#4988,#4989);
#4987 = CARTESIAN_POINT('',(12.7,0.,-5.));
#4988 = DIRECTION('',(0.,0.,1.));
#4989 = DIRECTION('',(1.,0.,-0.));
#4990 = ADVANCED_FACE('',(#4991),#4994,.T.);
#4991 = FACE_BOUND('',#4992,.T.);
#4992 = EDGE_LOOP('',(#4993));
#4993 = ORIENTED_EDGE('',*,*,#4961,.T.);
#4994 = PLANE('',#4995);
#4995 = AXIS2_PLACEMENT_3D('',#4996,#4997,#4998);
#4996 = CARTESIAN_POINT('',(12.7,0.,0.1));
#4997 = DIRECTION('',(0.,0.,1.));
#4998 = DIRECTION('',(1.,0.,-0.));
#4999 = ADVANCED_FACE('',(#5000),#5003,.F.);
#5000 = FACE_BOUND('',#5001,.T.);
#5001 = EDGE_LOOP('',(#5002));
#5002 = ORIENTED_EDGE('',*,*,#4978,.F.);
#5003 = PLANE('',#5004);
#5004 = AXIS2_PLACEMENT_3D('',#5005,#5006,#5007);
#5005 = CARTESIAN_POINT('',(12.7,0.,-5.));
#5006 = DIRECTION('',(0.,0.,1.));
#5007 = DIRECTION('',(1.,0.,-0.));
#5008 = ( GEOMETRIC_REPRESENTATION_CONTEXT(3) 
GLOBAL_UNCERTAINTY_ASSIGNED_CONTEXT((#5012)) 
GLOBAL_UNIT_ASSIGNED_CONTEXT((#5009,#5010,#5011)) REPRESENTATION_CONTEXT
('Context #1','3D Context with UNIT and UNCERTAINTY') );
#5009 = ( LENGTH_UNIT() NAMED_UNIT(*) SI_UNIT(.MILLI.,.METRE.) );
#5010 = ( NAMED_UNIT(*) PLANE_ANGLE_UNIT() SI_UNIT($,.RADIAN.) );
#5011 = ( NAMED_UNIT(*) SI_UNIT($,.STERADIAN.) SOLID_ANGLE_UNIT() );
#5012 = UNCERTAINTY_MEASURE_WITH_UNIT(LENGTH_MEASURE(1.E-07),#5009,
  'distance_accuracy_value','confusion accuracy');
#5013 = CONTEXT_DEPENDENT_SHAPE_REPRESENTATION(#5014,#5016);
#5014 = ( REPRESENTATION_RELATIONSHIP('','',#4954,#4467) 
REPRESENTATION_RELATIONSHIP_WITH_TRANSFORMATION(#5015) 
SHAPE_REPRESENTATION_RELATIONSHIP() );
#5015 = ITEM_DEFINED_TRANSFORMATION('','',#11,#4488);
#5016 = PRODUCT_DEFINITION_SHAPE('Placement','Placement of an item',
  #5017);
#5017 = NEXT_ASSEMBLY_USAGE_OCCURRENCE('9','Leads005','',#4462,#4949,$);
#5018 = PRODUCT_RELATED_PRODUCT_CATEGORY('part',$,(#4951));
#5019 = SHAPE_DEFINITION_REPRESENTATION(#5020,#5026);
#5020 = PRODUCT_DEFINITION_SHAPE('','',#5021);
#5021 = PRODUCT_DEFINITION('design','',#5022,#5025);
#5022 = PRODUCT_DEFINITION_FORMATION('','',#5023);
#5023 = PRODUCT('Leads006','Leads006','',(#5024));
#5024 = PRODUCT_CONTEXT('',#2,'mechanical');
#5025 = PRODUCT_DEFINITION_CONTEXT('part definition',#2,'design');
#5026 = ADVANCED_BREP_SHAPE_REPRESENTATION('',(#11,#5027),#5080);
#5027 = MANIFOLD_SOLID_BREP('',#5028);
#5028 = CLOSED_SHELL('',(#5029,#5062,#5071));
#5029 = ADVANCED_FACE('',(#5030),#5057,.T.);
#5030 = FACE_BOUND('',#5031,.T.);
#5031 = EDGE_LOOP('',(#5032,#5041,#5049,#5056));
#5032 = ORIENTED_EDGE('',*,*,#5033,.F.);
#5033 = EDGE_CURVE('',#5034,#5034,#5036,.T.);
#5034 = VERTEX_POINT('',#5035);
#5035 = CARTESIAN_POINT('',(15.4955,-6.257945143643E-17,0.1));
#5036 = CIRCLE('',#5037,0.2555);
#5037 = AXIS2_PLACEMENT_3D('',#5038,#5039,#5040);
#5038 = CARTESIAN_POINT('',(15.24,0.,0.1));
#5039 = DIRECTION('',(0.,0.,1.));
#5040 = DIRECTION('',(1.,0.,-0.));
#5041 = ORIENTED_EDGE('',*,*,#5042,.F.);
#5042 = EDGE_CURVE('',#5043,#5034,#5045,.T.);
#5043 = VERTEX_POINT('',#5044);
#5044 = CARTESIAN_POINT('',(15.4955,-6.257945143643E-17,-5.));
#5045 = LINE('',#5046,#5047);
#5046 = CARTESIAN_POINT('',(15.4955,-6.257945143643E-17,-5.));
#5047 = VECTOR('',#5048,1.);
#5048 = DIRECTION('',(0.,0.,1.));
#5049 = ORIENTED_EDGE('',*,*,#5050,.T.);
#5050 = EDGE_CURVE('',#5043,#5043,#5051,.T.);
#5051 = CIRCLE('',#5052,0.2555);
#5052 = AXIS2_PLACEMENT_3D('',#5053,#5054,#5055);
#5053 = CARTESIAN_POINT('',(15.24,0.,-5.));
#5054 = DIRECTION('',(0.,0.,1.));
#5055 = DIRECTION('',(1.,0.,-0.));
#5056 = ORIENTED_EDGE('',*,*,#5042,.T.);
#5057 = CYLINDRICAL_SURFACE('',#5058,0.2555);
#5058 = AXIS2_PLACEMENT_3D('',#5059,#5060,#5061);
#5059 = CARTESIAN_POINT('',(15.24,0.,-5.));
#5060 = DIRECTION('',(0.,0.,1.));
#5061 = DIRECTION('',(1.,0.,-0.));
#5062 = ADVANCED_FACE('',(#5063),#5066,.T.);
#5063 = FACE_BOUND('',#5064,.T.);
#5064 = EDGE_LOOP('',(#5065));
#5065 = ORIENTED_EDGE('',*,*,#5033,.T.);
#5066 = PLANE('',#5067);
#5067 = AXIS2_PLACEMENT_3D('',#5068,#5069,#5070);
#5068 = CARTESIAN_POINT('',(15.24,0.,0.1));
#5069 = DIRECTION('',(0.,0.,1.));
#5070 = DIRECTION('',(1.,0.,-0.));
#5071 = ADVANCED_FACE('',(#5072),#5075,.F.);
#5072 = FACE_BOUND('',#5073,.T.);
#5073 = EDGE_LOOP('',(#5074));
#5074 = ORIENTED_EDGE('',*,*,#5050,.F.);
#5075 = PLANE('',#5076);
#5076 = AXIS2_PLACEMENT_3D('',#5077,#5078,#5079);
#5077 = CARTESIAN_POINT('',(15.24,0.,-5.));
#5078 = DIRECTION('',(0.,0.,1.));
#5079 = DIRECTION('',(1.,0.,-0.));
#5080 = ( GEOMETRIC_REPRESENTATION_CONTEXT(3) 
GLOBAL_UNCERTAINTY_ASSIGNED_CONTEXT((#5084)) 
GLOBAL_UNIT_ASSIGNED_CONTEXT((#5081,#5082,#5083)) REPRESENTATION_CONTEXT
('Context #1','3D Context with UNIT and UNCERTAINTY') );
#5081 = ( LENGTH_UNIT() NAMED_UNIT(*) SI_UNIT(.MILLI.,.METRE.) );
#5082 = ( NAMED_UNIT(*) PLANE_ANGLE_UNIT() SI_UNIT($,.RADIAN.) );
#5083 = ( NAMED_UNIT(*) SI_UNIT($,.STERADIAN.) SOLID_ANGLE_UNIT() );
#5084 = UNCERTAINTY_MEASURE_WITH_UNIT(LENGTH_MEASURE(1.E-07),#5081,
  'distance_accuracy_value','confusion accuracy');
#5085 = CONTEXT_DEPENDENT_SHAPE_REPRESENTATION(#5086,#5088);
#5086 = ( REPRESENTATION_RELATIONSHIP('','',#5026,#4467) 
REPRESENTATION_RELATIONSHIP_WITH_TRANSFORMATION(#5087) 
SHAPE_REPRESENTATION_RELATIONSHIP() );
#5087 = ITEM_DEFINED_TRANSFORMATION('','',#11,#4492);
#5088 = PRODUCT_DEFINITION_SHAPE('Placement','Placement of an item',
  #5089);
#5089 = NEXT_ASSEMBLY_USAGE_OCCURRENCE('10','Leads006','',#4462,#5021,$
  );
#5090 = PRODUCT_RELATED_PRODUCT_CATEGORY('part',$,(#5023));
#5091 = SHAPE_DEFINITION_REPRESENTATION(#5092,#5098);
#5092 = PRODUCT_DEFINITION_SHAPE('','',#5093);
#5093 = PRODUCT_DEFINITION('design','',#5094,#5097);
#5094 = PRODUCT_DEFINITION_FORMATION('','',#5095);
#5095 = PRODUCT('Leads007','Leads007','',(#5096));
#5096 = PRODUCT_CONTEXT('',#2,'mechanical');
#5097 = PRODUCT_DEFINITION_CONTEXT('part definition',#2,'design');
#5098 = ADVANCED_BREP_SHAPE_REPRESENTATION('',(#11,#5099),#5152);
#5099 = MANIFOLD_SOLID_BREP('',#5100);
#5100 = CLOSED_SHELL('',(#5101,#5134,#5143));
#5101 = ADVANCED_FACE('',(#5102),#5129,.T.);
#5102 = FACE_BOUND('',#5103,.T.);
#5103 = EDGE_LOOP('',(#5104,#5113,#5121,#5128));
#5104 = ORIENTED_EDGE('',*,*,#5105,.F.);
#5105 = EDGE_CURVE('',#5106,#5106,#5108,.T.);
#5106 = VERTEX_POINT('',#5107);
#5107 = CARTESIAN_POINT('',(18.0355,-6.257945143643E-17,0.1));
#5108 = CIRCLE('',#5109,0.2555);
#5109 = AXIS2_PLACEMENT_3D('',#5110,#5111,#5112);
#5110 = CARTESIAN_POINT('',(17.78,0.,0.1));
#5111 = DIRECTION('',(0.,0.,1.));
#5112 = DIRECTION('',(1.,0.,-0.));
#5113 = ORIENTED_EDGE('',*,*,#5114,.F.);
#5114 = EDGE_CURVE('',#5115,#5106,#5117,.T.);
#5115 = VERTEX_POINT('',#5116);
#5116 = CARTESIAN_POINT('',(18.0355,-6.257945143643E-17,-5.));
#5117 = LINE('',#5118,#5119);
#5118 = CARTESIAN_POINT('',(18.0355,-6.257945143643E-17,-5.));
#5119 = VECTOR('',#5120,1.);
#5120 = DIRECTION('',(0.,0.,1.));
#5121 = ORIENTED_EDGE('',*,*,#5122,.T.);
#5122 = EDGE_CURVE('',#5115,#5115,#5123,.T.);
#5123 = CIRCLE('',#5124,0.2555);
#5124 = AXIS2_PLACEMENT_3D('',#5125,#5126,#5127);
#5125 = CARTESIAN_POINT('',(17.78,0.,-5.));
#5126 = DIRECTION('',(0.,0.,1.));
#5127 = DIRECTION('',(1.,0.,-0.));
#5128 = ORIENTED_EDGE('',*,*,#5114,.T.);
#5129 = CYLINDRICAL_SURFACE('',#5130,0.2555);
#5130 = AXIS2_PLACEMENT_3D('',#5131,#5132,#5133);
#5131 = CARTESIAN_POINT('',(17.78,0.,-5.));
#5132 = DIRECTION('',(0.,0.,1.));
#5133 = DIRECTION('',(1.,0.,-0.));
#5134 = ADVANCED_FACE('',(#5135),#5138,.T.);
#5135 = FACE_BOUND('',#5136,.T.);
#5136 = EDGE_LOOP('',(#5137));
#5137 = ORIENTED_EDGE('',*,*,#5105,.T.);
#5138 = PLANE('',#5139);
#5139 = AXIS2_PLACEMENT_3D('',#5140,#5141,#5142);
#5140 = CARTESIAN_POINT('',(17.78,0.,0.1));
#5141 = DIRECTION('',(0.,0.,1.));
#5142 = DIRECTION('',(1.,0.,-0.));
#5143 = ADVANCED_FACE('',(#5144),#5147,.F.);
#5144 = FACE_BOUND('',#5145,.T.);
#5145 = EDGE_LOOP('',(#5146));
#5146 = ORIENTED_EDGE('',*,*,#5122,.F.);
#5147 = PLANE('',#5148);
#5148 = AXIS2_PLACEMENT_3D('',#5149,#5150,#5151);
#5149 = CARTESIAN_POINT('',(17.78,0.,-5.));
#5150 = DIRECTION('',(0.,0.,1.));
#5151 = DIRECTION('',(1.,0.,-0.));
#5152 = ( GEOMETRIC_REPRESENTATION_CONTEXT(3) 
GLOBAL_UNCERTAINTY_ASSIGNED_CONTEXT((#5156)) 
GLOBAL_UNIT_ASSIGNED_CONTEXT((#5153,#5154,#5155)) REPRESENTATION_CONTEXT
('Context #1','3D Context with UNIT and UNCERTAINTY') );
#5153 = ( LENGTH_UNIT() NAMED_UNIT(*) SI_UNIT(.MILLI.,.METRE.) );
#5154 = ( NAMED_UNIT(*) PLANE_ANGLE_UNIT() SI_UNIT($,.RADIAN.) );
#5155 = ( NAMED_UNIT(*) SI_UNIT($,.STERADIAN.) SOLID_ANGLE_UNIT() );
#5156 = UNCERTAINTY_MEASURE_WITH_UNIT(LENGTH_MEASURE(1.E-07),#5153,
  'distance_accuracy_value','confusion accuracy');
#5157 = CONTEXT_DEPENDENT_SHAPE_REPRESENTATION(#5158,#5160);
#5158 = ( REPRESENTATION_RELATIONSHIP('','',#5098,#4467) 
REPRESENTATION_RELATIONSHIP_WITH_TRANSFORMATION(#5159) 
SHAPE_REPRESENTATION_RELATIONSHIP() );
#5159 = ITEM_DEFINED_TRANSFORMATION('','',#11,#4496);
#5160 = PRODUCT_DEFINITION_SHAPE('Placement','Placement of an item',
  #5161);
#5161 = NEXT_ASSEMBLY_USAGE_OCCURRENCE('11','Leads007','',#4462,#5093,$
  );
#5162 = PRODUCT_RELATED_PRODUCT_CATEGORY('part',$,(#5095));
#5163 = SHAPE_DEFINITION_REPRESENTATION(#5164,#5170);
#5164 = PRODUCT_DEFINITION_SHAPE('','',#5165);
#5165 = PRODUCT_DEFINITION('design','',#5166,#5169);
#5166 = PRODUCT_DEFINITION_FORMATION('','',#5167);
#5167 = PRODUCT('Leads008','Leads008','',(#5168));
#5168 = PRODUCT_CONTEXT('',#2,'mechanical');
#5169 = PRODUCT_DEFINITION_CONTEXT('part definition',#2,'design');
#5170 = ADVANCED_BREP_SHAPE_REPRESENTATION('',(#11,#5171),#5224);
#5171 = MANIFOLD_SOLID_BREP('',#5172);
#5172 = CLOSED_SHELL('',(#5173,#5206,#5215));
#5173 = ADVANCED_FACE('',(#5174),#5201,.T.);
#5174 = FACE_BOUND('',#5175,.T.);
#5175 = EDGE_LOOP('',(#5176,#5185,#5193,#5200));
#5176 = ORIENTED_EDGE('',*,*,#5177,.F.);
#5177 = EDGE_CURVE('',#5178,#5178,#5180,.T.);
#5178 = VERTEX_POINT('',#5179);
#5179 = CARTESIAN_POINT('',(20.5755,-6.257945143643E-17,0.1));
#5180 = CIRCLE('',#5181,0.2555);
#5181 = AXIS2_PLACEMENT_3D('',#5182,#5183,#5184);
#5182 = CARTESIAN_POINT('',(20.32,0.,0.1));
#5183 = DIRECTION('',(0.,0.,1.));
#5184 = DIRECTION('',(1.,0.,-0.));
#5185 = ORIENTED_EDGE('',*,*,#5186,.F.);
#5186 = EDGE_CURVE('',#5187,#5178,#5189,.T.);
#5187 = VERTEX_POINT('',#5188);
#5188 = CARTESIAN_POINT('',(20.5755,-6.257945143643E-17,-5.));
#5189 = LINE('',#5190,#5191);
#5190 = CARTESIAN_POINT('',(20.5755,-6.257945143643E-17,-5.));
#5191 = VECTOR('',#5192,1.);
#5192 = DIRECTION('',(0.,0.,1.));
#5193 = ORIENTED_EDGE('',*,*,#5194,.T.);
#5194 = EDGE_CURVE('',#5187,#5187,#5195,.T.);
#5195 = CIRCLE('',#5196,0.2555);
#5196 = AXIS2_PLACEMENT_3D('',#5197,#5198,#5199);
#5197 = CARTESIAN_POINT('',(20.32,0.,-5.));
#5198 = DIRECTION('',(0.,0.,1.));
#5199 = DIRECTION('',(1.,0.,-0.));
#5200 = ORIENTED_EDGE('',*,*,#5186,.T.);
#5201 = CYLINDRICAL_SURFACE('',#5202,0.2555);
#5202 = AXIS2_PLACEMENT_3D('',#5203,#5204,#5205);
#5203 = CARTESIAN_POINT('',(20.32,0.,-5.));
#5204 = DIRECTION('',(0.,0.,1.));
#5205 = DIRECTION('',(1.,0.,-0.));
#5206 = ADVANCED_FACE('',(#5207),#5210,.T.);
#5207 = FACE_BOUND('',#5208,.T.);
#5208 = EDGE_LOOP('',(#5209));
#5209 = ORIENTED_EDGE('',*,*,#5177,.T.);
#5210 = PLANE('',#5211);
#5211 = AXIS2_PLACEMENT_3D('',#5212,#5213,#5214);
#5212 = CARTESIAN_POINT('',(20.32,0.,0.1));
#5213 = DIRECTION('',(0.,0.,1.));
#5214 = DIRECTION('',(1.,0.,-0.));
#5215 = ADVANCED_FACE('',(#5216),#5219,.F.);
#5216 = FACE_BOUND('',#5217,.T.);
#5217 = EDGE_LOOP('',(#5218));
#5218 = ORIENTED_EDGE('',*,*,#5194,.F.);
#5219 = PLANE('',#5220);
#5220 = AXIS2_PLACEMENT_3D('',#5221,#5222,#5223);
#5221 = CARTESIAN_POINT('',(20.32,0.,-5.));
#5222 = DIRECTION('',(0.,0.,1.));
#5223 = DIRECTION('',(1.,0.,-0.));
#5224 = ( GEOMETRIC_REPRESENTATION_CONTEXT(3) 
GLOBAL_UNCERTAINTY_ASSIGNED_CONTEXT((#5228)) 
GLOBAL_UNIT_ASSIGNED_CONTEXT((#5225,#5226,#5227)) REPRESENTATION_CONTEXT
('Context #1','3D Context with UNIT and UNCERTAINTY') );
#5225 = ( LENGTH_UNIT() NAMED_UNIT(*) SI_UNIT(.MILLI.,.METRE.) );
#5226 = ( NAMED_UNIT(*) PLANE_ANGLE_UNIT() SI_UNIT($,.RADIAN.) );
#5227 = ( NAMED_UNIT(*) SI_UNIT($,.STERADIAN.) SOLID_ANGLE_UNIT() );
#5228 = UNCERTAINTY_MEASURE_WITH_UNIT(LENGTH_MEASURE(1.E-07),#5225,
  'distance_accuracy_value','confusion accuracy');
#5229 = CONTEXT_DEPENDENT_SHAPE_REPRESENTATION(#5230,#5232);
#5230 = ( REPRESENTATION_RELATIONSHIP('','',#5170,#4467) 
REPRESENTATION_RELATIONSHIP_WITH_TRANSFORMATION(#5231) 
SHAPE_REPRESENTATION_RELATIONSHIP() );
#5231 = ITEM_DEFINED_TRANSFORMATION('','',#11,#4500);
#5232 = PRODUCT_DEFINITION_SHAPE('Placement','Placement of an item',
  #5233);
#5233 = NEXT_ASSEMBLY_USAGE_OCCURRENCE('12','Leads008','',#4462,#5165,$
  );
#5234 = PRODUCT_RELATED_PRODUCT_CATEGORY('part',$,(#5167));
#5235 = SHAPE_DEFINITION_REPRESENTATION(#5236,#5242);
#5236 = PRODUCT_DEFINITION_SHAPE('','',#5237);
#5237 = PRODUCT_DEFINITION('design','',#5238,#5241);
#5238 = PRODUCT_DEFINITION_FORMATION('','',#5239);
#5239 = PRODUCT('Leads009','Leads009','',(#5240));
#5240 = PRODUCT_CONTEXT('',#2,'mechanical');
#5241 = PRODUCT_DEFINITION_CONTEXT('part definition',#2,'design');
#5242 = ADVANCED_BREP_SHAPE_REPRESENTATION('',(#11,#5243),#5296);
#5243 = MANIFOLD_SOLID_BREP('',#5244);
#5244 = CLOSED_SHELL('',(#5245,#5278,#5287));
#5245 = ADVANCED_FACE('',(#5246),#5273,.T.);
#5246 = FACE_BOUND('',#5247,.T.);
#5247 = EDGE_LOOP('',(#5248,#5257,#5265,#5272));
#5248 = ORIENTED_EDGE('',*,*,#5249,.F.);
#5249 = EDGE_CURVE('',#5250,#5250,#5252,.T.);
#5250 = VERTEX_POINT('',#5251);
#5251 = CARTESIAN_POINT('',(23.1155,-6.257945143643E-17,0.1));
#5252 = CIRCLE('',#5253,0.2555);
#5253 = AXIS2_PLACEMENT_3D('',#5254,#5255,#5256);
#5254 = CARTESIAN_POINT('',(22.86,0.,0.1));
#5255 = DIRECTION('',(0.,0.,1.));
#5256 = DIRECTION('',(1.,0.,-0.));
#5257 = ORIENTED_EDGE('',*,*,#5258,.F.);
#5258 = EDGE_CURVE('',#5259,#5250,#5261,.T.);
#5259 = VERTEX_POINT('',#5260);
#5260 = CARTESIAN_POINT('',(23.1155,-6.257945143643E-17,-5.));
#5261 = LINE('',#5262,#5263);
#5262 = CARTESIAN_POINT('',(23.1155,-6.257945143643E-17,-5.));
#5263 = VECTOR('',#5264,1.);
#5264 = DIRECTION('',(0.,0.,1.));
#5265 = ORIENTED_EDGE('',*,*,#5266,.T.);
#5266 = EDGE_CURVE('',#5259,#5259,#5267,.T.);
#5267 = CIRCLE('',#5268,0.2555);
#5268 = AXIS2_PLACEMENT_3D('',#5269,#5270,#5271);
#5269 = CARTESIAN_POINT('',(22.86,0.,-5.));
#5270 = DIRECTION('',(0.,0.,1.));
#5271 = DIRECTION('',(1.,0.,-0.));
#5272 = ORIENTED_EDGE('',*,*,#5258,.T.);
#5273 = CYLINDRICAL_SURFACE('',#5274,0.2555);
#5274 = AXIS2_PLACEMENT_3D('',#5275,#5276,#5277);
#5275 = CARTESIAN_POINT('',(22.86,0.,-5.));
#5276 = DIRECTION('',(0.,0.,1.));
#5277 = DIRECTION('',(1.,0.,-0.));
#5278 = ADVANCED_FACE('',(#5279),#5282,.T.);
#5279 = FACE_BOUND('',#5280,.T.);
#5280 = EDGE_LOOP('',(#5281));
#5281 = ORIENTED_EDGE('',*,*,#5249,.T.);
#5282 = PLANE('',#5283);
#5283 = AXIS2_PLACEMENT_3D('',#5284,#5285,#5286);
#5284 = CARTESIAN_POINT('',(22.86,0.,0.1));
#5285 = DIRECTION('',(0.,0.,1.));
#5286 = DIRECTION('',(1.,0.,-0.));
#5287 = ADVANCED_FACE('',(#5288),#5291,.F.);
#5288 = FACE_BOUND('',#5289,.T.);
#5289 = EDGE_LOOP('',(#5290));
#5290 = ORIENTED_EDGE('',*,*,#5266,.F.);
#5291 = PLANE('',#5292);
#5292 = AXIS2_PLACEMENT_3D('',#5293,#5294,#5295);
#5293 = CARTESIAN_POINT('',(22.86,0.,-5.));
#5294 = DIRECTION('',(0.,0.,1.));
#5295 = DIRECTION('',(1.,0.,-0.));
#5296 = ( GEOMETRIC_REPRESENTATION_CONTEXT(3) 
GLOBAL_UNCERTAINTY_ASSIGNED_CONTEXT((#5300)) 
GLOBAL_UNIT_ASSIGNED_CONTEXT((#5297,#5298,#5299)) REPRESENTATION_CONTEXT
('Context #1','3D Context with UNIT and UNCERTAINTY') );
#5297 = ( LENGTH_UNIT() NAMED_UNIT(*) SI_UNIT(.MILLI.,.METRE.) );
#5298 = ( NAMED_UNIT(*) PLANE_ANGLE_UNIT() SI_UNIT($,.RADIAN.) );
#5299 = ( NAMED_UNIT(*) SI_UNIT($,.STERADIAN.) SOLID_ANGLE_UNIT() );
#5300 = UNCERTAINTY_MEASURE_WITH_UNIT(LENGTH_MEASURE(1.E-07),#5297,
  'distance_accuracy_value','confusion accuracy');
#5301 = CONTEXT_DEPENDENT_SHAPE_REPRESENTATION(#5302,#5304);
#5302 = ( REPRESENTATION_RELATIONSHIP('','',#5242,#4467) 
REPRESENTATION_RELATIONSHIP_WITH_TRANSFORMATION(#5303) 
SHAPE_REPRESENTATION_RELATIONSHIP() );
#5303 = ITEM_DEFINED_TRANSFORMATION('','',#11,#4504);
#5304 = PRODUCT_DEFINITION_SHAPE('Placement','Placement of an item',
  #5305);
#5305 = NEXT_ASSEMBLY_USAGE_OCCURRENCE('13','Leads009','',#4462,#5237,$
  );
#5306 = PRODUCT_RELATED_PRODUCT_CATEGORY('part',$,(#5239));
#5307 = SHAPE_DEFINITION_REPRESENTATION(#5308,#5314);
#5308 = PRODUCT_DEFINITION_SHAPE('','',#5309);
#5309 = PRODUCT_DEFINITION('design','',#5310,#5313);
#5310 = PRODUCT_DEFINITION_FORMATION('','',#5311);
#5311 = PRODUCT('Leads010','Leads010','',(#5312));
#5312 = PRODUCT_CONTEXT('',#2,'mechanical');
#5313 = PRODUCT_DEFINITION_CONTEXT('part definition',#2,'design');
#5314 = ADVANCED_BREP_SHAPE_REPRESENTATION('',(#11,#5315),#5368);
#5315 = MANIFOLD_SOLID_BREP('',#5316);
#5316 = CLOSED_SHELL('',(#5317,#5350,#5359));
#5317 = ADVANCED_FACE('',(#5318),#5345,.T.);
#5318 = FACE_BOUND('',#5319,.T.);
#5319 = EDGE_LOOP('',(#5320,#5329,#5337,#5344));
#5320 = ORIENTED_EDGE('',*,*,#5321,.F.);
#5321 = EDGE_CURVE('',#5322,#5322,#5324,.T.);
#5322 = VERTEX_POINT('',#5323);
#5323 = CARTESIAN_POINT('',(25.6555,-6.257945143643E-17,0.1));
#5324 = CIRCLE('',#5325,0.2555);
#5325 = AXIS2_PLACEMENT_3D('',#5326,#5327,#5328);
#5326 = CARTESIAN_POINT('',(25.4,0.,0.1));
#5327 = DIRECTION('',(0.,0.,1.));
#5328 = DIRECTION('',(1.,0.,-0.));
#5329 = ORIENTED_EDGE('',*,*,#5330,.F.);
#5330 = EDGE_CURVE('',#5331,#5322,#5333,.T.);
#5331 = VERTEX_POINT('',#5332);
#5332 = CARTESIAN_POINT('',(25.6555,-6.257945143643E-17,-5.));
#5333 = LINE('',#5334,#5335);
#5334 = CARTESIAN_POINT('',(25.6555,-6.257945143643E-17,-5.));
#5335 = VECTOR('',#5336,1.);
#5336 = DIRECTION('',(0.,0.,1.));
#5337 = ORIENTED_EDGE('',*,*,#5338,.T.);
#5338 = EDGE_CURVE('',#5331,#5331,#5339,.T.);
#5339 = CIRCLE('',#5340,0.2555);
#5340 = AXIS2_PLACEMENT_3D('',#5341,#5342,#5343);
#5341 = CARTESIAN_POINT('',(25.4,0.,-5.));
#5342 = DIRECTION('',(0.,0.,1.));
#5343 = DIRECTION('',(1.,0.,-0.));
#5344 = ORIENTED_EDGE('',*,*,#5330,.T.);
#5345 = CYLINDRICAL_SURFACE('',#5346,0.2555);
#5346 = AXIS2_PLACEMENT_3D('',#5347,#5348,#5349);
#5347 = CARTESIAN_POINT('',(25.4,0.,-5.));
#5348 = DIRECTION('',(0.,0.,1.));
#5349 = DIRECTION('',(1.,0.,-0.));
#5350 = ADVANCED_FACE('',(#5351),#5354,.T.);
#5351 = FACE_BOUND('',#5352,.T.);
#5352 = EDGE_LOOP('',(#5353));
#5353 = ORIENTED_EDGE('',*,*,#5321,.T.);
#5354 = PLANE('',#5355);
#5355 = AXIS2_PLACEMENT_3D('',#5356,#5357,#5358);
#5356 = CARTESIAN_POINT('',(25.4,0.,0.1));
#5357 = DIRECTION('',(0.,0.,1.));
#5358 = DIRECTION('',(1.,0.,-0.));
#5359 = ADVANCED_FACE('',(#5360),#5363,.F.);
#5360 = FACE_BOUND('',#5361,.T.);
#5361 = EDGE_LOOP('',(#5362));
#5362 = ORIENTED_EDGE('',*,*,#5338,.F.);
#5363 = PLANE('',#5364);
#5364 = AXIS2_PLACEMENT_3D('',#5365,#5366,#5367);
#5365 = CARTESIAN_POINT('',(25.4,0.,-5.));
#5366 = DIRECTION('',(0.,0.,1.));
#5367 = DIRECTION('',(1.,0.,-0.));
#5368 = ( GEOMETRIC_REPRESENTATION_CONTEXT(3) 
GLOBAL_UNCERTAINTY_ASSIGNED_CONTEXT((#5372)) 
GLOBAL_UNIT_ASSIGNED_CONTEXT((#5369,#5370,#5371)) REPRESENTATION_CONTEXT
('Context #1','3D Context with UNIT and UNCERTAINTY') );
#5369 = ( LENGTH_UNIT() NAMED_UNIT(*) SI_UNIT(.MILLI.,.METRE.) );
#5370 = ( NAMED_UNIT(*) PLANE_ANGLE_UNIT() SI_UNIT($,.RADIAN.) );
#5371 = ( NAMED_UNIT(*) SI_UNIT($,.STERADIAN.) SOLID_ANGLE_UNIT() );
#5372 = UNCERTAINTY_MEASURE_WITH_UNIT(LENGTH_MEASURE(1.E-07),#5369,
  'distance_accuracy_value','confusion accuracy');
#5373 = CONTEXT_DEPENDENT_SHAPE_REPRESENTATION(#5374,#5376);
#5374 = ( REPRESENTATION_RELATIONSHIP('','',#5314,#4467) 
REPRESENTATION_RELATIONSHIP_WITH_TRANSFORMATION(#5375) 
SHAPE_REPRESENTATION_RELATIONSHIP() );
#5375 = ITEM_DEFINED_TRANSFORMATION('','',#11,#4508);
#5376 = PRODUCT_DEFINITION_SHAPE('Placement','Placement of an item',
  #5377);
#5377 = NEXT_ASSEMBLY_USAGE_OCCURRENCE('14','Leads010','',#4462,#5309,$
  );
#5378 = PRODUCT_RELATED_PRODUCT_CATEGORY('part',$,(#5311));
#5379 = SHAPE_DEFINITION_REPRESENTATION(#5380,#5386);
#5380 = PRODUCT_DEFINITION_SHAPE('','',#5381);
#5381 = PRODUCT_DEFINITION('design','',#5382,#5385);
#5382 = PRODUCT_DEFINITION_FORMATION('','',#5383);
#5383 = PRODUCT('Leads011','Leads011','',(#5384));
#5384 = PRODUCT_CONTEXT('',#2,'mechanical');
#5385 = PRODUCT_DEFINITION_CONTEXT('part definition',#2,'design');
#5386 = ADVANCED_BREP_SHAPE_REPRESENTATION('',(#11,#5387),#5440);
#5387 = MANIFOLD_SOLID_BREP('',#5388);
#5388 = CLOSED_SHELL('',(#5389,#5422,#5431));
#5389 = ADVANCED_FACE('',(#5390),#5417,.T.);
#5390 = FACE_BOUND('',#5391,.T.);
#5391 = EDGE_LOOP('',(#5392,#5401,#5409,#5416));
#5392 = ORIENTED_EDGE('',*,*,#5393,.F.);
#5393 = EDGE_CURVE('',#5394,#5394,#5396,.T.);
#5394 = VERTEX_POINT('',#5395);
#5395 = CARTESIAN_POINT('',(28.1955,-6.257945143643E-17,0.1));
#5396 = CIRCLE('',#5397,0.2555);
#5397 = AXIS2_PLACEMENT_3D('',#5398,#5399,#5400);
#5398 = CARTESIAN_POINT('',(27.94,0.,0.1));
#5399 = DIRECTION('',(0.,0.,1.));
#5400 = DIRECTION('',(1.,0.,-0.));
#5401 = ORIENTED_EDGE('',*,*,#5402,.F.);
#5402 = EDGE_CURVE('',#5403,#5394,#5405,.T.);
#5403 = VERTEX_POINT('',#5404);
#5404 = CARTESIAN_POINT('',(28.1955,-6.257945143643E-17,-5.));
#5405 = LINE('',#5406,#5407);
#5406 = CARTESIAN_POINT('',(28.1955,-6.257945143643E-17,-5.));
#5407 = VECTOR('',#5408,1.);
#5408 = DIRECTION('',(0.,0.,1.));
#5409 = ORIENTED_EDGE('',*,*,#5410,.T.);
#5410 = EDGE_CURVE('',#5403,#5403,#5411,.T.);
#5411 = CIRCLE('',#5412,0.2555);
#5412 = AXIS2_PLACEMENT_3D('',#5413,#5414,#5415);
#5413 = CARTESIAN_POINT('',(27.94,0.,-5.));
#5414 = DIRECTION('',(0.,0.,1.));
#5415 = DIRECTION('',(1.,0.,-0.));
#5416 = ORIENTED_EDGE('',*,*,#5402,.T.);
#5417 = CYLINDRICAL_SURFACE('',#5418,0.2555);
#5418 = AXIS2_PLACEMENT_3D('',#5419,#5420,#5421);
#5419 = CARTESIAN_POINT('',(27.94,0.,-5.));
#5420 = DIRECTION('',(0.,0.,1.));
#5421 = DIRECTION('',(1.,0.,-0.));
#5422 = ADVANCED_FACE('',(#5423),#5426,.T.);
#5423 = FACE_BOUND('',#5424,.T.);
#5424 = EDGE_LOOP('',(#5425));
#5425 = ORIENTED_EDGE('',*,*,#5393,.T.);
#5426 = PLANE('',#5427);
#5427 = AXIS2_PLACEMENT_3D('',#5428,#5429,#5430);
#5428 = CARTESIAN_POINT('',(27.94,0.,0.1));
#5429 = DIRECTION('',(0.,0.,1.));
#5430 = DIRECTION('',(1.,0.,-0.));
#5431 = ADVANCED_FACE('',(#5432),#5435,.F.);
#5432 = FACE_BOUND('',#5433,.T.);
#5433 = EDGE_LOOP('',(#5434));
#5434 = ORIENTED_EDGE('',*,*,#5410,.F.);
#5435 = PLANE('',#5436);
#5436 = AXIS2_PLACEMENT_3D('',#5437,#5438,#5439);
#5437 = CARTESIAN_POINT('',(27.94,0.,-5.));
#5438 = DIRECTION('',(0.,0.,1.));
#5439 = DIRECTION('',(1.,0.,-0.));
#5440 = ( GEOMETRIC_REPRESENTATION_CONTEXT(3) 
GLOBAL_UNCERTAINTY_ASSIGNED_CONTEXT((#5444)) 
GLOBAL_UNIT_ASSIGNED_CONTEXT((#5441,#5442,#5443)) REPRESENTATION_CONTEXT
('Context #1','3D Context with UNIT and UNCERTAINTY') );
#5441 = ( LENGTH_UNIT() NAMED_UNIT(*) SI_UNIT(.MILLI.,.METRE.) );
#5442 = ( NAMED_UNIT(*) PLANE_ANGLE_UNIT() SI_UNIT($,.RADIAN.) );
#5443 = ( NAMED_UNIT(*) SI_UNIT($,.STERADIAN.) SOLID_ANGLE_UNIT() );
#5444 = UNCERTAINTY_MEASURE_WITH_UNIT(LENGTH_MEASURE(1.E-07),#5441,
  'distance_accuracy_value','confusion accuracy');
#5445 = CONTEXT_DEPENDENT_SHAPE_REPRESENTATION(#5446,#5448);
#5446 = ( REPRESENTATION_RELATIONSHIP('','',#5386,#4467) 
REPRESENTATION_RELATIONSHIP_WITH_TRANSFORMATION(#5447) 
SHAPE_REPRESENTATION_RELATIONSHIP() );
#5447 = ITEM_DEFINED_TRANSFORMATION('','',#11,#4512);
#5448 = PRODUCT_DEFINITION_SHAPE('Placement','Placement of an item',
  #5449);
#5449 = NEXT_ASSEMBLY_USAGE_OCCURRENCE('15','Leads011','',#4462,#5381,$
  );
#5450 = PRODUCT_RELATED_PRODUCT_CATEGORY('part',$,(#5383));
#5451 = SHAPE_DEFINITION_REPRESENTATION(#5452,#5458);
#5452 = PRODUCT_DEFINITION_SHAPE('','',#5453);
#5453 = PRODUCT_DEFINITION('design','',#5454,#5457);
#5454 = PRODUCT_DEFINITION_FORMATION('','',#5455);
#5455 = PRODUCT('Leads012','Leads012','',(#5456));
#5456 = PRODUCT_CONTEXT('',#2,'mechanical');
#5457 = PRODUCT_DEFINITION_CONTEXT('part definition',#2,'design');
#5458 = ADVANCED_BREP_SHAPE_REPRESENTATION('',(#11,#5459),#5512);
#5459 = MANIFOLD_SOLID_BREP('',#5460);
#5460 = CLOSED_SHELL('',(#5461,#5494,#5503));
#5461 = ADVANCED_FACE('',(#5462),#5489,.T.);
#5462 = FACE_BOUND('',#5463,.T.);
#5463 = EDGE_LOOP('',(#5464,#5473,#5481,#5488));
#5464 = ORIENTED_EDGE('',*,*,#5465,.F.);
#5465 = EDGE_CURVE('',#5466,#5466,#5468,.T.);
#5466 = VERTEX_POINT('',#5467);
#5467 = CARTESIAN_POINT('',(30.7355,-6.257945143643E-17,0.1));
#5468 = CIRCLE('',#5469,0.2555);
#5469 = AXIS2_PLACEMENT_3D('',#5470,#5471,#5472);
#5470 = CARTESIAN_POINT('',(30.48,0.,0.1));
#5471 = DIRECTION('',(0.,0.,1.));
#5472 = DIRECTION('',(1.,0.,-0.));
#5473 = ORIENTED_EDGE('',*,*,#5474,.F.);
#5474 = EDGE_CURVE('',#5475,#5466,#5477,.T.);
#5475 = VERTEX_POINT('',#5476);
#5476 = CARTESIAN_POINT('',(30.7355,-6.257945143643E-17,-5.));
#5477 = LINE('',#5478,#5479);
#5478 = CARTESIAN_POINT('',(30.7355,-6.257945143643E-17,-5.));
#5479 = VECTOR('',#5480,1.);
#5480 = DIRECTION('',(0.,0.,1.));
#5481 = ORIENTED_EDGE('',*,*,#5482,.T.);
#5482 = EDGE_CURVE('',#5475,#5475,#5483,.T.);
#5483 = CIRCLE('',#5484,0.2555);
#5484 = AXIS2_PLACEMENT_3D('',#5485,#5486,#5487);
#5485 = CARTESIAN_POINT('',(30.48,0.,-5.));
#5486 = DIRECTION('',(0.,0.,1.));
#5487 = DIRECTION('',(1.,0.,-0.));
#5488 = ORIENTED_EDGE('',*,*,#5474,.T.);
#5489 = CYLINDRICAL_SURFACE('',#5490,0.2555);
#5490 = AXIS2_PLACEMENT_3D('',#5491,#5492,#5493);
#5491 = CARTESIAN_POINT('',(30.48,0.,-5.));
#5492 = DIRECTION('',(0.,0.,1.));
#5493 = DIRECTION('',(1.,0.,-0.));
#5494 = ADVANCED_FACE('',(#5495),#5498,.T.);
#5495 = FACE_BOUND('',#5496,.T.);
#5496 = EDGE_LOOP('',(#5497));
#5497 = ORIENTED_EDGE('',*,*,#5465,.T.);
#5498 = PLANE('',#5499);
#5499 = AXIS2_PLACEMENT_3D('',#5500,#5501,#5502);
#5500 = CARTESIAN_POINT('',(30.48,0.,0.1));
#5501 = DIRECTION('',(0.,0.,1.));
#5502 = DIRECTION('',(1.,0.,-0.));
#5503 = ADVANCED_FACE('',(#5504),#5507,.F.);
#5504 = FACE_BOUND('',#5505,.T.);
#5505 = EDGE_LOOP('',(#5506));
#5506 = ORIENTED_EDGE('',*,*,#5482,.F.);
#5507 = PLANE('',#5508);
#5508 = AXIS2_PLACEMENT_3D('',#5509,#5510,#5511);
#5509 = CARTESIAN_POINT('',(30.48,0.,-5.));
#5510 = DIRECTION('',(0.,0.,1.));
#5511 = DIRECTION('',(1.,0.,-0.));
#5512 = ( GEOMETRIC_REPRESENTATION_CONTEXT(3) 
GLOBAL_UNCERTAINTY_ASSIGNED_CONTEXT((#5516)) 
GLOBAL_UNIT_ASSIGNED_CONTEXT((#5513,#5514,#5515)) REPRESENTATION_CONTEXT
('Context #1','3D Context with UNIT and UNCERTAINTY') );
#5513 = ( LENGTH_UNIT() NAMED_UNIT(*) SI_UNIT(.MILLI.,.METRE.) );
#5514 = ( NAMED_UNIT(*) PLANE_ANGLE_UNIT() SI_UNIT($,.RADIAN.) );
#5515 = ( NAMED_UNIT(*) SI_UNIT($,.STERADIAN.) SOLID_ANGLE_UNIT() );
#5516 = UNCERTAINTY_MEASURE_WITH_UNIT(LENGTH_MEASURE(1.E-07),#5513,
  'distance_accuracy_value','confusion accuracy');
#5517 = CONTEXT_DEPENDENT_SHAPE_REPRESENTATION(#5518,#5520);
#5518 = ( REPRESENTATION_RELATIONSHIP('','',#5458,#4467) 
REPRESENTATION_RELATIONSHIP_WITH_TRANSFORMATION(#5519) 
SHAPE_REPRESENTATION_RELATIONSHIP() );
#5519 = ITEM_DEFINED_TRANSFORMATION('','',#11,#4516);
#5520 = PRODUCT_DEFINITION_SHAPE('Placement','Placement of an item',
  #5521);
#5521 = NEXT_ASSEMBLY_USAGE_OCCURRENCE('16','Leads012','',#4462,#5453,$
  );
#5522 = PRODUCT_RELATED_PRODUCT_CATEGORY('part',$,(#5455));
#5523 = SHAPE_DEFINITION_REPRESENTATION(#5524,#5530);
#5524 = PRODUCT_DEFINITION_SHAPE('','',#5525);
#5525 = PRODUCT_DEFINITION('design','',#5526,#5529);
#5526 = PRODUCT_DEFINITION_FORMATION('','',#5527);
#5527 = PRODUCT('Leads013','Leads013','',(#5528));
#5528 = PRODUCT_CONTEXT('',#2,'mechanical');
#5529 = PRODUCT_DEFINITION_CONTEXT('part definition',#2,'design');
#5530 = ADVANCED_BREP_SHAPE_REPRESENTATION('',(#11,#5531),#5584);
#5531 = MANIFOLD_SOLID_BREP('',#5532);
#5532 = CLOSED_SHELL('',(#5533,#5566,#5575));
#5533 = ADVANCED_FACE('',(#5534),#5561,.T.);
#5534 = FACE_BOUND('',#5535,.T.);
#5535 = EDGE_LOOP('',(#5536,#5545,#5553,#5560));
#5536 = ORIENTED_EDGE('',*,*,#5537,.F.);
#5537 = EDGE_CURVE('',#5538,#5538,#5540,.T.);
#5538 = VERTEX_POINT('',#5539);
#5539 = CARTESIAN_POINT('',(1.5255,-2.54,0.1));
#5540 = CIRCLE('',#5541,0.2555);
#5541 = AXIS2_PLACEMENT_3D('',#5542,#5543,#5544);
#5542 = CARTESIAN_POINT('',(1.27,-2.54,0.1));
#5543 = DIRECTION('',(0.,0.,1.));
#5544 = DIRECTION('',(1.,0.,-0.));
#5545 = ORIENTED_EDGE('',*,*,#5546,.F.);
#5546 = EDGE_CURVE('',#5547,#5538,#5549,.T.);
#5547 = VERTEX_POINT('',#5548);
#5548 = CARTESIAN_POINT('',(1.5255,-2.54,-5.));
#5549 = LINE('',#5550,#5551);
#5550 = CARTESIAN_POINT('',(1.5255,-2.54,-5.));
#5551 = VECTOR('',#5552,1.);
#5552 = DIRECTION('',(0.,0.,1.));
#5553 = ORIENTED_EDGE('',*,*,#5554,.T.);
#5554 = EDGE_CURVE('',#5547,#5547,#5555,.T.);
#5555 = CIRCLE('',#5556,0.2555);
#5556 = AXIS2_PLACEMENT_3D('',#5557,#5558,#5559);
#5557 = CARTESIAN_POINT('',(1.27,-2.54,-5.));
#5558 = DIRECTION('',(0.,0.,1.));
#5559 = DIRECTION('',(1.,0.,-0.));
#5560 = ORIENTED_EDGE('',*,*,#5546,.T.);
#5561 = CYLINDRICAL_SURFACE('',#5562,0.2555);
#5562 = AXIS2_PLACEMENT_3D('',#5563,#5564,#5565);
#5563 = CARTESIAN_POINT('',(1.27,-2.54,-5.));
#5564 = DIRECTION('',(0.,0.,1.));
#5565 = DIRECTION('',(1.,0.,-0.));
#5566 = ADVANCED_FACE('',(#5567),#5570,.T.);
#5567 = FACE_BOUND('',#5568,.T.);
#5568 = EDGE_LOOP('',(#5569));
#5569 = ORIENTED_EDGE('',*,*,#5537,.T.);
#5570 = PLANE('',#5571);
#5571 = AXIS2_PLACEMENT_3D('',#5572,#5573,#5574);
#5572 = CARTESIAN_POINT('',(1.27,-2.54,0.1));
#5573 = DIRECTION('',(0.,0.,1.));
#5574 = DIRECTION('',(1.,0.,-0.));
#5575 = ADVANCED_FACE('',(#5576),#5579,.F.);
#5576 = FACE_BOUND('',#5577,.T.);
#5577 = EDGE_LOOP('',(#5578));
#5578 = ORIENTED_EDGE('',*,*,#5554,.F.);
#5579 = PLANE('',#5580);
#5580 = AXIS2_PLACEMENT_3D('',#5581,#5582,#5583);
#5581 = CARTESIAN_POINT('',(1.27,-2.54,-5.));
#5582 = DIRECTION('',(0.,0.,1.));
#5583 = DIRECTION('',(1.,0.,-0.));
#5584 = ( GEOMETRIC_REPRESENTATION_CONTEXT(3) 
GLOBAL_UNCERTAINTY_ASSIGNED_CONTEXT((#5588)) 
GLOBAL_UNIT_ASSIGNED_CONTEXT((#5585,#5586,#5587)) REPRESENTATION_CONTEXT
('Context #1','3D Context with UNIT and UNCERTAINTY') );
#5585 = ( LENGTH_UNIT() NAMED_UNIT(*) SI_UNIT(.MILLI.,.METRE.) );
#5586 = ( NAMED_UNIT(*) PLANE_ANGLE_UNIT() SI_UNIT($,.RADIAN.) );
#5587 = ( NAMED_UNIT(*) SI_UNIT($,.STERADIAN.) SOLID_ANGLE_UNIT() );
#5588 = UNCERTAINTY_MEASURE_WITH_UNIT(LENGTH_MEASURE(1.E-07),#5585,
  'distance_accuracy_value','confusion accuracy');
#5589 = CONTEXT_DEPENDENT_SHAPE_REPRESENTATION(#5590,#5592);
#5590 = ( REPRESENTATION_RELATIONSHIP('','',#5530,#4467) 
REPRESENTATION_RELATIONSHIP_WITH_TRANSFORMATION(#5591) 
SHAPE_REPRESENTATION_RELATIONSHIP() );
#5591 = ITEM_DEFINED_TRANSFORMATION('','',#11,#4520);
#5592 = PRODUCT_DEFINITION_SHAPE('Placement','Placement of an item',
  #5593);
#5593 = NEXT_ASSEMBLY_USAGE_OCCURRENCE('17','Leads013','',#4462,#5525,$
  );
#5594 = PRODUCT_RELATED_PRODUCT_CATEGORY('part',$,(#5527));
#5595 = SHAPE_DEFINITION_REPRESENTATION(#5596,#5602);
#5596 = PRODUCT_DEFINITION_SHAPE('','',#5597);
#5597 = PRODUCT_DEFINITION('design','',#5598,#5601);
#5598 = PRODUCT_DEFINITION_FORMATION('','',#5599);
#5599 = PRODUCT('Leads014','Leads014','',(#5600));
#5600 = PRODUCT_CONTEXT('',#2,'mechanical');
#5601 = PRODUCT_DEFINITION_CONTEXT('part definition',#2,'design');
#5602 = ADVANCED_BREP_SHAPE_REPRESENTATION('',(#11,#5603),#5656);
#5603 = MANIFOLD_SOLID_BREP('',#5604);
#5604 = CLOSED_SHELL('',(#5605,#5638,#5647));
#5605 = ADVANCED_FACE('',(#5606),#5633,.T.);
#5606 = FACE_BOUND('',#5607,.T.);
#5607 = EDGE_LOOP('',(#5608,#5617,#5625,#5632));
#5608 = ORIENTED_EDGE('',*,*,#5609,.F.);
#5609 = EDGE_CURVE('',#5610,#5610,#5612,.T.);
#5610 = VERTEX_POINT('',#5611);
#5611 = CARTESIAN_POINT('',(4.0655,-2.54,0.1));
#5612 = CIRCLE('',#5613,0.2555);
#5613 = AXIS2_PLACEMENT_3D('',#5614,#5615,#5616);
#5614 = CARTESIAN_POINT('',(3.81,-2.54,0.1));
#5615 = DIRECTION('',(0.,0.,1.));
#5616 = DIRECTION('',(1.,0.,-0.));
#5617 = ORIENTED_EDGE('',*,*,#5618,.F.);
#5618 = EDGE_CURVE('',#5619,#5610,#5621,.T.);
#5619 = VERTEX_POINT('',#5620);
#5620 = CARTESIAN_POINT('',(4.0655,-2.54,-5.));
#5621 = LINE('',#5622,#5623);
#5622 = CARTESIAN_POINT('',(4.0655,-2.54,-5.));
#5623 = VECTOR('',#5624,1.);
#5624 = DIRECTION('',(0.,0.,1.));
#5625 = ORIENTED_EDGE('',*,*,#5626,.T.);
#5626 = EDGE_CURVE('',#5619,#5619,#5627,.T.);
#5627 = CIRCLE('',#5628,0.2555);
#5628 = AXIS2_PLACEMENT_3D('',#5629,#5630,#5631);
#5629 = CARTESIAN_POINT('',(3.81,-2.54,-5.));
#5630 = DIRECTION('',(0.,0.,1.));
#5631 = DIRECTION('',(1.,0.,-0.));
#5632 = ORIENTED_EDGE('',*,*,#5618,.T.);
#5633 = CYLINDRICAL_SURFACE('',#5634,0.2555);
#5634 = AXIS2_PLACEMENT_3D('',#5635,#5636,#5637);
#5635 = CARTESIAN_POINT('',(3.81,-2.54,-5.));
#5636 = DIRECTION('',(0.,0.,1.));
#5637 = DIRECTION('',(1.,0.,-0.));
#5638 = ADVANCED_FACE('',(#5639),#5642,.T.);
#5639 = FACE_BOUND('',#5640,.T.);
#5640 = EDGE_LOOP('',(#5641));
#5641 = ORIENTED_EDGE('',*,*,#5609,.T.);
#5642 = PLANE('',#5643);
#5643 = AXIS2_PLACEMENT_3D('',#5644,#5645,#5646);
#5644 = CARTESIAN_POINT('',(3.81,-2.54,0.1));
#5645 = DIRECTION('',(0.,0.,1.));
#5646 = DIRECTION('',(1.,0.,-0.));
#5647 = ADVANCED_FACE('',(#5648),#5651,.F.);
#5648 = FACE_BOUND('',#5649,.T.);
#5649 = EDGE_LOOP('',(#5650));
#5650 = ORIENTED_EDGE('',*,*,#5626,.F.);
#5651 = PLANE('',#5652);
#5652 = AXIS2_PLACEMENT_3D('',#5653,#5654,#5655);
#5653 = CARTESIAN_POINT('',(3.81,-2.54,-5.));
#5654 = DIRECTION('',(0.,0.,1.));
#5655 = DIRECTION('',(1.,0.,-0.));
#5656 = ( GEOMETRIC_REPRESENTATION_CONTEXT(3) 
GLOBAL_UNCERTAINTY_ASSIGNED_CONTEXT((#5660)) 
GLOBAL_UNIT_ASSIGNED_CONTEXT((#5657,#5658,#5659)) REPRESENTATION_CONTEXT
('Context #1','3D Context with UNIT and UNCERTAINTY') );
#5657 = ( LENGTH_UNIT() NAMED_UNIT(*) SI_UNIT(.MILLI.,.METRE.) );
#5658 = ( NAMED_UNIT(*) PLANE_ANGLE_UNIT() SI_UNIT($,.RADIAN.) );
#5659 = ( NAMED_UNIT(*) SI_UNIT($,.STERADIAN.) SOLID_ANGLE_UNIT() );
#5660 = UNCERTAINTY_MEASURE_WITH_UNIT(LENGTH_MEASURE(1.E-07),#5657,
  'distance_accuracy_value','confusion accuracy');
#5661 = CONTEXT_DEPENDENT_SHAPE_REPRESENTATION(#5662,#5664);
#5662 = ( REPRESENTATION_RELATIONSHIP('','',#5602,#4467) 
REPRESENTATION_RELATIONSHIP_WITH_TRANSFORMATION(#5663) 
SHAPE_REPRESENTATION_RELATIONSHIP() );
#5663 = ITEM_DEFINED_TRANSFORMATION('','',#11,#4524);
#5664 = PRODUCT_DEFINITION_SHAPE('Placement','Placement of an item',
  #5665);
#5665 = NEXT_ASSEMBLY_USAGE_OCCURRENCE('18','Leads014','',#4462,#5597,$
  );
#5666 = PRODUCT_RELATED_PRODUCT_CATEGORY('part',$,(#5599));
#5667 = SHAPE_DEFINITION_REPRESENTATION(#5668,#5674);
#5668 = PRODUCT_DEFINITION_SHAPE('','',#5669);
#5669 = PRODUCT_DEFINITION('design','',#5670,#5673);
#5670 = PRODUCT_DEFINITION_FORMATION('','',#5671);
#5671 = PRODUCT('Leads015','Leads015','',(#5672));
#5672 = PRODUCT_CONTEXT('',#2,'mechanical');
#5673 = PRODUCT_DEFINITION_CONTEXT('part definition',#2,'design');
#5674 = ADVANCED_BREP_SHAPE_REPRESENTATION('',(#11,#5675),#5728);
#5675 = MANIFOLD_SOLID_BREP('',#5676);
#5676 = CLOSED_SHELL('',(#5677,#5710,#5719));
#5677 = ADVANCED_FACE('',(#5678),#5705,.T.);
#5678 = FACE_BOUND('',#5679,.T.);
#5679 = EDGE_LOOP('',(#5680,#5689,#5697,#5704));
#5680 = ORIENTED_EDGE('',*,*,#5681,.F.);
#5681 = EDGE_CURVE('',#5682,#5682,#5684,.T.);
#5682 = VERTEX_POINT('',#5683);
#5683 = CARTESIAN_POINT('',(6.6055,-2.54,0.1));
#5684 = CIRCLE('',#5685,0.2555);
#5685 = AXIS2_PLACEMENT_3D('',#5686,#5687,#5688);
#5686 = CARTESIAN_POINT('',(6.35,-2.54,0.1));
#5687 = DIRECTION('',(0.,0.,1.));
#5688 = DIRECTION('',(1.,0.,-0.));
#5689 = ORIENTED_EDGE('',*,*,#5690,.F.);
#5690 = EDGE_CURVE('',#5691,#5682,#5693,.T.);
#5691 = VERTEX_POINT('',#5692);
#5692 = CARTESIAN_POINT('',(6.6055,-2.54,-5.));
#5693 = LINE('',#5694,#5695);
#5694 = CARTESIAN_POINT('',(6.6055,-2.54,-5.));
#5695 = VECTOR('',#5696,1.);
#5696 = DIRECTION('',(0.,0.,1.));
#5697 = ORIENTED_EDGE('',*,*,#5698,.T.);
#5698 = EDGE_CURVE('',#5691,#5691,#5699,.T.);
#5699 = CIRCLE('',#5700,0.2555);
#5700 = AXIS2_PLACEMENT_3D('',#5701,#5702,#5703);
#5701 = CARTESIAN_POINT('',(6.35,-2.54,-5.));
#5702 = DIRECTION('',(0.,0.,1.));
#5703 = DIRECTION('',(1.,0.,-0.));
#5704 = ORIENTED_EDGE('',*,*,#5690,.T.);
#5705 = CYLINDRICAL_SURFACE('',#5706,0.2555);
#5706 = AXIS2_PLACEMENT_3D('',#5707,#5708,#5709);
#5707 = CARTESIAN_POINT('',(6.35,-2.54,-5.));
#5708 = DIRECTION('',(0.,0.,1.));
#5709 = DIRECTION('',(1.,0.,-0.));
#5710 = ADVANCED_FACE('',(#5711),#5714,.T.);
#5711 = FACE_BOUND('',#5712,.T.);
#5712 = EDGE_LOOP('',(#5713));
#5713 = ORIENTED_EDGE('',*,*,#5681,.T.);
#5714 = PLANE('',#5715);
#5715 = AXIS2_PLACEMENT_3D('',#5716,#5717,#5718);
#5716 = CARTESIAN_POINT('',(6.35,-2.54,0.1));
#5717 = DIRECTION('',(0.,0.,1.));
#5718 = DIRECTION('',(1.,0.,-0.));
#5719 = ADVANCED_FACE('',(#5720),#5723,.F.);
#5720 = FACE_BOUND('',#5721,.T.);
#5721 = EDGE_LOOP('',(#5722));
#5722 = ORIENTED_EDGE('',*,*,#5698,.F.);
#5723 = PLANE('',#5724);
#5724 = AXIS2_PLACEMENT_3D('',#5725,#5726,#5727);
#5725 = CARTESIAN_POINT('',(6.35,-2.54,-5.));
#5726 = DIRECTION('',(0.,0.,1.));
#5727 = DIRECTION('',(1.,0.,-0.));
#5728 = ( GEOMETRIC_REPRESENTATION_CONTEXT(3) 
GLOBAL_UNCERTAINTY_ASSIGNED_CONTEXT((#5732)) 
GLOBAL_UNIT_ASSIGNED_CONTEXT((#5729,#5730,#5731)) REPRESENTATION_CONTEXT
('Context #1','3D Context with UNIT and UNCERTAINTY') );
#5729 = ( LENGTH_UNIT() NAMED_UNIT(*) SI_UNIT(.MILLI.,.METRE.) );
#5730 = ( NAMED_UNIT(*) PLANE_ANGLE_UNIT() SI_UNIT($,.RADIAN.) );
#5731 = ( NAMED_UNIT(*) SI_UNIT($,.STERADIAN.) SOLID_ANGLE_UNIT() );
#5732 = UNCERTAINTY_MEASURE_WITH_UNIT(LENGTH_MEASURE(1.E-07),#5729,
  'distance_accuracy_value','confusion accuracy');
#5733 = CONTEXT_DEPENDENT_SHAPE_REPRESENTATION(#5734,#5736);
#5734 = ( REPRESENTATION_RELATIONSHIP('','',#5674,#4467) 
REPRESENTATION_RELATIONSHIP_WITH_TRANSFORMATION(#5735) 
SHAPE_REPRESENTATION_RELATIONSHIP() );
#5735 = ITEM_DEFINED_TRANSFORMATION('','',#11,#4528);
#5736 = PRODUCT_DEFINITION_SHAPE('Placement','Placement of an item',
  #5737);
#5737 = NEXT_ASSEMBLY_USAGE_OCCURRENCE('19','Leads015','',#4462,#5669,$
  );
#5738 = PRODUCT_RELATED_PRODUCT_CATEGORY('part',$,(#5671));
#5739 = SHAPE_DEFINITION_REPRESENTATION(#5740,#5746);
#5740 = PRODUCT_DEFINITION_SHAPE('','',#5741);
#5741 = PRODUCT_DEFINITION('design','',#5742,#5745);
#5742 = PRODUCT_DEFINITION_FORMATION('','',#5743);
#5743 = PRODUCT('Leads016','Leads016','',(#5744));
#5744 = PRODUCT_CONTEXT('',#2,'mechanical');
#5745 = PRODUCT_DEFINITION_CONTEXT('part definition',#2,'design');
#5746 = ADVANCED_BREP_SHAPE_REPRESENTATION('',(#11,#5747),#5800);
#5747 = MANIFOLD_SOLID_BREP('',#5748);
#5748 = CLOSED_SHELL('',(#5749,#5782,#5791));
#5749 = ADVANCED_FACE('',(#5750),#5777,.T.);
#5750 = FACE_BOUND('',#5751,.T.);
#5751 = EDGE_LOOP('',(#5752,#5761,#5769,#5776));
#5752 = ORIENTED_EDGE('',*,*,#5753,.F.);
#5753 = EDGE_CURVE('',#5754,#5754,#5756,.T.);
#5754 = VERTEX_POINT('',#5755);
#5755 = CARTESIAN_POINT('',(9.1455,-2.54,0.1));
#5756 = CIRCLE('',#5757,0.2555);
#5757 = AXIS2_PLACEMENT_3D('',#5758,#5759,#5760);
#5758 = CARTESIAN_POINT('',(8.89,-2.54,0.1));
#5759 = DIRECTION('',(0.,0.,1.));
#5760 = DIRECTION('',(1.,0.,-0.));
#5761 = ORIENTED_EDGE('',*,*,#5762,.F.);
#5762 = EDGE_CURVE('',#5763,#5754,#5765,.T.);
#5763 = VERTEX_POINT('',#5764);
#5764 = CARTESIAN_POINT('',(9.1455,-2.54,-5.));
#5765 = LINE('',#5766,#5767);
#5766 = CARTESIAN_POINT('',(9.1455,-2.54,-5.));
#5767 = VECTOR('',#5768,1.);
#5768 = DIRECTION('',(0.,0.,1.));
#5769 = ORIENTED_EDGE('',*,*,#5770,.T.);
#5770 = EDGE_CURVE('',#5763,#5763,#5771,.T.);
#5771 = CIRCLE('',#5772,0.2555);
#5772 = AXIS2_PLACEMENT_3D('',#5773,#5774,#5775);
#5773 = CARTESIAN_POINT('',(8.89,-2.54,-5.));
#5774 = DIRECTION('',(0.,0.,1.));
#5775 = DIRECTION('',(1.,0.,-0.));
#5776 = ORIENTED_EDGE('',*,*,#5762,.T.);
#5777 = CYLINDRICAL_SURFACE('',#5778,0.2555);
#5778 = AXIS2_PLACEMENT_3D('',#5779,#5780,#5781);
#5779 = CARTESIAN_POINT('',(8.89,-2.54,-5.));
#5780 = DIRECTION('',(0.,0.,1.));
#5781 = DIRECTION('',(1.,0.,-0.));
#5782 = ADVANCED_FACE('',(#5783),#5786,.T.);
#5783 = FACE_BOUND('',#5784,.T.);
#5784 = EDGE_LOOP('',(#5785));
#5785 = ORIENTED_EDGE('',*,*,#5753,.T.);
#5786 = PLANE('',#5787);
#5787 = AXIS2_PLACEMENT_3D('',#5788,#5789,#5790);
#5788 = CARTESIAN_POINT('',(8.89,-2.54,0.1));
#5789 = DIRECTION('',(0.,0.,1.));
#5790 = DIRECTION('',(1.,0.,-0.));
#5791 = ADVANCED_FACE('',(#5792),#5795,.F.);
#5792 = FACE_BOUND('',#5793,.T.);
#5793 = EDGE_LOOP('',(#5794));
#5794 = ORIENTED_EDGE('',*,*,#5770,.F.);
#5795 = PLANE('',#5796);
#5796 = AXIS2_PLACEMENT_3D('',#5797,#5798,#5799);
#5797 = CARTESIAN_POINT('',(8.89,-2.54,-5.));
#5798 = DIRECTION('',(0.,0.,1.));
#5799 = DIRECTION('',(1.,0.,-0.));
#5800 = ( GEOMETRIC_REPRESENTATION_CONTEXT(3) 
GLOBAL_UNCERTAINTY_ASSIGNED_CONTEXT((#5804)) 
GLOBAL_UNIT_ASSIGNED_CONTEXT((#5801,#5802,#5803)) REPRESENTATION_CONTEXT
('Context #1','3D Context with UNIT and UNCERTAINTY') );
#5801 = ( LENGTH_UNIT() NAMED_UNIT(*) SI_UNIT(.MILLI.,.METRE.) );
#5802 = ( NAMED_UNIT(*) PLANE_ANGLE_UNIT() SI_UNIT($,.RADIAN.) );
#5803 = ( NAMED_UNIT(*) SI_UNIT($,.STERADIAN.) SOLID_ANGLE_UNIT() );
#5804 = UNCERTAINTY_MEASURE_WITH_UNIT(LENGTH_MEASURE(1.E-07),#5801,
  'distance_accuracy_value','confusion accuracy');
#5805 = CONTEXT_DEPENDENT_SHAPE_REPRESENTATION(#5806,#5808);
#5806 = ( REPRESENTATION_RELATIONSHIP('','',#5746,#4467) 
REPRESENTATION_RELATIONSHIP_WITH_TRANSFORMATION(#5807) 
SHAPE_REPRESENTATION_RELATIONSHIP() );
#5807 = ITEM_DEFINED_TRANSFORMATION('','',#11,#4532);
#5808 = PRODUCT_DEFINITION_SHAPE('Placement','Placement of an item',
  #5809);
#5809 = NEXT_ASSEMBLY_USAGE_OCCURRENCE('20','Leads016','',#4462,#5741,$
  );
#5810 = PRODUCT_RELATED_PRODUCT_CATEGORY('part',$,(#5743));
#5811 = SHAPE_DEFINITION_REPRESENTATION(#5812,#5818);
#5812 = PRODUCT_DEFINITION_SHAPE('','',#5813);
#5813 = PRODUCT_DEFINITION('design','',#5814,#5817);
#5814 = PRODUCT_DEFINITION_FORMATION('','',#5815);
#5815 = PRODUCT('Leads017','Leads017','',(#5816));
#5816 = PRODUCT_CONTEXT('',#2,'mechanical');
#5817 = PRODUCT_DEFINITION_CONTEXT('part definition',#2,'design');
#5818 = ADVANCED_BREP_SHAPE_REPRESENTATION('',(#11,#5819),#5872);
#5819 = MANIFOLD_SOLID_BREP('',#5820);
#5820 = CLOSED_SHELL('',(#5821,#5854,#5863));
#5821 = ADVANCED_FACE('',(#5822),#5849,.T.);
#5822 = FACE_BOUND('',#5823,.T.);
#5823 = EDGE_LOOP('',(#5824,#5833,#5841,#5848));
#5824 = ORIENTED_EDGE('',*,*,#5825,.F.);
#5825 = EDGE_CURVE('',#5826,#5826,#5828,.T.);
#5826 = VERTEX_POINT('',#5827);
#5827 = CARTESIAN_POINT('',(11.6855,-2.54,0.1));
#5828 = CIRCLE('',#5829,0.2555);
#5829 = AXIS2_PLACEMENT_3D('',#5830,#5831,#5832);
#5830 = CARTESIAN_POINT('',(11.43,-2.54,0.1));
#5831 = DIRECTION('',(0.,0.,1.));
#5832 = DIRECTION('',(1.,0.,-0.));
#5833 = ORIENTED_EDGE('',*,*,#5834,.F.);
#5834 = EDGE_CURVE('',#5835,#5826,#5837,.T.);
#5835 = VERTEX_POINT('',#5836);
#5836 = CARTESIAN_POINT('',(11.6855,-2.54,-5.));
#5837 = LINE('',#5838,#5839);
#5838 = CARTESIAN_POINT('',(11.6855,-2.54,-5.));
#5839 = VECTOR('',#5840,1.);
#5840 = DIRECTION('',(0.,0.,1.));
#5841 = ORIENTED_EDGE('',*,*,#5842,.T.);
#5842 = EDGE_CURVE('',#5835,#5835,#5843,.T.);
#5843 = CIRCLE('',#5844,0.2555);
#5844 = AXIS2_PLACEMENT_3D('',#5845,#5846,#5847);
#5845 = CARTESIAN_POINT('',(11.43,-2.54,-5.));
#5846 = DIRECTION('',(0.,0.,1.));
#5847 = DIRECTION('',(1.,0.,-0.));
#5848 = ORIENTED_EDGE('',*,*,#5834,.T.);
#5849 = CYLINDRICAL_SURFACE('',#5850,0.2555);
#5850 = AXIS2_PLACEMENT_3D('',#5851,#5852,#5853);
#5851 = CARTESIAN_POINT('',(11.43,-2.54,-5.));
#5852 = DIRECTION('',(0.,0.,1.));
#5853 = DIRECTION('',(1.,0.,-0.));
#5854 = ADVANCED_FACE('',(#5855),#5858,.T.);
#5855 = FACE_BOUND('',#5856,.T.);
#5856 = EDGE_LOOP('',(#5857));
#5857 = ORIENTED_EDGE('',*,*,#5825,.T.);
#5858 = PLANE('',#5859);
#5859 = AXIS2_PLACEMENT_3D('',#5860,#5861,#5862);
#5860 = CARTESIAN_POINT('',(11.43,-2.54,0.1));
#5861 = DIRECTION('',(0.,0.,1.));
#5862 = DIRECTION('',(1.,0.,-0.));
#5863 = ADVANCED_FACE('',(#5864),#5867,.F.);
#5864 = FACE_BOUND('',#5865,.T.);
#5865 = EDGE_LOOP('',(#5866));
#5866 = ORIENTED_EDGE('',*,*,#5842,.F.);
#5867 = PLANE('',#5868);
#5868 = AXIS2_PLACEMENT_3D('',#5869,#5870,#5871);
#5869 = CARTESIAN_POINT('',(11.43,-2.54,-5.));
#5870 = DIRECTION('',(0.,0.,1.));
#5871 = DIRECTION('',(1.,0.,-0.));
#5872 = ( GEOMETRIC_REPRESENTATION_CONTEXT(3) 
GLOBAL_UNCERTAINTY_ASSIGNED_CONTEXT((#5876)) 
GLOBAL_UNIT_ASSIGNED_CONTEXT((#5873,#5874,#5875)) REPRESENTATION_CONTEXT
('Context #1','3D Context with UNIT and UNCERTAINTY') );
#5873 = ( LENGTH_UNIT() NAMED_UNIT(*) SI_UNIT(.MILLI.,.METRE.) );
#5874 = ( NAMED_UNIT(*) PLANE_ANGLE_UNIT() SI_UNIT($,.RADIAN.) );
#5875 = ( NAMED_UNIT(*) SI_UNIT($,.STERADIAN.) SOLID_ANGLE_UNIT() );
#5876 = UNCERTAINTY_MEASURE_WITH_UNIT(LENGTH_MEASURE(1.E-07),#5873,
  'distance_accuracy_value','confusion accuracy');
#5877 = CONTEXT_DEPENDENT_SHAPE_REPRESENTATION(#5878,#5880);
#5878 = ( REPRESENTATION_RELATIONSHIP('','',#5818,#4467) 
REPRESENTATION_RELATIONSHIP_WITH_TRANSFORMATION(#5879) 
SHAPE_REPRESENTATION_RELATIONSHIP() );
#5879 = ITEM_DEFINED_TRANSFORMATION('','',#11,#4536);
#5880 = PRODUCT_DEFINITION_SHAPE('Placement','Placement of an item',
  #5881);
#5881 = NEXT_ASSEMBLY_USAGE_OCCURRENCE('21','Leads017','',#4462,#5813,$
  );
#5882 = PRODUCT_RELATED_PRODUCT_CATEGORY('part',$,(#5815));
#5883 = SHAPE_DEFINITION_REPRESENTATION(#5884,#5890);
#5884 = PRODUCT_DEFINITION_SHAPE('','',#5885);
#5885 = PRODUCT_DEFINITION('design','',#5886,#5889);
#5886 = PRODUCT_DEFINITION_FORMATION('','',#5887);
#5887 = PRODUCT('Leads018','Leads018','',(#5888));
#5888 = PRODUCT_CONTEXT('',#2,'mechanical');
#5889 = PRODUCT_DEFINITION_CONTEXT('part definition',#2,'design');
#5890 = ADVANCED_BREP_SHAPE_REPRESENTATION('',(#11,#5891),#5944);
#5891 = MANIFOLD_SOLID_BREP('',#5892);
#5892 = CLOSED_SHELL('',(#5893,#5926,#5935));
#5893 = ADVANCED_FACE('',(#5894),#5921,.T.);
#5894 = FACE_BOUND('',#5895,.T.);
#5895 = EDGE_LOOP('',(#5896,#5905,#5913,#5920));
#5896 = ORIENTED_EDGE('',*,*,#5897,.F.);
#5897 = EDGE_CURVE('',#5898,#5898,#5900,.T.);
#5898 = VERTEX_POINT('',#5899);
#5899 = CARTESIAN_POINT('',(14.2255,-2.54,0.1));
#5900 = CIRCLE('',#5901,0.2555);
#5901 = AXIS2_PLACEMENT_3D('',#5902,#5903,#5904);
#5902 = CARTESIAN_POINT('',(13.97,-2.54,0.1));
#5903 = DIRECTION('',(0.,0.,1.));
#5904 = DIRECTION('',(1.,0.,-0.));
#5905 = ORIENTED_EDGE('',*,*,#5906,.F.);
#5906 = EDGE_CURVE('',#5907,#5898,#5909,.T.);
#5907 = VERTEX_POINT('',#5908);
#5908 = CARTESIAN_POINT('',(14.2255,-2.54,-5.));
#5909 = LINE('',#5910,#5911);
#5910 = CARTESIAN_POINT('',(14.2255,-2.54,-5.));
#5911 = VECTOR('',#5912,1.);
#5912 = DIRECTION('',(0.,0.,1.));
#5913 = ORIENTED_EDGE('',*,*,#5914,.T.);
#5914 = EDGE_CURVE('',#5907,#5907,#5915,.T.);
#5915 = CIRCLE('',#5916,0.2555);
#5916 = AXIS2_PLACEMENT_3D('',#5917,#5918,#5919);
#5917 = CARTESIAN_POINT('',(13.97,-2.54,-5.));
#5918 = DIRECTION('',(0.,0.,1.));
#5919 = DIRECTION('',(1.,0.,-0.));
#5920 = ORIENTED_EDGE('',*,*,#5906,.T.);
#5921 = CYLINDRICAL_SURFACE('',#5922,0.2555);
#5922 = AXIS2_PLACEMENT_3D('',#5923,#5924,#5925);
#5923 = CARTESIAN_POINT('',(13.97,-2.54,-5.));
#5924 = DIRECTION('',(0.,0.,1.));
#5925 = DIRECTION('',(1.,0.,-0.));
#5926 = ADVANCED_FACE('',(#5927),#5930,.T.);
#5927 = FACE_BOUND('',#5928,.T.);
#5928 = EDGE_LOOP('',(#5929));
#5929 = ORIENTED_EDGE('',*,*,#5897,.T.);
#5930 = PLANE('',#5931);
#5931 = AXIS2_PLACEMENT_3D('',#5932,#5933,#5934);
#5932 = CARTESIAN_POINT('',(13.97,-2.54,0.1));
#5933 = DIRECTION('',(0.,0.,1.));
#5934 = DIRECTION('',(1.,0.,-0.));
#5935 = ADVANCED_FACE('',(#5936),#5939,.F.);
#5936 = FACE_BOUND('',#5937,.T.);
#5937 = EDGE_LOOP('',(#5938));
#5938 = ORIENTED_EDGE('',*,*,#5914,.F.);
#5939 = PLANE('',#5940);
#5940 = AXIS2_PLACEMENT_3D('',#5941,#5942,#5943);
#5941 = CARTESIAN_POINT('',(13.97,-2.54,-5.));
#5942 = DIRECTION('',(0.,0.,1.));
#5943 = DIRECTION('',(1.,0.,-0.));
#5944 = ( GEOMETRIC_REPRESENTATION_CONTEXT(3) 
GLOBAL_UNCERTAINTY_ASSIGNED_CONTEXT((#5948)) 
GLOBAL_UNIT_ASSIGNED_CONTEXT((#5945,#5946,#5947)) REPRESENTATION_CONTEXT
('Context #1','3D Context with UNIT and UNCERTAINTY') );
#5945 = ( LENGTH_UNIT() NAMED_UNIT(*) SI_UNIT(.MILLI.,.METRE.) );
#5946 = ( NAMED_UNIT(*) PLANE_ANGLE_UNIT() SI_UNIT($,.RADIAN.) );
#5947 = ( NAMED_UNIT(*) SI_UNIT($,.STERADIAN.) SOLID_ANGLE_UNIT() );
#5948 = UNCERTAINTY_MEASURE_WITH_UNIT(LENGTH_MEASURE(1.E-07),#5945,
  'distance_accuracy_value','confusion accuracy');
#5949 = CONTEXT_DEPENDENT_SHAPE_REPRESENTATION(#5950,#5952);
#5950 = ( REPRESENTATION_RELATIONSHIP('','',#5890,#4467) 
REPRESENTATION_RELATIONSHIP_WITH_TRANSFORMATION(#5951) 
SHAPE_REPRESENTATION_RELATIONSHIP() );
#5951 = ITEM_DEFINED_TRANSFORMATION('','',#11,#4540);
#5952 = PRODUCT_DEFINITION_SHAPE('Placement','Placement of an item',
  #5953);
#5953 = NEXT_ASSEMBLY_USAGE_OCCURRENCE('22','Leads018','',#4462,#5885,$
  );
#5954 = PRODUCT_RELATED_PRODUCT_CATEGORY('part',$,(#5887));
#5955 = SHAPE_DEFINITION_REPRESENTATION(#5956,#5962);
#5956 = PRODUCT_DEFINITION_SHAPE('','',#5957);
#5957 = PRODUCT_DEFINITION('design','',#5958,#5961);
#5958 = PRODUCT_DEFINITION_FORMATION('','',#5959);
#5959 = PRODUCT('Leads019','Leads019','',(#5960));
#5960 = PRODUCT_CONTEXT('',#2,'mechanical');
#5961 = PRODUCT_DEFINITION_CONTEXT('part definition',#2,'design');
#5962 = ADVANCED_BREP_SHAPE_REPRESENTATION('',(#11,#5963),#6016);
#5963 = MANIFOLD_SOLID_BREP('',#5964);
#5964 = CLOSED_SHELL('',(#5965,#5998,#6007));
#5965 = ADVANCED_FACE('',(#5966),#5993,.T.);
#5966 = FACE_BOUND('',#5967,.T.);
#5967 = EDGE_LOOP('',(#5968,#5977,#5985,#5992));
#5968 = ORIENTED_EDGE('',*,*,#5969,.F.);
#5969 = EDGE_CURVE('',#5970,#5970,#5972,.T.);
#5970 = VERTEX_POINT('',#5971);
#5971 = CARTESIAN_POINT('',(16.7655,-2.54,0.1));
#5972 = CIRCLE('',#5973,0.2555);
#5973 = AXIS2_PLACEMENT_3D('',#5974,#5975,#5976);
#5974 = CARTESIAN_POINT('',(16.51,-2.54,0.1));
#5975 = DIRECTION('',(0.,0.,1.));
#5976 = DIRECTION('',(1.,0.,-0.));
#5977 = ORIENTED_EDGE('',*,*,#5978,.F.);
#5978 = EDGE_CURVE('',#5979,#5970,#5981,.T.);
#5979 = VERTEX_POINT('',#5980);
#5980 = CARTESIAN_POINT('',(16.7655,-2.54,-5.));
#5981 = LINE('',#5982,#5983);
#5982 = CARTESIAN_POINT('',(16.7655,-2.54,-5.));
#5983 = VECTOR('',#5984,1.);
#5984 = DIRECTION('',(0.,0.,1.));
#5985 = ORIENTED_EDGE('',*,*,#5986,.T.);
#5986 = EDGE_CURVE('',#5979,#5979,#5987,.T.);
#5987 = CIRCLE('',#5988,0.2555);
#5988 = AXIS2_PLACEMENT_3D('',#5989,#5990,#5991);
#5989 = CARTESIAN_POINT('',(16.51,-2.54,-5.));
#5990 = DIRECTION('',(0.,0.,1.));
#5991 = DIRECTION('',(1.,0.,-0.));
#5992 = ORIENTED_EDGE('',*,*,#5978,.T.);
#5993 = CYLINDRICAL_SURFACE('',#5994,0.2555);
#5994 = AXIS2_PLACEMENT_3D('',#5995,#5996,#5997);
#5995 = CARTESIAN_POINT('',(16.51,-2.54,-5.));
#5996 = DIRECTION('',(0.,0.,1.));
#5997 = DIRECTION('',(1.,0.,-0.));
#5998 = ADVANCED_FACE('',(#5999),#6002,.T.);
#5999 = FACE_BOUND('',#6000,.T.);
#6000 = EDGE_LOOP('',(#6001));
#6001 = ORIENTED_EDGE('',*,*,#5969,.T.);
#6002 = PLANE('',#6003);
#6003 = AXIS2_PLACEMENT_3D('',#6004,#6005,#6006);
#6004 = CARTESIAN_POINT('',(16.51,-2.54,0.1));
#6005 = DIRECTION('',(0.,0.,1.));
#6006 = DIRECTION('',(1.,0.,-0.));
#6007 = ADVANCED_FACE('',(#6008),#6011,.F.);
#6008 = FACE_BOUND('',#6009,.T.);
#6009 = EDGE_LOOP('',(#6010));
#6010 = ORIENTED_EDGE('',*,*,#5986,.F.);
#6011 = PLANE('',#6012);
#6012 = AXIS2_PLACEMENT_3D('',#6013,#6014,#6015);
#6013 = CARTESIAN_POINT('',(16.51,-2.54,-5.));
#6014 = DIRECTION('',(0.,0.,1.));
#6015 = DIRECTION('',(1.,0.,-0.));
#6016 = ( GEOMETRIC_REPRESENTATION_CONTEXT(3) 
GLOBAL_UNCERTAINTY_ASSIGNED_CONTEXT((#6020)) 
GLOBAL_UNIT_ASSIGNED_CONTEXT((#6017,#6018,#6019)) REPRESENTATION_CONTEXT
('Context #1','3D Context with UNIT and UNCERTAINTY') );
#6017 = ( LENGTH_UNIT() NAMED_UNIT(*) SI_UNIT(.MILLI.,.METRE.) );
#6018 = ( NAMED_UNIT(*) PLANE_ANGLE_UNIT() SI_UNIT($,.RADIAN.) );
#6019 = ( NAMED_UNIT(*) SI_UNIT($,.STERADIAN.) SOLID_ANGLE_UNIT() );
#6020 = UNCERTAINTY_MEASURE_WITH_UNIT(LENGTH_MEASURE(1.E-07),#6017,
  'distance_accuracy_value','confusion accuracy');
#6021 = CONTEXT_DEPENDENT_SHAPE_REPRESENTATION(#6022,#6024);
#6022 = ( REPRESENTATION_RELATIONSHIP('','',#5962,#4467) 
REPRESENTATION_RELATIONSHIP_WITH_TRANSFORMATION(#6023) 
SHAPE_REPRESENTATION_RELATIONSHIP() );
#6023 = ITEM_DEFINED_TRANSFORMATION('','',#11,#4544);
#6024 = PRODUCT_DEFINITION_SHAPE('Placement','Placement of an item',
  #6025);
#6025 = NEXT_ASSEMBLY_USAGE_OCCURRENCE('23','Leads019','',#4462,#5957,$
  );
#6026 = PRODUCT_RELATED_PRODUCT_CATEGORY('part',$,(#5959));
#6027 = SHAPE_DEFINITION_REPRESENTATION(#6028,#6034);
#6028 = PRODUCT_DEFINITION_SHAPE('','',#6029);
#6029 = PRODUCT_DEFINITION('design','',#6030,#6033);
#6030 = PRODUCT_DEFINITION_FORMATION('','',#6031);
#6031 = PRODUCT('Leads020','Leads020','',(#6032));
#6032 = PRODUCT_CONTEXT('',#2,'mechanical');
#6033 = PRODUCT_DEFINITION_CONTEXT('part definition',#2,'design');
#6034 = ADVANCED_BREP_SHAPE_REPRESENTATION('',(#11,#6035),#6088);
#6035 = MANIFOLD_SOLID_BREP('',#6036);
#6036 = CLOSED_SHELL('',(#6037,#6070,#6079));
#6037 = ADVANCED_FACE('',(#6038),#6065,.T.);
#6038 = FACE_BOUND('',#6039,.T.);
#6039 = EDGE_LOOP('',(#6040,#6049,#6057,#6064));
#6040 = ORIENTED_EDGE('',*,*,#6041,.F.);
#6041 = EDGE_CURVE('',#6042,#6042,#6044,.T.);
#6042 = VERTEX_POINT('',#6043);
#6043 = CARTESIAN_POINT('',(19.3055,-2.54,0.1));
#6044 = CIRCLE('',#6045,0.2555);
#6045 = AXIS2_PLACEMENT_3D('',#6046,#6047,#6048);
#6046 = CARTESIAN_POINT('',(19.05,-2.54,0.1));
#6047 = DIRECTION('',(0.,0.,1.));
#6048 = DIRECTION('',(1.,0.,-0.));
#6049 = ORIENTED_EDGE('',*,*,#6050,.F.);
#6050 = EDGE_CURVE('',#6051,#6042,#6053,.T.);
#6051 = VERTEX_POINT('',#6052);
#6052 = CARTESIAN_POINT('',(19.3055,-2.54,-5.));
#6053 = LINE('',#6054,#6055);
#6054 = CARTESIAN_POINT('',(19.3055,-2.54,-5.));
#6055 = VECTOR('',#6056,1.);
#6056 = DIRECTION('',(0.,0.,1.));
#6057 = ORIENTED_EDGE('',*,*,#6058,.T.);
#6058 = EDGE_CURVE('',#6051,#6051,#6059,.T.);
#6059 = CIRCLE('',#6060,0.2555);
#6060 = AXIS2_PLACEMENT_3D('',#6061,#6062,#6063);
#6061 = CARTESIAN_POINT('',(19.05,-2.54,-5.));
#6062 = DIRECTION('',(0.,0.,1.));
#6063 = DIRECTION('',(1.,0.,-0.));
#6064 = ORIENTED_EDGE('',*,*,#6050,.T.);
#6065 = CYLINDRICAL_SURFACE('',#6066,0.2555);
#6066 = AXIS2_PLACEMENT_3D('',#6067,#6068,#6069);
#6067 = CARTESIAN_POINT('',(19.05,-2.54,-5.));
#6068 = DIRECTION('',(0.,0.,1.));
#6069 = DIRECTION('',(1.,0.,-0.));
#6070 = ADVANCED_FACE('',(#6071),#6074,.T.);
#6071 = FACE_BOUND('',#6072,.T.);
#6072 = EDGE_LOOP('',(#6073));
#6073 = ORIENTED_EDGE('',*,*,#6041,.T.);
#6074 = PLANE('',#6075);
#6075 = AXIS2_PLACEMENT_3D('',#6076,#6077,#6078);
#6076 = CARTESIAN_POINT('',(19.05,-2.54,0.1));
#6077 = DIRECTION('',(0.,0.,1.));
#6078 = DIRECTION('',(1.,0.,-0.));
#6079 = ADVANCED_FACE('',(#6080),#6083,.F.);
#6080 = FACE_BOUND('',#6081,.T.);
#6081 = EDGE_LOOP('',(#6082));
#6082 = ORIENTED_EDGE('',*,*,#6058,.F.);
#6083 = PLANE('',#6084);
#6084 = AXIS2_PLACEMENT_3D('',#6085,#6086,#6087);
#6085 = CARTESIAN_POINT('',(19.05,-2.54,-5.));
#6086 = DIRECTION('',(0.,0.,1.));
#6087 = DIRECTION('',(1.,0.,-0.));
#6088 = ( GEOMETRIC_REPRESENTATION_CONTEXT(3) 
GLOBAL_UNCERTAINTY_ASSIGNED_CONTEXT((#6092)) 
GLOBAL_UNIT_ASSIGNED_CONTEXT((#6089,#6090,#6091)) REPRESENTATION_CONTEXT
('Context #1','3D Context with UNIT and UNCERTAINTY') );
#6089 = ( LENGTH_UNIT() NAMED_UNIT(*) SI_UNIT(.MILLI.,.METRE.) );
#6090 = ( NAMED_UNIT(*) PLANE_ANGLE_UNIT() SI_UNIT($,.RADIAN.) );
#6091 = ( NAMED_UNIT(*) SI_UNIT($,.STERADIAN.) SOLID_ANGLE_UNIT() );
#6092 = UNCERTAINTY_MEASURE_WITH_UNIT(LENGTH_MEASURE(1.E-07),#6089,
  'distance_accuracy_value','confusion accuracy');
#6093 = CONTEXT_DEPENDENT_SHAPE_REPRESENTATION(#6094,#6096);
#6094 = ( REPRESENTATION_RELATIONSHIP('','',#6034,#4467) 
REPRESENTATION_RELATIONSHIP_WITH_TRANSFORMATION(#6095) 
SHAPE_REPRESENTATION_RELATIONSHIP() );
#6095 = ITEM_DEFINED_TRANSFORMATION('','',#11,#4548);
#6096 = PRODUCT_DEFINITION_SHAPE('Placement','Placement of an item',
  #6097);
#6097 = NEXT_ASSEMBLY_USAGE_OCCURRENCE('24','Leads020','',#4462,#6029,$
  );
#6098 = PRODUCT_RELATED_PRODUCT_CATEGORY('part',$,(#6031));
#6099 = SHAPE_DEFINITION_REPRESENTATION(#6100,#6106);
#6100 = PRODUCT_DEFINITION_SHAPE('','',#6101);
#6101 = PRODUCT_DEFINITION('design','',#6102,#6105);
#6102 = PRODUCT_DEFINITION_FORMATION('','',#6103);
#6103 = PRODUCT('Leads021','Leads021','',(#6104));
#6104 = PRODUCT_CONTEXT('',#2,'mechanical');
#6105 = PRODUCT_DEFINITION_CONTEXT('part definition',#2,'design');
#6106 = ADVANCED_BREP_SHAPE_REPRESENTATION('',(#11,#6107),#6160);
#6107 = MANIFOLD_SOLID_BREP('',#6108);
#6108 = CLOSED_SHELL('',(#6109,#6142,#6151));
#6109 = ADVANCED_FACE('',(#6110),#6137,.T.);
#6110 = FACE_BOUND('',#6111,.T.);
#6111 = EDGE_LOOP('',(#6112,#6121,#6129,#6136));
#6112 = ORIENTED_EDGE('',*,*,#6113,.F.);
#6113 = EDGE_CURVE('',#6114,#6114,#6116,.T.);
#6114 = VERTEX_POINT('',#6115);
#6115 = CARTESIAN_POINT('',(21.8455,-2.54,0.1));
#6116 = CIRCLE('',#6117,0.2555);
#6117 = AXIS2_PLACEMENT_3D('',#6118,#6119,#6120);
#6118 = CARTESIAN_POINT('',(21.59,-2.54,0.1));
#6119 = DIRECTION('',(0.,0.,1.));
#6120 = DIRECTION('',(1.,0.,-0.));
#6121 = ORIENTED_EDGE('',*,*,#6122,.F.);
#6122 = EDGE_CURVE('',#6123,#6114,#6125,.T.);
#6123 = VERTEX_POINT('',#6124);
#6124 = CARTESIAN_POINT('',(21.8455,-2.54,-5.));
#6125 = LINE('',#6126,#6127);
#6126 = CARTESIAN_POINT('',(21.8455,-2.54,-5.));
#6127 = VECTOR('',#6128,1.);
#6128 = DIRECTION('',(0.,0.,1.));
#6129 = ORIENTED_EDGE('',*,*,#6130,.T.);
#6130 = EDGE_CURVE('',#6123,#6123,#6131,.T.);
#6131 = CIRCLE('',#6132,0.2555);
#6132 = AXIS2_PLACEMENT_3D('',#6133,#6134,#6135);
#6133 = CARTESIAN_POINT('',(21.59,-2.54,-5.));
#6134 = DIRECTION('',(0.,0.,1.));
#6135 = DIRECTION('',(1.,0.,-0.));
#6136 = ORIENTED_EDGE('',*,*,#6122,.T.);
#6137 = CYLINDRICAL_SURFACE('',#6138,0.2555);
#6138 = AXIS2_PLACEMENT_3D('',#6139,#6140,#6141);
#6139 = CARTESIAN_POINT('',(21.59,-2.54,-5.));
#6140 = DIRECTION('',(0.,0.,1.));
#6141 = DIRECTION('',(1.,0.,-0.));
#6142 = ADVANCED_FACE('',(#6143),#6146,.T.);
#6143 = FACE_BOUND('',#6144,.T.);
#6144 = EDGE_LOOP('',(#6145));
#6145 = ORIENTED_EDGE('',*,*,#6113,.T.);
#6146 = PLANE('',#6147);
#6147 = AXIS2_PLACEMENT_3D('',#6148,#6149,#6150);
#6148 = CARTESIAN_POINT('',(21.59,-2.54,0.1));
#6149 = DIRECTION('',(0.,0.,1.));
#6150 = DIRECTION('',(1.,0.,-0.));
#6151 = ADVANCED_FACE('',(#6152),#6155,.F.);
#6152 = FACE_BOUND('',#6153,.T.);
#6153 = EDGE_LOOP('',(#6154));
#6154 = ORIENTED_EDGE('',*,*,#6130,.F.);
#6155 = PLANE('',#6156);
#6156 = AXIS2_PLACEMENT_3D('',#6157,#6158,#6159);
#6157 = CARTESIAN_POINT('',(21.59,-2.54,-5.));
#6158 = DIRECTION('',(0.,0.,1.));
#6159 = DIRECTION('',(1.,0.,-0.));
#6160 = ( GEOMETRIC_REPRESENTATION_CONTEXT(3) 
GLOBAL_UNCERTAINTY_ASSIGNED_CONTEXT((#6164)) 
GLOBAL_UNIT_ASSIGNED_CONTEXT((#6161,#6162,#6163)) REPRESENTATION_CONTEXT
('Context #1','3D Context with UNIT and UNCERTAINTY') );
#6161 = ( LENGTH_UNIT() NAMED_UNIT(*) SI_UNIT(.MILLI.,.METRE.) );
#6162 = ( NAMED_UNIT(*) PLANE_ANGLE_UNIT() SI_UNIT($,.RADIAN.) );
#6163 = ( NAMED_UNIT(*) SI_UNIT($,.STERADIAN.) SOLID_ANGLE_UNIT() );
#6164 = UNCERTAINTY_MEASURE_WITH_UNIT(LENGTH_MEASURE(1.E-07),#6161,
  'distance_accuracy_value','confusion accuracy');
#6165 = CONTEXT_DEPENDENT_SHAPE_REPRESENTATION(#6166,#6168);
#6166 = ( REPRESENTATION_RELATIONSHIP('','',#6106,#4467) 
REPRESENTATION_RELATIONSHIP_WITH_TRANSFORMATION(#6167) 
SHAPE_REPRESENTATION_RELATIONSHIP() );
#6167 = ITEM_DEFINED_TRANSFORMATION('','',#11,#4552);
#6168 = PRODUCT_DEFINITION_SHAPE('Placement','Placement of an item',
  #6169);
#6169 = NEXT_ASSEMBLY_USAGE_OCCURRENCE('25','Leads021','',#4462,#6101,$
  );
#6170 = PRODUCT_RELATED_PRODUCT_CATEGORY('part',$,(#6103));
#6171 = SHAPE_DEFINITION_REPRESENTATION(#6172,#6178);
#6172 = PRODUCT_DEFINITION_SHAPE('','',#6173);
#6173 = PRODUCT_DEFINITION('design','',#6174,#6177);
#6174 = PRODUCT_DEFINITION_FORMATION('','',#6175);
#6175 = PRODUCT('Leads022','Leads022','',(#6176));
#6176 = PRODUCT_CONTEXT('',#2,'mechanical');
#6177 = PRODUCT_DEFINITION_CONTEXT('part definition',#2,'design');
#6178 = ADVANCED_BREP_SHAPE_REPRESENTATION('',(#11,#6179),#6232);
#6179 = MANIFOLD_SOLID_BREP('',#6180);
#6180 = CLOSED_SHELL('',(#6181,#6214,#6223));
#6181 = ADVANCED_FACE('',(#6182),#6209,.T.);
#6182 = FACE_BOUND('',#6183,.T.);
#6183 = EDGE_LOOP('',(#6184,#6193,#6201,#6208));
#6184 = ORIENTED_EDGE('',*,*,#6185,.F.);
#6185 = EDGE_CURVE('',#6186,#6186,#6188,.T.);
#6186 = VERTEX_POINT('',#6187);
#6187 = CARTESIAN_POINT('',(24.3855,-2.54,0.1));
#6188 = CIRCLE('',#6189,0.2555);
#6189 = AXIS2_PLACEMENT_3D('',#6190,#6191,#6192);
#6190 = CARTESIAN_POINT('',(24.13,-2.54,0.1));
#6191 = DIRECTION('',(0.,0.,1.));
#6192 = DIRECTION('',(1.,0.,-0.));
#6193 = ORIENTED_EDGE('',*,*,#6194,.F.);
#6194 = EDGE_CURVE('',#6195,#6186,#6197,.T.);
#6195 = VERTEX_POINT('',#6196);
#6196 = CARTESIAN_POINT('',(24.3855,-2.54,-5.));
#6197 = LINE('',#6198,#6199);
#6198 = CARTESIAN_POINT('',(24.3855,-2.54,-5.));
#6199 = VECTOR('',#6200,1.);
#6200 = DIRECTION('',(0.,0.,1.));
#6201 = ORIENTED_EDGE('',*,*,#6202,.T.);
#6202 = EDGE_CURVE('',#6195,#6195,#6203,.T.);
#6203 = CIRCLE('',#6204,0.2555);
#6204 = AXIS2_PLACEMENT_3D('',#6205,#6206,#6207);
#6205 = CARTESIAN_POINT('',(24.13,-2.54,-5.));
#6206 = DIRECTION('',(0.,0.,1.));
#6207 = DIRECTION('',(1.,0.,-0.));
#6208 = ORIENTED_EDGE('',*,*,#6194,.T.);
#6209 = CYLINDRICAL_SURFACE('',#6210,0.2555);
#6210 = AXIS2_PLACEMENT_3D('',#6211,#6212,#6213);
#6211 = CARTESIAN_POINT('',(24.13,-2.54,-5.));
#6212 = DIRECTION('',(0.,0.,1.));
#6213 = DIRECTION('',(1.,0.,-0.));
#6214 = ADVANCED_FACE('',(#6215),#6218,.T.);
#6215 = FACE_BOUND('',#6216,.T.);
#6216 = EDGE_LOOP('',(#6217));
#6217 = ORIENTED_EDGE('',*,*,#6185,.T.);
#6218 = PLANE('',#6219);
#6219 = AXIS2_PLACEMENT_3D('',#6220,#6221,#6222);
#6220 = CARTESIAN_POINT('',(24.13,-2.54,0.1));
#6221 = DIRECTION('',(0.,0.,1.));
#6222 = DIRECTION('',(1.,0.,-0.));
#6223 = ADVANCED_FACE('',(#6224),#6227,.F.);
#6224 = FACE_BOUND('',#6225,.T.);
#6225 = EDGE_LOOP('',(#6226));
#6226 = ORIENTED_EDGE('',*,*,#6202,.F.);
#6227 = PLANE('',#6228);
#6228 = AXIS2_PLACEMENT_3D('',#6229,#6230,#6231);
#6229 = CARTESIAN_POINT('',(24.13,-2.54,-5.));
#6230 = DIRECTION('',(0.,0.,1.));
#6231 = DIRECTION('',(1.,0.,-0.));
#6232 = ( GEOMETRIC_REPRESENTATION_CONTEXT(3) 
GLOBAL_UNCERTAINTY_ASSIGNED_CONTEXT((#6236)) 
GLOBAL_UNIT_ASSIGNED_CONTEXT((#6233,#6234,#6235)) REPRESENTATION_CONTEXT
('Context #1','3D Context with UNIT and UNCERTAINTY') );
#6233 = ( LENGTH_UNIT() NAMED_UNIT(*) SI_UNIT(.MILLI.,.METRE.) );
#6234 = ( NAMED_UNIT(*) PLANE_ANGLE_UNIT() SI_UNIT($,.RADIAN.) );
#6235 = ( NAMED_UNIT(*) SI_UNIT($,.STERADIAN.) SOLID_ANGLE_UNIT() );
#6236 = UNCERTAINTY_MEASURE_WITH_UNIT(LENGTH_MEASURE(1.E-07),#6233,
  'distance_accuracy_value','confusion accuracy');
#6237 = CONTEXT_DEPENDENT_SHAPE_REPRESENTATION(#6238,#6240);
#6238 = ( REPRESENTATION_RELATIONSHIP('','',#6178,#4467) 
REPRESENTATION_RELATIONSHIP_WITH_TRANSFORMATION(#6239) 
SHAPE_REPRESENTATION_RELATIONSHIP() );
#6239 = ITEM_DEFINED_TRANSFORMATION('','',#11,#4556);
#6240 = PRODUCT_DEFINITION_SHAPE('Placement','Placement of an item',
  #6241);
#6241 = NEXT_ASSEMBLY_USAGE_OCCURRENCE('26','Leads022','',#4462,#6173,$
  );
#6242 = PRODUCT_RELATED_PRODUCT_CATEGORY('part',$,(#6175));
#6243 = SHAPE_DEFINITION_REPRESENTATION(#6244,#6250);
#6244 = PRODUCT_DEFINITION_SHAPE('','',#6245);
#6245 = PRODUCT_DEFINITION('design','',#6246,#6249);
#6246 = PRODUCT_DEFINITION_FORMATION('','',#6247);
#6247 = PRODUCT('Leads023','Leads023','',(#6248));
#6248 = PRODUCT_CONTEXT('',#2,'mechanical');
#6249 = PRODUCT_DEFINITION_CONTEXT('part definition',#2,'design');
#6250 = ADVANCED_BREP_SHAPE_REPRESENTATION('',(#11,#6251),#6304);
#6251 = MANIFOLD_SOLID_BREP('',#6252);
#6252 = CLOSED_SHELL('',(#6253,#6286,#6295));
#6253 = ADVANCED_FACE('',(#6254),#6281,.T.);
#6254 = FACE_BOUND('',#6255,.T.);
#6255 = EDGE_LOOP('',(#6256,#6265,#6273,#6280));
#6256 = ORIENTED_EDGE('',*,*,#6257,.F.);
#6257 = EDGE_CURVE('',#6258,#6258,#6260,.T.);
#6258 = VERTEX_POINT('',#6259);
#6259 = CARTESIAN_POINT('',(26.9255,-2.54,0.1));
#6260 = CIRCLE('',#6261,0.2555);
#6261 = AXIS2_PLACEMENT_3D('',#6262,#6263,#6264);
#6262 = CARTESIAN_POINT('',(26.67,-2.54,0.1));
#6263 = DIRECTION('',(0.,0.,1.));
#6264 = DIRECTION('',(1.,0.,-0.));
#6265 = ORIENTED_EDGE('',*,*,#6266,.F.);
#6266 = EDGE_CURVE('',#6267,#6258,#6269,.T.);
#6267 = VERTEX_POINT('',#6268);
#6268 = CARTESIAN_POINT('',(26.9255,-2.54,-5.));
#6269 = LINE('',#6270,#6271);
#6270 = CARTESIAN_POINT('',(26.9255,-2.54,-5.));
#6271 = VECTOR('',#6272,1.);
#6272 = DIRECTION('',(0.,0.,1.));
#6273 = ORIENTED_EDGE('',*,*,#6274,.T.);
#6274 = EDGE_CURVE('',#6267,#6267,#6275,.T.);
#6275 = CIRCLE('',#6276,0.2555);
#6276 = AXIS2_PLACEMENT_3D('',#6277,#6278,#6279);
#6277 = CARTESIAN_POINT('',(26.67,-2.54,-5.));
#6278 = DIRECTION('',(0.,0.,1.));
#6279 = DIRECTION('',(1.,0.,-0.));
#6280 = ORIENTED_EDGE('',*,*,#6266,.T.);
#6281 = CYLINDRICAL_SURFACE('',#6282,0.2555);
#6282 = AXIS2_PLACEMENT_3D('',#6283,#6284,#6285);
#6283 = CARTESIAN_POINT('',(26.67,-2.54,-5.));
#6284 = DIRECTION('',(0.,0.,1.));
#6285 = DIRECTION('',(1.,0.,-0.));
#6286 = ADVANCED_FACE('',(#6287),#6290,.T.);
#6287 = FACE_BOUND('',#6288,.T.);
#6288 = EDGE_LOOP('',(#6289));
#6289 = ORIENTED_EDGE('',*,*,#6257,.T.);
#6290 = PLANE('',#6291);
#6291 = AXIS2_PLACEMENT_3D('',#6292,#6293,#6294);
#6292 = CARTESIAN_POINT('',(26.67,-2.54,0.1));
#6293 = DIRECTION('',(0.,0.,1.));
#6294 = DIRECTION('',(1.,0.,-0.));
#6295 = ADVANCED_FACE('',(#6296),#6299,.F.);
#6296 = FACE_BOUND('',#6297,.T.);
#6297 = EDGE_LOOP('',(#6298));
#6298 = ORIENTED_EDGE('',*,*,#6274,.F.);
#6299 = PLANE('',#6300);
#6300 = AXIS2_PLACEMENT_3D('',#6301,#6302,#6303);
#6301 = CARTESIAN_POINT('',(26.67,-2.54,-5.));
#6302 = DIRECTION('',(0.,0.,1.));
#6303 = DIRECTION('',(1.,0.,-0.));
#6304 = ( GEOMETRIC_REPRESENTATION_CONTEXT(3) 
GLOBAL_UNCERTAINTY_ASSIGNED_CONTEXT((#6308)) 
GLOBAL_UNIT_ASSIGNED_CONTEXT((#6305,#6306,#6307)) REPRESENTATION_CONTEXT
('Context #1','3D Context with UNIT and UNCERTAINTY') );
#6305 = ( LENGTH_UNIT() NAMED_UNIT(*) SI_UNIT(.MILLI.,.METRE.) );
#6306 = ( NAMED_UNIT(*) PLANE_ANGLE_UNIT() SI_UNIT($,.RADIAN.) );
#6307 = ( NAMED_UNIT(*) SI_UNIT($,.STERADIAN.) SOLID_ANGLE_UNIT() );
#6308 = UNCERTAINTY_MEASURE_WITH_UNIT(LENGTH_MEASURE(1.E-07),#6305,
  'distance_accuracy_value','confusion accuracy');
#6309 = CONTEXT_DEPENDENT_SHAPE_REPRESENTATION(#6310,#6312);
#6310 = ( REPRESENTATION_RELATIONSHIP('','',#6250,#4467) 
REPRESENTATION_RELATIONSHIP_WITH_TRANSFORMATION(#6311) 
SHAPE_REPRESENTATION_RELATIONSHIP() );
#6311 = ITEM_DEFINED_TRANSFORMATION('','',#11,#4560);
#6312 = PRODUCT_DEFINITION_SHAPE('Placement','Placement of an item',
  #6313);
#6313 = NEXT_ASSEMBLY_USAGE_OCCURRENCE('27','Leads023','',#4462,#6245,$
  );
#6314 = PRODUCT_RELATED_PRODUCT_CATEGORY('part',$,(#6247));
#6315 = SHAPE_DEFINITION_REPRESENTATION(#6316,#6322);
#6316 = PRODUCT_DEFINITION_SHAPE('','',#6317);
#6317 = PRODUCT_DEFINITION('design','',#6318,#6321);
#6318 = PRODUCT_DEFINITION_FORMATION('','',#6319);
#6319 = PRODUCT('Leads024','Leads024','',(#6320));
#6320 = PRODUCT_CONTEXT('',#2,'mechanical');
#6321 = PRODUCT_DEFINITION_CONTEXT('part definition',#2,'design');
#6322 = ADVANCED_BREP_SHAPE_REPRESENTATION('',(#11,#6323),#6376);
#6323 = MANIFOLD_SOLID_BREP('',#6324);
#6324 = CLOSED_SHELL('',(#6325,#6358,#6367));
#6325 = ADVANCED_FACE('',(#6326),#6353,.T.);
#6326 = FACE_BOUND('',#6327,.T.);
#6327 = EDGE_LOOP('',(#6328,#6337,#6345,#6352));
#6328 = ORIENTED_EDGE('',*,*,#6329,.F.);
#6329 = EDGE_CURVE('',#6330,#6330,#6332,.T.);
#6330 = VERTEX_POINT('',#6331);
#6331 = CARTESIAN_POINT('',(29.4655,-2.54,0.1));
#6332 = CIRCLE('',#6333,0.2555);
#6333 = AXIS2_PLACEMENT_3D('',#6334,#6335,#6336);
#6334 = CARTESIAN_POINT('',(29.21,-2.54,0.1));
#6335 = DIRECTION('',(0.,0.,1.));
#6336 = DIRECTION('',(1.,0.,-0.));
#6337 = ORIENTED_EDGE('',*,*,#6338,.F.);
#6338 = EDGE_CURVE('',#6339,#6330,#6341,.T.);
#6339 = VERTEX_POINT('',#6340);
#6340 = CARTESIAN_POINT('',(29.4655,-2.54,-5.));
#6341 = LINE('',#6342,#6343);
#6342 = CARTESIAN_POINT('',(29.4655,-2.54,-5.));
#6343 = VECTOR('',#6344,1.);
#6344 = DIRECTION('',(0.,0.,1.));
#6345 = ORIENTED_EDGE('',*,*,#6346,.T.);
#6346 = EDGE_CURVE('',#6339,#6339,#6347,.T.);
#6347 = CIRCLE('',#6348,0.2555);
#6348 = AXIS2_PLACEMENT_3D('',#6349,#6350,#6351);
#6349 = CARTESIAN_POINT('',(29.21,-2.54,-5.));
#6350 = DIRECTION('',(0.,0.,1.));
#6351 = DIRECTION('',(1.,0.,-0.));
#6352 = ORIENTED_EDGE('',*,*,#6338,.T.);
#6353 = CYLINDRICAL_SURFACE('',#6354,0.2555);
#6354 = AXIS2_PLACEMENT_3D('',#6355,#6356,#6357);
#6355 = CARTESIAN_POINT('',(29.21,-2.54,-5.));
#6356 = DIRECTION('',(0.,0.,1.));
#6357 = DIRECTION('',(1.,0.,-0.));
#6358 = ADVANCED_FACE('',(#6359),#6362,.T.);
#6359 = FACE_BOUND('',#6360,.T.);
#6360 = EDGE_LOOP('',(#6361));
#6361 = ORIENTED_EDGE('',*,*,#6329,.T.);
#6362 = PLANE('',#6363);
#6363 = AXIS2_PLACEMENT_3D('',#6364,#6365,#6366);
#6364 = CARTESIAN_POINT('',(29.21,-2.54,0.1));
#6365 = DIRECTION('',(0.,0.,1.));
#6366 = DIRECTION('',(1.,0.,-0.));
#6367 = ADVANCED_FACE('',(#6368),#6371,.F.);
#6368 = FACE_BOUND('',#6369,.T.);
#6369 = EDGE_LOOP('',(#6370));
#6370 = ORIENTED_EDGE('',*,*,#6346,.F.);
#6371 = PLANE('',#6372);
#6372 = AXIS2_PLACEMENT_3D('',#6373,#6374,#6375);
#6373 = CARTESIAN_POINT('',(29.21,-2.54,-5.));
#6374 = DIRECTION('',(0.,0.,1.));
#6375 = DIRECTION('',(1.,0.,-0.));
#6376 = ( GEOMETRIC_REPRESENTATION_CONTEXT(3) 
GLOBAL_UNCERTAINTY_ASSIGNED_CONTEXT((#6380)) 
GLOBAL_UNIT_ASSIGNED_CONTEXT((#6377,#6378,#6379)) REPRESENTATION_CONTEXT
('Context #1','3D Context with UNIT and UNCERTAINTY') );
#6377 = ( LENGTH_UNIT() NAMED_UNIT(*) SI_UNIT(.MILLI.,.METRE.) );
#6378 = ( NAMED_UNIT(*) PLANE_ANGLE_UNIT() SI_UNIT($,.RADIAN.) );
#6379 = ( NAMED_UNIT(*) SI_UNIT($,.STERADIAN.) SOLID_ANGLE_UNIT() );
#6380 = UNCERTAINTY_MEASURE_WITH_UNIT(LENGTH_MEASURE(1.E-07),#6377,
  'distance_accuracy_value','confusion accuracy');
#6381 = CONTEXT_DEPENDENT_SHAPE_REPRESENTATION(#6382,#6384);
#6382 = ( REPRESENTATION_RELATIONSHIP('','',#6322,#4467) 
REPRESENTATION_RELATIONSHIP_WITH_TRANSFORMATION(#6383) 
SHAPE_REPRESENTATION_RELATIONSHIP() );
#6383 = ITEM_DEFINED_TRANSFORMATION('','',#11,#4564);
#6384 = PRODUCT_DEFINITION_SHAPE('Placement','Placement of an item',
  #6385);
#6385 = NEXT_ASSEMBLY_USAGE_OCCURRENCE('28','Leads024','',#4462,#6317,$
  );
#6386 = PRODUCT_RELATED_PRODUCT_CATEGORY('part',$,(#6319));
#6387 = SHAPE_DEFINITION_REPRESENTATION(#6388,#6394);
#6388 = PRODUCT_DEFINITION_SHAPE('','',#6389);
#6389 = PRODUCT_DEFINITION('design','',#6390,#6393);
#6390 = PRODUCT_DEFINITION_FORMATION('','',#6391);
#6391 = PRODUCT('Leads025','Leads025','',(#6392));
#6392 = PRODUCT_CONTEXT('',#2,'mechanical');
#6393 = PRODUCT_DEFINITION_CONTEXT('part definition',#2,'design');
#6394 = ADVANCED_BREP_SHAPE_REPRESENTATION('',(#11,#6395),#6448);
#6395 = MANIFOLD_SOLID_BREP('',#6396);
#6396 = CLOSED_SHELL('',(#6397,#6430,#6439));
#6397 = ADVANCED_FACE('',(#6398),#6425,.T.);
#6398 = FACE_BOUND('',#6399,.T.);
#6399 = EDGE_LOOP('',(#6400,#6409,#6417,#6424));
#6400 = ORIENTED_EDGE('',*,*,#6401,.F.);
#6401 = EDGE_CURVE('',#6402,#6402,#6404,.T.);
#6402 = VERTEX_POINT('',#6403);
#6403 = CARTESIAN_POINT('',(-2.59,-1.27,0.1));
#6404 = CIRCLE('',#6405,1.22);
#6405 = AXIS2_PLACEMENT_3D('',#6406,#6407,#6408);
#6406 = CARTESIAN_POINT('',(-3.81,-1.27,0.1));
#6407 = DIRECTION('',(0.,0.,1.));
#6408 = DIRECTION('',(1.,0.,-0.));
#6409 = ORIENTED_EDGE('',*,*,#6410,.F.);
#6410 = EDGE_CURVE('',#6411,#6402,#6413,.T.);
#6411 = VERTEX_POINT('',#6412);
#6412 = CARTESIAN_POINT('',(-2.59,-1.27,-5.));
#6413 = LINE('',#6414,#6415);
#6414 = CARTESIAN_POINT('',(-2.59,-1.27,-5.));
#6415 = VECTOR('',#6416,1.);
#6416 = DIRECTION('',(0.,0.,1.));
#6417 = ORIENTED_EDGE('',*,*,#6418,.T.);
#6418 = EDGE_CURVE('',#6411,#6411,#6419,.T.);
#6419 = CIRCLE('',#6420,1.22);
#6420 = AXIS2_PLACEMENT_3D('',#6421,#6422,#6423);
#6421 = CARTESIAN_POINT('',(-3.81,-1.27,-5.));
#6422 = DIRECTION('',(0.,0.,1.));
#6423 = DIRECTION('',(1.,0.,-0.));
#6424 = ORIENTED_EDGE('',*,*,#6410,.T.);
#6425 = CYLINDRICAL_SURFACE('',#6426,1.22);
#6426 = AXIS2_PLACEMENT_3D('',#6427,#6428,#6429);
#6427 = CARTESIAN_POINT('',(-3.81,-1.27,-5.));
#6428 = DIRECTION('',(0.,0.,1.));
#6429 = DIRECTION('',(1.,0.,-0.));
#6430 = ADVANCED_FACE('',(#6431),#6434,.T.);
#6431 = FACE_BOUND('',#6432,.T.);
#6432 = EDGE_LOOP('',(#6433));
#6433 = ORIENTED_EDGE('',*,*,#6401,.T.);
#6434 = PLANE('',#6435);
#6435 = AXIS2_PLACEMENT_3D('',#6436,#6437,#6438);
#6436 = CARTESIAN_POINT('',(-3.81,-1.27,0.1));
#6437 = DIRECTION('',(0.,0.,1.));
#6438 = DIRECTION('',(1.,0.,-0.));
#6439 = ADVANCED_FACE('',(#6440),#6443,.F.);
#6440 = FACE_BOUND('',#6441,.T.);
#6441 = EDGE_LOOP('',(#6442));
#6442 = ORIENTED_EDGE('',*,*,#6418,.F.);
#6443 = PLANE('',#6444);
#6444 = AXIS2_PLACEMENT_3D('',#6445,#6446,#6447);
#6445 = CARTESIAN_POINT('',(-3.81,-1.27,-5.));
#6446 = DIRECTION('',(0.,0.,1.));
#6447 = DIRECTION('',(1.,0.,-0.));
#6448 = ( GEOMETRIC_REPRESENTATION_CONTEXT(3) 
GLOBAL_UNCERTAINTY_ASSIGNED_CONTEXT((#6452)) 
GLOBAL_UNIT_ASSIGNED_CONTEXT((#6449,#6450,#6451)) REPRESENTATION_CONTEXT
('Context #1','3D Context with UNIT and UNCERTAINTY') );
#6449 = ( LENGTH_UNIT() NAMED_UNIT(*) SI_UNIT(.MILLI.,.METRE.) );
#6450 = ( NAMED_UNIT(*) PLANE_ANGLE_UNIT() SI_UNIT($,.RADIAN.) );
#6451 = ( NAMED_UNIT(*) SI_UNIT($,.STERADIAN.) SOLID_ANGLE_UNIT() );
#6452 = UNCERTAINTY_MEASURE_WITH_UNIT(LENGTH_MEASURE(1.E-07),#6449,
  'distance_accuracy_value','confusion accuracy');
#6453 = CONTEXT_DEPENDENT_SHAPE_REPRESENTATION(#6454,#6456);
#6454 = ( REPRESENTATION_RELATIONSHIP('','',#6394,#4467) 
REPRESENTATION_RELATIONSHIP_WITH_TRANSFORMATION(#6455) 
SHAPE_REPRESENTATION_RELATIONSHIP() );
#6455 = ITEM_DEFINED_TRANSFORMATION('','',#11,#4568);
#6456 = PRODUCT_DEFINITION_SHAPE('Placement','Placement of an item',
  #6457);
#6457 = NEXT_ASSEMBLY_USAGE_OCCURRENCE('29','Leads025','',#4462,#6389,$
  );
#6458 = PRODUCT_RELATED_PRODUCT_CATEGORY('part',$,(#6391));
#6459 = SHAPE_DEFINITION_REPRESENTATION(#6460,#6466);
#6460 = PRODUCT_DEFINITION_SHAPE('','',#6461);
#6461 = PRODUCT_DEFINITION('design','',#6462,#6465);
#6462 = PRODUCT_DEFINITION_FORMATION('','',#6463);
#6463 = PRODUCT('Leads026','Leads026','',(#6464));
#6464 = PRODUCT_CONTEXT('',#2,'mechanical');
#6465 = PRODUCT_DEFINITION_CONTEXT('part definition',#2,'design');
#6466 = ADVANCED_BREP_SHAPE_REPRESENTATION('',(#11,#6467),#6520);
#6467 = MANIFOLD_SOLID_BREP('',#6468);
#6468 = CLOSED_SHELL('',(#6469,#6502,#6511));
#6469 = ADVANCED_FACE('',(#6470),#6497,.T.);
#6470 = FACE_BOUND('',#6471,.T.);
#6471 = EDGE_LOOP('',(#6472,#6481,#6489,#6496));
#6472 = ORIENTED_EDGE('',*,*,#6473,.F.);
#6473 = EDGE_CURVE('',#6474,#6474,#6476,.T.);
#6474 = VERTEX_POINT('',#6475);
#6475 = CARTESIAN_POINT('',(35.51,-1.27,0.1));
#6476 = CIRCLE('',#6477,1.22);
#6477 = AXIS2_PLACEMENT_3D('',#6478,#6479,#6480);
#6478 = CARTESIAN_POINT('',(34.29,-1.27,0.1));
#6479 = DIRECTION('',(0.,0.,1.));
#6480 = DIRECTION('',(1.,0.,-0.));
#6481 = ORIENTED_EDGE('',*,*,#6482,.F.);
#6482 = EDGE_CURVE('',#6483,#6474,#6485,.T.);
#6483 = VERTEX_POINT('',#6484);
#6484 = CARTESIAN_POINT('',(35.51,-1.27,-5.));
#6485 = LINE('',#6486,#6487);
#6486 = CARTESIAN_POINT('',(35.51,-1.27,-5.));
#6487 = VECTOR('',#6488,1.);
#6488 = DIRECTION('',(0.,0.,1.));
#6489 = ORIENTED_EDGE('',*,*,#6490,.T.);
#6490 = EDGE_CURVE('',#6483,#6483,#6491,.T.);
#6491 = CIRCLE('',#6492,1.22);
#6492 = AXIS2_PLACEMENT_3D('',#6493,#6494,#6495);
#6493 = CARTESIAN_POINT('',(34.29,-1.27,-5.));
#6494 = DIRECTION('',(0.,0.,1.));
#6495 = DIRECTION('',(1.,0.,-0.));
#6496 = ORIENTED_EDGE('',*,*,#6482,.T.);
#6497 = CYLINDRICAL_SURFACE('',#6498,1.22);
#6498 = AXIS2_PLACEMENT_3D('',#6499,#6500,#6501);
#6499 = CARTESIAN_POINT('',(34.29,-1.27,-5.));
#6500 = DIRECTION('',(0.,0.,1.));
#6501 = DIRECTION('',(1.,0.,-0.));
#6502 = ADVANCED_FACE('',(#6503),#6506,.T.);
#6503 = FACE_BOUND('',#6504,.T.);
#6504 = EDGE_LOOP('',(#6505));
#6505 = ORIENTED_EDGE('',*,*,#6473,.T.);
#6506 = PLANE('',#6507);
#6507 = AXIS2_PLACEMENT_3D('',#6508,#6509,#6510);
#6508 = CARTESIAN_POINT('',(34.29,-1.27,0.1));
#6509 = DIRECTION('',(0.,0.,1.));
#6510 = DIRECTION('',(1.,0.,-0.));
#6511 = ADVANCED_FACE('',(#6512),#6515,.F.);
#6512 = FACE_BOUND('',#6513,.T.);
#6513 = EDGE_LOOP('',(#6514));
#6514 = ORIENTED_EDGE('',*,*,#6490,.F.);
#6515 = PLANE('',#6516);
#6516 = AXIS2_PLACEMENT_3D('',#6517,#6518,#6519);
#6517 = CARTESIAN_POINT('',(34.29,-1.27,-5.));
#6518 = DIRECTION('',(0.,0.,1.));
#6519 = DIRECTION('',(1.,0.,-0.));
#6520 = ( GEOMETRIC_REPRESENTATION_CONTEXT(3) 
GLOBAL_UNCERTAINTY_ASSIGNED_CONTEXT((#6524)) 
GLOBAL_UNIT_ASSIGNED_CONTEXT((#6521,#6522,#6523)) REPRESENTATION_CONTEXT
('Context #1','3D Context with UNIT and UNCERTAINTY') );
#6521 = ( LENGTH_UNIT() NAMED_UNIT(*) SI_UNIT(.MILLI.,.METRE.) );
#6522 = ( NAMED_UNIT(*) PLANE_ANGLE_UNIT() SI_UNIT($,.RADIAN.) );
#6523 = ( NAMED_UNIT(*) SI_UNIT($,.STERADIAN.) SOLID_ANGLE_UNIT() );
#6524 = UNCERTAINTY_MEASURE_WITH_UNIT(LENGTH_MEASURE(1.E-07),#6521,
  'distance_accuracy_value','confusion accuracy');
#6525 = CONTEXT_DEPENDENT_SHAPE_REPRESENTATION(#6526,#6528);
#6526 = ( REPRESENTATION_RELATIONSHIP('','',#6466,#4467) 
REPRESENTATION_RELATIONSHIP_WITH_TRANSFORMATION(#6527) 
SHAPE_REPRESENTATION_RELATIONSHIP() );
#6527 = ITEM_DEFINED_TRANSFORMATION('','',#11,#4572);
#6528 = PRODUCT_DEFINITION_SHAPE('Placement','Placement of an item',
  #6529);
#6529 = NEXT_ASSEMBLY_USAGE_OCCURRENCE('30','Leads026','',#4462,#6461,$
  );
#6530 = PRODUCT_RELATED_PRODUCT_CATEGORY('part',$,(#6463));
#6531 = SHAPE_DEFINITION_REPRESENTATION(#6532,#6538);
#6532 = PRODUCT_DEFINITION_SHAPE('','',#6533);
#6533 = PRODUCT_DEFINITION('design','',#6534,#6537);
#6534 = PRODUCT_DEFINITION_FORMATION('','',#6535);
#6535 = PRODUCT('J6_ASSEMBLY_5d9bd27a8aa5','J6_ASSEMBLY_5d9bd27a8aa5',''
  ,(#6536));
#6536 = PRODUCT_CONTEXT('',#2,'mechanical');
#6537 = PRODUCT_DEFINITION_CONTEXT('part definition',#2,'design');
#6538 = SHAPE_REPRESENTATION('',(#11,#6539,#6543),#6547);
#6539 = AXIS2_PLACEMENT_3D('',#6540,#6541,#6542);
#6540 = CARTESIAN_POINT('',(0.,0.,0.1));
#6541 = DIRECTION('',(0.,0.,1.));
#6542 = DIRECTION('',(1.,0.,0.));
#6543 = AXIS2_PLACEMENT_3D('',#6544,#6545,#6546);
#6544 = CARTESIAN_POINT('',(0.,0.,0.));
#6545 = DIRECTION('',(0.,0.,1.));
#6546 = DIRECTION('',(1.,0.,0.));
#6547 = ( GEOMETRIC_REPRESENTATION_CONTEXT(3) 
GLOBAL_UNCERTAINTY_ASSIGNED_CONTEXT((#6551)) 
GLOBAL_UNIT_ASSIGNED_CONTEXT((#6548,#6549,#6550)) REPRESENTATION_CONTEXT
('Context #1','3D Context with UNIT and UNCERTAINTY') );
#6548 = ( LENGTH_UNIT() NAMED_UNIT(*) SI_UNIT(.MILLI.,.METRE.) );
#6549 = ( NAMED_UNIT(*) PLANE_ANGLE_UNIT() SI_UNIT($,.RADIAN.) );
#6550 = ( NAMED_UNIT(*) SI_UNIT($,.STERADIAN.) SOLID_ANGLE_UNIT() );
#6551 = UNCERTAINTY_MEASURE_WITH_UNIT(LENGTH_MEASURE(1.E-07),#6548,
  'distance_accuracy_value','confusion accuracy');
#6552 = CONTEXT_DEPENDENT_SHAPE_REPRESENTATION(#6553,#6555);
#6553 = ( REPRESENTATION_RELATIONSHIP('','',#6538,#4244) 
REPRESENTATION_RELATIONSHIP_WITH_TRANSFORMATION(#6554) 
SHAPE_REPRESENTATION_RELATIONSHIP() );
#6554 = ITEM_DEFINED_TRANSFORMATION('','',#11,#4249);
#6555 = PRODUCT_DEFINITION_SHAPE('Placement','Placement of an item',
  #6556);
#6556 = NEXT_ASSEMBLY_USAGE_OCCURRENCE('88','J6_ASSEMBLY_5d9bd27a8aa5',
  '',#4239,#6533,$);
#6557 = PRODUCT_RELATED_PRODUCT_CATEGORY('part',$,(#6535));
#6558 = SHAPE_DEFINITION_REPRESENTATION(#6559,#6565);
#6559 = PRODUCT_DEFINITION_SHAPE('','',#6560);
#6560 = PRODUCT_DEFINITION('design','',#6561,#6564);
#6561 = PRODUCT_DEFINITION_FORMATION('','',#6562);
#6562 = PRODUCT('Body001','Body001','',(#6563));
#6563 = PRODUCT_CONTEXT('',#2,'mechanical');
#6564 = PRODUCT_DEFINITION_CONTEXT('part definition',#2,'design');
#6565 = ADVANCED_BREP_SHAPE_REPRESENTATION('',(#11,#6566),#6716);
#6566 = MANIFOLD_SOLID_BREP('',#6567);
#6567 = CLOSED_SHELL('',(#6568,#6608,#6639,#6670,#6692,#6704));
#6568 = ADVANCED_FACE('',(#6569),#6603,.T.);
#6569 = FACE_BOUND('',#6570,.T.);
#6570 = EDGE_LOOP('',(#6571,#6581,#6589,#6597));
#6571 = ORIENTED_EDGE('',*,*,#6572,.T.);
#6572 = EDGE_CURVE('',#6573,#6575,#6577,.T.);
#6573 = VERTEX_POINT('',#6574);
#6574 = CARTESIAN_POINT('',(-55.42,1.92,0.));
#6575 = VERTEX_POINT('',#6576);
#6576 = CARTESIAN_POINT('',(-55.42,1.92,14.1));
#6577 = LINE('',#6578,#6579);
#6578 = CARTESIAN_POINT('',(-55.42,1.92,0.));
#6579 = VECTOR('',#6580,1.);
#6580 = DIRECTION('',(0.,0.,1.));
#6581 = ORIENTED_EDGE('',*,*,#6582,.T.);
#6582 = EDGE_CURVE('',#6575,#6583,#6585,.T.);
#6583 = VERTEX_POINT('',#6584);
#6584 = CARTESIAN_POINT('',(12.24,1.92,14.1));
#6585 = LINE('',#6586,#6587);
#6586 = CARTESIAN_POINT('',(-55.42,1.92,14.1));
#6587 = VECTOR('',#6588,1.);
#6588 = DIRECTION('',(1.,0.,0.));
#6589 = ORIENTED_EDGE('',*,*,#6590,.F.);
#6590 = EDGE_CURVE('',#6591,#6583,#6593,.T.);
#6591 = VERTEX_POINT('',#6592);
#6592 = CARTESIAN_POINT('',(12.24,1.92,0.));
#6593 = LINE('',#6594,#6595);
#6594 = CARTESIAN_POINT('',(12.24,1.92,0.));
#6595 = VECTOR('',#6596,1.);
#6596 = DIRECTION('',(0.,0.,1.));
#6597 = ORIENTED_EDGE('',*,*,#6598,.F.);
#6598 = EDGE_CURVE('',#6573,#6591,#6599,.T.);
#6599 = LINE('',#6600,#6601);
#6600 = CARTESIAN_POINT('',(-55.42,1.92,0.));
#6601 = VECTOR('',#6602,1.);
#6602 = DIRECTION('',(1.,0.,0.));
#6603 = PLANE('',#6604);
#6604 = AXIS2_PLACEMENT_3D('',#6605,#6606,#6607);
#6605 = CARTESIAN_POINT('',(-55.42,1.92,0.));
#6606 = DIRECTION('',(0.,1.,0.));
#6607 = DIRECTION('',(1.,0.,0.));
#6608 = ADVANCED_FACE('',(#6609),#6634,.T.);
#6609 = FACE_BOUND('',#6610,.T.);
#6610 = EDGE_LOOP('',(#6611,#6612,#6620,#6628));
#6611 = ORIENTED_EDGE('',*,*,#6590,.T.);
#6612 = ORIENTED_EDGE('',*,*,#6613,.T.);
#6613 = EDGE_CURVE('',#6583,#6614,#6616,.T.);
#6614 = VERTEX_POINT('',#6615);
#6615 = CARTESIAN_POINT('',(12.24,-7.,14.1));
#6616 = LINE('',#6617,#6618);
#6617 = CARTESIAN_POINT('',(12.24,1.92,14.1));
#6618 = VECTOR('',#6619,1.);
#6619 = DIRECTION('',(0.,-1.,0.));
#6620 = ORIENTED_EDGE('',*,*,#6621,.F.);
#6621 = EDGE_CURVE('',#6622,#6614,#6624,.T.);
#6622 = VERTEX_POINT('',#6623);
#6623 = CARTESIAN_POINT('',(12.24,-7.,0.));
#6624 = LINE('',#6625,#6626);
#6625 = CARTESIAN_POINT('',(12.24,-7.,0.));
#6626 = VECTOR('',#6627,1.);
#6627 = DIRECTION('',(0.,0.,1.));
#6628 = ORIENTED_EDGE('',*,*,#6629,.F.);
#6629 = EDGE_CURVE('',#6591,#6622,#6630,.T.);
#6630 = LINE('',#6631,#6632);
#6631 = CARTESIAN_POINT('',(12.24,1.92,0.));
#6632 = VECTOR('',#6633,1.);
#6633 = DIRECTION('',(0.,-1.,0.));
#6634 = PLANE('',#6635);
#6635 = AXIS2_PLACEMENT_3D('',#6636,#6637,#6638);
#6636 = CARTESIAN_POINT('',(12.24,1.92,0.));
#6637 = DIRECTION('',(1.,0.,-0.));
#6638 = DIRECTION('',(0.,-1.,0.));
#6639 = ADVANCED_FACE('',(#6640),#6665,.T.);
#6640 = FACE_BOUND('',#6641,.T.);
#6641 = EDGE_LOOP('',(#6642,#6643,#6651,#6659));
#6642 = ORIENTED_EDGE('',*,*,#6621,.T.);
#6643 = ORIENTED_EDGE('',*,*,#6644,.T.);
#6644 = EDGE_CURVE('',#6614,#6645,#6647,.T.);
#6645 = VERTEX_POINT('',#6646);
#6646 = CARTESIAN_POINT('',(-55.42,-7.,14.1));
#6647 = LINE('',#6648,#6649);
#6648 = CARTESIAN_POINT('',(12.24,-7.,14.1));
#6649 = VECTOR('',#6650,1.);
#6650 = DIRECTION('',(-1.,0.,0.));
#6651 = ORIENTED_EDGE('',*,*,#6652,.F.);
#6652 = EDGE_CURVE('',#6653,#6645,#6655,.T.);
#6653 = VERTEX_POINT('',#6654);
#6654 = CARTESIAN_POINT('',(-55.42,-7.,0.));
#6655 = LINE('',#6656,#6657);
#6656 = CARTESIAN_POINT('',(-55.42,-7.,0.));
#6657 = VECTOR('',#6658,1.);
#6658 = DIRECTION('',(0.,0.,1.));
#6659 = ORIENTED_EDGE('',*,*,#6660,.F.);
#6660 = EDGE_CURVE('',#6622,#6653,#6661,.T.);
#6661 = LINE('',#6662,#6663);
#6662 = CARTESIAN_POINT('',(12.24,-7.,0.));
#6663 = VECTOR('',#6664,1.);
#6664 = DIRECTION('',(-1.,0.,0.));
#6665 = PLANE('',#6666);
#6666 = AXIS2_PLACEMENT_3D('',#6667,#6668,#6669);
#6667 = CARTESIAN_POINT('',(12.24,-7.,0.));
#6668 = DIRECTION('',(0.,-1.,0.));
#6669 = DIRECTION('',(-1.,0.,0.));
#6670 = ADVANCED_FACE('',(#6671),#6687,.T.);
#6671 = FACE_BOUND('',#6672,.T.);
#6672 = EDGE_LOOP('',(#6673,#6674,#6680,#6681));
#6673 = ORIENTED_EDGE('',*,*,#6652,.T.);
#6674 = ORIENTED_EDGE('',*,*,#6675,.T.);
#6675 = EDGE_CURVE('',#6645,#6575,#6676,.T.);
#6676 = LINE('',#6677,#6678);
#6677 = CARTESIAN_POINT('',(-55.42,-7.,14.1));
#6678 = VECTOR('',#6679,1.);
#6679 = DIRECTION('',(0.,1.,0.));
#6680 = ORIENTED_EDGE('',*,*,#6572,.F.);
#6681 = ORIENTED_EDGE('',*,*,#6682,.F.);
#6682 = EDGE_CURVE('',#6653,#6573,#6683,.T.);
#6683 = LINE('',#6684,#6685);
#6684 = CARTESIAN_POINT('',(-55.42,-7.,0.));
#6685 = VECTOR('',#6686,1.);
#6686 = DIRECTION('',(0.,1.,0.));
#6687 = PLANE('',#6688);
#6688 = AXIS2_PLACEMENT_3D('',#6689,#6690,#6691);
#6689 = CARTESIAN_POINT('',(-55.42,-7.,0.));
#6690 = DIRECTION('',(-1.,0.,0.));
#6691 = DIRECTION('',(0.,1.,0.));
#6692 = ADVANCED_FACE('',(#6693),#6699,.T.);
#6693 = FACE_BOUND('',#6694,.T.);
#6694 = EDGE_LOOP('',(#6695,#6696,#6697,#6698));
#6695 = ORIENTED_EDGE('',*,*,#6598,.T.);
#6696 = ORIENTED_EDGE('',*,*,#6629,.T.);
#6697 = ORIENTED_EDGE('',*,*,#6660,.T.);
#6698 = ORIENTED_EDGE('',*,*,#6682,.T.);
#6699 = PLANE('',#6700);
#6700 = AXIS2_PLACEMENT_3D('',#6701,#6702,#6703);
#6701 = CARTESIAN_POINT('',(-21.59,-2.54,-1.387778780781E-17));
#6702 = DIRECTION('',(4.281989610872E-35,2.702792609551E-50,-1.));
#6703 = DIRECTION('',(-1.,0.,-4.281989610872E-35));
#6704 = ADVANCED_FACE('',(#6705),#6711,.F.);
#6705 = FACE_BOUND('',#6706,.F.);
#6706 = EDGE_LOOP('',(#6707,#6708,#6709,#6710));
#6707 = ORIENTED_EDGE('',*,*,#6582,.T.);
#6708 = ORIENTED_EDGE('',*,*,#6613,.T.);
#6709 = ORIENTED_EDGE('',*,*,#6644,.T.);
#6710 = ORIENTED_EDGE('',*,*,#6675,.T.);
#6711 = PLANE('',#6712);
#6712 = AXIS2_PLACEMENT_3D('',#6713,#6714,#6715);
#6713 = CARTESIAN_POINT('',(-21.59,-2.54,14.1));
#6714 = DIRECTION('',(4.281989610872E-35,2.702792609551E-50,-1.));
#6715 = DIRECTION('',(-1.,0.,-4.281989610872E-35));
#6716 = ( GEOMETRIC_REPRESENTATION_CONTEXT(3) 
GLOBAL_UNCERTAINTY_ASSIGNED_CONTEXT((#6720)) 
GLOBAL_UNIT_ASSIGNED_CONTEXT((#6717,#6718,#6719)) REPRESENTATION_CONTEXT
('Context #1','3D Context with UNIT and UNCERTAINTY') );
#6717 = ( LENGTH_UNIT() NAMED_UNIT(*) SI_UNIT(.MILLI.,.METRE.) );
#6718 = ( NAMED_UNIT(*) PLANE_ANGLE_UNIT() SI_UNIT($,.RADIAN.) );
#6719 = ( NAMED_UNIT(*) SI_UNIT($,.STERADIAN.) SOLID_ANGLE_UNIT() );
#6720 = UNCERTAINTY_MEASURE_WITH_UNIT(LENGTH_MEASURE(1.E-07),#6717,
  'distance_accuracy_value','confusion accuracy');
#6721 = CONTEXT_DEPENDENT_SHAPE_REPRESENTATION(#6722,#6724);
#6722 = ( REPRESENTATION_RELATIONSHIP('','',#6565,#6538) 
REPRESENTATION_RELATIONSHIP_WITH_TRANSFORMATION(#6723) 
SHAPE_REPRESENTATION_RELATIONSHIP() );
#6723 = ITEM_DEFINED_TRANSFORMATION('','',#11,#6539);
#6724 = PRODUCT_DEFINITION_SHAPE('Placement','Placement of an item',
  #6725);
#6725 = NEXT_ASSEMBLY_USAGE_OCCURRENCE('33','Body001','',#6533,#6560,$);
#6726 = PRODUCT_RELATED_PRODUCT_CATEGORY('part',$,(#6562));
#6727 = SHAPE_DEFINITION_REPRESENTATION(#6728,#6734);
#6728 = PRODUCT_DEFINITION_SHAPE('','',#6729);
#6729 = PRODUCT_DEFINITION('design','',#6730,#6733);
#6730 = PRODUCT_DEFINITION_FORMATION('','',#6731);
#6731 = PRODUCT('Leads081','Leads081','',(#6732));
#6732 = PRODUCT_CONTEXT('',#2,'mechanical');
#6733 = PRODUCT_DEFINITION_CONTEXT('part definition',#2,'design');
#6734 = SHAPE_REPRESENTATION('',(#11,#6735,#6739,#6743,#6747,#6751,#6755
    ,#6759,#6763,#6767,#6771,#6775,#6779,#6783,#6787,#6791,#6795,#6799,
    #6803,#6807,#6811,#6815,#6819,#6823,#6827,#6831,#6835,#6839,#6843,
    #6847,#6851,#6855,#6859,#6863,#6867,#6871,#6875,#6879,#6883,#6887,
    #6891,#6895,#6899,#6903,#6907,#6911,#6915,#6919,#6923,#6927,#6931,
    #6935,#6939,#6943),#6947);
#6735 = AXIS2_PLACEMENT_3D('',#6736,#6737,#6738);
#6736 = CARTESIAN_POINT('',(0.,0.,0.));
#6737 = DIRECTION('',(0.,0.,1.));
#6738 = DIRECTION('',(1.,0.,0.));
#6739 = AXIS2_PLACEMENT_3D('',#6740,#6741,#6742);
#6740 = CARTESIAN_POINT('',(0.,0.,0.));
#6741 = DIRECTION('',(0.,0.,1.));
#6742 = DIRECTION('',(1.,0.,0.));
#6743 = AXIS2_PLACEMENT_3D('',#6744,#6745,#6746);
#6744 = CARTESIAN_POINT('',(0.,0.,0.));
#6745 = DIRECTION('',(0.,0.,1.));
#6746 = DIRECTION('',(1.,0.,0.));
#6747 = AXIS2_PLACEMENT_3D('',#6748,#6749,#6750);
#6748 = CARTESIAN_POINT('',(0.,0.,0.));
#6749 = DIRECTION('',(0.,0.,1.));
#6750 = DIRECTION('',(1.,0.,0.));
#6751 = AXIS2_PLACEMENT_3D('',#6752,#6753,#6754);
#6752 = CARTESIAN_POINT('',(0.,0.,0.));
#6753 = DIRECTION('',(0.,0.,1.));
#6754 = DIRECTION('',(1.,0.,0.));
#6755 = AXIS2_PLACEMENT_3D('',#6756,#6757,#6758);
#6756 = CARTESIAN_POINT('',(0.,0.,0.));
#6757 = DIRECTION('',(0.,0.,1.));
#6758 = DIRECTION('',(1.,0.,0.));
#6759 = AXIS2_PLACEMENT_3D('',#6760,#6761,#6762);
#6760 = CARTESIAN_POINT('',(0.,0.,0.));
#6761 = DIRECTION('',(0.,0.,1.));
#6762 = DIRECTION('',(1.,0.,0.));
#6763 = AXIS2_PLACEMENT_3D('',#6764,#6765,#6766);
#6764 = CARTESIAN_POINT('',(0.,0.,0.));
#6765 = DIRECTION('',(0.,0.,1.));
#6766 = DIRECTION('',(1.,0.,0.));
#6767 = AXIS2_PLACEMENT_3D('',#6768,#6769,#6770);
#6768 = CARTESIAN_POINT('',(0.,0.,0.));
#6769 = DIRECTION('',(0.,0.,1.));
#6770 = DIRECTION('',(1.,0.,0.));
#6771 = AXIS2_PLACEMENT_3D('',#6772,#6773,#6774);
#6772 = CARTESIAN_POINT('',(0.,0.,0.));
#6773 = DIRECTION('',(0.,0.,1.));
#6774 = DIRECTION('',(1.,0.,0.));
#6775 = AXIS2_PLACEMENT_3D('',#6776,#6777,#6778);
#6776 = CARTESIAN_POINT('',(0.,0.,0.));
#6777 = DIRECTION('',(0.,0.,1.));
#6778 = DIRECTION('',(1.,0.,0.));
#6779 = AXIS2_PLACEMENT_3D('',#6780,#6781,#6782);
#6780 = CARTESIAN_POINT('',(0.,0.,0.));
#6781 = DIRECTION('',(0.,0.,1.));
#6782 = DIRECTION('',(1.,0.,0.));
#6783 = AXIS2_PLACEMENT_3D('',#6784,#6785,#6786);
#6784 = CARTESIAN_POINT('',(0.,0.,0.));
#6785 = DIRECTION('',(0.,0.,1.));
#6786 = DIRECTION('',(1.,0.,0.));
#6787 = AXIS2_PLACEMENT_3D('',#6788,#6789,#6790);
#6788 = CARTESIAN_POINT('',(0.,0.,0.));
#6789 = DIRECTION('',(0.,0.,1.));
#6790 = DIRECTION('',(1.,0.,0.));
#6791 = AXIS2_PLACEMENT_3D('',#6792,#6793,#6794);
#6792 = CARTESIAN_POINT('',(0.,0.,0.));
#6793 = DIRECTION('',(0.,0.,1.));
#6794 = DIRECTION('',(1.,0.,0.));
#6795 = AXIS2_PLACEMENT_3D('',#6796,#6797,#6798);
#6796 = CARTESIAN_POINT('',(0.,0.,0.));
#6797 = DIRECTION('',(0.,0.,1.));
#6798 = DIRECTION('',(1.,0.,0.));
#6799 = AXIS2_PLACEMENT_3D('',#6800,#6801,#6802);
#6800 = CARTESIAN_POINT('',(0.,0.,0.));
#6801 = DIRECTION('',(0.,0.,1.));
#6802 = DIRECTION('',(1.,0.,0.));
#6803 = AXIS2_PLACEMENT_3D('',#6804,#6805,#6806);
#6804 = CARTESIAN_POINT('',(0.,0.,0.));
#6805 = DIRECTION('',(0.,0.,1.));
#6806 = DIRECTION('',(1.,0.,0.));
#6807 = AXIS2_PLACEMENT_3D('',#6808,#6809,#6810);
#6808 = CARTESIAN_POINT('',(0.,0.,0.));
#6809 = DIRECTION('',(0.,0.,1.));
#6810 = DIRECTION('',(1.,0.,0.));
#6811 = AXIS2_PLACEMENT_3D('',#6812,#6813,#6814);
#6812 = CARTESIAN_POINT('',(0.,0.,0.));
#6813 = DIRECTION('',(0.,0.,1.));
#6814 = DIRECTION('',(1.,0.,0.));
#6815 = AXIS2_PLACEMENT_3D('',#6816,#6817,#6818);
#6816 = CARTESIAN_POINT('',(0.,0.,0.));
#6817 = DIRECTION('',(0.,0.,1.));
#6818 = DIRECTION('',(1.,0.,0.));
#6819 = AXIS2_PLACEMENT_3D('',#6820,#6821,#6822);
#6820 = CARTESIAN_POINT('',(0.,0.,0.));
#6821 = DIRECTION('',(0.,0.,1.));
#6822 = DIRECTION('',(1.,0.,0.));
#6823 = AXIS2_PLACEMENT_3D('',#6824,#6825,#6826);
#6824 = CARTESIAN_POINT('',(0.,0.,0.));
#6825 = DIRECTION('',(0.,0.,1.));
#6826 = DIRECTION('',(1.,0.,0.));
#6827 = AXIS2_PLACEMENT_3D('',#6828,#6829,#6830);
#6828 = CARTESIAN_POINT('',(0.,0.,0.));
#6829 = DIRECTION('',(0.,0.,1.));
#6830 = DIRECTION('',(1.,0.,0.));
#6831 = AXIS2_PLACEMENT_3D('',#6832,#6833,#6834);
#6832 = CARTESIAN_POINT('',(0.,0.,0.));
#6833 = DIRECTION('',(0.,0.,1.));
#6834 = DIRECTION('',(1.,0.,0.));
#6835 = AXIS2_PLACEMENT_3D('',#6836,#6837,#6838);
#6836 = CARTESIAN_POINT('',(0.,0.,0.));
#6837 = DIRECTION('',(0.,0.,1.));
#6838 = DIRECTION('',(1.,0.,0.));
#6839 = AXIS2_PLACEMENT_3D('',#6840,#6841,#6842);
#6840 = CARTESIAN_POINT('',(0.,0.,0.));
#6841 = DIRECTION('',(0.,0.,1.));
#6842 = DIRECTION('',(1.,0.,0.));
#6843 = AXIS2_PLACEMENT_3D('',#6844,#6845,#6846);
#6844 = CARTESIAN_POINT('',(0.,0.,0.));
#6845 = DIRECTION('',(0.,0.,1.));
#6846 = DIRECTION('',(1.,0.,0.));
#6847 = AXIS2_PLACEMENT_3D('',#6848,#6849,#6850);
#6848 = CARTESIAN_POINT('',(0.,0.,0.));
#6849 = DIRECTION('',(0.,0.,1.));
#6850 = DIRECTION('',(1.,0.,0.));
#6851 = AXIS2_PLACEMENT_3D('',#6852,#6853,#6854);
#6852 = CARTESIAN_POINT('',(0.,0.,0.));
#6853 = DIRECTION('',(0.,0.,1.));
#6854 = DIRECTION('',(1.,0.,0.));
#6855 = AXIS2_PLACEMENT_3D('',#6856,#6857,#6858);
#6856 = CARTESIAN_POINT('',(0.,0.,0.));
#6857 = DIRECTION('',(0.,0.,1.));
#6858 = DIRECTION('',(1.,0.,0.));
#6859 = AXIS2_PLACEMENT_3D('',#6860,#6861,#6862);
#6860 = CARTESIAN_POINT('',(0.,0.,0.));
#6861 = DIRECTION('',(0.,0.,1.));
#6862 = DIRECTION('',(1.,0.,0.));
#6863 = AXIS2_PLACEMENT_3D('',#6864,#6865,#6866);
#6864 = CARTESIAN_POINT('',(0.,0.,0.));
#6865 = DIRECTION('',(0.,0.,1.));
#6866 = DIRECTION('',(1.,0.,0.));
#6867 = AXIS2_PLACEMENT_3D('',#6868,#6869,#6870);
#6868 = CARTESIAN_POINT('',(0.,0.,0.));
#6869 = DIRECTION('',(0.,0.,1.));
#6870 = DIRECTION('',(1.,0.,0.));
#6871 = AXIS2_PLACEMENT_3D('',#6872,#6873,#6874);
#6872 = CARTESIAN_POINT('',(0.,0.,0.));
#6873 = DIRECTION('',(0.,0.,1.));
#6874 = DIRECTION('',(1.,0.,0.));
#6875 = AXIS2_PLACEMENT_3D('',#6876,#6877,#6878);
#6876 = CARTESIAN_POINT('',(0.,0.,0.));
#6877 = DIRECTION('',(0.,0.,1.));
#6878 = DIRECTION('',(1.,0.,0.));
#6879 = AXIS2_PLACEMENT_3D('',#6880,#6881,#6882);
#6880 = CARTESIAN_POINT('',(0.,0.,0.));
#6881 = DIRECTION('',(0.,0.,1.));
#6882 = DIRECTION('',(1.,0.,0.));
#6883 = AXIS2_PLACEMENT_3D('',#6884,#6885,#6886);
#6884 = CARTESIAN_POINT('',(0.,0.,0.));
#6885 = DIRECTION('',(0.,0.,1.));
#6886 = DIRECTION('',(1.,0.,0.));
#6887 = AXIS2_PLACEMENT_3D('',#6888,#6889,#6890);
#6888 = CARTESIAN_POINT('',(0.,0.,0.));
#6889 = DIRECTION('',(0.,0.,1.));
#6890 = DIRECTION('',(1.,0.,0.));
#6891 = AXIS2_PLACEMENT_3D('',#6892,#6893,#6894);
#6892 = CARTESIAN_POINT('',(0.,0.,0.));
#6893 = DIRECTION('',(0.,0.,1.));
#6894 = DIRECTION('',(1.,0.,0.));
#6895 = AXIS2_PLACEMENT_3D('',#6896,#6897,#6898);
#6896 = CARTESIAN_POINT('',(0.,0.,0.));
#6897 = DIRECTION('',(0.,0.,1.));
#6898 = DIRECTION('',(1.,0.,0.));
#6899 = AXIS2_PLACEMENT_3D('',#6900,#6901,#6902);
#6900 = CARTESIAN_POINT('',(0.,0.,0.));
#6901 = DIRECTION('',(0.,0.,1.));
#6902 = DIRECTION('',(1.,0.,0.));
#6903 = AXIS2_PLACEMENT_3D('',#6904,#6905,#6906);
#6904 = CARTESIAN_POINT('',(0.,0.,0.));
#6905 = DIRECTION('',(0.,0.,1.));
#6906 = DIRECTION('',(1.,0.,0.));
#6907 = AXIS2_PLACEMENT_3D('',#6908,#6909,#6910);
#6908 = CARTESIAN_POINT('',(0.,0.,0.));
#6909 = DIRECTION('',(0.,0.,1.));
#6910 = DIRECTION('',(1.,0.,0.));
#6911 = AXIS2_PLACEMENT_3D('',#6912,#6913,#6914);
#6912 = CARTESIAN_POINT('',(0.,0.,0.));
#6913 = DIRECTION('',(0.,0.,1.));
#6914 = DIRECTION('',(1.,0.,0.));
#6915 = AXIS2_PLACEMENT_3D('',#6916,#6917,#6918);
#6916 = CARTESIAN_POINT('',(0.,0.,0.));
#6917 = DIRECTION('',(0.,0.,1.));
#6918 = DIRECTION('',(1.,0.,0.));
#6919 = AXIS2_PLACEMENT_3D('',#6920,#6921,#6922);
#6920 = CARTESIAN_POINT('',(0.,0.,0.));
#6921 = DIRECTION('',(0.,0.,1.));
#6922 = DIRECTION('',(1.,0.,0.));
#6923 = AXIS2_PLACEMENT_3D('',#6924,#6925,#6926);
#6924 = CARTESIAN_POINT('',(0.,0.,0.));
#6925 = DIRECTION('',(0.,0.,1.));
#6926 = DIRECTION('',(1.,0.,0.));
#6927 = AXIS2_PLACEMENT_3D('',#6928,#6929,#6930);
#6928 = CARTESIAN_POINT('',(0.,0.,0.));
#6929 = DIRECTION('',(0.,0.,1.));
#6930 = DIRECTION('',(1.,0.,0.));
#6931 = AXIS2_PLACEMENT_3D('',#6932,#6933,#6934);
#6932 = CARTESIAN_POINT('',(0.,0.,0.));
#6933 = DIRECTION('',(0.,0.,1.));
#6934 = DIRECTION('',(1.,0.,0.));
#6935 = AXIS2_PLACEMENT_3D('',#6936,#6937,#6938);
#6936 = CARTESIAN_POINT('',(0.,0.,0.));
#6937 = DIRECTION('',(0.,0.,1.));
#6938 = DIRECTION('',(1.,0.,0.));
#6939 = AXIS2_PLACEMENT_3D('',#6940,#6941,#6942);
#6940 = CARTESIAN_POINT('',(0.,0.,0.));
#6941 = DIRECTION('',(0.,0.,1.));
#6942 = DIRECTION('',(1.,0.,0.));
#6943 = AXIS2_PLACEMENT_3D('',#6944,#6945,#6946);
#6944 = CARTESIAN_POINT('',(0.,0.,0.));
#6945 = DIRECTION('',(0.,0.,1.));
#6946 = DIRECTION('',(1.,0.,0.));
#6947 = ( GEOMETRIC_REPRESENTATION_CONTEXT(3) 
GLOBAL_UNCERTAINTY_ASSIGNED_CONTEXT((#6951)) 
GLOBAL_UNIT_ASSIGNED_CONTEXT((#6948,#6949,#6950)) REPRESENTATION_CONTEXT
('Context #1','3D Context with UNIT and UNCERTAINTY') );
#6948 = ( LENGTH_UNIT() NAMED_UNIT(*) SI_UNIT(.MILLI.,.METRE.) );
#6949 = ( NAMED_UNIT(*) PLANE_ANGLE_UNIT() SI_UNIT($,.RADIAN.) );
#6950 = ( NAMED_UNIT(*) SI_UNIT($,.STERADIAN.) SOLID_ANGLE_UNIT() );
#6951 = UNCERTAINTY_MEASURE_WITH_UNIT(LENGTH_MEASURE(1.E-07),#6948,
  'distance_accuracy_value','confusion accuracy');
#6952 = CONTEXT_DEPENDENT_SHAPE_REPRESENTATION(#6953,#6955);
#6953 = ( REPRESENTATION_RELATIONSHIP('','',#6734,#6538) 
REPRESENTATION_RELATIONSHIP_WITH_TRANSFORMATION(#6954) 
SHAPE_REPRESENTATION_RELATIONSHIP() );
#6954 = ITEM_DEFINED_TRANSFORMATION('','',#11,#6543);
#6955 = PRODUCT_DEFINITION_SHAPE('Placement','Placement of an item',
  #6956);
#6956 = NEXT_ASSEMBLY_USAGE_OCCURRENCE('87','Leads081','',#6533,#6729,$
  );
#6957 = PRODUCT_RELATED_PRODUCT_CATEGORY('part',$,(#6731));
#6958 = SHAPE_DEFINITION_REPRESENTATION(#6959,#6965);
#6959 = PRODUCT_DEFINITION_SHAPE('','',#6960);
#6960 = PRODUCT_DEFINITION('design','',#6961,#6964);
#6961 = PRODUCT_DEFINITION_FORMATION('','',#6962);
#6962 = PRODUCT('Leads028','Leads028','',(#6963));
#6963 = PRODUCT_CONTEXT('',#2,'mechanical');
#6964 = PRODUCT_DEFINITION_CONTEXT('part definition',#2,'design');
#6965 = ADVANCED_BREP_SHAPE_REPRESENTATION('',(#11,#6966),#7019);
#6966 = MANIFOLD_SOLID_BREP('',#6967);
#6967 = CLOSED_SHELL('',(#6968,#7001,#7010));
#6968 = ADVANCED_FACE('',(#6969),#6996,.T.);
#6969 = FACE_BOUND('',#6970,.T.);
#6970 = EDGE_LOOP('',(#6971,#6980,#6988,#6995));
#6971 = ORIENTED_EDGE('',*,*,#6972,.F.);
#6972 = EDGE_CURVE('',#6973,#6973,#6975,.T.);
#6973 = VERTEX_POINT('',#6974);
#6974 = CARTESIAN_POINT('',(0.255,-6.245698675652E-17,0.1));
#6975 = CIRCLE('',#6976,0.255);
#6976 = AXIS2_PLACEMENT_3D('',#6977,#6978,#6979);
#6977 = CARTESIAN_POINT('',(0.,0.,0.1));
#6978 = DIRECTION('',(0.,0.,1.));
#6979 = DIRECTION('',(1.,0.,-0.));
#6980 = ORIENTED_EDGE('',*,*,#6981,.F.);
#6981 = EDGE_CURVE('',#6982,#6973,#6984,.T.);
#6982 = VERTEX_POINT('',#6983);
#6983 = CARTESIAN_POINT('',(0.255,-6.245698675652E-17,-5.));
#6984 = LINE('',#6985,#6986);
#6985 = CARTESIAN_POINT('',(0.255,-6.245698675652E-17,-5.));
#6986 = VECTOR('',#6987,1.);
#6987 = DIRECTION('',(0.,0.,1.));
#6988 = ORIENTED_EDGE('',*,*,#6989,.T.);
#6989 = EDGE_CURVE('',#6982,#6982,#6990,.T.);
#6990 = CIRCLE('',#6991,0.255);
#6991 = AXIS2_PLACEMENT_3D('',#6992,#6993,#6994);
#6992 = CARTESIAN_POINT('',(0.,0.,-5.));
#6993 = DIRECTION('',(0.,0.,1.));
#6994 = DIRECTION('',(1.,0.,-0.));
#6995 = ORIENTED_EDGE('',*,*,#6981,.T.);
#6996 = CYLINDRICAL_SURFACE('',#6997,0.255);
#6997 = AXIS2_PLACEMENT_3D('',#6998,#6999,#7000);
#6998 = CARTESIAN_POINT('',(0.,0.,-5.));
#6999 = DIRECTION('',(0.,0.,1.));
#7000 = DIRECTION('',(1.,0.,-0.));
#7001 = ADVANCED_FACE('',(#7002),#7005,.T.);
#7002 = FACE_BOUND('',#7003,.T.);
#7003 = EDGE_LOOP('',(#7004));
#7004 = ORIENTED_EDGE('',*,*,#6972,.T.);
#7005 = PLANE('',#7006);
#7006 = AXIS2_PLACEMENT_3D('',#7007,#7008,#7009);
#7007 = CARTESIAN_POINT('',(0.,0.,0.1));
#7008 = DIRECTION('',(0.,0.,1.));
#7009 = DIRECTION('',(1.,0.,-0.));
#7010 = ADVANCED_FACE('',(#7011),#7014,.F.);
#7011 = FACE_BOUND('',#7012,.T.);
#7012 = EDGE_LOOP('',(#7013));
#7013 = ORIENTED_EDGE('',*,*,#6989,.F.);
#7014 = PLANE('',#7015);
#7015 = AXIS2_PLACEMENT_3D('',#7016,#7017,#7018);
#7016 = CARTESIAN_POINT('',(0.,0.,-5.));
#7017 = DIRECTION('',(0.,0.,1.));
#7018 = DIRECTION('',(1.,0.,-0.));
#7019 = ( GEOMETRIC_REPRESENTATION_CONTEXT(3) 
GLOBAL_UNCERTAINTY_ASSIGNED_CONTEXT((#7023)) 
GLOBAL_UNIT_ASSIGNED_CONTEXT((#7020,#7021,#7022)) REPRESENTATION_CONTEXT
('Context #1','3D Context with UNIT and UNCERTAINTY') );
#7020 = ( LENGTH_UNIT() NAMED_UNIT(*) SI_UNIT(.MILLI.,.METRE.) );
#7021 = ( NAMED_UNIT(*) PLANE_ANGLE_UNIT() SI_UNIT($,.RADIAN.) );
#7022 = ( NAMED_UNIT(*) SI_UNIT($,.STERADIAN.) SOLID_ANGLE_UNIT() );
#7023 = UNCERTAINTY_MEASURE_WITH_UNIT(LENGTH_MEASURE(1.E-07),#7020,
  'distance_accuracy_value','confusion accuracy');
#7024 = CONTEXT_DEPENDENT_SHAPE_REPRESENTATION(#7025,#7027);
#7025 = ( REPRESENTATION_RELATIONSHIP('','',#6965,#6734) 
REPRESENTATION_RELATIONSHIP_WITH_TRANSFORMATION(#7026) 
SHAPE_REPRESENTATION_RELATIONSHIP() );
#7026 = ITEM_DEFINED_TRANSFORMATION('','',#11,#6735);
#7027 = PRODUCT_DEFINITION_SHAPE('Placement','Placement of an item',
  #7028);
#7028 = NEXT_ASSEMBLY_USAGE_OCCURRENCE('34','Leads028','',#6729,#6960,$
  );
#7029 = PRODUCT_RELATED_PRODUCT_CATEGORY('part',$,(#6962));
#7030 = SHAPE_DEFINITION_REPRESENTATION(#7031,#7037);
#7031 = PRODUCT_DEFINITION_SHAPE('','',#7032);
#7032 = PRODUCT_DEFINITION('design','',#7033,#7036);
#7033 = PRODUCT_DEFINITION_FORMATION('','',#7034);
#7034 = PRODUCT('Leads029','Leads029','',(#7035));
#7035 = PRODUCT_CONTEXT('',#2,'mechanical');
#7036 = PRODUCT_DEFINITION_CONTEXT('part definition',#2,'design');
#7037 = ADVANCED_BREP_SHAPE_REPRESENTATION('',(#11,#7038),#7091);
#7038 = MANIFOLD_SOLID_BREP('',#7039);
#7039 = CLOSED_SHELL('',(#7040,#7073,#7082));
#7040 = ADVANCED_FACE('',(#7041),#7068,.T.);
#7041 = FACE_BOUND('',#7042,.T.);
#7042 = EDGE_LOOP('',(#7043,#7052,#7060,#7067));
#7043 = ORIENTED_EDGE('',*,*,#7044,.F.);
#7044 = EDGE_CURVE('',#7045,#7045,#7047,.T.);
#7045 = VERTEX_POINT('',#7046);
#7046 = CARTESIAN_POINT('',(-2.285,-6.245698675652E-17,0.1));
#7047 = CIRCLE('',#7048,0.255);
#7048 = AXIS2_PLACEMENT_3D('',#7049,#7050,#7051);
#7049 = CARTESIAN_POINT('',(-2.54,0.,0.1));
#7050 = DIRECTION('',(0.,0.,1.));
#7051 = DIRECTION('',(1.,0.,-0.));
#7052 = ORIENTED_EDGE('',*,*,#7053,.F.);
#7053 = EDGE_CURVE('',#7054,#7045,#7056,.T.);
#7054 = VERTEX_POINT('',#7055);
#7055 = CARTESIAN_POINT('',(-2.285,-6.245698675652E-17,-5.));
#7056 = LINE('',#7057,#7058);
#7057 = CARTESIAN_POINT('',(-2.285,-6.245698675652E-17,-5.));
#7058 = VECTOR('',#7059,1.);
#7059 = DIRECTION('',(0.,0.,1.));
#7060 = ORIENTED_EDGE('',*,*,#7061,.T.);
#7061 = EDGE_CURVE('',#7054,#7054,#7062,.T.);
#7062 = CIRCLE('',#7063,0.255);
#7063 = AXIS2_PLACEMENT_3D('',#7064,#7065,#7066);
#7064 = CARTESIAN_POINT('',(-2.54,0.,-5.));
#7065 = DIRECTION('',(0.,0.,1.));
#7066 = DIRECTION('',(1.,0.,-0.));
#7067 = ORIENTED_EDGE('',*,*,#7053,.T.);
#7068 = CYLINDRICAL_SURFACE('',#7069,0.255);
#7069 = AXIS2_PLACEMENT_3D('',#7070,#7071,#7072);
#7070 = CARTESIAN_POINT('',(-2.54,0.,-5.));
#7071 = DIRECTION('',(0.,0.,1.));
#7072 = DIRECTION('',(1.,0.,-0.));
#7073 = ADVANCED_FACE('',(#7074),#7077,.T.);
#7074 = FACE_BOUND('',#7075,.T.);
#7075 = EDGE_LOOP('',(#7076));
#7076 = ORIENTED_EDGE('',*,*,#7044,.T.);
#7077 = PLANE('',#7078);
#7078 = AXIS2_PLACEMENT_3D('',#7079,#7080,#7081);
#7079 = CARTESIAN_POINT('',(-2.54,0.,0.1));
#7080 = DIRECTION('',(0.,0.,1.));
#7081 = DIRECTION('',(1.,0.,-0.));
#7082 = ADVANCED_FACE('',(#7083),#7086,.F.);
#7083 = FACE_BOUND('',#7084,.T.);
#7084 = EDGE_LOOP('',(#7085));
#7085 = ORIENTED_EDGE('',*,*,#7061,.F.);
#7086 = PLANE('',#7087);
#7087 = AXIS2_PLACEMENT_3D('',#7088,#7089,#7090);
#7088 = CARTESIAN_POINT('',(-2.54,0.,-5.));
#7089 = DIRECTION('',(0.,0.,1.));
#7090 = DIRECTION('',(1.,0.,-0.));
#7091 = ( GEOMETRIC_REPRESENTATION_CONTEXT(3) 
GLOBAL_UNCERTAINTY_ASSIGNED_CONTEXT((#7095)) 
GLOBAL_UNIT_ASSIGNED_CONTEXT((#7092,#7093,#7094)) REPRESENTATION_CONTEXT
('Context #1','3D Context with UNIT and UNCERTAINTY') );
#7092 = ( LENGTH_UNIT() NAMED_UNIT(*) SI_UNIT(.MILLI.,.METRE.) );
#7093 = ( NAMED_UNIT(*) PLANE_ANGLE_UNIT() SI_UNIT($,.RADIAN.) );
#7094 = ( NAMED_UNIT(*) SI_UNIT($,.STERADIAN.) SOLID_ANGLE_UNIT() );
#7095 = UNCERTAINTY_MEASURE_WITH_UNIT(LENGTH_MEASURE(1.E-07),#7092,
  'distance_accuracy_value','confusion accuracy');
#7096 = CONTEXT_DEPENDENT_SHAPE_REPRESENTATION(#7097,#7099);
#7097 = ( REPRESENTATION_RELATIONSHIP('','',#7037,#6734) 
REPRESENTATION_RELATIONSHIP_WITH_TRANSFORMATION(#7098) 
SHAPE_REPRESENTATION_RELATIONSHIP() );
#7098 = ITEM_DEFINED_TRANSFORMATION('','',#11,#6739);
#7099 = PRODUCT_DEFINITION_SHAPE('Placement','Placement of an item',
  #7100);
#7100 = NEXT_ASSEMBLY_USAGE_OCCURRENCE('35','Leads029','',#6729,#7032,$
  );
#7101 = PRODUCT_RELATED_PRODUCT_CATEGORY('part',$,(#7034));
#7102 = SHAPE_DEFINITION_REPRESENTATION(#7103,#7109);
#7103 = PRODUCT_DEFINITION_SHAPE('','',#7104);
#7104 = PRODUCT_DEFINITION('design','',#7105,#7108);
#7105 = PRODUCT_DEFINITION_FORMATION('','',#7106);
#7106 = PRODUCT('Leads030','Leads030','',(#7107));
#7107 = PRODUCT_CONTEXT('',#2,'mechanical');
#7108 = PRODUCT_DEFINITION_CONTEXT('part definition',#2,'design');
#7109 = ADVANCED_BREP_SHAPE_REPRESENTATION('',(#11,#7110),#7163);
#7110 = MANIFOLD_SOLID_BREP('',#7111);
#7111 = CLOSED_SHELL('',(#7112,#7145,#7154));
#7112 = ADVANCED_FACE('',(#7113),#7140,.T.);
#7113 = FACE_BOUND('',#7114,.T.);
#7114 = EDGE_LOOP('',(#7115,#7124,#7132,#7139));
#7115 = ORIENTED_EDGE('',*,*,#7116,.F.);
#7116 = EDGE_CURVE('',#7117,#7117,#7119,.T.);
#7117 = VERTEX_POINT('',#7118);
#7118 = CARTESIAN_POINT('',(-4.825,-6.245698675652E-17,0.1));
#7119 = CIRCLE('',#7120,0.255);
#7120 = AXIS2_PLACEMENT_3D('',#7121,#7122,#7123);
#7121 = CARTESIAN_POINT('',(-5.08,0.,0.1));
#7122 = DIRECTION('',(0.,0.,1.));
#7123 = DIRECTION('',(1.,0.,-0.));
#7124 = ORIENTED_EDGE('',*,*,#7125,.F.);
#7125 = EDGE_CURVE('',#7126,#7117,#7128,.T.);
#7126 = VERTEX_POINT('',#7127);
#7127 = CARTESIAN_POINT('',(-4.825,-6.245698675652E-17,-5.));
#7128 = LINE('',#7129,#7130);
#7129 = CARTESIAN_POINT('',(-4.825,-6.245698675652E-17,-5.));
#7130 = VECTOR('',#7131,1.);
#7131 = DIRECTION('',(0.,0.,1.));
#7132 = ORIENTED_EDGE('',*,*,#7133,.T.);
#7133 = EDGE_CURVE('',#7126,#7126,#7134,.T.);
#7134 = CIRCLE('',#7135,0.255);
#7135 = AXIS2_PLACEMENT_3D('',#7136,#7137,#7138);
#7136 = CARTESIAN_POINT('',(-5.08,0.,-5.));
#7137 = DIRECTION('',(0.,0.,1.));
#7138 = DIRECTION('',(1.,0.,-0.));
#7139 = ORIENTED_EDGE('',*,*,#7125,.T.);
#7140 = CYLINDRICAL_SURFACE('',#7141,0.255);
#7141 = AXIS2_PLACEMENT_3D('',#7142,#7143,#7144);
#7142 = CARTESIAN_POINT('',(-5.08,0.,-5.));
#7143 = DIRECTION('',(0.,0.,1.));
#7144 = DIRECTION('',(1.,0.,-0.));
#7145 = ADVANCED_FACE('',(#7146),#7149,.T.);
#7146 = FACE_BOUND('',#7147,.T.);
#7147 = EDGE_LOOP('',(#7148));
#7148 = ORIENTED_EDGE('',*,*,#7116,.T.);
#7149 = PLANE('',#7150);
#7150 = AXIS2_PLACEMENT_3D('',#7151,#7152,#7153);
#7151 = CARTESIAN_POINT('',(-5.08,0.,0.1));
#7152 = DIRECTION('',(0.,0.,1.));
#7153 = DIRECTION('',(1.,0.,-0.));
#7154 = ADVANCED_FACE('',(#7155),#7158,.F.);
#7155 = FACE_BOUND('',#7156,.T.);
#7156 = EDGE_LOOP('',(#7157));
#7157 = ORIENTED_EDGE('',*,*,#7133,.F.);
#7158 = PLANE('',#7159);
#7159 = AXIS2_PLACEMENT_3D('',#7160,#7161,#7162);
#7160 = CARTESIAN_POINT('',(-5.08,0.,-5.));
#7161 = DIRECTION('',(0.,0.,1.));
#7162 = DIRECTION('',(1.,0.,-0.));
#7163 = ( GEOMETRIC_REPRESENTATION_CONTEXT(3) 
GLOBAL_UNCERTAINTY_ASSIGNED_CONTEXT((#7167)) 
GLOBAL_UNIT_ASSIGNED_CONTEXT((#7164,#7165,#7166)) REPRESENTATION_CONTEXT
('Context #1','3D Context with UNIT and UNCERTAINTY') );
#7164 = ( LENGTH_UNIT() NAMED_UNIT(*) SI_UNIT(.MILLI.,.METRE.) );
#7165 = ( NAMED_UNIT(*) PLANE_ANGLE_UNIT() SI_UNIT($,.RADIAN.) );
#7166 = ( NAMED_UNIT(*) SI_UNIT($,.STERADIAN.) SOLID_ANGLE_UNIT() );
#7167 = UNCERTAINTY_MEASURE_WITH_UNIT(LENGTH_MEASURE(1.E-07),#7164,
  'distance_accuracy_value','confusion accuracy');
#7168 = CONTEXT_DEPENDENT_SHAPE_REPRESENTATION(#7169,#7171);
#7169 = ( REPRESENTATION_RELATIONSHIP('','',#7109,#6734) 
REPRESENTATION_RELATIONSHIP_WITH_TRANSFORMATION(#7170) 
SHAPE_REPRESENTATION_RELATIONSHIP() );
#7170 = ITEM_DEFINED_TRANSFORMATION('','',#11,#6743);
#7171 = PRODUCT_DEFINITION_SHAPE('Placement','Placement of an item',
  #7172);
#7172 = NEXT_ASSEMBLY_USAGE_OCCURRENCE('36','Leads030','',#6729,#7104,$
  );
#7173 = PRODUCT_RELATED_PRODUCT_CATEGORY('part',$,(#7106));
#7174 = SHAPE_DEFINITION_REPRESENTATION(#7175,#7181);
#7175 = PRODUCT_DEFINITION_SHAPE('','',#7176);
#7176 = PRODUCT_DEFINITION('design','',#7177,#7180);
#7177 = PRODUCT_DEFINITION_FORMATION('','',#7178);
#7178 = PRODUCT('Leads031','Leads031','',(#7179));
#7179 = PRODUCT_CONTEXT('',#2,'mechanical');
#7180 = PRODUCT_DEFINITION_CONTEXT('part definition',#2,'design');
#7181 = ADVANCED_BREP_SHAPE_REPRESENTATION('',(#11,#7182),#7235);
#7182 = MANIFOLD_SOLID_BREP('',#7183);
#7183 = CLOSED_SHELL('',(#7184,#7217,#7226));
#7184 = ADVANCED_FACE('',(#7185),#7212,.T.);
#7185 = FACE_BOUND('',#7186,.T.);
#7186 = EDGE_LOOP('',(#7187,#7196,#7204,#7211));
#7187 = ORIENTED_EDGE('',*,*,#7188,.F.);
#7188 = EDGE_CURVE('',#7189,#7189,#7191,.T.);
#7189 = VERTEX_POINT('',#7190);
#7190 = CARTESIAN_POINT('',(-7.365,-6.245698675652E-17,0.1));
#7191 = CIRCLE('',#7192,0.255);
#7192 = AXIS2_PLACEMENT_3D('',#7193,#7194,#7195);
#7193 = CARTESIAN_POINT('',(-7.62,0.,0.1));
#7194 = DIRECTION('',(0.,0.,1.));
#7195 = DIRECTION('',(1.,0.,-0.));
#7196 = ORIENTED_EDGE('',*,*,#7197,.F.);
#7197 = EDGE_CURVE('',#7198,#7189,#7200,.T.);
#7198 = VERTEX_POINT('',#7199);
#7199 = CARTESIAN_POINT('',(-7.365,-6.245698675652E-17,-5.));
#7200 = LINE('',#7201,#7202);
#7201 = CARTESIAN_POINT('',(-7.365,-6.245698675652E-17,-5.));
#7202 = VECTOR('',#7203,1.);
#7203 = DIRECTION('',(0.,0.,1.));
#7204 = ORIENTED_EDGE('',*,*,#7205,.T.);
#7205 = EDGE_CURVE('',#7198,#7198,#7206,.T.);
#7206 = CIRCLE('',#7207,0.255);
#7207 = AXIS2_PLACEMENT_3D('',#7208,#7209,#7210);
#7208 = CARTESIAN_POINT('',(-7.62,0.,-5.));
#7209 = DIRECTION('',(0.,0.,1.));
#7210 = DIRECTION('',(1.,0.,-0.));
#7211 = ORIENTED_EDGE('',*,*,#7197,.T.);
#7212 = CYLINDRICAL_SURFACE('',#7213,0.255);
#7213 = AXIS2_PLACEMENT_3D('',#7214,#7215,#7216);
#7214 = CARTESIAN_POINT('',(-7.62,0.,-5.));
#7215 = DIRECTION('',(0.,0.,1.));
#7216 = DIRECTION('',(1.,0.,-0.));
#7217 = ADVANCED_FACE('',(#7218),#7221,.T.);
#7218 = FACE_BOUND('',#7219,.T.);
#7219 = EDGE_LOOP('',(#7220));
#7220 = ORIENTED_EDGE('',*,*,#7188,.T.);
#7221 = PLANE('',#7222);
#7222 = AXIS2_PLACEMENT_3D('',#7223,#7224,#7225);
#7223 = CARTESIAN_POINT('',(-7.62,0.,0.1));
#7224 = DIRECTION('',(0.,0.,1.));
#7225 = DIRECTION('',(1.,0.,-0.));
#7226 = ADVANCED_FACE('',(#7227),#7230,.F.);
#7227 = FACE_BOUND('',#7228,.T.);
#7228 = EDGE_LOOP('',(#7229));
#7229 = ORIENTED_EDGE('',*,*,#7205,.F.);
#7230 = PLANE('',#7231);
#7231 = AXIS2_PLACEMENT_3D('',#7232,#7233,#7234);
#7232 = CARTESIAN_POINT('',(-7.62,0.,-5.));
#7233 = DIRECTION('',(0.,0.,1.));
#7234 = DIRECTION('',(1.,0.,-0.));
#7235 = ( GEOMETRIC_REPRESENTATION_CONTEXT(3) 
GLOBAL_UNCERTAINTY_ASSIGNED_CONTEXT((#7239)) 
GLOBAL_UNIT_ASSIGNED_CONTEXT((#7236,#7237,#7238)) REPRESENTATION_CONTEXT
('Context #1','3D Context with UNIT and UNCERTAINTY') );
#7236 = ( LENGTH_UNIT() NAMED_UNIT(*) SI_UNIT(.MILLI.,.METRE.) );
#7237 = ( NAMED_UNIT(*) PLANE_ANGLE_UNIT() SI_UNIT($,.RADIAN.) );
#7238 = ( NAMED_UNIT(*) SI_UNIT($,.STERADIAN.) SOLID_ANGLE_UNIT() );
#7239 = UNCERTAINTY_MEASURE_WITH_UNIT(LENGTH_MEASURE(1.E-07),#7236,
  'distance_accuracy_value','confusion accuracy');
#7240 = CONTEXT_DEPENDENT_SHAPE_REPRESENTATION(#7241,#7243);
#7241 = ( REPRESENTATION_RELATIONSHIP('','',#7181,#6734) 
REPRESENTATION_RELATIONSHIP_WITH_TRANSFORMATION(#7242) 
SHAPE_REPRESENTATION_RELATIONSHIP() );
#7242 = ITEM_DEFINED_TRANSFORMATION('','',#11,#6747);
#7243 = PRODUCT_DEFINITION_SHAPE('Placement','Placement of an item',
  #7244);
#7244 = NEXT_ASSEMBLY_USAGE_OCCURRENCE('37','Leads031','',#6729,#7176,$
  );
#7245 = PRODUCT_RELATED_PRODUCT_CATEGORY('part',$,(#7178));
#7246 = SHAPE_DEFINITION_REPRESENTATION(#7247,#7253);
#7247 = PRODUCT_DEFINITION_SHAPE('','',#7248);
#7248 = PRODUCT_DEFINITION('design','',#7249,#7252);
#7249 = PRODUCT_DEFINITION_FORMATION('','',#7250);
#7250 = PRODUCT('Leads032','Leads032','',(#7251));
#7251 = PRODUCT_CONTEXT('',#2,'mechanical');
#7252 = PRODUCT_DEFINITION_CONTEXT('part definition',#2,'design');
#7253 = ADVANCED_BREP_SHAPE_REPRESENTATION('',(#11,#7254),#7307);
#7254 = MANIFOLD_SOLID_BREP('',#7255);
#7255 = CLOSED_SHELL('',(#7256,#7289,#7298));
#7256 = ADVANCED_FACE('',(#7257),#7284,.T.);
#7257 = FACE_BOUND('',#7258,.T.);
#7258 = EDGE_LOOP('',(#7259,#7268,#7276,#7283));
#7259 = ORIENTED_EDGE('',*,*,#7260,.F.);
#7260 = EDGE_CURVE('',#7261,#7261,#7263,.T.);
#7261 = VERTEX_POINT('',#7262);
#7262 = CARTESIAN_POINT('',(-9.905,-6.245698675652E-17,0.1));
#7263 = CIRCLE('',#7264,0.255);
#7264 = AXIS2_PLACEMENT_3D('',#7265,#7266,#7267);
#7265 = CARTESIAN_POINT('',(-10.16,0.,0.1));
#7266 = DIRECTION('',(0.,0.,1.));
#7267 = DIRECTION('',(1.,0.,-0.));
#7268 = ORIENTED_EDGE('',*,*,#7269,.F.);
#7269 = EDGE_CURVE('',#7270,#7261,#7272,.T.);
#7270 = VERTEX_POINT('',#7271);
#7271 = CARTESIAN_POINT('',(-9.905,-6.245698675652E-17,-5.));
#7272 = LINE('',#7273,#7274);
#7273 = CARTESIAN_POINT('',(-9.905,-6.245698675652E-17,-5.));
#7274 = VECTOR('',#7275,1.);
#7275 = DIRECTION('',(0.,0.,1.));
#7276 = ORIENTED_EDGE('',*,*,#7277,.T.);
#7277 = EDGE_CURVE('',#7270,#7270,#7278,.T.);
#7278 = CIRCLE('',#7279,0.255);
#7279 = AXIS2_PLACEMENT_3D('',#7280,#7281,#7282);
#7280 = CARTESIAN_POINT('',(-10.16,0.,-5.));
#7281 = DIRECTION('',(0.,0.,1.));
#7282 = DIRECTION('',(1.,0.,-0.));
#7283 = ORIENTED_EDGE('',*,*,#7269,.T.);
#7284 = CYLINDRICAL_SURFACE('',#7285,0.255);
#7285 = AXIS2_PLACEMENT_3D('',#7286,#7287,#7288);
#7286 = CARTESIAN_POINT('',(-10.16,0.,-5.));
#7287 = DIRECTION('',(0.,0.,1.));
#7288 = DIRECTION('',(1.,0.,-0.));
#7289 = ADVANCED_FACE('',(#7290),#7293,.T.);
#7290 = FACE_BOUND('',#7291,.T.);
#7291 = EDGE_LOOP('',(#7292));
#7292 = ORIENTED_EDGE('',*,*,#7260,.T.);
#7293 = PLANE('',#7294);
#7294 = AXIS2_PLACEMENT_3D('',#7295,#7296,#7297);
#7295 = CARTESIAN_POINT('',(-10.16,0.,0.1));
#7296 = DIRECTION('',(0.,0.,1.));
#7297 = DIRECTION('',(1.,0.,-0.));
#7298 = ADVANCED_FACE('',(#7299),#7302,.F.);
#7299 = FACE_BOUND('',#7300,.T.);
#7300 = EDGE_LOOP('',(#7301));
#7301 = ORIENTED_EDGE('',*,*,#7277,.F.);
#7302 = PLANE('',#7303);
#7303 = AXIS2_PLACEMENT_3D('',#7304,#7305,#7306);
#7304 = CARTESIAN_POINT('',(-10.16,0.,-5.));
#7305 = DIRECTION('',(0.,0.,1.));
#7306 = DIRECTION('',(1.,0.,-0.));
#7307 = ( GEOMETRIC_REPRESENTATION_CONTEXT(3) 
GLOBAL_UNCERTAINTY_ASSIGNED_CONTEXT((#7311)) 
GLOBAL_UNIT_ASSIGNED_CONTEXT((#7308,#7309,#7310)) REPRESENTATION_CONTEXT
('Context #1','3D Context with UNIT and UNCERTAINTY') );
#7308 = ( LENGTH_UNIT() NAMED_UNIT(*) SI_UNIT(.MILLI.,.METRE.) );
#7309 = ( NAMED_UNIT(*) PLANE_ANGLE_UNIT() SI_UNIT($,.RADIAN.) );
#7310 = ( NAMED_UNIT(*) SI_UNIT($,.STERADIAN.) SOLID_ANGLE_UNIT() );
#7311 = UNCERTAINTY_MEASURE_WITH_UNIT(LENGTH_MEASURE(1.E-07),#7308,
  'distance_accuracy_value','confusion accuracy');
#7312 = CONTEXT_DEPENDENT_SHAPE_REPRESENTATION(#7313,#7315);
#7313 = ( REPRESENTATION_RELATIONSHIP('','',#7253,#6734) 
REPRESENTATION_RELATIONSHIP_WITH_TRANSFORMATION(#7314) 
SHAPE_REPRESENTATION_RELATIONSHIP() );
#7314 = ITEM_DEFINED_TRANSFORMATION('','',#11,#6751);
#7315 = PRODUCT_DEFINITION_SHAPE('Placement','Placement of an item',
  #7316);
#7316 = NEXT_ASSEMBLY_USAGE_OCCURRENCE('38','Leads032','',#6729,#7248,$
  );
#7317 = PRODUCT_RELATED_PRODUCT_CATEGORY('part',$,(#7250));
#7318 = SHAPE_DEFINITION_REPRESENTATION(#7319,#7325);
#7319 = PRODUCT_DEFINITION_SHAPE('','',#7320);
#7320 = PRODUCT_DEFINITION('design','',#7321,#7324);
#7321 = PRODUCT_DEFINITION_FORMATION('','',#7322);
#7322 = PRODUCT('Leads033','Leads033','',(#7323));
#7323 = PRODUCT_CONTEXT('',#2,'mechanical');
#7324 = PRODUCT_DEFINITION_CONTEXT('part definition',#2,'design');
#7325 = ADVANCED_BREP_SHAPE_REPRESENTATION('',(#11,#7326),#7379);
#7326 = MANIFOLD_SOLID_BREP('',#7327);
#7327 = CLOSED_SHELL('',(#7328,#7361,#7370));
#7328 = ADVANCED_FACE('',(#7329),#7356,.T.);
#7329 = FACE_BOUND('',#7330,.T.);
#7330 = EDGE_LOOP('',(#7331,#7340,#7348,#7355));
#7331 = ORIENTED_EDGE('',*,*,#7332,.F.);
#7332 = EDGE_CURVE('',#7333,#7333,#7335,.T.);
#7333 = VERTEX_POINT('',#7334);
#7334 = CARTESIAN_POINT('',(-12.445,-6.245698675652E-17,0.1));
#7335 = CIRCLE('',#7336,0.255);
#7336 = AXIS2_PLACEMENT_3D('',#7337,#7338,#7339);
#7337 = CARTESIAN_POINT('',(-12.7,0.,0.1));
#7338 = DIRECTION('',(0.,0.,1.));
#7339 = DIRECTION('',(1.,0.,-0.));
#7340 = ORIENTED_EDGE('',*,*,#7341,.F.);
#7341 = EDGE_CURVE('',#7342,#7333,#7344,.T.);
#7342 = VERTEX_POINT('',#7343);
#7343 = CARTESIAN_POINT('',(-12.445,-6.245698675652E-17,-5.));
#7344 = LINE('',#7345,#7346);
#7345 = CARTESIAN_POINT('',(-12.445,-6.245698675652E-17,-5.));
#7346 = VECTOR('',#7347,1.);
#7347 = DIRECTION('',(0.,0.,1.));
#7348 = ORIENTED_EDGE('',*,*,#7349,.T.);
#7349 = EDGE_CURVE('',#7342,#7342,#7350,.T.);
#7350 = CIRCLE('',#7351,0.255);
#7351 = AXIS2_PLACEMENT_3D('',#7352,#7353,#7354);
#7352 = CARTESIAN_POINT('',(-12.7,0.,-5.));
#7353 = DIRECTION('',(0.,0.,1.));
#7354 = DIRECTION('',(1.,0.,-0.));
#7355 = ORIENTED_EDGE('',*,*,#7341,.T.);
#7356 = CYLINDRICAL_SURFACE('',#7357,0.255);
#7357 = AXIS2_PLACEMENT_3D('',#7358,#7359,#7360);
#7358 = CARTESIAN_POINT('',(-12.7,0.,-5.));
#7359 = DIRECTION('',(0.,0.,1.));
#7360 = DIRECTION('',(1.,0.,-0.));
#7361 = ADVANCED_FACE('',(#7362),#7365,.T.);
#7362 = FACE_BOUND('',#7363,.T.);
#7363 = EDGE_LOOP('',(#7364));
#7364 = ORIENTED_EDGE('',*,*,#7332,.T.);
#7365 = PLANE('',#7366);
#7366 = AXIS2_PLACEMENT_3D('',#7367,#7368,#7369);
#7367 = CARTESIAN_POINT('',(-12.7,0.,0.1));
#7368 = DIRECTION('',(0.,0.,1.));
#7369 = DIRECTION('',(1.,0.,-0.));
#7370 = ADVANCED_FACE('',(#7371),#7374,.F.);
#7371 = FACE_BOUND('',#7372,.T.);
#7372 = EDGE_LOOP('',(#7373));
#7373 = ORIENTED_EDGE('',*,*,#7349,.F.);
#7374 = PLANE('',#7375);
#7375 = AXIS2_PLACEMENT_3D('',#7376,#7377,#7378);
#7376 = CARTESIAN_POINT('',(-12.7,0.,-5.));
#7377 = DIRECTION('',(0.,0.,1.));
#7378 = DIRECTION('',(1.,0.,-0.));
#7379 = ( GEOMETRIC_REPRESENTATION_CONTEXT(3) 
GLOBAL_UNCERTAINTY_ASSIGNED_CONTEXT((#7383)) 
GLOBAL_UNIT_ASSIGNED_CONTEXT((#7380,#7381,#7382)) REPRESENTATION_CONTEXT
('Context #1','3D Context with UNIT and UNCERTAINTY') );
#7380 = ( LENGTH_UNIT() NAMED_UNIT(*) SI_UNIT(.MILLI.,.METRE.) );
#7381 = ( NAMED_UNIT(*) PLANE_ANGLE_UNIT() SI_UNIT($,.RADIAN.) );
#7382 = ( NAMED_UNIT(*) SI_UNIT($,.STERADIAN.) SOLID_ANGLE_UNIT() );
#7383 = UNCERTAINTY_MEASURE_WITH_UNIT(LENGTH_MEASURE(1.E-07),#7380,
  'distance_accuracy_value','confusion accuracy');
#7384 = CONTEXT_DEPENDENT_SHAPE_REPRESENTATION(#7385,#7387);
#7385 = ( REPRESENTATION_RELATIONSHIP('','',#7325,#6734) 
REPRESENTATION_RELATIONSHIP_WITH_TRANSFORMATION(#7386) 
SHAPE_REPRESENTATION_RELATIONSHIP() );
#7386 = ITEM_DEFINED_TRANSFORMATION('','',#11,#6755);
#7387 = PRODUCT_DEFINITION_SHAPE('Placement','Placement of an item',
  #7388);
#7388 = NEXT_ASSEMBLY_USAGE_OCCURRENCE('39','Leads033','',#6729,#7320,$
  );
#7389 = PRODUCT_RELATED_PRODUCT_CATEGORY('part',$,(#7322));
#7390 = SHAPE_DEFINITION_REPRESENTATION(#7391,#7397);
#7391 = PRODUCT_DEFINITION_SHAPE('','',#7392);
#7392 = PRODUCT_DEFINITION('design','',#7393,#7396);
#7393 = PRODUCT_DEFINITION_FORMATION('','',#7394);
#7394 = PRODUCT('Leads034','Leads034','',(#7395));
#7395 = PRODUCT_CONTEXT('',#2,'mechanical');
#7396 = PRODUCT_DEFINITION_CONTEXT('part definition',#2,'design');
#7397 = ADVANCED_BREP_SHAPE_REPRESENTATION('',(#11,#7398),#7451);
#7398 = MANIFOLD_SOLID_BREP('',#7399);
#7399 = CLOSED_SHELL('',(#7400,#7433,#7442));
#7400 = ADVANCED_FACE('',(#7401),#7428,.T.);
#7401 = FACE_BOUND('',#7402,.T.);
#7402 = EDGE_LOOP('',(#7403,#7412,#7420,#7427));
#7403 = ORIENTED_EDGE('',*,*,#7404,.F.);
#7404 = EDGE_CURVE('',#7405,#7405,#7407,.T.);
#7405 = VERTEX_POINT('',#7406);
#7406 = CARTESIAN_POINT('',(-14.985,-6.245698675652E-17,0.1));
#7407 = CIRCLE('',#7408,0.255);
#7408 = AXIS2_PLACEMENT_3D('',#7409,#7410,#7411);
#7409 = CARTESIAN_POINT('',(-15.24,0.,0.1));
#7410 = DIRECTION('',(0.,0.,1.));
#7411 = DIRECTION('',(1.,0.,-0.));
#7412 = ORIENTED_EDGE('',*,*,#7413,.F.);
#7413 = EDGE_CURVE('',#7414,#7405,#7416,.T.);
#7414 = VERTEX_POINT('',#7415);
#7415 = CARTESIAN_POINT('',(-14.985,-6.245698675652E-17,-5.));
#7416 = LINE('',#7417,#7418);
#7417 = CARTESIAN_POINT('',(-14.985,-6.245698675652E-17,-5.));
#7418 = VECTOR('',#7419,1.);
#7419 = DIRECTION('',(0.,0.,1.));
#7420 = ORIENTED_EDGE('',*,*,#7421,.T.);
#7421 = EDGE_CURVE('',#7414,#7414,#7422,.T.);
#7422 = CIRCLE('',#7423,0.255);
#7423 = AXIS2_PLACEMENT_3D('',#7424,#7425,#7426);
#7424 = CARTESIAN_POINT('',(-15.24,0.,-5.));
#7425 = DIRECTION('',(0.,0.,1.));
#7426 = DIRECTION('',(1.,0.,-0.));
#7427 = ORIENTED_EDGE('',*,*,#7413,.T.);
#7428 = CYLINDRICAL_SURFACE('',#7429,0.255);
#7429 = AXIS2_PLACEMENT_3D('',#7430,#7431,#7432);
#7430 = CARTESIAN_POINT('',(-15.24,0.,-5.));
#7431 = DIRECTION('',(0.,0.,1.));
#7432 = DIRECTION('',(1.,0.,-0.));
#7433 = ADVANCED_FACE('',(#7434),#7437,.T.);
#7434 = FACE_BOUND('',#7435,.T.);
#7435 = EDGE_LOOP('',(#7436));
#7436 = ORIENTED_EDGE('',*,*,#7404,.T.);
#7437 = PLANE('',#7438);
#7438 = AXIS2_PLACEMENT_3D('',#7439,#7440,#7441);
#7439 = CARTESIAN_POINT('',(-15.24,0.,0.1));
#7440 = DIRECTION('',(0.,0.,1.));
#7441 = DIRECTION('',(1.,0.,-0.));
#7442 = ADVANCED_FACE('',(#7443),#7446,.F.);
#7443 = FACE_BOUND('',#7444,.T.);
#7444 = EDGE_LOOP('',(#7445));
#7445 = ORIENTED_EDGE('',*,*,#7421,.F.);
#7446 = PLANE('',#7447);
#7447 = AXIS2_PLACEMENT_3D('',#7448,#7449,#7450);
#7448 = CARTESIAN_POINT('',(-15.24,0.,-5.));
#7449 = DIRECTION('',(0.,0.,1.));
#7450 = DIRECTION('',(1.,0.,-0.));
#7451 = ( GEOMETRIC_REPRESENTATION_CONTEXT(3) 
GLOBAL_UNCERTAINTY_ASSIGNED_CONTEXT((#7455)) 
GLOBAL_UNIT_ASSIGNED_CONTEXT((#7452,#7453,#7454)) REPRESENTATION_CONTEXT
('Context #1','3D Context with UNIT and UNCERTAINTY') );
#7452 = ( LENGTH_UNIT() NAMED_UNIT(*) SI_UNIT(.MILLI.,.METRE.) );
#7453 = ( NAMED_UNIT(*) PLANE_ANGLE_UNIT() SI_UNIT($,.RADIAN.) );
#7454 = ( NAMED_UNIT(*) SI_UNIT($,.STERADIAN.) SOLID_ANGLE_UNIT() );
#7455 = UNCERTAINTY_MEASURE_WITH_UNIT(LENGTH_MEASURE(1.E-07),#7452,
  'distance_accuracy_value','confusion accuracy');
#7456 = CONTEXT_DEPENDENT_SHAPE_REPRESENTATION(#7457,#7459);
#7457 = ( REPRESENTATION_RELATIONSHIP('','',#7397,#6734) 
REPRESENTATION_RELATIONSHIP_WITH_TRANSFORMATION(#7458) 
SHAPE_REPRESENTATION_RELATIONSHIP() );
#7458 = ITEM_DEFINED_TRANSFORMATION('','',#11,#6759);
#7459 = PRODUCT_DEFINITION_SHAPE('Placement','Placement of an item',
  #7460);
#7460 = NEXT_ASSEMBLY_USAGE_OCCURRENCE('40','Leads034','',#6729,#7392,$
  );
#7461 = PRODUCT_RELATED_PRODUCT_CATEGORY('part',$,(#7394));
#7462 = SHAPE_DEFINITION_REPRESENTATION(#7463,#7469);
#7463 = PRODUCT_DEFINITION_SHAPE('','',#7464);
#7464 = PRODUCT_DEFINITION('design','',#7465,#7468);
#7465 = PRODUCT_DEFINITION_FORMATION('','',#7466);
#7466 = PRODUCT('Leads035','Leads035','',(#7467));
#7467 = PRODUCT_CONTEXT('',#2,'mechanical');
#7468 = PRODUCT_DEFINITION_CONTEXT('part definition',#2,'design');
#7469 = ADVANCED_BREP_SHAPE_REPRESENTATION('',(#11,#7470),#7523);
#7470 = MANIFOLD_SOLID_BREP('',#7471);
#7471 = CLOSED_SHELL('',(#7472,#7505,#7514));
#7472 = ADVANCED_FACE('',(#7473),#7500,.T.);
#7473 = FACE_BOUND('',#7474,.T.);
#7474 = EDGE_LOOP('',(#7475,#7484,#7492,#7499));
#7475 = ORIENTED_EDGE('',*,*,#7476,.F.);
#7476 = EDGE_CURVE('',#7477,#7477,#7479,.T.);
#7477 = VERTEX_POINT('',#7478);
#7478 = CARTESIAN_POINT('',(-17.525,-6.245698675652E-17,0.1));
#7479 = CIRCLE('',#7480,0.255);
#7480 = AXIS2_PLACEMENT_3D('',#7481,#7482,#7483);
#7481 = CARTESIAN_POINT('',(-17.78,0.,0.1));
#7482 = DIRECTION('',(0.,0.,1.));
#7483 = DIRECTION('',(1.,0.,-0.));
#7484 = ORIENTED_EDGE('',*,*,#7485,.F.);
#7485 = EDGE_CURVE('',#7486,#7477,#7488,.T.);
#7486 = VERTEX_POINT('',#7487);
#7487 = CARTESIAN_POINT('',(-17.525,-6.245698675652E-17,-5.));
#7488 = LINE('',#7489,#7490);
#7489 = CARTESIAN_POINT('',(-17.525,-6.245698675652E-17,-5.));
#7490 = VECTOR('',#7491,1.);
#7491 = DIRECTION('',(0.,0.,1.));
#7492 = ORIENTED_EDGE('',*,*,#7493,.T.);
#7493 = EDGE_CURVE('',#7486,#7486,#7494,.T.);
#7494 = CIRCLE('',#7495,0.255);
#7495 = AXIS2_PLACEMENT_3D('',#7496,#7497,#7498);
#7496 = CARTESIAN_POINT('',(-17.78,0.,-5.));
#7497 = DIRECTION('',(0.,0.,1.));
#7498 = DIRECTION('',(1.,0.,-0.));
#7499 = ORIENTED_EDGE('',*,*,#7485,.T.);
#7500 = CYLINDRICAL_SURFACE('',#7501,0.255);
#7501 = AXIS2_PLACEMENT_3D('',#7502,#7503,#7504);
#7502 = CARTESIAN_POINT('',(-17.78,0.,-5.));
#7503 = DIRECTION('',(0.,0.,1.));
#7504 = DIRECTION('',(1.,0.,-0.));
#7505 = ADVANCED_FACE('',(#7506),#7509,.T.);
#7506 = FACE_BOUND('',#7507,.T.);
#7507 = EDGE_LOOP('',(#7508));
#7508 = ORIENTED_EDGE('',*,*,#7476,.T.);
#7509 = PLANE('',#7510);
#7510 = AXIS2_PLACEMENT_3D('',#7511,#7512,#7513);
#7511 = CARTESIAN_POINT('',(-17.78,0.,0.1));
#7512 = DIRECTION('',(0.,0.,1.));
#7513 = DIRECTION('',(1.,0.,-0.));
#7514 = ADVANCED_FACE('',(#7515),#7518,.F.);
#7515 = FACE_BOUND('',#7516,.T.);
#7516 = EDGE_LOOP('',(#7517));
#7517 = ORIENTED_EDGE('',*,*,#7493,.F.);
#7518 = PLANE('',#7519);
#7519 = AXIS2_PLACEMENT_3D('',#7520,#7521,#7522);
#7520 = CARTESIAN_POINT('',(-17.78,0.,-5.));
#7521 = DIRECTION('',(0.,0.,1.));
#7522 = DIRECTION('',(1.,0.,-0.));
#7523 = ( GEOMETRIC_REPRESENTATION_CONTEXT(3) 
GLOBAL_UNCERTAINTY_ASSIGNED_CONTEXT((#7527)) 
GLOBAL_UNIT_ASSIGNED_CONTEXT((#7524,#7525,#7526)) REPRESENTATION_CONTEXT
('Context #1','3D Context with UNIT and UNCERTAINTY') );
#7524 = ( LENGTH_UNIT() NAMED_UNIT(*) SI_UNIT(.MILLI.,.METRE.) );
#7525 = ( NAMED_UNIT(*) PLANE_ANGLE_UNIT() SI_UNIT($,.RADIAN.) );
#7526 = ( NAMED_UNIT(*) SI_UNIT($,.STERADIAN.) SOLID_ANGLE_UNIT() );
#7527 = UNCERTAINTY_MEASURE_WITH_UNIT(LENGTH_MEASURE(1.E-07),#7524,
  'distance_accuracy_value','confusion accuracy');
#7528 = CONTEXT_DEPENDENT_SHAPE_REPRESENTATION(#7529,#7531);
#7529 = ( REPRESENTATION_RELATIONSHIP('','',#7469,#6734) 
REPRESENTATION_RELATIONSHIP_WITH_TRANSFORMATION(#7530) 
SHAPE_REPRESENTATION_RELATIONSHIP() );
#7530 = ITEM_DEFINED_TRANSFORMATION('','',#11,#6763);
#7531 = PRODUCT_DEFINITION_SHAPE('Placement','Placement of an item',
  #7532);
#7532 = NEXT_ASSEMBLY_USAGE_OCCURRENCE('41','Leads035','',#6729,#7464,$
  );
#7533 = PRODUCT_RELATED_PRODUCT_CATEGORY('part',$,(#7466));
#7534 = SHAPE_DEFINITION_REPRESENTATION(#7535,#7541);
#7535 = PRODUCT_DEFINITION_SHAPE('','',#7536);
#7536 = PRODUCT_DEFINITION('design','',#7537,#7540);
#7537 = PRODUCT_DEFINITION_FORMATION('','',#7538);
#7538 = PRODUCT('Leads036','Leads036','',(#7539));
#7539 = PRODUCT_CONTEXT('',#2,'mechanical');
#7540 = PRODUCT_DEFINITION_CONTEXT('part definition',#2,'design');
#7541 = ADVANCED_BREP_SHAPE_REPRESENTATION('',(#11,#7542),#7595);
#7542 = MANIFOLD_SOLID_BREP('',#7543);
#7543 = CLOSED_SHELL('',(#7544,#7577,#7586));
#7544 = ADVANCED_FACE('',(#7545),#7572,.T.);
#7545 = FACE_BOUND('',#7546,.T.);
#7546 = EDGE_LOOP('',(#7547,#7556,#7564,#7571));
#7547 = ORIENTED_EDGE('',*,*,#7548,.F.);
#7548 = EDGE_CURVE('',#7549,#7549,#7551,.T.);
#7549 = VERTEX_POINT('',#7550);
#7550 = CARTESIAN_POINT('',(-20.065,-6.245698675652E-17,0.1));
#7551 = CIRCLE('',#7552,0.255);
#7552 = AXIS2_PLACEMENT_3D('',#7553,#7554,#7555);
#7553 = CARTESIAN_POINT('',(-20.32,0.,0.1));
#7554 = DIRECTION('',(0.,0.,1.));
#7555 = DIRECTION('',(1.,0.,-0.));
#7556 = ORIENTED_EDGE('',*,*,#7557,.F.);
#7557 = EDGE_CURVE('',#7558,#7549,#7560,.T.);
#7558 = VERTEX_POINT('',#7559);
#7559 = CARTESIAN_POINT('',(-20.065,-6.245698675652E-17,-5.));
#7560 = LINE('',#7561,#7562);
#7561 = CARTESIAN_POINT('',(-20.065,-6.245698675652E-17,-5.));
#7562 = VECTOR('',#7563,1.);
#7563 = DIRECTION('',(0.,0.,1.));
#7564 = ORIENTED_EDGE('',*,*,#7565,.T.);
#7565 = EDGE_CURVE('',#7558,#7558,#7566,.T.);
#7566 = CIRCLE('',#7567,0.255);
#7567 = AXIS2_PLACEMENT_3D('',#7568,#7569,#7570);
#7568 = CARTESIAN_POINT('',(-20.32,0.,-5.));
#7569 = DIRECTION('',(0.,0.,1.));
#7570 = DIRECTION('',(1.,0.,-0.));
#7571 = ORIENTED_EDGE('',*,*,#7557,.T.);
#7572 = CYLINDRICAL_SURFACE('',#7573,0.255);
#7573 = AXIS2_PLACEMENT_3D('',#7574,#7575,#7576);
#7574 = CARTESIAN_POINT('',(-20.32,0.,-5.));
#7575 = DIRECTION('',(0.,0.,1.));
#7576 = DIRECTION('',(1.,0.,-0.));
#7577 = ADVANCED_FACE('',(#7578),#7581,.T.);
#7578 = FACE_BOUND('',#7579,.T.);
#7579 = EDGE_LOOP('',(#7580));
#7580 = ORIENTED_EDGE('',*,*,#7548,.T.);
#7581 = PLANE('',#7582);
#7582 = AXIS2_PLACEMENT_3D('',#7583,#7584,#7585);
#7583 = CARTESIAN_POINT('',(-20.32,0.,0.1));
#7584 = DIRECTION('',(0.,0.,1.));
#7585 = DIRECTION('',(1.,0.,-0.));
#7586 = ADVANCED_FACE('',(#7587),#7590,.F.);
#7587 = FACE_BOUND('',#7588,.T.);
#7588 = EDGE_LOOP('',(#7589));
#7589 = ORIENTED_EDGE('',*,*,#7565,.F.);
#7590 = PLANE('',#7591);
#7591 = AXIS2_PLACEMENT_3D('',#7592,#7593,#7594);
#7592 = CARTESIAN_POINT('',(-20.32,0.,-5.));
#7593 = DIRECTION('',(0.,0.,1.));
#7594 = DIRECTION('',(1.,0.,-0.));
#7595 = ( GEOMETRIC_REPRESENTATION_CONTEXT(3) 
GLOBAL_UNCERTAINTY_ASSIGNED_CONTEXT((#7599)) 
GLOBAL_UNIT_ASSIGNED_CONTEXT((#7596,#7597,#7598)) REPRESENTATION_CONTEXT
('Context #1','3D Context with UNIT and UNCERTAINTY') );
#7596 = ( LENGTH_UNIT() NAMED_UNIT(*) SI_UNIT(.MILLI.,.METRE.) );
#7597 = ( NAMED_UNIT(*) PLANE_ANGLE_UNIT() SI_UNIT($,.RADIAN.) );
#7598 = ( NAMED_UNIT(*) SI_UNIT($,.STERADIAN.) SOLID_ANGLE_UNIT() );
#7599 = UNCERTAINTY_MEASURE_WITH_UNIT(LENGTH_MEASURE(1.E-07),#7596,
  'distance_accuracy_value','confusion accuracy');
#7600 = CONTEXT_DEPENDENT_SHAPE_REPRESENTATION(#7601,#7603);
#7601 = ( REPRESENTATION_RELATIONSHIP('','',#7541,#6734) 
REPRESENTATION_RELATIONSHIP_WITH_TRANSFORMATION(#7602) 
SHAPE_REPRESENTATION_RELATIONSHIP() );
#7602 = ITEM_DEFINED_TRANSFORMATION('','',#11,#6767);
#7603 = PRODUCT_DEFINITION_SHAPE('Placement','Placement of an item',
  #7604);
#7604 = NEXT_ASSEMBLY_USAGE_OCCURRENCE('42','Leads036','',#6729,#7536,$
  );
#7605 = PRODUCT_RELATED_PRODUCT_CATEGORY('part',$,(#7538));
#7606 = SHAPE_DEFINITION_REPRESENTATION(#7607,#7613);
#7607 = PRODUCT_DEFINITION_SHAPE('','',#7608);
#7608 = PRODUCT_DEFINITION('design','',#7609,#7612);
#7609 = PRODUCT_DEFINITION_FORMATION('','',#7610);
#7610 = PRODUCT('Leads037','Leads037','',(#7611));
#7611 = PRODUCT_CONTEXT('',#2,'mechanical');
#7612 = PRODUCT_DEFINITION_CONTEXT('part definition',#2,'design');
#7613 = ADVANCED_BREP_SHAPE_REPRESENTATION('',(#11,#7614),#7667);
#7614 = MANIFOLD_SOLID_BREP('',#7615);
#7615 = CLOSED_SHELL('',(#7616,#7649,#7658));
#7616 = ADVANCED_FACE('',(#7617),#7644,.T.);
#7617 = FACE_BOUND('',#7618,.T.);
#7618 = EDGE_LOOP('',(#7619,#7628,#7636,#7643));
#7619 = ORIENTED_EDGE('',*,*,#7620,.F.);
#7620 = EDGE_CURVE('',#7621,#7621,#7623,.T.);
#7621 = VERTEX_POINT('',#7622);
#7622 = CARTESIAN_POINT('',(-22.605,-6.245698675652E-17,0.1));
#7623 = CIRCLE('',#7624,0.255);
#7624 = AXIS2_PLACEMENT_3D('',#7625,#7626,#7627);
#7625 = CARTESIAN_POINT('',(-22.86,0.,0.1));
#7626 = DIRECTION('',(0.,0.,1.));
#7627 = DIRECTION('',(1.,0.,-0.));
#7628 = ORIENTED_EDGE('',*,*,#7629,.F.);
#7629 = EDGE_CURVE('',#7630,#7621,#7632,.T.);
#7630 = VERTEX_POINT('',#7631);
#7631 = CARTESIAN_POINT('',(-22.605,-6.245698675652E-17,-5.));
#7632 = LINE('',#7633,#7634);
#7633 = CARTESIAN_POINT('',(-22.605,-6.245698675652E-17,-5.));
#7634 = VECTOR('',#7635,1.);
#7635 = DIRECTION('',(0.,0.,1.));
#7636 = ORIENTED_EDGE('',*,*,#7637,.T.);
#7637 = EDGE_CURVE('',#7630,#7630,#7638,.T.);
#7638 = CIRCLE('',#7639,0.255);
#7639 = AXIS2_PLACEMENT_3D('',#7640,#7641,#7642);
#7640 = CARTESIAN_POINT('',(-22.86,0.,-5.));
#7641 = DIRECTION('',(0.,0.,1.));
#7642 = DIRECTION('',(1.,0.,-0.));
#7643 = ORIENTED_EDGE('',*,*,#7629,.T.);
#7644 = CYLINDRICAL_SURFACE('',#7645,0.255);
#7645 = AXIS2_PLACEMENT_3D('',#7646,#7647,#7648);
#7646 = CARTESIAN_POINT('',(-22.86,0.,-5.));
#7647 = DIRECTION('',(0.,0.,1.));
#7648 = DIRECTION('',(1.,0.,-0.));
#7649 = ADVANCED_FACE('',(#7650),#7653,.T.);
#7650 = FACE_BOUND('',#7651,.T.);
#7651 = EDGE_LOOP('',(#7652));
#7652 = ORIENTED_EDGE('',*,*,#7620,.T.);
#7653 = PLANE('',#7654);
#7654 = AXIS2_PLACEMENT_3D('',#7655,#7656,#7657);
#7655 = CARTESIAN_POINT('',(-22.86,0.,0.1));
#7656 = DIRECTION('',(0.,0.,1.));
#7657 = DIRECTION('',(1.,0.,-0.));
#7658 = ADVANCED_FACE('',(#7659),#7662,.F.);
#7659 = FACE_BOUND('',#7660,.T.);
#7660 = EDGE_LOOP('',(#7661));
#7661 = ORIENTED_EDGE('',*,*,#7637,.F.);
#7662 = PLANE('',#7663);
#7663 = AXIS2_PLACEMENT_3D('',#7664,#7665,#7666);
#7664 = CARTESIAN_POINT('',(-22.86,0.,-5.));
#7665 = DIRECTION('',(0.,0.,1.));
#7666 = DIRECTION('',(1.,0.,-0.));
#7667 = ( GEOMETRIC_REPRESENTATION_CONTEXT(3) 
GLOBAL_UNCERTAINTY_ASSIGNED_CONTEXT((#7671)) 
GLOBAL_UNIT_ASSIGNED_CONTEXT((#7668,#7669,#7670)) REPRESENTATION_CONTEXT
('Context #1','3D Context with UNIT and UNCERTAINTY') );
#7668 = ( LENGTH_UNIT() NAMED_UNIT(*) SI_UNIT(.MILLI.,.METRE.) );
#7669 = ( NAMED_UNIT(*) PLANE_ANGLE_UNIT() SI_UNIT($,.RADIAN.) );
#7670 = ( NAMED_UNIT(*) SI_UNIT($,.STERADIAN.) SOLID_ANGLE_UNIT() );
#7671 = UNCERTAINTY_MEASURE_WITH_UNIT(LENGTH_MEASURE(1.E-07),#7668,
  'distance_accuracy_value','confusion accuracy');
#7672 = CONTEXT_DEPENDENT_SHAPE_REPRESENTATION(#7673,#7675);
#7673 = ( REPRESENTATION_RELATIONSHIP('','',#7613,#6734) 
REPRESENTATION_RELATIONSHIP_WITH_TRANSFORMATION(#7674) 
SHAPE_REPRESENTATION_RELATIONSHIP() );
#7674 = ITEM_DEFINED_TRANSFORMATION('','',#11,#6771);
#7675 = PRODUCT_DEFINITION_SHAPE('Placement','Placement of an item',
  #7676);
#7676 = NEXT_ASSEMBLY_USAGE_OCCURRENCE('43','Leads037','',#6729,#7608,$
  );
#7677 = PRODUCT_RELATED_PRODUCT_CATEGORY('part',$,(#7610));
#7678 = SHAPE_DEFINITION_REPRESENTATION(#7679,#7685);
#7679 = PRODUCT_DEFINITION_SHAPE('','',#7680);
#7680 = PRODUCT_DEFINITION('design','',#7681,#7684);
#7681 = PRODUCT_DEFINITION_FORMATION('','',#7682);
#7682 = PRODUCT('Leads038','Leads038','',(#7683));
#7683 = PRODUCT_CONTEXT('',#2,'mechanical');
#7684 = PRODUCT_DEFINITION_CONTEXT('part definition',#2,'design');
#7685 = ADVANCED_BREP_SHAPE_REPRESENTATION('',(#11,#7686),#7739);
#7686 = MANIFOLD_SOLID_BREP('',#7687);
#7687 = CLOSED_SHELL('',(#7688,#7721,#7730));
#7688 = ADVANCED_FACE('',(#7689),#7716,.T.);
#7689 = FACE_BOUND('',#7690,.T.);
#7690 = EDGE_LOOP('',(#7691,#7700,#7708,#7715));
#7691 = ORIENTED_EDGE('',*,*,#7692,.F.);
#7692 = EDGE_CURVE('',#7693,#7693,#7695,.T.);
#7693 = VERTEX_POINT('',#7694);
#7694 = CARTESIAN_POINT('',(-25.145,-6.245698675652E-17,0.1));
#7695 = CIRCLE('',#7696,0.255);
#7696 = AXIS2_PLACEMENT_3D('',#7697,#7698,#7699);
#7697 = CARTESIAN_POINT('',(-25.4,0.,0.1));
#7698 = DIRECTION('',(0.,0.,1.));
#7699 = DIRECTION('',(1.,0.,-0.));
#7700 = ORIENTED_EDGE('',*,*,#7701,.F.);
#7701 = EDGE_CURVE('',#7702,#7693,#7704,.T.);
#7702 = VERTEX_POINT('',#7703);
#7703 = CARTESIAN_POINT('',(-25.145,-6.245698675652E-17,-5.));
#7704 = LINE('',#7705,#7706);
#7705 = CARTESIAN_POINT('',(-25.145,-6.245698675652E-17,-5.));
#7706 = VECTOR('',#7707,1.);
#7707 = DIRECTION('',(0.,0.,1.));
#7708 = ORIENTED_EDGE('',*,*,#7709,.T.);
#7709 = EDGE_CURVE('',#7702,#7702,#7710,.T.);
#7710 = CIRCLE('',#7711,0.255);
#7711 = AXIS2_PLACEMENT_3D('',#7712,#7713,#7714);
#7712 = CARTESIAN_POINT('',(-25.4,0.,-5.));
#7713 = DIRECTION('',(0.,0.,1.));
#7714 = DIRECTION('',(1.,0.,-0.));
#7715 = ORIENTED_EDGE('',*,*,#7701,.T.);
#7716 = CYLINDRICAL_SURFACE('',#7717,0.255);
#7717 = AXIS2_PLACEMENT_3D('',#7718,#7719,#7720);
#7718 = CARTESIAN_POINT('',(-25.4,0.,-5.));
#7719 = DIRECTION('',(0.,0.,1.));
#7720 = DIRECTION('',(1.,0.,-0.));
#7721 = ADVANCED_FACE('',(#7722),#7725,.T.);
#7722 = FACE_BOUND('',#7723,.T.);
#7723 = EDGE_LOOP('',(#7724));
#7724 = ORIENTED_EDGE('',*,*,#7692,.T.);
#7725 = PLANE('',#7726);
#7726 = AXIS2_PLACEMENT_3D('',#7727,#7728,#7729);
#7727 = CARTESIAN_POINT('',(-25.4,0.,0.1));
#7728 = DIRECTION('',(0.,0.,1.));
#7729 = DIRECTION('',(1.,0.,-0.));
#7730 = ADVANCED_FACE('',(#7731),#7734,.F.);
#7731 = FACE_BOUND('',#7732,.T.);
#7732 = EDGE_LOOP('',(#7733));
#7733 = ORIENTED_EDGE('',*,*,#7709,.F.);
#7734 = PLANE('',#7735);
#7735 = AXIS2_PLACEMENT_3D('',#7736,#7737,#7738);
#7736 = CARTESIAN_POINT('',(-25.4,0.,-5.));
#7737 = DIRECTION('',(0.,0.,1.));
#7738 = DIRECTION('',(1.,0.,-0.));
#7739 = ( GEOMETRIC_REPRESENTATION_CONTEXT(3) 
GLOBAL_UNCERTAINTY_ASSIGNED_CONTEXT((#7743)) 
GLOBAL_UNIT_ASSIGNED_CONTEXT((#7740,#7741,#7742)) REPRESENTATION_CONTEXT
('Context #1','3D Context with UNIT and UNCERTAINTY') );
#7740 = ( LENGTH_UNIT() NAMED_UNIT(*) SI_UNIT(.MILLI.,.METRE.) );
#7741 = ( NAMED_UNIT(*) PLANE_ANGLE_UNIT() SI_UNIT($,.RADIAN.) );
#7742 = ( NAMED_UNIT(*) SI_UNIT($,.STERADIAN.) SOLID_ANGLE_UNIT() );
#7743 = UNCERTAINTY_MEASURE_WITH_UNIT(LENGTH_MEASURE(1.E-07),#7740,
  'distance_accuracy_value','confusion accuracy');
#7744 = CONTEXT_DEPENDENT_SHAPE_REPRESENTATION(#7745,#7747);
#7745 = ( REPRESENTATION_RELATIONSHIP('','',#7685,#6734) 
REPRESENTATION_RELATIONSHIP_WITH_TRANSFORMATION(#7746) 
SHAPE_REPRESENTATION_RELATIONSHIP() );
#7746 = ITEM_DEFINED_TRANSFORMATION('','',#11,#6775);
#7747 = PRODUCT_DEFINITION_SHAPE('Placement','Placement of an item',
  #7748);
#7748 = NEXT_ASSEMBLY_USAGE_OCCURRENCE('44','Leads038','',#6729,#7680,$
  );
#7749 = PRODUCT_RELATED_PRODUCT_CATEGORY('part',$,(#7682));
#7750 = SHAPE_DEFINITION_REPRESENTATION(#7751,#7757);
#7751 = PRODUCT_DEFINITION_SHAPE('','',#7752);
#7752 = PRODUCT_DEFINITION('design','',#7753,#7756);
#7753 = PRODUCT_DEFINITION_FORMATION('','',#7754);
#7754 = PRODUCT('Leads039','Leads039','',(#7755));
#7755 = PRODUCT_CONTEXT('',#2,'mechanical');
#7756 = PRODUCT_DEFINITION_CONTEXT('part definition',#2,'design');
#7757 = ADVANCED_BREP_SHAPE_REPRESENTATION('',(#11,#7758),#7811);
#7758 = MANIFOLD_SOLID_BREP('',#7759);
#7759 = CLOSED_SHELL('',(#7760,#7793,#7802));
#7760 = ADVANCED_FACE('',(#7761),#7788,.T.);
#7761 = FACE_BOUND('',#7762,.T.);
#7762 = EDGE_LOOP('',(#7763,#7772,#7780,#7787));
#7763 = ORIENTED_EDGE('',*,*,#7764,.F.);
#7764 = EDGE_CURVE('',#7765,#7765,#7767,.T.);
#7765 = VERTEX_POINT('',#7766);
#7766 = CARTESIAN_POINT('',(-27.685,-6.245698675652E-17,0.1));
#7767 = CIRCLE('',#7768,0.255);
#7768 = AXIS2_PLACEMENT_3D('',#7769,#7770,#7771);
#7769 = CARTESIAN_POINT('',(-27.94,0.,0.1));
#7770 = DIRECTION('',(0.,0.,1.));
#7771 = DIRECTION('',(1.,0.,-0.));
#7772 = ORIENTED_EDGE('',*,*,#7773,.F.);
#7773 = EDGE_CURVE('',#7774,#7765,#7776,.T.);
#7774 = VERTEX_POINT('',#7775);
#7775 = CARTESIAN_POINT('',(-27.685,-6.245698675652E-17,-5.));
#7776 = LINE('',#7777,#7778);
#7777 = CARTESIAN_POINT('',(-27.685,-6.245698675652E-17,-5.));
#7778 = VECTOR('',#7779,1.);
#7779 = DIRECTION('',(0.,0.,1.));
#7780 = ORIENTED_EDGE('',*,*,#7781,.T.);
#7781 = EDGE_CURVE('',#7774,#7774,#7782,.T.);
#7782 = CIRCLE('',#7783,0.255);
#7783 = AXIS2_PLACEMENT_3D('',#7784,#7785,#7786);
#7784 = CARTESIAN_POINT('',(-27.94,0.,-5.));
#7785 = DIRECTION('',(0.,0.,1.));
#7786 = DIRECTION('',(1.,0.,-0.));
#7787 = ORIENTED_EDGE('',*,*,#7773,.T.);
#7788 = CYLINDRICAL_SURFACE('',#7789,0.255);
#7789 = AXIS2_PLACEMENT_3D('',#7790,#7791,#7792);
#7790 = CARTESIAN_POINT('',(-27.94,0.,-5.));
#7791 = DIRECTION('',(0.,0.,1.));
#7792 = DIRECTION('',(1.,0.,-0.));
#7793 = ADVANCED_FACE('',(#7794),#7797,.T.);
#7794 = FACE_BOUND('',#7795,.T.);
#7795 = EDGE_LOOP('',(#7796));
#7796 = ORIENTED_EDGE('',*,*,#7764,.T.);
#7797 = PLANE('',#7798);
#7798 = AXIS2_PLACEMENT_3D('',#7799,#7800,#7801);
#7799 = CARTESIAN_POINT('',(-27.94,0.,0.1));
#7800 = DIRECTION('',(0.,0.,1.));
#7801 = DIRECTION('',(1.,0.,-0.));
#7802 = ADVANCED_FACE('',(#7803),#7806,.F.);
#7803 = FACE_BOUND('',#7804,.T.);
#7804 = EDGE_LOOP('',(#7805));
#7805 = ORIENTED_EDGE('',*,*,#7781,.F.);
#7806 = PLANE('',#7807);
#7807 = AXIS2_PLACEMENT_3D('',#7808,#7809,#7810);
#7808 = CARTESIAN_POINT('',(-27.94,0.,-5.));
#7809 = DIRECTION('',(0.,0.,1.));
#7810 = DIRECTION('',(1.,0.,-0.));
#7811 = ( GEOMETRIC_REPRESENTATION_CONTEXT(3) 
GLOBAL_UNCERTAINTY_ASSIGNED_CONTEXT((#7815)) 
GLOBAL_UNIT_ASSIGNED_CONTEXT((#7812,#7813,#7814)) REPRESENTATION_CONTEXT
('Context #1','3D Context with UNIT and UNCERTAINTY') );
#7812 = ( LENGTH_UNIT() NAMED_UNIT(*) SI_UNIT(.MILLI.,.METRE.) );
#7813 = ( NAMED_UNIT(*) PLANE_ANGLE_UNIT() SI_UNIT($,.RADIAN.) );
#7814 = ( NAMED_UNIT(*) SI_UNIT($,.STERADIAN.) SOLID_ANGLE_UNIT() );
#7815 = UNCERTAINTY_MEASURE_WITH_UNIT(LENGTH_MEASURE(1.E-07),#7812,
  'distance_accuracy_value','confusion accuracy');
#7816 = CONTEXT_DEPENDENT_SHAPE_REPRESENTATION(#7817,#7819);
#7817 = ( REPRESENTATION_RELATIONSHIP('','',#7757,#6734) 
REPRESENTATION_RELATIONSHIP_WITH_TRANSFORMATION(#7818) 
SHAPE_REPRESENTATION_RELATIONSHIP() );
#7818 = ITEM_DEFINED_TRANSFORMATION('','',#11,#6779);
#7819 = PRODUCT_DEFINITION_SHAPE('Placement','Placement of an item',
  #7820);
#7820 = NEXT_ASSEMBLY_USAGE_OCCURRENCE('45','Leads039','',#6729,#7752,$
  );
#7821 = PRODUCT_RELATED_PRODUCT_CATEGORY('part',$,(#7754));
#7822 = SHAPE_DEFINITION_REPRESENTATION(#7823,#7829);
#7823 = PRODUCT_DEFINITION_SHAPE('','',#7824);
#7824 = PRODUCT_DEFINITION('design','',#7825,#7828);
#7825 = PRODUCT_DEFINITION_FORMATION('','',#7826);
#7826 = PRODUCT('Leads040','Leads040','',(#7827));
#7827 = PRODUCT_CONTEXT('',#2,'mechanical');
#7828 = PRODUCT_DEFINITION_CONTEXT('part definition',#2,'design');
#7829 = ADVANCED_BREP_SHAPE_REPRESENTATION('',(#11,#7830),#7883);
#7830 = MANIFOLD_SOLID_BREP('',#7831);
#7831 = CLOSED_SHELL('',(#7832,#7865,#7874));
#7832 = ADVANCED_FACE('',(#7833),#7860,.T.);
#7833 = FACE_BOUND('',#7834,.T.);
#7834 = EDGE_LOOP('',(#7835,#7844,#7852,#7859));
#7835 = ORIENTED_EDGE('',*,*,#7836,.F.);
#7836 = EDGE_CURVE('',#7837,#7837,#7839,.T.);
#7837 = VERTEX_POINT('',#7838);
#7838 = CARTESIAN_POINT('',(-30.225,-6.245698675652E-17,0.1));
#7839 = CIRCLE('',#7840,0.255);
#7840 = AXIS2_PLACEMENT_3D('',#7841,#7842,#7843);
#7841 = CARTESIAN_POINT('',(-30.48,0.,0.1));
#7842 = DIRECTION('',(0.,0.,1.));
#7843 = DIRECTION('',(1.,0.,-0.));
#7844 = ORIENTED_EDGE('',*,*,#7845,.F.);
#7845 = EDGE_CURVE('',#7846,#7837,#7848,.T.);
#7846 = VERTEX_POINT('',#7847);
#7847 = CARTESIAN_POINT('',(-30.225,-6.245698675652E-17,-5.));
#7848 = LINE('',#7849,#7850);
#7849 = CARTESIAN_POINT('',(-30.225,-6.245698675652E-17,-5.));
#7850 = VECTOR('',#7851,1.);
#7851 = DIRECTION('',(0.,0.,1.));
#7852 = ORIENTED_EDGE('',*,*,#7853,.T.);
#7853 = EDGE_CURVE('',#7846,#7846,#7854,.T.);
#7854 = CIRCLE('',#7855,0.255);
#7855 = AXIS2_PLACEMENT_3D('',#7856,#7857,#7858);
#7856 = CARTESIAN_POINT('',(-30.48,0.,-5.));
#7857 = DIRECTION('',(0.,0.,1.));
#7858 = DIRECTION('',(1.,0.,-0.));
#7859 = ORIENTED_EDGE('',*,*,#7845,.T.);
#7860 = CYLINDRICAL_SURFACE('',#7861,0.255);
#7861 = AXIS2_PLACEMENT_3D('',#7862,#7863,#7864);
#7862 = CARTESIAN_POINT('',(-30.48,0.,-5.));
#7863 = DIRECTION('',(0.,0.,1.));
#7864 = DIRECTION('',(1.,0.,-0.));
#7865 = ADVANCED_FACE('',(#7866),#7869,.T.);
#7866 = FACE_BOUND('',#7867,.T.);
#7867 = EDGE_LOOP('',(#7868));
#7868 = ORIENTED_EDGE('',*,*,#7836,.T.);
#7869 = PLANE('',#7870);
#7870 = AXIS2_PLACEMENT_3D('',#7871,#7872,#7873);
#7871 = CARTESIAN_POINT('',(-30.48,0.,0.1));
#7872 = DIRECTION('',(0.,0.,1.));
#7873 = DIRECTION('',(1.,0.,-0.));
#7874 = ADVANCED_FACE('',(#7875),#7878,.F.);
#7875 = FACE_BOUND('',#7876,.T.);
#7876 = EDGE_LOOP('',(#7877));
#7877 = ORIENTED_EDGE('',*,*,#7853,.F.);
#7878 = PLANE('',#7879);
#7879 = AXIS2_PLACEMENT_3D('',#7880,#7881,#7882);
#7880 = CARTESIAN_POINT('',(-30.48,0.,-5.));
#7881 = DIRECTION('',(0.,0.,1.));
#7882 = DIRECTION('',(1.,0.,-0.));
#7883 = ( GEOMETRIC_REPRESENTATION_CONTEXT(3) 
GLOBAL_UNCERTAINTY_ASSIGNED_CONTEXT((#7887)) 
GLOBAL_UNIT_ASSIGNED_CONTEXT((#7884,#7885,#7886)) REPRESENTATION_CONTEXT
('Context #1','3D Context with UNIT and UNCERTAINTY') );
#7884 = ( LENGTH_UNIT() NAMED_UNIT(*) SI_UNIT(.MILLI.,.METRE.) );
#7885 = ( NAMED_UNIT(*) PLANE_ANGLE_UNIT() SI_UNIT($,.RADIAN.) );
#7886 = ( NAMED_UNIT(*) SI_UNIT($,.STERADIAN.) SOLID_ANGLE_UNIT() );
#7887 = UNCERTAINTY_MEASURE_WITH_UNIT(LENGTH_MEASURE(1.E-07),#7884,
  'distance_accuracy_value','confusion accuracy');
#7888 = CONTEXT_DEPENDENT_SHAPE_REPRESENTATION(#7889,#7891);
#7889 = ( REPRESENTATION_RELATIONSHIP('','',#7829,#6734) 
REPRESENTATION_RELATIONSHIP_WITH_TRANSFORMATION(#7890) 
SHAPE_REPRESENTATION_RELATIONSHIP() );
#7890 = ITEM_DEFINED_TRANSFORMATION('','',#11,#6783);
#7891 = PRODUCT_DEFINITION_SHAPE('Placement','Placement of an item',
  #7892);
#7892 = NEXT_ASSEMBLY_USAGE_OCCURRENCE('46','Leads040','',#6729,#7824,$
  );
#7893 = PRODUCT_RELATED_PRODUCT_CATEGORY('part',$,(#7826));
#7894 = SHAPE_DEFINITION_REPRESENTATION(#7895,#7901);
#7895 = PRODUCT_DEFINITION_SHAPE('','',#7896);
#7896 = PRODUCT_DEFINITION('design','',#7897,#7900);
#7897 = PRODUCT_DEFINITION_FORMATION('','',#7898);
#7898 = PRODUCT('Leads041','Leads041','',(#7899));
#7899 = PRODUCT_CONTEXT('',#2,'mechanical');
#7900 = PRODUCT_DEFINITION_CONTEXT('part definition',#2,'design');
#7901 = ADVANCED_BREP_SHAPE_REPRESENTATION('',(#11,#7902),#7955);
#7902 = MANIFOLD_SOLID_BREP('',#7903);
#7903 = CLOSED_SHELL('',(#7904,#7937,#7946));
#7904 = ADVANCED_FACE('',(#7905),#7932,.T.);
#7905 = FACE_BOUND('',#7906,.T.);
#7906 = EDGE_LOOP('',(#7907,#7916,#7924,#7931));
#7907 = ORIENTED_EDGE('',*,*,#7908,.F.);
#7908 = EDGE_CURVE('',#7909,#7909,#7911,.T.);
#7909 = VERTEX_POINT('',#7910);
#7910 = CARTESIAN_POINT('',(-32.765,-6.245698675652E-17,0.1));
#7911 = CIRCLE('',#7912,0.255);
#7912 = AXIS2_PLACEMENT_3D('',#7913,#7914,#7915);
#7913 = CARTESIAN_POINT('',(-33.02,0.,0.1));
#7914 = DIRECTION('',(0.,0.,1.));
#7915 = DIRECTION('',(1.,0.,-0.));
#7916 = ORIENTED_EDGE('',*,*,#7917,.F.);
#7917 = EDGE_CURVE('',#7918,#7909,#7920,.T.);
#7918 = VERTEX_POINT('',#7919);
#7919 = CARTESIAN_POINT('',(-32.765,-6.245698675652E-17,-5.));
#7920 = LINE('',#7921,#7922);
#7921 = CARTESIAN_POINT('',(-32.765,-6.245698675652E-17,-5.));
#7922 = VECTOR('',#7923,1.);
#7923 = DIRECTION('',(0.,0.,1.));
#7924 = ORIENTED_EDGE('',*,*,#7925,.T.);
#7925 = EDGE_CURVE('',#7918,#7918,#7926,.T.);
#7926 = CIRCLE('',#7927,0.255);
#7927 = AXIS2_PLACEMENT_3D('',#7928,#7929,#7930);
#7928 = CARTESIAN_POINT('',(-33.02,0.,-5.));
#7929 = DIRECTION('',(0.,0.,1.));
#7930 = DIRECTION('',(1.,0.,-0.));
#7931 = ORIENTED_EDGE('',*,*,#7917,.T.);
#7932 = CYLINDRICAL_SURFACE('',#7933,0.255);
#7933 = AXIS2_PLACEMENT_3D('',#7934,#7935,#7936);
#7934 = CARTESIAN_POINT('',(-33.02,0.,-5.));
#7935 = DIRECTION('',(0.,0.,1.));
#7936 = DIRECTION('',(1.,0.,-0.));
#7937 = ADVANCED_FACE('',(#7938),#7941,.T.);
#7938 = FACE_BOUND('',#7939,.T.);
#7939 = EDGE_LOOP('',(#7940));
#7940 = ORIENTED_EDGE('',*,*,#7908,.T.);
#7941 = PLANE('',#7942);
#7942 = AXIS2_PLACEMENT_3D('',#7943,#7944,#7945);
#7943 = CARTESIAN_POINT('',(-33.02,0.,0.1));
#7944 = DIRECTION('',(0.,0.,1.));
#7945 = DIRECTION('',(1.,0.,-0.));
#7946 = ADVANCED_FACE('',(#7947),#7950,.F.);
#7947 = FACE_BOUND('',#7948,.T.);
#7948 = EDGE_LOOP('',(#7949));
#7949 = ORIENTED_EDGE('',*,*,#7925,.F.);
#7950 = PLANE('',#7951);
#7951 = AXIS2_PLACEMENT_3D('',#7952,#7953,#7954);
#7952 = CARTESIAN_POINT('',(-33.02,0.,-5.));
#7953 = DIRECTION('',(0.,0.,1.));
#7954 = DIRECTION('',(1.,0.,-0.));
#7955 = ( GEOMETRIC_REPRESENTATION_CONTEXT(3) 
GLOBAL_UNCERTAINTY_ASSIGNED_CONTEXT((#7959)) 
GLOBAL_UNIT_ASSIGNED_CONTEXT((#7956,#7957,#7958)) REPRESENTATION_CONTEXT
('Context #1','3D Context with UNIT and UNCERTAINTY') );
#7956 = ( LENGTH_UNIT() NAMED_UNIT(*) SI_UNIT(.MILLI.,.METRE.) );
#7957 = ( NAMED_UNIT(*) PLANE_ANGLE_UNIT() SI_UNIT($,.RADIAN.) );
#7958 = ( NAMED_UNIT(*) SI_UNIT($,.STERADIAN.) SOLID_ANGLE_UNIT() );
#7959 = UNCERTAINTY_MEASURE_WITH_UNIT(LENGTH_MEASURE(1.E-07),#7956,
  'distance_accuracy_value','confusion accuracy');
#7960 = CONTEXT_DEPENDENT_SHAPE_REPRESENTATION(#7961,#7963);
#7961 = ( REPRESENTATION_RELATIONSHIP('','',#7901,#6734) 
REPRESENTATION_RELATIONSHIP_WITH_TRANSFORMATION(#7962) 
SHAPE_REPRESENTATION_RELATIONSHIP() );
#7962 = ITEM_DEFINED_TRANSFORMATION('','',#11,#6787);
#7963 = PRODUCT_DEFINITION_SHAPE('Placement','Placement of an item',
  #7964);
#7964 = NEXT_ASSEMBLY_USAGE_OCCURRENCE('47','Leads041','',#6729,#7896,$
  );
#7965 = PRODUCT_RELATED_PRODUCT_CATEGORY('part',$,(#7898));
#7966 = SHAPE_DEFINITION_REPRESENTATION(#7967,#7973);
#7967 = PRODUCT_DEFINITION_SHAPE('','',#7968);
#7968 = PRODUCT_DEFINITION('design','',#7969,#7972);
#7969 = PRODUCT_DEFINITION_FORMATION('','',#7970);
#7970 = PRODUCT('Leads042','Leads042','',(#7971));
#7971 = PRODUCT_CONTEXT('',#2,'mechanical');
#7972 = PRODUCT_DEFINITION_CONTEXT('part definition',#2,'design');
#7973 = ADVANCED_BREP_SHAPE_REPRESENTATION('',(#11,#7974),#8027);
#7974 = MANIFOLD_SOLID_BREP('',#7975);
#7975 = CLOSED_SHELL('',(#7976,#8009,#8018));
#7976 = ADVANCED_FACE('',(#7977),#8004,.T.);
#7977 = FACE_BOUND('',#7978,.T.);
#7978 = EDGE_LOOP('',(#7979,#7988,#7996,#8003));
#7979 = ORIENTED_EDGE('',*,*,#7980,.F.);
#7980 = EDGE_CURVE('',#7981,#7981,#7983,.T.);
#7981 = VERTEX_POINT('',#7982);
#7982 = CARTESIAN_POINT('',(-35.305,-6.245698675652E-17,0.1));
#7983 = CIRCLE('',#7984,0.255);
#7984 = AXIS2_PLACEMENT_3D('',#7985,#7986,#7987);
#7985 = CARTESIAN_POINT('',(-35.56,0.,0.1));
#7986 = DIRECTION('',(0.,0.,1.));
#7987 = DIRECTION('',(1.,0.,-0.));
#7988 = ORIENTED_EDGE('',*,*,#7989,.F.);
#7989 = EDGE_CURVE('',#7990,#7981,#7992,.T.);
#7990 = VERTEX_POINT('',#7991);
#7991 = CARTESIAN_POINT('',(-35.305,-6.245698675652E-17,-5.));
#7992 = LINE('',#7993,#7994);
#7993 = CARTESIAN_POINT('',(-35.305,-6.245698675652E-17,-5.));
#7994 = VECTOR('',#7995,1.);
#7995 = DIRECTION('',(0.,0.,1.));
#7996 = ORIENTED_EDGE('',*,*,#7997,.T.);
#7997 = EDGE_CURVE('',#7990,#7990,#7998,.T.);
#7998 = CIRCLE('',#7999,0.255);
#7999 = AXIS2_PLACEMENT_3D('',#8000,#8001,#8002);
#8000 = CARTESIAN_POINT('',(-35.56,0.,-5.));
#8001 = DIRECTION('',(0.,0.,1.));
#8002 = DIRECTION('',(1.,0.,-0.));
#8003 = ORIENTED_EDGE('',*,*,#7989,.T.);
#8004 = CYLINDRICAL_SURFACE('',#8005,0.255);
#8005 = AXIS2_PLACEMENT_3D('',#8006,#8007,#8008);
#8006 = CARTESIAN_POINT('',(-35.56,0.,-5.));
#8007 = DIRECTION('',(0.,0.,1.));
#8008 = DIRECTION('',(1.,0.,-0.));
#8009 = ADVANCED_FACE('',(#8010),#8013,.T.);
#8010 = FACE_BOUND('',#8011,.T.);
#8011 = EDGE_LOOP('',(#8012));
#8012 = ORIENTED_EDGE('',*,*,#7980,.T.);
#8013 = PLANE('',#8014);
#8014 = AXIS2_PLACEMENT_3D('',#8015,#8016,#8017);
#8015 = CARTESIAN_POINT('',(-35.56,0.,0.1));
#8016 = DIRECTION('',(0.,0.,1.));
#8017 = DIRECTION('',(1.,0.,-0.));
#8018 = ADVANCED_FACE('',(#8019),#8022,.F.);
#8019 = FACE_BOUND('',#8020,.T.);
#8020 = EDGE_LOOP('',(#8021));
#8021 = ORIENTED_EDGE('',*,*,#7997,.F.);
#8022 = PLANE('',#8023);
#8023 = AXIS2_PLACEMENT_3D('',#8024,#8025,#8026);
#8024 = CARTESIAN_POINT('',(-35.56,0.,-5.));
#8025 = DIRECTION('',(0.,0.,1.));
#8026 = DIRECTION('',(1.,0.,-0.));
#8027 = ( GEOMETRIC_REPRESENTATION_CONTEXT(3) 
GLOBAL_UNCERTAINTY_ASSIGNED_CONTEXT((#8031)) 
GLOBAL_UNIT_ASSIGNED_CONTEXT((#8028,#8029,#8030)) REPRESENTATION_CONTEXT
('Context #1','3D Context with UNIT and UNCERTAINTY') );
#8028 = ( LENGTH_UNIT() NAMED_UNIT(*) SI_UNIT(.MILLI.,.METRE.) );
#8029 = ( NAMED_UNIT(*) PLANE_ANGLE_UNIT() SI_UNIT($,.RADIAN.) );
#8030 = ( NAMED_UNIT(*) SI_UNIT($,.STERADIAN.) SOLID_ANGLE_UNIT() );
#8031 = UNCERTAINTY_MEASURE_WITH_UNIT(LENGTH_MEASURE(1.E-07),#8028,
  'distance_accuracy_value','confusion accuracy');
#8032 = CONTEXT_DEPENDENT_SHAPE_REPRESENTATION(#8033,#8035);
#8033 = ( REPRESENTATION_RELATIONSHIP('','',#7973,#6734) 
REPRESENTATION_RELATIONSHIP_WITH_TRANSFORMATION(#8034) 
SHAPE_REPRESENTATION_RELATIONSHIP() );
#8034 = ITEM_DEFINED_TRANSFORMATION('','',#11,#6791);
#8035 = PRODUCT_DEFINITION_SHAPE('Placement','Placement of an item',
  #8036);
#8036 = NEXT_ASSEMBLY_USAGE_OCCURRENCE('48','Leads042','',#6729,#7968,$
  );
#8037 = PRODUCT_RELATED_PRODUCT_CATEGORY('part',$,(#7970));
#8038 = SHAPE_DEFINITION_REPRESENTATION(#8039,#8045);
#8039 = PRODUCT_DEFINITION_SHAPE('','',#8040);
#8040 = PRODUCT_DEFINITION('design','',#8041,#8044);
#8041 = PRODUCT_DEFINITION_FORMATION('','',#8042);
#8042 = PRODUCT('Leads043','Leads043','',(#8043));
#8043 = PRODUCT_CONTEXT('',#2,'mechanical');
#8044 = PRODUCT_DEFINITION_CONTEXT('part definition',#2,'design');
#8045 = ADVANCED_BREP_SHAPE_REPRESENTATION('',(#11,#8046),#8099);
#8046 = MANIFOLD_SOLID_BREP('',#8047);
#8047 = CLOSED_SHELL('',(#8048,#8081,#8090));
#8048 = ADVANCED_FACE('',(#8049),#8076,.T.);
#8049 = FACE_BOUND('',#8050,.T.);
#8050 = EDGE_LOOP('',(#8051,#8060,#8068,#8075));
#8051 = ORIENTED_EDGE('',*,*,#8052,.F.);
#8052 = EDGE_CURVE('',#8053,#8053,#8055,.T.);
#8053 = VERTEX_POINT('',#8054);
#8054 = CARTESIAN_POINT('',(-37.845,-6.245698675652E-17,0.1));
#8055 = CIRCLE('',#8056,0.255);
#8056 = AXIS2_PLACEMENT_3D('',#8057,#8058,#8059);
#8057 = CARTESIAN_POINT('',(-38.1,0.,0.1));
#8058 = DIRECTION('',(0.,0.,1.));
#8059 = DIRECTION('',(1.,0.,-0.));
#8060 = ORIENTED_EDGE('',*,*,#8061,.F.);
#8061 = EDGE_CURVE('',#8062,#8053,#8064,.T.);
#8062 = VERTEX_POINT('',#8063);
#8063 = CARTESIAN_POINT('',(-37.845,-6.245698675652E-17,-5.));
#8064 = LINE('',#8065,#8066);
#8065 = CARTESIAN_POINT('',(-37.845,-6.245698675652E-17,-5.));
#8066 = VECTOR('',#8067,1.);
#8067 = DIRECTION('',(0.,0.,1.));
#8068 = ORIENTED_EDGE('',*,*,#8069,.T.);
#8069 = EDGE_CURVE('',#8062,#8062,#8070,.T.);
#8070 = CIRCLE('',#8071,0.255);
#8071 = AXIS2_PLACEMENT_3D('',#8072,#8073,#8074);
#8072 = CARTESIAN_POINT('',(-38.1,0.,-5.));
#8073 = DIRECTION('',(0.,0.,1.));
#8074 = DIRECTION('',(1.,0.,-0.));
#8075 = ORIENTED_EDGE('',*,*,#8061,.T.);
#8076 = CYLINDRICAL_SURFACE('',#8077,0.255);
#8077 = AXIS2_PLACEMENT_3D('',#8078,#8079,#8080);
#8078 = CARTESIAN_POINT('',(-38.1,0.,-5.));
#8079 = DIRECTION('',(0.,0.,1.));
#8080 = DIRECTION('',(1.,0.,-0.));
#8081 = ADVANCED_FACE('',(#8082),#8085,.T.);
#8082 = FACE_BOUND('',#8083,.T.);
#8083 = EDGE_LOOP('',(#8084));
#8084 = ORIENTED_EDGE('',*,*,#8052,.T.);
#8085 = PLANE('',#8086);
#8086 = AXIS2_PLACEMENT_3D('',#8087,#8088,#8089);
#8087 = CARTESIAN_POINT('',(-38.1,0.,0.1));
#8088 = DIRECTION('',(0.,0.,1.));
#8089 = DIRECTION('',(1.,0.,-0.));
#8090 = ADVANCED_FACE('',(#8091),#8094,.F.);
#8091 = FACE_BOUND('',#8092,.T.);
#8092 = EDGE_LOOP('',(#8093));
#8093 = ORIENTED_EDGE('',*,*,#8069,.F.);
#8094 = PLANE('',#8095);
#8095 = AXIS2_PLACEMENT_3D('',#8096,#8097,#8098);
#8096 = CARTESIAN_POINT('',(-38.1,0.,-5.));
#8097 = DIRECTION('',(0.,0.,1.));
#8098 = DIRECTION('',(1.,0.,-0.));
#8099 = ( GEOMETRIC_REPRESENTATION_CONTEXT(3) 
GLOBAL_UNCERTAINTY_ASSIGNED_CONTEXT((#8103)) 
GLOBAL_UNIT_ASSIGNED_CONTEXT((#8100,#8101,#8102)) REPRESENTATION_CONTEXT
('Context #1','3D Context with UNIT and UNCERTAINTY') );
#8100 = ( LENGTH_UNIT() NAMED_UNIT(*) SI_UNIT(.MILLI.,.METRE.) );
#8101 = ( NAMED_UNIT(*) PLANE_ANGLE_UNIT() SI_UNIT($,.RADIAN.) );
#8102 = ( NAMED_UNIT(*) SI_UNIT($,.STERADIAN.) SOLID_ANGLE_UNIT() );
#8103 = UNCERTAINTY_MEASURE_WITH_UNIT(LENGTH_MEASURE(1.E-07),#8100,
  'distance_accuracy_value','confusion accuracy');
#8104 = CONTEXT_DEPENDENT_SHAPE_REPRESENTATION(#8105,#8107);
#8105 = ( REPRESENTATION_RELATIONSHIP('','',#8045,#6734) 
REPRESENTATION_RELATIONSHIP_WITH_TRANSFORMATION(#8106) 
SHAPE_REPRESENTATION_RELATIONSHIP() );
#8106 = ITEM_DEFINED_TRANSFORMATION('','',#11,#6795);
#8107 = PRODUCT_DEFINITION_SHAPE('Placement','Placement of an item',
  #8108);
#8108 = NEXT_ASSEMBLY_USAGE_OCCURRENCE('49','Leads043','',#6729,#8040,$
  );
#8109 = PRODUCT_RELATED_PRODUCT_CATEGORY('part',$,(#8042));
#8110 = SHAPE_DEFINITION_REPRESENTATION(#8111,#8117);
#8111 = PRODUCT_DEFINITION_SHAPE('','',#8112);
#8112 = PRODUCT_DEFINITION('design','',#8113,#8116);
#8113 = PRODUCT_DEFINITION_FORMATION('','',#8114);
#8114 = PRODUCT('Leads044','Leads044','',(#8115));
#8115 = PRODUCT_CONTEXT('',#2,'mechanical');
#8116 = PRODUCT_DEFINITION_CONTEXT('part definition',#2,'design');
#8117 = ADVANCED_BREP_SHAPE_REPRESENTATION('',(#11,#8118),#8171);
#8118 = MANIFOLD_SOLID_BREP('',#8119);
#8119 = CLOSED_SHELL('',(#8120,#8153,#8162));
#8120 = ADVANCED_FACE('',(#8121),#8148,.T.);
#8121 = FACE_BOUND('',#8122,.T.);
#8122 = EDGE_LOOP('',(#8123,#8132,#8140,#8147));
#8123 = ORIENTED_EDGE('',*,*,#8124,.F.);
#8124 = EDGE_CURVE('',#8125,#8125,#8127,.T.);
#8125 = VERTEX_POINT('',#8126);
#8126 = CARTESIAN_POINT('',(-40.385,-6.245698675652E-17,0.1));
#8127 = CIRCLE('',#8128,0.255);
#8128 = AXIS2_PLACEMENT_3D('',#8129,#8130,#8131);
#8129 = CARTESIAN_POINT('',(-40.64,0.,0.1));
#8130 = DIRECTION('',(0.,0.,1.));
#8131 = DIRECTION('',(1.,0.,-0.));
#8132 = ORIENTED_EDGE('',*,*,#8133,.F.);
#8133 = EDGE_CURVE('',#8134,#8125,#8136,.T.);
#8134 = VERTEX_POINT('',#8135);
#8135 = CARTESIAN_POINT('',(-40.385,-6.245698675652E-17,-5.));
#8136 = LINE('',#8137,#8138);
#8137 = CARTESIAN_POINT('',(-40.385,-6.245698675652E-17,-5.));
#8138 = VECTOR('',#8139,1.);
#8139 = DIRECTION('',(0.,0.,1.));
#8140 = ORIENTED_EDGE('',*,*,#8141,.T.);
#8141 = EDGE_CURVE('',#8134,#8134,#8142,.T.);
#8142 = CIRCLE('',#8143,0.255);
#8143 = AXIS2_PLACEMENT_3D('',#8144,#8145,#8146);
#8144 = CARTESIAN_POINT('',(-40.64,0.,-5.));
#8145 = DIRECTION('',(0.,0.,1.));
#8146 = DIRECTION('',(1.,0.,-0.));
#8147 = ORIENTED_EDGE('',*,*,#8133,.T.);
#8148 = CYLINDRICAL_SURFACE('',#8149,0.255);
#8149 = AXIS2_PLACEMENT_3D('',#8150,#8151,#8152);
#8150 = CARTESIAN_POINT('',(-40.64,0.,-5.));
#8151 = DIRECTION('',(0.,0.,1.));
#8152 = DIRECTION('',(1.,0.,-0.));
#8153 = ADVANCED_FACE('',(#8154),#8157,.T.);
#8154 = FACE_BOUND('',#8155,.T.);
#8155 = EDGE_LOOP('',(#8156));
#8156 = ORIENTED_EDGE('',*,*,#8124,.T.);
#8157 = PLANE('',#8158);
#8158 = AXIS2_PLACEMENT_3D('',#8159,#8160,#8161);
#8159 = CARTESIAN_POINT('',(-40.64,0.,0.1));
#8160 = DIRECTION('',(0.,0.,1.));
#8161 = DIRECTION('',(1.,0.,-0.));
#8162 = ADVANCED_FACE('',(#8163),#8166,.F.);
#8163 = FACE_BOUND('',#8164,.T.);
#8164 = EDGE_LOOP('',(#8165));
#8165 = ORIENTED_EDGE('',*,*,#8141,.F.);
#8166 = PLANE('',#8167);
#8167 = AXIS2_PLACEMENT_3D('',#8168,#8169,#8170);
#8168 = CARTESIAN_POINT('',(-40.64,0.,-5.));
#8169 = DIRECTION('',(0.,0.,1.));
#8170 = DIRECTION('',(1.,0.,-0.));
#8171 = ( GEOMETRIC_REPRESENTATION_CONTEXT(3) 
GLOBAL_UNCERTAINTY_ASSIGNED_CONTEXT((#8175)) 
GLOBAL_UNIT_ASSIGNED_CONTEXT((#8172,#8173,#8174)) REPRESENTATION_CONTEXT
('Context #1','3D Context with UNIT and UNCERTAINTY') );
#8172 = ( LENGTH_UNIT() NAMED_UNIT(*) SI_UNIT(.MILLI.,.METRE.) );
#8173 = ( NAMED_UNIT(*) PLANE_ANGLE_UNIT() SI_UNIT($,.RADIAN.) );
#8174 = ( NAMED_UNIT(*) SI_UNIT($,.STERADIAN.) SOLID_ANGLE_UNIT() );
#8175 = UNCERTAINTY_MEASURE_WITH_UNIT(LENGTH_MEASURE(1.E-07),#8172,
  'distance_accuracy_value','confusion accuracy');
#8176 = CONTEXT_DEPENDENT_SHAPE_REPRESENTATION(#8177,#8179);
#8177 = ( REPRESENTATION_RELATIONSHIP('','',#8117,#6734) 
REPRESENTATION_RELATIONSHIP_WITH_TRANSFORMATION(#8178) 
SHAPE_REPRESENTATION_RELATIONSHIP() );
#8178 = ITEM_DEFINED_TRANSFORMATION('','',#11,#6799);
#8179 = PRODUCT_DEFINITION_SHAPE('Placement','Placement of an item',
  #8180);
#8180 = NEXT_ASSEMBLY_USAGE_OCCURRENCE('50','Leads044','',#6729,#8112,$
  );
#8181 = PRODUCT_RELATED_PRODUCT_CATEGORY('part',$,(#8114));
#8182 = SHAPE_DEFINITION_REPRESENTATION(#8183,#8189);
#8183 = PRODUCT_DEFINITION_SHAPE('','',#8184);
#8184 = PRODUCT_DEFINITION('design','',#8185,#8188);
#8185 = PRODUCT_DEFINITION_FORMATION('','',#8186);
#8186 = PRODUCT('Leads045','Leads045','',(#8187));
#8187 = PRODUCT_CONTEXT('',#2,'mechanical');
#8188 = PRODUCT_DEFINITION_CONTEXT('part definition',#2,'design');
#8189 = ADVANCED_BREP_SHAPE_REPRESENTATION('',(#11,#8190),#8243);
#8190 = MANIFOLD_SOLID_BREP('',#8191);
#8191 = CLOSED_SHELL('',(#8192,#8225,#8234));
#8192 = ADVANCED_FACE('',(#8193),#8220,.T.);
#8193 = FACE_BOUND('',#8194,.T.);
#8194 = EDGE_LOOP('',(#8195,#8204,#8212,#8219));
#8195 = ORIENTED_EDGE('',*,*,#8196,.F.);
#8196 = EDGE_CURVE('',#8197,#8197,#8199,.T.);
#8197 = VERTEX_POINT('',#8198);
#8198 = CARTESIAN_POINT('',(-42.925,-6.245698675652E-17,0.1));
#8199 = CIRCLE('',#8200,0.255);
#8200 = AXIS2_PLACEMENT_3D('',#8201,#8202,#8203);
#8201 = CARTESIAN_POINT('',(-43.18,0.,0.1));
#8202 = DIRECTION('',(0.,0.,1.));
#8203 = DIRECTION('',(1.,0.,-0.));
#8204 = ORIENTED_EDGE('',*,*,#8205,.F.);
#8205 = EDGE_CURVE('',#8206,#8197,#8208,.T.);
#8206 = VERTEX_POINT('',#8207);
#8207 = CARTESIAN_POINT('',(-42.925,-6.245698675652E-17,-5.));
#8208 = LINE('',#8209,#8210);
#8209 = CARTESIAN_POINT('',(-42.925,-6.245698675652E-17,-5.));
#8210 = VECTOR('',#8211,1.);
#8211 = DIRECTION('',(0.,0.,1.));
#8212 = ORIENTED_EDGE('',*,*,#8213,.T.);
#8213 = EDGE_CURVE('',#8206,#8206,#8214,.T.);
#8214 = CIRCLE('',#8215,0.255);
#8215 = AXIS2_PLACEMENT_3D('',#8216,#8217,#8218);
#8216 = CARTESIAN_POINT('',(-43.18,0.,-5.));
#8217 = DIRECTION('',(0.,0.,1.));
#8218 = DIRECTION('',(1.,0.,-0.));
#8219 = ORIENTED_EDGE('',*,*,#8205,.T.);
#8220 = CYLINDRICAL_SURFACE('',#8221,0.255);
#8221 = AXIS2_PLACEMENT_3D('',#8222,#8223,#8224);
#8222 = CARTESIAN_POINT('',(-43.18,0.,-5.));
#8223 = DIRECTION('',(0.,0.,1.));
#8224 = DIRECTION('',(1.,0.,-0.));
#8225 = ADVANCED_FACE('',(#8226),#8229,.T.);
#8226 = FACE_BOUND('',#8227,.T.);
#8227 = EDGE_LOOP('',(#8228));
#8228 = ORIENTED_EDGE('',*,*,#8196,.T.);
#8229 = PLANE('',#8230);
#8230 = AXIS2_PLACEMENT_3D('',#8231,#8232,#8233);
#8231 = CARTESIAN_POINT('',(-43.18,0.,0.1));
#8232 = DIRECTION('',(0.,0.,1.));
#8233 = DIRECTION('',(1.,0.,-0.));
#8234 = ADVANCED_FACE('',(#8235),#8238,.F.);
#8235 = FACE_BOUND('',#8236,.T.);
#8236 = EDGE_LOOP('',(#8237));
#8237 = ORIENTED_EDGE('',*,*,#8213,.F.);
#8238 = PLANE('',#8239);
#8239 = AXIS2_PLACEMENT_3D('',#8240,#8241,#8242);
#8240 = CARTESIAN_POINT('',(-43.18,0.,-5.));
#8241 = DIRECTION('',(0.,0.,1.));
#8242 = DIRECTION('',(1.,0.,-0.));
#8243 = ( GEOMETRIC_REPRESENTATION_CONTEXT(3) 
GLOBAL_UNCERTAINTY_ASSIGNED_CONTEXT((#8247)) 
GLOBAL_UNIT_ASSIGNED_CONTEXT((#8244,#8245,#8246)) REPRESENTATION_CONTEXT
('Context #1','3D Context with UNIT and UNCERTAINTY') );
#8244 = ( LENGTH_UNIT() NAMED_UNIT(*) SI_UNIT(.MILLI.,.METRE.) );
#8245 = ( NAMED_UNIT(*) PLANE_ANGLE_UNIT() SI_UNIT($,.RADIAN.) );
#8246 = ( NAMED_UNIT(*) SI_UNIT($,.STERADIAN.) SOLID_ANGLE_UNIT() );
#8247 = UNCERTAINTY_MEASURE_WITH_UNIT(LENGTH_MEASURE(1.E-07),#8244,
  'distance_accuracy_value','confusion accuracy');
#8248 = CONTEXT_DEPENDENT_SHAPE_REPRESENTATION(#8249,#8251);
#8249 = ( REPRESENTATION_RELATIONSHIP('','',#8189,#6734) 
REPRESENTATION_RELATIONSHIP_WITH_TRANSFORMATION(#8250) 
SHAPE_REPRESENTATION_RELATIONSHIP() );
#8250 = ITEM_DEFINED_TRANSFORMATION('','',#11,#6803);
#8251 = PRODUCT_DEFINITION_SHAPE('Placement','Placement of an item',
  #8252);
#8252 = NEXT_ASSEMBLY_USAGE_OCCURRENCE('51','Leads045','',#6729,#8184,$
  );
#8253 = PRODUCT_RELATED_PRODUCT_CATEGORY('part',$,(#8186));
#8254 = SHAPE_DEFINITION_REPRESENTATION(#8255,#8261);
#8255 = PRODUCT_DEFINITION_SHAPE('','',#8256);
#8256 = PRODUCT_DEFINITION('design','',#8257,#8260);
#8257 = PRODUCT_DEFINITION_FORMATION('','',#8258);
#8258 = PRODUCT('Leads046','Leads046','',(#8259));
#8259 = PRODUCT_CONTEXT('',#2,'mechanical');
#8260 = PRODUCT_DEFINITION_CONTEXT('part definition',#2,'design');
#8261 = ADVANCED_BREP_SHAPE_REPRESENTATION('',(#11,#8262),#8315);
#8262 = MANIFOLD_SOLID_BREP('',#8263);
#8263 = CLOSED_SHELL('',(#8264,#8297,#8306));
#8264 = ADVANCED_FACE('',(#8265),#8292,.T.);
#8265 = FACE_BOUND('',#8266,.T.);
#8266 = EDGE_LOOP('',(#8267,#8276,#8284,#8291));
#8267 = ORIENTED_EDGE('',*,*,#8268,.F.);
#8268 = EDGE_CURVE('',#8269,#8269,#8271,.T.);
#8269 = VERTEX_POINT('',#8270);
#8270 = CARTESIAN_POINT('',(-1.015,-2.54,0.1));
#8271 = CIRCLE('',#8272,0.255);
#8272 = AXIS2_PLACEMENT_3D('',#8273,#8274,#8275);
#8273 = CARTESIAN_POINT('',(-1.27,-2.54,0.1));
#8274 = DIRECTION('',(0.,0.,1.));
#8275 = DIRECTION('',(1.,0.,-0.));
#8276 = ORIENTED_EDGE('',*,*,#8277,.F.);
#8277 = EDGE_CURVE('',#8278,#8269,#8280,.T.);
#8278 = VERTEX_POINT('',#8279);
#8279 = CARTESIAN_POINT('',(-1.015,-2.54,-5.));
#8280 = LINE('',#8281,#8282);
#8281 = CARTESIAN_POINT('',(-1.015,-2.54,-5.));
#8282 = VECTOR('',#8283,1.);
#8283 = DIRECTION('',(0.,0.,1.));
#8284 = ORIENTED_EDGE('',*,*,#8285,.T.);
#8285 = EDGE_CURVE('',#8278,#8278,#8286,.T.);
#8286 = CIRCLE('',#8287,0.255);
#8287 = AXIS2_PLACEMENT_3D('',#8288,#8289,#8290);
#8288 = CARTESIAN_POINT('',(-1.27,-2.54,-5.));
#8289 = DIRECTION('',(0.,0.,1.));
#8290 = DIRECTION('',(1.,0.,-0.));
#8291 = ORIENTED_EDGE('',*,*,#8277,.T.);
#8292 = CYLINDRICAL_SURFACE('',#8293,0.255);
#8293 = AXIS2_PLACEMENT_3D('',#8294,#8295,#8296);
#8294 = CARTESIAN_POINT('',(-1.27,-2.54,-5.));
#8295 = DIRECTION('',(0.,0.,1.));
#8296 = DIRECTION('',(1.,0.,-0.));
#8297 = ADVANCED_FACE('',(#8298),#8301,.T.);
#8298 = FACE_BOUND('',#8299,.T.);
#8299 = EDGE_LOOP('',(#8300));
#8300 = ORIENTED_EDGE('',*,*,#8268,.T.);
#8301 = PLANE('',#8302);
#8302 = AXIS2_PLACEMENT_3D('',#8303,#8304,#8305);
#8303 = CARTESIAN_POINT('',(-1.27,-2.54,0.1));
#8304 = DIRECTION('',(0.,0.,1.));
#8305 = DIRECTION('',(1.,0.,-0.));
#8306 = ADVANCED_FACE('',(#8307),#8310,.F.);
#8307 = FACE_BOUND('',#8308,.T.);
#8308 = EDGE_LOOP('',(#8309));
#8309 = ORIENTED_EDGE('',*,*,#8285,.F.);
#8310 = PLANE('',#8311);
#8311 = AXIS2_PLACEMENT_3D('',#8312,#8313,#8314);
#8312 = CARTESIAN_POINT('',(-1.27,-2.54,-5.));
#8313 = DIRECTION('',(0.,0.,1.));
#8314 = DIRECTION('',(1.,0.,-0.));
#8315 = ( GEOMETRIC_REPRESENTATION_CONTEXT(3) 
GLOBAL_UNCERTAINTY_ASSIGNED_CONTEXT((#8319)) 
GLOBAL_UNIT_ASSIGNED_CONTEXT((#8316,#8317,#8318)) REPRESENTATION_CONTEXT
('Context #1','3D Context with UNIT and UNCERTAINTY') );
#8316 = ( LENGTH_UNIT() NAMED_UNIT(*) SI_UNIT(.MILLI.,.METRE.) );
#8317 = ( NAMED_UNIT(*) PLANE_ANGLE_UNIT() SI_UNIT($,.RADIAN.) );
#8318 = ( NAMED_UNIT(*) SI_UNIT($,.STERADIAN.) SOLID_ANGLE_UNIT() );
#8319 = UNCERTAINTY_MEASURE_WITH_UNIT(LENGTH_MEASURE(1.E-07),#8316,
  'distance_accuracy_value','confusion accuracy');
#8320 = CONTEXT_DEPENDENT_SHAPE_REPRESENTATION(#8321,#8323);
#8321 = ( REPRESENTATION_RELATIONSHIP('','',#8261,#6734) 
REPRESENTATION_RELATIONSHIP_WITH_TRANSFORMATION(#8322) 
SHAPE_REPRESENTATION_RELATIONSHIP() );
#8322 = ITEM_DEFINED_TRANSFORMATION('','',#11,#6807);
#8323 = PRODUCT_DEFINITION_SHAPE('Placement','Placement of an item',
  #8324);
#8324 = NEXT_ASSEMBLY_USAGE_OCCURRENCE('52','Leads046','',#6729,#8256,$
  );
#8325 = PRODUCT_RELATED_PRODUCT_CATEGORY('part',$,(#8258));
#8326 = SHAPE_DEFINITION_REPRESENTATION(#8327,#8333);
#8327 = PRODUCT_DEFINITION_SHAPE('','',#8328);
#8328 = PRODUCT_DEFINITION('design','',#8329,#8332);
#8329 = PRODUCT_DEFINITION_FORMATION('','',#8330);
#8330 = PRODUCT('Leads047','Leads047','',(#8331));
#8331 = PRODUCT_CONTEXT('',#2,'mechanical');
#8332 = PRODUCT_DEFINITION_CONTEXT('part definition',#2,'design');
#8333 = ADVANCED_BREP_SHAPE_REPRESENTATION('',(#11,#8334),#8387);
#8334 = MANIFOLD_SOLID_BREP('',#8335);
#8335 = CLOSED_SHELL('',(#8336,#8369,#8378));
#8336 = ADVANCED_FACE('',(#8337),#8364,.T.);
#8337 = FACE_BOUND('',#8338,.T.);
#8338 = EDGE_LOOP('',(#8339,#8348,#8356,#8363));
#8339 = ORIENTED_EDGE('',*,*,#8340,.F.);
#8340 = EDGE_CURVE('',#8341,#8341,#8343,.T.);
#8341 = VERTEX_POINT('',#8342);
#8342 = CARTESIAN_POINT('',(-3.555,-2.54,0.1));
#8343 = CIRCLE('',#8344,0.255);
#8344 = AXIS2_PLACEMENT_3D('',#8345,#8346,#8347);
#8345 = CARTESIAN_POINT('',(-3.81,-2.54,0.1));
#8346 = DIRECTION('',(0.,0.,1.));
#8347 = DIRECTION('',(1.,0.,-0.));
#8348 = ORIENTED_EDGE('',*,*,#8349,.F.);
#8349 = EDGE_CURVE('',#8350,#8341,#8352,.T.);
#8350 = VERTEX_POINT('',#8351);
#8351 = CARTESIAN_POINT('',(-3.555,-2.54,-5.));
#8352 = LINE('',#8353,#8354);
#8353 = CARTESIAN_POINT('',(-3.555,-2.54,-5.));
#8354 = VECTOR('',#8355,1.);
#8355 = DIRECTION('',(0.,0.,1.));
#8356 = ORIENTED_EDGE('',*,*,#8357,.T.);
#8357 = EDGE_CURVE('',#8350,#8350,#8358,.T.);
#8358 = CIRCLE('',#8359,0.255);
#8359 = AXIS2_PLACEMENT_3D('',#8360,#8361,#8362);
#8360 = CARTESIAN_POINT('',(-3.81,-2.54,-5.));
#8361 = DIRECTION('',(0.,0.,1.));
#8362 = DIRECTION('',(1.,0.,-0.));
#8363 = ORIENTED_EDGE('',*,*,#8349,.T.);
#8364 = CYLINDRICAL_SURFACE('',#8365,0.255);
#8365 = AXIS2_PLACEMENT_3D('',#8366,#8367,#8368);
#8366 = CARTESIAN_POINT('',(-3.81,-2.54,-5.));
#8367 = DIRECTION('',(0.,0.,1.));
#8368 = DIRECTION('',(1.,0.,-0.));
#8369 = ADVANCED_FACE('',(#8370),#8373,.T.);
#8370 = FACE_BOUND('',#8371,.T.);
#8371 = EDGE_LOOP('',(#8372));
#8372 = ORIENTED_EDGE('',*,*,#8340,.T.);
#8373 = PLANE('',#8374);
#8374 = AXIS2_PLACEMENT_3D('',#8375,#8376,#8377);
#8375 = CARTESIAN_POINT('',(-3.81,-2.54,0.1));
#8376 = DIRECTION('',(0.,0.,1.));
#8377 = DIRECTION('',(1.,0.,-0.));
#8378 = ADVANCED_FACE('',(#8379),#8382,.F.);
#8379 = FACE_BOUND('',#8380,.T.);
#8380 = EDGE_LOOP('',(#8381));
#8381 = ORIENTED_EDGE('',*,*,#8357,.F.);
#8382 = PLANE('',#8383);
#8383 = AXIS2_PLACEMENT_3D('',#8384,#8385,#8386);
#8384 = CARTESIAN_POINT('',(-3.81,-2.54,-5.));
#8385 = DIRECTION('',(0.,0.,1.));
#8386 = DIRECTION('',(1.,0.,-0.));
#8387 = ( GEOMETRIC_REPRESENTATION_CONTEXT(3) 
GLOBAL_UNCERTAINTY_ASSIGNED_CONTEXT((#8391)) 
GLOBAL_UNIT_ASSIGNED_CONTEXT((#8388,#8389,#8390)) REPRESENTATION_CONTEXT
('Context #1','3D Context with UNIT and UNCERTAINTY') );
#8388 = ( LENGTH_UNIT() NAMED_UNIT(*) SI_UNIT(.MILLI.,.METRE.) );
#8389 = ( NAMED_UNIT(*) PLANE_ANGLE_UNIT() SI_UNIT($,.RADIAN.) );
#8390 = ( NAMED_UNIT(*) SI_UNIT($,.STERADIAN.) SOLID_ANGLE_UNIT() );
#8391 = UNCERTAINTY_MEASURE_WITH_UNIT(LENGTH_MEASURE(1.E-07),#8388,
  'distance_accuracy_value','confusion accuracy');
#8392 = CONTEXT_DEPENDENT_SHAPE_REPRESENTATION(#8393,#8395);
#8393 = ( REPRESENTATION_RELATIONSHIP('','',#8333,#6734) 
REPRESENTATION_RELATIONSHIP_WITH_TRANSFORMATION(#8394) 
SHAPE_REPRESENTATION_RELATIONSHIP() );
#8394 = ITEM_DEFINED_TRANSFORMATION('','',#11,#6811);
#8395 = PRODUCT_DEFINITION_SHAPE('Placement','Placement of an item',
  #8396);
#8396 = NEXT_ASSEMBLY_USAGE_OCCURRENCE('53','Leads047','',#6729,#8328,$
  );
#8397 = PRODUCT_RELATED_PRODUCT_CATEGORY('part',$,(#8330));
#8398 = SHAPE_DEFINITION_REPRESENTATION(#8399,#8405);
#8399 = PRODUCT_DEFINITION_SHAPE('','',#8400);
#8400 = PRODUCT_DEFINITION('design','',#8401,#8404);
#8401 = PRODUCT_DEFINITION_FORMATION('','',#8402);
#8402 = PRODUCT('Leads048','Leads048','',(#8403));
#8403 = PRODUCT_CONTEXT('',#2,'mechanical');
#8404 = PRODUCT_DEFINITION_CONTEXT('part definition',#2,'design');
#8405 = ADVANCED_BREP_SHAPE_REPRESENTATION('',(#11,#8406),#8459);
#8406 = MANIFOLD_SOLID_BREP('',#8407);
#8407 = CLOSED_SHELL('',(#8408,#8441,#8450));
#8408 = ADVANCED_FACE('',(#8409),#8436,.T.);
#8409 = FACE_BOUND('',#8410,.T.);
#8410 = EDGE_LOOP('',(#8411,#8420,#8428,#8435));
#8411 = ORIENTED_EDGE('',*,*,#8412,.F.);
#8412 = EDGE_CURVE('',#8413,#8413,#8415,.T.);
#8413 = VERTEX_POINT('',#8414);
#8414 = CARTESIAN_POINT('',(-6.095,-2.54,0.1));
#8415 = CIRCLE('',#8416,0.255);
#8416 = AXIS2_PLACEMENT_3D('',#8417,#8418,#8419);
#8417 = CARTESIAN_POINT('',(-6.35,-2.54,0.1));
#8418 = DIRECTION('',(0.,0.,1.));
#8419 = DIRECTION('',(1.,0.,-0.));
#8420 = ORIENTED_EDGE('',*,*,#8421,.F.);
#8421 = EDGE_CURVE('',#8422,#8413,#8424,.T.);
#8422 = VERTEX_POINT('',#8423);
#8423 = CARTESIAN_POINT('',(-6.095,-2.54,-5.));
#8424 = LINE('',#8425,#8426);
#8425 = CARTESIAN_POINT('',(-6.095,-2.54,-5.));
#8426 = VECTOR('',#8427,1.);
#8427 = DIRECTION('',(0.,0.,1.));
#8428 = ORIENTED_EDGE('',*,*,#8429,.T.);
#8429 = EDGE_CURVE('',#8422,#8422,#8430,.T.);
#8430 = CIRCLE('',#8431,0.255);
#8431 = AXIS2_PLACEMENT_3D('',#8432,#8433,#8434);
#8432 = CARTESIAN_POINT('',(-6.35,-2.54,-5.));
#8433 = DIRECTION('',(0.,0.,1.));
#8434 = DIRECTION('',(1.,0.,-0.));
#8435 = ORIENTED_EDGE('',*,*,#8421,.T.);
#8436 = CYLINDRICAL_SURFACE('',#8437,0.255);
#8437 = AXIS2_PLACEMENT_3D('',#8438,#8439,#8440);
#8438 = CARTESIAN_POINT('',(-6.35,-2.54,-5.));
#8439 = DIRECTION('',(0.,0.,1.));
#8440 = DIRECTION('',(1.,0.,-0.));
#8441 = ADVANCED_FACE('',(#8442),#8445,.T.);
#8442 = FACE_BOUND('',#8443,.T.);
#8443 = EDGE_LOOP('',(#8444));
#8444 = ORIENTED_EDGE('',*,*,#8412,.T.);
#8445 = PLANE('',#8446);
#8446 = AXIS2_PLACEMENT_3D('',#8447,#8448,#8449);
#8447 = CARTESIAN_POINT('',(-6.35,-2.54,0.1));
#8448 = DIRECTION('',(0.,0.,1.));
#8449 = DIRECTION('',(1.,0.,-0.));
#8450 = ADVANCED_FACE('',(#8451),#8454,.F.);
#8451 = FACE_BOUND('',#8452,.T.);
#8452 = EDGE_LOOP('',(#8453));
#8453 = ORIENTED_EDGE('',*,*,#8429,.F.);
#8454 = PLANE('',#8455);
#8455 = AXIS2_PLACEMENT_3D('',#8456,#8457,#8458);
#8456 = CARTESIAN_POINT('',(-6.35,-2.54,-5.));
#8457 = DIRECTION('',(0.,0.,1.));
#8458 = DIRECTION('',(1.,0.,-0.));
#8459 = ( GEOMETRIC_REPRESENTATION_CONTEXT(3) 
GLOBAL_UNCERTAINTY_ASSIGNED_CONTEXT((#8463)) 
GLOBAL_UNIT_ASSIGNED_CONTEXT((#8460,#8461,#8462)) REPRESENTATION_CONTEXT
('Context #1','3D Context with UNIT and UNCERTAINTY') );
#8460 = ( LENGTH_UNIT() NAMED_UNIT(*) SI_UNIT(.MILLI.,.METRE.) );
#8461 = ( NAMED_UNIT(*) PLANE_ANGLE_UNIT() SI_UNIT($,.RADIAN.) );
#8462 = ( NAMED_UNIT(*) SI_UNIT($,.STERADIAN.) SOLID_ANGLE_UNIT() );
#8463 = UNCERTAINTY_MEASURE_WITH_UNIT(LENGTH_MEASURE(1.E-07),#8460,
  'distance_accuracy_value','confusion accuracy');
#8464 = CONTEXT_DEPENDENT_SHAPE_REPRESENTATION(#8465,#8467);
#8465 = ( REPRESENTATION_RELATIONSHIP('','',#8405,#6734) 
REPRESENTATION_RELATIONSHIP_WITH_TRANSFORMATION(#8466) 
SHAPE_REPRESENTATION_RELATIONSHIP() );
#8466 = ITEM_DEFINED_TRANSFORMATION('','',#11,#6815);
#8467 = PRODUCT_DEFINITION_SHAPE('Placement','Placement of an item',
  #8468);
#8468 = NEXT_ASSEMBLY_USAGE_OCCURRENCE('54','Leads048','',#6729,#8400,$
  );
#8469 = PRODUCT_RELATED_PRODUCT_CATEGORY('part',$,(#8402));
#8470 = SHAPE_DEFINITION_REPRESENTATION(#8471,#8477);
#8471 = PRODUCT_DEFINITION_SHAPE('','',#8472);
#8472 = PRODUCT_DEFINITION('design','',#8473,#8476);
#8473 = PRODUCT_DEFINITION_FORMATION('','',#8474);
#8474 = PRODUCT('Leads049','Leads049','',(#8475));
#8475 = PRODUCT_CONTEXT('',#2,'mechanical');
#8476 = PRODUCT_DEFINITION_CONTEXT('part definition',#2,'design');
#8477 = ADVANCED_BREP_SHAPE_REPRESENTATION('',(#11,#8478),#8531);
#8478 = MANIFOLD_SOLID_BREP('',#8479);
#8479 = CLOSED_SHELL('',(#8480,#8513,#8522));
#8480 = ADVANCED_FACE('',(#8481),#8508,.T.);
#8481 = FACE_BOUND('',#8482,.T.);
#8482 = EDGE_LOOP('',(#8483,#8492,#8500,#8507));
#8483 = ORIENTED_EDGE('',*,*,#8484,.F.);
#8484 = EDGE_CURVE('',#8485,#8485,#8487,.T.);
#8485 = VERTEX_POINT('',#8486);
#8486 = CARTESIAN_POINT('',(-8.635,-2.54,0.1));
#8487 = CIRCLE('',#8488,0.255);
#8488 = AXIS2_PLACEMENT_3D('',#8489,#8490,#8491);
#8489 = CARTESIAN_POINT('',(-8.89,-2.54,0.1));
#8490 = DIRECTION('',(0.,0.,1.));
#8491 = DIRECTION('',(1.,0.,-0.));
#8492 = ORIENTED_EDGE('',*,*,#8493,.F.);
#8493 = EDGE_CURVE('',#8494,#8485,#8496,.T.);
#8494 = VERTEX_POINT('',#8495);
#8495 = CARTESIAN_POINT('',(-8.635,-2.54,-5.));
#8496 = LINE('',#8497,#8498);
#8497 = CARTESIAN_POINT('',(-8.635,-2.54,-5.));
#8498 = VECTOR('',#8499,1.);
#8499 = DIRECTION('',(0.,0.,1.));
#8500 = ORIENTED_EDGE('',*,*,#8501,.T.);
#8501 = EDGE_CURVE('',#8494,#8494,#8502,.T.);
#8502 = CIRCLE('',#8503,0.255);
#8503 = AXIS2_PLACEMENT_3D('',#8504,#8505,#8506);
#8504 = CARTESIAN_POINT('',(-8.89,-2.54,-5.));
#8505 = DIRECTION('',(0.,0.,1.));
#8506 = DIRECTION('',(1.,0.,-0.));
#8507 = ORIENTED_EDGE('',*,*,#8493,.T.);
#8508 = CYLINDRICAL_SURFACE('',#8509,0.255);
#8509 = AXIS2_PLACEMENT_3D('',#8510,#8511,#8512);
#8510 = CARTESIAN_POINT('',(-8.89,-2.54,-5.));
#8511 = DIRECTION('',(0.,0.,1.));
#8512 = DIRECTION('',(1.,0.,-0.));
#8513 = ADVANCED_FACE('',(#8514),#8517,.T.);
#8514 = FACE_BOUND('',#8515,.T.);
#8515 = EDGE_LOOP('',(#8516));
#8516 = ORIENTED_EDGE('',*,*,#8484,.T.);
#8517 = PLANE('',#8518);
#8518 = AXIS2_PLACEMENT_3D('',#8519,#8520,#8521);
#8519 = CARTESIAN_POINT('',(-8.89,-2.54,0.1));
#8520 = DIRECTION('',(0.,0.,1.));
#8521 = DIRECTION('',(1.,0.,-0.));
#8522 = ADVANCED_FACE('',(#8523),#8526,.F.);
#8523 = FACE_BOUND('',#8524,.T.);
#8524 = EDGE_LOOP('',(#8525));
#8525 = ORIENTED_EDGE('',*,*,#8501,.F.);
#8526 = PLANE('',#8527);
#8527 = AXIS2_PLACEMENT_3D('',#8528,#8529,#8530);
#8528 = CARTESIAN_POINT('',(-8.89,-2.54,-5.));
#8529 = DIRECTION('',(0.,0.,1.));
#8530 = DIRECTION('',(1.,0.,-0.));
#8531 = ( GEOMETRIC_REPRESENTATION_CONTEXT(3) 
GLOBAL_UNCERTAINTY_ASSIGNED_CONTEXT((#8535)) 
GLOBAL_UNIT_ASSIGNED_CONTEXT((#8532,#8533,#8534)) REPRESENTATION_CONTEXT
('Context #1','3D Context with UNIT and UNCERTAINTY') );
#8532 = ( LENGTH_UNIT() NAMED_UNIT(*) SI_UNIT(.MILLI.,.METRE.) );
#8533 = ( NAMED_UNIT(*) PLANE_ANGLE_UNIT() SI_UNIT($,.RADIAN.) );
#8534 = ( NAMED_UNIT(*) SI_UNIT($,.STERADIAN.) SOLID_ANGLE_UNIT() );
#8535 = UNCERTAINTY_MEASURE_WITH_UNIT(LENGTH_MEASURE(1.E-07),#8532,
  'distance_accuracy_value','confusion accuracy');
#8536 = CONTEXT_DEPENDENT_SHAPE_REPRESENTATION(#8537,#8539);
#8537 = ( REPRESENTATION_RELATIONSHIP('','',#8477,#6734) 
REPRESENTATION_RELATIONSHIP_WITH_TRANSFORMATION(#8538) 
SHAPE_REPRESENTATION_RELATIONSHIP() );
#8538 = ITEM_DEFINED_TRANSFORMATION('','',#11,#6819);
#8539 = PRODUCT_DEFINITION_SHAPE('Placement','Placement of an item',
  #8540);
#8540 = NEXT_ASSEMBLY_USAGE_OCCURRENCE('55','Leads049','',#6729,#8472,$
  );
#8541 = PRODUCT_RELATED_PRODUCT_CATEGORY('part',$,(#8474));
#8542 = SHAPE_DEFINITION_REPRESENTATION(#8543,#8549);
#8543 = PRODUCT_DEFINITION_SHAPE('','',#8544);
#8544 = PRODUCT_DEFINITION('design','',#8545,#8548);
#8545 = PRODUCT_DEFINITION_FORMATION('','',#8546);
#8546 = PRODUCT('Leads050','Leads050','',(#8547));
#8547 = PRODUCT_CONTEXT('',#2,'mechanical');
#8548 = PRODUCT_DEFINITION_CONTEXT('part definition',#2,'design');
#8549 = ADVANCED_BREP_SHAPE_REPRESENTATION('',(#11,#8550),#8603);
#8550 = MANIFOLD_SOLID_BREP('',#8551);
#8551 = CLOSED_SHELL('',(#8552,#8585,#8594));
#8552 = ADVANCED_FACE('',(#8553),#8580,.T.);
#8553 = FACE_BOUND('',#8554,.T.);
#8554 = EDGE_LOOP('',(#8555,#8564,#8572,#8579));
#8555 = ORIENTED_EDGE('',*,*,#8556,.F.);
#8556 = EDGE_CURVE('',#8557,#8557,#8559,.T.);
#8557 = VERTEX_POINT('',#8558);
#8558 = CARTESIAN_POINT('',(-11.175,-2.54,0.1));
#8559 = CIRCLE('',#8560,0.255);
#8560 = AXIS2_PLACEMENT_3D('',#8561,#8562,#8563);
#8561 = CARTESIAN_POINT('',(-11.43,-2.54,0.1));
#8562 = DIRECTION('',(0.,0.,1.));
#8563 = DIRECTION('',(1.,0.,-0.));
#8564 = ORIENTED_EDGE('',*,*,#8565,.F.);
#8565 = EDGE_CURVE('',#8566,#8557,#8568,.T.);
#8566 = VERTEX_POINT('',#8567);
#8567 = CARTESIAN_POINT('',(-11.175,-2.54,-5.));
#8568 = LINE('',#8569,#8570);
#8569 = CARTESIAN_POINT('',(-11.175,-2.54,-5.));
#8570 = VECTOR('',#8571,1.);
#8571 = DIRECTION('',(0.,0.,1.));
#8572 = ORIENTED_EDGE('',*,*,#8573,.T.);
#8573 = EDGE_CURVE('',#8566,#8566,#8574,.T.);
#8574 = CIRCLE('',#8575,0.255);
#8575 = AXIS2_PLACEMENT_3D('',#8576,#8577,#8578);
#8576 = CARTESIAN_POINT('',(-11.43,-2.54,-5.));
#8577 = DIRECTION('',(0.,0.,1.));
#8578 = DIRECTION('',(1.,0.,-0.));
#8579 = ORIENTED_EDGE('',*,*,#8565,.T.);
#8580 = CYLINDRICAL_SURFACE('',#8581,0.255);
#8581 = AXIS2_PLACEMENT_3D('',#8582,#8583,#8584);
#8582 = CARTESIAN_POINT('',(-11.43,-2.54,-5.));
#8583 = DIRECTION('',(0.,0.,1.));
#8584 = DIRECTION('',(1.,0.,-0.));
#8585 = ADVANCED_FACE('',(#8586),#8589,.T.);
#8586 = FACE_BOUND('',#8587,.T.);
#8587 = EDGE_LOOP('',(#8588));
#8588 = ORIENTED_EDGE('',*,*,#8556,.T.);
#8589 = PLANE('',#8590);
#8590 = AXIS2_PLACEMENT_3D('',#8591,#8592,#8593);
#8591 = CARTESIAN_POINT('',(-11.43,-2.54,0.1));
#8592 = DIRECTION('',(0.,0.,1.));
#8593 = DIRECTION('',(1.,0.,-0.));
#8594 = ADVANCED_FACE('',(#8595),#8598,.F.);
#8595 = FACE_BOUND('',#8596,.T.);
#8596 = EDGE_LOOP('',(#8597));
#8597 = ORIENTED_EDGE('',*,*,#8573,.F.);
#8598 = PLANE('',#8599);
#8599 = AXIS2_PLACEMENT_3D('',#8600,#8601,#8602);
#8600 = CARTESIAN_POINT('',(-11.43,-2.54,-5.));
#8601 = DIRECTION('',(0.,0.,1.));
#8602 = DIRECTION('',(1.,0.,-0.));
#8603 = ( GEOMETRIC_REPRESENTATION_CONTEXT(3) 
GLOBAL_UNCERTAINTY_ASSIGNED_CONTEXT((#8607)) 
GLOBAL_UNIT_ASSIGNED_CONTEXT((#8604,#8605,#8606)) REPRESENTATION_CONTEXT
('Context #1','3D Context with UNIT and UNCERTAINTY') );
#8604 = ( LENGTH_UNIT() NAMED_UNIT(*) SI_UNIT(.MILLI.,.METRE.) );
#8605 = ( NAMED_UNIT(*) PLANE_ANGLE_UNIT() SI_UNIT($,.RADIAN.) );
#8606 = ( NAMED_UNIT(*) SI_UNIT($,.STERADIAN.) SOLID_ANGLE_UNIT() );
#8607 = UNCERTAINTY_MEASURE_WITH_UNIT(LENGTH_MEASURE(1.E-07),#8604,
  'distance_accuracy_value','confusion accuracy');
#8608 = CONTEXT_DEPENDENT_SHAPE_REPRESENTATION(#8609,#8611);
#8609 = ( REPRESENTATION_RELATIONSHIP('','',#8549,#6734) 
REPRESENTATION_RELATIONSHIP_WITH_TRANSFORMATION(#8610) 
SHAPE_REPRESENTATION_RELATIONSHIP() );
#8610 = ITEM_DEFINED_TRANSFORMATION('','',#11,#6823);
#8611 = PRODUCT_DEFINITION_SHAPE('Placement','Placement of an item',
  #8612);
#8612 = NEXT_ASSEMBLY_USAGE_OCCURRENCE('56','Leads050','',#6729,#8544,$
  );
#8613 = PRODUCT_RELATED_PRODUCT_CATEGORY('part',$,(#8546));
#8614 = SHAPE_DEFINITION_REPRESENTATION(#8615,#8621);
#8615 = PRODUCT_DEFINITION_SHAPE('','',#8616);
#8616 = PRODUCT_DEFINITION('design','',#8617,#8620);
#8617 = PRODUCT_DEFINITION_FORMATION('','',#8618);
#8618 = PRODUCT('Leads051','Leads051','',(#8619));
#8619 = PRODUCT_CONTEXT('',#2,'mechanical');
#8620 = PRODUCT_DEFINITION_CONTEXT('part definition',#2,'design');
#8621 = ADVANCED_BREP_SHAPE_REPRESENTATION('',(#11,#8622),#8675);
#8622 = MANIFOLD_SOLID_BREP('',#8623);
#8623 = CLOSED_SHELL('',(#8624,#8657,#8666));
#8624 = ADVANCED_FACE('',(#8625),#8652,.T.);
#8625 = FACE_BOUND('',#8626,.T.);
#8626 = EDGE_LOOP('',(#8627,#8636,#8644,#8651));
#8627 = ORIENTED_EDGE('',*,*,#8628,.F.);
#8628 = EDGE_CURVE('',#8629,#8629,#8631,.T.);
#8629 = VERTEX_POINT('',#8630);
#8630 = CARTESIAN_POINT('',(-13.715,-2.54,0.1));
#8631 = CIRCLE('',#8632,0.255);
#8632 = AXIS2_PLACEMENT_3D('',#8633,#8634,#8635);
#8633 = CARTESIAN_POINT('',(-13.97,-2.54,0.1));
#8634 = DIRECTION('',(0.,0.,1.));
#8635 = DIRECTION('',(1.,0.,-0.));
#8636 = ORIENTED_EDGE('',*,*,#8637,.F.);
#8637 = EDGE_CURVE('',#8638,#8629,#8640,.T.);
#8638 = VERTEX_POINT('',#8639);
#8639 = CARTESIAN_POINT('',(-13.715,-2.54,-5.));
#8640 = LINE('',#8641,#8642);
#8641 = CARTESIAN_POINT('',(-13.715,-2.54,-5.));
#8642 = VECTOR('',#8643,1.);
#8643 = DIRECTION('',(0.,0.,1.));
#8644 = ORIENTED_EDGE('',*,*,#8645,.T.);
#8645 = EDGE_CURVE('',#8638,#8638,#8646,.T.);
#8646 = CIRCLE('',#8647,0.255);
#8647 = AXIS2_PLACEMENT_3D('',#8648,#8649,#8650);
#8648 = CARTESIAN_POINT('',(-13.97,-2.54,-5.));
#8649 = DIRECTION('',(0.,0.,1.));
#8650 = DIRECTION('',(1.,0.,-0.));
#8651 = ORIENTED_EDGE('',*,*,#8637,.T.);
#8652 = CYLINDRICAL_SURFACE('',#8653,0.255);
#8653 = AXIS2_PLACEMENT_3D('',#8654,#8655,#8656);
#8654 = CARTESIAN_POINT('',(-13.97,-2.54,-5.));
#8655 = DIRECTION('',(0.,0.,1.));
#8656 = DIRECTION('',(1.,0.,-0.));
#8657 = ADVANCED_FACE('',(#8658),#8661,.T.);
#8658 = FACE_BOUND('',#8659,.T.);
#8659 = EDGE_LOOP('',(#8660));
#8660 = ORIENTED_EDGE('',*,*,#8628,.T.);
#8661 = PLANE('',#8662);
#8662 = AXIS2_PLACEMENT_3D('',#8663,#8664,#8665);
#8663 = CARTESIAN_POINT('',(-13.97,-2.54,0.1));
#8664 = DIRECTION('',(0.,0.,1.));
#8665 = DIRECTION('',(1.,0.,-0.));
#8666 = ADVANCED_FACE('',(#8667),#8670,.F.);
#8667 = FACE_BOUND('',#8668,.T.);
#8668 = EDGE_LOOP('',(#8669));
#8669 = ORIENTED_EDGE('',*,*,#8645,.F.);
#8670 = PLANE('',#8671);
#8671 = AXIS2_PLACEMENT_3D('',#8672,#8673,#8674);
#8672 = CARTESIAN_POINT('',(-13.97,-2.54,-5.));
#8673 = DIRECTION('',(0.,0.,1.));
#8674 = DIRECTION('',(1.,0.,-0.));
#8675 = ( GEOMETRIC_REPRESENTATION_CONTEXT(3) 
GLOBAL_UNCERTAINTY_ASSIGNED_CONTEXT((#8679)) 
GLOBAL_UNIT_ASSIGNED_CONTEXT((#8676,#8677,#8678)) REPRESENTATION_CONTEXT
('Context #1','3D Context with UNIT and UNCERTAINTY') );
#8676 = ( LENGTH_UNIT() NAMED_UNIT(*) SI_UNIT(.MILLI.,.METRE.) );
#8677 = ( NAMED_UNIT(*) PLANE_ANGLE_UNIT() SI_UNIT($,.RADIAN.) );
#8678 = ( NAMED_UNIT(*) SI_UNIT($,.STERADIAN.) SOLID_ANGLE_UNIT() );
#8679 = UNCERTAINTY_MEASURE_WITH_UNIT(LENGTH_MEASURE(1.E-07),#8676,
  'distance_accuracy_value','confusion accuracy');
#8680 = CONTEXT_DEPENDENT_SHAPE_REPRESENTATION(#8681,#8683);
#8681 = ( REPRESENTATION_RELATIONSHIP('','',#8621,#6734) 
REPRESENTATION_RELATIONSHIP_WITH_TRANSFORMATION(#8682) 
SHAPE_REPRESENTATION_RELATIONSHIP() );
#8682 = ITEM_DEFINED_TRANSFORMATION('','',#11,#6827);
#8683 = PRODUCT_DEFINITION_SHAPE('Placement','Placement of an item',
  #8684);
#8684 = NEXT_ASSEMBLY_USAGE_OCCURRENCE('57','Leads051','',#6729,#8616,$
  );
#8685 = PRODUCT_RELATED_PRODUCT_CATEGORY('part',$,(#8618));
#8686 = SHAPE_DEFINITION_REPRESENTATION(#8687,#8693);
#8687 = PRODUCT_DEFINITION_SHAPE('','',#8688);
#8688 = PRODUCT_DEFINITION('design','',#8689,#8692);
#8689 = PRODUCT_DEFINITION_FORMATION('','',#8690);
#8690 = PRODUCT('Leads052','Leads052','',(#8691));
#8691 = PRODUCT_CONTEXT('',#2,'mechanical');
#8692 = PRODUCT_DEFINITION_CONTEXT('part definition',#2,'design');
#8693 = ADVANCED_BREP_SHAPE_REPRESENTATION('',(#11,#8694),#8747);
#8694 = MANIFOLD_SOLID_BREP('',#8695);
#8695 = CLOSED_SHELL('',(#8696,#8729,#8738));
#8696 = ADVANCED_FACE('',(#8697),#8724,.T.);
#8697 = FACE_BOUND('',#8698,.T.);
#8698 = EDGE_LOOP('',(#8699,#8708,#8716,#8723));
#8699 = ORIENTED_EDGE('',*,*,#8700,.F.);
#8700 = EDGE_CURVE('',#8701,#8701,#8703,.T.);
#8701 = VERTEX_POINT('',#8702);
#8702 = CARTESIAN_POINT('',(-16.255,-2.54,0.1));
#8703 = CIRCLE('',#8704,0.255);
#8704 = AXIS2_PLACEMENT_3D('',#8705,#8706,#8707);
#8705 = CARTESIAN_POINT('',(-16.51,-2.54,0.1));
#8706 = DIRECTION('',(0.,0.,1.));
#8707 = DIRECTION('',(1.,0.,-0.));
#8708 = ORIENTED_EDGE('',*,*,#8709,.F.);
#8709 = EDGE_CURVE('',#8710,#8701,#8712,.T.);
#8710 = VERTEX_POINT('',#8711);
#8711 = CARTESIAN_POINT('',(-16.255,-2.54,-5.));
#8712 = LINE('',#8713,#8714);
#8713 = CARTESIAN_POINT('',(-16.255,-2.54,-5.));
#8714 = VECTOR('',#8715,1.);
#8715 = DIRECTION('',(0.,0.,1.));
#8716 = ORIENTED_EDGE('',*,*,#8717,.T.);
#8717 = EDGE_CURVE('',#8710,#8710,#8718,.T.);
#8718 = CIRCLE('',#8719,0.255);
#8719 = AXIS2_PLACEMENT_3D('',#8720,#8721,#8722);
#8720 = CARTESIAN_POINT('',(-16.51,-2.54,-5.));
#8721 = DIRECTION('',(0.,0.,1.));
#8722 = DIRECTION('',(1.,0.,-0.));
#8723 = ORIENTED_EDGE('',*,*,#8709,.T.);
#8724 = CYLINDRICAL_SURFACE('',#8725,0.255);
#8725 = AXIS2_PLACEMENT_3D('',#8726,#8727,#8728);
#8726 = CARTESIAN_POINT('',(-16.51,-2.54,-5.));
#8727 = DIRECTION('',(0.,0.,1.));
#8728 = DIRECTION('',(1.,0.,-0.));
#8729 = ADVANCED_FACE('',(#8730),#8733,.T.);
#8730 = FACE_BOUND('',#8731,.T.);
#8731 = EDGE_LOOP('',(#8732));
#8732 = ORIENTED_EDGE('',*,*,#8700,.T.);
#8733 = PLANE('',#8734);
#8734 = AXIS2_PLACEMENT_3D('',#8735,#8736,#8737);
#8735 = CARTESIAN_POINT('',(-16.51,-2.54,0.1));
#8736 = DIRECTION('',(0.,0.,1.));
#8737 = DIRECTION('',(1.,0.,-0.));
#8738 = ADVANCED_FACE('',(#8739),#8742,.F.);
#8739 = FACE_BOUND('',#8740,.T.);
#8740 = EDGE_LOOP('',(#8741));
#8741 = ORIENTED_EDGE('',*,*,#8717,.F.);
#8742 = PLANE('',#8743);
#8743 = AXIS2_PLACEMENT_3D('',#8744,#8745,#8746);
#8744 = CARTESIAN_POINT('',(-16.51,-2.54,-5.));
#8745 = DIRECTION('',(0.,0.,1.));
#8746 = DIRECTION('',(1.,0.,-0.));
#8747 = ( GEOMETRIC_REPRESENTATION_CONTEXT(3) 
GLOBAL_UNCERTAINTY_ASSIGNED_CONTEXT((#8751)) 
GLOBAL_UNIT_ASSIGNED_CONTEXT((#8748,#8749,#8750)) REPRESENTATION_CONTEXT
('Context #1','3D Context with UNIT and UNCERTAINTY') );
#8748 = ( LENGTH_UNIT() NAMED_UNIT(*) SI_UNIT(.MILLI.,.METRE.) );
#8749 = ( NAMED_UNIT(*) PLANE_ANGLE_UNIT() SI_UNIT($,.RADIAN.) );
#8750 = ( NAMED_UNIT(*) SI_UNIT($,.STERADIAN.) SOLID_ANGLE_UNIT() );
#8751 = UNCERTAINTY_MEASURE_WITH_UNIT(LENGTH_MEASURE(1.E-07),#8748,
  'distance_accuracy_value','confusion accuracy');
#8752 = CONTEXT_DEPENDENT_SHAPE_REPRESENTATION(#8753,#8755);
#8753 = ( REPRESENTATION_RELATIONSHIP('','',#8693,#6734) 
REPRESENTATION_RELATIONSHIP_WITH_TRANSFORMATION(#8754) 
SHAPE_REPRESENTATION_RELATIONSHIP() );
#8754 = ITEM_DEFINED_TRANSFORMATION('','',#11,#6831);
#8755 = PRODUCT_DEFINITION_SHAPE('Placement','Placement of an item',
  #8756);
#8756 = NEXT_ASSEMBLY_USAGE_OCCURRENCE('58','Leads052','',#6729,#8688,$
  );
#8757 = PRODUCT_RELATED_PRODUCT_CATEGORY('part',$,(#8690));
#8758 = SHAPE_DEFINITION_REPRESENTATION(#8759,#8765);
#8759 = PRODUCT_DEFINITION_SHAPE('','',#8760);
#8760 = PRODUCT_DEFINITION('design','',#8761,#8764);
#8761 = PRODUCT_DEFINITION_FORMATION('','',#8762);
#8762 = PRODUCT('Leads053','Leads053','',(#8763));
#8763 = PRODUCT_CONTEXT('',#2,'mechanical');
#8764 = PRODUCT_DEFINITION_CONTEXT('part definition',#2,'design');
#8765 = ADVANCED_BREP_SHAPE_REPRESENTATION('',(#11,#8766),#8819);
#8766 = MANIFOLD_SOLID_BREP('',#8767);
#8767 = CLOSED_SHELL('',(#8768,#8801,#8810));
#8768 = ADVANCED_FACE('',(#8769),#8796,.T.);
#8769 = FACE_BOUND('',#8770,.T.);
#8770 = EDGE_LOOP('',(#8771,#8780,#8788,#8795));
#8771 = ORIENTED_EDGE('',*,*,#8772,.F.);
#8772 = EDGE_CURVE('',#8773,#8773,#8775,.T.);
#8773 = VERTEX_POINT('',#8774);
#8774 = CARTESIAN_POINT('',(-18.795,-2.54,0.1));
#8775 = CIRCLE('',#8776,0.255);
#8776 = AXIS2_PLACEMENT_3D('',#8777,#8778,#8779);
#8777 = CARTESIAN_POINT('',(-19.05,-2.54,0.1));
#8778 = DIRECTION('',(0.,0.,1.));
#8779 = DIRECTION('',(1.,0.,-0.));
#8780 = ORIENTED_EDGE('',*,*,#8781,.F.);
#8781 = EDGE_CURVE('',#8782,#8773,#8784,.T.);
#8782 = VERTEX_POINT('',#8783);
#8783 = CARTESIAN_POINT('',(-18.795,-2.54,-5.));
#8784 = LINE('',#8785,#8786);
#8785 = CARTESIAN_POINT('',(-18.795,-2.54,-5.));
#8786 = VECTOR('',#8787,1.);
#8787 = DIRECTION('',(0.,0.,1.));
#8788 = ORIENTED_EDGE('',*,*,#8789,.T.);
#8789 = EDGE_CURVE('',#8782,#8782,#8790,.T.);
#8790 = CIRCLE('',#8791,0.255);
#8791 = AXIS2_PLACEMENT_3D('',#8792,#8793,#8794);
#8792 = CARTESIAN_POINT('',(-19.05,-2.54,-5.));
#8793 = DIRECTION('',(0.,0.,1.));
#8794 = DIRECTION('',(1.,0.,-0.));
#8795 = ORIENTED_EDGE('',*,*,#8781,.T.);
#8796 = CYLINDRICAL_SURFACE('',#8797,0.255);
#8797 = AXIS2_PLACEMENT_3D('',#8798,#8799,#8800);
#8798 = CARTESIAN_POINT('',(-19.05,-2.54,-5.));
#8799 = DIRECTION('',(0.,0.,1.));
#8800 = DIRECTION('',(1.,0.,-0.));
#8801 = ADVANCED_FACE('',(#8802),#8805,.T.);
#8802 = FACE_BOUND('',#8803,.T.);
#8803 = EDGE_LOOP('',(#8804));
#8804 = ORIENTED_EDGE('',*,*,#8772,.T.);
#8805 = PLANE('',#8806);
#8806 = AXIS2_PLACEMENT_3D('',#8807,#8808,#8809);
#8807 = CARTESIAN_POINT('',(-19.05,-2.54,0.1));
#8808 = DIRECTION('',(0.,0.,1.));
#8809 = DIRECTION('',(1.,0.,-0.));
#8810 = ADVANCED_FACE('',(#8811),#8814,.F.);
#8811 = FACE_BOUND('',#8812,.T.);
#8812 = EDGE_LOOP('',(#8813));
#8813 = ORIENTED_EDGE('',*,*,#8789,.F.);
#8814 = PLANE('',#8815);
#8815 = AXIS2_PLACEMENT_3D('',#8816,#8817,#8818);
#8816 = CARTESIAN_POINT('',(-19.05,-2.54,-5.));
#8817 = DIRECTION('',(0.,0.,1.));
#8818 = DIRECTION('',(1.,0.,-0.));
#8819 = ( GEOMETRIC_REPRESENTATION_CONTEXT(3) 
GLOBAL_UNCERTAINTY_ASSIGNED_CONTEXT((#8823)) 
GLOBAL_UNIT_ASSIGNED_CONTEXT((#8820,#8821,#8822)) REPRESENTATION_CONTEXT
('Context #1','3D Context with UNIT and UNCERTAINTY') );
#8820 = ( LENGTH_UNIT() NAMED_UNIT(*) SI_UNIT(.MILLI.,.METRE.) );
#8821 = ( NAMED_UNIT(*) PLANE_ANGLE_UNIT() SI_UNIT($,.RADIAN.) );
#8822 = ( NAMED_UNIT(*) SI_UNIT($,.STERADIAN.) SOLID_ANGLE_UNIT() );
#8823 = UNCERTAINTY_MEASURE_WITH_UNIT(LENGTH_MEASURE(1.E-07),#8820,
  'distance_accuracy_value','confusion accuracy');
#8824 = CONTEXT_DEPENDENT_SHAPE_REPRESENTATION(#8825,#8827);
#8825 = ( REPRESENTATION_RELATIONSHIP('','',#8765,#6734) 
REPRESENTATION_RELATIONSHIP_WITH_TRANSFORMATION(#8826) 
SHAPE_REPRESENTATION_RELATIONSHIP() );
#8826 = ITEM_DEFINED_TRANSFORMATION('','',#11,#6835);
#8827 = PRODUCT_DEFINITION_SHAPE('Placement','Placement of an item',
  #8828);
#8828 = NEXT_ASSEMBLY_USAGE_OCCURRENCE('59','Leads053','',#6729,#8760,$
  );
#8829 = PRODUCT_RELATED_PRODUCT_CATEGORY('part',$,(#8762));
#8830 = SHAPE_DEFINITION_REPRESENTATION(#8831,#8837);
#8831 = PRODUCT_DEFINITION_SHAPE('','',#8832);
#8832 = PRODUCT_DEFINITION('design','',#8833,#8836);
#8833 = PRODUCT_DEFINITION_FORMATION('','',#8834);
#8834 = PRODUCT('Leads054','Leads054','',(#8835));
#8835 = PRODUCT_CONTEXT('',#2,'mechanical');
#8836 = PRODUCT_DEFINITION_CONTEXT('part definition',#2,'design');
#8837 = ADVANCED_BREP_SHAPE_REPRESENTATION('',(#11,#8838),#8891);
#8838 = MANIFOLD_SOLID_BREP('',#8839);
#8839 = CLOSED_SHELL('',(#8840,#8873,#8882));
#8840 = ADVANCED_FACE('',(#8841),#8868,.T.);
#8841 = FACE_BOUND('',#8842,.T.);
#8842 = EDGE_LOOP('',(#8843,#8852,#8860,#8867));
#8843 = ORIENTED_EDGE('',*,*,#8844,.F.);
#8844 = EDGE_CURVE('',#8845,#8845,#8847,.T.);
#8845 = VERTEX_POINT('',#8846);
#8846 = CARTESIAN_POINT('',(-21.335,-2.54,0.1));
#8847 = CIRCLE('',#8848,0.255);
#8848 = AXIS2_PLACEMENT_3D('',#8849,#8850,#8851);
#8849 = CARTESIAN_POINT('',(-21.59,-2.54,0.1));
#8850 = DIRECTION('',(0.,0.,1.));
#8851 = DIRECTION('',(1.,0.,-0.));
#8852 = ORIENTED_EDGE('',*,*,#8853,.F.);
#8853 = EDGE_CURVE('',#8854,#8845,#8856,.T.);
#8854 = VERTEX_POINT('',#8855);
#8855 = CARTESIAN_POINT('',(-21.335,-2.54,-5.));
#8856 = LINE('',#8857,#8858);
#8857 = CARTESIAN_POINT('',(-21.335,-2.54,-5.));
#8858 = VECTOR('',#8859,1.);
#8859 = DIRECTION('',(0.,0.,1.));
#8860 = ORIENTED_EDGE('',*,*,#8861,.T.);
#8861 = EDGE_CURVE('',#8854,#8854,#8862,.T.);
#8862 = CIRCLE('',#8863,0.255);
#8863 = AXIS2_PLACEMENT_3D('',#8864,#8865,#8866);
#8864 = CARTESIAN_POINT('',(-21.59,-2.54,-5.));
#8865 = DIRECTION('',(0.,0.,1.));
#8866 = DIRECTION('',(1.,0.,-0.));
#8867 = ORIENTED_EDGE('',*,*,#8853,.T.);
#8868 = CYLINDRICAL_SURFACE('',#8869,0.255);
#8869 = AXIS2_PLACEMENT_3D('',#8870,#8871,#8872);
#8870 = CARTESIAN_POINT('',(-21.59,-2.54,-5.));
#8871 = DIRECTION('',(0.,0.,1.));
#8872 = DIRECTION('',(1.,0.,-0.));
#8873 = ADVANCED_FACE('',(#8874),#8877,.T.);
#8874 = FACE_BOUND('',#8875,.T.);
#8875 = EDGE_LOOP('',(#8876));
#8876 = ORIENTED_EDGE('',*,*,#8844,.T.);
#8877 = PLANE('',#8878);
#8878 = AXIS2_PLACEMENT_3D('',#8879,#8880,#8881);
#8879 = CARTESIAN_POINT('',(-21.59,-2.54,0.1));
#8880 = DIRECTION('',(0.,0.,1.));
#8881 = DIRECTION('',(1.,0.,-0.));
#8882 = ADVANCED_FACE('',(#8883),#8886,.F.);
#8883 = FACE_BOUND('',#8884,.T.);
#8884 = EDGE_LOOP('',(#8885));
#8885 = ORIENTED_EDGE('',*,*,#8861,.F.);
#8886 = PLANE('',#8887);
#8887 = AXIS2_PLACEMENT_3D('',#8888,#8889,#8890);
#8888 = CARTESIAN_POINT('',(-21.59,-2.54,-5.));
#8889 = DIRECTION('',(0.,0.,1.));
#8890 = DIRECTION('',(1.,0.,-0.));
#8891 = ( GEOMETRIC_REPRESENTATION_CONTEXT(3) 
GLOBAL_UNCERTAINTY_ASSIGNED_CONTEXT((#8895)) 
GLOBAL_UNIT_ASSIGNED_CONTEXT((#8892,#8893,#8894)) REPRESENTATION_CONTEXT
('Context #1','3D Context with UNIT and UNCERTAINTY') );
#8892 = ( LENGTH_UNIT() NAMED_UNIT(*) SI_UNIT(.MILLI.,.METRE.) );
#8893 = ( NAMED_UNIT(*) PLANE_ANGLE_UNIT() SI_UNIT($,.RADIAN.) );
#8894 = ( NAMED_UNIT(*) SI_UNIT($,.STERADIAN.) SOLID_ANGLE_UNIT() );
#8895 = UNCERTAINTY_MEASURE_WITH_UNIT(LENGTH_MEASURE(1.E-07),#8892,
  'distance_accuracy_value','confusion accuracy');
#8896 = CONTEXT_DEPENDENT_SHAPE_REPRESENTATION(#8897,#8899);
#8897 = ( REPRESENTATION_RELATIONSHIP('','',#8837,#6734) 
REPRESENTATION_RELATIONSHIP_WITH_TRANSFORMATION(#8898) 
SHAPE_REPRESENTATION_RELATIONSHIP() );
#8898 = ITEM_DEFINED_TRANSFORMATION('','',#11,#6839);
#8899 = PRODUCT_DEFINITION_SHAPE('Placement','Placement of an item',
  #8900);
#8900 = NEXT_ASSEMBLY_USAGE_OCCURRENCE('60','Leads054','',#6729,#8832,$
  );
#8901 = PRODUCT_RELATED_PRODUCT_CATEGORY('part',$,(#8834));
#8902 = SHAPE_DEFINITION_REPRESENTATION(#8903,#8909);
#8903 = PRODUCT_DEFINITION_SHAPE('','',#8904);
#8904 = PRODUCT_DEFINITION('design','',#8905,#8908);
#8905 = PRODUCT_DEFINITION_FORMATION('','',#8906);
#8906 = PRODUCT('Leads055','Leads055','',(#8907));
#8907 = PRODUCT_CONTEXT('',#2,'mechanical');
#8908 = PRODUCT_DEFINITION_CONTEXT('part definition',#2,'design');
#8909 = ADVANCED_BREP_SHAPE_REPRESENTATION('',(#11,#8910),#8963);
#8910 = MANIFOLD_SOLID_BREP('',#8911);
#8911 = CLOSED_SHELL('',(#8912,#8945,#8954));
#8912 = ADVANCED_FACE('',(#8913),#8940,.T.);
#8913 = FACE_BOUND('',#8914,.T.);
#8914 = EDGE_LOOP('',(#8915,#8924,#8932,#8939));
#8915 = ORIENTED_EDGE('',*,*,#8916,.F.);
#8916 = EDGE_CURVE('',#8917,#8917,#8919,.T.);
#8917 = VERTEX_POINT('',#8918);
#8918 = CARTESIAN_POINT('',(-23.875,-2.54,0.1));
#8919 = CIRCLE('',#8920,0.255);
#8920 = AXIS2_PLACEMENT_3D('',#8921,#8922,#8923);
#8921 = CARTESIAN_POINT('',(-24.13,-2.54,0.1));
#8922 = DIRECTION('',(0.,0.,1.));
#8923 = DIRECTION('',(1.,0.,-0.));
#8924 = ORIENTED_EDGE('',*,*,#8925,.F.);
#8925 = EDGE_CURVE('',#8926,#8917,#8928,.T.);
#8926 = VERTEX_POINT('',#8927);
#8927 = CARTESIAN_POINT('',(-23.875,-2.54,-5.));
#8928 = LINE('',#8929,#8930);
#8929 = CARTESIAN_POINT('',(-23.875,-2.54,-5.));
#8930 = VECTOR('',#8931,1.);
#8931 = DIRECTION('',(0.,0.,1.));
#8932 = ORIENTED_EDGE('',*,*,#8933,.T.);
#8933 = EDGE_CURVE('',#8926,#8926,#8934,.T.);
#8934 = CIRCLE('',#8935,0.255);
#8935 = AXIS2_PLACEMENT_3D('',#8936,#8937,#8938);
#8936 = CARTESIAN_POINT('',(-24.13,-2.54,-5.));
#8937 = DIRECTION('',(0.,0.,1.));
#8938 = DIRECTION('',(1.,0.,-0.));
#8939 = ORIENTED_EDGE('',*,*,#8925,.T.);
#8940 = CYLINDRICAL_SURFACE('',#8941,0.255);
#8941 = AXIS2_PLACEMENT_3D('',#8942,#8943,#8944);
#8942 = CARTESIAN_POINT('',(-24.13,-2.54,-5.));
#8943 = DIRECTION('',(0.,0.,1.));
#8944 = DIRECTION('',(1.,0.,-0.));
#8945 = ADVANCED_FACE('',(#8946),#8949,.T.);
#8946 = FACE_BOUND('',#8947,.T.);
#8947 = EDGE_LOOP('',(#8948));
#8948 = ORIENTED_EDGE('',*,*,#8916,.T.);
#8949 = PLANE('',#8950);
#8950 = AXIS2_PLACEMENT_3D('',#8951,#8952,#8953);
#8951 = CARTESIAN_POINT('',(-24.13,-2.54,0.1));
#8952 = DIRECTION('',(0.,0.,1.));
#8953 = DIRECTION('',(1.,0.,-0.));
#8954 = ADVANCED_FACE('',(#8955),#8958,.F.);
#8955 = FACE_BOUND('',#8956,.T.);
#8956 = EDGE_LOOP('',(#8957));
#8957 = ORIENTED_EDGE('',*,*,#8933,.F.);
#8958 = PLANE('',#8959);
#8959 = AXIS2_PLACEMENT_3D('',#8960,#8961,#8962);
#8960 = CARTESIAN_POINT('',(-24.13,-2.54,-5.));
#8961 = DIRECTION('',(0.,0.,1.));
#8962 = DIRECTION('',(1.,0.,-0.));
#8963 = ( GEOMETRIC_REPRESENTATION_CONTEXT(3) 
GLOBAL_UNCERTAINTY_ASSIGNED_CONTEXT((#8967)) 
GLOBAL_UNIT_ASSIGNED_CONTEXT((#8964,#8965,#8966)) REPRESENTATION_CONTEXT
('Context #1','3D Context with UNIT and UNCERTAINTY') );
#8964 = ( LENGTH_UNIT() NAMED_UNIT(*) SI_UNIT(.MILLI.,.METRE.) );
#8965 = ( NAMED_UNIT(*) PLANE_ANGLE_UNIT() SI_UNIT($,.RADIAN.) );
#8966 = ( NAMED_UNIT(*) SI_UNIT($,.STERADIAN.) SOLID_ANGLE_UNIT() );
#8967 = UNCERTAINTY_MEASURE_WITH_UNIT(LENGTH_MEASURE(1.E-07),#8964,
  'distance_accuracy_value','confusion accuracy');
#8968 = CONTEXT_DEPENDENT_SHAPE_REPRESENTATION(#8969,#8971);
#8969 = ( REPRESENTATION_RELATIONSHIP('','',#8909,#6734) 
REPRESENTATION_RELATIONSHIP_WITH_TRANSFORMATION(#8970) 
SHAPE_REPRESENTATION_RELATIONSHIP() );
#8970 = ITEM_DEFINED_TRANSFORMATION('','',#11,#6843);
#8971 = PRODUCT_DEFINITION_SHAPE('Placement','Placement of an item',
  #8972);
#8972 = NEXT_ASSEMBLY_USAGE_OCCURRENCE('61','Leads055','',#6729,#8904,$
  );
#8973 = PRODUCT_RELATED_PRODUCT_CATEGORY('part',$,(#8906));
#8974 = SHAPE_DEFINITION_REPRESENTATION(#8975,#8981);
#8975 = PRODUCT_DEFINITION_SHAPE('','',#8976);
#8976 = PRODUCT_DEFINITION('design','',#8977,#8980);
#8977 = PRODUCT_DEFINITION_FORMATION('','',#8978);
#8978 = PRODUCT('Leads056','Leads056','',(#8979));
#8979 = PRODUCT_CONTEXT('',#2,'mechanical');
#8980 = PRODUCT_DEFINITION_CONTEXT('part definition',#2,'design');
#8981 = ADVANCED_BREP_SHAPE_REPRESENTATION('',(#11,#8982),#9035);
#8982 = MANIFOLD_SOLID_BREP('',#8983);
#8983 = CLOSED_SHELL('',(#8984,#9017,#9026));
#8984 = ADVANCED_FACE('',(#8985),#9012,.T.);
#8985 = FACE_BOUND('',#8986,.T.);
#8986 = EDGE_LOOP('',(#8987,#8996,#9004,#9011));
#8987 = ORIENTED_EDGE('',*,*,#8988,.F.);
#8988 = EDGE_CURVE('',#8989,#8989,#8991,.T.);
#8989 = VERTEX_POINT('',#8990);
#8990 = CARTESIAN_POINT('',(-26.415,-2.54,0.1));
#8991 = CIRCLE('',#8992,0.255);
#8992 = AXIS2_PLACEMENT_3D('',#8993,#8994,#8995);
#8993 = CARTESIAN_POINT('',(-26.67,-2.54,0.1));
#8994 = DIRECTION('',(0.,0.,1.));
#8995 = DIRECTION('',(1.,0.,-0.));
#8996 = ORIENTED_EDGE('',*,*,#8997,.F.);
#8997 = EDGE_CURVE('',#8998,#8989,#9000,.T.);
#8998 = VERTEX_POINT('',#8999);
#8999 = CARTESIAN_POINT('',(-26.415,-2.54,-5.));
#9000 = LINE('',#9001,#9002);
#9001 = CARTESIAN_POINT('',(-26.415,-2.54,-5.));
#9002 = VECTOR('',#9003,1.);
#9003 = DIRECTION('',(0.,0.,1.));
#9004 = ORIENTED_EDGE('',*,*,#9005,.T.);
#9005 = EDGE_CURVE('',#8998,#8998,#9006,.T.);
#9006 = CIRCLE('',#9007,0.255);
#9007 = AXIS2_PLACEMENT_3D('',#9008,#9009,#9010);
#9008 = CARTESIAN_POINT('',(-26.67,-2.54,-5.));
#9009 = DIRECTION('',(0.,0.,1.));
#9010 = DIRECTION('',(1.,0.,-0.));
#9011 = ORIENTED_EDGE('',*,*,#8997,.T.);
#9012 = CYLINDRICAL_SURFACE('',#9013,0.255);
#9013 = AXIS2_PLACEMENT_3D('',#9014,#9015,#9016);
#9014 = CARTESIAN_POINT('',(-26.67,-2.54,-5.));
#9015 = DIRECTION('',(0.,0.,1.));
#9016 = DIRECTION('',(1.,0.,-0.));
#9017 = ADVANCED_FACE('',(#9018),#9021,.T.);
#9018 = FACE_BOUND('',#9019,.T.);
#9019 = EDGE_LOOP('',(#9020));
#9020 = ORIENTED_EDGE('',*,*,#8988,.T.);
#9021 = PLANE('',#9022);
#9022 = AXIS2_PLACEMENT_3D('',#9023,#9024,#9025);
#9023 = CARTESIAN_POINT('',(-26.67,-2.54,0.1));
#9024 = DIRECTION('',(0.,0.,1.));
#9025 = DIRECTION('',(1.,0.,-0.));
#9026 = ADVANCED_FACE('',(#9027),#9030,.F.);
#9027 = FACE_BOUND('',#9028,.T.);
#9028 = EDGE_LOOP('',(#9029));
#9029 = ORIENTED_EDGE('',*,*,#9005,.F.);
#9030 = PLANE('',#9031);
#9031 = AXIS2_PLACEMENT_3D('',#9032,#9033,#9034);
#9032 = CARTESIAN_POINT('',(-26.67,-2.54,-5.));
#9033 = DIRECTION('',(0.,0.,1.));
#9034 = DIRECTION('',(1.,0.,-0.));
#9035 = ( GEOMETRIC_REPRESENTATION_CONTEXT(3) 
GLOBAL_UNCERTAINTY_ASSIGNED_CONTEXT((#9039)) 
GLOBAL_UNIT_ASSIGNED_CONTEXT((#9036,#9037,#9038)) REPRESENTATION_CONTEXT
('Context #1','3D Context with UNIT and UNCERTAINTY') );
#9036 = ( LENGTH_UNIT() NAMED_UNIT(*) SI_UNIT(.MILLI.,.METRE.) );
#9037 = ( NAMED_UNIT(*) PLANE_ANGLE_UNIT() SI_UNIT($,.RADIAN.) );
#9038 = ( NAMED_UNIT(*) SI_UNIT($,.STERADIAN.) SOLID_ANGLE_UNIT() );
#9039 = UNCERTAINTY_MEASURE_WITH_UNIT(LENGTH_MEASURE(1.E-07),#9036,
  'distance_accuracy_value','confusion accuracy');
#9040 = CONTEXT_DEPENDENT_SHAPE_REPRESENTATION(#9041,#9043);
#9041 = ( REPRESENTATION_RELATIONSHIP('','',#8981,#6734) 
REPRESENTATION_RELATIONSHIP_WITH_TRANSFORMATION(#9042) 
SHAPE_REPRESENTATION_RELATIONSHIP() );
#9042 = ITEM_DEFINED_TRANSFORMATION('','',#11,#6847);
#9043 = PRODUCT_DEFINITION_SHAPE('Placement','Placement of an item',
  #9044);
#9044 = NEXT_ASSEMBLY_USAGE_OCCURRENCE('62','Leads056','',#6729,#8976,$
  );
#9045 = PRODUCT_RELATED_PRODUCT_CATEGORY('part',$,(#8978));
#9046 = SHAPE_DEFINITION_REPRESENTATION(#9047,#9053);
#9047 = PRODUCT_DEFINITION_SHAPE('','',#9048);
#9048 = PRODUCT_DEFINITION('design','',#9049,#9052);
#9049 = PRODUCT_DEFINITION_FORMATION('','',#9050);
#9050 = PRODUCT('Leads057','Leads057','',(#9051));
#9051 = PRODUCT_CONTEXT('',#2,'mechanical');
#9052 = PRODUCT_DEFINITION_CONTEXT('part definition',#2,'design');
#9053 = ADVANCED_BREP_SHAPE_REPRESENTATION('',(#11,#9054),#9107);
#9054 = MANIFOLD_SOLID_BREP('',#9055);
#9055 = CLOSED_SHELL('',(#9056,#9089,#9098));
#9056 = ADVANCED_FACE('',(#9057),#9084,.T.);
#9057 = FACE_BOUND('',#9058,.T.);
#9058 = EDGE_LOOP('',(#9059,#9068,#9076,#9083));
#9059 = ORIENTED_EDGE('',*,*,#9060,.F.);
#9060 = EDGE_CURVE('',#9061,#9061,#9063,.T.);
#9061 = VERTEX_POINT('',#9062);
#9062 = CARTESIAN_POINT('',(-28.955,-2.54,0.1));
#9063 = CIRCLE('',#9064,0.255);
#9064 = AXIS2_PLACEMENT_3D('',#9065,#9066,#9067);
#9065 = CARTESIAN_POINT('',(-29.21,-2.54,0.1));
#9066 = DIRECTION('',(0.,0.,1.));
#9067 = DIRECTION('',(1.,0.,-0.));
#9068 = ORIENTED_EDGE('',*,*,#9069,.F.);
#9069 = EDGE_CURVE('',#9070,#9061,#9072,.T.);
#9070 = VERTEX_POINT('',#9071);
#9071 = CARTESIAN_POINT('',(-28.955,-2.54,-5.));
#9072 = LINE('',#9073,#9074);
#9073 = CARTESIAN_POINT('',(-28.955,-2.54,-5.));
#9074 = VECTOR('',#9075,1.);
#9075 = DIRECTION('',(0.,0.,1.));
#9076 = ORIENTED_EDGE('',*,*,#9077,.T.);
#9077 = EDGE_CURVE('',#9070,#9070,#9078,.T.);
#9078 = CIRCLE('',#9079,0.255);
#9079 = AXIS2_PLACEMENT_3D('',#9080,#9081,#9082);
#9080 = CARTESIAN_POINT('',(-29.21,-2.54,-5.));
#9081 = DIRECTION('',(0.,0.,1.));
#9082 = DIRECTION('',(1.,0.,-0.));
#9083 = ORIENTED_EDGE('',*,*,#9069,.T.);
#9084 = CYLINDRICAL_SURFACE('',#9085,0.255);
#9085 = AXIS2_PLACEMENT_3D('',#9086,#9087,#9088);
#9086 = CARTESIAN_POINT('',(-29.21,-2.54,-5.));
#9087 = DIRECTION('',(0.,0.,1.));
#9088 = DIRECTION('',(1.,0.,-0.));
#9089 = ADVANCED_FACE('',(#9090),#9093,.T.);
#9090 = FACE_BOUND('',#9091,.T.);
#9091 = EDGE_LOOP('',(#9092));
#9092 = ORIENTED_EDGE('',*,*,#9060,.T.);
#9093 = PLANE('',#9094);
#9094 = AXIS2_PLACEMENT_3D('',#9095,#9096,#9097);
#9095 = CARTESIAN_POINT('',(-29.21,-2.54,0.1));
#9096 = DIRECTION('',(0.,0.,1.));
#9097 = DIRECTION('',(1.,0.,-0.));
#9098 = ADVANCED_FACE('',(#9099),#9102,.F.);
#9099 = FACE_BOUND('',#9100,.T.);
#9100 = EDGE_LOOP('',(#9101));
#9101 = ORIENTED_EDGE('',*,*,#9077,.F.);
#9102 = PLANE('',#9103);
#9103 = AXIS2_PLACEMENT_3D('',#9104,#9105,#9106);
#9104 = CARTESIAN_POINT('',(-29.21,-2.54,-5.));
#9105 = DIRECTION('',(0.,0.,1.));
#9106 = DIRECTION('',(1.,0.,-0.));
#9107 = ( GEOMETRIC_REPRESENTATION_CONTEXT(3) 
GLOBAL_UNCERTAINTY_ASSIGNED_CONTEXT((#9111)) 
GLOBAL_UNIT_ASSIGNED_CONTEXT((#9108,#9109,#9110)) REPRESENTATION_CONTEXT
('Context #1','3D Context with UNIT and UNCERTAINTY') );
#9108 = ( LENGTH_UNIT() NAMED_UNIT(*) SI_UNIT(.MILLI.,.METRE.) );
#9109 = ( NAMED_UNIT(*) PLANE_ANGLE_UNIT() SI_UNIT($,.RADIAN.) );
#9110 = ( NAMED_UNIT(*) SI_UNIT($,.STERADIAN.) SOLID_ANGLE_UNIT() );
#9111 = UNCERTAINTY_MEASURE_WITH_UNIT(LENGTH_MEASURE(1.E-07),#9108,
  'distance_accuracy_value','confusion accuracy');
#9112 = CONTEXT_DEPENDENT_SHAPE_REPRESENTATION(#9113,#9115);
#9113 = ( REPRESENTATION_RELATIONSHIP('','',#9053,#6734) 
REPRESENTATION_RELATIONSHIP_WITH_TRANSFORMATION(#9114) 
SHAPE_REPRESENTATION_RELATIONSHIP() );
#9114 = ITEM_DEFINED_TRANSFORMATION('','',#11,#6851);
#9115 = PRODUCT_DEFINITION_SHAPE('Placement','Placement of an item',
  #9116);
#9116 = NEXT_ASSEMBLY_USAGE_OCCURRENCE('63','Leads057','',#6729,#9048,$
  );
#9117 = PRODUCT_RELATED_PRODUCT_CATEGORY('part',$,(#9050));
#9118 = SHAPE_DEFINITION_REPRESENTATION(#9119,#9125);
#9119 = PRODUCT_DEFINITION_SHAPE('','',#9120);
#9120 = PRODUCT_DEFINITION('design','',#9121,#9124);
#9121 = PRODUCT_DEFINITION_FORMATION('','',#9122);
#9122 = PRODUCT('Leads058','Leads058','',(#9123));
#9123 = PRODUCT_CONTEXT('',#2,'mechanical');
#9124 = PRODUCT_DEFINITION_CONTEXT('part definition',#2,'design');
#9125 = ADVANCED_BREP_SHAPE_REPRESENTATION('',(#11,#9126),#9179);
#9126 = MANIFOLD_SOLID_BREP('',#9127);
#9127 = CLOSED_SHELL('',(#9128,#9161,#9170));
#9128 = ADVANCED_FACE('',(#9129),#9156,.T.);
#9129 = FACE_BOUND('',#9130,.T.);
#9130 = EDGE_LOOP('',(#9131,#9140,#9148,#9155));
#9131 = ORIENTED_EDGE('',*,*,#9132,.F.);
#9132 = EDGE_CURVE('',#9133,#9133,#9135,.T.);
#9133 = VERTEX_POINT('',#9134);
#9134 = CARTESIAN_POINT('',(-31.495,-2.54,0.1));
#9135 = CIRCLE('',#9136,0.255);
#9136 = AXIS2_PLACEMENT_3D('',#9137,#9138,#9139);
#9137 = CARTESIAN_POINT('',(-31.75,-2.54,0.1));
#9138 = DIRECTION('',(0.,0.,1.));
#9139 = DIRECTION('',(1.,0.,-0.));
#9140 = ORIENTED_EDGE('',*,*,#9141,.F.);
#9141 = EDGE_CURVE('',#9142,#9133,#9144,.T.);
#9142 = VERTEX_POINT('',#9143);
#9143 = CARTESIAN_POINT('',(-31.495,-2.54,-5.));
#9144 = LINE('',#9145,#9146);
#9145 = CARTESIAN_POINT('',(-31.495,-2.54,-5.));
#9146 = VECTOR('',#9147,1.);
#9147 = DIRECTION('',(0.,0.,1.));
#9148 = ORIENTED_EDGE('',*,*,#9149,.T.);
#9149 = EDGE_CURVE('',#9142,#9142,#9150,.T.);
#9150 = CIRCLE('',#9151,0.255);
#9151 = AXIS2_PLACEMENT_3D('',#9152,#9153,#9154);
#9152 = CARTESIAN_POINT('',(-31.75,-2.54,-5.));
#9153 = DIRECTION('',(0.,0.,1.));
#9154 = DIRECTION('',(1.,0.,-0.));
#9155 = ORIENTED_EDGE('',*,*,#9141,.T.);
#9156 = CYLINDRICAL_SURFACE('',#9157,0.255);
#9157 = AXIS2_PLACEMENT_3D('',#9158,#9159,#9160);
#9158 = CARTESIAN_POINT('',(-31.75,-2.54,-5.));
#9159 = DIRECTION('',(0.,0.,1.));
#9160 = DIRECTION('',(1.,0.,-0.));
#9161 = ADVANCED_FACE('',(#9162),#9165,.T.);
#9162 = FACE_BOUND('',#9163,.T.);
#9163 = EDGE_LOOP('',(#9164));
#9164 = ORIENTED_EDGE('',*,*,#9132,.T.);
#9165 = PLANE('',#9166);
#9166 = AXIS2_PLACEMENT_3D('',#9167,#9168,#9169);
#9167 = CARTESIAN_POINT('',(-31.75,-2.54,0.1));
#9168 = DIRECTION('',(0.,0.,1.));
#9169 = DIRECTION('',(1.,0.,-0.));
#9170 = ADVANCED_FACE('',(#9171),#9174,.F.);
#9171 = FACE_BOUND('',#9172,.T.);
#9172 = EDGE_LOOP('',(#9173));
#9173 = ORIENTED_EDGE('',*,*,#9149,.F.);
#9174 = PLANE('',#9175);
#9175 = AXIS2_PLACEMENT_3D('',#9176,#9177,#9178);
#9176 = CARTESIAN_POINT('',(-31.75,-2.54,-5.));
#9177 = DIRECTION('',(0.,0.,1.));
#9178 = DIRECTION('',(1.,0.,-0.));
#9179 = ( GEOMETRIC_REPRESENTATION_CONTEXT(3) 
GLOBAL_UNCERTAINTY_ASSIGNED_CONTEXT((#9183)) 
GLOBAL_UNIT_ASSIGNED_CONTEXT((#9180,#9181,#9182)) REPRESENTATION_CONTEXT
('Context #1','3D Context with UNIT and UNCERTAINTY') );
#9180 = ( LENGTH_UNIT() NAMED_UNIT(*) SI_UNIT(.MILLI.,.METRE.) );
#9181 = ( NAMED_UNIT(*) PLANE_ANGLE_UNIT() SI_UNIT($,.RADIAN.) );
#9182 = ( NAMED_UNIT(*) SI_UNIT($,.STERADIAN.) SOLID_ANGLE_UNIT() );
#9183 = UNCERTAINTY_MEASURE_WITH_UNIT(LENGTH_MEASURE(1.E-07),#9180,
  'distance_accuracy_value','confusion accuracy');
#9184 = CONTEXT_DEPENDENT_SHAPE_REPRESENTATION(#9185,#9187);
#9185 = ( REPRESENTATION_RELATIONSHIP('','',#9125,#6734) 
REPRESENTATION_RELATIONSHIP_WITH_TRANSFORMATION(#9186) 
SHAPE_REPRESENTATION_RELATIONSHIP() );
#9186 = ITEM_DEFINED_TRANSFORMATION('','',#11,#6855);
#9187 = PRODUCT_DEFINITION_SHAPE('Placement','Placement of an item',
  #9188);
#9188 = NEXT_ASSEMBLY_USAGE_OCCURRENCE('64','Leads058','',#6729,#9120,$
  );
#9189 = PRODUCT_RELATED_PRODUCT_CATEGORY('part',$,(#9122));
#9190 = SHAPE_DEFINITION_REPRESENTATION(#9191,#9197);
#9191 = PRODUCT_DEFINITION_SHAPE('','',#9192);
#9192 = PRODUCT_DEFINITION('design','',#9193,#9196);
#9193 = PRODUCT_DEFINITION_FORMATION('','',#9194);
#9194 = PRODUCT('Leads059','Leads059','',(#9195));
#9195 = PRODUCT_CONTEXT('',#2,'mechanical');
#9196 = PRODUCT_DEFINITION_CONTEXT('part definition',#2,'design');
#9197 = ADVANCED_BREP_SHAPE_REPRESENTATION('',(#11,#9198),#9251);
#9198 = MANIFOLD_SOLID_BREP('',#9199);
#9199 = CLOSED_SHELL('',(#9200,#9233,#9242));
#9200 = ADVANCED_FACE('',(#9201),#9228,.T.);
#9201 = FACE_BOUND('',#9202,.T.);
#9202 = EDGE_LOOP('',(#9203,#9212,#9220,#9227));
#9203 = ORIENTED_EDGE('',*,*,#9204,.F.);
#9204 = EDGE_CURVE('',#9205,#9205,#9207,.T.);
#9205 = VERTEX_POINT('',#9206);
#9206 = CARTESIAN_POINT('',(-34.035,-2.54,0.1));
#9207 = CIRCLE('',#9208,0.255);
#9208 = AXIS2_PLACEMENT_3D('',#9209,#9210,#9211);
#9209 = CARTESIAN_POINT('',(-34.29,-2.54,0.1));
#9210 = DIRECTION('',(0.,0.,1.));
#9211 = DIRECTION('',(1.,0.,-0.));
#9212 = ORIENTED_EDGE('',*,*,#9213,.F.);
#9213 = EDGE_CURVE('',#9214,#9205,#9216,.T.);
#9214 = VERTEX_POINT('',#9215);
#9215 = CARTESIAN_POINT('',(-34.035,-2.54,-5.));
#9216 = LINE('',#9217,#9218);
#9217 = CARTESIAN_POINT('',(-34.035,-2.54,-5.));
#9218 = VECTOR('',#9219,1.);
#9219 = DIRECTION('',(0.,0.,1.));
#9220 = ORIENTED_EDGE('',*,*,#9221,.T.);
#9221 = EDGE_CURVE('',#9214,#9214,#9222,.T.);
#9222 = CIRCLE('',#9223,0.255);
#9223 = AXIS2_PLACEMENT_3D('',#9224,#9225,#9226);
#9224 = CARTESIAN_POINT('',(-34.29,-2.54,-5.));
#9225 = DIRECTION('',(0.,0.,1.));
#9226 = DIRECTION('',(1.,0.,-0.));
#9227 = ORIENTED_EDGE('',*,*,#9213,.T.);
#9228 = CYLINDRICAL_SURFACE('',#9229,0.255);
#9229 = AXIS2_PLACEMENT_3D('',#9230,#9231,#9232);
#9230 = CARTESIAN_POINT('',(-34.29,-2.54,-5.));
#9231 = DIRECTION('',(0.,0.,1.));
#9232 = DIRECTION('',(1.,0.,-0.));
#9233 = ADVANCED_FACE('',(#9234),#9237,.T.);
#9234 = FACE_BOUND('',#9235,.T.);
#9235 = EDGE_LOOP('',(#9236));
#9236 = ORIENTED_EDGE('',*,*,#9204,.T.);
#9237 = PLANE('',#9238);
#9238 = AXIS2_PLACEMENT_3D('',#9239,#9240,#9241);
#9239 = CARTESIAN_POINT('',(-34.29,-2.54,0.1));
#9240 = DIRECTION('',(0.,0.,1.));
#9241 = DIRECTION('',(1.,0.,-0.));
#9242 = ADVANCED_FACE('',(#9243),#9246,.F.);
#9243 = FACE_BOUND('',#9244,.T.);
#9244 = EDGE_LOOP('',(#9245));
#9245 = ORIENTED_EDGE('',*,*,#9221,.F.);
#9246 = PLANE('',#9247);
#9247 = AXIS2_PLACEMENT_3D('',#9248,#9249,#9250);
#9248 = CARTESIAN_POINT('',(-34.29,-2.54,-5.));
#9249 = DIRECTION('',(0.,0.,1.));
#9250 = DIRECTION('',(1.,0.,-0.));
#9251 = ( GEOMETRIC_REPRESENTATION_CONTEXT(3) 
GLOBAL_UNCERTAINTY_ASSIGNED_CONTEXT((#9255)) 
GLOBAL_UNIT_ASSIGNED_CONTEXT((#9252,#9253,#9254)) REPRESENTATION_CONTEXT
('Context #1','3D Context with UNIT and UNCERTAINTY') );
#9252 = ( LENGTH_UNIT() NAMED_UNIT(*) SI_UNIT(.MILLI.,.METRE.) );
#9253 = ( NAMED_UNIT(*) PLANE_ANGLE_UNIT() SI_UNIT($,.RADIAN.) );
#9254 = ( NAMED_UNIT(*) SI_UNIT($,.STERADIAN.) SOLID_ANGLE_UNIT() );
#9255 = UNCERTAINTY_MEASURE_WITH_UNIT(LENGTH_MEASURE(1.E-07),#9252,
  'distance_accuracy_value','confusion accuracy');
#9256 = CONTEXT_DEPENDENT_SHAPE_REPRESENTATION(#9257,#9259);
#9257 = ( REPRESENTATION_RELATIONSHIP('','',#9197,#6734) 
REPRESENTATION_RELATIONSHIP_WITH_TRANSFORMATION(#9258) 
SHAPE_REPRESENTATION_RELATIONSHIP() );
#9258 = ITEM_DEFINED_TRANSFORMATION('','',#11,#6859);
#9259 = PRODUCT_DEFINITION_SHAPE('Placement','Placement of an item',
  #9260);
#9260 = NEXT_ASSEMBLY_USAGE_OCCURRENCE('65','Leads059','',#6729,#9192,$
  );
#9261 = PRODUCT_RELATED_PRODUCT_CATEGORY('part',$,(#9194));
#9262 = SHAPE_DEFINITION_REPRESENTATION(#9263,#9269);
#9263 = PRODUCT_DEFINITION_SHAPE('','',#9264);
#9264 = PRODUCT_DEFINITION('design','',#9265,#9268);
#9265 = PRODUCT_DEFINITION_FORMATION('','',#9266);
#9266 = PRODUCT('Leads060','Leads060','',(#9267));
#9267 = PRODUCT_CONTEXT('',#2,'mechanical');
#9268 = PRODUCT_DEFINITION_CONTEXT('part definition',#2,'design');
#9269 = ADVANCED_BREP_SHAPE_REPRESENTATION('',(#11,#9270),#9323);
#9270 = MANIFOLD_SOLID_BREP('',#9271);
#9271 = CLOSED_SHELL('',(#9272,#9305,#9314));
#9272 = ADVANCED_FACE('',(#9273),#9300,.T.);
#9273 = FACE_BOUND('',#9274,.T.);
#9274 = EDGE_LOOP('',(#9275,#9284,#9292,#9299));
#9275 = ORIENTED_EDGE('',*,*,#9276,.F.);
#9276 = EDGE_CURVE('',#9277,#9277,#9279,.T.);
#9277 = VERTEX_POINT('',#9278);
#9278 = CARTESIAN_POINT('',(-36.575,-2.54,0.1));
#9279 = CIRCLE('',#9280,0.255);
#9280 = AXIS2_PLACEMENT_3D('',#9281,#9282,#9283);
#9281 = CARTESIAN_POINT('',(-36.83,-2.54,0.1));
#9282 = DIRECTION('',(0.,0.,1.));
#9283 = DIRECTION('',(1.,0.,-0.));
#9284 = ORIENTED_EDGE('',*,*,#9285,.F.);
#9285 = EDGE_CURVE('',#9286,#9277,#9288,.T.);
#9286 = VERTEX_POINT('',#9287);
#9287 = CARTESIAN_POINT('',(-36.575,-2.54,-5.));
#9288 = LINE('',#9289,#9290);
#9289 = CARTESIAN_POINT('',(-36.575,-2.54,-5.));
#9290 = VECTOR('',#9291,1.);
#9291 = DIRECTION('',(0.,0.,1.));
#9292 = ORIENTED_EDGE('',*,*,#9293,.T.);
#9293 = EDGE_CURVE('',#9286,#9286,#9294,.T.);
#9294 = CIRCLE('',#9295,0.255);
#9295 = AXIS2_PLACEMENT_3D('',#9296,#9297,#9298);
#9296 = CARTESIAN_POINT('',(-36.83,-2.54,-5.));
#9297 = DIRECTION('',(0.,0.,1.));
#9298 = DIRECTION('',(1.,0.,-0.));
#9299 = ORIENTED_EDGE('',*,*,#9285,.T.);
#9300 = CYLINDRICAL_SURFACE('',#9301,0.255);
#9301 = AXIS2_PLACEMENT_3D('',#9302,#9303,#9304);
#9302 = CARTESIAN_POINT('',(-36.83,-2.54,-5.));
#9303 = DIRECTION('',(0.,0.,1.));
#9304 = DIRECTION('',(1.,0.,-0.));
#9305 = ADVANCED_FACE('',(#9306),#9309,.T.);
#9306 = FACE_BOUND('',#9307,.T.);
#9307 = EDGE_LOOP('',(#9308));
#9308 = ORIENTED_EDGE('',*,*,#9276,.T.);
#9309 = PLANE('',#9310);
#9310 = AXIS2_PLACEMENT_3D('',#9311,#9312,#9313);
#9311 = CARTESIAN_POINT('',(-36.83,-2.54,0.1));
#9312 = DIRECTION('',(0.,0.,1.));
#9313 = DIRECTION('',(1.,0.,-0.));
#9314 = ADVANCED_FACE('',(#9315),#9318,.F.);
#9315 = FACE_BOUND('',#9316,.T.);
#9316 = EDGE_LOOP('',(#9317));
#9317 = ORIENTED_EDGE('',*,*,#9293,.F.);
#9318 = PLANE('',#9319);
#9319 = AXIS2_PLACEMENT_3D('',#9320,#9321,#9322);
#9320 = CARTESIAN_POINT('',(-36.83,-2.54,-5.));
#9321 = DIRECTION('',(0.,0.,1.));
#9322 = DIRECTION('',(1.,0.,-0.));
#9323 = ( GEOMETRIC_REPRESENTATION_CONTEXT(3) 
GLOBAL_UNCERTAINTY_ASSIGNED_CONTEXT((#9327)) 
GLOBAL_UNIT_ASSIGNED_CONTEXT((#9324,#9325,#9326)) REPRESENTATION_CONTEXT
('Context #1','3D Context with UNIT and UNCERTAINTY') );
#9324 = ( LENGTH_UNIT() NAMED_UNIT(*) SI_UNIT(.MILLI.,.METRE.) );
#9325 = ( NAMED_UNIT(*) PLANE_ANGLE_UNIT() SI_UNIT($,.RADIAN.) );
#9326 = ( NAMED_UNIT(*) SI_UNIT($,.STERADIAN.) SOLID_ANGLE_UNIT() );
#9327 = UNCERTAINTY_MEASURE_WITH_UNIT(LENGTH_MEASURE(1.E-07),#9324,
  'distance_accuracy_value','confusion accuracy');
#9328 = CONTEXT_DEPENDENT_SHAPE_REPRESENTATION(#9329,#9331);
#9329 = ( REPRESENTATION_RELATIONSHIP('','',#9269,#6734) 
REPRESENTATION_RELATIONSHIP_WITH_TRANSFORMATION(#9330) 
SHAPE_REPRESENTATION_RELATIONSHIP() );
#9330 = ITEM_DEFINED_TRANSFORMATION('','',#11,#6863);
#9331 = PRODUCT_DEFINITION_SHAPE('Placement','Placement of an item',
  #9332);
#9332 = NEXT_ASSEMBLY_USAGE_OCCURRENCE('66','Leads060','',#6729,#9264,$
  );
#9333 = PRODUCT_RELATED_PRODUCT_CATEGORY('part',$,(#9266));
#9334 = SHAPE_DEFINITION_REPRESENTATION(#9335,#9341);
#9335 = PRODUCT_DEFINITION_SHAPE('','',#9336);
#9336 = PRODUCT_DEFINITION('design','',#9337,#9340);
#9337 = PRODUCT_DEFINITION_FORMATION('','',#9338);
#9338 = PRODUCT('Leads061','Leads061','',(#9339));
#9339 = PRODUCT_CONTEXT('',#2,'mechanical');
#9340 = PRODUCT_DEFINITION_CONTEXT('part definition',#2,'design');
#9341 = ADVANCED_BREP_SHAPE_REPRESENTATION('',(#11,#9342),#9395);
#9342 = MANIFOLD_SOLID_BREP('',#9343);
#9343 = CLOSED_SHELL('',(#9344,#9377,#9386));
#9344 = ADVANCED_FACE('',(#9345),#9372,.T.);
#9345 = FACE_BOUND('',#9346,.T.);
#9346 = EDGE_LOOP('',(#9347,#9356,#9364,#9371));
#9347 = ORIENTED_EDGE('',*,*,#9348,.F.);
#9348 = EDGE_CURVE('',#9349,#9349,#9351,.T.);
#9349 = VERTEX_POINT('',#9350);
#9350 = CARTESIAN_POINT('',(-39.115,-2.54,0.1));
#9351 = CIRCLE('',#9352,0.255);
#9352 = AXIS2_PLACEMENT_3D('',#9353,#9354,#9355);
#9353 = CARTESIAN_POINT('',(-39.37,-2.54,0.1));
#9354 = DIRECTION('',(0.,0.,1.));
#9355 = DIRECTION('',(1.,0.,-0.));
#9356 = ORIENTED_EDGE('',*,*,#9357,.F.);
#9357 = EDGE_CURVE('',#9358,#9349,#9360,.T.);
#9358 = VERTEX_POINT('',#9359);
#9359 = CARTESIAN_POINT('',(-39.115,-2.54,-5.));
#9360 = LINE('',#9361,#9362);
#9361 = CARTESIAN_POINT('',(-39.115,-2.54,-5.));
#9362 = VECTOR('',#9363,1.);
#9363 = DIRECTION('',(0.,0.,1.));
#9364 = ORIENTED_EDGE('',*,*,#9365,.T.);
#9365 = EDGE_CURVE('',#9358,#9358,#9366,.T.);
#9366 = CIRCLE('',#9367,0.255);
#9367 = AXIS2_PLACEMENT_3D('',#9368,#9369,#9370);
#9368 = CARTESIAN_POINT('',(-39.37,-2.54,-5.));
#9369 = DIRECTION('',(0.,0.,1.));
#9370 = DIRECTION('',(1.,0.,-0.));
#9371 = ORIENTED_EDGE('',*,*,#9357,.T.);
#9372 = CYLINDRICAL_SURFACE('',#9373,0.255);
#9373 = AXIS2_PLACEMENT_3D('',#9374,#9375,#9376);
#9374 = CARTESIAN_POINT('',(-39.37,-2.54,-5.));
#9375 = DIRECTION('',(0.,0.,1.));
#9376 = DIRECTION('',(1.,0.,-0.));
#9377 = ADVANCED_FACE('',(#9378),#9381,.T.);
#9378 = FACE_BOUND('',#9379,.T.);
#9379 = EDGE_LOOP('',(#9380));
#9380 = ORIENTED_EDGE('',*,*,#9348,.T.);
#9381 = PLANE('',#9382);
#9382 = AXIS2_PLACEMENT_3D('',#9383,#9384,#9385);
#9383 = CARTESIAN_POINT('',(-39.37,-2.54,0.1));
#9384 = DIRECTION('',(0.,0.,1.));
#9385 = DIRECTION('',(1.,0.,-0.));
#9386 = ADVANCED_FACE('',(#9387),#9390,.F.);
#9387 = FACE_BOUND('',#9388,.T.);
#9388 = EDGE_LOOP('',(#9389));
#9389 = ORIENTED_EDGE('',*,*,#9365,.F.);
#9390 = PLANE('',#9391);
#9391 = AXIS2_PLACEMENT_3D('',#9392,#9393,#9394);
#9392 = CARTESIAN_POINT('',(-39.37,-2.54,-5.));
#9393 = DIRECTION('',(0.,0.,1.));
#9394 = DIRECTION('',(1.,0.,-0.));
#9395 = ( GEOMETRIC_REPRESENTATION_CONTEXT(3) 
GLOBAL_UNCERTAINTY_ASSIGNED_CONTEXT((#9399)) 
GLOBAL_UNIT_ASSIGNED_CONTEXT((#9396,#9397,#9398)) REPRESENTATION_CONTEXT
('Context #1','3D Context with UNIT and UNCERTAINTY') );
#9396 = ( LENGTH_UNIT() NAMED_UNIT(*) SI_UNIT(.MILLI.,.METRE.) );
#9397 = ( NAMED_UNIT(*) PLANE_ANGLE_UNIT() SI_UNIT($,.RADIAN.) );
#9398 = ( NAMED_UNIT(*) SI_UNIT($,.STERADIAN.) SOLID_ANGLE_UNIT() );
#9399 = UNCERTAINTY_MEASURE_WITH_UNIT(LENGTH_MEASURE(1.E-07),#9396,
  'distance_accuracy_value','confusion accuracy');
#9400 = CONTEXT_DEPENDENT_SHAPE_REPRESENTATION(#9401,#9403);
#9401 = ( REPRESENTATION_RELATIONSHIP('','',#9341,#6734) 
REPRESENTATION_RELATIONSHIP_WITH_TRANSFORMATION(#9402) 
SHAPE_REPRESENTATION_RELATIONSHIP() );
#9402 = ITEM_DEFINED_TRANSFORMATION('','',#11,#6867);
#9403 = PRODUCT_DEFINITION_SHAPE('Placement','Placement of an item',
  #9404);
#9404 = NEXT_ASSEMBLY_USAGE_OCCURRENCE('67','Leads061','',#6729,#9336,$
  );
#9405 = PRODUCT_RELATED_PRODUCT_CATEGORY('part',$,(#9338));
#9406 = SHAPE_DEFINITION_REPRESENTATION(#9407,#9413);
#9407 = PRODUCT_DEFINITION_SHAPE('','',#9408);
#9408 = PRODUCT_DEFINITION('design','',#9409,#9412);
#9409 = PRODUCT_DEFINITION_FORMATION('','',#9410);
#9410 = PRODUCT('Leads062','Leads062','',(#9411));
#9411 = PRODUCT_CONTEXT('',#2,'mechanical');
#9412 = PRODUCT_DEFINITION_CONTEXT('part definition',#2,'design');
#9413 = ADVANCED_BREP_SHAPE_REPRESENTATION('',(#11,#9414),#9467);
#9414 = MANIFOLD_SOLID_BREP('',#9415);
#9415 = CLOSED_SHELL('',(#9416,#9449,#9458));
#9416 = ADVANCED_FACE('',(#9417),#9444,.T.);
#9417 = FACE_BOUND('',#9418,.T.);
#9418 = EDGE_LOOP('',(#9419,#9428,#9436,#9443));
#9419 = ORIENTED_EDGE('',*,*,#9420,.F.);
#9420 = EDGE_CURVE('',#9421,#9421,#9423,.T.);
#9421 = VERTEX_POINT('',#9422);
#9422 = CARTESIAN_POINT('',(-41.655,-2.54,0.1));
#9423 = CIRCLE('',#9424,0.255);
#9424 = AXIS2_PLACEMENT_3D('',#9425,#9426,#9427);
#9425 = CARTESIAN_POINT('',(-41.91,-2.54,0.1));
#9426 = DIRECTION('',(0.,0.,1.));
#9427 = DIRECTION('',(1.,0.,-0.));
#9428 = ORIENTED_EDGE('',*,*,#9429,.F.);
#9429 = EDGE_CURVE('',#9430,#9421,#9432,.T.);
#9430 = VERTEX_POINT('',#9431);
#9431 = CARTESIAN_POINT('',(-41.655,-2.54,-5.));
#9432 = LINE('',#9433,#9434);
#9433 = CARTESIAN_POINT('',(-41.655,-2.54,-5.));
#9434 = VECTOR('',#9435,1.);
#9435 = DIRECTION('',(0.,0.,1.));
#9436 = ORIENTED_EDGE('',*,*,#9437,.T.);
#9437 = EDGE_CURVE('',#9430,#9430,#9438,.T.);
#9438 = CIRCLE('',#9439,0.255);
#9439 = AXIS2_PLACEMENT_3D('',#9440,#9441,#9442);
#9440 = CARTESIAN_POINT('',(-41.91,-2.54,-5.));
#9441 = DIRECTION('',(0.,0.,1.));
#9442 = DIRECTION('',(1.,0.,-0.));
#9443 = ORIENTED_EDGE('',*,*,#9429,.T.);
#9444 = CYLINDRICAL_SURFACE('',#9445,0.255);
#9445 = AXIS2_PLACEMENT_3D('',#9446,#9447,#9448);
#9446 = CARTESIAN_POINT('',(-41.91,-2.54,-5.));
#9447 = DIRECTION('',(0.,0.,1.));
#9448 = DIRECTION('',(1.,0.,-0.));
#9449 = ADVANCED_FACE('',(#9450),#9453,.T.);
#9450 = FACE_BOUND('',#9451,.T.);
#9451 = EDGE_LOOP('',(#9452));
#9452 = ORIENTED_EDGE('',*,*,#9420,.T.);
#9453 = PLANE('',#9454);
#9454 = AXIS2_PLACEMENT_3D('',#9455,#9456,#9457);
#9455 = CARTESIAN_POINT('',(-41.91,-2.54,0.1));
#9456 = DIRECTION('',(0.,0.,1.));
#9457 = DIRECTION('',(1.,0.,-0.));
#9458 = ADVANCED_FACE('',(#9459),#9462,.F.);
#9459 = FACE_BOUND('',#9460,.T.);
#9460 = EDGE_LOOP('',(#9461));
#9461 = ORIENTED_EDGE('',*,*,#9437,.F.);
#9462 = PLANE('',#9463);
#9463 = AXIS2_PLACEMENT_3D('',#9464,#9465,#9466);
#9464 = CARTESIAN_POINT('',(-41.91,-2.54,-5.));
#9465 = DIRECTION('',(0.,0.,1.));
#9466 = DIRECTION('',(1.,0.,-0.));
#9467 = ( GEOMETRIC_REPRESENTATION_CONTEXT(3) 
GLOBAL_UNCERTAINTY_ASSIGNED_CONTEXT((#9471)) 
GLOBAL_UNIT_ASSIGNED_CONTEXT((#9468,#9469,#9470)) REPRESENTATION_CONTEXT
('Context #1','3D Context with UNIT and UNCERTAINTY') );
#9468 = ( LENGTH_UNIT() NAMED_UNIT(*) SI_UNIT(.MILLI.,.METRE.) );
#9469 = ( NAMED_UNIT(*) PLANE_ANGLE_UNIT() SI_UNIT($,.RADIAN.) );
#9470 = ( NAMED_UNIT(*) SI_UNIT($,.STERADIAN.) SOLID_ANGLE_UNIT() );
#9471 = UNCERTAINTY_MEASURE_WITH_UNIT(LENGTH_MEASURE(1.E-07),#9468,
  'distance_accuracy_value','confusion accuracy');
#9472 = CONTEXT_DEPENDENT_SHAPE_REPRESENTATION(#9473,#9475);
#9473 = ( REPRESENTATION_RELATIONSHIP('','',#9413,#6734) 
REPRESENTATION_RELATIONSHIP_WITH_TRANSFORMATION(#9474) 
SHAPE_REPRESENTATION_RELATIONSHIP() );
#9474 = ITEM_DEFINED_TRANSFORMATION('','',#11,#6871);
#9475 = PRODUCT_DEFINITION_SHAPE('Placement','Placement of an item',
  #9476);
#9476 = NEXT_ASSEMBLY_USAGE_OCCURRENCE('68','Leads062','',#6729,#9408,$
  );
#9477 = PRODUCT_RELATED_PRODUCT_CATEGORY('part',$,(#9410));
#9478 = SHAPE_DEFINITION_REPRESENTATION(#9479,#9485);
#9479 = PRODUCT_DEFINITION_SHAPE('','',#9480);
#9480 = PRODUCT_DEFINITION('design','',#9481,#9484);
#9481 = PRODUCT_DEFINITION_FORMATION('','',#9482);
#9482 = PRODUCT('Leads063','Leads063','',(#9483));
#9483 = PRODUCT_CONTEXT('',#2,'mechanical');
#9484 = PRODUCT_DEFINITION_CONTEXT('part definition',#2,'design');
#9485 = ADVANCED_BREP_SHAPE_REPRESENTATION('',(#11,#9486),#9539);
#9486 = MANIFOLD_SOLID_BREP('',#9487);
#9487 = CLOSED_SHELL('',(#9488,#9521,#9530));
#9488 = ADVANCED_FACE('',(#9489),#9516,.T.);
#9489 = FACE_BOUND('',#9490,.T.);
#9490 = EDGE_LOOP('',(#9491,#9500,#9508,#9515));
#9491 = ORIENTED_EDGE('',*,*,#9492,.F.);
#9492 = EDGE_CURVE('',#9493,#9493,#9495,.T.);
#9493 = VERTEX_POINT('',#9494);
#9494 = CARTESIAN_POINT('',(-2.285,-5.08,0.1));
#9495 = CIRCLE('',#9496,0.255);
#9496 = AXIS2_PLACEMENT_3D('',#9497,#9498,#9499);
#9497 = CARTESIAN_POINT('',(-2.54,-5.08,0.1));
#9498 = DIRECTION('',(0.,0.,1.));
#9499 = DIRECTION('',(1.,0.,-0.));
#9500 = ORIENTED_EDGE('',*,*,#9501,.F.);
#9501 = EDGE_CURVE('',#9502,#9493,#9504,.T.);
#9502 = VERTEX_POINT('',#9503);
#9503 = CARTESIAN_POINT('',(-2.285,-5.08,-5.));
#9504 = LINE('',#9505,#9506);
#9505 = CARTESIAN_POINT('',(-2.285,-5.08,-5.));
#9506 = VECTOR('',#9507,1.);
#9507 = DIRECTION('',(0.,0.,1.));
#9508 = ORIENTED_EDGE('',*,*,#9509,.T.);
#9509 = EDGE_CURVE('',#9502,#9502,#9510,.T.);
#9510 = CIRCLE('',#9511,0.255);
#9511 = AXIS2_PLACEMENT_3D('',#9512,#9513,#9514);
#9512 = CARTESIAN_POINT('',(-2.54,-5.08,-5.));
#9513 = DIRECTION('',(0.,0.,1.));
#9514 = DIRECTION('',(1.,0.,-0.));
#9515 = ORIENTED_EDGE('',*,*,#9501,.T.);
#9516 = CYLINDRICAL_SURFACE('',#9517,0.255);
#9517 = AXIS2_PLACEMENT_3D('',#9518,#9519,#9520);
#9518 = CARTESIAN_POINT('',(-2.54,-5.08,-5.));
#9519 = DIRECTION('',(0.,0.,1.));
#9520 = DIRECTION('',(1.,0.,-0.));
#9521 = ADVANCED_FACE('',(#9522),#9525,.T.);
#9522 = FACE_BOUND('',#9523,.T.);
#9523 = EDGE_LOOP('',(#9524));
#9524 = ORIENTED_EDGE('',*,*,#9492,.T.);
#9525 = PLANE('',#9526);
#9526 = AXIS2_PLACEMENT_3D('',#9527,#9528,#9529);
#9527 = CARTESIAN_POINT('',(-2.54,-5.08,0.1));
#9528 = DIRECTION('',(0.,0.,1.));
#9529 = DIRECTION('',(1.,0.,-0.));
#9530 = ADVANCED_FACE('',(#9531),#9534,.F.);
#9531 = FACE_BOUND('',#9532,.T.);
#9532 = EDGE_LOOP('',(#9533));
#9533 = ORIENTED_EDGE('',*,*,#9509,.F.);
#9534 = PLANE('',#9535);
#9535 = AXIS2_PLACEMENT_3D('',#9536,#9537,#9538);
#9536 = CARTESIAN_POINT('',(-2.54,-5.08,-5.));
#9537 = DIRECTION('',(0.,0.,1.));
#9538 = DIRECTION('',(1.,0.,-0.));
#9539 = ( GEOMETRIC_REPRESENTATION_CONTEXT(3) 
GLOBAL_UNCERTAINTY_ASSIGNED_CONTEXT((#9543)) 
GLOBAL_UNIT_ASSIGNED_CONTEXT((#9540,#9541,#9542)) REPRESENTATION_CONTEXT
('Context #1','3D Context with UNIT and UNCERTAINTY') );
#9540 = ( LENGTH_UNIT() NAMED_UNIT(*) SI_UNIT(.MILLI.,.METRE.) );
#9541 = ( NAMED_UNIT(*) PLANE_ANGLE_UNIT() SI_UNIT($,.RADIAN.) );
#9542 = ( NAMED_UNIT(*) SI_UNIT($,.STERADIAN.) SOLID_ANGLE_UNIT() );
#9543 = UNCERTAINTY_MEASURE_WITH_UNIT(LENGTH_MEASURE(1.E-07),#9540,
  'distance_accuracy_value','confusion accuracy');
#9544 = CONTEXT_DEPENDENT_SHAPE_REPRESENTATION(#9545,#9547);
#9545 = ( REPRESENTATION_RELATIONSHIP('','',#9485,#6734) 
REPRESENTATION_RELATIONSHIP_WITH_TRANSFORMATION(#9546) 
SHAPE_REPRESENTATION_RELATIONSHIP() );
#9546 = ITEM_DEFINED_TRANSFORMATION('','',#11,#6875);
#9547 = PRODUCT_DEFINITION_SHAPE('Placement','Placement of an item',
  #9548);
#9548 = NEXT_ASSEMBLY_USAGE_OCCURRENCE('69','Leads063','',#6729,#9480,$
  );
#9549 = PRODUCT_RELATED_PRODUCT_CATEGORY('part',$,(#9482));
#9550 = SHAPE_DEFINITION_REPRESENTATION(#9551,#9557);
#9551 = PRODUCT_DEFINITION_SHAPE('','',#9552);
#9552 = PRODUCT_DEFINITION('design','',#9553,#9556);
#9553 = PRODUCT_DEFINITION_FORMATION('','',#9554);
#9554 = PRODUCT('Leads064','Leads064','',(#9555));
#9555 = PRODUCT_CONTEXT('',#2,'mechanical');
#9556 = PRODUCT_DEFINITION_CONTEXT('part definition',#2,'design');
#9557 = ADVANCED_BREP_SHAPE_REPRESENTATION('',(#11,#9558),#9611);
#9558 = MANIFOLD_SOLID_BREP('',#9559);
#9559 = CLOSED_SHELL('',(#9560,#9593,#9602));
#9560 = ADVANCED_FACE('',(#9561),#9588,.T.);
#9561 = FACE_BOUND('',#9562,.T.);
#9562 = EDGE_LOOP('',(#9563,#9572,#9580,#9587));
#9563 = ORIENTED_EDGE('',*,*,#9564,.F.);
#9564 = EDGE_CURVE('',#9565,#9565,#9567,.T.);
#9565 = VERTEX_POINT('',#9566);
#9566 = CARTESIAN_POINT('',(-4.825,-5.08,0.1));
#9567 = CIRCLE('',#9568,0.255);
#9568 = AXIS2_PLACEMENT_3D('',#9569,#9570,#9571);
#9569 = CARTESIAN_POINT('',(-5.08,-5.08,0.1));
#9570 = DIRECTION('',(0.,0.,1.));
#9571 = DIRECTION('',(1.,0.,-0.));
#9572 = ORIENTED_EDGE('',*,*,#9573,.F.);
#9573 = EDGE_CURVE('',#9574,#9565,#9576,.T.);
#9574 = VERTEX_POINT('',#9575);
#9575 = CARTESIAN_POINT('',(-4.825,-5.08,-5.));
#9576 = LINE('',#9577,#9578);
#9577 = CARTESIAN_POINT('',(-4.825,-5.08,-5.));
#9578 = VECTOR('',#9579,1.);
#9579 = DIRECTION('',(0.,0.,1.));
#9580 = ORIENTED_EDGE('',*,*,#9581,.T.);
#9581 = EDGE_CURVE('',#9574,#9574,#9582,.T.);
#9582 = CIRCLE('',#9583,0.255);
#9583 = AXIS2_PLACEMENT_3D('',#9584,#9585,#9586);
#9584 = CARTESIAN_POINT('',(-5.08,-5.08,-5.));
#9585 = DIRECTION('',(0.,0.,1.));
#9586 = DIRECTION('',(1.,0.,-0.));
#9587 = ORIENTED_EDGE('',*,*,#9573,.T.);
#9588 = CYLINDRICAL_SURFACE('',#9589,0.255);
#9589 = AXIS2_PLACEMENT_3D('',#9590,#9591,#9592);
#9590 = CARTESIAN_POINT('',(-5.08,-5.08,-5.));
#9591 = DIRECTION('',(0.,0.,1.));
#9592 = DIRECTION('',(1.,0.,-0.));
#9593 = ADVANCED_FACE('',(#9594),#9597,.T.);
#9594 = FACE_BOUND('',#9595,.T.);
#9595 = EDGE_LOOP('',(#9596));
#9596 = ORIENTED_EDGE('',*,*,#9564,.T.);
#9597 = PLANE('',#9598);
#9598 = AXIS2_PLACEMENT_3D('',#9599,#9600,#9601);
#9599 = CARTESIAN_POINT('',(-5.08,-5.08,0.1));
#9600 = DIRECTION('',(0.,0.,1.));
#9601 = DIRECTION('',(1.,0.,-0.));
#9602 = ADVANCED_FACE('',(#9603),#9606,.F.);
#9603 = FACE_BOUND('',#9604,.T.);
#9604 = EDGE_LOOP('',(#9605));
#9605 = ORIENTED_EDGE('',*,*,#9581,.F.);
#9606 = PLANE('',#9607);
#9607 = AXIS2_PLACEMENT_3D('',#9608,#9609,#9610);
#9608 = CARTESIAN_POINT('',(-5.08,-5.08,-5.));
#9609 = DIRECTION('',(0.,0.,1.));
#9610 = DIRECTION('',(1.,0.,-0.));
#9611 = ( GEOMETRIC_REPRESENTATION_CONTEXT(3) 
GLOBAL_UNCERTAINTY_ASSIGNED_CONTEXT((#9615)) 
GLOBAL_UNIT_ASSIGNED_CONTEXT((#9612,#9613,#9614)) REPRESENTATION_CONTEXT
('Context #1','3D Context with UNIT and UNCERTAINTY') );
#9612 = ( LENGTH_UNIT() NAMED_UNIT(*) SI_UNIT(.MILLI.,.METRE.) );
#9613 = ( NAMED_UNIT(*) PLANE_ANGLE_UNIT() SI_UNIT($,.RADIAN.) );
#9614 = ( NAMED_UNIT(*) SI_UNIT($,.STERADIAN.) SOLID_ANGLE_UNIT() );
#9615 = UNCERTAINTY_MEASURE_WITH_UNIT(LENGTH_MEASURE(1.E-07),#9612,
  'distance_accuracy_value','confusion accuracy');
#9616 = CONTEXT_DEPENDENT_SHAPE_REPRESENTATION(#9617,#9619);
#9617 = ( REPRESENTATION_RELATIONSHIP('','',#9557,#6734) 
REPRESENTATION_RELATIONSHIP_WITH_TRANSFORMATION(#9618) 
SHAPE_REPRESENTATION_RELATIONSHIP() );
#9618 = ITEM_DEFINED_TRANSFORMATION('','',#11,#6879);
#9619 = PRODUCT_DEFINITION_SHAPE('Placement','Placement of an item',
  #9620);
#9620 = NEXT_ASSEMBLY_USAGE_OCCURRENCE('70','Leads064','',#6729,#9552,$
  );
#9621 = PRODUCT_RELATED_PRODUCT_CATEGORY('part',$,(#9554));
#9622 = SHAPE_DEFINITION_REPRESENTATION(#9623,#9629);
#9623 = PRODUCT_DEFINITION_SHAPE('','',#9624);
#9624 = PRODUCT_DEFINITION('design','',#9625,#9628);
#9625 = PRODUCT_DEFINITION_FORMATION('','',#9626);
#9626 = PRODUCT('Leads065','Leads065','',(#9627));
#9627 = PRODUCT_CONTEXT('',#2,'mechanical');
#9628 = PRODUCT_DEFINITION_CONTEXT('part definition',#2,'design');
#9629 = ADVANCED_BREP_SHAPE_REPRESENTATION('',(#11,#9630),#9683);
#9630 = MANIFOLD_SOLID_BREP('',#9631);
#9631 = CLOSED_SHELL('',(#9632,#9665,#9674));
#9632 = ADVANCED_FACE('',(#9633),#9660,.T.);
#9633 = FACE_BOUND('',#9634,.T.);
#9634 = EDGE_LOOP('',(#9635,#9644,#9652,#9659));
#9635 = ORIENTED_EDGE('',*,*,#9636,.F.);
#9636 = EDGE_CURVE('',#9637,#9637,#9639,.T.);
#9637 = VERTEX_POINT('',#9638);
#9638 = CARTESIAN_POINT('',(-7.365,-5.08,0.1));
#9639 = CIRCLE('',#9640,0.255);
#9640 = AXIS2_PLACEMENT_3D('',#9641,#9642,#9643);
#9641 = CARTESIAN_POINT('',(-7.62,-5.08,0.1));
#9642 = DIRECTION('',(0.,0.,1.));
#9643 = DIRECTION('',(1.,0.,-0.));
#9644 = ORIENTED_EDGE('',*,*,#9645,.F.);
#9645 = EDGE_CURVE('',#9646,#9637,#9648,.T.);
#9646 = VERTEX_POINT('',#9647);
#9647 = CARTESIAN_POINT('',(-7.365,-5.08,-5.));
#9648 = LINE('',#9649,#9650);
#9649 = CARTESIAN_POINT('',(-7.365,-5.08,-5.));
#9650 = VECTOR('',#9651,1.);
#9651 = DIRECTION('',(0.,0.,1.));
#9652 = ORIENTED_EDGE('',*,*,#9653,.T.);
#9653 = EDGE_CURVE('',#9646,#9646,#9654,.T.);
#9654 = CIRCLE('',#9655,0.255);
#9655 = AXIS2_PLACEMENT_3D('',#9656,#9657,#9658);
#9656 = CARTESIAN_POINT('',(-7.62,-5.08,-5.));
#9657 = DIRECTION('',(0.,0.,1.));
#9658 = DIRECTION('',(1.,0.,-0.));
#9659 = ORIENTED_EDGE('',*,*,#9645,.T.);
#9660 = CYLINDRICAL_SURFACE('',#9661,0.255);
#9661 = AXIS2_PLACEMENT_3D('',#9662,#9663,#9664);
#9662 = CARTESIAN_POINT('',(-7.62,-5.08,-5.));
#9663 = DIRECTION('',(0.,0.,1.));
#9664 = DIRECTION('',(1.,0.,-0.));
#9665 = ADVANCED_FACE('',(#9666),#9669,.T.);
#9666 = FACE_BOUND('',#9667,.T.);
#9667 = EDGE_LOOP('',(#9668));
#9668 = ORIENTED_EDGE('',*,*,#9636,.T.);
#9669 = PLANE('',#9670);
#9670 = AXIS2_PLACEMENT_3D('',#9671,#9672,#9673);
#9671 = CARTESIAN_POINT('',(-7.62,-5.08,0.1));
#9672 = DIRECTION('',(0.,0.,1.));
#9673 = DIRECTION('',(1.,0.,-0.));
#9674 = ADVANCED_FACE('',(#9675),#9678,.F.);
#9675 = FACE_BOUND('',#9676,.T.);
#9676 = EDGE_LOOP('',(#9677));
#9677 = ORIENTED_EDGE('',*,*,#9653,.F.);
#9678 = PLANE('',#9679);
#9679 = AXIS2_PLACEMENT_3D('',#9680,#9681,#9682);
#9680 = CARTESIAN_POINT('',(-7.62,-5.08,-5.));
#9681 = DIRECTION('',(0.,0.,1.));
#9682 = DIRECTION('',(1.,0.,-0.));
#9683 = ( GEOMETRIC_REPRESENTATION_CONTEXT(3) 
GLOBAL_UNCERTAINTY_ASSIGNED_CONTEXT((#9687)) 
GLOBAL_UNIT_ASSIGNED_CONTEXT((#9684,#9685,#9686)) REPRESENTATION_CONTEXT
('Context #1','3D Context with UNIT and UNCERTAINTY') );
#9684 = ( LENGTH_UNIT() NAMED_UNIT(*) SI_UNIT(.MILLI.,.METRE.) );
#9685 = ( NAMED_UNIT(*) PLANE_ANGLE_UNIT() SI_UNIT($,.RADIAN.) );
#9686 = ( NAMED_UNIT(*) SI_UNIT($,.STERADIAN.) SOLID_ANGLE_UNIT() );
#9687 = UNCERTAINTY_MEASURE_WITH_UNIT(LENGTH_MEASURE(1.E-07),#9684,
  'distance_accuracy_value','confusion accuracy');
#9688 = CONTEXT_DEPENDENT_SHAPE_REPRESENTATION(#9689,#9691);
#9689 = ( REPRESENTATION_RELATIONSHIP('','',#9629,#6734) 
REPRESENTATION_RELATIONSHIP_WITH_TRANSFORMATION(#9690) 
SHAPE_REPRESENTATION_RELATIONSHIP() );
#9690 = ITEM_DEFINED_TRANSFORMATION('','',#11,#6883);
#9691 = PRODUCT_DEFINITION_SHAPE('Placement','Placement of an item',
  #9692);
#9692 = NEXT_ASSEMBLY_USAGE_OCCURRENCE('71','Leads065','',#6729,#9624,$
  );
#9693 = PRODUCT_RELATED_PRODUCT_CATEGORY('part',$,(#9626));
#9694 = SHAPE_DEFINITION_REPRESENTATION(#9695,#9701);
#9695 = PRODUCT_DEFINITION_SHAPE('','',#9696);
#9696 = PRODUCT_DEFINITION('design','',#9697,#9700);
#9697 = PRODUCT_DEFINITION_FORMATION('','',#9698);
#9698 = PRODUCT('Leads066','Leads066','',(#9699));
#9699 = PRODUCT_CONTEXT('',#2,'mechanical');
#9700 = PRODUCT_DEFINITION_CONTEXT('part definition',#2,'design');
#9701 = ADVANCED_BREP_SHAPE_REPRESENTATION('',(#11,#9702),#9755);
#9702 = MANIFOLD_SOLID_BREP('',#9703);
#9703 = CLOSED_SHELL('',(#9704,#9737,#9746));
#9704 = ADVANCED_FACE('',(#9705),#9732,.T.);
#9705 = FACE_BOUND('',#9706,.T.);
#9706 = EDGE_LOOP('',(#9707,#9716,#9724,#9731));
#9707 = ORIENTED_EDGE('',*,*,#9708,.F.);
#9708 = EDGE_CURVE('',#9709,#9709,#9711,.T.);
#9709 = VERTEX_POINT('',#9710);
#9710 = CARTESIAN_POINT('',(-9.905,-5.08,0.1));
#9711 = CIRCLE('',#9712,0.255);
#9712 = AXIS2_PLACEMENT_3D('',#9713,#9714,#9715);
#9713 = CARTESIAN_POINT('',(-10.16,-5.08,0.1));
#9714 = DIRECTION('',(0.,0.,1.));
#9715 = DIRECTION('',(1.,0.,-0.));
#9716 = ORIENTED_EDGE('',*,*,#9717,.F.);
#9717 = EDGE_CURVE('',#9718,#9709,#9720,.T.);
#9718 = VERTEX_POINT('',#9719);
#9719 = CARTESIAN_POINT('',(-9.905,-5.08,-5.));
#9720 = LINE('',#9721,#9722);
#9721 = CARTESIAN_POINT('',(-9.905,-5.08,-5.));
#9722 = VECTOR('',#9723,1.);
#9723 = DIRECTION('',(0.,0.,1.));
#9724 = ORIENTED_EDGE('',*,*,#9725,.T.);
#9725 = EDGE_CURVE('',#9718,#9718,#9726,.T.);
#9726 = CIRCLE('',#9727,0.255);
#9727 = AXIS2_PLACEMENT_3D('',#9728,#9729,#9730);
#9728 = CARTESIAN_POINT('',(-10.16,-5.08,-5.));
#9729 = DIRECTION('',(0.,0.,1.));
#9730 = DIRECTION('',(1.,0.,-0.));
#9731 = ORIENTED_EDGE('',*,*,#9717,.T.);
#9732 = CYLINDRICAL_SURFACE('',#9733,0.255);
#9733 = AXIS2_PLACEMENT_3D('',#9734,#9735,#9736);
#9734 = CARTESIAN_POINT('',(-10.16,-5.08,-5.));
#9735 = DIRECTION('',(0.,0.,1.));
#9736 = DIRECTION('',(1.,0.,-0.));
#9737 = ADVANCED_FACE('',(#9738),#9741,.T.);
#9738 = FACE_BOUND('',#9739,.T.);
#9739 = EDGE_LOOP('',(#9740));
#9740 = ORIENTED_EDGE('',*,*,#9708,.T.);
#9741 = PLANE('',#9742);
#9742 = AXIS2_PLACEMENT_3D('',#9743,#9744,#9745);
#9743 = CARTESIAN_POINT('',(-10.16,-5.08,0.1));
#9744 = DIRECTION('',(0.,0.,1.));
#9745 = DIRECTION('',(1.,0.,-0.));
#9746 = ADVANCED_FACE('',(#9747),#9750,.F.);
#9747 = FACE_BOUND('',#9748,.T.);
#9748 = EDGE_LOOP('',(#9749));
#9749 = ORIENTED_EDGE('',*,*,#9725,.F.);
#9750 = PLANE('',#9751);
#9751 = AXIS2_PLACEMENT_3D('',#9752,#9753,#9754);
#9752 = CARTESIAN_POINT('',(-10.16,-5.08,-5.));
#9753 = DIRECTION('',(0.,0.,1.));
#9754 = DIRECTION('',(1.,0.,-0.));
#9755 = ( GEOMETRIC_REPRESENTATION_CONTEXT(3) 
GLOBAL_UNCERTAINTY_ASSIGNED_CONTEXT((#9759)) 
GLOBAL_UNIT_ASSIGNED_CONTEXT((#9756,#9757,#9758)) REPRESENTATION_CONTEXT
('Context #1','3D Context with UNIT and UNCERTAINTY') );
#9756 = ( LENGTH_UNIT() NAMED_UNIT(*) SI_UNIT(.MILLI.,.METRE.) );
#9757 = ( NAMED_UNIT(*) PLANE_ANGLE_UNIT() SI_UNIT($,.RADIAN.) );
#9758 = ( NAMED_UNIT(*) SI_UNIT($,.STERADIAN.) SOLID_ANGLE_UNIT() );
#9759 = UNCERTAINTY_MEASURE_WITH_UNIT(LENGTH_MEASURE(1.E-07),#9756,
  'distance_accuracy_value','confusion accuracy');
#9760 = CONTEXT_DEPENDENT_SHAPE_REPRESENTATION(#9761,#9763);
#9761 = ( REPRESENTATION_RELATIONSHIP('','',#9701,#6734) 
REPRESENTATION_RELATIONSHIP_WITH_TRANSFORMATION(#9762) 
SHAPE_REPRESENTATION_RELATIONSHIP() );
#9762 = ITEM_DEFINED_TRANSFORMATION('','',#11,#6887);
#9763 = PRODUCT_DEFINITION_SHAPE('Placement','Placement of an item',
  #9764);
#9764 = NEXT_ASSEMBLY_USAGE_OCCURRENCE('72','Leads066','',#6729,#9696,$
  );
#9765 = PRODUCT_RELATED_PRODUCT_CATEGORY('part',$,(#9698));
#9766 = SHAPE_DEFINITION_REPRESENTATION(#9767,#9773);
#9767 = PRODUCT_DEFINITION_SHAPE('','',#9768);
#9768 = PRODUCT_DEFINITION('design','',#9769,#9772);
#9769 = PRODUCT_DEFINITION_FORMATION('','',#9770);
#9770 = PRODUCT('Leads067','Leads067','',(#9771));
#9771 = PRODUCT_CONTEXT('',#2,'mechanical');
#9772 = PRODUCT_DEFINITION_CONTEXT('part definition',#2,'design');
#9773 = ADVANCED_BREP_SHAPE_REPRESENTATION('',(#11,#9774),#9827);
#9774 = MANIFOLD_SOLID_BREP('',#9775);
#9775 = CLOSED_SHELL('',(#9776,#9809,#9818));
#9776 = ADVANCED_FACE('',(#9777),#9804,.T.);
#9777 = FACE_BOUND('',#9778,.T.);
#9778 = EDGE_LOOP('',(#9779,#9788,#9796,#9803));
#9779 = ORIENTED_EDGE('',*,*,#9780,.F.);
#9780 = EDGE_CURVE('',#9781,#9781,#9783,.T.);
#9781 = VERTEX_POINT('',#9782);
#9782 = CARTESIAN_POINT('',(-12.445,-5.08,0.1));
#9783 = CIRCLE('',#9784,0.255);
#9784 = AXIS2_PLACEMENT_3D('',#9785,#9786,#9787);
#9785 = CARTESIAN_POINT('',(-12.7,-5.08,0.1));
#9786 = DIRECTION('',(0.,0.,1.));
#9787 = DIRECTION('',(1.,0.,-0.));
#9788 = ORIENTED_EDGE('',*,*,#9789,.F.);
#9789 = EDGE_CURVE('',#9790,#9781,#9792,.T.);
#9790 = VERTEX_POINT('',#9791);
#9791 = CARTESIAN_POINT('',(-12.445,-5.08,-5.));
#9792 = LINE('',#9793,#9794);
#9793 = CARTESIAN_POINT('',(-12.445,-5.08,-5.));
#9794 = VECTOR('',#9795,1.);
#9795 = DIRECTION('',(0.,0.,1.));
#9796 = ORIENTED_EDGE('',*,*,#9797,.T.);
#9797 = EDGE_CURVE('',#9790,#9790,#9798,.T.);
#9798 = CIRCLE('',#9799,0.255);
#9799 = AXIS2_PLACEMENT_3D('',#9800,#9801,#9802);
#9800 = CARTESIAN_POINT('',(-12.7,-5.08,-5.));
#9801 = DIRECTION('',(0.,0.,1.));
#9802 = DIRECTION('',(1.,0.,-0.));
#9803 = ORIENTED_EDGE('',*,*,#9789,.T.);
#9804 = CYLINDRICAL_SURFACE('',#9805,0.255);
#9805 = AXIS2_PLACEMENT_3D('',#9806,#9807,#9808);
#9806 = CARTESIAN_POINT('',(-12.7,-5.08,-5.));
#9807 = DIRECTION('',(0.,0.,1.));
#9808 = DIRECTION('',(1.,0.,-0.));
#9809 = ADVANCED_FACE('',(#9810),#9813,.T.);
#9810 = FACE_BOUND('',#9811,.T.);
#9811 = EDGE_LOOP('',(#9812));
#9812 = ORIENTED_EDGE('',*,*,#9780,.T.);
#9813 = PLANE('',#9814);
#9814 = AXIS2_PLACEMENT_3D('',#9815,#9816,#9817);
#9815 = CARTESIAN_POINT('',(-12.7,-5.08,0.1));
#9816 = DIRECTION('',(0.,0.,1.));
#9817 = DIRECTION('',(1.,0.,-0.));
#9818 = ADVANCED_FACE('',(#9819),#9822,.F.);
#9819 = FACE_BOUND('',#9820,.T.);
#9820 = EDGE_LOOP('',(#9821));
#9821 = ORIENTED_EDGE('',*,*,#9797,.F.);
#9822 = PLANE('',#9823);
#9823 = AXIS2_PLACEMENT_3D('',#9824,#9825,#9826);
#9824 = CARTESIAN_POINT('',(-12.7,-5.08,-5.));
#9825 = DIRECTION('',(0.,0.,1.));
#9826 = DIRECTION('',(1.,0.,-0.));
#9827 = ( GEOMETRIC_REPRESENTATION_CONTEXT(3) 
GLOBAL_UNCERTAINTY_ASSIGNED_CONTEXT((#9831)) 
GLOBAL_UNIT_ASSIGNED_CONTEXT((#9828,#9829,#9830)) REPRESENTATION_CONTEXT
('Context #1','3D Context with UNIT and UNCERTAINTY') );
#9828 = ( LENGTH_UNIT() NAMED_UNIT(*) SI_UNIT(.MILLI.,.METRE.) );
#9829 = ( NAMED_UNIT(*) PLANE_ANGLE_UNIT() SI_UNIT($,.RADIAN.) );
#9830 = ( NAMED_UNIT(*) SI_UNIT($,.STERADIAN.) SOLID_ANGLE_UNIT() );
#9831 = UNCERTAINTY_MEASURE_WITH_UNIT(LENGTH_MEASURE(1.E-07),#9828,
  'distance_accuracy_value','confusion accuracy');
#9832 = CONTEXT_DEPENDENT_SHAPE_REPRESENTATION(#9833,#9835);
#9833 = ( REPRESENTATION_RELATIONSHIP('','',#9773,#6734) 
REPRESENTATION_RELATIONSHIP_WITH_TRANSFORMATION(#9834) 
SHAPE_REPRESENTATION_RELATIONSHIP() );
#9834 = ITEM_DEFINED_TRANSFORMATION('','',#11,#6891);
#9835 = PRODUCT_DEFINITION_SHAPE('Placement','Placement of an item',
  #9836);
#9836 = NEXT_ASSEMBLY_USAGE_OCCURRENCE('73','Leads067','',#6729,#9768,$
  );
#9837 = PRODUCT_RELATED_PRODUCT_CATEGORY('part',$,(#9770));
#9838 = SHAPE_DEFINITION_REPRESENTATION(#9839,#9845);
#9839 = PRODUCT_DEFINITION_SHAPE('','',#9840);
#9840 = PRODUCT_DEFINITION('design','',#9841,#9844);
#9841 = PRODUCT_DEFINITION_FORMATION('','',#9842);
#9842 = PRODUCT('Leads068','Leads068','',(#9843));
#9843 = PRODUCT_CONTEXT('',#2,'mechanical');
#9844 = PRODUCT_DEFINITION_CONTEXT('part definition',#2,'design');
#9845 = ADVANCED_BREP_SHAPE_REPRESENTATION('',(#11,#9846),#9899);
#9846 = MANIFOLD_SOLID_BREP('',#9847);
#9847 = CLOSED_SHELL('',(#9848,#9881,#9890));
#9848 = ADVANCED_FACE('',(#9849),#9876,.T.);
#9849 = FACE_BOUND('',#9850,.T.);
#9850 = EDGE_LOOP('',(#9851,#9860,#9868,#9875));
#9851 = ORIENTED_EDGE('',*,*,#9852,.F.);
#9852 = EDGE_CURVE('',#9853,#9853,#9855,.T.);
#9853 = VERTEX_POINT('',#9854);
#9854 = CARTESIAN_POINT('',(-14.985,-5.08,0.1));
#9855 = CIRCLE('',#9856,0.255);
#9856 = AXIS2_PLACEMENT_3D('',#9857,#9858,#9859);
#9857 = CARTESIAN_POINT('',(-15.24,-5.08,0.1));
#9858 = DIRECTION('',(0.,0.,1.));
#9859 = DIRECTION('',(1.,0.,-0.));
#9860 = ORIENTED_EDGE('',*,*,#9861,.F.);
#9861 = EDGE_CURVE('',#9862,#9853,#9864,.T.);
#9862 = VERTEX_POINT('',#9863);
#9863 = CARTESIAN_POINT('',(-14.985,-5.08,-5.));
#9864 = LINE('',#9865,#9866);
#9865 = CARTESIAN_POINT('',(-14.985,-5.08,-5.));
#9866 = VECTOR('',#9867,1.);
#9867 = DIRECTION('',(0.,0.,1.));
#9868 = ORIENTED_EDGE('',*,*,#9869,.T.);
#9869 = EDGE_CURVE('',#9862,#9862,#9870,.T.);
#9870 = CIRCLE('',#9871,0.255);
#9871 = AXIS2_PLACEMENT_3D('',#9872,#9873,#9874);
#9872 = CARTESIAN_POINT('',(-15.24,-5.08,-5.));
#9873 = DIRECTION('',(0.,0.,1.));
#9874 = DIRECTION('',(1.,0.,-0.));
#9875 = ORIENTED_EDGE('',*,*,#9861,.T.);
#9876 = CYLINDRICAL_SURFACE('',#9877,0.255);
#9877 = AXIS2_PLACEMENT_3D('',#9878,#9879,#9880);
#9878 = CARTESIAN_POINT('',(-15.24,-5.08,-5.));
#9879 = DIRECTION('',(0.,0.,1.));
#9880 = DIRECTION('',(1.,0.,-0.));
#9881 = ADVANCED_FACE('',(#9882),#9885,.T.);
#9882 = FACE_BOUND('',#9883,.T.);
#9883 = EDGE_LOOP('',(#9884));
#9884 = ORIENTED_EDGE('',*,*,#9852,.T.);
#9885 = PLANE('',#9886);
#9886 = AXIS2_PLACEMENT_3D('',#9887,#9888,#9889);
#9887 = CARTESIAN_POINT('',(-15.24,-5.08,0.1));
#9888 = DIRECTION('',(0.,0.,1.));
#9889 = DIRECTION('',(1.,0.,-0.));
#9890 = ADVANCED_FACE('',(#9891),#9894,.F.);
#9891 = FACE_BOUND('',#9892,.T.);
#9892 = EDGE_LOOP('',(#9893));
#9893 = ORIENTED_EDGE('',*,*,#9869,.F.);
#9894 = PLANE('',#9895);
#9895 = AXIS2_PLACEMENT_3D('',#9896,#9897,#9898);
#9896 = CARTESIAN_POINT('',(-15.24,-5.08,-5.));
#9897 = DIRECTION('',(0.,0.,1.));
#9898 = DIRECTION('',(1.,0.,-0.));
#9899 = ( GEOMETRIC_REPRESENTATION_CONTEXT(3) 
GLOBAL_UNCERTAINTY_ASSIGNED_CONTEXT((#9903)) 
GLOBAL_UNIT_ASSIGNED_CONTEXT((#9900,#9901,#9902)) REPRESENTATION_CONTEXT
('Context #1','3D Context with UNIT and UNCERTAINTY') );
#9900 = ( LENGTH_UNIT() NAMED_UNIT(*) SI_UNIT(.MILLI.,.METRE.) );
#9901 = ( NAMED_UNIT(*) PLANE_ANGLE_UNIT() SI_UNIT($,.RADIAN.) );
#9902 = ( NAMED_UNIT(*) SI_UNIT($,.STERADIAN.) SOLID_ANGLE_UNIT() );
#9903 = UNCERTAINTY_MEASURE_WITH_UNIT(LENGTH_MEASURE(1.E-07),#9900,
  'distance_accuracy_value','confusion accuracy');
#9904 = CONTEXT_DEPENDENT_SHAPE_REPRESENTATION(#9905,#9907);
#9905 = ( REPRESENTATION_RELATIONSHIP('','',#9845,#6734) 
REPRESENTATION_RELATIONSHIP_WITH_TRANSFORMATION(#9906) 
SHAPE_REPRESENTATION_RELATIONSHIP() );
#9906 = ITEM_DEFINED_TRANSFORMATION('','',#11,#6895);
#9907 = PRODUCT_DEFINITION_SHAPE('Placement','Placement of an item',
  #9908);
#9908 = NEXT_ASSEMBLY_USAGE_OCCURRENCE('74','Leads068','',#6729,#9840,$
  );
#9909 = PRODUCT_RELATED_PRODUCT_CATEGORY('part',$,(#9842));
#9910 = SHAPE_DEFINITION_REPRESENTATION(#9911,#9917);
#9911 = PRODUCT_DEFINITION_SHAPE('','',#9912);
#9912 = PRODUCT_DEFINITION('design','',#9913,#9916);
#9913 = PRODUCT_DEFINITION_FORMATION('','',#9914);
#9914 = PRODUCT('Leads069','Leads069','',(#9915));
#9915 = PRODUCT_CONTEXT('',#2,'mechanical');
#9916 = PRODUCT_DEFINITION_CONTEXT('part definition',#2,'design');
#9917 = ADVANCED_BREP_SHAPE_REPRESENTATION('',(#11,#9918),#9971);
#9918 = MANIFOLD_SOLID_BREP('',#9919);
#9919 = CLOSED_SHELL('',(#9920,#9953,#9962));
#9920 = ADVANCED_FACE('',(#9921),#9948,.T.);
#9921 = FACE_BOUND('',#9922,.T.);
#9922 = EDGE_LOOP('',(#9923,#9932,#9940,#9947));
#9923 = ORIENTED_EDGE('',*,*,#9924,.F.);
#9924 = EDGE_CURVE('',#9925,#9925,#9927,.T.);
#9925 = VERTEX_POINT('',#9926);
#9926 = CARTESIAN_POINT('',(-17.525,-5.08,0.1));
#9927 = CIRCLE('',#9928,0.255);
#9928 = AXIS2_PLACEMENT_3D('',#9929,#9930,#9931);
#9929 = CARTESIAN_POINT('',(-17.78,-5.08,0.1));
#9930 = DIRECTION('',(0.,0.,1.));
#9931 = DIRECTION('',(1.,0.,-0.));
#9932 = ORIENTED_EDGE('',*,*,#9933,.F.);
#9933 = EDGE_CURVE('',#9934,#9925,#9936,.T.);
#9934 = VERTEX_POINT('',#9935);
#9935 = CARTESIAN_POINT('',(-17.525,-5.08,-5.));
#9936 = LINE('',#9937,#9938);
#9937 = CARTESIAN_POINT('',(-17.525,-5.08,-5.));
#9938 = VECTOR('',#9939,1.);
#9939 = DIRECTION('',(0.,0.,1.));
#9940 = ORIENTED_EDGE('',*,*,#9941,.T.);
#9941 = EDGE_CURVE('',#9934,#9934,#9942,.T.);
#9942 = CIRCLE('',#9943,0.255);
#9943 = AXIS2_PLACEMENT_3D('',#9944,#9945,#9946);
#9944 = CARTESIAN_POINT('',(-17.78,-5.08,-5.));
#9945 = DIRECTION('',(0.,0.,1.));
#9946 = DIRECTION('',(1.,0.,-0.));
#9947 = ORIENTED_EDGE('',*,*,#9933,.T.);
#9948 = CYLINDRICAL_SURFACE('',#9949,0.255);
#9949 = AXIS2_PLACEMENT_3D('',#9950,#9951,#9952);
#9950 = CARTESIAN_POINT('',(-17.78,-5.08,-5.));
#9951 = DIRECTION('',(0.,0.,1.));
#9952 = DIRECTION('',(1.,0.,-0.));
#9953 = ADVANCED_FACE('',(#9954),#9957,.T.);
#9954 = FACE_BOUND('',#9955,.T.);
#9955 = EDGE_LOOP('',(#9956));
#9956 = ORIENTED_EDGE('',*,*,#9924,.T.);
#9957 = PLANE('',#9958);
#9958 = AXIS2_PLACEMENT_3D('',#9959,#9960,#9961);
#9959 = CARTESIAN_POINT('',(-17.78,-5.08,0.1));
#9960 = DIRECTION('',(0.,0.,1.));
#9961 = DIRECTION('',(1.,0.,-0.));
#9962 = ADVANCED_FACE('',(#9963),#9966,.F.);
#9963 = FACE_BOUND('',#9964,.T.);
#9964 = EDGE_LOOP('',(#9965));
#9965 = ORIENTED_EDGE('',*,*,#9941,.F.);
#9966 = PLANE('',#9967);
#9967 = AXIS2_PLACEMENT_3D('',#9968,#9969,#9970);
#9968 = CARTESIAN_POINT('',(-17.78,-5.08,-5.));
#9969 = DIRECTION('',(0.,0.,1.));
#9970 = DIRECTION('',(1.,0.,-0.));
#9971 = ( GEOMETRIC_REPRESENTATION_CONTEXT(3) 
GLOBAL_UNCERTAINTY_ASSIGNED_CONTEXT((#9975)) 
GLOBAL_UNIT_ASSIGNED_CONTEXT((#9972,#9973,#9974)) REPRESENTATION_CONTEXT
('Context #1','3D Context with UNIT and UNCERTAINTY') );
#9972 = ( LENGTH_UNIT() NAMED_UNIT(*) SI_UNIT(.MILLI.,.METRE.) );
#9973 = ( NAMED_UNIT(*) PLANE_ANGLE_UNIT() SI_UNIT($,.RADIAN.) );
#9974 = ( NAMED_UNIT(*) SI_UNIT($,.STERADIAN.) SOLID_ANGLE_UNIT() );
#9975 = UNCERTAINTY_MEASURE_WITH_UNIT(LENGTH_MEASURE(1.E-07),#9972,
  'distance_accuracy_value','confusion accuracy');
#9976 = CONTEXT_DEPENDENT_SHAPE_REPRESENTATION(#9977,#9979);
#9977 = ( REPRESENTATION_RELATIONSHIP('','',#9917,#6734) 
REPRESENTATION_RELATIONSHIP_WITH_TRANSFORMATION(#9978) 
SHAPE_REPRESENTATION_RELATIONSHIP() );
#9978 = ITEM_DEFINED_TRANSFORMATION('','',#11,#6899);
#9979 = PRODUCT_DEFINITION_SHAPE('Placement','Placement of an item',
  #9980);
#9980 = NEXT_ASSEMBLY_USAGE_OCCURRENCE('75','Leads069','',#6729,#9912,$
  );
#9981 = PRODUCT_RELATED_PRODUCT_CATEGORY('part',$,(#9914));
#9982 = SHAPE_DEFINITION_REPRESENTATION(#9983,#9989);
#9983 = PRODUCT_DEFINITION_SHAPE('','',#9984);
#9984 = PRODUCT_DEFINITION('design','',#9985,#9988);
#9985 = PRODUCT_DEFINITION_FORMATION('','',#9986);
#9986 = PRODUCT('Leads070','Leads070','',(#9987));
#9987 = PRODUCT_CONTEXT('',#2,'mechanical');
#9988 = PRODUCT_DEFINITION_CONTEXT('part definition',#2,'design');
#9989 = ADVANCED_BREP_SHAPE_REPRESENTATION('',(#11,#9990),#10043);
#9990 = MANIFOLD_SOLID_BREP('',#9991);
#9991 = CLOSED_SHELL('',(#9992,#10025,#10034));
#9992 = ADVANCED_FACE('',(#9993),#10020,.T.);
#9993 = FACE_BOUND('',#9994,.T.);
#9994 = EDGE_LOOP('',(#9995,#10004,#10012,#10019));
#9995 = ORIENTED_EDGE('',*,*,#9996,.F.);
#9996 = EDGE_CURVE('',#9997,#9997,#9999,.T.);
#9997 = VERTEX_POINT('',#9998);
#9998 = CARTESIAN_POINT('',(-20.065,-5.08,0.1));
#9999 = CIRCLE('',#10000,0.255);
#10000 = AXIS2_PLACEMENT_3D('',#10001,#10002,#10003);
#10001 = CARTESIAN_POINT('',(-20.32,-5.08,0.1));
#10002 = DIRECTION('',(0.,0.,1.));
#10003 = DIRECTION('',(1.,0.,-0.));
#10004 = ORIENTED_EDGE('',*,*,#10005,.F.);
#10005 = EDGE_CURVE('',#10006,#9997,#10008,.T.);
#10006 = VERTEX_POINT('',#10007);
#10007 = CARTESIAN_POINT('',(-20.065,-5.08,-5.));
#10008 = LINE('',#10009,#10010);
#10009 = CARTESIAN_POINT('',(-20.065,-5.08,-5.));
#10010 = VECTOR('',#10011,1.);
#10011 = DIRECTION('',(0.,0.,1.));
#10012 = ORIENTED_EDGE('',*,*,#10013,.T.);
#10013 = EDGE_CURVE('',#10006,#10006,#10014,.T.);
#10014 = CIRCLE('',#10015,0.255);
#10015 = AXIS2_PLACEMENT_3D('',#10016,#10017,#10018);
#10016 = CARTESIAN_POINT('',(-20.32,-5.08,-5.));
#10017 = DIRECTION('',(0.,0.,1.));
#10018 = DIRECTION('',(1.,0.,-0.));
#10019 = ORIENTED_EDGE('',*,*,#10005,.T.);
#10020 = CYLINDRICAL_SURFACE('',#10021,0.255);
#10021 = AXIS2_PLACEMENT_3D('',#10022,#10023,#10024);
#10022 = CARTESIAN_POINT('',(-20.32,-5.08,-5.));
#10023 = DIRECTION('',(0.,0.,1.));
#10024 = DIRECTION('',(1.,0.,-0.));
#10025 = ADVANCED_FACE('',(#10026),#10029,.T.);
#10026 = FACE_BOUND('',#10027,.T.);
#10027 = EDGE_LOOP('',(#10028));
#10028 = ORIENTED_EDGE('',*,*,#9996,.T.);
#10029 = PLANE('',#10030);
#10030 = AXIS2_PLACEMENT_3D('',#10031,#10032,#10033);
#10031 = CARTESIAN_POINT('',(-20.32,-5.08,0.1));
#10032 = DIRECTION('',(0.,0.,1.));
#10033 = DIRECTION('',(1.,0.,-0.));
#10034 = ADVANCED_FACE('',(#10035),#10038,.F.);
#10035 = FACE_BOUND('',#10036,.T.);
#10036 = EDGE_LOOP('',(#10037));
#10037 = ORIENTED_EDGE('',*,*,#10013,.F.);
#10038 = PLANE('',#10039);
#10039 = AXIS2_PLACEMENT_3D('',#10040,#10041,#10042);
#10040 = CARTESIAN_POINT('',(-20.32,-5.08,-5.));
#10041 = DIRECTION('',(0.,0.,1.));
#10042 = DIRECTION('',(1.,0.,-0.));
#10043 = ( GEOMETRIC_REPRESENTATION_CONTEXT(3) 
GLOBAL_UNCERTAINTY_ASSIGNED_CONTEXT((#10047)) 
GLOBAL_UNIT_ASSIGNED_CONTEXT((#10044,#10045,#10046)) 
REPRESENTATION_CONTEXT('Context #1',
  '3D Context with UNIT and UNCERTAINTY') );
#10044 = ( LENGTH_UNIT() NAMED_UNIT(*) SI_UNIT(.MILLI.,.METRE.) );
#10045 = ( NAMED_UNIT(*) PLANE_ANGLE_UNIT() SI_UNIT($,.RADIAN.) );
#10046 = ( NAMED_UNIT(*) SI_UNIT($,.STERADIAN.) SOLID_ANGLE_UNIT() );
#10047 = UNCERTAINTY_MEASURE_WITH_UNIT(LENGTH_MEASURE(1.E-07),#10044,
  'distance_accuracy_value','confusion accuracy');
#10048 = CONTEXT_DEPENDENT_SHAPE_REPRESENTATION(#10049,#10051);
#10049 = ( REPRESENTATION_RELATIONSHIP('','',#9989,#6734) 
REPRESENTATION_RELATIONSHIP_WITH_TRANSFORMATION(#10050) 
SHAPE_REPRESENTATION_RELATIONSHIP() );
#10050 = ITEM_DEFINED_TRANSFORMATION('','',#11,#6903);
#10051 = PRODUCT_DEFINITION_SHAPE('Placement','Placement of an item',
  #10052);
#10052 = NEXT_ASSEMBLY_USAGE_OCCURRENCE('76','Leads070','',#6729,#9984,$
  );
#10053 = PRODUCT_RELATED_PRODUCT_CATEGORY('part',$,(#9986));
#10054 = SHAPE_DEFINITION_REPRESENTATION(#10055,#10061);
#10055 = PRODUCT_DEFINITION_SHAPE('','',#10056);
#10056 = PRODUCT_DEFINITION('design','',#10057,#10060);
#10057 = PRODUCT_DEFINITION_FORMATION('','',#10058);
#10058 = PRODUCT('Leads071','Leads071','',(#10059));
#10059 = PRODUCT_CONTEXT('',#2,'mechanical');
#10060 = PRODUCT_DEFINITION_CONTEXT('part definition',#2,'design');
#10061 = ADVANCED_BREP_SHAPE_REPRESENTATION('',(#11,#10062),#10115);
#10062 = MANIFOLD_SOLID_BREP('',#10063);
#10063 = CLOSED_SHELL('',(#10064,#10097,#10106));
#10064 = ADVANCED_FACE('',(#10065),#10092,.T.);
#10065 = FACE_BOUND('',#10066,.T.);
#10066 = EDGE_LOOP('',(#10067,#10076,#10084,#10091));
#10067 = ORIENTED_EDGE('',*,*,#10068,.F.);
#10068 = EDGE_CURVE('',#10069,#10069,#10071,.T.);
#10069 = VERTEX_POINT('',#10070);
#10070 = CARTESIAN_POINT('',(-22.605,-5.08,0.1));
#10071 = CIRCLE('',#10072,0.255);
#10072 = AXIS2_PLACEMENT_3D('',#10073,#10074,#10075);
#10073 = CARTESIAN_POINT('',(-22.86,-5.08,0.1));
#10074 = DIRECTION('',(0.,0.,1.));
#10075 = DIRECTION('',(1.,0.,-0.));
#10076 = ORIENTED_EDGE('',*,*,#10077,.F.);
#10077 = EDGE_CURVE('',#10078,#10069,#10080,.T.);
#10078 = VERTEX_POINT('',#10079);
#10079 = CARTESIAN_POINT('',(-22.605,-5.08,-5.));
#10080 = LINE('',#10081,#10082);
#10081 = CARTESIAN_POINT('',(-22.605,-5.08,-5.));
#10082 = VECTOR('',#10083,1.);
#10083 = DIRECTION('',(0.,0.,1.));
#10084 = ORIENTED_EDGE('',*,*,#10085,.T.);
#10085 = EDGE_CURVE('',#10078,#10078,#10086,.T.);
#10086 = CIRCLE('',#10087,0.255);
#10087 = AXIS2_PLACEMENT_3D('',#10088,#10089,#10090);
#10088 = CARTESIAN_POINT('',(-22.86,-5.08,-5.));
#10089 = DIRECTION('',(0.,0.,1.));
#10090 = DIRECTION('',(1.,0.,-0.));
#10091 = ORIENTED_EDGE('',*,*,#10077,.T.);
#10092 = CYLINDRICAL_SURFACE('',#10093,0.255);
#10093 = AXIS2_PLACEMENT_3D('',#10094,#10095,#10096);
#10094 = CARTESIAN_POINT('',(-22.86,-5.08,-5.));
#10095 = DIRECTION('',(0.,0.,1.));
#10096 = DIRECTION('',(1.,0.,-0.));
#10097 = ADVANCED_FACE('',(#10098),#10101,.T.);
#10098 = FACE_BOUND('',#10099,.T.);
#10099 = EDGE_LOOP('',(#10100));
#10100 = ORIENTED_EDGE('',*,*,#10068,.T.);
#10101 = PLANE('',#10102);
#10102 = AXIS2_PLACEMENT_3D('',#10103,#10104,#10105);
#10103 = CARTESIAN_POINT('',(-22.86,-5.08,0.1));
#10104 = DIRECTION('',(0.,0.,1.));
#10105 = DIRECTION('',(1.,0.,-0.));
#10106 = ADVANCED_FACE('',(#10107),#10110,.F.);
#10107 = FACE_BOUND('',#10108,.T.);
#10108 = EDGE_LOOP('',(#10109));
#10109 = ORIENTED_EDGE('',*,*,#10085,.F.);
#10110 = PLANE('',#10111);
#10111 = AXIS2_PLACEMENT_3D('',#10112,#10113,#10114);
#10112 = CARTESIAN_POINT('',(-22.86,-5.08,-5.));
#10113 = DIRECTION('',(0.,0.,1.));
#10114 = DIRECTION('',(1.,0.,-0.));
#10115 = ( GEOMETRIC_REPRESENTATION_CONTEXT(3) 
GLOBAL_UNCERTAINTY_ASSIGNED_CONTEXT((#10119)) 
GLOBAL_UNIT_ASSIGNED_CONTEXT((#10116,#10117,#10118)) 
REPRESENTATION_CONTEXT('Context #1',
  '3D Context with UNIT and UNCERTAINTY') );
#10116 = ( LENGTH_UNIT() NAMED_UNIT(*) SI_UNIT(.MILLI.,.METRE.) );
#10117 = ( NAMED_UNIT(*) PLANE_ANGLE_UNIT() SI_UNIT($,.RADIAN.) );
#10118 = ( NAMED_UNIT(*) SI_UNIT($,.STERADIAN.) SOLID_ANGLE_UNIT() );
#10119 = UNCERTAINTY_MEASURE_WITH_UNIT(LENGTH_MEASURE(1.E-07),#10116,
  'distance_accuracy_value','confusion accuracy');
#10120 = CONTEXT_DEPENDENT_SHAPE_REPRESENTATION(#10121,#10123);
#10121 = ( REPRESENTATION_RELATIONSHIP('','',#10061,#6734) 
REPRESENTATION_RELATIONSHIP_WITH_TRANSFORMATION(#10122) 
SHAPE_REPRESENTATION_RELATIONSHIP() );
#10122 = ITEM_DEFINED_TRANSFORMATION('','',#11,#6907);
#10123 = PRODUCT_DEFINITION_SHAPE('Placement','Placement of an item',
  #10124);
#10124 = NEXT_ASSEMBLY_USAGE_OCCURRENCE('77','Leads071','',#6729,#10056,
  $);
#10125 = PRODUCT_RELATED_PRODUCT_CATEGORY('part',$,(#10058));
#10126 = SHAPE_DEFINITION_REPRESENTATION(#10127,#10133);
#10127 = PRODUCT_DEFINITION_SHAPE('','',#10128);
#10128 = PRODUCT_DEFINITION('design','',#10129,#10132);
#10129 = PRODUCT_DEFINITION_FORMATION('','',#10130);
#10130 = PRODUCT('Leads072','Leads072','',(#10131));
#10131 = PRODUCT_CONTEXT('',#2,'mechanical');
#10132 = PRODUCT_DEFINITION_CONTEXT('part definition',#2,'design');
#10133 = ADVANCED_BREP_SHAPE_REPRESENTATION('',(#11,#10134),#10187);
#10134 = MANIFOLD_SOLID_BREP('',#10135);
#10135 = CLOSED_SHELL('',(#10136,#10169,#10178));
#10136 = ADVANCED_FACE('',(#10137),#10164,.T.);
#10137 = FACE_BOUND('',#10138,.T.);
#10138 = EDGE_LOOP('',(#10139,#10148,#10156,#10163));
#10139 = ORIENTED_EDGE('',*,*,#10140,.F.);
#10140 = EDGE_CURVE('',#10141,#10141,#10143,.T.);
#10141 = VERTEX_POINT('',#10142);
#10142 = CARTESIAN_POINT('',(-25.145,-5.08,0.1));
#10143 = CIRCLE('',#10144,0.255);
#10144 = AXIS2_PLACEMENT_3D('',#10145,#10146,#10147);
#10145 = CARTESIAN_POINT('',(-25.4,-5.08,0.1));
#10146 = DIRECTION('',(0.,0.,1.));
#10147 = DIRECTION('',(1.,0.,-0.));
#10148 = ORIENTED_EDGE('',*,*,#10149,.F.);
#10149 = EDGE_CURVE('',#10150,#10141,#10152,.T.);
#10150 = VERTEX_POINT('',#10151);
#10151 = CARTESIAN_POINT('',(-25.145,-5.08,-5.));
#10152 = LINE('',#10153,#10154);
#10153 = CARTESIAN_POINT('',(-25.145,-5.08,-5.));
#10154 = VECTOR('',#10155,1.);
#10155 = DIRECTION('',(0.,0.,1.));
#10156 = ORIENTED_EDGE('',*,*,#10157,.T.);
#10157 = EDGE_CURVE('',#10150,#10150,#10158,.T.);
#10158 = CIRCLE('',#10159,0.255);
#10159 = AXIS2_PLACEMENT_3D('',#10160,#10161,#10162);
#10160 = CARTESIAN_POINT('',(-25.4,-5.08,-5.));
#10161 = DIRECTION('',(0.,0.,1.));
#10162 = DIRECTION('',(1.,0.,-0.));
#10163 = ORIENTED_EDGE('',*,*,#10149,.T.);
#10164 = CYLINDRICAL_SURFACE('',#10165,0.255);
#10165 = AXIS2_PLACEMENT_3D('',#10166,#10167,#10168);
#10166 = CARTESIAN_POINT('',(-25.4,-5.08,-5.));
#10167 = DIRECTION('',(0.,0.,1.));
#10168 = DIRECTION('',(1.,0.,-0.));
#10169 = ADVANCED_FACE('',(#10170),#10173,.T.);
#10170 = FACE_BOUND('',#10171,.T.);
#10171 = EDGE_LOOP('',(#10172));
#10172 = ORIENTED_EDGE('',*,*,#10140,.T.);
#10173 = PLANE('',#10174);
#10174 = AXIS2_PLACEMENT_3D('',#10175,#10176,#10177);
#10175 = CARTESIAN_POINT('',(-25.4,-5.08,0.1));
#10176 = DIRECTION('',(0.,0.,1.));
#10177 = DIRECTION('',(1.,0.,-0.));
#10178 = ADVANCED_FACE('',(#10179),#10182,.F.);
#10179 = FACE_BOUND('',#10180,.T.);
#10180 = EDGE_LOOP('',(#10181));
#10181 = ORIENTED_EDGE('',*,*,#10157,.F.);
#10182 = PLANE('',#10183);
#10183 = AXIS2_PLACEMENT_3D('',#10184,#10185,#10186);
#10184 = CARTESIAN_POINT('',(-25.4,-5.08,-5.));
#10185 = DIRECTION('',(0.,0.,1.));
#10186 = DIRECTION('',(1.,0.,-0.));
#10187 = ( GEOMETRIC_REPRESENTATION_CONTEXT(3) 
GLOBAL_UNCERTAINTY_ASSIGNED_CONTEXT((#10191)) 
GLOBAL_UNIT_ASSIGNED_CONTEXT((#10188,#10189,#10190)) 
REPRESENTATION_CONTEXT('Context #1',
  '3D Context with UNIT and UNCERTAINTY') );
#10188 = ( LENGTH_UNIT() NAMED_UNIT(*) SI_UNIT(.MILLI.,.METRE.) );
#10189 = ( NAMED_UNIT(*) PLANE_ANGLE_UNIT() SI_UNIT($,.RADIAN.) );
#10190 = ( NAMED_UNIT(*) SI_UNIT($,.STERADIAN.) SOLID_ANGLE_UNIT() );
#10191 = UNCERTAINTY_MEASURE_WITH_UNIT(LENGTH_MEASURE(1.E-07),#10188,
  'distance_accuracy_value','confusion accuracy');
#10192 = CONTEXT_DEPENDENT_SHAPE_REPRESENTATION(#10193,#10195);
#10193 = ( REPRESENTATION_RELATIONSHIP('','',#10133,#6734) 
REPRESENTATION_RELATIONSHIP_WITH_TRANSFORMATION(#10194) 
SHAPE_REPRESENTATION_RELATIONSHIP() );
#10194 = ITEM_DEFINED_TRANSFORMATION('','',#11,#6911);
#10195 = PRODUCT_DEFINITION_SHAPE('Placement','Placement of an item',
  #10196);
#10196 = NEXT_ASSEMBLY_USAGE_OCCURRENCE('78','Leads072','',#6729,#10128,
  $);
#10197 = PRODUCT_RELATED_PRODUCT_CATEGORY('part',$,(#10130));
#10198 = SHAPE_DEFINITION_REPRESENTATION(#10199,#10205);
#10199 = PRODUCT_DEFINITION_SHAPE('','',#10200);
#10200 = PRODUCT_DEFINITION('design','',#10201,#10204);
#10201 = PRODUCT_DEFINITION_FORMATION('','',#10202);
#10202 = PRODUCT('Leads073','Leads073','',(#10203));
#10203 = PRODUCT_CONTEXT('',#2,'mechanical');
#10204 = PRODUCT_DEFINITION_CONTEXT('part definition',#2,'design');
#10205 = ADVANCED_BREP_SHAPE_REPRESENTATION('',(#11,#10206),#10259);
#10206 = MANIFOLD_SOLID_BREP('',#10207);
#10207 = CLOSED_SHELL('',(#10208,#10241,#10250));
#10208 = ADVANCED_FACE('',(#10209),#10236,.T.);
#10209 = FACE_BOUND('',#10210,.T.);
#10210 = EDGE_LOOP('',(#10211,#10220,#10228,#10235));
#10211 = ORIENTED_EDGE('',*,*,#10212,.F.);
#10212 = EDGE_CURVE('',#10213,#10213,#10215,.T.);
#10213 = VERTEX_POINT('',#10214);
#10214 = CARTESIAN_POINT('',(-27.685,-5.08,0.1));
#10215 = CIRCLE('',#10216,0.255);
#10216 = AXIS2_PLACEMENT_3D('',#10217,#10218,#10219);
#10217 = CARTESIAN_POINT('',(-27.94,-5.08,0.1));
#10218 = DIRECTION('',(0.,0.,1.));
#10219 = DIRECTION('',(1.,0.,-0.));
#10220 = ORIENTED_EDGE('',*,*,#10221,.F.);
#10221 = EDGE_CURVE('',#10222,#10213,#10224,.T.);
#10222 = VERTEX_POINT('',#10223);
#10223 = CARTESIAN_POINT('',(-27.685,-5.08,-5.));
#10224 = LINE('',#10225,#10226);
#10225 = CARTESIAN_POINT('',(-27.685,-5.08,-5.));
#10226 = VECTOR('',#10227,1.);
#10227 = DIRECTION('',(0.,0.,1.));
#10228 = ORIENTED_EDGE('',*,*,#10229,.T.);
#10229 = EDGE_CURVE('',#10222,#10222,#10230,.T.);
#10230 = CIRCLE('',#10231,0.255);
#10231 = AXIS2_PLACEMENT_3D('',#10232,#10233,#10234);
#10232 = CARTESIAN_POINT('',(-27.94,-5.08,-5.));
#10233 = DIRECTION('',(0.,0.,1.));
#10234 = DIRECTION('',(1.,0.,-0.));
#10235 = ORIENTED_EDGE('',*,*,#10221,.T.);
#10236 = CYLINDRICAL_SURFACE('',#10237,0.255);
#10237 = AXIS2_PLACEMENT_3D('',#10238,#10239,#10240);
#10238 = CARTESIAN_POINT('',(-27.94,-5.08,-5.));
#10239 = DIRECTION('',(0.,0.,1.));
#10240 = DIRECTION('',(1.,0.,-0.));
#10241 = ADVANCED_FACE('',(#10242),#10245,.T.);
#10242 = FACE_BOUND('',#10243,.T.);
#10243 = EDGE_LOOP('',(#10244));
#10244 = ORIENTED_EDGE('',*,*,#10212,.T.);
#10245 = PLANE('',#10246);
#10246 = AXIS2_PLACEMENT_3D('',#10247,#10248,#10249);
#10247 = CARTESIAN_POINT('',(-27.94,-5.08,0.1));
#10248 = DIRECTION('',(0.,0.,1.));
#10249 = DIRECTION('',(1.,0.,-0.));
#10250 = ADVANCED_FACE('',(#10251),#10254,.F.);
#10251 = FACE_BOUND('',#10252,.T.);
#10252 = EDGE_LOOP('',(#10253));
#10253 = ORIENTED_EDGE('',*,*,#10229,.F.);
#10254 = PLANE('',#10255);
#10255 = AXIS2_PLACEMENT_3D('',#10256,#10257,#10258);
#10256 = CARTESIAN_POINT('',(-27.94,-5.08,-5.));
#10257 = DIRECTION('',(0.,0.,1.));
#10258 = DIRECTION('',(1.,0.,-0.));
#10259 = ( GEOMETRIC_REPRESENTATION_CONTEXT(3) 
GLOBAL_UNCERTAINTY_ASSIGNED_CONTEXT((#10263)) 
GLOBAL_UNIT_ASSIGNED_CONTEXT((#10260,#10261,#10262)) 
REPRESENTATION_CONTEXT('Context #1',
  '3D Context with UNIT and UNCERTAINTY') );
#10260 = ( LENGTH_UNIT() NAMED_UNIT(*) SI_UNIT(.MILLI.,.METRE.) );
#10261 = ( NAMED_UNIT(*) PLANE_ANGLE_UNIT() SI_UNIT($,.RADIAN.) );
#10262 = ( NAMED_UNIT(*) SI_UNIT($,.STERADIAN.) SOLID_ANGLE_UNIT() );
#10263 = UNCERTAINTY_MEASURE_WITH_UNIT(LENGTH_MEASURE(1.E-07),#10260,
  'distance_accuracy_value','confusion accuracy');
#10264 = CONTEXT_DEPENDENT_SHAPE_REPRESENTATION(#10265,#10267);
#10265 = ( REPRESENTATION_RELATIONSHIP('','',#10205,#6734) 
REPRESENTATION_RELATIONSHIP_WITH_TRANSFORMATION(#10266) 
SHAPE_REPRESENTATION_RELATIONSHIP() );
#10266 = ITEM_DEFINED_TRANSFORMATION('','',#11,#6915);
#10267 = PRODUCT_DEFINITION_SHAPE('Placement','Placement of an item',
  #10268);
#10268 = NEXT_ASSEMBLY_USAGE_OCCURRENCE('79','Leads073','',#6729,#10200,
  $);
#10269 = PRODUCT_RELATED_PRODUCT_CATEGORY('part',$,(#10202));
#10270 = SHAPE_DEFINITION_REPRESENTATION(#10271,#10277);
#10271 = PRODUCT_DEFINITION_SHAPE('','',#10272);
#10272 = PRODUCT_DEFINITION('design','',#10273,#10276);
#10273 = PRODUCT_DEFINITION_FORMATION('','',#10274);
#10274 = PRODUCT('Leads074','Leads074','',(#10275));
#10275 = PRODUCT_CONTEXT('',#2,'mechanical');
#10276 = PRODUCT_DEFINITION_CONTEXT('part definition',#2,'design');
#10277 = ADVANCED_BREP_SHAPE_REPRESENTATION('',(#11,#10278),#10331);
#10278 = MANIFOLD_SOLID_BREP('',#10279);
#10279 = CLOSED_SHELL('',(#10280,#10313,#10322));
#10280 = ADVANCED_FACE('',(#10281),#10308,.T.);
#10281 = FACE_BOUND('',#10282,.T.);
#10282 = EDGE_LOOP('',(#10283,#10292,#10300,#10307));
#10283 = ORIENTED_EDGE('',*,*,#10284,.F.);
#10284 = EDGE_CURVE('',#10285,#10285,#10287,.T.);
#10285 = VERTEX_POINT('',#10286);
#10286 = CARTESIAN_POINT('',(-30.225,-5.08,0.1));
#10287 = CIRCLE('',#10288,0.255);
#10288 = AXIS2_PLACEMENT_3D('',#10289,#10290,#10291);
#10289 = CARTESIAN_POINT('',(-30.48,-5.08,0.1));
#10290 = DIRECTION('',(0.,0.,1.));
#10291 = DIRECTION('',(1.,0.,-0.));
#10292 = ORIENTED_EDGE('',*,*,#10293,.F.);
#10293 = EDGE_CURVE('',#10294,#10285,#10296,.T.);
#10294 = VERTEX_POINT('',#10295);
#10295 = CARTESIAN_POINT('',(-30.225,-5.08,-5.));
#10296 = LINE('',#10297,#10298);
#10297 = CARTESIAN_POINT('',(-30.225,-5.08,-5.));
#10298 = VECTOR('',#10299,1.);
#10299 = DIRECTION('',(0.,0.,1.));
#10300 = ORIENTED_EDGE('',*,*,#10301,.T.);
#10301 = EDGE_CURVE('',#10294,#10294,#10302,.T.);
#10302 = CIRCLE('',#10303,0.255);
#10303 = AXIS2_PLACEMENT_3D('',#10304,#10305,#10306);
#10304 = CARTESIAN_POINT('',(-30.48,-5.08,-5.));
#10305 = DIRECTION('',(0.,0.,1.));
#10306 = DIRECTION('',(1.,0.,-0.));
#10307 = ORIENTED_EDGE('',*,*,#10293,.T.);
#10308 = CYLINDRICAL_SURFACE('',#10309,0.255);
#10309 = AXIS2_PLACEMENT_3D('',#10310,#10311,#10312);
#10310 = CARTESIAN_POINT('',(-30.48,-5.08,-5.));
#10311 = DIRECTION('',(0.,0.,1.));
#10312 = DIRECTION('',(1.,0.,-0.));
#10313 = ADVANCED_FACE('',(#10314),#10317,.T.);
#10314 = FACE_BOUND('',#10315,.T.);
#10315 = EDGE_LOOP('',(#10316));
#10316 = ORIENTED_EDGE('',*,*,#10284,.T.);
#10317 = PLANE('',#10318);
#10318 = AXIS2_PLACEMENT_3D('',#10319,#10320,#10321);
#10319 = CARTESIAN_POINT('',(-30.48,-5.08,0.1));
#10320 = DIRECTION('',(0.,0.,1.));
#10321 = DIRECTION('',(1.,0.,-0.));
#10322 = ADVANCED_FACE('',(#10323),#10326,.F.);
#10323 = FACE_BOUND('',#10324,.T.);
#10324 = EDGE_LOOP('',(#10325));
#10325 = ORIENTED_EDGE('',*,*,#10301,.F.);
#10326 = PLANE('',#10327);
#10327 = AXIS2_PLACEMENT_3D('',#10328,#10329,#10330);
#10328 = CARTESIAN_POINT('',(-30.48,-5.08,-5.));
#10329 = DIRECTION('',(0.,0.,1.));
#10330 = DIRECTION('',(1.,0.,-0.));
#10331 = ( GEOMETRIC_REPRESENTATION_CONTEXT(3) 
GLOBAL_UNCERTAINTY_ASSIGNED_CONTEXT((#10335)) 
GLOBAL_UNIT_ASSIGNED_CONTEXT((#10332,#10333,#10334)) 
REPRESENTATION_CONTEXT('Context #1',
  '3D Context with UNIT and UNCERTAINTY') );
#10332 = ( LENGTH_UNIT() NAMED_UNIT(*) SI_UNIT(.MILLI.,.METRE.) );
#10333 = ( NAMED_UNIT(*) PLANE_ANGLE_UNIT() SI_UNIT($,.RADIAN.) );
#10334 = ( NAMED_UNIT(*) SI_UNIT($,.STERADIAN.) SOLID_ANGLE_UNIT() );
#10335 = UNCERTAINTY_MEASURE_WITH_UNIT(LENGTH_MEASURE(1.E-07),#10332,
  'distance_accuracy_value','confusion accuracy');
#10336 = CONTEXT_DEPENDENT_SHAPE_REPRESENTATION(#10337,#10339);
#10337 = ( REPRESENTATION_RELATIONSHIP('','',#10277,#6734) 
REPRESENTATION_RELATIONSHIP_WITH_TRANSFORMATION(#10338) 
SHAPE_REPRESENTATION_RELATIONSHIP() );
#10338 = ITEM_DEFINED_TRANSFORMATION('','',#11,#6919);
#10339 = PRODUCT_DEFINITION_SHAPE('Placement','Placement of an item',
  #10340);
#10340 = NEXT_ASSEMBLY_USAGE_OCCURRENCE('80','Leads074','',#6729,#10272,
  $);
#10341 = PRODUCT_RELATED_PRODUCT_CATEGORY('part',$,(#10274));
#10342 = SHAPE_DEFINITION_REPRESENTATION(#10343,#10349);
#10343 = PRODUCT_DEFINITION_SHAPE('','',#10344);
#10344 = PRODUCT_DEFINITION('design','',#10345,#10348);
#10345 = PRODUCT_DEFINITION_FORMATION('','',#10346);
#10346 = PRODUCT('Leads075','Leads075','',(#10347));
#10347 = PRODUCT_CONTEXT('',#2,'mechanical');
#10348 = PRODUCT_DEFINITION_CONTEXT('part definition',#2,'design');
#10349 = ADVANCED_BREP_SHAPE_REPRESENTATION('',(#11,#10350),#10403);
#10350 = MANIFOLD_SOLID_BREP('',#10351);
#10351 = CLOSED_SHELL('',(#10352,#10385,#10394));
#10352 = ADVANCED_FACE('',(#10353),#10380,.T.);
#10353 = FACE_BOUND('',#10354,.T.);
#10354 = EDGE_LOOP('',(#10355,#10364,#10372,#10379));
#10355 = ORIENTED_EDGE('',*,*,#10356,.F.);
#10356 = EDGE_CURVE('',#10357,#10357,#10359,.T.);
#10357 = VERTEX_POINT('',#10358);
#10358 = CARTESIAN_POINT('',(-32.765,-5.08,0.1));
#10359 = CIRCLE('',#10360,0.255);
#10360 = AXIS2_PLACEMENT_3D('',#10361,#10362,#10363);
#10361 = CARTESIAN_POINT('',(-33.02,-5.08,0.1));
#10362 = DIRECTION('',(0.,0.,1.));
#10363 = DIRECTION('',(1.,0.,-0.));
#10364 = ORIENTED_EDGE('',*,*,#10365,.F.);
#10365 = EDGE_CURVE('',#10366,#10357,#10368,.T.);
#10366 = VERTEX_POINT('',#10367);
#10367 = CARTESIAN_POINT('',(-32.765,-5.08,-5.));
#10368 = LINE('',#10369,#10370);
#10369 = CARTESIAN_POINT('',(-32.765,-5.08,-5.));
#10370 = VECTOR('',#10371,1.);
#10371 = DIRECTION('',(0.,0.,1.));
#10372 = ORIENTED_EDGE('',*,*,#10373,.T.);
#10373 = EDGE_CURVE('',#10366,#10366,#10374,.T.);
#10374 = CIRCLE('',#10375,0.255);
#10375 = AXIS2_PLACEMENT_3D('',#10376,#10377,#10378);
#10376 = CARTESIAN_POINT('',(-33.02,-5.08,-5.));
#10377 = DIRECTION('',(0.,0.,1.));
#10378 = DIRECTION('',(1.,0.,-0.));
#10379 = ORIENTED_EDGE('',*,*,#10365,.T.);
#10380 = CYLINDRICAL_SURFACE('',#10381,0.255);
#10381 = AXIS2_PLACEMENT_3D('',#10382,#10383,#10384);
#10382 = CARTESIAN_POINT('',(-33.02,-5.08,-5.));
#10383 = DIRECTION('',(0.,0.,1.));
#10384 = DIRECTION('',(1.,0.,-0.));
#10385 = ADVANCED_FACE('',(#10386),#10389,.T.);
#10386 = FACE_BOUND('',#10387,.T.);
#10387 = EDGE_LOOP('',(#10388));
#10388 = ORIENTED_EDGE('',*,*,#10356,.T.);
#10389 = PLANE('',#10390);
#10390 = AXIS2_PLACEMENT_3D('',#10391,#10392,#10393);
#10391 = CARTESIAN_POINT('',(-33.02,-5.08,0.1));
#10392 = DIRECTION('',(0.,0.,1.));
#10393 = DIRECTION('',(1.,0.,-0.));
#10394 = ADVANCED_FACE('',(#10395),#10398,.F.);
#10395 = FACE_BOUND('',#10396,.T.);
#10396 = EDGE_LOOP('',(#10397));
#10397 = ORIENTED_EDGE('',*,*,#10373,.F.);
#10398 = PLANE('',#10399);
#10399 = AXIS2_PLACEMENT_3D('',#10400,#10401,#10402);
#10400 = CARTESIAN_POINT('',(-33.02,-5.08,-5.));
#10401 = DIRECTION('',(0.,0.,1.));
#10402 = DIRECTION('',(1.,0.,-0.));
#10403 = ( GEOMETRIC_REPRESENTATION_CONTEXT(3) 
GLOBAL_UNCERTAINTY_ASSIGNED_CONTEXT((#10407)) 
GLOBAL_UNIT_ASSIGNED_CONTEXT((#10404,#10405,#10406)) 
REPRESENTATION_CONTEXT('Context #1',
  '3D Context with UNIT and UNCERTAINTY') );
#10404 = ( LENGTH_UNIT() NAMED_UNIT(*) SI_UNIT(.MILLI.,.METRE.) );
#10405 = ( NAMED_UNIT(*) PLANE_ANGLE_UNIT() SI_UNIT($,.RADIAN.) );
#10406 = ( NAMED_UNIT(*) SI_UNIT($,.STERADIAN.) SOLID_ANGLE_UNIT() );
#10407 = UNCERTAINTY_MEASURE_WITH_UNIT(LENGTH_MEASURE(1.E-07),#10404,
  'distance_accuracy_value','confusion accuracy');
#10408 = CONTEXT_DEPENDENT_SHAPE_REPRESENTATION(#10409,#10411);
#10409 = ( REPRESENTATION_RELATIONSHIP('','',#10349,#6734) 
REPRESENTATION_RELATIONSHIP_WITH_TRANSFORMATION(#10410) 
SHAPE_REPRESENTATION_RELATIONSHIP() );
#10410 = ITEM_DEFINED_TRANSFORMATION('','',#11,#6923);
#10411 = PRODUCT_DEFINITION_SHAPE('Placement','Placement of an item',
  #10412);
#10412 = NEXT_ASSEMBLY_USAGE_OCCURRENCE('81','Leads075','',#6729,#10344,
  $);
#10413 = PRODUCT_RELATED_PRODUCT_CATEGORY('part',$,(#10346));
#10414 = SHAPE_DEFINITION_REPRESENTATION(#10415,#10421);
#10415 = PRODUCT_DEFINITION_SHAPE('','',#10416);
#10416 = PRODUCT_DEFINITION('design','',#10417,#10420);
#10417 = PRODUCT_DEFINITION_FORMATION('','',#10418);
#10418 = PRODUCT('Leads076','Leads076','',(#10419));
#10419 = PRODUCT_CONTEXT('',#2,'mechanical');
#10420 = PRODUCT_DEFINITION_CONTEXT('part definition',#2,'design');
#10421 = ADVANCED_BREP_SHAPE_REPRESENTATION('',(#11,#10422),#10475);
#10422 = MANIFOLD_SOLID_BREP('',#10423);
#10423 = CLOSED_SHELL('',(#10424,#10457,#10466));
#10424 = ADVANCED_FACE('',(#10425),#10452,.T.);
#10425 = FACE_BOUND('',#10426,.T.);
#10426 = EDGE_LOOP('',(#10427,#10436,#10444,#10451));
#10427 = ORIENTED_EDGE('',*,*,#10428,.F.);
#10428 = EDGE_CURVE('',#10429,#10429,#10431,.T.);
#10429 = VERTEX_POINT('',#10430);
#10430 = CARTESIAN_POINT('',(-35.305,-5.08,0.1));
#10431 = CIRCLE('',#10432,0.255);
#10432 = AXIS2_PLACEMENT_3D('',#10433,#10434,#10435);
#10433 = CARTESIAN_POINT('',(-35.56,-5.08,0.1));
#10434 = DIRECTION('',(0.,0.,1.));
#10435 = DIRECTION('',(1.,0.,-0.));
#10436 = ORIENTED_EDGE('',*,*,#10437,.F.);
#10437 = EDGE_CURVE('',#10438,#10429,#10440,.T.);
#10438 = VERTEX_POINT('',#10439);
#10439 = CARTESIAN_POINT('',(-35.305,-5.08,-5.));
#10440 = LINE('',#10441,#10442);
#10441 = CARTESIAN_POINT('',(-35.305,-5.08,-5.));
#10442 = VECTOR('',#10443,1.);
#10443 = DIRECTION('',(0.,0.,1.));
#10444 = ORIENTED_EDGE('',*,*,#10445,.T.);
#10445 = EDGE_CURVE('',#10438,#10438,#10446,.T.);
#10446 = CIRCLE('',#10447,0.255);
#10447 = AXIS2_PLACEMENT_3D('',#10448,#10449,#10450);
#10448 = CARTESIAN_POINT('',(-35.56,-5.08,-5.));
#10449 = DIRECTION('',(0.,0.,1.));
#10450 = DIRECTION('',(1.,0.,-0.));
#10451 = ORIENTED_EDGE('',*,*,#10437,.T.);
#10452 = CYLINDRICAL_SURFACE('',#10453,0.255);
#10453 = AXIS2_PLACEMENT_3D('',#10454,#10455,#10456);
#10454 = CARTESIAN_POINT('',(-35.56,-5.08,-5.));
#10455 = DIRECTION('',(0.,0.,1.));
#10456 = DIRECTION('',(1.,0.,-0.));
#10457 = ADVANCED_FACE('',(#10458),#10461,.T.);
#10458 = FACE_BOUND('',#10459,.T.);
#10459 = EDGE_LOOP('',(#10460));
#10460 = ORIENTED_EDGE('',*,*,#10428,.T.);
#10461 = PLANE('',#10462);
#10462 = AXIS2_PLACEMENT_3D('',#10463,#10464,#10465);
#10463 = CARTESIAN_POINT('',(-35.56,-5.08,0.1));
#10464 = DIRECTION('',(0.,0.,1.));
#10465 = DIRECTION('',(1.,0.,-0.));
#10466 = ADVANCED_FACE('',(#10467),#10470,.F.);
#10467 = FACE_BOUND('',#10468,.T.);
#10468 = EDGE_LOOP('',(#10469));
#10469 = ORIENTED_EDGE('',*,*,#10445,.F.);
#10470 = PLANE('',#10471);
#10471 = AXIS2_PLACEMENT_3D('',#10472,#10473,#10474);
#10472 = CARTESIAN_POINT('',(-35.56,-5.08,-5.));
#10473 = DIRECTION('',(0.,0.,1.));
#10474 = DIRECTION('',(1.,0.,-0.));
#10475 = ( GEOMETRIC_REPRESENTATION_CONTEXT(3) 
GLOBAL_UNCERTAINTY_ASSIGNED_CONTEXT((#10479)) 
GLOBAL_UNIT_ASSIGNED_CONTEXT((#10476,#10477,#10478)) 
REPRESENTATION_CONTEXT('Context #1',
  '3D Context with UNIT and UNCERTAINTY') );
#10476 = ( LENGTH_UNIT() NAMED_UNIT(*) SI_UNIT(.MILLI.,.METRE.) );
#10477 = ( NAMED_UNIT(*) PLANE_ANGLE_UNIT() SI_UNIT($,.RADIAN.) );
#10478 = ( NAMED_UNIT(*) SI_UNIT($,.STERADIAN.) SOLID_ANGLE_UNIT() );
#10479 = UNCERTAINTY_MEASURE_WITH_UNIT(LENGTH_MEASURE(1.E-07),#10476,
  'distance_accuracy_value','confusion accuracy');
#10480 = CONTEXT_DEPENDENT_SHAPE_REPRESENTATION(#10481,#10483);
#10481 = ( REPRESENTATION_RELATIONSHIP('','',#10421,#6734) 
REPRESENTATION_RELATIONSHIP_WITH_TRANSFORMATION(#10482) 
SHAPE_REPRESENTATION_RELATIONSHIP() );
#10482 = ITEM_DEFINED_TRANSFORMATION('','',#11,#6927);
#10483 = PRODUCT_DEFINITION_SHAPE('Placement','Placement of an item',
  #10484);
#10484 = NEXT_ASSEMBLY_USAGE_OCCURRENCE('82','Leads076','',#6729,#10416,
  $);
#10485 = PRODUCT_RELATED_PRODUCT_CATEGORY('part',$,(#10418));
#10486 = SHAPE_DEFINITION_REPRESENTATION(#10487,#10493);
#10487 = PRODUCT_DEFINITION_SHAPE('','',#10488);
#10488 = PRODUCT_DEFINITION('design','',#10489,#10492);
#10489 = PRODUCT_DEFINITION_FORMATION('','',#10490);
#10490 = PRODUCT('Leads077','Leads077','',(#10491));
#10491 = PRODUCT_CONTEXT('',#2,'mechanical');
#10492 = PRODUCT_DEFINITION_CONTEXT('part definition',#2,'design');
#10493 = ADVANCED_BREP_SHAPE_REPRESENTATION('',(#11,#10494),#10547);
#10494 = MANIFOLD_SOLID_BREP('',#10495);
#10495 = CLOSED_SHELL('',(#10496,#10529,#10538));
#10496 = ADVANCED_FACE('',(#10497),#10524,.T.);
#10497 = FACE_BOUND('',#10498,.T.);
#10498 = EDGE_LOOP('',(#10499,#10508,#10516,#10523));
#10499 = ORIENTED_EDGE('',*,*,#10500,.F.);
#10500 = EDGE_CURVE('',#10501,#10501,#10503,.T.);
#10501 = VERTEX_POINT('',#10502);
#10502 = CARTESIAN_POINT('',(-37.845,-5.08,0.1));
#10503 = CIRCLE('',#10504,0.255);
#10504 = AXIS2_PLACEMENT_3D('',#10505,#10506,#10507);
#10505 = CARTESIAN_POINT('',(-38.1,-5.08,0.1));
#10506 = DIRECTION('',(0.,0.,1.));
#10507 = DIRECTION('',(1.,0.,-0.));
#10508 = ORIENTED_EDGE('',*,*,#10509,.F.);
#10509 = EDGE_CURVE('',#10510,#10501,#10512,.T.);
#10510 = VERTEX_POINT('',#10511);
#10511 = CARTESIAN_POINT('',(-37.845,-5.08,-5.));
#10512 = LINE('',#10513,#10514);
#10513 = CARTESIAN_POINT('',(-37.845,-5.08,-5.));
#10514 = VECTOR('',#10515,1.);
#10515 = DIRECTION('',(0.,0.,1.));
#10516 = ORIENTED_EDGE('',*,*,#10517,.T.);
#10517 = EDGE_CURVE('',#10510,#10510,#10518,.T.);
#10518 = CIRCLE('',#10519,0.255);
#10519 = AXIS2_PLACEMENT_3D('',#10520,#10521,#10522);
#10520 = CARTESIAN_POINT('',(-38.1,-5.08,-5.));
#10521 = DIRECTION('',(0.,0.,1.));
#10522 = DIRECTION('',(1.,0.,-0.));
#10523 = ORIENTED_EDGE('',*,*,#10509,.T.);
#10524 = CYLINDRICAL_SURFACE('',#10525,0.255);
#10525 = AXIS2_PLACEMENT_3D('',#10526,#10527,#10528);
#10526 = CARTESIAN_POINT('',(-38.1,-5.08,-5.));
#10527 = DIRECTION('',(0.,0.,1.));
#10528 = DIRECTION('',(1.,0.,-0.));
#10529 = ADVANCED_FACE('',(#10530),#10533,.T.);
#10530 = FACE_BOUND('',#10531,.T.);
#10531 = EDGE_LOOP('',(#10532));
#10532 = ORIENTED_EDGE('',*,*,#10500,.T.);
#10533 = PLANE('',#10534);
#10534 = AXIS2_PLACEMENT_3D('',#10535,#10536,#10537);
#10535 = CARTESIAN_POINT('',(-38.1,-5.08,0.1));
#10536 = DIRECTION('',(0.,0.,1.));
#10537 = DIRECTION('',(1.,0.,-0.));
#10538 = ADVANCED_FACE('',(#10539),#10542,.F.);
#10539 = FACE_BOUND('',#10540,.T.);
#10540 = EDGE_LOOP('',(#10541));
#10541 = ORIENTED_EDGE('',*,*,#10517,.F.);
#10542 = PLANE('',#10543);
#10543 = AXIS2_PLACEMENT_3D('',#10544,#10545,#10546);
#10544 = CARTESIAN_POINT('',(-38.1,-5.08,-5.));
#10545 = DIRECTION('',(0.,0.,1.));
#10546 = DIRECTION('',(1.,0.,-0.));
#10547 = ( GEOMETRIC_REPRESENTATION_CONTEXT(3) 
GLOBAL_UNCERTAINTY_ASSIGNED_CONTEXT((#10551)) 
GLOBAL_UNIT_ASSIGNED_CONTEXT((#10548,#10549,#10550)) 
REPRESENTATION_CONTEXT('Context #1',
  '3D Context with UNIT and UNCERTAINTY') );
#10548 = ( LENGTH_UNIT() NAMED_UNIT(*) SI_UNIT(.MILLI.,.METRE.) );
#10549 = ( NAMED_UNIT(*) PLANE_ANGLE_UNIT() SI_UNIT($,.RADIAN.) );
#10550 = ( NAMED_UNIT(*) SI_UNIT($,.STERADIAN.) SOLID_ANGLE_UNIT() );
#10551 = UNCERTAINTY_MEASURE_WITH_UNIT(LENGTH_MEASURE(1.E-07),#10548,
  'distance_accuracy_value','confusion accuracy');
#10552 = CONTEXT_DEPENDENT_SHAPE_REPRESENTATION(#10553,#10555);
#10553 = ( REPRESENTATION_RELATIONSHIP('','',#10493,#6734) 
REPRESENTATION_RELATIONSHIP_WITH_TRANSFORMATION(#10554) 
SHAPE_REPRESENTATION_RELATIONSHIP() );
#10554 = ITEM_DEFINED_TRANSFORMATION('','',#11,#6931);
#10555 = PRODUCT_DEFINITION_SHAPE('Placement','Placement of an item',
  #10556);
#10556 = NEXT_ASSEMBLY_USAGE_OCCURRENCE('83','Leads077','',#6729,#10488,
  $);
#10557 = PRODUCT_RELATED_PRODUCT_CATEGORY('part',$,(#10490));
#10558 = SHAPE_DEFINITION_REPRESENTATION(#10559,#10565);
#10559 = PRODUCT_DEFINITION_SHAPE('','',#10560);
#10560 = PRODUCT_DEFINITION('design','',#10561,#10564);
#10561 = PRODUCT_DEFINITION_FORMATION('','',#10562);
#10562 = PRODUCT('Leads078','Leads078','',(#10563));
#10563 = PRODUCT_CONTEXT('',#2,'mechanical');
#10564 = PRODUCT_DEFINITION_CONTEXT('part definition',#2,'design');
#10565 = ADVANCED_BREP_SHAPE_REPRESENTATION('',(#11,#10566),#10619);
#10566 = MANIFOLD_SOLID_BREP('',#10567);
#10567 = CLOSED_SHELL('',(#10568,#10601,#10610));
#10568 = ADVANCED_FACE('',(#10569),#10596,.T.);
#10569 = FACE_BOUND('',#10570,.T.);
#10570 = EDGE_LOOP('',(#10571,#10580,#10588,#10595));
#10571 = ORIENTED_EDGE('',*,*,#10572,.F.);
#10572 = EDGE_CURVE('',#10573,#10573,#10575,.T.);
#10573 = VERTEX_POINT('',#10574);
#10574 = CARTESIAN_POINT('',(-40.385,-5.08,0.1));
#10575 = CIRCLE('',#10576,0.255);
#10576 = AXIS2_PLACEMENT_3D('',#10577,#10578,#10579);
#10577 = CARTESIAN_POINT('',(-40.64,-5.08,0.1));
#10578 = DIRECTION('',(0.,0.,1.));
#10579 = DIRECTION('',(1.,0.,-0.));
#10580 = ORIENTED_EDGE('',*,*,#10581,.F.);
#10581 = EDGE_CURVE('',#10582,#10573,#10584,.T.);
#10582 = VERTEX_POINT('',#10583);
#10583 = CARTESIAN_POINT('',(-40.385,-5.08,-5.));
#10584 = LINE('',#10585,#10586);
#10585 = CARTESIAN_POINT('',(-40.385,-5.08,-5.));
#10586 = VECTOR('',#10587,1.);
#10587 = DIRECTION('',(0.,0.,1.));
#10588 = ORIENTED_EDGE('',*,*,#10589,.T.);
#10589 = EDGE_CURVE('',#10582,#10582,#10590,.T.);
#10590 = CIRCLE('',#10591,0.255);
#10591 = AXIS2_PLACEMENT_3D('',#10592,#10593,#10594);
#10592 = CARTESIAN_POINT('',(-40.64,-5.08,-5.));
#10593 = DIRECTION('',(0.,0.,1.));
#10594 = DIRECTION('',(1.,0.,-0.));
#10595 = ORIENTED_EDGE('',*,*,#10581,.T.);
#10596 = CYLINDRICAL_SURFACE('',#10597,0.255);
#10597 = AXIS2_PLACEMENT_3D('',#10598,#10599,#10600);
#10598 = CARTESIAN_POINT('',(-40.64,-5.08,-5.));
#10599 = DIRECTION('',(0.,0.,1.));
#10600 = DIRECTION('',(1.,0.,-0.));
#10601 = ADVANCED_FACE('',(#10602),#10605,.T.);
#10602 = FACE_BOUND('',#10603,.T.);
#10603 = EDGE_LOOP('',(#10604));
#10604 = ORIENTED_EDGE('',*,*,#10572,.T.);
#10605 = PLANE('',#10606);
#10606 = AXIS2_PLACEMENT_3D('',#10607,#10608,#10609);
#10607 = CARTESIAN_POINT('',(-40.64,-5.08,0.1));
#10608 = DIRECTION('',(0.,0.,1.));
#10609 = DIRECTION('',(1.,0.,-0.));
#10610 = ADVANCED_FACE('',(#10611),#10614,.F.);
#10611 = FACE_BOUND('',#10612,.T.);
#10612 = EDGE_LOOP('',(#10613));
#10613 = ORIENTED_EDGE('',*,*,#10589,.F.);
#10614 = PLANE('',#10615);
#10615 = AXIS2_PLACEMENT_3D('',#10616,#10617,#10618);
#10616 = CARTESIAN_POINT('',(-40.64,-5.08,-5.));
#10617 = DIRECTION('',(0.,0.,1.));
#10618 = DIRECTION('',(1.,0.,-0.));
#10619 = ( GEOMETRIC_REPRESENTATION_CONTEXT(3) 
GLOBAL_UNCERTAINTY_ASSIGNED_CONTEXT((#10623)) 
GLOBAL_UNIT_ASSIGNED_CONTEXT((#10620,#10621,#10622)) 
REPRESENTATION_CONTEXT('Context #1',
  '3D Context with UNIT and UNCERTAINTY') );
#10620 = ( LENGTH_UNIT() NAMED_UNIT(*) SI_UNIT(.MILLI.,.METRE.) );
#10621 = ( NAMED_UNIT(*) PLANE_ANGLE_UNIT() SI_UNIT($,.RADIAN.) );
#10622 = ( NAMED_UNIT(*) SI_UNIT($,.STERADIAN.) SOLID_ANGLE_UNIT() );
#10623 = UNCERTAINTY_MEASURE_WITH_UNIT(LENGTH_MEASURE(1.E-07),#10620,
  'distance_accuracy_value','confusion accuracy');
#10624 = CONTEXT_DEPENDENT_SHAPE_REPRESENTATION(#10625,#10627);
#10625 = ( REPRESENTATION_RELATIONSHIP('','',#10565,#6734) 
REPRESENTATION_RELATIONSHIP_WITH_TRANSFORMATION(#10626) 
SHAPE_REPRESENTATION_RELATIONSHIP() );
#10626 = ITEM_DEFINED_TRANSFORMATION('','',#11,#6935);
#10627 = PRODUCT_DEFINITION_SHAPE('Placement','Placement of an item',
  #10628);
#10628 = NEXT_ASSEMBLY_USAGE_OCCURRENCE('84','Leads078','',#6729,#10560,
  $);
#10629 = PRODUCT_RELATED_PRODUCT_CATEGORY('part',$,(#10562));
#10630 = SHAPE_DEFINITION_REPRESENTATION(#10631,#10637);
#10631 = PRODUCT_DEFINITION_SHAPE('','',#10632);
#10632 = PRODUCT_DEFINITION('design','',#10633,#10636);
#10633 = PRODUCT_DEFINITION_FORMATION('','',#10634);
#10634 = PRODUCT('Leads079','Leads079','',(#10635));
#10635 = PRODUCT_CONTEXT('',#2,'mechanical');
#10636 = PRODUCT_DEFINITION_CONTEXT('part definition',#2,'design');
#10637 = ADVANCED_BREP_SHAPE_REPRESENTATION('',(#11,#10638),#10691);
#10638 = MANIFOLD_SOLID_BREP('',#10639);
#10639 = CLOSED_SHELL('',(#10640,#10673,#10682));
#10640 = ADVANCED_FACE('',(#10641),#10668,.T.);
#10641 = FACE_BOUND('',#10642,.T.);
#10642 = EDGE_LOOP('',(#10643,#10652,#10660,#10667));
#10643 = ORIENTED_EDGE('',*,*,#10644,.F.);
#10644 = EDGE_CURVE('',#10645,#10645,#10647,.T.);
#10645 = VERTEX_POINT('',#10646);
#10646 = CARTESIAN_POINT('',(5.03,-2.54,0.1));
#10647 = CIRCLE('',#10648,1.22);
#10648 = AXIS2_PLACEMENT_3D('',#10649,#10650,#10651);
#10649 = CARTESIAN_POINT('',(3.81,-2.54,0.1));
#10650 = DIRECTION('',(0.,0.,1.));
#10651 = DIRECTION('',(1.,0.,-0.));
#10652 = ORIENTED_EDGE('',*,*,#10653,.F.);
#10653 = EDGE_CURVE('',#10654,#10645,#10656,.T.);
#10654 = VERTEX_POINT('',#10655);
#10655 = CARTESIAN_POINT('',(5.03,-2.54,-5.));
#10656 = LINE('',#10657,#10658);
#10657 = CARTESIAN_POINT('',(5.03,-2.54,-5.));
#10658 = VECTOR('',#10659,1.);
#10659 = DIRECTION('',(0.,0.,1.));
#10660 = ORIENTED_EDGE('',*,*,#10661,.T.);
#10661 = EDGE_CURVE('',#10654,#10654,#10662,.T.);
#10662 = CIRCLE('',#10663,1.22);
#10663 = AXIS2_PLACEMENT_3D('',#10664,#10665,#10666);
#10664 = CARTESIAN_POINT('',(3.81,-2.54,-5.));
#10665 = DIRECTION('',(0.,0.,1.));
#10666 = DIRECTION('',(1.,0.,-0.));
#10667 = ORIENTED_EDGE('',*,*,#10653,.T.);
#10668 = CYLINDRICAL_SURFACE('',#10669,1.22);
#10669 = AXIS2_PLACEMENT_3D('',#10670,#10671,#10672);
#10670 = CARTESIAN_POINT('',(3.81,-2.54,-5.));
#10671 = DIRECTION('',(0.,0.,1.));
#10672 = DIRECTION('',(1.,0.,-0.));
#10673 = ADVANCED_FACE('',(#10674),#10677,.T.);
#10674 = FACE_BOUND('',#10675,.T.);
#10675 = EDGE_LOOP('',(#10676));
#10676 = ORIENTED_EDGE('',*,*,#10644,.T.);
#10677 = PLANE('',#10678);
#10678 = AXIS2_PLACEMENT_3D('',#10679,#10680,#10681);
#10679 = CARTESIAN_POINT('',(3.81,-2.54,0.1));
#10680 = DIRECTION('',(0.,0.,1.));
#10681 = DIRECTION('',(1.,0.,-0.));
#10682 = ADVANCED_FACE('',(#10683),#10686,.F.);
#10683 = FACE_BOUND('',#10684,.T.);
#10684 = EDGE_LOOP('',(#10685));
#10685 = ORIENTED_EDGE('',*,*,#10661,.F.);
#10686 = PLANE('',#10687);
#10687 = AXIS2_PLACEMENT_3D('',#10688,#10689,#10690);
#10688 = CARTESIAN_POINT('',(3.81,-2.54,-5.));
#10689 = DIRECTION('',(0.,0.,1.));
#10690 = DIRECTION('',(1.,0.,-0.));
#10691 = ( GEOMETRIC_REPRESENTATION_CONTEXT(3) 
GLOBAL_UNCERTAINTY_ASSIGNED_CONTEXT((#10695)) 
GLOBAL_UNIT_ASSIGNED_CONTEXT((#10692,#10693,#10694)) 
REPRESENTATION_CONTEXT('Context #1',
  '3D Context with UNIT and UNCERTAINTY') );
#10692 = ( LENGTH_UNIT() NAMED_UNIT(*) SI_UNIT(.MILLI.,.METRE.) );
#10693 = ( NAMED_UNIT(*) PLANE_ANGLE_UNIT() SI_UNIT($,.RADIAN.) );
#10694 = ( NAMED_UNIT(*) SI_UNIT($,.STERADIAN.) SOLID_ANGLE_UNIT() );
#10695 = UNCERTAINTY_MEASURE_WITH_UNIT(LENGTH_MEASURE(1.E-07),#10692,
  'distance_accuracy_value','confusion accuracy');
#10696 = CONTEXT_DEPENDENT_SHAPE_REPRESENTATION(#10697,#10699);
#10697 = ( REPRESENTATION_RELATIONSHIP('','',#10637,#6734) 
REPRESENTATION_RELATIONSHIP_WITH_TRANSFORMATION(#10698) 
SHAPE_REPRESENTATION_RELATIONSHIP() );
#10698 = ITEM_DEFINED_TRANSFORMATION('','',#11,#6939);
#10699 = PRODUCT_DEFINITION_SHAPE('Placement','Placement of an item',
  #10700);
#10700 = NEXT_ASSEMBLY_USAGE_OCCURRENCE('85','Leads079','',#6729,#10632,
  $);
#10701 = PRODUCT_RELATED_PRODUCT_CATEGORY('part',$,(#10634));
#10702 = SHAPE_DEFINITION_REPRESENTATION(#10703,#10709);
#10703 = PRODUCT_DEFINITION_SHAPE('','',#10704);
#10704 = PRODUCT_DEFINITION('design','',#10705,#10708);
#10705 = PRODUCT_DEFINITION_FORMATION('','',#10706);
#10706 = PRODUCT('Leads080','Leads080','',(#10707));
#10707 = PRODUCT_CONTEXT('',#2,'mechanical');
#10708 = PRODUCT_DEFINITION_CONTEXT('part definition',#2,'design');
#10709 = ADVANCED_BREP_SHAPE_REPRESENTATION('',(#11,#10710),#10763);
#10710 = MANIFOLD_SOLID_BREP('',#10711);
#10711 = CLOSED_SHELL('',(#10712,#10745,#10754));
#10712 = ADVANCED_FACE('',(#10713),#10740,.T.);
#10713 = FACE_BOUND('',#10714,.T.);
#10714 = EDGE_LOOP('',(#10715,#10724,#10732,#10739));
#10715 = ORIENTED_EDGE('',*,*,#10716,.F.);
#10716 = EDGE_CURVE('',#10717,#10717,#10719,.T.);
#10717 = VERTEX_POINT('',#10718);
#10718 = CARTESIAN_POINT('',(-45.77,-2.54,0.1));
#10719 = CIRCLE('',#10720,1.22);
#10720 = AXIS2_PLACEMENT_3D('',#10721,#10722,#10723);
#10721 = CARTESIAN_POINT('',(-46.99,-2.54,0.1));
#10722 = DIRECTION('',(0.,0.,1.));
#10723 = DIRECTION('',(1.,0.,-0.));
#10724 = ORIENTED_EDGE('',*,*,#10725,.F.);
#10725 = EDGE_CURVE('',#10726,#10717,#10728,.T.);
#10726 = VERTEX_POINT('',#10727);
#10727 = CARTESIAN_POINT('',(-45.77,-2.54,-5.));
#10728 = LINE('',#10729,#10730);
#10729 = CARTESIAN_POINT('',(-45.77,-2.54,-5.));
#10730 = VECTOR('',#10731,1.);
#10731 = DIRECTION('',(0.,0.,1.));
#10732 = ORIENTED_EDGE('',*,*,#10733,.T.);
#10733 = EDGE_CURVE('',#10726,#10726,#10734,.T.);
#10734 = CIRCLE('',#10735,1.22);
#10735 = AXIS2_PLACEMENT_3D('',#10736,#10737,#10738);
#10736 = CARTESIAN_POINT('',(-46.99,-2.54,-5.));
#10737 = DIRECTION('',(0.,0.,1.));
#10738 = DIRECTION('',(1.,0.,-0.));
#10739 = ORIENTED_EDGE('',*,*,#10725,.T.);
#10740 = CYLINDRICAL_SURFACE('',#10741,1.22);
#10741 = AXIS2_PLACEMENT_3D('',#10742,#10743,#10744);
#10742 = CARTESIAN_POINT('',(-46.99,-2.54,-5.));
#10743 = DIRECTION('',(0.,0.,1.));
#10744 = DIRECTION('',(1.,0.,-0.));
#10745 = ADVANCED_FACE('',(#10746),#10749,.T.);
#10746 = FACE_BOUND('',#10747,.T.);
#10747 = EDGE_LOOP('',(#10748));
#10748 = ORIENTED_EDGE('',*,*,#10716,.T.);
#10749 = PLANE('',#10750);
#10750 = AXIS2_PLACEMENT_3D('',#10751,#10752,#10753);
#10751 = CARTESIAN_POINT('',(-46.99,-2.54,0.1));
#10752 = DIRECTION('',(0.,0.,1.));
#10753 = DIRECTION('',(1.,0.,-0.));
#10754 = ADVANCED_FACE('',(#10755),#10758,.F.);
#10755 = FACE_BOUND('',#10756,.T.);
#10756 = EDGE_LOOP('',(#10757));
#10757 = ORIENTED_EDGE('',*,*,#10733,.F.);
#10758 = PLANE('',#10759);
#10759 = AXIS2_PLACEMENT_3D('',#10760,#10761,#10762);
#10760 = CARTESIAN_POINT('',(-46.99,-2.54,-5.));
#10761 = DIRECTION('',(0.,0.,1.));
#10762 = DIRECTION('',(1.,0.,-0.));
#10763 = ( GEOMETRIC_REPRESENTATION_CONTEXT(3) 
GLOBAL_UNCERTAINTY_ASSIGNED_CONTEXT((#10767)) 
GLOBAL_UNIT_ASSIGNED_CONTEXT((#10764,#10765,#10766)) 
REPRESENTATION_CONTEXT('Context #1',
  '3D Context with UNIT and UNCERTAINTY') );
#10764 = ( LENGTH_UNIT() NAMED_UNIT(*) SI_UNIT(.MILLI.,.METRE.) );
#10765 = ( NAMED_UNIT(*) PLANE_ANGLE_UNIT() SI_UNIT($,.RADIAN.) );
#10766 = ( NAMED_UNIT(*) SI_UNIT($,.STERADIAN.) SOLID_ANGLE_UNIT() );
#10767 = UNCERTAINTY_MEASURE_WITH_UNIT(LENGTH_MEASURE(1.E-07),#10764,
  'distance_accuracy_value','confusion accuracy');
#10768 = CONTEXT_DEPENDENT_SHAPE_REPRESENTATION(#10769,#10771);
#10769 = ( REPRESENTATION_RELATIONSHIP('','',#10709,#6734) 
REPRESENTATION_RELATIONSHIP_WITH_TRANSFORMATION(#10770) 
SHAPE_REPRESENTATION_RELATIONSHIP() );
#10770 = ITEM_DEFINED_TRANSFORMATION('','',#11,#6943);
#10771 = PRODUCT_DEFINITION_SHAPE('Placement','Placement of an item',
  #10772);
#10772 = NEXT_ASSEMBLY_USAGE_OCCURRENCE('86','Leads080','',#6729,#10704,
  $);
#10773 = PRODUCT_RELATED_PRODUCT_CATEGORY('part',$,(#10706));
#10774 = MECHANICAL_DESIGN_GEOMETRIC_PRESENTATION_REPRESENTATION('',(
    #10775),#8963);
#10775 = STYLED_ITEM('color',(#10776),#8910);
#10776 = PRESENTATION_STYLE_ASSIGNMENT((#10777,#10783));
#10777 = SURFACE_STYLE_USAGE(.BOTH.,#10778);
#10778 = SURFACE_SIDE_STYLE('',(#10779));
#10779 = SURFACE_STYLE_FILL_AREA(#10780);
#10780 = FILL_AREA_STYLE('',(#10781));
#10781 = FILL_AREA_STYLE_COLOUR('',#10782);
#10782 = COLOUR_RGB('',0.734000028196,0.773000013638,0.796999989372);
#10783 = CURVE_STYLE('',#10784,POSITIVE_LENGTH_MEASURE(0.1),#10785);
#10784 = DRAUGHTING_PRE_DEFINED_CURVE_FONT('continuous');
#10785 = COLOUR_RGB('',9.803921802644E-02,9.803921802644E-02,
  9.803921802644E-02);
#10786 = MECHANICAL_DESIGN_GEOMETRIC_PRESENTATION_REPRESENTATION('',(
    #10787),#5440);
#10787 = STYLED_ITEM('color',(#10788),#5387);
#10788 = PRESENTATION_STYLE_ASSIGNMENT((#10789,#10794));
#10789 = SURFACE_STYLE_USAGE(.BOTH.,#10790);
#10790 = SURFACE_SIDE_STYLE('',(#10791));
#10791 = SURFACE_STYLE_FILL_AREA(#10792);
#10792 = FILL_AREA_STYLE('',(#10793));
#10793 = FILL_AREA_STYLE_COLOUR('',#10782);
#10794 = CURVE_STYLE('',#10795,POSITIVE_LENGTH_MEASURE(0.1),#10785);
#10795 = DRAUGHTING_PRE_DEFINED_CURVE_FONT('continuous');
#10796 = MECHANICAL_DESIGN_GEOMETRIC_PRESENTATION_REPRESENTATION('',(
    #10797),#10187);
#10797 = STYLED_ITEM('color',(#10798),#10134);
#10798 = PRESENTATION_STYLE_ASSIGNMENT((#10799,#10804));
#10799 = SURFACE_STYLE_USAGE(.BOTH.,#10800);
#10800 = SURFACE_SIDE_STYLE('',(#10801));
#10801 = SURFACE_STYLE_FILL_AREA(#10802);
#10802 = FILL_AREA_STYLE('',(#10803));
#10803 = FILL_AREA_STYLE_COLOUR('',#10782);
#10804 = CURVE_STYLE('',#10805,POSITIVE_LENGTH_MEASURE(0.1),#10785);
#10805 = DRAUGHTING_PRE_DEFINED_CURVE_FONT('continuous');
#10806 = MECHANICAL_DESIGN_GEOMETRIC_PRESENTATION_REPRESENTATION('',(
    #10807),#10691);
#10807 = STYLED_ITEM('color',(#10808),#10638);
#10808 = PRESENTATION_STYLE_ASSIGNMENT((#10809,#10814));
#10809 = SURFACE_STYLE_USAGE(.BOTH.,#10810);
#10810 = SURFACE_SIDE_STYLE('',(#10811));
#10811 = SURFACE_STYLE_FILL_AREA(#10812);
#10812 = FILL_AREA_STYLE('',(#10813));
#10813 = FILL_AREA_STYLE_COLOUR('',#10782);
#10814 = CURVE_STYLE('',#10815,POSITIVE_LENGTH_MEASURE(0.1),#10785);
#10815 = DRAUGHTING_PRE_DEFINED_CURVE_FONT('continuous');
#10816 = MECHANICAL_DESIGN_GEOMETRIC_PRESENTATION_REPRESENTATION('',(
    #10817),#10331);
#10817 = STYLED_ITEM('color',(#10818),#10278);
#10818 = PRESENTATION_STYLE_ASSIGNMENT((#10819,#10824));
#10819 = SURFACE_STYLE_USAGE(.BOTH.,#10820);
#10820 = SURFACE_SIDE_STYLE('',(#10821));
#10821 = SURFACE_STYLE_FILL_AREA(#10822);
#10822 = FILL_AREA_STYLE('',(#10823));
#10823 = FILL_AREA_STYLE_COLOUR('',#10782);
#10824 = CURVE_STYLE('',#10825,POSITIVE_LENGTH_MEASURE(0.1),#10785);
#10825 = DRAUGHTING_PRE_DEFINED_CURVE_FONT('continuous');
#10826 = MECHANICAL_DESIGN_GEOMETRIC_PRESENTATION_REPRESENTATION('',(
    #10827),#4720);
#10827 = STYLED_ITEM('color',(#10828),#4667);
#10828 = PRESENTATION_STYLE_ASSIGNMENT((#10829,#10834));
#10829 = SURFACE_STYLE_USAGE(.BOTH.,#10830);
#10830 = SURFACE_SIDE_STYLE('',(#10831));
#10831 = SURFACE_STYLE_FILL_AREA(#10832);
#10832 = FILL_AREA_STYLE('',(#10833));
#10833 = FILL_AREA_STYLE_COLOUR('',#10782);
#10834 = CURVE_STYLE('',#10835,POSITIVE_LENGTH_MEASURE(0.1),#10785);
#10835 = DRAUGHTING_PRE_DEFINED_CURVE_FONT('continuous');
#10836 = MECHANICAL_DESIGN_GEOMETRIC_PRESENTATION_REPRESENTATION('',(
    #10837),#4449);
#10837 = STYLED_ITEM('color',(#10838),#4299);
#10838 = PRESENTATION_STYLE_ASSIGNMENT((#10839,#10845));
#10839 = SURFACE_STYLE_USAGE(.BOTH.,#10840);
#10840 = SURFACE_SIDE_STYLE('',(#10841));
#10841 = SURFACE_STYLE_FILL_AREA(#10842);
#10842 = FILL_AREA_STYLE('',(#10843));
#10843 = FILL_AREA_STYLE_COLOUR('',#10844);
#10844 = COLOUR_RGB('',0.300000011149,0.300000011149,0.300000011149);
#10845 = CURVE_STYLE('',#10846,POSITIVE_LENGTH_MEASURE(0.1),#10785);
#10846 = DRAUGHTING_PRE_DEFINED_CURVE_FONT('continuous');
#10847 = MECHANICAL_DESIGN_GEOMETRIC_PRESENTATION_REPRESENTATION('',(
    #10848),#10619);
#10848 = STYLED_ITEM('color',(#10849),#10566);
#10849 = PRESENTATION_STYLE_ASSIGNMENT((#10850,#10855));
#10850 = SURFACE_STYLE_USAGE(.BOTH.,#10851);
#10851 = SURFACE_SIDE_STYLE('',(#10852));
#10852 = SURFACE_STYLE_FILL_AREA(#10853);
#10853 = FILL_AREA_STYLE('',(#10854));
#10854 = FILL_AREA_STYLE_COLOUR('',#10782);
#10855 = CURVE_STYLE('',#10856,POSITIVE_LENGTH_MEASURE(0.1),#10785);
#10856 = DRAUGHTING_PRE_DEFINED_CURVE_FONT('continuous');
#10857 = MECHANICAL_DESIGN_GEOMETRIC_PRESENTATION_REPRESENTATION('',(
    #10858),#7811);
#10858 = STYLED_ITEM('color',(#10859),#7758);
#10859 = PRESENTATION_STYLE_ASSIGNMENT((#10860,#10865));
#10860 = SURFACE_STYLE_USAGE(.BOTH.,#10861);
#10861 = SURFACE_SIDE_STYLE('',(#10862));
#10862 = SURFACE_STYLE_FILL_AREA(#10863);
#10863 = FILL_AREA_STYLE('',(#10864));
#10864 = FILL_AREA_STYLE_COLOUR('',#10782);
#10865 = CURVE_STYLE('',#10866,POSITIVE_LENGTH_MEASURE(0.1),#10785);
#10866 = DRAUGHTING_PRE_DEFINED_CURVE_FONT('continuous');
#10867 = MECHANICAL_DESIGN_GEOMETRIC_PRESENTATION_REPRESENTATION('',(
    #10868),#7019);
#10868 = STYLED_ITEM('color',(#10869),#6966);
#10869 = PRESENTATION_STYLE_ASSIGNMENT((#10870,#10875));
#10870 = SURFACE_STYLE_USAGE(.BOTH.,#10871);
#10871 = SURFACE_SIDE_STYLE('',(#10872));
#10872 = SURFACE_STYLE_FILL_AREA(#10873);
#10873 = FILL_AREA_STYLE('',(#10874));
#10874 = FILL_AREA_STYLE_COLOUR('',#10782);
#10875 = CURVE_STYLE('',#10876,POSITIVE_LENGTH_MEASURE(0.1),#10785);
#10876 = DRAUGHTING_PRE_DEFINED_CURVE_FONT('continuous');
#10877 = MECHANICAL_DESIGN_GEOMETRIC_PRESENTATION_REPRESENTATION('',(
    #10878),#8459);
#10878 = STYLED_ITEM('color',(#10879),#8406);
#10879 = PRESENTATION_STYLE_ASSIGNMENT((#10880,#10885));
#10880 = SURFACE_STYLE_USAGE(.BOTH.,#10881);
#10881 = SURFACE_SIDE_STYLE('',(#10882));
#10882 = SURFACE_STYLE_FILL_AREA(#10883);
#10883 = FILL_AREA_STYLE('',(#10884));
#10884 = FILL_AREA_STYLE_COLOUR('',#10782);
#10885 = CURVE_STYLE('',#10886,POSITIVE_LENGTH_MEASURE(0.1),#10785);
#10886 = DRAUGHTING_PRE_DEFINED_CURVE_FONT('continuous');
#10887 = MECHANICAL_DESIGN_GEOMETRIC_PRESENTATION_REPRESENTATION('',(
    #10888),#5512);
#10888 = STYLED_ITEM('color',(#10889),#5459);
#10889 = PRESENTATION_STYLE_ASSIGNMENT((#10890,#10895));
#10890 = SURFACE_STYLE_USAGE(.BOTH.,#10891);
#10891 = SURFACE_SIDE_STYLE('',(#10892));
#10892 = SURFACE_STYLE_FILL_AREA(#10893);
#10893 = FILL_AREA_STYLE('',(#10894));
#10894 = FILL_AREA_STYLE_COLOUR('',#10782);
#10895 = CURVE_STYLE('',#10896,POSITIVE_LENGTH_MEASURE(0.1),#10785);
#10896 = DRAUGHTING_PRE_DEFINED_CURVE_FONT('continuous');
#10897 = MECHANICAL_DESIGN_GEOMETRIC_PRESENTATION_REPRESENTATION('',(
    #10898),#7523);
#10898 = STYLED_ITEM('color',(#10899),#7470);
#10899 = PRESENTATION_STYLE_ASSIGNMENT((#10900,#10905));
#10900 = SURFACE_STYLE_USAGE(.BOTH.,#10901);
#10901 = SURFACE_SIDE_STYLE('',(#10902));
#10902 = SURFACE_STYLE_FILL_AREA(#10903);
#10903 = FILL_AREA_STYLE('',(#10904));
#10904 = FILL_AREA_STYLE_COLOUR('',#10782);
#10905 = CURVE_STYLE('',#10906,POSITIVE_LENGTH_MEASURE(0.1),#10785);
#10906 = DRAUGHTING_PRE_DEFINED_CURVE_FONT('continuous');
#10907 = MECHANICAL_DESIGN_GEOMETRIC_PRESENTATION_REPRESENTATION('',(
    #10908),#5656);
#10908 = STYLED_ITEM('color',(#10909),#5603);
#10909 = PRESENTATION_STYLE_ASSIGNMENT((#10910,#10915));
#10910 = SURFACE_STYLE_USAGE(.BOTH.,#10911);
#10911 = SURFACE_SIDE_STYLE('',(#10912));
#10912 = SURFACE_STYLE_FILL_AREA(#10913);
#10913 = FILL_AREA_STYLE('',(#10914));
#10914 = FILL_AREA_STYLE_COLOUR('',#10782);
#10915 = CURVE_STYLE('',#10916,POSITIVE_LENGTH_MEASURE(0.1),#10785);
#10916 = DRAUGHTING_PRE_DEFINED_CURVE_FONT('continuous');
#10917 = MECHANICAL_DESIGN_GEOMETRIC_PRESENTATION_REPRESENTATION('',(
    #10918),#5008);
#10918 = STYLED_ITEM('color',(#10919),#4955);
#10919 = PRESENTATION_STYLE_ASSIGNMENT((#10920,#10925));
#10920 = SURFACE_STYLE_USAGE(.BOTH.,#10921);
#10921 = SURFACE_SIDE_STYLE('',(#10922));
#10922 = SURFACE_STYLE_FILL_AREA(#10923);
#10923 = FILL_AREA_STYLE('',(#10924));
#10924 = FILL_AREA_STYLE_COLOUR('',#10782);
#10925 = CURVE_STYLE('',#10926,POSITIVE_LENGTH_MEASURE(0.1),#10785);
#10926 = DRAUGHTING_PRE_DEFINED_CURVE_FONT('continuous');
#10927 = MECHANICAL_DESIGN_GEOMETRIC_PRESENTATION_REPRESENTATION('',(
    #10928),#7883);
#10928 = STYLED_ITEM('color',(#10929),#7830);
#10929 = PRESENTATION_STYLE_ASSIGNMENT((#10930,#10935));
#10930 = SURFACE_STYLE_USAGE(.BOTH.,#10931);
#10931 = SURFACE_SIDE_STYLE('',(#10932));
#10932 = SURFACE_STYLE_FILL_AREA(#10933);
#10933 = FILL_AREA_STYLE('',(#10934));
#10934 = FILL_AREA_STYLE_COLOUR('',#10782);
#10935 = CURVE_STYLE('',#10936,POSITIVE_LENGTH_MEASURE(0.1),#10785);
#10936 = DRAUGHTING_PRE_DEFINED_CURVE_FONT('continuous');
#10937 = MECHANICAL_DESIGN_GEOMETRIC_PRESENTATION_REPRESENTATION('',(
    #10938),#4864);
#10938 = STYLED_ITEM('color',(#10939),#4811);
#10939 = PRESENTATION_STYLE_ASSIGNMENT((#10940,#10945));
#10940 = SURFACE_STYLE_USAGE(.BOTH.,#10941);
#10941 = SURFACE_SIDE_STYLE('',(#10942));
#10942 = SURFACE_STYLE_FILL_AREA(#10943);
#10943 = FILL_AREA_STYLE('',(#10944));
#10944 = FILL_AREA_STYLE_COLOUR('',#10782);
#10945 = CURVE_STYLE('',#10946,POSITIVE_LENGTH_MEASURE(0.1),#10785);
#10946 = DRAUGHTING_PRE_DEFINED_CURVE_FONT('continuous');
#10947 = MECHANICAL_DESIGN_GEOMETRIC_PRESENTATION_REPRESENTATION('',(
    #10948),#10043);
#10948 = STYLED_ITEM('color',(#10949),#9990);
#10949 = PRESENTATION_STYLE_ASSIGNMENT((#10950,#10955));
#10950 = SURFACE_STYLE_USAGE(.BOTH.,#10951);
#10951 = SURFACE_SIDE_STYLE('',(#10952));
#10952 = SURFACE_STYLE_FILL_AREA(#10953);
#10953 = FILL_AREA_STYLE('',(#10954));
#10954 = FILL_AREA_STYLE_COLOUR('',#10782);
#10955 = CURVE_STYLE('',#10956,POSITIVE_LENGTH_MEASURE(0.1),#10785);
#10956 = DRAUGHTING_PRE_DEFINED_CURVE_FONT('continuous');
#10957 = MECHANICAL_DESIGN_GEOMETRIC_PRESENTATION_REPRESENTATION('',(
    #10958),#6376);
#10958 = STYLED_ITEM('color',(#10959),#6323);
#10959 = PRESENTATION_STYLE_ASSIGNMENT((#10960,#10965));
#10960 = SURFACE_STYLE_USAGE(.BOTH.,#10961);
#10961 = SURFACE_SIDE_STYLE('',(#10962));
#10962 = SURFACE_STYLE_FILL_AREA(#10963);
#10963 = FILL_AREA_STYLE('',(#10964));
#10964 = FILL_AREA_STYLE_COLOUR('',#10782);
#10965 = CURVE_STYLE('',#10966,POSITIVE_LENGTH_MEASURE(0.1),#10785);
#10966 = DRAUGHTING_PRE_DEFINED_CURVE_FONT('continuous');
#10967 = MECHANICAL_DESIGN_GEOMETRIC_PRESENTATION_REPRESENTATION('',(
    #10968),#7955);
#10968 = STYLED_ITEM('color',(#10969),#7902);
#10969 = PRESENTATION_STYLE_ASSIGNMENT((#10970,#10975));
#10970 = SURFACE_STYLE_USAGE(.BOTH.,#10971);
#10971 = SURFACE_SIDE_STYLE('',(#10972));
#10972 = SURFACE_STYLE_FILL_AREA(#10973);
#10973 = FILL_AREA_STYLE('',(#10974));
#10974 = FILL_AREA_STYLE_COLOUR('',#10782);
#10975 = CURVE_STYLE('',#10976,POSITIVE_LENGTH_MEASURE(0.1),#10785);
#10976 = DRAUGHTING_PRE_DEFINED_CURVE_FONT('continuous');
#10977 = MECHANICAL_DESIGN_GEOMETRIC_PRESENTATION_REPRESENTATION('',(
    #10978),#10403);
#10978 = STYLED_ITEM('color',(#10979),#10350);
#10979 = PRESENTATION_STYLE_ASSIGNMENT((#10980,#10985));
#10980 = SURFACE_STYLE_USAGE(.BOTH.,#10981);
#10981 = SURFACE_SIDE_STYLE('',(#10982));
#10982 = SURFACE_STYLE_FILL_AREA(#10983);
#10983 = FILL_AREA_STYLE('',(#10984));
#10984 = FILL_AREA_STYLE_COLOUR('',#10782);
#10985 = CURVE_STYLE('',#10986,POSITIVE_LENGTH_MEASURE(0.1),#10785);
#10986 = DRAUGHTING_PRE_DEFINED_CURVE_FONT('continuous');
#10987 = MECHANICAL_DESIGN_GEOMETRIC_PRESENTATION_REPRESENTATION('',(
    #10988),#9323);
#10988 = STYLED_ITEM('color',(#10989),#9270);
#10989 = PRESENTATION_STYLE_ASSIGNMENT((#10990,#10995));
#10990 = SURFACE_STYLE_USAGE(.BOTH.,#10991);
#10991 = SURFACE_SIDE_STYLE('',(#10992));
#10992 = SURFACE_STYLE_FILL_AREA(#10993);
#10993 = FILL_AREA_STYLE('',(#10994));
#10994 = FILL_AREA_STYLE_COLOUR('',#10782);
#10995 = CURVE_STYLE('',#10996,POSITIVE_LENGTH_MEASURE(0.1),#10785);
#10996 = DRAUGHTING_PRE_DEFINED_CURVE_FONT('continuous');
#10997 = MECHANICAL_DESIGN_GEOMETRIC_PRESENTATION_REPRESENTATION('',(
    #10998),#8099);
#10998 = STYLED_ITEM('color',(#10999),#8046);
#10999 = PRESENTATION_STYLE_ASSIGNMENT((#11000,#11005));
#11000 = SURFACE_STYLE_USAGE(.BOTH.,#11001);
#11001 = SURFACE_SIDE_STYLE('',(#11002));
#11002 = SURFACE_STYLE_FILL_AREA(#11003);
#11003 = FILL_AREA_STYLE('',(#11004));
#11004 = FILL_AREA_STYLE_COLOUR('',#10782);
#11005 = CURVE_STYLE('',#11006,POSITIVE_LENGTH_MEASURE(0.1),#10785);
#11006 = DRAUGHTING_PRE_DEFINED_CURVE_FONT('continuous');
#11007 = MECHANICAL_DESIGN_GEOMETRIC_PRESENTATION_REPRESENTATION('',(
    #11008),#6448);
#11008 = STYLED_ITEM('color',(#11009),#6395);
#11009 = PRESENTATION_STYLE_ASSIGNMENT((#11010,#11015));
#11010 = SURFACE_STYLE_USAGE(.BOTH.,#11011);
#11011 = SURFACE_SIDE_STYLE('',(#11012));
#11012 = SURFACE_STYLE_FILL_AREA(#11013);
#11013 = FILL_AREA_STYLE('',(#11014));
#11014 = FILL_AREA_STYLE_COLOUR('',#10782);
#11015 = CURVE_STYLE('',#11016,POSITIVE_LENGTH_MEASURE(0.1),#10785);
#11016 = DRAUGHTING_PRE_DEFINED_CURVE_FONT('continuous');
#11017 = MECHANICAL_DESIGN_GEOMETRIC_PRESENTATION_REPRESENTATION('',(
    #11018),#4792);
#11018 = STYLED_ITEM('color',(#11019),#4739);
#11019 = PRESENTATION_STYLE_ASSIGNMENT((#11020,#11025));
#11020 = SURFACE_STYLE_USAGE(.BOTH.,#11021);
#11021 = SURFACE_SIDE_STYLE('',(#11022));
#11022 = SURFACE_STYLE_FILL_AREA(#11023);
#11023 = FILL_AREA_STYLE('',(#11024));
#11024 = FILL_AREA_STYLE_COLOUR('',#10782);
#11025 = CURVE_STYLE('',#11026,POSITIVE_LENGTH_MEASURE(0.1),#10785);
#11026 = DRAUGHTING_PRE_DEFINED_CURVE_FONT('continuous');
#11027 = MECHANICAL_DESIGN_GEOMETRIC_PRESENTATION_REPRESENTATION('',(
    #11028),#10475);
#11028 = STYLED_ITEM('color',(#11029),#10422);
#11029 = PRESENTATION_STYLE_ASSIGNMENT((#11030,#11035));
#11030 = SURFACE_STYLE_USAGE(.BOTH.,#11031);
#11031 = SURFACE_SIDE_STYLE('',(#11032));
#11032 = SURFACE_STYLE_FILL_AREA(#11033);
#11033 = FILL_AREA_STYLE('',(#11034));
#11034 = FILL_AREA_STYLE_COLOUR('',#10782);
#11035 = CURVE_STYLE('',#11036,POSITIVE_LENGTH_MEASURE(0.1),#10785);
#11036 = DRAUGHTING_PRE_DEFINED_CURVE_FONT('continuous');
#11037 = MECHANICAL_DESIGN_GEOMETRIC_PRESENTATION_REPRESENTATION('',(
    #11038),#6520);
#11038 = STYLED_ITEM('color',(#11039),#6467);
#11039 = PRESENTATION_STYLE_ASSIGNMENT((#11040,#11045));
#11040 = SURFACE_STYLE_USAGE(.BOTH.,#11041);
#11041 = SURFACE_SIDE_STYLE('',(#11042));
#11042 = SURFACE_STYLE_FILL_AREA(#11043);
#11043 = FILL_AREA_STYLE('',(#11044));
#11044 = FILL_AREA_STYLE_COLOUR('',#10782);
#11045 = CURVE_STYLE('',#11046,POSITIVE_LENGTH_MEASURE(0.1),#10785);
#11046 = DRAUGHTING_PRE_DEFINED_CURVE_FONT('continuous');
#11047 = MECHANICAL_DESIGN_GEOMETRIC_PRESENTATION_REPRESENTATION('',(
    #11048),#9467);
#11048 = STYLED_ITEM('color',(#11049),#9414);
#11049 = PRESENTATION_STYLE_ASSIGNMENT((#11050,#11055));
#11050 = SURFACE_STYLE_USAGE(.BOTH.,#11051);
#11051 = SURFACE_SIDE_STYLE('',(#11052));
#11052 = SURFACE_STYLE_FILL_AREA(#11053);
#11053 = FILL_AREA_STYLE('',(#11054));
#11054 = FILL_AREA_STYLE_COLOUR('',#10782);
#11055 = CURVE_STYLE('',#11056,POSITIVE_LENGTH_MEASURE(0.1),#10785);
#11056 = DRAUGHTING_PRE_DEFINED_CURVE_FONT('continuous');
#11057 = MECHANICAL_DESIGN_GEOMETRIC_PRESENTATION_REPRESENTATION('',(
    #11058),#5872);
#11058 = STYLED_ITEM('color',(#11059),#5819);
#11059 = PRESENTATION_STYLE_ASSIGNMENT((#11060,#11065));
#11060 = SURFACE_STYLE_USAGE(.BOTH.,#11061);
#11061 = SURFACE_SIDE_STYLE('',(#11062));
#11062 = SURFACE_STYLE_FILL_AREA(#11063);
#11063 = FILL_AREA_STYLE('',(#11064));
#11064 = FILL_AREA_STYLE_COLOUR('',#10782);
#11065 = CURVE_STYLE('',#11066,POSITIVE_LENGTH_MEASURE(0.1),#10785);
#11066 = DRAUGHTING_PRE_DEFINED_CURVE_FONT('continuous');
#11067 = MECHANICAL_DESIGN_GEOMETRIC_PRESENTATION_REPRESENTATION('',(
    #11068),#5728);
#11068 = STYLED_ITEM('color',(#11069),#5675);
#11069 = PRESENTATION_STYLE_ASSIGNMENT((#11070,#11075));
#11070 = SURFACE_STYLE_USAGE(.BOTH.,#11071);
#11071 = SURFACE_SIDE_STYLE('',(#11072));
#11072 = SURFACE_STYLE_FILL_AREA(#11073);
#11073 = FILL_AREA_STYLE('',(#11074));
#11074 = FILL_AREA_STYLE_COLOUR('',#10782);
#11075 = CURVE_STYLE('',#11076,POSITIVE_LENGTH_MEASURE(0.1),#10785);
#11076 = DRAUGHTING_PRE_DEFINED_CURVE_FONT('continuous');
#11077 = MECHANICAL_DESIGN_GEOMETRIC_PRESENTATION_REPRESENTATION('',(
    #11078),#9827);
#11078 = STYLED_ITEM('color',(#11079),#9774);
#11079 = PRESENTATION_STYLE_ASSIGNMENT((#11080,#11085));
#11080 = SURFACE_STYLE_USAGE(.BOTH.,#11081);
#11081 = SURFACE_SIDE_STYLE('',(#11082));
#11082 = SURFACE_STYLE_FILL_AREA(#11083);
#11083 = FILL_AREA_STYLE('',(#11084));
#11084 = FILL_AREA_STYLE_COLOUR('',#10782);
#11085 = CURVE_STYLE('',#11086,POSITIVE_LENGTH_MEASURE(0.1),#10785);
#11086 = DRAUGHTING_PRE_DEFINED_CURVE_FONT('continuous');
#11087 = MECHANICAL_DESIGN_GEOMETRIC_PRESENTATION_REPRESENTATION('',(
    #11088),#9035);
#11088 = STYLED_ITEM('color',(#11089),#8982);
#11089 = PRESENTATION_STYLE_ASSIGNMENT((#11090,#11095));
#11090 = SURFACE_STYLE_USAGE(.BOTH.,#11091);
#11091 = SURFACE_SIDE_STYLE('',(#11092));
#11092 = SURFACE_STYLE_FILL_AREA(#11093);
#11093 = FILL_AREA_STYLE('',(#11094));
#11094 = FILL_AREA_STYLE_COLOUR('',#10782);
#11095 = CURVE_STYLE('',#11096,POSITIVE_LENGTH_MEASURE(0.1),#10785);
#11096 = DRAUGHTING_PRE_DEFINED_CURVE_FONT('continuous');
#11097 = MECHANICAL_DESIGN_GEOMETRIC_PRESENTATION_REPRESENTATION('',(
    #11098),#6088);
#11098 = STYLED_ITEM('color',(#11099),#6035);
#11099 = PRESENTATION_STYLE_ASSIGNMENT((#11100,#11105));
#11100 = SURFACE_STYLE_USAGE(.BOTH.,#11101);
#11101 = SURFACE_SIDE_STYLE('',(#11102));
#11102 = SURFACE_STYLE_FILL_AREA(#11103);
#11103 = FILL_AREA_STYLE('',(#11104));
#11104 = FILL_AREA_STYLE_COLOUR('',#10782);
#11105 = CURVE_STYLE('',#11106,POSITIVE_LENGTH_MEASURE(0.1),#10785);
#11106 = DRAUGHTING_PRE_DEFINED_CURVE_FONT('continuous');
#11107 = MECHANICAL_DESIGN_GEOMETRIC_PRESENTATION_REPRESENTATION('',(
    #11108),#9683);
#11108 = STYLED_ITEM('color',(#11109),#9630);
#11109 = PRESENTATION_STYLE_ASSIGNMENT((#11110,#11115));
#11110 = SURFACE_STYLE_USAGE(.BOTH.,#11111);
#11111 = SURFACE_SIDE_STYLE('',(#11112));
#11112 = SURFACE_STYLE_FILL_AREA(#11113);
#11113 = FILL_AREA_STYLE('',(#11114));
#11114 = FILL_AREA_STYLE_COLOUR('',#10782);
#11115 = CURVE_STYLE('',#11116,POSITIVE_LENGTH_MEASURE(0.1),#10785);
#11116 = DRAUGHTING_PRE_DEFINED_CURVE_FONT('continuous');
#11117 = MECHANICAL_DESIGN_GEOMETRIC_PRESENTATION_REPRESENTATION('',(
    #11118),#6232);
#11118 = STYLED_ITEM('color',(#11119),#6179);
#11119 = PRESENTATION_STYLE_ASSIGNMENT((#11120,#11125));
#11120 = SURFACE_STYLE_USAGE(.BOTH.,#11121);
#11121 = SURFACE_SIDE_STYLE('',(#11122));
#11122 = SURFACE_STYLE_FILL_AREA(#11123);
#11123 = FILL_AREA_STYLE('',(#11124));
#11124 = FILL_AREA_STYLE_COLOUR('',#10782);
#11125 = CURVE_STYLE('',#11126,POSITIVE_LENGTH_MEASURE(0.1),#10785);
#11126 = DRAUGHTING_PRE_DEFINED_CURVE_FONT('continuous');
#11127 = MECHANICAL_DESIGN_GEOMETRIC_PRESENTATION_REPRESENTATION('',(
    #11128),#6160);
#11128 = STYLED_ITEM('color',(#11129),#6107);
#11129 = PRESENTATION_STYLE_ASSIGNMENT((#11130,#11135));
#11130 = SURFACE_STYLE_USAGE(.BOTH.,#11131);
#11131 = SURFACE_SIDE_STYLE('',(#11132));
#11132 = SURFACE_STYLE_FILL_AREA(#11133);
#11133 = FILL_AREA_STYLE('',(#11134));
#11134 = FILL_AREA_STYLE_COLOUR('',#10782);
#11135 = CURVE_STYLE('',#11136,POSITIVE_LENGTH_MEASURE(0.1),#10785);
#11136 = DRAUGHTING_PRE_DEFINED_CURVE_FONT('continuous');
#11137 = MECHANICAL_DESIGN_GEOMETRIC_PRESENTATION_REPRESENTATION('',(
    #11138),#8315);
#11138 = STYLED_ITEM('color',(#11139),#8262);
#11139 = PRESENTATION_STYLE_ASSIGNMENT((#11140,#11145));
#11140 = SURFACE_STYLE_USAGE(.BOTH.,#11141);
#11141 = SURFACE_SIDE_STYLE('',(#11142));
#11142 = SURFACE_STYLE_FILL_AREA(#11143);
#11143 = FILL_AREA_STYLE('',(#11144));
#11144 = FILL_AREA_STYLE_COLOUR('',#10782);
#11145 = CURVE_STYLE('',#11146,POSITIVE_LENGTH_MEASURE(0.1),#10785);
#11146 = DRAUGHTING_PRE_DEFINED_CURVE_FONT('continuous');
#11147 = MECHANICAL_DESIGN_GEOMETRIC_PRESENTATION_REPRESENTATION('',(
    #11148),#4648);
#11148 = STYLED_ITEM('color',(#11149),#4595);
#11149 = PRESENTATION_STYLE_ASSIGNMENT((#11150,#11155));
#11150 = SURFACE_STYLE_USAGE(.BOTH.,#11151);
#11151 = SURFACE_SIDE_STYLE('',(#11152));
#11152 = SURFACE_STYLE_FILL_AREA(#11153);
#11153 = FILL_AREA_STYLE('',(#11154));
#11154 = FILL_AREA_STYLE_COLOUR('',#10782);
#11155 = CURVE_STYLE('',#11156,POSITIVE_LENGTH_MEASURE(0.1),#10785);
#11156 = DRAUGHTING_PRE_DEFINED_CURVE_FONT('continuous');
#11157 = MECHANICAL_DESIGN_GEOMETRIC_PRESENTATION_REPRESENTATION('',(
    #11158),#9395);
#11158 = STYLED_ITEM('color',(#11159),#9342);
#11159 = PRESENTATION_STYLE_ASSIGNMENT((#11160,#11165));
#11160 = SURFACE_STYLE_USAGE(.BOTH.,#11161);
#11161 = SURFACE_SIDE_STYLE('',(#11162));
#11162 = SURFACE_STYLE_FILL_AREA(#11163);
#11163 = FILL_AREA_STYLE('',(#11164));
#11164 = FILL_AREA_STYLE_COLOUR('',#10782);
#11165 = CURVE_STYLE('',#11166,POSITIVE_LENGTH_MEASURE(0.1),#10785);
#11166 = DRAUGHTING_PRE_DEFINED_CURVE_FONT('continuous');
#11167 = MECHANICAL_DESIGN_GEOMETRIC_PRESENTATION_REPRESENTATION('',(
    #11168),#8819);
#11168 = STYLED_ITEM('color',(#11169),#8766);
#11169 = PRESENTATION_STYLE_ASSIGNMENT((#11170,#11175));
#11170 = SURFACE_STYLE_USAGE(.BOTH.,#11171);
#11171 = SURFACE_SIDE_STYLE('',(#11172));
#11172 = SURFACE_STYLE_FILL_AREA(#11173);
#11173 = FILL_AREA_STYLE('',(#11174));
#11174 = FILL_AREA_STYLE_COLOUR('',#10782);
#11175 = CURVE_STYLE('',#11176,POSITIVE_LENGTH_MEASURE(0.1),#10785);
#11176 = DRAUGHTING_PRE_DEFINED_CURVE_FONT('continuous');
#11177 = MECHANICAL_DESIGN_GEOMETRIC_PRESENTATION_REPRESENTATION('',(
    #11178),#6304);
#11178 = STYLED_ITEM('color',(#11179),#6251);
#11179 = PRESENTATION_STYLE_ASSIGNMENT((#11180,#11185));
#11180 = SURFACE_STYLE_USAGE(.BOTH.,#11181);
#11181 = SURFACE_SIDE_STYLE('',(#11182));
#11182 = SURFACE_STYLE_FILL_AREA(#11183);
#11183 = FILL_AREA_STYLE('',(#11184));
#11184 = FILL_AREA_STYLE_COLOUR('',#10782);
#11185 = CURVE_STYLE('',#11186,POSITIVE_LENGTH_MEASURE(0.1),#10785);
#11186 = DRAUGHTING_PRE_DEFINED_CURVE_FONT('continuous');
#11187 = MECHANICAL_DESIGN_GEOMETRIC_PRESENTATION_REPRESENTATION('',(
    #11188),#7379);
#11188 = STYLED_ITEM('color',(#11189),#7326);
#11189 = PRESENTATION_STYLE_ASSIGNMENT((#11190,#11195));
#11190 = SURFACE_STYLE_USAGE(.BOTH.,#11191);
#11191 = SURFACE_SIDE_STYLE('',(#11192));
#11192 = SURFACE_STYLE_FILL_AREA(#11193);
#11193 = FILL_AREA_STYLE('',(#11194));
#11194 = FILL_AREA_STYLE_COLOUR('',#10782);
#11195 = CURVE_STYLE('',#11196,POSITIVE_LENGTH_MEASURE(0.1),#10785);
#11196 = DRAUGHTING_PRE_DEFINED_CURVE_FONT('continuous');
#11197 = MECHANICAL_DESIGN_GEOMETRIC_PRESENTATION_REPRESENTATION('',(
    #11198),#10259);
#11198 = STYLED_ITEM('color',(#11199),#10206);
#11199 = PRESENTATION_STYLE_ASSIGNMENT((#11200,#11205));
#11200 = SURFACE_STYLE_USAGE(.BOTH.,#11201);
#11201 = SURFACE_SIDE_STYLE('',(#11202));
#11202 = SURFACE_STYLE_FILL_AREA(#11203);
#11203 = FILL_AREA_STYLE('',(#11204));
#11204 = FILL_AREA_STYLE_COLOUR('',#10782);
#11205 = CURVE_STYLE('',#11206,POSITIVE_LENGTH_MEASURE(0.1),#10785);
#11206 = DRAUGHTING_PRE_DEFINED_CURVE_FONT('continuous');
#11207 = MECHANICAL_DESIGN_GEOMETRIC_PRESENTATION_REPRESENTATION('',(
    #11208),#5800);
#11208 = STYLED_ITEM('color',(#11209),#5747);
#11209 = PRESENTATION_STYLE_ASSIGNMENT((#11210,#11215));
#11210 = SURFACE_STYLE_USAGE(.BOTH.,#11211);
#11211 = SURFACE_SIDE_STYLE('',(#11212));
#11212 = SURFACE_STYLE_FILL_AREA(#11213);
#11213 = FILL_AREA_STYLE('',(#11214));
#11214 = FILL_AREA_STYLE_COLOUR('',#10782);
#11215 = CURVE_STYLE('',#11216,POSITIVE_LENGTH_MEASURE(0.1),#10785);
#11216 = DRAUGHTING_PRE_DEFINED_CURVE_FONT('continuous');
#11217 = MECHANICAL_DESIGN_GEOMETRIC_PRESENTATION_REPRESENTATION('',(
    #11218),#8891);
#11218 = STYLED_ITEM('color',(#11219),#8838);
#11219 = PRESENTATION_STYLE_ASSIGNMENT((#11220,#11225));
#11220 = SURFACE_STYLE_USAGE(.BOTH.,#11221);
#11221 = SURFACE_SIDE_STYLE('',(#11222));
#11222 = SURFACE_STYLE_FILL_AREA(#11223);
#11223 = FILL_AREA_STYLE('',(#11224));
#11224 = FILL_AREA_STYLE_COLOUR('',#10782);
#11225 = CURVE_STYLE('',#11226,POSITIVE_LENGTH_MEASURE(0.1),#10785);
#11226 = DRAUGHTING_PRE_DEFINED_CURVE_FONT('continuous');
#11227 = MECHANICAL_DESIGN_GEOMETRIC_PRESENTATION_REPRESENTATION('',(
    #11228),#7091);
#11228 = STYLED_ITEM('color',(#11229),#7038);
#11229 = PRESENTATION_STYLE_ASSIGNMENT((#11230,#11235));
#11230 = SURFACE_STYLE_USAGE(.BOTH.,#11231);
#11231 = SURFACE_SIDE_STYLE('',(#11232));
#11232 = SURFACE_STYLE_FILL_AREA(#11233);
#11233 = FILL_AREA_STYLE('',(#11234));
#11234 = FILL_AREA_STYLE_COLOUR('',#10782);
#11235 = CURVE_STYLE('',#11236,POSITIVE_LENGTH_MEASURE(0.1),#10785);
#11236 = DRAUGHTING_PRE_DEFINED_CURVE_FONT('continuous');
#11237 = MECHANICAL_DESIGN_GEOMETRIC_PRESENTATION_REPRESENTATION('',(
    #11238),#9251);
#11238 = STYLED_ITEM('color',(#11239),#9198);
#11239 = PRESENTATION_STYLE_ASSIGNMENT((#11240,#11245));
#11240 = SURFACE_STYLE_USAGE(.BOTH.,#11241);
#11241 = SURFACE_SIDE_STYLE('',(#11242));
#11242 = SURFACE_STYLE_FILL_AREA(#11243);
#11243 = FILL_AREA_STYLE('',(#11244));
#11244 = FILL_AREA_STYLE_COLOUR('',#10782);
#11245 = CURVE_STYLE('',#11246,POSITIVE_LENGTH_MEASURE(0.1),#10785);
#11246 = DRAUGHTING_PRE_DEFINED_CURVE_FONT('continuous');
#11247 = MECHANICAL_DESIGN_GEOMETRIC_PRESENTATION_REPRESENTATION('',(
    #11248),#10763);
#11248 = STYLED_ITEM('color',(#11249),#10710);
#11249 = PRESENTATION_STYLE_ASSIGNMENT((#11250,#11255));
#11250 = SURFACE_STYLE_USAGE(.BOTH.,#11251);
#11251 = SURFACE_SIDE_STYLE('',(#11252));
#11252 = SURFACE_STYLE_FILL_AREA(#11253);
#11253 = FILL_AREA_STYLE('',(#11254));
#11254 = FILL_AREA_STYLE_COLOUR('',#10782);
#11255 = CURVE_STYLE('',#11256,POSITIVE_LENGTH_MEASURE(0.1),#10785);
#11256 = DRAUGHTING_PRE_DEFINED_CURVE_FONT('continuous');
#11257 = MECHANICAL_DESIGN_GEOMETRIC_PRESENTATION_REPRESENTATION('',(
    #11258),#8027);
#11258 = STYLED_ITEM('color',(#11259),#7974);
#11259 = PRESENTATION_STYLE_ASSIGNMENT((#11260,#11265));
#11260 = SURFACE_STYLE_USAGE(.BOTH.,#11261);
#11261 = SURFACE_SIDE_STYLE('',(#11262));
#11262 = SURFACE_STYLE_FILL_AREA(#11263);
#11263 = FILL_AREA_STYLE('',(#11264));
#11264 = FILL_AREA_STYLE_COLOUR('',#10782);
#11265 = CURVE_STYLE('',#11266,POSITIVE_LENGTH_MEASURE(0.1),#10785);
#11266 = DRAUGHTING_PRE_DEFINED_CURVE_FONT('continuous');
#11267 = MECHANICAL_DESIGN_GEOMETRIC_PRESENTATION_REPRESENTATION('',(
    #11268),#8243);
#11268 = STYLED_ITEM('color',(#11269),#8190);
#11269 = PRESENTATION_STYLE_ASSIGNMENT((#11270,#11275));
#11270 = SURFACE_STYLE_USAGE(.BOTH.,#11271);
#11271 = SURFACE_SIDE_STYLE('',(#11272));
#11272 = SURFACE_STYLE_FILL_AREA(#11273);
#11273 = FILL_AREA_STYLE('',(#11274));
#11274 = FILL_AREA_STYLE_COLOUR('',#10782);
#11275 = CURVE_STYLE('',#11276,POSITIVE_LENGTH_MEASURE(0.1),#10785);
#11276 = DRAUGHTING_PRE_DEFINED_CURVE_FONT('continuous');
#11277 = MECHANICAL_DESIGN_GEOMETRIC_PRESENTATION_REPRESENTATION('',(
    #11278),#8531);
#11278 = STYLED_ITEM('color',(#11279),#8478);
#11279 = PRESENTATION_STYLE_ASSIGNMENT((#11280,#11285));
#11280 = SURFACE_STYLE_USAGE(.BOTH.,#11281);
#11281 = SURFACE_SIDE_STYLE('',(#11282));
#11282 = SURFACE_STYLE_FILL_AREA(#11283);
#11283 = FILL_AREA_STYLE('',(#11284));
#11284 = FILL_AREA_STYLE_COLOUR('',#10782);
#11285 = CURVE_STYLE('',#11286,POSITIVE_LENGTH_MEASURE(0.1),#10785);
#11286 = DRAUGHTING_PRE_DEFINED_CURVE_FONT('continuous');
#11287 = MECHANICAL_DESIGN_GEOMETRIC_PRESENTATION_REPRESENTATION('',(
    #11288),#5296);
#11288 = STYLED_ITEM('color',(#11289),#5243);
#11289 = PRESENTATION_STYLE_ASSIGNMENT((#11290,#11295));
#11290 = SURFACE_STYLE_USAGE(.BOTH.,#11291);
#11291 = SURFACE_SIDE_STYLE('',(#11292));
#11292 = SURFACE_STYLE_FILL_AREA(#11293);
#11293 = FILL_AREA_STYLE('',(#11294));
#11294 = FILL_AREA_STYLE_COLOUR('',#10782);
#11295 = CURVE_STYLE('',#11296,POSITIVE_LENGTH_MEASURE(0.1),#10785);
#11296 = DRAUGHTING_PRE_DEFINED_CURVE_FONT('continuous');
#11297 = MECHANICAL_DESIGN_GEOMETRIC_PRESENTATION_REPRESENTATION('',(
    #11298),#9179);
#11298 = STYLED_ITEM('color',(#11299),#9126);
#11299 = PRESENTATION_STYLE_ASSIGNMENT((#11300,#11305));
#11300 = SURFACE_STYLE_USAGE(.BOTH.,#11301);
#11301 = SURFACE_SIDE_STYLE('',(#11302));
#11302 = SURFACE_STYLE_FILL_AREA(#11303);
#11303 = FILL_AREA_STYLE('',(#11304));
#11304 = FILL_AREA_STYLE_COLOUR('',#10782);
#11305 = CURVE_STYLE('',#11306,POSITIVE_LENGTH_MEASURE(0.1),#10785);
#11306 = DRAUGHTING_PRE_DEFINED_CURVE_FONT('continuous');
#11307 = MECHANICAL_DESIGN_GEOMETRIC_PRESENTATION_REPRESENTATION('',(
    #11308),#5152);
#11308 = STYLED_ITEM('color',(#11309),#5099);
#11309 = PRESENTATION_STYLE_ASSIGNMENT((#11310,#11315));
#11310 = SURFACE_STYLE_USAGE(.BOTH.,#11311);
#11311 = SURFACE_SIDE_STYLE('',(#11312));
#11312 = SURFACE_STYLE_FILL_AREA(#11313);
#11313 = FILL_AREA_STYLE('',(#11314));
#11314 = FILL_AREA_STYLE_COLOUR('',#10782);
#11315 = CURVE_STYLE('',#11316,POSITIVE_LENGTH_MEASURE(0.1),#10785);
#11316 = DRAUGHTING_PRE_DEFINED_CURVE_FONT('continuous');
#11317 = MECHANICAL_DESIGN_GEOMETRIC_PRESENTATION_REPRESENTATION('',(
    #11318),#8603);
#11318 = STYLED_ITEM('color',(#11319),#8550);
#11319 = PRESENTATION_STYLE_ASSIGNMENT((#11320,#11325));
#11320 = SURFACE_STYLE_USAGE(.BOTH.,#11321);
#11321 = SURFACE_SIDE_STYLE('',(#11322));
#11322 = SURFACE_STYLE_FILL_AREA(#11323);
#11323 = FILL_AREA_STYLE('',(#11324));
#11324 = FILL_AREA_STYLE_COLOUR('',#10782);
#11325 = CURVE_STYLE('',#11326,POSITIVE_LENGTH_MEASURE(0.1),#10785);
#11326 = DRAUGHTING_PRE_DEFINED_CURVE_FONT('continuous');
#11327 = MECHANICAL_DESIGN_GEOMETRIC_PRESENTATION_REPRESENTATION('',(
    #11328),#7667);
#11328 = STYLED_ITEM('color',(#11329),#7614);
#11329 = PRESENTATION_STYLE_ASSIGNMENT((#11330,#11335));
#11330 = SURFACE_STYLE_USAGE(.BOTH.,#11331);
#11331 = SURFACE_SIDE_STYLE('',(#11332));
#11332 = SURFACE_STYLE_FILL_AREA(#11333);
#11333 = FILL_AREA_STYLE('',(#11334));
#11334 = FILL_AREA_STYLE_COLOUR('',#10782);
#11335 = CURVE_STYLE('',#11336,POSITIVE_LENGTH_MEASURE(0.1),#10785);
#11336 = DRAUGHTING_PRE_DEFINED_CURVE_FONT('continuous');
#11337 = MECHANICAL_DESIGN_GEOMETRIC_PRESENTATION_REPRESENTATION('',(
    #11338),#7235);
#11338 = STYLED_ITEM('color',(#11339),#7182);
#11339 = PRESENTATION_STYLE_ASSIGNMENT((#11340,#11345));
#11340 = SURFACE_STYLE_USAGE(.BOTH.,#11341);
#11341 = SURFACE_SIDE_STYLE('',(#11342));
#11342 = SURFACE_STYLE_FILL_AREA(#11343);
#11343 = FILL_AREA_STYLE('',(#11344));
#11344 = FILL_AREA_STYLE_COLOUR('',#10782);
#11345 = CURVE_STYLE('',#11346,POSITIVE_LENGTH_MEASURE(0.1),#10785);
#11346 = DRAUGHTING_PRE_DEFINED_CURVE_FONT('continuous');
#11347 = MECHANICAL_DESIGN_GEOMETRIC_PRESENTATION_REPRESENTATION('',(
    #11348),#5584);
#11348 = STYLED_ITEM('color',(#11349),#5531);
#11349 = PRESENTATION_STYLE_ASSIGNMENT((#11350,#11355));
#11350 = SURFACE_STYLE_USAGE(.BOTH.,#11351);
#11351 = SURFACE_SIDE_STYLE('',(#11352));
#11352 = SURFACE_STYLE_FILL_AREA(#11353);
#11353 = FILL_AREA_STYLE('',(#11354));
#11354 = FILL_AREA_STYLE_COLOUR('',#10782);
#11355 = CURVE_STYLE('',#11356,POSITIVE_LENGTH_MEASURE(0.1),#10785);
#11356 = DRAUGHTING_PRE_DEFINED_CURVE_FONT('continuous');
#11357 = MECHANICAL_DESIGN_GEOMETRIC_PRESENTATION_REPRESENTATION('',(
    #11358),#4936);
#11358 = STYLED_ITEM('color',(#11359),#4883);
#11359 = PRESENTATION_STYLE_ASSIGNMENT((#11360,#11365));
#11360 = SURFACE_STYLE_USAGE(.BOTH.,#11361);
#11361 = SURFACE_SIDE_STYLE('',(#11362));
#11362 = SURFACE_STYLE_FILL_AREA(#11363);
#11363 = FILL_AREA_STYLE('',(#11364));
#11364 = FILL_AREA_STYLE_COLOUR('',#10782);
#11365 = CURVE_STYLE('',#11366,POSITIVE_LENGTH_MEASURE(0.1),#10785);
#11366 = DRAUGHTING_PRE_DEFINED_CURVE_FONT('continuous');
#11367 = MECHANICAL_DESIGN_GEOMETRIC_PRESENTATION_REPRESENTATION('',(
    #11368),#7739);
#11368 = STYLED_ITEM('color',(#11369),#7686);
#11369 = PRESENTATION_STYLE_ASSIGNMENT((#11370,#11375));
#11370 = SURFACE_STYLE_USAGE(.BOTH.,#11371);
#11371 = SURFACE_SIDE_STYLE('',(#11372));
#11372 = SURFACE_STYLE_FILL_AREA(#11373);
#11373 = FILL_AREA_STYLE('',(#11374));
#11374 = FILL_AREA_STYLE_COLOUR('',#10782);
#11375 = CURVE_STYLE('',#11376,POSITIVE_LENGTH_MEASURE(0.1),#10785);
#11376 = DRAUGHTING_PRE_DEFINED_CURVE_FONT('continuous');
#11377 = MECHANICAL_DESIGN_GEOMETRIC_PRESENTATION_REPRESENTATION('',(
    #11378),#9611);
#11378 = STYLED_ITEM('color',(#11379),#9558);
#11379 = PRESENTATION_STYLE_ASSIGNMENT((#11380,#11385));
#11380 = SURFACE_STYLE_USAGE(.BOTH.,#11381);
#11381 = SURFACE_SIDE_STYLE('',(#11382));
#11382 = SURFACE_STYLE_FILL_AREA(#11383);
#11383 = FILL_AREA_STYLE('',(#11384));
#11384 = FILL_AREA_STYLE_COLOUR('',#10782);
#11385 = CURVE_STYLE('',#11386,POSITIVE_LENGTH_MEASURE(0.1),#10785);
#11386 = DRAUGHTING_PRE_DEFINED_CURVE_FONT('continuous');
#11387 = MECHANICAL_DESIGN_GEOMETRIC_PRESENTATION_REPRESENTATION('',(
    #11388),#9107);
#11388 = STYLED_ITEM('color',(#11389),#9054);
#11389 = PRESENTATION_STYLE_ASSIGNMENT((#11390,#11395));
#11390 = SURFACE_STYLE_USAGE(.BOTH.,#11391);
#11391 = SURFACE_SIDE_STYLE('',(#11392));
#11392 = SURFACE_STYLE_FILL_AREA(#11393);
#11393 = FILL_AREA_STYLE('',(#11394));
#11394 = FILL_AREA_STYLE_COLOUR('',#10782);
#11395 = CURVE_STYLE('',#11396,POSITIVE_LENGTH_MEASURE(0.1),#10785);
#11396 = DRAUGHTING_PRE_DEFINED_CURVE_FONT('continuous');
#11397 = MECHANICAL_DESIGN_GEOMETRIC_PRESENTATION_REPRESENTATION('',(
    #11398),#7451);
#11398 = STYLED_ITEM('color',(#11399),#7398);
#11399 = PRESENTATION_STYLE_ASSIGNMENT((#11400,#11405));
#11400 = SURFACE_STYLE_USAGE(.BOTH.,#11401);
#11401 = SURFACE_SIDE_STYLE('',(#11402));
#11402 = SURFACE_STYLE_FILL_AREA(#11403);
#11403 = FILL_AREA_STYLE('',(#11404));
#11404 = FILL_AREA_STYLE_COLOUR('',#10782);
#11405 = CURVE_STYLE('',#11406,POSITIVE_LENGTH_MEASURE(0.1),#10785);
#11406 = DRAUGHTING_PRE_DEFINED_CURVE_FONT('continuous');
#11407 = MECHANICAL_DESIGN_GEOMETRIC_PRESENTATION_REPRESENTATION('',(
    #11408),#9971);
#11408 = STYLED_ITEM('color',(#11409),#9918);
#11409 = PRESENTATION_STYLE_ASSIGNMENT((#11410,#11415));
#11410 = SURFACE_STYLE_USAGE(.BOTH.,#11411);
#11411 = SURFACE_SIDE_STYLE('',(#11412));
#11412 = SURFACE_STYLE_FILL_AREA(#11413);
#11413 = FILL_AREA_STYLE('',(#11414));
#11414 = FILL_AREA_STYLE_COLOUR('',#10782);
#11415 = CURVE_STYLE('',#11416,POSITIVE_LENGTH_MEASURE(0.1),#10785);
#11416 = DRAUGHTING_PRE_DEFINED_CURVE_FONT('continuous');
#11417 = MECHANICAL_DESIGN_GEOMETRIC_PRESENTATION_REPRESENTATION('',(
    #11418),#9755);
#11418 = STYLED_ITEM('color',(#11419),#9702);
#11419 = PRESENTATION_STYLE_ASSIGNMENT((#11420,#11425));
#11420 = SURFACE_STYLE_USAGE(.BOTH.,#11421);
#11421 = SURFACE_SIDE_STYLE('',(#11422));
#11422 = SURFACE_STYLE_FILL_AREA(#11423);
#11423 = FILL_AREA_STYLE('',(#11424));
#11424 = FILL_AREA_STYLE_COLOUR('',#10782);
#11425 = CURVE_STYLE('',#11426,POSITIVE_LENGTH_MEASURE(0.1),#10785);
#11426 = DRAUGHTING_PRE_DEFINED_CURVE_FONT('continuous');
#11427 = MECHANICAL_DESIGN_GEOMETRIC_PRESENTATION_REPRESENTATION('',(
    #11428),#9899);
#11428 = STYLED_ITEM('color',(#11429),#9846);
#11429 = PRESENTATION_STYLE_ASSIGNMENT((#11430,#11435));
#11430 = SURFACE_STYLE_USAGE(.BOTH.,#11431);
#11431 = SURFACE_SIDE_STYLE('',(#11432));
#11432 = SURFACE_STYLE_FILL_AREA(#11433);
#11433 = FILL_AREA_STYLE('',(#11434));
#11434 = FILL_AREA_STYLE_COLOUR('',#10782);
#11435 = CURVE_STYLE('',#11436,POSITIVE_LENGTH_MEASURE(0.1),#10785);
#11436 = DRAUGHTING_PRE_DEFINED_CURVE_FONT('continuous');
#11437 = MECHANICAL_DESIGN_GEOMETRIC_PRESENTATION_REPRESENTATION('',(
    #11438),#5080);
#11438 = STYLED_ITEM('color',(#11439),#5027);
#11439 = PRESENTATION_STYLE_ASSIGNMENT((#11440,#11445));
#11440 = SURFACE_STYLE_USAGE(.BOTH.,#11441);
#11441 = SURFACE_SIDE_STYLE('',(#11442));
#11442 = SURFACE_STYLE_FILL_AREA(#11443);
#11443 = FILL_AREA_STYLE('',(#11444));
#11444 = FILL_AREA_STYLE_COLOUR('',#10782);
#11445 = CURVE_STYLE('',#11446,POSITIVE_LENGTH_MEASURE(0.1),#10785);
#11446 = DRAUGHTING_PRE_DEFINED_CURVE_FONT('continuous');
#11447 = MECHANICAL_DESIGN_GEOMETRIC_PRESENTATION_REPRESENTATION('',(
    #11448),#8747);
#11448 = STYLED_ITEM('color',(#11449),#8694);
#11449 = PRESENTATION_STYLE_ASSIGNMENT((#11450,#11455));
#11450 = SURFACE_STYLE_USAGE(.BOTH.,#11451);
#11451 = SURFACE_SIDE_STYLE('',(#11452));
#11452 = SURFACE_STYLE_FILL_AREA(#11453);
#11453 = FILL_AREA_STYLE('',(#11454));
#11454 = FILL_AREA_STYLE_COLOUR('',#10782);
#11455 = CURVE_STYLE('',#11456,POSITIVE_LENGTH_MEASURE(0.1),#10785);
#11456 = DRAUGHTING_PRE_DEFINED_CURVE_FONT('continuous');
#11457 = MECHANICAL_DESIGN_GEOMETRIC_PRESENTATION_REPRESENTATION('',(
    #11458),#7163);
#11458 = STYLED_ITEM('color',(#11459),#7110);
#11459 = PRESENTATION_STYLE_ASSIGNMENT((#11460,#11465));
#11460 = SURFACE_STYLE_USAGE(.BOTH.,#11461);
#11461 = SURFACE_SIDE_STYLE('',(#11462));
#11462 = SURFACE_STYLE_FILL_AREA(#11463);
#11463 = FILL_AREA_STYLE('',(#11464));
#11464 = FILL_AREA_STYLE_COLOUR('',#10782);
#11465 = CURVE_STYLE('',#11466,POSITIVE_LENGTH_MEASURE(0.1),#10785);
#11466 = DRAUGHTING_PRE_DEFINED_CURVE_FONT('continuous');
#11467 = MECHANICAL_DESIGN_GEOMETRIC_PRESENTATION_REPRESENTATION('',(
    #11468),#5224);
#11468 = STYLED_ITEM('color',(#11469),#5171);
#11469 = PRESENTATION_STYLE_ASSIGNMENT((#11470,#11475));
#11470 = SURFACE_STYLE_USAGE(.BOTH.,#11471);
#11471 = SURFACE_SIDE_STYLE('',(#11472));
#11472 = SURFACE_STYLE_FILL_AREA(#11473);
#11473 = FILL_AREA_STYLE('',(#11474));
#11474 = FILL_AREA_STYLE_COLOUR('',#10782);
#11475 = CURVE_STYLE('',#11476,POSITIVE_LENGTH_MEASURE(0.1),#10785);
#11476 = DRAUGHTING_PRE_DEFINED_CURVE_FONT('continuous');
#11477 = MECHANICAL_DESIGN_GEOMETRIC_PRESENTATION_REPRESENTATION('',(
    #11478),#5368);
#11478 = STYLED_ITEM('color',(#11479),#5315);
#11479 = PRESENTATION_STYLE_ASSIGNMENT((#11480,#11485));
#11480 = SURFACE_STYLE_USAGE(.BOTH.,#11481);
#11481 = SURFACE_SIDE_STYLE('',(#11482));
#11482 = SURFACE_STYLE_FILL_AREA(#11483);
#11483 = FILL_AREA_STYLE('',(#11484));
#11484 = FILL_AREA_STYLE_COLOUR('',#10782);
#11485 = CURVE_STYLE('',#11486,POSITIVE_LENGTH_MEASURE(0.1),#10785);
#11486 = DRAUGHTING_PRE_DEFINED_CURVE_FONT('continuous');
#11487 = MECHANICAL_DESIGN_GEOMETRIC_PRESENTATION_REPRESENTATION('',(
    #11488),#8387);
#11488 = STYLED_ITEM('color',(#11489),#8334);
#11489 = PRESENTATION_STYLE_ASSIGNMENT((#11490,#11495));
#11490 = SURFACE_STYLE_USAGE(.BOTH.,#11491);
#11491 = SURFACE_SIDE_STYLE('',(#11492));
#11492 = SURFACE_STYLE_FILL_AREA(#11493);
#11493 = FILL_AREA_STYLE('',(#11494));
#11494 = FILL_AREA_STYLE_COLOUR('',#10782);
#11495 = CURVE_STYLE('',#11496,POSITIVE_LENGTH_MEASURE(0.1),#10785);
#11496 = DRAUGHTING_PRE_DEFINED_CURVE_FONT('continuous');
#11497 = MECHANICAL_DESIGN_GEOMETRIC_PRESENTATION_REPRESENTATION('',(
    #11498),#6016);
#11498 = STYLED_ITEM('color',(#11499),#5963);
#11499 = PRESENTATION_STYLE_ASSIGNMENT((#11500,#11505));
#11500 = SURFACE_STYLE_USAGE(.BOTH.,#11501);
#11501 = SURFACE_SIDE_STYLE('',(#11502));
#11502 = SURFACE_STYLE_FILL_AREA(#11503);
#11503 = FILL_AREA_STYLE('',(#11504));
#11504 = FILL_AREA_STYLE_COLOUR('',#10782);
#11505 = CURVE_STYLE('',#11506,POSITIVE_LENGTH_MEASURE(0.1),#10785);
#11506 = DRAUGHTING_PRE_DEFINED_CURVE_FONT('continuous');
#11507 = MECHANICAL_DESIGN_GEOMETRIC_PRESENTATION_REPRESENTATION('',(
    #11508),#8675);
#11508 = STYLED_ITEM('color',(#11509),#8622);
#11509 = PRESENTATION_STYLE_ASSIGNMENT((#11510,#11515));
#11510 = SURFACE_STYLE_USAGE(.BOTH.,#11511);
#11511 = SURFACE_SIDE_STYLE('',(#11512));
#11512 = SURFACE_STYLE_FILL_AREA(#11513);
#11513 = FILL_AREA_STYLE('',(#11514));
#11514 = FILL_AREA_STYLE_COLOUR('',#10782);
#11515 = CURVE_STYLE('',#11516,POSITIVE_LENGTH_MEASURE(0.1),#10785);
#11516 = DRAUGHTING_PRE_DEFINED_CURVE_FONT('continuous');
#11517 = MECHANICAL_DESIGN_GEOMETRIC_PRESENTATION_REPRESENTATION('',(
    #11518),#10115);
#11518 = STYLED_ITEM('color',(#11519),#10062);
#11519 = PRESENTATION_STYLE_ASSIGNMENT((#11520,#11525));
#11520 = SURFACE_STYLE_USAGE(.BOTH.,#11521);
#11521 = SURFACE_SIDE_STYLE('',(#11522));
#11522 = SURFACE_STYLE_FILL_AREA(#11523);
#11523 = FILL_AREA_STYLE('',(#11524));
#11524 = FILL_AREA_STYLE_COLOUR('',#10782);
#11525 = CURVE_STYLE('',#11526,POSITIVE_LENGTH_MEASURE(0.1),#10785);
#11526 = DRAUGHTING_PRE_DEFINED_CURVE_FONT('continuous');
#11527 = MECHANICAL_DESIGN_GEOMETRIC_PRESENTATION_REPRESENTATION('',(
    #11528),#7307);
#11528 = STYLED_ITEM('color',(#11529),#7254);
#11529 = PRESENTATION_STYLE_ASSIGNMENT((#11530,#11535));
#11530 = SURFACE_STYLE_USAGE(.BOTH.,#11531);
#11531 = SURFACE_SIDE_STYLE('',(#11532));
#11532 = SURFACE_STYLE_FILL_AREA(#11533);
#11533 = FILL_AREA_STYLE('',(#11534));
#11534 = FILL_AREA_STYLE_COLOUR('',#10782);
#11535 = CURVE_STYLE('',#11536,POSITIVE_LENGTH_MEASURE(0.1),#10785);
#11536 = DRAUGHTING_PRE_DEFINED_CURVE_FONT('continuous');
#11537 = MECHANICAL_DESIGN_GEOMETRIC_PRESENTATION_REPRESENTATION('',(
    #11538),#10547);
#11538 = STYLED_ITEM('color',(#11539),#10494);
#11539 = PRESENTATION_STYLE_ASSIGNMENT((#11540,#11545));
#11540 = SURFACE_STYLE_USAGE(.BOTH.,#11541);
#11541 = SURFACE_SIDE_STYLE('',(#11542));
#11542 = SURFACE_STYLE_FILL_AREA(#11543);
#11543 = FILL_AREA_STYLE('',(#11544));
#11544 = FILL_AREA_STYLE_COLOUR('',#10782);
#11545 = CURVE_STYLE('',#11546,POSITIVE_LENGTH_MEASURE(0.1),#10785);
#11546 = DRAUGHTING_PRE_DEFINED_CURVE_FONT('continuous');
#11547 = MECHANICAL_DESIGN_GEOMETRIC_PRESENTATION_REPRESENTATION('',(
    #11548),#9539);
#11548 = STYLED_ITEM('color',(#11549),#9486);
#11549 = PRESENTATION_STYLE_ASSIGNMENT((#11550,#11555));
#11550 = SURFACE_STYLE_USAGE(.BOTH.,#11551);
#11551 = SURFACE_SIDE_STYLE('',(#11552));
#11552 = SURFACE_STYLE_FILL_AREA(#11553);
#11553 = FILL_AREA_STYLE('',(#11554));
#11554 = FILL_AREA_STYLE_COLOUR('',#10782);
#11555 = CURVE_STYLE('',#11556,POSITIVE_LENGTH_MEASURE(0.1),#10785);
#11556 = DRAUGHTING_PRE_DEFINED_CURVE_FONT('continuous');
#11557 = MECHANICAL_DESIGN_GEOMETRIC_PRESENTATION_REPRESENTATION('',(
    #11558),#6716);
#11558 = STYLED_ITEM('color',(#11559),#6566);
#11559 = PRESENTATION_STYLE_ASSIGNMENT((#11560,#11565));
#11560 = SURFACE_STYLE_USAGE(.BOTH.,#11561);
#11561 = SURFACE_SIDE_STYLE('',(#11562));
#11562 = SURFACE_STYLE_FILL_AREA(#11563);
#11563 = FILL_AREA_STYLE('',(#11564));
#11564 = FILL_AREA_STYLE_COLOUR('',#10844);
#11565 = CURVE_STYLE('',#11566,POSITIVE_LENGTH_MEASURE(0.1),#10785);
#11566 = DRAUGHTING_PRE_DEFINED_CURVE_FONT('continuous');
#11567 = MECHANICAL_DESIGN_GEOMETRIC_PRESENTATION_REPRESENTATION('',(
    #11568),#8171);
#11568 = STYLED_ITEM('color',(#11569),#8118);
#11569 = PRESENTATION_STYLE_ASSIGNMENT((#11570,#11575));
#11570 = SURFACE_STYLE_USAGE(.BOTH.,#11571);
#11571 = SURFACE_SIDE_STYLE('',(#11572));
#11572 = SURFACE_STYLE_FILL_AREA(#11573);
#11573 = FILL_AREA_STYLE('',(#11574));
#11574 = FILL_AREA_STYLE_COLOUR('',#10782);
#11575 = CURVE_STYLE('',#11576,POSITIVE_LENGTH_MEASURE(0.1),#10785);
#11576 = DRAUGHTING_PRE_DEFINED_CURVE_FONT('continuous');
#11577 = MECHANICAL_DESIGN_GEOMETRIC_PRESENTATION_REPRESENTATION('',(
    #11578),#5944);
#11578 = STYLED_ITEM('color',(#11579),#5891);
#11579 = PRESENTATION_STYLE_ASSIGNMENT((#11580,#11585));
#11580 = SURFACE_STYLE_USAGE(.BOTH.,#11581);
#11581 = SURFACE_SIDE_STYLE('',(#11582));
#11582 = SURFACE_STYLE_FILL_AREA(#11583);
#11583 = FILL_AREA_STYLE('',(#11584));
#11584 = FILL_AREA_STYLE_COLOUR('',#10782);
#11585 = CURVE_STYLE('',#11586,POSITIVE_LENGTH_MEASURE(0.1),#10785);
#11586 = DRAUGHTING_PRE_DEFINED_CURVE_FONT('continuous');
#11587 = MECHANICAL_DESIGN_GEOMETRIC_PRESENTATION_REPRESENTATION('',(
    #11588),#4203);
#11588 = STYLED_ITEM('color',(#11589),#60);
#11589 = PRESENTATION_STYLE_ASSIGNMENT((#11590,#11596));
#11590 = SURFACE_STYLE_USAGE(.BOTH.,#11591);
#11591 = SURFACE_SIDE_STYLE('',(#11592));
#11592 = SURFACE_STYLE_FILL_AREA(#11593);
#11593 = FILL_AREA_STYLE('',(#11594));
#11594 = FILL_AREA_STYLE_COLOUR('',#11595);
#11595 = COLOUR_RGB('',0.199999998682,0.600000020288,0.399999997426);
#11596 = CURVE_STYLE('',#11597,POSITIVE_LENGTH_MEASURE(0.1),#10785);
#11597 = DRAUGHTING_PRE_DEFINED_CURVE_FONT('continuous');
#11598 = MECHANICAL_DESIGN_GEOMETRIC_PRESENTATION_REPRESENTATION('',(
    #11599),#7595);
#11599 = STYLED_ITEM('color',(#11600),#7542);
#11600 = PRESENTATION_STYLE_ASSIGNMENT((#11601,#11606));
#11601 = SURFACE_STYLE_USAGE(.BOTH.,#11602);
#11602 = SURFACE_SIDE_STYLE('',(#11603));
#11603 = SURFACE_STYLE_FILL_AREA(#11604);
#11604 = FILL_AREA_STYLE('',(#11605));
#11605 = FILL_AREA_STYLE_COLOUR('',#10782);
#11606 = CURVE_STYLE('',#11607,POSITIVE_LENGTH_MEASURE(0.1),#10785);
#11607 = DRAUGHTING_PRE_DEFINED_CURVE_FONT('continuous');
ENDSEC;
END-ISO-10303-21;
