ISO-10303-21;
HEADER;
FILE_DESCRIPTION(('FreeCAD Model'),'2;1');
FILE_NAME('Open CASCADE Shape Model','2026-10-08T15:23:38',('Author'),(
    ''),'Open CASCADE STEP processor 7.8','FreeCAD','Unknown');
FILE_SCHEMA((
'AP242_MANAGED_MODEL_BASED_3D_ENGINEERING_MIM_LF. {1 0 10303 442 1 1 4 
}'));
ENDSEC;
DATA;
#1 = APPLICATION_PROTOCOL_DEFINITION('international standard',
  'ap242_managed_model_based_3d_engineering',2013,#2);
#2 = APPLICATION_CONTEXT('Managed model based 3d engineering');
#3 = SHAPE_DEFINITION_REPRESENTATION(#4,#10);
#4 = PRODUCT_DEFINITION_SHAPE('','',#5);
#5 = PRODUCT_DEFINITION('design','',#6,#9);
#6 = PRODUCT_DEFINITION_FORMATION('','',#7);
#7 = PRODUCT('Kamioka_SQUID_board_v1','Kamioka_SQUID_board_v1','',(#8));
#8 = PRODUCT_CONTEXT('',#2,'mechanical');
#9 = PRODUCT_DEFINITION_CONTEXT('part definition',#2,'design');
#10 = SHAPE_REPRESENTATION('',(#11,#15,#19),#23);
#11 = AXIS2_PLACEMENT_3D('',#12,#13,#14);
#12 = CARTESIAN_POINT('',(0.,0.,0.));
#13 = DIRECTION('',(0.,0.,1.));
#14 = DIRECTION('',(1.,0.,-0.));
#15 = AXIS2_PLACEMENT_3D('',#16,#17,#18);
#16 = CARTESIAN_POINT('',(0.,0.,0.));
#17 = DIRECTION('',(0.,0.,1.));
#18 = DIRECTION('',(1.,0.,0.));
#19 = AXIS2_PLACEMENT_3D('',#20,#21,#22);
#20 = CARTESIAN_POINT('',(0.,0.,0.));
#21 = DIRECTION('',(0.,0.,1.));
#22 = DIRECTION('',(1.,0.,0.));
#23 = ( GEOMETRIC_REPRESENTATION_CONTEXT(3) 
GLOBAL_UNCERTAINTY_ASSIGNED_CONTEXT((#27)) GLOBAL_UNIT_ASSIGNED_CONTEXT(
(#24,#25,#26)) REPRESENTATION_CONTEXT('Context #1',
  '3D Context with UNIT and UNCERTAINTY') );
#24 = ( LENGTH_UNIT() NAMED_UNIT(*) SI_UNIT(.MILLI.,.METRE.) );
#25 = ( NAMED_UNIT(*) PLANE_ANGLE_UNIT() SI_UNIT($,.RADIAN.) );
#26 = ( NAMED_UNIT(*) SI_UNIT($,.STERADIAN.) SOLID_ANGLE_UNIT() );
#27 = UNCERTAINTY_MEASURE_WITH_UNIT(LENGTH_MEASURE(1.E-07),#24,
  'distance_accuracy_value','confusion accuracy');
#28 = PRODUCT_RELATED_PRODUCT_CATEGORY('part',$,(#7));
#29 = SHAPE_DEFINITION_REPRESENTATION(#30,#36);
#30 = PRODUCT_DEFINITION_SHAPE('','',#31);
#31 = PRODUCT_DEFINITION('design','',#32,#35);
#32 = PRODUCT_DEFINITION_FORMATION('','',#33);
#33 = PRODUCT('Board_Geoms_65d9','Board_Geoms_65d9','',(#34));
#34 = PRODUCT_CONTEXT('',#2,'mechanical');
#35 = PRODUCT_DEFINITION_CONTEXT('part definition',#2,'design');
#36 = SHAPE_REPRESENTATION('',(#11,#37),#41);
#37 = AXIS2_PLACEMENT_3D('',#38,#39,#40);
#38 = CARTESIAN_POINT('',(0.,0.,0.));
#39 = DIRECTION('',(0.,0.,1.));
#40 = DIRECTION('',(1.,0.,0.));
#41 = ( GEOMETRIC_REPRESENTATION_CONTEXT(3) 
GLOBAL_UNCERTAINTY_ASSIGNED_CONTEXT((#45)) GLOBAL_UNIT_ASSIGNED_CONTEXT(
(#42,#43,#44)) REPRESENTATION_CONTEXT('Context #1',
  '3D Context with UNIT and UNCERTAINTY') );
#42 = ( LENGTH_UNIT() NAMED_UNIT(*) SI_UNIT(.MILLI.,.METRE.) );
#43 = ( NAMED_UNIT(*) PLANE_ANGLE_UNIT() SI_UNIT($,.RADIAN.) );
#44 = ( NAMED_UNIT(*) SI_UNIT($,.STERADIAN.) SOLID_ANGLE_UNIT() );
#45 = UNCERTAINTY_MEASURE_WITH_UNIT(LENGTH_MEASURE(1.E-07),#42,
  'distance_accuracy_value','confusion accuracy');
#46 = CONTEXT_DEPENDENT_SHAPE_REPRESENTATION(#47,#49);
#47 = ( REPRESENTATION_RELATIONSHIP('','',#36,#10) 
REPRESENTATION_RELATIONSHIP_WITH_TRANSFORMATION(#48) 
SHAPE_REPRESENTATION_RELATIONSHIP() );
#48 = ITEM_DEFINED_TRANSFORMATION('','',#11,#15);
#49 = PRODUCT_DEFINITION_SHAPE('Placement','Placement of an item',#50);
#50 = NEXT_ASSEMBLY_USAGE_OCCURRENCE('2','Board_Geoms_65d9','',#5,#31,$
  );
#51 = PRODUCT_RELATED_PRODUCT_CATEGORY('part',$,(#33));
#52 = SHAPE_DEFINITION_REPRESENTATION(#53,#59);
#53 = PRODUCT_DEFINITION_SHAPE('','',#54);
#54 = PRODUCT_DEFINITION('design','',#55,#58);
#55 = PRODUCT_DEFINITION_FORMATION('','',#56);
#56 = PRODUCT('Pcb_65d9','Pcb_65d9','',(#57));
#57 = PRODUCT_CONTEXT('',#2,'mechanical');
#58 = PRODUCT_DEFINITION_CONTEXT('part definition',#2,'design');
#59 = ADVANCED_BREP_SHAPE_REPRESENTATION('',(#11,#60),#4638);
#60 = MANIFOLD_SOLID_BREP('',#61);
#61 = CLOSED_SHELL('',(#62,#102,#133,#164,#195,#226,#257,#288,#319,#350,
    #381,#412,#443,#474,#505,#536,#567,#598,#629,#660,#682,#715,#748,
    #781,#814,#847,#880,#913,#946,#979,#1012,#1045,#1078,#1111,#1144,
    #1177,#1210,#1243,#1276,#1309,#1342,#1375,#1408,#1441,#1474,#1507,
    #1540,#1573,#1606,#1639,#1672,#1705,#1738,#1771,#1804,#1837,#1870,
    #1903,#1936,#1969,#2002,#2035,#2068,#2101,#2134,#2167,#2200,#2233,
    #2266,#2299,#2332,#2365,#2398,#2431,#2464,#2497,#2530,#2563,#2596,
    #2629,#2662,#2695,#2728,#2761,#2794,#2827,#2860,#2893,#2926,#2959,
    #2992,#3025,#3058,#3091,#3124,#3157,#3190,#3223,#3256,#3289,#3322,
    #3355,#3388,#3421,#3454,#3487,#3520,#3553,#3586,#3619,#3652,#3685,
    #3718,#3751,#3784,#3817,#3850,#3883,#3916,#3949,#3982,#4310));
#62 = ADVANCED_FACE('',(#63),#97,.F.);
#63 = FACE_BOUND('',#64,.F.);
#64 = EDGE_LOOP('',(#65,#75,#83,#91));
#65 = ORIENTED_EDGE('',*,*,#66,.T.);
#66 = EDGE_CURVE('',#67,#69,#71,.T.);
#67 = VERTEX_POINT('',#68);
#68 = CARTESIAN_POINT('',(133.,-28.,0.));
#69 = VERTEX_POINT('',#70);
#70 = CARTESIAN_POINT('',(133.,-28.,-1.67));
#71 = LINE('',#72,#73);
#72 = CARTESIAN_POINT('',(133.,-28.,0.));
#73 = VECTOR('',#74,1.);
#74 = DIRECTION('',(0.,0.,-1.));
#75 = ORIENTED_EDGE('',*,*,#76,.T.);
#76 = EDGE_CURVE('',#69,#77,#79,.T.);
#77 = VERTEX_POINT('',#78);
#78 = CARTESIAN_POINT('',(133.,-100.,-1.67));
#79 = LINE('',#80,#81);
#80 = CARTESIAN_POINT('',(133.,-28.,-1.67));
#81 = VECTOR('',#82,1.);
#82 = DIRECTION('',(0.,-1.,0.));
#83 = ORIENTED_EDGE('',*,*,#84,.F.);
#84 = EDGE_CURVE('',#85,#77,#87,.T.);
#85 = VERTEX_POINT('',#86);
#86 = CARTESIAN_POINT('',(133.,-100.,0.));
#87 = LINE('',#88,#89);
#88 = CARTESIAN_POINT('',(133.,-100.,0.));
#89 = VECTOR('',#90,1.);
#90 = DIRECTION('',(0.,0.,-1.));
#91 = ORIENTED_EDGE('',*,*,#92,.F.);
#92 = EDGE_CURVE('',#67,#85,#93,.T.);
#93 = LINE('',#94,#95);
#94 = CARTESIAN_POINT('',(133.,-28.,0.));
#95 = VECTOR('',#96,1.);
#96 = DIRECTION('',(0.,-1.,0.));
#97 = PLANE('',#98);
#98 = AXIS2_PLACEMENT_3D('',#99,#100,#101);
#99 = CARTESIAN_POINT('',(133.,-28.,0.));
#100 = DIRECTION('',(-1.,-0.,-0.));
#101 = DIRECTION('',(0.,-1.,0.));
#102 = ADVANCED_FACE('',(#103),#128,.F.);
#103 = FACE_BOUND('',#104,.F.);
#104 = EDGE_LOOP('',(#105,#115,#121,#122));
#105 = ORIENTED_EDGE('',*,*,#106,.T.);
#106 = EDGE_CURVE('',#107,#109,#111,.T.);
#107 = VERTEX_POINT('',#108);
#108 = CARTESIAN_POINT('',(123.,-28.,0.));
#109 = VERTEX_POINT('',#110);
#110 = CARTESIAN_POINT('',(123.,-28.,-1.67));
#111 = LINE('',#112,#113);
#112 = CARTESIAN_POINT('',(123.,-28.,0.));
#113 = VECTOR('',#114,1.);
#114 = DIRECTION('',(0.,0.,-1.));
#115 = ORIENTED_EDGE('',*,*,#116,.T.);
#116 = EDGE_CURVE('',#109,#69,#117,.T.);
#117 = LINE('',#118,#119);
#118 = CARTESIAN_POINT('',(123.,-28.,-1.67));
#119 = VECTOR('',#120,1.);
#120 = DIRECTION('',(1.,0.,0.));
#121 = ORIENTED_EDGE('',*,*,#66,.F.);
#122 = ORIENTED_EDGE('',*,*,#123,.F.);
#123 = EDGE_CURVE('',#107,#67,#124,.T.);
#124 = LINE('',#125,#126);
#125 = CARTESIAN_POINT('',(123.,-28.,0.));
#126 = VECTOR('',#127,1.);
#127 = DIRECTION('',(1.,0.,0.));
#128 = PLANE('',#129);
#129 = AXIS2_PLACEMENT_3D('',#130,#131,#132);
#130 = CARTESIAN_POINT('',(123.,-28.,0.));
#131 = DIRECTION('',(0.,-1.,0.));
#132 = DIRECTION('',(1.,0.,0.));
#133 = ADVANCED_FACE('',(#134),#159,.F.);
#134 = FACE_BOUND('',#135,.F.);
#135 = EDGE_LOOP('',(#136,#137,#145,#153));
#136 = ORIENTED_EDGE('',*,*,#84,.T.);
#137 = ORIENTED_EDGE('',*,*,#138,.T.);
#138 = EDGE_CURVE('',#77,#139,#141,.T.);
#139 = VERTEX_POINT('',#140);
#140 = CARTESIAN_POINT('',(139.,-100.,-1.67));
#141 = LINE('',#142,#143);
#142 = CARTESIAN_POINT('',(133.,-100.,-1.67));
#143 = VECTOR('',#144,1.);
#144 = DIRECTION('',(1.,0.,0.));
#145 = ORIENTED_EDGE('',*,*,#146,.F.);
#146 = EDGE_CURVE('',#147,#139,#149,.T.);
#147 = VERTEX_POINT('',#148);
#148 = CARTESIAN_POINT('',(139.,-100.,0.));
#149 = LINE('',#150,#151);
#150 = CARTESIAN_POINT('',(139.,-100.,0.));
#151 = VECTOR('',#152,1.);
#152 = DIRECTION('',(0.,0.,-1.));
#153 = ORIENTED_EDGE('',*,*,#154,.F.);
#154 = EDGE_CURVE('',#85,#147,#155,.T.);
#155 = LINE('',#156,#157);
#156 = CARTESIAN_POINT('',(133.,-100.,0.));
#157 = VECTOR('',#158,1.);
#158 = DIRECTION('',(1.,0.,0.));
#159 = PLANE('',#160);
#160 = AXIS2_PLACEMENT_3D('',#161,#162,#163);
#161 = CARTESIAN_POINT('',(133.,-100.,0.));
#162 = DIRECTION('',(0.,-1.,0.));
#163 = DIRECTION('',(1.,0.,0.));
#164 = ADVANCED_FACE('',(#165),#190,.F.);
#165 = FACE_BOUND('',#166,.F.);
#166 = EDGE_LOOP('',(#167,#177,#183,#184));
#167 = ORIENTED_EDGE('',*,*,#168,.T.);
#168 = EDGE_CURVE('',#169,#171,#173,.T.);
#169 = VERTEX_POINT('',#170);
#170 = CARTESIAN_POINT('',(123.,-100.,0.));
#171 = VERTEX_POINT('',#172);
#172 = CARTESIAN_POINT('',(123.,-100.,-1.67));
#173 = LINE('',#174,#175);
#174 = CARTESIAN_POINT('',(123.,-100.,0.));
#175 = VECTOR('',#176,1.);
#176 = DIRECTION('',(0.,0.,-1.));
#177 = ORIENTED_EDGE('',*,*,#178,.T.);
#178 = EDGE_CURVE('',#171,#109,#179,.T.);
#179 = LINE('',#180,#181);
#180 = CARTESIAN_POINT('',(123.,-100.,-1.67));
#181 = VECTOR('',#182,1.);
#182 = DIRECTION('',(0.,1.,0.));
#183 = ORIENTED_EDGE('',*,*,#106,.F.);
#184 = ORIENTED_EDGE('',*,*,#185,.F.);
#185 = EDGE_CURVE('',#169,#107,#186,.T.);
#186 = LINE('',#187,#188);
#187 = CARTESIAN_POINT('',(123.,-100.,0.));
#188 = VECTOR('',#189,1.);
#189 = DIRECTION('',(0.,1.,0.));
#190 = PLANE('',#191);
#191 = AXIS2_PLACEMENT_3D('',#192,#193,#194);
#192 = CARTESIAN_POINT('',(123.,-100.,0.));
#193 = DIRECTION('',(1.,-0.,0.));
#194 = DIRECTION('',(0.,1.,0.));
#195 = ADVANCED_FACE('',(#196),#221,.F.);
#196 = FACE_BOUND('',#197,.F.);
#197 = EDGE_LOOP('',(#198,#199,#207,#215));
#198 = ORIENTED_EDGE('',*,*,#146,.T.);
#199 = ORIENTED_EDGE('',*,*,#200,.T.);
#200 = EDGE_CURVE('',#139,#201,#203,.T.);
#201 = VERTEX_POINT('',#202);
#202 = CARTESIAN_POINT('',(139.,-28.,-1.67));
#203 = LINE('',#204,#205);
#204 = CARTESIAN_POINT('',(139.,-100.,-1.67));
#205 = VECTOR('',#206,1.);
#206 = DIRECTION('',(0.,1.,0.));
#207 = ORIENTED_EDGE('',*,*,#208,.F.);
#208 = EDGE_CURVE('',#209,#201,#211,.T.);
#209 = VERTEX_POINT('',#210);
#210 = CARTESIAN_POINT('',(139.,-28.,0.));
#211 = LINE('',#212,#213);
#212 = CARTESIAN_POINT('',(139.,-28.,0.));
#213 = VECTOR('',#214,1.);
#214 = DIRECTION('',(0.,0.,-1.));
#215 = ORIENTED_EDGE('',*,*,#216,.F.);
#216 = EDGE_CURVE('',#147,#209,#217,.T.);
#217 = LINE('',#218,#219);
#218 = CARTESIAN_POINT('',(139.,-100.,0.));
#219 = VECTOR('',#220,1.);
#220 = DIRECTION('',(0.,1.,0.));
#221 = PLANE('',#222);
#222 = AXIS2_PLACEMENT_3D('',#223,#224,#225);
#223 = CARTESIAN_POINT('',(139.,-100.,0.));
#224 = DIRECTION('',(1.,-0.,0.));
#225 = DIRECTION('',(0.,1.,0.));
#226 = ADVANCED_FACE('',(#227),#252,.F.);
#227 = FACE_BOUND('',#228,.F.);
#228 = EDGE_LOOP('',(#229,#239,#245,#246));
#229 = ORIENTED_EDGE('',*,*,#230,.T.);
#230 = EDGE_CURVE('',#231,#233,#235,.T.);
#231 = VERTEX_POINT('',#232);
#232 = CARTESIAN_POINT('',(117.,-100.,0.));
#233 = VERTEX_POINT('',#234);
#234 = CARTESIAN_POINT('',(117.,-100.,-1.67));
#235 = LINE('',#236,#237);
#236 = CARTESIAN_POINT('',(117.,-100.,0.));
#237 = VECTOR('',#238,1.);
#238 = DIRECTION('',(0.,0.,-1.));
#239 = ORIENTED_EDGE('',*,*,#240,.T.);
#240 = EDGE_CURVE('',#233,#171,#241,.T.);
#241 = LINE('',#242,#243);
#242 = CARTESIAN_POINT('',(117.,-100.,-1.67));
#243 = VECTOR('',#244,1.);
#244 = DIRECTION('',(1.,0.,0.));
#245 = ORIENTED_EDGE('',*,*,#168,.F.);
#246 = ORIENTED_EDGE('',*,*,#247,.F.);
#247 = EDGE_CURVE('',#231,#169,#248,.T.);
#248 = LINE('',#249,#250);
#249 = CARTESIAN_POINT('',(117.,-100.,0.));
#250 = VECTOR('',#251,1.);
#251 = DIRECTION('',(1.,0.,0.));
#252 = PLANE('',#253);
#253 = AXIS2_PLACEMENT_3D('',#254,#255,#256);
#254 = CARTESIAN_POINT('',(117.,-100.,0.));
#255 = DIRECTION('',(0.,-1.,0.));
#256 = DIRECTION('',(1.,0.,0.));
#257 = ADVANCED_FACE('',(#258),#283,.F.);
#258 = FACE_BOUND('',#259,.F.);
#259 = EDGE_LOOP('',(#260,#261,#269,#277));
#260 = ORIENTED_EDGE('',*,*,#208,.T.);
#261 = ORIENTED_EDGE('',*,*,#262,.T.);
#262 = EDGE_CURVE('',#201,#263,#265,.T.);
#263 = VERTEX_POINT('',#264);
#264 = CARTESIAN_POINT('',(149.,-28.,-1.67));
#265 = LINE('',#266,#267);
#266 = CARTESIAN_POINT('',(139.,-28.,-1.67));
#267 = VECTOR('',#268,1.);
#268 = DIRECTION('',(1.,0.,0.));
#269 = ORIENTED_EDGE('',*,*,#270,.F.);
#270 = EDGE_CURVE('',#271,#263,#273,.T.);
#271 = VERTEX_POINT('',#272);
#272 = CARTESIAN_POINT('',(149.,-28.,0.));
#273 = LINE('',#274,#275);
#274 = CARTESIAN_POINT('',(149.,-28.,0.));
#275 = VECTOR('',#276,1.);
#276 = DIRECTION('',(0.,0.,-1.));
#277 = ORIENTED_EDGE('',*,*,#278,.F.);
#278 = EDGE_CURVE('',#209,#271,#279,.T.);
#279 = LINE('',#280,#281);
#280 = CARTESIAN_POINT('',(139.,-28.,0.));
#281 = VECTOR('',#282,1.);
#282 = DIRECTION('',(1.,0.,0.));
#283 = PLANE('',#284);
#284 = AXIS2_PLACEMENT_3D('',#285,#286,#287);
#285 = CARTESIAN_POINT('',(139.,-28.,0.));
#286 = DIRECTION('',(0.,-1.,0.));
#287 = DIRECTION('',(1.,0.,0.));
#288 = ADVANCED_FACE('',(#289),#314,.F.);
#289 = FACE_BOUND('',#290,.F.);
#290 = EDGE_LOOP('',(#291,#301,#307,#308));
#291 = ORIENTED_EDGE('',*,*,#292,.T.);
#292 = EDGE_CURVE('',#293,#295,#297,.T.);
#293 = VERTEX_POINT('',#294);
#294 = CARTESIAN_POINT('',(117.,-28.,0.));
#295 = VERTEX_POINT('',#296);
#296 = CARTESIAN_POINT('',(117.,-28.,-1.67));
#297 = LINE('',#298,#299);
#298 = CARTESIAN_POINT('',(117.,-28.,0.));
#299 = VECTOR('',#300,1.);
#300 = DIRECTION('',(0.,0.,-1.));
#301 = ORIENTED_EDGE('',*,*,#302,.T.);
#302 = EDGE_CURVE('',#295,#233,#303,.T.);
#303 = LINE('',#304,#305);
#304 = CARTESIAN_POINT('',(117.,-28.,-1.67));
#305 = VECTOR('',#306,1.);
#306 = DIRECTION('',(0.,-1.,0.));
#307 = ORIENTED_EDGE('',*,*,#230,.F.);
#308 = ORIENTED_EDGE('',*,*,#309,.F.);
#309 = EDGE_CURVE('',#293,#231,#310,.T.);
#310 = LINE('',#311,#312);
#311 = CARTESIAN_POINT('',(117.,-28.,0.));
#312 = VECTOR('',#313,1.);
#313 = DIRECTION('',(0.,-1.,0.));
#314 = PLANE('',#315);
#315 = AXIS2_PLACEMENT_3D('',#316,#317,#318);
#316 = CARTESIAN_POINT('',(117.,-28.,0.));
#317 = DIRECTION('',(-1.,-0.,-0.));
#318 = DIRECTION('',(0.,-1.,0.));
#319 = ADVANCED_FACE('',(#320),#345,.F.);
#320 = FACE_BOUND('',#321,.F.);
#321 = EDGE_LOOP('',(#322,#323,#331,#339));
#322 = ORIENTED_EDGE('',*,*,#270,.T.);
#323 = ORIENTED_EDGE('',*,*,#324,.T.);
#324 = EDGE_CURVE('',#263,#325,#327,.T.);
#325 = VERTEX_POINT('',#326);
#326 = CARTESIAN_POINT('',(149.,-100.,-1.67));
#327 = LINE('',#328,#329);
#328 = CARTESIAN_POINT('',(149.,-28.,-1.67));
#329 = VECTOR('',#330,1.);
#330 = DIRECTION('',(0.,-1.,0.));
#331 = ORIENTED_EDGE('',*,*,#332,.F.);
#332 = EDGE_CURVE('',#333,#325,#335,.T.);
#333 = VERTEX_POINT('',#334);
#334 = CARTESIAN_POINT('',(149.,-100.,0.));
#335 = LINE('',#336,#337);
#336 = CARTESIAN_POINT('',(149.,-100.,0.));
#337 = VECTOR('',#338,1.);
#338 = DIRECTION('',(0.,0.,-1.));
#339 = ORIENTED_EDGE('',*,*,#340,.F.);
#340 = EDGE_CURVE('',#271,#333,#341,.T.);
#341 = LINE('',#342,#343);
#342 = CARTESIAN_POINT('',(149.,-28.,0.));
#343 = VECTOR('',#344,1.);
#344 = DIRECTION('',(0.,-1.,0.));
#345 = PLANE('',#346);
#346 = AXIS2_PLACEMENT_3D('',#347,#348,#349);
#347 = CARTESIAN_POINT('',(149.,-28.,0.));
#348 = DIRECTION('',(-1.,-0.,-0.));
#349 = DIRECTION('',(0.,-1.,0.));
#350 = ADVANCED_FACE('',(#351),#376,.F.);
#351 = FACE_BOUND('',#352,.F.);
#352 = EDGE_LOOP('',(#353,#363,#369,#370));
#353 = ORIENTED_EDGE('',*,*,#354,.T.);
#354 = EDGE_CURVE('',#355,#357,#359,.T.);
#355 = VERTEX_POINT('',#356);
#356 = CARTESIAN_POINT('',(107.,-28.,0.));
#357 = VERTEX_POINT('',#358);
#358 = CARTESIAN_POINT('',(107.,-28.,-1.67));
#359 = LINE('',#360,#361);
#360 = CARTESIAN_POINT('',(107.,-28.,0.));
#361 = VECTOR('',#362,1.);
#362 = DIRECTION('',(0.,0.,-1.));
#363 = ORIENTED_EDGE('',*,*,#364,.T.);
#364 = EDGE_CURVE('',#357,#295,#365,.T.);
#365 = LINE('',#366,#367);
#366 = CARTESIAN_POINT('',(107.,-28.,-1.67));
#367 = VECTOR('',#368,1.);
#368 = DIRECTION('',(1.,0.,0.));
#369 = ORIENTED_EDGE('',*,*,#292,.F.);
#370 = ORIENTED_EDGE('',*,*,#371,.F.);
#371 = EDGE_CURVE('',#355,#293,#372,.T.);
#372 = LINE('',#373,#374);
#373 = CARTESIAN_POINT('',(107.,-28.,0.));
#374 = VECTOR('',#375,1.);
#375 = DIRECTION('',(1.,0.,0.));
#376 = PLANE('',#377);
#377 = AXIS2_PLACEMENT_3D('',#378,#379,#380);
#378 = CARTESIAN_POINT('',(107.,-28.,0.));
#379 = DIRECTION('',(0.,-1.,0.));
#380 = DIRECTION('',(1.,0.,0.));
#381 = ADVANCED_FACE('',(#382),#407,.F.);
#382 = FACE_BOUND('',#383,.F.);
#383 = EDGE_LOOP('',(#384,#385,#393,#401));
#384 = ORIENTED_EDGE('',*,*,#332,.T.);
#385 = ORIENTED_EDGE('',*,*,#386,.T.);
#386 = EDGE_CURVE('',#325,#387,#389,.T.);
#387 = VERTEX_POINT('',#388);
#388 = CARTESIAN_POINT('',(155.,-100.,-1.67));
#389 = LINE('',#390,#391);
#390 = CARTESIAN_POINT('',(149.,-100.,-1.67));
#391 = VECTOR('',#392,1.);
#392 = DIRECTION('',(1.,0.,0.));
#393 = ORIENTED_EDGE('',*,*,#394,.F.);
#394 = EDGE_CURVE('',#395,#387,#397,.T.);
#395 = VERTEX_POINT('',#396);
#396 = CARTESIAN_POINT('',(155.,-100.,0.));
#397 = LINE('',#398,#399);
#398 = CARTESIAN_POINT('',(155.,-100.,0.));
#399 = VECTOR('',#400,1.);
#400 = DIRECTION('',(0.,0.,-1.));
#401 = ORIENTED_EDGE('',*,*,#402,.F.);
#402 = EDGE_CURVE('',#333,#395,#403,.T.);
#403 = LINE('',#404,#405);
#404 = CARTESIAN_POINT('',(149.,-100.,0.));
#405 = VECTOR('',#406,1.);
#406 = DIRECTION('',(1.,0.,0.));
#407 = PLANE('',#408);
#408 = AXIS2_PLACEMENT_3D('',#409,#410,#411);
#409 = CARTESIAN_POINT('',(149.,-100.,0.));
#410 = DIRECTION('',(0.,-1.,0.));
#411 = DIRECTION('',(1.,0.,0.));
#412 = ADVANCED_FACE('',(#413),#438,.F.);
#413 = FACE_BOUND('',#414,.F.);
#414 = EDGE_LOOP('',(#415,#425,#431,#432));
#415 = ORIENTED_EDGE('',*,*,#416,.T.);
#416 = EDGE_CURVE('',#417,#419,#421,.T.);
#417 = VERTEX_POINT('',#418);
#418 = CARTESIAN_POINT('',(107.,-100.,0.));
#419 = VERTEX_POINT('',#420);
#420 = CARTESIAN_POINT('',(107.,-100.,-1.67));
#421 = LINE('',#422,#423);
#422 = CARTESIAN_POINT('',(107.,-100.,0.));
#423 = VECTOR('',#424,1.);
#424 = DIRECTION('',(0.,0.,-1.));
#425 = ORIENTED_EDGE('',*,*,#426,.T.);
#426 = EDGE_CURVE('',#419,#357,#427,.T.);
#427 = LINE('',#428,#429);
#428 = CARTESIAN_POINT('',(107.,-100.,-1.67));
#429 = VECTOR('',#430,1.);
#430 = DIRECTION('',(0.,1.,0.));
#431 = ORIENTED_EDGE('',*,*,#354,.F.);
#432 = ORIENTED_EDGE('',*,*,#433,.F.);
#433 = EDGE_CURVE('',#417,#355,#434,.T.);
#434 = LINE('',#435,#436);
#435 = CARTESIAN_POINT('',(107.,-100.,0.));
#436 = VECTOR('',#437,1.);
#437 = DIRECTION('',(0.,1.,0.));
#438 = PLANE('',#439);
#439 = AXIS2_PLACEMENT_3D('',#440,#441,#442);
#440 = CARTESIAN_POINT('',(107.,-100.,0.));
#441 = DIRECTION('',(1.,-0.,0.));
#442 = DIRECTION('',(0.,1.,0.));
#443 = ADVANCED_FACE('',(#444),#469,.F.);
#444 = FACE_BOUND('',#445,.F.);
#445 = EDGE_LOOP('',(#446,#447,#455,#463));
#446 = ORIENTED_EDGE('',*,*,#394,.T.);
#447 = ORIENTED_EDGE('',*,*,#448,.T.);
#448 = EDGE_CURVE('',#387,#449,#451,.T.);
#449 = VERTEX_POINT('',#450);
#450 = CARTESIAN_POINT('',(155.,-28.,-1.67));
#451 = LINE('',#452,#453);
#452 = CARTESIAN_POINT('',(155.,-100.,-1.67));
#453 = VECTOR('',#454,1.);
#454 = DIRECTION('',(0.,1.,0.));
#455 = ORIENTED_EDGE('',*,*,#456,.F.);
#456 = EDGE_CURVE('',#457,#449,#459,.T.);
#457 = VERTEX_POINT('',#458);
#458 = CARTESIAN_POINT('',(155.,-28.,0.));
#459 = LINE('',#460,#461);
#460 = CARTESIAN_POINT('',(155.,-28.,0.));
#461 = VECTOR('',#462,1.);
#462 = DIRECTION('',(0.,0.,-1.));
#463 = ORIENTED_EDGE('',*,*,#464,.F.);
#464 = EDGE_CURVE('',#395,#457,#465,.T.);
#465 = LINE('',#466,#467);
#466 = CARTESIAN_POINT('',(155.,-100.,0.));
#467 = VECTOR('',#468,1.);
#468 = DIRECTION('',(0.,1.,0.));
#469 = PLANE('',#470);
#470 = AXIS2_PLACEMENT_3D('',#471,#472,#473);
#471 = CARTESIAN_POINT('',(155.,-100.,0.));
#472 = DIRECTION('',(1.,-0.,0.));
#473 = DIRECTION('',(0.,1.,0.));
#474 = ADVANCED_FACE('',(#475),#500,.F.);
#475 = FACE_BOUND('',#476,.F.);
#476 = EDGE_LOOP('',(#477,#487,#493,#494));
#477 = ORIENTED_EDGE('',*,*,#478,.T.);
#478 = EDGE_CURVE('',#479,#481,#483,.T.);
#479 = VERTEX_POINT('',#480);
#480 = CARTESIAN_POINT('',(100.,-100.,0.));
#481 = VERTEX_POINT('',#482);
#482 = CARTESIAN_POINT('',(100.,-100.,-1.67));
#483 = LINE('',#484,#485);
#484 = CARTESIAN_POINT('',(100.,-100.,0.));
#485 = VECTOR('',#486,1.);
#486 = DIRECTION('',(0.,0.,-1.));
#487 = ORIENTED_EDGE('',*,*,#488,.T.);
#488 = EDGE_CURVE('',#481,#419,#489,.T.);
#489 = LINE('',#490,#491);
#490 = CARTESIAN_POINT('',(100.,-100.,-1.67));
#491 = VECTOR('',#492,1.);
#492 = DIRECTION('',(1.,0.,0.));
#493 = ORIENTED_EDGE('',*,*,#416,.F.);
#494 = ORIENTED_EDGE('',*,*,#495,.F.);
#495 = EDGE_CURVE('',#479,#417,#496,.T.);
#496 = LINE('',#497,#498);
#497 = CARTESIAN_POINT('',(100.,-100.,0.));
#498 = VECTOR('',#499,1.);
#499 = DIRECTION('',(1.,0.,0.));
#500 = PLANE('',#501);
#501 = AXIS2_PLACEMENT_3D('',#502,#503,#504);
#502 = CARTESIAN_POINT('',(100.,-100.,0.));
#503 = DIRECTION('',(0.,-1.,0.));
#504 = DIRECTION('',(1.,0.,0.));
#505 = ADVANCED_FACE('',(#506),#531,.F.);
#506 = FACE_BOUND('',#507,.F.);
#507 = EDGE_LOOP('',(#508,#509,#517,#525));
#508 = ORIENTED_EDGE('',*,*,#456,.T.);
#509 = ORIENTED_EDGE('',*,*,#510,.T.);
#510 = EDGE_CURVE('',#449,#511,#513,.T.);
#511 = VERTEX_POINT('',#512);
#512 = CARTESIAN_POINT('',(165.,-28.,-1.67));
#513 = LINE('',#514,#515);
#514 = CARTESIAN_POINT('',(155.,-28.,-1.67));
#515 = VECTOR('',#516,1.);
#516 = DIRECTION('',(1.,0.,0.));
#517 = ORIENTED_EDGE('',*,*,#518,.F.);
#518 = EDGE_CURVE('',#519,#511,#521,.T.);
#519 = VERTEX_POINT('',#520);
#520 = CARTESIAN_POINT('',(165.,-28.,0.));
#521 = LINE('',#522,#523);
#522 = CARTESIAN_POINT('',(165.,-28.,0.));
#523 = VECTOR('',#524,1.);
#524 = DIRECTION('',(0.,0.,-1.));
#525 = ORIENTED_EDGE('',*,*,#526,.F.);
#526 = EDGE_CURVE('',#457,#519,#527,.T.);
#527 = LINE('',#528,#529);
#528 = CARTESIAN_POINT('',(155.,-28.,0.));
#529 = VECTOR('',#530,1.);
#530 = DIRECTION('',(1.,0.,0.));
#531 = PLANE('',#532);
#532 = AXIS2_PLACEMENT_3D('',#533,#534,#535);
#533 = CARTESIAN_POINT('',(155.,-28.,0.));
#534 = DIRECTION('',(0.,-1.,0.));
#535 = DIRECTION('',(1.,0.,0.));
#536 = ADVANCED_FACE('',(#537),#562,.F.);
#537 = FACE_BOUND('',#538,.F.);
#538 = EDGE_LOOP('',(#539,#549,#555,#556));
#539 = ORIENTED_EDGE('',*,*,#540,.T.);
#540 = EDGE_CURVE('',#541,#543,#545,.T.);
#541 = VERTEX_POINT('',#542);
#542 = CARTESIAN_POINT('',(100.,-138.,0.));
#543 = VERTEX_POINT('',#544);
#544 = CARTESIAN_POINT('',(100.,-138.,-1.67));
#545 = LINE('',#546,#547);
#546 = CARTESIAN_POINT('',(100.,-138.,0.));
#547 = VECTOR('',#548,1.);
#548 = DIRECTION('',(0.,0.,-1.));
#549 = ORIENTED_EDGE('',*,*,#550,.T.);
#550 = EDGE_CURVE('',#543,#481,#551,.T.);
#551 = LINE('',#552,#553);
#552 = CARTESIAN_POINT('',(100.,-138.,-1.67));
#553 = VECTOR('',#554,1.);
#554 = DIRECTION('',(0.,1.,0.));
#555 = ORIENTED_EDGE('',*,*,#478,.F.);
#556 = ORIENTED_EDGE('',*,*,#557,.F.);
#557 = EDGE_CURVE('',#541,#479,#558,.T.);
#558 = LINE('',#559,#560);
#559 = CARTESIAN_POINT('',(100.,-138.,0.));
#560 = VECTOR('',#561,1.);
#561 = DIRECTION('',(0.,1.,0.));
#562 = PLANE('',#563);
#563 = AXIS2_PLACEMENT_3D('',#564,#565,#566);
#564 = CARTESIAN_POINT('',(100.,-138.,0.));
#565 = DIRECTION('',(1.,-0.,0.));
#566 = DIRECTION('',(0.,1.,0.));
#567 = ADVANCED_FACE('',(#568),#593,.F.);
#568 = FACE_BOUND('',#569,.F.);
#569 = EDGE_LOOP('',(#570,#571,#579,#587));
#570 = ORIENTED_EDGE('',*,*,#518,.T.);
#571 = ORIENTED_EDGE('',*,*,#572,.T.);
#572 = EDGE_CURVE('',#511,#573,#575,.T.);
#573 = VERTEX_POINT('',#574);
#574 = CARTESIAN_POINT('',(165.,-100.,-1.67));
#575 = LINE('',#576,#577);
#576 = CARTESIAN_POINT('',(165.,-28.,-1.67));
#577 = VECTOR('',#578,1.);
#578 = DIRECTION('',(0.,-1.,0.));
#579 = ORIENTED_EDGE('',*,*,#580,.F.);
#580 = EDGE_CURVE('',#581,#573,#583,.T.);
#581 = VERTEX_POINT('',#582);
#582 = CARTESIAN_POINT('',(165.,-100.,0.));
#583 = LINE('',#584,#585);
#584 = CARTESIAN_POINT('',(165.,-100.,0.));
#585 = VECTOR('',#586,1.);
#586 = DIRECTION('',(0.,0.,-1.));
#587 = ORIENTED_EDGE('',*,*,#588,.F.);
#588 = EDGE_CURVE('',#519,#581,#589,.T.);
#589 = LINE('',#590,#591);
#590 = CARTESIAN_POINT('',(165.,-28.,0.));
#591 = VECTOR('',#592,1.);
#592 = DIRECTION('',(0.,-1.,0.));
#593 = PLANE('',#594);
#594 = AXIS2_PLACEMENT_3D('',#595,#596,#597);
#595 = CARTESIAN_POINT('',(165.,-28.,0.));
#596 = DIRECTION('',(-1.,-0.,-0.));
#597 = DIRECTION('',(0.,-1.,0.));
#598 = ADVANCED_FACE('',(#599),#624,.F.);
#599 = FACE_BOUND('',#600,.F.);
#600 = EDGE_LOOP('',(#601,#611,#617,#618));
#601 = ORIENTED_EDGE('',*,*,#602,.T.);
#602 = EDGE_CURVE('',#603,#605,#607,.T.);
#603 = VERTEX_POINT('',#604);
#604 = CARTESIAN_POINT('',(172.,-138.,0.));
#605 = VERTEX_POINT('',#606);
#606 = CARTESIAN_POINT('',(172.,-138.,-1.67));
#607 = LINE('',#608,#609);
#608 = CARTESIAN_POINT('',(172.,-138.,0.));
#609 = VECTOR('',#610,1.);
#610 = DIRECTION('',(0.,0.,-1.));
#611 = ORIENTED_EDGE('',*,*,#612,.T.);
#612 = EDGE_CURVE('',#605,#543,#613,.T.);
#613 = LINE('',#614,#615);
#614 = CARTESIAN_POINT('',(172.,-138.,-1.67));
#615 = VECTOR('',#616,1.);
#616 = DIRECTION('',(-1.,0.,0.));
#617 = ORIENTED_EDGE('',*,*,#540,.F.);
#618 = ORIENTED_EDGE('',*,*,#619,.F.);
#619 = EDGE_CURVE('',#603,#541,#620,.T.);
#620 = LINE('',#621,#622);
#621 = CARTESIAN_POINT('',(172.,-138.,0.));
#622 = VECTOR('',#623,1.);
#623 = DIRECTION('',(-1.,0.,0.));
#624 = PLANE('',#625);
#625 = AXIS2_PLACEMENT_3D('',#626,#627,#628);
#626 = CARTESIAN_POINT('',(172.,-138.,0.));
#627 = DIRECTION('',(0.,1.,0.));
#628 = DIRECTION('',(-1.,0.,0.));
#629 = ADVANCED_FACE('',(#630),#655,.F.);
#630 = FACE_BOUND('',#631,.F.);
#631 = EDGE_LOOP('',(#632,#633,#641,#649));
#632 = ORIENTED_EDGE('',*,*,#580,.T.);
#633 = ORIENTED_EDGE('',*,*,#634,.T.);
#634 = EDGE_CURVE('',#573,#635,#637,.T.);
#635 = VERTEX_POINT('',#636);
#636 = CARTESIAN_POINT('',(172.,-100.,-1.67));
#637 = LINE('',#638,#639);
#638 = CARTESIAN_POINT('',(165.,-100.,-1.67));
#639 = VECTOR('',#640,1.);
#640 = DIRECTION('',(1.,0.,0.));
#641 = ORIENTED_EDGE('',*,*,#642,.F.);
#642 = EDGE_CURVE('',#643,#635,#645,.T.);
#643 = VERTEX_POINT('',#644);
#644 = CARTESIAN_POINT('',(172.,-100.,0.));
#645 = LINE('',#646,#647);
#646 = CARTESIAN_POINT('',(172.,-100.,0.));
#647 = VECTOR('',#648,1.);
#648 = DIRECTION('',(0.,0.,-1.));
#649 = ORIENTED_EDGE('',*,*,#650,.F.);
#650 = EDGE_CURVE('',#581,#643,#651,.T.);
#651 = LINE('',#652,#653);
#652 = CARTESIAN_POINT('',(165.,-100.,0.));
#653 = VECTOR('',#654,1.);
#654 = DIRECTION('',(1.,0.,0.));
#655 = PLANE('',#656);
#656 = AXIS2_PLACEMENT_3D('',#657,#658,#659);
#657 = CARTESIAN_POINT('',(165.,-100.,0.));
#658 = DIRECTION('',(0.,-1.,0.));
#659 = DIRECTION('',(1.,0.,0.));
#660 = ADVANCED_FACE('',(#661),#677,.F.);
#661 = FACE_BOUND('',#662,.F.);
#662 = EDGE_LOOP('',(#663,#664,#670,#671));
#663 = ORIENTED_EDGE('',*,*,#642,.T.);
#664 = ORIENTED_EDGE('',*,*,#665,.T.);
#665 = EDGE_CURVE('',#635,#605,#666,.T.);
#666 = LINE('',#667,#668);
#667 = CARTESIAN_POINT('',(172.,-100.,-1.67));
#668 = VECTOR('',#669,1.);
#669 = DIRECTION('',(0.,-1.,0.));
#670 = ORIENTED_EDGE('',*,*,#602,.F.);
#671 = ORIENTED_EDGE('',*,*,#672,.F.);
#672 = EDGE_CURVE('',#643,#603,#673,.T.);
#673 = LINE('',#674,#675);
#674 = CARTESIAN_POINT('',(172.,-100.,0.));
#675 = VECTOR('',#676,1.);
#676 = DIRECTION('',(0.,-1.,0.));
#677 = PLANE('',#678);
#678 = AXIS2_PLACEMENT_3D('',#679,#680,#681);
#679 = CARTESIAN_POINT('',(172.,-100.,0.));
#680 = DIRECTION('',(-1.,-0.,-0.));
#681 = DIRECTION('',(0.,-1.,0.));
#682 = ADVANCED_FACE('',(#683),#710,.F.);
#683 = FACE_BOUND('',#684,.F.);
#684 = EDGE_LOOP('',(#685,#695,#702,#703));
#685 = ORIENTED_EDGE('',*,*,#686,.T.);
#686 = EDGE_CURVE('',#687,#689,#691,.T.);
#687 = VERTEX_POINT('',#688);
#688 = CARTESIAN_POINT('',(169.63195,-134.,0.));
#689 = VERTEX_POINT('',#690);
#690 = CARTESIAN_POINT('',(169.63195,-134.,-1.67));
#691 = LINE('',#692,#693);
#692 = CARTESIAN_POINT('',(169.63195,-134.,0.));
#693 = VECTOR('',#694,1.);
#694 = DIRECTION('',(0.,0.,-1.));
#695 = ORIENTED_EDGE('',*,*,#696,.T.);
#696 = EDGE_CURVE('',#689,#689,#697,.T.);
#697 = CIRCLE('',#698,1.63195);
#698 = AXIS2_PLACEMENT_3D('',#699,#700,#701);
#699 = CARTESIAN_POINT('',(168.,-134.,-1.67));
#700 = DIRECTION('',(0.,0.,1.));
#701 = DIRECTION('',(1.,0.,-0.));
#702 = ORIENTED_EDGE('',*,*,#686,.F.);
#703 = ORIENTED_EDGE('',*,*,#704,.F.);
#704 = EDGE_CURVE('',#687,#687,#705,.T.);
#705 = CIRCLE('',#706,1.63195);
#706 = AXIS2_PLACEMENT_3D('',#707,#708,#709);
#707 = CARTESIAN_POINT('',(168.,-134.,0.));
#708 = DIRECTION('',(0.,0.,1.));
#709 = DIRECTION('',(1.,0.,-0.));
#710 = CYLINDRICAL_SURFACE('',#711,1.63195);
#711 = AXIS2_PLACEMENT_3D('',#712,#713,#714);
#712 = CARTESIAN_POINT('',(168.,-134.,0.));
#713 = DIRECTION('',(0.,0.,1.));
#714 = DIRECTION('',(1.,0.,-0.));
#715 = ADVANCED_FACE('',(#716),#743,.F.);
#716 = FACE_BOUND('',#717,.F.);
#717 = EDGE_LOOP('',(#718,#728,#735,#736));
#718 = ORIENTED_EDGE('',*,*,#719,.T.);
#719 = EDGE_CURVE('',#720,#722,#724,.T.);
#720 = VERTEX_POINT('',#721);
#721 = CARTESIAN_POINT('',(155.82,-133.,0.));
#722 = VERTEX_POINT('',#723);
#723 = CARTESIAN_POINT('',(155.82,-133.,-1.67));
#724 = LINE('',#725,#726);
#725 = CARTESIAN_POINT('',(155.82,-133.,0.));
#726 = VECTOR('',#727,1.);
#727 = DIRECTION('',(0.,0.,-1.));
#728 = ORIENTED_EDGE('',*,*,#729,.T.);
#729 = EDGE_CURVE('',#722,#722,#730,.T.);
#730 = CIRCLE('',#731,1.32);
#731 = AXIS2_PLACEMENT_3D('',#732,#733,#734);
#732 = CARTESIAN_POINT('',(154.5,-133.,-1.67));
#733 = DIRECTION('',(0.,0.,1.));
#734 = DIRECTION('',(1.,0.,-0.));
#735 = ORIENTED_EDGE('',*,*,#719,.F.);
#736 = ORIENTED_EDGE('',*,*,#737,.F.);
#737 = EDGE_CURVE('',#720,#720,#738,.T.);
#738 = CIRCLE('',#739,1.32);
#739 = AXIS2_PLACEMENT_3D('',#740,#741,#742);
#740 = CARTESIAN_POINT('',(154.5,-133.,0.));
#741 = DIRECTION('',(0.,0.,1.));
#742 = DIRECTION('',(1.,0.,-0.));
#743 = CYLINDRICAL_SURFACE('',#744,1.32);
#744 = AXIS2_PLACEMENT_3D('',#745,#746,#747);
#745 = CARTESIAN_POINT('',(154.5,-133.,0.));
#746 = DIRECTION('',(0.,0.,1.));
#747 = DIRECTION('',(1.,0.,-0.));
#748 = ADVANCED_FACE('',(#749),#776,.F.);
#749 = FACE_BOUND('',#750,.F.);
#750 = EDGE_LOOP('',(#751,#761,#768,#769));
#751 = ORIENTED_EDGE('',*,*,#752,.T.);
#752 = EDGE_CURVE('',#753,#755,#757,.T.);
#753 = VERTEX_POINT('',#754);
#754 = CARTESIAN_POINT('',(157.525,-122.74,0.));
#755 = VERTEX_POINT('',#756);
#756 = CARTESIAN_POINT('',(157.525,-122.74,-1.67));
#757 = LINE('',#758,#759);
#758 = CARTESIAN_POINT('',(157.525,-122.74,0.));
#759 = VECTOR('',#760,1.);
#760 = DIRECTION('',(0.,0.,-1.));
#761 = ORIENTED_EDGE('',*,*,#762,.T.);
#762 = EDGE_CURVE('',#755,#755,#763,.T.);
#763 = CIRCLE('',#764,0.355);
#764 = AXIS2_PLACEMENT_3D('',#765,#766,#767);
#765 = CARTESIAN_POINT('',(157.17,-122.74,-1.67));
#766 = DIRECTION('',(0.,0.,1.));
#767 = DIRECTION('',(1.,0.,-0.));
#768 = ORIENTED_EDGE('',*,*,#752,.F.);
#769 = ORIENTED_EDGE('',*,*,#770,.F.);
#770 = EDGE_CURVE('',#753,#753,#771,.T.);
#771 = CIRCLE('',#772,0.355);
#772 = AXIS2_PLACEMENT_3D('',#773,#774,#775);
#773 = CARTESIAN_POINT('',(157.17,-122.74,0.));
#774 = DIRECTION('',(0.,0.,1.));
#775 = DIRECTION('',(1.,0.,-0.));
#776 = CYLINDRICAL_SURFACE('',#777,0.355);
#777 = AXIS2_PLACEMENT_3D('',#778,#779,#780);
#778 = CARTESIAN_POINT('',(157.17,-122.74,0.));
#779 = DIRECTION('',(0.,0.,1.));
#780 = DIRECTION('',(1.,0.,-0.));
#781 = ADVANCED_FACE('',(#782),#809,.F.);
#782 = FACE_BOUND('',#783,.F.);
#783 = EDGE_LOOP('',(#784,#794,#801,#802));
#784 = ORIENTED_EDGE('',*,*,#785,.T.);
#785 = EDGE_CURVE('',#786,#788,#790,.T.);
#786 = VERTEX_POINT('',#787);
#787 = CARTESIAN_POINT('',(154.985,-122.74,0.));
#788 = VERTEX_POINT('',#789);
#789 = CARTESIAN_POINT('',(154.985,-122.74,-1.67));
#790 = LINE('',#791,#792);
#791 = CARTESIAN_POINT('',(154.985,-122.74,0.));
#792 = VECTOR('',#793,1.);
#793 = DIRECTION('',(0.,0.,-1.));
#794 = ORIENTED_EDGE('',*,*,#795,.T.);
#795 = EDGE_CURVE('',#788,#788,#796,.T.);
#796 = CIRCLE('',#797,0.355);
#797 = AXIS2_PLACEMENT_3D('',#798,#799,#800);
#798 = CARTESIAN_POINT('',(154.63,-122.74,-1.67));
#799 = DIRECTION('',(0.,0.,1.));
#800 = DIRECTION('',(1.,0.,-0.));
#801 = ORIENTED_EDGE('',*,*,#785,.F.);
#802 = ORIENTED_EDGE('',*,*,#803,.F.);
#803 = EDGE_CURVE('',#786,#786,#804,.T.);
#804 = CIRCLE('',#805,0.355);
#805 = AXIS2_PLACEMENT_3D('',#806,#807,#808);
#806 = CARTESIAN_POINT('',(154.63,-122.74,0.));
#807 = DIRECTION('',(0.,0.,1.));
#808 = DIRECTION('',(1.,0.,-0.));
#809 = CYLINDRICAL_SURFACE('',#810,0.355);
#810 = AXIS2_PLACEMENT_3D('',#811,#812,#813);
#811 = CARTESIAN_POINT('',(154.63,-122.74,0.));
#812 = DIRECTION('',(0.,0.,1.));
#813 = DIRECTION('',(1.,0.,-0.));
#814 = ADVANCED_FACE('',(#815),#842,.F.);
#815 = FACE_BOUND('',#816,.F.);
#816 = EDGE_LOOP('',(#817,#827,#834,#835));
#817 = ORIENTED_EDGE('',*,*,#818,.T.);
#818 = EDGE_CURVE('',#819,#821,#823,.T.);
#819 = VERTEX_POINT('',#820);
#820 = CARTESIAN_POINT('',(162.3,-120.2,0.));
#821 = VERTEX_POINT('',#822);
#822 = CARTESIAN_POINT('',(162.3,-120.2,-1.67));
#823 = LINE('',#824,#825);
#824 = CARTESIAN_POINT('',(162.3,-120.2,0.));
#825 = VECTOR('',#826,1.);
#826 = DIRECTION('',(0.,0.,-1.));
#827 = ORIENTED_EDGE('',*,*,#828,.T.);
#828 = EDGE_CURVE('',#821,#821,#829,.T.);
#829 = CIRCLE('',#830,1.32);
#830 = AXIS2_PLACEMENT_3D('',#831,#832,#833);
#831 = CARTESIAN_POINT('',(160.98,-120.2,-1.67));
#832 = DIRECTION('',(0.,0.,1.));
#833 = DIRECTION('',(1.,0.,-0.));
#834 = ORIENTED_EDGE('',*,*,#818,.F.);
#835 = ORIENTED_EDGE('',*,*,#836,.F.);
#836 = EDGE_CURVE('',#819,#819,#837,.T.);
#837 = CIRCLE('',#838,1.32);
#838 = AXIS2_PLACEMENT_3D('',#839,#840,#841);
#839 = CARTESIAN_POINT('',(160.98,-120.2,0.));
#840 = DIRECTION('',(0.,0.,1.));
#841 = DIRECTION('',(1.,0.,-0.));
#842 = CYLINDRICAL_SURFACE('',#843,1.32);
#843 = AXIS2_PLACEMENT_3D('',#844,#845,#846);
#844 = CARTESIAN_POINT('',(160.98,-120.2,0.));
#845 = DIRECTION('',(0.,0.,1.));
#846 = DIRECTION('',(1.,0.,-0.));
#847 = ADVANCED_FACE('',(#848),#875,.F.);
#848 = FACE_BOUND('',#849,.F.);
#849 = EDGE_LOOP('',(#850,#860,#867,#868));
#850 = ORIENTED_EDGE('',*,*,#851,.T.);
#851 = EDGE_CURVE('',#852,#854,#856,.T.);
#852 = VERTEX_POINT('',#853);
#853 = CARTESIAN_POINT('',(156.255,-120.2,0.));
#854 = VERTEX_POINT('',#855);
#855 = CARTESIAN_POINT('',(156.255,-120.2,-1.67));
#856 = LINE('',#857,#858);
#857 = CARTESIAN_POINT('',(156.255,-120.2,0.));
#858 = VECTOR('',#859,1.);
#859 = DIRECTION('',(0.,0.,-1.));
#860 = ORIENTED_EDGE('',*,*,#861,.T.);
#861 = EDGE_CURVE('',#854,#854,#862,.T.);
#862 = CIRCLE('',#863,0.355);
#863 = AXIS2_PLACEMENT_3D('',#864,#865,#866);
#864 = CARTESIAN_POINT('',(155.9,-120.2,-1.67));
#865 = DIRECTION('',(0.,0.,1.));
#866 = DIRECTION('',(1.,0.,-0.));
#867 = ORIENTED_EDGE('',*,*,#851,.F.);
#868 = ORIENTED_EDGE('',*,*,#869,.F.);
#869 = EDGE_CURVE('',#852,#852,#870,.T.);
#870 = CIRCLE('',#871,0.355);
#871 = AXIS2_PLACEMENT_3D('',#872,#873,#874);
#872 = CARTESIAN_POINT('',(155.9,-120.2,0.));
#873 = DIRECTION('',(0.,0.,1.));
#874 = DIRECTION('',(1.,0.,-0.));
#875 = CYLINDRICAL_SURFACE('',#876,0.355);
#876 = AXIS2_PLACEMENT_3D('',#877,#878,#879);
#877 = CARTESIAN_POINT('',(155.9,-120.2,0.));
#878 = DIRECTION('',(0.,0.,1.));
#879 = DIRECTION('',(1.,0.,-0.));
#880 = ADVANCED_FACE('',(#881),#908,.F.);
#881 = FACE_BOUND('',#882,.F.);
#882 = EDGE_LOOP('',(#883,#893,#900,#901));
#883 = ORIENTED_EDGE('',*,*,#884,.T.);
#884 = EDGE_CURVE('',#885,#887,#889,.T.);
#885 = VERTEX_POINT('',#886);
#886 = CARTESIAN_POINT('',(153.715,-120.2,0.));
#887 = VERTEX_POINT('',#888);
#888 = CARTESIAN_POINT('',(153.715,-120.2,-1.67));
#889 = LINE('',#890,#891);
#890 = CARTESIAN_POINT('',(153.715,-120.2,0.));
#891 = VECTOR('',#892,1.);
#892 = DIRECTION('',(0.,0.,-1.));
#893 = ORIENTED_EDGE('',*,*,#894,.T.);
#894 = EDGE_CURVE('',#887,#887,#895,.T.);
#895 = CIRCLE('',#896,0.355);
#896 = AXIS2_PLACEMENT_3D('',#897,#898,#899);
#897 = CARTESIAN_POINT('',(153.36,-120.2,-1.67));
#898 = DIRECTION('',(0.,0.,1.));
#899 = DIRECTION('',(1.,0.,-0.));
#900 = ORIENTED_EDGE('',*,*,#884,.F.);
#901 = ORIENTED_EDGE('',*,*,#902,.F.);
#902 = EDGE_CURVE('',#885,#885,#903,.T.);
#903 = CIRCLE('',#904,0.355);
#904 = AXIS2_PLACEMENT_3D('',#905,#906,#907);
#905 = CARTESIAN_POINT('',(153.36,-120.2,0.));
#906 = DIRECTION('',(0.,0.,1.));
#907 = DIRECTION('',(1.,0.,-0.));
#908 = CYLINDRICAL_SURFACE('',#909,0.355);
#909 = AXIS2_PLACEMENT_3D('',#910,#911,#912);
#910 = CARTESIAN_POINT('',(153.36,-120.2,0.));
#911 = DIRECTION('',(0.,0.,1.));
#912 = DIRECTION('',(1.,0.,-0.));
#913 = ADVANCED_FACE('',(#914),#941,.F.);
#914 = FACE_BOUND('',#915,.F.);
#915 = EDGE_LOOP('',(#916,#926,#933,#934));
#916 = ORIENTED_EDGE('',*,*,#917,.T.);
#917 = EDGE_CURVE('',#918,#920,#922,.T.);
#918 = VERTEX_POINT('',#919);
#919 = CARTESIAN_POINT('',(154.985,-117.66,0.));
#920 = VERTEX_POINT('',#921);
#921 = CARTESIAN_POINT('',(154.985,-117.66,-1.67));
#922 = LINE('',#923,#924);
#923 = CARTESIAN_POINT('',(154.985,-117.66,0.));
#924 = VECTOR('',#925,1.);
#925 = DIRECTION('',(0.,0.,-1.));
#926 = ORIENTED_EDGE('',*,*,#927,.T.);
#927 = EDGE_CURVE('',#920,#920,#928,.T.);
#928 = CIRCLE('',#929,0.355);
#929 = AXIS2_PLACEMENT_3D('',#930,#931,#932);
#930 = CARTESIAN_POINT('',(154.63,-117.66,-1.67));
#931 = DIRECTION('',(0.,0.,1.));
#932 = DIRECTION('',(1.,0.,-0.));
#933 = ORIENTED_EDGE('',*,*,#917,.F.);
#934 = ORIENTED_EDGE('',*,*,#935,.F.);
#935 = EDGE_CURVE('',#918,#918,#936,.T.);
#936 = CIRCLE('',#937,0.355);
#937 = AXIS2_PLACEMENT_3D('',#938,#939,#940);
#938 = CARTESIAN_POINT('',(154.63,-117.66,0.));
#939 = DIRECTION('',(0.,0.,1.));
#940 = DIRECTION('',(1.,0.,-0.));
#941 = CYLINDRICAL_SURFACE('',#942,0.355);
#942 = AXIS2_PLACEMENT_3D('',#943,#944,#945);
#943 = CARTESIAN_POINT('',(154.63,-117.66,0.));
#944 = DIRECTION('',(0.,0.,1.));
#945 = DIRECTION('',(1.,0.,-0.));
#946 = ADVANCED_FACE('',(#947),#974,.F.);
#947 = FACE_BOUND('',#948,.F.);
#948 = EDGE_LOOP('',(#949,#959,#966,#967));
#949 = ORIENTED_EDGE('',*,*,#950,.T.);
#950 = EDGE_CURVE('',#951,#953,#955,.T.);
#951 = VERTEX_POINT('',#952);
#952 = CARTESIAN_POINT('',(149.801,-134.27,0.));
#953 = VERTEX_POINT('',#954);
#954 = CARTESIAN_POINT('',(149.801,-134.27,-1.67));
#955 = LINE('',#956,#957);
#956 = CARTESIAN_POINT('',(149.801,-134.27,0.));
#957 = VECTOR('',#958,1.);
#958 = DIRECTION('',(0.,0.,-1.));
#959 = ORIENTED_EDGE('',*,*,#960,.T.);
#960 = EDGE_CURVE('',#953,#953,#961,.T.);
#961 = CIRCLE('',#962,0.381);
#962 = AXIS2_PLACEMENT_3D('',#963,#964,#965);
#963 = CARTESIAN_POINT('',(149.42,-134.27,-1.67));
#964 = DIRECTION('',(0.,0.,1.));
#965 = DIRECTION('',(1.,0.,-0.));
#966 = ORIENTED_EDGE('',*,*,#950,.F.);
#967 = ORIENTED_EDGE('',*,*,#968,.F.);
#968 = EDGE_CURVE('',#951,#951,#969,.T.);
#969 = CIRCLE('',#970,0.381);
#970 = AXIS2_PLACEMENT_3D('',#971,#972,#973);
#971 = CARTESIAN_POINT('',(149.42,-134.27,0.));
#972 = DIRECTION('',(0.,0.,1.));
#973 = DIRECTION('',(1.,0.,-0.));
#974 = CYLINDRICAL_SURFACE('',#975,0.381);
#975 = AXIS2_PLACEMENT_3D('',#976,#977,#978);
#976 = CARTESIAN_POINT('',(149.42,-134.27,0.));
#977 = DIRECTION('',(0.,0.,1.));
#978 = DIRECTION('',(1.,0.,-0.));
#979 = ADVANCED_FACE('',(#980),#1007,.F.);
#980 = FACE_BOUND('',#981,.F.);
#981 = EDGE_LOOP('',(#982,#992,#999,#1000));
#982 = ORIENTED_EDGE('',*,*,#983,.T.);
#983 = EDGE_CURVE('',#984,#986,#988,.T.);
#984 = VERTEX_POINT('',#985);
#985 = CARTESIAN_POINT('',(151.071,-131.73,0.));
#986 = VERTEX_POINT('',#987);
#987 = CARTESIAN_POINT('',(151.071,-131.73,-1.67));
#988 = LINE('',#989,#990);
#989 = CARTESIAN_POINT('',(151.071,-131.73,0.));
#990 = VECTOR('',#991,1.);
#991 = DIRECTION('',(0.,0.,-1.));
#992 = ORIENTED_EDGE('',*,*,#993,.T.);
#993 = EDGE_CURVE('',#986,#986,#994,.T.);
#994 = CIRCLE('',#995,0.381);
#995 = AXIS2_PLACEMENT_3D('',#996,#997,#998);
#996 = CARTESIAN_POINT('',(150.69,-131.73,-1.67));
#997 = DIRECTION('',(0.,0.,1.));
#998 = DIRECTION('',(1.,0.,-0.));
#999 = ORIENTED_EDGE('',*,*,#983,.F.);
#1000 = ORIENTED_EDGE('',*,*,#1001,.F.);
#1001 = EDGE_CURVE('',#984,#984,#1002,.T.);
#1002 = CIRCLE('',#1003,0.381);
#1003 = AXIS2_PLACEMENT_3D('',#1004,#1005,#1006);
#1004 = CARTESIAN_POINT('',(150.69,-131.73,0.));
#1005 = DIRECTION('',(0.,0.,1.));
#1006 = DIRECTION('',(1.,0.,-0.));
#1007 = CYLINDRICAL_SURFACE('',#1008,0.381);
#1008 = AXIS2_PLACEMENT_3D('',#1009,#1010,#1011);
#1009 = CARTESIAN_POINT('',(150.69,-131.73,0.));
#1010 = DIRECTION('',(0.,0.,1.));
#1011 = DIRECTION('',(1.,0.,-0.));
#1012 = ADVANCED_FACE('',(#1013),#1040,.F.);
#1013 = FACE_BOUND('',#1014,.F.);
#1014 = EDGE_LOOP('',(#1015,#1025,#1032,#1033));
#1015 = ORIENTED_EDGE('',*,*,#1016,.T.);
#1016 = EDGE_CURVE('',#1017,#1019,#1021,.T.);
#1017 = VERTEX_POINT('',#1018);
#1018 = CARTESIAN_POINT('',(147.261,-134.27,0.));
#1019 = VERTEX_POINT('',#1020);
#1020 = CARTESIAN_POINT('',(147.261,-134.27,-1.67));
#1021 = LINE('',#1022,#1023);
#1022 = CARTESIAN_POINT('',(147.261,-134.27,0.));
#1023 = VECTOR('',#1024,1.);
#1024 = DIRECTION('',(0.,0.,-1.));
#1025 = ORIENTED_EDGE('',*,*,#1026,.T.);
#1026 = EDGE_CURVE('',#1019,#1019,#1027,.T.);
#1027 = CIRCLE('',#1028,0.381);
#1028 = AXIS2_PLACEMENT_3D('',#1029,#1030,#1031);
#1029 = CARTESIAN_POINT('',(146.88,-134.27,-1.67));
#1030 = DIRECTION('',(0.,0.,1.));
#1031 = DIRECTION('',(1.,0.,-0.));
#1032 = ORIENTED_EDGE('',*,*,#1016,.F.);
#1033 = ORIENTED_EDGE('',*,*,#1034,.F.);
#1034 = EDGE_CURVE('',#1017,#1017,#1035,.T.);
#1035 = CIRCLE('',#1036,0.381);
#1036 = AXIS2_PLACEMENT_3D('',#1037,#1038,#1039);
#1037 = CARTESIAN_POINT('',(146.88,-134.27,0.));
#1038 = DIRECTION('',(0.,0.,1.));
#1039 = DIRECTION('',(1.,0.,-0.));
#1040 = CYLINDRICAL_SURFACE('',#1041,0.381);
#1041 = AXIS2_PLACEMENT_3D('',#1042,#1043,#1044);
#1042 = CARTESIAN_POINT('',(146.88,-134.27,0.));
#1043 = DIRECTION('',(0.,0.,1.));
#1044 = DIRECTION('',(1.,0.,-0.));
#1045 = ADVANCED_FACE('',(#1046),#1073,.F.);
#1046 = FACE_BOUND('',#1047,.F.);
#1047 = EDGE_LOOP('',(#1048,#1058,#1065,#1066));
#1048 = ORIENTED_EDGE('',*,*,#1049,.T.);
#1049 = EDGE_CURVE('',#1050,#1052,#1054,.T.);
#1050 = VERTEX_POINT('',#1051);
#1051 = CARTESIAN_POINT('',(148.531,-131.73,0.));
#1052 = VERTEX_POINT('',#1053);
#1053 = CARTESIAN_POINT('',(148.531,-131.73,-1.67));
#1054 = LINE('',#1055,#1056);
#1055 = CARTESIAN_POINT('',(148.531,-131.73,0.));
#1056 = VECTOR('',#1057,1.);
#1057 = DIRECTION('',(0.,0.,-1.));
#1058 = ORIENTED_EDGE('',*,*,#1059,.T.);
#1059 = EDGE_CURVE('',#1052,#1052,#1060,.T.);
#1060 = CIRCLE('',#1061,0.381);
#1061 = AXIS2_PLACEMENT_3D('',#1062,#1063,#1064);
#1062 = CARTESIAN_POINT('',(148.15,-131.73,-1.67));
#1063 = DIRECTION('',(0.,0.,1.));
#1064 = DIRECTION('',(1.,0.,-0.));
#1065 = ORIENTED_EDGE('',*,*,#1049,.F.);
#1066 = ORIENTED_EDGE('',*,*,#1067,.F.);
#1067 = EDGE_CURVE('',#1050,#1050,#1068,.T.);
#1068 = CIRCLE('',#1069,0.381);
#1069 = AXIS2_PLACEMENT_3D('',#1070,#1071,#1072);
#1070 = CARTESIAN_POINT('',(148.15,-131.73,0.));
#1071 = DIRECTION('',(0.,0.,1.));
#1072 = DIRECTION('',(1.,0.,-0.));
#1073 = CYLINDRICAL_SURFACE('',#1074,0.381);
#1074 = AXIS2_PLACEMENT_3D('',#1075,#1076,#1077);
#1075 = CARTESIAN_POINT('',(148.15,-131.73,0.));
#1076 = DIRECTION('',(0.,0.,1.));
#1077 = DIRECTION('',(1.,0.,-0.));
#1078 = ADVANCED_FACE('',(#1079),#1106,.F.);
#1079 = FACE_BOUND('',#1080,.F.);
#1080 = EDGE_LOOP('',(#1081,#1091,#1098,#1099));
#1081 = ORIENTED_EDGE('',*,*,#1082,.T.);
#1082 = EDGE_CURVE('',#1083,#1085,#1087,.T.);
#1083 = VERTEX_POINT('',#1084);
#1084 = CARTESIAN_POINT('',(145.991,-131.73,0.));
#1085 = VERTEX_POINT('',#1086);
#1086 = CARTESIAN_POINT('',(145.991,-131.73,-1.67));
#1087 = LINE('',#1088,#1089);
#1088 = CARTESIAN_POINT('',(145.991,-131.73,0.));
#1089 = VECTOR('',#1090,1.);
#1090 = DIRECTION('',(0.,0.,-1.));
#1091 = ORIENTED_EDGE('',*,*,#1092,.T.);
#1092 = EDGE_CURVE('',#1085,#1085,#1093,.T.);
#1093 = CIRCLE('',#1094,0.381);
#1094 = AXIS2_PLACEMENT_3D('',#1095,#1096,#1097);
#1095 = CARTESIAN_POINT('',(145.61,-131.73,-1.67));
#1096 = DIRECTION('',(0.,0.,1.));
#1097 = DIRECTION('',(1.,0.,-0.));
#1098 = ORIENTED_EDGE('',*,*,#1082,.F.);
#1099 = ORIENTED_EDGE('',*,*,#1100,.F.);
#1100 = EDGE_CURVE('',#1083,#1083,#1101,.T.);
#1101 = CIRCLE('',#1102,0.381);
#1102 = AXIS2_PLACEMENT_3D('',#1103,#1104,#1105);
#1103 = CARTESIAN_POINT('',(145.61,-131.73,0.));
#1104 = DIRECTION('',(0.,0.,1.));
#1105 = DIRECTION('',(1.,0.,-0.));
#1106 = CYLINDRICAL_SURFACE('',#1107,0.381);
#1107 = AXIS2_PLACEMENT_3D('',#1108,#1109,#1110);
#1108 = CARTESIAN_POINT('',(145.61,-131.73,0.));
#1109 = DIRECTION('',(0.,0.,1.));
#1110 = DIRECTION('',(1.,0.,-0.));
#1111 = ADVANCED_FACE('',(#1112),#1139,.F.);
#1112 = FACE_BOUND('',#1113,.F.);
#1113 = EDGE_LOOP('',(#1114,#1124,#1131,#1132));
#1114 = ORIENTED_EDGE('',*,*,#1115,.T.);
#1115 = EDGE_CURVE('',#1116,#1118,#1120,.T.);
#1116 = VERTEX_POINT('',#1117);
#1117 = CARTESIAN_POINT('',(152.445,-122.74,0.));
#1118 = VERTEX_POINT('',#1119);
#1119 = CARTESIAN_POINT('',(152.445,-122.74,-1.67));
#1120 = LINE('',#1121,#1122);
#1121 = CARTESIAN_POINT('',(152.445,-122.74,0.));
#1122 = VECTOR('',#1123,1.);
#1123 = DIRECTION('',(0.,0.,-1.));
#1124 = ORIENTED_EDGE('',*,*,#1125,.T.);
#1125 = EDGE_CURVE('',#1118,#1118,#1126,.T.);
#1126 = CIRCLE('',#1127,0.355);
#1127 = AXIS2_PLACEMENT_3D('',#1128,#1129,#1130);
#1128 = CARTESIAN_POINT('',(152.09,-122.74,-1.67));
#1129 = DIRECTION('',(0.,0.,1.));
#1130 = DIRECTION('',(1.,0.,-0.));
#1131 = ORIENTED_EDGE('',*,*,#1115,.F.);
#1132 = ORIENTED_EDGE('',*,*,#1133,.F.);
#1133 = EDGE_CURVE('',#1116,#1116,#1134,.T.);
#1134 = CIRCLE('',#1135,0.355);
#1135 = AXIS2_PLACEMENT_3D('',#1136,#1137,#1138);
#1136 = CARTESIAN_POINT('',(152.09,-122.74,0.));
#1137 = DIRECTION('',(0.,0.,1.));
#1138 = DIRECTION('',(1.,0.,-0.));
#1139 = CYLINDRICAL_SURFACE('',#1140,0.355);
#1140 = AXIS2_PLACEMENT_3D('',#1141,#1142,#1143);
#1141 = CARTESIAN_POINT('',(152.09,-122.74,0.));
#1142 = DIRECTION('',(0.,0.,1.));
#1143 = DIRECTION('',(1.,0.,-0.));
#1144 = ADVANCED_FACE('',(#1145),#1172,.F.);
#1145 = FACE_BOUND('',#1146,.F.);
#1146 = EDGE_LOOP('',(#1147,#1157,#1164,#1165));
#1147 = ORIENTED_EDGE('',*,*,#1148,.T.);
#1148 = EDGE_CURVE('',#1149,#1151,#1153,.T.);
#1149 = VERTEX_POINT('',#1150);
#1150 = CARTESIAN_POINT('',(149.905,-122.74,0.));
#1151 = VERTEX_POINT('',#1152);
#1152 = CARTESIAN_POINT('',(149.905,-122.74,-1.67));
#1153 = LINE('',#1154,#1155);
#1154 = CARTESIAN_POINT('',(149.905,-122.74,0.));
#1155 = VECTOR('',#1156,1.);
#1156 = DIRECTION('',(0.,0.,-1.));
#1157 = ORIENTED_EDGE('',*,*,#1158,.T.);
#1158 = EDGE_CURVE('',#1151,#1151,#1159,.T.);
#1159 = CIRCLE('',#1160,0.355);
#1160 = AXIS2_PLACEMENT_3D('',#1161,#1162,#1163);
#1161 = CARTESIAN_POINT('',(149.55,-122.74,-1.67));
#1162 = DIRECTION('',(0.,0.,1.));
#1163 = DIRECTION('',(1.,0.,-0.));
#1164 = ORIENTED_EDGE('',*,*,#1148,.F.);
#1165 = ORIENTED_EDGE('',*,*,#1166,.F.);
#1166 = EDGE_CURVE('',#1149,#1149,#1167,.T.);
#1167 = CIRCLE('',#1168,0.355);
#1168 = AXIS2_PLACEMENT_3D('',#1169,#1170,#1171);
#1169 = CARTESIAN_POINT('',(149.55,-122.74,0.));
#1170 = DIRECTION('',(0.,0.,1.));
#1171 = DIRECTION('',(1.,0.,-0.));
#1172 = CYLINDRICAL_SURFACE('',#1173,0.355);
#1173 = AXIS2_PLACEMENT_3D('',#1174,#1175,#1176);
#1174 = CARTESIAN_POINT('',(149.55,-122.74,0.));
#1175 = DIRECTION('',(0.,0.,1.));
#1176 = DIRECTION('',(1.,0.,-0.));
#1177 = ADVANCED_FACE('',(#1178),#1205,.F.);
#1178 = FACE_BOUND('',#1179,.F.);
#1179 = EDGE_LOOP('',(#1180,#1190,#1197,#1198));
#1180 = ORIENTED_EDGE('',*,*,#1181,.T.);
#1181 = EDGE_CURVE('',#1182,#1184,#1186,.T.);
#1182 = VERTEX_POINT('',#1183);
#1183 = CARTESIAN_POINT('',(147.365,-122.74,0.));
#1184 = VERTEX_POINT('',#1185);
#1185 = CARTESIAN_POINT('',(147.365,-122.74,-1.67));
#1186 = LINE('',#1187,#1188);
#1187 = CARTESIAN_POINT('',(147.365,-122.74,0.));
#1188 = VECTOR('',#1189,1.);
#1189 = DIRECTION('',(0.,0.,-1.));
#1190 = ORIENTED_EDGE('',*,*,#1191,.T.);
#1191 = EDGE_CURVE('',#1184,#1184,#1192,.T.);
#1192 = CIRCLE('',#1193,0.355);
#1193 = AXIS2_PLACEMENT_3D('',#1194,#1195,#1196);
#1194 = CARTESIAN_POINT('',(147.01,-122.74,-1.67));
#1195 = DIRECTION('',(0.,0.,1.));
#1196 = DIRECTION('',(1.,0.,-0.));
#1197 = ORIENTED_EDGE('',*,*,#1181,.F.);
#1198 = ORIENTED_EDGE('',*,*,#1199,.F.);
#1199 = EDGE_CURVE('',#1182,#1182,#1200,.T.);
#1200 = CIRCLE('',#1201,0.355);
#1201 = AXIS2_PLACEMENT_3D('',#1202,#1203,#1204);
#1202 = CARTESIAN_POINT('',(147.01,-122.74,0.));
#1203 = DIRECTION('',(0.,0.,1.));
#1204 = DIRECTION('',(1.,0.,-0.));
#1205 = CYLINDRICAL_SURFACE('',#1206,0.355);
#1206 = AXIS2_PLACEMENT_3D('',#1207,#1208,#1209);
#1207 = CARTESIAN_POINT('',(147.01,-122.74,0.));
#1208 = DIRECTION('',(0.,0.,1.));
#1209 = DIRECTION('',(1.,0.,-0.));
#1210 = ADVANCED_FACE('',(#1211),#1238,.F.);
#1211 = FACE_BOUND('',#1212,.F.);
#1212 = EDGE_LOOP('',(#1213,#1223,#1230,#1231));
#1213 = ORIENTED_EDGE('',*,*,#1214,.T.);
#1214 = EDGE_CURVE('',#1215,#1217,#1219,.T.);
#1215 = VERTEX_POINT('',#1216);
#1216 = CARTESIAN_POINT('',(144.825,-122.74,0.));
#1217 = VERTEX_POINT('',#1218);
#1218 = CARTESIAN_POINT('',(144.825,-122.74,-1.67));
#1219 = LINE('',#1220,#1221);
#1220 = CARTESIAN_POINT('',(144.825,-122.74,0.));
#1221 = VECTOR('',#1222,1.);
#1222 = DIRECTION('',(0.,0.,-1.));
#1223 = ORIENTED_EDGE('',*,*,#1224,.T.);
#1224 = EDGE_CURVE('',#1217,#1217,#1225,.T.);
#1225 = CIRCLE('',#1226,0.355);
#1226 = AXIS2_PLACEMENT_3D('',#1227,#1228,#1229);
#1227 = CARTESIAN_POINT('',(144.47,-122.74,-1.67));
#1228 = DIRECTION('',(0.,0.,1.));
#1229 = DIRECTION('',(1.,0.,-0.));
#1230 = ORIENTED_EDGE('',*,*,#1214,.F.);
#1231 = ORIENTED_EDGE('',*,*,#1232,.F.);
#1232 = EDGE_CURVE('',#1215,#1215,#1233,.T.);
#1233 = CIRCLE('',#1234,0.355);
#1234 = AXIS2_PLACEMENT_3D('',#1235,#1236,#1237);
#1235 = CARTESIAN_POINT('',(144.47,-122.74,0.));
#1236 = DIRECTION('',(0.,0.,1.));
#1237 = DIRECTION('',(1.,0.,-0.));
#1238 = CYLINDRICAL_SURFACE('',#1239,0.355);
#1239 = AXIS2_PLACEMENT_3D('',#1240,#1241,#1242);
#1240 = CARTESIAN_POINT('',(144.47,-122.74,0.));
#1241 = DIRECTION('',(0.,0.,1.));
#1242 = DIRECTION('',(1.,0.,-0.));
#1243 = ADVANCED_FACE('',(#1244),#1271,.F.);
#1244 = FACE_BOUND('',#1245,.F.);
#1245 = EDGE_LOOP('',(#1246,#1256,#1263,#1264));
#1246 = ORIENTED_EDGE('',*,*,#1247,.T.);
#1247 = EDGE_CURVE('',#1248,#1250,#1252,.T.);
#1248 = VERTEX_POINT('',#1249);
#1249 = CARTESIAN_POINT('',(144.721,-134.27,0.));
#1250 = VERTEX_POINT('',#1251);
#1251 = CARTESIAN_POINT('',(144.721,-134.27,-1.67));
#1252 = LINE('',#1253,#1254);
#1253 = CARTESIAN_POINT('',(144.721,-134.27,0.));
#1254 = VECTOR('',#1255,1.);
#1255 = DIRECTION('',(0.,0.,-1.));
#1256 = ORIENTED_EDGE('',*,*,#1257,.T.);
#1257 = EDGE_CURVE('',#1250,#1250,#1258,.T.);
#1258 = CIRCLE('',#1259,0.381);
#1259 = AXIS2_PLACEMENT_3D('',#1260,#1261,#1262);
#1260 = CARTESIAN_POINT('',(144.34,-134.27,-1.67));
#1261 = DIRECTION('',(0.,0.,1.));
#1262 = DIRECTION('',(1.,0.,-0.));
#1263 = ORIENTED_EDGE('',*,*,#1247,.F.);
#1264 = ORIENTED_EDGE('',*,*,#1265,.F.);
#1265 = EDGE_CURVE('',#1248,#1248,#1266,.T.);
#1266 = CIRCLE('',#1267,0.381);
#1267 = AXIS2_PLACEMENT_3D('',#1268,#1269,#1270);
#1268 = CARTESIAN_POINT('',(144.34,-134.27,0.));
#1269 = DIRECTION('',(0.,0.,1.));
#1270 = DIRECTION('',(1.,0.,-0.));
#1271 = CYLINDRICAL_SURFACE('',#1272,0.381);
#1272 = AXIS2_PLACEMENT_3D('',#1273,#1274,#1275);
#1273 = CARTESIAN_POINT('',(144.34,-134.27,0.));
#1274 = DIRECTION('',(0.,0.,1.));
#1275 = DIRECTION('',(1.,0.,-0.));
#1276 = ADVANCED_FACE('',(#1277),#1304,.F.);
#1277 = FACE_BOUND('',#1278,.F.);
#1278 = EDGE_LOOP('',(#1279,#1289,#1296,#1297));
#1279 = ORIENTED_EDGE('',*,*,#1280,.T.);
#1280 = EDGE_CURVE('',#1281,#1283,#1285,.T.);
#1281 = VERTEX_POINT('',#1282);
#1282 = CARTESIAN_POINT('',(142.181,-134.27,0.));
#1283 = VERTEX_POINT('',#1284);
#1284 = CARTESIAN_POINT('',(142.181,-134.27,-1.67));
#1285 = LINE('',#1286,#1287);
#1286 = CARTESIAN_POINT('',(142.181,-134.27,0.));
#1287 = VECTOR('',#1288,1.);
#1288 = DIRECTION('',(0.,0.,-1.));
#1289 = ORIENTED_EDGE('',*,*,#1290,.T.);
#1290 = EDGE_CURVE('',#1283,#1283,#1291,.T.);
#1291 = CIRCLE('',#1292,0.381);
#1292 = AXIS2_PLACEMENT_3D('',#1293,#1294,#1295);
#1293 = CARTESIAN_POINT('',(141.8,-134.27,-1.67));
#1294 = DIRECTION('',(0.,0.,1.));
#1295 = DIRECTION('',(1.,0.,-0.));
#1296 = ORIENTED_EDGE('',*,*,#1280,.F.);
#1297 = ORIENTED_EDGE('',*,*,#1298,.F.);
#1298 = EDGE_CURVE('',#1281,#1281,#1299,.T.);
#1299 = CIRCLE('',#1300,0.381);
#1300 = AXIS2_PLACEMENT_3D('',#1301,#1302,#1303);
#1301 = CARTESIAN_POINT('',(141.8,-134.27,0.));
#1302 = DIRECTION('',(0.,0.,1.));
#1303 = DIRECTION('',(1.,0.,-0.));
#1304 = CYLINDRICAL_SURFACE('',#1305,0.381);
#1305 = AXIS2_PLACEMENT_3D('',#1306,#1307,#1308);
#1306 = CARTESIAN_POINT('',(141.8,-134.27,0.));
#1307 = DIRECTION('',(0.,0.,1.));
#1308 = DIRECTION('',(1.,0.,-0.));
#1309 = ADVANCED_FACE('',(#1310),#1337,.F.);
#1310 = FACE_BOUND('',#1311,.F.);
#1311 = EDGE_LOOP('',(#1312,#1322,#1329,#1330));
#1312 = ORIENTED_EDGE('',*,*,#1313,.T.);
#1313 = EDGE_CURVE('',#1314,#1316,#1318,.T.);
#1314 = VERTEX_POINT('',#1315);
#1315 = CARTESIAN_POINT('',(143.451,-131.73,0.));
#1316 = VERTEX_POINT('',#1317);
#1317 = CARTESIAN_POINT('',(143.451,-131.73,-1.67));
#1318 = LINE('',#1319,#1320);
#1319 = CARTESIAN_POINT('',(143.451,-131.73,0.));
#1320 = VECTOR('',#1321,1.);
#1321 = DIRECTION('',(0.,0.,-1.));
#1322 = ORIENTED_EDGE('',*,*,#1323,.T.);
#1323 = EDGE_CURVE('',#1316,#1316,#1324,.T.);
#1324 = CIRCLE('',#1325,0.381);
#1325 = AXIS2_PLACEMENT_3D('',#1326,#1327,#1328);
#1326 = CARTESIAN_POINT('',(143.07,-131.73,-1.67));
#1327 = DIRECTION('',(0.,0.,1.));
#1328 = DIRECTION('',(1.,0.,-0.));
#1329 = ORIENTED_EDGE('',*,*,#1313,.F.);
#1330 = ORIENTED_EDGE('',*,*,#1331,.F.);
#1331 = EDGE_CURVE('',#1314,#1314,#1332,.T.);
#1332 = CIRCLE('',#1333,0.381);
#1333 = AXIS2_PLACEMENT_3D('',#1334,#1335,#1336);
#1334 = CARTESIAN_POINT('',(143.07,-131.73,0.));
#1335 = DIRECTION('',(0.,0.,1.));
#1336 = DIRECTION('',(1.,0.,-0.));
#1337 = CYLINDRICAL_SURFACE('',#1338,0.381);
#1338 = AXIS2_PLACEMENT_3D('',#1339,#1340,#1341);
#1339 = CARTESIAN_POINT('',(143.07,-131.73,0.));
#1340 = DIRECTION('',(0.,0.,1.));
#1341 = DIRECTION('',(1.,0.,-0.));
#1342 = ADVANCED_FACE('',(#1343),#1370,.F.);
#1343 = FACE_BOUND('',#1344,.F.);
#1344 = EDGE_LOOP('',(#1345,#1355,#1362,#1363));
#1345 = ORIENTED_EDGE('',*,*,#1346,.T.);
#1346 = EDGE_CURVE('',#1347,#1349,#1351,.T.);
#1347 = VERTEX_POINT('',#1348);
#1348 = CARTESIAN_POINT('',(140.911,-131.73,0.));
#1349 = VERTEX_POINT('',#1350);
#1350 = CARTESIAN_POINT('',(140.911,-131.73,-1.67));
#1351 = LINE('',#1352,#1353);
#1352 = CARTESIAN_POINT('',(140.911,-131.73,0.));
#1353 = VECTOR('',#1354,1.);
#1354 = DIRECTION('',(0.,0.,-1.));
#1355 = ORIENTED_EDGE('',*,*,#1356,.T.);
#1356 = EDGE_CURVE('',#1349,#1349,#1357,.T.);
#1357 = CIRCLE('',#1358,0.381);
#1358 = AXIS2_PLACEMENT_3D('',#1359,#1360,#1361);
#1359 = CARTESIAN_POINT('',(140.53,-131.73,-1.67));
#1360 = DIRECTION('',(0.,0.,1.));
#1361 = DIRECTION('',(1.,0.,-0.));
#1362 = ORIENTED_EDGE('',*,*,#1346,.F.);
#1363 = ORIENTED_EDGE('',*,*,#1364,.F.);
#1364 = EDGE_CURVE('',#1347,#1347,#1365,.T.);
#1365 = CIRCLE('',#1366,0.381);
#1366 = AXIS2_PLACEMENT_3D('',#1367,#1368,#1369);
#1367 = CARTESIAN_POINT('',(140.53,-131.73,0.));
#1368 = DIRECTION('',(0.,0.,1.));
#1369 = DIRECTION('',(1.,0.,-0.));
#1370 = CYLINDRICAL_SURFACE('',#1371,0.381);
#1371 = AXIS2_PLACEMENT_3D('',#1372,#1373,#1374);
#1372 = CARTESIAN_POINT('',(140.53,-131.73,0.));
#1373 = DIRECTION('',(0.,0.,1.));
#1374 = DIRECTION('',(1.,0.,-0.));
#1375 = ADVANCED_FACE('',(#1376),#1403,.F.);
#1376 = FACE_BOUND('',#1377,.F.);
#1377 = EDGE_LOOP('',(#1378,#1388,#1395,#1396));
#1378 = ORIENTED_EDGE('',*,*,#1379,.T.);
#1379 = EDGE_CURVE('',#1380,#1382,#1384,.T.);
#1380 = VERTEX_POINT('',#1381);
#1381 = CARTESIAN_POINT('',(139.641,-134.27,0.));
#1382 = VERTEX_POINT('',#1383);
#1383 = CARTESIAN_POINT('',(139.641,-134.27,-1.67));
#1384 = LINE('',#1385,#1386);
#1385 = CARTESIAN_POINT('',(139.641,-134.27,0.));
#1386 = VECTOR('',#1387,1.);
#1387 = DIRECTION('',(0.,0.,-1.));
#1388 = ORIENTED_EDGE('',*,*,#1389,.T.);
#1389 = EDGE_CURVE('',#1382,#1382,#1390,.T.);
#1390 = CIRCLE('',#1391,0.381);
#1391 = AXIS2_PLACEMENT_3D('',#1392,#1393,#1394);
#1392 = CARTESIAN_POINT('',(139.26,-134.27,-1.67));
#1393 = DIRECTION('',(0.,0.,1.));
#1394 = DIRECTION('',(1.,0.,-0.));
#1395 = ORIENTED_EDGE('',*,*,#1379,.F.);
#1396 = ORIENTED_EDGE('',*,*,#1397,.F.);
#1397 = EDGE_CURVE('',#1380,#1380,#1398,.T.);
#1398 = CIRCLE('',#1399,0.381);
#1399 = AXIS2_PLACEMENT_3D('',#1400,#1401,#1402);
#1400 = CARTESIAN_POINT('',(139.26,-134.27,0.));
#1401 = DIRECTION('',(0.,0.,1.));
#1402 = DIRECTION('',(1.,0.,-0.));
#1403 = CYLINDRICAL_SURFACE('',#1404,0.381);
#1404 = AXIS2_PLACEMENT_3D('',#1405,#1406,#1407);
#1405 = CARTESIAN_POINT('',(139.26,-134.27,0.));
#1406 = DIRECTION('',(0.,0.,1.));
#1407 = DIRECTION('',(1.,0.,-0.));
#1408 = ADVANCED_FACE('',(#1409),#1436,.F.);
#1409 = FACE_BOUND('',#1410,.F.);
#1410 = EDGE_LOOP('',(#1411,#1421,#1428,#1429));
#1411 = ORIENTED_EDGE('',*,*,#1412,.T.);
#1412 = EDGE_CURVE('',#1413,#1415,#1417,.T.);
#1413 = VERTEX_POINT('',#1414);
#1414 = CARTESIAN_POINT('',(137.101,-134.27,0.));
#1415 = VERTEX_POINT('',#1416);
#1416 = CARTESIAN_POINT('',(137.101,-134.27,-1.67));
#1417 = LINE('',#1418,#1419);
#1418 = CARTESIAN_POINT('',(137.101,-134.27,0.));
#1419 = VECTOR('',#1420,1.);
#1420 = DIRECTION('',(0.,0.,-1.));
#1421 = ORIENTED_EDGE('',*,*,#1422,.T.);
#1422 = EDGE_CURVE('',#1415,#1415,#1423,.T.);
#1423 = CIRCLE('',#1424,0.381);
#1424 = AXIS2_PLACEMENT_3D('',#1425,#1426,#1427);
#1425 = CARTESIAN_POINT('',(136.72,-134.27,-1.67));
#1426 = DIRECTION('',(0.,0.,1.));
#1427 = DIRECTION('',(1.,0.,-0.));
#1428 = ORIENTED_EDGE('',*,*,#1412,.F.);
#1429 = ORIENTED_EDGE('',*,*,#1430,.F.);
#1430 = EDGE_CURVE('',#1413,#1413,#1431,.T.);
#1431 = CIRCLE('',#1432,0.381);
#1432 = AXIS2_PLACEMENT_3D('',#1433,#1434,#1435);
#1433 = CARTESIAN_POINT('',(136.72,-134.27,0.));
#1434 = DIRECTION('',(0.,0.,1.));
#1435 = DIRECTION('',(1.,0.,-0.));
#1436 = CYLINDRICAL_SURFACE('',#1437,0.381);
#1437 = AXIS2_PLACEMENT_3D('',#1438,#1439,#1440);
#1438 = CARTESIAN_POINT('',(136.72,-134.27,0.));
#1439 = DIRECTION('',(0.,0.,1.));
#1440 = DIRECTION('',(1.,0.,-0.));
#1441 = ADVANCED_FACE('',(#1442),#1469,.F.);
#1442 = FACE_BOUND('',#1443,.F.);
#1443 = EDGE_LOOP('',(#1444,#1454,#1461,#1462));
#1444 = ORIENTED_EDGE('',*,*,#1445,.T.);
#1445 = EDGE_CURVE('',#1446,#1448,#1450,.T.);
#1446 = VERTEX_POINT('',#1447);
#1447 = CARTESIAN_POINT('',(138.371,-131.73,0.));
#1448 = VERTEX_POINT('',#1449);
#1449 = CARTESIAN_POINT('',(138.371,-131.73,-1.67));
#1450 = LINE('',#1451,#1452);
#1451 = CARTESIAN_POINT('',(138.371,-131.73,0.));
#1452 = VECTOR('',#1453,1.);
#1453 = DIRECTION('',(0.,0.,-1.));
#1454 = ORIENTED_EDGE('',*,*,#1455,.T.);
#1455 = EDGE_CURVE('',#1448,#1448,#1456,.T.);
#1456 = CIRCLE('',#1457,0.381);
#1457 = AXIS2_PLACEMENT_3D('',#1458,#1459,#1460);
#1458 = CARTESIAN_POINT('',(137.99,-131.73,-1.67));
#1459 = DIRECTION('',(0.,0.,1.));
#1460 = DIRECTION('',(1.,0.,-0.));
#1461 = ORIENTED_EDGE('',*,*,#1445,.F.);
#1462 = ORIENTED_EDGE('',*,*,#1463,.F.);
#1463 = EDGE_CURVE('',#1446,#1446,#1464,.T.);
#1464 = CIRCLE('',#1465,0.381);
#1465 = AXIS2_PLACEMENT_3D('',#1466,#1467,#1468);
#1466 = CARTESIAN_POINT('',(137.99,-131.73,0.));
#1467 = DIRECTION('',(0.,0.,1.));
#1468 = DIRECTION('',(1.,0.,-0.));
#1469 = CYLINDRICAL_SURFACE('',#1470,0.381);
#1470 = AXIS2_PLACEMENT_3D('',#1471,#1472,#1473);
#1471 = CARTESIAN_POINT('',(137.99,-131.73,0.));
#1472 = DIRECTION('',(0.,0.,1.));
#1473 = DIRECTION('',(1.,0.,-0.));
#1474 = ADVANCED_FACE('',(#1475),#1502,.F.);
#1475 = FACE_BOUND('',#1476,.F.);
#1476 = EDGE_LOOP('',(#1477,#1487,#1494,#1495));
#1477 = ORIENTED_EDGE('',*,*,#1478,.T.);
#1478 = EDGE_CURVE('',#1479,#1481,#1483,.T.);
#1479 = VERTEX_POINT('',#1480);
#1480 = CARTESIAN_POINT('',(142.285,-122.74,0.));
#1481 = VERTEX_POINT('',#1482);
#1482 = CARTESIAN_POINT('',(142.285,-122.74,-1.67));
#1483 = LINE('',#1484,#1485);
#1484 = CARTESIAN_POINT('',(142.285,-122.74,0.));
#1485 = VECTOR('',#1486,1.);
#1486 = DIRECTION('',(0.,0.,-1.));
#1487 = ORIENTED_EDGE('',*,*,#1488,.T.);
#1488 = EDGE_CURVE('',#1481,#1481,#1489,.T.);
#1489 = CIRCLE('',#1490,0.355);
#1490 = AXIS2_PLACEMENT_3D('',#1491,#1492,#1493);
#1491 = CARTESIAN_POINT('',(141.93,-122.74,-1.67));
#1492 = DIRECTION('',(0.,0.,1.));
#1493 = DIRECTION('',(1.,0.,-0.));
#1494 = ORIENTED_EDGE('',*,*,#1478,.F.);
#1495 = ORIENTED_EDGE('',*,*,#1496,.F.);
#1496 = EDGE_CURVE('',#1479,#1479,#1497,.T.);
#1497 = CIRCLE('',#1498,0.355);
#1498 = AXIS2_PLACEMENT_3D('',#1499,#1500,#1501);
#1499 = CARTESIAN_POINT('',(141.93,-122.74,0.));
#1500 = DIRECTION('',(0.,0.,1.));
#1501 = DIRECTION('',(1.,0.,-0.));
#1502 = CYLINDRICAL_SURFACE('',#1503,0.355);
#1503 = AXIS2_PLACEMENT_3D('',#1504,#1505,#1506);
#1504 = CARTESIAN_POINT('',(141.93,-122.74,0.));
#1505 = DIRECTION('',(0.,0.,1.));
#1506 = DIRECTION('',(1.,0.,-0.));
#1507 = ADVANCED_FACE('',(#1508),#1535,.F.);
#1508 = FACE_BOUND('',#1509,.F.);
#1509 = EDGE_LOOP('',(#1510,#1520,#1527,#1528));
#1510 = ORIENTED_EDGE('',*,*,#1511,.T.);
#1511 = EDGE_CURVE('',#1512,#1514,#1516,.T.);
#1512 = VERTEX_POINT('',#1513);
#1513 = CARTESIAN_POINT('',(139.745,-122.74,0.));
#1514 = VERTEX_POINT('',#1515);
#1515 = CARTESIAN_POINT('',(139.745,-122.74,-1.67));
#1516 = LINE('',#1517,#1518);
#1517 = CARTESIAN_POINT('',(139.745,-122.74,0.));
#1518 = VECTOR('',#1519,1.);
#1519 = DIRECTION('',(0.,0.,-1.));
#1520 = ORIENTED_EDGE('',*,*,#1521,.T.);
#1521 = EDGE_CURVE('',#1514,#1514,#1522,.T.);
#1522 = CIRCLE('',#1523,0.355);
#1523 = AXIS2_PLACEMENT_3D('',#1524,#1525,#1526);
#1524 = CARTESIAN_POINT('',(139.39,-122.74,-1.67));
#1525 = DIRECTION('',(0.,0.,1.));
#1526 = DIRECTION('',(1.,0.,-0.));
#1527 = ORIENTED_EDGE('',*,*,#1511,.F.);
#1528 = ORIENTED_EDGE('',*,*,#1529,.F.);
#1529 = EDGE_CURVE('',#1512,#1512,#1530,.T.);
#1530 = CIRCLE('',#1531,0.355);
#1531 = AXIS2_PLACEMENT_3D('',#1532,#1533,#1534);
#1532 = CARTESIAN_POINT('',(139.39,-122.74,0.));
#1533 = DIRECTION('',(0.,0.,1.));
#1534 = DIRECTION('',(1.,0.,-0.));
#1535 = CYLINDRICAL_SURFACE('',#1536,0.355);
#1536 = AXIS2_PLACEMENT_3D('',#1537,#1538,#1539);
#1537 = CARTESIAN_POINT('',(139.39,-122.74,0.));
#1538 = DIRECTION('',(0.,0.,1.));
#1539 = DIRECTION('',(1.,0.,-0.));
#1540 = ADVANCED_FACE('',(#1541),#1568,.F.);
#1541 = FACE_BOUND('',#1542,.F.);
#1542 = EDGE_LOOP('',(#1543,#1553,#1560,#1561));
#1543 = ORIENTED_EDGE('',*,*,#1544,.T.);
#1544 = EDGE_CURVE('',#1545,#1547,#1549,.T.);
#1545 = VERTEX_POINT('',#1546);
#1546 = CARTESIAN_POINT('',(137.205,-122.74,0.));
#1547 = VERTEX_POINT('',#1548);
#1548 = CARTESIAN_POINT('',(137.205,-122.74,-1.67));
#1549 = LINE('',#1550,#1551);
#1550 = CARTESIAN_POINT('',(137.205,-122.74,0.));
#1551 = VECTOR('',#1552,1.);
#1552 = DIRECTION('',(0.,0.,-1.));
#1553 = ORIENTED_EDGE('',*,*,#1554,.T.);
#1554 = EDGE_CURVE('',#1547,#1547,#1555,.T.);
#1555 = CIRCLE('',#1556,0.355);
#1556 = AXIS2_PLACEMENT_3D('',#1557,#1558,#1559);
#1557 = CARTESIAN_POINT('',(136.85,-122.74,-1.67));
#1558 = DIRECTION('',(0.,0.,1.));
#1559 = DIRECTION('',(1.,0.,-0.));
#1560 = ORIENTED_EDGE('',*,*,#1544,.F.);
#1561 = ORIENTED_EDGE('',*,*,#1562,.F.);
#1562 = EDGE_CURVE('',#1545,#1545,#1563,.T.);
#1563 = CIRCLE('',#1564,0.355);
#1564 = AXIS2_PLACEMENT_3D('',#1565,#1566,#1567);
#1565 = CARTESIAN_POINT('',(136.85,-122.74,0.));
#1566 = DIRECTION('',(0.,0.,1.));
#1567 = DIRECTION('',(1.,0.,-0.));
#1568 = CYLINDRICAL_SURFACE('',#1569,0.355);
#1569 = AXIS2_PLACEMENT_3D('',#1570,#1571,#1572);
#1570 = CARTESIAN_POINT('',(136.85,-122.74,0.));
#1571 = DIRECTION('',(0.,0.,1.));
#1572 = DIRECTION('',(1.,0.,-0.));
#1573 = ADVANCED_FACE('',(#1574),#1601,.F.);
#1574 = FACE_BOUND('',#1575,.F.);
#1575 = EDGE_LOOP('',(#1576,#1586,#1593,#1594));
#1576 = ORIENTED_EDGE('',*,*,#1577,.T.);
#1577 = EDGE_CURVE('',#1578,#1580,#1582,.T.);
#1578 = VERTEX_POINT('',#1579);
#1579 = CARTESIAN_POINT('',(151.175,-120.2,0.));
#1580 = VERTEX_POINT('',#1581);
#1581 = CARTESIAN_POINT('',(151.175,-120.2,-1.67));
#1582 = LINE('',#1583,#1584);
#1583 = CARTESIAN_POINT('',(151.175,-120.2,0.));
#1584 = VECTOR('',#1585,1.);
#1585 = DIRECTION('',(0.,0.,-1.));
#1586 = ORIENTED_EDGE('',*,*,#1587,.T.);
#1587 = EDGE_CURVE('',#1580,#1580,#1588,.T.);
#1588 = CIRCLE('',#1589,0.355);
#1589 = AXIS2_PLACEMENT_3D('',#1590,#1591,#1592);
#1590 = CARTESIAN_POINT('',(150.82,-120.2,-1.67));
#1591 = DIRECTION('',(0.,0.,1.));
#1592 = DIRECTION('',(1.,0.,-0.));
#1593 = ORIENTED_EDGE('',*,*,#1577,.F.);
#1594 = ORIENTED_EDGE('',*,*,#1595,.F.);
#1595 = EDGE_CURVE('',#1578,#1578,#1596,.T.);
#1596 = CIRCLE('',#1597,0.355);
#1597 = AXIS2_PLACEMENT_3D('',#1598,#1599,#1600);
#1598 = CARTESIAN_POINT('',(150.82,-120.2,0.));
#1599 = DIRECTION('',(0.,0.,1.));
#1600 = DIRECTION('',(1.,0.,-0.));
#1601 = CYLINDRICAL_SURFACE('',#1602,0.355);
#1602 = AXIS2_PLACEMENT_3D('',#1603,#1604,#1605);
#1603 = CARTESIAN_POINT('',(150.82,-120.2,0.));
#1604 = DIRECTION('',(0.,0.,1.));
#1605 = DIRECTION('',(1.,0.,-0.));
#1606 = ADVANCED_FACE('',(#1607),#1634,.F.);
#1607 = FACE_BOUND('',#1608,.F.);
#1608 = EDGE_LOOP('',(#1609,#1619,#1626,#1627));
#1609 = ORIENTED_EDGE('',*,*,#1610,.T.);
#1610 = EDGE_CURVE('',#1611,#1613,#1615,.T.);
#1611 = VERTEX_POINT('',#1612);
#1612 = CARTESIAN_POINT('',(152.445,-117.66,0.));
#1613 = VERTEX_POINT('',#1614);
#1614 = CARTESIAN_POINT('',(152.445,-117.66,-1.67));
#1615 = LINE('',#1616,#1617);
#1616 = CARTESIAN_POINT('',(152.445,-117.66,0.));
#1617 = VECTOR('',#1618,1.);
#1618 = DIRECTION('',(0.,0.,-1.));
#1619 = ORIENTED_EDGE('',*,*,#1620,.T.);
#1620 = EDGE_CURVE('',#1613,#1613,#1621,.T.);
#1621 = CIRCLE('',#1622,0.355);
#1622 = AXIS2_PLACEMENT_3D('',#1623,#1624,#1625);
#1623 = CARTESIAN_POINT('',(152.09,-117.66,-1.67));
#1624 = DIRECTION('',(0.,0.,1.));
#1625 = DIRECTION('',(1.,0.,-0.));
#1626 = ORIENTED_EDGE('',*,*,#1610,.F.);
#1627 = ORIENTED_EDGE('',*,*,#1628,.F.);
#1628 = EDGE_CURVE('',#1611,#1611,#1629,.T.);
#1629 = CIRCLE('',#1630,0.355);
#1630 = AXIS2_PLACEMENT_3D('',#1631,#1632,#1633);
#1631 = CARTESIAN_POINT('',(152.09,-117.66,0.));
#1632 = DIRECTION('',(0.,0.,1.));
#1633 = DIRECTION('',(1.,0.,-0.));
#1634 = CYLINDRICAL_SURFACE('',#1635,0.355);
#1635 = AXIS2_PLACEMENT_3D('',#1636,#1637,#1638);
#1636 = CARTESIAN_POINT('',(152.09,-117.66,0.));
#1637 = DIRECTION('',(0.,0.,1.));
#1638 = DIRECTION('',(1.,0.,-0.));
#1639 = ADVANCED_FACE('',(#1640),#1667,.F.);
#1640 = FACE_BOUND('',#1641,.F.);
#1641 = EDGE_LOOP('',(#1642,#1652,#1659,#1660));
#1642 = ORIENTED_EDGE('',*,*,#1643,.T.);
#1643 = EDGE_CURVE('',#1644,#1646,#1648,.T.);
#1644 = VERTEX_POINT('',#1645);
#1645 = CARTESIAN_POINT('',(149.905,-117.66,0.));
#1646 = VERTEX_POINT('',#1647);
#1647 = CARTESIAN_POINT('',(149.905,-117.66,-1.67));
#1648 = LINE('',#1649,#1650);
#1649 = CARTESIAN_POINT('',(149.905,-117.66,0.));
#1650 = VECTOR('',#1651,1.);
#1651 = DIRECTION('',(0.,0.,-1.));
#1652 = ORIENTED_EDGE('',*,*,#1653,.T.);
#1653 = EDGE_CURVE('',#1646,#1646,#1654,.T.);
#1654 = CIRCLE('',#1655,0.355);
#1655 = AXIS2_PLACEMENT_3D('',#1656,#1657,#1658);
#1656 = CARTESIAN_POINT('',(149.55,-117.66,-1.67));
#1657 = DIRECTION('',(0.,0.,1.));
#1658 = DIRECTION('',(1.,0.,-0.));
#1659 = ORIENTED_EDGE('',*,*,#1643,.F.);
#1660 = ORIENTED_EDGE('',*,*,#1661,.F.);
#1661 = EDGE_CURVE('',#1644,#1644,#1662,.T.);
#1662 = CIRCLE('',#1663,0.355);
#1663 = AXIS2_PLACEMENT_3D('',#1664,#1665,#1666);
#1664 = CARTESIAN_POINT('',(149.55,-117.66,0.));
#1665 = DIRECTION('',(0.,0.,1.));
#1666 = DIRECTION('',(1.,0.,-0.));
#1667 = CYLINDRICAL_SURFACE('',#1668,0.355);
#1668 = AXIS2_PLACEMENT_3D('',#1669,#1670,#1671);
#1669 = CARTESIAN_POINT('',(149.55,-117.66,0.));
#1670 = DIRECTION('',(0.,0.,1.));
#1671 = DIRECTION('',(1.,0.,-0.));
#1672 = ADVANCED_FACE('',(#1673),#1700,.F.);
#1673 = FACE_BOUND('',#1674,.F.);
#1674 = EDGE_LOOP('',(#1675,#1685,#1692,#1693));
#1675 = ORIENTED_EDGE('',*,*,#1676,.T.);
#1676 = EDGE_CURVE('',#1677,#1679,#1681,.T.);
#1677 = VERTEX_POINT('',#1678);
#1678 = CARTESIAN_POINT('',(148.635,-120.2,0.));
#1679 = VERTEX_POINT('',#1680);
#1680 = CARTESIAN_POINT('',(148.635,-120.2,-1.67));
#1681 = LINE('',#1682,#1683);
#1682 = CARTESIAN_POINT('',(148.635,-120.2,0.));
#1683 = VECTOR('',#1684,1.);
#1684 = DIRECTION('',(0.,0.,-1.));
#1685 = ORIENTED_EDGE('',*,*,#1686,.T.);
#1686 = EDGE_CURVE('',#1679,#1679,#1687,.T.);
#1687 = CIRCLE('',#1688,0.355);
#1688 = AXIS2_PLACEMENT_3D('',#1689,#1690,#1691);
#1689 = CARTESIAN_POINT('',(148.28,-120.2,-1.67));
#1690 = DIRECTION('',(0.,0.,1.));
#1691 = DIRECTION('',(1.,0.,-0.));
#1692 = ORIENTED_EDGE('',*,*,#1676,.F.);
#1693 = ORIENTED_EDGE('',*,*,#1694,.F.);
#1694 = EDGE_CURVE('',#1677,#1677,#1695,.T.);
#1695 = CIRCLE('',#1696,0.355);
#1696 = AXIS2_PLACEMENT_3D('',#1697,#1698,#1699);
#1697 = CARTESIAN_POINT('',(148.28,-120.2,0.));
#1698 = DIRECTION('',(0.,0.,1.));
#1699 = DIRECTION('',(1.,0.,-0.));
#1700 = CYLINDRICAL_SURFACE('',#1701,0.355);
#1701 = AXIS2_PLACEMENT_3D('',#1702,#1703,#1704);
#1702 = CARTESIAN_POINT('',(148.28,-120.2,0.));
#1703 = DIRECTION('',(0.,0.,1.));
#1704 = DIRECTION('',(1.,0.,-0.));
#1705 = ADVANCED_FACE('',(#1706),#1733,.F.);
#1706 = FACE_BOUND('',#1707,.F.);
#1707 = EDGE_LOOP('',(#1708,#1718,#1725,#1726));
#1708 = ORIENTED_EDGE('',*,*,#1709,.T.);
#1709 = EDGE_CURVE('',#1710,#1712,#1714,.T.);
#1710 = VERTEX_POINT('',#1711);
#1711 = CARTESIAN_POINT('',(146.095,-120.2,0.));
#1712 = VERTEX_POINT('',#1713);
#1713 = CARTESIAN_POINT('',(146.095,-120.2,-1.67));
#1714 = LINE('',#1715,#1716);
#1715 = CARTESIAN_POINT('',(146.095,-120.2,0.));
#1716 = VECTOR('',#1717,1.);
#1717 = DIRECTION('',(0.,0.,-1.));
#1718 = ORIENTED_EDGE('',*,*,#1719,.T.);
#1719 = EDGE_CURVE('',#1712,#1712,#1720,.T.);
#1720 = CIRCLE('',#1721,0.355);
#1721 = AXIS2_PLACEMENT_3D('',#1722,#1723,#1724);
#1722 = CARTESIAN_POINT('',(145.74,-120.2,-1.67));
#1723 = DIRECTION('',(0.,0.,1.));
#1724 = DIRECTION('',(1.,0.,-0.));
#1725 = ORIENTED_EDGE('',*,*,#1709,.F.);
#1726 = ORIENTED_EDGE('',*,*,#1727,.F.);
#1727 = EDGE_CURVE('',#1710,#1710,#1728,.T.);
#1728 = CIRCLE('',#1729,0.355);
#1729 = AXIS2_PLACEMENT_3D('',#1730,#1731,#1732);
#1730 = CARTESIAN_POINT('',(145.74,-120.2,0.));
#1731 = DIRECTION('',(0.,0.,1.));
#1732 = DIRECTION('',(1.,0.,-0.));
#1733 = CYLINDRICAL_SURFACE('',#1734,0.355);
#1734 = AXIS2_PLACEMENT_3D('',#1735,#1736,#1737);
#1735 = CARTESIAN_POINT('',(145.74,-120.2,0.));
#1736 = DIRECTION('',(0.,0.,1.));
#1737 = DIRECTION('',(1.,0.,-0.));
#1738 = ADVANCED_FACE('',(#1739),#1766,.F.);
#1739 = FACE_BOUND('',#1740,.F.);
#1740 = EDGE_LOOP('',(#1741,#1751,#1758,#1759));
#1741 = ORIENTED_EDGE('',*,*,#1742,.T.);
#1742 = EDGE_CURVE('',#1743,#1745,#1747,.T.);
#1743 = VERTEX_POINT('',#1744);
#1744 = CARTESIAN_POINT('',(147.365,-117.66,0.));
#1745 = VERTEX_POINT('',#1746);
#1746 = CARTESIAN_POINT('',(147.365,-117.66,-1.67));
#1747 = LINE('',#1748,#1749);
#1748 = CARTESIAN_POINT('',(147.365,-117.66,0.));
#1749 = VECTOR('',#1750,1.);
#1750 = DIRECTION('',(0.,0.,-1.));
#1751 = ORIENTED_EDGE('',*,*,#1752,.T.);
#1752 = EDGE_CURVE('',#1745,#1745,#1753,.T.);
#1753 = CIRCLE('',#1754,0.355);
#1754 = AXIS2_PLACEMENT_3D('',#1755,#1756,#1757);
#1755 = CARTESIAN_POINT('',(147.01,-117.66,-1.67));
#1756 = DIRECTION('',(0.,0.,1.));
#1757 = DIRECTION('',(1.,0.,-0.));
#1758 = ORIENTED_EDGE('',*,*,#1742,.F.);
#1759 = ORIENTED_EDGE('',*,*,#1760,.F.);
#1760 = EDGE_CURVE('',#1743,#1743,#1761,.T.);
#1761 = CIRCLE('',#1762,0.355);
#1762 = AXIS2_PLACEMENT_3D('',#1763,#1764,#1765);
#1763 = CARTESIAN_POINT('',(147.01,-117.66,0.));
#1764 = DIRECTION('',(0.,0.,1.));
#1765 = DIRECTION('',(1.,0.,-0.));
#1766 = CYLINDRICAL_SURFACE('',#1767,0.355);
#1767 = AXIS2_PLACEMENT_3D('',#1768,#1769,#1770);
#1768 = CARTESIAN_POINT('',(147.01,-117.66,0.));
#1769 = DIRECTION('',(0.,0.,1.));
#1770 = DIRECTION('',(1.,0.,-0.));
#1771 = ADVANCED_FACE('',(#1772),#1799,.F.);
#1772 = FACE_BOUND('',#1773,.F.);
#1773 = EDGE_LOOP('',(#1774,#1784,#1791,#1792));
#1774 = ORIENTED_EDGE('',*,*,#1775,.T.);
#1775 = EDGE_CURVE('',#1776,#1778,#1780,.T.);
#1776 = VERTEX_POINT('',#1777);
#1777 = CARTESIAN_POINT('',(144.825,-117.66,0.));
#1778 = VERTEX_POINT('',#1779);
#1779 = CARTESIAN_POINT('',(144.825,-117.66,-1.67));
#1780 = LINE('',#1781,#1782);
#1781 = CARTESIAN_POINT('',(144.825,-117.66,0.));
#1782 = VECTOR('',#1783,1.);
#1783 = DIRECTION('',(0.,0.,-1.));
#1784 = ORIENTED_EDGE('',*,*,#1785,.T.);
#1785 = EDGE_CURVE('',#1778,#1778,#1786,.T.);
#1786 = CIRCLE('',#1787,0.355);
#1787 = AXIS2_PLACEMENT_3D('',#1788,#1789,#1790);
#1788 = CARTESIAN_POINT('',(144.47,-117.66,-1.67));
#1789 = DIRECTION('',(0.,0.,1.));
#1790 = DIRECTION('',(1.,0.,-0.));
#1791 = ORIENTED_EDGE('',*,*,#1775,.F.);
#1792 = ORIENTED_EDGE('',*,*,#1793,.F.);
#1793 = EDGE_CURVE('',#1776,#1776,#1794,.T.);
#1794 = CIRCLE('',#1795,0.355);
#1795 = AXIS2_PLACEMENT_3D('',#1796,#1797,#1798);
#1796 = CARTESIAN_POINT('',(144.47,-117.66,0.));
#1797 = DIRECTION('',(0.,0.,1.));
#1798 = DIRECTION('',(1.,0.,-0.));
#1799 = CYLINDRICAL_SURFACE('',#1800,0.355);
#1800 = AXIS2_PLACEMENT_3D('',#1801,#1802,#1803);
#1801 = CARTESIAN_POINT('',(144.47,-117.66,0.));
#1802 = DIRECTION('',(0.,0.,1.));
#1803 = DIRECTION('',(1.,0.,-0.));
#1804 = ADVANCED_FACE('',(#1805),#1832,.F.);
#1805 = FACE_BOUND('',#1806,.F.);
#1806 = EDGE_LOOP('',(#1807,#1817,#1824,#1825));
#1807 = ORIENTED_EDGE('',*,*,#1808,.T.);
#1808 = EDGE_CURVE('',#1809,#1811,#1813,.T.);
#1809 = VERTEX_POINT('',#1810);
#1810 = CARTESIAN_POINT('',(143.555,-120.2,0.));
#1811 = VERTEX_POINT('',#1812);
#1812 = CARTESIAN_POINT('',(143.555,-120.2,-1.67));
#1813 = LINE('',#1814,#1815);
#1814 = CARTESIAN_POINT('',(143.555,-120.2,0.));
#1815 = VECTOR('',#1816,1.);
#1816 = DIRECTION('',(0.,0.,-1.));
#1817 = ORIENTED_EDGE('',*,*,#1818,.T.);
#1818 = EDGE_CURVE('',#1811,#1811,#1819,.T.);
#1819 = CIRCLE('',#1820,0.355);
#1820 = AXIS2_PLACEMENT_3D('',#1821,#1822,#1823);
#1821 = CARTESIAN_POINT('',(143.2,-120.2,-1.67));
#1822 = DIRECTION('',(0.,0.,1.));
#1823 = DIRECTION('',(1.,0.,-0.));
#1824 = ORIENTED_EDGE('',*,*,#1808,.F.);
#1825 = ORIENTED_EDGE('',*,*,#1826,.F.);
#1826 = EDGE_CURVE('',#1809,#1809,#1827,.T.);
#1827 = CIRCLE('',#1828,0.355);
#1828 = AXIS2_PLACEMENT_3D('',#1829,#1830,#1831);
#1829 = CARTESIAN_POINT('',(143.2,-120.2,0.));
#1830 = DIRECTION('',(0.,0.,1.));
#1831 = DIRECTION('',(1.,0.,-0.));
#1832 = CYLINDRICAL_SURFACE('',#1833,0.355);
#1833 = AXIS2_PLACEMENT_3D('',#1834,#1835,#1836);
#1834 = CARTESIAN_POINT('',(143.2,-120.2,0.));
#1835 = DIRECTION('',(0.,0.,1.));
#1836 = DIRECTION('',(1.,0.,-0.));
#1837 = ADVANCED_FACE('',(#1838),#1865,.F.);
#1838 = FACE_BOUND('',#1839,.F.);
#1839 = EDGE_LOOP('',(#1840,#1850,#1857,#1858));
#1840 = ORIENTED_EDGE('',*,*,#1841,.T.);
#1841 = EDGE_CURVE('',#1842,#1844,#1846,.T.);
#1842 = VERTEX_POINT('',#1843);
#1843 = CARTESIAN_POINT('',(141.015,-120.2,0.));
#1844 = VERTEX_POINT('',#1845);
#1845 = CARTESIAN_POINT('',(141.015,-120.2,-1.67));
#1846 = LINE('',#1847,#1848);
#1847 = CARTESIAN_POINT('',(141.015,-120.2,0.));
#1848 = VECTOR('',#1849,1.);
#1849 = DIRECTION('',(0.,0.,-1.));
#1850 = ORIENTED_EDGE('',*,*,#1851,.T.);
#1851 = EDGE_CURVE('',#1844,#1844,#1852,.T.);
#1852 = CIRCLE('',#1853,0.355);
#1853 = AXIS2_PLACEMENT_3D('',#1854,#1855,#1856);
#1854 = CARTESIAN_POINT('',(140.66,-120.2,-1.67));
#1855 = DIRECTION('',(0.,0.,1.));
#1856 = DIRECTION('',(1.,0.,-0.));
#1857 = ORIENTED_EDGE('',*,*,#1841,.F.);
#1858 = ORIENTED_EDGE('',*,*,#1859,.F.);
#1859 = EDGE_CURVE('',#1842,#1842,#1860,.T.);
#1860 = CIRCLE('',#1861,0.355);
#1861 = AXIS2_PLACEMENT_3D('',#1862,#1863,#1864);
#1862 = CARTESIAN_POINT('',(140.66,-120.2,0.));
#1863 = DIRECTION('',(0.,0.,1.));
#1864 = DIRECTION('',(1.,0.,-0.));
#1865 = CYLINDRICAL_SURFACE('',#1866,0.355);
#1866 = AXIS2_PLACEMENT_3D('',#1867,#1868,#1869);
#1867 = CARTESIAN_POINT('',(140.66,-120.2,0.));
#1868 = DIRECTION('',(0.,0.,1.));
#1869 = DIRECTION('',(1.,0.,-0.));
#1870 = ADVANCED_FACE('',(#1871),#1898,.F.);
#1871 = FACE_BOUND('',#1872,.F.);
#1872 = EDGE_LOOP('',(#1873,#1883,#1890,#1891));
#1873 = ORIENTED_EDGE('',*,*,#1874,.T.);
#1874 = EDGE_CURVE('',#1875,#1877,#1879,.T.);
#1875 = VERTEX_POINT('',#1876);
#1876 = CARTESIAN_POINT('',(142.285,-117.66,0.));
#1877 = VERTEX_POINT('',#1878);
#1878 = CARTESIAN_POINT('',(142.285,-117.66,-1.67));
#1879 = LINE('',#1880,#1881);
#1880 = CARTESIAN_POINT('',(142.285,-117.66,0.));
#1881 = VECTOR('',#1882,1.);
#1882 = DIRECTION('',(0.,0.,-1.));
#1883 = ORIENTED_EDGE('',*,*,#1884,.T.);
#1884 = EDGE_CURVE('',#1877,#1877,#1885,.T.);
#1885 = CIRCLE('',#1886,0.355);
#1886 = AXIS2_PLACEMENT_3D('',#1887,#1888,#1889);
#1887 = CARTESIAN_POINT('',(141.93,-117.66,-1.67));
#1888 = DIRECTION('',(0.,0.,1.));
#1889 = DIRECTION('',(1.,0.,-0.));
#1890 = ORIENTED_EDGE('',*,*,#1874,.F.);
#1891 = ORIENTED_EDGE('',*,*,#1892,.F.);
#1892 = EDGE_CURVE('',#1875,#1875,#1893,.T.);
#1893 = CIRCLE('',#1894,0.355);
#1894 = AXIS2_PLACEMENT_3D('',#1895,#1896,#1897);
#1895 = CARTESIAN_POINT('',(141.93,-117.66,0.));
#1896 = DIRECTION('',(0.,0.,1.));
#1897 = DIRECTION('',(1.,0.,-0.));
#1898 = CYLINDRICAL_SURFACE('',#1899,0.355);
#1899 = AXIS2_PLACEMENT_3D('',#1900,#1901,#1902);
#1900 = CARTESIAN_POINT('',(141.93,-117.66,0.));
#1901 = DIRECTION('',(0.,0.,1.));
#1902 = DIRECTION('',(1.,0.,-0.));
#1903 = ADVANCED_FACE('',(#1904),#1931,.F.);
#1904 = FACE_BOUND('',#1905,.F.);
#1905 = EDGE_LOOP('',(#1906,#1916,#1923,#1924));
#1906 = ORIENTED_EDGE('',*,*,#1907,.T.);
#1907 = EDGE_CURVE('',#1908,#1910,#1912,.T.);
#1908 = VERTEX_POINT('',#1909);
#1909 = CARTESIAN_POINT('',(138.475,-120.2,0.));
#1910 = VERTEX_POINT('',#1911);
#1911 = CARTESIAN_POINT('',(138.475,-120.2,-1.67));
#1912 = LINE('',#1913,#1914);
#1913 = CARTESIAN_POINT('',(138.475,-120.2,0.));
#1914 = VECTOR('',#1915,1.);
#1915 = DIRECTION('',(0.,0.,-1.));
#1916 = ORIENTED_EDGE('',*,*,#1917,.T.);
#1917 = EDGE_CURVE('',#1910,#1910,#1918,.T.);
#1918 = CIRCLE('',#1919,0.355);
#1919 = AXIS2_PLACEMENT_3D('',#1920,#1921,#1922);
#1920 = CARTESIAN_POINT('',(138.12,-120.2,-1.67));
#1921 = DIRECTION('',(0.,0.,1.));
#1922 = DIRECTION('',(1.,0.,-0.));
#1923 = ORIENTED_EDGE('',*,*,#1907,.F.);
#1924 = ORIENTED_EDGE('',*,*,#1925,.F.);
#1925 = EDGE_CURVE('',#1908,#1908,#1926,.T.);
#1926 = CIRCLE('',#1927,0.355);
#1927 = AXIS2_PLACEMENT_3D('',#1928,#1929,#1930);
#1928 = CARTESIAN_POINT('',(138.12,-120.2,0.));
#1929 = DIRECTION('',(0.,0.,1.));
#1930 = DIRECTION('',(1.,0.,-0.));
#1931 = CYLINDRICAL_SURFACE('',#1932,0.355);
#1932 = AXIS2_PLACEMENT_3D('',#1933,#1934,#1935);
#1933 = CARTESIAN_POINT('',(138.12,-120.2,0.));
#1934 = DIRECTION('',(0.,0.,1.));
#1935 = DIRECTION('',(1.,0.,-0.));
#1936 = ADVANCED_FACE('',(#1937),#1964,.F.);
#1937 = FACE_BOUND('',#1938,.F.);
#1938 = EDGE_LOOP('',(#1939,#1949,#1956,#1957));
#1939 = ORIENTED_EDGE('',*,*,#1940,.T.);
#1940 = EDGE_CURVE('',#1941,#1943,#1945,.T.);
#1941 = VERTEX_POINT('',#1942);
#1942 = CARTESIAN_POINT('',(139.745,-117.66,0.));
#1943 = VERTEX_POINT('',#1944);
#1944 = CARTESIAN_POINT('',(139.745,-117.66,-1.67));
#1945 = LINE('',#1946,#1947);
#1946 = CARTESIAN_POINT('',(139.745,-117.66,0.));
#1947 = VECTOR('',#1948,1.);
#1948 = DIRECTION('',(0.,0.,-1.));
#1949 = ORIENTED_EDGE('',*,*,#1950,.T.);
#1950 = EDGE_CURVE('',#1943,#1943,#1951,.T.);
#1951 = CIRCLE('',#1952,0.355);
#1952 = AXIS2_PLACEMENT_3D('',#1953,#1954,#1955);
#1953 = CARTESIAN_POINT('',(139.39,-117.66,-1.67));
#1954 = DIRECTION('',(0.,0.,1.));
#1955 = DIRECTION('',(1.,0.,-0.));
#1956 = ORIENTED_EDGE('',*,*,#1940,.F.);
#1957 = ORIENTED_EDGE('',*,*,#1958,.F.);
#1958 = EDGE_CURVE('',#1941,#1941,#1959,.T.);
#1959 = CIRCLE('',#1960,0.355);
#1960 = AXIS2_PLACEMENT_3D('',#1961,#1962,#1963);
#1961 = CARTESIAN_POINT('',(139.39,-117.66,0.));
#1962 = DIRECTION('',(0.,0.,1.));
#1963 = DIRECTION('',(1.,0.,-0.));
#1964 = CYLINDRICAL_SURFACE('',#1965,0.355);
#1965 = AXIS2_PLACEMENT_3D('',#1966,#1967,#1968);
#1966 = CARTESIAN_POINT('',(139.39,-117.66,0.));
#1967 = DIRECTION('',(0.,0.,1.));
#1968 = DIRECTION('',(1.,0.,-0.));
#1969 = ADVANCED_FACE('',(#1970),#1997,.F.);
#1970 = FACE_BOUND('',#1971,.F.);
#1971 = EDGE_LOOP('',(#1972,#1982,#1989,#1990));
#1972 = ORIENTED_EDGE('',*,*,#1973,.T.);
#1973 = EDGE_CURVE('',#1974,#1976,#1978,.T.);
#1974 = VERTEX_POINT('',#1975);
#1975 = CARTESIAN_POINT('',(137.205,-117.66,0.));
#1976 = VERTEX_POINT('',#1977);
#1977 = CARTESIAN_POINT('',(137.205,-117.66,-1.67));
#1978 = LINE('',#1979,#1980);
#1979 = CARTESIAN_POINT('',(137.205,-117.66,0.));
#1980 = VECTOR('',#1981,1.);
#1981 = DIRECTION('',(0.,0.,-1.));
#1982 = ORIENTED_EDGE('',*,*,#1983,.T.);
#1983 = EDGE_CURVE('',#1976,#1976,#1984,.T.);
#1984 = CIRCLE('',#1985,0.355);
#1985 = AXIS2_PLACEMENT_3D('',#1986,#1987,#1988);
#1986 = CARTESIAN_POINT('',(136.85,-117.66,-1.67));
#1987 = DIRECTION('',(0.,0.,1.));
#1988 = DIRECTION('',(1.,0.,-0.));
#1989 = ORIENTED_EDGE('',*,*,#1973,.F.);
#1990 = ORIENTED_EDGE('',*,*,#1991,.F.);
#1991 = EDGE_CURVE('',#1974,#1974,#1992,.T.);
#1992 = CIRCLE('',#1993,0.355);
#1993 = AXIS2_PLACEMENT_3D('',#1994,#1995,#1996);
#1994 = CARTESIAN_POINT('',(136.85,-117.66,0.));
#1995 = DIRECTION('',(0.,0.,1.));
#1996 = DIRECTION('',(1.,0.,-0.));
#1997 = CYLINDRICAL_SURFACE('',#1998,0.355);
#1998 = AXIS2_PLACEMENT_3D('',#1999,#2000,#2001);
#1999 = CARTESIAN_POINT('',(136.85,-117.66,0.));
#2000 = DIRECTION('',(0.,0.,1.));
#2001 = DIRECTION('',(1.,0.,-0.));
#2002 = ADVANCED_FACE('',(#2003),#2030,.F.);
#2003 = FACE_BOUND('',#2004,.F.);
#2004 = EDGE_LOOP('',(#2005,#2015,#2022,#2023));
#2005 = ORIENTED_EDGE('',*,*,#2006,.T.);
#2006 = EDGE_CURVE('',#2007,#2009,#2011,.T.);
#2007 = VERTEX_POINT('',#2008);
#2008 = CARTESIAN_POINT('',(169.63195,-104.,0.));
#2009 = VERTEX_POINT('',#2010);
#2010 = CARTESIAN_POINT('',(169.63195,-104.,-1.67));
#2011 = LINE('',#2012,#2013);
#2012 = CARTESIAN_POINT('',(169.63195,-104.,0.));
#2013 = VECTOR('',#2014,1.);
#2014 = DIRECTION('',(0.,0.,-1.));
#2015 = ORIENTED_EDGE('',*,*,#2016,.T.);
#2016 = EDGE_CURVE('',#2009,#2009,#2017,.T.);
#2017 = CIRCLE('',#2018,1.63195);
#2018 = AXIS2_PLACEMENT_3D('',#2019,#2020,#2021);
#2019 = CARTESIAN_POINT('',(168.,-104.,-1.67));
#2020 = DIRECTION('',(0.,0.,1.));
#2021 = DIRECTION('',(1.,0.,-0.));
#2022 = ORIENTED_EDGE('',*,*,#2006,.F.);
#2023 = ORIENTED_EDGE('',*,*,#2024,.F.);
#2024 = EDGE_CURVE('',#2007,#2007,#2025,.T.);
#2025 = CIRCLE('',#2026,1.63195);
#2026 = AXIS2_PLACEMENT_3D('',#2027,#2028,#2029);
#2027 = CARTESIAN_POINT('',(168.,-104.,0.));
#2028 = DIRECTION('',(0.,0.,1.));
#2029 = DIRECTION('',(1.,0.,-0.));
#2030 = CYLINDRICAL_SURFACE('',#2031,1.63195);
#2031 = AXIS2_PLACEMENT_3D('',#2032,#2033,#2034);
#2032 = CARTESIAN_POINT('',(168.,-104.,0.));
#2033 = DIRECTION('',(0.,0.,1.));
#2034 = DIRECTION('',(1.,0.,-0.));
#2035 = ADVANCED_FACE('',(#2036),#2063,.F.);
#2036 = FACE_BOUND('',#2037,.F.);
#2037 = EDGE_LOOP('',(#2038,#2048,#2055,#2056));
#2038 = ORIENTED_EDGE('',*,*,#2039,.T.);
#2039 = EDGE_CURVE('',#2040,#2042,#2044,.T.);
#2040 = VERTEX_POINT('',#2041);
#2041 = CARTESIAN_POINT('',(161.8,-90.,0.));
#2042 = VERTEX_POINT('',#2043);
#2043 = CARTESIAN_POINT('',(161.8,-90.,-1.67));
#2044 = LINE('',#2045,#2046);
#2045 = CARTESIAN_POINT('',(161.8,-90.,0.));
#2046 = VECTOR('',#2047,1.);
#2047 = DIRECTION('',(0.,0.,-1.));
#2048 = ORIENTED_EDGE('',*,*,#2049,.T.);
#2049 = EDGE_CURVE('',#2042,#2042,#2050,.T.);
#2050 = CIRCLE('',#2051,1.1);
#2051 = AXIS2_PLACEMENT_3D('',#2052,#2053,#2054);
#2052 = CARTESIAN_POINT('',(160.7,-90.,-1.67));
#2053 = DIRECTION('',(0.,0.,1.));
#2054 = DIRECTION('',(1.,0.,-0.));
#2055 = ORIENTED_EDGE('',*,*,#2039,.F.);
#2056 = ORIENTED_EDGE('',*,*,#2057,.F.);
#2057 = EDGE_CURVE('',#2040,#2040,#2058,.T.);
#2058 = CIRCLE('',#2059,1.1);
#2059 = AXIS2_PLACEMENT_3D('',#2060,#2061,#2062);
#2060 = CARTESIAN_POINT('',(160.7,-90.,0.));
#2061 = DIRECTION('',(0.,0.,1.));
#2062 = DIRECTION('',(1.,0.,-0.));
#2063 = CYLINDRICAL_SURFACE('',#2064,1.1);
#2064 = AXIS2_PLACEMENT_3D('',#2065,#2066,#2067);
#2065 = CARTESIAN_POINT('',(160.7,-90.,0.));
#2066 = DIRECTION('',(0.,0.,1.));
#2067 = DIRECTION('',(1.,0.,-0.));
#2068 = ADVANCED_FACE('',(#2069),#2096,.F.);
#2069 = FACE_BOUND('',#2070,.F.);
#2070 = EDGE_LOOP('',(#2071,#2081,#2088,#2089));
#2071 = ORIENTED_EDGE('',*,*,#2072,.T.);
#2072 = EDGE_CURVE('',#2073,#2075,#2077,.T.);
#2073 = VERTEX_POINT('',#2074);
#2074 = CARTESIAN_POINT('',(145.8,-90.,0.));
#2075 = VERTEX_POINT('',#2076);
#2076 = CARTESIAN_POINT('',(145.8,-90.,-1.67));
#2077 = LINE('',#2078,#2079);
#2078 = CARTESIAN_POINT('',(145.8,-90.,0.));
#2079 = VECTOR('',#2080,1.);
#2080 = DIRECTION('',(0.,0.,-1.));
#2081 = ORIENTED_EDGE('',*,*,#2082,.T.);
#2082 = EDGE_CURVE('',#2075,#2075,#2083,.T.);
#2083 = CIRCLE('',#2084,1.1);
#2084 = AXIS2_PLACEMENT_3D('',#2085,#2086,#2087);
#2085 = CARTESIAN_POINT('',(144.7,-90.,-1.67));
#2086 = DIRECTION('',(0.,0.,1.));
#2087 = DIRECTION('',(1.,0.,-0.));
#2088 = ORIENTED_EDGE('',*,*,#2072,.F.);
#2089 = ORIENTED_EDGE('',*,*,#2090,.F.);
#2090 = EDGE_CURVE('',#2073,#2073,#2091,.T.);
#2091 = CIRCLE('',#2092,1.1);
#2092 = AXIS2_PLACEMENT_3D('',#2093,#2094,#2095);
#2093 = CARTESIAN_POINT('',(144.7,-90.,0.));
#2094 = DIRECTION('',(0.,0.,1.));
#2095 = DIRECTION('',(1.,0.,-0.));
#2096 = CYLINDRICAL_SURFACE('',#2097,1.1);
#2097 = AXIS2_PLACEMENT_3D('',#2098,#2099,#2100);
#2098 = CARTESIAN_POINT('',(144.7,-90.,0.));
#2099 = DIRECTION('',(0.,0.,1.));
#2100 = DIRECTION('',(1.,0.,-0.));
#2101 = ADVANCED_FACE('',(#2102),#2129,.F.);
#2102 = FACE_BOUND('',#2103,.F.);
#2103 = EDGE_LOOP('',(#2104,#2114,#2121,#2122));
#2104 = ORIENTED_EDGE('',*,*,#2105,.T.);
#2105 = EDGE_CURVE('',#2106,#2108,#2110,.T.);
#2106 = VERTEX_POINT('',#2107);
#2107 = CARTESIAN_POINT('',(134.561,-134.27,0.));
#2108 = VERTEX_POINT('',#2109);
#2109 = CARTESIAN_POINT('',(134.561,-134.27,-1.67));
#2110 = LINE('',#2111,#2112);
#2111 = CARTESIAN_POINT('',(134.561,-134.27,0.));
#2112 = VECTOR('',#2113,1.);
#2113 = DIRECTION('',(0.,0.,-1.));
#2114 = ORIENTED_EDGE('',*,*,#2115,.T.);
#2115 = EDGE_CURVE('',#2108,#2108,#2116,.T.);
#2116 = CIRCLE('',#2117,0.381);
#2117 = AXIS2_PLACEMENT_3D('',#2118,#2119,#2120);
#2118 = CARTESIAN_POINT('',(134.18,-134.27,-1.67));
#2119 = DIRECTION('',(0.,0.,1.));
#2120 = DIRECTION('',(1.,0.,-0.));
#2121 = ORIENTED_EDGE('',*,*,#2105,.F.);
#2122 = ORIENTED_EDGE('',*,*,#2123,.F.);
#2123 = EDGE_CURVE('',#2106,#2106,#2124,.T.);
#2124 = CIRCLE('',#2125,0.381);
#2125 = AXIS2_PLACEMENT_3D('',#2126,#2127,#2128);
#2126 = CARTESIAN_POINT('',(134.18,-134.27,0.));
#2127 = DIRECTION('',(0.,0.,1.));
#2128 = DIRECTION('',(1.,0.,-0.));
#2129 = CYLINDRICAL_SURFACE('',#2130,0.381);
#2130 = AXIS2_PLACEMENT_3D('',#2131,#2132,#2133);
#2131 = CARTESIAN_POINT('',(134.18,-134.27,0.));
#2132 = DIRECTION('',(0.,0.,1.));
#2133 = DIRECTION('',(1.,0.,-0.));
#2134 = ADVANCED_FACE('',(#2135),#2162,.F.);
#2135 = FACE_BOUND('',#2136,.F.);
#2136 = EDGE_LOOP('',(#2137,#2147,#2154,#2155));
#2137 = ORIENTED_EDGE('',*,*,#2138,.T.);
#2138 = EDGE_CURVE('',#2139,#2141,#2143,.T.);
#2139 = VERTEX_POINT('',#2140);
#2140 = CARTESIAN_POINT('',(135.831,-131.73,0.));
#2141 = VERTEX_POINT('',#2142);
#2142 = CARTESIAN_POINT('',(135.831,-131.73,-1.67));
#2143 = LINE('',#2144,#2145);
#2144 = CARTESIAN_POINT('',(135.831,-131.73,0.));
#2145 = VECTOR('',#2146,1.);
#2146 = DIRECTION('',(0.,0.,-1.));
#2147 = ORIENTED_EDGE('',*,*,#2148,.T.);
#2148 = EDGE_CURVE('',#2141,#2141,#2149,.T.);
#2149 = CIRCLE('',#2150,0.381);
#2150 = AXIS2_PLACEMENT_3D('',#2151,#2152,#2153);
#2151 = CARTESIAN_POINT('',(135.45,-131.73,-1.67));
#2152 = DIRECTION('',(0.,0.,1.));
#2153 = DIRECTION('',(1.,0.,-0.));
#2154 = ORIENTED_EDGE('',*,*,#2138,.F.);
#2155 = ORIENTED_EDGE('',*,*,#2156,.F.);
#2156 = EDGE_CURVE('',#2139,#2139,#2157,.T.);
#2157 = CIRCLE('',#2158,0.381);
#2158 = AXIS2_PLACEMENT_3D('',#2159,#2160,#2161);
#2159 = CARTESIAN_POINT('',(135.45,-131.73,0.));
#2160 = DIRECTION('',(0.,0.,1.));
#2161 = DIRECTION('',(1.,0.,-0.));
#2162 = CYLINDRICAL_SURFACE('',#2163,0.381);
#2163 = AXIS2_PLACEMENT_3D('',#2164,#2165,#2166);
#2164 = CARTESIAN_POINT('',(135.45,-131.73,0.));
#2165 = DIRECTION('',(0.,0.,1.));
#2166 = DIRECTION('',(1.,0.,-0.));
#2167 = ADVANCED_FACE('',(#2168),#2195,.F.);
#2168 = FACE_BOUND('',#2169,.F.);
#2169 = EDGE_LOOP('',(#2170,#2180,#2187,#2188));
#2170 = ORIENTED_EDGE('',*,*,#2171,.T.);
#2171 = EDGE_CURVE('',#2172,#2174,#2176,.T.);
#2172 = VERTEX_POINT('',#2173);
#2173 = CARTESIAN_POINT('',(133.291,-131.73,0.));
#2174 = VERTEX_POINT('',#2175);
#2175 = CARTESIAN_POINT('',(133.291,-131.73,-1.67));
#2176 = LINE('',#2177,#2178);
#2177 = CARTESIAN_POINT('',(133.291,-131.73,0.));
#2178 = VECTOR('',#2179,1.);
#2179 = DIRECTION('',(0.,0.,-1.));
#2180 = ORIENTED_EDGE('',*,*,#2181,.T.);
#2181 = EDGE_CURVE('',#2174,#2174,#2182,.T.);
#2182 = CIRCLE('',#2183,0.381);
#2183 = AXIS2_PLACEMENT_3D('',#2184,#2185,#2186);
#2184 = CARTESIAN_POINT('',(132.91,-131.73,-1.67));
#2185 = DIRECTION('',(0.,0.,1.));
#2186 = DIRECTION('',(1.,0.,-0.));
#2187 = ORIENTED_EDGE('',*,*,#2171,.F.);
#2188 = ORIENTED_EDGE('',*,*,#2189,.F.);
#2189 = EDGE_CURVE('',#2172,#2172,#2190,.T.);
#2190 = CIRCLE('',#2191,0.381);
#2191 = AXIS2_PLACEMENT_3D('',#2192,#2193,#2194);
#2192 = CARTESIAN_POINT('',(132.91,-131.73,0.));
#2193 = DIRECTION('',(0.,0.,1.));
#2194 = DIRECTION('',(1.,0.,-0.));
#2195 = CYLINDRICAL_SURFACE('',#2196,0.381);
#2196 = AXIS2_PLACEMENT_3D('',#2197,#2198,#2199);
#2197 = CARTESIAN_POINT('',(132.91,-131.73,0.));
#2198 = DIRECTION('',(0.,0.,1.));
#2199 = DIRECTION('',(1.,0.,-0.));
#2200 = ADVANCED_FACE('',(#2201),#2228,.F.);
#2201 = FACE_BOUND('',#2202,.F.);
#2202 = EDGE_LOOP('',(#2203,#2213,#2220,#2221));
#2203 = ORIENTED_EDGE('',*,*,#2204,.T.);
#2204 = EDGE_CURVE('',#2205,#2207,#2209,.T.);
#2205 = VERTEX_POINT('',#2206);
#2206 = CARTESIAN_POINT('',(132.021,-134.27,0.));
#2207 = VERTEX_POINT('',#2208);
#2208 = CARTESIAN_POINT('',(132.021,-134.27,-1.67));
#2209 = LINE('',#2210,#2211);
#2210 = CARTESIAN_POINT('',(132.021,-134.27,0.));
#2211 = VECTOR('',#2212,1.);
#2212 = DIRECTION('',(0.,0.,-1.));
#2213 = ORIENTED_EDGE('',*,*,#2214,.T.);
#2214 = EDGE_CURVE('',#2207,#2207,#2215,.T.);
#2215 = CIRCLE('',#2216,0.381);
#2216 = AXIS2_PLACEMENT_3D('',#2217,#2218,#2219);
#2217 = CARTESIAN_POINT('',(131.64,-134.27,-1.67));
#2218 = DIRECTION('',(0.,0.,1.));
#2219 = DIRECTION('',(1.,0.,-0.));
#2220 = ORIENTED_EDGE('',*,*,#2204,.F.);
#2221 = ORIENTED_EDGE('',*,*,#2222,.F.);
#2222 = EDGE_CURVE('',#2205,#2205,#2223,.T.);
#2223 = CIRCLE('',#2224,0.381);
#2224 = AXIS2_PLACEMENT_3D('',#2225,#2226,#2227);
#2225 = CARTESIAN_POINT('',(131.64,-134.27,0.));
#2226 = DIRECTION('',(0.,0.,1.));
#2227 = DIRECTION('',(1.,0.,-0.));
#2228 = CYLINDRICAL_SURFACE('',#2229,0.381);
#2229 = AXIS2_PLACEMENT_3D('',#2230,#2231,#2232);
#2230 = CARTESIAN_POINT('',(131.64,-134.27,0.));
#2231 = DIRECTION('',(0.,0.,1.));
#2232 = DIRECTION('',(1.,0.,-0.));
#2233 = ADVANCED_FACE('',(#2234),#2261,.F.);
#2234 = FACE_BOUND('',#2235,.F.);
#2235 = EDGE_LOOP('',(#2236,#2246,#2253,#2254));
#2236 = ORIENTED_EDGE('',*,*,#2237,.T.);
#2237 = EDGE_CURVE('',#2238,#2240,#2242,.T.);
#2238 = VERTEX_POINT('',#2239);
#2239 = CARTESIAN_POINT('',(129.481,-134.27,0.));
#2240 = VERTEX_POINT('',#2241);
#2241 = CARTESIAN_POINT('',(129.481,-134.27,-1.67));
#2242 = LINE('',#2243,#2244);
#2243 = CARTESIAN_POINT('',(129.481,-134.27,0.));
#2244 = VECTOR('',#2245,1.);
#2245 = DIRECTION('',(0.,0.,-1.));
#2246 = ORIENTED_EDGE('',*,*,#2247,.T.);
#2247 = EDGE_CURVE('',#2240,#2240,#2248,.T.);
#2248 = CIRCLE('',#2249,0.381);
#2249 = AXIS2_PLACEMENT_3D('',#2250,#2251,#2252);
#2250 = CARTESIAN_POINT('',(129.1,-134.27,-1.67));
#2251 = DIRECTION('',(0.,0.,1.));
#2252 = DIRECTION('',(1.,0.,-0.));
#2253 = ORIENTED_EDGE('',*,*,#2237,.F.);
#2254 = ORIENTED_EDGE('',*,*,#2255,.F.);
#2255 = EDGE_CURVE('',#2238,#2238,#2256,.T.);
#2256 = CIRCLE('',#2257,0.381);
#2257 = AXIS2_PLACEMENT_3D('',#2258,#2259,#2260);
#2258 = CARTESIAN_POINT('',(129.1,-134.27,0.));
#2259 = DIRECTION('',(0.,0.,1.));
#2260 = DIRECTION('',(1.,0.,-0.));
#2261 = CYLINDRICAL_SURFACE('',#2262,0.381);
#2262 = AXIS2_PLACEMENT_3D('',#2263,#2264,#2265);
#2263 = CARTESIAN_POINT('',(129.1,-134.27,0.));
#2264 = DIRECTION('',(0.,0.,1.));
#2265 = DIRECTION('',(1.,0.,-0.));
#2266 = ADVANCED_FACE('',(#2267),#2294,.F.);
#2267 = FACE_BOUND('',#2268,.F.);
#2268 = EDGE_LOOP('',(#2269,#2279,#2286,#2287));
#2269 = ORIENTED_EDGE('',*,*,#2270,.T.);
#2270 = EDGE_CURVE('',#2271,#2273,#2275,.T.);
#2271 = VERTEX_POINT('',#2272);
#2272 = CARTESIAN_POINT('',(130.751,-131.73,0.));
#2273 = VERTEX_POINT('',#2274);
#2274 = CARTESIAN_POINT('',(130.751,-131.73,-1.67));
#2275 = LINE('',#2276,#2277);
#2276 = CARTESIAN_POINT('',(130.751,-131.73,0.));
#2277 = VECTOR('',#2278,1.);
#2278 = DIRECTION('',(0.,0.,-1.));
#2279 = ORIENTED_EDGE('',*,*,#2280,.T.);
#2280 = EDGE_CURVE('',#2273,#2273,#2281,.T.);
#2281 = CIRCLE('',#2282,0.381);
#2282 = AXIS2_PLACEMENT_3D('',#2283,#2284,#2285);
#2283 = CARTESIAN_POINT('',(130.37,-131.73,-1.67));
#2284 = DIRECTION('',(0.,0.,1.));
#2285 = DIRECTION('',(1.,0.,-0.));
#2286 = ORIENTED_EDGE('',*,*,#2270,.F.);
#2287 = ORIENTED_EDGE('',*,*,#2288,.F.);
#2288 = EDGE_CURVE('',#2271,#2271,#2289,.T.);
#2289 = CIRCLE('',#2290,0.381);
#2290 = AXIS2_PLACEMENT_3D('',#2291,#2292,#2293);
#2291 = CARTESIAN_POINT('',(130.37,-131.73,0.));
#2292 = DIRECTION('',(0.,0.,1.));
#2293 = DIRECTION('',(1.,0.,-0.));
#2294 = CYLINDRICAL_SURFACE('',#2295,0.381);
#2295 = AXIS2_PLACEMENT_3D('',#2296,#2297,#2298);
#2296 = CARTESIAN_POINT('',(130.37,-131.73,0.));
#2297 = DIRECTION('',(0.,0.,1.));
#2298 = DIRECTION('',(1.,0.,-0.));
#2299 = ADVANCED_FACE('',(#2300),#2327,.F.);
#2300 = FACE_BOUND('',#2301,.F.);
#2301 = EDGE_LOOP('',(#2302,#2312,#2319,#2320));
#2302 = ORIENTED_EDGE('',*,*,#2303,.T.);
#2303 = EDGE_CURVE('',#2304,#2306,#2308,.T.);
#2304 = VERTEX_POINT('',#2305);
#2305 = CARTESIAN_POINT('',(128.211,-131.73,0.));
#2306 = VERTEX_POINT('',#2307);
#2307 = CARTESIAN_POINT('',(128.211,-131.73,-1.67));
#2308 = LINE('',#2309,#2310);
#2309 = CARTESIAN_POINT('',(128.211,-131.73,0.));
#2310 = VECTOR('',#2311,1.);
#2311 = DIRECTION('',(0.,0.,-1.));
#2312 = ORIENTED_EDGE('',*,*,#2313,.T.);
#2313 = EDGE_CURVE('',#2306,#2306,#2314,.T.);
#2314 = CIRCLE('',#2315,0.381);
#2315 = AXIS2_PLACEMENT_3D('',#2316,#2317,#2318);
#2316 = CARTESIAN_POINT('',(127.83,-131.73,-1.67));
#2317 = DIRECTION('',(0.,0.,1.));
#2318 = DIRECTION('',(1.,0.,-0.));
#2319 = ORIENTED_EDGE('',*,*,#2303,.F.);
#2320 = ORIENTED_EDGE('',*,*,#2321,.F.);
#2321 = EDGE_CURVE('',#2304,#2304,#2322,.T.);
#2322 = CIRCLE('',#2323,0.381);
#2323 = AXIS2_PLACEMENT_3D('',#2324,#2325,#2326);
#2324 = CARTESIAN_POINT('',(127.83,-131.73,0.));
#2325 = DIRECTION('',(0.,0.,1.));
#2326 = DIRECTION('',(1.,0.,-0.));
#2327 = CYLINDRICAL_SURFACE('',#2328,0.381);
#2328 = AXIS2_PLACEMENT_3D('',#2329,#2330,#2331);
#2329 = CARTESIAN_POINT('',(127.83,-131.73,0.));
#2330 = DIRECTION('',(0.,0.,1.));
#2331 = DIRECTION('',(1.,0.,-0.));
#2332 = ADVANCED_FACE('',(#2333),#2360,.F.);
#2333 = FACE_BOUND('',#2334,.F.);
#2334 = EDGE_LOOP('',(#2335,#2345,#2352,#2353));
#2335 = ORIENTED_EDGE('',*,*,#2336,.T.);
#2336 = EDGE_CURVE('',#2337,#2339,#2341,.T.);
#2337 = VERTEX_POINT('',#2338);
#2338 = CARTESIAN_POINT('',(134.665,-122.74,0.));
#2339 = VERTEX_POINT('',#2340);
#2340 = CARTESIAN_POINT('',(134.665,-122.74,-1.67));
#2341 = LINE('',#2342,#2343);
#2342 = CARTESIAN_POINT('',(134.665,-122.74,0.));
#2343 = VECTOR('',#2344,1.);
#2344 = DIRECTION('',(0.,0.,-1.));
#2345 = ORIENTED_EDGE('',*,*,#2346,.T.);
#2346 = EDGE_CURVE('',#2339,#2339,#2347,.T.);
#2347 = CIRCLE('',#2348,0.355);
#2348 = AXIS2_PLACEMENT_3D('',#2349,#2350,#2351);
#2349 = CARTESIAN_POINT('',(134.31,-122.74,-1.67));
#2350 = DIRECTION('',(0.,0.,1.));
#2351 = DIRECTION('',(1.,0.,-0.));
#2352 = ORIENTED_EDGE('',*,*,#2336,.F.);
#2353 = ORIENTED_EDGE('',*,*,#2354,.F.);
#2354 = EDGE_CURVE('',#2337,#2337,#2355,.T.);
#2355 = CIRCLE('',#2356,0.355);
#2356 = AXIS2_PLACEMENT_3D('',#2357,#2358,#2359);
#2357 = CARTESIAN_POINT('',(134.31,-122.74,0.));
#2358 = DIRECTION('',(0.,0.,1.));
#2359 = DIRECTION('',(1.,0.,-0.));
#2360 = CYLINDRICAL_SURFACE('',#2361,0.355);
#2361 = AXIS2_PLACEMENT_3D('',#2362,#2363,#2364);
#2362 = CARTESIAN_POINT('',(134.31,-122.74,0.));
#2363 = DIRECTION('',(0.,0.,1.));
#2364 = DIRECTION('',(1.,0.,-0.));
#2365 = ADVANCED_FACE('',(#2366),#2393,.F.);
#2366 = FACE_BOUND('',#2367,.F.);
#2367 = EDGE_LOOP('',(#2368,#2378,#2385,#2386));
#2368 = ORIENTED_EDGE('',*,*,#2369,.T.);
#2369 = EDGE_CURVE('',#2370,#2372,#2374,.T.);
#2370 = VERTEX_POINT('',#2371);
#2371 = CARTESIAN_POINT('',(132.125,-122.74,0.));
#2372 = VERTEX_POINT('',#2373);
#2373 = CARTESIAN_POINT('',(132.125,-122.74,-1.67));
#2374 = LINE('',#2375,#2376);
#2375 = CARTESIAN_POINT('',(132.125,-122.74,0.));
#2376 = VECTOR('',#2377,1.);
#2377 = DIRECTION('',(0.,0.,-1.));
#2378 = ORIENTED_EDGE('',*,*,#2379,.T.);
#2379 = EDGE_CURVE('',#2372,#2372,#2380,.T.);
#2380 = CIRCLE('',#2381,0.355);
#2381 = AXIS2_PLACEMENT_3D('',#2382,#2383,#2384);
#2382 = CARTESIAN_POINT('',(131.77,-122.74,-1.67));
#2383 = DIRECTION('',(0.,0.,1.));
#2384 = DIRECTION('',(1.,0.,-0.));
#2385 = ORIENTED_EDGE('',*,*,#2369,.F.);
#2386 = ORIENTED_EDGE('',*,*,#2387,.F.);
#2387 = EDGE_CURVE('',#2370,#2370,#2388,.T.);
#2388 = CIRCLE('',#2389,0.355);
#2389 = AXIS2_PLACEMENT_3D('',#2390,#2391,#2392);
#2390 = CARTESIAN_POINT('',(131.77,-122.74,0.));
#2391 = DIRECTION('',(0.,0.,1.));
#2392 = DIRECTION('',(1.,0.,-0.));
#2393 = CYLINDRICAL_SURFACE('',#2394,0.355);
#2394 = AXIS2_PLACEMENT_3D('',#2395,#2396,#2397);
#2395 = CARTESIAN_POINT('',(131.77,-122.74,0.));
#2396 = DIRECTION('',(0.,0.,1.));
#2397 = DIRECTION('',(1.,0.,-0.));
#2398 = ADVANCED_FACE('',(#2399),#2426,.F.);
#2399 = FACE_BOUND('',#2400,.F.);
#2400 = EDGE_LOOP('',(#2401,#2411,#2418,#2419));
#2401 = ORIENTED_EDGE('',*,*,#2402,.T.);
#2402 = EDGE_CURVE('',#2403,#2405,#2407,.T.);
#2403 = VERTEX_POINT('',#2404);
#2404 = CARTESIAN_POINT('',(129.585,-122.74,0.));
#2405 = VERTEX_POINT('',#2406);
#2406 = CARTESIAN_POINT('',(129.585,-122.74,-1.67));
#2407 = LINE('',#2408,#2409);
#2408 = CARTESIAN_POINT('',(129.585,-122.74,0.));
#2409 = VECTOR('',#2410,1.);
#2410 = DIRECTION('',(0.,0.,-1.));
#2411 = ORIENTED_EDGE('',*,*,#2412,.T.);
#2412 = EDGE_CURVE('',#2405,#2405,#2413,.T.);
#2413 = CIRCLE('',#2414,0.355);
#2414 = AXIS2_PLACEMENT_3D('',#2415,#2416,#2417);
#2415 = CARTESIAN_POINT('',(129.23,-122.74,-1.67));
#2416 = DIRECTION('',(0.,0.,1.));
#2417 = DIRECTION('',(1.,0.,-0.));
#2418 = ORIENTED_EDGE('',*,*,#2402,.F.);
#2419 = ORIENTED_EDGE('',*,*,#2420,.F.);
#2420 = EDGE_CURVE('',#2403,#2403,#2421,.T.);
#2421 = CIRCLE('',#2422,0.355);
#2422 = AXIS2_PLACEMENT_3D('',#2423,#2424,#2425);
#2423 = CARTESIAN_POINT('',(129.23,-122.74,0.));
#2424 = DIRECTION('',(0.,0.,1.));
#2425 = DIRECTION('',(1.,0.,-0.));
#2426 = CYLINDRICAL_SURFACE('',#2427,0.355);
#2427 = AXIS2_PLACEMENT_3D('',#2428,#2429,#2430);
#2428 = CARTESIAN_POINT('',(129.23,-122.74,0.));
#2429 = DIRECTION('',(0.,0.,1.));
#2430 = DIRECTION('',(1.,0.,-0.));
#2431 = ADVANCED_FACE('',(#2432),#2459,.F.);
#2432 = FACE_BOUND('',#2433,.F.);
#2433 = EDGE_LOOP('',(#2434,#2444,#2451,#2452));
#2434 = ORIENTED_EDGE('',*,*,#2435,.T.);
#2435 = EDGE_CURVE('',#2436,#2438,#2440,.T.);
#2436 = VERTEX_POINT('',#2437);
#2437 = CARTESIAN_POINT('',(126.941,-134.27,0.));
#2438 = VERTEX_POINT('',#2439);
#2439 = CARTESIAN_POINT('',(126.941,-134.27,-1.67));
#2440 = LINE('',#2441,#2442);
#2441 = CARTESIAN_POINT('',(126.941,-134.27,0.));
#2442 = VECTOR('',#2443,1.);
#2443 = DIRECTION('',(0.,0.,-1.));
#2444 = ORIENTED_EDGE('',*,*,#2445,.T.);
#2445 = EDGE_CURVE('',#2438,#2438,#2446,.T.);
#2446 = CIRCLE('',#2447,0.381);
#2447 = AXIS2_PLACEMENT_3D('',#2448,#2449,#2450);
#2448 = CARTESIAN_POINT('',(126.56,-134.27,-1.67));
#2449 = DIRECTION('',(0.,0.,1.));
#2450 = DIRECTION('',(1.,0.,-0.));
#2451 = ORIENTED_EDGE('',*,*,#2435,.F.);
#2452 = ORIENTED_EDGE('',*,*,#2453,.F.);
#2453 = EDGE_CURVE('',#2436,#2436,#2454,.T.);
#2454 = CIRCLE('',#2455,0.381);
#2455 = AXIS2_PLACEMENT_3D('',#2456,#2457,#2458);
#2456 = CARTESIAN_POINT('',(126.56,-134.27,0.));
#2457 = DIRECTION('',(0.,0.,1.));
#2458 = DIRECTION('',(1.,0.,-0.));
#2459 = CYLINDRICAL_SURFACE('',#2460,0.381);
#2460 = AXIS2_PLACEMENT_3D('',#2461,#2462,#2463);
#2461 = CARTESIAN_POINT('',(126.56,-134.27,0.));
#2462 = DIRECTION('',(0.,0.,1.));
#2463 = DIRECTION('',(1.,0.,-0.));
#2464 = ADVANCED_FACE('',(#2465),#2492,.F.);
#2465 = FACE_BOUND('',#2466,.F.);
#2466 = EDGE_LOOP('',(#2467,#2477,#2484,#2485));
#2467 = ORIENTED_EDGE('',*,*,#2468,.T.);
#2468 = EDGE_CURVE('',#2469,#2471,#2473,.T.);
#2469 = VERTEX_POINT('',#2470);
#2470 = CARTESIAN_POINT('',(124.401,-134.27,0.));
#2471 = VERTEX_POINT('',#2472);
#2472 = CARTESIAN_POINT('',(124.401,-134.27,-1.67));
#2473 = LINE('',#2474,#2475);
#2474 = CARTESIAN_POINT('',(124.401,-134.27,0.));
#2475 = VECTOR('',#2476,1.);
#2476 = DIRECTION('',(0.,0.,-1.));
#2477 = ORIENTED_EDGE('',*,*,#2478,.T.);
#2478 = EDGE_CURVE('',#2471,#2471,#2479,.T.);
#2479 = CIRCLE('',#2480,0.381);
#2480 = AXIS2_PLACEMENT_3D('',#2481,#2482,#2483);
#2481 = CARTESIAN_POINT('',(124.02,-134.27,-1.67));
#2482 = DIRECTION('',(0.,0.,1.));
#2483 = DIRECTION('',(1.,0.,-0.));
#2484 = ORIENTED_EDGE('',*,*,#2468,.F.);
#2485 = ORIENTED_EDGE('',*,*,#2486,.F.);
#2486 = EDGE_CURVE('',#2469,#2469,#2487,.T.);
#2487 = CIRCLE('',#2488,0.381);
#2488 = AXIS2_PLACEMENT_3D('',#2489,#2490,#2491);
#2489 = CARTESIAN_POINT('',(124.02,-134.27,0.));
#2490 = DIRECTION('',(0.,0.,1.));
#2491 = DIRECTION('',(1.,0.,-0.));
#2492 = CYLINDRICAL_SURFACE('',#2493,0.381);
#2493 = AXIS2_PLACEMENT_3D('',#2494,#2495,#2496);
#2494 = CARTESIAN_POINT('',(124.02,-134.27,0.));
#2495 = DIRECTION('',(0.,0.,1.));
#2496 = DIRECTION('',(1.,0.,-0.));
#2497 = ADVANCED_FACE('',(#2498),#2525,.F.);
#2498 = FACE_BOUND('',#2499,.F.);
#2499 = EDGE_LOOP('',(#2500,#2510,#2517,#2518));
#2500 = ORIENTED_EDGE('',*,*,#2501,.T.);
#2501 = EDGE_CURVE('',#2502,#2504,#2506,.T.);
#2502 = VERTEX_POINT('',#2503);
#2503 = CARTESIAN_POINT('',(125.671,-131.73,0.));
#2504 = VERTEX_POINT('',#2505);
#2505 = CARTESIAN_POINT('',(125.671,-131.73,-1.67));
#2506 = LINE('',#2507,#2508);
#2507 = CARTESIAN_POINT('',(125.671,-131.73,0.));
#2508 = VECTOR('',#2509,1.);
#2509 = DIRECTION('',(0.,0.,-1.));
#2510 = ORIENTED_EDGE('',*,*,#2511,.T.);
#2511 = EDGE_CURVE('',#2504,#2504,#2512,.T.);
#2512 = CIRCLE('',#2513,0.381);
#2513 = AXIS2_PLACEMENT_3D('',#2514,#2515,#2516);
#2514 = CARTESIAN_POINT('',(125.29,-131.73,-1.67));
#2515 = DIRECTION('',(0.,0.,1.));
#2516 = DIRECTION('',(1.,0.,-0.));
#2517 = ORIENTED_EDGE('',*,*,#2501,.F.);
#2518 = ORIENTED_EDGE('',*,*,#2519,.F.);
#2519 = EDGE_CURVE('',#2502,#2502,#2520,.T.);
#2520 = CIRCLE('',#2521,0.381);
#2521 = AXIS2_PLACEMENT_3D('',#2522,#2523,#2524);
#2522 = CARTESIAN_POINT('',(125.29,-131.73,0.));
#2523 = DIRECTION('',(0.,0.,1.));
#2524 = DIRECTION('',(1.,0.,-0.));
#2525 = CYLINDRICAL_SURFACE('',#2526,0.381);
#2526 = AXIS2_PLACEMENT_3D('',#2527,#2528,#2529);
#2527 = CARTESIAN_POINT('',(125.29,-131.73,0.));
#2528 = DIRECTION('',(0.,0.,1.));
#2529 = DIRECTION('',(1.,0.,-0.));
#2530 = ADVANCED_FACE('',(#2531),#2558,.F.);
#2531 = FACE_BOUND('',#2532,.F.);
#2532 = EDGE_LOOP('',(#2533,#2543,#2550,#2551));
#2533 = ORIENTED_EDGE('',*,*,#2534,.T.);
#2534 = EDGE_CURVE('',#2535,#2537,#2539,.T.);
#2535 = VERTEX_POINT('',#2536);
#2536 = CARTESIAN_POINT('',(121.861,-134.27,0.));
#2537 = VERTEX_POINT('',#2538);
#2538 = CARTESIAN_POINT('',(121.861,-134.27,-1.67));
#2539 = LINE('',#2540,#2541);
#2540 = CARTESIAN_POINT('',(121.861,-134.27,0.));
#2541 = VECTOR('',#2542,1.);
#2542 = DIRECTION('',(0.,0.,-1.));
#2543 = ORIENTED_EDGE('',*,*,#2544,.T.);
#2544 = EDGE_CURVE('',#2537,#2537,#2545,.T.);
#2545 = CIRCLE('',#2546,0.381);
#2546 = AXIS2_PLACEMENT_3D('',#2547,#2548,#2549);
#2547 = CARTESIAN_POINT('',(121.48,-134.27,-1.67));
#2548 = DIRECTION('',(0.,0.,1.));
#2549 = DIRECTION('',(1.,0.,-0.));
#2550 = ORIENTED_EDGE('',*,*,#2534,.F.);
#2551 = ORIENTED_EDGE('',*,*,#2552,.F.);
#2552 = EDGE_CURVE('',#2535,#2535,#2553,.T.);
#2553 = CIRCLE('',#2554,0.381);
#2554 = AXIS2_PLACEMENT_3D('',#2555,#2556,#2557);
#2555 = CARTESIAN_POINT('',(121.48,-134.27,0.));
#2556 = DIRECTION('',(0.,0.,1.));
#2557 = DIRECTION('',(1.,0.,-0.));
#2558 = CYLINDRICAL_SURFACE('',#2559,0.381);
#2559 = AXIS2_PLACEMENT_3D('',#2560,#2561,#2562);
#2560 = CARTESIAN_POINT('',(121.48,-134.27,0.));
#2561 = DIRECTION('',(0.,0.,1.));
#2562 = DIRECTION('',(1.,0.,-0.));
#2563 = ADVANCED_FACE('',(#2564),#2591,.F.);
#2564 = FACE_BOUND('',#2565,.F.);
#2565 = EDGE_LOOP('',(#2566,#2576,#2583,#2584));
#2566 = ORIENTED_EDGE('',*,*,#2567,.T.);
#2567 = EDGE_CURVE('',#2568,#2570,#2572,.T.);
#2568 = VERTEX_POINT('',#2569);
#2569 = CARTESIAN_POINT('',(123.131,-131.73,0.));
#2570 = VERTEX_POINT('',#2571);
#2571 = CARTESIAN_POINT('',(123.131,-131.73,-1.67));
#2572 = LINE('',#2573,#2574);
#2573 = CARTESIAN_POINT('',(123.131,-131.73,0.));
#2574 = VECTOR('',#2575,1.);
#2575 = DIRECTION('',(0.,0.,-1.));
#2576 = ORIENTED_EDGE('',*,*,#2577,.T.);
#2577 = EDGE_CURVE('',#2570,#2570,#2578,.T.);
#2578 = CIRCLE('',#2579,0.381);
#2579 = AXIS2_PLACEMENT_3D('',#2580,#2581,#2582);
#2580 = CARTESIAN_POINT('',(122.75,-131.73,-1.67));
#2581 = DIRECTION('',(0.,0.,1.));
#2582 = DIRECTION('',(1.,0.,-0.));
#2583 = ORIENTED_EDGE('',*,*,#2567,.F.);
#2584 = ORIENTED_EDGE('',*,*,#2585,.F.);
#2585 = EDGE_CURVE('',#2568,#2568,#2586,.T.);
#2586 = CIRCLE('',#2587,0.381);
#2587 = AXIS2_PLACEMENT_3D('',#2588,#2589,#2590);
#2588 = CARTESIAN_POINT('',(122.75,-131.73,0.));
#2589 = DIRECTION('',(0.,0.,1.));
#2590 = DIRECTION('',(1.,0.,-0.));
#2591 = CYLINDRICAL_SURFACE('',#2592,0.381);
#2592 = AXIS2_PLACEMENT_3D('',#2593,#2594,#2595);
#2593 = CARTESIAN_POINT('',(122.75,-131.73,0.));
#2594 = DIRECTION('',(0.,0.,1.));
#2595 = DIRECTION('',(1.,0.,-0.));
#2596 = ADVANCED_FACE('',(#2597),#2624,.F.);
#2597 = FACE_BOUND('',#2598,.F.);
#2598 = EDGE_LOOP('',(#2599,#2609,#2616,#2617));
#2599 = ORIENTED_EDGE('',*,*,#2600,.T.);
#2600 = EDGE_CURVE('',#2601,#2603,#2605,.T.);
#2601 = VERTEX_POINT('',#2602);
#2602 = CARTESIAN_POINT('',(120.591,-131.73,0.));
#2603 = VERTEX_POINT('',#2604);
#2604 = CARTESIAN_POINT('',(120.591,-131.73,-1.67));
#2605 = LINE('',#2606,#2607);
#2606 = CARTESIAN_POINT('',(120.591,-131.73,0.));
#2607 = VECTOR('',#2608,1.);
#2608 = DIRECTION('',(0.,0.,-1.));
#2609 = ORIENTED_EDGE('',*,*,#2610,.T.);
#2610 = EDGE_CURVE('',#2603,#2603,#2611,.T.);
#2611 = CIRCLE('',#2612,0.381);
#2612 = AXIS2_PLACEMENT_3D('',#2613,#2614,#2615);
#2613 = CARTESIAN_POINT('',(120.21,-131.73,-1.67));
#2614 = DIRECTION('',(0.,0.,1.));
#2615 = DIRECTION('',(1.,0.,-0.));
#2616 = ORIENTED_EDGE('',*,*,#2600,.F.);
#2617 = ORIENTED_EDGE('',*,*,#2618,.F.);
#2618 = EDGE_CURVE('',#2601,#2601,#2619,.T.);
#2619 = CIRCLE('',#2620,0.381);
#2620 = AXIS2_PLACEMENT_3D('',#2621,#2622,#2623);
#2621 = CARTESIAN_POINT('',(120.21,-131.73,0.));
#2622 = DIRECTION('',(0.,0.,1.));
#2623 = DIRECTION('',(1.,0.,-0.));
#2624 = CYLINDRICAL_SURFACE('',#2625,0.381);
#2625 = AXIS2_PLACEMENT_3D('',#2626,#2627,#2628);
#2626 = CARTESIAN_POINT('',(120.21,-131.73,0.));
#2627 = DIRECTION('',(0.,0.,1.));
#2628 = DIRECTION('',(1.,0.,-0.));
#2629 = ADVANCED_FACE('',(#2630),#2657,.F.);
#2630 = FACE_BOUND('',#2631,.F.);
#2631 = EDGE_LOOP('',(#2632,#2642,#2649,#2650));
#2632 = ORIENTED_EDGE('',*,*,#2633,.T.);
#2633 = EDGE_CURVE('',#2634,#2636,#2638,.T.);
#2634 = VERTEX_POINT('',#2635);
#2635 = CARTESIAN_POINT('',(127.045,-122.74,0.));
#2636 = VERTEX_POINT('',#2637);
#2637 = CARTESIAN_POINT('',(127.045,-122.74,-1.67));
#2638 = LINE('',#2639,#2640);
#2639 = CARTESIAN_POINT('',(127.045,-122.74,0.));
#2640 = VECTOR('',#2641,1.);
#2641 = DIRECTION('',(0.,0.,-1.));
#2642 = ORIENTED_EDGE('',*,*,#2643,.T.);
#2643 = EDGE_CURVE('',#2636,#2636,#2644,.T.);
#2644 = CIRCLE('',#2645,0.355);
#2645 = AXIS2_PLACEMENT_3D('',#2646,#2647,#2648);
#2646 = CARTESIAN_POINT('',(126.69,-122.74,-1.67));
#2647 = DIRECTION('',(0.,0.,1.));
#2648 = DIRECTION('',(1.,0.,-0.));
#2649 = ORIENTED_EDGE('',*,*,#2633,.F.);
#2650 = ORIENTED_EDGE('',*,*,#2651,.F.);
#2651 = EDGE_CURVE('',#2634,#2634,#2652,.T.);
#2652 = CIRCLE('',#2653,0.355);
#2653 = AXIS2_PLACEMENT_3D('',#2654,#2655,#2656);
#2654 = CARTESIAN_POINT('',(126.69,-122.74,0.));
#2655 = DIRECTION('',(0.,0.,1.));
#2656 = DIRECTION('',(1.,0.,-0.));
#2657 = CYLINDRICAL_SURFACE('',#2658,0.355);
#2658 = AXIS2_PLACEMENT_3D('',#2659,#2660,#2661);
#2659 = CARTESIAN_POINT('',(126.69,-122.74,0.));
#2660 = DIRECTION('',(0.,0.,1.));
#2661 = DIRECTION('',(1.,0.,-0.));
#2662 = ADVANCED_FACE('',(#2663),#2690,.F.);
#2663 = FACE_BOUND('',#2664,.F.);
#2664 = EDGE_LOOP('',(#2665,#2675,#2682,#2683));
#2665 = ORIENTED_EDGE('',*,*,#2666,.T.);
#2666 = EDGE_CURVE('',#2667,#2669,#2671,.T.);
#2667 = VERTEX_POINT('',#2668);
#2668 = CARTESIAN_POINT('',(124.505,-122.74,0.));
#2669 = VERTEX_POINT('',#2670);
#2670 = CARTESIAN_POINT('',(124.505,-122.74,-1.67));
#2671 = LINE('',#2672,#2673);
#2672 = CARTESIAN_POINT('',(124.505,-122.74,0.));
#2673 = VECTOR('',#2674,1.);
#2674 = DIRECTION('',(0.,0.,-1.));
#2675 = ORIENTED_EDGE('',*,*,#2676,.T.);
#2676 = EDGE_CURVE('',#2669,#2669,#2677,.T.);
#2677 = CIRCLE('',#2678,0.355);
#2678 = AXIS2_PLACEMENT_3D('',#2679,#2680,#2681);
#2679 = CARTESIAN_POINT('',(124.15,-122.74,-1.67));
#2680 = DIRECTION('',(0.,0.,1.));
#2681 = DIRECTION('',(1.,0.,-0.));
#2682 = ORIENTED_EDGE('',*,*,#2666,.F.);
#2683 = ORIENTED_EDGE('',*,*,#2684,.F.);
#2684 = EDGE_CURVE('',#2667,#2667,#2685,.T.);
#2685 = CIRCLE('',#2686,0.355);
#2686 = AXIS2_PLACEMENT_3D('',#2687,#2688,#2689);
#2687 = CARTESIAN_POINT('',(124.15,-122.74,0.));
#2688 = DIRECTION('',(0.,0.,1.));
#2689 = DIRECTION('',(1.,0.,-0.));
#2690 = CYLINDRICAL_SURFACE('',#2691,0.355);
#2691 = AXIS2_PLACEMENT_3D('',#2692,#2693,#2694);
#2692 = CARTESIAN_POINT('',(124.15,-122.74,0.));
#2693 = DIRECTION('',(0.,0.,1.));
#2694 = DIRECTION('',(1.,0.,-0.));
#2695 = ADVANCED_FACE('',(#2696),#2723,.F.);
#2696 = FACE_BOUND('',#2697,.F.);
#2697 = EDGE_LOOP('',(#2698,#2708,#2715,#2716));
#2698 = ORIENTED_EDGE('',*,*,#2699,.T.);
#2699 = EDGE_CURVE('',#2700,#2702,#2704,.T.);
#2700 = VERTEX_POINT('',#2701);
#2701 = CARTESIAN_POINT('',(121.965,-122.74,0.));
#2702 = VERTEX_POINT('',#2703);
#2703 = CARTESIAN_POINT('',(121.965,-122.74,-1.67));
#2704 = LINE('',#2705,#2706);
#2705 = CARTESIAN_POINT('',(121.965,-122.74,0.));
#2706 = VECTOR('',#2707,1.);
#2707 = DIRECTION('',(0.,0.,-1.));
#2708 = ORIENTED_EDGE('',*,*,#2709,.T.);
#2709 = EDGE_CURVE('',#2702,#2702,#2710,.T.);
#2710 = CIRCLE('',#2711,0.355);
#2711 = AXIS2_PLACEMENT_3D('',#2712,#2713,#2714);
#2712 = CARTESIAN_POINT('',(121.61,-122.74,-1.67));
#2713 = DIRECTION('',(0.,0.,1.));
#2714 = DIRECTION('',(1.,0.,-0.));
#2715 = ORIENTED_EDGE('',*,*,#2699,.F.);
#2716 = ORIENTED_EDGE('',*,*,#2717,.F.);
#2717 = EDGE_CURVE('',#2700,#2700,#2718,.T.);
#2718 = CIRCLE('',#2719,0.355);
#2719 = AXIS2_PLACEMENT_3D('',#2720,#2721,#2722);
#2720 = CARTESIAN_POINT('',(121.61,-122.74,0.));
#2721 = DIRECTION('',(0.,0.,1.));
#2722 = DIRECTION('',(1.,0.,-0.));
#2723 = CYLINDRICAL_SURFACE('',#2724,0.355);
#2724 = AXIS2_PLACEMENT_3D('',#2725,#2726,#2727);
#2725 = CARTESIAN_POINT('',(121.61,-122.74,0.));
#2726 = DIRECTION('',(0.,0.,1.));
#2727 = DIRECTION('',(1.,0.,-0.));
#2728 = ADVANCED_FACE('',(#2729),#2756,.F.);
#2729 = FACE_BOUND('',#2730,.F.);
#2730 = EDGE_LOOP('',(#2731,#2741,#2748,#2749));
#2731 = ORIENTED_EDGE('',*,*,#2732,.T.);
#2732 = EDGE_CURVE('',#2733,#2735,#2737,.T.);
#2733 = VERTEX_POINT('',#2734);
#2734 = CARTESIAN_POINT('',(135.935,-120.2,0.));
#2735 = VERTEX_POINT('',#2736);
#2736 = CARTESIAN_POINT('',(135.935,-120.2,-1.67));
#2737 = LINE('',#2738,#2739);
#2738 = CARTESIAN_POINT('',(135.935,-120.2,0.));
#2739 = VECTOR('',#2740,1.);
#2740 = DIRECTION('',(0.,0.,-1.));
#2741 = ORIENTED_EDGE('',*,*,#2742,.T.);
#2742 = EDGE_CURVE('',#2735,#2735,#2743,.T.);
#2743 = CIRCLE('',#2744,0.355);
#2744 = AXIS2_PLACEMENT_3D('',#2745,#2746,#2747);
#2745 = CARTESIAN_POINT('',(135.58,-120.2,-1.67));
#2746 = DIRECTION('',(0.,0.,1.));
#2747 = DIRECTION('',(1.,0.,-0.));
#2748 = ORIENTED_EDGE('',*,*,#2732,.F.);
#2749 = ORIENTED_EDGE('',*,*,#2750,.F.);
#2750 = EDGE_CURVE('',#2733,#2733,#2751,.T.);
#2751 = CIRCLE('',#2752,0.355);
#2752 = AXIS2_PLACEMENT_3D('',#2753,#2754,#2755);
#2753 = CARTESIAN_POINT('',(135.58,-120.2,0.));
#2754 = DIRECTION('',(0.,0.,1.));
#2755 = DIRECTION('',(1.,0.,-0.));
#2756 = CYLINDRICAL_SURFACE('',#2757,0.355);
#2757 = AXIS2_PLACEMENT_3D('',#2758,#2759,#2760);
#2758 = CARTESIAN_POINT('',(135.58,-120.2,0.));
#2759 = DIRECTION('',(0.,0.,1.));
#2760 = DIRECTION('',(1.,0.,-0.));
#2761 = ADVANCED_FACE('',(#2762),#2789,.F.);
#2762 = FACE_BOUND('',#2763,.F.);
#2763 = EDGE_LOOP('',(#2764,#2774,#2781,#2782));
#2764 = ORIENTED_EDGE('',*,*,#2765,.T.);
#2765 = EDGE_CURVE('',#2766,#2768,#2770,.T.);
#2766 = VERTEX_POINT('',#2767);
#2767 = CARTESIAN_POINT('',(133.395,-120.2,0.));
#2768 = VERTEX_POINT('',#2769);
#2769 = CARTESIAN_POINT('',(133.395,-120.2,-1.67));
#2770 = LINE('',#2771,#2772);
#2771 = CARTESIAN_POINT('',(133.395,-120.2,0.));
#2772 = VECTOR('',#2773,1.);
#2773 = DIRECTION('',(0.,0.,-1.));
#2774 = ORIENTED_EDGE('',*,*,#2775,.T.);
#2775 = EDGE_CURVE('',#2768,#2768,#2776,.T.);
#2776 = CIRCLE('',#2777,0.355);
#2777 = AXIS2_PLACEMENT_3D('',#2778,#2779,#2780);
#2778 = CARTESIAN_POINT('',(133.04,-120.2,-1.67));
#2779 = DIRECTION('',(0.,0.,1.));
#2780 = DIRECTION('',(1.,0.,-0.));
#2781 = ORIENTED_EDGE('',*,*,#2765,.F.);
#2782 = ORIENTED_EDGE('',*,*,#2783,.F.);
#2783 = EDGE_CURVE('',#2766,#2766,#2784,.T.);
#2784 = CIRCLE('',#2785,0.355);
#2785 = AXIS2_PLACEMENT_3D('',#2786,#2787,#2788);
#2786 = CARTESIAN_POINT('',(133.04,-120.2,0.));
#2787 = DIRECTION('',(0.,0.,1.));
#2788 = DIRECTION('',(1.,0.,-0.));
#2789 = CYLINDRICAL_SURFACE('',#2790,0.355);
#2790 = AXIS2_PLACEMENT_3D('',#2791,#2792,#2793);
#2791 = CARTESIAN_POINT('',(133.04,-120.2,0.));
#2792 = DIRECTION('',(0.,0.,1.));
#2793 = DIRECTION('',(1.,0.,-0.));
#2794 = ADVANCED_FACE('',(#2795),#2822,.F.);
#2795 = FACE_BOUND('',#2796,.F.);
#2796 = EDGE_LOOP('',(#2797,#2807,#2814,#2815));
#2797 = ORIENTED_EDGE('',*,*,#2798,.T.);
#2798 = EDGE_CURVE('',#2799,#2801,#2803,.T.);
#2799 = VERTEX_POINT('',#2800);
#2800 = CARTESIAN_POINT('',(134.665,-117.66,0.));
#2801 = VERTEX_POINT('',#2802);
#2802 = CARTESIAN_POINT('',(134.665,-117.66,-1.67));
#2803 = LINE('',#2804,#2805);
#2804 = CARTESIAN_POINT('',(134.665,-117.66,0.));
#2805 = VECTOR('',#2806,1.);
#2806 = DIRECTION('',(0.,0.,-1.));
#2807 = ORIENTED_EDGE('',*,*,#2808,.T.);
#2808 = EDGE_CURVE('',#2801,#2801,#2809,.T.);
#2809 = CIRCLE('',#2810,0.355);
#2810 = AXIS2_PLACEMENT_3D('',#2811,#2812,#2813);
#2811 = CARTESIAN_POINT('',(134.31,-117.66,-1.67));
#2812 = DIRECTION('',(0.,0.,1.));
#2813 = DIRECTION('',(1.,0.,-0.));
#2814 = ORIENTED_EDGE('',*,*,#2798,.F.);
#2815 = ORIENTED_EDGE('',*,*,#2816,.F.);
#2816 = EDGE_CURVE('',#2799,#2799,#2817,.T.);
#2817 = CIRCLE('',#2818,0.355);
#2818 = AXIS2_PLACEMENT_3D('',#2819,#2820,#2821);
#2819 = CARTESIAN_POINT('',(134.31,-117.66,0.));
#2820 = DIRECTION('',(0.,0.,1.));
#2821 = DIRECTION('',(1.,0.,-0.));
#2822 = CYLINDRICAL_SURFACE('',#2823,0.355);
#2823 = AXIS2_PLACEMENT_3D('',#2824,#2825,#2826);
#2824 = CARTESIAN_POINT('',(134.31,-117.66,0.));
#2825 = DIRECTION('',(0.,0.,1.));
#2826 = DIRECTION('',(1.,0.,-0.));
#2827 = ADVANCED_FACE('',(#2828),#2855,.F.);
#2828 = FACE_BOUND('',#2829,.F.);
#2829 = EDGE_LOOP('',(#2830,#2840,#2847,#2848));
#2830 = ORIENTED_EDGE('',*,*,#2831,.T.);
#2831 = EDGE_CURVE('',#2832,#2834,#2836,.T.);
#2832 = VERTEX_POINT('',#2833);
#2833 = CARTESIAN_POINT('',(130.855,-120.2,0.));
#2834 = VERTEX_POINT('',#2835);
#2835 = CARTESIAN_POINT('',(130.855,-120.2,-1.67));
#2836 = LINE('',#2837,#2838);
#2837 = CARTESIAN_POINT('',(130.855,-120.2,0.));
#2838 = VECTOR('',#2839,1.);
#2839 = DIRECTION('',(0.,0.,-1.));
#2840 = ORIENTED_EDGE('',*,*,#2841,.T.);
#2841 = EDGE_CURVE('',#2834,#2834,#2842,.T.);
#2842 = CIRCLE('',#2843,0.355);
#2843 = AXIS2_PLACEMENT_3D('',#2844,#2845,#2846);
#2844 = CARTESIAN_POINT('',(130.5,-120.2,-1.67));
#2845 = DIRECTION('',(0.,0.,1.));
#2846 = DIRECTION('',(1.,0.,-0.));
#2847 = ORIENTED_EDGE('',*,*,#2831,.F.);
#2848 = ORIENTED_EDGE('',*,*,#2849,.F.);
#2849 = EDGE_CURVE('',#2832,#2832,#2850,.T.);
#2850 = CIRCLE('',#2851,0.355);
#2851 = AXIS2_PLACEMENT_3D('',#2852,#2853,#2854);
#2852 = CARTESIAN_POINT('',(130.5,-120.2,0.));
#2853 = DIRECTION('',(0.,0.,1.));
#2854 = DIRECTION('',(1.,0.,-0.));
#2855 = CYLINDRICAL_SURFACE('',#2856,0.355);
#2856 = AXIS2_PLACEMENT_3D('',#2857,#2858,#2859);
#2857 = CARTESIAN_POINT('',(130.5,-120.2,0.));
#2858 = DIRECTION('',(0.,0.,1.));
#2859 = DIRECTION('',(1.,0.,-0.));
#2860 = ADVANCED_FACE('',(#2861),#2888,.F.);
#2861 = FACE_BOUND('',#2862,.F.);
#2862 = EDGE_LOOP('',(#2863,#2873,#2880,#2881));
#2863 = ORIENTED_EDGE('',*,*,#2864,.T.);
#2864 = EDGE_CURVE('',#2865,#2867,#2869,.T.);
#2865 = VERTEX_POINT('',#2866);
#2866 = CARTESIAN_POINT('',(128.315,-120.2,0.));
#2867 = VERTEX_POINT('',#2868);
#2868 = CARTESIAN_POINT('',(128.315,-120.2,-1.67));
#2869 = LINE('',#2870,#2871);
#2870 = CARTESIAN_POINT('',(128.315,-120.2,0.));
#2871 = VECTOR('',#2872,1.);
#2872 = DIRECTION('',(0.,0.,-1.));
#2873 = ORIENTED_EDGE('',*,*,#2874,.T.);
#2874 = EDGE_CURVE('',#2867,#2867,#2875,.T.);
#2875 = CIRCLE('',#2876,0.355);
#2876 = AXIS2_PLACEMENT_3D('',#2877,#2878,#2879);
#2877 = CARTESIAN_POINT('',(127.96,-120.2,-1.67));
#2878 = DIRECTION('',(0.,0.,1.));
#2879 = DIRECTION('',(1.,0.,-0.));
#2880 = ORIENTED_EDGE('',*,*,#2864,.F.);
#2881 = ORIENTED_EDGE('',*,*,#2882,.F.);
#2882 = EDGE_CURVE('',#2865,#2865,#2883,.T.);
#2883 = CIRCLE('',#2884,0.355);
#2884 = AXIS2_PLACEMENT_3D('',#2885,#2886,#2887);
#2885 = CARTESIAN_POINT('',(127.96,-120.2,0.));
#2886 = DIRECTION('',(0.,0.,1.));
#2887 = DIRECTION('',(1.,0.,-0.));
#2888 = CYLINDRICAL_SURFACE('',#2889,0.355);
#2889 = AXIS2_PLACEMENT_3D('',#2890,#2891,#2892);
#2890 = CARTESIAN_POINT('',(127.96,-120.2,0.));
#2891 = DIRECTION('',(0.,0.,1.));
#2892 = DIRECTION('',(1.,0.,-0.));
#2893 = ADVANCED_FACE('',(#2894),#2921,.F.);
#2894 = FACE_BOUND('',#2895,.F.);
#2895 = EDGE_LOOP('',(#2896,#2906,#2913,#2914));
#2896 = ORIENTED_EDGE('',*,*,#2897,.T.);
#2897 = EDGE_CURVE('',#2898,#2900,#2902,.T.);
#2898 = VERTEX_POINT('',#2899);
#2899 = CARTESIAN_POINT('',(132.125,-117.66,0.));
#2900 = VERTEX_POINT('',#2901);
#2901 = CARTESIAN_POINT('',(132.125,-117.66,-1.67));
#2902 = LINE('',#2903,#2904);
#2903 = CARTESIAN_POINT('',(132.125,-117.66,0.));
#2904 = VECTOR('',#2905,1.);
#2905 = DIRECTION('',(0.,0.,-1.));
#2906 = ORIENTED_EDGE('',*,*,#2907,.T.);
#2907 = EDGE_CURVE('',#2900,#2900,#2908,.T.);
#2908 = CIRCLE('',#2909,0.355);
#2909 = AXIS2_PLACEMENT_3D('',#2910,#2911,#2912);
#2910 = CARTESIAN_POINT('',(131.77,-117.66,-1.67));
#2911 = DIRECTION('',(0.,0.,1.));
#2912 = DIRECTION('',(1.,0.,-0.));
#2913 = ORIENTED_EDGE('',*,*,#2897,.F.);
#2914 = ORIENTED_EDGE('',*,*,#2915,.F.);
#2915 = EDGE_CURVE('',#2898,#2898,#2916,.T.);
#2916 = CIRCLE('',#2917,0.355);
#2917 = AXIS2_PLACEMENT_3D('',#2918,#2919,#2920);
#2918 = CARTESIAN_POINT('',(131.77,-117.66,0.));
#2919 = DIRECTION('',(0.,0.,1.));
#2920 = DIRECTION('',(1.,0.,-0.));
#2921 = CYLINDRICAL_SURFACE('',#2922,0.355);
#2922 = AXIS2_PLACEMENT_3D('',#2923,#2924,#2925);
#2923 = CARTESIAN_POINT('',(131.77,-117.66,0.));
#2924 = DIRECTION('',(0.,0.,1.));
#2925 = DIRECTION('',(1.,0.,-0.));
#2926 = ADVANCED_FACE('',(#2927),#2954,.F.);
#2927 = FACE_BOUND('',#2928,.F.);
#2928 = EDGE_LOOP('',(#2929,#2939,#2946,#2947));
#2929 = ORIENTED_EDGE('',*,*,#2930,.T.);
#2930 = EDGE_CURVE('',#2931,#2933,#2935,.T.);
#2931 = VERTEX_POINT('',#2932);
#2932 = CARTESIAN_POINT('',(129.585,-117.66,0.));
#2933 = VERTEX_POINT('',#2934);
#2934 = CARTESIAN_POINT('',(129.585,-117.66,-1.67));
#2935 = LINE('',#2936,#2937);
#2936 = CARTESIAN_POINT('',(129.585,-117.66,0.));
#2937 = VECTOR('',#2938,1.);
#2938 = DIRECTION('',(0.,0.,-1.));
#2939 = ORIENTED_EDGE('',*,*,#2940,.T.);
#2940 = EDGE_CURVE('',#2933,#2933,#2941,.T.);
#2941 = CIRCLE('',#2942,0.355);
#2942 = AXIS2_PLACEMENT_3D('',#2943,#2944,#2945);
#2943 = CARTESIAN_POINT('',(129.23,-117.66,-1.67));
#2944 = DIRECTION('',(0.,0.,1.));
#2945 = DIRECTION('',(1.,0.,-0.));
#2946 = ORIENTED_EDGE('',*,*,#2930,.F.);
#2947 = ORIENTED_EDGE('',*,*,#2948,.F.);
#2948 = EDGE_CURVE('',#2931,#2931,#2949,.T.);
#2949 = CIRCLE('',#2950,0.355);
#2950 = AXIS2_PLACEMENT_3D('',#2951,#2952,#2953);
#2951 = CARTESIAN_POINT('',(129.23,-117.66,0.));
#2952 = DIRECTION('',(0.,0.,1.));
#2953 = DIRECTION('',(1.,0.,-0.));
#2954 = CYLINDRICAL_SURFACE('',#2955,0.355);
#2955 = AXIS2_PLACEMENT_3D('',#2956,#2957,#2958);
#2956 = CARTESIAN_POINT('',(129.23,-117.66,0.));
#2957 = DIRECTION('',(0.,0.,1.));
#2958 = DIRECTION('',(1.,0.,-0.));
#2959 = ADVANCED_FACE('',(#2960),#2987,.F.);
#2960 = FACE_BOUND('',#2961,.F.);
#2961 = EDGE_LOOP('',(#2962,#2972,#2979,#2980));
#2962 = ORIENTED_EDGE('',*,*,#2963,.T.);
#2963 = EDGE_CURVE('',#2964,#2966,#2968,.T.);
#2964 = VERTEX_POINT('',#2965);
#2965 = CARTESIAN_POINT('',(125.775,-120.2,0.));
#2966 = VERTEX_POINT('',#2967);
#2967 = CARTESIAN_POINT('',(125.775,-120.2,-1.67));
#2968 = LINE('',#2969,#2970);
#2969 = CARTESIAN_POINT('',(125.775,-120.2,0.));
#2970 = VECTOR('',#2971,1.);
#2971 = DIRECTION('',(0.,0.,-1.));
#2972 = ORIENTED_EDGE('',*,*,#2973,.T.);
#2973 = EDGE_CURVE('',#2966,#2966,#2974,.T.);
#2974 = CIRCLE('',#2975,0.355);
#2975 = AXIS2_PLACEMENT_3D('',#2976,#2977,#2978);
#2976 = CARTESIAN_POINT('',(125.42,-120.2,-1.67));
#2977 = DIRECTION('',(0.,0.,1.));
#2978 = DIRECTION('',(1.,0.,-0.));
#2979 = ORIENTED_EDGE('',*,*,#2963,.F.);
#2980 = ORIENTED_EDGE('',*,*,#2981,.F.);
#2981 = EDGE_CURVE('',#2964,#2964,#2982,.T.);
#2982 = CIRCLE('',#2983,0.355);
#2983 = AXIS2_PLACEMENT_3D('',#2984,#2985,#2986);
#2984 = CARTESIAN_POINT('',(125.42,-120.2,0.));
#2985 = DIRECTION('',(0.,0.,1.));
#2986 = DIRECTION('',(1.,0.,-0.));
#2987 = CYLINDRICAL_SURFACE('',#2988,0.355);
#2988 = AXIS2_PLACEMENT_3D('',#2989,#2990,#2991);
#2989 = CARTESIAN_POINT('',(125.42,-120.2,0.));
#2990 = DIRECTION('',(0.,0.,1.));
#2991 = DIRECTION('',(1.,0.,-0.));
#2992 = ADVANCED_FACE('',(#2993),#3020,.F.);
#2993 = FACE_BOUND('',#2994,.F.);
#2994 = EDGE_LOOP('',(#2995,#3005,#3012,#3013));
#2995 = ORIENTED_EDGE('',*,*,#2996,.T.);
#2996 = EDGE_CURVE('',#2997,#2999,#3001,.T.);
#2997 = VERTEX_POINT('',#2998);
#2998 = CARTESIAN_POINT('',(127.045,-117.66,0.));
#2999 = VERTEX_POINT('',#3000);
#3000 = CARTESIAN_POINT('',(127.045,-117.66,-1.67));
#3001 = LINE('',#3002,#3003);
#3002 = CARTESIAN_POINT('',(127.045,-117.66,0.));
#3003 = VECTOR('',#3004,1.);
#3004 = DIRECTION('',(0.,0.,-1.));
#3005 = ORIENTED_EDGE('',*,*,#3006,.T.);
#3006 = EDGE_CURVE('',#2999,#2999,#3007,.T.);
#3007 = CIRCLE('',#3008,0.355);
#3008 = AXIS2_PLACEMENT_3D('',#3009,#3010,#3011);
#3009 = CARTESIAN_POINT('',(126.69,-117.66,-1.67));
#3010 = DIRECTION('',(0.,0.,1.));
#3011 = DIRECTION('',(1.,0.,-0.));
#3012 = ORIENTED_EDGE('',*,*,#2996,.F.);
#3013 = ORIENTED_EDGE('',*,*,#3014,.F.);
#3014 = EDGE_CURVE('',#2997,#2997,#3015,.T.);
#3015 = CIRCLE('',#3016,0.355);
#3016 = AXIS2_PLACEMENT_3D('',#3017,#3018,#3019);
#3017 = CARTESIAN_POINT('',(126.69,-117.66,0.));
#3018 = DIRECTION('',(0.,0.,1.));
#3019 = DIRECTION('',(1.,0.,-0.));
#3020 = CYLINDRICAL_SURFACE('',#3021,0.355);
#3021 = AXIS2_PLACEMENT_3D('',#3022,#3023,#3024);
#3022 = CARTESIAN_POINT('',(126.69,-117.66,0.));
#3023 = DIRECTION('',(0.,0.,1.));
#3024 = DIRECTION('',(1.,0.,-0.));
#3025 = ADVANCED_FACE('',(#3026),#3053,.F.);
#3026 = FACE_BOUND('',#3027,.F.);
#3027 = EDGE_LOOP('',(#3028,#3038,#3045,#3046));
#3028 = ORIENTED_EDGE('',*,*,#3029,.T.);
#3029 = EDGE_CURVE('',#3030,#3032,#3034,.T.);
#3030 = VERTEX_POINT('',#3031);
#3031 = CARTESIAN_POINT('',(124.505,-117.66,0.));
#3032 = VERTEX_POINT('',#3033);
#3033 = CARTESIAN_POINT('',(124.505,-117.66,-1.67));
#3034 = LINE('',#3035,#3036);
#3035 = CARTESIAN_POINT('',(124.505,-117.66,0.));
#3036 = VECTOR('',#3037,1.);
#3037 = DIRECTION('',(0.,0.,-1.));
#3038 = ORIENTED_EDGE('',*,*,#3039,.T.);
#3039 = EDGE_CURVE('',#3032,#3032,#3040,.T.);
#3040 = CIRCLE('',#3041,0.355);
#3041 = AXIS2_PLACEMENT_3D('',#3042,#3043,#3044);
#3042 = CARTESIAN_POINT('',(124.15,-117.66,-1.67));
#3043 = DIRECTION('',(0.,0.,1.));
#3044 = DIRECTION('',(1.,0.,-0.));
#3045 = ORIENTED_EDGE('',*,*,#3029,.F.);
#3046 = ORIENTED_EDGE('',*,*,#3047,.F.);
#3047 = EDGE_CURVE('',#3030,#3030,#3048,.T.);
#3048 = CIRCLE('',#3049,0.355);
#3049 = AXIS2_PLACEMENT_3D('',#3050,#3051,#3052);
#3050 = CARTESIAN_POINT('',(124.15,-117.66,0.));
#3051 = DIRECTION('',(0.,0.,1.));
#3052 = DIRECTION('',(1.,0.,-0.));
#3053 = CYLINDRICAL_SURFACE('',#3054,0.355);
#3054 = AXIS2_PLACEMENT_3D('',#3055,#3056,#3057);
#3055 = CARTESIAN_POINT('',(124.15,-117.66,0.));
#3056 = DIRECTION('',(0.,0.,1.));
#3057 = DIRECTION('',(1.,0.,-0.));
#3058 = ADVANCED_FACE('',(#3059),#3086,.F.);
#3059 = FACE_BOUND('',#3060,.F.);
#3060 = EDGE_LOOP('',(#3061,#3071,#3078,#3079));
#3061 = ORIENTED_EDGE('',*,*,#3062,.T.);
#3062 = EDGE_CURVE('',#3063,#3065,#3067,.T.);
#3063 = VERTEX_POINT('',#3064);
#3064 = CARTESIAN_POINT('',(123.235,-120.2,0.));
#3065 = VERTEX_POINT('',#3066);
#3066 = CARTESIAN_POINT('',(123.235,-120.2,-1.67));
#3067 = LINE('',#3068,#3069);
#3068 = CARTESIAN_POINT('',(123.235,-120.2,0.));
#3069 = VECTOR('',#3070,1.);
#3070 = DIRECTION('',(0.,0.,-1.));
#3071 = ORIENTED_EDGE('',*,*,#3072,.T.);
#3072 = EDGE_CURVE('',#3065,#3065,#3073,.T.);
#3073 = CIRCLE('',#3074,0.355);
#3074 = AXIS2_PLACEMENT_3D('',#3075,#3076,#3077);
#3075 = CARTESIAN_POINT('',(122.88,-120.2,-1.67));
#3076 = DIRECTION('',(0.,0.,1.));
#3077 = DIRECTION('',(1.,0.,-0.));
#3078 = ORIENTED_EDGE('',*,*,#3062,.F.);
#3079 = ORIENTED_EDGE('',*,*,#3080,.F.);
#3080 = EDGE_CURVE('',#3063,#3063,#3081,.T.);
#3081 = CIRCLE('',#3082,0.355);
#3082 = AXIS2_PLACEMENT_3D('',#3083,#3084,#3085);
#3083 = CARTESIAN_POINT('',(122.88,-120.2,0.));
#3084 = DIRECTION('',(0.,0.,1.));
#3085 = DIRECTION('',(1.,0.,-0.));
#3086 = CYLINDRICAL_SURFACE('',#3087,0.355);
#3087 = AXIS2_PLACEMENT_3D('',#3088,#3089,#3090);
#3088 = CARTESIAN_POINT('',(122.88,-120.2,0.));
#3089 = DIRECTION('',(0.,0.,1.));
#3090 = DIRECTION('',(1.,0.,-0.));
#3091 = ADVANCED_FACE('',(#3092),#3119,.F.);
#3092 = FACE_BOUND('',#3093,.F.);
#3093 = EDGE_LOOP('',(#3094,#3104,#3111,#3112));
#3094 = ORIENTED_EDGE('',*,*,#3095,.T.);
#3095 = EDGE_CURVE('',#3096,#3098,#3100,.T.);
#3096 = VERTEX_POINT('',#3097);
#3097 = CARTESIAN_POINT('',(120.695,-120.2,0.));
#3098 = VERTEX_POINT('',#3099);
#3099 = CARTESIAN_POINT('',(120.695,-120.2,-1.67));
#3100 = LINE('',#3101,#3102);
#3101 = CARTESIAN_POINT('',(120.695,-120.2,0.));
#3102 = VECTOR('',#3103,1.);
#3103 = DIRECTION('',(0.,0.,-1.));
#3104 = ORIENTED_EDGE('',*,*,#3105,.T.);
#3105 = EDGE_CURVE('',#3098,#3098,#3106,.T.);
#3106 = CIRCLE('',#3107,0.355);
#3107 = AXIS2_PLACEMENT_3D('',#3108,#3109,#3110);
#3108 = CARTESIAN_POINT('',(120.34,-120.2,-1.67));
#3109 = DIRECTION('',(0.,0.,1.));
#3110 = DIRECTION('',(1.,0.,-0.));
#3111 = ORIENTED_EDGE('',*,*,#3095,.F.);
#3112 = ORIENTED_EDGE('',*,*,#3113,.F.);
#3113 = EDGE_CURVE('',#3096,#3096,#3114,.T.);
#3114 = CIRCLE('',#3115,0.355);
#3115 = AXIS2_PLACEMENT_3D('',#3116,#3117,#3118);
#3116 = CARTESIAN_POINT('',(120.34,-120.2,0.));
#3117 = DIRECTION('',(0.,0.,1.));
#3118 = DIRECTION('',(1.,0.,-0.));
#3119 = CYLINDRICAL_SURFACE('',#3120,0.355);
#3120 = AXIS2_PLACEMENT_3D('',#3121,#3122,#3123);
#3121 = CARTESIAN_POINT('',(120.34,-120.2,0.));
#3122 = DIRECTION('',(0.,0.,1.));
#3123 = DIRECTION('',(1.,0.,-0.));
#3124 = ADVANCED_FACE('',(#3125),#3152,.F.);
#3125 = FACE_BOUND('',#3126,.F.);
#3126 = EDGE_LOOP('',(#3127,#3137,#3144,#3145));
#3127 = ORIENTED_EDGE('',*,*,#3128,.T.);
#3128 = EDGE_CURVE('',#3129,#3131,#3133,.T.);
#3129 = VERTEX_POINT('',#3130);
#3130 = CARTESIAN_POINT('',(121.965,-117.66,0.));
#3131 = VERTEX_POINT('',#3132);
#3132 = CARTESIAN_POINT('',(121.965,-117.66,-1.67));
#3133 = LINE('',#3134,#3135);
#3134 = CARTESIAN_POINT('',(121.965,-117.66,0.));
#3135 = VECTOR('',#3136,1.);
#3136 = DIRECTION('',(0.,0.,-1.));
#3137 = ORIENTED_EDGE('',*,*,#3138,.T.);
#3138 = EDGE_CURVE('',#3131,#3131,#3139,.T.);
#3139 = CIRCLE('',#3140,0.355);
#3140 = AXIS2_PLACEMENT_3D('',#3141,#3142,#3143);
#3141 = CARTESIAN_POINT('',(121.61,-117.66,-1.67));
#3142 = DIRECTION('',(0.,0.,1.));
#3143 = DIRECTION('',(1.,0.,-0.));
#3144 = ORIENTED_EDGE('',*,*,#3128,.F.);
#3145 = ORIENTED_EDGE('',*,*,#3146,.F.);
#3146 = EDGE_CURVE('',#3129,#3129,#3147,.T.);
#3147 = CIRCLE('',#3148,0.355);
#3148 = AXIS2_PLACEMENT_3D('',#3149,#3150,#3151);
#3149 = CARTESIAN_POINT('',(121.61,-117.66,0.));
#3150 = DIRECTION('',(0.,0.,1.));
#3151 = DIRECTION('',(1.,0.,-0.));
#3152 = CYLINDRICAL_SURFACE('',#3153,0.355);
#3153 = AXIS2_PLACEMENT_3D('',#3154,#3155,#3156);
#3154 = CARTESIAN_POINT('',(121.61,-117.66,0.));
#3155 = DIRECTION('',(0.,0.,1.));
#3156 = DIRECTION('',(1.,0.,-0.));
#3157 = ADVANCED_FACE('',(#3158),#3185,.F.);
#3158 = FACE_BOUND('',#3159,.F.);
#3159 = EDGE_LOOP('',(#3160,#3170,#3177,#3178));
#3160 = ORIENTED_EDGE('',*,*,#3161,.T.);
#3161 = EDGE_CURVE('',#3162,#3164,#3166,.T.);
#3162 = VERTEX_POINT('',#3163);
#3163 = CARTESIAN_POINT('',(117.72,-133.,0.));
#3164 = VERTEX_POINT('',#3165);
#3165 = CARTESIAN_POINT('',(117.72,-133.,-1.67));
#3166 = LINE('',#3167,#3168);
#3167 = CARTESIAN_POINT('',(117.72,-133.,0.));
#3168 = VECTOR('',#3169,1.);
#3169 = DIRECTION('',(0.,0.,-1.));
#3170 = ORIENTED_EDGE('',*,*,#3171,.T.);
#3171 = EDGE_CURVE('',#3164,#3164,#3172,.T.);
#3172 = CIRCLE('',#3173,1.32);
#3173 = AXIS2_PLACEMENT_3D('',#3174,#3175,#3176);
#3174 = CARTESIAN_POINT('',(116.4,-133.,-1.67));
#3175 = DIRECTION('',(0.,0.,1.));
#3176 = DIRECTION('',(1.,0.,-0.));
#3177 = ORIENTED_EDGE('',*,*,#3161,.F.);
#3178 = ORIENTED_EDGE('',*,*,#3179,.F.);
#3179 = EDGE_CURVE('',#3162,#3162,#3180,.T.);
#3180 = CIRCLE('',#3181,1.32);
#3181 = AXIS2_PLACEMENT_3D('',#3182,#3183,#3184);
#3182 = CARTESIAN_POINT('',(116.4,-133.,0.));
#3183 = DIRECTION('',(0.,0.,1.));
#3184 = DIRECTION('',(1.,0.,-0.));
#3185 = CYLINDRICAL_SURFACE('',#3186,1.32);
#3186 = AXIS2_PLACEMENT_3D('',#3187,#3188,#3189);
#3187 = CARTESIAN_POINT('',(116.4,-133.,0.));
#3188 = DIRECTION('',(0.,0.,1.));
#3189 = DIRECTION('',(1.,0.,-0.));
#3190 = ADVANCED_FACE('',(#3191),#3218,.F.);
#3191 = FACE_BOUND('',#3192,.F.);
#3192 = EDGE_LOOP('',(#3193,#3203,#3210,#3211));
#3193 = ORIENTED_EDGE('',*,*,#3194,.T.);
#3194 = EDGE_CURVE('',#3195,#3197,#3199,.T.);
#3195 = VERTEX_POINT('',#3196);
#3196 = CARTESIAN_POINT('',(119.425,-122.74,0.));
#3197 = VERTEX_POINT('',#3198);
#3198 = CARTESIAN_POINT('',(119.425,-122.74,-1.67));
#3199 = LINE('',#3200,#3201);
#3200 = CARTESIAN_POINT('',(119.425,-122.74,0.));
#3201 = VECTOR('',#3202,1.);
#3202 = DIRECTION('',(0.,0.,-1.));
#3203 = ORIENTED_EDGE('',*,*,#3204,.T.);
#3204 = EDGE_CURVE('',#3197,#3197,#3205,.T.);
#3205 = CIRCLE('',#3206,0.355);
#3206 = AXIS2_PLACEMENT_3D('',#3207,#3208,#3209);
#3207 = CARTESIAN_POINT('',(119.07,-122.74,-1.67));
#3208 = DIRECTION('',(0.,0.,1.));
#3209 = DIRECTION('',(1.,0.,-0.));
#3210 = ORIENTED_EDGE('',*,*,#3194,.F.);
#3211 = ORIENTED_EDGE('',*,*,#3212,.F.);
#3212 = EDGE_CURVE('',#3195,#3195,#3213,.T.);
#3213 = CIRCLE('',#3214,0.355);
#3214 = AXIS2_PLACEMENT_3D('',#3215,#3216,#3217);
#3215 = CARTESIAN_POINT('',(119.07,-122.74,0.));
#3216 = DIRECTION('',(0.,0.,1.));
#3217 = DIRECTION('',(1.,0.,-0.));
#3218 = CYLINDRICAL_SURFACE('',#3219,0.355);
#3219 = AXIS2_PLACEMENT_3D('',#3220,#3221,#3222);
#3220 = CARTESIAN_POINT('',(119.07,-122.74,0.));
#3221 = DIRECTION('',(0.,0.,1.));
#3222 = DIRECTION('',(1.,0.,-0.));
#3223 = ADVANCED_FACE('',(#3224),#3251,.F.);
#3224 = FACE_BOUND('',#3225,.F.);
#3225 = EDGE_LOOP('',(#3226,#3236,#3243,#3244));
#3226 = ORIENTED_EDGE('',*,*,#3227,.T.);
#3227 = EDGE_CURVE('',#3228,#3230,#3232,.T.);
#3228 = VERTEX_POINT('',#3229);
#3229 = CARTESIAN_POINT('',(116.885,-122.74,0.));
#3230 = VERTEX_POINT('',#3231);
#3231 = CARTESIAN_POINT('',(116.885,-122.74,-1.67));
#3232 = LINE('',#3233,#3234);
#3233 = CARTESIAN_POINT('',(116.885,-122.74,0.));
#3234 = VECTOR('',#3235,1.);
#3235 = DIRECTION('',(0.,0.,-1.));
#3236 = ORIENTED_EDGE('',*,*,#3237,.T.);
#3237 = EDGE_CURVE('',#3230,#3230,#3238,.T.);
#3238 = CIRCLE('',#3239,0.355);
#3239 = AXIS2_PLACEMENT_3D('',#3240,#3241,#3242);
#3240 = CARTESIAN_POINT('',(116.53,-122.74,-1.67));
#3241 = DIRECTION('',(0.,0.,1.));
#3242 = DIRECTION('',(1.,0.,-0.));
#3243 = ORIENTED_EDGE('',*,*,#3227,.F.);
#3244 = ORIENTED_EDGE('',*,*,#3245,.F.);
#3245 = EDGE_CURVE('',#3228,#3228,#3246,.T.);
#3246 = CIRCLE('',#3247,0.355);
#3247 = AXIS2_PLACEMENT_3D('',#3248,#3249,#3250);
#3248 = CARTESIAN_POINT('',(116.53,-122.74,0.));
#3249 = DIRECTION('',(0.,0.,1.));
#3250 = DIRECTION('',(1.,0.,-0.));
#3251 = CYLINDRICAL_SURFACE('',#3252,0.355);
#3252 = AXIS2_PLACEMENT_3D('',#3253,#3254,#3255);
#3253 = CARTESIAN_POINT('',(116.53,-122.74,0.));
#3254 = DIRECTION('',(0.,0.,1.));
#3255 = DIRECTION('',(1.,0.,-0.));
#3256 = ADVANCED_FACE('',(#3257),#3284,.F.);
#3257 = FACE_BOUND('',#3258,.F.);
#3258 = EDGE_LOOP('',(#3259,#3269,#3276,#3277));
#3259 = ORIENTED_EDGE('',*,*,#3260,.T.);
#3260 = EDGE_CURVE('',#3261,#3263,#3265,.T.);
#3261 = VERTEX_POINT('',#3262);
#3262 = CARTESIAN_POINT('',(114.345,-122.74,0.));
#3263 = VERTEX_POINT('',#3264);
#3264 = CARTESIAN_POINT('',(114.345,-122.74,-1.67));
#3265 = LINE('',#3266,#3267);
#3266 = CARTESIAN_POINT('',(114.345,-122.74,0.));
#3267 = VECTOR('',#3268,1.);
#3268 = DIRECTION('',(0.,0.,-1.));
#3269 = ORIENTED_EDGE('',*,*,#3270,.T.);
#3270 = EDGE_CURVE('',#3263,#3263,#3271,.T.);
#3271 = CIRCLE('',#3272,0.355);
#3272 = AXIS2_PLACEMENT_3D('',#3273,#3274,#3275);
#3273 = CARTESIAN_POINT('',(113.99,-122.74,-1.67));
#3274 = DIRECTION('',(0.,0.,1.));
#3275 = DIRECTION('',(1.,0.,-0.));
#3276 = ORIENTED_EDGE('',*,*,#3260,.F.);
#3277 = ORIENTED_EDGE('',*,*,#3278,.F.);
#3278 = EDGE_CURVE('',#3261,#3261,#3279,.T.);
#3279 = CIRCLE('',#3280,0.355);
#3280 = AXIS2_PLACEMENT_3D('',#3281,#3282,#3283);
#3281 = CARTESIAN_POINT('',(113.99,-122.74,0.));
#3282 = DIRECTION('',(0.,0.,1.));
#3283 = DIRECTION('',(1.,0.,-0.));
#3284 = CYLINDRICAL_SURFACE('',#3285,0.355);
#3285 = AXIS2_PLACEMENT_3D('',#3286,#3287,#3288);
#3286 = CARTESIAN_POINT('',(113.99,-122.74,0.));
#3287 = DIRECTION('',(0.,0.,1.));
#3288 = DIRECTION('',(1.,0.,-0.));
#3289 = ADVANCED_FACE('',(#3290),#3317,.F.);
#3290 = FACE_BOUND('',#3291,.F.);
#3291 = EDGE_LOOP('',(#3292,#3302,#3309,#3310));
#3292 = ORIENTED_EDGE('',*,*,#3293,.T.);
#3293 = EDGE_CURVE('',#3294,#3296,#3298,.T.);
#3294 = VERTEX_POINT('',#3295);
#3295 = CARTESIAN_POINT('',(105.63195,-134.,0.));
#3296 = VERTEX_POINT('',#3297);
#3297 = CARTESIAN_POINT('',(105.63195,-134.,-1.67));
#3298 = LINE('',#3299,#3300);
#3299 = CARTESIAN_POINT('',(105.63195,-134.,0.));
#3300 = VECTOR('',#3301,1.);
#3301 = DIRECTION('',(0.,0.,-1.));
#3302 = ORIENTED_EDGE('',*,*,#3303,.T.);
#3303 = EDGE_CURVE('',#3296,#3296,#3304,.T.);
#3304 = CIRCLE('',#3305,1.63195);
#3305 = AXIS2_PLACEMENT_3D('',#3306,#3307,#3308);
#3306 = CARTESIAN_POINT('',(104.,-134.,-1.67));
#3307 = DIRECTION('',(0.,0.,1.));
#3308 = DIRECTION('',(1.,0.,-0.));
#3309 = ORIENTED_EDGE('',*,*,#3293,.F.);
#3310 = ORIENTED_EDGE('',*,*,#3311,.F.);
#3311 = EDGE_CURVE('',#3294,#3294,#3312,.T.);
#3312 = CIRCLE('',#3313,1.63195);
#3313 = AXIS2_PLACEMENT_3D('',#3314,#3315,#3316);
#3314 = CARTESIAN_POINT('',(104.,-134.,0.));
#3315 = DIRECTION('',(0.,0.,1.));
#3316 = DIRECTION('',(1.,0.,-0.));
#3317 = CYLINDRICAL_SURFACE('',#3318,1.63195);
#3318 = AXIS2_PLACEMENT_3D('',#3319,#3320,#3321);
#3319 = CARTESIAN_POINT('',(104.,-134.,0.));
#3320 = DIRECTION('',(0.,0.,1.));
#3321 = DIRECTION('',(1.,0.,-0.));
#3322 = ADVANCED_FACE('',(#3323),#3350,.F.);
#3323 = FACE_BOUND('',#3324,.F.);
#3324 = EDGE_LOOP('',(#3325,#3335,#3342,#3343));
#3325 = ORIENTED_EDGE('',*,*,#3326,.T.);
#3326 = EDGE_CURVE('',#3327,#3329,#3331,.T.);
#3327 = VERTEX_POINT('',#3328);
#3328 = CARTESIAN_POINT('',(118.155,-120.2,0.));
#3329 = VERTEX_POINT('',#3330);
#3330 = CARTESIAN_POINT('',(118.155,-120.2,-1.67));
#3331 = LINE('',#3332,#3333);
#3332 = CARTESIAN_POINT('',(118.155,-120.2,0.));
#3333 = VECTOR('',#3334,1.);
#3334 = DIRECTION('',(0.,0.,-1.));
#3335 = ORIENTED_EDGE('',*,*,#3336,.T.);
#3336 = EDGE_CURVE('',#3329,#3329,#3337,.T.);
#3337 = CIRCLE('',#3338,0.355);
#3338 = AXIS2_PLACEMENT_3D('',#3339,#3340,#3341);
#3339 = CARTESIAN_POINT('',(117.8,-120.2,-1.67));
#3340 = DIRECTION('',(0.,0.,1.));
#3341 = DIRECTION('',(1.,0.,-0.));
#3342 = ORIENTED_EDGE('',*,*,#3326,.F.);
#3343 = ORIENTED_EDGE('',*,*,#3344,.F.);
#3344 = EDGE_CURVE('',#3327,#3327,#3345,.T.);
#3345 = CIRCLE('',#3346,0.355);
#3346 = AXIS2_PLACEMENT_3D('',#3347,#3348,#3349);
#3347 = CARTESIAN_POINT('',(117.8,-120.2,0.));
#3348 = DIRECTION('',(0.,0.,1.));
#3349 = DIRECTION('',(1.,0.,-0.));
#3350 = CYLINDRICAL_SURFACE('',#3351,0.355);
#3351 = AXIS2_PLACEMENT_3D('',#3352,#3353,#3354);
#3352 = CARTESIAN_POINT('',(117.8,-120.2,0.));
#3353 = DIRECTION('',(0.,0.,1.));
#3354 = DIRECTION('',(1.,0.,-0.));
#3355 = ADVANCED_FACE('',(#3356),#3383,.F.);
#3356 = FACE_BOUND('',#3357,.F.);
#3357 = EDGE_LOOP('',(#3358,#3368,#3375,#3376));
#3358 = ORIENTED_EDGE('',*,*,#3359,.T.);
#3359 = EDGE_CURVE('',#3360,#3362,#3364,.T.);
#3360 = VERTEX_POINT('',#3361);
#3361 = CARTESIAN_POINT('',(115.615,-120.2,0.));
#3362 = VERTEX_POINT('',#3363);
#3363 = CARTESIAN_POINT('',(115.615,-120.2,-1.67));
#3364 = LINE('',#3365,#3366);
#3365 = CARTESIAN_POINT('',(115.615,-120.2,0.));
#3366 = VECTOR('',#3367,1.);
#3367 = DIRECTION('',(0.,0.,-1.));
#3368 = ORIENTED_EDGE('',*,*,#3369,.T.);
#3369 = EDGE_CURVE('',#3362,#3362,#3370,.T.);
#3370 = CIRCLE('',#3371,0.355);
#3371 = AXIS2_PLACEMENT_3D('',#3372,#3373,#3374);
#3372 = CARTESIAN_POINT('',(115.26,-120.2,-1.67));
#3373 = DIRECTION('',(0.,0.,1.));
#3374 = DIRECTION('',(1.,0.,-0.));
#3375 = ORIENTED_EDGE('',*,*,#3359,.F.);
#3376 = ORIENTED_EDGE('',*,*,#3377,.F.);
#3377 = EDGE_CURVE('',#3360,#3360,#3378,.T.);
#3378 = CIRCLE('',#3379,0.355);
#3379 = AXIS2_PLACEMENT_3D('',#3380,#3381,#3382);
#3380 = CARTESIAN_POINT('',(115.26,-120.2,0.));
#3381 = DIRECTION('',(0.,0.,1.));
#3382 = DIRECTION('',(1.,0.,-0.));
#3383 = CYLINDRICAL_SURFACE('',#3384,0.355);
#3384 = AXIS2_PLACEMENT_3D('',#3385,#3386,#3387);
#3385 = CARTESIAN_POINT('',(115.26,-120.2,0.));
#3386 = DIRECTION('',(0.,0.,1.));
#3387 = DIRECTION('',(1.,0.,-0.));
#3388 = ADVANCED_FACE('',(#3389),#3416,.F.);
#3389 = FACE_BOUND('',#3390,.F.);
#3390 = EDGE_LOOP('',(#3391,#3401,#3408,#3409));
#3391 = ORIENTED_EDGE('',*,*,#3392,.T.);
#3392 = EDGE_CURVE('',#3393,#3395,#3397,.T.);
#3393 = VERTEX_POINT('',#3394);
#3394 = CARTESIAN_POINT('',(119.425,-117.66,0.));
#3395 = VERTEX_POINT('',#3396);
#3396 = CARTESIAN_POINT('',(119.425,-117.66,-1.67));
#3397 = LINE('',#3398,#3399);
#3398 = CARTESIAN_POINT('',(119.425,-117.66,0.));
#3399 = VECTOR('',#3400,1.);
#3400 = DIRECTION('',(0.,0.,-1.));
#3401 = ORIENTED_EDGE('',*,*,#3402,.T.);
#3402 = EDGE_CURVE('',#3395,#3395,#3403,.T.);
#3403 = CIRCLE('',#3404,0.355);
#3404 = AXIS2_PLACEMENT_3D('',#3405,#3406,#3407);
#3405 = CARTESIAN_POINT('',(119.07,-117.66,-1.67));
#3406 = DIRECTION('',(0.,0.,1.));
#3407 = DIRECTION('',(1.,0.,-0.));
#3408 = ORIENTED_EDGE('',*,*,#3392,.F.);
#3409 = ORIENTED_EDGE('',*,*,#3410,.F.);
#3410 = EDGE_CURVE('',#3393,#3393,#3411,.T.);
#3411 = CIRCLE('',#3412,0.355);
#3412 = AXIS2_PLACEMENT_3D('',#3413,#3414,#3415);
#3413 = CARTESIAN_POINT('',(119.07,-117.66,0.));
#3414 = DIRECTION('',(0.,0.,1.));
#3415 = DIRECTION('',(1.,0.,-0.));
#3416 = CYLINDRICAL_SURFACE('',#3417,0.355);
#3417 = AXIS2_PLACEMENT_3D('',#3418,#3419,#3420);
#3418 = CARTESIAN_POINT('',(119.07,-117.66,0.));
#3419 = DIRECTION('',(0.,0.,1.));
#3420 = DIRECTION('',(1.,0.,-0.));
#3421 = ADVANCED_FACE('',(#3422),#3449,.F.);
#3422 = FACE_BOUND('',#3423,.F.);
#3423 = EDGE_LOOP('',(#3424,#3434,#3441,#3442));
#3424 = ORIENTED_EDGE('',*,*,#3425,.T.);
#3425 = EDGE_CURVE('',#3426,#3428,#3430,.T.);
#3426 = VERTEX_POINT('',#3427);
#3427 = CARTESIAN_POINT('',(116.885,-117.66,0.));
#3428 = VERTEX_POINT('',#3429);
#3429 = CARTESIAN_POINT('',(116.885,-117.66,-1.67));
#3430 = LINE('',#3431,#3432);
#3431 = CARTESIAN_POINT('',(116.885,-117.66,0.));
#3432 = VECTOR('',#3433,1.);
#3433 = DIRECTION('',(0.,0.,-1.));
#3434 = ORIENTED_EDGE('',*,*,#3435,.T.);
#3435 = EDGE_CURVE('',#3428,#3428,#3436,.T.);
#3436 = CIRCLE('',#3437,0.355);
#3437 = AXIS2_PLACEMENT_3D('',#3438,#3439,#3440);
#3438 = CARTESIAN_POINT('',(116.53,-117.66,-1.67));
#3439 = DIRECTION('',(0.,0.,1.));
#3440 = DIRECTION('',(1.,0.,-0.));
#3441 = ORIENTED_EDGE('',*,*,#3425,.F.);
#3442 = ORIENTED_EDGE('',*,*,#3443,.F.);
#3443 = EDGE_CURVE('',#3426,#3426,#3444,.T.);
#3444 = CIRCLE('',#3445,0.355);
#3445 = AXIS2_PLACEMENT_3D('',#3446,#3447,#3448);
#3446 = CARTESIAN_POINT('',(116.53,-117.66,0.));
#3447 = DIRECTION('',(0.,0.,1.));
#3448 = DIRECTION('',(1.,0.,-0.));
#3449 = CYLINDRICAL_SURFACE('',#3450,0.355);
#3450 = AXIS2_PLACEMENT_3D('',#3451,#3452,#3453);
#3451 = CARTESIAN_POINT('',(116.53,-117.66,0.));
#3452 = DIRECTION('',(0.,0.,1.));
#3453 = DIRECTION('',(1.,0.,-0.));
#3454 = ADVANCED_FACE('',(#3455),#3482,.F.);
#3455 = FACE_BOUND('',#3456,.F.);
#3456 = EDGE_LOOP('',(#3457,#3467,#3474,#3475));
#3457 = ORIENTED_EDGE('',*,*,#3458,.T.);
#3458 = EDGE_CURVE('',#3459,#3461,#3463,.T.);
#3459 = VERTEX_POINT('',#3460);
#3460 = CARTESIAN_POINT('',(111.5,-120.2,0.));
#3461 = VERTEX_POINT('',#3462);
#3462 = CARTESIAN_POINT('',(111.5,-120.2,-1.67));
#3463 = LINE('',#3464,#3465);
#3464 = CARTESIAN_POINT('',(111.5,-120.2,0.));
#3465 = VECTOR('',#3466,1.);
#3466 = DIRECTION('',(0.,0.,-1.));
#3467 = ORIENTED_EDGE('',*,*,#3468,.T.);
#3468 = EDGE_CURVE('',#3461,#3461,#3469,.T.);
#3469 = CIRCLE('',#3470,1.32);
#3470 = AXIS2_PLACEMENT_3D('',#3471,#3472,#3473);
#3471 = CARTESIAN_POINT('',(110.18,-120.2,-1.67));
#3472 = DIRECTION('',(0.,0.,1.));
#3473 = DIRECTION('',(1.,0.,-0.));
#3474 = ORIENTED_EDGE('',*,*,#3458,.F.);
#3475 = ORIENTED_EDGE('',*,*,#3476,.F.);
#3476 = EDGE_CURVE('',#3459,#3459,#3477,.T.);
#3477 = CIRCLE('',#3478,1.32);
#3478 = AXIS2_PLACEMENT_3D('',#3479,#3480,#3481);
#3479 = CARTESIAN_POINT('',(110.18,-120.2,0.));
#3480 = DIRECTION('',(0.,0.,1.));
#3481 = DIRECTION('',(1.,0.,-0.));
#3482 = CYLINDRICAL_SURFACE('',#3483,1.32);
#3483 = AXIS2_PLACEMENT_3D('',#3484,#3485,#3486);
#3484 = CARTESIAN_POINT('',(110.18,-120.2,0.));
#3485 = DIRECTION('',(0.,0.,1.));
#3486 = DIRECTION('',(1.,0.,-0.));
#3487 = ADVANCED_FACE('',(#3488),#3515,.F.);
#3488 = FACE_BOUND('',#3489,.F.);
#3489 = EDGE_LOOP('',(#3490,#3500,#3507,#3508));
#3490 = ORIENTED_EDGE('',*,*,#3491,.T.);
#3491 = EDGE_CURVE('',#3492,#3494,#3496,.T.);
#3492 = VERTEX_POINT('',#3493);
#3493 = CARTESIAN_POINT('',(129.8,-90.,0.));
#3494 = VERTEX_POINT('',#3495);
#3495 = CARTESIAN_POINT('',(129.8,-90.,-1.67));
#3496 = LINE('',#3497,#3498);
#3497 = CARTESIAN_POINT('',(129.8,-90.,0.));
#3498 = VECTOR('',#3499,1.);
#3499 = DIRECTION('',(0.,0.,-1.));
#3500 = ORIENTED_EDGE('',*,*,#3501,.T.);
#3501 = EDGE_CURVE('',#3494,#3494,#3502,.T.);
#3502 = CIRCLE('',#3503,1.1);
#3503 = AXIS2_PLACEMENT_3D('',#3504,#3505,#3506);
#3504 = CARTESIAN_POINT('',(128.7,-90.,-1.67));
#3505 = DIRECTION('',(0.,0.,1.));
#3506 = DIRECTION('',(1.,0.,-0.));
#3507 = ORIENTED_EDGE('',*,*,#3491,.F.);
#3508 = ORIENTED_EDGE('',*,*,#3509,.F.);
#3509 = EDGE_CURVE('',#3492,#3492,#3510,.T.);
#3510 = CIRCLE('',#3511,1.1);
#3511 = AXIS2_PLACEMENT_3D('',#3512,#3513,#3514);
#3512 = CARTESIAN_POINT('',(128.7,-90.,0.));
#3513 = DIRECTION('',(0.,0.,1.));
#3514 = DIRECTION('',(1.,0.,-0.));
#3515 = CYLINDRICAL_SURFACE('',#3516,1.1);
#3516 = AXIS2_PLACEMENT_3D('',#3517,#3518,#3519);
#3517 = CARTESIAN_POINT('',(128.7,-90.,0.));
#3518 = DIRECTION('',(0.,0.,1.));
#3519 = DIRECTION('',(1.,0.,-0.));
#3520 = ADVANCED_FACE('',(#3521),#3548,.F.);
#3521 = FACE_BOUND('',#3522,.F.);
#3522 = EDGE_LOOP('',(#3523,#3533,#3540,#3541));
#3523 = ORIENTED_EDGE('',*,*,#3524,.T.);
#3524 = EDGE_CURVE('',#3525,#3527,#3529,.T.);
#3525 = VERTEX_POINT('',#3526);
#3526 = CARTESIAN_POINT('',(105.63195,-104.,0.));
#3527 = VERTEX_POINT('',#3528);
#3528 = CARTESIAN_POINT('',(105.63195,-104.,-1.67));
#3529 = LINE('',#3530,#3531);
#3530 = CARTESIAN_POINT('',(105.63195,-104.,0.));
#3531 = VECTOR('',#3532,1.);
#3532 = DIRECTION('',(0.,0.,-1.));
#3533 = ORIENTED_EDGE('',*,*,#3534,.T.);
#3534 = EDGE_CURVE('',#3527,#3527,#3535,.T.);
#3535 = CIRCLE('',#3536,1.63195);
#3536 = AXIS2_PLACEMENT_3D('',#3537,#3538,#3539);
#3537 = CARTESIAN_POINT('',(104.,-104.,-1.67));
#3538 = DIRECTION('',(0.,0.,1.));
#3539 = DIRECTION('',(1.,0.,-0.));
#3540 = ORIENTED_EDGE('',*,*,#3524,.F.);
#3541 = ORIENTED_EDGE('',*,*,#3542,.F.);
#3542 = EDGE_CURVE('',#3525,#3525,#3543,.T.);
#3543 = CIRCLE('',#3544,1.63195);
#3544 = AXIS2_PLACEMENT_3D('',#3545,#3546,#3547);
#3545 = CARTESIAN_POINT('',(104.,-104.,0.));
#3546 = DIRECTION('',(0.,0.,1.));
#3547 = DIRECTION('',(1.,0.,-0.));
#3548 = CYLINDRICAL_SURFACE('',#3549,1.63195);
#3549 = AXIS2_PLACEMENT_3D('',#3550,#3551,#3552);
#3550 = CARTESIAN_POINT('',(104.,-104.,0.));
#3551 = DIRECTION('',(0.,0.,1.));
#3552 = DIRECTION('',(1.,0.,-0.));
#3553 = ADVANCED_FACE('',(#3554),#3581,.F.);
#3554 = FACE_BOUND('',#3555,.F.);
#3555 = EDGE_LOOP('',(#3556,#3566,#3573,#3574));
#3556 = ORIENTED_EDGE('',*,*,#3557,.T.);
#3557 = EDGE_CURVE('',#3558,#3560,#3562,.T.);
#3558 = VERTEX_POINT('',#3559);
#3559 = CARTESIAN_POINT('',(113.8,-90.,0.));
#3560 = VERTEX_POINT('',#3561);
#3561 = CARTESIAN_POINT('',(113.8,-90.,-1.67));
#3562 = LINE('',#3563,#3564);
#3563 = CARTESIAN_POINT('',(113.8,-90.,0.));
#3564 = VECTOR('',#3565,1.);
#3565 = DIRECTION('',(0.,0.,-1.));
#3566 = ORIENTED_EDGE('',*,*,#3567,.T.);
#3567 = EDGE_CURVE('',#3560,#3560,#3568,.T.);
#3568 = CIRCLE('',#3569,1.1);
#3569 = AXIS2_PLACEMENT_3D('',#3570,#3571,#3572);
#3570 = CARTESIAN_POINT('',(112.7,-90.,-1.67));
#3571 = DIRECTION('',(0.,0.,1.));
#3572 = DIRECTION('',(1.,0.,-0.));
#3573 = ORIENTED_EDGE('',*,*,#3557,.F.);
#3574 = ORIENTED_EDGE('',*,*,#3575,.F.);
#3575 = EDGE_CURVE('',#3558,#3558,#3576,.T.);
#3576 = CIRCLE('',#3577,1.1);
#3577 = AXIS2_PLACEMENT_3D('',#3578,#3579,#3580);
#3578 = CARTESIAN_POINT('',(112.7,-90.,0.));
#3579 = DIRECTION('',(0.,0.,1.));
#3580 = DIRECTION('',(1.,0.,-0.));
#3581 = CYLINDRICAL_SURFACE('',#3582,1.1);
#3582 = AXIS2_PLACEMENT_3D('',#3583,#3584,#3585);
#3583 = CARTESIAN_POINT('',(112.7,-90.,0.));
#3584 = DIRECTION('',(0.,0.,1.));
#3585 = DIRECTION('',(1.,0.,-0.));
#3586 = ADVANCED_FACE('',(#3587),#3614,.F.);
#3587 = FACE_BOUND('',#3588,.F.);
#3588 = EDGE_LOOP('',(#3589,#3599,#3606,#3607));
#3589 = ORIENTED_EDGE('',*,*,#3590,.T.);
#3590 = EDGE_CURVE('',#3591,#3593,#3595,.T.);
#3591 = VERTEX_POINT('',#3592);
#3592 = CARTESIAN_POINT('',(161.8,-70.,0.));
#3593 = VERTEX_POINT('',#3594);
#3594 = CARTESIAN_POINT('',(161.8,-70.,-1.67));
#3595 = LINE('',#3596,#3597);
#3596 = CARTESIAN_POINT('',(161.8,-70.,0.));
#3597 = VECTOR('',#3598,1.);
#3598 = DIRECTION('',(0.,0.,-1.));
#3599 = ORIENTED_EDGE('',*,*,#3600,.T.);
#3600 = EDGE_CURVE('',#3593,#3593,#3601,.T.);
#3601 = CIRCLE('',#3602,1.1);
#3602 = AXIS2_PLACEMENT_3D('',#3603,#3604,#3605);
#3603 = CARTESIAN_POINT('',(160.7,-70.,-1.67));
#3604 = DIRECTION('',(0.,0.,1.));
#3605 = DIRECTION('',(1.,0.,-0.));
#3606 = ORIENTED_EDGE('',*,*,#3590,.F.);
#3607 = ORIENTED_EDGE('',*,*,#3608,.F.);
#3608 = EDGE_CURVE('',#3591,#3591,#3609,.T.);
#3609 = CIRCLE('',#3610,1.1);
#3610 = AXIS2_PLACEMENT_3D('',#3611,#3612,#3613);
#3611 = CARTESIAN_POINT('',(160.7,-70.,0.));
#3612 = DIRECTION('',(0.,0.,1.));
#3613 = DIRECTION('',(1.,0.,-0.));
#3614 = CYLINDRICAL_SURFACE('',#3615,1.1);
#3615 = AXIS2_PLACEMENT_3D('',#3616,#3617,#3618);
#3616 = CARTESIAN_POINT('',(160.7,-70.,0.));
#3617 = DIRECTION('',(0.,0.,1.));
#3618 = DIRECTION('',(1.,0.,-0.));
#3619 = ADVANCED_FACE('',(#3620),#3647,.F.);
#3620 = FACE_BOUND('',#3621,.F.);
#3621 = EDGE_LOOP('',(#3622,#3632,#3639,#3640));
#3622 = ORIENTED_EDGE('',*,*,#3623,.T.);
#3623 = EDGE_CURVE('',#3624,#3626,#3628,.T.);
#3624 = VERTEX_POINT('',#3625);
#3625 = CARTESIAN_POINT('',(145.8,-70.,0.));
#3626 = VERTEX_POINT('',#3627);
#3627 = CARTESIAN_POINT('',(145.8,-70.,-1.67));
#3628 = LINE('',#3629,#3630);
#3629 = CARTESIAN_POINT('',(145.8,-70.,0.));
#3630 = VECTOR('',#3631,1.);
#3631 = DIRECTION('',(0.,0.,-1.));
#3632 = ORIENTED_EDGE('',*,*,#3633,.T.);
#3633 = EDGE_CURVE('',#3626,#3626,#3634,.T.);
#3634 = CIRCLE('',#3635,1.1);
#3635 = AXIS2_PLACEMENT_3D('',#3636,#3637,#3638);
#3636 = CARTESIAN_POINT('',(144.7,-70.,-1.67));
#3637 = DIRECTION('',(0.,0.,1.));
#3638 = DIRECTION('',(1.,0.,-0.));
#3639 = ORIENTED_EDGE('',*,*,#3623,.F.);
#3640 = ORIENTED_EDGE('',*,*,#3641,.F.);
#3641 = EDGE_CURVE('',#3624,#3624,#3642,.T.);
#3642 = CIRCLE('',#3643,1.1);
#3643 = AXIS2_PLACEMENT_3D('',#3644,#3645,#3646);
#3644 = CARTESIAN_POINT('',(144.7,-70.,0.));
#3645 = DIRECTION('',(0.,0.,1.));
#3646 = DIRECTION('',(1.,0.,-0.));
#3647 = CYLINDRICAL_SURFACE('',#3648,1.1);
#3648 = AXIS2_PLACEMENT_3D('',#3649,#3650,#3651);
#3649 = CARTESIAN_POINT('',(144.7,-70.,0.));
#3650 = DIRECTION('',(0.,0.,1.));
#3651 = DIRECTION('',(1.,0.,-0.));
#3652 = ADVANCED_FACE('',(#3653),#3680,.F.);
#3653 = FACE_BOUND('',#3654,.F.);
#3654 = EDGE_LOOP('',(#3655,#3665,#3672,#3673));
#3655 = ORIENTED_EDGE('',*,*,#3656,.T.);
#3656 = EDGE_CURVE('',#3657,#3659,#3661,.T.);
#3657 = VERTEX_POINT('',#3658);
#3658 = CARTESIAN_POINT('',(161.8,-50.,0.));
#3659 = VERTEX_POINT('',#3660);
#3660 = CARTESIAN_POINT('',(161.8,-50.,-1.67));
#3661 = LINE('',#3662,#3663);
#3662 = CARTESIAN_POINT('',(161.8,-50.,0.));
#3663 = VECTOR('',#3664,1.);
#3664 = DIRECTION('',(0.,0.,-1.));
#3665 = ORIENTED_EDGE('',*,*,#3666,.T.);
#3666 = EDGE_CURVE('',#3659,#3659,#3667,.T.);
#3667 = CIRCLE('',#3668,1.1);
#3668 = AXIS2_PLACEMENT_3D('',#3669,#3670,#3671);
#3669 = CARTESIAN_POINT('',(160.7,-50.,-1.67));
#3670 = DIRECTION('',(0.,0.,1.));
#3671 = DIRECTION('',(1.,0.,-0.));
#3672 = ORIENTED_EDGE('',*,*,#3656,.F.);
#3673 = ORIENTED_EDGE('',*,*,#3674,.F.);
#3674 = EDGE_CURVE('',#3657,#3657,#3675,.T.);
#3675 = CIRCLE('',#3676,1.1);
#3676 = AXIS2_PLACEMENT_3D('',#3677,#3678,#3679);
#3677 = CARTESIAN_POINT('',(160.7,-50.,0.));
#3678 = DIRECTION('',(0.,0.,1.));
#3679 = DIRECTION('',(1.,0.,-0.));
#3680 = CYLINDRICAL_SURFACE('',#3681,1.1);
#3681 = AXIS2_PLACEMENT_3D('',#3682,#3683,#3684);
#3682 = CARTESIAN_POINT('',(160.7,-50.,0.));
#3683 = DIRECTION('',(0.,0.,1.));
#3684 = DIRECTION('',(1.,0.,-0.));
#3685 = ADVANCED_FACE('',(#3686),#3713,.F.);
#3686 = FACE_BOUND('',#3687,.F.);
#3687 = EDGE_LOOP('',(#3688,#3698,#3705,#3706));
#3688 = ORIENTED_EDGE('',*,*,#3689,.T.);
#3689 = EDGE_CURVE('',#3690,#3692,#3694,.T.);
#3690 = VERTEX_POINT('',#3691);
#3691 = CARTESIAN_POINT('',(161.63195,-33.2,0.));
#3692 = VERTEX_POINT('',#3693);
#3693 = CARTESIAN_POINT('',(161.63195,-33.2,-1.67));
#3694 = LINE('',#3695,#3696);
#3695 = CARTESIAN_POINT('',(161.63195,-33.2,0.));
#3696 = VECTOR('',#3697,1.);
#3697 = DIRECTION('',(0.,0.,-1.));
#3698 = ORIENTED_EDGE('',*,*,#3699,.T.);
#3699 = EDGE_CURVE('',#3692,#3692,#3700,.T.);
#3700 = CIRCLE('',#3701,1.63195);
#3701 = AXIS2_PLACEMENT_3D('',#3702,#3703,#3704);
#3702 = CARTESIAN_POINT('',(160.,-33.2,-1.67));
#3703 = DIRECTION('',(0.,0.,1.));
#3704 = DIRECTION('',(1.,0.,-0.));
#3705 = ORIENTED_EDGE('',*,*,#3689,.F.);
#3706 = ORIENTED_EDGE('',*,*,#3707,.F.);
#3707 = EDGE_CURVE('',#3690,#3690,#3708,.T.);
#3708 = CIRCLE('',#3709,1.63195);
#3709 = AXIS2_PLACEMENT_3D('',#3710,#3711,#3712);
#3710 = CARTESIAN_POINT('',(160.,-33.2,0.));
#3711 = DIRECTION('',(0.,0.,1.));
#3712 = DIRECTION('',(1.,0.,-0.));
#3713 = CYLINDRICAL_SURFACE('',#3714,1.63195);
#3714 = AXIS2_PLACEMENT_3D('',#3715,#3716,#3717);
#3715 = CARTESIAN_POINT('',(160.,-33.2,0.));
#3716 = DIRECTION('',(0.,0.,1.));
#3717 = DIRECTION('',(1.,0.,-0.));
#3718 = ADVANCED_FACE('',(#3719),#3746,.F.);
#3719 = FACE_BOUND('',#3720,.F.);
#3720 = EDGE_LOOP('',(#3721,#3731,#3738,#3739));
#3721 = ORIENTED_EDGE('',*,*,#3722,.T.);
#3722 = EDGE_CURVE('',#3723,#3725,#3727,.T.);
#3723 = VERTEX_POINT('',#3724);
#3724 = CARTESIAN_POINT('',(145.8,-50.,0.));
#3725 = VERTEX_POINT('',#3726);
#3726 = CARTESIAN_POINT('',(145.8,-50.,-1.67));
#3727 = LINE('',#3728,#3729);
#3728 = CARTESIAN_POINT('',(145.8,-50.,0.));
#3729 = VECTOR('',#3730,1.);
#3730 = DIRECTION('',(0.,0.,-1.));
#3731 = ORIENTED_EDGE('',*,*,#3732,.T.);
#3732 = EDGE_CURVE('',#3725,#3725,#3733,.T.);
#3733 = CIRCLE('',#3734,1.1);
#3734 = AXIS2_PLACEMENT_3D('',#3735,#3736,#3737);
#3735 = CARTESIAN_POINT('',(144.7,-50.,-1.67));
#3736 = DIRECTION('',(0.,0.,1.));
#3737 = DIRECTION('',(1.,0.,-0.));
#3738 = ORIENTED_EDGE('',*,*,#3722,.F.);
#3739 = ORIENTED_EDGE('',*,*,#3740,.F.);
#3740 = EDGE_CURVE('',#3723,#3723,#3741,.T.);
#3741 = CIRCLE('',#3742,1.1);
#3742 = AXIS2_PLACEMENT_3D('',#3743,#3744,#3745);
#3743 = CARTESIAN_POINT('',(144.7,-50.,0.));
#3744 = DIRECTION('',(0.,0.,1.));
#3745 = DIRECTION('',(1.,0.,-0.));
#3746 = CYLINDRICAL_SURFACE('',#3747,1.1);
#3747 = AXIS2_PLACEMENT_3D('',#3748,#3749,#3750);
#3748 = CARTESIAN_POINT('',(144.7,-50.,0.));
#3749 = DIRECTION('',(0.,0.,1.));
#3750 = DIRECTION('',(1.,0.,-0.));
#3751 = ADVANCED_FACE('',(#3752),#3779,.F.);
#3752 = FACE_BOUND('',#3753,.F.);
#3753 = EDGE_LOOP('',(#3754,#3764,#3771,#3772));
#3754 = ORIENTED_EDGE('',*,*,#3755,.T.);
#3755 = EDGE_CURVE('',#3756,#3758,#3760,.T.);
#3756 = VERTEX_POINT('',#3757);
#3757 = CARTESIAN_POINT('',(145.63195,-33.2,0.));
#3758 = VERTEX_POINT('',#3759);
#3759 = CARTESIAN_POINT('',(145.63195,-33.2,-1.67));
#3760 = LINE('',#3761,#3762);
#3761 = CARTESIAN_POINT('',(145.63195,-33.2,0.));
#3762 = VECTOR('',#3763,1.);
#3763 = DIRECTION('',(0.,0.,-1.));
#3764 = ORIENTED_EDGE('',*,*,#3765,.T.);
#3765 = EDGE_CURVE('',#3758,#3758,#3766,.T.);
#3766 = CIRCLE('',#3767,1.63195);
#3767 = AXIS2_PLACEMENT_3D('',#3768,#3769,#3770);
#3768 = CARTESIAN_POINT('',(144.,-33.2,-1.67));
#3769 = DIRECTION('',(0.,0.,1.));
#3770 = DIRECTION('',(1.,0.,-0.));
#3771 = ORIENTED_EDGE('',*,*,#3755,.F.);
#3772 = ORIENTED_EDGE('',*,*,#3773,.F.);
#3773 = EDGE_CURVE('',#3756,#3756,#3774,.T.);
#3774 = CIRCLE('',#3775,1.63195);
#3775 = AXIS2_PLACEMENT_3D('',#3776,#3777,#3778);
#3776 = CARTESIAN_POINT('',(144.,-33.2,0.));
#3777 = DIRECTION('',(0.,0.,1.));
#3778 = DIRECTION('',(1.,0.,-0.));
#3779 = CYLINDRICAL_SURFACE('',#3780,1.63195);
#3780 = AXIS2_PLACEMENT_3D('',#3781,#3782,#3783);
#3781 = CARTESIAN_POINT('',(144.,-33.2,0.));
#3782 = DIRECTION('',(0.,0.,1.));
#3783 = DIRECTION('',(1.,0.,-0.));
#3784 = ADVANCED_FACE('',(#3785),#3812,.F.);
#3785 = FACE_BOUND('',#3786,.F.);
#3786 = EDGE_LOOP('',(#3787,#3797,#3804,#3805));
#3787 = ORIENTED_EDGE('',*,*,#3788,.T.);
#3788 = EDGE_CURVE('',#3789,#3791,#3793,.T.);
#3789 = VERTEX_POINT('',#3790);
#3790 = CARTESIAN_POINT('',(129.8,-70.,0.));
#3791 = VERTEX_POINT('',#3792);
#3792 = CARTESIAN_POINT('',(129.8,-70.,-1.67));
#3793 = LINE('',#3794,#3795);
#3794 = CARTESIAN_POINT('',(129.8,-70.,0.));
#3795 = VECTOR('',#3796,1.);
#3796 = DIRECTION('',(0.,0.,-1.));
#3797 = ORIENTED_EDGE('',*,*,#3798,.T.);
#3798 = EDGE_CURVE('',#3791,#3791,#3799,.T.);
#3799 = CIRCLE('',#3800,1.1);
#3800 = AXIS2_PLACEMENT_3D('',#3801,#3802,#3803);
#3801 = CARTESIAN_POINT('',(128.7,-70.,-1.67));
#3802 = DIRECTION('',(0.,0.,1.));
#3803 = DIRECTION('',(1.,0.,-0.));
#3804 = ORIENTED_EDGE('',*,*,#3788,.F.);
#3805 = ORIENTED_EDGE('',*,*,#3806,.F.);
#3806 = EDGE_CURVE('',#3789,#3789,#3807,.T.);
#3807 = CIRCLE('',#3808,1.1);
#3808 = AXIS2_PLACEMENT_3D('',#3809,#3810,#3811);
#3809 = CARTESIAN_POINT('',(128.7,-70.,0.));
#3810 = DIRECTION('',(0.,0.,1.));
#3811 = DIRECTION('',(1.,0.,-0.));
#3812 = CYLINDRICAL_SURFACE('',#3813,1.1);
#3813 = AXIS2_PLACEMENT_3D('',#3814,#3815,#3816);
#3814 = CARTESIAN_POINT('',(128.7,-70.,0.));
#3815 = DIRECTION('',(0.,0.,1.));
#3816 = DIRECTION('',(1.,0.,-0.));
#3817 = ADVANCED_FACE('',(#3818),#3845,.F.);
#3818 = FACE_BOUND('',#3819,.F.);
#3819 = EDGE_LOOP('',(#3820,#3830,#3837,#3838));
#3820 = ORIENTED_EDGE('',*,*,#3821,.T.);
#3821 = EDGE_CURVE('',#3822,#3824,#3826,.T.);
#3822 = VERTEX_POINT('',#3823);
#3823 = CARTESIAN_POINT('',(113.8,-70.,0.));
#3824 = VERTEX_POINT('',#3825);
#3825 = CARTESIAN_POINT('',(113.8,-70.,-1.67));
#3826 = LINE('',#3827,#3828);
#3827 = CARTESIAN_POINT('',(113.8,-70.,0.));
#3828 = VECTOR('',#3829,1.);
#3829 = DIRECTION('',(0.,0.,-1.));
#3830 = ORIENTED_EDGE('',*,*,#3831,.T.);
#3831 = EDGE_CURVE('',#3824,#3824,#3832,.T.);
#3832 = CIRCLE('',#3833,1.1);
#3833 = AXIS2_PLACEMENT_3D('',#3834,#3835,#3836);
#3834 = CARTESIAN_POINT('',(112.7,-70.,-1.67));
#3835 = DIRECTION('',(0.,0.,1.));
#3836 = DIRECTION('',(1.,0.,-0.));
#3837 = ORIENTED_EDGE('',*,*,#3821,.F.);
#3838 = ORIENTED_EDGE('',*,*,#3839,.F.);
#3839 = EDGE_CURVE('',#3822,#3822,#3840,.T.);
#3840 = CIRCLE('',#3841,1.1);
#3841 = AXIS2_PLACEMENT_3D('',#3842,#3843,#3844);
#3842 = CARTESIAN_POINT('',(112.7,-70.,0.));
#3843 = DIRECTION('',(0.,0.,1.));
#3844 = DIRECTION('',(1.,0.,-0.));
#3845 = CYLINDRICAL_SURFACE('',#3846,1.1);
#3846 = AXIS2_PLACEMENT_3D('',#3847,#3848,#3849);
#3847 = CARTESIAN_POINT('',(112.7,-70.,0.));
#3848 = DIRECTION('',(0.,0.,1.));
#3849 = DIRECTION('',(1.,0.,-0.));
#3850 = ADVANCED_FACE('',(#3851),#3878,.F.);
#3851 = FACE_BOUND('',#3852,.F.);
#3852 = EDGE_LOOP('',(#3853,#3863,#3870,#3871));
#3853 = ORIENTED_EDGE('',*,*,#3854,.T.);
#3854 = EDGE_CURVE('',#3855,#3857,#3859,.T.);
#3855 = VERTEX_POINT('',#3856);
#3856 = CARTESIAN_POINT('',(129.8,-50.,0.));
#3857 = VERTEX_POINT('',#3858);
#3858 = CARTESIAN_POINT('',(129.8,-50.,-1.67));
#3859 = LINE('',#3860,#3861);
#3860 = CARTESIAN_POINT('',(129.8,-50.,0.));
#3861 = VECTOR('',#3862,1.);
#3862 = DIRECTION('',(0.,0.,-1.));
#3863 = ORIENTED_EDGE('',*,*,#3864,.T.);
#3864 = EDGE_CURVE('',#3857,#3857,#3865,.T.);
#3865 = CIRCLE('',#3866,1.1);
#3866 = AXIS2_PLACEMENT_3D('',#3867,#3868,#3869);
#3867 = CARTESIAN_POINT('',(128.7,-50.,-1.67));
#3868 = DIRECTION('',(0.,0.,1.));
#3869 = DIRECTION('',(1.,0.,-0.));
#3870 = ORIENTED_EDGE('',*,*,#3854,.F.);
#3871 = ORIENTED_EDGE('',*,*,#3872,.F.);
#3872 = EDGE_CURVE('',#3855,#3855,#3873,.T.);
#3873 = CIRCLE('',#3874,1.1);
#3874 = AXIS2_PLACEMENT_3D('',#3875,#3876,#3877);
#3875 = CARTESIAN_POINT('',(128.7,-50.,0.));
#3876 = DIRECTION('',(0.,0.,1.));
#3877 = DIRECTION('',(1.,0.,-0.));
#3878 = CYLINDRICAL_SURFACE('',#3879,1.1);
#3879 = AXIS2_PLACEMENT_3D('',#3880,#3881,#3882);
#3880 = CARTESIAN_POINT('',(128.7,-50.,0.));
#3881 = DIRECTION('',(0.,0.,1.));
#3882 = DIRECTION('',(1.,0.,-0.));
#3883 = ADVANCED_FACE('',(#3884),#3911,.F.);
#3884 = FACE_BOUND('',#3885,.F.);
#3885 = EDGE_LOOP('',(#3886,#3896,#3903,#3904));
#3886 = ORIENTED_EDGE('',*,*,#3887,.T.);
#3887 = EDGE_CURVE('',#3888,#3890,#3892,.T.);
#3888 = VERTEX_POINT('',#3889);
#3889 = CARTESIAN_POINT('',(129.63195,-33.2,0.));
#3890 = VERTEX_POINT('',#3891);
#3891 = CARTESIAN_POINT('',(129.63195,-33.2,-1.67));
#3892 = LINE('',#3893,#3894);
#3893 = CARTESIAN_POINT('',(129.63195,-33.2,0.));
#3894 = VECTOR('',#3895,1.);
#3895 = DIRECTION('',(0.,0.,-1.));
#3896 = ORIENTED_EDGE('',*,*,#3897,.T.);
#3897 = EDGE_CURVE('',#3890,#3890,#3898,.T.);
#3898 = CIRCLE('',#3899,1.63195);
#3899 = AXIS2_PLACEMENT_3D('',#3900,#3901,#3902);
#3900 = CARTESIAN_POINT('',(128.,-33.2,-1.67));
#3901 = DIRECTION('',(0.,0.,1.));
#3902 = DIRECTION('',(1.,0.,-0.));
#3903 = ORIENTED_EDGE('',*,*,#3887,.F.);
#3904 = ORIENTED_EDGE('',*,*,#3905,.F.);
#3905 = EDGE_CURVE('',#3888,#3888,#3906,.T.);
#3906 = CIRCLE('',#3907,1.63195);
#3907 = AXIS2_PLACEMENT_3D('',#3908,#3909,#3910);
#3908 = CARTESIAN_POINT('',(128.,-33.2,0.));
#3909 = DIRECTION('',(0.,0.,1.));
#3910 = DIRECTION('',(1.,0.,-0.));
#3911 = CYLINDRICAL_SURFACE('',#3912,1.63195);
#3912 = AXIS2_PLACEMENT_3D('',#3913,#3914,#3915);
#3913 = CARTESIAN_POINT('',(128.,-33.2,0.));
#3914 = DIRECTION('',(0.,0.,1.));
#3915 = DIRECTION('',(1.,0.,-0.));
#3916 = ADVANCED_FACE('',(#3917),#3944,.F.);
#3917 = FACE_BOUND('',#3918,.F.);
#3918 = EDGE_LOOP('',(#3919,#3929,#3936,#3937));
#3919 = ORIENTED_EDGE('',*,*,#3920,.T.);
#3920 = EDGE_CURVE('',#3921,#3923,#3925,.T.);
#3921 = VERTEX_POINT('',#3922);
#3922 = CARTESIAN_POINT('',(113.8,-50.,0.));
#3923 = VERTEX_POINT('',#3924);
#3924 = CARTESIAN_POINT('',(113.8,-50.,-1.67));
#3925 = LINE('',#3926,#3927);
#3926 = CARTESIAN_POINT('',(113.8,-50.,0.));
#3927 = VECTOR('',#3928,1.);
#3928 = DIRECTION('',(0.,0.,-1.));
#3929 = ORIENTED_EDGE('',*,*,#3930,.T.);
#3930 = EDGE_CURVE('',#3923,#3923,#3931,.T.);
#3931 = CIRCLE('',#3932,1.1);
#3932 = AXIS2_PLACEMENT_3D('',#3933,#3934,#3935);
#3933 = CARTESIAN_POINT('',(112.7,-50.,-1.67));
#3934 = DIRECTION('',(0.,0.,1.));
#3935 = DIRECTION('',(1.,0.,-0.));
#3936 = ORIENTED_EDGE('',*,*,#3920,.F.);
#3937 = ORIENTED_EDGE('',*,*,#3938,.F.);
#3938 = EDGE_CURVE('',#3921,#3921,#3939,.T.);
#3939 = CIRCLE('',#3940,1.1);
#3940 = AXIS2_PLACEMENT_3D('',#3941,#3942,#3943);
#3941 = CARTESIAN_POINT('',(112.7,-50.,0.));
#3942 = DIRECTION('',(0.,0.,1.));
#3943 = DIRECTION('',(1.,0.,-0.));
#3944 = CYLINDRICAL_SURFACE('',#3945,1.1);
#3945 = AXIS2_PLACEMENT_3D('',#3946,#3947,#3948);
#3946 = CARTESIAN_POINT('',(112.7,-50.,0.));
#3947 = DIRECTION('',(0.,0.,1.));
#3948 = DIRECTION('',(1.,0.,-0.));
#3949 = ADVANCED_FACE('',(#3950),#3977,.F.);
#3950 = FACE_BOUND('',#3951,.F.);
#3951 = EDGE_LOOP('',(#3952,#3962,#3969,#3970));
#3952 = ORIENTED_EDGE('',*,*,#3953,.T.);
#3953 = EDGE_CURVE('',#3954,#3956,#3958,.T.);
#3954 = VERTEX_POINT('',#3955);
#3955 = CARTESIAN_POINT('',(113.63195,-33.2,0.));
#3956 = VERTEX_POINT('',#3957);
#3957 = CARTESIAN_POINT('',(113.63195,-33.2,-1.67));
#3958 = LINE('',#3959,#3960);
#3959 = CARTESIAN_POINT('',(113.63195,-33.2,0.));
#3960 = VECTOR('',#3961,1.);
#3961 = DIRECTION('',(0.,0.,-1.));
#3962 = ORIENTED_EDGE('',*,*,#3963,.T.);
#3963 = EDGE_CURVE('',#3956,#3956,#3964,.T.);
#3964 = CIRCLE('',#3965,1.63195);
#3965 = AXIS2_PLACEMENT_3D('',#3966,#3967,#3968);
#3966 = CARTESIAN_POINT('',(112.,-33.2,-1.67));
#3967 = DIRECTION('',(0.,0.,1.));
#3968 = DIRECTION('',(1.,0.,-0.));
#3969 = ORIENTED_EDGE('',*,*,#3953,.F.);
#3970 = ORIENTED_EDGE('',*,*,#3971,.F.);
#3971 = EDGE_CURVE('',#3954,#3954,#3972,.T.);
#3972 = CIRCLE('',#3973,1.63195);
#3973 = AXIS2_PLACEMENT_3D('',#3974,#3975,#3976);
#3974 = CARTESIAN_POINT('',(112.,-33.2,0.));
#3975 = DIRECTION('',(0.,0.,1.));
#3976 = DIRECTION('',(1.,0.,-0.));
#3977 = CYLINDRICAL_SURFACE('',#3978,1.63195);
#3978 = AXIS2_PLACEMENT_3D('',#3979,#3980,#3981);
#3979 = CARTESIAN_POINT('',(112.,-33.2,0.));
#3980 = DIRECTION('',(0.,0.,1.));
#3981 = DIRECTION('',(1.,0.,-0.));
#3982 = ADVANCED_FACE('',(#3983,#4005,#4008,#4011,#4014,#4017,#4020,
    #4023,#4026,#4029,#4032,#4035,#4038,#4041,#4044,#4047,#4050,#4053,
    #4056,#4059,#4062,#4065,#4068,#4071,#4074,#4077,#4080,#4083,#4086,
    #4089,#4092,#4095,#4098,#4101,#4104,#4107,#4110,#4113,#4116,#4119,
    #4122,#4125,#4128,#4131,#4134,#4137,#4140,#4143,#4146,#4149,#4152,
    #4155,#4158,#4161,#4164,#4167,#4170,#4173,#4176,#4179,#4182,#4185,
    #4188,#4191,#4194,#4197,#4200,#4203,#4206,#4209,#4212,#4215,#4218,
    #4221,#4224,#4227,#4230,#4233,#4236,#4239,#4242,#4245,#4248,#4251,
    #4254,#4257,#4260,#4263,#4266,#4269,#4272,#4275,#4278,#4281,#4284,
    #4287,#4290,#4293,#4296,#4299,#4302),#4305,.F.);
#3983 = FACE_BOUND('',#3984,.F.);
#3984 = EDGE_LOOP('',(#3985,#3986,#3987,#3988,#3989,#3990,#3991,#3992,
    #3993,#3994,#3995,#3996,#3997,#3998,#3999,#4000,#4001,#4002,#4003,
    #4004));
#3985 = ORIENTED_EDGE('',*,*,#92,.T.);
#3986 = ORIENTED_EDGE('',*,*,#154,.T.);
#3987 = ORIENTED_EDGE('',*,*,#216,.T.);
#3988 = ORIENTED_EDGE('',*,*,#278,.T.);
#3989 = ORIENTED_EDGE('',*,*,#340,.T.);
#3990 = ORIENTED_EDGE('',*,*,#402,.T.);
#3991 = ORIENTED_EDGE('',*,*,#464,.T.);
#3992 = ORIENTED_EDGE('',*,*,#526,.T.);
#3993 = ORIENTED_EDGE('',*,*,#588,.T.);
#3994 = ORIENTED_EDGE('',*,*,#650,.T.);
#3995 = ORIENTED_EDGE('',*,*,#672,.T.);
#3996 = ORIENTED_EDGE('',*,*,#619,.T.);
#3997 = ORIENTED_EDGE('',*,*,#557,.T.);
#3998 = ORIENTED_EDGE('',*,*,#495,.T.);
#3999 = ORIENTED_EDGE('',*,*,#433,.T.);
#4000 = ORIENTED_EDGE('',*,*,#371,.T.);
#4001 = ORIENTED_EDGE('',*,*,#309,.T.);
#4002 = ORIENTED_EDGE('',*,*,#247,.T.);
#4003 = ORIENTED_EDGE('',*,*,#185,.T.);
#4004 = ORIENTED_EDGE('',*,*,#123,.T.);
#4005 = FACE_BOUND('',#4006,.F.);
#4006 = EDGE_LOOP('',(#4007));
#4007 = ORIENTED_EDGE('',*,*,#704,.T.);
#4008 = FACE_BOUND('',#4009,.F.);
#4009 = EDGE_LOOP('',(#4010));
#4010 = ORIENTED_EDGE('',*,*,#737,.T.);
#4011 = FACE_BOUND('',#4012,.F.);
#4012 = EDGE_LOOP('',(#4013));
#4013 = ORIENTED_EDGE('',*,*,#770,.T.);
#4014 = FACE_BOUND('',#4015,.F.);
#4015 = EDGE_LOOP('',(#4016));
#4016 = ORIENTED_EDGE('',*,*,#803,.T.);
#4017 = FACE_BOUND('',#4018,.F.);
#4018 = EDGE_LOOP('',(#4019));
#4019 = ORIENTED_EDGE('',*,*,#836,.T.);
#4020 = FACE_BOUND('',#4021,.F.);
#4021 = EDGE_LOOP('',(#4022));
#4022 = ORIENTED_EDGE('',*,*,#869,.T.);
#4023 = FACE_BOUND('',#4024,.F.);
#4024 = EDGE_LOOP('',(#4025));
#4025 = ORIENTED_EDGE('',*,*,#902,.T.);
#4026 = FACE_BOUND('',#4027,.F.);
#4027 = EDGE_LOOP('',(#4028));
#4028 = ORIENTED_EDGE('',*,*,#935,.T.);
#4029 = FACE_BOUND('',#4030,.F.);
#4030 = EDGE_LOOP('',(#4031));
#4031 = ORIENTED_EDGE('',*,*,#968,.T.);
#4032 = FACE_BOUND('',#4033,.F.);
#4033 = EDGE_LOOP('',(#4034));
#4034 = ORIENTED_EDGE('',*,*,#1001,.T.);
#4035 = FACE_BOUND('',#4036,.F.);
#4036 = EDGE_LOOP('',(#4037));
#4037 = ORIENTED_EDGE('',*,*,#1034,.T.);
#4038 = FACE_BOUND('',#4039,.F.);
#4039 = EDGE_LOOP('',(#4040));
#4040 = ORIENTED_EDGE('',*,*,#1067,.T.);
#4041 = FACE_BOUND('',#4042,.F.);
#4042 = EDGE_LOOP('',(#4043));
#4043 = ORIENTED_EDGE('',*,*,#1100,.T.);
#4044 = FACE_BOUND('',#4045,.F.);
#4045 = EDGE_LOOP('',(#4046));
#4046 = ORIENTED_EDGE('',*,*,#1133,.T.);
#4047 = FACE_BOUND('',#4048,.F.);
#4048 = EDGE_LOOP('',(#4049));
#4049 = ORIENTED_EDGE('',*,*,#1166,.T.);
#4050 = FACE_BOUND('',#4051,.F.);
#4051 = EDGE_LOOP('',(#4052));
#4052 = ORIENTED_EDGE('',*,*,#1199,.T.);
#4053 = FACE_BOUND('',#4054,.F.);
#4054 = EDGE_LOOP('',(#4055));
#4055 = ORIENTED_EDGE('',*,*,#1232,.T.);
#4056 = FACE_BOUND('',#4057,.F.);
#4057 = EDGE_LOOP('',(#4058));
#4058 = ORIENTED_EDGE('',*,*,#1265,.T.);
#4059 = FACE_BOUND('',#4060,.F.);
#4060 = EDGE_LOOP('',(#4061));
#4061 = ORIENTED_EDGE('',*,*,#1298,.T.);
#4062 = FACE_BOUND('',#4063,.F.);
#4063 = EDGE_LOOP('',(#4064));
#4064 = ORIENTED_EDGE('',*,*,#1331,.T.);
#4065 = FACE_BOUND('',#4066,.F.);
#4066 = EDGE_LOOP('',(#4067));
#4067 = ORIENTED_EDGE('',*,*,#1364,.T.);
#4068 = FACE_BOUND('',#4069,.F.);
#4069 = EDGE_LOOP('',(#4070));
#4070 = ORIENTED_EDGE('',*,*,#1397,.T.);
#4071 = FACE_BOUND('',#4072,.F.);
#4072 = EDGE_LOOP('',(#4073));
#4073 = ORIENTED_EDGE('',*,*,#1430,.T.);
#4074 = FACE_BOUND('',#4075,.F.);
#4075 = EDGE_LOOP('',(#4076));
#4076 = ORIENTED_EDGE('',*,*,#1463,.T.);
#4077 = FACE_BOUND('',#4078,.F.);
#4078 = EDGE_LOOP('',(#4079));
#4079 = ORIENTED_EDGE('',*,*,#1496,.T.);
#4080 = FACE_BOUND('',#4081,.F.);
#4081 = EDGE_LOOP('',(#4082));
#4082 = ORIENTED_EDGE('',*,*,#1529,.T.);
#4083 = FACE_BOUND('',#4084,.F.);
#4084 = EDGE_LOOP('',(#4085));
#4085 = ORIENTED_EDGE('',*,*,#1562,.T.);
#4086 = FACE_BOUND('',#4087,.F.);
#4087 = EDGE_LOOP('',(#4088));
#4088 = ORIENTED_EDGE('',*,*,#1595,.T.);
#4089 = FACE_BOUND('',#4090,.F.);
#4090 = EDGE_LOOP('',(#4091));
#4091 = ORIENTED_EDGE('',*,*,#1628,.T.);
#4092 = FACE_BOUND('',#4093,.F.);
#4093 = EDGE_LOOP('',(#4094));
#4094 = ORIENTED_EDGE('',*,*,#1661,.T.);
#4095 = FACE_BOUND('',#4096,.F.);
#4096 = EDGE_LOOP('',(#4097));
#4097 = ORIENTED_EDGE('',*,*,#1694,.T.);
#4098 = FACE_BOUND('',#4099,.F.);
#4099 = EDGE_LOOP('',(#4100));
#4100 = ORIENTED_EDGE('',*,*,#1727,.T.);
#4101 = FACE_BOUND('',#4102,.F.);
#4102 = EDGE_LOOP('',(#4103));
#4103 = ORIENTED_EDGE('',*,*,#1760,.T.);
#4104 = FACE_BOUND('',#4105,.F.);
#4105 = EDGE_LOOP('',(#4106));
#4106 = ORIENTED_EDGE('',*,*,#1793,.T.);
#4107 = FACE_BOUND('',#4108,.F.);
#4108 = EDGE_LOOP('',(#4109));
#4109 = ORIENTED_EDGE('',*,*,#1826,.T.);
#4110 = FACE_BOUND('',#4111,.F.);
#4111 = EDGE_LOOP('',(#4112));
#4112 = ORIENTED_EDGE('',*,*,#1859,.T.);
#4113 = FACE_BOUND('',#4114,.F.);
#4114 = EDGE_LOOP('',(#4115));
#4115 = ORIENTED_EDGE('',*,*,#1892,.T.);
#4116 = FACE_BOUND('',#4117,.F.);
#4117 = EDGE_LOOP('',(#4118));
#4118 = ORIENTED_EDGE('',*,*,#1925,.T.);
#4119 = FACE_BOUND('',#4120,.F.);
#4120 = EDGE_LOOP('',(#4121));
#4121 = ORIENTED_EDGE('',*,*,#1958,.T.);
#4122 = FACE_BOUND('',#4123,.F.);
#4123 = EDGE_LOOP('',(#4124));
#4124 = ORIENTED_EDGE('',*,*,#1991,.T.);
#4125 = FACE_BOUND('',#4126,.F.);
#4126 = EDGE_LOOP('',(#4127));
#4127 = ORIENTED_EDGE('',*,*,#2024,.T.);
#4128 = FACE_BOUND('',#4129,.F.);
#4129 = EDGE_LOOP('',(#4130));
#4130 = ORIENTED_EDGE('',*,*,#2057,.T.);
#4131 = FACE_BOUND('',#4132,.F.);
#4132 = EDGE_LOOP('',(#4133));
#4133 = ORIENTED_EDGE('',*,*,#2090,.T.);
#4134 = FACE_BOUND('',#4135,.F.);
#4135 = EDGE_LOOP('',(#4136));
#4136 = ORIENTED_EDGE('',*,*,#2123,.T.);
#4137 = FACE_BOUND('',#4138,.F.);
#4138 = EDGE_LOOP('',(#4139));
#4139 = ORIENTED_EDGE('',*,*,#2156,.T.);
#4140 = FACE_BOUND('',#4141,.F.);
#4141 = EDGE_LOOP('',(#4142));
#4142 = ORIENTED_EDGE('',*,*,#2189,.T.);
#4143 = FACE_BOUND('',#4144,.F.);
#4144 = EDGE_LOOP('',(#4145));
#4145 = ORIENTED_EDGE('',*,*,#2222,.T.);
#4146 = FACE_BOUND('',#4147,.F.);
#4147 = EDGE_LOOP('',(#4148));
#4148 = ORIENTED_EDGE('',*,*,#2255,.T.);
#4149 = FACE_BOUND('',#4150,.F.);
#4150 = EDGE_LOOP('',(#4151));
#4151 = ORIENTED_EDGE('',*,*,#2288,.T.);
#4152 = FACE_BOUND('',#4153,.F.);
#4153 = EDGE_LOOP('',(#4154));
#4154 = ORIENTED_EDGE('',*,*,#2321,.T.);
#4155 = FACE_BOUND('',#4156,.F.);
#4156 = EDGE_LOOP('',(#4157));
#4157 = ORIENTED_EDGE('',*,*,#2354,.T.);
#4158 = FACE_BOUND('',#4159,.F.);
#4159 = EDGE_LOOP('',(#4160));
#4160 = ORIENTED_EDGE('',*,*,#2387,.T.);
#4161 = FACE_BOUND('',#4162,.F.);
#4162 = EDGE_LOOP('',(#4163));
#4163 = ORIENTED_EDGE('',*,*,#2420,.T.);
#4164 = FACE_BOUND('',#4165,.F.);
#4165 = EDGE_LOOP('',(#4166));
#4166 = ORIENTED_EDGE('',*,*,#2453,.T.);
#4167 = FACE_BOUND('',#4168,.F.);
#4168 = EDGE_LOOP('',(#4169));
#4169 = ORIENTED_EDGE('',*,*,#2486,.T.);
#4170 = FACE_BOUND('',#4171,.F.);
#4171 = EDGE_LOOP('',(#4172));
#4172 = ORIENTED_EDGE('',*,*,#2519,.T.);
#4173 = FACE_BOUND('',#4174,.F.);
#4174 = EDGE_LOOP('',(#4175));
#4175 = ORIENTED_EDGE('',*,*,#2552,.T.);
#4176 = FACE_BOUND('',#4177,.F.);
#4177 = EDGE_LOOP('',(#4178));
#4178 = ORIENTED_EDGE('',*,*,#2585,.T.);
#4179 = FACE_BOUND('',#4180,.F.);
#4180 = EDGE_LOOP('',(#4181));
#4181 = ORIENTED_EDGE('',*,*,#2618,.T.);
#4182 = FACE_BOUND('',#4183,.F.);
#4183 = EDGE_LOOP('',(#4184));
#4184 = ORIENTED_EDGE('',*,*,#2651,.T.);
#4185 = FACE_BOUND('',#4186,.F.);
#4186 = EDGE_LOOP('',(#4187));
#4187 = ORIENTED_EDGE('',*,*,#2684,.T.);
#4188 = FACE_BOUND('',#4189,.F.);
#4189 = EDGE_LOOP('',(#4190));
#4190 = ORIENTED_EDGE('',*,*,#2717,.T.);
#4191 = FACE_BOUND('',#4192,.F.);
#4192 = EDGE_LOOP('',(#4193));
#4193 = ORIENTED_EDGE('',*,*,#2750,.T.);
#4194 = FACE_BOUND('',#4195,.F.);
#4195 = EDGE_LOOP('',(#4196));
#4196 = ORIENTED_EDGE('',*,*,#2783,.T.);
#4197 = FACE_BOUND('',#4198,.F.);
#4198 = EDGE_LOOP('',(#4199));
#4199 = ORIENTED_EDGE('',*,*,#2816,.T.);
#4200 = FACE_BOUND('',#4201,.F.);
#4201 = EDGE_LOOP('',(#4202));
#4202 = ORIENTED_EDGE('',*,*,#2849,.T.);
#4203 = FACE_BOUND('',#4204,.F.);
#4204 = EDGE_LOOP('',(#4205));
#4205 = ORIENTED_EDGE('',*,*,#2882,.T.);
#4206 = FACE_BOUND('',#4207,.F.);
#4207 = EDGE_LOOP('',(#4208));
#4208 = ORIENTED_EDGE('',*,*,#2915,.T.);
#4209 = FACE_BOUND('',#4210,.F.);
#4210 = EDGE_LOOP('',(#4211));
#4211 = ORIENTED_EDGE('',*,*,#2948,.T.);
#4212 = FACE_BOUND('',#4213,.F.);
#4213 = EDGE_LOOP('',(#4214));
#4214 = ORIENTED_EDGE('',*,*,#2981,.T.);
#4215 = FACE_BOUND('',#4216,.F.);
#4216 = EDGE_LOOP('',(#4217));
#4217 = ORIENTED_EDGE('',*,*,#3014,.T.);
#4218 = FACE_BOUND('',#4219,.F.);
#4219 = EDGE_LOOP('',(#4220));
#4220 = ORIENTED_EDGE('',*,*,#3047,.T.);
#4221 = FACE_BOUND('',#4222,.F.);
#4222 = EDGE_LOOP('',(#4223));
#4223 = ORIENTED_EDGE('',*,*,#3080,.T.);
#4224 = FACE_BOUND('',#4225,.F.);
#4225 = EDGE_LOOP('',(#4226));
#4226 = ORIENTED_EDGE('',*,*,#3113,.T.);
#4227 = FACE_BOUND('',#4228,.F.);
#4228 = EDGE_LOOP('',(#4229));
#4229 = ORIENTED_EDGE('',*,*,#3146,.T.);
#4230 = FACE_BOUND('',#4231,.F.);
#4231 = EDGE_LOOP('',(#4232));
#4232 = ORIENTED_EDGE('',*,*,#3179,.T.);
#4233 = FACE_BOUND('',#4234,.F.);
#4234 = EDGE_LOOP('',(#4235));
#4235 = ORIENTED_EDGE('',*,*,#3212,.T.);
#4236 = FACE_BOUND('',#4237,.F.);
#4237 = EDGE_LOOP('',(#4238));
#4238 = ORIENTED_EDGE('',*,*,#3245,.T.);
#4239 = FACE_BOUND('',#4240,.F.);
#4240 = EDGE_LOOP('',(#4241));
#4241 = ORIENTED_EDGE('',*,*,#3278,.T.);
#4242 = FACE_BOUND('',#4243,.F.);
#4243 = EDGE_LOOP('',(#4244));
#4244 = ORIENTED_EDGE('',*,*,#3311,.T.);
#4245 = FACE_BOUND('',#4246,.F.);
#4246 = EDGE_LOOP('',(#4247));
#4247 = ORIENTED_EDGE('',*,*,#3344,.T.);
#4248 = FACE_BOUND('',#4249,.F.);
#4249 = EDGE_LOOP('',(#4250));
#4250 = ORIENTED_EDGE('',*,*,#3377,.T.);
#4251 = FACE_BOUND('',#4252,.F.);
#4252 = EDGE_LOOP('',(#4253));
#4253 = ORIENTED_EDGE('',*,*,#3410,.T.);
#4254 = FACE_BOUND('',#4255,.F.);
#4255 = EDGE_LOOP('',(#4256));
#4256 = ORIENTED_EDGE('',*,*,#3443,.T.);
#4257 = FACE_BOUND('',#4258,.F.);
#4258 = EDGE_LOOP('',(#4259));
#4259 = ORIENTED_EDGE('',*,*,#3476,.T.);
#4260 = FACE_BOUND('',#4261,.F.);
#4261 = EDGE_LOOP('',(#4262));
#4262 = ORIENTED_EDGE('',*,*,#3509,.T.);
#4263 = FACE_BOUND('',#4264,.F.);
#4264 = EDGE_LOOP('',(#4265));
#4265 = ORIENTED_EDGE('',*,*,#3542,.T.);
#4266 = FACE_BOUND('',#4267,.F.);
#4267 = EDGE_LOOP('',(#4268));
#4268 = ORIENTED_EDGE('',*,*,#3575,.T.);
#4269 = FACE_BOUND('',#4270,.F.);
#4270 = EDGE_LOOP('',(#4271));
#4271 = ORIENTED_EDGE('',*,*,#3608,.T.);
#4272 = FACE_BOUND('',#4273,.F.);
#4273 = EDGE_LOOP('',(#4274));
#4274 = ORIENTED_EDGE('',*,*,#3641,.T.);
#4275 = FACE_BOUND('',#4276,.F.);
#4276 = EDGE_LOOP('',(#4277));
#4277 = ORIENTED_EDGE('',*,*,#3674,.T.);
#4278 = FACE_BOUND('',#4279,.F.);
#4279 = EDGE_LOOP('',(#4280));
#4280 = ORIENTED_EDGE('',*,*,#3707,.T.);
#4281 = FACE_BOUND('',#4282,.F.);
#4282 = EDGE_LOOP('',(#4283));
#4283 = ORIENTED_EDGE('',*,*,#3740,.T.);
#4284 = FACE_BOUND('',#4285,.F.);
#4285 = EDGE_LOOP('',(#4286));
#4286 = ORIENTED_EDGE('',*,*,#3773,.T.);
#4287 = FACE_BOUND('',#4288,.F.);
#4288 = EDGE_LOOP('',(#4289));
#4289 = ORIENTED_EDGE('',*,*,#3806,.T.);
#4290 = FACE_BOUND('',#4291,.F.);
#4291 = EDGE_LOOP('',(#4292));
#4292 = ORIENTED_EDGE('',*,*,#3839,.T.);
#4293 = FACE_BOUND('',#4294,.F.);
#4294 = EDGE_LOOP('',(#4295));
#4295 = ORIENTED_EDGE('',*,*,#3872,.T.);
#4296 = FACE_BOUND('',#4297,.F.);
#4297 = EDGE_LOOP('',(#4298));
#4298 = ORIENTED_EDGE('',*,*,#3905,.T.);
#4299 = FACE_BOUND('',#4300,.F.);
#4300 = EDGE_LOOP('',(#4301));
#4301 = ORIENTED_EDGE('',*,*,#3938,.T.);
#4302 = FACE_BOUND('',#4303,.F.);
#4303 = EDGE_LOOP('',(#4304));
#4304 = ORIENTED_EDGE('',*,*,#3971,.T.);
#4305 = PLANE('',#4306);
#4306 = AXIS2_PLACEMENT_3D('',#4307,#4308,#4309);
#4307 = CARTESIAN_POINT('',(136.,-75.58291457286,0.));
#4308 = DIRECTION('',(-0.,-0.,-1.));
#4309 = DIRECTION('',(-1.,0.,0.));
#4310 = ADVANCED_FACE('',(#4311,#4333,#4336,#4339,#4342,#4345,#4348,
    #4351,#4354,#4357,#4360,#4363,#4366,#4369,#4372,#4375,#4378,#4381,
    #4384,#4387,#4390,#4393,#4396,#4399,#4402,#4405,#4408,#4411,#4414,
    #4417,#4420,#4423,#4426,#4429,#4432,#4435,#4438,#4441,#4444,#4447,
    #4450,#4453,#4456,#4459,#4462,#4465,#4468,#4471,#4474,#4477,#4480,
    #4483,#4486,#4489,#4492,#4495,#4498,#4501,#4504,#4507,#4510,#4513,
    #4516,#4519,#4522,#4525,#4528,#4531,#4534,#4537,#4540,#4543,#4546,
    #4549,#4552,#4555,#4558,#4561,#4564,#4567,#4570,#4573,#4576,#4579,
    #4582,#4585,#4588,#4591,#4594,#4597,#4600,#4603,#4606,#4609,#4612,
    #4615,#4618,#4621,#4624,#4627,#4630),#4633,.T.);
#4311 = FACE_BOUND('',#4312,.T.);
#4312 = EDGE_LOOP('',(#4313,#4314,#4315,#4316,#4317,#4318,#4319,#4320,
    #4321,#4322,#4323,#4324,#4325,#4326,#4327,#4328,#4329,#4330,#4331,
    #4332));
#4313 = ORIENTED_EDGE('',*,*,#76,.T.);
#4314 = ORIENTED_EDGE('',*,*,#138,.T.);
#4315 = ORIENTED_EDGE('',*,*,#200,.T.);
#4316 = ORIENTED_EDGE('',*,*,#262,.T.);
#4317 = ORIENTED_EDGE('',*,*,#324,.T.);
#4318 = ORIENTED_EDGE('',*,*,#386,.T.);
#4319 = ORIENTED_EDGE('',*,*,#448,.T.);
#4320 = ORIENTED_EDGE('',*,*,#510,.T.);
#4321 = ORIENTED_EDGE('',*,*,#572,.T.);
#4322 = ORIENTED_EDGE('',*,*,#634,.T.);
#4323 = ORIENTED_EDGE('',*,*,#665,.T.);
#4324 = ORIENTED_EDGE('',*,*,#612,.T.);
#4325 = ORIENTED_EDGE('',*,*,#550,.T.);
#4326 = ORIENTED_EDGE('',*,*,#488,.T.);
#4327 = ORIENTED_EDGE('',*,*,#426,.T.);
#4328 = ORIENTED_EDGE('',*,*,#364,.T.);
#4329 = ORIENTED_EDGE('',*,*,#302,.T.);
#4330 = ORIENTED_EDGE('',*,*,#240,.T.);
#4331 = ORIENTED_EDGE('',*,*,#178,.T.);
#4332 = ORIENTED_EDGE('',*,*,#116,.T.);
#4333 = FACE_BOUND('',#4334,.T.);
#4334 = EDGE_LOOP('',(#4335));
#4335 = ORIENTED_EDGE('',*,*,#696,.T.);
#4336 = FACE_BOUND('',#4337,.T.);
#4337 = EDGE_LOOP('',(#4338));
#4338 = ORIENTED_EDGE('',*,*,#729,.T.);
#4339 = FACE_BOUND('',#4340,.T.);
#4340 = EDGE_LOOP('',(#4341));
#4341 = ORIENTED_EDGE('',*,*,#762,.T.);
#4342 = FACE_BOUND('',#4343,.T.);
#4343 = EDGE_LOOP('',(#4344));
#4344 = ORIENTED_EDGE('',*,*,#795,.T.);
#4345 = FACE_BOUND('',#4346,.T.);
#4346 = EDGE_LOOP('',(#4347));
#4347 = ORIENTED_EDGE('',*,*,#828,.T.);
#4348 = FACE_BOUND('',#4349,.T.);
#4349 = EDGE_LOOP('',(#4350));
#4350 = ORIENTED_EDGE('',*,*,#861,.T.);
#4351 = FACE_BOUND('',#4352,.T.);
#4352 = EDGE_LOOP('',(#4353));
#4353 = ORIENTED_EDGE('',*,*,#894,.T.);
#4354 = FACE_BOUND('',#4355,.T.);
#4355 = EDGE_LOOP('',(#4356));
#4356 = ORIENTED_EDGE('',*,*,#927,.T.);
#4357 = FACE_BOUND('',#4358,.T.);
#4358 = EDGE_LOOP('',(#4359));
#4359 = ORIENTED_EDGE('',*,*,#960,.T.);
#4360 = FACE_BOUND('',#4361,.T.);
#4361 = EDGE_LOOP('',(#4362));
#4362 = ORIENTED_EDGE('',*,*,#993,.T.);
#4363 = FACE_BOUND('',#4364,.T.);
#4364 = EDGE_LOOP('',(#4365));
#4365 = ORIENTED_EDGE('',*,*,#1026,.T.);
#4366 = FACE_BOUND('',#4367,.T.);
#4367 = EDGE_LOOP('',(#4368));
#4368 = ORIENTED_EDGE('',*,*,#1059,.T.);
#4369 = FACE_BOUND('',#4370,.T.);
#4370 = EDGE_LOOP('',(#4371));
#4371 = ORIENTED_EDGE('',*,*,#1092,.T.);
#4372 = FACE_BOUND('',#4373,.T.);
#4373 = EDGE_LOOP('',(#4374));
#4374 = ORIENTED_EDGE('',*,*,#1125,.T.);
#4375 = FACE_BOUND('',#4376,.T.);
#4376 = EDGE_LOOP('',(#4377));
#4377 = ORIENTED_EDGE('',*,*,#1158,.T.);
#4378 = FACE_BOUND('',#4379,.T.);
#4379 = EDGE_LOOP('',(#4380));
#4380 = ORIENTED_EDGE('',*,*,#1191,.T.);
#4381 = FACE_BOUND('',#4382,.T.);
#4382 = EDGE_LOOP('',(#4383));
#4383 = ORIENTED_EDGE('',*,*,#1224,.T.);
#4384 = FACE_BOUND('',#4385,.T.);
#4385 = EDGE_LOOP('',(#4386));
#4386 = ORIENTED_EDGE('',*,*,#1257,.T.);
#4387 = FACE_BOUND('',#4388,.T.);
#4388 = EDGE_LOOP('',(#4389));
#4389 = ORIENTED_EDGE('',*,*,#1290,.T.);
#4390 = FACE_BOUND('',#4391,.T.);
#4391 = EDGE_LOOP('',(#4392));
#4392 = ORIENTED_EDGE('',*,*,#1323,.T.);
#4393 = FACE_BOUND('',#4394,.T.);
#4394 = EDGE_LOOP('',(#4395));
#4395 = ORIENTED_EDGE('',*,*,#1356,.T.);
#4396 = FACE_BOUND('',#4397,.T.);
#4397 = EDGE_LOOP('',(#4398));
#4398 = ORIENTED_EDGE('',*,*,#1389,.T.);
#4399 = FACE_BOUND('',#4400,.T.);
#4400 = EDGE_LOOP('',(#4401));
#4401 = ORIENTED_EDGE('',*,*,#1422,.T.);
#4402 = FACE_BOUND('',#4403,.T.);
#4403 = EDGE_LOOP('',(#4404));
#4404 = ORIENTED_EDGE('',*,*,#1455,.T.);
#4405 = FACE_BOUND('',#4406,.T.);
#4406 = EDGE_LOOP('',(#4407));
#4407 = ORIENTED_EDGE('',*,*,#1488,.T.);
#4408 = FACE_BOUND('',#4409,.T.);
#4409 = EDGE_LOOP('',(#4410));
#4410 = ORIENTED_EDGE('',*,*,#1521,.T.);
#4411 = FACE_BOUND('',#4412,.T.);
#4412 = EDGE_LOOP('',(#4413));
#4413 = ORIENTED_EDGE('',*,*,#1554,.T.);
#4414 = FACE_BOUND('',#4415,.T.);
#4415 = EDGE_LOOP('',(#4416));
#4416 = ORIENTED_EDGE('',*,*,#1587,.T.);
#4417 = FACE_BOUND('',#4418,.T.);
#4418 = EDGE_LOOP('',(#4419));
#4419 = ORIENTED_EDGE('',*,*,#1620,.T.);
#4420 = FACE_BOUND('',#4421,.T.);
#4421 = EDGE_LOOP('',(#4422));
#4422 = ORIENTED_EDGE('',*,*,#1653,.T.);
#4423 = FACE_BOUND('',#4424,.T.);
#4424 = EDGE_LOOP('',(#4425));
#4425 = ORIENTED_EDGE('',*,*,#1686,.T.);
#4426 = FACE_BOUND('',#4427,.T.);
#4427 = EDGE_LOOP('',(#4428));
#4428 = ORIENTED_EDGE('',*,*,#1719,.T.);
#4429 = FACE_BOUND('',#4430,.T.);
#4430 = EDGE_LOOP('',(#4431));
#4431 = ORIENTED_EDGE('',*,*,#1752,.T.);
#4432 = FACE_BOUND('',#4433,.T.);
#4433 = EDGE_LOOP('',(#4434));
#4434 = ORIENTED_EDGE('',*,*,#1785,.T.);
#4435 = FACE_BOUND('',#4436,.T.);
#4436 = EDGE_LOOP('',(#4437));
#4437 = ORIENTED_EDGE('',*,*,#1818,.T.);
#4438 = FACE_BOUND('',#4439,.T.);
#4439 = EDGE_LOOP('',(#4440));
#4440 = ORIENTED_EDGE('',*,*,#1851,.T.);
#4441 = FACE_BOUND('',#4442,.T.);
#4442 = EDGE_LOOP('',(#4443));
#4443 = ORIENTED_EDGE('',*,*,#1884,.T.);
#4444 = FACE_BOUND('',#4445,.T.);
#4445 = EDGE_LOOP('',(#4446));
#4446 = ORIENTED_EDGE('',*,*,#1917,.T.);
#4447 = FACE_BOUND('',#4448,.T.);
#4448 = EDGE_LOOP('',(#4449));
#4449 = ORIENTED_EDGE('',*,*,#1950,.T.);
#4450 = FACE_BOUND('',#4451,.T.);
#4451 = EDGE_LOOP('',(#4452));
#4452 = ORIENTED_EDGE('',*,*,#1983,.T.);
#4453 = FACE_BOUND('',#4454,.T.);
#4454 = EDGE_LOOP('',(#4455));
#4455 = ORIENTED_EDGE('',*,*,#2016,.T.);
#4456 = FACE_BOUND('',#4457,.T.);
#4457 = EDGE_LOOP('',(#4458));
#4458 = ORIENTED_EDGE('',*,*,#2049,.T.);
#4459 = FACE_BOUND('',#4460,.T.);
#4460 = EDGE_LOOP('',(#4461));
#4461 = ORIENTED_EDGE('',*,*,#2082,.T.);
#4462 = FACE_BOUND('',#4463,.T.);
#4463 = EDGE_LOOP('',(#4464));
#4464 = ORIENTED_EDGE('',*,*,#2115,.T.);
#4465 = FACE_BOUND('',#4466,.T.);
#4466 = EDGE_LOOP('',(#4467));
#4467 = ORIENTED_EDGE('',*,*,#2148,.T.);
#4468 = FACE_BOUND('',#4469,.T.);
#4469 = EDGE_LOOP('',(#4470));
#4470 = ORIENTED_EDGE('',*,*,#2181,.T.);
#4471 = FACE_BOUND('',#4472,.T.);
#4472 = EDGE_LOOP('',(#4473));
#4473 = ORIENTED_EDGE('',*,*,#2214,.T.);
#4474 = FACE_BOUND('',#4475,.T.);
#4475 = EDGE_LOOP('',(#4476));
#4476 = ORIENTED_EDGE('',*,*,#2247,.T.);
#4477 = FACE_BOUND('',#4478,.T.);
#4478 = EDGE_LOOP('',(#4479));
#4479 = ORIENTED_EDGE('',*,*,#2280,.T.);
#4480 = FACE_BOUND('',#4481,.T.);
#4481 = EDGE_LOOP('',(#4482));
#4482 = ORIENTED_EDGE('',*,*,#2313,.T.);
#4483 = FACE_BOUND('',#4484,.T.);
#4484 = EDGE_LOOP('',(#4485));
#4485 = ORIENTED_EDGE('',*,*,#2346,.T.);
#4486 = FACE_BOUND('',#4487,.T.);
#4487 = EDGE_LOOP('',(#4488));
#4488 = ORIENTED_EDGE('',*,*,#2379,.T.);
#4489 = FACE_BOUND('',#4490,.T.);
#4490 = EDGE_LOOP('',(#4491));
#4491 = ORIENTED_EDGE('',*,*,#2412,.T.);
#4492 = FACE_BOUND('',#4493,.T.);
#4493 = EDGE_LOOP('',(#4494));
#4494 = ORIENTED_EDGE('',*,*,#2445,.T.);
#4495 = FACE_BOUND('',#4496,.T.);
#4496 = EDGE_LOOP('',(#4497));
#4497 = ORIENTED_EDGE('',*,*,#2478,.T.);
#4498 = FACE_BOUND('',#4499,.T.);
#4499 = EDGE_LOOP('',(#4500));
#4500 = ORIENTED_EDGE('',*,*,#2511,.T.);
#4501 = FACE_BOUND('',#4502,.T.);
#4502 = EDGE_LOOP('',(#4503));
#4503 = ORIENTED_EDGE('',*,*,#2544,.T.);
#4504 = FACE_BOUND('',#4505,.T.);
#4505 = EDGE_LOOP('',(#4506));
#4506 = ORIENTED_EDGE('',*,*,#2577,.T.);
#4507 = FACE_BOUND('',#4508,.T.);
#4508 = EDGE_LOOP('',(#4509));
#4509 = ORIENTED_EDGE('',*,*,#2610,.T.);
#4510 = FACE_BOUND('',#4511,.T.);
#4511 = EDGE_LOOP('',(#4512));
#4512 = ORIENTED_EDGE('',*,*,#2643,.T.);
#4513 = FACE_BOUND('',#4514,.T.);
#4514 = EDGE_LOOP('',(#4515));
#4515 = ORIENTED_EDGE('',*,*,#2676,.T.);
#4516 = FACE_BOUND('',#4517,.T.);
#4517 = EDGE_LOOP('',(#4518));
#4518 = ORIENTED_EDGE('',*,*,#2709,.T.);
#4519 = FACE_BOUND('',#4520,.T.);
#4520 = EDGE_LOOP('',(#4521));
#4521 = ORIENTED_EDGE('',*,*,#2742,.T.);
#4522 = FACE_BOUND('',#4523,.T.);
#4523 = EDGE_LOOP('',(#4524));
#4524 = ORIENTED_EDGE('',*,*,#2775,.T.);
#4525 = FACE_BOUND('',#4526,.T.);
#4526 = EDGE_LOOP('',(#4527));
#4527 = ORIENTED_EDGE('',*,*,#2808,.T.);
#4528 = FACE_BOUND('',#4529,.T.);
#4529 = EDGE_LOOP('',(#4530));
#4530 = ORIENTED_EDGE('',*,*,#2841,.T.);
#4531 = FACE_BOUND('',#4532,.T.);
#4532 = EDGE_LOOP('',(#4533));
#4533 = ORIENTED_EDGE('',*,*,#2874,.T.);
#4534 = FACE_BOUND('',#4535,.T.);
#4535 = EDGE_LOOP('',(#4536));
#4536 = ORIENTED_EDGE('',*,*,#2907,.T.);
#4537 = FACE_BOUND('',#4538,.T.);
#4538 = EDGE_LOOP('',(#4539));
#4539 = ORIENTED_EDGE('',*,*,#2940,.T.);
#4540 = FACE_BOUND('',#4541,.T.);
#4541 = EDGE_LOOP('',(#4542));
#4542 = ORIENTED_EDGE('',*,*,#2973,.T.);
#4543 = FACE_BOUND('',#4544,.T.);
#4544 = EDGE_LOOP('',(#4545));
#4545 = ORIENTED_EDGE('',*,*,#3006,.T.);
#4546 = FACE_BOUND('',#4547,.T.);
#4547 = EDGE_LOOP('',(#4548));
#4548 = ORIENTED_EDGE('',*,*,#3039,.T.);
#4549 = FACE_BOUND('',#4550,.T.);
#4550 = EDGE_LOOP('',(#4551));
#4551 = ORIENTED_EDGE('',*,*,#3072,.T.);
#4552 = FACE_BOUND('',#4553,.T.);
#4553 = EDGE_LOOP('',(#4554));
#4554 = ORIENTED_EDGE('',*,*,#3105,.T.);
#4555 = FACE_BOUND('',#4556,.T.);
#4556 = EDGE_LOOP('',(#4557));
#4557 = ORIENTED_EDGE('',*,*,#3138,.T.);
#4558 = FACE_BOUND('',#4559,.T.);
#4559 = EDGE_LOOP('',(#4560));
#4560 = ORIENTED_EDGE('',*,*,#3171,.T.);
#4561 = FACE_BOUND('',#4562,.T.);
#4562 = EDGE_LOOP('',(#4563));
#4563 = ORIENTED_EDGE('',*,*,#3204,.T.);
#4564 = FACE_BOUND('',#4565,.T.);
#4565 = EDGE_LOOP('',(#4566));
#4566 = ORIENTED_EDGE('',*,*,#3237,.T.);
#4567 = FACE_BOUND('',#4568,.T.);
#4568 = EDGE_LOOP('',(#4569));
#4569 = ORIENTED_EDGE('',*,*,#3270,.T.);
#4570 = FACE_BOUND('',#4571,.T.);
#4571 = EDGE_LOOP('',(#4572));
#4572 = ORIENTED_EDGE('',*,*,#3303,.T.);
#4573 = FACE_BOUND('',#4574,.T.);
#4574 = EDGE_LOOP('',(#4575));
#4575 = ORIENTED_EDGE('',*,*,#3336,.T.);
#4576 = FACE_BOUND('',#4577,.T.);
#4577 = EDGE_LOOP('',(#4578));
#4578 = ORIENTED_EDGE('',*,*,#3369,.T.);
#4579 = FACE_BOUND('',#4580,.T.);
#4580 = EDGE_LOOP('',(#4581));
#4581 = ORIENTED_EDGE('',*,*,#3402,.T.);
#4582 = FACE_BOUND('',#4583,.T.);
#4583 = EDGE_LOOP('',(#4584));
#4584 = ORIENTED_EDGE('',*,*,#3435,.T.);
#4585 = FACE_BOUND('',#4586,.T.);
#4586 = EDGE_LOOP('',(#4587));
#4587 = ORIENTED_EDGE('',*,*,#3468,.T.);
#4588 = FACE_BOUND('',#4589,.T.);
#4589 = EDGE_LOOP('',(#4590));
#4590 = ORIENTED_EDGE('',*,*,#3501,.T.);
#4591 = FACE_BOUND('',#4592,.T.);
#4592 = EDGE_LOOP('',(#4593));
#4593 = ORIENTED_EDGE('',*,*,#3534,.T.);
#4594 = FACE_BOUND('',#4595,.T.);
#4595 = EDGE_LOOP('',(#4596));
#4596 = ORIENTED_EDGE('',*,*,#3567,.T.);
#4597 = FACE_BOUND('',#4598,.T.);
#4598 = EDGE_LOOP('',(#4599));
#4599 = ORIENTED_EDGE('',*,*,#3600,.T.);
#4600 = FACE_BOUND('',#4601,.T.);
#4601 = EDGE_LOOP('',(#4602));
#4602 = ORIENTED_EDGE('',*,*,#3633,.T.);
#4603 = FACE_BOUND('',#4604,.T.);
#4604 = EDGE_LOOP('',(#4605));
#4605 = ORIENTED_EDGE('',*,*,#3666,.T.);
#4606 = FACE_BOUND('',#4607,.T.);
#4607 = EDGE_LOOP('',(#4608));
#4608 = ORIENTED_EDGE('',*,*,#3699,.T.);
#4609 = FACE_BOUND('',#4610,.T.);
#4610 = EDGE_LOOP('',(#4611));
#4611 = ORIENTED_EDGE('',*,*,#3732,.T.);
#4612 = FACE_BOUND('',#4613,.T.);
#4613 = EDGE_LOOP('',(#4614));
#4614 = ORIENTED_EDGE('',*,*,#3765,.T.);
#4615 = FACE_BOUND('',#4616,.T.);
#4616 = EDGE_LOOP('',(#4617));
#4617 = ORIENTED_EDGE('',*,*,#3798,.T.);
#4618 = FACE_BOUND('',#4619,.T.);
#4619 = EDGE_LOOP('',(#4620));
#4620 = ORIENTED_EDGE('',*,*,#3831,.T.);
#4621 = FACE_BOUND('',#4622,.T.);
#4622 = EDGE_LOOP('',(#4623));
#4623 = ORIENTED_EDGE('',*,*,#3864,.T.);
#4624 = FACE_BOUND('',#4625,.T.);
#4625 = EDGE_LOOP('',(#4626));
#4626 = ORIENTED_EDGE('',*,*,#3897,.T.);
#4627 = FACE_BOUND('',#4628,.T.);
#4628 = EDGE_LOOP('',(#4629));
#4629 = ORIENTED_EDGE('',*,*,#3930,.T.);
#4630 = FACE_BOUND('',#4631,.T.);
#4631 = EDGE_LOOP('',(#4632));
#4632 = ORIENTED_EDGE('',*,*,#3963,.T.);
#4633 = PLANE('',#4634);
#4634 = AXIS2_PLACEMENT_3D('',#4635,#4636,#4637);
#4635 = CARTESIAN_POINT('',(136.,-75.58291457286,-1.67));
#4636 = DIRECTION('',(-0.,-0.,-1.));
#4637 = DIRECTION('',(-1.,0.,0.));
#4638 = ( GEOMETRIC_REPRESENTATION_CONTEXT(3) 
GLOBAL_UNCERTAINTY_ASSIGNED_CONTEXT((#4642)) 
GLOBAL_UNIT_ASSIGNED_CONTEXT((#4639,#4640,#4641)) REPRESENTATION_CONTEXT
('Context #1','3D Context with UNIT and UNCERTAINTY') );
#4639 = ( LENGTH_UNIT() NAMED_UNIT(*) SI_UNIT(.MILLI.,.METRE.) );
#4640 = ( NAMED_UNIT(*) PLANE_ANGLE_UNIT() SI_UNIT($,.RADIAN.) );
#4641 = ( NAMED_UNIT(*) SI_UNIT($,.STERADIAN.) SOLID_ANGLE_UNIT() );
#4642 = UNCERTAINTY_MEASURE_WITH_UNIT(LENGTH_MEASURE(1.E-07),#4639,
  'distance_accuracy_value','confusion accuracy');
#4643 = CONTEXT_DEPENDENT_SHAPE_REPRESENTATION(#4644,#4646);
#4644 = ( REPRESENTATION_RELATIONSHIP('','',#59,#36) 
REPRESENTATION_RELATIONSHIP_WITH_TRANSFORMATION(#4645) 
SHAPE_REPRESENTATION_RELATIONSHIP() );
#4645 = ITEM_DEFINED_TRANSFORMATION('','',#11,#37);
#4646 = PRODUCT_DEFINITION_SHAPE('Placement','Placement of an item',
  #4647);
#4647 = NEXT_ASSEMBLY_USAGE_OCCURRENCE('1','Pcb_65d9','',#31,#54,$);
#4648 = PRODUCT_RELATED_PRODUCT_CATEGORY('part',$,(#56));
#4649 = SHAPE_DEFINITION_REPRESENTATION(#4650,#4656);
#4650 = PRODUCT_DEFINITION_SHAPE('','',#4651);
#4651 = PRODUCT_DEFINITION('design','',#4652,#4655);
#4652 = PRODUCT_DEFINITION_FORMATION('','',#4653);
#4653 = PRODUCT('Step_Models_65d9','Step_Models_65d9','',(#4654));
#4654 = PRODUCT_CONTEXT('',#2,'mechanical');
#4655 = PRODUCT_DEFINITION_CONTEXT('part definition',#2,'design');
#4656 = SHAPE_REPRESENTATION('',(#11,#4657),#4661);
#4657 = AXIS2_PLACEMENT_3D('',#4658,#4659,#4660);
#4658 = CARTESIAN_POINT('',(0.,0.,0.));
#4659 = DIRECTION('',(0.,0.,1.));
#4660 = DIRECTION('',(1.,0.,0.));
#4661 = ( GEOMETRIC_REPRESENTATION_CONTEXT(3) 
GLOBAL_UNCERTAINTY_ASSIGNED_CONTEXT((#4665)) 
GLOBAL_UNIT_ASSIGNED_CONTEXT((#4662,#4663,#4664)) REPRESENTATION_CONTEXT
('Context #1','3D Context with UNIT and UNCERTAINTY') );
#4662 = ( LENGTH_UNIT() NAMED_UNIT(*) SI_UNIT(.MILLI.,.METRE.) );
#4663 = ( NAMED_UNIT(*) PLANE_ANGLE_UNIT() SI_UNIT($,.RADIAN.) );
#4664 = ( NAMED_UNIT(*) SI_UNIT($,.STERADIAN.) SOLID_ANGLE_UNIT() );
#4665 = UNCERTAINTY_MEASURE_WITH_UNIT(LENGTH_MEASURE(1.E-07),#4662,
  'distance_accuracy_value','confusion accuracy');
#4666 = CONTEXT_DEPENDENT_SHAPE_REPRESENTATION(#4667,#4669);
#4667 = ( REPRESENTATION_RELATIONSHIP('','',#4656,#10) 
REPRESENTATION_RELATIONSHIP_WITH_TRANSFORMATION(#4668) 
SHAPE_REPRESENTATION_RELATIONSHIP() );
#4668 = ITEM_DEFINED_TRANSFORMATION('','',#11,#19);
#4669 = PRODUCT_DEFINITION_SHAPE('Placement','Placement of an item',
  #4670);
#4670 = NEXT_ASSEMBLY_USAGE_OCCURRENCE('90','Step_Models_65d9','',#5,
  #4651,$);
#4671 = PRODUCT_RELATED_PRODUCT_CATEGORY('part',$,(#4653));
#4672 = SHAPE_DEFINITION_REPRESENTATION(#4673,#4679);
#4673 = PRODUCT_DEFINITION_SHAPE('','',#4674);
#4674 = PRODUCT_DEFINITION('design','',#4675,#4678);
#4675 = PRODUCT_DEFINITION_FORMATION('','',#4676);
#4676 = PRODUCT('Top_65d9','Top_65d9','',(#4677));
#4677 = PRODUCT_CONTEXT('',#2,'mechanical');
#4678 = PRODUCT_DEFINITION_CONTEXT('part definition',#2,'design');
#4679 = SHAPE_REPRESENTATION('',(#11,#4680,#4684),#4688);
#4680 = AXIS2_PLACEMENT_3D('',#4681,#4682,#4683);
#4681 = CARTESIAN_POINT('',(120.45,-131.73,0.));
#4682 = DIRECTION('',(0.,0.,1.));
#4683 = DIRECTION('',(1.,0.,0.));
#4684 = AXIS2_PLACEMENT_3D('',#4685,#4686,#4687);
#4685 = CARTESIAN_POINT('',(113.99,-122.74,0.));
#4686 = DIRECTION('',(0.,0.,1.));
#4687 = DIRECTION('',(-1.,0.,0.));
#4688 = ( GEOMETRIC_REPRESENTATION_CONTEXT(3) 
GLOBAL_UNCERTAINTY_ASSIGNED_CONTEXT((#4692)) 
GLOBAL_UNIT_ASSIGNED_CONTEXT((#4689,#4690,#4691)) REPRESENTATION_CONTEXT
('Context #1','3D Context with UNIT and UNCERTAINTY') );
#4689 = ( LENGTH_UNIT() NAMED_UNIT(*) SI_UNIT(.MILLI.,.METRE.) );
#4690 = ( NAMED_UNIT(*) PLANE_ANGLE_UNIT() SI_UNIT($,.RADIAN.) );
#4691 = ( NAMED_UNIT(*) SI_UNIT($,.STERADIAN.) SOLID_ANGLE_UNIT() );
#4692 = UNCERTAINTY_MEASURE_WITH_UNIT(LENGTH_MEASURE(1.E-07),#4689,
  'distance_accuracy_value','confusion accuracy');
#4693 = CONTEXT_DEPENDENT_SHAPE_REPRESENTATION(#4694,#4696);
#4694 = ( REPRESENTATION_RELATIONSHIP('','',#4679,#4656) 
REPRESENTATION_RELATIONSHIP_WITH_TRANSFORMATION(#4695) 
SHAPE_REPRESENTATION_RELATIONSHIP() );
#4695 = ITEM_DEFINED_TRANSFORMATION('','',#11,#4657);
#4696 = PRODUCT_DEFINITION_SHAPE('Placement','Placement of an item',
  #4697);
#4697 = NEXT_ASSEMBLY_USAGE_OCCURRENCE('89','Top_65d9','',#4651,#4674,$
  );
#4698 = PRODUCT_RELATED_PRODUCT_CATEGORY('part',$,(#4676));
#4699 = SHAPE_DEFINITION_REPRESENTATION(#4700,#4706);
#4700 = PRODUCT_DEFINITION_SHAPE('','',#4701);
#4701 = PRODUCT_DEFINITION('design','',#4702,#4705);
#4702 = PRODUCT_DEFINITION_FORMATION('','',#4703);
#4703 = PRODUCT('J1_ASSEMBLY_d4674bd52992','J1_ASSEMBLY_d4674bd52992',''
  ,(#4704));
#4704 = PRODUCT_CONTEXT('',#2,'mechanical');
#4705 = PRODUCT_DEFINITION_CONTEXT('part definition',#2,'design');
#4706 = SHAPE_REPRESENTATION('',(#11,#4707,#4711),#4715);
#4707 = AXIS2_PLACEMENT_3D('',#4708,#4709,#4710);
#4708 = CARTESIAN_POINT('',(0.,0.,0.1));
#4709 = DIRECTION('',(0.,0.,1.));
#4710 = DIRECTION('',(1.,0.,0.));
#4711 = AXIS2_PLACEMENT_3D('',#4712,#4713,#4714);
#4712 = CARTESIAN_POINT('',(0.,0.,0.));
#4713 = DIRECTION('',(0.,0.,1.));
#4714 = DIRECTION('',(1.,0.,0.));
#4715 = ( GEOMETRIC_REPRESENTATION_CONTEXT(3) 
GLOBAL_UNCERTAINTY_ASSIGNED_CONTEXT((#4719)) 
GLOBAL_UNIT_ASSIGNED_CONTEXT((#4716,#4717,#4718)) REPRESENTATION_CONTEXT
('Context #1','3D Context with UNIT and UNCERTAINTY') );
#4716 = ( LENGTH_UNIT() NAMED_UNIT(*) SI_UNIT(.MILLI.,.METRE.) );
#4717 = ( NAMED_UNIT(*) PLANE_ANGLE_UNIT() SI_UNIT($,.RADIAN.) );
#4718 = ( NAMED_UNIT(*) SI_UNIT($,.STERADIAN.) SOLID_ANGLE_UNIT() );
#4719 = UNCERTAINTY_MEASURE_WITH_UNIT(LENGTH_MEASURE(1.E-07),#4716,
  'distance_accuracy_value','confusion accuracy');
#4720 = CONTEXT_DEPENDENT_SHAPE_REPRESENTATION(#4721,#4723);
#4721 = ( REPRESENTATION_RELATIONSHIP('','',#4706,#4679) 
REPRESENTATION_RELATIONSHIP_WITH_TRANSFORMATION(#4722) 
SHAPE_REPRESENTATION_RELATIONSHIP() );
#4722 = ITEM_DEFINED_TRANSFORMATION('','',#11,#4680);
#4723 = PRODUCT_DEFINITION_SHAPE('Placement','Placement of an item',
  #4724);
#4724 = NEXT_ASSEMBLY_USAGE_OCCURRENCE('32','J1_ASSEMBLY_d4674bd52992',
  '',#4674,#4701,$);
#4725 = PRODUCT_RELATED_PRODUCT_CATEGORY('part',$,(#4703));
#4726 = SHAPE_DEFINITION_REPRESENTATION(#4727,#4733);
#4727 = PRODUCT_DEFINITION_SHAPE('','',#4728);
#4728 = PRODUCT_DEFINITION('design','',#4729,#4732);
#4729 = PRODUCT_DEFINITION_FORMATION('','',#4730);
#4730 = PRODUCT('Body','Body','',(#4731));
#4731 = PRODUCT_CONTEXT('',#2,'mechanical');
#4732 = PRODUCT_DEFINITION_CONTEXT('part definition',#2,'design');
#4733 = ADVANCED_BREP_SHAPE_REPRESENTATION('',(#11,#4734),#4884);
#4734 = MANIFOLD_SOLID_BREP('',#4735);
#4735 = CLOSED_SHELL('',(#4736,#4776,#4807,#4838,#4860,#4872));
#4736 = ADVANCED_FACE('',(#4737),#4771,.F.);
#4737 = FACE_BOUND('',#4738,.F.);
#4738 = EDGE_LOOP('',(#4739,#4749,#4757,#4765));
#4739 = ORIENTED_EDGE('',*,*,#4740,.T.);
#4740 = EDGE_CURVE('',#4741,#4743,#4745,.T.);
#4741 = VERTEX_POINT('',#4742);
#4742 = CARTESIAN_POINT('',(-6.86,-5.18,0.));
#4743 = VERTEX_POINT('',#4744);
#4744 = CARTESIAN_POINT('',(-6.86,-5.18,13.74));
#4745 = LINE('',#4746,#4747);
#4746 = CARTESIAN_POINT('',(-6.86,-5.18,0.));
#4747 = VECTOR('',#4748,1.);
#4748 = DIRECTION('',(0.,0.,1.));
#4749 = ORIENTED_EDGE('',*,*,#4750,.T.);
#4750 = EDGE_CURVE('',#4743,#4751,#4753,.T.);
#4751 = VERTEX_POINT('',#4752);
#4752 = CARTESIAN_POINT('',(37.34,-5.18,13.74));
#4753 = LINE('',#4754,#4755);
#4754 = CARTESIAN_POINT('',(-6.86,-5.18,13.74));
#4755 = VECTOR('',#4756,1.);
#4756 = DIRECTION('',(1.,0.,0.));
#4757 = ORIENTED_EDGE('',*,*,#4758,.F.);
#4758 = EDGE_CURVE('',#4759,#4751,#4761,.T.);
#4759 = VERTEX_POINT('',#4760);
#4760 = CARTESIAN_POINT('',(37.34,-5.18,0.));
#4761 = LINE('',#4762,#4763);
#4762 = CARTESIAN_POINT('',(37.34,-5.18,0.));
#4763 = VECTOR('',#4764,1.);
#4764 = DIRECTION('',(0.,0.,1.));
#4765 = ORIENTED_EDGE('',*,*,#4766,.F.);
#4766 = EDGE_CURVE('',#4741,#4759,#4767,.T.);
#4767 = LINE('',#4768,#4769);
#4768 = CARTESIAN_POINT('',(-6.86,-5.18,0.));
#4769 = VECTOR('',#4770,1.);
#4770 = DIRECTION('',(1.,0.,0.));
#4771 = PLANE('',#4772);
#4772 = AXIS2_PLACEMENT_3D('',#4773,#4774,#4775);
#4773 = CARTESIAN_POINT('',(-6.86,-5.18,0.));
#4774 = DIRECTION('',(0.,1.,0.));
#4775 = DIRECTION('',(1.,0.,0.));
#4776 = ADVANCED_FACE('',(#4777),#4802,.F.);
#4777 = FACE_BOUND('',#4778,.F.);
#4778 = EDGE_LOOP('',(#4779,#4780,#4788,#4796));
#4779 = ORIENTED_EDGE('',*,*,#4758,.T.);
#4780 = ORIENTED_EDGE('',*,*,#4781,.T.);
#4781 = EDGE_CURVE('',#4751,#4782,#4784,.T.);
#4782 = VERTEX_POINT('',#4783);
#4783 = CARTESIAN_POINT('',(37.34,2.64,13.74));
#4784 = LINE('',#4785,#4786);
#4785 = CARTESIAN_POINT('',(37.34,-5.18,13.74));
#4786 = VECTOR('',#4787,1.);
#4787 = DIRECTION('',(0.,1.,0.));
#4788 = ORIENTED_EDGE('',*,*,#4789,.F.);
#4789 = EDGE_CURVE('',#4790,#4782,#4792,.T.);
#4790 = VERTEX_POINT('',#4791);
#4791 = CARTESIAN_POINT('',(37.34,2.64,0.));
#4792 = LINE('',#4793,#4794);
#4793 = CARTESIAN_POINT('',(37.34,2.64,0.));
#4794 = VECTOR('',#4795,1.);
#4795 = DIRECTION('',(0.,0.,1.));
#4796 = ORIENTED_EDGE('',*,*,#4797,.F.);
#4797 = EDGE_CURVE('',#4759,#4790,#4798,.T.);
#4798 = LINE('',#4799,#4800);
#4799 = CARTESIAN_POINT('',(37.34,-5.18,0.));
#4800 = VECTOR('',#4801,1.);
#4801 = DIRECTION('',(0.,1.,0.));
#4802 = PLANE('',#4803);
#4803 = AXIS2_PLACEMENT_3D('',#4804,#4805,#4806);
#4804 = CARTESIAN_POINT('',(37.34,-5.18,0.));
#4805 = DIRECTION('',(-1.,0.,0.));
#4806 = DIRECTION('',(0.,1.,0.));
#4807 = ADVANCED_FACE('',(#4808),#4833,.F.);
#4808 = FACE_BOUND('',#4809,.F.);
#4809 = EDGE_LOOP('',(#4810,#4811,#4819,#4827));
#4810 = ORIENTED_EDGE('',*,*,#4789,.T.);
#4811 = ORIENTED_EDGE('',*,*,#4812,.T.);
#4812 = EDGE_CURVE('',#4782,#4813,#4815,.T.);
#4813 = VERTEX_POINT('',#4814);
#4814 = CARTESIAN_POINT('',(-6.86,2.64,13.74));
#4815 = LINE('',#4816,#4817);
#4816 = CARTESIAN_POINT('',(37.34,2.64,13.74));
#4817 = VECTOR('',#4818,1.);
#4818 = DIRECTION('',(-1.,0.,0.));
#4819 = ORIENTED_EDGE('',*,*,#4820,.F.);
#4820 = EDGE_CURVE('',#4821,#4813,#4823,.T.);
#4821 = VERTEX_POINT('',#4822);
#4822 = CARTESIAN_POINT('',(-6.86,2.64,0.));
#4823 = LINE('',#4824,#4825);
#4824 = CARTESIAN_POINT('',(-6.86,2.64,0.));
#4825 = VECTOR('',#4826,1.);
#4826 = DIRECTION('',(0.,0.,1.));
#4827 = ORIENTED_EDGE('',*,*,#4828,.F.);
#4828 = EDGE_CURVE('',#4790,#4821,#4829,.T.);
#4829 = LINE('',#4830,#4831);
#4830 = CARTESIAN_POINT('',(37.34,2.64,0.));
#4831 = VECTOR('',#4832,1.);
#4832 = DIRECTION('',(-1.,0.,0.));
#4833 = PLANE('',#4834);
#4834 = AXIS2_PLACEMENT_3D('',#4835,#4836,#4837);
#4835 = CARTESIAN_POINT('',(37.34,2.64,0.));
#4836 = DIRECTION('',(0.,-1.,0.));
#4837 = DIRECTION('',(-1.,0.,0.));
#4838 = ADVANCED_FACE('',(#4839),#4855,.F.);
#4839 = FACE_BOUND('',#4840,.F.);
#4840 = EDGE_LOOP('',(#4841,#4842,#4848,#4849));
#4841 = ORIENTED_EDGE('',*,*,#4820,.T.);
#4842 = ORIENTED_EDGE('',*,*,#4843,.T.);
#4843 = EDGE_CURVE('',#4813,#4743,#4844,.T.);
#4844 = LINE('',#4845,#4846);
#4845 = CARTESIAN_POINT('',(-6.86,2.64,13.74));
#4846 = VECTOR('',#4847,1.);
#4847 = DIRECTION('',(0.,-1.,0.));
#4848 = ORIENTED_EDGE('',*,*,#4740,.F.);
#4849 = ORIENTED_EDGE('',*,*,#4850,.F.);
#4850 = EDGE_CURVE('',#4821,#4741,#4851,.T.);
#4851 = LINE('',#4852,#4853);
#4852 = CARTESIAN_POINT('',(-6.86,2.64,0.));
#4853 = VECTOR('',#4854,1.);
#4854 = DIRECTION('',(0.,-1.,0.));
#4855 = PLANE('',#4856);
#4856 = AXIS2_PLACEMENT_3D('',#4857,#4858,#4859);
#4857 = CARTESIAN_POINT('',(-6.86,2.64,0.));
#4858 = DIRECTION('',(1.,0.,-0.));
#4859 = DIRECTION('',(0.,-1.,0.));
#4860 = ADVANCED_FACE('',(#4861),#4867,.F.);
#4861 = FACE_BOUND('',#4862,.F.);
#4862 = EDGE_LOOP('',(#4863,#4864,#4865,#4866));
#4863 = ORIENTED_EDGE('',*,*,#4766,.T.);
#4864 = ORIENTED_EDGE('',*,*,#4797,.T.);
#4865 = ORIENTED_EDGE('',*,*,#4828,.T.);
#4866 = ORIENTED_EDGE('',*,*,#4850,.T.);
#4867 = PLANE('',#4868);
#4868 = AXIS2_PLACEMENT_3D('',#4869,#4870,#4871);
#4869 = CARTESIAN_POINT('',(15.24,-1.27,1.387778780781E-17));
#4870 = DIRECTION('',(-1.125763431249E-34,0.,1.));
#4871 = DIRECTION('',(1.,0.,1.125763431249E-34));
#4872 = ADVANCED_FACE('',(#4873),#4879,.T.);
#4873 = FACE_BOUND('',#4874,.T.);
#4874 = EDGE_LOOP('',(#4875,#4876,#4877,#4878));
#4875 = ORIENTED_EDGE('',*,*,#4750,.T.);
#4876 = ORIENTED_EDGE('',*,*,#4781,.T.);
#4877 = ORIENTED_EDGE('',*,*,#4812,.T.);
#4878 = ORIENTED_EDGE('',*,*,#4843,.T.);
#4879 = PLANE('',#4880);
#4880 = AXIS2_PLACEMENT_3D('',#4881,#4882,#4883);
#4881 = CARTESIAN_POINT('',(15.24,-1.27,13.74));
#4882 = DIRECTION('',(-1.125763431249E-34,0.,1.));
#4883 = DIRECTION('',(1.,0.,1.125763431249E-34));
#4884 = ( GEOMETRIC_REPRESENTATION_CONTEXT(3) 
GLOBAL_UNCERTAINTY_ASSIGNED_CONTEXT((#4888)) 
GLOBAL_UNIT_ASSIGNED_CONTEXT((#4885,#4886,#4887)) REPRESENTATION_CONTEXT
('Context #1','3D Context with UNIT and UNCERTAINTY') );
#4885 = ( LENGTH_UNIT() NAMED_UNIT(*) SI_UNIT(.MILLI.,.METRE.) );
#4886 = ( NAMED_UNIT(*) PLANE_ANGLE_UNIT() SI_UNIT($,.RADIAN.) );
#4887 = ( NAMED_UNIT(*) SI_UNIT($,.STERADIAN.) SOLID_ANGLE_UNIT() );
#4888 = UNCERTAINTY_MEASURE_WITH_UNIT(LENGTH_MEASURE(1.E-07),#4885,
  'distance_accuracy_value','confusion accuracy');
#4889 = CONTEXT_DEPENDENT_SHAPE_REPRESENTATION(#4890,#4892);
#4890 = ( REPRESENTATION_RELATIONSHIP('','',#4733,#4706) 
REPRESENTATION_RELATIONSHIP_WITH_TRANSFORMATION(#4891) 
SHAPE_REPRESENTATION_RELATIONSHIP() );
#4891 = ITEM_DEFINED_TRANSFORMATION('','',#11,#4707);
#4892 = PRODUCT_DEFINITION_SHAPE('Placement','Placement of an item',
  #4893);
#4893 = NEXT_ASSEMBLY_USAGE_OCCURRENCE('3','Body','',#4701,#4728,$);
#4894 = PRODUCT_RELATED_PRODUCT_CATEGORY('part',$,(#4730));
#4895 = SHAPE_DEFINITION_REPRESENTATION(#4896,#4902);
#4896 = PRODUCT_DEFINITION_SHAPE('','',#4897);
#4897 = PRODUCT_DEFINITION('design','',#4898,#4901);
#4898 = PRODUCT_DEFINITION_FORMATION('','',#4899);
#4899 = PRODUCT('Leads027','Leads027','',(#4900));
#4900 = PRODUCT_CONTEXT('',#2,'mechanical');
#4901 = PRODUCT_DEFINITION_CONTEXT('part definition',#2,'design');
#4902 = SHAPE_REPRESENTATION('',(#11,#4903,#4907,#4911,#4915,#4919,#4923
    ,#4927,#4931,#4935,#4939,#4943,#4947,#4951,#4955,#4959,#4963,#4967,
    #4971,#4975,#4979,#4983,#4987,#4991,#4995,#4999,#5003,#5007),#5011);
#4903 = AXIS2_PLACEMENT_3D('',#4904,#4905,#4906);
#4904 = CARTESIAN_POINT('',(0.,0.,0.));
#4905 = DIRECTION('',(0.,0.,1.));
#4906 = DIRECTION('',(1.,0.,0.));
#4907 = AXIS2_PLACEMENT_3D('',#4908,#4909,#4910);
#4908 = CARTESIAN_POINT('',(0.,0.,0.));
#4909 = DIRECTION('',(0.,0.,1.));
#4910 = DIRECTION('',(1.,0.,0.));
#4911 = AXIS2_PLACEMENT_3D('',#4912,#4913,#4914);
#4912 = CARTESIAN_POINT('',(0.,0.,0.));
#4913 = DIRECTION('',(0.,0.,1.));
#4914 = DIRECTION('',(1.,0.,0.));
#4915 = AXIS2_PLACEMENT_3D('',#4916,#4917,#4918);
#4916 = CARTESIAN_POINT('',(0.,0.,0.));
#4917 = DIRECTION('',(0.,0.,1.));
#4918 = DIRECTION('',(1.,0.,0.));
#4919 = AXIS2_PLACEMENT_3D('',#4920,#4921,#4922);
#4920 = CARTESIAN_POINT('',(0.,0.,0.));
#4921 = DIRECTION('',(0.,0.,1.));
#4922 = DIRECTION('',(1.,0.,0.));
#4923 = AXIS2_PLACEMENT_3D('',#4924,#4925,#4926);
#4924 = CARTESIAN_POINT('',(0.,0.,0.));
#4925 = DIRECTION('',(0.,0.,1.));
#4926 = DIRECTION('',(1.,0.,0.));
#4927 = AXIS2_PLACEMENT_3D('',#4928,#4929,#4930);
#4928 = CARTESIAN_POINT('',(0.,0.,0.));
#4929 = DIRECTION('',(0.,0.,1.));
#4930 = DIRECTION('',(1.,0.,0.));
#4931 = AXIS2_PLACEMENT_3D('',#4932,#4933,#4934);
#4932 = CARTESIAN_POINT('',(0.,0.,0.));
#4933 = DIRECTION('',(0.,0.,1.));
#4934 = DIRECTION('',(1.,0.,0.));
#4935 = AXIS2_PLACEMENT_3D('',#4936,#4937,#4938);
#4936 = CARTESIAN_POINT('',(0.,0.,0.));
#4937 = DIRECTION('',(0.,0.,1.));
#4938 = DIRECTION('',(1.,0.,0.));
#4939 = AXIS2_PLACEMENT_3D('',#4940,#4941,#4942);
#4940 = CARTESIAN_POINT('',(0.,0.,0.));
#4941 = DIRECTION('',(0.,0.,1.));
#4942 = DIRECTION('',(1.,0.,0.));
#4943 = AXIS2_PLACEMENT_3D('',#4944,#4945,#4946);
#4944 = CARTESIAN_POINT('',(0.,0.,0.));
#4945 = DIRECTION('',(0.,0.,1.));
#4946 = DIRECTION('',(1.,0.,0.));
#4947 = AXIS2_PLACEMENT_3D('',#4948,#4949,#4950);
#4948 = CARTESIAN_POINT('',(0.,0.,0.));
#4949 = DIRECTION('',(0.,0.,1.));
#4950 = DIRECTION('',(1.,0.,0.));
#4951 = AXIS2_PLACEMENT_3D('',#4952,#4953,#4954);
#4952 = CARTESIAN_POINT('',(0.,0.,0.));
#4953 = DIRECTION('',(0.,0.,1.));
#4954 = DIRECTION('',(1.,0.,0.));
#4955 = AXIS2_PLACEMENT_3D('',#4956,#4957,#4958);
#4956 = CARTESIAN_POINT('',(0.,0.,0.));
#4957 = DIRECTION('',(0.,0.,1.));
#4958 = DIRECTION('',(1.,0.,0.));
#4959 = AXIS2_PLACEMENT_3D('',#4960,#4961,#4962);
#4960 = CARTESIAN_POINT('',(0.,0.,0.));
#4961 = DIRECTION('',(0.,0.,1.));
#4962 = DIRECTION('',(1.,0.,0.));
#4963 = AXIS2_PLACEMENT_3D('',#4964,#4965,#4966);
#4964 = CARTESIAN_POINT('',(0.,0.,0.));
#4965 = DIRECTION('',(0.,0.,1.));
#4966 = DIRECTION('',(1.,0.,0.));
#4967 = AXIS2_PLACEMENT_3D('',#4968,#4969,#4970);
#4968 = CARTESIAN_POINT('',(0.,0.,0.));
#4969 = DIRECTION('',(0.,0.,1.));
#4970 = DIRECTION('',(1.,0.,0.));
#4971 = AXIS2_PLACEMENT_3D('',#4972,#4973,#4974);
#4972 = CARTESIAN_POINT('',(0.,0.,0.));
#4973 = DIRECTION('',(0.,0.,1.));
#4974 = DIRECTION('',(1.,0.,0.));
#4975 = AXIS2_PLACEMENT_3D('',#4976,#4977,#4978);
#4976 = CARTESIAN_POINT('',(0.,0.,0.));
#4977 = DIRECTION('',(0.,0.,1.));
#4978 = DIRECTION('',(1.,0.,0.));
#4979 = AXIS2_PLACEMENT_3D('',#4980,#4981,#4982);
#4980 = CARTESIAN_POINT('',(0.,0.,0.));
#4981 = DIRECTION('',(0.,0.,1.));
#4982 = DIRECTION('',(1.,0.,0.));
#4983 = AXIS2_PLACEMENT_3D('',#4984,#4985,#4986);
#4984 = CARTESIAN_POINT('',(0.,0.,0.));
#4985 = DIRECTION('',(0.,0.,1.));
#4986 = DIRECTION('',(1.,0.,0.));
#4987 = AXIS2_PLACEMENT_3D('',#4988,#4989,#4990);
#4988 = CARTESIAN_POINT('',(0.,0.,0.));
#4989 = DIRECTION('',(0.,0.,1.));
#4990 = DIRECTION('',(1.,0.,0.));
#4991 = AXIS2_PLACEMENT_3D('',#4992,#4993,#4994);
#4992 = CARTESIAN_POINT('',(0.,0.,0.));
#4993 = DIRECTION('',(0.,0.,1.));
#4994 = DIRECTION('',(1.,0.,0.));
#4995 = AXIS2_PLACEMENT_3D('',#4996,#4997,#4998);
#4996 = CARTESIAN_POINT('',(0.,0.,0.));
#4997 = DIRECTION('',(0.,0.,1.));
#4998 = DIRECTION('',(1.,0.,0.));
#4999 = AXIS2_PLACEMENT_3D('',#5000,#5001,#5002);
#5000 = CARTESIAN_POINT('',(0.,0.,0.));
#5001 = DIRECTION('',(0.,0.,1.));
#5002 = DIRECTION('',(1.,0.,0.));
#5003 = AXIS2_PLACEMENT_3D('',#5004,#5005,#5006);
#5004 = CARTESIAN_POINT('',(0.,0.,0.));
#5005 = DIRECTION('',(0.,0.,1.));
#5006 = DIRECTION('',(1.,0.,0.));
#5007 = AXIS2_PLACEMENT_3D('',#5008,#5009,#5010);
#5008 = CARTESIAN_POINT('',(0.,0.,0.));
#5009 = DIRECTION('',(0.,0.,1.));
#5010 = DIRECTION('',(1.,0.,0.));
#5011 = ( GEOMETRIC_REPRESENTATION_CONTEXT(3) 
GLOBAL_UNCERTAINTY_ASSIGNED_CONTEXT((#5015)) 
GLOBAL_UNIT_ASSIGNED_CONTEXT((#5012,#5013,#5014)) REPRESENTATION_CONTEXT
('Context #1','3D Context with UNIT and UNCERTAINTY') );
#5012 = ( LENGTH_UNIT() NAMED_UNIT(*) SI_UNIT(.MILLI.,.METRE.) );
#5013 = ( NAMED_UNIT(*) PLANE_ANGLE_UNIT() SI_UNIT($,.RADIAN.) );
#5014 = ( NAMED_UNIT(*) SI_UNIT($,.STERADIAN.) SOLID_ANGLE_UNIT() );
#5015 = UNCERTAINTY_MEASURE_WITH_UNIT(LENGTH_MEASURE(1.E-07),#5012,
  'distance_accuracy_value','confusion accuracy');
#5016 = CONTEXT_DEPENDENT_SHAPE_REPRESENTATION(#5017,#5019);
#5017 = ( REPRESENTATION_RELATIONSHIP('','',#4902,#4706) 
REPRESENTATION_RELATIONSHIP_WITH_TRANSFORMATION(#5018) 
SHAPE_REPRESENTATION_RELATIONSHIP() );
#5018 = ITEM_DEFINED_TRANSFORMATION('','',#11,#4711);
#5019 = PRODUCT_DEFINITION_SHAPE('Placement','Placement of an item',
  #5020);
#5020 = NEXT_ASSEMBLY_USAGE_OCCURRENCE('31','Leads027','',#4701,#4897,$
  );
#5021 = PRODUCT_RELATED_PRODUCT_CATEGORY('part',$,(#4899));
#5022 = SHAPE_DEFINITION_REPRESENTATION(#5023,#5029);
#5023 = PRODUCT_DEFINITION_SHAPE('','',#5024);
#5024 = PRODUCT_DEFINITION('design','',#5025,#5028);
#5025 = PRODUCT_DEFINITION_FORMATION('','',#5026);
#5026 = PRODUCT('Leads','Leads','',(#5027));
#5027 = PRODUCT_CONTEXT('',#2,'mechanical');
#5028 = PRODUCT_DEFINITION_CONTEXT('part definition',#2,'design');
#5029 = ADVANCED_BREP_SHAPE_REPRESENTATION('',(#11,#5030),#5083);
#5030 = MANIFOLD_SOLID_BREP('',#5031);
#5031 = CLOSED_SHELL('',(#5032,#5065,#5074));
#5032 = ADVANCED_FACE('',(#5033),#5060,.T.);
#5033 = FACE_BOUND('',#5034,.T.);
#5034 = EDGE_LOOP('',(#5035,#5044,#5052,#5059));
#5035 = ORIENTED_EDGE('',*,*,#5036,.F.);
#5036 = EDGE_CURVE('',#5037,#5037,#5039,.T.);
#5037 = VERTEX_POINT('',#5038);
#5038 = CARTESIAN_POINT('',(0.2555,-6.257945143643E-17,0.1));
#5039 = CIRCLE('',#5040,0.2555);
#5040 = AXIS2_PLACEMENT_3D('',#5041,#5042,#5043);
#5041 = CARTESIAN_POINT('',(0.,0.,0.1));
#5042 = DIRECTION('',(0.,0.,1.));
#5043 = DIRECTION('',(1.,0.,-0.));
#5044 = ORIENTED_EDGE('',*,*,#5045,.F.);
#5045 = EDGE_CURVE('',#5046,#5037,#5048,.T.);
#5046 = VERTEX_POINT('',#5047);
#5047 = CARTESIAN_POINT('',(0.2555,-6.257945143643E-17,-5.));
#5048 = LINE('',#5049,#5050);
#5049 = CARTESIAN_POINT('',(0.2555,-6.257945143643E-17,-5.));
#5050 = VECTOR('',#5051,1.);
#5051 = DIRECTION('',(0.,0.,1.));
#5052 = ORIENTED_EDGE('',*,*,#5053,.T.);
#5053 = EDGE_CURVE('',#5046,#5046,#5054,.T.);
#5054 = CIRCLE('',#5055,0.2555);
#5055 = AXIS2_PLACEMENT_3D('',#5056,#5057,#5058);
#5056 = CARTESIAN_POINT('',(0.,0.,-5.));
#5057 = DIRECTION('',(0.,0.,1.));
#5058 = DIRECTION('',(1.,0.,-0.));
#5059 = ORIENTED_EDGE('',*,*,#5045,.T.);
#5060 = CYLINDRICAL_SURFACE('',#5061,0.2555);
#5061 = AXIS2_PLACEMENT_3D('',#5062,#5063,#5064);
#5062 = CARTESIAN_POINT('',(0.,0.,-5.));
#5063 = DIRECTION('',(0.,0.,1.));
#5064 = DIRECTION('',(1.,0.,-0.));
#5065 = ADVANCED_FACE('',(#5066),#5069,.T.);
#5066 = FACE_BOUND('',#5067,.T.);
#5067 = EDGE_LOOP('',(#5068));
#5068 = ORIENTED_EDGE('',*,*,#5036,.T.);
#5069 = PLANE('',#5070);
#5070 = AXIS2_PLACEMENT_3D('',#5071,#5072,#5073);
#5071 = CARTESIAN_POINT('',(0.,0.,0.1));
#5072 = DIRECTION('',(0.,0.,1.));
#5073 = DIRECTION('',(1.,0.,-0.));
#5074 = ADVANCED_FACE('',(#5075),#5078,.F.);
#5075 = FACE_BOUND('',#5076,.T.);
#5076 = EDGE_LOOP('',(#5077));
#5077 = ORIENTED_EDGE('',*,*,#5053,.F.);
#5078 = PLANE('',#5079);
#5079 = AXIS2_PLACEMENT_3D('',#5080,#5081,#5082);
#5080 = CARTESIAN_POINT('',(0.,0.,-5.));
#5081 = DIRECTION('',(0.,0.,1.));
#5082 = DIRECTION('',(1.,0.,-0.));
#5083 = ( GEOMETRIC_REPRESENTATION_CONTEXT(3) 
GLOBAL_UNCERTAINTY_ASSIGNED_CONTEXT((#5087)) 
GLOBAL_UNIT_ASSIGNED_CONTEXT((#5084,#5085,#5086)) REPRESENTATION_CONTEXT
('Context #1','3D Context with UNIT and UNCERTAINTY') );
#5084 = ( LENGTH_UNIT() NAMED_UNIT(*) SI_UNIT(.MILLI.,.METRE.) );
#5085 = ( NAMED_UNIT(*) PLANE_ANGLE_UNIT() SI_UNIT($,.RADIAN.) );
#5086 = ( NAMED_UNIT(*) SI_UNIT($,.STERADIAN.) SOLID_ANGLE_UNIT() );
#5087 = UNCERTAINTY_MEASURE_WITH_UNIT(LENGTH_MEASURE(1.E-07),#5084,
  'distance_accuracy_value','confusion accuracy');
#5088 = CONTEXT_DEPENDENT_SHAPE_REPRESENTATION(#5089,#5091);
#5089 = ( REPRESENTATION_RELATIONSHIP('','',#5029,#4902) 
REPRESENTATION_RELATIONSHIP_WITH_TRANSFORMATION(#5090) 
SHAPE_REPRESENTATION_RELATIONSHIP() );
#5090 = ITEM_DEFINED_TRANSFORMATION('','',#11,#4903);
#5091 = PRODUCT_DEFINITION_SHAPE('Placement','Placement of an item',
  #5092);
#5092 = NEXT_ASSEMBLY_USAGE_OCCURRENCE('4','Leads','',#4897,#5024,$);
#5093 = PRODUCT_RELATED_PRODUCT_CATEGORY('part',$,(#5026));
#5094 = SHAPE_DEFINITION_REPRESENTATION(#5095,#5101);
#5095 = PRODUCT_DEFINITION_SHAPE('','',#5096);
#5096 = PRODUCT_DEFINITION('design','',#5097,#5100);
#5097 = PRODUCT_DEFINITION_FORMATION('','',#5098);
#5098 = PRODUCT('Leads001','Leads001','',(#5099));
#5099 = PRODUCT_CONTEXT('',#2,'mechanical');
#5100 = PRODUCT_DEFINITION_CONTEXT('part definition',#2,'design');
#5101 = ADVANCED_BREP_SHAPE_REPRESENTATION('',(#11,#5102),#5155);
#5102 = MANIFOLD_SOLID_BREP('',#5103);
#5103 = CLOSED_SHELL('',(#5104,#5137,#5146));
#5104 = ADVANCED_FACE('',(#5105),#5132,.T.);
#5105 = FACE_BOUND('',#5106,.T.);
#5106 = EDGE_LOOP('',(#5107,#5116,#5124,#5131));
#5107 = ORIENTED_EDGE('',*,*,#5108,.F.);
#5108 = EDGE_CURVE('',#5109,#5109,#5111,.T.);
#5109 = VERTEX_POINT('',#5110);
#5110 = CARTESIAN_POINT('',(2.7955,-6.257945143643E-17,0.1));
#5111 = CIRCLE('',#5112,0.2555);
#5112 = AXIS2_PLACEMENT_3D('',#5113,#5114,#5115);
#5113 = CARTESIAN_POINT('',(2.54,0.,0.1));
#5114 = DIRECTION('',(0.,0.,1.));
#5115 = DIRECTION('',(1.,0.,-0.));
#5116 = ORIENTED_EDGE('',*,*,#5117,.F.);
#5117 = EDGE_CURVE('',#5118,#5109,#5120,.T.);
#5118 = VERTEX_POINT('',#5119);
#5119 = CARTESIAN_POINT('',(2.7955,-6.257945143643E-17,-5.));
#5120 = LINE('',#5121,#5122);
#5121 = CARTESIAN_POINT('',(2.7955,-6.257945143643E-17,-5.));
#5122 = VECTOR('',#5123,1.);
#5123 = DIRECTION('',(0.,0.,1.));
#5124 = ORIENTED_EDGE('',*,*,#5125,.T.);
#5125 = EDGE_CURVE('',#5118,#5118,#5126,.T.);
#5126 = CIRCLE('',#5127,0.2555);
#5127 = AXIS2_PLACEMENT_3D('',#5128,#5129,#5130);
#5128 = CARTESIAN_POINT('',(2.54,0.,-5.));
#5129 = DIRECTION('',(0.,0.,1.));
#5130 = DIRECTION('',(1.,0.,-0.));
#5131 = ORIENTED_EDGE('',*,*,#5117,.T.);
#5132 = CYLINDRICAL_SURFACE('',#5133,0.2555);
#5133 = AXIS2_PLACEMENT_3D('',#5134,#5135,#5136);
#5134 = CARTESIAN_POINT('',(2.54,0.,-5.));
#5135 = DIRECTION('',(0.,0.,1.));
#5136 = DIRECTION('',(1.,0.,-0.));
#5137 = ADVANCED_FACE('',(#5138),#5141,.T.);
#5138 = FACE_BOUND('',#5139,.T.);
#5139 = EDGE_LOOP('',(#5140));
#5140 = ORIENTED_EDGE('',*,*,#5108,.T.);
#5141 = PLANE('',#5142);
#5142 = AXIS2_PLACEMENT_3D('',#5143,#5144,#5145);
#5143 = CARTESIAN_POINT('',(2.54,0.,0.1));
#5144 = DIRECTION('',(0.,0.,1.));
#5145 = DIRECTION('',(1.,0.,-0.));
#5146 = ADVANCED_FACE('',(#5147),#5150,.F.);
#5147 = FACE_BOUND('',#5148,.T.);
#5148 = EDGE_LOOP('',(#5149));
#5149 = ORIENTED_EDGE('',*,*,#5125,.F.);
#5150 = PLANE('',#5151);
#5151 = AXIS2_PLACEMENT_3D('',#5152,#5153,#5154);
#5152 = CARTESIAN_POINT('',(2.54,0.,-5.));
#5153 = DIRECTION('',(0.,0.,1.));
#5154 = DIRECTION('',(1.,0.,-0.));
#5155 = ( GEOMETRIC_REPRESENTATION_CONTEXT(3) 
GLOBAL_UNCERTAINTY_ASSIGNED_CONTEXT((#5159)) 
GLOBAL_UNIT_ASSIGNED_CONTEXT((#5156,#5157,#5158)) REPRESENTATION_CONTEXT
('Context #1','3D Context with UNIT and UNCERTAINTY') );
#5156 = ( LENGTH_UNIT() NAMED_UNIT(*) SI_UNIT(.MILLI.,.METRE.) );
#5157 = ( NAMED_UNIT(*) PLANE_ANGLE_UNIT() SI_UNIT($,.RADIAN.) );
#5158 = ( NAMED_UNIT(*) SI_UNIT($,.STERADIAN.) SOLID_ANGLE_UNIT() );
#5159 = UNCERTAINTY_MEASURE_WITH_UNIT(LENGTH_MEASURE(1.E-07),#5156,
  'distance_accuracy_value','confusion accuracy');
#5160 = CONTEXT_DEPENDENT_SHAPE_REPRESENTATION(#5161,#5163);
#5161 = ( REPRESENTATION_RELATIONSHIP('','',#5101,#4902) 
REPRESENTATION_RELATIONSHIP_WITH_TRANSFORMATION(#5162) 
SHAPE_REPRESENTATION_RELATIONSHIP() );
#5162 = ITEM_DEFINED_TRANSFORMATION('','',#11,#4907);
#5163 = PRODUCT_DEFINITION_SHAPE('Placement','Placement of an item',
  #5164);
#5164 = NEXT_ASSEMBLY_USAGE_OCCURRENCE('5','Leads001','',#4897,#5096,$);
#5165 = PRODUCT_RELATED_PRODUCT_CATEGORY('part',$,(#5098));
#5166 = SHAPE_DEFINITION_REPRESENTATION(#5167,#5173);
#5167 = PRODUCT_DEFINITION_SHAPE('','',#5168);
#5168 = PRODUCT_DEFINITION('design','',#5169,#5172);
#5169 = PRODUCT_DEFINITION_FORMATION('','',#5170);
#5170 = PRODUCT('Leads002','Leads002','',(#5171));
#5171 = PRODUCT_CONTEXT('',#2,'mechanical');
#5172 = PRODUCT_DEFINITION_CONTEXT('part definition',#2,'design');
#5173 = ADVANCED_BREP_SHAPE_REPRESENTATION('',(#11,#5174),#5227);
#5174 = MANIFOLD_SOLID_BREP('',#5175);
#5175 = CLOSED_SHELL('',(#5176,#5209,#5218));
#5176 = ADVANCED_FACE('',(#5177),#5204,.T.);
#5177 = FACE_BOUND('',#5178,.T.);
#5178 = EDGE_LOOP('',(#5179,#5188,#5196,#5203));
#5179 = ORIENTED_EDGE('',*,*,#5180,.F.);
#5180 = EDGE_CURVE('',#5181,#5181,#5183,.T.);
#5181 = VERTEX_POINT('',#5182);
#5182 = CARTESIAN_POINT('',(5.3355,-6.257945143643E-17,0.1));
#5183 = CIRCLE('',#5184,0.2555);
#5184 = AXIS2_PLACEMENT_3D('',#5185,#5186,#5187);
#5185 = CARTESIAN_POINT('',(5.08,0.,0.1));
#5186 = DIRECTION('',(0.,0.,1.));
#5187 = DIRECTION('',(1.,0.,-0.));
#5188 = ORIENTED_EDGE('',*,*,#5189,.F.);
#5189 = EDGE_CURVE('',#5190,#5181,#5192,.T.);
#5190 = VERTEX_POINT('',#5191);
#5191 = CARTESIAN_POINT('',(5.3355,-6.257945143643E-17,-5.));
#5192 = LINE('',#5193,#5194);
#5193 = CARTESIAN_POINT('',(5.3355,-6.257945143643E-17,-5.));
#5194 = VECTOR('',#5195,1.);
#5195 = DIRECTION('',(0.,0.,1.));
#5196 = ORIENTED_EDGE('',*,*,#5197,.T.);
#5197 = EDGE_CURVE('',#5190,#5190,#5198,.T.);
#5198 = CIRCLE('',#5199,0.2555);
#5199 = AXIS2_PLACEMENT_3D('',#5200,#5201,#5202);
#5200 = CARTESIAN_POINT('',(5.08,0.,-5.));
#5201 = DIRECTION('',(0.,0.,1.));
#5202 = DIRECTION('',(1.,0.,-0.));
#5203 = ORIENTED_EDGE('',*,*,#5189,.T.);
#5204 = CYLINDRICAL_SURFACE('',#5205,0.2555);
#5205 = AXIS2_PLACEMENT_3D('',#5206,#5207,#5208);
#5206 = CARTESIAN_POINT('',(5.08,0.,-5.));
#5207 = DIRECTION('',(0.,0.,1.));
#5208 = DIRECTION('',(1.,0.,-0.));
#5209 = ADVANCED_FACE('',(#5210),#5213,.T.);
#5210 = FACE_BOUND('',#5211,.T.);
#5211 = EDGE_LOOP('',(#5212));
#5212 = ORIENTED_EDGE('',*,*,#5180,.T.);
#5213 = PLANE('',#5214);
#5214 = AXIS2_PLACEMENT_3D('',#5215,#5216,#5217);
#5215 = CARTESIAN_POINT('',(5.08,0.,0.1));
#5216 = DIRECTION('',(0.,0.,1.));
#5217 = DIRECTION('',(1.,0.,-0.));
#5218 = ADVANCED_FACE('',(#5219),#5222,.F.);
#5219 = FACE_BOUND('',#5220,.T.);
#5220 = EDGE_LOOP('',(#5221));
#5221 = ORIENTED_EDGE('',*,*,#5197,.F.);
#5222 = PLANE('',#5223);
#5223 = AXIS2_PLACEMENT_3D('',#5224,#5225,#5226);
#5224 = CARTESIAN_POINT('',(5.08,0.,-5.));
#5225 = DIRECTION('',(0.,0.,1.));
#5226 = DIRECTION('',(1.,0.,-0.));
#5227 = ( GEOMETRIC_REPRESENTATION_CONTEXT(3) 
GLOBAL_UNCERTAINTY_ASSIGNED_CONTEXT((#5231)) 
GLOBAL_UNIT_ASSIGNED_CONTEXT((#5228,#5229,#5230)) REPRESENTATION_CONTEXT
('Context #1','3D Context with UNIT and UNCERTAINTY') );
#5228 = ( LENGTH_UNIT() NAMED_UNIT(*) SI_UNIT(.MILLI.,.METRE.) );
#5229 = ( NAMED_UNIT(*) PLANE_ANGLE_UNIT() SI_UNIT($,.RADIAN.) );
#5230 = ( NAMED_UNIT(*) SI_UNIT($,.STERADIAN.) SOLID_ANGLE_UNIT() );
#5231 = UNCERTAINTY_MEASURE_WITH_UNIT(LENGTH_MEASURE(1.E-07),#5228,
  'distance_accuracy_value','confusion accuracy');
#5232 = CONTEXT_DEPENDENT_SHAPE_REPRESENTATION(#5233,#5235);
#5233 = ( REPRESENTATION_RELATIONSHIP('','',#5173,#4902) 
REPRESENTATION_RELATIONSHIP_WITH_TRANSFORMATION(#5234) 
SHAPE_REPRESENTATION_RELATIONSHIP() );
#5234 = ITEM_DEFINED_TRANSFORMATION('','',#11,#4911);
#5235 = PRODUCT_DEFINITION_SHAPE('Placement','Placement of an item',
  #5236);
#5236 = NEXT_ASSEMBLY_USAGE_OCCURRENCE('6','Leads002','',#4897,#5168,$);
#5237 = PRODUCT_RELATED_PRODUCT_CATEGORY('part',$,(#5170));
#5238 = SHAPE_DEFINITION_REPRESENTATION(#5239,#5245);
#5239 = PRODUCT_DEFINITION_SHAPE('','',#5240);
#5240 = PRODUCT_DEFINITION('design','',#5241,#5244);
#5241 = PRODUCT_DEFINITION_FORMATION('','',#5242);
#5242 = PRODUCT('Leads003','Leads003','',(#5243));
#5243 = PRODUCT_CONTEXT('',#2,'mechanical');
#5244 = PRODUCT_DEFINITION_CONTEXT('part definition',#2,'design');
#5245 = ADVANCED_BREP_SHAPE_REPRESENTATION('',(#11,#5246),#5299);
#5246 = MANIFOLD_SOLID_BREP('',#5247);
#5247 = CLOSED_SHELL('',(#5248,#5281,#5290));
#5248 = ADVANCED_FACE('',(#5249),#5276,.T.);
#5249 = FACE_BOUND('',#5250,.T.);
#5250 = EDGE_LOOP('',(#5251,#5260,#5268,#5275));
#5251 = ORIENTED_EDGE('',*,*,#5252,.F.);
#5252 = EDGE_CURVE('',#5253,#5253,#5255,.T.);
#5253 = VERTEX_POINT('',#5254);
#5254 = CARTESIAN_POINT('',(7.8755,-6.257945143643E-17,0.1));
#5255 = CIRCLE('',#5256,0.2555);
#5256 = AXIS2_PLACEMENT_3D('',#5257,#5258,#5259);
#5257 = CARTESIAN_POINT('',(7.62,0.,0.1));
#5258 = DIRECTION('',(0.,0.,1.));
#5259 = DIRECTION('',(1.,0.,-0.));
#5260 = ORIENTED_EDGE('',*,*,#5261,.F.);
#5261 = EDGE_CURVE('',#5262,#5253,#5264,.T.);
#5262 = VERTEX_POINT('',#5263);
#5263 = CARTESIAN_POINT('',(7.8755,-6.257945143643E-17,-5.));
#5264 = LINE('',#5265,#5266);
#5265 = CARTESIAN_POINT('',(7.8755,-6.257945143643E-17,-5.));
#5266 = VECTOR('',#5267,1.);
#5267 = DIRECTION('',(0.,0.,1.));
#5268 = ORIENTED_EDGE('',*,*,#5269,.T.);
#5269 = EDGE_CURVE('',#5262,#5262,#5270,.T.);
#5270 = CIRCLE('',#5271,0.2555);
#5271 = AXIS2_PLACEMENT_3D('',#5272,#5273,#5274);
#5272 = CARTESIAN_POINT('',(7.62,0.,-5.));
#5273 = DIRECTION('',(0.,0.,1.));
#5274 = DIRECTION('',(1.,0.,-0.));
#5275 = ORIENTED_EDGE('',*,*,#5261,.T.);
#5276 = CYLINDRICAL_SURFACE('',#5277,0.2555);
#5277 = AXIS2_PLACEMENT_3D('',#5278,#5279,#5280);
#5278 = CARTESIAN_POINT('',(7.62,0.,-5.));
#5279 = DIRECTION('',(0.,0.,1.));
#5280 = DIRECTION('',(1.,0.,-0.));
#5281 = ADVANCED_FACE('',(#5282),#5285,.T.);
#5282 = FACE_BOUND('',#5283,.T.);
#5283 = EDGE_LOOP('',(#5284));
#5284 = ORIENTED_EDGE('',*,*,#5252,.T.);
#5285 = PLANE('',#5286);
#5286 = AXIS2_PLACEMENT_3D('',#5287,#5288,#5289);
#5287 = CARTESIAN_POINT('',(7.62,0.,0.1));
#5288 = DIRECTION('',(0.,0.,1.));
#5289 = DIRECTION('',(1.,0.,-0.));
#5290 = ADVANCED_FACE('',(#5291),#5294,.F.);
#5291 = FACE_BOUND('',#5292,.T.);
#5292 = EDGE_LOOP('',(#5293));
#5293 = ORIENTED_EDGE('',*,*,#5269,.F.);
#5294 = PLANE('',#5295);
#5295 = AXIS2_PLACEMENT_3D('',#5296,#5297,#5298);
#5296 = CARTESIAN_POINT('',(7.62,0.,-5.));
#5297 = DIRECTION('',(0.,0.,1.));
#5298 = DIRECTION('',(1.,0.,-0.));
#5299 = ( GEOMETRIC_REPRESENTATION_CONTEXT(3) 
GLOBAL_UNCERTAINTY_ASSIGNED_CONTEXT((#5303)) 
GLOBAL_UNIT_ASSIGNED_CONTEXT((#5300,#5301,#5302)) REPRESENTATION_CONTEXT
('Context #1','3D Context with UNIT and UNCERTAINTY') );
#5300 = ( LENGTH_UNIT() NAMED_UNIT(*) SI_UNIT(.MILLI.,.METRE.) );
#5301 = ( NAMED_UNIT(*) PLANE_ANGLE_UNIT() SI_UNIT($,.RADIAN.) );
#5302 = ( NAMED_UNIT(*) SI_UNIT($,.STERADIAN.) SOLID_ANGLE_UNIT() );
#5303 = UNCERTAINTY_MEASURE_WITH_UNIT(LENGTH_MEASURE(1.E-07),#5300,
  'distance_accuracy_value','confusion accuracy');
#5304 = CONTEXT_DEPENDENT_SHAPE_REPRESENTATION(#5305,#5307);
#5305 = ( REPRESENTATION_RELATIONSHIP('','',#5245,#4902) 
REPRESENTATION_RELATIONSHIP_WITH_TRANSFORMATION(#5306) 
SHAPE_REPRESENTATION_RELATIONSHIP() );
#5306 = ITEM_DEFINED_TRANSFORMATION('','',#11,#4915);
#5307 = PRODUCT_DEFINITION_SHAPE('Placement','Placement of an item',
  #5308);
#5308 = NEXT_ASSEMBLY_USAGE_OCCURRENCE('7','Leads003','',#4897,#5240,$);
#5309 = PRODUCT_RELATED_PRODUCT_CATEGORY('part',$,(#5242));
#5310 = SHAPE_DEFINITION_REPRESENTATION(#5311,#5317);
#5311 = PRODUCT_DEFINITION_SHAPE('','',#5312);
#5312 = PRODUCT_DEFINITION('design','',#5313,#5316);
#5313 = PRODUCT_DEFINITION_FORMATION('','',#5314);
#5314 = PRODUCT('Leads004','Leads004','',(#5315));
#5315 = PRODUCT_CONTEXT('',#2,'mechanical');
#5316 = PRODUCT_DEFINITION_CONTEXT('part definition',#2,'design');
#5317 = ADVANCED_BREP_SHAPE_REPRESENTATION('',(#11,#5318),#5371);
#5318 = MANIFOLD_SOLID_BREP('',#5319);
#5319 = CLOSED_SHELL('',(#5320,#5353,#5362));
#5320 = ADVANCED_FACE('',(#5321),#5348,.T.);
#5321 = FACE_BOUND('',#5322,.T.);
#5322 = EDGE_LOOP('',(#5323,#5332,#5340,#5347));
#5323 = ORIENTED_EDGE('',*,*,#5324,.F.);
#5324 = EDGE_CURVE('',#5325,#5325,#5327,.T.);
#5325 = VERTEX_POINT('',#5326);
#5326 = CARTESIAN_POINT('',(10.4155,-6.257945143643E-17,0.1));
#5327 = CIRCLE('',#5328,0.2555);
#5328 = AXIS2_PLACEMENT_3D('',#5329,#5330,#5331);
#5329 = CARTESIAN_POINT('',(10.16,0.,0.1));
#5330 = DIRECTION('',(0.,0.,1.));
#5331 = DIRECTION('',(1.,0.,-0.));
#5332 = ORIENTED_EDGE('',*,*,#5333,.F.);
#5333 = EDGE_CURVE('',#5334,#5325,#5336,.T.);
#5334 = VERTEX_POINT('',#5335);
#5335 = CARTESIAN_POINT('',(10.4155,-6.257945143643E-17,-5.));
#5336 = LINE('',#5337,#5338);
#5337 = CARTESIAN_POINT('',(10.4155,-6.257945143643E-17,-5.));
#5338 = VECTOR('',#5339,1.);
#5339 = DIRECTION('',(0.,0.,1.));
#5340 = ORIENTED_EDGE('',*,*,#5341,.T.);
#5341 = EDGE_CURVE('',#5334,#5334,#5342,.T.);
#5342 = CIRCLE('',#5343,0.2555);
#5343 = AXIS2_PLACEMENT_3D('',#5344,#5345,#5346);
#5344 = CARTESIAN_POINT('',(10.16,0.,-5.));
#5345 = DIRECTION('',(0.,0.,1.));
#5346 = DIRECTION('',(1.,0.,-0.));
#5347 = ORIENTED_EDGE('',*,*,#5333,.T.);
#5348 = CYLINDRICAL_SURFACE('',#5349,0.2555);
#5349 = AXIS2_PLACEMENT_3D('',#5350,#5351,#5352);
#5350 = CARTESIAN_POINT('',(10.16,0.,-5.));
#5351 = DIRECTION('',(0.,0.,1.));
#5352 = DIRECTION('',(1.,0.,-0.));
#5353 = ADVANCED_FACE('',(#5354),#5357,.T.);
#5354 = FACE_BOUND('',#5355,.T.);
#5355 = EDGE_LOOP('',(#5356));
#5356 = ORIENTED_EDGE('',*,*,#5324,.T.);
#5357 = PLANE('',#5358);
#5358 = AXIS2_PLACEMENT_3D('',#5359,#5360,#5361);
#5359 = CARTESIAN_POINT('',(10.16,0.,0.1));
#5360 = DIRECTION('',(0.,0.,1.));
#5361 = DIRECTION('',(1.,0.,-0.));
#5362 = ADVANCED_FACE('',(#5363),#5366,.F.);
#5363 = FACE_BOUND('',#5364,.T.);
#5364 = EDGE_LOOP('',(#5365));
#5365 = ORIENTED_EDGE('',*,*,#5341,.F.);
#5366 = PLANE('',#5367);
#5367 = AXIS2_PLACEMENT_3D('',#5368,#5369,#5370);
#5368 = CARTESIAN_POINT('',(10.16,0.,-5.));
#5369 = DIRECTION('',(0.,0.,1.));
#5370 = DIRECTION('',(1.,0.,-0.));
#5371 = ( GEOMETRIC_REPRESENTATION_CONTEXT(3) 
GLOBAL_UNCERTAINTY_ASSIGNED_CONTEXT((#5375)) 
GLOBAL_UNIT_ASSIGNED_CONTEXT((#5372,#5373,#5374)) REPRESENTATION_CONTEXT
('Context #1','3D Context with UNIT and UNCERTAINTY') );
#5372 = ( LENGTH_UNIT() NAMED_UNIT(*) SI_UNIT(.MILLI.,.METRE.) );
#5373 = ( NAMED_UNIT(*) PLANE_ANGLE_UNIT() SI_UNIT($,.RADIAN.) );
#5374 = ( NAMED_UNIT(*) SI_UNIT($,.STERADIAN.) SOLID_ANGLE_UNIT() );
#5375 = UNCERTAINTY_MEASURE_WITH_UNIT(LENGTH_MEASURE(1.E-07),#5372,
  'distance_accuracy_value','confusion accuracy');
#5376 = CONTEXT_DEPENDENT_SHAPE_REPRESENTATION(#5377,#5379);
#5377 = ( REPRESENTATION_RELATIONSHIP('','',#5317,#4902) 
REPRESENTATION_RELATIONSHIP_WITH_TRANSFORMATION(#5378) 
SHAPE_REPRESENTATION_RELATIONSHIP() );
#5378 = ITEM_DEFINED_TRANSFORMATION('','',#11,#4919);
#5379 = PRODUCT_DEFINITION_SHAPE('Placement','Placement of an item',
  #5380);
#5380 = NEXT_ASSEMBLY_USAGE_OCCURRENCE('8','Leads004','',#4897,#5312,$);
#5381 = PRODUCT_RELATED_PRODUCT_CATEGORY('part',$,(#5314));
#5382 = SHAPE_DEFINITION_REPRESENTATION(#5383,#5389);
#5383 = PRODUCT_DEFINITION_SHAPE('','',#5384);
#5384 = PRODUCT_DEFINITION('design','',#5385,#5388);
#5385 = PRODUCT_DEFINITION_FORMATION('','',#5386);
#5386 = PRODUCT('Leads005','Leads005','',(#5387));
#5387 = PRODUCT_CONTEXT('',#2,'mechanical');
#5388 = PRODUCT_DEFINITION_CONTEXT('part definition',#2,'design');
#5389 = ADVANCED_BREP_SHAPE_REPRESENTATION('',(#11,#5390),#5443);
#5390 = MANIFOLD_SOLID_BREP('',#5391);
#5391 = CLOSED_SHELL('',(#5392,#5425,#5434));
#5392 = ADVANCED_FACE('',(#5393),#5420,.T.);
#5393 = FACE_BOUND('',#5394,.T.);
#5394 = EDGE_LOOP('',(#5395,#5404,#5412,#5419));
#5395 = ORIENTED_EDGE('',*,*,#5396,.F.);
#5396 = EDGE_CURVE('',#5397,#5397,#5399,.T.);
#5397 = VERTEX_POINT('',#5398);
#5398 = CARTESIAN_POINT('',(12.9555,-6.257945143643E-17,0.1));
#5399 = CIRCLE('',#5400,0.2555);
#5400 = AXIS2_PLACEMENT_3D('',#5401,#5402,#5403);
#5401 = CARTESIAN_POINT('',(12.7,0.,0.1));
#5402 = DIRECTION('',(0.,0.,1.));
#5403 = DIRECTION('',(1.,0.,-0.));
#5404 = ORIENTED_EDGE('',*,*,#5405,.F.);
#5405 = EDGE_CURVE('',#5406,#5397,#5408,.T.);
#5406 = VERTEX_POINT('',#5407);
#5407 = CARTESIAN_POINT('',(12.9555,-6.257945143643E-17,-5.));
#5408 = LINE('',#5409,#5410);
#5409 = CARTESIAN_POINT('',(12.9555,-6.257945143643E-17,-5.));
#5410 = VECTOR('',#5411,1.);
#5411 = DIRECTION('',(0.,0.,1.));
#5412 = ORIENTED_EDGE('',*,*,#5413,.T.);
#5413 = EDGE_CURVE('',#5406,#5406,#5414,.T.);
#5414 = CIRCLE('',#5415,0.2555);
#5415 = AXIS2_PLACEMENT_3D('',#5416,#5417,#5418);
#5416 = CARTESIAN_POINT('',(12.7,0.,-5.));
#5417 = DIRECTION('',(0.,0.,1.));
#5418 = DIRECTION('',(1.,0.,-0.));
#5419 = ORIENTED_EDGE('',*,*,#5405,.T.);
#5420 = CYLINDRICAL_SURFACE('',#5421,0.2555);
#5421 = AXIS2_PLACEMENT_3D('',#5422,#5423,#5424);
#5422 = CARTESIAN_POINT('',(12.7,0.,-5.));
#5423 = DIRECTION('',(0.,0.,1.));
#5424 = DIRECTION('',(1.,0.,-0.));
#5425 = ADVANCED_FACE('',(#5426),#5429,.T.);
#5426 = FACE_BOUND('',#5427,.T.);
#5427 = EDGE_LOOP('',(#5428));
#5428 = ORIENTED_EDGE('',*,*,#5396,.T.);
#5429 = PLANE('',#5430);
#5430 = AXIS2_PLACEMENT_3D('',#5431,#5432,#5433);
#5431 = CARTESIAN_POINT('',(12.7,0.,0.1));
#5432 = DIRECTION('',(0.,0.,1.));
#5433 = DIRECTION('',(1.,0.,-0.));
#5434 = ADVANCED_FACE('',(#5435),#5438,.F.);
#5435 = FACE_BOUND('',#5436,.T.);
#5436 = EDGE_LOOP('',(#5437));
#5437 = ORIENTED_EDGE('',*,*,#5413,.F.);
#5438 = PLANE('',#5439);
#5439 = AXIS2_PLACEMENT_3D('',#5440,#5441,#5442);
#5440 = CARTESIAN_POINT('',(12.7,0.,-5.));
#5441 = DIRECTION('',(0.,0.,1.));
#5442 = DIRECTION('',(1.,0.,-0.));
#5443 = ( GEOMETRIC_REPRESENTATION_CONTEXT(3) 
GLOBAL_UNCERTAINTY_ASSIGNED_CONTEXT((#5447)) 
GLOBAL_UNIT_ASSIGNED_CONTEXT((#5444,#5445,#5446)) REPRESENTATION_CONTEXT
('Context #1','3D Context with UNIT and UNCERTAINTY') );
#5444 = ( LENGTH_UNIT() NAMED_UNIT(*) SI_UNIT(.MILLI.,.METRE.) );
#5445 = ( NAMED_UNIT(*) PLANE_ANGLE_UNIT() SI_UNIT($,.RADIAN.) );
#5446 = ( NAMED_UNIT(*) SI_UNIT($,.STERADIAN.) SOLID_ANGLE_UNIT() );
#5447 = UNCERTAINTY_MEASURE_WITH_UNIT(LENGTH_MEASURE(1.E-07),#5444,
  'distance_accuracy_value','confusion accuracy');
#5448 = CONTEXT_DEPENDENT_SHAPE_REPRESENTATION(#5449,#5451);
#5449 = ( REPRESENTATION_RELATIONSHIP('','',#5389,#4902) 
REPRESENTATION_RELATIONSHIP_WITH_TRANSFORMATION(#5450) 
SHAPE_REPRESENTATION_RELATIONSHIP() );
#5450 = ITEM_DEFINED_TRANSFORMATION('','',#11,#4923);
#5451 = PRODUCT_DEFINITION_SHAPE('Placement','Placement of an item',
  #5452);
#5452 = NEXT_ASSEMBLY_USAGE_OCCURRENCE('9','Leads005','',#4897,#5384,$);
#5453 = PRODUCT_RELATED_PRODUCT_CATEGORY('part',$,(#5386));
#5454 = SHAPE_DEFINITION_REPRESENTATION(#5455,#5461);
#5455 = PRODUCT_DEFINITION_SHAPE('','',#5456);
#5456 = PRODUCT_DEFINITION('design','',#5457,#5460);
#5457 = PRODUCT_DEFINITION_FORMATION('','',#5458);
#5458 = PRODUCT('Leads006','Leads006','',(#5459));
#5459 = PRODUCT_CONTEXT('',#2,'mechanical');
#5460 = PRODUCT_DEFINITION_CONTEXT('part definition',#2,'design');
#5461 = ADVANCED_BREP_SHAPE_REPRESENTATION('',(#11,#5462),#5515);
#5462 = MANIFOLD_SOLID_BREP('',#5463);
#5463 = CLOSED_SHELL('',(#5464,#5497,#5506));
#5464 = ADVANCED_FACE('',(#5465),#5492,.T.);
#5465 = FACE_BOUND('',#5466,.T.);
#5466 = EDGE_LOOP('',(#5467,#5476,#5484,#5491));
#5467 = ORIENTED_EDGE('',*,*,#5468,.F.);
#5468 = EDGE_CURVE('',#5469,#5469,#5471,.T.);
#5469 = VERTEX_POINT('',#5470);
#5470 = CARTESIAN_POINT('',(15.4955,-6.257945143643E-17,0.1));
#5471 = CIRCLE('',#5472,0.2555);
#5472 = AXIS2_PLACEMENT_3D('',#5473,#5474,#5475);
#5473 = CARTESIAN_POINT('',(15.24,0.,0.1));
#5474 = DIRECTION('',(0.,0.,1.));
#5475 = DIRECTION('',(1.,0.,-0.));
#5476 = ORIENTED_EDGE('',*,*,#5477,.F.);
#5477 = EDGE_CURVE('',#5478,#5469,#5480,.T.);
#5478 = VERTEX_POINT('',#5479);
#5479 = CARTESIAN_POINT('',(15.4955,-6.257945143643E-17,-5.));
#5480 = LINE('',#5481,#5482);
#5481 = CARTESIAN_POINT('',(15.4955,-6.257945143643E-17,-5.));
#5482 = VECTOR('',#5483,1.);
#5483 = DIRECTION('',(0.,0.,1.));
#5484 = ORIENTED_EDGE('',*,*,#5485,.T.);
#5485 = EDGE_CURVE('',#5478,#5478,#5486,.T.);
#5486 = CIRCLE('',#5487,0.2555);
#5487 = AXIS2_PLACEMENT_3D('',#5488,#5489,#5490);
#5488 = CARTESIAN_POINT('',(15.24,0.,-5.));
#5489 = DIRECTION('',(0.,0.,1.));
#5490 = DIRECTION('',(1.,0.,-0.));
#5491 = ORIENTED_EDGE('',*,*,#5477,.T.);
#5492 = CYLINDRICAL_SURFACE('',#5493,0.2555);
#5493 = AXIS2_PLACEMENT_3D('',#5494,#5495,#5496);
#5494 = CARTESIAN_POINT('',(15.24,0.,-5.));
#5495 = DIRECTION('',(0.,0.,1.));
#5496 = DIRECTION('',(1.,0.,-0.));
#5497 = ADVANCED_FACE('',(#5498),#5501,.T.);
#5498 = FACE_BOUND('',#5499,.T.);
#5499 = EDGE_LOOP('',(#5500));
#5500 = ORIENTED_EDGE('',*,*,#5468,.T.);
#5501 = PLANE('',#5502);
#5502 = AXIS2_PLACEMENT_3D('',#5503,#5504,#5505);
#5503 = CARTESIAN_POINT('',(15.24,0.,0.1));
#5504 = DIRECTION('',(0.,0.,1.));
#5505 = DIRECTION('',(1.,0.,-0.));
#5506 = ADVANCED_FACE('',(#5507),#5510,.F.);
#5507 = FACE_BOUND('',#5508,.T.);
#5508 = EDGE_LOOP('',(#5509));
#5509 = ORIENTED_EDGE('',*,*,#5485,.F.);
#5510 = PLANE('',#5511);
#5511 = AXIS2_PLACEMENT_3D('',#5512,#5513,#5514);
#5512 = CARTESIAN_POINT('',(15.24,0.,-5.));
#5513 = DIRECTION('',(0.,0.,1.));
#5514 = DIRECTION('',(1.,0.,-0.));
#5515 = ( GEOMETRIC_REPRESENTATION_CONTEXT(3) 
GLOBAL_UNCERTAINTY_ASSIGNED_CONTEXT((#5519)) 
GLOBAL_UNIT_ASSIGNED_CONTEXT((#5516,#5517,#5518)) REPRESENTATION_CONTEXT
('Context #1','3D Context with UNIT and UNCERTAINTY') );
#5516 = ( LENGTH_UNIT() NAMED_UNIT(*) SI_UNIT(.MILLI.,.METRE.) );
#5517 = ( NAMED_UNIT(*) PLANE_ANGLE_UNIT() SI_UNIT($,.RADIAN.) );
#5518 = ( NAMED_UNIT(*) SI_UNIT($,.STERADIAN.) SOLID_ANGLE_UNIT() );
#5519 = UNCERTAINTY_MEASURE_WITH_UNIT(LENGTH_MEASURE(1.E-07),#5516,
  'distance_accuracy_value','confusion accuracy');
#5520 = CONTEXT_DEPENDENT_SHAPE_REPRESENTATION(#5521,#5523);
#5521 = ( REPRESENTATION_RELATIONSHIP('','',#5461,#4902) 
REPRESENTATION_RELATIONSHIP_WITH_TRANSFORMATION(#5522) 
SHAPE_REPRESENTATION_RELATIONSHIP() );
#5522 = ITEM_DEFINED_TRANSFORMATION('','',#11,#4927);
#5523 = PRODUCT_DEFINITION_SHAPE('Placement','Placement of an item',
  #5524);
#5524 = NEXT_ASSEMBLY_USAGE_OCCURRENCE('10','Leads006','',#4897,#5456,$
  );
#5525 = PRODUCT_RELATED_PRODUCT_CATEGORY('part',$,(#5458));
#5526 = SHAPE_DEFINITION_REPRESENTATION(#5527,#5533);
#5527 = PRODUCT_DEFINITION_SHAPE('','',#5528);
#5528 = PRODUCT_DEFINITION('design','',#5529,#5532);
#5529 = PRODUCT_DEFINITION_FORMATION('','',#5530);
#5530 = PRODUCT('Leads007','Leads007','',(#5531));
#5531 = PRODUCT_CONTEXT('',#2,'mechanical');
#5532 = PRODUCT_DEFINITION_CONTEXT('part definition',#2,'design');
#5533 = ADVANCED_BREP_SHAPE_REPRESENTATION('',(#11,#5534),#5587);
#5534 = MANIFOLD_SOLID_BREP('',#5535);
#5535 = CLOSED_SHELL('',(#5536,#5569,#5578));
#5536 = ADVANCED_FACE('',(#5537),#5564,.T.);
#5537 = FACE_BOUND('',#5538,.T.);
#5538 = EDGE_LOOP('',(#5539,#5548,#5556,#5563));
#5539 = ORIENTED_EDGE('',*,*,#5540,.F.);
#5540 = EDGE_CURVE('',#5541,#5541,#5543,.T.);
#5541 = VERTEX_POINT('',#5542);
#5542 = CARTESIAN_POINT('',(18.0355,-6.257945143643E-17,0.1));
#5543 = CIRCLE('',#5544,0.2555);
#5544 = AXIS2_PLACEMENT_3D('',#5545,#5546,#5547);
#5545 = CARTESIAN_POINT('',(17.78,0.,0.1));
#5546 = DIRECTION('',(0.,0.,1.));
#5547 = DIRECTION('',(1.,0.,-0.));
#5548 = ORIENTED_EDGE('',*,*,#5549,.F.);
#5549 = EDGE_CURVE('',#5550,#5541,#5552,.T.);
#5550 = VERTEX_POINT('',#5551);
#5551 = CARTESIAN_POINT('',(18.0355,-6.257945143643E-17,-5.));
#5552 = LINE('',#5553,#5554);
#5553 = CARTESIAN_POINT('',(18.0355,-6.257945143643E-17,-5.));
#5554 = VECTOR('',#5555,1.);
#5555 = DIRECTION('',(0.,0.,1.));
#5556 = ORIENTED_EDGE('',*,*,#5557,.T.);
#5557 = EDGE_CURVE('',#5550,#5550,#5558,.T.);
#5558 = CIRCLE('',#5559,0.2555);
#5559 = AXIS2_PLACEMENT_3D('',#5560,#5561,#5562);
#5560 = CARTESIAN_POINT('',(17.78,0.,-5.));
#5561 = DIRECTION('',(0.,0.,1.));
#5562 = DIRECTION('',(1.,0.,-0.));
#5563 = ORIENTED_EDGE('',*,*,#5549,.T.);
#5564 = CYLINDRICAL_SURFACE('',#5565,0.2555);
#5565 = AXIS2_PLACEMENT_3D('',#5566,#5567,#5568);
#5566 = CARTESIAN_POINT('',(17.78,0.,-5.));
#5567 = DIRECTION('',(0.,0.,1.));
#5568 = DIRECTION('',(1.,0.,-0.));
#5569 = ADVANCED_FACE('',(#5570),#5573,.T.);
#5570 = FACE_BOUND('',#5571,.T.);
#5571 = EDGE_LOOP('',(#5572));
#5572 = ORIENTED_EDGE('',*,*,#5540,.T.);
#5573 = PLANE('',#5574);
#5574 = AXIS2_PLACEMENT_3D('',#5575,#5576,#5577);
#5575 = CARTESIAN_POINT('',(17.78,0.,0.1));
#5576 = DIRECTION('',(0.,0.,1.));
#5577 = DIRECTION('',(1.,0.,-0.));
#5578 = ADVANCED_FACE('',(#5579),#5582,.F.);
#5579 = FACE_BOUND('',#5580,.T.);
#5580 = EDGE_LOOP('',(#5581));
#5581 = ORIENTED_EDGE('',*,*,#5557,.F.);
#5582 = PLANE('',#5583);
#5583 = AXIS2_PLACEMENT_3D('',#5584,#5585,#5586);
#5584 = CARTESIAN_POINT('',(17.78,0.,-5.));
#5585 = DIRECTION('',(0.,0.,1.));
#5586 = DIRECTION('',(1.,0.,-0.));
#5587 = ( GEOMETRIC_REPRESENTATION_CONTEXT(3) 
GLOBAL_UNCERTAINTY_ASSIGNED_CONTEXT((#5591)) 
GLOBAL_UNIT_ASSIGNED_CONTEXT((#5588,#5589,#5590)) REPRESENTATION_CONTEXT
('Context #1','3D Context with UNIT and UNCERTAINTY') );
#5588 = ( LENGTH_UNIT() NAMED_UNIT(*) SI_UNIT(.MILLI.,.METRE.) );
#5589 = ( NAMED_UNIT(*) PLANE_ANGLE_UNIT() SI_UNIT($,.RADIAN.) );
#5590 = ( NAMED_UNIT(*) SI_UNIT($,.STERADIAN.) SOLID_ANGLE_UNIT() );
#5591 = UNCERTAINTY_MEASURE_WITH_UNIT(LENGTH_MEASURE(1.E-07),#5588,
  'distance_accuracy_value','confusion accuracy');
#5592 = CONTEXT_DEPENDENT_SHAPE_REPRESENTATION(#5593,#5595);
#5593 = ( REPRESENTATION_RELATIONSHIP('','',#5533,#4902) 
REPRESENTATION_RELATIONSHIP_WITH_TRANSFORMATION(#5594) 
SHAPE_REPRESENTATION_RELATIONSHIP() );
#5594 = ITEM_DEFINED_TRANSFORMATION('','',#11,#4931);
#5595 = PRODUCT_DEFINITION_SHAPE('Placement','Placement of an item',
  #5596);
#5596 = NEXT_ASSEMBLY_USAGE_OCCURRENCE('11','Leads007','',#4897,#5528,$
  );
#5597 = PRODUCT_RELATED_PRODUCT_CATEGORY('part',$,(#5530));
#5598 = SHAPE_DEFINITION_REPRESENTATION(#5599,#5605);
#5599 = PRODUCT_DEFINITION_SHAPE('','',#5600);
#5600 = PRODUCT_DEFINITION('design','',#5601,#5604);
#5601 = PRODUCT_DEFINITION_FORMATION('','',#5602);
#5602 = PRODUCT('Leads008','Leads008','',(#5603));
#5603 = PRODUCT_CONTEXT('',#2,'mechanical');
#5604 = PRODUCT_DEFINITION_CONTEXT('part definition',#2,'design');
#5605 = ADVANCED_BREP_SHAPE_REPRESENTATION('',(#11,#5606),#5659);
#5606 = MANIFOLD_SOLID_BREP('',#5607);
#5607 = CLOSED_SHELL('',(#5608,#5641,#5650));
#5608 = ADVANCED_FACE('',(#5609),#5636,.T.);
#5609 = FACE_BOUND('',#5610,.T.);
#5610 = EDGE_LOOP('',(#5611,#5620,#5628,#5635));
#5611 = ORIENTED_EDGE('',*,*,#5612,.F.);
#5612 = EDGE_CURVE('',#5613,#5613,#5615,.T.);
#5613 = VERTEX_POINT('',#5614);
#5614 = CARTESIAN_POINT('',(20.5755,-6.257945143643E-17,0.1));
#5615 = CIRCLE('',#5616,0.2555);
#5616 = AXIS2_PLACEMENT_3D('',#5617,#5618,#5619);
#5617 = CARTESIAN_POINT('',(20.32,0.,0.1));
#5618 = DIRECTION('',(0.,0.,1.));
#5619 = DIRECTION('',(1.,0.,-0.));
#5620 = ORIENTED_EDGE('',*,*,#5621,.F.);
#5621 = EDGE_CURVE('',#5622,#5613,#5624,.T.);
#5622 = VERTEX_POINT('',#5623);
#5623 = CARTESIAN_POINT('',(20.5755,-6.257945143643E-17,-5.));
#5624 = LINE('',#5625,#5626);
#5625 = CARTESIAN_POINT('',(20.5755,-6.257945143643E-17,-5.));
#5626 = VECTOR('',#5627,1.);
#5627 = DIRECTION('',(0.,0.,1.));
#5628 = ORIENTED_EDGE('',*,*,#5629,.T.);
#5629 = EDGE_CURVE('',#5622,#5622,#5630,.T.);
#5630 = CIRCLE('',#5631,0.2555);
#5631 = AXIS2_PLACEMENT_3D('',#5632,#5633,#5634);
#5632 = CARTESIAN_POINT('',(20.32,0.,-5.));
#5633 = DIRECTION('',(0.,0.,1.));
#5634 = DIRECTION('',(1.,0.,-0.));
#5635 = ORIENTED_EDGE('',*,*,#5621,.T.);
#5636 = CYLINDRICAL_SURFACE('',#5637,0.2555);
#5637 = AXIS2_PLACEMENT_3D('',#5638,#5639,#5640);
#5638 = CARTESIAN_POINT('',(20.32,0.,-5.));
#5639 = DIRECTION('',(0.,0.,1.));
#5640 = DIRECTION('',(1.,0.,-0.));
#5641 = ADVANCED_FACE('',(#5642),#5645,.T.);
#5642 = FACE_BOUND('',#5643,.T.);
#5643 = EDGE_LOOP('',(#5644));
#5644 = ORIENTED_EDGE('',*,*,#5612,.T.);
#5645 = PLANE('',#5646);
#5646 = AXIS2_PLACEMENT_3D('',#5647,#5648,#5649);
#5647 = CARTESIAN_POINT('',(20.32,0.,0.1));
#5648 = DIRECTION('',(0.,0.,1.));
#5649 = DIRECTION('',(1.,0.,-0.));
#5650 = ADVANCED_FACE('',(#5651),#5654,.F.);
#5651 = FACE_BOUND('',#5652,.T.);
#5652 = EDGE_LOOP('',(#5653));
#5653 = ORIENTED_EDGE('',*,*,#5629,.F.);
#5654 = PLANE('',#5655);
#5655 = AXIS2_PLACEMENT_3D('',#5656,#5657,#5658);
#5656 = CARTESIAN_POINT('',(20.32,0.,-5.));
#5657 = DIRECTION('',(0.,0.,1.));
#5658 = DIRECTION('',(1.,0.,-0.));
#5659 = ( GEOMETRIC_REPRESENTATION_CONTEXT(3) 
GLOBAL_UNCERTAINTY_ASSIGNED_CONTEXT((#5663)) 
GLOBAL_UNIT_ASSIGNED_CONTEXT((#5660,#5661,#5662)) REPRESENTATION_CONTEXT
('Context #1','3D Context with UNIT and UNCERTAINTY') );
#5660 = ( LENGTH_UNIT() NAMED_UNIT(*) SI_UNIT(.MILLI.,.METRE.) );
#5661 = ( NAMED_UNIT(*) PLANE_ANGLE_UNIT() SI_UNIT($,.RADIAN.) );
#5662 = ( NAMED_UNIT(*) SI_UNIT($,.STERADIAN.) SOLID_ANGLE_UNIT() );
#5663 = UNCERTAINTY_MEASURE_WITH_UNIT(LENGTH_MEASURE(1.E-07),#5660,
  'distance_accuracy_value','confusion accuracy');
#5664 = CONTEXT_DEPENDENT_SHAPE_REPRESENTATION(#5665,#5667);
#5665 = ( REPRESENTATION_RELATIONSHIP('','',#5605,#4902) 
REPRESENTATION_RELATIONSHIP_WITH_TRANSFORMATION(#5666) 
SHAPE_REPRESENTATION_RELATIONSHIP() );
#5666 = ITEM_DEFINED_TRANSFORMATION('','',#11,#4935);
#5667 = PRODUCT_DEFINITION_SHAPE('Placement','Placement of an item',
  #5668);
#5668 = NEXT_ASSEMBLY_USAGE_OCCURRENCE('12','Leads008','',#4897,#5600,$
  );
#5669 = PRODUCT_RELATED_PRODUCT_CATEGORY('part',$,(#5602));
#5670 = SHAPE_DEFINITION_REPRESENTATION(#5671,#5677);
#5671 = PRODUCT_DEFINITION_SHAPE('','',#5672);
#5672 = PRODUCT_DEFINITION('design','',#5673,#5676);
#5673 = PRODUCT_DEFINITION_FORMATION('','',#5674);
#5674 = PRODUCT('Leads009','Leads009','',(#5675));
#5675 = PRODUCT_CONTEXT('',#2,'mechanical');
#5676 = PRODUCT_DEFINITION_CONTEXT('part definition',#2,'design');
#5677 = ADVANCED_BREP_SHAPE_REPRESENTATION('',(#11,#5678),#5731);
#5678 = MANIFOLD_SOLID_BREP('',#5679);
#5679 = CLOSED_SHELL('',(#5680,#5713,#5722));
#5680 = ADVANCED_FACE('',(#5681),#5708,.T.);
#5681 = FACE_BOUND('',#5682,.T.);
#5682 = EDGE_LOOP('',(#5683,#5692,#5700,#5707));
#5683 = ORIENTED_EDGE('',*,*,#5684,.F.);
#5684 = EDGE_CURVE('',#5685,#5685,#5687,.T.);
#5685 = VERTEX_POINT('',#5686);
#5686 = CARTESIAN_POINT('',(23.1155,-6.257945143643E-17,0.1));
#5687 = CIRCLE('',#5688,0.2555);
#5688 = AXIS2_PLACEMENT_3D('',#5689,#5690,#5691);
#5689 = CARTESIAN_POINT('',(22.86,0.,0.1));
#5690 = DIRECTION('',(0.,0.,1.));
#5691 = DIRECTION('',(1.,0.,-0.));
#5692 = ORIENTED_EDGE('',*,*,#5693,.F.);
#5693 = EDGE_CURVE('',#5694,#5685,#5696,.T.);
#5694 = VERTEX_POINT('',#5695);
#5695 = CARTESIAN_POINT('',(23.1155,-6.257945143643E-17,-5.));
#5696 = LINE('',#5697,#5698);
#5697 = CARTESIAN_POINT('',(23.1155,-6.257945143643E-17,-5.));
#5698 = VECTOR('',#5699,1.);
#5699 = DIRECTION('',(0.,0.,1.));
#5700 = ORIENTED_EDGE('',*,*,#5701,.T.);
#5701 = EDGE_CURVE('',#5694,#5694,#5702,.T.);
#5702 = CIRCLE('',#5703,0.2555);
#5703 = AXIS2_PLACEMENT_3D('',#5704,#5705,#5706);
#5704 = CARTESIAN_POINT('',(22.86,0.,-5.));
#5705 = DIRECTION('',(0.,0.,1.));
#5706 = DIRECTION('',(1.,0.,-0.));
#5707 = ORIENTED_EDGE('',*,*,#5693,.T.);
#5708 = CYLINDRICAL_SURFACE('',#5709,0.2555);
#5709 = AXIS2_PLACEMENT_3D('',#5710,#5711,#5712);
#5710 = CARTESIAN_POINT('',(22.86,0.,-5.));
#5711 = DIRECTION('',(0.,0.,1.));
#5712 = DIRECTION('',(1.,0.,-0.));
#5713 = ADVANCED_FACE('',(#5714),#5717,.T.);
#5714 = FACE_BOUND('',#5715,.T.);
#5715 = EDGE_LOOP('',(#5716));
#5716 = ORIENTED_EDGE('',*,*,#5684,.T.);
#5717 = PLANE('',#5718);
#5718 = AXIS2_PLACEMENT_3D('',#5719,#5720,#5721);
#5719 = CARTESIAN_POINT('',(22.86,0.,0.1));
#5720 = DIRECTION('',(0.,0.,1.));
#5721 = DIRECTION('',(1.,0.,-0.));
#5722 = ADVANCED_FACE('',(#5723),#5726,.F.);
#5723 = FACE_BOUND('',#5724,.T.);
#5724 = EDGE_LOOP('',(#5725));
#5725 = ORIENTED_EDGE('',*,*,#5701,.F.);
#5726 = PLANE('',#5727);
#5727 = AXIS2_PLACEMENT_3D('',#5728,#5729,#5730);
#5728 = CARTESIAN_POINT('',(22.86,0.,-5.));
#5729 = DIRECTION('',(0.,0.,1.));
#5730 = DIRECTION('',(1.,0.,-0.));
#5731 = ( GEOMETRIC_REPRESENTATION_CONTEXT(3) 
GLOBAL_UNCERTAINTY_ASSIGNED_CONTEXT((#5735)) 
GLOBAL_UNIT_ASSIGNED_CONTEXT((#5732,#5733,#5734)) REPRESENTATION_CONTEXT
('Context #1','3D Context with UNIT and UNCERTAINTY') );
#5732 = ( LENGTH_UNIT() NAMED_UNIT(*) SI_UNIT(.MILLI.,.METRE.) );
#5733 = ( NAMED_UNIT(*) PLANE_ANGLE_UNIT() SI_UNIT($,.RADIAN.) );
#5734 = ( NAMED_UNIT(*) SI_UNIT($,.STERADIAN.) SOLID_ANGLE_UNIT() );
#5735 = UNCERTAINTY_MEASURE_WITH_UNIT(LENGTH_MEASURE(1.E-07),#5732,
  'distance_accuracy_value','confusion accuracy');
#5736 = CONTEXT_DEPENDENT_SHAPE_REPRESENTATION(#5737,#5739);
#5737 = ( REPRESENTATION_RELATIONSHIP('','',#5677,#4902) 
REPRESENTATION_RELATIONSHIP_WITH_TRANSFORMATION(#5738) 
SHAPE_REPRESENTATION_RELATIONSHIP() );
#5738 = ITEM_DEFINED_TRANSFORMATION('','',#11,#4939);
#5739 = PRODUCT_DEFINITION_SHAPE('Placement','Placement of an item',
  #5740);
#5740 = NEXT_ASSEMBLY_USAGE_OCCURRENCE('13','Leads009','',#4897,#5672,$
  );
#5741 = PRODUCT_RELATED_PRODUCT_CATEGORY('part',$,(#5674));
#5742 = SHAPE_DEFINITION_REPRESENTATION(#5743,#5749);
#5743 = PRODUCT_DEFINITION_SHAPE('','',#5744);
#5744 = PRODUCT_DEFINITION('design','',#5745,#5748);
#5745 = PRODUCT_DEFINITION_FORMATION('','',#5746);
#5746 = PRODUCT('Leads010','Leads010','',(#5747));
#5747 = PRODUCT_CONTEXT('',#2,'mechanical');
#5748 = PRODUCT_DEFINITION_CONTEXT('part definition',#2,'design');
#5749 = ADVANCED_BREP_SHAPE_REPRESENTATION('',(#11,#5750),#5803);
#5750 = MANIFOLD_SOLID_BREP('',#5751);
#5751 = CLOSED_SHELL('',(#5752,#5785,#5794));
#5752 = ADVANCED_FACE('',(#5753),#5780,.T.);
#5753 = FACE_BOUND('',#5754,.T.);
#5754 = EDGE_LOOP('',(#5755,#5764,#5772,#5779));
#5755 = ORIENTED_EDGE('',*,*,#5756,.F.);
#5756 = EDGE_CURVE('',#5757,#5757,#5759,.T.);
#5757 = VERTEX_POINT('',#5758);
#5758 = CARTESIAN_POINT('',(25.6555,-6.257945143643E-17,0.1));
#5759 = CIRCLE('',#5760,0.2555);
#5760 = AXIS2_PLACEMENT_3D('',#5761,#5762,#5763);
#5761 = CARTESIAN_POINT('',(25.4,0.,0.1));
#5762 = DIRECTION('',(0.,0.,1.));
#5763 = DIRECTION('',(1.,0.,-0.));
#5764 = ORIENTED_EDGE('',*,*,#5765,.F.);
#5765 = EDGE_CURVE('',#5766,#5757,#5768,.T.);
#5766 = VERTEX_POINT('',#5767);
#5767 = CARTESIAN_POINT('',(25.6555,-6.257945143643E-17,-5.));
#5768 = LINE('',#5769,#5770);
#5769 = CARTESIAN_POINT('',(25.6555,-6.257945143643E-17,-5.));
#5770 = VECTOR('',#5771,1.);
#5771 = DIRECTION('',(0.,0.,1.));
#5772 = ORIENTED_EDGE('',*,*,#5773,.T.);
#5773 = EDGE_CURVE('',#5766,#5766,#5774,.T.);
#5774 = CIRCLE('',#5775,0.2555);
#5775 = AXIS2_PLACEMENT_3D('',#5776,#5777,#5778);
#5776 = CARTESIAN_POINT('',(25.4,0.,-5.));
#5777 = DIRECTION('',(0.,0.,1.));
#5778 = DIRECTION('',(1.,0.,-0.));
#5779 = ORIENTED_EDGE('',*,*,#5765,.T.);
#5780 = CYLINDRICAL_SURFACE('',#5781,0.2555);
#5781 = AXIS2_PLACEMENT_3D('',#5782,#5783,#5784);
#5782 = CARTESIAN_POINT('',(25.4,0.,-5.));
#5783 = DIRECTION('',(0.,0.,1.));
#5784 = DIRECTION('',(1.,0.,-0.));
#5785 = ADVANCED_FACE('',(#5786),#5789,.T.);
#5786 = FACE_BOUND('',#5787,.T.);
#5787 = EDGE_LOOP('',(#5788));
#5788 = ORIENTED_EDGE('',*,*,#5756,.T.);
#5789 = PLANE('',#5790);
#5790 = AXIS2_PLACEMENT_3D('',#5791,#5792,#5793);
#5791 = CARTESIAN_POINT('',(25.4,0.,0.1));
#5792 = DIRECTION('',(0.,0.,1.));
#5793 = DIRECTION('',(1.,0.,-0.));
#5794 = ADVANCED_FACE('',(#5795),#5798,.F.);
#5795 = FACE_BOUND('',#5796,.T.);
#5796 = EDGE_LOOP('',(#5797));
#5797 = ORIENTED_EDGE('',*,*,#5773,.F.);
#5798 = PLANE('',#5799);
#5799 = AXIS2_PLACEMENT_3D('',#5800,#5801,#5802);
#5800 = CARTESIAN_POINT('',(25.4,0.,-5.));
#5801 = DIRECTION('',(0.,0.,1.));
#5802 = DIRECTION('',(1.,0.,-0.));
#5803 = ( GEOMETRIC_REPRESENTATION_CONTEXT(3) 
GLOBAL_UNCERTAINTY_ASSIGNED_CONTEXT((#5807)) 
GLOBAL_UNIT_ASSIGNED_CONTEXT((#5804,#5805,#5806)) REPRESENTATION_CONTEXT
('Context #1','3D Context with UNIT and UNCERTAINTY') );
#5804 = ( LENGTH_UNIT() NAMED_UNIT(*) SI_UNIT(.MILLI.,.METRE.) );
#5805 = ( NAMED_UNIT(*) PLANE_ANGLE_UNIT() SI_UNIT($,.RADIAN.) );
#5806 = ( NAMED_UNIT(*) SI_UNIT($,.STERADIAN.) SOLID_ANGLE_UNIT() );
#5807 = UNCERTAINTY_MEASURE_WITH_UNIT(LENGTH_MEASURE(1.E-07),#5804,
  'distance_accuracy_value','confusion accuracy');
#5808 = CONTEXT_DEPENDENT_SHAPE_REPRESENTATION(#5809,#5811);
#5809 = ( REPRESENTATION_RELATIONSHIP('','',#5749,#4902) 
REPRESENTATION_RELATIONSHIP_WITH_TRANSFORMATION(#5810) 
SHAPE_REPRESENTATION_RELATIONSHIP() );
#5810 = ITEM_DEFINED_TRANSFORMATION('','',#11,#4943);
#5811 = PRODUCT_DEFINITION_SHAPE('Placement','Placement of an item',
  #5812);
#5812 = NEXT_ASSEMBLY_USAGE_OCCURRENCE('14','Leads010','',#4897,#5744,$
  );
#5813 = PRODUCT_RELATED_PRODUCT_CATEGORY('part',$,(#5746));
#5814 = SHAPE_DEFINITION_REPRESENTATION(#5815,#5821);
#5815 = PRODUCT_DEFINITION_SHAPE('','',#5816);
#5816 = PRODUCT_DEFINITION('design','',#5817,#5820);
#5817 = PRODUCT_DEFINITION_FORMATION('','',#5818);
#5818 = PRODUCT('Leads011','Leads011','',(#5819));
#5819 = PRODUCT_CONTEXT('',#2,'mechanical');
#5820 = PRODUCT_DEFINITION_CONTEXT('part definition',#2,'design');
#5821 = ADVANCED_BREP_SHAPE_REPRESENTATION('',(#11,#5822),#5875);
#5822 = MANIFOLD_SOLID_BREP('',#5823);
#5823 = CLOSED_SHELL('',(#5824,#5857,#5866));
#5824 = ADVANCED_FACE('',(#5825),#5852,.T.);
#5825 = FACE_BOUND('',#5826,.T.);
#5826 = EDGE_LOOP('',(#5827,#5836,#5844,#5851));
#5827 = ORIENTED_EDGE('',*,*,#5828,.F.);
#5828 = EDGE_CURVE('',#5829,#5829,#5831,.T.);
#5829 = VERTEX_POINT('',#5830);
#5830 = CARTESIAN_POINT('',(28.1955,-6.257945143643E-17,0.1));
#5831 = CIRCLE('',#5832,0.2555);
#5832 = AXIS2_PLACEMENT_3D('',#5833,#5834,#5835);
#5833 = CARTESIAN_POINT('',(27.94,0.,0.1));
#5834 = DIRECTION('',(0.,0.,1.));
#5835 = DIRECTION('',(1.,0.,-0.));
#5836 = ORIENTED_EDGE('',*,*,#5837,.F.);
#5837 = EDGE_CURVE('',#5838,#5829,#5840,.T.);
#5838 = VERTEX_POINT('',#5839);
#5839 = CARTESIAN_POINT('',(28.1955,-6.257945143643E-17,-5.));
#5840 = LINE('',#5841,#5842);
#5841 = CARTESIAN_POINT('',(28.1955,-6.257945143643E-17,-5.));
#5842 = VECTOR('',#5843,1.);
#5843 = DIRECTION('',(0.,0.,1.));
#5844 = ORIENTED_EDGE('',*,*,#5845,.T.);
#5845 = EDGE_CURVE('',#5838,#5838,#5846,.T.);
#5846 = CIRCLE('',#5847,0.2555);
#5847 = AXIS2_PLACEMENT_3D('',#5848,#5849,#5850);
#5848 = CARTESIAN_POINT('',(27.94,0.,-5.));
#5849 = DIRECTION('',(0.,0.,1.));
#5850 = DIRECTION('',(1.,0.,-0.));
#5851 = ORIENTED_EDGE('',*,*,#5837,.T.);
#5852 = CYLINDRICAL_SURFACE('',#5853,0.2555);
#5853 = AXIS2_PLACEMENT_3D('',#5854,#5855,#5856);
#5854 = CARTESIAN_POINT('',(27.94,0.,-5.));
#5855 = DIRECTION('',(0.,0.,1.));
#5856 = DIRECTION('',(1.,0.,-0.));
#5857 = ADVANCED_FACE('',(#5858),#5861,.T.);
#5858 = FACE_BOUND('',#5859,.T.);
#5859 = EDGE_LOOP('',(#5860));
#5860 = ORIENTED_EDGE('',*,*,#5828,.T.);
#5861 = PLANE('',#5862);
#5862 = AXIS2_PLACEMENT_3D('',#5863,#5864,#5865);
#5863 = CARTESIAN_POINT('',(27.94,0.,0.1));
#5864 = DIRECTION('',(0.,0.,1.));
#5865 = DIRECTION('',(1.,0.,-0.));
#5866 = ADVANCED_FACE('',(#5867),#5870,.F.);
#5867 = FACE_BOUND('',#5868,.T.);
#5868 = EDGE_LOOP('',(#5869));
#5869 = ORIENTED_EDGE('',*,*,#5845,.F.);
#5870 = PLANE('',#5871);
#5871 = AXIS2_PLACEMENT_3D('',#5872,#5873,#5874);
#5872 = CARTESIAN_POINT('',(27.94,0.,-5.));
#5873 = DIRECTION('',(0.,0.,1.));
#5874 = DIRECTION('',(1.,0.,-0.));
#5875 = ( GEOMETRIC_REPRESENTATION_CONTEXT(3) 
GLOBAL_UNCERTAINTY_ASSIGNED_CONTEXT((#5879)) 
GLOBAL_UNIT_ASSIGNED_CONTEXT((#5876,#5877,#5878)) REPRESENTATION_CONTEXT
('Context #1','3D Context with UNIT and UNCERTAINTY') );
#5876 = ( LENGTH_UNIT() NAMED_UNIT(*) SI_UNIT(.MILLI.,.METRE.) );
#5877 = ( NAMED_UNIT(*) PLANE_ANGLE_UNIT() SI_UNIT($,.RADIAN.) );
#5878 = ( NAMED_UNIT(*) SI_UNIT($,.STERADIAN.) SOLID_ANGLE_UNIT() );
#5879 = UNCERTAINTY_MEASURE_WITH_UNIT(LENGTH_MEASURE(1.E-07),#5876,
  'distance_accuracy_value','confusion accuracy');
#5880 = CONTEXT_DEPENDENT_SHAPE_REPRESENTATION(#5881,#5883);
#5881 = ( REPRESENTATION_RELATIONSHIP('','',#5821,#4902) 
REPRESENTATION_RELATIONSHIP_WITH_TRANSFORMATION(#5882) 
SHAPE_REPRESENTATION_RELATIONSHIP() );
#5882 = ITEM_DEFINED_TRANSFORMATION('','',#11,#4947);
#5883 = PRODUCT_DEFINITION_SHAPE('Placement','Placement of an item',
  #5884);
#5884 = NEXT_ASSEMBLY_USAGE_OCCURRENCE('15','Leads011','',#4897,#5816,$
  );
#5885 = PRODUCT_RELATED_PRODUCT_CATEGORY('part',$,(#5818));
#5886 = SHAPE_DEFINITION_REPRESENTATION(#5887,#5893);
#5887 = PRODUCT_DEFINITION_SHAPE('','',#5888);
#5888 = PRODUCT_DEFINITION('design','',#5889,#5892);
#5889 = PRODUCT_DEFINITION_FORMATION('','',#5890);
#5890 = PRODUCT('Leads012','Leads012','',(#5891));
#5891 = PRODUCT_CONTEXT('',#2,'mechanical');
#5892 = PRODUCT_DEFINITION_CONTEXT('part definition',#2,'design');
#5893 = ADVANCED_BREP_SHAPE_REPRESENTATION('',(#11,#5894),#5947);
#5894 = MANIFOLD_SOLID_BREP('',#5895);
#5895 = CLOSED_SHELL('',(#5896,#5929,#5938));
#5896 = ADVANCED_FACE('',(#5897),#5924,.T.);
#5897 = FACE_BOUND('',#5898,.T.);
#5898 = EDGE_LOOP('',(#5899,#5908,#5916,#5923));
#5899 = ORIENTED_EDGE('',*,*,#5900,.F.);
#5900 = EDGE_CURVE('',#5901,#5901,#5903,.T.);
#5901 = VERTEX_POINT('',#5902);
#5902 = CARTESIAN_POINT('',(30.7355,-6.257945143643E-17,0.1));
#5903 = CIRCLE('',#5904,0.2555);
#5904 = AXIS2_PLACEMENT_3D('',#5905,#5906,#5907);
#5905 = CARTESIAN_POINT('',(30.48,0.,0.1));
#5906 = DIRECTION('',(0.,0.,1.));
#5907 = DIRECTION('',(1.,0.,-0.));
#5908 = ORIENTED_EDGE('',*,*,#5909,.F.);
#5909 = EDGE_CURVE('',#5910,#5901,#5912,.T.);
#5910 = VERTEX_POINT('',#5911);
#5911 = CARTESIAN_POINT('',(30.7355,-6.257945143643E-17,-5.));
#5912 = LINE('',#5913,#5914);
#5913 = CARTESIAN_POINT('',(30.7355,-6.257945143643E-17,-5.));
#5914 = VECTOR('',#5915,1.);
#5915 = DIRECTION('',(0.,0.,1.));
#5916 = ORIENTED_EDGE('',*,*,#5917,.T.);
#5917 = EDGE_CURVE('',#5910,#5910,#5918,.T.);
#5918 = CIRCLE('',#5919,0.2555);
#5919 = AXIS2_PLACEMENT_3D('',#5920,#5921,#5922);
#5920 = CARTESIAN_POINT('',(30.48,0.,-5.));
#5921 = DIRECTION('',(0.,0.,1.));
#5922 = DIRECTION('',(1.,0.,-0.));
#5923 = ORIENTED_EDGE('',*,*,#5909,.T.);
#5924 = CYLINDRICAL_SURFACE('',#5925,0.2555);
#5925 = AXIS2_PLACEMENT_3D('',#5926,#5927,#5928);
#5926 = CARTESIAN_POINT('',(30.48,0.,-5.));
#5927 = DIRECTION('',(0.,0.,1.));
#5928 = DIRECTION('',(1.,0.,-0.));
#5929 = ADVANCED_FACE('',(#5930),#5933,.T.);
#5930 = FACE_BOUND('',#5931,.T.);
#5931 = EDGE_LOOP('',(#5932));
#5932 = ORIENTED_EDGE('',*,*,#5900,.T.);
#5933 = PLANE('',#5934);
#5934 = AXIS2_PLACEMENT_3D('',#5935,#5936,#5937);
#5935 = CARTESIAN_POINT('',(30.48,0.,0.1));
#5936 = DIRECTION('',(0.,0.,1.));
#5937 = DIRECTION('',(1.,0.,-0.));
#5938 = ADVANCED_FACE('',(#5939),#5942,.F.);
#5939 = FACE_BOUND('',#5940,.T.);
#5940 = EDGE_LOOP('',(#5941));
#5941 = ORIENTED_EDGE('',*,*,#5917,.F.);
#5942 = PLANE('',#5943);
#5943 = AXIS2_PLACEMENT_3D('',#5944,#5945,#5946);
#5944 = CARTESIAN_POINT('',(30.48,0.,-5.));
#5945 = DIRECTION('',(0.,0.,1.));
#5946 = DIRECTION('',(1.,0.,-0.));
#5947 = ( GEOMETRIC_REPRESENTATION_CONTEXT(3) 
GLOBAL_UNCERTAINTY_ASSIGNED_CONTEXT((#5951)) 
GLOBAL_UNIT_ASSIGNED_CONTEXT((#5948,#5949,#5950)) REPRESENTATION_CONTEXT
('Context #1','3D Context with UNIT and UNCERTAINTY') );
#5948 = ( LENGTH_UNIT() NAMED_UNIT(*) SI_UNIT(.MILLI.,.METRE.) );
#5949 = ( NAMED_UNIT(*) PLANE_ANGLE_UNIT() SI_UNIT($,.RADIAN.) );
#5950 = ( NAMED_UNIT(*) SI_UNIT($,.STERADIAN.) SOLID_ANGLE_UNIT() );
#5951 = UNCERTAINTY_MEASURE_WITH_UNIT(LENGTH_MEASURE(1.E-07),#5948,
  'distance_accuracy_value','confusion accuracy');
#5952 = CONTEXT_DEPENDENT_SHAPE_REPRESENTATION(#5953,#5955);
#5953 = ( REPRESENTATION_RELATIONSHIP('','',#5893,#4902) 
REPRESENTATION_RELATIONSHIP_WITH_TRANSFORMATION(#5954) 
SHAPE_REPRESENTATION_RELATIONSHIP() );
#5954 = ITEM_DEFINED_TRANSFORMATION('','',#11,#4951);
#5955 = PRODUCT_DEFINITION_SHAPE('Placement','Placement of an item',
  #5956);
#5956 = NEXT_ASSEMBLY_USAGE_OCCURRENCE('16','Leads012','',#4897,#5888,$
  );
#5957 = PRODUCT_RELATED_PRODUCT_CATEGORY('part',$,(#5890));
#5958 = SHAPE_DEFINITION_REPRESENTATION(#5959,#5965);
#5959 = PRODUCT_DEFINITION_SHAPE('','',#5960);
#5960 = PRODUCT_DEFINITION('design','',#5961,#5964);
#5961 = PRODUCT_DEFINITION_FORMATION('','',#5962);
#5962 = PRODUCT('Leads013','Leads013','',(#5963));
#5963 = PRODUCT_CONTEXT('',#2,'mechanical');
#5964 = PRODUCT_DEFINITION_CONTEXT('part definition',#2,'design');
#5965 = ADVANCED_BREP_SHAPE_REPRESENTATION('',(#11,#5966),#6019);
#5966 = MANIFOLD_SOLID_BREP('',#5967);
#5967 = CLOSED_SHELL('',(#5968,#6001,#6010));
#5968 = ADVANCED_FACE('',(#5969),#5996,.T.);
#5969 = FACE_BOUND('',#5970,.T.);
#5970 = EDGE_LOOP('',(#5971,#5980,#5988,#5995));
#5971 = ORIENTED_EDGE('',*,*,#5972,.F.);
#5972 = EDGE_CURVE('',#5973,#5973,#5975,.T.);
#5973 = VERTEX_POINT('',#5974);
#5974 = CARTESIAN_POINT('',(1.5255,-2.54,0.1));
#5975 = CIRCLE('',#5976,0.2555);
#5976 = AXIS2_PLACEMENT_3D('',#5977,#5978,#5979);
#5977 = CARTESIAN_POINT('',(1.27,-2.54,0.1));
#5978 = DIRECTION('',(0.,0.,1.));
#5979 = DIRECTION('',(1.,0.,-0.));
#5980 = ORIENTED_EDGE('',*,*,#5981,.F.);
#5981 = EDGE_CURVE('',#5982,#5973,#5984,.T.);
#5982 = VERTEX_POINT('',#5983);
#5983 = CARTESIAN_POINT('',(1.5255,-2.54,-5.));
#5984 = LINE('',#5985,#5986);
#5985 = CARTESIAN_POINT('',(1.5255,-2.54,-5.));
#5986 = VECTOR('',#5987,1.);
#5987 = DIRECTION('',(0.,0.,1.));
#5988 = ORIENTED_EDGE('',*,*,#5989,.T.);
#5989 = EDGE_CURVE('',#5982,#5982,#5990,.T.);
#5990 = CIRCLE('',#5991,0.2555);
#5991 = AXIS2_PLACEMENT_3D('',#5992,#5993,#5994);
#5992 = CARTESIAN_POINT('',(1.27,-2.54,-5.));
#5993 = DIRECTION('',(0.,0.,1.));
#5994 = DIRECTION('',(1.,0.,-0.));
#5995 = ORIENTED_EDGE('',*,*,#5981,.T.);
#5996 = CYLINDRICAL_SURFACE('',#5997,0.2555);
#5997 = AXIS2_PLACEMENT_3D('',#5998,#5999,#6000);
#5998 = CARTESIAN_POINT('',(1.27,-2.54,-5.));
#5999 = DIRECTION('',(0.,0.,1.));
#6000 = DIRECTION('',(1.,0.,-0.));
#6001 = ADVANCED_FACE('',(#6002),#6005,.T.);
#6002 = FACE_BOUND('',#6003,.T.);
#6003 = EDGE_LOOP('',(#6004));
#6004 = ORIENTED_EDGE('',*,*,#5972,.T.);
#6005 = PLANE('',#6006);
#6006 = AXIS2_PLACEMENT_3D('',#6007,#6008,#6009);
#6007 = CARTESIAN_POINT('',(1.27,-2.54,0.1));
#6008 = DIRECTION('',(0.,0.,1.));
#6009 = DIRECTION('',(1.,0.,-0.));
#6010 = ADVANCED_FACE('',(#6011),#6014,.F.);
#6011 = FACE_BOUND('',#6012,.T.);
#6012 = EDGE_LOOP('',(#6013));
#6013 = ORIENTED_EDGE('',*,*,#5989,.F.);
#6014 = PLANE('',#6015);
#6015 = AXIS2_PLACEMENT_3D('',#6016,#6017,#6018);
#6016 = CARTESIAN_POINT('',(1.27,-2.54,-5.));
#6017 = DIRECTION('',(0.,0.,1.));
#6018 = DIRECTION('',(1.,0.,-0.));
#6019 = ( GEOMETRIC_REPRESENTATION_CONTEXT(3) 
GLOBAL_UNCERTAINTY_ASSIGNED_CONTEXT((#6023)) 
GLOBAL_UNIT_ASSIGNED_CONTEXT((#6020,#6021,#6022)) REPRESENTATION_CONTEXT
('Context #1','3D Context with UNIT and UNCERTAINTY') );
#6020 = ( LENGTH_UNIT() NAMED_UNIT(*) SI_UNIT(.MILLI.,.METRE.) );
#6021 = ( NAMED_UNIT(*) PLANE_ANGLE_UNIT() SI_UNIT($,.RADIAN.) );
#6022 = ( NAMED_UNIT(*) SI_UNIT($,.STERADIAN.) SOLID_ANGLE_UNIT() );
#6023 = UNCERTAINTY_MEASURE_WITH_UNIT(LENGTH_MEASURE(1.E-07),#6020,
  'distance_accuracy_value','confusion accuracy');
#6024 = CONTEXT_DEPENDENT_SHAPE_REPRESENTATION(#6025,#6027);
#6025 = ( REPRESENTATION_RELATIONSHIP('','',#5965,#4902) 
REPRESENTATION_RELATIONSHIP_WITH_TRANSFORMATION(#6026) 
SHAPE_REPRESENTATION_RELATIONSHIP() );
#6026 = ITEM_DEFINED_TRANSFORMATION('','',#11,#4955);
#6027 = PRODUCT_DEFINITION_SHAPE('Placement','Placement of an item',
  #6028);
#6028 = NEXT_ASSEMBLY_USAGE_OCCURRENCE('17','Leads013','',#4897,#5960,$
  );
#6029 = PRODUCT_RELATED_PRODUCT_CATEGORY('part',$,(#5962));
#6030 = SHAPE_DEFINITION_REPRESENTATION(#6031,#6037);
#6031 = PRODUCT_DEFINITION_SHAPE('','',#6032);
#6032 = PRODUCT_DEFINITION('design','',#6033,#6036);
#6033 = PRODUCT_DEFINITION_FORMATION('','',#6034);
#6034 = PRODUCT('Leads014','Leads014','',(#6035));
#6035 = PRODUCT_CONTEXT('',#2,'mechanical');
#6036 = PRODUCT_DEFINITION_CONTEXT('part definition',#2,'design');
#6037 = ADVANCED_BREP_SHAPE_REPRESENTATION('',(#11,#6038),#6091);
#6038 = MANIFOLD_SOLID_BREP('',#6039);
#6039 = CLOSED_SHELL('',(#6040,#6073,#6082));
#6040 = ADVANCED_FACE('',(#6041),#6068,.T.);
#6041 = FACE_BOUND('',#6042,.T.);
#6042 = EDGE_LOOP('',(#6043,#6052,#6060,#6067));
#6043 = ORIENTED_EDGE('',*,*,#6044,.F.);
#6044 = EDGE_CURVE('',#6045,#6045,#6047,.T.);
#6045 = VERTEX_POINT('',#6046);
#6046 = CARTESIAN_POINT('',(4.0655,-2.54,0.1));
#6047 = CIRCLE('',#6048,0.2555);
#6048 = AXIS2_PLACEMENT_3D('',#6049,#6050,#6051);
#6049 = CARTESIAN_POINT('',(3.81,-2.54,0.1));
#6050 = DIRECTION('',(0.,0.,1.));
#6051 = DIRECTION('',(1.,0.,-0.));
#6052 = ORIENTED_EDGE('',*,*,#6053,.F.);
#6053 = EDGE_CURVE('',#6054,#6045,#6056,.T.);
#6054 = VERTEX_POINT('',#6055);
#6055 = CARTESIAN_POINT('',(4.0655,-2.54,-5.));
#6056 = LINE('',#6057,#6058);
#6057 = CARTESIAN_POINT('',(4.0655,-2.54,-5.));
#6058 = VECTOR('',#6059,1.);
#6059 = DIRECTION('',(0.,0.,1.));
#6060 = ORIENTED_EDGE('',*,*,#6061,.T.);
#6061 = EDGE_CURVE('',#6054,#6054,#6062,.T.);
#6062 = CIRCLE('',#6063,0.2555);
#6063 = AXIS2_PLACEMENT_3D('',#6064,#6065,#6066);
#6064 = CARTESIAN_POINT('',(3.81,-2.54,-5.));
#6065 = DIRECTION('',(0.,0.,1.));
#6066 = DIRECTION('',(1.,0.,-0.));
#6067 = ORIENTED_EDGE('',*,*,#6053,.T.);
#6068 = CYLINDRICAL_SURFACE('',#6069,0.2555);
#6069 = AXIS2_PLACEMENT_3D('',#6070,#6071,#6072);
#6070 = CARTESIAN_POINT('',(3.81,-2.54,-5.));
#6071 = DIRECTION('',(0.,0.,1.));
#6072 = DIRECTION('',(1.,0.,-0.));
#6073 = ADVANCED_FACE('',(#6074),#6077,.T.);
#6074 = FACE_BOUND('',#6075,.T.);
#6075 = EDGE_LOOP('',(#6076));
#6076 = ORIENTED_EDGE('',*,*,#6044,.T.);
#6077 = PLANE('',#6078);
#6078 = AXIS2_PLACEMENT_3D('',#6079,#6080,#6081);
#6079 = CARTESIAN_POINT('',(3.81,-2.54,0.1));
#6080 = DIRECTION('',(0.,0.,1.));
#6081 = DIRECTION('',(1.,0.,-0.));
#6082 = ADVANCED_FACE('',(#6083),#6086,.F.);
#6083 = FACE_BOUND('',#6084,.T.);
#6084 = EDGE_LOOP('',(#6085));
#6085 = ORIENTED_EDGE('',*,*,#6061,.F.);
#6086 = PLANE('',#6087);
#6087 = AXIS2_PLACEMENT_3D('',#6088,#6089,#6090);
#6088 = CARTESIAN_POINT('',(3.81,-2.54,-5.));
#6089 = DIRECTION('',(0.,0.,1.));
#6090 = DIRECTION('',(1.,0.,-0.));
#6091 = ( GEOMETRIC_REPRESENTATION_CONTEXT(3) 
GLOBAL_UNCERTAINTY_ASSIGNED_CONTEXT((#6095)) 
GLOBAL_UNIT_ASSIGNED_CONTEXT((#6092,#6093,#6094)) REPRESENTATION_CONTEXT
('Context #1','3D Context with UNIT and UNCERTAINTY') );
#6092 = ( LENGTH_UNIT() NAMED_UNIT(*) SI_UNIT(.MILLI.,.METRE.) );
#6093 = ( NAMED_UNIT(*) PLANE_ANGLE_UNIT() SI_UNIT($,.RADIAN.) );
#6094 = ( NAMED_UNIT(*) SI_UNIT($,.STERADIAN.) SOLID_ANGLE_UNIT() );
#6095 = UNCERTAINTY_MEASURE_WITH_UNIT(LENGTH_MEASURE(1.E-07),#6092,
  'distance_accuracy_value','confusion accuracy');
#6096 = CONTEXT_DEPENDENT_SHAPE_REPRESENTATION(#6097,#6099);
#6097 = ( REPRESENTATION_RELATIONSHIP('','',#6037,#4902) 
REPRESENTATION_RELATIONSHIP_WITH_TRANSFORMATION(#6098) 
SHAPE_REPRESENTATION_RELATIONSHIP() );
#6098 = ITEM_DEFINED_TRANSFORMATION('','',#11,#4959);
#6099 = PRODUCT_DEFINITION_SHAPE('Placement','Placement of an item',
  #6100);
#6100 = NEXT_ASSEMBLY_USAGE_OCCURRENCE('18','Leads014','',#4897,#6032,$
  );
#6101 = PRODUCT_RELATED_PRODUCT_CATEGORY('part',$,(#6034));
#6102 = SHAPE_DEFINITION_REPRESENTATION(#6103,#6109);
#6103 = PRODUCT_DEFINITION_SHAPE('','',#6104);
#6104 = PRODUCT_DEFINITION('design','',#6105,#6108);
#6105 = PRODUCT_DEFINITION_FORMATION('','',#6106);
#6106 = PRODUCT('Leads015','Leads015','',(#6107));
#6107 = PRODUCT_CONTEXT('',#2,'mechanical');
#6108 = PRODUCT_DEFINITION_CONTEXT('part definition',#2,'design');
#6109 = ADVANCED_BREP_SHAPE_REPRESENTATION('',(#11,#6110),#6163);
#6110 = MANIFOLD_SOLID_BREP('',#6111);
#6111 = CLOSED_SHELL('',(#6112,#6145,#6154));
#6112 = ADVANCED_FACE('',(#6113),#6140,.T.);
#6113 = FACE_BOUND('',#6114,.T.);
#6114 = EDGE_LOOP('',(#6115,#6124,#6132,#6139));
#6115 = ORIENTED_EDGE('',*,*,#6116,.F.);
#6116 = EDGE_CURVE('',#6117,#6117,#6119,.T.);
#6117 = VERTEX_POINT('',#6118);
#6118 = CARTESIAN_POINT('',(6.6055,-2.54,0.1));
#6119 = CIRCLE('',#6120,0.2555);
#6120 = AXIS2_PLACEMENT_3D('',#6121,#6122,#6123);
#6121 = CARTESIAN_POINT('',(6.35,-2.54,0.1));
#6122 = DIRECTION('',(0.,0.,1.));
#6123 = DIRECTION('',(1.,0.,-0.));
#6124 = ORIENTED_EDGE('',*,*,#6125,.F.);
#6125 = EDGE_CURVE('',#6126,#6117,#6128,.T.);
#6126 = VERTEX_POINT('',#6127);
#6127 = CARTESIAN_POINT('',(6.6055,-2.54,-5.));
#6128 = LINE('',#6129,#6130);
#6129 = CARTESIAN_POINT('',(6.6055,-2.54,-5.));
#6130 = VECTOR('',#6131,1.);
#6131 = DIRECTION('',(0.,0.,1.));
#6132 = ORIENTED_EDGE('',*,*,#6133,.T.);
#6133 = EDGE_CURVE('',#6126,#6126,#6134,.T.);
#6134 = CIRCLE('',#6135,0.2555);
#6135 = AXIS2_PLACEMENT_3D('',#6136,#6137,#6138);
#6136 = CARTESIAN_POINT('',(6.35,-2.54,-5.));
#6137 = DIRECTION('',(0.,0.,1.));
#6138 = DIRECTION('',(1.,0.,-0.));
#6139 = ORIENTED_EDGE('',*,*,#6125,.T.);
#6140 = CYLINDRICAL_SURFACE('',#6141,0.2555);
#6141 = AXIS2_PLACEMENT_3D('',#6142,#6143,#6144);
#6142 = CARTESIAN_POINT('',(6.35,-2.54,-5.));
#6143 = DIRECTION('',(0.,0.,1.));
#6144 = DIRECTION('',(1.,0.,-0.));
#6145 = ADVANCED_FACE('',(#6146),#6149,.T.);
#6146 = FACE_BOUND('',#6147,.T.);
#6147 = EDGE_LOOP('',(#6148));
#6148 = ORIENTED_EDGE('',*,*,#6116,.T.);
#6149 = PLANE('',#6150);
#6150 = AXIS2_PLACEMENT_3D('',#6151,#6152,#6153);
#6151 = CARTESIAN_POINT('',(6.35,-2.54,0.1));
#6152 = DIRECTION('',(0.,0.,1.));
#6153 = DIRECTION('',(1.,0.,-0.));
#6154 = ADVANCED_FACE('',(#6155),#6158,.F.);
#6155 = FACE_BOUND('',#6156,.T.);
#6156 = EDGE_LOOP('',(#6157));
#6157 = ORIENTED_EDGE('',*,*,#6133,.F.);
#6158 = PLANE('',#6159);
#6159 = AXIS2_PLACEMENT_3D('',#6160,#6161,#6162);
#6160 = CARTESIAN_POINT('',(6.35,-2.54,-5.));
#6161 = DIRECTION('',(0.,0.,1.));
#6162 = DIRECTION('',(1.,0.,-0.));
#6163 = ( GEOMETRIC_REPRESENTATION_CONTEXT(3) 
GLOBAL_UNCERTAINTY_ASSIGNED_CONTEXT((#6167)) 
GLOBAL_UNIT_ASSIGNED_CONTEXT((#6164,#6165,#6166)) REPRESENTATION_CONTEXT
('Context #1','3D Context with UNIT and UNCERTAINTY') );
#6164 = ( LENGTH_UNIT() NAMED_UNIT(*) SI_UNIT(.MILLI.,.METRE.) );
#6165 = ( NAMED_UNIT(*) PLANE_ANGLE_UNIT() SI_UNIT($,.RADIAN.) );
#6166 = ( NAMED_UNIT(*) SI_UNIT($,.STERADIAN.) SOLID_ANGLE_UNIT() );
#6167 = UNCERTAINTY_MEASURE_WITH_UNIT(LENGTH_MEASURE(1.E-07),#6164,
  'distance_accuracy_value','confusion accuracy');
#6168 = CONTEXT_DEPENDENT_SHAPE_REPRESENTATION(#6169,#6171);
#6169 = ( REPRESENTATION_RELATIONSHIP('','',#6109,#4902) 
REPRESENTATION_RELATIONSHIP_WITH_TRANSFORMATION(#6170) 
SHAPE_REPRESENTATION_RELATIONSHIP() );
#6170 = ITEM_DEFINED_TRANSFORMATION('','',#11,#4963);
#6171 = PRODUCT_DEFINITION_SHAPE('Placement','Placement of an item',
  #6172);
#6172 = NEXT_ASSEMBLY_USAGE_OCCURRENCE('19','Leads015','',#4897,#6104,$
  );
#6173 = PRODUCT_RELATED_PRODUCT_CATEGORY('part',$,(#6106));
#6174 = SHAPE_DEFINITION_REPRESENTATION(#6175,#6181);
#6175 = PRODUCT_DEFINITION_SHAPE('','',#6176);
#6176 = PRODUCT_DEFINITION('design','',#6177,#6180);
#6177 = PRODUCT_DEFINITION_FORMATION('','',#6178);
#6178 = PRODUCT('Leads016','Leads016','',(#6179));
#6179 = PRODUCT_CONTEXT('',#2,'mechanical');
#6180 = PRODUCT_DEFINITION_CONTEXT('part definition',#2,'design');
#6181 = ADVANCED_BREP_SHAPE_REPRESENTATION('',(#11,#6182),#6235);
#6182 = MANIFOLD_SOLID_BREP('',#6183);
#6183 = CLOSED_SHELL('',(#6184,#6217,#6226));
#6184 = ADVANCED_FACE('',(#6185),#6212,.T.);
#6185 = FACE_BOUND('',#6186,.T.);
#6186 = EDGE_LOOP('',(#6187,#6196,#6204,#6211));
#6187 = ORIENTED_EDGE('',*,*,#6188,.F.);
#6188 = EDGE_CURVE('',#6189,#6189,#6191,.T.);
#6189 = VERTEX_POINT('',#6190);
#6190 = CARTESIAN_POINT('',(9.1455,-2.54,0.1));
#6191 = CIRCLE('',#6192,0.2555);
#6192 = AXIS2_PLACEMENT_3D('',#6193,#6194,#6195);
#6193 = CARTESIAN_POINT('',(8.89,-2.54,0.1));
#6194 = DIRECTION('',(0.,0.,1.));
#6195 = DIRECTION('',(1.,0.,-0.));
#6196 = ORIENTED_EDGE('',*,*,#6197,.F.);
#6197 = EDGE_CURVE('',#6198,#6189,#6200,.T.);
#6198 = VERTEX_POINT('',#6199);
#6199 = CARTESIAN_POINT('',(9.1455,-2.54,-5.));
#6200 = LINE('',#6201,#6202);
#6201 = CARTESIAN_POINT('',(9.1455,-2.54,-5.));
#6202 = VECTOR('',#6203,1.);
#6203 = DIRECTION('',(0.,0.,1.));
#6204 = ORIENTED_EDGE('',*,*,#6205,.T.);
#6205 = EDGE_CURVE('',#6198,#6198,#6206,.T.);
#6206 = CIRCLE('',#6207,0.2555);
#6207 = AXIS2_PLACEMENT_3D('',#6208,#6209,#6210);
#6208 = CARTESIAN_POINT('',(8.89,-2.54,-5.));
#6209 = DIRECTION('',(0.,0.,1.));
#6210 = DIRECTION('',(1.,0.,-0.));
#6211 = ORIENTED_EDGE('',*,*,#6197,.T.);
#6212 = CYLINDRICAL_SURFACE('',#6213,0.2555);
#6213 = AXIS2_PLACEMENT_3D('',#6214,#6215,#6216);
#6214 = CARTESIAN_POINT('',(8.89,-2.54,-5.));
#6215 = DIRECTION('',(0.,0.,1.));
#6216 = DIRECTION('',(1.,0.,-0.));
#6217 = ADVANCED_FACE('',(#6218),#6221,.T.);
#6218 = FACE_BOUND('',#6219,.T.);
#6219 = EDGE_LOOP('',(#6220));
#6220 = ORIENTED_EDGE('',*,*,#6188,.T.);
#6221 = PLANE('',#6222);
#6222 = AXIS2_PLACEMENT_3D('',#6223,#6224,#6225);
#6223 = CARTESIAN_POINT('',(8.89,-2.54,0.1));
#6224 = DIRECTION('',(0.,0.,1.));
#6225 = DIRECTION('',(1.,0.,-0.));
#6226 = ADVANCED_FACE('',(#6227),#6230,.F.);
#6227 = FACE_BOUND('',#6228,.T.);
#6228 = EDGE_LOOP('',(#6229));
#6229 = ORIENTED_EDGE('',*,*,#6205,.F.);
#6230 = PLANE('',#6231);
#6231 = AXIS2_PLACEMENT_3D('',#6232,#6233,#6234);
#6232 = CARTESIAN_POINT('',(8.89,-2.54,-5.));
#6233 = DIRECTION('',(0.,0.,1.));
#6234 = DIRECTION('',(1.,0.,-0.));
#6235 = ( GEOMETRIC_REPRESENTATION_CONTEXT(3) 
GLOBAL_UNCERTAINTY_ASSIGNED_CONTEXT((#6239)) 
GLOBAL_UNIT_ASSIGNED_CONTEXT((#6236,#6237,#6238)) REPRESENTATION_CONTEXT
('Context #1','3D Context with UNIT and UNCERTAINTY') );
#6236 = ( LENGTH_UNIT() NAMED_UNIT(*) SI_UNIT(.MILLI.,.METRE.) );
#6237 = ( NAMED_UNIT(*) PLANE_ANGLE_UNIT() SI_UNIT($,.RADIAN.) );
#6238 = ( NAMED_UNIT(*) SI_UNIT($,.STERADIAN.) SOLID_ANGLE_UNIT() );
#6239 = UNCERTAINTY_MEASURE_WITH_UNIT(LENGTH_MEASURE(1.E-07),#6236,
  'distance_accuracy_value','confusion accuracy');
#6240 = CONTEXT_DEPENDENT_SHAPE_REPRESENTATION(#6241,#6243);
#6241 = ( REPRESENTATION_RELATIONSHIP('','',#6181,#4902) 
REPRESENTATION_RELATIONSHIP_WITH_TRANSFORMATION(#6242) 
SHAPE_REPRESENTATION_RELATIONSHIP() );
#6242 = ITEM_DEFINED_TRANSFORMATION('','',#11,#4967);
#6243 = PRODUCT_DEFINITION_SHAPE('Placement','Placement of an item',
  #6244);
#6244 = NEXT_ASSEMBLY_USAGE_OCCURRENCE('20','Leads016','',#4897,#6176,$
  );
#6245 = PRODUCT_RELATED_PRODUCT_CATEGORY('part',$,(#6178));
#6246 = SHAPE_DEFINITION_REPRESENTATION(#6247,#6253);
#6247 = PRODUCT_DEFINITION_SHAPE('','',#6248);
#6248 = PRODUCT_DEFINITION('design','',#6249,#6252);
#6249 = PRODUCT_DEFINITION_FORMATION('','',#6250);
#6250 = PRODUCT('Leads017','Leads017','',(#6251));
#6251 = PRODUCT_CONTEXT('',#2,'mechanical');
#6252 = PRODUCT_DEFINITION_CONTEXT('part definition',#2,'design');
#6253 = ADVANCED_BREP_SHAPE_REPRESENTATION('',(#11,#6254),#6307);
#6254 = MANIFOLD_SOLID_BREP('',#6255);
#6255 = CLOSED_SHELL('',(#6256,#6289,#6298));
#6256 = ADVANCED_FACE('',(#6257),#6284,.T.);
#6257 = FACE_BOUND('',#6258,.T.);
#6258 = EDGE_LOOP('',(#6259,#6268,#6276,#6283));
#6259 = ORIENTED_EDGE('',*,*,#6260,.F.);
#6260 = EDGE_CURVE('',#6261,#6261,#6263,.T.);
#6261 = VERTEX_POINT('',#6262);
#6262 = CARTESIAN_POINT('',(11.6855,-2.54,0.1));
#6263 = CIRCLE('',#6264,0.2555);
#6264 = AXIS2_PLACEMENT_3D('',#6265,#6266,#6267);
#6265 = CARTESIAN_POINT('',(11.43,-2.54,0.1));
#6266 = DIRECTION('',(0.,0.,1.));
#6267 = DIRECTION('',(1.,0.,-0.));
#6268 = ORIENTED_EDGE('',*,*,#6269,.F.);
#6269 = EDGE_CURVE('',#6270,#6261,#6272,.T.);
#6270 = VERTEX_POINT('',#6271);
#6271 = CARTESIAN_POINT('',(11.6855,-2.54,-5.));
#6272 = LINE('',#6273,#6274);
#6273 = CARTESIAN_POINT('',(11.6855,-2.54,-5.));
#6274 = VECTOR('',#6275,1.);
#6275 = DIRECTION('',(0.,0.,1.));
#6276 = ORIENTED_EDGE('',*,*,#6277,.T.);
#6277 = EDGE_CURVE('',#6270,#6270,#6278,.T.);
#6278 = CIRCLE('',#6279,0.2555);
#6279 = AXIS2_PLACEMENT_3D('',#6280,#6281,#6282);
#6280 = CARTESIAN_POINT('',(11.43,-2.54,-5.));
#6281 = DIRECTION('',(0.,0.,1.));
#6282 = DIRECTION('',(1.,0.,-0.));
#6283 = ORIENTED_EDGE('',*,*,#6269,.T.);
#6284 = CYLINDRICAL_SURFACE('',#6285,0.2555);
#6285 = AXIS2_PLACEMENT_3D('',#6286,#6287,#6288);
#6286 = CARTESIAN_POINT('',(11.43,-2.54,-5.));
#6287 = DIRECTION('',(0.,0.,1.));
#6288 = DIRECTION('',(1.,0.,-0.));
#6289 = ADVANCED_FACE('',(#6290),#6293,.T.);
#6290 = FACE_BOUND('',#6291,.T.);
#6291 = EDGE_LOOP('',(#6292));
#6292 = ORIENTED_EDGE('',*,*,#6260,.T.);
#6293 = PLANE('',#6294);
#6294 = AXIS2_PLACEMENT_3D('',#6295,#6296,#6297);
#6295 = CARTESIAN_POINT('',(11.43,-2.54,0.1));
#6296 = DIRECTION('',(0.,0.,1.));
#6297 = DIRECTION('',(1.,0.,-0.));
#6298 = ADVANCED_FACE('',(#6299),#6302,.F.);
#6299 = FACE_BOUND('',#6300,.T.);
#6300 = EDGE_LOOP('',(#6301));
#6301 = ORIENTED_EDGE('',*,*,#6277,.F.);
#6302 = PLANE('',#6303);
#6303 = AXIS2_PLACEMENT_3D('',#6304,#6305,#6306);
#6304 = CARTESIAN_POINT('',(11.43,-2.54,-5.));
#6305 = DIRECTION('',(0.,0.,1.));
#6306 = DIRECTION('',(1.,0.,-0.));
#6307 = ( GEOMETRIC_REPRESENTATION_CONTEXT(3) 
GLOBAL_UNCERTAINTY_ASSIGNED_CONTEXT((#6311)) 
GLOBAL_UNIT_ASSIGNED_CONTEXT((#6308,#6309,#6310)) REPRESENTATION_CONTEXT
('Context #1','3D Context with UNIT and UNCERTAINTY') );
#6308 = ( LENGTH_UNIT() NAMED_UNIT(*) SI_UNIT(.MILLI.,.METRE.) );
#6309 = ( NAMED_UNIT(*) PLANE_ANGLE_UNIT() SI_UNIT($,.RADIAN.) );
#6310 = ( NAMED_UNIT(*) SI_UNIT($,.STERADIAN.) SOLID_ANGLE_UNIT() );
#6311 = UNCERTAINTY_MEASURE_WITH_UNIT(LENGTH_MEASURE(1.E-07),#6308,
  'distance_accuracy_value','confusion accuracy');
#6312 = CONTEXT_DEPENDENT_SHAPE_REPRESENTATION(#6313,#6315);
#6313 = ( REPRESENTATION_RELATIONSHIP('','',#6253,#4902) 
REPRESENTATION_RELATIONSHIP_WITH_TRANSFORMATION(#6314) 
SHAPE_REPRESENTATION_RELATIONSHIP() );
#6314 = ITEM_DEFINED_TRANSFORMATION('','',#11,#4971);
#6315 = PRODUCT_DEFINITION_SHAPE('Placement','Placement of an item',
  #6316);
#6316 = NEXT_ASSEMBLY_USAGE_OCCURRENCE('21','Leads017','',#4897,#6248,$
  );
#6317 = PRODUCT_RELATED_PRODUCT_CATEGORY('part',$,(#6250));
#6318 = SHAPE_DEFINITION_REPRESENTATION(#6319,#6325);
#6319 = PRODUCT_DEFINITION_SHAPE('','',#6320);
#6320 = PRODUCT_DEFINITION('design','',#6321,#6324);
#6321 = PRODUCT_DEFINITION_FORMATION('','',#6322);
#6322 = PRODUCT('Leads018','Leads018','',(#6323));
#6323 = PRODUCT_CONTEXT('',#2,'mechanical');
#6324 = PRODUCT_DEFINITION_CONTEXT('part definition',#2,'design');
#6325 = ADVANCED_BREP_SHAPE_REPRESENTATION('',(#11,#6326),#6379);
#6326 = MANIFOLD_SOLID_BREP('',#6327);
#6327 = CLOSED_SHELL('',(#6328,#6361,#6370));
#6328 = ADVANCED_FACE('',(#6329),#6356,.T.);
#6329 = FACE_BOUND('',#6330,.T.);
#6330 = EDGE_LOOP('',(#6331,#6340,#6348,#6355));
#6331 = ORIENTED_EDGE('',*,*,#6332,.F.);
#6332 = EDGE_CURVE('',#6333,#6333,#6335,.T.);
#6333 = VERTEX_POINT('',#6334);
#6334 = CARTESIAN_POINT('',(14.2255,-2.54,0.1));
#6335 = CIRCLE('',#6336,0.2555);
#6336 = AXIS2_PLACEMENT_3D('',#6337,#6338,#6339);
#6337 = CARTESIAN_POINT('',(13.97,-2.54,0.1));
#6338 = DIRECTION('',(0.,0.,1.));
#6339 = DIRECTION('',(1.,0.,-0.));
#6340 = ORIENTED_EDGE('',*,*,#6341,.F.);
#6341 = EDGE_CURVE('',#6342,#6333,#6344,.T.);
#6342 = VERTEX_POINT('',#6343);
#6343 = CARTESIAN_POINT('',(14.2255,-2.54,-5.));
#6344 = LINE('',#6345,#6346);
#6345 = CARTESIAN_POINT('',(14.2255,-2.54,-5.));
#6346 = VECTOR('',#6347,1.);
#6347 = DIRECTION('',(0.,0.,1.));
#6348 = ORIENTED_EDGE('',*,*,#6349,.T.);
#6349 = EDGE_CURVE('',#6342,#6342,#6350,.T.);
#6350 = CIRCLE('',#6351,0.2555);
#6351 = AXIS2_PLACEMENT_3D('',#6352,#6353,#6354);
#6352 = CARTESIAN_POINT('',(13.97,-2.54,-5.));
#6353 = DIRECTION('',(0.,0.,1.));
#6354 = DIRECTION('',(1.,0.,-0.));
#6355 = ORIENTED_EDGE('',*,*,#6341,.T.);
#6356 = CYLINDRICAL_SURFACE('',#6357,0.2555);
#6357 = AXIS2_PLACEMENT_3D('',#6358,#6359,#6360);
#6358 = CARTESIAN_POINT('',(13.97,-2.54,-5.));
#6359 = DIRECTION('',(0.,0.,1.));
#6360 = DIRECTION('',(1.,0.,-0.));
#6361 = ADVANCED_FACE('',(#6362),#6365,.T.);
#6362 = FACE_BOUND('',#6363,.T.);
#6363 = EDGE_LOOP('',(#6364));
#6364 = ORIENTED_EDGE('',*,*,#6332,.T.);
#6365 = PLANE('',#6366);
#6366 = AXIS2_PLACEMENT_3D('',#6367,#6368,#6369);
#6367 = CARTESIAN_POINT('',(13.97,-2.54,0.1));
#6368 = DIRECTION('',(0.,0.,1.));
#6369 = DIRECTION('',(1.,0.,-0.));
#6370 = ADVANCED_FACE('',(#6371),#6374,.F.);
#6371 = FACE_BOUND('',#6372,.T.);
#6372 = EDGE_LOOP('',(#6373));
#6373 = ORIENTED_EDGE('',*,*,#6349,.F.);
#6374 = PLANE('',#6375);
#6375 = AXIS2_PLACEMENT_3D('',#6376,#6377,#6378);
#6376 = CARTESIAN_POINT('',(13.97,-2.54,-5.));
#6377 = DIRECTION('',(0.,0.,1.));
#6378 = DIRECTION('',(1.,0.,-0.));
#6379 = ( GEOMETRIC_REPRESENTATION_CONTEXT(3) 
GLOBAL_UNCERTAINTY_ASSIGNED_CONTEXT((#6383)) 
GLOBAL_UNIT_ASSIGNED_CONTEXT((#6380,#6381,#6382)) REPRESENTATION_CONTEXT
('Context #1','3D Context with UNIT and UNCERTAINTY') );
#6380 = ( LENGTH_UNIT() NAMED_UNIT(*) SI_UNIT(.MILLI.,.METRE.) );
#6381 = ( NAMED_UNIT(*) PLANE_ANGLE_UNIT() SI_UNIT($,.RADIAN.) );
#6382 = ( NAMED_UNIT(*) SI_UNIT($,.STERADIAN.) SOLID_ANGLE_UNIT() );
#6383 = UNCERTAINTY_MEASURE_WITH_UNIT(LENGTH_MEASURE(1.E-07),#6380,
  'distance_accuracy_value','confusion accuracy');
#6384 = CONTEXT_DEPENDENT_SHAPE_REPRESENTATION(#6385,#6387);
#6385 = ( REPRESENTATION_RELATIONSHIP('','',#6325,#4902) 
REPRESENTATION_RELATIONSHIP_WITH_TRANSFORMATION(#6386) 
SHAPE_REPRESENTATION_RELATIONSHIP() );
#6386 = ITEM_DEFINED_TRANSFORMATION('','',#11,#4975);
#6387 = PRODUCT_DEFINITION_SHAPE('Placement','Placement of an item',
  #6388);
#6388 = NEXT_ASSEMBLY_USAGE_OCCURRENCE('22','Leads018','',#4897,#6320,$
  );
#6389 = PRODUCT_RELATED_PRODUCT_CATEGORY('part',$,(#6322));
#6390 = SHAPE_DEFINITION_REPRESENTATION(#6391,#6397);
#6391 = PRODUCT_DEFINITION_SHAPE('','',#6392);
#6392 = PRODUCT_DEFINITION('design','',#6393,#6396);
#6393 = PRODUCT_DEFINITION_FORMATION('','',#6394);
#6394 = PRODUCT('Leads019','Leads019','',(#6395));
#6395 = PRODUCT_CONTEXT('',#2,'mechanical');
#6396 = PRODUCT_DEFINITION_CONTEXT('part definition',#2,'design');
#6397 = ADVANCED_BREP_SHAPE_REPRESENTATION('',(#11,#6398),#6451);
#6398 = MANIFOLD_SOLID_BREP('',#6399);
#6399 = CLOSED_SHELL('',(#6400,#6433,#6442));
#6400 = ADVANCED_FACE('',(#6401),#6428,.T.);
#6401 = FACE_BOUND('',#6402,.T.);
#6402 = EDGE_LOOP('',(#6403,#6412,#6420,#6427));
#6403 = ORIENTED_EDGE('',*,*,#6404,.F.);
#6404 = EDGE_CURVE('',#6405,#6405,#6407,.T.);
#6405 = VERTEX_POINT('',#6406);
#6406 = CARTESIAN_POINT('',(16.7655,-2.54,0.1));
#6407 = CIRCLE('',#6408,0.2555);
#6408 = AXIS2_PLACEMENT_3D('',#6409,#6410,#6411);
#6409 = CARTESIAN_POINT('',(16.51,-2.54,0.1));
#6410 = DIRECTION('',(0.,0.,1.));
#6411 = DIRECTION('',(1.,0.,-0.));
#6412 = ORIENTED_EDGE('',*,*,#6413,.F.);
#6413 = EDGE_CURVE('',#6414,#6405,#6416,.T.);
#6414 = VERTEX_POINT('',#6415);
#6415 = CARTESIAN_POINT('',(16.7655,-2.54,-5.));
#6416 = LINE('',#6417,#6418);
#6417 = CARTESIAN_POINT('',(16.7655,-2.54,-5.));
#6418 = VECTOR('',#6419,1.);
#6419 = DIRECTION('',(0.,0.,1.));
#6420 = ORIENTED_EDGE('',*,*,#6421,.T.);
#6421 = EDGE_CURVE('',#6414,#6414,#6422,.T.);
#6422 = CIRCLE('',#6423,0.2555);
#6423 = AXIS2_PLACEMENT_3D('',#6424,#6425,#6426);
#6424 = CARTESIAN_POINT('',(16.51,-2.54,-5.));
#6425 = DIRECTION('',(0.,0.,1.));
#6426 = DIRECTION('',(1.,0.,-0.));
#6427 = ORIENTED_EDGE('',*,*,#6413,.T.);
#6428 = CYLINDRICAL_SURFACE('',#6429,0.2555);
#6429 = AXIS2_PLACEMENT_3D('',#6430,#6431,#6432);
#6430 = CARTESIAN_POINT('',(16.51,-2.54,-5.));
#6431 = DIRECTION('',(0.,0.,1.));
#6432 = DIRECTION('',(1.,0.,-0.));
#6433 = ADVANCED_FACE('',(#6434),#6437,.T.);
#6434 = FACE_BOUND('',#6435,.T.);
#6435 = EDGE_LOOP('',(#6436));
#6436 = ORIENTED_EDGE('',*,*,#6404,.T.);
#6437 = PLANE('',#6438);
#6438 = AXIS2_PLACEMENT_3D('',#6439,#6440,#6441);
#6439 = CARTESIAN_POINT('',(16.51,-2.54,0.1));
#6440 = DIRECTION('',(0.,0.,1.));
#6441 = DIRECTION('',(1.,0.,-0.));
#6442 = ADVANCED_FACE('',(#6443),#6446,.F.);
#6443 = FACE_BOUND('',#6444,.T.);
#6444 = EDGE_LOOP('',(#6445));
#6445 = ORIENTED_EDGE('',*,*,#6421,.F.);
#6446 = PLANE('',#6447);
#6447 = AXIS2_PLACEMENT_3D('',#6448,#6449,#6450);
#6448 = CARTESIAN_POINT('',(16.51,-2.54,-5.));
#6449 = DIRECTION('',(0.,0.,1.));
#6450 = DIRECTION('',(1.,0.,-0.));
#6451 = ( GEOMETRIC_REPRESENTATION_CONTEXT(3) 
GLOBAL_UNCERTAINTY_ASSIGNED_CONTEXT((#6455)) 
GLOBAL_UNIT_ASSIGNED_CONTEXT((#6452,#6453,#6454)) REPRESENTATION_CONTEXT
('Context #1','3D Context with UNIT and UNCERTAINTY') );
#6452 = ( LENGTH_UNIT() NAMED_UNIT(*) SI_UNIT(.MILLI.,.METRE.) );
#6453 = ( NAMED_UNIT(*) PLANE_ANGLE_UNIT() SI_UNIT($,.RADIAN.) );
#6454 = ( NAMED_UNIT(*) SI_UNIT($,.STERADIAN.) SOLID_ANGLE_UNIT() );
#6455 = UNCERTAINTY_MEASURE_WITH_UNIT(LENGTH_MEASURE(1.E-07),#6452,
  'distance_accuracy_value','confusion accuracy');
#6456 = CONTEXT_DEPENDENT_SHAPE_REPRESENTATION(#6457,#6459);
#6457 = ( REPRESENTATION_RELATIONSHIP('','',#6397,#4902) 
REPRESENTATION_RELATIONSHIP_WITH_TRANSFORMATION(#6458) 
SHAPE_REPRESENTATION_RELATIONSHIP() );
#6458 = ITEM_DEFINED_TRANSFORMATION('','',#11,#4979);
#6459 = PRODUCT_DEFINITION_SHAPE('Placement','Placement of an item',
  #6460);
#6460 = NEXT_ASSEMBLY_USAGE_OCCURRENCE('23','Leads019','',#4897,#6392,$
  );
#6461 = PRODUCT_RELATED_PRODUCT_CATEGORY('part',$,(#6394));
#6462 = SHAPE_DEFINITION_REPRESENTATION(#6463,#6469);
#6463 = PRODUCT_DEFINITION_SHAPE('','',#6464);
#6464 = PRODUCT_DEFINITION('design','',#6465,#6468);
#6465 = PRODUCT_DEFINITION_FORMATION('','',#6466);
#6466 = PRODUCT('Leads020','Leads020','',(#6467));
#6467 = PRODUCT_CONTEXT('',#2,'mechanical');
#6468 = PRODUCT_DEFINITION_CONTEXT('part definition',#2,'design');
#6469 = ADVANCED_BREP_SHAPE_REPRESENTATION('',(#11,#6470),#6523);
#6470 = MANIFOLD_SOLID_BREP('',#6471);
#6471 = CLOSED_SHELL('',(#6472,#6505,#6514));
#6472 = ADVANCED_FACE('',(#6473),#6500,.T.);
#6473 = FACE_BOUND('',#6474,.T.);
#6474 = EDGE_LOOP('',(#6475,#6484,#6492,#6499));
#6475 = ORIENTED_EDGE('',*,*,#6476,.F.);
#6476 = EDGE_CURVE('',#6477,#6477,#6479,.T.);
#6477 = VERTEX_POINT('',#6478);
#6478 = CARTESIAN_POINT('',(19.3055,-2.54,0.1));
#6479 = CIRCLE('',#6480,0.2555);
#6480 = AXIS2_PLACEMENT_3D('',#6481,#6482,#6483);
#6481 = CARTESIAN_POINT('',(19.05,-2.54,0.1));
#6482 = DIRECTION('',(0.,0.,1.));
#6483 = DIRECTION('',(1.,0.,-0.));
#6484 = ORIENTED_EDGE('',*,*,#6485,.F.);
#6485 = EDGE_CURVE('',#6486,#6477,#6488,.T.);
#6486 = VERTEX_POINT('',#6487);
#6487 = CARTESIAN_POINT('',(19.3055,-2.54,-5.));
#6488 = LINE('',#6489,#6490);
#6489 = CARTESIAN_POINT('',(19.3055,-2.54,-5.));
#6490 = VECTOR('',#6491,1.);
#6491 = DIRECTION('',(0.,0.,1.));
#6492 = ORIENTED_EDGE('',*,*,#6493,.T.);
#6493 = EDGE_CURVE('',#6486,#6486,#6494,.T.);
#6494 = CIRCLE('',#6495,0.2555);
#6495 = AXIS2_PLACEMENT_3D('',#6496,#6497,#6498);
#6496 = CARTESIAN_POINT('',(19.05,-2.54,-5.));
#6497 = DIRECTION('',(0.,0.,1.));
#6498 = DIRECTION('',(1.,0.,-0.));
#6499 = ORIENTED_EDGE('',*,*,#6485,.T.);
#6500 = CYLINDRICAL_SURFACE('',#6501,0.2555);
#6501 = AXIS2_PLACEMENT_3D('',#6502,#6503,#6504);
#6502 = CARTESIAN_POINT('',(19.05,-2.54,-5.));
#6503 = DIRECTION('',(0.,0.,1.));
#6504 = DIRECTION('',(1.,0.,-0.));
#6505 = ADVANCED_FACE('',(#6506),#6509,.T.);
#6506 = FACE_BOUND('',#6507,.T.);
#6507 = EDGE_LOOP('',(#6508));
#6508 = ORIENTED_EDGE('',*,*,#6476,.T.);
#6509 = PLANE('',#6510);
#6510 = AXIS2_PLACEMENT_3D('',#6511,#6512,#6513);
#6511 = CARTESIAN_POINT('',(19.05,-2.54,0.1));
#6512 = DIRECTION('',(0.,0.,1.));
#6513 = DIRECTION('',(1.,0.,-0.));
#6514 = ADVANCED_FACE('',(#6515),#6518,.F.);
#6515 = FACE_BOUND('',#6516,.T.);
#6516 = EDGE_LOOP('',(#6517));
#6517 = ORIENTED_EDGE('',*,*,#6493,.F.);
#6518 = PLANE('',#6519);
#6519 = AXIS2_PLACEMENT_3D('',#6520,#6521,#6522);
#6520 = CARTESIAN_POINT('',(19.05,-2.54,-5.));
#6521 = DIRECTION('',(0.,0.,1.));
#6522 = DIRECTION('',(1.,0.,-0.));
#6523 = ( GEOMETRIC_REPRESENTATION_CONTEXT(3) 
GLOBAL_UNCERTAINTY_ASSIGNED_CONTEXT((#6527)) 
GLOBAL_UNIT_ASSIGNED_CONTEXT((#6524,#6525,#6526)) REPRESENTATION_CONTEXT
('Context #1','3D Context with UNIT and UNCERTAINTY') );
#6524 = ( LENGTH_UNIT() NAMED_UNIT(*) SI_UNIT(.MILLI.,.METRE.) );
#6525 = ( NAMED_UNIT(*) PLANE_ANGLE_UNIT() SI_UNIT($,.RADIAN.) );
#6526 = ( NAMED_UNIT(*) SI_UNIT($,.STERADIAN.) SOLID_ANGLE_UNIT() );
#6527 = UNCERTAINTY_MEASURE_WITH_UNIT(LENGTH_MEASURE(1.E-07),#6524,
  'distance_accuracy_value','confusion accuracy');
#6528 = CONTEXT_DEPENDENT_SHAPE_REPRESENTATION(#6529,#6531);
#6529 = ( REPRESENTATION_RELATIONSHIP('','',#6469,#4902) 
REPRESENTATION_RELATIONSHIP_WITH_TRANSFORMATION(#6530) 
SHAPE_REPRESENTATION_RELATIONSHIP() );
#6530 = ITEM_DEFINED_TRANSFORMATION('','',#11,#4983);
#6531 = PRODUCT_DEFINITION_SHAPE('Placement','Placement of an item',
  #6532);
#6532 = NEXT_ASSEMBLY_USAGE_OCCURRENCE('24','Leads020','',#4897,#6464,$
  );
#6533 = PRODUCT_RELATED_PRODUCT_CATEGORY('part',$,(#6466));
#6534 = SHAPE_DEFINITION_REPRESENTATION(#6535,#6541);
#6535 = PRODUCT_DEFINITION_SHAPE('','',#6536);
#6536 = PRODUCT_DEFINITION('design','',#6537,#6540);
#6537 = PRODUCT_DEFINITION_FORMATION('','',#6538);
#6538 = PRODUCT('Leads021','Leads021','',(#6539));
#6539 = PRODUCT_CONTEXT('',#2,'mechanical');
#6540 = PRODUCT_DEFINITION_CONTEXT('part definition',#2,'design');
#6541 = ADVANCED_BREP_SHAPE_REPRESENTATION('',(#11,#6542),#6595);
#6542 = MANIFOLD_SOLID_BREP('',#6543);
#6543 = CLOSED_SHELL('',(#6544,#6577,#6586));
#6544 = ADVANCED_FACE('',(#6545),#6572,.T.);
#6545 = FACE_BOUND('',#6546,.T.);
#6546 = EDGE_LOOP('',(#6547,#6556,#6564,#6571));
#6547 = ORIENTED_EDGE('',*,*,#6548,.F.);
#6548 = EDGE_CURVE('',#6549,#6549,#6551,.T.);
#6549 = VERTEX_POINT('',#6550);
#6550 = CARTESIAN_POINT('',(21.8455,-2.54,0.1));
#6551 = CIRCLE('',#6552,0.2555);
#6552 = AXIS2_PLACEMENT_3D('',#6553,#6554,#6555);
#6553 = CARTESIAN_POINT('',(21.59,-2.54,0.1));
#6554 = DIRECTION('',(0.,0.,1.));
#6555 = DIRECTION('',(1.,0.,-0.));
#6556 = ORIENTED_EDGE('',*,*,#6557,.F.);
#6557 = EDGE_CURVE('',#6558,#6549,#6560,.T.);
#6558 = VERTEX_POINT('',#6559);
#6559 = CARTESIAN_POINT('',(21.8455,-2.54,-5.));
#6560 = LINE('',#6561,#6562);
#6561 = CARTESIAN_POINT('',(21.8455,-2.54,-5.));
#6562 = VECTOR('',#6563,1.);
#6563 = DIRECTION('',(0.,0.,1.));
#6564 = ORIENTED_EDGE('',*,*,#6565,.T.);
#6565 = EDGE_CURVE('',#6558,#6558,#6566,.T.);
#6566 = CIRCLE('',#6567,0.2555);
#6567 = AXIS2_PLACEMENT_3D('',#6568,#6569,#6570);
#6568 = CARTESIAN_POINT('',(21.59,-2.54,-5.));
#6569 = DIRECTION('',(0.,0.,1.));
#6570 = DIRECTION('',(1.,0.,-0.));
#6571 = ORIENTED_EDGE('',*,*,#6557,.T.);
#6572 = CYLINDRICAL_SURFACE('',#6573,0.2555);
#6573 = AXIS2_PLACEMENT_3D('',#6574,#6575,#6576);
#6574 = CARTESIAN_POINT('',(21.59,-2.54,-5.));
#6575 = DIRECTION('',(0.,0.,1.));
#6576 = DIRECTION('',(1.,0.,-0.));
#6577 = ADVANCED_FACE('',(#6578),#6581,.T.);
#6578 = FACE_BOUND('',#6579,.T.);
#6579 = EDGE_LOOP('',(#6580));
#6580 = ORIENTED_EDGE('',*,*,#6548,.T.);
#6581 = PLANE('',#6582);
#6582 = AXIS2_PLACEMENT_3D('',#6583,#6584,#6585);
#6583 = CARTESIAN_POINT('',(21.59,-2.54,0.1));
#6584 = DIRECTION('',(0.,0.,1.));
#6585 = DIRECTION('',(1.,0.,-0.));
#6586 = ADVANCED_FACE('',(#6587),#6590,.F.);
#6587 = FACE_BOUND('',#6588,.T.);
#6588 = EDGE_LOOP('',(#6589));
#6589 = ORIENTED_EDGE('',*,*,#6565,.F.);
#6590 = PLANE('',#6591);
#6591 = AXIS2_PLACEMENT_3D('',#6592,#6593,#6594);
#6592 = CARTESIAN_POINT('',(21.59,-2.54,-5.));
#6593 = DIRECTION('',(0.,0.,1.));
#6594 = DIRECTION('',(1.,0.,-0.));
#6595 = ( GEOMETRIC_REPRESENTATION_CONTEXT(3) 
GLOBAL_UNCERTAINTY_ASSIGNED_CONTEXT((#6599)) 
GLOBAL_UNIT_ASSIGNED_CONTEXT((#6596,#6597,#6598)) REPRESENTATION_CONTEXT
('Context #1','3D Context with UNIT and UNCERTAINTY') );
#6596 = ( LENGTH_UNIT() NAMED_UNIT(*) SI_UNIT(.MILLI.,.METRE.) );
#6597 = ( NAMED_UNIT(*) PLANE_ANGLE_UNIT() SI_UNIT($,.RADIAN.) );
#6598 = ( NAMED_UNIT(*) SI_UNIT($,.STERADIAN.) SOLID_ANGLE_UNIT() );
#6599 = UNCERTAINTY_MEASURE_WITH_UNIT(LENGTH_MEASURE(1.E-07),#6596,
  'distance_accuracy_value','confusion accuracy');
#6600 = CONTEXT_DEPENDENT_SHAPE_REPRESENTATION(#6601,#6603);
#6601 = ( REPRESENTATION_RELATIONSHIP('','',#6541,#4902) 
REPRESENTATION_RELATIONSHIP_WITH_TRANSFORMATION(#6602) 
SHAPE_REPRESENTATION_RELATIONSHIP() );
#6602 = ITEM_DEFINED_TRANSFORMATION('','',#11,#4987);
#6603 = PRODUCT_DEFINITION_SHAPE('Placement','Placement of an item',
  #6604);
#6604 = NEXT_ASSEMBLY_USAGE_OCCURRENCE('25','Leads021','',#4897,#6536,$
  );
#6605 = PRODUCT_RELATED_PRODUCT_CATEGORY('part',$,(#6538));
#6606 = SHAPE_DEFINITION_REPRESENTATION(#6607,#6613);
#6607 = PRODUCT_DEFINITION_SHAPE('','',#6608);
#6608 = PRODUCT_DEFINITION('design','',#6609,#6612);
#6609 = PRODUCT_DEFINITION_FORMATION('','',#6610);
#6610 = PRODUCT('Leads022','Leads022','',(#6611));
#6611 = PRODUCT_CONTEXT('',#2,'mechanical');
#6612 = PRODUCT_DEFINITION_CONTEXT('part definition',#2,'design');
#6613 = ADVANCED_BREP_SHAPE_REPRESENTATION('',(#11,#6614),#6667);
#6614 = MANIFOLD_SOLID_BREP('',#6615);
#6615 = CLOSED_SHELL('',(#6616,#6649,#6658));
#6616 = ADVANCED_FACE('',(#6617),#6644,.T.);
#6617 = FACE_BOUND('',#6618,.T.);
#6618 = EDGE_LOOP('',(#6619,#6628,#6636,#6643));
#6619 = ORIENTED_EDGE('',*,*,#6620,.F.);
#6620 = EDGE_CURVE('',#6621,#6621,#6623,.T.);
#6621 = VERTEX_POINT('',#6622);
#6622 = CARTESIAN_POINT('',(24.3855,-2.54,0.1));
#6623 = CIRCLE('',#6624,0.2555);
#6624 = AXIS2_PLACEMENT_3D('',#6625,#6626,#6627);
#6625 = CARTESIAN_POINT('',(24.13,-2.54,0.1));
#6626 = DIRECTION('',(0.,0.,1.));
#6627 = DIRECTION('',(1.,0.,-0.));
#6628 = ORIENTED_EDGE('',*,*,#6629,.F.);
#6629 = EDGE_CURVE('',#6630,#6621,#6632,.T.);
#6630 = VERTEX_POINT('',#6631);
#6631 = CARTESIAN_POINT('',(24.3855,-2.54,-5.));
#6632 = LINE('',#6633,#6634);
#6633 = CARTESIAN_POINT('',(24.3855,-2.54,-5.));
#6634 = VECTOR('',#6635,1.);
#6635 = DIRECTION('',(0.,0.,1.));
#6636 = ORIENTED_EDGE('',*,*,#6637,.T.);
#6637 = EDGE_CURVE('',#6630,#6630,#6638,.T.);
#6638 = CIRCLE('',#6639,0.2555);
#6639 = AXIS2_PLACEMENT_3D('',#6640,#6641,#6642);
#6640 = CARTESIAN_POINT('',(24.13,-2.54,-5.));
#6641 = DIRECTION('',(0.,0.,1.));
#6642 = DIRECTION('',(1.,0.,-0.));
#6643 = ORIENTED_EDGE('',*,*,#6629,.T.);
#6644 = CYLINDRICAL_SURFACE('',#6645,0.2555);
#6645 = AXIS2_PLACEMENT_3D('',#6646,#6647,#6648);
#6646 = CARTESIAN_POINT('',(24.13,-2.54,-5.));
#6647 = DIRECTION('',(0.,0.,1.));
#6648 = DIRECTION('',(1.,0.,-0.));
#6649 = ADVANCED_FACE('',(#6650),#6653,.T.);
#6650 = FACE_BOUND('',#6651,.T.);
#6651 = EDGE_LOOP('',(#6652));
#6652 = ORIENTED_EDGE('',*,*,#6620,.T.);
#6653 = PLANE('',#6654);
#6654 = AXIS2_PLACEMENT_3D('',#6655,#6656,#6657);
#6655 = CARTESIAN_POINT('',(24.13,-2.54,0.1));
#6656 = DIRECTION('',(0.,0.,1.));
#6657 = DIRECTION('',(1.,0.,-0.));
#6658 = ADVANCED_FACE('',(#6659),#6662,.F.);
#6659 = FACE_BOUND('',#6660,.T.);
#6660 = EDGE_LOOP('',(#6661));
#6661 = ORIENTED_EDGE('',*,*,#6637,.F.);
#6662 = PLANE('',#6663);
#6663 = AXIS2_PLACEMENT_3D('',#6664,#6665,#6666);
#6664 = CARTESIAN_POINT('',(24.13,-2.54,-5.));
#6665 = DIRECTION('',(0.,0.,1.));
#6666 = DIRECTION('',(1.,0.,-0.));
#6667 = ( GEOMETRIC_REPRESENTATION_CONTEXT(3) 
GLOBAL_UNCERTAINTY_ASSIGNED_CONTEXT((#6671)) 
GLOBAL_UNIT_ASSIGNED_CONTEXT((#6668,#6669,#6670)) REPRESENTATION_CONTEXT
('Context #1','3D Context with UNIT and UNCERTAINTY') );
#6668 = ( LENGTH_UNIT() NAMED_UNIT(*) SI_UNIT(.MILLI.,.METRE.) );
#6669 = ( NAMED_UNIT(*) PLANE_ANGLE_UNIT() SI_UNIT($,.RADIAN.) );
#6670 = ( NAMED_UNIT(*) SI_UNIT($,.STERADIAN.) SOLID_ANGLE_UNIT() );
#6671 = UNCERTAINTY_MEASURE_WITH_UNIT(LENGTH_MEASURE(1.E-07),#6668,
  'distance_accuracy_value','confusion accuracy');
#6672 = CONTEXT_DEPENDENT_SHAPE_REPRESENTATION(#6673,#6675);
#6673 = ( REPRESENTATION_RELATIONSHIP('','',#6613,#4902) 
REPRESENTATION_RELATIONSHIP_WITH_TRANSFORMATION(#6674) 
SHAPE_REPRESENTATION_RELATIONSHIP() );
#6674 = ITEM_DEFINED_TRANSFORMATION('','',#11,#4991);
#6675 = PRODUCT_DEFINITION_SHAPE('Placement','Placement of an item',
  #6676);
#6676 = NEXT_ASSEMBLY_USAGE_OCCURRENCE('26','Leads022','',#4897,#6608,$
  );
#6677 = PRODUCT_RELATED_PRODUCT_CATEGORY('part',$,(#6610));
#6678 = SHAPE_DEFINITION_REPRESENTATION(#6679,#6685);
#6679 = PRODUCT_DEFINITION_SHAPE('','',#6680);
#6680 = PRODUCT_DEFINITION('design','',#6681,#6684);
#6681 = PRODUCT_DEFINITION_FORMATION('','',#6682);
#6682 = PRODUCT('Leads023','Leads023','',(#6683));
#6683 = PRODUCT_CONTEXT('',#2,'mechanical');
#6684 = PRODUCT_DEFINITION_CONTEXT('part definition',#2,'design');
#6685 = ADVANCED_BREP_SHAPE_REPRESENTATION('',(#11,#6686),#6739);
#6686 = MANIFOLD_SOLID_BREP('',#6687);
#6687 = CLOSED_SHELL('',(#6688,#6721,#6730));
#6688 = ADVANCED_FACE('',(#6689),#6716,.T.);
#6689 = FACE_BOUND('',#6690,.T.);
#6690 = EDGE_LOOP('',(#6691,#6700,#6708,#6715));
#6691 = ORIENTED_EDGE('',*,*,#6692,.F.);
#6692 = EDGE_CURVE('',#6693,#6693,#6695,.T.);
#6693 = VERTEX_POINT('',#6694);
#6694 = CARTESIAN_POINT('',(26.9255,-2.54,0.1));
#6695 = CIRCLE('',#6696,0.2555);
#6696 = AXIS2_PLACEMENT_3D('',#6697,#6698,#6699);
#6697 = CARTESIAN_POINT('',(26.67,-2.54,0.1));
#6698 = DIRECTION('',(0.,0.,1.));
#6699 = DIRECTION('',(1.,0.,-0.));
#6700 = ORIENTED_EDGE('',*,*,#6701,.F.);
#6701 = EDGE_CURVE('',#6702,#6693,#6704,.T.);
#6702 = VERTEX_POINT('',#6703);
#6703 = CARTESIAN_POINT('',(26.9255,-2.54,-5.));
#6704 = LINE('',#6705,#6706);
#6705 = CARTESIAN_POINT('',(26.9255,-2.54,-5.));
#6706 = VECTOR('',#6707,1.);
#6707 = DIRECTION('',(0.,0.,1.));
#6708 = ORIENTED_EDGE('',*,*,#6709,.T.);
#6709 = EDGE_CURVE('',#6702,#6702,#6710,.T.);
#6710 = CIRCLE('',#6711,0.2555);
#6711 = AXIS2_PLACEMENT_3D('',#6712,#6713,#6714);
#6712 = CARTESIAN_POINT('',(26.67,-2.54,-5.));
#6713 = DIRECTION('',(0.,0.,1.));
#6714 = DIRECTION('',(1.,0.,-0.));
#6715 = ORIENTED_EDGE('',*,*,#6701,.T.);
#6716 = CYLINDRICAL_SURFACE('',#6717,0.2555);
#6717 = AXIS2_PLACEMENT_3D('',#6718,#6719,#6720);
#6718 = CARTESIAN_POINT('',(26.67,-2.54,-5.));
#6719 = DIRECTION('',(0.,0.,1.));
#6720 = DIRECTION('',(1.,0.,-0.));
#6721 = ADVANCED_FACE('',(#6722),#6725,.T.);
#6722 = FACE_BOUND('',#6723,.T.);
#6723 = EDGE_LOOP('',(#6724));
#6724 = ORIENTED_EDGE('',*,*,#6692,.T.);
#6725 = PLANE('',#6726);
#6726 = AXIS2_PLACEMENT_3D('',#6727,#6728,#6729);
#6727 = CARTESIAN_POINT('',(26.67,-2.54,0.1));
#6728 = DIRECTION('',(0.,0.,1.));
#6729 = DIRECTION('',(1.,0.,-0.));
#6730 = ADVANCED_FACE('',(#6731),#6734,.F.);
#6731 = FACE_BOUND('',#6732,.T.);
#6732 = EDGE_LOOP('',(#6733));
#6733 = ORIENTED_EDGE('',*,*,#6709,.F.);
#6734 = PLANE('',#6735);
#6735 = AXIS2_PLACEMENT_3D('',#6736,#6737,#6738);
#6736 = CARTESIAN_POINT('',(26.67,-2.54,-5.));
#6737 = DIRECTION('',(0.,0.,1.));
#6738 = DIRECTION('',(1.,0.,-0.));
#6739 = ( GEOMETRIC_REPRESENTATION_CONTEXT(3) 
GLOBAL_UNCERTAINTY_ASSIGNED_CONTEXT((#6743)) 
GLOBAL_UNIT_ASSIGNED_CONTEXT((#6740,#6741,#6742)) REPRESENTATION_CONTEXT
('Context #1','3D Context with UNIT and UNCERTAINTY') );
#6740 = ( LENGTH_UNIT() NAMED_UNIT(*) SI_UNIT(.MILLI.,.METRE.) );
#6741 = ( NAMED_UNIT(*) PLANE_ANGLE_UNIT() SI_UNIT($,.RADIAN.) );
#6742 = ( NAMED_UNIT(*) SI_UNIT($,.STERADIAN.) SOLID_ANGLE_UNIT() );
#6743 = UNCERTAINTY_MEASURE_WITH_UNIT(LENGTH_MEASURE(1.E-07),#6740,
  'distance_accuracy_value','confusion accuracy');
#6744 = CONTEXT_DEPENDENT_SHAPE_REPRESENTATION(#6745,#6747);
#6745 = ( REPRESENTATION_RELATIONSHIP('','',#6685,#4902) 
REPRESENTATION_RELATIONSHIP_WITH_TRANSFORMATION(#6746) 
SHAPE_REPRESENTATION_RELATIONSHIP() );
#6746 = ITEM_DEFINED_TRANSFORMATION('','',#11,#4995);
#6747 = PRODUCT_DEFINITION_SHAPE('Placement','Placement of an item',
  #6748);
#6748 = NEXT_ASSEMBLY_USAGE_OCCURRENCE('27','Leads023','',#4897,#6680,$
  );
#6749 = PRODUCT_RELATED_PRODUCT_CATEGORY('part',$,(#6682));
#6750 = SHAPE_DEFINITION_REPRESENTATION(#6751,#6757);
#6751 = PRODUCT_DEFINITION_SHAPE('','',#6752);
#6752 = PRODUCT_DEFINITION('design','',#6753,#6756);
#6753 = PRODUCT_DEFINITION_FORMATION('','',#6754);
#6754 = PRODUCT('Leads024','Leads024','',(#6755));
#6755 = PRODUCT_CONTEXT('',#2,'mechanical');
#6756 = PRODUCT_DEFINITION_CONTEXT('part definition',#2,'design');
#6757 = ADVANCED_BREP_SHAPE_REPRESENTATION('',(#11,#6758),#6811);
#6758 = MANIFOLD_SOLID_BREP('',#6759);
#6759 = CLOSED_SHELL('',(#6760,#6793,#6802));
#6760 = ADVANCED_FACE('',(#6761),#6788,.T.);
#6761 = FACE_BOUND('',#6762,.T.);
#6762 = EDGE_LOOP('',(#6763,#6772,#6780,#6787));
#6763 = ORIENTED_EDGE('',*,*,#6764,.F.);
#6764 = EDGE_CURVE('',#6765,#6765,#6767,.T.);
#6765 = VERTEX_POINT('',#6766);
#6766 = CARTESIAN_POINT('',(29.4655,-2.54,0.1));
#6767 = CIRCLE('',#6768,0.2555);
#6768 = AXIS2_PLACEMENT_3D('',#6769,#6770,#6771);
#6769 = CARTESIAN_POINT('',(29.21,-2.54,0.1));
#6770 = DIRECTION('',(0.,0.,1.));
#6771 = DIRECTION('',(1.,0.,-0.));
#6772 = ORIENTED_EDGE('',*,*,#6773,.F.);
#6773 = EDGE_CURVE('',#6774,#6765,#6776,.T.);
#6774 = VERTEX_POINT('',#6775);
#6775 = CARTESIAN_POINT('',(29.4655,-2.54,-5.));
#6776 = LINE('',#6777,#6778);
#6777 = CARTESIAN_POINT('',(29.4655,-2.54,-5.));
#6778 = VECTOR('',#6779,1.);
#6779 = DIRECTION('',(0.,0.,1.));
#6780 = ORIENTED_EDGE('',*,*,#6781,.T.);
#6781 = EDGE_CURVE('',#6774,#6774,#6782,.T.);
#6782 = CIRCLE('',#6783,0.2555);
#6783 = AXIS2_PLACEMENT_3D('',#6784,#6785,#6786);
#6784 = CARTESIAN_POINT('',(29.21,-2.54,-5.));
#6785 = DIRECTION('',(0.,0.,1.));
#6786 = DIRECTION('',(1.,0.,-0.));
#6787 = ORIENTED_EDGE('',*,*,#6773,.T.);
#6788 = CYLINDRICAL_SURFACE('',#6789,0.2555);
#6789 = AXIS2_PLACEMENT_3D('',#6790,#6791,#6792);
#6790 = CARTESIAN_POINT('',(29.21,-2.54,-5.));
#6791 = DIRECTION('',(0.,0.,1.));
#6792 = DIRECTION('',(1.,0.,-0.));
#6793 = ADVANCED_FACE('',(#6794),#6797,.T.);
#6794 = FACE_BOUND('',#6795,.T.);
#6795 = EDGE_LOOP('',(#6796));
#6796 = ORIENTED_EDGE('',*,*,#6764,.T.);
#6797 = PLANE('',#6798);
#6798 = AXIS2_PLACEMENT_3D('',#6799,#6800,#6801);
#6799 = CARTESIAN_POINT('',(29.21,-2.54,0.1));
#6800 = DIRECTION('',(0.,0.,1.));
#6801 = DIRECTION('',(1.,0.,-0.));
#6802 = ADVANCED_FACE('',(#6803),#6806,.F.);
#6803 = FACE_BOUND('',#6804,.T.);
#6804 = EDGE_LOOP('',(#6805));
#6805 = ORIENTED_EDGE('',*,*,#6781,.F.);
#6806 = PLANE('',#6807);
#6807 = AXIS2_PLACEMENT_3D('',#6808,#6809,#6810);
#6808 = CARTESIAN_POINT('',(29.21,-2.54,-5.));
#6809 = DIRECTION('',(0.,0.,1.));
#6810 = DIRECTION('',(1.,0.,-0.));
#6811 = ( GEOMETRIC_REPRESENTATION_CONTEXT(3) 
GLOBAL_UNCERTAINTY_ASSIGNED_CONTEXT((#6815)) 
GLOBAL_UNIT_ASSIGNED_CONTEXT((#6812,#6813,#6814)) REPRESENTATION_CONTEXT
('Context #1','3D Context with UNIT and UNCERTAINTY') );
#6812 = ( LENGTH_UNIT() NAMED_UNIT(*) SI_UNIT(.MILLI.,.METRE.) );
#6813 = ( NAMED_UNIT(*) PLANE_ANGLE_UNIT() SI_UNIT($,.RADIAN.) );
#6814 = ( NAMED_UNIT(*) SI_UNIT($,.STERADIAN.) SOLID_ANGLE_UNIT() );
#6815 = UNCERTAINTY_MEASURE_WITH_UNIT(LENGTH_MEASURE(1.E-07),#6812,
  'distance_accuracy_value','confusion accuracy');
#6816 = CONTEXT_DEPENDENT_SHAPE_REPRESENTATION(#6817,#6819);
#6817 = ( REPRESENTATION_RELATIONSHIP('','',#6757,#4902) 
REPRESENTATION_RELATIONSHIP_WITH_TRANSFORMATION(#6818) 
SHAPE_REPRESENTATION_RELATIONSHIP() );
#6818 = ITEM_DEFINED_TRANSFORMATION('','',#11,#4999);
#6819 = PRODUCT_DEFINITION_SHAPE('Placement','Placement of an item',
  #6820);
#6820 = NEXT_ASSEMBLY_USAGE_OCCURRENCE('28','Leads024','',#4897,#6752,$
  );
#6821 = PRODUCT_RELATED_PRODUCT_CATEGORY('part',$,(#6754));
#6822 = SHAPE_DEFINITION_REPRESENTATION(#6823,#6829);
#6823 = PRODUCT_DEFINITION_SHAPE('','',#6824);
#6824 = PRODUCT_DEFINITION('design','',#6825,#6828);
#6825 = PRODUCT_DEFINITION_FORMATION('','',#6826);
#6826 = PRODUCT('Leads025','Leads025','',(#6827));
#6827 = PRODUCT_CONTEXT('',#2,'mechanical');
#6828 = PRODUCT_DEFINITION_CONTEXT('part definition',#2,'design');
#6829 = ADVANCED_BREP_SHAPE_REPRESENTATION('',(#11,#6830),#6883);
#6830 = MANIFOLD_SOLID_BREP('',#6831);
#6831 = CLOSED_SHELL('',(#6832,#6865,#6874));
#6832 = ADVANCED_FACE('',(#6833),#6860,.T.);
#6833 = FACE_BOUND('',#6834,.T.);
#6834 = EDGE_LOOP('',(#6835,#6844,#6852,#6859));
#6835 = ORIENTED_EDGE('',*,*,#6836,.F.);
#6836 = EDGE_CURVE('',#6837,#6837,#6839,.T.);
#6837 = VERTEX_POINT('',#6838);
#6838 = CARTESIAN_POINT('',(-2.59,-1.27,0.1));
#6839 = CIRCLE('',#6840,1.22);
#6840 = AXIS2_PLACEMENT_3D('',#6841,#6842,#6843);
#6841 = CARTESIAN_POINT('',(-3.81,-1.27,0.1));
#6842 = DIRECTION('',(0.,0.,1.));
#6843 = DIRECTION('',(1.,0.,-0.));
#6844 = ORIENTED_EDGE('',*,*,#6845,.F.);
#6845 = EDGE_CURVE('',#6846,#6837,#6848,.T.);
#6846 = VERTEX_POINT('',#6847);
#6847 = CARTESIAN_POINT('',(-2.59,-1.27,-5.));
#6848 = LINE('',#6849,#6850);
#6849 = CARTESIAN_POINT('',(-2.59,-1.27,-5.));
#6850 = VECTOR('',#6851,1.);
#6851 = DIRECTION('',(0.,0.,1.));
#6852 = ORIENTED_EDGE('',*,*,#6853,.T.);
#6853 = EDGE_CURVE('',#6846,#6846,#6854,.T.);
#6854 = CIRCLE('',#6855,1.22);
#6855 = AXIS2_PLACEMENT_3D('',#6856,#6857,#6858);
#6856 = CARTESIAN_POINT('',(-3.81,-1.27,-5.));
#6857 = DIRECTION('',(0.,0.,1.));
#6858 = DIRECTION('',(1.,0.,-0.));
#6859 = ORIENTED_EDGE('',*,*,#6845,.T.);
#6860 = CYLINDRICAL_SURFACE('',#6861,1.22);
#6861 = AXIS2_PLACEMENT_3D('',#6862,#6863,#6864);
#6862 = CARTESIAN_POINT('',(-3.81,-1.27,-5.));
#6863 = DIRECTION('',(0.,0.,1.));
#6864 = DIRECTION('',(1.,0.,-0.));
#6865 = ADVANCED_FACE('',(#6866),#6869,.T.);
#6866 = FACE_BOUND('',#6867,.T.);
#6867 = EDGE_LOOP('',(#6868));
#6868 = ORIENTED_EDGE('',*,*,#6836,.T.);
#6869 = PLANE('',#6870);
#6870 = AXIS2_PLACEMENT_3D('',#6871,#6872,#6873);
#6871 = CARTESIAN_POINT('',(-3.81,-1.27,0.1));
#6872 = DIRECTION('',(0.,0.,1.));
#6873 = DIRECTION('',(1.,0.,-0.));
#6874 = ADVANCED_FACE('',(#6875),#6878,.F.);
#6875 = FACE_BOUND('',#6876,.T.);
#6876 = EDGE_LOOP('',(#6877));
#6877 = ORIENTED_EDGE('',*,*,#6853,.F.);
#6878 = PLANE('',#6879);
#6879 = AXIS2_PLACEMENT_3D('',#6880,#6881,#6882);
#6880 = CARTESIAN_POINT('',(-3.81,-1.27,-5.));
#6881 = DIRECTION('',(0.,0.,1.));
#6882 = DIRECTION('',(1.,0.,-0.));
#6883 = ( GEOMETRIC_REPRESENTATION_CONTEXT(3) 
GLOBAL_UNCERTAINTY_ASSIGNED_CONTEXT((#6887)) 
GLOBAL_UNIT_ASSIGNED_CONTEXT((#6884,#6885,#6886)) REPRESENTATION_CONTEXT
('Context #1','3D Context with UNIT and UNCERTAINTY') );
#6884 = ( LENGTH_UNIT() NAMED_UNIT(*) SI_UNIT(.MILLI.,.METRE.) );
#6885 = ( NAMED_UNIT(*) PLANE_ANGLE_UNIT() SI_UNIT($,.RADIAN.) );
#6886 = ( NAMED_UNIT(*) SI_UNIT($,.STERADIAN.) SOLID_ANGLE_UNIT() );
#6887 = UNCERTAINTY_MEASURE_WITH_UNIT(LENGTH_MEASURE(1.E-07),#6884,
  'distance_accuracy_value','confusion accuracy');
#6888 = CONTEXT_DEPENDENT_SHAPE_REPRESENTATION(#6889,#6891);
#6889 = ( REPRESENTATION_RELATIONSHIP('','',#6829,#4902) 
REPRESENTATION_RELATIONSHIP_WITH_TRANSFORMATION(#6890) 
SHAPE_REPRESENTATION_RELATIONSHIP() );
#6890 = ITEM_DEFINED_TRANSFORMATION('','',#11,#5003);
#6891 = PRODUCT_DEFINITION_SHAPE('Placement','Placement of an item',
  #6892);
#6892 = NEXT_ASSEMBLY_USAGE_OCCURRENCE('29','Leads025','',#4897,#6824,$
  );
#6893 = PRODUCT_RELATED_PRODUCT_CATEGORY('part',$,(#6826));
#6894 = SHAPE_DEFINITION_REPRESENTATION(#6895,#6901);
#6895 = PRODUCT_DEFINITION_SHAPE('','',#6896);
#6896 = PRODUCT_DEFINITION('design','',#6897,#6900);
#6897 = PRODUCT_DEFINITION_FORMATION('','',#6898);
#6898 = PRODUCT('Leads026','Leads026','',(#6899));
#6899 = PRODUCT_CONTEXT('',#2,'mechanical');
#6900 = PRODUCT_DEFINITION_CONTEXT('part definition',#2,'design');
#6901 = ADVANCED_BREP_SHAPE_REPRESENTATION('',(#11,#6902),#6955);
#6902 = MANIFOLD_SOLID_BREP('',#6903);
#6903 = CLOSED_SHELL('',(#6904,#6937,#6946));
#6904 = ADVANCED_FACE('',(#6905),#6932,.T.);
#6905 = FACE_BOUND('',#6906,.T.);
#6906 = EDGE_LOOP('',(#6907,#6916,#6924,#6931));
#6907 = ORIENTED_EDGE('',*,*,#6908,.F.);
#6908 = EDGE_CURVE('',#6909,#6909,#6911,.T.);
#6909 = VERTEX_POINT('',#6910);
#6910 = CARTESIAN_POINT('',(35.51,-1.27,0.1));
#6911 = CIRCLE('',#6912,1.22);
#6912 = AXIS2_PLACEMENT_3D('',#6913,#6914,#6915);
#6913 = CARTESIAN_POINT('',(34.29,-1.27,0.1));
#6914 = DIRECTION('',(0.,0.,1.));
#6915 = DIRECTION('',(1.,0.,-0.));
#6916 = ORIENTED_EDGE('',*,*,#6917,.F.);
#6917 = EDGE_CURVE('',#6918,#6909,#6920,.T.);
#6918 = VERTEX_POINT('',#6919);
#6919 = CARTESIAN_POINT('',(35.51,-1.27,-5.));
#6920 = LINE('',#6921,#6922);
#6921 = CARTESIAN_POINT('',(35.51,-1.27,-5.));
#6922 = VECTOR('',#6923,1.);
#6923 = DIRECTION('',(0.,0.,1.));
#6924 = ORIENTED_EDGE('',*,*,#6925,.T.);
#6925 = EDGE_CURVE('',#6918,#6918,#6926,.T.);
#6926 = CIRCLE('',#6927,1.22);
#6927 = AXIS2_PLACEMENT_3D('',#6928,#6929,#6930);
#6928 = CARTESIAN_POINT('',(34.29,-1.27,-5.));
#6929 = DIRECTION('',(0.,0.,1.));
#6930 = DIRECTION('',(1.,0.,-0.));
#6931 = ORIENTED_EDGE('',*,*,#6917,.T.);
#6932 = CYLINDRICAL_SURFACE('',#6933,1.22);
#6933 = AXIS2_PLACEMENT_3D('',#6934,#6935,#6936);
#6934 = CARTESIAN_POINT('',(34.29,-1.27,-5.));
#6935 = DIRECTION('',(0.,0.,1.));
#6936 = DIRECTION('',(1.,0.,-0.));
#6937 = ADVANCED_FACE('',(#6938),#6941,.T.);
#6938 = FACE_BOUND('',#6939,.T.);
#6939 = EDGE_LOOP('',(#6940));
#6940 = ORIENTED_EDGE('',*,*,#6908,.T.);
#6941 = PLANE('',#6942);
#6942 = AXIS2_PLACEMENT_3D('',#6943,#6944,#6945);
#6943 = CARTESIAN_POINT('',(34.29,-1.27,0.1));
#6944 = DIRECTION('',(0.,0.,1.));
#6945 = DIRECTION('',(1.,0.,-0.));
#6946 = ADVANCED_FACE('',(#6947),#6950,.F.);
#6947 = FACE_BOUND('',#6948,.T.);
#6948 = EDGE_LOOP('',(#6949));
#6949 = ORIENTED_EDGE('',*,*,#6925,.F.);
#6950 = PLANE('',#6951);
#6951 = AXIS2_PLACEMENT_3D('',#6952,#6953,#6954);
#6952 = CARTESIAN_POINT('',(34.29,-1.27,-5.));
#6953 = DIRECTION('',(0.,0.,1.));
#6954 = DIRECTION('',(1.,0.,-0.));
#6955 = ( GEOMETRIC_REPRESENTATION_CONTEXT(3) 
GLOBAL_UNCERTAINTY_ASSIGNED_CONTEXT((#6959)) 
GLOBAL_UNIT_ASSIGNED_CONTEXT((#6956,#6957,#6958)) REPRESENTATION_CONTEXT
('Context #1','3D Context with UNIT and UNCERTAINTY') );
#6956 = ( LENGTH_UNIT() NAMED_UNIT(*) SI_UNIT(.MILLI.,.METRE.) );
#6957 = ( NAMED_UNIT(*) PLANE_ANGLE_UNIT() SI_UNIT($,.RADIAN.) );
#6958 = ( NAMED_UNIT(*) SI_UNIT($,.STERADIAN.) SOLID_ANGLE_UNIT() );
#6959 = UNCERTAINTY_MEASURE_WITH_UNIT(LENGTH_MEASURE(1.E-07),#6956,
  'distance_accuracy_value','confusion accuracy');
#6960 = CONTEXT_DEPENDENT_SHAPE_REPRESENTATION(#6961,#6963);
#6961 = ( REPRESENTATION_RELATIONSHIP('','',#6901,#4902) 
REPRESENTATION_RELATIONSHIP_WITH_TRANSFORMATION(#6962) 
SHAPE_REPRESENTATION_RELATIONSHIP() );
#6962 = ITEM_DEFINED_TRANSFORMATION('','',#11,#5007);
#6963 = PRODUCT_DEFINITION_SHAPE('Placement','Placement of an item',
  #6964);
#6964 = NEXT_ASSEMBLY_USAGE_OCCURRENCE('30','Leads026','',#4897,#6896,$
  );
#6965 = PRODUCT_RELATED_PRODUCT_CATEGORY('part',$,(#6898));
#6966 = SHAPE_DEFINITION_REPRESENTATION(#6967,#6973);
#6967 = PRODUCT_DEFINITION_SHAPE('','',#6968);
#6968 = PRODUCT_DEFINITION('design','',#6969,#6972);
#6969 = PRODUCT_DEFINITION_FORMATION('','',#6970);
#6970 = PRODUCT('J6_ASSEMBLY_5d9bd27a8aa5','J6_ASSEMBLY_5d9bd27a8aa5',''
  ,(#6971));
#6971 = PRODUCT_CONTEXT('',#2,'mechanical');
#6972 = PRODUCT_DEFINITION_CONTEXT('part definition',#2,'design');
#6973 = SHAPE_REPRESENTATION('',(#11,#6974,#6978),#6982);
#6974 = AXIS2_PLACEMENT_3D('',#6975,#6976,#6977);
#6975 = CARTESIAN_POINT('',(0.,0.,0.1));
#6976 = DIRECTION('',(0.,0.,1.));
#6977 = DIRECTION('',(1.,0.,0.));
#6978 = AXIS2_PLACEMENT_3D('',#6979,#6980,#6981);
#6979 = CARTESIAN_POINT('',(0.,0.,0.));
#6980 = DIRECTION('',(0.,0.,1.));
#6981 = DIRECTION('',(1.,0.,0.));
#6982 = ( GEOMETRIC_REPRESENTATION_CONTEXT(3) 
GLOBAL_UNCERTAINTY_ASSIGNED_CONTEXT((#6986)) 
GLOBAL_UNIT_ASSIGNED_CONTEXT((#6983,#6984,#6985)) REPRESENTATION_CONTEXT
('Context #1','3D Context with UNIT and UNCERTAINTY') );
#6983 = ( LENGTH_UNIT() NAMED_UNIT(*) SI_UNIT(.MILLI.,.METRE.) );
#6984 = ( NAMED_UNIT(*) PLANE_ANGLE_UNIT() SI_UNIT($,.RADIAN.) );
#6985 = ( NAMED_UNIT(*) SI_UNIT($,.STERADIAN.) SOLID_ANGLE_UNIT() );
#6986 = UNCERTAINTY_MEASURE_WITH_UNIT(LENGTH_MEASURE(1.E-07),#6983,
  'distance_accuracy_value','confusion accuracy');
#6987 = CONTEXT_DEPENDENT_SHAPE_REPRESENTATION(#6988,#6990);
#6988 = ( REPRESENTATION_RELATIONSHIP('','',#6973,#4679) 
REPRESENTATION_RELATIONSHIP_WITH_TRANSFORMATION(#6989) 
SHAPE_REPRESENTATION_RELATIONSHIP() );
#6989 = ITEM_DEFINED_TRANSFORMATION('','',#11,#4684);
#6990 = PRODUCT_DEFINITION_SHAPE('Placement','Placement of an item',
  #6991);
#6991 = NEXT_ASSEMBLY_USAGE_OCCURRENCE('88','J6_ASSEMBLY_5d9bd27a8aa5',
  '',#4674,#6968,$);
#6992 = PRODUCT_RELATED_PRODUCT_CATEGORY('part',$,(#6970));
#6993 = SHAPE_DEFINITION_REPRESENTATION(#6994,#7000);
#6994 = PRODUCT_DEFINITION_SHAPE('','',#6995);
#6995 = PRODUCT_DEFINITION('design','',#6996,#6999);
#6996 = PRODUCT_DEFINITION_FORMATION('','',#6997);
#6997 = PRODUCT('Body001','Body001','',(#6998));
#6998 = PRODUCT_CONTEXT('',#2,'mechanical');
#6999 = PRODUCT_DEFINITION_CONTEXT('part definition',#2,'design');
#7000 = ADVANCED_BREP_SHAPE_REPRESENTATION('',(#11,#7001),#7151);
#7001 = MANIFOLD_SOLID_BREP('',#7002);
#7002 = CLOSED_SHELL('',(#7003,#7043,#7074,#7105,#7127,#7139));
#7003 = ADVANCED_FACE('',(#7004),#7038,.T.);
#7004 = FACE_BOUND('',#7005,.T.);
#7005 = EDGE_LOOP('',(#7006,#7016,#7024,#7032));
#7006 = ORIENTED_EDGE('',*,*,#7007,.T.);
#7007 = EDGE_CURVE('',#7008,#7010,#7012,.T.);
#7008 = VERTEX_POINT('',#7009);
#7009 = CARTESIAN_POINT('',(-55.42,1.92,0.));
#7010 = VERTEX_POINT('',#7011);
#7011 = CARTESIAN_POINT('',(-55.42,1.92,14.1));
#7012 = LINE('',#7013,#7014);
#7013 = CARTESIAN_POINT('',(-55.42,1.92,0.));
#7014 = VECTOR('',#7015,1.);
#7015 = DIRECTION('',(0.,0.,1.));
#7016 = ORIENTED_EDGE('',*,*,#7017,.T.);
#7017 = EDGE_CURVE('',#7010,#7018,#7020,.T.);
#7018 = VERTEX_POINT('',#7019);
#7019 = CARTESIAN_POINT('',(12.24,1.92,14.1));
#7020 = LINE('',#7021,#7022);
#7021 = CARTESIAN_POINT('',(-55.42,1.92,14.1));
#7022 = VECTOR('',#7023,1.);
#7023 = DIRECTION('',(1.,0.,0.));
#7024 = ORIENTED_EDGE('',*,*,#7025,.F.);
#7025 = EDGE_CURVE('',#7026,#7018,#7028,.T.);
#7026 = VERTEX_POINT('',#7027);
#7027 = CARTESIAN_POINT('',(12.24,1.92,0.));
#7028 = LINE('',#7029,#7030);
#7029 = CARTESIAN_POINT('',(12.24,1.92,0.));
#7030 = VECTOR('',#7031,1.);
#7031 = DIRECTION('',(0.,0.,1.));
#7032 = ORIENTED_EDGE('',*,*,#7033,.F.);
#7033 = EDGE_CURVE('',#7008,#7026,#7034,.T.);
#7034 = LINE('',#7035,#7036);
#7035 = CARTESIAN_POINT('',(-55.42,1.92,0.));
#7036 = VECTOR('',#7037,1.);
#7037 = DIRECTION('',(1.,0.,0.));
#7038 = PLANE('',#7039);
#7039 = AXIS2_PLACEMENT_3D('',#7040,#7041,#7042);
#7040 = CARTESIAN_POINT('',(-55.42,1.92,0.));
#7041 = DIRECTION('',(0.,1.,0.));
#7042 = DIRECTION('',(1.,0.,0.));
#7043 = ADVANCED_FACE('',(#7044),#7069,.T.);
#7044 = FACE_BOUND('',#7045,.T.);
#7045 = EDGE_LOOP('',(#7046,#7047,#7055,#7063));
#7046 = ORIENTED_EDGE('',*,*,#7025,.T.);
#7047 = ORIENTED_EDGE('',*,*,#7048,.T.);
#7048 = EDGE_CURVE('',#7018,#7049,#7051,.T.);
#7049 = VERTEX_POINT('',#7050);
#7050 = CARTESIAN_POINT('',(12.24,-7.,14.1));
#7051 = LINE('',#7052,#7053);
#7052 = CARTESIAN_POINT('',(12.24,1.92,14.1));
#7053 = VECTOR('',#7054,1.);
#7054 = DIRECTION('',(0.,-1.,0.));
#7055 = ORIENTED_EDGE('',*,*,#7056,.F.);
#7056 = EDGE_CURVE('',#7057,#7049,#7059,.T.);
#7057 = VERTEX_POINT('',#7058);
#7058 = CARTESIAN_POINT('',(12.24,-7.,0.));
#7059 = LINE('',#7060,#7061);
#7060 = CARTESIAN_POINT('',(12.24,-7.,0.));
#7061 = VECTOR('',#7062,1.);
#7062 = DIRECTION('',(0.,0.,1.));
#7063 = ORIENTED_EDGE('',*,*,#7064,.F.);
#7064 = EDGE_CURVE('',#7026,#7057,#7065,.T.);
#7065 = LINE('',#7066,#7067);
#7066 = CARTESIAN_POINT('',(12.24,1.92,0.));
#7067 = VECTOR('',#7068,1.);
#7068 = DIRECTION('',(0.,-1.,0.));
#7069 = PLANE('',#7070);
#7070 = AXIS2_PLACEMENT_3D('',#7071,#7072,#7073);
#7071 = CARTESIAN_POINT('',(12.24,1.92,0.));
#7072 = DIRECTION('',(1.,0.,-0.));
#7073 = DIRECTION('',(0.,-1.,0.));
#7074 = ADVANCED_FACE('',(#7075),#7100,.T.);
#7075 = FACE_BOUND('',#7076,.T.);
#7076 = EDGE_LOOP('',(#7077,#7078,#7086,#7094));
#7077 = ORIENTED_EDGE('',*,*,#7056,.T.);
#7078 = ORIENTED_EDGE('',*,*,#7079,.T.);
#7079 = EDGE_CURVE('',#7049,#7080,#7082,.T.);
#7080 = VERTEX_POINT('',#7081);
#7081 = CARTESIAN_POINT('',(-55.42,-7.,14.1));
#7082 = LINE('',#7083,#7084);
#7083 = CARTESIAN_POINT('',(12.24,-7.,14.1));
#7084 = VECTOR('',#7085,1.);
#7085 = DIRECTION('',(-1.,0.,0.));
#7086 = ORIENTED_EDGE('',*,*,#7087,.F.);
#7087 = EDGE_CURVE('',#7088,#7080,#7090,.T.);
#7088 = VERTEX_POINT('',#7089);
#7089 = CARTESIAN_POINT('',(-55.42,-7.,0.));
#7090 = LINE('',#7091,#7092);
#7091 = CARTESIAN_POINT('',(-55.42,-7.,0.));
#7092 = VECTOR('',#7093,1.);
#7093 = DIRECTION('',(0.,0.,1.));
#7094 = ORIENTED_EDGE('',*,*,#7095,.F.);
#7095 = EDGE_CURVE('',#7057,#7088,#7096,.T.);
#7096 = LINE('',#7097,#7098);
#7097 = CARTESIAN_POINT('',(12.24,-7.,0.));
#7098 = VECTOR('',#7099,1.);
#7099 = DIRECTION('',(-1.,0.,0.));
#7100 = PLANE('',#7101);
#7101 = AXIS2_PLACEMENT_3D('',#7102,#7103,#7104);
#7102 = CARTESIAN_POINT('',(12.24,-7.,0.));
#7103 = DIRECTION('',(0.,-1.,0.));
#7104 = DIRECTION('',(-1.,0.,0.));
#7105 = ADVANCED_FACE('',(#7106),#7122,.T.);
#7106 = FACE_BOUND('',#7107,.T.);
#7107 = EDGE_LOOP('',(#7108,#7109,#7115,#7116));
#7108 = ORIENTED_EDGE('',*,*,#7087,.T.);
#7109 = ORIENTED_EDGE('',*,*,#7110,.T.);
#7110 = EDGE_CURVE('',#7080,#7010,#7111,.T.);
#7111 = LINE('',#7112,#7113);
#7112 = CARTESIAN_POINT('',(-55.42,-7.,14.1));
#7113 = VECTOR('',#7114,1.);
#7114 = DIRECTION('',(0.,1.,0.));
#7115 = ORIENTED_EDGE('',*,*,#7007,.F.);
#7116 = ORIENTED_EDGE('',*,*,#7117,.F.);
#7117 = EDGE_CURVE('',#7088,#7008,#7118,.T.);
#7118 = LINE('',#7119,#7120);
#7119 = CARTESIAN_POINT('',(-55.42,-7.,0.));
#7120 = VECTOR('',#7121,1.);
#7121 = DIRECTION('',(0.,1.,0.));
#7122 = PLANE('',#7123);
#7123 = AXIS2_PLACEMENT_3D('',#7124,#7125,#7126);
#7124 = CARTESIAN_POINT('',(-55.42,-7.,0.));
#7125 = DIRECTION('',(-1.,0.,0.));
#7126 = DIRECTION('',(0.,1.,0.));
#7127 = ADVANCED_FACE('',(#7128),#7134,.T.);
#7128 = FACE_BOUND('',#7129,.T.);
#7129 = EDGE_LOOP('',(#7130,#7131,#7132,#7133));
#7130 = ORIENTED_EDGE('',*,*,#7033,.T.);
#7131 = ORIENTED_EDGE('',*,*,#7064,.T.);
#7132 = ORIENTED_EDGE('',*,*,#7095,.T.);
#7133 = ORIENTED_EDGE('',*,*,#7117,.T.);
#7134 = PLANE('',#7135);
#7135 = AXIS2_PLACEMENT_3D('',#7136,#7137,#7138);
#7136 = CARTESIAN_POINT('',(-21.59,-2.54,-1.387778780781E-17));
#7137 = DIRECTION('',(4.281989610872E-35,2.702792609551E-50,-1.));
#7138 = DIRECTION('',(-1.,0.,-4.281989610872E-35));
#7139 = ADVANCED_FACE('',(#7140),#7146,.F.);
#7140 = FACE_BOUND('',#7141,.F.);
#7141 = EDGE_LOOP('',(#7142,#7143,#7144,#7145));
#7142 = ORIENTED_EDGE('',*,*,#7017,.T.);
#7143 = ORIENTED_EDGE('',*,*,#7048,.T.);
#7144 = ORIENTED_EDGE('',*,*,#7079,.T.);
#7145 = ORIENTED_EDGE('',*,*,#7110,.T.);
#7146 = PLANE('',#7147);
#7147 = AXIS2_PLACEMENT_3D('',#7148,#7149,#7150);
#7148 = CARTESIAN_POINT('',(-21.59,-2.54,14.1));
#7149 = DIRECTION('',(4.281989610872E-35,2.702792609551E-50,-1.));
#7150 = DIRECTION('',(-1.,0.,-4.281989610872E-35));
#7151 = ( GEOMETRIC_REPRESENTATION_CONTEXT(3) 
GLOBAL_UNCERTAINTY_ASSIGNED_CONTEXT((#7155)) 
GLOBAL_UNIT_ASSIGNED_CONTEXT((#7152,#7153,#7154)) REPRESENTATION_CONTEXT
('Context #1','3D Context with UNIT and UNCERTAINTY') );
#7152 = ( LENGTH_UNIT() NAMED_UNIT(*) SI_UNIT(.MILLI.,.METRE.) );
#7153 = ( NAMED_UNIT(*) PLANE_ANGLE_UNIT() SI_UNIT($,.RADIAN.) );
#7154 = ( NAMED_UNIT(*) SI_UNIT($,.STERADIAN.) SOLID_ANGLE_UNIT() );
#7155 = UNCERTAINTY_MEASURE_WITH_UNIT(LENGTH_MEASURE(1.E-07),#7152,
  'distance_accuracy_value','confusion accuracy');
#7156 = CONTEXT_DEPENDENT_SHAPE_REPRESENTATION(#7157,#7159);
#7157 = ( REPRESENTATION_RELATIONSHIP('','',#7000,#6973) 
REPRESENTATION_RELATIONSHIP_WITH_TRANSFORMATION(#7158) 
SHAPE_REPRESENTATION_RELATIONSHIP() );
#7158 = ITEM_DEFINED_TRANSFORMATION('','',#11,#6974);
#7159 = PRODUCT_DEFINITION_SHAPE('Placement','Placement of an item',
  #7160);
#7160 = NEXT_ASSEMBLY_USAGE_OCCURRENCE('33','Body001','',#6968,#6995,$);
#7161 = PRODUCT_RELATED_PRODUCT_CATEGORY('part',$,(#6997));
#7162 = SHAPE_DEFINITION_REPRESENTATION(#7163,#7169);
#7163 = PRODUCT_DEFINITION_SHAPE('','',#7164);
#7164 = PRODUCT_DEFINITION('design','',#7165,#7168);
#7165 = PRODUCT_DEFINITION_FORMATION('','',#7166);
#7166 = PRODUCT('Leads081','Leads081','',(#7167));
#7167 = PRODUCT_CONTEXT('',#2,'mechanical');
#7168 = PRODUCT_DEFINITION_CONTEXT('part definition',#2,'design');
#7169 = SHAPE_REPRESENTATION('',(#11,#7170,#7174,#7178,#7182,#7186,#7190
    ,#7194,#7198,#7202,#7206,#7210,#7214,#7218,#7222,#7226,#7230,#7234,
    #7238,#7242,#7246,#7250,#7254,#7258,#7262,#7266,#7270,#7274,#7278,
    #7282,#7286,#7290,#7294,#7298,#7302,#7306,#7310,#7314,#7318,#7322,
    #7326,#7330,#7334,#7338,#7342,#7346,#7350,#7354,#7358,#7362,#7366,
    #7370,#7374,#7378),#7382);
#7170 = AXIS2_PLACEMENT_3D('',#7171,#7172,#7173);
#7171 = CARTESIAN_POINT('',(0.,0.,0.));
#7172 = DIRECTION('',(0.,0.,1.));
#7173 = DIRECTION('',(1.,0.,0.));
#7174 = AXIS2_PLACEMENT_3D('',#7175,#7176,#7177);
#7175 = CARTESIAN_POINT('',(0.,0.,0.));
#7176 = DIRECTION('',(0.,0.,1.));
#7177 = DIRECTION('',(1.,0.,0.));
#7178 = AXIS2_PLACEMENT_3D('',#7179,#7180,#7181);
#7179 = CARTESIAN_POINT('',(0.,0.,0.));
#7180 = DIRECTION('',(0.,0.,1.));
#7181 = DIRECTION('',(1.,0.,0.));
#7182 = AXIS2_PLACEMENT_3D('',#7183,#7184,#7185);
#7183 = CARTESIAN_POINT('',(0.,0.,0.));
#7184 = DIRECTION('',(0.,0.,1.));
#7185 = DIRECTION('',(1.,0.,0.));
#7186 = AXIS2_PLACEMENT_3D('',#7187,#7188,#7189);
#7187 = CARTESIAN_POINT('',(0.,0.,0.));
#7188 = DIRECTION('',(0.,0.,1.));
#7189 = DIRECTION('',(1.,0.,0.));
#7190 = AXIS2_PLACEMENT_3D('',#7191,#7192,#7193);
#7191 = CARTESIAN_POINT('',(0.,0.,0.));
#7192 = DIRECTION('',(0.,0.,1.));
#7193 = DIRECTION('',(1.,0.,0.));
#7194 = AXIS2_PLACEMENT_3D('',#7195,#7196,#7197);
#7195 = CARTESIAN_POINT('',(0.,0.,0.));
#7196 = DIRECTION('',(0.,0.,1.));
#7197 = DIRECTION('',(1.,0.,0.));
#7198 = AXIS2_PLACEMENT_3D('',#7199,#7200,#7201);
#7199 = CARTESIAN_POINT('',(0.,0.,0.));
#7200 = DIRECTION('',(0.,0.,1.));
#7201 = DIRECTION('',(1.,0.,0.));
#7202 = AXIS2_PLACEMENT_3D('',#7203,#7204,#7205);
#7203 = CARTESIAN_POINT('',(0.,0.,0.));
#7204 = DIRECTION('',(0.,0.,1.));
#7205 = DIRECTION('',(1.,0.,0.));
#7206 = AXIS2_PLACEMENT_3D('',#7207,#7208,#7209);
#7207 = CARTESIAN_POINT('',(0.,0.,0.));
#7208 = DIRECTION('',(0.,0.,1.));
#7209 = DIRECTION('',(1.,0.,0.));
#7210 = AXIS2_PLACEMENT_3D('',#7211,#7212,#7213);
#7211 = CARTESIAN_POINT('',(0.,0.,0.));
#7212 = DIRECTION('',(0.,0.,1.));
#7213 = DIRECTION('',(1.,0.,0.));
#7214 = AXIS2_PLACEMENT_3D('',#7215,#7216,#7217);
#7215 = CARTESIAN_POINT('',(0.,0.,0.));
#7216 = DIRECTION('',(0.,0.,1.));
#7217 = DIRECTION('',(1.,0.,0.));
#7218 = AXIS2_PLACEMENT_3D('',#7219,#7220,#7221);
#7219 = CARTESIAN_POINT('',(0.,0.,0.));
#7220 = DIRECTION('',(0.,0.,1.));
#7221 = DIRECTION('',(1.,0.,0.));
#7222 = AXIS2_PLACEMENT_3D('',#7223,#7224,#7225);
#7223 = CARTESIAN_POINT('',(0.,0.,0.));
#7224 = DIRECTION('',(0.,0.,1.));
#7225 = DIRECTION('',(1.,0.,0.));
#7226 = AXIS2_PLACEMENT_3D('',#7227,#7228,#7229);
#7227 = CARTESIAN_POINT('',(0.,0.,0.));
#7228 = DIRECTION('',(0.,0.,1.));
#7229 = DIRECTION('',(1.,0.,0.));
#7230 = AXIS2_PLACEMENT_3D('',#7231,#7232,#7233);
#7231 = CARTESIAN_POINT('',(0.,0.,0.));
#7232 = DIRECTION('',(0.,0.,1.));
#7233 = DIRECTION('',(1.,0.,0.));
#7234 = AXIS2_PLACEMENT_3D('',#7235,#7236,#7237);
#7235 = CARTESIAN_POINT('',(0.,0.,0.));
#7236 = DIRECTION('',(0.,0.,1.));
#7237 = DIRECTION('',(1.,0.,0.));
#7238 = AXIS2_PLACEMENT_3D('',#7239,#7240,#7241);
#7239 = CARTESIAN_POINT('',(0.,0.,0.));
#7240 = DIRECTION('',(0.,0.,1.));
#7241 = DIRECTION('',(1.,0.,0.));
#7242 = AXIS2_PLACEMENT_3D('',#7243,#7244,#7245);
#7243 = CARTESIAN_POINT('',(0.,0.,0.));
#7244 = DIRECTION('',(0.,0.,1.));
#7245 = DIRECTION('',(1.,0.,0.));
#7246 = AXIS2_PLACEMENT_3D('',#7247,#7248,#7249);
#7247 = CARTESIAN_POINT('',(0.,0.,0.));
#7248 = DIRECTION('',(0.,0.,1.));
#7249 = DIRECTION('',(1.,0.,0.));
#7250 = AXIS2_PLACEMENT_3D('',#7251,#7252,#7253);
#7251 = CARTESIAN_POINT('',(0.,0.,0.));
#7252 = DIRECTION('',(0.,0.,1.));
#7253 = DIRECTION('',(1.,0.,0.));
#7254 = AXIS2_PLACEMENT_3D('',#7255,#7256,#7257);
#7255 = CARTESIAN_POINT('',(0.,0.,0.));
#7256 = DIRECTION('',(0.,0.,1.));
#7257 = DIRECTION('',(1.,0.,0.));
#7258 = AXIS2_PLACEMENT_3D('',#7259,#7260,#7261);
#7259 = CARTESIAN_POINT('',(0.,0.,0.));
#7260 = DIRECTION('',(0.,0.,1.));
#7261 = DIRECTION('',(1.,0.,0.));
#7262 = AXIS2_PLACEMENT_3D('',#7263,#7264,#7265);
#7263 = CARTESIAN_POINT('',(0.,0.,0.));
#7264 = DIRECTION('',(0.,0.,1.));
#7265 = DIRECTION('',(1.,0.,0.));
#7266 = AXIS2_PLACEMENT_3D('',#7267,#7268,#7269);
#7267 = CARTESIAN_POINT('',(0.,0.,0.));
#7268 = DIRECTION('',(0.,0.,1.));
#7269 = DIRECTION('',(1.,0.,0.));
#7270 = AXIS2_PLACEMENT_3D('',#7271,#7272,#7273);
#7271 = CARTESIAN_POINT('',(0.,0.,0.));
#7272 = DIRECTION('',(0.,0.,1.));
#7273 = DIRECTION('',(1.,0.,0.));
#7274 = AXIS2_PLACEMENT_3D('',#7275,#7276,#7277);
#7275 = CARTESIAN_POINT('',(0.,0.,0.));
#7276 = DIRECTION('',(0.,0.,1.));
#7277 = DIRECTION('',(1.,0.,0.));
#7278 = AXIS2_PLACEMENT_3D('',#7279,#7280,#7281);
#7279 = CARTESIAN_POINT('',(0.,0.,0.));
#7280 = DIRECTION('',(0.,0.,1.));
#7281 = DIRECTION('',(1.,0.,0.));
#7282 = AXIS2_PLACEMENT_3D('',#7283,#7284,#7285);
#7283 = CARTESIAN_POINT('',(0.,0.,0.));
#7284 = DIRECTION('',(0.,0.,1.));
#7285 = DIRECTION('',(1.,0.,0.));
#7286 = AXIS2_PLACEMENT_3D('',#7287,#7288,#7289);
#7287 = CARTESIAN_POINT('',(0.,0.,0.));
#7288 = DIRECTION('',(0.,0.,1.));
#7289 = DIRECTION('',(1.,0.,0.));
#7290 = AXIS2_PLACEMENT_3D('',#7291,#7292,#7293);
#7291 = CARTESIAN_POINT('',(0.,0.,0.));
#7292 = DIRECTION('',(0.,0.,1.));
#7293 = DIRECTION('',(1.,0.,0.));
#7294 = AXIS2_PLACEMENT_3D('',#7295,#7296,#7297);
#7295 = CARTESIAN_POINT('',(0.,0.,0.));
#7296 = DIRECTION('',(0.,0.,1.));
#7297 = DIRECTION('',(1.,0.,0.));
#7298 = AXIS2_PLACEMENT_3D('',#7299,#7300,#7301);
#7299 = CARTESIAN_POINT('',(0.,0.,0.));
#7300 = DIRECTION('',(0.,0.,1.));
#7301 = DIRECTION('',(1.,0.,0.));
#7302 = AXIS2_PLACEMENT_3D('',#7303,#7304,#7305);
#7303 = CARTESIAN_POINT('',(0.,0.,0.));
#7304 = DIRECTION('',(0.,0.,1.));
#7305 = DIRECTION('',(1.,0.,0.));
#7306 = AXIS2_PLACEMENT_3D('',#7307,#7308,#7309);
#7307 = CARTESIAN_POINT('',(0.,0.,0.));
#7308 = DIRECTION('',(0.,0.,1.));
#7309 = DIRECTION('',(1.,0.,0.));
#7310 = AXIS2_PLACEMENT_3D('',#7311,#7312,#7313);
#7311 = CARTESIAN_POINT('',(0.,0.,0.));
#7312 = DIRECTION('',(0.,0.,1.));
#7313 = DIRECTION('',(1.,0.,0.));
#7314 = AXIS2_PLACEMENT_3D('',#7315,#7316,#7317);
#7315 = CARTESIAN_POINT('',(0.,0.,0.));
#7316 = DIRECTION('',(0.,0.,1.));
#7317 = DIRECTION('',(1.,0.,0.));
#7318 = AXIS2_PLACEMENT_3D('',#7319,#7320,#7321);
#7319 = CARTESIAN_POINT('',(0.,0.,0.));
#7320 = DIRECTION('',(0.,0.,1.));
#7321 = DIRECTION('',(1.,0.,0.));
#7322 = AXIS2_PLACEMENT_3D('',#7323,#7324,#7325);
#7323 = CARTESIAN_POINT('',(0.,0.,0.));
#7324 = DIRECTION('',(0.,0.,1.));
#7325 = DIRECTION('',(1.,0.,0.));
#7326 = AXIS2_PLACEMENT_3D('',#7327,#7328,#7329);
#7327 = CARTESIAN_POINT('',(0.,0.,0.));
#7328 = DIRECTION('',(0.,0.,1.));
#7329 = DIRECTION('',(1.,0.,0.));
#7330 = AXIS2_PLACEMENT_3D('',#7331,#7332,#7333);
#7331 = CARTESIAN_POINT('',(0.,0.,0.));
#7332 = DIRECTION('',(0.,0.,1.));
#7333 = DIRECTION('',(1.,0.,0.));
#7334 = AXIS2_PLACEMENT_3D('',#7335,#7336,#7337);
#7335 = CARTESIAN_POINT('',(0.,0.,0.));
#7336 = DIRECTION('',(0.,0.,1.));
#7337 = DIRECTION('',(1.,0.,0.));
#7338 = AXIS2_PLACEMENT_3D('',#7339,#7340,#7341);
#7339 = CARTESIAN_POINT('',(0.,0.,0.));
#7340 = DIRECTION('',(0.,0.,1.));
#7341 = DIRECTION('',(1.,0.,0.));
#7342 = AXIS2_PLACEMENT_3D('',#7343,#7344,#7345);
#7343 = CARTESIAN_POINT('',(0.,0.,0.));
#7344 = DIRECTION('',(0.,0.,1.));
#7345 = DIRECTION('',(1.,0.,0.));
#7346 = AXIS2_PLACEMENT_3D('',#7347,#7348,#7349);
#7347 = CARTESIAN_POINT('',(0.,0.,0.));
#7348 = DIRECTION('',(0.,0.,1.));
#7349 = DIRECTION('',(1.,0.,0.));
#7350 = AXIS2_PLACEMENT_3D('',#7351,#7352,#7353);
#7351 = CARTESIAN_POINT('',(0.,0.,0.));
#7352 = DIRECTION('',(0.,0.,1.));
#7353 = DIRECTION('',(1.,0.,0.));
#7354 = AXIS2_PLACEMENT_3D('',#7355,#7356,#7357);
#7355 = CARTESIAN_POINT('',(0.,0.,0.));
#7356 = DIRECTION('',(0.,0.,1.));
#7357 = DIRECTION('',(1.,0.,0.));
#7358 = AXIS2_PLACEMENT_3D('',#7359,#7360,#7361);
#7359 = CARTESIAN_POINT('',(0.,0.,0.));
#7360 = DIRECTION('',(0.,0.,1.));
#7361 = DIRECTION('',(1.,0.,0.));
#7362 = AXIS2_PLACEMENT_3D('',#7363,#7364,#7365);
#7363 = CARTESIAN_POINT('',(0.,0.,0.));
#7364 = DIRECTION('',(0.,0.,1.));
#7365 = DIRECTION('',(1.,0.,0.));
#7366 = AXIS2_PLACEMENT_3D('',#7367,#7368,#7369);
#7367 = CARTESIAN_POINT('',(0.,0.,0.));
#7368 = DIRECTION('',(0.,0.,1.));
#7369 = DIRECTION('',(1.,0.,0.));
#7370 = AXIS2_PLACEMENT_3D('',#7371,#7372,#7373);
#7371 = CARTESIAN_POINT('',(0.,0.,0.));
#7372 = DIRECTION('',(0.,0.,1.));
#7373 = DIRECTION('',(1.,0.,0.));
#7374 = AXIS2_PLACEMENT_3D('',#7375,#7376,#7377);
#7375 = CARTESIAN_POINT('',(0.,0.,0.));
#7376 = DIRECTION('',(0.,0.,1.));
#7377 = DIRECTION('',(1.,0.,0.));
#7378 = AXIS2_PLACEMENT_3D('',#7379,#7380,#7381);
#7379 = CARTESIAN_POINT('',(0.,0.,0.));
#7380 = DIRECTION('',(0.,0.,1.));
#7381 = DIRECTION('',(1.,0.,0.));
#7382 = ( GEOMETRIC_REPRESENTATION_CONTEXT(3) 
GLOBAL_UNCERTAINTY_ASSIGNED_CONTEXT((#7386)) 
GLOBAL_UNIT_ASSIGNED_CONTEXT((#7383,#7384,#7385)) REPRESENTATION_CONTEXT
('Context #1','3D Context with UNIT and UNCERTAINTY') );
#7383 = ( LENGTH_UNIT() NAMED_UNIT(*) SI_UNIT(.MILLI.,.METRE.) );
#7384 = ( NAMED_UNIT(*) PLANE_ANGLE_UNIT() SI_UNIT($,.RADIAN.) );
#7385 = ( NAMED_UNIT(*) SI_UNIT($,.STERADIAN.) SOLID_ANGLE_UNIT() );
#7386 = UNCERTAINTY_MEASURE_WITH_UNIT(LENGTH_MEASURE(1.E-07),#7383,
  'distance_accuracy_value','confusion accuracy');
#7387 = CONTEXT_DEPENDENT_SHAPE_REPRESENTATION(#7388,#7390);
#7388 = ( REPRESENTATION_RELATIONSHIP('','',#7169,#6973) 
REPRESENTATION_RELATIONSHIP_WITH_TRANSFORMATION(#7389) 
SHAPE_REPRESENTATION_RELATIONSHIP() );
#7389 = ITEM_DEFINED_TRANSFORMATION('','',#11,#6978);
#7390 = PRODUCT_DEFINITION_SHAPE('Placement','Placement of an item',
  #7391);
#7391 = NEXT_ASSEMBLY_USAGE_OCCURRENCE('87','Leads081','',#6968,#7164,$
  );
#7392 = PRODUCT_RELATED_PRODUCT_CATEGORY('part',$,(#7166));
#7393 = SHAPE_DEFINITION_REPRESENTATION(#7394,#7400);
#7394 = PRODUCT_DEFINITION_SHAPE('','',#7395);
#7395 = PRODUCT_DEFINITION('design','',#7396,#7399);
#7396 = PRODUCT_DEFINITION_FORMATION('','',#7397);
#7397 = PRODUCT('Leads028','Leads028','',(#7398));
#7398 = PRODUCT_CONTEXT('',#2,'mechanical');
#7399 = PRODUCT_DEFINITION_CONTEXT('part definition',#2,'design');
#7400 = ADVANCED_BREP_SHAPE_REPRESENTATION('',(#11,#7401),#7454);
#7401 = MANIFOLD_SOLID_BREP('',#7402);
#7402 = CLOSED_SHELL('',(#7403,#7436,#7445));
#7403 = ADVANCED_FACE('',(#7404),#7431,.T.);
#7404 = FACE_BOUND('',#7405,.T.);
#7405 = EDGE_LOOP('',(#7406,#7415,#7423,#7430));
#7406 = ORIENTED_EDGE('',*,*,#7407,.F.);
#7407 = EDGE_CURVE('',#7408,#7408,#7410,.T.);
#7408 = VERTEX_POINT('',#7409);
#7409 = CARTESIAN_POINT('',(0.255,-6.245698675652E-17,0.1));
#7410 = CIRCLE('',#7411,0.255);
#7411 = AXIS2_PLACEMENT_3D('',#7412,#7413,#7414);
#7412 = CARTESIAN_POINT('',(0.,0.,0.1));
#7413 = DIRECTION('',(0.,0.,1.));
#7414 = DIRECTION('',(1.,0.,-0.));
#7415 = ORIENTED_EDGE('',*,*,#7416,.F.);
#7416 = EDGE_CURVE('',#7417,#7408,#7419,.T.);
#7417 = VERTEX_POINT('',#7418);
#7418 = CARTESIAN_POINT('',(0.255,-6.245698675652E-17,-5.));
#7419 = LINE('',#7420,#7421);
#7420 = CARTESIAN_POINT('',(0.255,-6.245698675652E-17,-5.));
#7421 = VECTOR('',#7422,1.);
#7422 = DIRECTION('',(0.,0.,1.));
#7423 = ORIENTED_EDGE('',*,*,#7424,.T.);
#7424 = EDGE_CURVE('',#7417,#7417,#7425,.T.);
#7425 = CIRCLE('',#7426,0.255);
#7426 = AXIS2_PLACEMENT_3D('',#7427,#7428,#7429);
#7427 = CARTESIAN_POINT('',(0.,0.,-5.));
#7428 = DIRECTION('',(0.,0.,1.));
#7429 = DIRECTION('',(1.,0.,-0.));
#7430 = ORIENTED_EDGE('',*,*,#7416,.T.);
#7431 = CYLINDRICAL_SURFACE('',#7432,0.255);
#7432 = AXIS2_PLACEMENT_3D('',#7433,#7434,#7435);
#7433 = CARTESIAN_POINT('',(0.,0.,-5.));
#7434 = DIRECTION('',(0.,0.,1.));
#7435 = DIRECTION('',(1.,0.,-0.));
#7436 = ADVANCED_FACE('',(#7437),#7440,.T.);
#7437 = FACE_BOUND('',#7438,.T.);
#7438 = EDGE_LOOP('',(#7439));
#7439 = ORIENTED_EDGE('',*,*,#7407,.T.);
#7440 = PLANE('',#7441);
#7441 = AXIS2_PLACEMENT_3D('',#7442,#7443,#7444);
#7442 = CARTESIAN_POINT('',(0.,0.,0.1));
#7443 = DIRECTION('',(0.,0.,1.));
#7444 = DIRECTION('',(1.,0.,-0.));
#7445 = ADVANCED_FACE('',(#7446),#7449,.F.);
#7446 = FACE_BOUND('',#7447,.T.);
#7447 = EDGE_LOOP('',(#7448));
#7448 = ORIENTED_EDGE('',*,*,#7424,.F.);
#7449 = PLANE('',#7450);
#7450 = AXIS2_PLACEMENT_3D('',#7451,#7452,#7453);
#7451 = CARTESIAN_POINT('',(0.,0.,-5.));
#7452 = DIRECTION('',(0.,0.,1.));
#7453 = DIRECTION('',(1.,0.,-0.));
#7454 = ( GEOMETRIC_REPRESENTATION_CONTEXT(3) 
GLOBAL_UNCERTAINTY_ASSIGNED_CONTEXT((#7458)) 
GLOBAL_UNIT_ASSIGNED_CONTEXT((#7455,#7456,#7457)) REPRESENTATION_CONTEXT
('Context #1','3D Context with UNIT and UNCERTAINTY') );
#7455 = ( LENGTH_UNIT() NAMED_UNIT(*) SI_UNIT(.MILLI.,.METRE.) );
#7456 = ( NAMED_UNIT(*) PLANE_ANGLE_UNIT() SI_UNIT($,.RADIAN.) );
#7457 = ( NAMED_UNIT(*) SI_UNIT($,.STERADIAN.) SOLID_ANGLE_UNIT() );
#7458 = UNCERTAINTY_MEASURE_WITH_UNIT(LENGTH_MEASURE(1.E-07),#7455,
  'distance_accuracy_value','confusion accuracy');
#7459 = CONTEXT_DEPENDENT_SHAPE_REPRESENTATION(#7460,#7462);
#7460 = ( REPRESENTATION_RELATIONSHIP('','',#7400,#7169) 
REPRESENTATION_RELATIONSHIP_WITH_TRANSFORMATION(#7461) 
SHAPE_REPRESENTATION_RELATIONSHIP() );
#7461 = ITEM_DEFINED_TRANSFORMATION('','',#11,#7170);
#7462 = PRODUCT_DEFINITION_SHAPE('Placement','Placement of an item',
  #7463);
#7463 = NEXT_ASSEMBLY_USAGE_OCCURRENCE('34','Leads028','',#7164,#7395,$
  );
#7464 = PRODUCT_RELATED_PRODUCT_CATEGORY('part',$,(#7397));
#7465 = SHAPE_DEFINITION_REPRESENTATION(#7466,#7472);
#7466 = PRODUCT_DEFINITION_SHAPE('','',#7467);
#7467 = PRODUCT_DEFINITION('design','',#7468,#7471);
#7468 = PRODUCT_DEFINITION_FORMATION('','',#7469);
#7469 = PRODUCT('Leads029','Leads029','',(#7470));
#7470 = PRODUCT_CONTEXT('',#2,'mechanical');
#7471 = PRODUCT_DEFINITION_CONTEXT('part definition',#2,'design');
#7472 = ADVANCED_BREP_SHAPE_REPRESENTATION('',(#11,#7473),#7526);
#7473 = MANIFOLD_SOLID_BREP('',#7474);
#7474 = CLOSED_SHELL('',(#7475,#7508,#7517));
#7475 = ADVANCED_FACE('',(#7476),#7503,.T.);
#7476 = FACE_BOUND('',#7477,.T.);
#7477 = EDGE_LOOP('',(#7478,#7487,#7495,#7502));
#7478 = ORIENTED_EDGE('',*,*,#7479,.F.);
#7479 = EDGE_CURVE('',#7480,#7480,#7482,.T.);
#7480 = VERTEX_POINT('',#7481);
#7481 = CARTESIAN_POINT('',(-2.285,-6.245698675652E-17,0.1));
#7482 = CIRCLE('',#7483,0.255);
#7483 = AXIS2_PLACEMENT_3D('',#7484,#7485,#7486);
#7484 = CARTESIAN_POINT('',(-2.54,0.,0.1));
#7485 = DIRECTION('',(0.,0.,1.));
#7486 = DIRECTION('',(1.,0.,-0.));
#7487 = ORIENTED_EDGE('',*,*,#7488,.F.);
#7488 = EDGE_CURVE('',#7489,#7480,#7491,.T.);
#7489 = VERTEX_POINT('',#7490);
#7490 = CARTESIAN_POINT('',(-2.285,-6.245698675652E-17,-5.));
#7491 = LINE('',#7492,#7493);
#7492 = CARTESIAN_POINT('',(-2.285,-6.245698675652E-17,-5.));
#7493 = VECTOR('',#7494,1.);
#7494 = DIRECTION('',(0.,0.,1.));
#7495 = ORIENTED_EDGE('',*,*,#7496,.T.);
#7496 = EDGE_CURVE('',#7489,#7489,#7497,.T.);
#7497 = CIRCLE('',#7498,0.255);
#7498 = AXIS2_PLACEMENT_3D('',#7499,#7500,#7501);
#7499 = CARTESIAN_POINT('',(-2.54,0.,-5.));
#7500 = DIRECTION('',(0.,0.,1.));
#7501 = DIRECTION('',(1.,0.,-0.));
#7502 = ORIENTED_EDGE('',*,*,#7488,.T.);
#7503 = CYLINDRICAL_SURFACE('',#7504,0.255);
#7504 = AXIS2_PLACEMENT_3D('',#7505,#7506,#7507);
#7505 = CARTESIAN_POINT('',(-2.54,0.,-5.));
#7506 = DIRECTION('',(0.,0.,1.));
#7507 = DIRECTION('',(1.,0.,-0.));
#7508 = ADVANCED_FACE('',(#7509),#7512,.T.);
#7509 = FACE_BOUND('',#7510,.T.);
#7510 = EDGE_LOOP('',(#7511));
#7511 = ORIENTED_EDGE('',*,*,#7479,.T.);
#7512 = PLANE('',#7513);
#7513 = AXIS2_PLACEMENT_3D('',#7514,#7515,#7516);
#7514 = CARTESIAN_POINT('',(-2.54,0.,0.1));
#7515 = DIRECTION('',(0.,0.,1.));
#7516 = DIRECTION('',(1.,0.,-0.));
#7517 = ADVANCED_FACE('',(#7518),#7521,.F.);
#7518 = FACE_BOUND('',#7519,.T.);
#7519 = EDGE_LOOP('',(#7520));
#7520 = ORIENTED_EDGE('',*,*,#7496,.F.);
#7521 = PLANE('',#7522);
#7522 = AXIS2_PLACEMENT_3D('',#7523,#7524,#7525);
#7523 = CARTESIAN_POINT('',(-2.54,0.,-5.));
#7524 = DIRECTION('',(0.,0.,1.));
#7525 = DIRECTION('',(1.,0.,-0.));
#7526 = ( GEOMETRIC_REPRESENTATION_CONTEXT(3) 
GLOBAL_UNCERTAINTY_ASSIGNED_CONTEXT((#7530)) 
GLOBAL_UNIT_ASSIGNED_CONTEXT((#7527,#7528,#7529)) REPRESENTATION_CONTEXT
('Context #1','3D Context with UNIT and UNCERTAINTY') );
#7527 = ( LENGTH_UNIT() NAMED_UNIT(*) SI_UNIT(.MILLI.,.METRE.) );
#7528 = ( NAMED_UNIT(*) PLANE_ANGLE_UNIT() SI_UNIT($,.RADIAN.) );
#7529 = ( NAMED_UNIT(*) SI_UNIT($,.STERADIAN.) SOLID_ANGLE_UNIT() );
#7530 = UNCERTAINTY_MEASURE_WITH_UNIT(LENGTH_MEASURE(1.E-07),#7527,
  'distance_accuracy_value','confusion accuracy');
#7531 = CONTEXT_DEPENDENT_SHAPE_REPRESENTATION(#7532,#7534);
#7532 = ( REPRESENTATION_RELATIONSHIP('','',#7472,#7169) 
REPRESENTATION_RELATIONSHIP_WITH_TRANSFORMATION(#7533) 
SHAPE_REPRESENTATION_RELATIONSHIP() );
#7533 = ITEM_DEFINED_TRANSFORMATION('','',#11,#7174);
#7534 = PRODUCT_DEFINITION_SHAPE('Placement','Placement of an item',
  #7535);
#7535 = NEXT_ASSEMBLY_USAGE_OCCURRENCE('35','Leads029','',#7164,#7467,$
  );
#7536 = PRODUCT_RELATED_PRODUCT_CATEGORY('part',$,(#7469));
#7537 = SHAPE_DEFINITION_REPRESENTATION(#7538,#7544);
#7538 = PRODUCT_DEFINITION_SHAPE('','',#7539);
#7539 = PRODUCT_DEFINITION('design','',#7540,#7543);
#7540 = PRODUCT_DEFINITION_FORMATION('','',#7541);
#7541 = PRODUCT('Leads030','Leads030','',(#7542));
#7542 = PRODUCT_CONTEXT('',#2,'mechanical');
#7543 = PRODUCT_DEFINITION_CONTEXT('part definition',#2,'design');
#7544 = ADVANCED_BREP_SHAPE_REPRESENTATION('',(#11,#7545),#7598);
#7545 = MANIFOLD_SOLID_BREP('',#7546);
#7546 = CLOSED_SHELL('',(#7547,#7580,#7589));
#7547 = ADVANCED_FACE('',(#7548),#7575,.T.);
#7548 = FACE_BOUND('',#7549,.T.);
#7549 = EDGE_LOOP('',(#7550,#7559,#7567,#7574));
#7550 = ORIENTED_EDGE('',*,*,#7551,.F.);
#7551 = EDGE_CURVE('',#7552,#7552,#7554,.T.);
#7552 = VERTEX_POINT('',#7553);
#7553 = CARTESIAN_POINT('',(-4.825,-6.245698675652E-17,0.1));
#7554 = CIRCLE('',#7555,0.255);
#7555 = AXIS2_PLACEMENT_3D('',#7556,#7557,#7558);
#7556 = CARTESIAN_POINT('',(-5.08,0.,0.1));
#7557 = DIRECTION('',(0.,0.,1.));
#7558 = DIRECTION('',(1.,0.,-0.));
#7559 = ORIENTED_EDGE('',*,*,#7560,.F.);
#7560 = EDGE_CURVE('',#7561,#7552,#7563,.T.);
#7561 = VERTEX_POINT('',#7562);
#7562 = CARTESIAN_POINT('',(-4.825,-6.245698675652E-17,-5.));
#7563 = LINE('',#7564,#7565);
#7564 = CARTESIAN_POINT('',(-4.825,-6.245698675652E-17,-5.));
#7565 = VECTOR('',#7566,1.);
#7566 = DIRECTION('',(0.,0.,1.));
#7567 = ORIENTED_EDGE('',*,*,#7568,.T.);
#7568 = EDGE_CURVE('',#7561,#7561,#7569,.T.);
#7569 = CIRCLE('',#7570,0.255);
#7570 = AXIS2_PLACEMENT_3D('',#7571,#7572,#7573);
#7571 = CARTESIAN_POINT('',(-5.08,0.,-5.));
#7572 = DIRECTION('',(0.,0.,1.));
#7573 = DIRECTION('',(1.,0.,-0.));
#7574 = ORIENTED_EDGE('',*,*,#7560,.T.);
#7575 = CYLINDRICAL_SURFACE('',#7576,0.255);
#7576 = AXIS2_PLACEMENT_3D('',#7577,#7578,#7579);
#7577 = CARTESIAN_POINT('',(-5.08,0.,-5.));
#7578 = DIRECTION('',(0.,0.,1.));
#7579 = DIRECTION('',(1.,0.,-0.));
#7580 = ADVANCED_FACE('',(#7581),#7584,.T.);
#7581 = FACE_BOUND('',#7582,.T.);
#7582 = EDGE_LOOP('',(#7583));
#7583 = ORIENTED_EDGE('',*,*,#7551,.T.);
#7584 = PLANE('',#7585);
#7585 = AXIS2_PLACEMENT_3D('',#7586,#7587,#7588);
#7586 = CARTESIAN_POINT('',(-5.08,0.,0.1));
#7587 = DIRECTION('',(0.,0.,1.));
#7588 = DIRECTION('',(1.,0.,-0.));
#7589 = ADVANCED_FACE('',(#7590),#7593,.F.);
#7590 = FACE_BOUND('',#7591,.T.);
#7591 = EDGE_LOOP('',(#7592));
#7592 = ORIENTED_EDGE('',*,*,#7568,.F.);
#7593 = PLANE('',#7594);
#7594 = AXIS2_PLACEMENT_3D('',#7595,#7596,#7597);
#7595 = CARTESIAN_POINT('',(-5.08,0.,-5.));
#7596 = DIRECTION('',(0.,0.,1.));
#7597 = DIRECTION('',(1.,0.,-0.));
#7598 = ( GEOMETRIC_REPRESENTATION_CONTEXT(3) 
GLOBAL_UNCERTAINTY_ASSIGNED_CONTEXT((#7602)) 
GLOBAL_UNIT_ASSIGNED_CONTEXT((#7599,#7600,#7601)) REPRESENTATION_CONTEXT
('Context #1','3D Context with UNIT and UNCERTAINTY') );
#7599 = ( LENGTH_UNIT() NAMED_UNIT(*) SI_UNIT(.MILLI.,.METRE.) );
#7600 = ( NAMED_UNIT(*) PLANE_ANGLE_UNIT() SI_UNIT($,.RADIAN.) );
#7601 = ( NAMED_UNIT(*) SI_UNIT($,.STERADIAN.) SOLID_ANGLE_UNIT() );
#7602 = UNCERTAINTY_MEASURE_WITH_UNIT(LENGTH_MEASURE(1.E-07),#7599,
  'distance_accuracy_value','confusion accuracy');
#7603 = CONTEXT_DEPENDENT_SHAPE_REPRESENTATION(#7604,#7606);
#7604 = ( REPRESENTATION_RELATIONSHIP('','',#7544,#7169) 
REPRESENTATION_RELATIONSHIP_WITH_TRANSFORMATION(#7605) 
SHAPE_REPRESENTATION_RELATIONSHIP() );
#7605 = ITEM_DEFINED_TRANSFORMATION('','',#11,#7178);
#7606 = PRODUCT_DEFINITION_SHAPE('Placement','Placement of an item',
  #7607);
#7607 = NEXT_ASSEMBLY_USAGE_OCCURRENCE('36','Leads030','',#7164,#7539,$
  );
#7608 = PRODUCT_RELATED_PRODUCT_CATEGORY('part',$,(#7541));
#7609 = SHAPE_DEFINITION_REPRESENTATION(#7610,#7616);
#7610 = PRODUCT_DEFINITION_SHAPE('','',#7611);
#7611 = PRODUCT_DEFINITION('design','',#7612,#7615);
#7612 = PRODUCT_DEFINITION_FORMATION('','',#7613);
#7613 = PRODUCT('Leads031','Leads031','',(#7614));
#7614 = PRODUCT_CONTEXT('',#2,'mechanical');
#7615 = PRODUCT_DEFINITION_CONTEXT('part definition',#2,'design');
#7616 = ADVANCED_BREP_SHAPE_REPRESENTATION('',(#11,#7617),#7670);
#7617 = MANIFOLD_SOLID_BREP('',#7618);
#7618 = CLOSED_SHELL('',(#7619,#7652,#7661));
#7619 = ADVANCED_FACE('',(#7620),#7647,.T.);
#7620 = FACE_BOUND('',#7621,.T.);
#7621 = EDGE_LOOP('',(#7622,#7631,#7639,#7646));
#7622 = ORIENTED_EDGE('',*,*,#7623,.F.);
#7623 = EDGE_CURVE('',#7624,#7624,#7626,.T.);
#7624 = VERTEX_POINT('',#7625);
#7625 = CARTESIAN_POINT('',(-7.365,-6.245698675652E-17,0.1));
#7626 = CIRCLE('',#7627,0.255);
#7627 = AXIS2_PLACEMENT_3D('',#7628,#7629,#7630);
#7628 = CARTESIAN_POINT('',(-7.62,0.,0.1));
#7629 = DIRECTION('',(0.,0.,1.));
#7630 = DIRECTION('',(1.,0.,-0.));
#7631 = ORIENTED_EDGE('',*,*,#7632,.F.);
#7632 = EDGE_CURVE('',#7633,#7624,#7635,.T.);
#7633 = VERTEX_POINT('',#7634);
#7634 = CARTESIAN_POINT('',(-7.365,-6.245698675652E-17,-5.));
#7635 = LINE('',#7636,#7637);
#7636 = CARTESIAN_POINT('',(-7.365,-6.245698675652E-17,-5.));
#7637 = VECTOR('',#7638,1.);
#7638 = DIRECTION('',(0.,0.,1.));
#7639 = ORIENTED_EDGE('',*,*,#7640,.T.);
#7640 = EDGE_CURVE('',#7633,#7633,#7641,.T.);
#7641 = CIRCLE('',#7642,0.255);
#7642 = AXIS2_PLACEMENT_3D('',#7643,#7644,#7645);
#7643 = CARTESIAN_POINT('',(-7.62,0.,-5.));
#7644 = DIRECTION('',(0.,0.,1.));
#7645 = DIRECTION('',(1.,0.,-0.));
#7646 = ORIENTED_EDGE('',*,*,#7632,.T.);
#7647 = CYLINDRICAL_SURFACE('',#7648,0.255);
#7648 = AXIS2_PLACEMENT_3D('',#7649,#7650,#7651);
#7649 = CARTESIAN_POINT('',(-7.62,0.,-5.));
#7650 = DIRECTION('',(0.,0.,1.));
#7651 = DIRECTION('',(1.,0.,-0.));
#7652 = ADVANCED_FACE('',(#7653),#7656,.T.);
#7653 = FACE_BOUND('',#7654,.T.);
#7654 = EDGE_LOOP('',(#7655));
#7655 = ORIENTED_EDGE('',*,*,#7623,.T.);
#7656 = PLANE('',#7657);
#7657 = AXIS2_PLACEMENT_3D('',#7658,#7659,#7660);
#7658 = CARTESIAN_POINT('',(-7.62,0.,0.1));
#7659 = DIRECTION('',(0.,0.,1.));
#7660 = DIRECTION('',(1.,0.,-0.));
#7661 = ADVANCED_FACE('',(#7662),#7665,.F.);
#7662 = FACE_BOUND('',#7663,.T.);
#7663 = EDGE_LOOP('',(#7664));
#7664 = ORIENTED_EDGE('',*,*,#7640,.F.);
#7665 = PLANE('',#7666);
#7666 = AXIS2_PLACEMENT_3D('',#7667,#7668,#7669);
#7667 = CARTESIAN_POINT('',(-7.62,0.,-5.));
#7668 = DIRECTION('',(0.,0.,1.));
#7669 = DIRECTION('',(1.,0.,-0.));
#7670 = ( GEOMETRIC_REPRESENTATION_CONTEXT(3) 
GLOBAL_UNCERTAINTY_ASSIGNED_CONTEXT((#7674)) 
GLOBAL_UNIT_ASSIGNED_CONTEXT((#7671,#7672,#7673)) REPRESENTATION_CONTEXT
('Context #1','3D Context with UNIT and UNCERTAINTY') );
#7671 = ( LENGTH_UNIT() NAMED_UNIT(*) SI_UNIT(.MILLI.,.METRE.) );
#7672 = ( NAMED_UNIT(*) PLANE_ANGLE_UNIT() SI_UNIT($,.RADIAN.) );
#7673 = ( NAMED_UNIT(*) SI_UNIT($,.STERADIAN.) SOLID_ANGLE_UNIT() );
#7674 = UNCERTAINTY_MEASURE_WITH_UNIT(LENGTH_MEASURE(1.E-07),#7671,
  'distance_accuracy_value','confusion accuracy');
#7675 = CONTEXT_DEPENDENT_SHAPE_REPRESENTATION(#7676,#7678);
#7676 = ( REPRESENTATION_RELATIONSHIP('','',#7616,#7169) 
REPRESENTATION_RELATIONSHIP_WITH_TRANSFORMATION(#7677) 
SHAPE_REPRESENTATION_RELATIONSHIP() );
#7677 = ITEM_DEFINED_TRANSFORMATION('','',#11,#7182);
#7678 = PRODUCT_DEFINITION_SHAPE('Placement','Placement of an item',
  #7679);
#7679 = NEXT_ASSEMBLY_USAGE_OCCURRENCE('37','Leads031','',#7164,#7611,$
  );
#7680 = PRODUCT_RELATED_PRODUCT_CATEGORY('part',$,(#7613));
#7681 = SHAPE_DEFINITION_REPRESENTATION(#7682,#7688);
#7682 = PRODUCT_DEFINITION_SHAPE('','',#7683);
#7683 = PRODUCT_DEFINITION('design','',#7684,#7687);
#7684 = PRODUCT_DEFINITION_FORMATION('','',#7685);
#7685 = PRODUCT('Leads032','Leads032','',(#7686));
#7686 = PRODUCT_CONTEXT('',#2,'mechanical');
#7687 = PRODUCT_DEFINITION_CONTEXT('part definition',#2,'design');
#7688 = ADVANCED_BREP_SHAPE_REPRESENTATION('',(#11,#7689),#7742);
#7689 = MANIFOLD_SOLID_BREP('',#7690);
#7690 = CLOSED_SHELL('',(#7691,#7724,#7733));
#7691 = ADVANCED_FACE('',(#7692),#7719,.T.);
#7692 = FACE_BOUND('',#7693,.T.);
#7693 = EDGE_LOOP('',(#7694,#7703,#7711,#7718));
#7694 = ORIENTED_EDGE('',*,*,#7695,.F.);
#7695 = EDGE_CURVE('',#7696,#7696,#7698,.T.);
#7696 = VERTEX_POINT('',#7697);
#7697 = CARTESIAN_POINT('',(-9.905,-6.245698675652E-17,0.1));
#7698 = CIRCLE('',#7699,0.255);
#7699 = AXIS2_PLACEMENT_3D('',#7700,#7701,#7702);
#7700 = CARTESIAN_POINT('',(-10.16,0.,0.1));
#7701 = DIRECTION('',(0.,0.,1.));
#7702 = DIRECTION('',(1.,0.,-0.));
#7703 = ORIENTED_EDGE('',*,*,#7704,.F.);
#7704 = EDGE_CURVE('',#7705,#7696,#7707,.T.);
#7705 = VERTEX_POINT('',#7706);
#7706 = CARTESIAN_POINT('',(-9.905,-6.245698675652E-17,-5.));
#7707 = LINE('',#7708,#7709);
#7708 = CARTESIAN_POINT('',(-9.905,-6.245698675652E-17,-5.));
#7709 = VECTOR('',#7710,1.);
#7710 = DIRECTION('',(0.,0.,1.));
#7711 = ORIENTED_EDGE('',*,*,#7712,.T.);
#7712 = EDGE_CURVE('',#7705,#7705,#7713,.T.);
#7713 = CIRCLE('',#7714,0.255);
#7714 = AXIS2_PLACEMENT_3D('',#7715,#7716,#7717);
#7715 = CARTESIAN_POINT('',(-10.16,0.,-5.));
#7716 = DIRECTION('',(0.,0.,1.));
#7717 = DIRECTION('',(1.,0.,-0.));
#7718 = ORIENTED_EDGE('',*,*,#7704,.T.);
#7719 = CYLINDRICAL_SURFACE('',#7720,0.255);
#7720 = AXIS2_PLACEMENT_3D('',#7721,#7722,#7723);
#7721 = CARTESIAN_POINT('',(-10.16,0.,-5.));
#7722 = DIRECTION('',(0.,0.,1.));
#7723 = DIRECTION('',(1.,0.,-0.));
#7724 = ADVANCED_FACE('',(#7725),#7728,.T.);
#7725 = FACE_BOUND('',#7726,.T.);
#7726 = EDGE_LOOP('',(#7727));
#7727 = ORIENTED_EDGE('',*,*,#7695,.T.);
#7728 = PLANE('',#7729);
#7729 = AXIS2_PLACEMENT_3D('',#7730,#7731,#7732);
#7730 = CARTESIAN_POINT('',(-10.16,0.,0.1));
#7731 = DIRECTION('',(0.,0.,1.));
#7732 = DIRECTION('',(1.,0.,-0.));
#7733 = ADVANCED_FACE('',(#7734),#7737,.F.);
#7734 = FACE_BOUND('',#7735,.T.);
#7735 = EDGE_LOOP('',(#7736));
#7736 = ORIENTED_EDGE('',*,*,#7712,.F.);
#7737 = PLANE('',#7738);
#7738 = AXIS2_PLACEMENT_3D('',#7739,#7740,#7741);
#7739 = CARTESIAN_POINT('',(-10.16,0.,-5.));
#7740 = DIRECTION('',(0.,0.,1.));
#7741 = DIRECTION('',(1.,0.,-0.));
#7742 = ( GEOMETRIC_REPRESENTATION_CONTEXT(3) 
GLOBAL_UNCERTAINTY_ASSIGNED_CONTEXT((#7746)) 
GLOBAL_UNIT_ASSIGNED_CONTEXT((#7743,#7744,#7745)) REPRESENTATION_CONTEXT
('Context #1','3D Context with UNIT and UNCERTAINTY') );
#7743 = ( LENGTH_UNIT() NAMED_UNIT(*) SI_UNIT(.MILLI.,.METRE.) );
#7744 = ( NAMED_UNIT(*) PLANE_ANGLE_UNIT() SI_UNIT($,.RADIAN.) );
#7745 = ( NAMED_UNIT(*) SI_UNIT($,.STERADIAN.) SOLID_ANGLE_UNIT() );
#7746 = UNCERTAINTY_MEASURE_WITH_UNIT(LENGTH_MEASURE(1.E-07),#7743,
  'distance_accuracy_value','confusion accuracy');
#7747 = CONTEXT_DEPENDENT_SHAPE_REPRESENTATION(#7748,#7750);
#7748 = ( REPRESENTATION_RELATIONSHIP('','',#7688,#7169) 
REPRESENTATION_RELATIONSHIP_WITH_TRANSFORMATION(#7749) 
SHAPE_REPRESENTATION_RELATIONSHIP() );
#7749 = ITEM_DEFINED_TRANSFORMATION('','',#11,#7186);
#7750 = PRODUCT_DEFINITION_SHAPE('Placement','Placement of an item',
  #7751);
#7751 = NEXT_ASSEMBLY_USAGE_OCCURRENCE('38','Leads032','',#7164,#7683,$
  );
#7752 = PRODUCT_RELATED_PRODUCT_CATEGORY('part',$,(#7685));
#7753 = SHAPE_DEFINITION_REPRESENTATION(#7754,#7760);
#7754 = PRODUCT_DEFINITION_SHAPE('','',#7755);
#7755 = PRODUCT_DEFINITION('design','',#7756,#7759);
#7756 = PRODUCT_DEFINITION_FORMATION('','',#7757);
#7757 = PRODUCT('Leads033','Leads033','',(#7758));
#7758 = PRODUCT_CONTEXT('',#2,'mechanical');
#7759 = PRODUCT_DEFINITION_CONTEXT('part definition',#2,'design');
#7760 = ADVANCED_BREP_SHAPE_REPRESENTATION('',(#11,#7761),#7814);
#7761 = MANIFOLD_SOLID_BREP('',#7762);
#7762 = CLOSED_SHELL('',(#7763,#7796,#7805));
#7763 = ADVANCED_FACE('',(#7764),#7791,.T.);
#7764 = FACE_BOUND('',#7765,.T.);
#7765 = EDGE_LOOP('',(#7766,#7775,#7783,#7790));
#7766 = ORIENTED_EDGE('',*,*,#7767,.F.);
#7767 = EDGE_CURVE('',#7768,#7768,#7770,.T.);
#7768 = VERTEX_POINT('',#7769);
#7769 = CARTESIAN_POINT('',(-12.445,-6.245698675652E-17,0.1));
#7770 = CIRCLE('',#7771,0.255);
#7771 = AXIS2_PLACEMENT_3D('',#7772,#7773,#7774);
#7772 = CARTESIAN_POINT('',(-12.7,0.,0.1));
#7773 = DIRECTION('',(0.,0.,1.));
#7774 = DIRECTION('',(1.,0.,-0.));
#7775 = ORIENTED_EDGE('',*,*,#7776,.F.);
#7776 = EDGE_CURVE('',#7777,#7768,#7779,.T.);
#7777 = VERTEX_POINT('',#7778);
#7778 = CARTESIAN_POINT('',(-12.445,-6.245698675652E-17,-5.));
#7779 = LINE('',#7780,#7781);
#7780 = CARTESIAN_POINT('',(-12.445,-6.245698675652E-17,-5.));
#7781 = VECTOR('',#7782,1.);
#7782 = DIRECTION('',(0.,0.,1.));
#7783 = ORIENTED_EDGE('',*,*,#7784,.T.);
#7784 = EDGE_CURVE('',#7777,#7777,#7785,.T.);
#7785 = CIRCLE('',#7786,0.255);
#7786 = AXIS2_PLACEMENT_3D('',#7787,#7788,#7789);
#7787 = CARTESIAN_POINT('',(-12.7,0.,-5.));
#7788 = DIRECTION('',(0.,0.,1.));
#7789 = DIRECTION('',(1.,0.,-0.));
#7790 = ORIENTED_EDGE('',*,*,#7776,.T.);
#7791 = CYLINDRICAL_SURFACE('',#7792,0.255);
#7792 = AXIS2_PLACEMENT_3D('',#7793,#7794,#7795);
#7793 = CARTESIAN_POINT('',(-12.7,0.,-5.));
#7794 = DIRECTION('',(0.,0.,1.));
#7795 = DIRECTION('',(1.,0.,-0.));
#7796 = ADVANCED_FACE('',(#7797),#7800,.T.);
#7797 = FACE_BOUND('',#7798,.T.);
#7798 = EDGE_LOOP('',(#7799));
#7799 = ORIENTED_EDGE('',*,*,#7767,.T.);
#7800 = PLANE('',#7801);
#7801 = AXIS2_PLACEMENT_3D('',#7802,#7803,#7804);
#7802 = CARTESIAN_POINT('',(-12.7,0.,0.1));
#7803 = DIRECTION('',(0.,0.,1.));
#7804 = DIRECTION('',(1.,0.,-0.));
#7805 = ADVANCED_FACE('',(#7806),#7809,.F.);
#7806 = FACE_BOUND('',#7807,.T.);
#7807 = EDGE_LOOP('',(#7808));
#7808 = ORIENTED_EDGE('',*,*,#7784,.F.);
#7809 = PLANE('',#7810);
#7810 = AXIS2_PLACEMENT_3D('',#7811,#7812,#7813);
#7811 = CARTESIAN_POINT('',(-12.7,0.,-5.));
#7812 = DIRECTION('',(0.,0.,1.));
#7813 = DIRECTION('',(1.,0.,-0.));
#7814 = ( GEOMETRIC_REPRESENTATION_CONTEXT(3) 
GLOBAL_UNCERTAINTY_ASSIGNED_CONTEXT((#7818)) 
GLOBAL_UNIT_ASSIGNED_CONTEXT((#7815,#7816,#7817)) REPRESENTATION_CONTEXT
('Context #1','3D Context with UNIT and UNCERTAINTY') );
#7815 = ( LENGTH_UNIT() NAMED_UNIT(*) SI_UNIT(.MILLI.,.METRE.) );
#7816 = ( NAMED_UNIT(*) PLANE_ANGLE_UNIT() SI_UNIT($,.RADIAN.) );
#7817 = ( NAMED_UNIT(*) SI_UNIT($,.STERADIAN.) SOLID_ANGLE_UNIT() );
#7818 = UNCERTAINTY_MEASURE_WITH_UNIT(LENGTH_MEASURE(1.E-07),#7815,
  'distance_accuracy_value','confusion accuracy');
#7819 = CONTEXT_DEPENDENT_SHAPE_REPRESENTATION(#7820,#7822);
#7820 = ( REPRESENTATION_RELATIONSHIP('','',#7760,#7169) 
REPRESENTATION_RELATIONSHIP_WITH_TRANSFORMATION(#7821) 
SHAPE_REPRESENTATION_RELATIONSHIP() );
#7821 = ITEM_DEFINED_TRANSFORMATION('','',#11,#7190);
#7822 = PRODUCT_DEFINITION_SHAPE('Placement','Placement of an item',
  #7823);
#7823 = NEXT_ASSEMBLY_USAGE_OCCURRENCE('39','Leads033','',#7164,#7755,$
  );
#7824 = PRODUCT_RELATED_PRODUCT_CATEGORY('part',$,(#7757));
#7825 = SHAPE_DEFINITION_REPRESENTATION(#7826,#7832);
#7826 = PRODUCT_DEFINITION_SHAPE('','',#7827);
#7827 = PRODUCT_DEFINITION('design','',#7828,#7831);
#7828 = PRODUCT_DEFINITION_FORMATION('','',#7829);
#7829 = PRODUCT('Leads034','Leads034','',(#7830));
#7830 = PRODUCT_CONTEXT('',#2,'mechanical');
#7831 = PRODUCT_DEFINITION_CONTEXT('part definition',#2,'design');
#7832 = ADVANCED_BREP_SHAPE_REPRESENTATION('',(#11,#7833),#7886);
#7833 = MANIFOLD_SOLID_BREP('',#7834);
#7834 = CLOSED_SHELL('',(#7835,#7868,#7877));
#7835 = ADVANCED_FACE('',(#7836),#7863,.T.);
#7836 = FACE_BOUND('',#7837,.T.);
#7837 = EDGE_LOOP('',(#7838,#7847,#7855,#7862));
#7838 = ORIENTED_EDGE('',*,*,#7839,.F.);
#7839 = EDGE_CURVE('',#7840,#7840,#7842,.T.);
#7840 = VERTEX_POINT('',#7841);
#7841 = CARTESIAN_POINT('',(-14.985,-6.245698675652E-17,0.1));
#7842 = CIRCLE('',#7843,0.255);
#7843 = AXIS2_PLACEMENT_3D('',#7844,#7845,#7846);
#7844 = CARTESIAN_POINT('',(-15.24,0.,0.1));
#7845 = DIRECTION('',(0.,0.,1.));
#7846 = DIRECTION('',(1.,0.,-0.));
#7847 = ORIENTED_EDGE('',*,*,#7848,.F.);
#7848 = EDGE_CURVE('',#7849,#7840,#7851,.T.);
#7849 = VERTEX_POINT('',#7850);
#7850 = CARTESIAN_POINT('',(-14.985,-6.245698675652E-17,-5.));
#7851 = LINE('',#7852,#7853);
#7852 = CARTESIAN_POINT('',(-14.985,-6.245698675652E-17,-5.));
#7853 = VECTOR('',#7854,1.);
#7854 = DIRECTION('',(0.,0.,1.));
#7855 = ORIENTED_EDGE('',*,*,#7856,.T.);
#7856 = EDGE_CURVE('',#7849,#7849,#7857,.T.);
#7857 = CIRCLE('',#7858,0.255);
#7858 = AXIS2_PLACEMENT_3D('',#7859,#7860,#7861);
#7859 = CARTESIAN_POINT('',(-15.24,0.,-5.));
#7860 = DIRECTION('',(0.,0.,1.));
#7861 = DIRECTION('',(1.,0.,-0.));
#7862 = ORIENTED_EDGE('',*,*,#7848,.T.);
#7863 = CYLINDRICAL_SURFACE('',#7864,0.255);
#7864 = AXIS2_PLACEMENT_3D('',#7865,#7866,#7867);
#7865 = CARTESIAN_POINT('',(-15.24,0.,-5.));
#7866 = DIRECTION('',(0.,0.,1.));
#7867 = DIRECTION('',(1.,0.,-0.));
#7868 = ADVANCED_FACE('',(#7869),#7872,.T.);
#7869 = FACE_BOUND('',#7870,.T.);
#7870 = EDGE_LOOP('',(#7871));
#7871 = ORIENTED_EDGE('',*,*,#7839,.T.);
#7872 = PLANE('',#7873);
#7873 = AXIS2_PLACEMENT_3D('',#7874,#7875,#7876);
#7874 = CARTESIAN_POINT('',(-15.24,0.,0.1));
#7875 = DIRECTION('',(0.,0.,1.));
#7876 = DIRECTION('',(1.,0.,-0.));
#7877 = ADVANCED_FACE('',(#7878),#7881,.F.);
#7878 = FACE_BOUND('',#7879,.T.);
#7879 = EDGE_LOOP('',(#7880));
#7880 = ORIENTED_EDGE('',*,*,#7856,.F.);
#7881 = PLANE('',#7882);
#7882 = AXIS2_PLACEMENT_3D('',#7883,#7884,#7885);
#7883 = CARTESIAN_POINT('',(-15.24,0.,-5.));
#7884 = DIRECTION('',(0.,0.,1.));
#7885 = DIRECTION('',(1.,0.,-0.));
#7886 = ( GEOMETRIC_REPRESENTATION_CONTEXT(3) 
GLOBAL_UNCERTAINTY_ASSIGNED_CONTEXT((#7890)) 
GLOBAL_UNIT_ASSIGNED_CONTEXT((#7887,#7888,#7889)) REPRESENTATION_CONTEXT
('Context #1','3D Context with UNIT and UNCERTAINTY') );
#7887 = ( LENGTH_UNIT() NAMED_UNIT(*) SI_UNIT(.MILLI.,.METRE.) );
#7888 = ( NAMED_UNIT(*) PLANE_ANGLE_UNIT() SI_UNIT($,.RADIAN.) );
#7889 = ( NAMED_UNIT(*) SI_UNIT($,.STERADIAN.) SOLID_ANGLE_UNIT() );
#7890 = UNCERTAINTY_MEASURE_WITH_UNIT(LENGTH_MEASURE(1.E-07),#7887,
  'distance_accuracy_value','confusion accuracy');
#7891 = CONTEXT_DEPENDENT_SHAPE_REPRESENTATION(#7892,#7894);
#7892 = ( REPRESENTATION_RELATIONSHIP('','',#7832,#7169) 
REPRESENTATION_RELATIONSHIP_WITH_TRANSFORMATION(#7893) 
SHAPE_REPRESENTATION_RELATIONSHIP() );
#7893 = ITEM_DEFINED_TRANSFORMATION('','',#11,#7194);
#7894 = PRODUCT_DEFINITION_SHAPE('Placement','Placement of an item',
  #7895);
#7895 = NEXT_ASSEMBLY_USAGE_OCCURRENCE('40','Leads034','',#7164,#7827,$
  );
#7896 = PRODUCT_RELATED_PRODUCT_CATEGORY('part',$,(#7829));
#7897 = SHAPE_DEFINITION_REPRESENTATION(#7898,#7904);
#7898 = PRODUCT_DEFINITION_SHAPE('','',#7899);
#7899 = PRODUCT_DEFINITION('design','',#7900,#7903);
#7900 = PRODUCT_DEFINITION_FORMATION('','',#7901);
#7901 = PRODUCT('Leads035','Leads035','',(#7902));
#7902 = PRODUCT_CONTEXT('',#2,'mechanical');
#7903 = PRODUCT_DEFINITION_CONTEXT('part definition',#2,'design');
#7904 = ADVANCED_BREP_SHAPE_REPRESENTATION('',(#11,#7905),#7958);
#7905 = MANIFOLD_SOLID_BREP('',#7906);
#7906 = CLOSED_SHELL('',(#7907,#7940,#7949));
#7907 = ADVANCED_FACE('',(#7908),#7935,.T.);
#7908 = FACE_BOUND('',#7909,.T.);
#7909 = EDGE_LOOP('',(#7910,#7919,#7927,#7934));
#7910 = ORIENTED_EDGE('',*,*,#7911,.F.);
#7911 = EDGE_CURVE('',#7912,#7912,#7914,.T.);
#7912 = VERTEX_POINT('',#7913);
#7913 = CARTESIAN_POINT('',(-17.525,-6.245698675652E-17,0.1));
#7914 = CIRCLE('',#7915,0.255);
#7915 = AXIS2_PLACEMENT_3D('',#7916,#7917,#7918);
#7916 = CARTESIAN_POINT('',(-17.78,0.,0.1));
#7917 = DIRECTION('',(0.,0.,1.));
#7918 = DIRECTION('',(1.,0.,-0.));
#7919 = ORIENTED_EDGE('',*,*,#7920,.F.);
#7920 = EDGE_CURVE('',#7921,#7912,#7923,.T.);
#7921 = VERTEX_POINT('',#7922);
#7922 = CARTESIAN_POINT('',(-17.525,-6.245698675652E-17,-5.));
#7923 = LINE('',#7924,#7925);
#7924 = CARTESIAN_POINT('',(-17.525,-6.245698675652E-17,-5.));
#7925 = VECTOR('',#7926,1.);
#7926 = DIRECTION('',(0.,0.,1.));
#7927 = ORIENTED_EDGE('',*,*,#7928,.T.);
#7928 = EDGE_CURVE('',#7921,#7921,#7929,.T.);
#7929 = CIRCLE('',#7930,0.255);
#7930 = AXIS2_PLACEMENT_3D('',#7931,#7932,#7933);
#7931 = CARTESIAN_POINT('',(-17.78,0.,-5.));
#7932 = DIRECTION('',(0.,0.,1.));
#7933 = DIRECTION('',(1.,0.,-0.));
#7934 = ORIENTED_EDGE('',*,*,#7920,.T.);
#7935 = CYLINDRICAL_SURFACE('',#7936,0.255);
#7936 = AXIS2_PLACEMENT_3D('',#7937,#7938,#7939);
#7937 = CARTESIAN_POINT('',(-17.78,0.,-5.));
#7938 = DIRECTION('',(0.,0.,1.));
#7939 = DIRECTION('',(1.,0.,-0.));
#7940 = ADVANCED_FACE('',(#7941),#7944,.T.);
#7941 = FACE_BOUND('',#7942,.T.);
#7942 = EDGE_LOOP('',(#7943));
#7943 = ORIENTED_EDGE('',*,*,#7911,.T.);
#7944 = PLANE('',#7945);
#7945 = AXIS2_PLACEMENT_3D('',#7946,#7947,#7948);
#7946 = CARTESIAN_POINT('',(-17.78,0.,0.1));
#7947 = DIRECTION('',(0.,0.,1.));
#7948 = DIRECTION('',(1.,0.,-0.));
#7949 = ADVANCED_FACE('',(#7950),#7953,.F.);
#7950 = FACE_BOUND('',#7951,.T.);
#7951 = EDGE_LOOP('',(#7952));
#7952 = ORIENTED_EDGE('',*,*,#7928,.F.);
#7953 = PLANE('',#7954);
#7954 = AXIS2_PLACEMENT_3D('',#7955,#7956,#7957);
#7955 = CARTESIAN_POINT('',(-17.78,0.,-5.));
#7956 = DIRECTION('',(0.,0.,1.));
#7957 = DIRECTION('',(1.,0.,-0.));
#7958 = ( GEOMETRIC_REPRESENTATION_CONTEXT(3) 
GLOBAL_UNCERTAINTY_ASSIGNED_CONTEXT((#7962)) 
GLOBAL_UNIT_ASSIGNED_CONTEXT((#7959,#7960,#7961)) REPRESENTATION_CONTEXT
('Context #1','3D Context with UNIT and UNCERTAINTY') );
#7959 = ( LENGTH_UNIT() NAMED_UNIT(*) SI_UNIT(.MILLI.,.METRE.) );
#7960 = ( NAMED_UNIT(*) PLANE_ANGLE_UNIT() SI_UNIT($,.RADIAN.) );
#7961 = ( NAMED_UNIT(*) SI_UNIT($,.STERADIAN.) SOLID_ANGLE_UNIT() );
#7962 = UNCERTAINTY_MEASURE_WITH_UNIT(LENGTH_MEASURE(1.E-07),#7959,
  'distance_accuracy_value','confusion accuracy');
#7963 = CONTEXT_DEPENDENT_SHAPE_REPRESENTATION(#7964,#7966);
#7964 = ( REPRESENTATION_RELATIONSHIP('','',#7904,#7169) 
REPRESENTATION_RELATIONSHIP_WITH_TRANSFORMATION(#7965) 
SHAPE_REPRESENTATION_RELATIONSHIP() );
#7965 = ITEM_DEFINED_TRANSFORMATION('','',#11,#7198);
#7966 = PRODUCT_DEFINITION_SHAPE('Placement','Placement of an item',
  #7967);
#7967 = NEXT_ASSEMBLY_USAGE_OCCURRENCE('41','Leads035','',#7164,#7899,$
  );
#7968 = PRODUCT_RELATED_PRODUCT_CATEGORY('part',$,(#7901));
#7969 = SHAPE_DEFINITION_REPRESENTATION(#7970,#7976);
#7970 = PRODUCT_DEFINITION_SHAPE('','',#7971);
#7971 = PRODUCT_DEFINITION('design','',#7972,#7975);
#7972 = PRODUCT_DEFINITION_FORMATION('','',#7973);
#7973 = PRODUCT('Leads036','Leads036','',(#7974));
#7974 = PRODUCT_CONTEXT('',#2,'mechanical');
#7975 = PRODUCT_DEFINITION_CONTEXT('part definition',#2,'design');
#7976 = ADVANCED_BREP_SHAPE_REPRESENTATION('',(#11,#7977),#8030);
#7977 = MANIFOLD_SOLID_BREP('',#7978);
#7978 = CLOSED_SHELL('',(#7979,#8012,#8021));
#7979 = ADVANCED_FACE('',(#7980),#8007,.T.);
#7980 = FACE_BOUND('',#7981,.T.);
#7981 = EDGE_LOOP('',(#7982,#7991,#7999,#8006));
#7982 = ORIENTED_EDGE('',*,*,#7983,.F.);
#7983 = EDGE_CURVE('',#7984,#7984,#7986,.T.);
#7984 = VERTEX_POINT('',#7985);
#7985 = CARTESIAN_POINT('',(-20.065,-6.245698675652E-17,0.1));
#7986 = CIRCLE('',#7987,0.255);
#7987 = AXIS2_PLACEMENT_3D('',#7988,#7989,#7990);
#7988 = CARTESIAN_POINT('',(-20.32,0.,0.1));
#7989 = DIRECTION('',(0.,0.,1.));
#7990 = DIRECTION('',(1.,0.,-0.));
#7991 = ORIENTED_EDGE('',*,*,#7992,.F.);
#7992 = EDGE_CURVE('',#7993,#7984,#7995,.T.);
#7993 = VERTEX_POINT('',#7994);
#7994 = CARTESIAN_POINT('',(-20.065,-6.245698675652E-17,-5.));
#7995 = LINE('',#7996,#7997);
#7996 = CARTESIAN_POINT('',(-20.065,-6.245698675652E-17,-5.));
#7997 = VECTOR('',#7998,1.);
#7998 = DIRECTION('',(0.,0.,1.));
#7999 = ORIENTED_EDGE('',*,*,#8000,.T.);
#8000 = EDGE_CURVE('',#7993,#7993,#8001,.T.);
#8001 = CIRCLE('',#8002,0.255);
#8002 = AXIS2_PLACEMENT_3D('',#8003,#8004,#8005);
#8003 = CARTESIAN_POINT('',(-20.32,0.,-5.));
#8004 = DIRECTION('',(0.,0.,1.));
#8005 = DIRECTION('',(1.,0.,-0.));
#8006 = ORIENTED_EDGE('',*,*,#7992,.T.);
#8007 = CYLINDRICAL_SURFACE('',#8008,0.255);
#8008 = AXIS2_PLACEMENT_3D('',#8009,#8010,#8011);
#8009 = CARTESIAN_POINT('',(-20.32,0.,-5.));
#8010 = DIRECTION('',(0.,0.,1.));
#8011 = DIRECTION('',(1.,0.,-0.));
#8012 = ADVANCED_FACE('',(#8013),#8016,.T.);
#8013 = FACE_BOUND('',#8014,.T.);
#8014 = EDGE_LOOP('',(#8015));
#8015 = ORIENTED_EDGE('',*,*,#7983,.T.);
#8016 = PLANE('',#8017);
#8017 = AXIS2_PLACEMENT_3D('',#8018,#8019,#8020);
#8018 = CARTESIAN_POINT('',(-20.32,0.,0.1));
#8019 = DIRECTION('',(0.,0.,1.));
#8020 = DIRECTION('',(1.,0.,-0.));
#8021 = ADVANCED_FACE('',(#8022),#8025,.F.);
#8022 = FACE_BOUND('',#8023,.T.);
#8023 = EDGE_LOOP('',(#8024));
#8024 = ORIENTED_EDGE('',*,*,#8000,.F.);
#8025 = PLANE('',#8026);
#8026 = AXIS2_PLACEMENT_3D('',#8027,#8028,#8029);
#8027 = CARTESIAN_POINT('',(-20.32,0.,-5.));
#8028 = DIRECTION('',(0.,0.,1.));
#8029 = DIRECTION('',(1.,0.,-0.));
#8030 = ( GEOMETRIC_REPRESENTATION_CONTEXT(3) 
GLOBAL_UNCERTAINTY_ASSIGNED_CONTEXT((#8034)) 
GLOBAL_UNIT_ASSIGNED_CONTEXT((#8031,#8032,#8033)) REPRESENTATION_CONTEXT
('Context #1','3D Context with UNIT and UNCERTAINTY') );
#8031 = ( LENGTH_UNIT() NAMED_UNIT(*) SI_UNIT(.MILLI.,.METRE.) );
#8032 = ( NAMED_UNIT(*) PLANE_ANGLE_UNIT() SI_UNIT($,.RADIAN.) );
#8033 = ( NAMED_UNIT(*) SI_UNIT($,.STERADIAN.) SOLID_ANGLE_UNIT() );
#8034 = UNCERTAINTY_MEASURE_WITH_UNIT(LENGTH_MEASURE(1.E-07),#8031,
  'distance_accuracy_value','confusion accuracy');
#8035 = CONTEXT_DEPENDENT_SHAPE_REPRESENTATION(#8036,#8038);
#8036 = ( REPRESENTATION_RELATIONSHIP('','',#7976,#7169) 
REPRESENTATION_RELATIONSHIP_WITH_TRANSFORMATION(#8037) 
SHAPE_REPRESENTATION_RELATIONSHIP() );
#8037 = ITEM_DEFINED_TRANSFORMATION('','',#11,#7202);
#8038 = PRODUCT_DEFINITION_SHAPE('Placement','Placement of an item',
  #8039);
#8039 = NEXT_ASSEMBLY_USAGE_OCCURRENCE('42','Leads036','',#7164,#7971,$
  );
#8040 = PRODUCT_RELATED_PRODUCT_CATEGORY('part',$,(#7973));
#8041 = SHAPE_DEFINITION_REPRESENTATION(#8042,#8048);
#8042 = PRODUCT_DEFINITION_SHAPE('','',#8043);
#8043 = PRODUCT_DEFINITION('design','',#8044,#8047);
#8044 = PRODUCT_DEFINITION_FORMATION('','',#8045);
#8045 = PRODUCT('Leads037','Leads037','',(#8046));
#8046 = PRODUCT_CONTEXT('',#2,'mechanical');
#8047 = PRODUCT_DEFINITION_CONTEXT('part definition',#2,'design');
#8048 = ADVANCED_BREP_SHAPE_REPRESENTATION('',(#11,#8049),#8102);
#8049 = MANIFOLD_SOLID_BREP('',#8050);
#8050 = CLOSED_SHELL('',(#8051,#8084,#8093));
#8051 = ADVANCED_FACE('',(#8052),#8079,.T.);
#8052 = FACE_BOUND('',#8053,.T.);
#8053 = EDGE_LOOP('',(#8054,#8063,#8071,#8078));
#8054 = ORIENTED_EDGE('',*,*,#8055,.F.);
#8055 = EDGE_CURVE('',#8056,#8056,#8058,.T.);
#8056 = VERTEX_POINT('',#8057);
#8057 = CARTESIAN_POINT('',(-22.605,-6.245698675652E-17,0.1));
#8058 = CIRCLE('',#8059,0.255);
#8059 = AXIS2_PLACEMENT_3D('',#8060,#8061,#8062);
#8060 = CARTESIAN_POINT('',(-22.86,0.,0.1));
#8061 = DIRECTION('',(0.,0.,1.));
#8062 = DIRECTION('',(1.,0.,-0.));
#8063 = ORIENTED_EDGE('',*,*,#8064,.F.);
#8064 = EDGE_CURVE('',#8065,#8056,#8067,.T.);
#8065 = VERTEX_POINT('',#8066);
#8066 = CARTESIAN_POINT('',(-22.605,-6.245698675652E-17,-5.));
#8067 = LINE('',#8068,#8069);
#8068 = CARTESIAN_POINT('',(-22.605,-6.245698675652E-17,-5.));
#8069 = VECTOR('',#8070,1.);
#8070 = DIRECTION('',(0.,0.,1.));
#8071 = ORIENTED_EDGE('',*,*,#8072,.T.);
#8072 = EDGE_CURVE('',#8065,#8065,#8073,.T.);
#8073 = CIRCLE('',#8074,0.255);
#8074 = AXIS2_PLACEMENT_3D('',#8075,#8076,#8077);
#8075 = CARTESIAN_POINT('',(-22.86,0.,-5.));
#8076 = DIRECTION('',(0.,0.,1.));
#8077 = DIRECTION('',(1.,0.,-0.));
#8078 = ORIENTED_EDGE('',*,*,#8064,.T.);
#8079 = CYLINDRICAL_SURFACE('',#8080,0.255);
#8080 = AXIS2_PLACEMENT_3D('',#8081,#8082,#8083);
#8081 = CARTESIAN_POINT('',(-22.86,0.,-5.));
#8082 = DIRECTION('',(0.,0.,1.));
#8083 = DIRECTION('',(1.,0.,-0.));
#8084 = ADVANCED_FACE('',(#8085),#8088,.T.);
#8085 = FACE_BOUND('',#8086,.T.);
#8086 = EDGE_LOOP('',(#8087));
#8087 = ORIENTED_EDGE('',*,*,#8055,.T.);
#8088 = PLANE('',#8089);
#8089 = AXIS2_PLACEMENT_3D('',#8090,#8091,#8092);
#8090 = CARTESIAN_POINT('',(-22.86,0.,0.1));
#8091 = DIRECTION('',(0.,0.,1.));
#8092 = DIRECTION('',(1.,0.,-0.));
#8093 = ADVANCED_FACE('',(#8094),#8097,.F.);
#8094 = FACE_BOUND('',#8095,.T.);
#8095 = EDGE_LOOP('',(#8096));
#8096 = ORIENTED_EDGE('',*,*,#8072,.F.);
#8097 = PLANE('',#8098);
#8098 = AXIS2_PLACEMENT_3D('',#8099,#8100,#8101);
#8099 = CARTESIAN_POINT('',(-22.86,0.,-5.));
#8100 = DIRECTION('',(0.,0.,1.));
#8101 = DIRECTION('',(1.,0.,-0.));
#8102 = ( GEOMETRIC_REPRESENTATION_CONTEXT(3) 
GLOBAL_UNCERTAINTY_ASSIGNED_CONTEXT((#8106)) 
GLOBAL_UNIT_ASSIGNED_CONTEXT((#8103,#8104,#8105)) REPRESENTATION_CONTEXT
('Context #1','3D Context with UNIT and UNCERTAINTY') );
#8103 = ( LENGTH_UNIT() NAMED_UNIT(*) SI_UNIT(.MILLI.,.METRE.) );
#8104 = ( NAMED_UNIT(*) PLANE_ANGLE_UNIT() SI_UNIT($,.RADIAN.) );
#8105 = ( NAMED_UNIT(*) SI_UNIT($,.STERADIAN.) SOLID_ANGLE_UNIT() );
#8106 = UNCERTAINTY_MEASURE_WITH_UNIT(LENGTH_MEASURE(1.E-07),#8103,
  'distance_accuracy_value','confusion accuracy');
#8107 = CONTEXT_DEPENDENT_SHAPE_REPRESENTATION(#8108,#8110);
#8108 = ( REPRESENTATION_RELATIONSHIP('','',#8048,#7169) 
REPRESENTATION_RELATIONSHIP_WITH_TRANSFORMATION(#8109) 
SHAPE_REPRESENTATION_RELATIONSHIP() );
#8109 = ITEM_DEFINED_TRANSFORMATION('','',#11,#7206);
#8110 = PRODUCT_DEFINITION_SHAPE('Placement','Placement of an item',
  #8111);
#8111 = NEXT_ASSEMBLY_USAGE_OCCURRENCE('43','Leads037','',#7164,#8043,$
  );
#8112 = PRODUCT_RELATED_PRODUCT_CATEGORY('part',$,(#8045));
#8113 = SHAPE_DEFINITION_REPRESENTATION(#8114,#8120);
#8114 = PRODUCT_DEFINITION_SHAPE('','',#8115);
#8115 = PRODUCT_DEFINITION('design','',#8116,#8119);
#8116 = PRODUCT_DEFINITION_FORMATION('','',#8117);
#8117 = PRODUCT('Leads038','Leads038','',(#8118));
#8118 = PRODUCT_CONTEXT('',#2,'mechanical');
#8119 = PRODUCT_DEFINITION_CONTEXT('part definition',#2,'design');
#8120 = ADVANCED_BREP_SHAPE_REPRESENTATION('',(#11,#8121),#8174);
#8121 = MANIFOLD_SOLID_BREP('',#8122);
#8122 = CLOSED_SHELL('',(#8123,#8156,#8165));
#8123 = ADVANCED_FACE('',(#8124),#8151,.T.);
#8124 = FACE_BOUND('',#8125,.T.);
#8125 = EDGE_LOOP('',(#8126,#8135,#8143,#8150));
#8126 = ORIENTED_EDGE('',*,*,#8127,.F.);
#8127 = EDGE_CURVE('',#8128,#8128,#8130,.T.);
#8128 = VERTEX_POINT('',#8129);
#8129 = CARTESIAN_POINT('',(-25.145,-6.245698675652E-17,0.1));
#8130 = CIRCLE('',#8131,0.255);
#8131 = AXIS2_PLACEMENT_3D('',#8132,#8133,#8134);
#8132 = CARTESIAN_POINT('',(-25.4,0.,0.1));
#8133 = DIRECTION('',(0.,0.,1.));
#8134 = DIRECTION('',(1.,0.,-0.));
#8135 = ORIENTED_EDGE('',*,*,#8136,.F.);
#8136 = EDGE_CURVE('',#8137,#8128,#8139,.T.);
#8137 = VERTEX_POINT('',#8138);
#8138 = CARTESIAN_POINT('',(-25.145,-6.245698675652E-17,-5.));
#8139 = LINE('',#8140,#8141);
#8140 = CARTESIAN_POINT('',(-25.145,-6.245698675652E-17,-5.));
#8141 = VECTOR('',#8142,1.);
#8142 = DIRECTION('',(0.,0.,1.));
#8143 = ORIENTED_EDGE('',*,*,#8144,.T.);
#8144 = EDGE_CURVE('',#8137,#8137,#8145,.T.);
#8145 = CIRCLE('',#8146,0.255);
#8146 = AXIS2_PLACEMENT_3D('',#8147,#8148,#8149);
#8147 = CARTESIAN_POINT('',(-25.4,0.,-5.));
#8148 = DIRECTION('',(0.,0.,1.));
#8149 = DIRECTION('',(1.,0.,-0.));
#8150 = ORIENTED_EDGE('',*,*,#8136,.T.);
#8151 = CYLINDRICAL_SURFACE('',#8152,0.255);
#8152 = AXIS2_PLACEMENT_3D('',#8153,#8154,#8155);
#8153 = CARTESIAN_POINT('',(-25.4,0.,-5.));
#8154 = DIRECTION('',(0.,0.,1.));
#8155 = DIRECTION('',(1.,0.,-0.));
#8156 = ADVANCED_FACE('',(#8157),#8160,.T.);
#8157 = FACE_BOUND('',#8158,.T.);
#8158 = EDGE_LOOP('',(#8159));
#8159 = ORIENTED_EDGE('',*,*,#8127,.T.);
#8160 = PLANE('',#8161);
#8161 = AXIS2_PLACEMENT_3D('',#8162,#8163,#8164);
#8162 = CARTESIAN_POINT('',(-25.4,0.,0.1));
#8163 = DIRECTION('',(0.,0.,1.));
#8164 = DIRECTION('',(1.,0.,-0.));
#8165 = ADVANCED_FACE('',(#8166),#8169,.F.);
#8166 = FACE_BOUND('',#8167,.T.);
#8167 = EDGE_LOOP('',(#8168));
#8168 = ORIENTED_EDGE('',*,*,#8144,.F.);
#8169 = PLANE('',#8170);
#8170 = AXIS2_PLACEMENT_3D('',#8171,#8172,#8173);
#8171 = CARTESIAN_POINT('',(-25.4,0.,-5.));
#8172 = DIRECTION('',(0.,0.,1.));
#8173 = DIRECTION('',(1.,0.,-0.));
#8174 = ( GEOMETRIC_REPRESENTATION_CONTEXT(3) 
GLOBAL_UNCERTAINTY_ASSIGNED_CONTEXT((#8178)) 
GLOBAL_UNIT_ASSIGNED_CONTEXT((#8175,#8176,#8177)) REPRESENTATION_CONTEXT
('Context #1','3D Context with UNIT and UNCERTAINTY') );
#8175 = ( LENGTH_UNIT() NAMED_UNIT(*) SI_UNIT(.MILLI.,.METRE.) );
#8176 = ( NAMED_UNIT(*) PLANE_ANGLE_UNIT() SI_UNIT($,.RADIAN.) );
#8177 = ( NAMED_UNIT(*) SI_UNIT($,.STERADIAN.) SOLID_ANGLE_UNIT() );
#8178 = UNCERTAINTY_MEASURE_WITH_UNIT(LENGTH_MEASURE(1.E-07),#8175,
  'distance_accuracy_value','confusion accuracy');
#8179 = CONTEXT_DEPENDENT_SHAPE_REPRESENTATION(#8180,#8182);
#8180 = ( REPRESENTATION_RELATIONSHIP('','',#8120,#7169) 
REPRESENTATION_RELATIONSHIP_WITH_TRANSFORMATION(#8181) 
SHAPE_REPRESENTATION_RELATIONSHIP() );
#8181 = ITEM_DEFINED_TRANSFORMATION('','',#11,#7210);
#8182 = PRODUCT_DEFINITION_SHAPE('Placement','Placement of an item',
  #8183);
#8183 = NEXT_ASSEMBLY_USAGE_OCCURRENCE('44','Leads038','',#7164,#8115,$
  );
#8184 = PRODUCT_RELATED_PRODUCT_CATEGORY('part',$,(#8117));
#8185 = SHAPE_DEFINITION_REPRESENTATION(#8186,#8192);
#8186 = PRODUCT_DEFINITION_SHAPE('','',#8187);
#8187 = PRODUCT_DEFINITION('design','',#8188,#8191);
#8188 = PRODUCT_DEFINITION_FORMATION('','',#8189);
#8189 = PRODUCT('Leads039','Leads039','',(#8190));
#8190 = PRODUCT_CONTEXT('',#2,'mechanical');
#8191 = PRODUCT_DEFINITION_CONTEXT('part definition',#2,'design');
#8192 = ADVANCED_BREP_SHAPE_REPRESENTATION('',(#11,#8193),#8246);
#8193 = MANIFOLD_SOLID_BREP('',#8194);
#8194 = CLOSED_SHELL('',(#8195,#8228,#8237));
#8195 = ADVANCED_FACE('',(#8196),#8223,.T.);
#8196 = FACE_BOUND('',#8197,.T.);
#8197 = EDGE_LOOP('',(#8198,#8207,#8215,#8222));
#8198 = ORIENTED_EDGE('',*,*,#8199,.F.);
#8199 = EDGE_CURVE('',#8200,#8200,#8202,.T.);
#8200 = VERTEX_POINT('',#8201);
#8201 = CARTESIAN_POINT('',(-27.685,-6.245698675652E-17,0.1));
#8202 = CIRCLE('',#8203,0.255);
#8203 = AXIS2_PLACEMENT_3D('',#8204,#8205,#8206);
#8204 = CARTESIAN_POINT('',(-27.94,0.,0.1));
#8205 = DIRECTION('',(0.,0.,1.));
#8206 = DIRECTION('',(1.,0.,-0.));
#8207 = ORIENTED_EDGE('',*,*,#8208,.F.);
#8208 = EDGE_CURVE('',#8209,#8200,#8211,.T.);
#8209 = VERTEX_POINT('',#8210);
#8210 = CARTESIAN_POINT('',(-27.685,-6.245698675652E-17,-5.));
#8211 = LINE('',#8212,#8213);
#8212 = CARTESIAN_POINT('',(-27.685,-6.245698675652E-17,-5.));
#8213 = VECTOR('',#8214,1.);
#8214 = DIRECTION('',(0.,0.,1.));
#8215 = ORIENTED_EDGE('',*,*,#8216,.T.);
#8216 = EDGE_CURVE('',#8209,#8209,#8217,.T.);
#8217 = CIRCLE('',#8218,0.255);
#8218 = AXIS2_PLACEMENT_3D('',#8219,#8220,#8221);
#8219 = CARTESIAN_POINT('',(-27.94,0.,-5.));
#8220 = DIRECTION('',(0.,0.,1.));
#8221 = DIRECTION('',(1.,0.,-0.));
#8222 = ORIENTED_EDGE('',*,*,#8208,.T.);
#8223 = CYLINDRICAL_SURFACE('',#8224,0.255);
#8224 = AXIS2_PLACEMENT_3D('',#8225,#8226,#8227);
#8225 = CARTESIAN_POINT('',(-27.94,0.,-5.));
#8226 = DIRECTION('',(0.,0.,1.));
#8227 = DIRECTION('',(1.,0.,-0.));
#8228 = ADVANCED_FACE('',(#8229),#8232,.T.);
#8229 = FACE_BOUND('',#8230,.T.);
#8230 = EDGE_LOOP('',(#8231));
#8231 = ORIENTED_EDGE('',*,*,#8199,.T.);
#8232 = PLANE('',#8233);
#8233 = AXIS2_PLACEMENT_3D('',#8234,#8235,#8236);
#8234 = CARTESIAN_POINT('',(-27.94,0.,0.1));
#8235 = DIRECTION('',(0.,0.,1.));
#8236 = DIRECTION('',(1.,0.,-0.));
#8237 = ADVANCED_FACE('',(#8238),#8241,.F.);
#8238 = FACE_BOUND('',#8239,.T.);
#8239 = EDGE_LOOP('',(#8240));
#8240 = ORIENTED_EDGE('',*,*,#8216,.F.);
#8241 = PLANE('',#8242);
#8242 = AXIS2_PLACEMENT_3D('',#8243,#8244,#8245);
#8243 = CARTESIAN_POINT('',(-27.94,0.,-5.));
#8244 = DIRECTION('',(0.,0.,1.));
#8245 = DIRECTION('',(1.,0.,-0.));
#8246 = ( GEOMETRIC_REPRESENTATION_CONTEXT(3) 
GLOBAL_UNCERTAINTY_ASSIGNED_CONTEXT((#8250)) 
GLOBAL_UNIT_ASSIGNED_CONTEXT((#8247,#8248,#8249)) REPRESENTATION_CONTEXT
('Context #1','3D Context with UNIT and UNCERTAINTY') );
#8247 = ( LENGTH_UNIT() NAMED_UNIT(*) SI_UNIT(.MILLI.,.METRE.) );
#8248 = ( NAMED_UNIT(*) PLANE_ANGLE_UNIT() SI_UNIT($,.RADIAN.) );
#8249 = ( NAMED_UNIT(*) SI_UNIT($,.STERADIAN.) SOLID_ANGLE_UNIT() );
#8250 = UNCERTAINTY_MEASURE_WITH_UNIT(LENGTH_MEASURE(1.E-07),#8247,
  'distance_accuracy_value','confusion accuracy');
#8251 = CONTEXT_DEPENDENT_SHAPE_REPRESENTATION(#8252,#8254);
#8252 = ( REPRESENTATION_RELATIONSHIP('','',#8192,#7169) 
REPRESENTATION_RELATIONSHIP_WITH_TRANSFORMATION(#8253) 
SHAPE_REPRESENTATION_RELATIONSHIP() );
#8253 = ITEM_DEFINED_TRANSFORMATION('','',#11,#7214);
#8254 = PRODUCT_DEFINITION_SHAPE('Placement','Placement of an item',
  #8255);
#8255 = NEXT_ASSEMBLY_USAGE_OCCURRENCE('45','Leads039','',#7164,#8187,$
  );
#8256 = PRODUCT_RELATED_PRODUCT_CATEGORY('part',$,(#8189));
#8257 = SHAPE_DEFINITION_REPRESENTATION(#8258,#8264);
#8258 = PRODUCT_DEFINITION_SHAPE('','',#8259);
#8259 = PRODUCT_DEFINITION('design','',#8260,#8263);
#8260 = PRODUCT_DEFINITION_FORMATION('','',#8261);
#8261 = PRODUCT('Leads040','Leads040','',(#8262));
#8262 = PRODUCT_CONTEXT('',#2,'mechanical');
#8263 = PRODUCT_DEFINITION_CONTEXT('part definition',#2,'design');
#8264 = ADVANCED_BREP_SHAPE_REPRESENTATION('',(#11,#8265),#8318);
#8265 = MANIFOLD_SOLID_BREP('',#8266);
#8266 = CLOSED_SHELL('',(#8267,#8300,#8309));
#8267 = ADVANCED_FACE('',(#8268),#8295,.T.);
#8268 = FACE_BOUND('',#8269,.T.);
#8269 = EDGE_LOOP('',(#8270,#8279,#8287,#8294));
#8270 = ORIENTED_EDGE('',*,*,#8271,.F.);
#8271 = EDGE_CURVE('',#8272,#8272,#8274,.T.);
#8272 = VERTEX_POINT('',#8273);
#8273 = CARTESIAN_POINT('',(-30.225,-6.245698675652E-17,0.1));
#8274 = CIRCLE('',#8275,0.255);
#8275 = AXIS2_PLACEMENT_3D('',#8276,#8277,#8278);
#8276 = CARTESIAN_POINT('',(-30.48,0.,0.1));
#8277 = DIRECTION('',(0.,0.,1.));
#8278 = DIRECTION('',(1.,0.,-0.));
#8279 = ORIENTED_EDGE('',*,*,#8280,.F.);
#8280 = EDGE_CURVE('',#8281,#8272,#8283,.T.);
#8281 = VERTEX_POINT('',#8282);
#8282 = CARTESIAN_POINT('',(-30.225,-6.245698675652E-17,-5.));
#8283 = LINE('',#8284,#8285);
#8284 = CARTESIAN_POINT('',(-30.225,-6.245698675652E-17,-5.));
#8285 = VECTOR('',#8286,1.);
#8286 = DIRECTION('',(0.,0.,1.));
#8287 = ORIENTED_EDGE('',*,*,#8288,.T.);
#8288 = EDGE_CURVE('',#8281,#8281,#8289,.T.);
#8289 = CIRCLE('',#8290,0.255);
#8290 = AXIS2_PLACEMENT_3D('',#8291,#8292,#8293);
#8291 = CARTESIAN_POINT('',(-30.48,0.,-5.));
#8292 = DIRECTION('',(0.,0.,1.));
#8293 = DIRECTION('',(1.,0.,-0.));
#8294 = ORIENTED_EDGE('',*,*,#8280,.T.);
#8295 = CYLINDRICAL_SURFACE('',#8296,0.255);
#8296 = AXIS2_PLACEMENT_3D('',#8297,#8298,#8299);
#8297 = CARTESIAN_POINT('',(-30.48,0.,-5.));
#8298 = DIRECTION('',(0.,0.,1.));
#8299 = DIRECTION('',(1.,0.,-0.));
#8300 = ADVANCED_FACE('',(#8301),#8304,.T.);
#8301 = FACE_BOUND('',#8302,.T.);
#8302 = EDGE_LOOP('',(#8303));
#8303 = ORIENTED_EDGE('',*,*,#8271,.T.);
#8304 = PLANE('',#8305);
#8305 = AXIS2_PLACEMENT_3D('',#8306,#8307,#8308);
#8306 = CARTESIAN_POINT('',(-30.48,0.,0.1));
#8307 = DIRECTION('',(0.,0.,1.));
#8308 = DIRECTION('',(1.,0.,-0.));
#8309 = ADVANCED_FACE('',(#8310),#8313,.F.);
#8310 = FACE_BOUND('',#8311,.T.);
#8311 = EDGE_LOOP('',(#8312));
#8312 = ORIENTED_EDGE('',*,*,#8288,.F.);
#8313 = PLANE('',#8314);
#8314 = AXIS2_PLACEMENT_3D('',#8315,#8316,#8317);
#8315 = CARTESIAN_POINT('',(-30.48,0.,-5.));
#8316 = DIRECTION('',(0.,0.,1.));
#8317 = DIRECTION('',(1.,0.,-0.));
#8318 = ( GEOMETRIC_REPRESENTATION_CONTEXT(3) 
GLOBAL_UNCERTAINTY_ASSIGNED_CONTEXT((#8322)) 
GLOBAL_UNIT_ASSIGNED_CONTEXT((#8319,#8320,#8321)) REPRESENTATION_CONTEXT
('Context #1','3D Context with UNIT and UNCERTAINTY') );
#8319 = ( LENGTH_UNIT() NAMED_UNIT(*) SI_UNIT(.MILLI.,.METRE.) );
#8320 = ( NAMED_UNIT(*) PLANE_ANGLE_UNIT() SI_UNIT($,.RADIAN.) );
#8321 = ( NAMED_UNIT(*) SI_UNIT($,.STERADIAN.) SOLID_ANGLE_UNIT() );
#8322 = UNCERTAINTY_MEASURE_WITH_UNIT(LENGTH_MEASURE(1.E-07),#8319,
  'distance_accuracy_value','confusion accuracy');
#8323 = CONTEXT_DEPENDENT_SHAPE_REPRESENTATION(#8324,#8326);
#8324 = ( REPRESENTATION_RELATIONSHIP('','',#8264,#7169) 
REPRESENTATION_RELATIONSHIP_WITH_TRANSFORMATION(#8325) 
SHAPE_REPRESENTATION_RELATIONSHIP() );
#8325 = ITEM_DEFINED_TRANSFORMATION('','',#11,#7218);
#8326 = PRODUCT_DEFINITION_SHAPE('Placement','Placement of an item',
  #8327);
#8327 = NEXT_ASSEMBLY_USAGE_OCCURRENCE('46','Leads040','',#7164,#8259,$
  );
#8328 = PRODUCT_RELATED_PRODUCT_CATEGORY('part',$,(#8261));
#8329 = SHAPE_DEFINITION_REPRESENTATION(#8330,#8336);
#8330 = PRODUCT_DEFINITION_SHAPE('','',#8331);
#8331 = PRODUCT_DEFINITION('design','',#8332,#8335);
#8332 = PRODUCT_DEFINITION_FORMATION('','',#8333);
#8333 = PRODUCT('Leads041','Leads041','',(#8334));
#8334 = PRODUCT_CONTEXT('',#2,'mechanical');
#8335 = PRODUCT_DEFINITION_CONTEXT('part definition',#2,'design');
#8336 = ADVANCED_BREP_SHAPE_REPRESENTATION('',(#11,#8337),#8390);
#8337 = MANIFOLD_SOLID_BREP('',#8338);
#8338 = CLOSED_SHELL('',(#8339,#8372,#8381));
#8339 = ADVANCED_FACE('',(#8340),#8367,.T.);
#8340 = FACE_BOUND('',#8341,.T.);
#8341 = EDGE_LOOP('',(#8342,#8351,#8359,#8366));
#8342 = ORIENTED_EDGE('',*,*,#8343,.F.);
#8343 = EDGE_CURVE('',#8344,#8344,#8346,.T.);
#8344 = VERTEX_POINT('',#8345);
#8345 = CARTESIAN_POINT('',(-32.765,-6.245698675652E-17,0.1));
#8346 = CIRCLE('',#8347,0.255);
#8347 = AXIS2_PLACEMENT_3D('',#8348,#8349,#8350);
#8348 = CARTESIAN_POINT('',(-33.02,0.,0.1));
#8349 = DIRECTION('',(0.,0.,1.));
#8350 = DIRECTION('',(1.,0.,-0.));
#8351 = ORIENTED_EDGE('',*,*,#8352,.F.);
#8352 = EDGE_CURVE('',#8353,#8344,#8355,.T.);
#8353 = VERTEX_POINT('',#8354);
#8354 = CARTESIAN_POINT('',(-32.765,-6.245698675652E-17,-5.));
#8355 = LINE('',#8356,#8357);
#8356 = CARTESIAN_POINT('',(-32.765,-6.245698675652E-17,-5.));
#8357 = VECTOR('',#8358,1.);
#8358 = DIRECTION('',(0.,0.,1.));
#8359 = ORIENTED_EDGE('',*,*,#8360,.T.);
#8360 = EDGE_CURVE('',#8353,#8353,#8361,.T.);
#8361 = CIRCLE('',#8362,0.255);
#8362 = AXIS2_PLACEMENT_3D('',#8363,#8364,#8365);
#8363 = CARTESIAN_POINT('',(-33.02,0.,-5.));
#8364 = DIRECTION('',(0.,0.,1.));
#8365 = DIRECTION('',(1.,0.,-0.));
#8366 = ORIENTED_EDGE('',*,*,#8352,.T.);
#8367 = CYLINDRICAL_SURFACE('',#8368,0.255);
#8368 = AXIS2_PLACEMENT_3D('',#8369,#8370,#8371);
#8369 = CARTESIAN_POINT('',(-33.02,0.,-5.));
#8370 = DIRECTION('',(0.,0.,1.));
#8371 = DIRECTION('',(1.,0.,-0.));
#8372 = ADVANCED_FACE('',(#8373),#8376,.T.);
#8373 = FACE_BOUND('',#8374,.T.);
#8374 = EDGE_LOOP('',(#8375));
#8375 = ORIENTED_EDGE('',*,*,#8343,.T.);
#8376 = PLANE('',#8377);
#8377 = AXIS2_PLACEMENT_3D('',#8378,#8379,#8380);
#8378 = CARTESIAN_POINT('',(-33.02,0.,0.1));
#8379 = DIRECTION('',(0.,0.,1.));
#8380 = DIRECTION('',(1.,0.,-0.));
#8381 = ADVANCED_FACE('',(#8382),#8385,.F.);
#8382 = FACE_BOUND('',#8383,.T.);
#8383 = EDGE_LOOP('',(#8384));
#8384 = ORIENTED_EDGE('',*,*,#8360,.F.);
#8385 = PLANE('',#8386);
#8386 = AXIS2_PLACEMENT_3D('',#8387,#8388,#8389);
#8387 = CARTESIAN_POINT('',(-33.02,0.,-5.));
#8388 = DIRECTION('',(0.,0.,1.));
#8389 = DIRECTION('',(1.,0.,-0.));
#8390 = ( GEOMETRIC_REPRESENTATION_CONTEXT(3) 
GLOBAL_UNCERTAINTY_ASSIGNED_CONTEXT((#8394)) 
GLOBAL_UNIT_ASSIGNED_CONTEXT((#8391,#8392,#8393)) REPRESENTATION_CONTEXT
('Context #1','3D Context with UNIT and UNCERTAINTY') );
#8391 = ( LENGTH_UNIT() NAMED_UNIT(*) SI_UNIT(.MILLI.,.METRE.) );
#8392 = ( NAMED_UNIT(*) PLANE_ANGLE_UNIT() SI_UNIT($,.RADIAN.) );
#8393 = ( NAMED_UNIT(*) SI_UNIT($,.STERADIAN.) SOLID_ANGLE_UNIT() );
#8394 = UNCERTAINTY_MEASURE_WITH_UNIT(LENGTH_MEASURE(1.E-07),#8391,
  'distance_accuracy_value','confusion accuracy');
#8395 = CONTEXT_DEPENDENT_SHAPE_REPRESENTATION(#8396,#8398);
#8396 = ( REPRESENTATION_RELATIONSHIP('','',#8336,#7169) 
REPRESENTATION_RELATIONSHIP_WITH_TRANSFORMATION(#8397) 
SHAPE_REPRESENTATION_RELATIONSHIP() );
#8397 = ITEM_DEFINED_TRANSFORMATION('','',#11,#7222);
#8398 = PRODUCT_DEFINITION_SHAPE('Placement','Placement of an item',
  #8399);
#8399 = NEXT_ASSEMBLY_USAGE_OCCURRENCE('47','Leads041','',#7164,#8331,$
  );
#8400 = PRODUCT_RELATED_PRODUCT_CATEGORY('part',$,(#8333));
#8401 = SHAPE_DEFINITION_REPRESENTATION(#8402,#8408);
#8402 = PRODUCT_DEFINITION_SHAPE('','',#8403);
#8403 = PRODUCT_DEFINITION('design','',#8404,#8407);
#8404 = PRODUCT_DEFINITION_FORMATION('','',#8405);
#8405 = PRODUCT('Leads042','Leads042','',(#8406));
#8406 = PRODUCT_CONTEXT('',#2,'mechanical');
#8407 = PRODUCT_DEFINITION_CONTEXT('part definition',#2,'design');
#8408 = ADVANCED_BREP_SHAPE_REPRESENTATION('',(#11,#8409),#8462);
#8409 = MANIFOLD_SOLID_BREP('',#8410);
#8410 = CLOSED_SHELL('',(#8411,#8444,#8453));
#8411 = ADVANCED_FACE('',(#8412),#8439,.T.);
#8412 = FACE_BOUND('',#8413,.T.);
#8413 = EDGE_LOOP('',(#8414,#8423,#8431,#8438));
#8414 = ORIENTED_EDGE('',*,*,#8415,.F.);
#8415 = EDGE_CURVE('',#8416,#8416,#8418,.T.);
#8416 = VERTEX_POINT('',#8417);
#8417 = CARTESIAN_POINT('',(-35.305,-6.245698675652E-17,0.1));
#8418 = CIRCLE('',#8419,0.255);
#8419 = AXIS2_PLACEMENT_3D('',#8420,#8421,#8422);
#8420 = CARTESIAN_POINT('',(-35.56,0.,0.1));
#8421 = DIRECTION('',(0.,0.,1.));
#8422 = DIRECTION('',(1.,0.,-0.));
#8423 = ORIENTED_EDGE('',*,*,#8424,.F.);
#8424 = EDGE_CURVE('',#8425,#8416,#8427,.T.);
#8425 = VERTEX_POINT('',#8426);
#8426 = CARTESIAN_POINT('',(-35.305,-6.245698675652E-17,-5.));
#8427 = LINE('',#8428,#8429);
#8428 = CARTESIAN_POINT('',(-35.305,-6.245698675652E-17,-5.));
#8429 = VECTOR('',#8430,1.);
#8430 = DIRECTION('',(0.,0.,1.));
#8431 = ORIENTED_EDGE('',*,*,#8432,.T.);
#8432 = EDGE_CURVE('',#8425,#8425,#8433,.T.);
#8433 = CIRCLE('',#8434,0.255);
#8434 = AXIS2_PLACEMENT_3D('',#8435,#8436,#8437);
#8435 = CARTESIAN_POINT('',(-35.56,0.,-5.));
#8436 = DIRECTION('',(0.,0.,1.));
#8437 = DIRECTION('',(1.,0.,-0.));
#8438 = ORIENTED_EDGE('',*,*,#8424,.T.);
#8439 = CYLINDRICAL_SURFACE('',#8440,0.255);
#8440 = AXIS2_PLACEMENT_3D('',#8441,#8442,#8443);
#8441 = CARTESIAN_POINT('',(-35.56,0.,-5.));
#8442 = DIRECTION('',(0.,0.,1.));
#8443 = DIRECTION('',(1.,0.,-0.));
#8444 = ADVANCED_FACE('',(#8445),#8448,.T.);
#8445 = FACE_BOUND('',#8446,.T.);
#8446 = EDGE_LOOP('',(#8447));
#8447 = ORIENTED_EDGE('',*,*,#8415,.T.);
#8448 = PLANE('',#8449);
#8449 = AXIS2_PLACEMENT_3D('',#8450,#8451,#8452);
#8450 = CARTESIAN_POINT('',(-35.56,0.,0.1));
#8451 = DIRECTION('',(0.,0.,1.));
#8452 = DIRECTION('',(1.,0.,-0.));
#8453 = ADVANCED_FACE('',(#8454),#8457,.F.);
#8454 = FACE_BOUND('',#8455,.T.);
#8455 = EDGE_LOOP('',(#8456));
#8456 = ORIENTED_EDGE('',*,*,#8432,.F.);
#8457 = PLANE('',#8458);
#8458 = AXIS2_PLACEMENT_3D('',#8459,#8460,#8461);
#8459 = CARTESIAN_POINT('',(-35.56,0.,-5.));
#8460 = DIRECTION('',(0.,0.,1.));
#8461 = DIRECTION('',(1.,0.,-0.));
#8462 = ( GEOMETRIC_REPRESENTATION_CONTEXT(3) 
GLOBAL_UNCERTAINTY_ASSIGNED_CONTEXT((#8466)) 
GLOBAL_UNIT_ASSIGNED_CONTEXT((#8463,#8464,#8465)) REPRESENTATION_CONTEXT
('Context #1','3D Context with UNIT and UNCERTAINTY') );
#8463 = ( LENGTH_UNIT() NAMED_UNIT(*) SI_UNIT(.MILLI.,.METRE.) );
#8464 = ( NAMED_UNIT(*) PLANE_ANGLE_UNIT() SI_UNIT($,.RADIAN.) );
#8465 = ( NAMED_UNIT(*) SI_UNIT($,.STERADIAN.) SOLID_ANGLE_UNIT() );
#8466 = UNCERTAINTY_MEASURE_WITH_UNIT(LENGTH_MEASURE(1.E-07),#8463,
  'distance_accuracy_value','confusion accuracy');
#8467 = CONTEXT_DEPENDENT_SHAPE_REPRESENTATION(#8468,#8470);
#8468 = ( REPRESENTATION_RELATIONSHIP('','',#8408,#7169) 
REPRESENTATION_RELATIONSHIP_WITH_TRANSFORMATION(#8469) 
SHAPE_REPRESENTATION_RELATIONSHIP() );
#8469 = ITEM_DEFINED_TRANSFORMATION('','',#11,#7226);
#8470 = PRODUCT_DEFINITION_SHAPE('Placement','Placement of an item',
  #8471);
#8471 = NEXT_ASSEMBLY_USAGE_OCCURRENCE('48','Leads042','',#7164,#8403,$
  );
#8472 = PRODUCT_RELATED_PRODUCT_CATEGORY('part',$,(#8405));
#8473 = SHAPE_DEFINITION_REPRESENTATION(#8474,#8480);
#8474 = PRODUCT_DEFINITION_SHAPE('','',#8475);
#8475 = PRODUCT_DEFINITION('design','',#8476,#8479);
#8476 = PRODUCT_DEFINITION_FORMATION('','',#8477);
#8477 = PRODUCT('Leads043','Leads043','',(#8478));
#8478 = PRODUCT_CONTEXT('',#2,'mechanical');
#8479 = PRODUCT_DEFINITION_CONTEXT('part definition',#2,'design');
#8480 = ADVANCED_BREP_SHAPE_REPRESENTATION('',(#11,#8481),#8534);
#8481 = MANIFOLD_SOLID_BREP('',#8482);
#8482 = CLOSED_SHELL('',(#8483,#8516,#8525));
#8483 = ADVANCED_FACE('',(#8484),#8511,.T.);
#8484 = FACE_BOUND('',#8485,.T.);
#8485 = EDGE_LOOP('',(#8486,#8495,#8503,#8510));
#8486 = ORIENTED_EDGE('',*,*,#8487,.F.);
#8487 = EDGE_CURVE('',#8488,#8488,#8490,.T.);
#8488 = VERTEX_POINT('',#8489);
#8489 = CARTESIAN_POINT('',(-37.845,-6.245698675652E-17,0.1));
#8490 = CIRCLE('',#8491,0.255);
#8491 = AXIS2_PLACEMENT_3D('',#8492,#8493,#8494);
#8492 = CARTESIAN_POINT('',(-38.1,0.,0.1));
#8493 = DIRECTION('',(0.,0.,1.));
#8494 = DIRECTION('',(1.,0.,-0.));
#8495 = ORIENTED_EDGE('',*,*,#8496,.F.);
#8496 = EDGE_CURVE('',#8497,#8488,#8499,.T.);
#8497 = VERTEX_POINT('',#8498);
#8498 = CARTESIAN_POINT('',(-37.845,-6.245698675652E-17,-5.));
#8499 = LINE('',#8500,#8501);
#8500 = CARTESIAN_POINT('',(-37.845,-6.245698675652E-17,-5.));
#8501 = VECTOR('',#8502,1.);
#8502 = DIRECTION('',(0.,0.,1.));
#8503 = ORIENTED_EDGE('',*,*,#8504,.T.);
#8504 = EDGE_CURVE('',#8497,#8497,#8505,.T.);
#8505 = CIRCLE('',#8506,0.255);
#8506 = AXIS2_PLACEMENT_3D('',#8507,#8508,#8509);
#8507 = CARTESIAN_POINT('',(-38.1,0.,-5.));
#8508 = DIRECTION('',(0.,0.,1.));
#8509 = DIRECTION('',(1.,0.,-0.));
#8510 = ORIENTED_EDGE('',*,*,#8496,.T.);
#8511 = CYLINDRICAL_SURFACE('',#8512,0.255);
#8512 = AXIS2_PLACEMENT_3D('',#8513,#8514,#8515);
#8513 = CARTESIAN_POINT('',(-38.1,0.,-5.));
#8514 = DIRECTION('',(0.,0.,1.));
#8515 = DIRECTION('',(1.,0.,-0.));
#8516 = ADVANCED_FACE('',(#8517),#8520,.T.);
#8517 = FACE_BOUND('',#8518,.T.);
#8518 = EDGE_LOOP('',(#8519));
#8519 = ORIENTED_EDGE('',*,*,#8487,.T.);
#8520 = PLANE('',#8521);
#8521 = AXIS2_PLACEMENT_3D('',#8522,#8523,#8524);
#8522 = CARTESIAN_POINT('',(-38.1,0.,0.1));
#8523 = DIRECTION('',(0.,0.,1.));
#8524 = DIRECTION('',(1.,0.,-0.));
#8525 = ADVANCED_FACE('',(#8526),#8529,.F.);
#8526 = FACE_BOUND('',#8527,.T.);
#8527 = EDGE_LOOP('',(#8528));
#8528 = ORIENTED_EDGE('',*,*,#8504,.F.);
#8529 = PLANE('',#8530);
#8530 = AXIS2_PLACEMENT_3D('',#8531,#8532,#8533);
#8531 = CARTESIAN_POINT('',(-38.1,0.,-5.));
#8532 = DIRECTION('',(0.,0.,1.));
#8533 = DIRECTION('',(1.,0.,-0.));
#8534 = ( GEOMETRIC_REPRESENTATION_CONTEXT(3) 
GLOBAL_UNCERTAINTY_ASSIGNED_CONTEXT((#8538)) 
GLOBAL_UNIT_ASSIGNED_CONTEXT((#8535,#8536,#8537)) REPRESENTATION_CONTEXT
('Context #1','3D Context with UNIT and UNCERTAINTY') );
#8535 = ( LENGTH_UNIT() NAMED_UNIT(*) SI_UNIT(.MILLI.,.METRE.) );
#8536 = ( NAMED_UNIT(*) PLANE_ANGLE_UNIT() SI_UNIT($,.RADIAN.) );
#8537 = ( NAMED_UNIT(*) SI_UNIT($,.STERADIAN.) SOLID_ANGLE_UNIT() );
#8538 = UNCERTAINTY_MEASURE_WITH_UNIT(LENGTH_MEASURE(1.E-07),#8535,
  'distance_accuracy_value','confusion accuracy');
#8539 = CONTEXT_DEPENDENT_SHAPE_REPRESENTATION(#8540,#8542);
#8540 = ( REPRESENTATION_RELATIONSHIP('','',#8480,#7169) 
REPRESENTATION_RELATIONSHIP_WITH_TRANSFORMATION(#8541) 
SHAPE_REPRESENTATION_RELATIONSHIP() );
#8541 = ITEM_DEFINED_TRANSFORMATION('','',#11,#7230);
#8542 = PRODUCT_DEFINITION_SHAPE('Placement','Placement of an item',
  #8543);
#8543 = NEXT_ASSEMBLY_USAGE_OCCURRENCE('49','Leads043','',#7164,#8475,$
  );
#8544 = PRODUCT_RELATED_PRODUCT_CATEGORY('part',$,(#8477));
#8545 = SHAPE_DEFINITION_REPRESENTATION(#8546,#8552);
#8546 = PRODUCT_DEFINITION_SHAPE('','',#8547);
#8547 = PRODUCT_DEFINITION('design','',#8548,#8551);
#8548 = PRODUCT_DEFINITION_FORMATION('','',#8549);
#8549 = PRODUCT('Leads044','Leads044','',(#8550));
#8550 = PRODUCT_CONTEXT('',#2,'mechanical');
#8551 = PRODUCT_DEFINITION_CONTEXT('part definition',#2,'design');
#8552 = ADVANCED_BREP_SHAPE_REPRESENTATION('',(#11,#8553),#8606);
#8553 = MANIFOLD_SOLID_BREP('',#8554);
#8554 = CLOSED_SHELL('',(#8555,#8588,#8597));
#8555 = ADVANCED_FACE('',(#8556),#8583,.T.);
#8556 = FACE_BOUND('',#8557,.T.);
#8557 = EDGE_LOOP('',(#8558,#8567,#8575,#8582));
#8558 = ORIENTED_EDGE('',*,*,#8559,.F.);
#8559 = EDGE_CURVE('',#8560,#8560,#8562,.T.);
#8560 = VERTEX_POINT('',#8561);
#8561 = CARTESIAN_POINT('',(-40.385,-6.245698675652E-17,0.1));
#8562 = CIRCLE('',#8563,0.255);
#8563 = AXIS2_PLACEMENT_3D('',#8564,#8565,#8566);
#8564 = CARTESIAN_POINT('',(-40.64,0.,0.1));
#8565 = DIRECTION('',(0.,0.,1.));
#8566 = DIRECTION('',(1.,0.,-0.));
#8567 = ORIENTED_EDGE('',*,*,#8568,.F.);
#8568 = EDGE_CURVE('',#8569,#8560,#8571,.T.);
#8569 = VERTEX_POINT('',#8570);
#8570 = CARTESIAN_POINT('',(-40.385,-6.245698675652E-17,-5.));
#8571 = LINE('',#8572,#8573);
#8572 = CARTESIAN_POINT('',(-40.385,-6.245698675652E-17,-5.));
#8573 = VECTOR('',#8574,1.);
#8574 = DIRECTION('',(0.,0.,1.));
#8575 = ORIENTED_EDGE('',*,*,#8576,.T.);
#8576 = EDGE_CURVE('',#8569,#8569,#8577,.T.);
#8577 = CIRCLE('',#8578,0.255);
#8578 = AXIS2_PLACEMENT_3D('',#8579,#8580,#8581);
#8579 = CARTESIAN_POINT('',(-40.64,0.,-5.));
#8580 = DIRECTION('',(0.,0.,1.));
#8581 = DIRECTION('',(1.,0.,-0.));
#8582 = ORIENTED_EDGE('',*,*,#8568,.T.);
#8583 = CYLINDRICAL_SURFACE('',#8584,0.255);
#8584 = AXIS2_PLACEMENT_3D('',#8585,#8586,#8587);
#8585 = CARTESIAN_POINT('',(-40.64,0.,-5.));
#8586 = DIRECTION('',(0.,0.,1.));
#8587 = DIRECTION('',(1.,0.,-0.));
#8588 = ADVANCED_FACE('',(#8589),#8592,.T.);
#8589 = FACE_BOUND('',#8590,.T.);
#8590 = EDGE_LOOP('',(#8591));
#8591 = ORIENTED_EDGE('',*,*,#8559,.T.);
#8592 = PLANE('',#8593);
#8593 = AXIS2_PLACEMENT_3D('',#8594,#8595,#8596);
#8594 = CARTESIAN_POINT('',(-40.64,0.,0.1));
#8595 = DIRECTION('',(0.,0.,1.));
#8596 = DIRECTION('',(1.,0.,-0.));
#8597 = ADVANCED_FACE('',(#8598),#8601,.F.);
#8598 = FACE_BOUND('',#8599,.T.);
#8599 = EDGE_LOOP('',(#8600));
#8600 = ORIENTED_EDGE('',*,*,#8576,.F.);
#8601 = PLANE('',#8602);
#8602 = AXIS2_PLACEMENT_3D('',#8603,#8604,#8605);
#8603 = CARTESIAN_POINT('',(-40.64,0.,-5.));
#8604 = DIRECTION('',(0.,0.,1.));
#8605 = DIRECTION('',(1.,0.,-0.));
#8606 = ( GEOMETRIC_REPRESENTATION_CONTEXT(3) 
GLOBAL_UNCERTAINTY_ASSIGNED_CONTEXT((#8610)) 
GLOBAL_UNIT_ASSIGNED_CONTEXT((#8607,#8608,#8609)) REPRESENTATION_CONTEXT
('Context #1','3D Context with UNIT and UNCERTAINTY') );
#8607 = ( LENGTH_UNIT() NAMED_UNIT(*) SI_UNIT(.MILLI.,.METRE.) );
#8608 = ( NAMED_UNIT(*) PLANE_ANGLE_UNIT() SI_UNIT($,.RADIAN.) );
#8609 = ( NAMED_UNIT(*) SI_UNIT($,.STERADIAN.) SOLID_ANGLE_UNIT() );
#8610 = UNCERTAINTY_MEASURE_WITH_UNIT(LENGTH_MEASURE(1.E-07),#8607,
  'distance_accuracy_value','confusion accuracy');
#8611 = CONTEXT_DEPENDENT_SHAPE_REPRESENTATION(#8612,#8614);
#8612 = ( REPRESENTATION_RELATIONSHIP('','',#8552,#7169) 
REPRESENTATION_RELATIONSHIP_WITH_TRANSFORMATION(#8613) 
SHAPE_REPRESENTATION_RELATIONSHIP() );
#8613 = ITEM_DEFINED_TRANSFORMATION('','',#11,#7234);
#8614 = PRODUCT_DEFINITION_SHAPE('Placement','Placement of an item',
  #8615);
#8615 = NEXT_ASSEMBLY_USAGE_OCCURRENCE('50','Leads044','',#7164,#8547,$
  );
#8616 = PRODUCT_RELATED_PRODUCT_CATEGORY('part',$,(#8549));
#8617 = SHAPE_DEFINITION_REPRESENTATION(#8618,#8624);
#8618 = PRODUCT_DEFINITION_SHAPE('','',#8619);
#8619 = PRODUCT_DEFINITION('design','',#8620,#8623);
#8620 = PRODUCT_DEFINITION_FORMATION('','',#8621);
#8621 = PRODUCT('Leads045','Leads045','',(#8622));
#8622 = PRODUCT_CONTEXT('',#2,'mechanical');
#8623 = PRODUCT_DEFINITION_CONTEXT('part definition',#2,'design');
#8624 = ADVANCED_BREP_SHAPE_REPRESENTATION('',(#11,#8625),#8678);
#8625 = MANIFOLD_SOLID_BREP('',#8626);
#8626 = CLOSED_SHELL('',(#8627,#8660,#8669));
#8627 = ADVANCED_FACE('',(#8628),#8655,.T.);
#8628 = FACE_BOUND('',#8629,.T.);
#8629 = EDGE_LOOP('',(#8630,#8639,#8647,#8654));
#8630 = ORIENTED_EDGE('',*,*,#8631,.F.);
#8631 = EDGE_CURVE('',#8632,#8632,#8634,.T.);
#8632 = VERTEX_POINT('',#8633);
#8633 = CARTESIAN_POINT('',(-42.925,-6.245698675652E-17,0.1));
#8634 = CIRCLE('',#8635,0.255);
#8635 = AXIS2_PLACEMENT_3D('',#8636,#8637,#8638);
#8636 = CARTESIAN_POINT('',(-43.18,0.,0.1));
#8637 = DIRECTION('',(0.,0.,1.));
#8638 = DIRECTION('',(1.,0.,-0.));
#8639 = ORIENTED_EDGE('',*,*,#8640,.F.);
#8640 = EDGE_CURVE('',#8641,#8632,#8643,.T.);
#8641 = VERTEX_POINT('',#8642);
#8642 = CARTESIAN_POINT('',(-42.925,-6.245698675652E-17,-5.));
#8643 = LINE('',#8644,#8645);
#8644 = CARTESIAN_POINT('',(-42.925,-6.245698675652E-17,-5.));
#8645 = VECTOR('',#8646,1.);
#8646 = DIRECTION('',(0.,0.,1.));
#8647 = ORIENTED_EDGE('',*,*,#8648,.T.);
#8648 = EDGE_CURVE('',#8641,#8641,#8649,.T.);
#8649 = CIRCLE('',#8650,0.255);
#8650 = AXIS2_PLACEMENT_3D('',#8651,#8652,#8653);
#8651 = CARTESIAN_POINT('',(-43.18,0.,-5.));
#8652 = DIRECTION('',(0.,0.,1.));
#8653 = DIRECTION('',(1.,0.,-0.));
#8654 = ORIENTED_EDGE('',*,*,#8640,.T.);
#8655 = CYLINDRICAL_SURFACE('',#8656,0.255);
#8656 = AXIS2_PLACEMENT_3D('',#8657,#8658,#8659);
#8657 = CARTESIAN_POINT('',(-43.18,0.,-5.));
#8658 = DIRECTION('',(0.,0.,1.));
#8659 = DIRECTION('',(1.,0.,-0.));
#8660 = ADVANCED_FACE('',(#8661),#8664,.T.);
#8661 = FACE_BOUND('',#8662,.T.);
#8662 = EDGE_LOOP('',(#8663));
#8663 = ORIENTED_EDGE('',*,*,#8631,.T.);
#8664 = PLANE('',#8665);
#8665 = AXIS2_PLACEMENT_3D('',#8666,#8667,#8668);
#8666 = CARTESIAN_POINT('',(-43.18,0.,0.1));
#8667 = DIRECTION('',(0.,0.,1.));
#8668 = DIRECTION('',(1.,0.,-0.));
#8669 = ADVANCED_FACE('',(#8670),#8673,.F.);
#8670 = FACE_BOUND('',#8671,.T.);
#8671 = EDGE_LOOP('',(#8672));
#8672 = ORIENTED_EDGE('',*,*,#8648,.F.);
#8673 = PLANE('',#8674);
#8674 = AXIS2_PLACEMENT_3D('',#8675,#8676,#8677);
#8675 = CARTESIAN_POINT('',(-43.18,0.,-5.));
#8676 = DIRECTION('',(0.,0.,1.));
#8677 = DIRECTION('',(1.,0.,-0.));
#8678 = ( GEOMETRIC_REPRESENTATION_CONTEXT(3) 
GLOBAL_UNCERTAINTY_ASSIGNED_CONTEXT((#8682)) 
GLOBAL_UNIT_ASSIGNED_CONTEXT((#8679,#8680,#8681)) REPRESENTATION_CONTEXT
('Context #1','3D Context with UNIT and UNCERTAINTY') );
#8679 = ( LENGTH_UNIT() NAMED_UNIT(*) SI_UNIT(.MILLI.,.METRE.) );
#8680 = ( NAMED_UNIT(*) PLANE_ANGLE_UNIT() SI_UNIT($,.RADIAN.) );
#8681 = ( NAMED_UNIT(*) SI_UNIT($,.STERADIAN.) SOLID_ANGLE_UNIT() );
#8682 = UNCERTAINTY_MEASURE_WITH_UNIT(LENGTH_MEASURE(1.E-07),#8679,
  'distance_accuracy_value','confusion accuracy');
#8683 = CONTEXT_DEPENDENT_SHAPE_REPRESENTATION(#8684,#8686);
#8684 = ( REPRESENTATION_RELATIONSHIP('','',#8624,#7169) 
REPRESENTATION_RELATIONSHIP_WITH_TRANSFORMATION(#8685) 
SHAPE_REPRESENTATION_RELATIONSHIP() );
#8685 = ITEM_DEFINED_TRANSFORMATION('','',#11,#7238);
#8686 = PRODUCT_DEFINITION_SHAPE('Placement','Placement of an item',
  #8687);
#8687 = NEXT_ASSEMBLY_USAGE_OCCURRENCE('51','Leads045','',#7164,#8619,$
  );
#8688 = PRODUCT_RELATED_PRODUCT_CATEGORY('part',$,(#8621));
#8689 = SHAPE_DEFINITION_REPRESENTATION(#8690,#8696);
#8690 = PRODUCT_DEFINITION_SHAPE('','',#8691);
#8691 = PRODUCT_DEFINITION('design','',#8692,#8695);
#8692 = PRODUCT_DEFINITION_FORMATION('','',#8693);
#8693 = PRODUCT('Leads046','Leads046','',(#8694));
#8694 = PRODUCT_CONTEXT('',#2,'mechanical');
#8695 = PRODUCT_DEFINITION_CONTEXT('part definition',#2,'design');
#8696 = ADVANCED_BREP_SHAPE_REPRESENTATION('',(#11,#8697),#8750);
#8697 = MANIFOLD_SOLID_BREP('',#8698);
#8698 = CLOSED_SHELL('',(#8699,#8732,#8741));
#8699 = ADVANCED_FACE('',(#8700),#8727,.T.);
#8700 = FACE_BOUND('',#8701,.T.);
#8701 = EDGE_LOOP('',(#8702,#8711,#8719,#8726));
#8702 = ORIENTED_EDGE('',*,*,#8703,.F.);
#8703 = EDGE_CURVE('',#8704,#8704,#8706,.T.);
#8704 = VERTEX_POINT('',#8705);
#8705 = CARTESIAN_POINT('',(-1.015,-2.54,0.1));
#8706 = CIRCLE('',#8707,0.255);
#8707 = AXIS2_PLACEMENT_3D('',#8708,#8709,#8710);
#8708 = CARTESIAN_POINT('',(-1.27,-2.54,0.1));
#8709 = DIRECTION('',(0.,0.,1.));
#8710 = DIRECTION('',(1.,0.,-0.));
#8711 = ORIENTED_EDGE('',*,*,#8712,.F.);
#8712 = EDGE_CURVE('',#8713,#8704,#8715,.T.);
#8713 = VERTEX_POINT('',#8714);
#8714 = CARTESIAN_POINT('',(-1.015,-2.54,-5.));
#8715 = LINE('',#8716,#8717);
#8716 = CARTESIAN_POINT('',(-1.015,-2.54,-5.));
#8717 = VECTOR('',#8718,1.);
#8718 = DIRECTION('',(0.,0.,1.));
#8719 = ORIENTED_EDGE('',*,*,#8720,.T.);
#8720 = EDGE_CURVE('',#8713,#8713,#8721,.T.);
#8721 = CIRCLE('',#8722,0.255);
#8722 = AXIS2_PLACEMENT_3D('',#8723,#8724,#8725);
#8723 = CARTESIAN_POINT('',(-1.27,-2.54,-5.));
#8724 = DIRECTION('',(0.,0.,1.));
#8725 = DIRECTION('',(1.,0.,-0.));
#8726 = ORIENTED_EDGE('',*,*,#8712,.T.);
#8727 = CYLINDRICAL_SURFACE('',#8728,0.255);
#8728 = AXIS2_PLACEMENT_3D('',#8729,#8730,#8731);
#8729 = CARTESIAN_POINT('',(-1.27,-2.54,-5.));
#8730 = DIRECTION('',(0.,0.,1.));
#8731 = DIRECTION('',(1.,0.,-0.));
#8732 = ADVANCED_FACE('',(#8733),#8736,.T.);
#8733 = FACE_BOUND('',#8734,.T.);
#8734 = EDGE_LOOP('',(#8735));
#8735 = ORIENTED_EDGE('',*,*,#8703,.T.);
#8736 = PLANE('',#8737);
#8737 = AXIS2_PLACEMENT_3D('',#8738,#8739,#8740);
#8738 = CARTESIAN_POINT('',(-1.27,-2.54,0.1));
#8739 = DIRECTION('',(0.,0.,1.));
#8740 = DIRECTION('',(1.,0.,-0.));
#8741 = ADVANCED_FACE('',(#8742),#8745,.F.);
#8742 = FACE_BOUND('',#8743,.T.);
#8743 = EDGE_LOOP('',(#8744));
#8744 = ORIENTED_EDGE('',*,*,#8720,.F.);
#8745 = PLANE('',#8746);
#8746 = AXIS2_PLACEMENT_3D('',#8747,#8748,#8749);
#8747 = CARTESIAN_POINT('',(-1.27,-2.54,-5.));
#8748 = DIRECTION('',(0.,0.,1.));
#8749 = DIRECTION('',(1.,0.,-0.));
#8750 = ( GEOMETRIC_REPRESENTATION_CONTEXT(3) 
GLOBAL_UNCERTAINTY_ASSIGNED_CONTEXT((#8754)) 
GLOBAL_UNIT_ASSIGNED_CONTEXT((#8751,#8752,#8753)) REPRESENTATION_CONTEXT
('Context #1','3D Context with UNIT and UNCERTAINTY') );
#8751 = ( LENGTH_UNIT() NAMED_UNIT(*) SI_UNIT(.MILLI.,.METRE.) );
#8752 = ( NAMED_UNIT(*) PLANE_ANGLE_UNIT() SI_UNIT($,.RADIAN.) );
#8753 = ( NAMED_UNIT(*) SI_UNIT($,.STERADIAN.) SOLID_ANGLE_UNIT() );
#8754 = UNCERTAINTY_MEASURE_WITH_UNIT(LENGTH_MEASURE(1.E-07),#8751,
  'distance_accuracy_value','confusion accuracy');
#8755 = CONTEXT_DEPENDENT_SHAPE_REPRESENTATION(#8756,#8758);
#8756 = ( REPRESENTATION_RELATIONSHIP('','',#8696,#7169) 
REPRESENTATION_RELATIONSHIP_WITH_TRANSFORMATION(#8757) 
SHAPE_REPRESENTATION_RELATIONSHIP() );
#8757 = ITEM_DEFINED_TRANSFORMATION('','',#11,#7242);
#8758 = PRODUCT_DEFINITION_SHAPE('Placement','Placement of an item',
  #8759);
#8759 = NEXT_ASSEMBLY_USAGE_OCCURRENCE('52','Leads046','',#7164,#8691,$
  );
#8760 = PRODUCT_RELATED_PRODUCT_CATEGORY('part',$,(#8693));
#8761 = SHAPE_DEFINITION_REPRESENTATION(#8762,#8768);
#8762 = PRODUCT_DEFINITION_SHAPE('','',#8763);
#8763 = PRODUCT_DEFINITION('design','',#8764,#8767);
#8764 = PRODUCT_DEFINITION_FORMATION('','',#8765);
#8765 = PRODUCT('Leads047','Leads047','',(#8766));
#8766 = PRODUCT_CONTEXT('',#2,'mechanical');
#8767 = PRODUCT_DEFINITION_CONTEXT('part definition',#2,'design');
#8768 = ADVANCED_BREP_SHAPE_REPRESENTATION('',(#11,#8769),#8822);
#8769 = MANIFOLD_SOLID_BREP('',#8770);
#8770 = CLOSED_SHELL('',(#8771,#8804,#8813));
#8771 = ADVANCED_FACE('',(#8772),#8799,.T.);
#8772 = FACE_BOUND('',#8773,.T.);
#8773 = EDGE_LOOP('',(#8774,#8783,#8791,#8798));
#8774 = ORIENTED_EDGE('',*,*,#8775,.F.);
#8775 = EDGE_CURVE('',#8776,#8776,#8778,.T.);
#8776 = VERTEX_POINT('',#8777);
#8777 = CARTESIAN_POINT('',(-3.555,-2.54,0.1));
#8778 = CIRCLE('',#8779,0.255);
#8779 = AXIS2_PLACEMENT_3D('',#8780,#8781,#8782);
#8780 = CARTESIAN_POINT('',(-3.81,-2.54,0.1));
#8781 = DIRECTION('',(0.,0.,1.));
#8782 = DIRECTION('',(1.,0.,-0.));
#8783 = ORIENTED_EDGE('',*,*,#8784,.F.);
#8784 = EDGE_CURVE('',#8785,#8776,#8787,.T.);
#8785 = VERTEX_POINT('',#8786);
#8786 = CARTESIAN_POINT('',(-3.555,-2.54,-5.));
#8787 = LINE('',#8788,#8789);
#8788 = CARTESIAN_POINT('',(-3.555,-2.54,-5.));
#8789 = VECTOR('',#8790,1.);
#8790 = DIRECTION('',(0.,0.,1.));
#8791 = ORIENTED_EDGE('',*,*,#8792,.T.);
#8792 = EDGE_CURVE('',#8785,#8785,#8793,.T.);
#8793 = CIRCLE('',#8794,0.255);
#8794 = AXIS2_PLACEMENT_3D('',#8795,#8796,#8797);
#8795 = CARTESIAN_POINT('',(-3.81,-2.54,-5.));
#8796 = DIRECTION('',(0.,0.,1.));
#8797 = DIRECTION('',(1.,0.,-0.));
#8798 = ORIENTED_EDGE('',*,*,#8784,.T.);
#8799 = CYLINDRICAL_SURFACE('',#8800,0.255);
#8800 = AXIS2_PLACEMENT_3D('',#8801,#8802,#8803);
#8801 = CARTESIAN_POINT('',(-3.81,-2.54,-5.));
#8802 = DIRECTION('',(0.,0.,1.));
#8803 = DIRECTION('',(1.,0.,-0.));
#8804 = ADVANCED_FACE('',(#8805),#8808,.T.);
#8805 = FACE_BOUND('',#8806,.T.);
#8806 = EDGE_LOOP('',(#8807));
#8807 = ORIENTED_EDGE('',*,*,#8775,.T.);
#8808 = PLANE('',#8809);
#8809 = AXIS2_PLACEMENT_3D('',#8810,#8811,#8812);
#8810 = CARTESIAN_POINT('',(-3.81,-2.54,0.1));
#8811 = DIRECTION('',(0.,0.,1.));
#8812 = DIRECTION('',(1.,0.,-0.));
#8813 = ADVANCED_FACE('',(#8814),#8817,.F.);
#8814 = FACE_BOUND('',#8815,.T.);
#8815 = EDGE_LOOP('',(#8816));
#8816 = ORIENTED_EDGE('',*,*,#8792,.F.);
#8817 = PLANE('',#8818);
#8818 = AXIS2_PLACEMENT_3D('',#8819,#8820,#8821);
#8819 = CARTESIAN_POINT('',(-3.81,-2.54,-5.));
#8820 = DIRECTION('',(0.,0.,1.));
#8821 = DIRECTION('',(1.,0.,-0.));
#8822 = ( GEOMETRIC_REPRESENTATION_CONTEXT(3) 
GLOBAL_UNCERTAINTY_ASSIGNED_CONTEXT((#8826)) 
GLOBAL_UNIT_ASSIGNED_CONTEXT((#8823,#8824,#8825)) REPRESENTATION_CONTEXT
('Context #1','3D Context with UNIT and UNCERTAINTY') );
#8823 = ( LENGTH_UNIT() NAMED_UNIT(*) SI_UNIT(.MILLI.,.METRE.) );
#8824 = ( NAMED_UNIT(*) PLANE_ANGLE_UNIT() SI_UNIT($,.RADIAN.) );
#8825 = ( NAMED_UNIT(*) SI_UNIT($,.STERADIAN.) SOLID_ANGLE_UNIT() );
#8826 = UNCERTAINTY_MEASURE_WITH_UNIT(LENGTH_MEASURE(1.E-07),#8823,
  'distance_accuracy_value','confusion accuracy');
#8827 = CONTEXT_DEPENDENT_SHAPE_REPRESENTATION(#8828,#8830);
#8828 = ( REPRESENTATION_RELATIONSHIP('','',#8768,#7169) 
REPRESENTATION_RELATIONSHIP_WITH_TRANSFORMATION(#8829) 
SHAPE_REPRESENTATION_RELATIONSHIP() );
#8829 = ITEM_DEFINED_TRANSFORMATION('','',#11,#7246);
#8830 = PRODUCT_DEFINITION_SHAPE('Placement','Placement of an item',
  #8831);
#8831 = NEXT_ASSEMBLY_USAGE_OCCURRENCE('53','Leads047','',#7164,#8763,$
  );
#8832 = PRODUCT_RELATED_PRODUCT_CATEGORY('part',$,(#8765));
#8833 = SHAPE_DEFINITION_REPRESENTATION(#8834,#8840);
#8834 = PRODUCT_DEFINITION_SHAPE('','',#8835);
#8835 = PRODUCT_DEFINITION('design','',#8836,#8839);
#8836 = PRODUCT_DEFINITION_FORMATION('','',#8837);
#8837 = PRODUCT('Leads048','Leads048','',(#8838));
#8838 = PRODUCT_CONTEXT('',#2,'mechanical');
#8839 = PRODUCT_DEFINITION_CONTEXT('part definition',#2,'design');
#8840 = ADVANCED_BREP_SHAPE_REPRESENTATION('',(#11,#8841),#8894);
#8841 = MANIFOLD_SOLID_BREP('',#8842);
#8842 = CLOSED_SHELL('',(#8843,#8876,#8885));
#8843 = ADVANCED_FACE('',(#8844),#8871,.T.);
#8844 = FACE_BOUND('',#8845,.T.);
#8845 = EDGE_LOOP('',(#8846,#8855,#8863,#8870));
#8846 = ORIENTED_EDGE('',*,*,#8847,.F.);
#8847 = EDGE_CURVE('',#8848,#8848,#8850,.T.);
#8848 = VERTEX_POINT('',#8849);
#8849 = CARTESIAN_POINT('',(-6.095,-2.54,0.1));
#8850 = CIRCLE('',#8851,0.255);
#8851 = AXIS2_PLACEMENT_3D('',#8852,#8853,#8854);
#8852 = CARTESIAN_POINT('',(-6.35,-2.54,0.1));
#8853 = DIRECTION('',(0.,0.,1.));
#8854 = DIRECTION('',(1.,0.,-0.));
#8855 = ORIENTED_EDGE('',*,*,#8856,.F.);
#8856 = EDGE_CURVE('',#8857,#8848,#8859,.T.);
#8857 = VERTEX_POINT('',#8858);
#8858 = CARTESIAN_POINT('',(-6.095,-2.54,-5.));
#8859 = LINE('',#8860,#8861);
#8860 = CARTESIAN_POINT('',(-6.095,-2.54,-5.));
#8861 = VECTOR('',#8862,1.);
#8862 = DIRECTION('',(0.,0.,1.));
#8863 = ORIENTED_EDGE('',*,*,#8864,.T.);
#8864 = EDGE_CURVE('',#8857,#8857,#8865,.T.);
#8865 = CIRCLE('',#8866,0.255);
#8866 = AXIS2_PLACEMENT_3D('',#8867,#8868,#8869);
#8867 = CARTESIAN_POINT('',(-6.35,-2.54,-5.));
#8868 = DIRECTION('',(0.,0.,1.));
#8869 = DIRECTION('',(1.,0.,-0.));
#8870 = ORIENTED_EDGE('',*,*,#8856,.T.);
#8871 = CYLINDRICAL_SURFACE('',#8872,0.255);
#8872 = AXIS2_PLACEMENT_3D('',#8873,#8874,#8875);
#8873 = CARTESIAN_POINT('',(-6.35,-2.54,-5.));
#8874 = DIRECTION('',(0.,0.,1.));
#8875 = DIRECTION('',(1.,0.,-0.));
#8876 = ADVANCED_FACE('',(#8877),#8880,.T.);
#8877 = FACE_BOUND('',#8878,.T.);
#8878 = EDGE_LOOP('',(#8879));
#8879 = ORIENTED_EDGE('',*,*,#8847,.T.);
#8880 = PLANE('',#8881);
#8881 = AXIS2_PLACEMENT_3D('',#8882,#8883,#8884);
#8882 = CARTESIAN_POINT('',(-6.35,-2.54,0.1));
#8883 = DIRECTION('',(0.,0.,1.));
#8884 = DIRECTION('',(1.,0.,-0.));
#8885 = ADVANCED_FACE('',(#8886),#8889,.F.);
#8886 = FACE_BOUND('',#8887,.T.);
#8887 = EDGE_LOOP('',(#8888));
#8888 = ORIENTED_EDGE('',*,*,#8864,.F.);
#8889 = PLANE('',#8890);
#8890 = AXIS2_PLACEMENT_3D('',#8891,#8892,#8893);
#8891 = CARTESIAN_POINT('',(-6.35,-2.54,-5.));
#8892 = DIRECTION('',(0.,0.,1.));
#8893 = DIRECTION('',(1.,0.,-0.));
#8894 = ( GEOMETRIC_REPRESENTATION_CONTEXT(3) 
GLOBAL_UNCERTAINTY_ASSIGNED_CONTEXT((#8898)) 
GLOBAL_UNIT_ASSIGNED_CONTEXT((#8895,#8896,#8897)) REPRESENTATION_CONTEXT
('Context #1','3D Context with UNIT and UNCERTAINTY') );
#8895 = ( LENGTH_UNIT() NAMED_UNIT(*) SI_UNIT(.MILLI.,.METRE.) );
#8896 = ( NAMED_UNIT(*) PLANE_ANGLE_UNIT() SI_UNIT($,.RADIAN.) );
#8897 = ( NAMED_UNIT(*) SI_UNIT($,.STERADIAN.) SOLID_ANGLE_UNIT() );
#8898 = UNCERTAINTY_MEASURE_WITH_UNIT(LENGTH_MEASURE(1.E-07),#8895,
  'distance_accuracy_value','confusion accuracy');
#8899 = CONTEXT_DEPENDENT_SHAPE_REPRESENTATION(#8900,#8902);
#8900 = ( REPRESENTATION_RELATIONSHIP('','',#8840,#7169) 
REPRESENTATION_RELATIONSHIP_WITH_TRANSFORMATION(#8901) 
SHAPE_REPRESENTATION_RELATIONSHIP() );
#8901 = ITEM_DEFINED_TRANSFORMATION('','',#11,#7250);
#8902 = PRODUCT_DEFINITION_SHAPE('Placement','Placement of an item',
  #8903);
#8903 = NEXT_ASSEMBLY_USAGE_OCCURRENCE('54','Leads048','',#7164,#8835,$
  );
#8904 = PRODUCT_RELATED_PRODUCT_CATEGORY('part',$,(#8837));
#8905 = SHAPE_DEFINITION_REPRESENTATION(#8906,#8912);
#8906 = PRODUCT_DEFINITION_SHAPE('','',#8907);
#8907 = PRODUCT_DEFINITION('design','',#8908,#8911);
#8908 = PRODUCT_DEFINITION_FORMATION('','',#8909);
#8909 = PRODUCT('Leads049','Leads049','',(#8910));
#8910 = PRODUCT_CONTEXT('',#2,'mechanical');
#8911 = PRODUCT_DEFINITION_CONTEXT('part definition',#2,'design');
#8912 = ADVANCED_BREP_SHAPE_REPRESENTATION('',(#11,#8913),#8966);
#8913 = MANIFOLD_SOLID_BREP('',#8914);
#8914 = CLOSED_SHELL('',(#8915,#8948,#8957));
#8915 = ADVANCED_FACE('',(#8916),#8943,.T.);
#8916 = FACE_BOUND('',#8917,.T.);
#8917 = EDGE_LOOP('',(#8918,#8927,#8935,#8942));
#8918 = ORIENTED_EDGE('',*,*,#8919,.F.);
#8919 = EDGE_CURVE('',#8920,#8920,#8922,.T.);
#8920 = VERTEX_POINT('',#8921);
#8921 = CARTESIAN_POINT('',(-8.635,-2.54,0.1));
#8922 = CIRCLE('',#8923,0.255);
#8923 = AXIS2_PLACEMENT_3D('',#8924,#8925,#8926);
#8924 = CARTESIAN_POINT('',(-8.89,-2.54,0.1));
#8925 = DIRECTION('',(0.,0.,1.));
#8926 = DIRECTION('',(1.,0.,-0.));
#8927 = ORIENTED_EDGE('',*,*,#8928,.F.);
#8928 = EDGE_CURVE('',#8929,#8920,#8931,.T.);
#8929 = VERTEX_POINT('',#8930);
#8930 = CARTESIAN_POINT('',(-8.635,-2.54,-5.));
#8931 = LINE('',#8932,#8933);
#8932 = CARTESIAN_POINT('',(-8.635,-2.54,-5.));
#8933 = VECTOR('',#8934,1.);
#8934 = DIRECTION('',(0.,0.,1.));
#8935 = ORIENTED_EDGE('',*,*,#8936,.T.);
#8936 = EDGE_CURVE('',#8929,#8929,#8937,.T.);
#8937 = CIRCLE('',#8938,0.255);
#8938 = AXIS2_PLACEMENT_3D('',#8939,#8940,#8941);
#8939 = CARTESIAN_POINT('',(-8.89,-2.54,-5.));
#8940 = DIRECTION('',(0.,0.,1.));
#8941 = DIRECTION('',(1.,0.,-0.));
#8942 = ORIENTED_EDGE('',*,*,#8928,.T.);
#8943 = CYLINDRICAL_SURFACE('',#8944,0.255);
#8944 = AXIS2_PLACEMENT_3D('',#8945,#8946,#8947);
#8945 = CARTESIAN_POINT('',(-8.89,-2.54,-5.));
#8946 = DIRECTION('',(0.,0.,1.));
#8947 = DIRECTION('',(1.,0.,-0.));
#8948 = ADVANCED_FACE('',(#8949),#8952,.T.);
#8949 = FACE_BOUND('',#8950,.T.);
#8950 = EDGE_LOOP('',(#8951));
#8951 = ORIENTED_EDGE('',*,*,#8919,.T.);
#8952 = PLANE('',#8953);
#8953 = AXIS2_PLACEMENT_3D('',#8954,#8955,#8956);
#8954 = CARTESIAN_POINT('',(-8.89,-2.54,0.1));
#8955 = DIRECTION('',(0.,0.,1.));
#8956 = DIRECTION('',(1.,0.,-0.));
#8957 = ADVANCED_FACE('',(#8958),#8961,.F.);
#8958 = FACE_BOUND('',#8959,.T.);
#8959 = EDGE_LOOP('',(#8960));
#8960 = ORIENTED_EDGE('',*,*,#8936,.F.);
#8961 = PLANE('',#8962);
#8962 = AXIS2_PLACEMENT_3D('',#8963,#8964,#8965);
#8963 = CARTESIAN_POINT('',(-8.89,-2.54,-5.));
#8964 = DIRECTION('',(0.,0.,1.));
#8965 = DIRECTION('',(1.,0.,-0.));
#8966 = ( GEOMETRIC_REPRESENTATION_CONTEXT(3) 
GLOBAL_UNCERTAINTY_ASSIGNED_CONTEXT((#8970)) 
GLOBAL_UNIT_ASSIGNED_CONTEXT((#8967,#8968,#8969)) REPRESENTATION_CONTEXT
('Context #1','3D Context with UNIT and UNCERTAINTY') );
#8967 = ( LENGTH_UNIT() NAMED_UNIT(*) SI_UNIT(.MILLI.,.METRE.) );
#8968 = ( NAMED_UNIT(*) PLANE_ANGLE_UNIT() SI_UNIT($,.RADIAN.) );
#8969 = ( NAMED_UNIT(*) SI_UNIT($,.STERADIAN.) SOLID_ANGLE_UNIT() );
#8970 = UNCERTAINTY_MEASURE_WITH_UNIT(LENGTH_MEASURE(1.E-07),#8967,
  'distance_accuracy_value','confusion accuracy');
#8971 = CONTEXT_DEPENDENT_SHAPE_REPRESENTATION(#8972,#8974);
#8972 = ( REPRESENTATION_RELATIONSHIP('','',#8912,#7169) 
REPRESENTATION_RELATIONSHIP_WITH_TRANSFORMATION(#8973) 
SHAPE_REPRESENTATION_RELATIONSHIP() );
#8973 = ITEM_DEFINED_TRANSFORMATION('','',#11,#7254);
#8974 = PRODUCT_DEFINITION_SHAPE('Placement','Placement of an item',
  #8975);
#8975 = NEXT_ASSEMBLY_USAGE_OCCURRENCE('55','Leads049','',#7164,#8907,$
  );
#8976 = PRODUCT_RELATED_PRODUCT_CATEGORY('part',$,(#8909));
#8977 = SHAPE_DEFINITION_REPRESENTATION(#8978,#8984);
#8978 = PRODUCT_DEFINITION_SHAPE('','',#8979);
#8979 = PRODUCT_DEFINITION('design','',#8980,#8983);
#8980 = PRODUCT_DEFINITION_FORMATION('','',#8981);
#8981 = PRODUCT('Leads050','Leads050','',(#8982));
#8982 = PRODUCT_CONTEXT('',#2,'mechanical');
#8983 = PRODUCT_DEFINITION_CONTEXT('part definition',#2,'design');
#8984 = ADVANCED_BREP_SHAPE_REPRESENTATION('',(#11,#8985),#9038);
#8985 = MANIFOLD_SOLID_BREP('',#8986);
#8986 = CLOSED_SHELL('',(#8987,#9020,#9029));
#8987 = ADVANCED_FACE('',(#8988),#9015,.T.);
#8988 = FACE_BOUND('',#8989,.T.);
#8989 = EDGE_LOOP('',(#8990,#8999,#9007,#9014));
#8990 = ORIENTED_EDGE('',*,*,#8991,.F.);
#8991 = EDGE_CURVE('',#8992,#8992,#8994,.T.);
#8992 = VERTEX_POINT('',#8993);
#8993 = CARTESIAN_POINT('',(-11.175,-2.54,0.1));
#8994 = CIRCLE('',#8995,0.255);
#8995 = AXIS2_PLACEMENT_3D('',#8996,#8997,#8998);
#8996 = CARTESIAN_POINT('',(-11.43,-2.54,0.1));
#8997 = DIRECTION('',(0.,0.,1.));
#8998 = DIRECTION('',(1.,0.,-0.));
#8999 = ORIENTED_EDGE('',*,*,#9000,.F.);
#9000 = EDGE_CURVE('',#9001,#8992,#9003,.T.);
#9001 = VERTEX_POINT('',#9002);
#9002 = CARTESIAN_POINT('',(-11.175,-2.54,-5.));
#9003 = LINE('',#9004,#9005);
#9004 = CARTESIAN_POINT('',(-11.175,-2.54,-5.));
#9005 = VECTOR('',#9006,1.);
#9006 = DIRECTION('',(0.,0.,1.));
#9007 = ORIENTED_EDGE('',*,*,#9008,.T.);
#9008 = EDGE_CURVE('',#9001,#9001,#9009,.T.);
#9009 = CIRCLE('',#9010,0.255);
#9010 = AXIS2_PLACEMENT_3D('',#9011,#9012,#9013);
#9011 = CARTESIAN_POINT('',(-11.43,-2.54,-5.));
#9012 = DIRECTION('',(0.,0.,1.));
#9013 = DIRECTION('',(1.,0.,-0.));
#9014 = ORIENTED_EDGE('',*,*,#9000,.T.);
#9015 = CYLINDRICAL_SURFACE('',#9016,0.255);
#9016 = AXIS2_PLACEMENT_3D('',#9017,#9018,#9019);
#9017 = CARTESIAN_POINT('',(-11.43,-2.54,-5.));
#9018 = DIRECTION('',(0.,0.,1.));
#9019 = DIRECTION('',(1.,0.,-0.));
#9020 = ADVANCED_FACE('',(#9021),#9024,.T.);
#9021 = FACE_BOUND('',#9022,.T.);
#9022 = EDGE_LOOP('',(#9023));
#9023 = ORIENTED_EDGE('',*,*,#8991,.T.);
#9024 = PLANE('',#9025);
#9025 = AXIS2_PLACEMENT_3D('',#9026,#9027,#9028);
#9026 = CARTESIAN_POINT('',(-11.43,-2.54,0.1));
#9027 = DIRECTION('',(0.,0.,1.));
#9028 = DIRECTION('',(1.,0.,-0.));
#9029 = ADVANCED_FACE('',(#9030),#9033,.F.);
#9030 = FACE_BOUND('',#9031,.T.);
#9031 = EDGE_LOOP('',(#9032));
#9032 = ORIENTED_EDGE('',*,*,#9008,.F.);
#9033 = PLANE('',#9034);
#9034 = AXIS2_PLACEMENT_3D('',#9035,#9036,#9037);
#9035 = CARTESIAN_POINT('',(-11.43,-2.54,-5.));
#9036 = DIRECTION('',(0.,0.,1.));
#9037 = DIRECTION('',(1.,0.,-0.));
#9038 = ( GEOMETRIC_REPRESENTATION_CONTEXT(3) 
GLOBAL_UNCERTAINTY_ASSIGNED_CONTEXT((#9042)) 
GLOBAL_UNIT_ASSIGNED_CONTEXT((#9039,#9040,#9041)) REPRESENTATION_CONTEXT
('Context #1','3D Context with UNIT and UNCERTAINTY') );
#9039 = ( LENGTH_UNIT() NAMED_UNIT(*) SI_UNIT(.MILLI.,.METRE.) );
#9040 = ( NAMED_UNIT(*) PLANE_ANGLE_UNIT() SI_UNIT($,.RADIAN.) );
#9041 = ( NAMED_UNIT(*) SI_UNIT($,.STERADIAN.) SOLID_ANGLE_UNIT() );
#9042 = UNCERTAINTY_MEASURE_WITH_UNIT(LENGTH_MEASURE(1.E-07),#9039,
  'distance_accuracy_value','confusion accuracy');
#9043 = CONTEXT_DEPENDENT_SHAPE_REPRESENTATION(#9044,#9046);
#9044 = ( REPRESENTATION_RELATIONSHIP('','',#8984,#7169) 
REPRESENTATION_RELATIONSHIP_WITH_TRANSFORMATION(#9045) 
SHAPE_REPRESENTATION_RELATIONSHIP() );
#9045 = ITEM_DEFINED_TRANSFORMATION('','',#11,#7258);
#9046 = PRODUCT_DEFINITION_SHAPE('Placement','Placement of an item',
  #9047);
#9047 = NEXT_ASSEMBLY_USAGE_OCCURRENCE('56','Leads050','',#7164,#8979,$
  );
#9048 = PRODUCT_RELATED_PRODUCT_CATEGORY('part',$,(#8981));
#9049 = SHAPE_DEFINITION_REPRESENTATION(#9050,#9056);
#9050 = PRODUCT_DEFINITION_SHAPE('','',#9051);
#9051 = PRODUCT_DEFINITION('design','',#9052,#9055);
#9052 = PRODUCT_DEFINITION_FORMATION('','',#9053);
#9053 = PRODUCT('Leads051','Leads051','',(#9054));
#9054 = PRODUCT_CONTEXT('',#2,'mechanical');
#9055 = PRODUCT_DEFINITION_CONTEXT('part definition',#2,'design');
#9056 = ADVANCED_BREP_SHAPE_REPRESENTATION('',(#11,#9057),#9110);
#9057 = MANIFOLD_SOLID_BREP('',#9058);
#9058 = CLOSED_SHELL('',(#9059,#9092,#9101));
#9059 = ADVANCED_FACE('',(#9060),#9087,.T.);
#9060 = FACE_BOUND('',#9061,.T.);
#9061 = EDGE_LOOP('',(#9062,#9071,#9079,#9086));
#9062 = ORIENTED_EDGE('',*,*,#9063,.F.);
#9063 = EDGE_CURVE('',#9064,#9064,#9066,.T.);
#9064 = VERTEX_POINT('',#9065);
#9065 = CARTESIAN_POINT('',(-13.715,-2.54,0.1));
#9066 = CIRCLE('',#9067,0.255);
#9067 = AXIS2_PLACEMENT_3D('',#9068,#9069,#9070);
#9068 = CARTESIAN_POINT('',(-13.97,-2.54,0.1));
#9069 = DIRECTION('',(0.,0.,1.));
#9070 = DIRECTION('',(1.,0.,-0.));
#9071 = ORIENTED_EDGE('',*,*,#9072,.F.);
#9072 = EDGE_CURVE('',#9073,#9064,#9075,.T.);
#9073 = VERTEX_POINT('',#9074);
#9074 = CARTESIAN_POINT('',(-13.715,-2.54,-5.));
#9075 = LINE('',#9076,#9077);
#9076 = CARTESIAN_POINT('',(-13.715,-2.54,-5.));
#9077 = VECTOR('',#9078,1.);
#9078 = DIRECTION('',(0.,0.,1.));
#9079 = ORIENTED_EDGE('',*,*,#9080,.T.);
#9080 = EDGE_CURVE('',#9073,#9073,#9081,.T.);
#9081 = CIRCLE('',#9082,0.255);
#9082 = AXIS2_PLACEMENT_3D('',#9083,#9084,#9085);
#9083 = CARTESIAN_POINT('',(-13.97,-2.54,-5.));
#9084 = DIRECTION('',(0.,0.,1.));
#9085 = DIRECTION('',(1.,0.,-0.));
#9086 = ORIENTED_EDGE('',*,*,#9072,.T.);
#9087 = CYLINDRICAL_SURFACE('',#9088,0.255);
#9088 = AXIS2_PLACEMENT_3D('',#9089,#9090,#9091);
#9089 = CARTESIAN_POINT('',(-13.97,-2.54,-5.));
#9090 = DIRECTION('',(0.,0.,1.));
#9091 = DIRECTION('',(1.,0.,-0.));
#9092 = ADVANCED_FACE('',(#9093),#9096,.T.);
#9093 = FACE_BOUND('',#9094,.T.);
#9094 = EDGE_LOOP('',(#9095));
#9095 = ORIENTED_EDGE('',*,*,#9063,.T.);
#9096 = PLANE('',#9097);
#9097 = AXIS2_PLACEMENT_3D('',#9098,#9099,#9100);
#9098 = CARTESIAN_POINT('',(-13.97,-2.54,0.1));
#9099 = DIRECTION('',(0.,0.,1.));
#9100 = DIRECTION('',(1.,0.,-0.));
#9101 = ADVANCED_FACE('',(#9102),#9105,.F.);
#9102 = FACE_BOUND('',#9103,.T.);
#9103 = EDGE_LOOP('',(#9104));
#9104 = ORIENTED_EDGE('',*,*,#9080,.F.);
#9105 = PLANE('',#9106);
#9106 = AXIS2_PLACEMENT_3D('',#9107,#9108,#9109);
#9107 = CARTESIAN_POINT('',(-13.97,-2.54,-5.));
#9108 = DIRECTION('',(0.,0.,1.));
#9109 = DIRECTION('',(1.,0.,-0.));
#9110 = ( GEOMETRIC_REPRESENTATION_CONTEXT(3) 
GLOBAL_UNCERTAINTY_ASSIGNED_CONTEXT((#9114)) 
GLOBAL_UNIT_ASSIGNED_CONTEXT((#9111,#9112,#9113)) REPRESENTATION_CONTEXT
('Context #1','3D Context with UNIT and UNCERTAINTY') );
#9111 = ( LENGTH_UNIT() NAMED_UNIT(*) SI_UNIT(.MILLI.,.METRE.) );
#9112 = ( NAMED_UNIT(*) PLANE_ANGLE_UNIT() SI_UNIT($,.RADIAN.) );
#9113 = ( NAMED_UNIT(*) SI_UNIT($,.STERADIAN.) SOLID_ANGLE_UNIT() );
#9114 = UNCERTAINTY_MEASURE_WITH_UNIT(LENGTH_MEASURE(1.E-07),#9111,
  'distance_accuracy_value','confusion accuracy');
#9115 = CONTEXT_DEPENDENT_SHAPE_REPRESENTATION(#9116,#9118);
#9116 = ( REPRESENTATION_RELATIONSHIP('','',#9056,#7169) 
REPRESENTATION_RELATIONSHIP_WITH_TRANSFORMATION(#9117) 
SHAPE_REPRESENTATION_RELATIONSHIP() );
#9117 = ITEM_DEFINED_TRANSFORMATION('','',#11,#7262);
#9118 = PRODUCT_DEFINITION_SHAPE('Placement','Placement of an item',
  #9119);
#9119 = NEXT_ASSEMBLY_USAGE_OCCURRENCE('57','Leads051','',#7164,#9051,$
  );
#9120 = PRODUCT_RELATED_PRODUCT_CATEGORY('part',$,(#9053));
#9121 = SHAPE_DEFINITION_REPRESENTATION(#9122,#9128);
#9122 = PRODUCT_DEFINITION_SHAPE('','',#9123);
#9123 = PRODUCT_DEFINITION('design','',#9124,#9127);
#9124 = PRODUCT_DEFINITION_FORMATION('','',#9125);
#9125 = PRODUCT('Leads052','Leads052','',(#9126));
#9126 = PRODUCT_CONTEXT('',#2,'mechanical');
#9127 = PRODUCT_DEFINITION_CONTEXT('part definition',#2,'design');
#9128 = ADVANCED_BREP_SHAPE_REPRESENTATION('',(#11,#9129),#9182);
#9129 = MANIFOLD_SOLID_BREP('',#9130);
#9130 = CLOSED_SHELL('',(#9131,#9164,#9173));
#9131 = ADVANCED_FACE('',(#9132),#9159,.T.);
#9132 = FACE_BOUND('',#9133,.T.);
#9133 = EDGE_LOOP('',(#9134,#9143,#9151,#9158));
#9134 = ORIENTED_EDGE('',*,*,#9135,.F.);
#9135 = EDGE_CURVE('',#9136,#9136,#9138,.T.);
#9136 = VERTEX_POINT('',#9137);
#9137 = CARTESIAN_POINT('',(-16.255,-2.54,0.1));
#9138 = CIRCLE('',#9139,0.255);
#9139 = AXIS2_PLACEMENT_3D('',#9140,#9141,#9142);
#9140 = CARTESIAN_POINT('',(-16.51,-2.54,0.1));
#9141 = DIRECTION('',(0.,0.,1.));
#9142 = DIRECTION('',(1.,0.,-0.));
#9143 = ORIENTED_EDGE('',*,*,#9144,.F.);
#9144 = EDGE_CURVE('',#9145,#9136,#9147,.T.);
#9145 = VERTEX_POINT('',#9146);
#9146 = CARTESIAN_POINT('',(-16.255,-2.54,-5.));
#9147 = LINE('',#9148,#9149);
#9148 = CARTESIAN_POINT('',(-16.255,-2.54,-5.));
#9149 = VECTOR('',#9150,1.);
#9150 = DIRECTION('',(0.,0.,1.));
#9151 = ORIENTED_EDGE('',*,*,#9152,.T.);
#9152 = EDGE_CURVE('',#9145,#9145,#9153,.T.);
#9153 = CIRCLE('',#9154,0.255);
#9154 = AXIS2_PLACEMENT_3D('',#9155,#9156,#9157);
#9155 = CARTESIAN_POINT('',(-16.51,-2.54,-5.));
#9156 = DIRECTION('',(0.,0.,1.));
#9157 = DIRECTION('',(1.,0.,-0.));
#9158 = ORIENTED_EDGE('',*,*,#9144,.T.);
#9159 = CYLINDRICAL_SURFACE('',#9160,0.255);
#9160 = AXIS2_PLACEMENT_3D('',#9161,#9162,#9163);
#9161 = CARTESIAN_POINT('',(-16.51,-2.54,-5.));
#9162 = DIRECTION('',(0.,0.,1.));
#9163 = DIRECTION('',(1.,0.,-0.));
#9164 = ADVANCED_FACE('',(#9165),#9168,.T.);
#9165 = FACE_BOUND('',#9166,.T.);
#9166 = EDGE_LOOP('',(#9167));
#9167 = ORIENTED_EDGE('',*,*,#9135,.T.);
#9168 = PLANE('',#9169);
#9169 = AXIS2_PLACEMENT_3D('',#9170,#9171,#9172);
#9170 = CARTESIAN_POINT('',(-16.51,-2.54,0.1));
#9171 = DIRECTION('',(0.,0.,1.));
#9172 = DIRECTION('',(1.,0.,-0.));
#9173 = ADVANCED_FACE('',(#9174),#9177,.F.);
#9174 = FACE_BOUND('',#9175,.T.);
#9175 = EDGE_LOOP('',(#9176));
#9176 = ORIENTED_EDGE('',*,*,#9152,.F.);
#9177 = PLANE('',#9178);
#9178 = AXIS2_PLACEMENT_3D('',#9179,#9180,#9181);
#9179 = CARTESIAN_POINT('',(-16.51,-2.54,-5.));
#9180 = DIRECTION('',(0.,0.,1.));
#9181 = DIRECTION('',(1.,0.,-0.));
#9182 = ( GEOMETRIC_REPRESENTATION_CONTEXT(3) 
GLOBAL_UNCERTAINTY_ASSIGNED_CONTEXT((#9186)) 
GLOBAL_UNIT_ASSIGNED_CONTEXT((#9183,#9184,#9185)) REPRESENTATION_CONTEXT
('Context #1','3D Context with UNIT and UNCERTAINTY') );
#9183 = ( LENGTH_UNIT() NAMED_UNIT(*) SI_UNIT(.MILLI.,.METRE.) );
#9184 = ( NAMED_UNIT(*) PLANE_ANGLE_UNIT() SI_UNIT($,.RADIAN.) );
#9185 = ( NAMED_UNIT(*) SI_UNIT($,.STERADIAN.) SOLID_ANGLE_UNIT() );
#9186 = UNCERTAINTY_MEASURE_WITH_UNIT(LENGTH_MEASURE(1.E-07),#9183,
  'distance_accuracy_value','confusion accuracy');
#9187 = CONTEXT_DEPENDENT_SHAPE_REPRESENTATION(#9188,#9190);
#9188 = ( REPRESENTATION_RELATIONSHIP('','',#9128,#7169) 
REPRESENTATION_RELATIONSHIP_WITH_TRANSFORMATION(#9189) 
SHAPE_REPRESENTATION_RELATIONSHIP() );
#9189 = ITEM_DEFINED_TRANSFORMATION('','',#11,#7266);
#9190 = PRODUCT_DEFINITION_SHAPE('Placement','Placement of an item',
  #9191);
#9191 = NEXT_ASSEMBLY_USAGE_OCCURRENCE('58','Leads052','',#7164,#9123,$
  );
#9192 = PRODUCT_RELATED_PRODUCT_CATEGORY('part',$,(#9125));
#9193 = SHAPE_DEFINITION_REPRESENTATION(#9194,#9200);
#9194 = PRODUCT_DEFINITION_SHAPE('','',#9195);
#9195 = PRODUCT_DEFINITION('design','',#9196,#9199);
#9196 = PRODUCT_DEFINITION_FORMATION('','',#9197);
#9197 = PRODUCT('Leads053','Leads053','',(#9198));
#9198 = PRODUCT_CONTEXT('',#2,'mechanical');
#9199 = PRODUCT_DEFINITION_CONTEXT('part definition',#2,'design');
#9200 = ADVANCED_BREP_SHAPE_REPRESENTATION('',(#11,#9201),#9254);
#9201 = MANIFOLD_SOLID_BREP('',#9202);
#9202 = CLOSED_SHELL('',(#9203,#9236,#9245));
#9203 = ADVANCED_FACE('',(#9204),#9231,.T.);
#9204 = FACE_BOUND('',#9205,.T.);
#9205 = EDGE_LOOP('',(#9206,#9215,#9223,#9230));
#9206 = ORIENTED_EDGE('',*,*,#9207,.F.);
#9207 = EDGE_CURVE('',#9208,#9208,#9210,.T.);
#9208 = VERTEX_POINT('',#9209);
#9209 = CARTESIAN_POINT('',(-18.795,-2.54,0.1));
#9210 = CIRCLE('',#9211,0.255);
#9211 = AXIS2_PLACEMENT_3D('',#9212,#9213,#9214);
#9212 = CARTESIAN_POINT('',(-19.05,-2.54,0.1));
#9213 = DIRECTION('',(0.,0.,1.));
#9214 = DIRECTION('',(1.,0.,-0.));
#9215 = ORIENTED_EDGE('',*,*,#9216,.F.);
#9216 = EDGE_CURVE('',#9217,#9208,#9219,.T.);
#9217 = VERTEX_POINT('',#9218);
#9218 = CARTESIAN_POINT('',(-18.795,-2.54,-5.));
#9219 = LINE('',#9220,#9221);
#9220 = CARTESIAN_POINT('',(-18.795,-2.54,-5.));
#9221 = VECTOR('',#9222,1.);
#9222 = DIRECTION('',(0.,0.,1.));
#9223 = ORIENTED_EDGE('',*,*,#9224,.T.);
#9224 = EDGE_CURVE('',#9217,#9217,#9225,.T.);
#9225 = CIRCLE('',#9226,0.255);
#9226 = AXIS2_PLACEMENT_3D('',#9227,#9228,#9229);
#9227 = CARTESIAN_POINT('',(-19.05,-2.54,-5.));
#9228 = DIRECTION('',(0.,0.,1.));
#9229 = DIRECTION('',(1.,0.,-0.));
#9230 = ORIENTED_EDGE('',*,*,#9216,.T.);
#9231 = CYLINDRICAL_SURFACE('',#9232,0.255);
#9232 = AXIS2_PLACEMENT_3D('',#9233,#9234,#9235);
#9233 = CARTESIAN_POINT('',(-19.05,-2.54,-5.));
#9234 = DIRECTION('',(0.,0.,1.));
#9235 = DIRECTION('',(1.,0.,-0.));
#9236 = ADVANCED_FACE('',(#9237),#9240,.T.);
#9237 = FACE_BOUND('',#9238,.T.);
#9238 = EDGE_LOOP('',(#9239));
#9239 = ORIENTED_EDGE('',*,*,#9207,.T.);
#9240 = PLANE('',#9241);
#9241 = AXIS2_PLACEMENT_3D('',#9242,#9243,#9244);
#9242 = CARTESIAN_POINT('',(-19.05,-2.54,0.1));
#9243 = DIRECTION('',(0.,0.,1.));
#9244 = DIRECTION('',(1.,0.,-0.));
#9245 = ADVANCED_FACE('',(#9246),#9249,.F.);
#9246 = FACE_BOUND('',#9247,.T.);
#9247 = EDGE_LOOP('',(#9248));
#9248 = ORIENTED_EDGE('',*,*,#9224,.F.);
#9249 = PLANE('',#9250);
#9250 = AXIS2_PLACEMENT_3D('',#9251,#9252,#9253);
#9251 = CARTESIAN_POINT('',(-19.05,-2.54,-5.));
#9252 = DIRECTION('',(0.,0.,1.));
#9253 = DIRECTION('',(1.,0.,-0.));
#9254 = ( GEOMETRIC_REPRESENTATION_CONTEXT(3) 
GLOBAL_UNCERTAINTY_ASSIGNED_CONTEXT((#9258)) 
GLOBAL_UNIT_ASSIGNED_CONTEXT((#9255,#9256,#9257)) REPRESENTATION_CONTEXT
('Context #1','3D Context with UNIT and UNCERTAINTY') );
#9255 = ( LENGTH_UNIT() NAMED_UNIT(*) SI_UNIT(.MILLI.,.METRE.) );
#9256 = ( NAMED_UNIT(*) PLANE_ANGLE_UNIT() SI_UNIT($,.RADIAN.) );
#9257 = ( NAMED_UNIT(*) SI_UNIT($,.STERADIAN.) SOLID_ANGLE_UNIT() );
#9258 = UNCERTAINTY_MEASURE_WITH_UNIT(LENGTH_MEASURE(1.E-07),#9255,
  'distance_accuracy_value','confusion accuracy');
#9259 = CONTEXT_DEPENDENT_SHAPE_REPRESENTATION(#9260,#9262);
#9260 = ( REPRESENTATION_RELATIONSHIP('','',#9200,#7169) 
REPRESENTATION_RELATIONSHIP_WITH_TRANSFORMATION(#9261) 
SHAPE_REPRESENTATION_RELATIONSHIP() );
#9261 = ITEM_DEFINED_TRANSFORMATION('','',#11,#7270);
#9262 = PRODUCT_DEFINITION_SHAPE('Placement','Placement of an item',
  #9263);
#9263 = NEXT_ASSEMBLY_USAGE_OCCURRENCE('59','Leads053','',#7164,#9195,$
  );
#9264 = PRODUCT_RELATED_PRODUCT_CATEGORY('part',$,(#9197));
#9265 = SHAPE_DEFINITION_REPRESENTATION(#9266,#9272);
#9266 = PRODUCT_DEFINITION_SHAPE('','',#9267);
#9267 = PRODUCT_DEFINITION('design','',#9268,#9271);
#9268 = PRODUCT_DEFINITION_FORMATION('','',#9269);
#9269 = PRODUCT('Leads054','Leads054','',(#9270));
#9270 = PRODUCT_CONTEXT('',#2,'mechanical');
#9271 = PRODUCT_DEFINITION_CONTEXT('part definition',#2,'design');
#9272 = ADVANCED_BREP_SHAPE_REPRESENTATION('',(#11,#9273),#9326);
#9273 = MANIFOLD_SOLID_BREP('',#9274);
#9274 = CLOSED_SHELL('',(#9275,#9308,#9317));
#9275 = ADVANCED_FACE('',(#9276),#9303,.T.);
#9276 = FACE_BOUND('',#9277,.T.);
#9277 = EDGE_LOOP('',(#9278,#9287,#9295,#9302));
#9278 = ORIENTED_EDGE('',*,*,#9279,.F.);
#9279 = EDGE_CURVE('',#9280,#9280,#9282,.T.);
#9280 = VERTEX_POINT('',#9281);
#9281 = CARTESIAN_POINT('',(-21.335,-2.54,0.1));
#9282 = CIRCLE('',#9283,0.255);
#9283 = AXIS2_PLACEMENT_3D('',#9284,#9285,#9286);
#9284 = CARTESIAN_POINT('',(-21.59,-2.54,0.1));
#9285 = DIRECTION('',(0.,0.,1.));
#9286 = DIRECTION('',(1.,0.,-0.));
#9287 = ORIENTED_EDGE('',*,*,#9288,.F.);
#9288 = EDGE_CURVE('',#9289,#9280,#9291,.T.);
#9289 = VERTEX_POINT('',#9290);
#9290 = CARTESIAN_POINT('',(-21.335,-2.54,-5.));
#9291 = LINE('',#9292,#9293);
#9292 = CARTESIAN_POINT('',(-21.335,-2.54,-5.));
#9293 = VECTOR('',#9294,1.);
#9294 = DIRECTION('',(0.,0.,1.));
#9295 = ORIENTED_EDGE('',*,*,#9296,.T.);
#9296 = EDGE_CURVE('',#9289,#9289,#9297,.T.);
#9297 = CIRCLE('',#9298,0.255);
#9298 = AXIS2_PLACEMENT_3D('',#9299,#9300,#9301);
#9299 = CARTESIAN_POINT('',(-21.59,-2.54,-5.));
#9300 = DIRECTION('',(0.,0.,1.));
#9301 = DIRECTION('',(1.,0.,-0.));
#9302 = ORIENTED_EDGE('',*,*,#9288,.T.);
#9303 = CYLINDRICAL_SURFACE('',#9304,0.255);
#9304 = AXIS2_PLACEMENT_3D('',#9305,#9306,#9307);
#9305 = CARTESIAN_POINT('',(-21.59,-2.54,-5.));
#9306 = DIRECTION('',(0.,0.,1.));
#9307 = DIRECTION('',(1.,0.,-0.));
#9308 = ADVANCED_FACE('',(#9309),#9312,.T.);
#9309 = FACE_BOUND('',#9310,.T.);
#9310 = EDGE_LOOP('',(#9311));
#9311 = ORIENTED_EDGE('',*,*,#9279,.T.);
#9312 = PLANE('',#9313);
#9313 = AXIS2_PLACEMENT_3D('',#9314,#9315,#9316);
#9314 = CARTESIAN_POINT('',(-21.59,-2.54,0.1));
#9315 = DIRECTION('',(0.,0.,1.));
#9316 = DIRECTION('',(1.,0.,-0.));
#9317 = ADVANCED_FACE('',(#9318),#9321,.F.);
#9318 = FACE_BOUND('',#9319,.T.);
#9319 = EDGE_LOOP('',(#9320));
#9320 = ORIENTED_EDGE('',*,*,#9296,.F.);
#9321 = PLANE('',#9322);
#9322 = AXIS2_PLACEMENT_3D('',#9323,#9324,#9325);
#9323 = CARTESIAN_POINT('',(-21.59,-2.54,-5.));
#9324 = DIRECTION('',(0.,0.,1.));
#9325 = DIRECTION('',(1.,0.,-0.));
#9326 = ( GEOMETRIC_REPRESENTATION_CONTEXT(3) 
GLOBAL_UNCERTAINTY_ASSIGNED_CONTEXT((#9330)) 
GLOBAL_UNIT_ASSIGNED_CONTEXT((#9327,#9328,#9329)) REPRESENTATION_CONTEXT
('Context #1','3D Context with UNIT and UNCERTAINTY') );
#9327 = ( LENGTH_UNIT() NAMED_UNIT(*) SI_UNIT(.MILLI.,.METRE.) );
#9328 = ( NAMED_UNIT(*) PLANE_ANGLE_UNIT() SI_UNIT($,.RADIAN.) );
#9329 = ( NAMED_UNIT(*) SI_UNIT($,.STERADIAN.) SOLID_ANGLE_UNIT() );
#9330 = UNCERTAINTY_MEASURE_WITH_UNIT(LENGTH_MEASURE(1.E-07),#9327,
  'distance_accuracy_value','confusion accuracy');
#9331 = CONTEXT_DEPENDENT_SHAPE_REPRESENTATION(#9332,#9334);
#9332 = ( REPRESENTATION_RELATIONSHIP('','',#9272,#7169) 
REPRESENTATION_RELATIONSHIP_WITH_TRANSFORMATION(#9333) 
SHAPE_REPRESENTATION_RELATIONSHIP() );
#9333 = ITEM_DEFINED_TRANSFORMATION('','',#11,#7274);
#9334 = PRODUCT_DEFINITION_SHAPE('Placement','Placement of an item',
  #9335);
#9335 = NEXT_ASSEMBLY_USAGE_OCCURRENCE('60','Leads054','',#7164,#9267,$
  );
#9336 = PRODUCT_RELATED_PRODUCT_CATEGORY('part',$,(#9269));
#9337 = SHAPE_DEFINITION_REPRESENTATION(#9338,#9344);
#9338 = PRODUCT_DEFINITION_SHAPE('','',#9339);
#9339 = PRODUCT_DEFINITION('design','',#9340,#9343);
#9340 = PRODUCT_DEFINITION_FORMATION('','',#9341);
#9341 = PRODUCT('Leads055','Leads055','',(#9342));
#9342 = PRODUCT_CONTEXT('',#2,'mechanical');
#9343 = PRODUCT_DEFINITION_CONTEXT('part definition',#2,'design');
#9344 = ADVANCED_BREP_SHAPE_REPRESENTATION('',(#11,#9345),#9398);
#9345 = MANIFOLD_SOLID_BREP('',#9346);
#9346 = CLOSED_SHELL('',(#9347,#9380,#9389));
#9347 = ADVANCED_FACE('',(#9348),#9375,.T.);
#9348 = FACE_BOUND('',#9349,.T.);
#9349 = EDGE_LOOP('',(#9350,#9359,#9367,#9374));
#9350 = ORIENTED_EDGE('',*,*,#9351,.F.);
#9351 = EDGE_CURVE('',#9352,#9352,#9354,.T.);
#9352 = VERTEX_POINT('',#9353);
#9353 = CARTESIAN_POINT('',(-23.875,-2.54,0.1));
#9354 = CIRCLE('',#9355,0.255);
#9355 = AXIS2_PLACEMENT_3D('',#9356,#9357,#9358);
#9356 = CARTESIAN_POINT('',(-24.13,-2.54,0.1));
#9357 = DIRECTION('',(0.,0.,1.));
#9358 = DIRECTION('',(1.,0.,-0.));
#9359 = ORIENTED_EDGE('',*,*,#9360,.F.);
#9360 = EDGE_CURVE('',#9361,#9352,#9363,.T.);
#9361 = VERTEX_POINT('',#9362);
#9362 = CARTESIAN_POINT('',(-23.875,-2.54,-5.));
#9363 = LINE('',#9364,#9365);
#9364 = CARTESIAN_POINT('',(-23.875,-2.54,-5.));
#9365 = VECTOR('',#9366,1.);
#9366 = DIRECTION('',(0.,0.,1.));
#9367 = ORIENTED_EDGE('',*,*,#9368,.T.);
#9368 = EDGE_CURVE('',#9361,#9361,#9369,.T.);
#9369 = CIRCLE('',#9370,0.255);
#9370 = AXIS2_PLACEMENT_3D('',#9371,#9372,#9373);
#9371 = CARTESIAN_POINT('',(-24.13,-2.54,-5.));
#9372 = DIRECTION('',(0.,0.,1.));
#9373 = DIRECTION('',(1.,0.,-0.));
#9374 = ORIENTED_EDGE('',*,*,#9360,.T.);
#9375 = CYLINDRICAL_SURFACE('',#9376,0.255);
#9376 = AXIS2_PLACEMENT_3D('',#9377,#9378,#9379);
#9377 = CARTESIAN_POINT('',(-24.13,-2.54,-5.));
#9378 = DIRECTION('',(0.,0.,1.));
#9379 = DIRECTION('',(1.,0.,-0.));
#9380 = ADVANCED_FACE('',(#9381),#9384,.T.);
#9381 = FACE_BOUND('',#9382,.T.);
#9382 = EDGE_LOOP('',(#9383));
#9383 = ORIENTED_EDGE('',*,*,#9351,.T.);
#9384 = PLANE('',#9385);
#9385 = AXIS2_PLACEMENT_3D('',#9386,#9387,#9388);
#9386 = CARTESIAN_POINT('',(-24.13,-2.54,0.1));
#9387 = DIRECTION('',(0.,0.,1.));
#9388 = DIRECTION('',(1.,0.,-0.));
#9389 = ADVANCED_FACE('',(#9390),#9393,.F.);
#9390 = FACE_BOUND('',#9391,.T.);
#9391 = EDGE_LOOP('',(#9392));
#9392 = ORIENTED_EDGE('',*,*,#9368,.F.);
#9393 = PLANE('',#9394);
#9394 = AXIS2_PLACEMENT_3D('',#9395,#9396,#9397);
#9395 = CARTESIAN_POINT('',(-24.13,-2.54,-5.));
#9396 = DIRECTION('',(0.,0.,1.));
#9397 = DIRECTION('',(1.,0.,-0.));
#9398 = ( GEOMETRIC_REPRESENTATION_CONTEXT(3) 
GLOBAL_UNCERTAINTY_ASSIGNED_CONTEXT((#9402)) 
GLOBAL_UNIT_ASSIGNED_CONTEXT((#9399,#9400,#9401)) REPRESENTATION_CONTEXT
('Context #1','3D Context with UNIT and UNCERTAINTY') );
#9399 = ( LENGTH_UNIT() NAMED_UNIT(*) SI_UNIT(.MILLI.,.METRE.) );
#9400 = ( NAMED_UNIT(*) PLANE_ANGLE_UNIT() SI_UNIT($,.RADIAN.) );
#9401 = ( NAMED_UNIT(*) SI_UNIT($,.STERADIAN.) SOLID_ANGLE_UNIT() );
#9402 = UNCERTAINTY_MEASURE_WITH_UNIT(LENGTH_MEASURE(1.E-07),#9399,
  'distance_accuracy_value','confusion accuracy');
#9403 = CONTEXT_DEPENDENT_SHAPE_REPRESENTATION(#9404,#9406);
#9404 = ( REPRESENTATION_RELATIONSHIP('','',#9344,#7169) 
REPRESENTATION_RELATIONSHIP_WITH_TRANSFORMATION(#9405) 
SHAPE_REPRESENTATION_RELATIONSHIP() );
#9405 = ITEM_DEFINED_TRANSFORMATION('','',#11,#7278);
#9406 = PRODUCT_DEFINITION_SHAPE('Placement','Placement of an item',
  #9407);
#9407 = NEXT_ASSEMBLY_USAGE_OCCURRENCE('61','Leads055','',#7164,#9339,$
  );
#9408 = PRODUCT_RELATED_PRODUCT_CATEGORY('part',$,(#9341));
#9409 = SHAPE_DEFINITION_REPRESENTATION(#9410,#9416);
#9410 = PRODUCT_DEFINITION_SHAPE('','',#9411);
#9411 = PRODUCT_DEFINITION('design','',#9412,#9415);
#9412 = PRODUCT_DEFINITION_FORMATION('','',#9413);
#9413 = PRODUCT('Leads056','Leads056','',(#9414));
#9414 = PRODUCT_CONTEXT('',#2,'mechanical');
#9415 = PRODUCT_DEFINITION_CONTEXT('part definition',#2,'design');
#9416 = ADVANCED_BREP_SHAPE_REPRESENTATION('',(#11,#9417),#9470);
#9417 = MANIFOLD_SOLID_BREP('',#9418);
#9418 = CLOSED_SHELL('',(#9419,#9452,#9461));
#9419 = ADVANCED_FACE('',(#9420),#9447,.T.);
#9420 = FACE_BOUND('',#9421,.T.);
#9421 = EDGE_LOOP('',(#9422,#9431,#9439,#9446));
#9422 = ORIENTED_EDGE('',*,*,#9423,.F.);
#9423 = EDGE_CURVE('',#9424,#9424,#9426,.T.);
#9424 = VERTEX_POINT('',#9425);
#9425 = CARTESIAN_POINT('',(-26.415,-2.54,0.1));
#9426 = CIRCLE('',#9427,0.255);
#9427 = AXIS2_PLACEMENT_3D('',#9428,#9429,#9430);
#9428 = CARTESIAN_POINT('',(-26.67,-2.54,0.1));
#9429 = DIRECTION('',(0.,0.,1.));
#9430 = DIRECTION('',(1.,0.,-0.));
#9431 = ORIENTED_EDGE('',*,*,#9432,.F.);
#9432 = EDGE_CURVE('',#9433,#9424,#9435,.T.);
#9433 = VERTEX_POINT('',#9434);
#9434 = CARTESIAN_POINT('',(-26.415,-2.54,-5.));
#9435 = LINE('',#9436,#9437);
#9436 = CARTESIAN_POINT('',(-26.415,-2.54,-5.));
#9437 = VECTOR('',#9438,1.);
#9438 = DIRECTION('',(0.,0.,1.));
#9439 = ORIENTED_EDGE('',*,*,#9440,.T.);
#9440 = EDGE_CURVE('',#9433,#9433,#9441,.T.);
#9441 = CIRCLE('',#9442,0.255);
#9442 = AXIS2_PLACEMENT_3D('',#9443,#9444,#9445);
#9443 = CARTESIAN_POINT('',(-26.67,-2.54,-5.));
#9444 = DIRECTION('',(0.,0.,1.));
#9445 = DIRECTION('',(1.,0.,-0.));
#9446 = ORIENTED_EDGE('',*,*,#9432,.T.);
#9447 = CYLINDRICAL_SURFACE('',#9448,0.255);
#9448 = AXIS2_PLACEMENT_3D('',#9449,#9450,#9451);
#9449 = CARTESIAN_POINT('',(-26.67,-2.54,-5.));
#9450 = DIRECTION('',(0.,0.,1.));
#9451 = DIRECTION('',(1.,0.,-0.));
#9452 = ADVANCED_FACE('',(#9453),#9456,.T.);
#9453 = FACE_BOUND('',#9454,.T.);
#9454 = EDGE_LOOP('',(#9455));
#9455 = ORIENTED_EDGE('',*,*,#9423,.T.);
#9456 = PLANE('',#9457);
#9457 = AXIS2_PLACEMENT_3D('',#9458,#9459,#9460);
#9458 = CARTESIAN_POINT('',(-26.67,-2.54,0.1));
#9459 = DIRECTION('',(0.,0.,1.));
#9460 = DIRECTION('',(1.,0.,-0.));
#9461 = ADVANCED_FACE('',(#9462),#9465,.F.);
#9462 = FACE_BOUND('',#9463,.T.);
#9463 = EDGE_LOOP('',(#9464));
#9464 = ORIENTED_EDGE('',*,*,#9440,.F.);
#9465 = PLANE('',#9466);
#9466 = AXIS2_PLACEMENT_3D('',#9467,#9468,#9469);
#9467 = CARTESIAN_POINT('',(-26.67,-2.54,-5.));
#9468 = DIRECTION('',(0.,0.,1.));
#9469 = DIRECTION('',(1.,0.,-0.));
#9470 = ( GEOMETRIC_REPRESENTATION_CONTEXT(3) 
GLOBAL_UNCERTAINTY_ASSIGNED_CONTEXT((#9474)) 
GLOBAL_UNIT_ASSIGNED_CONTEXT((#9471,#9472,#9473)) REPRESENTATION_CONTEXT
('Context #1','3D Context with UNIT and UNCERTAINTY') );
#9471 = ( LENGTH_UNIT() NAMED_UNIT(*) SI_UNIT(.MILLI.,.METRE.) );
#9472 = ( NAMED_UNIT(*) PLANE_ANGLE_UNIT() SI_UNIT($,.RADIAN.) );
#9473 = ( NAMED_UNIT(*) SI_UNIT($,.STERADIAN.) SOLID_ANGLE_UNIT() );
#9474 = UNCERTAINTY_MEASURE_WITH_UNIT(LENGTH_MEASURE(1.E-07),#9471,
  'distance_accuracy_value','confusion accuracy');
#9475 = CONTEXT_DEPENDENT_SHAPE_REPRESENTATION(#9476,#9478);
#9476 = ( REPRESENTATION_RELATIONSHIP('','',#9416,#7169) 
REPRESENTATION_RELATIONSHIP_WITH_TRANSFORMATION(#9477) 
SHAPE_REPRESENTATION_RELATIONSHIP() );
#9477 = ITEM_DEFINED_TRANSFORMATION('','',#11,#7282);
#9478 = PRODUCT_DEFINITION_SHAPE('Placement','Placement of an item',
  #9479);
#9479 = NEXT_ASSEMBLY_USAGE_OCCURRENCE('62','Leads056','',#7164,#9411,$
  );
#9480 = PRODUCT_RELATED_PRODUCT_CATEGORY('part',$,(#9413));
#9481 = SHAPE_DEFINITION_REPRESENTATION(#9482,#9488);
#9482 = PRODUCT_DEFINITION_SHAPE('','',#9483);
#9483 = PRODUCT_DEFINITION('design','',#9484,#9487);
#9484 = PRODUCT_DEFINITION_FORMATION('','',#9485);
#9485 = PRODUCT('Leads057','Leads057','',(#9486));
#9486 = PRODUCT_CONTEXT('',#2,'mechanical');
#9487 = PRODUCT_DEFINITION_CONTEXT('part definition',#2,'design');
#9488 = ADVANCED_BREP_SHAPE_REPRESENTATION('',(#11,#9489),#9542);
#9489 = MANIFOLD_SOLID_BREP('',#9490);
#9490 = CLOSED_SHELL('',(#9491,#9524,#9533));
#9491 = ADVANCED_FACE('',(#9492),#9519,.T.);
#9492 = FACE_BOUND('',#9493,.T.);
#9493 = EDGE_LOOP('',(#9494,#9503,#9511,#9518));
#9494 = ORIENTED_EDGE('',*,*,#9495,.F.);
#9495 = EDGE_CURVE('',#9496,#9496,#9498,.T.);
#9496 = VERTEX_POINT('',#9497);
#9497 = CARTESIAN_POINT('',(-28.955,-2.54,0.1));
#9498 = CIRCLE('',#9499,0.255);
#9499 = AXIS2_PLACEMENT_3D('',#9500,#9501,#9502);
#9500 = CARTESIAN_POINT('',(-29.21,-2.54,0.1));
#9501 = DIRECTION('',(0.,0.,1.));
#9502 = DIRECTION('',(1.,0.,-0.));
#9503 = ORIENTED_EDGE('',*,*,#9504,.F.);
#9504 = EDGE_CURVE('',#9505,#9496,#9507,.T.);
#9505 = VERTEX_POINT('',#9506);
#9506 = CARTESIAN_POINT('',(-28.955,-2.54,-5.));
#9507 = LINE('',#9508,#9509);
#9508 = CARTESIAN_POINT('',(-28.955,-2.54,-5.));
#9509 = VECTOR('',#9510,1.);
#9510 = DIRECTION('',(0.,0.,1.));
#9511 = ORIENTED_EDGE('',*,*,#9512,.T.);
#9512 = EDGE_CURVE('',#9505,#9505,#9513,.T.);
#9513 = CIRCLE('',#9514,0.255);
#9514 = AXIS2_PLACEMENT_3D('',#9515,#9516,#9517);
#9515 = CARTESIAN_POINT('',(-29.21,-2.54,-5.));
#9516 = DIRECTION('',(0.,0.,1.));
#9517 = DIRECTION('',(1.,0.,-0.));
#9518 = ORIENTED_EDGE('',*,*,#9504,.T.);
#9519 = CYLINDRICAL_SURFACE('',#9520,0.255);
#9520 = AXIS2_PLACEMENT_3D('',#9521,#9522,#9523);
#9521 = CARTESIAN_POINT('',(-29.21,-2.54,-5.));
#9522 = DIRECTION('',(0.,0.,1.));
#9523 = DIRECTION('',(1.,0.,-0.));
#9524 = ADVANCED_FACE('',(#9525),#9528,.T.);
#9525 = FACE_BOUND('',#9526,.T.);
#9526 = EDGE_LOOP('',(#9527));
#9527 = ORIENTED_EDGE('',*,*,#9495,.T.);
#9528 = PLANE('',#9529);
#9529 = AXIS2_PLACEMENT_3D('',#9530,#9531,#9532);
#9530 = CARTESIAN_POINT('',(-29.21,-2.54,0.1));
#9531 = DIRECTION('',(0.,0.,1.));
#9532 = DIRECTION('',(1.,0.,-0.));
#9533 = ADVANCED_FACE('',(#9534),#9537,.F.);
#9534 = FACE_BOUND('',#9535,.T.);
#9535 = EDGE_LOOP('',(#9536));
#9536 = ORIENTED_EDGE('',*,*,#9512,.F.);
#9537 = PLANE('',#9538);
#9538 = AXIS2_PLACEMENT_3D('',#9539,#9540,#9541);
#9539 = CARTESIAN_POINT('',(-29.21,-2.54,-5.));
#9540 = DIRECTION('',(0.,0.,1.));
#9541 = DIRECTION('',(1.,0.,-0.));
#9542 = ( GEOMETRIC_REPRESENTATION_CONTEXT(3) 
GLOBAL_UNCERTAINTY_ASSIGNED_CONTEXT((#9546)) 
GLOBAL_UNIT_ASSIGNED_CONTEXT((#9543,#9544,#9545)) REPRESENTATION_CONTEXT
('Context #1','3D Context with UNIT and UNCERTAINTY') );
#9543 = ( LENGTH_UNIT() NAMED_UNIT(*) SI_UNIT(.MILLI.,.METRE.) );
#9544 = ( NAMED_UNIT(*) PLANE_ANGLE_UNIT() SI_UNIT($,.RADIAN.) );
#9545 = ( NAMED_UNIT(*) SI_UNIT($,.STERADIAN.) SOLID_ANGLE_UNIT() );
#9546 = UNCERTAINTY_MEASURE_WITH_UNIT(LENGTH_MEASURE(1.E-07),#9543,
  'distance_accuracy_value','confusion accuracy');
#9547 = CONTEXT_DEPENDENT_SHAPE_REPRESENTATION(#9548,#9550);
#9548 = ( REPRESENTATION_RELATIONSHIP('','',#9488,#7169) 
REPRESENTATION_RELATIONSHIP_WITH_TRANSFORMATION(#9549) 
SHAPE_REPRESENTATION_RELATIONSHIP() );
#9549 = ITEM_DEFINED_TRANSFORMATION('','',#11,#7286);
#9550 = PRODUCT_DEFINITION_SHAPE('Placement','Placement of an item',
  #9551);
#9551 = NEXT_ASSEMBLY_USAGE_OCCURRENCE('63','Leads057','',#7164,#9483,$
  );
#9552 = PRODUCT_RELATED_PRODUCT_CATEGORY('part',$,(#9485));
#9553 = SHAPE_DEFINITION_REPRESENTATION(#9554,#9560);
#9554 = PRODUCT_DEFINITION_SHAPE('','',#9555);
#9555 = PRODUCT_DEFINITION('design','',#9556,#9559);
#9556 = PRODUCT_DEFINITION_FORMATION('','',#9557);
#9557 = PRODUCT('Leads058','Leads058','',(#9558));
#9558 = PRODUCT_CONTEXT('',#2,'mechanical');
#9559 = PRODUCT_DEFINITION_CONTEXT('part definition',#2,'design');
#9560 = ADVANCED_BREP_SHAPE_REPRESENTATION('',(#11,#9561),#9614);
#9561 = MANIFOLD_SOLID_BREP('',#9562);
#9562 = CLOSED_SHELL('',(#9563,#9596,#9605));
#9563 = ADVANCED_FACE('',(#9564),#9591,.T.);
#9564 = FACE_BOUND('',#9565,.T.);
#9565 = EDGE_LOOP('',(#9566,#9575,#9583,#9590));
#9566 = ORIENTED_EDGE('',*,*,#9567,.F.);
#9567 = EDGE_CURVE('',#9568,#9568,#9570,.T.);
#9568 = VERTEX_POINT('',#9569);
#9569 = CARTESIAN_POINT('',(-31.495,-2.54,0.1));
#9570 = CIRCLE('',#9571,0.255);
#9571 = AXIS2_PLACEMENT_3D('',#9572,#9573,#9574);
#9572 = CARTESIAN_POINT('',(-31.75,-2.54,0.1));
#9573 = DIRECTION('',(0.,0.,1.));
#9574 = DIRECTION('',(1.,0.,-0.));
#9575 = ORIENTED_EDGE('',*,*,#9576,.F.);
#9576 = EDGE_CURVE('',#9577,#9568,#9579,.T.);
#9577 = VERTEX_POINT('',#9578);
#9578 = CARTESIAN_POINT('',(-31.495,-2.54,-5.));
#9579 = LINE('',#9580,#9581);
#9580 = CARTESIAN_POINT('',(-31.495,-2.54,-5.));
#9581 = VECTOR('',#9582,1.);
#9582 = DIRECTION('',(0.,0.,1.));
#9583 = ORIENTED_EDGE('',*,*,#9584,.T.);
#9584 = EDGE_CURVE('',#9577,#9577,#9585,.T.);
#9585 = CIRCLE('',#9586,0.255);
#9586 = AXIS2_PLACEMENT_3D('',#9587,#9588,#9589);
#9587 = CARTESIAN_POINT('',(-31.75,-2.54,-5.));
#9588 = DIRECTION('',(0.,0.,1.));
#9589 = DIRECTION('',(1.,0.,-0.));
#9590 = ORIENTED_EDGE('',*,*,#9576,.T.);
#9591 = CYLINDRICAL_SURFACE('',#9592,0.255);
#9592 = AXIS2_PLACEMENT_3D('',#9593,#9594,#9595);
#9593 = CARTESIAN_POINT('',(-31.75,-2.54,-5.));
#9594 = DIRECTION('',(0.,0.,1.));
#9595 = DIRECTION('',(1.,0.,-0.));
#9596 = ADVANCED_FACE('',(#9597),#9600,.T.);
#9597 = FACE_BOUND('',#9598,.T.);
#9598 = EDGE_LOOP('',(#9599));
#9599 = ORIENTED_EDGE('',*,*,#9567,.T.);
#9600 = PLANE('',#9601);
#9601 = AXIS2_PLACEMENT_3D('',#9602,#9603,#9604);
#9602 = CARTESIAN_POINT('',(-31.75,-2.54,0.1));
#9603 = DIRECTION('',(0.,0.,1.));
#9604 = DIRECTION('',(1.,0.,-0.));
#9605 = ADVANCED_FACE('',(#9606),#9609,.F.);
#9606 = FACE_BOUND('',#9607,.T.);
#9607 = EDGE_LOOP('',(#9608));
#9608 = ORIENTED_EDGE('',*,*,#9584,.F.);
#9609 = PLANE('',#9610);
#9610 = AXIS2_PLACEMENT_3D('',#9611,#9612,#9613);
#9611 = CARTESIAN_POINT('',(-31.75,-2.54,-5.));
#9612 = DIRECTION('',(0.,0.,1.));
#9613 = DIRECTION('',(1.,0.,-0.));
#9614 = ( GEOMETRIC_REPRESENTATION_CONTEXT(3) 
GLOBAL_UNCERTAINTY_ASSIGNED_CONTEXT((#9618)) 
GLOBAL_UNIT_ASSIGNED_CONTEXT((#9615,#9616,#9617)) REPRESENTATION_CONTEXT
('Context #1','3D Context with UNIT and UNCERTAINTY') );
#9615 = ( LENGTH_UNIT() NAMED_UNIT(*) SI_UNIT(.MILLI.,.METRE.) );
#9616 = ( NAMED_UNIT(*) PLANE_ANGLE_UNIT() SI_UNIT($,.RADIAN.) );
#9617 = ( NAMED_UNIT(*) SI_UNIT($,.STERADIAN.) SOLID_ANGLE_UNIT() );
#9618 = UNCERTAINTY_MEASURE_WITH_UNIT(LENGTH_MEASURE(1.E-07),#9615,
  'distance_accuracy_value','confusion accuracy');
#9619 = CONTEXT_DEPENDENT_SHAPE_REPRESENTATION(#9620,#9622);
#9620 = ( REPRESENTATION_RELATIONSHIP('','',#9560,#7169) 
REPRESENTATION_RELATIONSHIP_WITH_TRANSFORMATION(#9621) 
SHAPE_REPRESENTATION_RELATIONSHIP() );
#9621 = ITEM_DEFINED_TRANSFORMATION('','',#11,#7290);
#9622 = PRODUCT_DEFINITION_SHAPE('Placement','Placement of an item',
  #9623);
#9623 = NEXT_ASSEMBLY_USAGE_OCCURRENCE('64','Leads058','',#7164,#9555,$
  );
#9624 = PRODUCT_RELATED_PRODUCT_CATEGORY('part',$,(#9557));
#9625 = SHAPE_DEFINITION_REPRESENTATION(#9626,#9632);
#9626 = PRODUCT_DEFINITION_SHAPE('','',#9627);
#9627 = PRODUCT_DEFINITION('design','',#9628,#9631);
#9628 = PRODUCT_DEFINITION_FORMATION('','',#9629);
#9629 = PRODUCT('Leads059','Leads059','',(#9630));
#9630 = PRODUCT_CONTEXT('',#2,'mechanical');
#9631 = PRODUCT_DEFINITION_CONTEXT('part definition',#2,'design');
#9632 = ADVANCED_BREP_SHAPE_REPRESENTATION('',(#11,#9633),#9686);
#9633 = MANIFOLD_SOLID_BREP('',#9634);
#9634 = CLOSED_SHELL('',(#9635,#9668,#9677));
#9635 = ADVANCED_FACE('',(#9636),#9663,.T.);
#9636 = FACE_BOUND('',#9637,.T.);
#9637 = EDGE_LOOP('',(#9638,#9647,#9655,#9662));
#9638 = ORIENTED_EDGE('',*,*,#9639,.F.);
#9639 = EDGE_CURVE('',#9640,#9640,#9642,.T.);
#9640 = VERTEX_POINT('',#9641);
#9641 = CARTESIAN_POINT('',(-34.035,-2.54,0.1));
#9642 = CIRCLE('',#9643,0.255);
#9643 = AXIS2_PLACEMENT_3D('',#9644,#9645,#9646);
#9644 = CARTESIAN_POINT('',(-34.29,-2.54,0.1));
#9645 = DIRECTION('',(0.,0.,1.));
#9646 = DIRECTION('',(1.,0.,-0.));
#9647 = ORIENTED_EDGE('',*,*,#9648,.F.);
#9648 = EDGE_CURVE('',#9649,#9640,#9651,.T.);
#9649 = VERTEX_POINT('',#9650);
#9650 = CARTESIAN_POINT('',(-34.035,-2.54,-5.));
#9651 = LINE('',#9652,#9653);
#9652 = CARTESIAN_POINT('',(-34.035,-2.54,-5.));
#9653 = VECTOR('',#9654,1.);
#9654 = DIRECTION('',(0.,0.,1.));
#9655 = ORIENTED_EDGE('',*,*,#9656,.T.);
#9656 = EDGE_CURVE('',#9649,#9649,#9657,.T.);
#9657 = CIRCLE('',#9658,0.255);
#9658 = AXIS2_PLACEMENT_3D('',#9659,#9660,#9661);
#9659 = CARTESIAN_POINT('',(-34.29,-2.54,-5.));
#9660 = DIRECTION('',(0.,0.,1.));
#9661 = DIRECTION('',(1.,0.,-0.));
#9662 = ORIENTED_EDGE('',*,*,#9648,.T.);
#9663 = CYLINDRICAL_SURFACE('',#9664,0.255);
#9664 = AXIS2_PLACEMENT_3D('',#9665,#9666,#9667);
#9665 = CARTESIAN_POINT('',(-34.29,-2.54,-5.));
#9666 = DIRECTION('',(0.,0.,1.));
#9667 = DIRECTION('',(1.,0.,-0.));
#9668 = ADVANCED_FACE('',(#9669),#9672,.T.);
#9669 = FACE_BOUND('',#9670,.T.);
#9670 = EDGE_LOOP('',(#9671));
#9671 = ORIENTED_EDGE('',*,*,#9639,.T.);
#9672 = PLANE('',#9673);
#9673 = AXIS2_PLACEMENT_3D('',#9674,#9675,#9676);
#9674 = CARTESIAN_POINT('',(-34.29,-2.54,0.1));
#9675 = DIRECTION('',(0.,0.,1.));
#9676 = DIRECTION('',(1.,0.,-0.));
#9677 = ADVANCED_FACE('',(#9678),#9681,.F.);
#9678 = FACE_BOUND('',#9679,.T.);
#9679 = EDGE_LOOP('',(#9680));
#9680 = ORIENTED_EDGE('',*,*,#9656,.F.);
#9681 = PLANE('',#9682);
#9682 = AXIS2_PLACEMENT_3D('',#9683,#9684,#9685);
#9683 = CARTESIAN_POINT('',(-34.29,-2.54,-5.));
#9684 = DIRECTION('',(0.,0.,1.));
#9685 = DIRECTION('',(1.,0.,-0.));
#9686 = ( GEOMETRIC_REPRESENTATION_CONTEXT(3) 
GLOBAL_UNCERTAINTY_ASSIGNED_CONTEXT((#9690)) 
GLOBAL_UNIT_ASSIGNED_CONTEXT((#9687,#9688,#9689)) REPRESENTATION_CONTEXT
('Context #1','3D Context with UNIT and UNCERTAINTY') );
#9687 = ( LENGTH_UNIT() NAMED_UNIT(*) SI_UNIT(.MILLI.,.METRE.) );
#9688 = ( NAMED_UNIT(*) PLANE_ANGLE_UNIT() SI_UNIT($,.RADIAN.) );
#9689 = ( NAMED_UNIT(*) SI_UNIT($,.STERADIAN.) SOLID_ANGLE_UNIT() );
#9690 = UNCERTAINTY_MEASURE_WITH_UNIT(LENGTH_MEASURE(1.E-07),#9687,
  'distance_accuracy_value','confusion accuracy');
#9691 = CONTEXT_DEPENDENT_SHAPE_REPRESENTATION(#9692,#9694);
#9692 = ( REPRESENTATION_RELATIONSHIP('','',#9632,#7169) 
REPRESENTATION_RELATIONSHIP_WITH_TRANSFORMATION(#9693) 
SHAPE_REPRESENTATION_RELATIONSHIP() );
#9693 = ITEM_DEFINED_TRANSFORMATION('','',#11,#7294);
#9694 = PRODUCT_DEFINITION_SHAPE('Placement','Placement of an item',
  #9695);
#9695 = NEXT_ASSEMBLY_USAGE_OCCURRENCE('65','Leads059','',#7164,#9627,$
  );
#9696 = PRODUCT_RELATED_PRODUCT_CATEGORY('part',$,(#9629));
#9697 = SHAPE_DEFINITION_REPRESENTATION(#9698,#9704);
#9698 = PRODUCT_DEFINITION_SHAPE('','',#9699);
#9699 = PRODUCT_DEFINITION('design','',#9700,#9703);
#9700 = PRODUCT_DEFINITION_FORMATION('','',#9701);
#9701 = PRODUCT('Leads060','Leads060','',(#9702));
#9702 = PRODUCT_CONTEXT('',#2,'mechanical');
#9703 = PRODUCT_DEFINITION_CONTEXT('part definition',#2,'design');
#9704 = ADVANCED_BREP_SHAPE_REPRESENTATION('',(#11,#9705),#9758);
#9705 = MANIFOLD_SOLID_BREP('',#9706);
#9706 = CLOSED_SHELL('',(#9707,#9740,#9749));
#9707 = ADVANCED_FACE('',(#9708),#9735,.T.);
#9708 = FACE_BOUND('',#9709,.T.);
#9709 = EDGE_LOOP('',(#9710,#9719,#9727,#9734));
#9710 = ORIENTED_EDGE('',*,*,#9711,.F.);
#9711 = EDGE_CURVE('',#9712,#9712,#9714,.T.);
#9712 = VERTEX_POINT('',#9713);
#9713 = CARTESIAN_POINT('',(-36.575,-2.54,0.1));
#9714 = CIRCLE('',#9715,0.255);
#9715 = AXIS2_PLACEMENT_3D('',#9716,#9717,#9718);
#9716 = CARTESIAN_POINT('',(-36.83,-2.54,0.1));
#9717 = DIRECTION('',(0.,0.,1.));
#9718 = DIRECTION('',(1.,0.,-0.));
#9719 = ORIENTED_EDGE('',*,*,#9720,.F.);
#9720 = EDGE_CURVE('',#9721,#9712,#9723,.T.);
#9721 = VERTEX_POINT('',#9722);
#9722 = CARTESIAN_POINT('',(-36.575,-2.54,-5.));
#9723 = LINE('',#9724,#9725);
#9724 = CARTESIAN_POINT('',(-36.575,-2.54,-5.));
#9725 = VECTOR('',#9726,1.);
#9726 = DIRECTION('',(0.,0.,1.));
#9727 = ORIENTED_EDGE('',*,*,#9728,.T.);
#9728 = EDGE_CURVE('',#9721,#9721,#9729,.T.);
#9729 = CIRCLE('',#9730,0.255);
#9730 = AXIS2_PLACEMENT_3D('',#9731,#9732,#9733);
#9731 = CARTESIAN_POINT('',(-36.83,-2.54,-5.));
#9732 = DIRECTION('',(0.,0.,1.));
#9733 = DIRECTION('',(1.,0.,-0.));
#9734 = ORIENTED_EDGE('',*,*,#9720,.T.);
#9735 = CYLINDRICAL_SURFACE('',#9736,0.255);
#9736 = AXIS2_PLACEMENT_3D('',#9737,#9738,#9739);
#9737 = CARTESIAN_POINT('',(-36.83,-2.54,-5.));
#9738 = DIRECTION('',(0.,0.,1.));
#9739 = DIRECTION('',(1.,0.,-0.));
#9740 = ADVANCED_FACE('',(#9741),#9744,.T.);
#9741 = FACE_BOUND('',#9742,.T.);
#9742 = EDGE_LOOP('',(#9743));
#9743 = ORIENTED_EDGE('',*,*,#9711,.T.);
#9744 = PLANE('',#9745);
#9745 = AXIS2_PLACEMENT_3D('',#9746,#9747,#9748);
#9746 = CARTESIAN_POINT('',(-36.83,-2.54,0.1));
#9747 = DIRECTION('',(0.,0.,1.));
#9748 = DIRECTION('',(1.,0.,-0.));
#9749 = ADVANCED_FACE('',(#9750),#9753,.F.);
#9750 = FACE_BOUND('',#9751,.T.);
#9751 = EDGE_LOOP('',(#9752));
#9752 = ORIENTED_EDGE('',*,*,#9728,.F.);
#9753 = PLANE('',#9754);
#9754 = AXIS2_PLACEMENT_3D('',#9755,#9756,#9757);
#9755 = CARTESIAN_POINT('',(-36.83,-2.54,-5.));
#9756 = DIRECTION('',(0.,0.,1.));
#9757 = DIRECTION('',(1.,0.,-0.));
#9758 = ( GEOMETRIC_REPRESENTATION_CONTEXT(3) 
GLOBAL_UNCERTAINTY_ASSIGNED_CONTEXT((#9762)) 
GLOBAL_UNIT_ASSIGNED_CONTEXT((#9759,#9760,#9761)) REPRESENTATION_CONTEXT
('Context #1','3D Context with UNIT and UNCERTAINTY') );
#9759 = ( LENGTH_UNIT() NAMED_UNIT(*) SI_UNIT(.MILLI.,.METRE.) );
#9760 = ( NAMED_UNIT(*) PLANE_ANGLE_UNIT() SI_UNIT($,.RADIAN.) );
#9761 = ( NAMED_UNIT(*) SI_UNIT($,.STERADIAN.) SOLID_ANGLE_UNIT() );
#9762 = UNCERTAINTY_MEASURE_WITH_UNIT(LENGTH_MEASURE(1.E-07),#9759,
  'distance_accuracy_value','confusion accuracy');
#9763 = CONTEXT_DEPENDENT_SHAPE_REPRESENTATION(#9764,#9766);
#9764 = ( REPRESENTATION_RELATIONSHIP('','',#9704,#7169) 
REPRESENTATION_RELATIONSHIP_WITH_TRANSFORMATION(#9765) 
SHAPE_REPRESENTATION_RELATIONSHIP() );
#9765 = ITEM_DEFINED_TRANSFORMATION('','',#11,#7298);
#9766 = PRODUCT_DEFINITION_SHAPE('Placement','Placement of an item',
  #9767);
#9767 = NEXT_ASSEMBLY_USAGE_OCCURRENCE('66','Leads060','',#7164,#9699,$
  );
#9768 = PRODUCT_RELATED_PRODUCT_CATEGORY('part',$,(#9701));
#9769 = SHAPE_DEFINITION_REPRESENTATION(#9770,#9776);
#9770 = PRODUCT_DEFINITION_SHAPE('','',#9771);
#9771 = PRODUCT_DEFINITION('design','',#9772,#9775);
#9772 = PRODUCT_DEFINITION_FORMATION('','',#9773);
#9773 = PRODUCT('Leads061','Leads061','',(#9774));
#9774 = PRODUCT_CONTEXT('',#2,'mechanical');
#9775 = PRODUCT_DEFINITION_CONTEXT('part definition',#2,'design');
#9776 = ADVANCED_BREP_SHAPE_REPRESENTATION('',(#11,#9777),#9830);
#9777 = MANIFOLD_SOLID_BREP('',#9778);
#9778 = CLOSED_SHELL('',(#9779,#9812,#9821));
#9779 = ADVANCED_FACE('',(#9780),#9807,.T.);
#9780 = FACE_BOUND('',#9781,.T.);
#9781 = EDGE_LOOP('',(#9782,#9791,#9799,#9806));
#9782 = ORIENTED_EDGE('',*,*,#9783,.F.);
#9783 = EDGE_CURVE('',#9784,#9784,#9786,.T.);
#9784 = VERTEX_POINT('',#9785);
#9785 = CARTESIAN_POINT('',(-39.115,-2.54,0.1));
#9786 = CIRCLE('',#9787,0.255);
#9787 = AXIS2_PLACEMENT_3D('',#9788,#9789,#9790);
#9788 = CARTESIAN_POINT('',(-39.37,-2.54,0.1));
#9789 = DIRECTION('',(0.,0.,1.));
#9790 = DIRECTION('',(1.,0.,-0.));
#9791 = ORIENTED_EDGE('',*,*,#9792,.F.);
#9792 = EDGE_CURVE('',#9793,#9784,#9795,.T.);
#9793 = VERTEX_POINT('',#9794);
#9794 = CARTESIAN_POINT('',(-39.115,-2.54,-5.));
#9795 = LINE('',#9796,#9797);
#9796 = CARTESIAN_POINT('',(-39.115,-2.54,-5.));
#9797 = VECTOR('',#9798,1.);
#9798 = DIRECTION('',(0.,0.,1.));
#9799 = ORIENTED_EDGE('',*,*,#9800,.T.);
#9800 = EDGE_CURVE('',#9793,#9793,#9801,.T.);
#9801 = CIRCLE('',#9802,0.255);
#9802 = AXIS2_PLACEMENT_3D('',#9803,#9804,#9805);
#9803 = CARTESIAN_POINT('',(-39.37,-2.54,-5.));
#9804 = DIRECTION('',(0.,0.,1.));
#9805 = DIRECTION('',(1.,0.,-0.));
#9806 = ORIENTED_EDGE('',*,*,#9792,.T.);
#9807 = CYLINDRICAL_SURFACE('',#9808,0.255);
#9808 = AXIS2_PLACEMENT_3D('',#9809,#9810,#9811);
#9809 = CARTESIAN_POINT('',(-39.37,-2.54,-5.));
#9810 = DIRECTION('',(0.,0.,1.));
#9811 = DIRECTION('',(1.,0.,-0.));
#9812 = ADVANCED_FACE('',(#9813),#9816,.T.);
#9813 = FACE_BOUND('',#9814,.T.);
#9814 = EDGE_LOOP('',(#9815));
#9815 = ORIENTED_EDGE('',*,*,#9783,.T.);
#9816 = PLANE('',#9817);
#9817 = AXIS2_PLACEMENT_3D('',#9818,#9819,#9820);
#9818 = CARTESIAN_POINT('',(-39.37,-2.54,0.1));
#9819 = DIRECTION('',(0.,0.,1.));
#9820 = DIRECTION('',(1.,0.,-0.));
#9821 = ADVANCED_FACE('',(#9822),#9825,.F.);
#9822 = FACE_BOUND('',#9823,.T.);
#9823 = EDGE_LOOP('',(#9824));
#9824 = ORIENTED_EDGE('',*,*,#9800,.F.);
#9825 = PLANE('',#9826);
#9826 = AXIS2_PLACEMENT_3D('',#9827,#9828,#9829);
#9827 = CARTESIAN_POINT('',(-39.37,-2.54,-5.));
#9828 = DIRECTION('',(0.,0.,1.));
#9829 = DIRECTION('',(1.,0.,-0.));
#9830 = ( GEOMETRIC_REPRESENTATION_CONTEXT(3) 
GLOBAL_UNCERTAINTY_ASSIGNED_CONTEXT((#9834)) 
GLOBAL_UNIT_ASSIGNED_CONTEXT((#9831,#9832,#9833)) REPRESENTATION_CONTEXT
('Context #1','3D Context with UNIT and UNCERTAINTY') );
#9831 = ( LENGTH_UNIT() NAMED_UNIT(*) SI_UNIT(.MILLI.,.METRE.) );
#9832 = ( NAMED_UNIT(*) PLANE_ANGLE_UNIT() SI_UNIT($,.RADIAN.) );
#9833 = ( NAMED_UNIT(*) SI_UNIT($,.STERADIAN.) SOLID_ANGLE_UNIT() );
#9834 = UNCERTAINTY_MEASURE_WITH_UNIT(LENGTH_MEASURE(1.E-07),#9831,
  'distance_accuracy_value','confusion accuracy');
#9835 = CONTEXT_DEPENDENT_SHAPE_REPRESENTATION(#9836,#9838);
#9836 = ( REPRESENTATION_RELATIONSHIP('','',#9776,#7169) 
REPRESENTATION_RELATIONSHIP_WITH_TRANSFORMATION(#9837) 
SHAPE_REPRESENTATION_RELATIONSHIP() );
#9837 = ITEM_DEFINED_TRANSFORMATION('','',#11,#7302);
#9838 = PRODUCT_DEFINITION_SHAPE('Placement','Placement of an item',
  #9839);
#9839 = NEXT_ASSEMBLY_USAGE_OCCURRENCE('67','Leads061','',#7164,#9771,$
  );
#9840 = PRODUCT_RELATED_PRODUCT_CATEGORY('part',$,(#9773));
#9841 = SHAPE_DEFINITION_REPRESENTATION(#9842,#9848);
#9842 = PRODUCT_DEFINITION_SHAPE('','',#9843);
#9843 = PRODUCT_DEFINITION('design','',#9844,#9847);
#9844 = PRODUCT_DEFINITION_FORMATION('','',#9845);
#9845 = PRODUCT('Leads062','Leads062','',(#9846));
#9846 = PRODUCT_CONTEXT('',#2,'mechanical');
#9847 = PRODUCT_DEFINITION_CONTEXT('part definition',#2,'design');
#9848 = ADVANCED_BREP_SHAPE_REPRESENTATION('',(#11,#9849),#9902);
#9849 = MANIFOLD_SOLID_BREP('',#9850);
#9850 = CLOSED_SHELL('',(#9851,#9884,#9893));
#9851 = ADVANCED_FACE('',(#9852),#9879,.T.);
#9852 = FACE_BOUND('',#9853,.T.);
#9853 = EDGE_LOOP('',(#9854,#9863,#9871,#9878));
#9854 = ORIENTED_EDGE('',*,*,#9855,.F.);
#9855 = EDGE_CURVE('',#9856,#9856,#9858,.T.);
#9856 = VERTEX_POINT('',#9857);
#9857 = CARTESIAN_POINT('',(-41.655,-2.54,0.1));
#9858 = CIRCLE('',#9859,0.255);
#9859 = AXIS2_PLACEMENT_3D('',#9860,#9861,#9862);
#9860 = CARTESIAN_POINT('',(-41.91,-2.54,0.1));
#9861 = DIRECTION('',(0.,0.,1.));
#9862 = DIRECTION('',(1.,0.,-0.));
#9863 = ORIENTED_EDGE('',*,*,#9864,.F.);
#9864 = EDGE_CURVE('',#9865,#9856,#9867,.T.);
#9865 = VERTEX_POINT('',#9866);
#9866 = CARTESIAN_POINT('',(-41.655,-2.54,-5.));
#9867 = LINE('',#9868,#9869);
#9868 = CARTESIAN_POINT('',(-41.655,-2.54,-5.));
#9869 = VECTOR('',#9870,1.);
#9870 = DIRECTION('',(0.,0.,1.));
#9871 = ORIENTED_EDGE('',*,*,#9872,.T.);
#9872 = EDGE_CURVE('',#9865,#9865,#9873,.T.);
#9873 = CIRCLE('',#9874,0.255);
#9874 = AXIS2_PLACEMENT_3D('',#9875,#9876,#9877);
#9875 = CARTESIAN_POINT('',(-41.91,-2.54,-5.));
#9876 = DIRECTION('',(0.,0.,1.));
#9877 = DIRECTION('',(1.,0.,-0.));
#9878 = ORIENTED_EDGE('',*,*,#9864,.T.);
#9879 = CYLINDRICAL_SURFACE('',#9880,0.255);
#9880 = AXIS2_PLACEMENT_3D('',#9881,#9882,#9883);
#9881 = CARTESIAN_POINT('',(-41.91,-2.54,-5.));
#9882 = DIRECTION('',(0.,0.,1.));
#9883 = DIRECTION('',(1.,0.,-0.));
#9884 = ADVANCED_FACE('',(#9885),#9888,.T.);
#9885 = FACE_BOUND('',#9886,.T.);
#9886 = EDGE_LOOP('',(#9887));
#9887 = ORIENTED_EDGE('',*,*,#9855,.T.);
#9888 = PLANE('',#9889);
#9889 = AXIS2_PLACEMENT_3D('',#9890,#9891,#9892);
#9890 = CARTESIAN_POINT('',(-41.91,-2.54,0.1));
#9891 = DIRECTION('',(0.,0.,1.));
#9892 = DIRECTION('',(1.,0.,-0.));
#9893 = ADVANCED_FACE('',(#9894),#9897,.F.);
#9894 = FACE_BOUND('',#9895,.T.);
#9895 = EDGE_LOOP('',(#9896));
#9896 = ORIENTED_EDGE('',*,*,#9872,.F.);
#9897 = PLANE('',#9898);
#9898 = AXIS2_PLACEMENT_3D('',#9899,#9900,#9901);
#9899 = CARTESIAN_POINT('',(-41.91,-2.54,-5.));
#9900 = DIRECTION('',(0.,0.,1.));
#9901 = DIRECTION('',(1.,0.,-0.));
#9902 = ( GEOMETRIC_REPRESENTATION_CONTEXT(3) 
GLOBAL_UNCERTAINTY_ASSIGNED_CONTEXT((#9906)) 
GLOBAL_UNIT_ASSIGNED_CONTEXT((#9903,#9904,#9905)) REPRESENTATION_CONTEXT
('Context #1','3D Context with UNIT and UNCERTAINTY') );
#9903 = ( LENGTH_UNIT() NAMED_UNIT(*) SI_UNIT(.MILLI.,.METRE.) );
#9904 = ( NAMED_UNIT(*) PLANE_ANGLE_UNIT() SI_UNIT($,.RADIAN.) );
#9905 = ( NAMED_UNIT(*) SI_UNIT($,.STERADIAN.) SOLID_ANGLE_UNIT() );
#9906 = UNCERTAINTY_MEASURE_WITH_UNIT(LENGTH_MEASURE(1.E-07),#9903,
  'distance_accuracy_value','confusion accuracy');
#9907 = CONTEXT_DEPENDENT_SHAPE_REPRESENTATION(#9908,#9910);
#9908 = ( REPRESENTATION_RELATIONSHIP('','',#9848,#7169) 
REPRESENTATION_RELATIONSHIP_WITH_TRANSFORMATION(#9909) 
SHAPE_REPRESENTATION_RELATIONSHIP() );
#9909 = ITEM_DEFINED_TRANSFORMATION('','',#11,#7306);
#9910 = PRODUCT_DEFINITION_SHAPE('Placement','Placement of an item',
  #9911);
#9911 = NEXT_ASSEMBLY_USAGE_OCCURRENCE('68','Leads062','',#7164,#9843,$
  );
#9912 = PRODUCT_RELATED_PRODUCT_CATEGORY('part',$,(#9845));
#9913 = SHAPE_DEFINITION_REPRESENTATION(#9914,#9920);
#9914 = PRODUCT_DEFINITION_SHAPE('','',#9915);
#9915 = PRODUCT_DEFINITION('design','',#9916,#9919);
#9916 = PRODUCT_DEFINITION_FORMATION('','',#9917);
#9917 = PRODUCT('Leads063','Leads063','',(#9918));
#9918 = PRODUCT_CONTEXT('',#2,'mechanical');
#9919 = PRODUCT_DEFINITION_CONTEXT('part definition',#2,'design');
#9920 = ADVANCED_BREP_SHAPE_REPRESENTATION('',(#11,#9921),#9974);
#9921 = MANIFOLD_SOLID_BREP('',#9922);
#9922 = CLOSED_SHELL('',(#9923,#9956,#9965));
#9923 = ADVANCED_FACE('',(#9924),#9951,.T.);
#9924 = FACE_BOUND('',#9925,.T.);
#9925 = EDGE_LOOP('',(#9926,#9935,#9943,#9950));
#9926 = ORIENTED_EDGE('',*,*,#9927,.F.);
#9927 = EDGE_CURVE('',#9928,#9928,#9930,.T.);
#9928 = VERTEX_POINT('',#9929);
#9929 = CARTESIAN_POINT('',(-2.285,-5.08,0.1));
#9930 = CIRCLE('',#9931,0.255);
#9931 = AXIS2_PLACEMENT_3D('',#9932,#9933,#9934);
#9932 = CARTESIAN_POINT('',(-2.54,-5.08,0.1));
#9933 = DIRECTION('',(0.,0.,1.));
#9934 = DIRECTION('',(1.,0.,-0.));
#9935 = ORIENTED_EDGE('',*,*,#9936,.F.);
#9936 = EDGE_CURVE('',#9937,#9928,#9939,.T.);
#9937 = VERTEX_POINT('',#9938);
#9938 = CARTESIAN_POINT('',(-2.285,-5.08,-5.));
#9939 = LINE('',#9940,#9941);
#9940 = CARTESIAN_POINT('',(-2.285,-5.08,-5.));
#9941 = VECTOR('',#9942,1.);
#9942 = DIRECTION('',(0.,0.,1.));
#9943 = ORIENTED_EDGE('',*,*,#9944,.T.);
#9944 = EDGE_CURVE('',#9937,#9937,#9945,.T.);
#9945 = CIRCLE('',#9946,0.255);
#9946 = AXIS2_PLACEMENT_3D('',#9947,#9948,#9949);
#9947 = CARTESIAN_POINT('',(-2.54,-5.08,-5.));
#9948 = DIRECTION('',(0.,0.,1.));
#9949 = DIRECTION('',(1.,0.,-0.));
#9950 = ORIENTED_EDGE('',*,*,#9936,.T.);
#9951 = CYLINDRICAL_SURFACE('',#9952,0.255);
#9952 = AXIS2_PLACEMENT_3D('',#9953,#9954,#9955);
#9953 = CARTESIAN_POINT('',(-2.54,-5.08,-5.));
#9954 = DIRECTION('',(0.,0.,1.));
#9955 = DIRECTION('',(1.,0.,-0.));
#9956 = ADVANCED_FACE('',(#9957),#9960,.T.);
#9957 = FACE_BOUND('',#9958,.T.);
#9958 = EDGE_LOOP('',(#9959));
#9959 = ORIENTED_EDGE('',*,*,#9927,.T.);
#9960 = PLANE('',#9961);
#9961 = AXIS2_PLACEMENT_3D('',#9962,#9963,#9964);
#9962 = CARTESIAN_POINT('',(-2.54,-5.08,0.1));
#9963 = DIRECTION('',(0.,0.,1.));
#9964 = DIRECTION('',(1.,0.,-0.));
#9965 = ADVANCED_FACE('',(#9966),#9969,.F.);
#9966 = FACE_BOUND('',#9967,.T.);
#9967 = EDGE_LOOP('',(#9968));
#9968 = ORIENTED_EDGE('',*,*,#9944,.F.);
#9969 = PLANE('',#9970);
#9970 = AXIS2_PLACEMENT_3D('',#9971,#9972,#9973);
#9971 = CARTESIAN_POINT('',(-2.54,-5.08,-5.));
#9972 = DIRECTION('',(0.,0.,1.));
#9973 = DIRECTION('',(1.,0.,-0.));
#9974 = ( GEOMETRIC_REPRESENTATION_CONTEXT(3) 
GLOBAL_UNCERTAINTY_ASSIGNED_CONTEXT((#9978)) 
GLOBAL_UNIT_ASSIGNED_CONTEXT((#9975,#9976,#9977)) REPRESENTATION_CONTEXT
('Context #1','3D Context with UNIT and UNCERTAINTY') );
#9975 = ( LENGTH_UNIT() NAMED_UNIT(*) SI_UNIT(.MILLI.,.METRE.) );
#9976 = ( NAMED_UNIT(*) PLANE_ANGLE_UNIT() SI_UNIT($,.RADIAN.) );
#9977 = ( NAMED_UNIT(*) SI_UNIT($,.STERADIAN.) SOLID_ANGLE_UNIT() );
#9978 = UNCERTAINTY_MEASURE_WITH_UNIT(LENGTH_MEASURE(1.E-07),#9975,
  'distance_accuracy_value','confusion accuracy');
#9979 = CONTEXT_DEPENDENT_SHAPE_REPRESENTATION(#9980,#9982);
#9980 = ( REPRESENTATION_RELATIONSHIP('','',#9920,#7169) 
REPRESENTATION_RELATIONSHIP_WITH_TRANSFORMATION(#9981) 
SHAPE_REPRESENTATION_RELATIONSHIP() );
#9981 = ITEM_DEFINED_TRANSFORMATION('','',#11,#7310);
#9982 = PRODUCT_DEFINITION_SHAPE('Placement','Placement of an item',
  #9983);
#9983 = NEXT_ASSEMBLY_USAGE_OCCURRENCE('69','Leads063','',#7164,#9915,$
  );
#9984 = PRODUCT_RELATED_PRODUCT_CATEGORY('part',$,(#9917));
#9985 = SHAPE_DEFINITION_REPRESENTATION(#9986,#9992);
#9986 = PRODUCT_DEFINITION_SHAPE('','',#9987);
#9987 = PRODUCT_DEFINITION('design','',#9988,#9991);
#9988 = PRODUCT_DEFINITION_FORMATION('','',#9989);
#9989 = PRODUCT('Leads064','Leads064','',(#9990));
#9990 = PRODUCT_CONTEXT('',#2,'mechanical');
#9991 = PRODUCT_DEFINITION_CONTEXT('part definition',#2,'design');
#9992 = ADVANCED_BREP_SHAPE_REPRESENTATION('',(#11,#9993),#10046);
#9993 = MANIFOLD_SOLID_BREP('',#9994);
#9994 = CLOSED_SHELL('',(#9995,#10028,#10037));
#9995 = ADVANCED_FACE('',(#9996),#10023,.T.);
#9996 = FACE_BOUND('',#9997,.T.);
#9997 = EDGE_LOOP('',(#9998,#10007,#10015,#10022));
#9998 = ORIENTED_EDGE('',*,*,#9999,.F.);
#9999 = EDGE_CURVE('',#10000,#10000,#10002,.T.);
#10000 = VERTEX_POINT('',#10001);
#10001 = CARTESIAN_POINT('',(-4.825,-5.08,0.1));
#10002 = CIRCLE('',#10003,0.255);
#10003 = AXIS2_PLACEMENT_3D('',#10004,#10005,#10006);
#10004 = CARTESIAN_POINT('',(-5.08,-5.08,0.1));
#10005 = DIRECTION('',(0.,0.,1.));
#10006 = DIRECTION('',(1.,0.,-0.));
#10007 = ORIENTED_EDGE('',*,*,#10008,.F.);
#10008 = EDGE_CURVE('',#10009,#10000,#10011,.T.);
#10009 = VERTEX_POINT('',#10010);
#10010 = CARTESIAN_POINT('',(-4.825,-5.08,-5.));
#10011 = LINE('',#10012,#10013);
#10012 = CARTESIAN_POINT('',(-4.825,-5.08,-5.));
#10013 = VECTOR('',#10014,1.);
#10014 = DIRECTION('',(0.,0.,1.));
#10015 = ORIENTED_EDGE('',*,*,#10016,.T.);
#10016 = EDGE_CURVE('',#10009,#10009,#10017,.T.);
#10017 = CIRCLE('',#10018,0.255);
#10018 = AXIS2_PLACEMENT_3D('',#10019,#10020,#10021);
#10019 = CARTESIAN_POINT('',(-5.08,-5.08,-5.));
#10020 = DIRECTION('',(0.,0.,1.));
#10021 = DIRECTION('',(1.,0.,-0.));
#10022 = ORIENTED_EDGE('',*,*,#10008,.T.);
#10023 = CYLINDRICAL_SURFACE('',#10024,0.255);
#10024 = AXIS2_PLACEMENT_3D('',#10025,#10026,#10027);
#10025 = CARTESIAN_POINT('',(-5.08,-5.08,-5.));
#10026 = DIRECTION('',(0.,0.,1.));
#10027 = DIRECTION('',(1.,0.,-0.));
#10028 = ADVANCED_FACE('',(#10029),#10032,.T.);
#10029 = FACE_BOUND('',#10030,.T.);
#10030 = EDGE_LOOP('',(#10031));
#10031 = ORIENTED_EDGE('',*,*,#9999,.T.);
#10032 = PLANE('',#10033);
#10033 = AXIS2_PLACEMENT_3D('',#10034,#10035,#10036);
#10034 = CARTESIAN_POINT('',(-5.08,-5.08,0.1));
#10035 = DIRECTION('',(0.,0.,1.));
#10036 = DIRECTION('',(1.,0.,-0.));
#10037 = ADVANCED_FACE('',(#10038),#10041,.F.);
#10038 = FACE_BOUND('',#10039,.T.);
#10039 = EDGE_LOOP('',(#10040));
#10040 = ORIENTED_EDGE('',*,*,#10016,.F.);
#10041 = PLANE('',#10042);
#10042 = AXIS2_PLACEMENT_3D('',#10043,#10044,#10045);
#10043 = CARTESIAN_POINT('',(-5.08,-5.08,-5.));
#10044 = DIRECTION('',(0.,0.,1.));
#10045 = DIRECTION('',(1.,0.,-0.));
#10046 = ( GEOMETRIC_REPRESENTATION_CONTEXT(3) 
GLOBAL_UNCERTAINTY_ASSIGNED_CONTEXT((#10050)) 
GLOBAL_UNIT_ASSIGNED_CONTEXT((#10047,#10048,#10049)) 
REPRESENTATION_CONTEXT('Context #1',
  '3D Context with UNIT and UNCERTAINTY') );
#10047 = ( LENGTH_UNIT() NAMED_UNIT(*) SI_UNIT(.MILLI.,.METRE.) );
#10048 = ( NAMED_UNIT(*) PLANE_ANGLE_UNIT() SI_UNIT($,.RADIAN.) );
#10049 = ( NAMED_UNIT(*) SI_UNIT($,.STERADIAN.) SOLID_ANGLE_UNIT() );
#10050 = UNCERTAINTY_MEASURE_WITH_UNIT(LENGTH_MEASURE(1.E-07),#10047,
  'distance_accuracy_value','confusion accuracy');
#10051 = CONTEXT_DEPENDENT_SHAPE_REPRESENTATION(#10052,#10054);
#10052 = ( REPRESENTATION_RELATIONSHIP('','',#9992,#7169) 
REPRESENTATION_RELATIONSHIP_WITH_TRANSFORMATION(#10053) 
SHAPE_REPRESENTATION_RELATIONSHIP() );
#10053 = ITEM_DEFINED_TRANSFORMATION('','',#11,#7314);
#10054 = PRODUCT_DEFINITION_SHAPE('Placement','Placement of an item',
  #10055);
#10055 = NEXT_ASSEMBLY_USAGE_OCCURRENCE('70','Leads064','',#7164,#9987,$
  );
#10056 = PRODUCT_RELATED_PRODUCT_CATEGORY('part',$,(#9989));
#10057 = SHAPE_DEFINITION_REPRESENTATION(#10058,#10064);
#10058 = PRODUCT_DEFINITION_SHAPE('','',#10059);
#10059 = PRODUCT_DEFINITION('design','',#10060,#10063);
#10060 = PRODUCT_DEFINITION_FORMATION('','',#10061);
#10061 = PRODUCT('Leads065','Leads065','',(#10062));
#10062 = PRODUCT_CONTEXT('',#2,'mechanical');
#10063 = PRODUCT_DEFINITION_CONTEXT('part definition',#2,'design');
#10064 = ADVANCED_BREP_SHAPE_REPRESENTATION('',(#11,#10065),#10118);
#10065 = MANIFOLD_SOLID_BREP('',#10066);
#10066 = CLOSED_SHELL('',(#10067,#10100,#10109));
#10067 = ADVANCED_FACE('',(#10068),#10095,.T.);
#10068 = FACE_BOUND('',#10069,.T.);
#10069 = EDGE_LOOP('',(#10070,#10079,#10087,#10094));
#10070 = ORIENTED_EDGE('',*,*,#10071,.F.);
#10071 = EDGE_CURVE('',#10072,#10072,#10074,.T.);
#10072 = VERTEX_POINT('',#10073);
#10073 = CARTESIAN_POINT('',(-7.365,-5.08,0.1));
#10074 = CIRCLE('',#10075,0.255);
#10075 = AXIS2_PLACEMENT_3D('',#10076,#10077,#10078);
#10076 = CARTESIAN_POINT('',(-7.62,-5.08,0.1));
#10077 = DIRECTION('',(0.,0.,1.));
#10078 = DIRECTION('',(1.,0.,-0.));
#10079 = ORIENTED_EDGE('',*,*,#10080,.F.);
#10080 = EDGE_CURVE('',#10081,#10072,#10083,.T.);
#10081 = VERTEX_POINT('',#10082);
#10082 = CARTESIAN_POINT('',(-7.365,-5.08,-5.));
#10083 = LINE('',#10084,#10085);
#10084 = CARTESIAN_POINT('',(-7.365,-5.08,-5.));
#10085 = VECTOR('',#10086,1.);
#10086 = DIRECTION('',(0.,0.,1.));
#10087 = ORIENTED_EDGE('',*,*,#10088,.T.);
#10088 = EDGE_CURVE('',#10081,#10081,#10089,.T.);
#10089 = CIRCLE('',#10090,0.255);
#10090 = AXIS2_PLACEMENT_3D('',#10091,#10092,#10093);
#10091 = CARTESIAN_POINT('',(-7.62,-5.08,-5.));
#10092 = DIRECTION('',(0.,0.,1.));
#10093 = DIRECTION('',(1.,0.,-0.));
#10094 = ORIENTED_EDGE('',*,*,#10080,.T.);
#10095 = CYLINDRICAL_SURFACE('',#10096,0.255);
#10096 = AXIS2_PLACEMENT_3D('',#10097,#10098,#10099);
#10097 = CARTESIAN_POINT('',(-7.62,-5.08,-5.));
#10098 = DIRECTION('',(0.,0.,1.));
#10099 = DIRECTION('',(1.,0.,-0.));
#10100 = ADVANCED_FACE('',(#10101),#10104,.T.);
#10101 = FACE_BOUND('',#10102,.T.);
#10102 = EDGE_LOOP('',(#10103));
#10103 = ORIENTED_EDGE('',*,*,#10071,.T.);
#10104 = PLANE('',#10105);
#10105 = AXIS2_PLACEMENT_3D('',#10106,#10107,#10108);
#10106 = CARTESIAN_POINT('',(-7.62,-5.08,0.1));
#10107 = DIRECTION('',(0.,0.,1.));
#10108 = DIRECTION('',(1.,0.,-0.));
#10109 = ADVANCED_FACE('',(#10110),#10113,.F.);
#10110 = FACE_BOUND('',#10111,.T.);
#10111 = EDGE_LOOP('',(#10112));
#10112 = ORIENTED_EDGE('',*,*,#10088,.F.);
#10113 = PLANE('',#10114);
#10114 = AXIS2_PLACEMENT_3D('',#10115,#10116,#10117);
#10115 = CARTESIAN_POINT('',(-7.62,-5.08,-5.));
#10116 = DIRECTION('',(0.,0.,1.));
#10117 = DIRECTION('',(1.,0.,-0.));
#10118 = ( GEOMETRIC_REPRESENTATION_CONTEXT(3) 
GLOBAL_UNCERTAINTY_ASSIGNED_CONTEXT((#10122)) 
GLOBAL_UNIT_ASSIGNED_CONTEXT((#10119,#10120,#10121)) 
REPRESENTATION_CONTEXT('Context #1',
  '3D Context with UNIT and UNCERTAINTY') );
#10119 = ( LENGTH_UNIT() NAMED_UNIT(*) SI_UNIT(.MILLI.,.METRE.) );
#10120 = ( NAMED_UNIT(*) PLANE_ANGLE_UNIT() SI_UNIT($,.RADIAN.) );
#10121 = ( NAMED_UNIT(*) SI_UNIT($,.STERADIAN.) SOLID_ANGLE_UNIT() );
#10122 = UNCERTAINTY_MEASURE_WITH_UNIT(LENGTH_MEASURE(1.E-07),#10119,
  'distance_accuracy_value','confusion accuracy');
#10123 = CONTEXT_DEPENDENT_SHAPE_REPRESENTATION(#10124,#10126);
#10124 = ( REPRESENTATION_RELATIONSHIP('','',#10064,#7169) 
REPRESENTATION_RELATIONSHIP_WITH_TRANSFORMATION(#10125) 
SHAPE_REPRESENTATION_RELATIONSHIP() );
#10125 = ITEM_DEFINED_TRANSFORMATION('','',#11,#7318);
#10126 = PRODUCT_DEFINITION_SHAPE('Placement','Placement of an item',
  #10127);
#10127 = NEXT_ASSEMBLY_USAGE_OCCURRENCE('71','Leads065','',#7164,#10059,
  $);
#10128 = PRODUCT_RELATED_PRODUCT_CATEGORY('part',$,(#10061));
#10129 = SHAPE_DEFINITION_REPRESENTATION(#10130,#10136);
#10130 = PRODUCT_DEFINITION_SHAPE('','',#10131);
#10131 = PRODUCT_DEFINITION('design','',#10132,#10135);
#10132 = PRODUCT_DEFINITION_FORMATION('','',#10133);
#10133 = PRODUCT('Leads066','Leads066','',(#10134));
#10134 = PRODUCT_CONTEXT('',#2,'mechanical');
#10135 = PRODUCT_DEFINITION_CONTEXT('part definition',#2,'design');
#10136 = ADVANCED_BREP_SHAPE_REPRESENTATION('',(#11,#10137),#10190);
#10137 = MANIFOLD_SOLID_BREP('',#10138);
#10138 = CLOSED_SHELL('',(#10139,#10172,#10181));
#10139 = ADVANCED_FACE('',(#10140),#10167,.T.);
#10140 = FACE_BOUND('',#10141,.T.);
#10141 = EDGE_LOOP('',(#10142,#10151,#10159,#10166));
#10142 = ORIENTED_EDGE('',*,*,#10143,.F.);
#10143 = EDGE_CURVE('',#10144,#10144,#10146,.T.);
#10144 = VERTEX_POINT('',#10145);
#10145 = CARTESIAN_POINT('',(-9.905,-5.08,0.1));
#10146 = CIRCLE('',#10147,0.255);
#10147 = AXIS2_PLACEMENT_3D('',#10148,#10149,#10150);
#10148 = CARTESIAN_POINT('',(-10.16,-5.08,0.1));
#10149 = DIRECTION('',(0.,0.,1.));
#10150 = DIRECTION('',(1.,0.,-0.));
#10151 = ORIENTED_EDGE('',*,*,#10152,.F.);
#10152 = EDGE_CURVE('',#10153,#10144,#10155,.T.);
#10153 = VERTEX_POINT('',#10154);
#10154 = CARTESIAN_POINT('',(-9.905,-5.08,-5.));
#10155 = LINE('',#10156,#10157);
#10156 = CARTESIAN_POINT('',(-9.905,-5.08,-5.));
#10157 = VECTOR('',#10158,1.);
#10158 = DIRECTION('',(0.,0.,1.));
#10159 = ORIENTED_EDGE('',*,*,#10160,.T.);
#10160 = EDGE_CURVE('',#10153,#10153,#10161,.T.);
#10161 = CIRCLE('',#10162,0.255);
#10162 = AXIS2_PLACEMENT_3D('',#10163,#10164,#10165);
#10163 = CARTESIAN_POINT('',(-10.16,-5.08,-5.));
#10164 = DIRECTION('',(0.,0.,1.));
#10165 = DIRECTION('',(1.,0.,-0.));
#10166 = ORIENTED_EDGE('',*,*,#10152,.T.);
#10167 = CYLINDRICAL_SURFACE('',#10168,0.255);
#10168 = AXIS2_PLACEMENT_3D('',#10169,#10170,#10171);
#10169 = CARTESIAN_POINT('',(-10.16,-5.08,-5.));
#10170 = DIRECTION('',(0.,0.,1.));
#10171 = DIRECTION('',(1.,0.,-0.));
#10172 = ADVANCED_FACE('',(#10173),#10176,.T.);
#10173 = FACE_BOUND('',#10174,.T.);
#10174 = EDGE_LOOP('',(#10175));
#10175 = ORIENTED_EDGE('',*,*,#10143,.T.);
#10176 = PLANE('',#10177);
#10177 = AXIS2_PLACEMENT_3D('',#10178,#10179,#10180);
#10178 = CARTESIAN_POINT('',(-10.16,-5.08,0.1));
#10179 = DIRECTION('',(0.,0.,1.));
#10180 = DIRECTION('',(1.,0.,-0.));
#10181 = ADVANCED_FACE('',(#10182),#10185,.F.);
#10182 = FACE_BOUND('',#10183,.T.);
#10183 = EDGE_LOOP('',(#10184));
#10184 = ORIENTED_EDGE('',*,*,#10160,.F.);
#10185 = PLANE('',#10186);
#10186 = AXIS2_PLACEMENT_3D('',#10187,#10188,#10189);
#10187 = CARTESIAN_POINT('',(-10.16,-5.08,-5.));
#10188 = DIRECTION('',(0.,0.,1.));
#10189 = DIRECTION('',(1.,0.,-0.));
#10190 = ( GEOMETRIC_REPRESENTATION_CONTEXT(3) 
GLOBAL_UNCERTAINTY_ASSIGNED_CONTEXT((#10194)) 
GLOBAL_UNIT_ASSIGNED_CONTEXT((#10191,#10192,#10193)) 
REPRESENTATION_CONTEXT('Context #1',
  '3D Context with UNIT and UNCERTAINTY') );
#10191 = ( LENGTH_UNIT() NAMED_UNIT(*) SI_UNIT(.MILLI.,.METRE.) );
#10192 = ( NAMED_UNIT(*) PLANE_ANGLE_UNIT() SI_UNIT($,.RADIAN.) );
#10193 = ( NAMED_UNIT(*) SI_UNIT($,.STERADIAN.) SOLID_ANGLE_UNIT() );
#10194 = UNCERTAINTY_MEASURE_WITH_UNIT(LENGTH_MEASURE(1.E-07),#10191,
  'distance_accuracy_value','confusion accuracy');
#10195 = CONTEXT_DEPENDENT_SHAPE_REPRESENTATION(#10196,#10198);
#10196 = ( REPRESENTATION_RELATIONSHIP('','',#10136,#7169) 
REPRESENTATION_RELATIONSHIP_WITH_TRANSFORMATION(#10197) 
SHAPE_REPRESENTATION_RELATIONSHIP() );
#10197 = ITEM_DEFINED_TRANSFORMATION('','',#11,#7322);
#10198 = PRODUCT_DEFINITION_SHAPE('Placement','Placement of an item',
  #10199);
#10199 = NEXT_ASSEMBLY_USAGE_OCCURRENCE('72','Leads066','',#7164,#10131,
  $);
#10200 = PRODUCT_RELATED_PRODUCT_CATEGORY('part',$,(#10133));
#10201 = SHAPE_DEFINITION_REPRESENTATION(#10202,#10208);
#10202 = PRODUCT_DEFINITION_SHAPE('','',#10203);
#10203 = PRODUCT_DEFINITION('design','',#10204,#10207);
#10204 = PRODUCT_DEFINITION_FORMATION('','',#10205);
#10205 = PRODUCT('Leads067','Leads067','',(#10206));
#10206 = PRODUCT_CONTEXT('',#2,'mechanical');
#10207 = PRODUCT_DEFINITION_CONTEXT('part definition',#2,'design');
#10208 = ADVANCED_BREP_SHAPE_REPRESENTATION('',(#11,#10209),#10262);
#10209 = MANIFOLD_SOLID_BREP('',#10210);
#10210 = CLOSED_SHELL('',(#10211,#10244,#10253));
#10211 = ADVANCED_FACE('',(#10212),#10239,.T.);
#10212 = FACE_BOUND('',#10213,.T.);
#10213 = EDGE_LOOP('',(#10214,#10223,#10231,#10238));
#10214 = ORIENTED_EDGE('',*,*,#10215,.F.);
#10215 = EDGE_CURVE('',#10216,#10216,#10218,.T.);
#10216 = VERTEX_POINT('',#10217);
#10217 = CARTESIAN_POINT('',(-12.445,-5.08,0.1));
#10218 = CIRCLE('',#10219,0.255);
#10219 = AXIS2_PLACEMENT_3D('',#10220,#10221,#10222);
#10220 = CARTESIAN_POINT('',(-12.7,-5.08,0.1));
#10221 = DIRECTION('',(0.,0.,1.));
#10222 = DIRECTION('',(1.,0.,-0.));
#10223 = ORIENTED_EDGE('',*,*,#10224,.F.);
#10224 = EDGE_CURVE('',#10225,#10216,#10227,.T.);
#10225 = VERTEX_POINT('',#10226);
#10226 = CARTESIAN_POINT('',(-12.445,-5.08,-5.));
#10227 = LINE('',#10228,#10229);
#10228 = CARTESIAN_POINT('',(-12.445,-5.08,-5.));
#10229 = VECTOR('',#10230,1.);
#10230 = DIRECTION('',(0.,0.,1.));
#10231 = ORIENTED_EDGE('',*,*,#10232,.T.);
#10232 = EDGE_CURVE('',#10225,#10225,#10233,.T.);
#10233 = CIRCLE('',#10234,0.255);
#10234 = AXIS2_PLACEMENT_3D('',#10235,#10236,#10237);
#10235 = CARTESIAN_POINT('',(-12.7,-5.08,-5.));
#10236 = DIRECTION('',(0.,0.,1.));
#10237 = DIRECTION('',(1.,0.,-0.));
#10238 = ORIENTED_EDGE('',*,*,#10224,.T.);
#10239 = CYLINDRICAL_SURFACE('',#10240,0.255);
#10240 = AXIS2_PLACEMENT_3D('',#10241,#10242,#10243);
#10241 = CARTESIAN_POINT('',(-12.7,-5.08,-5.));
#10242 = DIRECTION('',(0.,0.,1.));
#10243 = DIRECTION('',(1.,0.,-0.));
#10244 = ADVANCED_FACE('',(#10245),#10248,.T.);
#10245 = FACE_BOUND('',#10246,.T.);
#10246 = EDGE_LOOP('',(#10247));
#10247 = ORIENTED_EDGE('',*,*,#10215,.T.);
#10248 = PLANE('',#10249);
#10249 = AXIS2_PLACEMENT_3D('',#10250,#10251,#10252);
#10250 = CARTESIAN_POINT('',(-12.7,-5.08,0.1));
#10251 = DIRECTION('',(0.,0.,1.));
#10252 = DIRECTION('',(1.,0.,-0.));
#10253 = ADVANCED_FACE('',(#10254),#10257,.F.);
#10254 = FACE_BOUND('',#10255,.T.);
#10255 = EDGE_LOOP('',(#10256));
#10256 = ORIENTED_EDGE('',*,*,#10232,.F.);
#10257 = PLANE('',#10258);
#10258 = AXIS2_PLACEMENT_3D('',#10259,#10260,#10261);
#10259 = CARTESIAN_POINT('',(-12.7,-5.08,-5.));
#10260 = DIRECTION('',(0.,0.,1.));
#10261 = DIRECTION('',(1.,0.,-0.));
#10262 = ( GEOMETRIC_REPRESENTATION_CONTEXT(3) 
GLOBAL_UNCERTAINTY_ASSIGNED_CONTEXT((#10266)) 
GLOBAL_UNIT_ASSIGNED_CONTEXT((#10263,#10264,#10265)) 
REPRESENTATION_CONTEXT('Context #1',
  '3D Context with UNIT and UNCERTAINTY') );
#10263 = ( LENGTH_UNIT() NAMED_UNIT(*) SI_UNIT(.MILLI.,.METRE.) );
#10264 = ( NAMED_UNIT(*) PLANE_ANGLE_UNIT() SI_UNIT($,.RADIAN.) );
#10265 = ( NAMED_UNIT(*) SI_UNIT($,.STERADIAN.) SOLID_ANGLE_UNIT() );
#10266 = UNCERTAINTY_MEASURE_WITH_UNIT(LENGTH_MEASURE(1.E-07),#10263,
  'distance_accuracy_value','confusion accuracy');
#10267 = CONTEXT_DEPENDENT_SHAPE_REPRESENTATION(#10268,#10270);
#10268 = ( REPRESENTATION_RELATIONSHIP('','',#10208,#7169) 
REPRESENTATION_RELATIONSHIP_WITH_TRANSFORMATION(#10269) 
SHAPE_REPRESENTATION_RELATIONSHIP() );
#10269 = ITEM_DEFINED_TRANSFORMATION('','',#11,#7326);
#10270 = PRODUCT_DEFINITION_SHAPE('Placement','Placement of an item',
  #10271);
#10271 = NEXT_ASSEMBLY_USAGE_OCCURRENCE('73','Leads067','',#7164,#10203,
  $);
#10272 = PRODUCT_RELATED_PRODUCT_CATEGORY('part',$,(#10205));
#10273 = SHAPE_DEFINITION_REPRESENTATION(#10274,#10280);
#10274 = PRODUCT_DEFINITION_SHAPE('','',#10275);
#10275 = PRODUCT_DEFINITION('design','',#10276,#10279);
#10276 = PRODUCT_DEFINITION_FORMATION('','',#10277);
#10277 = PRODUCT('Leads068','Leads068','',(#10278));
#10278 = PRODUCT_CONTEXT('',#2,'mechanical');
#10279 = PRODUCT_DEFINITION_CONTEXT('part definition',#2,'design');
#10280 = ADVANCED_BREP_SHAPE_REPRESENTATION('',(#11,#10281),#10334);
#10281 = MANIFOLD_SOLID_BREP('',#10282);
#10282 = CLOSED_SHELL('',(#10283,#10316,#10325));
#10283 = ADVANCED_FACE('',(#10284),#10311,.T.);
#10284 = FACE_BOUND('',#10285,.T.);
#10285 = EDGE_LOOP('',(#10286,#10295,#10303,#10310));
#10286 = ORIENTED_EDGE('',*,*,#10287,.F.);
#10287 = EDGE_CURVE('',#10288,#10288,#10290,.T.);
#10288 = VERTEX_POINT('',#10289);
#10289 = CARTESIAN_POINT('',(-14.985,-5.08,0.1));
#10290 = CIRCLE('',#10291,0.255);
#10291 = AXIS2_PLACEMENT_3D('',#10292,#10293,#10294);
#10292 = CARTESIAN_POINT('',(-15.24,-5.08,0.1));
#10293 = DIRECTION('',(0.,0.,1.));
#10294 = DIRECTION('',(1.,0.,-0.));
#10295 = ORIENTED_EDGE('',*,*,#10296,.F.);
#10296 = EDGE_CURVE('',#10297,#10288,#10299,.T.);
#10297 = VERTEX_POINT('',#10298);
#10298 = CARTESIAN_POINT('',(-14.985,-5.08,-5.));
#10299 = LINE('',#10300,#10301);
#10300 = CARTESIAN_POINT('',(-14.985,-5.08,-5.));
#10301 = VECTOR('',#10302,1.);
#10302 = DIRECTION('',(0.,0.,1.));
#10303 = ORIENTED_EDGE('',*,*,#10304,.T.);
#10304 = EDGE_CURVE('',#10297,#10297,#10305,.T.);
#10305 = CIRCLE('',#10306,0.255);
#10306 = AXIS2_PLACEMENT_3D('',#10307,#10308,#10309);
#10307 = CARTESIAN_POINT('',(-15.24,-5.08,-5.));
#10308 = DIRECTION('',(0.,0.,1.));
#10309 = DIRECTION('',(1.,0.,-0.));
#10310 = ORIENTED_EDGE('',*,*,#10296,.T.);
#10311 = CYLINDRICAL_SURFACE('',#10312,0.255);
#10312 = AXIS2_PLACEMENT_3D('',#10313,#10314,#10315);
#10313 = CARTESIAN_POINT('',(-15.24,-5.08,-5.));
#10314 = DIRECTION('',(0.,0.,1.));
#10315 = DIRECTION('',(1.,0.,-0.));
#10316 = ADVANCED_FACE('',(#10317),#10320,.T.);
#10317 = FACE_BOUND('',#10318,.T.);
#10318 = EDGE_LOOP('',(#10319));
#10319 = ORIENTED_EDGE('',*,*,#10287,.T.);
#10320 = PLANE('',#10321);
#10321 = AXIS2_PLACEMENT_3D('',#10322,#10323,#10324);
#10322 = CARTESIAN_POINT('',(-15.24,-5.08,0.1));
#10323 = DIRECTION('',(0.,0.,1.));
#10324 = DIRECTION('',(1.,0.,-0.));
#10325 = ADVANCED_FACE('',(#10326),#10329,.F.);
#10326 = FACE_BOUND('',#10327,.T.);
#10327 = EDGE_LOOP('',(#10328));
#10328 = ORIENTED_EDGE('',*,*,#10304,.F.);
#10329 = PLANE('',#10330);
#10330 = AXIS2_PLACEMENT_3D('',#10331,#10332,#10333);
#10331 = CARTESIAN_POINT('',(-15.24,-5.08,-5.));
#10332 = DIRECTION('',(0.,0.,1.));
#10333 = DIRECTION('',(1.,0.,-0.));
#10334 = ( GEOMETRIC_REPRESENTATION_CONTEXT(3) 
GLOBAL_UNCERTAINTY_ASSIGNED_CONTEXT((#10338)) 
GLOBAL_UNIT_ASSIGNED_CONTEXT((#10335,#10336,#10337)) 
REPRESENTATION_CONTEXT('Context #1',
  '3D Context with UNIT and UNCERTAINTY') );
#10335 = ( LENGTH_UNIT() NAMED_UNIT(*) SI_UNIT(.MILLI.,.METRE.) );
#10336 = ( NAMED_UNIT(*) PLANE_ANGLE_UNIT() SI_UNIT($,.RADIAN.) );
#10337 = ( NAMED_UNIT(*) SI_UNIT($,.STERADIAN.) SOLID_ANGLE_UNIT() );
#10338 = UNCERTAINTY_MEASURE_WITH_UNIT(LENGTH_MEASURE(1.E-07),#10335,
  'distance_accuracy_value','confusion accuracy');
#10339 = CONTEXT_DEPENDENT_SHAPE_REPRESENTATION(#10340,#10342);
#10340 = ( REPRESENTATION_RELATIONSHIP('','',#10280,#7169) 
REPRESENTATION_RELATIONSHIP_WITH_TRANSFORMATION(#10341) 
SHAPE_REPRESENTATION_RELATIONSHIP() );
#10341 = ITEM_DEFINED_TRANSFORMATION('','',#11,#7330);
#10342 = PRODUCT_DEFINITION_SHAPE('Placement','Placement of an item',
  #10343);
#10343 = NEXT_ASSEMBLY_USAGE_OCCURRENCE('74','Leads068','',#7164,#10275,
  $);
#10344 = PRODUCT_RELATED_PRODUCT_CATEGORY('part',$,(#10277));
#10345 = SHAPE_DEFINITION_REPRESENTATION(#10346,#10352);
#10346 = PRODUCT_DEFINITION_SHAPE('','',#10347);
#10347 = PRODUCT_DEFINITION('design','',#10348,#10351);
#10348 = PRODUCT_DEFINITION_FORMATION('','',#10349);
#10349 = PRODUCT('Leads069','Leads069','',(#10350));
#10350 = PRODUCT_CONTEXT('',#2,'mechanical');
#10351 = PRODUCT_DEFINITION_CONTEXT('part definition',#2,'design');
#10352 = ADVANCED_BREP_SHAPE_REPRESENTATION('',(#11,#10353),#10406);
#10353 = MANIFOLD_SOLID_BREP('',#10354);
#10354 = CLOSED_SHELL('',(#10355,#10388,#10397));
#10355 = ADVANCED_FACE('',(#10356),#10383,.T.);
#10356 = FACE_BOUND('',#10357,.T.);
#10357 = EDGE_LOOP('',(#10358,#10367,#10375,#10382));
#10358 = ORIENTED_EDGE('',*,*,#10359,.F.);
#10359 = EDGE_CURVE('',#10360,#10360,#10362,.T.);
#10360 = VERTEX_POINT('',#10361);
#10361 = CARTESIAN_POINT('',(-17.525,-5.08,0.1));
#10362 = CIRCLE('',#10363,0.255);
#10363 = AXIS2_PLACEMENT_3D('',#10364,#10365,#10366);
#10364 = CARTESIAN_POINT('',(-17.78,-5.08,0.1));
#10365 = DIRECTION('',(0.,0.,1.));
#10366 = DIRECTION('',(1.,0.,-0.));
#10367 = ORIENTED_EDGE('',*,*,#10368,.F.);
#10368 = EDGE_CURVE('',#10369,#10360,#10371,.T.);
#10369 = VERTEX_POINT('',#10370);
#10370 = CARTESIAN_POINT('',(-17.525,-5.08,-5.));
#10371 = LINE('',#10372,#10373);
#10372 = CARTESIAN_POINT('',(-17.525,-5.08,-5.));
#10373 = VECTOR('',#10374,1.);
#10374 = DIRECTION('',(0.,0.,1.));
#10375 = ORIENTED_EDGE('',*,*,#10376,.T.);
#10376 = EDGE_CURVE('',#10369,#10369,#10377,.T.);
#10377 = CIRCLE('',#10378,0.255);
#10378 = AXIS2_PLACEMENT_3D('',#10379,#10380,#10381);
#10379 = CARTESIAN_POINT('',(-17.78,-5.08,-5.));
#10380 = DIRECTION('',(0.,0.,1.));
#10381 = DIRECTION('',(1.,0.,-0.));
#10382 = ORIENTED_EDGE('',*,*,#10368,.T.);
#10383 = CYLINDRICAL_SURFACE('',#10384,0.255);
#10384 = AXIS2_PLACEMENT_3D('',#10385,#10386,#10387);
#10385 = CARTESIAN_POINT('',(-17.78,-5.08,-5.));
#10386 = DIRECTION('',(0.,0.,1.));
#10387 = DIRECTION('',(1.,0.,-0.));
#10388 = ADVANCED_FACE('',(#10389),#10392,.T.);
#10389 = FACE_BOUND('',#10390,.T.);
#10390 = EDGE_LOOP('',(#10391));
#10391 = ORIENTED_EDGE('',*,*,#10359,.T.);
#10392 = PLANE('',#10393);
#10393 = AXIS2_PLACEMENT_3D('',#10394,#10395,#10396);
#10394 = CARTESIAN_POINT('',(-17.78,-5.08,0.1));
#10395 = DIRECTION('',(0.,0.,1.));
#10396 = DIRECTION('',(1.,0.,-0.));
#10397 = ADVANCED_FACE('',(#10398),#10401,.F.);
#10398 = FACE_BOUND('',#10399,.T.);
#10399 = EDGE_LOOP('',(#10400));
#10400 = ORIENTED_EDGE('',*,*,#10376,.F.);
#10401 = PLANE('',#10402);
#10402 = AXIS2_PLACEMENT_3D('',#10403,#10404,#10405);
#10403 = CARTESIAN_POINT('',(-17.78,-5.08,-5.));
#10404 = DIRECTION('',(0.,0.,1.));
#10405 = DIRECTION('',(1.,0.,-0.));
#10406 = ( GEOMETRIC_REPRESENTATION_CONTEXT(3) 
GLOBAL_UNCERTAINTY_ASSIGNED_CONTEXT((#10410)) 
GLOBAL_UNIT_ASSIGNED_CONTEXT((#10407,#10408,#10409)) 
REPRESENTATION_CONTEXT('Context #1',
  '3D Context with UNIT and UNCERTAINTY') );
#10407 = ( LENGTH_UNIT() NAMED_UNIT(*) SI_UNIT(.MILLI.,.METRE.) );
#10408 = ( NAMED_UNIT(*) PLANE_ANGLE_UNIT() SI_UNIT($,.RADIAN.) );
#10409 = ( NAMED_UNIT(*) SI_UNIT($,.STERADIAN.) SOLID_ANGLE_UNIT() );
#10410 = UNCERTAINTY_MEASURE_WITH_UNIT(LENGTH_MEASURE(1.E-07),#10407,
  'distance_accuracy_value','confusion accuracy');
#10411 = CONTEXT_DEPENDENT_SHAPE_REPRESENTATION(#10412,#10414);
#10412 = ( REPRESENTATION_RELATIONSHIP('','',#10352,#7169) 
REPRESENTATION_RELATIONSHIP_WITH_TRANSFORMATION(#10413) 
SHAPE_REPRESENTATION_RELATIONSHIP() );
#10413 = ITEM_DEFINED_TRANSFORMATION('','',#11,#7334);
#10414 = PRODUCT_DEFINITION_SHAPE('Placement','Placement of an item',
  #10415);
#10415 = NEXT_ASSEMBLY_USAGE_OCCURRENCE('75','Leads069','',#7164,#10347,
  $);
#10416 = PRODUCT_RELATED_PRODUCT_CATEGORY('part',$,(#10349));
#10417 = SHAPE_DEFINITION_REPRESENTATION(#10418,#10424);
#10418 = PRODUCT_DEFINITION_SHAPE('','',#10419);
#10419 = PRODUCT_DEFINITION('design','',#10420,#10423);
#10420 = PRODUCT_DEFINITION_FORMATION('','',#10421);
#10421 = PRODUCT('Leads070','Leads070','',(#10422));
#10422 = PRODUCT_CONTEXT('',#2,'mechanical');
#10423 = PRODUCT_DEFINITION_CONTEXT('part definition',#2,'design');
#10424 = ADVANCED_BREP_SHAPE_REPRESENTATION('',(#11,#10425),#10478);
#10425 = MANIFOLD_SOLID_BREP('',#10426);
#10426 = CLOSED_SHELL('',(#10427,#10460,#10469));
#10427 = ADVANCED_FACE('',(#10428),#10455,.T.);
#10428 = FACE_BOUND('',#10429,.T.);
#10429 = EDGE_LOOP('',(#10430,#10439,#10447,#10454));
#10430 = ORIENTED_EDGE('',*,*,#10431,.F.);
#10431 = EDGE_CURVE('',#10432,#10432,#10434,.T.);
#10432 = VERTEX_POINT('',#10433);
#10433 = CARTESIAN_POINT('',(-20.065,-5.08,0.1));
#10434 = CIRCLE('',#10435,0.255);
#10435 = AXIS2_PLACEMENT_3D('',#10436,#10437,#10438);
#10436 = CARTESIAN_POINT('',(-20.32,-5.08,0.1));
#10437 = DIRECTION('',(0.,0.,1.));
#10438 = DIRECTION('',(1.,0.,-0.));
#10439 = ORIENTED_EDGE('',*,*,#10440,.F.);
#10440 = EDGE_CURVE('',#10441,#10432,#10443,.T.);
#10441 = VERTEX_POINT('',#10442);
#10442 = CARTESIAN_POINT('',(-20.065,-5.08,-5.));
#10443 = LINE('',#10444,#10445);
#10444 = CARTESIAN_POINT('',(-20.065,-5.08,-5.));
#10445 = VECTOR('',#10446,1.);
#10446 = DIRECTION('',(0.,0.,1.));
#10447 = ORIENTED_EDGE('',*,*,#10448,.T.);
#10448 = EDGE_CURVE('',#10441,#10441,#10449,.T.);
#10449 = CIRCLE('',#10450,0.255);
#10450 = AXIS2_PLACEMENT_3D('',#10451,#10452,#10453);
#10451 = CARTESIAN_POINT('',(-20.32,-5.08,-5.));
#10452 = DIRECTION('',(0.,0.,1.));
#10453 = DIRECTION('',(1.,0.,-0.));
#10454 = ORIENTED_EDGE('',*,*,#10440,.T.);
#10455 = CYLINDRICAL_SURFACE('',#10456,0.255);
#10456 = AXIS2_PLACEMENT_3D('',#10457,#10458,#10459);
#10457 = CARTESIAN_POINT('',(-20.32,-5.08,-5.));
#10458 = DIRECTION('',(0.,0.,1.));
#10459 = DIRECTION('',(1.,0.,-0.));
#10460 = ADVANCED_FACE('',(#10461),#10464,.T.);
#10461 = FACE_BOUND('',#10462,.T.);
#10462 = EDGE_LOOP('',(#10463));
#10463 = ORIENTED_EDGE('',*,*,#10431,.T.);
#10464 = PLANE('',#10465);
#10465 = AXIS2_PLACEMENT_3D('',#10466,#10467,#10468);
#10466 = CARTESIAN_POINT('',(-20.32,-5.08,0.1));
#10467 = DIRECTION('',(0.,0.,1.));
#10468 = DIRECTION('',(1.,0.,-0.));
#10469 = ADVANCED_FACE('',(#10470),#10473,.F.);
#10470 = FACE_BOUND('',#10471,.T.);
#10471 = EDGE_LOOP('',(#10472));
#10472 = ORIENTED_EDGE('',*,*,#10448,.F.);
#10473 = PLANE('',#10474);
#10474 = AXIS2_PLACEMENT_3D('',#10475,#10476,#10477);
#10475 = CARTESIAN_POINT('',(-20.32,-5.08,-5.));
#10476 = DIRECTION('',(0.,0.,1.));
#10477 = DIRECTION('',(1.,0.,-0.));
#10478 = ( GEOMETRIC_REPRESENTATION_CONTEXT(3) 
GLOBAL_UNCERTAINTY_ASSIGNED_CONTEXT((#10482)) 
GLOBAL_UNIT_ASSIGNED_CONTEXT((#10479,#10480,#10481)) 
REPRESENTATION_CONTEXT('Context #1',
  '3D Context with UNIT and UNCERTAINTY') );
#10479 = ( LENGTH_UNIT() NAMED_UNIT(*) SI_UNIT(.MILLI.,.METRE.) );
#10480 = ( NAMED_UNIT(*) PLANE_ANGLE_UNIT() SI_UNIT($,.RADIAN.) );
#10481 = ( NAMED_UNIT(*) SI_UNIT($,.STERADIAN.) SOLID_ANGLE_UNIT() );
#10482 = UNCERTAINTY_MEASURE_WITH_UNIT(LENGTH_MEASURE(1.E-07),#10479,
  'distance_accuracy_value','confusion accuracy');
#10483 = CONTEXT_DEPENDENT_SHAPE_REPRESENTATION(#10484,#10486);
#10484 = ( REPRESENTATION_RELATIONSHIP('','',#10424,#7169) 
REPRESENTATION_RELATIONSHIP_WITH_TRANSFORMATION(#10485) 
SHAPE_REPRESENTATION_RELATIONSHIP() );
#10485 = ITEM_DEFINED_TRANSFORMATION('','',#11,#7338);
#10486 = PRODUCT_DEFINITION_SHAPE('Placement','Placement of an item',
  #10487);
#10487 = NEXT_ASSEMBLY_USAGE_OCCURRENCE('76','Leads070','',#7164,#10419,
  $);
#10488 = PRODUCT_RELATED_PRODUCT_CATEGORY('part',$,(#10421));
#10489 = SHAPE_DEFINITION_REPRESENTATION(#10490,#10496);
#10490 = PRODUCT_DEFINITION_SHAPE('','',#10491);
#10491 = PRODUCT_DEFINITION('design','',#10492,#10495);
#10492 = PRODUCT_DEFINITION_FORMATION('','',#10493);
#10493 = PRODUCT('Leads071','Leads071','',(#10494));
#10494 = PRODUCT_CONTEXT('',#2,'mechanical');
#10495 = PRODUCT_DEFINITION_CONTEXT('part definition',#2,'design');
#10496 = ADVANCED_BREP_SHAPE_REPRESENTATION('',(#11,#10497),#10550);
#10497 = MANIFOLD_SOLID_BREP('',#10498);
#10498 = CLOSED_SHELL('',(#10499,#10532,#10541));
#10499 = ADVANCED_FACE('',(#10500),#10527,.T.);
#10500 = FACE_BOUND('',#10501,.T.);
#10501 = EDGE_LOOP('',(#10502,#10511,#10519,#10526));
#10502 = ORIENTED_EDGE('',*,*,#10503,.F.);
#10503 = EDGE_CURVE('',#10504,#10504,#10506,.T.);
#10504 = VERTEX_POINT('',#10505);
#10505 = CARTESIAN_POINT('',(-22.605,-5.08,0.1));
#10506 = CIRCLE('',#10507,0.255);
#10507 = AXIS2_PLACEMENT_3D('',#10508,#10509,#10510);
#10508 = CARTESIAN_POINT('',(-22.86,-5.08,0.1));
#10509 = DIRECTION('',(0.,0.,1.));
#10510 = DIRECTION('',(1.,0.,-0.));
#10511 = ORIENTED_EDGE('',*,*,#10512,.F.);
#10512 = EDGE_CURVE('',#10513,#10504,#10515,.T.);
#10513 = VERTEX_POINT('',#10514);
#10514 = CARTESIAN_POINT('',(-22.605,-5.08,-5.));
#10515 = LINE('',#10516,#10517);
#10516 = CARTESIAN_POINT('',(-22.605,-5.08,-5.));
#10517 = VECTOR('',#10518,1.);
#10518 = DIRECTION('',(0.,0.,1.));
#10519 = ORIENTED_EDGE('',*,*,#10520,.T.);
#10520 = EDGE_CURVE('',#10513,#10513,#10521,.T.);
#10521 = CIRCLE('',#10522,0.255);
#10522 = AXIS2_PLACEMENT_3D('',#10523,#10524,#10525);
#10523 = CARTESIAN_POINT('',(-22.86,-5.08,-5.));
#10524 = DIRECTION('',(0.,0.,1.));
#10525 = DIRECTION('',(1.,0.,-0.));
#10526 = ORIENTED_EDGE('',*,*,#10512,.T.);
#10527 = CYLINDRICAL_SURFACE('',#10528,0.255);
#10528 = AXIS2_PLACEMENT_3D('',#10529,#10530,#10531);
#10529 = CARTESIAN_POINT('',(-22.86,-5.08,-5.));
#10530 = DIRECTION('',(0.,0.,1.));
#10531 = DIRECTION('',(1.,0.,-0.));
#10532 = ADVANCED_FACE('',(#10533),#10536,.T.);
#10533 = FACE_BOUND('',#10534,.T.);
#10534 = EDGE_LOOP('',(#10535));
#10535 = ORIENTED_EDGE('',*,*,#10503,.T.);
#10536 = PLANE('',#10537);
#10537 = AXIS2_PLACEMENT_3D('',#10538,#10539,#10540);
#10538 = CARTESIAN_POINT('',(-22.86,-5.08,0.1));
#10539 = DIRECTION('',(0.,0.,1.));
#10540 = DIRECTION('',(1.,0.,-0.));
#10541 = ADVANCED_FACE('',(#10542),#10545,.F.);
#10542 = FACE_BOUND('',#10543,.T.);
#10543 = EDGE_LOOP('',(#10544));
#10544 = ORIENTED_EDGE('',*,*,#10520,.F.);
#10545 = PLANE('',#10546);
#10546 = AXIS2_PLACEMENT_3D('',#10547,#10548,#10549);
#10547 = CARTESIAN_POINT('',(-22.86,-5.08,-5.));
#10548 = DIRECTION('',(0.,0.,1.));
#10549 = DIRECTION('',(1.,0.,-0.));
#10550 = ( GEOMETRIC_REPRESENTATION_CONTEXT(3) 
GLOBAL_UNCERTAINTY_ASSIGNED_CONTEXT((#10554)) 
GLOBAL_UNIT_ASSIGNED_CONTEXT((#10551,#10552,#10553)) 
REPRESENTATION_CONTEXT('Context #1',
  '3D Context with UNIT and UNCERTAINTY') );
#10551 = ( LENGTH_UNIT() NAMED_UNIT(*) SI_UNIT(.MILLI.,.METRE.) );
#10552 = ( NAMED_UNIT(*) PLANE_ANGLE_UNIT() SI_UNIT($,.RADIAN.) );
#10553 = ( NAMED_UNIT(*) SI_UNIT($,.STERADIAN.) SOLID_ANGLE_UNIT() );
#10554 = UNCERTAINTY_MEASURE_WITH_UNIT(LENGTH_MEASURE(1.E-07),#10551,
  'distance_accuracy_value','confusion accuracy');
#10555 = CONTEXT_DEPENDENT_SHAPE_REPRESENTATION(#10556,#10558);
#10556 = ( REPRESENTATION_RELATIONSHIP('','',#10496,#7169) 
REPRESENTATION_RELATIONSHIP_WITH_TRANSFORMATION(#10557) 
SHAPE_REPRESENTATION_RELATIONSHIP() );
#10557 = ITEM_DEFINED_TRANSFORMATION('','',#11,#7342);
#10558 = PRODUCT_DEFINITION_SHAPE('Placement','Placement of an item',
  #10559);
#10559 = NEXT_ASSEMBLY_USAGE_OCCURRENCE('77','Leads071','',#7164,#10491,
  $);
#10560 = PRODUCT_RELATED_PRODUCT_CATEGORY('part',$,(#10493));
#10561 = SHAPE_DEFINITION_REPRESENTATION(#10562,#10568);
#10562 = PRODUCT_DEFINITION_SHAPE('','',#10563);
#10563 = PRODUCT_DEFINITION('design','',#10564,#10567);
#10564 = PRODUCT_DEFINITION_FORMATION('','',#10565);
#10565 = PRODUCT('Leads072','Leads072','',(#10566));
#10566 = PRODUCT_CONTEXT('',#2,'mechanical');
#10567 = PRODUCT_DEFINITION_CONTEXT('part definition',#2,'design');
#10568 = ADVANCED_BREP_SHAPE_REPRESENTATION('',(#11,#10569),#10622);
#10569 = MANIFOLD_SOLID_BREP('',#10570);
#10570 = CLOSED_SHELL('',(#10571,#10604,#10613));
#10571 = ADVANCED_FACE('',(#10572),#10599,.T.);
#10572 = FACE_BOUND('',#10573,.T.);
#10573 = EDGE_LOOP('',(#10574,#10583,#10591,#10598));
#10574 = ORIENTED_EDGE('',*,*,#10575,.F.);
#10575 = EDGE_CURVE('',#10576,#10576,#10578,.T.);
#10576 = VERTEX_POINT('',#10577);
#10577 = CARTESIAN_POINT('',(-25.145,-5.08,0.1));
#10578 = CIRCLE('',#10579,0.255);
#10579 = AXIS2_PLACEMENT_3D('',#10580,#10581,#10582);
#10580 = CARTESIAN_POINT('',(-25.4,-5.08,0.1));
#10581 = DIRECTION('',(0.,0.,1.));
#10582 = DIRECTION('',(1.,0.,-0.));
#10583 = ORIENTED_EDGE('',*,*,#10584,.F.);
#10584 = EDGE_CURVE('',#10585,#10576,#10587,.T.);
#10585 = VERTEX_POINT('',#10586);
#10586 = CARTESIAN_POINT('',(-25.145,-5.08,-5.));
#10587 = LINE('',#10588,#10589);
#10588 = CARTESIAN_POINT('',(-25.145,-5.08,-5.));
#10589 = VECTOR('',#10590,1.);
#10590 = DIRECTION('',(0.,0.,1.));
#10591 = ORIENTED_EDGE('',*,*,#10592,.T.);
#10592 = EDGE_CURVE('',#10585,#10585,#10593,.T.);
#10593 = CIRCLE('',#10594,0.255);
#10594 = AXIS2_PLACEMENT_3D('',#10595,#10596,#10597);
#10595 = CARTESIAN_POINT('',(-25.4,-5.08,-5.));
#10596 = DIRECTION('',(0.,0.,1.));
#10597 = DIRECTION('',(1.,0.,-0.));
#10598 = ORIENTED_EDGE('',*,*,#10584,.T.);
#10599 = CYLINDRICAL_SURFACE('',#10600,0.255);
#10600 = AXIS2_PLACEMENT_3D('',#10601,#10602,#10603);
#10601 = CARTESIAN_POINT('',(-25.4,-5.08,-5.));
#10602 = DIRECTION('',(0.,0.,1.));
#10603 = DIRECTION('',(1.,0.,-0.));
#10604 = ADVANCED_FACE('',(#10605),#10608,.T.);
#10605 = FACE_BOUND('',#10606,.T.);
#10606 = EDGE_LOOP('',(#10607));
#10607 = ORIENTED_EDGE('',*,*,#10575,.T.);
#10608 = PLANE('',#10609);
#10609 = AXIS2_PLACEMENT_3D('',#10610,#10611,#10612);
#10610 = CARTESIAN_POINT('',(-25.4,-5.08,0.1));
#10611 = DIRECTION('',(0.,0.,1.));
#10612 = DIRECTION('',(1.,0.,-0.));
#10613 = ADVANCED_FACE('',(#10614),#10617,.F.);
#10614 = FACE_BOUND('',#10615,.T.);
#10615 = EDGE_LOOP('',(#10616));
#10616 = ORIENTED_EDGE('',*,*,#10592,.F.);
#10617 = PLANE('',#10618);
#10618 = AXIS2_PLACEMENT_3D('',#10619,#10620,#10621);
#10619 = CARTESIAN_POINT('',(-25.4,-5.08,-5.));
#10620 = DIRECTION('',(0.,0.,1.));
#10621 = DIRECTION('',(1.,0.,-0.));
#10622 = ( GEOMETRIC_REPRESENTATION_CONTEXT(3) 
GLOBAL_UNCERTAINTY_ASSIGNED_CONTEXT((#10626)) 
GLOBAL_UNIT_ASSIGNED_CONTEXT((#10623,#10624,#10625)) 
REPRESENTATION_CONTEXT('Context #1',
  '3D Context with UNIT and UNCERTAINTY') );
#10623 = ( LENGTH_UNIT() NAMED_UNIT(*) SI_UNIT(.MILLI.,.METRE.) );
#10624 = ( NAMED_UNIT(*) PLANE_ANGLE_UNIT() SI_UNIT($,.RADIAN.) );
#10625 = ( NAMED_UNIT(*) SI_UNIT($,.STERADIAN.) SOLID_ANGLE_UNIT() );
#10626 = UNCERTAINTY_MEASURE_WITH_UNIT(LENGTH_MEASURE(1.E-07),#10623,
  'distance_accuracy_value','confusion accuracy');
#10627 = CONTEXT_DEPENDENT_SHAPE_REPRESENTATION(#10628,#10630);
#10628 = ( REPRESENTATION_RELATIONSHIP('','',#10568,#7169) 
REPRESENTATION_RELATIONSHIP_WITH_TRANSFORMATION(#10629) 
SHAPE_REPRESENTATION_RELATIONSHIP() );
#10629 = ITEM_DEFINED_TRANSFORMATION('','',#11,#7346);
#10630 = PRODUCT_DEFINITION_SHAPE('Placement','Placement of an item',
  #10631);
#10631 = NEXT_ASSEMBLY_USAGE_OCCURRENCE('78','Leads072','',#7164,#10563,
  $);
#10632 = PRODUCT_RELATED_PRODUCT_CATEGORY('part',$,(#10565));
#10633 = SHAPE_DEFINITION_REPRESENTATION(#10634,#10640);
#10634 = PRODUCT_DEFINITION_SHAPE('','',#10635);
#10635 = PRODUCT_DEFINITION('design','',#10636,#10639);
#10636 = PRODUCT_DEFINITION_FORMATION('','',#10637);
#10637 = PRODUCT('Leads073','Leads073','',(#10638));
#10638 = PRODUCT_CONTEXT('',#2,'mechanical');
#10639 = PRODUCT_DEFINITION_CONTEXT('part definition',#2,'design');
#10640 = ADVANCED_BREP_SHAPE_REPRESENTATION('',(#11,#10641),#10694);
#10641 = MANIFOLD_SOLID_BREP('',#10642);
#10642 = CLOSED_SHELL('',(#10643,#10676,#10685));
#10643 = ADVANCED_FACE('',(#10644),#10671,.T.);
#10644 = FACE_BOUND('',#10645,.T.);
#10645 = EDGE_LOOP('',(#10646,#10655,#10663,#10670));
#10646 = ORIENTED_EDGE('',*,*,#10647,.F.);
#10647 = EDGE_CURVE('',#10648,#10648,#10650,.T.);
#10648 = VERTEX_POINT('',#10649);
#10649 = CARTESIAN_POINT('',(-27.685,-5.08,0.1));
#10650 = CIRCLE('',#10651,0.255);
#10651 = AXIS2_PLACEMENT_3D('',#10652,#10653,#10654);
#10652 = CARTESIAN_POINT('',(-27.94,-5.08,0.1));
#10653 = DIRECTION('',(0.,0.,1.));
#10654 = DIRECTION('',(1.,0.,-0.));
#10655 = ORIENTED_EDGE('',*,*,#10656,.F.);
#10656 = EDGE_CURVE('',#10657,#10648,#10659,.T.);
#10657 = VERTEX_POINT('',#10658);
#10658 = CARTESIAN_POINT('',(-27.685,-5.08,-5.));
#10659 = LINE('',#10660,#10661);
#10660 = CARTESIAN_POINT('',(-27.685,-5.08,-5.));
#10661 = VECTOR('',#10662,1.);
#10662 = DIRECTION('',(0.,0.,1.));
#10663 = ORIENTED_EDGE('',*,*,#10664,.T.);
#10664 = EDGE_CURVE('',#10657,#10657,#10665,.T.);
#10665 = CIRCLE('',#10666,0.255);
#10666 = AXIS2_PLACEMENT_3D('',#10667,#10668,#10669);
#10667 = CARTESIAN_POINT('',(-27.94,-5.08,-5.));
#10668 = DIRECTION('',(0.,0.,1.));
#10669 = DIRECTION('',(1.,0.,-0.));
#10670 = ORIENTED_EDGE('',*,*,#10656,.T.);
#10671 = CYLINDRICAL_SURFACE('',#10672,0.255);
#10672 = AXIS2_PLACEMENT_3D('',#10673,#10674,#10675);
#10673 = CARTESIAN_POINT('',(-27.94,-5.08,-5.));
#10674 = DIRECTION('',(0.,0.,1.));
#10675 = DIRECTION('',(1.,0.,-0.));
#10676 = ADVANCED_FACE('',(#10677),#10680,.T.);
#10677 = FACE_BOUND('',#10678,.T.);
#10678 = EDGE_LOOP('',(#10679));
#10679 = ORIENTED_EDGE('',*,*,#10647,.T.);
#10680 = PLANE('',#10681);
#10681 = AXIS2_PLACEMENT_3D('',#10682,#10683,#10684);
#10682 = CARTESIAN_POINT('',(-27.94,-5.08,0.1));
#10683 = DIRECTION('',(0.,0.,1.));
#10684 = DIRECTION('',(1.,0.,-0.));
#10685 = ADVANCED_FACE('',(#10686),#10689,.F.);
#10686 = FACE_BOUND('',#10687,.T.);
#10687 = EDGE_LOOP('',(#10688));
#10688 = ORIENTED_EDGE('',*,*,#10664,.F.);
#10689 = PLANE('',#10690);
#10690 = AXIS2_PLACEMENT_3D('',#10691,#10692,#10693);
#10691 = CARTESIAN_POINT('',(-27.94,-5.08,-5.));
#10692 = DIRECTION('',(0.,0.,1.));
#10693 = DIRECTION('',(1.,0.,-0.));
#10694 = ( GEOMETRIC_REPRESENTATION_CONTEXT(3) 
GLOBAL_UNCERTAINTY_ASSIGNED_CONTEXT((#10698)) 
GLOBAL_UNIT_ASSIGNED_CONTEXT((#10695,#10696,#10697)) 
REPRESENTATION_CONTEXT('Context #1',
  '3D Context with UNIT and UNCERTAINTY') );
#10695 = ( LENGTH_UNIT() NAMED_UNIT(*) SI_UNIT(.MILLI.,.METRE.) );
#10696 = ( NAMED_UNIT(*) PLANE_ANGLE_UNIT() SI_UNIT($,.RADIAN.) );
#10697 = ( NAMED_UNIT(*) SI_UNIT($,.STERADIAN.) SOLID_ANGLE_UNIT() );
#10698 = UNCERTAINTY_MEASURE_WITH_UNIT(LENGTH_MEASURE(1.E-07),#10695,
  'distance_accuracy_value','confusion accuracy');
#10699 = CONTEXT_DEPENDENT_SHAPE_REPRESENTATION(#10700,#10702);
#10700 = ( REPRESENTATION_RELATIONSHIP('','',#10640,#7169) 
REPRESENTATION_RELATIONSHIP_WITH_TRANSFORMATION(#10701) 
SHAPE_REPRESENTATION_RELATIONSHIP() );
#10701 = ITEM_DEFINED_TRANSFORMATION('','',#11,#7350);
#10702 = PRODUCT_DEFINITION_SHAPE('Placement','Placement of an item',
  #10703);
#10703 = NEXT_ASSEMBLY_USAGE_OCCURRENCE('79','Leads073','',#7164,#10635,
  $);
#10704 = PRODUCT_RELATED_PRODUCT_CATEGORY('part',$,(#10637));
#10705 = SHAPE_DEFINITION_REPRESENTATION(#10706,#10712);
#10706 = PRODUCT_DEFINITION_SHAPE('','',#10707);
#10707 = PRODUCT_DEFINITION('design','',#10708,#10711);
#10708 = PRODUCT_DEFINITION_FORMATION('','',#10709);
#10709 = PRODUCT('Leads074','Leads074','',(#10710));
#10710 = PRODUCT_CONTEXT('',#2,'mechanical');
#10711 = PRODUCT_DEFINITION_CONTEXT('part definition',#2,'design');
#10712 = ADVANCED_BREP_SHAPE_REPRESENTATION('',(#11,#10713),#10766);
#10713 = MANIFOLD_SOLID_BREP('',#10714);
#10714 = CLOSED_SHELL('',(#10715,#10748,#10757));
#10715 = ADVANCED_FACE('',(#10716),#10743,.T.);
#10716 = FACE_BOUND('',#10717,.T.);
#10717 = EDGE_LOOP('',(#10718,#10727,#10735,#10742));
#10718 = ORIENTED_EDGE('',*,*,#10719,.F.);
#10719 = EDGE_CURVE('',#10720,#10720,#10722,.T.);
#10720 = VERTEX_POINT('',#10721);
#10721 = CARTESIAN_POINT('',(-30.225,-5.08,0.1));
#10722 = CIRCLE('',#10723,0.255);
#10723 = AXIS2_PLACEMENT_3D('',#10724,#10725,#10726);
#10724 = CARTESIAN_POINT('',(-30.48,-5.08,0.1));
#10725 = DIRECTION('',(0.,0.,1.));
#10726 = DIRECTION('',(1.,0.,-0.));
#10727 = ORIENTED_EDGE('',*,*,#10728,.F.);
#10728 = EDGE_CURVE('',#10729,#10720,#10731,.T.);
#10729 = VERTEX_POINT('',#10730);
#10730 = CARTESIAN_POINT('',(-30.225,-5.08,-5.));
#10731 = LINE('',#10732,#10733);
#10732 = CARTESIAN_POINT('',(-30.225,-5.08,-5.));
#10733 = VECTOR('',#10734,1.);
#10734 = DIRECTION('',(0.,0.,1.));
#10735 = ORIENTED_EDGE('',*,*,#10736,.T.);
#10736 = EDGE_CURVE('',#10729,#10729,#10737,.T.);
#10737 = CIRCLE('',#10738,0.255);
#10738 = AXIS2_PLACEMENT_3D('',#10739,#10740,#10741);
#10739 = CARTESIAN_POINT('',(-30.48,-5.08,-5.));
#10740 = DIRECTION('',(0.,0.,1.));
#10741 = DIRECTION('',(1.,0.,-0.));
#10742 = ORIENTED_EDGE('',*,*,#10728,.T.);
#10743 = CYLINDRICAL_SURFACE('',#10744,0.255);
#10744 = AXIS2_PLACEMENT_3D('',#10745,#10746,#10747);
#10745 = CARTESIAN_POINT('',(-30.48,-5.08,-5.));
#10746 = DIRECTION('',(0.,0.,1.));
#10747 = DIRECTION('',(1.,0.,-0.));
#10748 = ADVANCED_FACE('',(#10749),#10752,.T.);
#10749 = FACE_BOUND('',#10750,.T.);
#10750 = EDGE_LOOP('',(#10751));
#10751 = ORIENTED_EDGE('',*,*,#10719,.T.);
#10752 = PLANE('',#10753);
#10753 = AXIS2_PLACEMENT_3D('',#10754,#10755,#10756);
#10754 = CARTESIAN_POINT('',(-30.48,-5.08,0.1));
#10755 = DIRECTION('',(0.,0.,1.));
#10756 = DIRECTION('',(1.,0.,-0.));
#10757 = ADVANCED_FACE('',(#10758),#10761,.F.);
#10758 = FACE_BOUND('',#10759,.T.);
#10759 = EDGE_LOOP('',(#10760));
#10760 = ORIENTED_EDGE('',*,*,#10736,.F.);
#10761 = PLANE('',#10762);
#10762 = AXIS2_PLACEMENT_3D('',#10763,#10764,#10765);
#10763 = CARTESIAN_POINT('',(-30.48,-5.08,-5.));
#10764 = DIRECTION('',(0.,0.,1.));
#10765 = DIRECTION('',(1.,0.,-0.));
#10766 = ( GEOMETRIC_REPRESENTATION_CONTEXT(3) 
GLOBAL_UNCERTAINTY_ASSIGNED_CONTEXT((#10770)) 
GLOBAL_UNIT_ASSIGNED_CONTEXT((#10767,#10768,#10769)) 
REPRESENTATION_CONTEXT('Context #1',
  '3D Context with UNIT and UNCERTAINTY') );
#10767 = ( LENGTH_UNIT() NAMED_UNIT(*) SI_UNIT(.MILLI.,.METRE.) );
#10768 = ( NAMED_UNIT(*) PLANE_ANGLE_UNIT() SI_UNIT($,.RADIAN.) );
#10769 = ( NAMED_UNIT(*) SI_UNIT($,.STERADIAN.) SOLID_ANGLE_UNIT() );
#10770 = UNCERTAINTY_MEASURE_WITH_UNIT(LENGTH_MEASURE(1.E-07),#10767,
  'distance_accuracy_value','confusion accuracy');
#10771 = CONTEXT_DEPENDENT_SHAPE_REPRESENTATION(#10772,#10774);
#10772 = ( REPRESENTATION_RELATIONSHIP('','',#10712,#7169) 
REPRESENTATION_RELATIONSHIP_WITH_TRANSFORMATION(#10773) 
SHAPE_REPRESENTATION_RELATIONSHIP() );
#10773 = ITEM_DEFINED_TRANSFORMATION('','',#11,#7354);
#10774 = PRODUCT_DEFINITION_SHAPE('Placement','Placement of an item',
  #10775);
#10775 = NEXT_ASSEMBLY_USAGE_OCCURRENCE('80','Leads074','',#7164,#10707,
  $);
#10776 = PRODUCT_RELATED_PRODUCT_CATEGORY('part',$,(#10709));
#10777 = SHAPE_DEFINITION_REPRESENTATION(#10778,#10784);
#10778 = PRODUCT_DEFINITION_SHAPE('','',#10779);
#10779 = PRODUCT_DEFINITION('design','',#10780,#10783);
#10780 = PRODUCT_DEFINITION_FORMATION('','',#10781);
#10781 = PRODUCT('Leads075','Leads075','',(#10782));
#10782 = PRODUCT_CONTEXT('',#2,'mechanical');
#10783 = PRODUCT_DEFINITION_CONTEXT('part definition',#2,'design');
#10784 = ADVANCED_BREP_SHAPE_REPRESENTATION('',(#11,#10785),#10838);
#10785 = MANIFOLD_SOLID_BREP('',#10786);
#10786 = CLOSED_SHELL('',(#10787,#10820,#10829));
#10787 = ADVANCED_FACE('',(#10788),#10815,.T.);
#10788 = FACE_BOUND('',#10789,.T.);
#10789 = EDGE_LOOP('',(#10790,#10799,#10807,#10814));
#10790 = ORIENTED_EDGE('',*,*,#10791,.F.);
#10791 = EDGE_CURVE('',#10792,#10792,#10794,.T.);
#10792 = VERTEX_POINT('',#10793);
#10793 = CARTESIAN_POINT('',(-32.765,-5.08,0.1));
#10794 = CIRCLE('',#10795,0.255);
#10795 = AXIS2_PLACEMENT_3D('',#10796,#10797,#10798);
#10796 = CARTESIAN_POINT('',(-33.02,-5.08,0.1));
#10797 = DIRECTION('',(0.,0.,1.));
#10798 = DIRECTION('',(1.,0.,-0.));
#10799 = ORIENTED_EDGE('',*,*,#10800,.F.);
#10800 = EDGE_CURVE('',#10801,#10792,#10803,.T.);
#10801 = VERTEX_POINT('',#10802);
#10802 = CARTESIAN_POINT('',(-32.765,-5.08,-5.));
#10803 = LINE('',#10804,#10805);
#10804 = CARTESIAN_POINT('',(-32.765,-5.08,-5.));
#10805 = VECTOR('',#10806,1.);
#10806 = DIRECTION('',(0.,0.,1.));
#10807 = ORIENTED_EDGE('',*,*,#10808,.T.);
#10808 = EDGE_CURVE('',#10801,#10801,#10809,.T.);
#10809 = CIRCLE('',#10810,0.255);
#10810 = AXIS2_PLACEMENT_3D('',#10811,#10812,#10813);
#10811 = CARTESIAN_POINT('',(-33.02,-5.08,-5.));
#10812 = DIRECTION('',(0.,0.,1.));
#10813 = DIRECTION('',(1.,0.,-0.));
#10814 = ORIENTED_EDGE('',*,*,#10800,.T.);
#10815 = CYLINDRICAL_SURFACE('',#10816,0.255);
#10816 = AXIS2_PLACEMENT_3D('',#10817,#10818,#10819);
#10817 = CARTESIAN_POINT('',(-33.02,-5.08,-5.));
#10818 = DIRECTION('',(0.,0.,1.));
#10819 = DIRECTION('',(1.,0.,-0.));
#10820 = ADVANCED_FACE('',(#10821),#10824,.T.);
#10821 = FACE_BOUND('',#10822,.T.);
#10822 = EDGE_LOOP('',(#10823));
#10823 = ORIENTED_EDGE('',*,*,#10791,.T.);
#10824 = PLANE('',#10825);
#10825 = AXIS2_PLACEMENT_3D('',#10826,#10827,#10828);
#10826 = CARTESIAN_POINT('',(-33.02,-5.08,0.1));
#10827 = DIRECTION('',(0.,0.,1.));
#10828 = DIRECTION('',(1.,0.,-0.));
#10829 = ADVANCED_FACE('',(#10830),#10833,.F.);
#10830 = FACE_BOUND('',#10831,.T.);
#10831 = EDGE_LOOP('',(#10832));
#10832 = ORIENTED_EDGE('',*,*,#10808,.F.);
#10833 = PLANE('',#10834);
#10834 = AXIS2_PLACEMENT_3D('',#10835,#10836,#10837);
#10835 = CARTESIAN_POINT('',(-33.02,-5.08,-5.));
#10836 = DIRECTION('',(0.,0.,1.));
#10837 = DIRECTION('',(1.,0.,-0.));
#10838 = ( GEOMETRIC_REPRESENTATION_CONTEXT(3) 
GLOBAL_UNCERTAINTY_ASSIGNED_CONTEXT((#10842)) 
GLOBAL_UNIT_ASSIGNED_CONTEXT((#10839,#10840,#10841)) 
REPRESENTATION_CONTEXT('Context #1',
  '3D Context with UNIT and UNCERTAINTY') );
#10839 = ( LENGTH_UNIT() NAMED_UNIT(*) SI_UNIT(.MILLI.,.METRE.) );
#10840 = ( NAMED_UNIT(*) PLANE_ANGLE_UNIT() SI_UNIT($,.RADIAN.) );
#10841 = ( NAMED_UNIT(*) SI_UNIT($,.STERADIAN.) SOLID_ANGLE_UNIT() );
#10842 = UNCERTAINTY_MEASURE_WITH_UNIT(LENGTH_MEASURE(1.E-07),#10839,
  'distance_accuracy_value','confusion accuracy');
#10843 = CONTEXT_DEPENDENT_SHAPE_REPRESENTATION(#10844,#10846);
#10844 = ( REPRESENTATION_RELATIONSHIP('','',#10784,#7169) 
REPRESENTATION_RELATIONSHIP_WITH_TRANSFORMATION(#10845) 
SHAPE_REPRESENTATION_RELATIONSHIP() );
#10845 = ITEM_DEFINED_TRANSFORMATION('','',#11,#7358);
#10846 = PRODUCT_DEFINITION_SHAPE('Placement','Placement of an item',
  #10847);
#10847 = NEXT_ASSEMBLY_USAGE_OCCURRENCE('81','Leads075','',#7164,#10779,
  $);
#10848 = PRODUCT_RELATED_PRODUCT_CATEGORY('part',$,(#10781));
#10849 = SHAPE_DEFINITION_REPRESENTATION(#10850,#10856);
#10850 = PRODUCT_DEFINITION_SHAPE('','',#10851);
#10851 = PRODUCT_DEFINITION('design','',#10852,#10855);
#10852 = PRODUCT_DEFINITION_FORMATION('','',#10853);
#10853 = PRODUCT('Leads076','Leads076','',(#10854));
#10854 = PRODUCT_CONTEXT('',#2,'mechanical');
#10855 = PRODUCT_DEFINITION_CONTEXT('part definition',#2,'design');
#10856 = ADVANCED_BREP_SHAPE_REPRESENTATION('',(#11,#10857),#10910);
#10857 = MANIFOLD_SOLID_BREP('',#10858);
#10858 = CLOSED_SHELL('',(#10859,#10892,#10901));
#10859 = ADVANCED_FACE('',(#10860),#10887,.T.);
#10860 = FACE_BOUND('',#10861,.T.);
#10861 = EDGE_LOOP('',(#10862,#10871,#10879,#10886));
#10862 = ORIENTED_EDGE('',*,*,#10863,.F.);
#10863 = EDGE_CURVE('',#10864,#10864,#10866,.T.);
#10864 = VERTEX_POINT('',#10865);
#10865 = CARTESIAN_POINT('',(-35.305,-5.08,0.1));
#10866 = CIRCLE('',#10867,0.255);
#10867 = AXIS2_PLACEMENT_3D('',#10868,#10869,#10870);
#10868 = CARTESIAN_POINT('',(-35.56,-5.08,0.1));
#10869 = DIRECTION('',(0.,0.,1.));
#10870 = DIRECTION('',(1.,0.,-0.));
#10871 = ORIENTED_EDGE('',*,*,#10872,.F.);
#10872 = EDGE_CURVE('',#10873,#10864,#10875,.T.);
#10873 = VERTEX_POINT('',#10874);
#10874 = CARTESIAN_POINT('',(-35.305,-5.08,-5.));
#10875 = LINE('',#10876,#10877);
#10876 = CARTESIAN_POINT('',(-35.305,-5.08,-5.));
#10877 = VECTOR('',#10878,1.);
#10878 = DIRECTION('',(0.,0.,1.));
#10879 = ORIENTED_EDGE('',*,*,#10880,.T.);
#10880 = EDGE_CURVE('',#10873,#10873,#10881,.T.);
#10881 = CIRCLE('',#10882,0.255);
#10882 = AXIS2_PLACEMENT_3D('',#10883,#10884,#10885);
#10883 = CARTESIAN_POINT('',(-35.56,-5.08,-5.));
#10884 = DIRECTION('',(0.,0.,1.));
#10885 = DIRECTION('',(1.,0.,-0.));
#10886 = ORIENTED_EDGE('',*,*,#10872,.T.);
#10887 = CYLINDRICAL_SURFACE('',#10888,0.255);
#10888 = AXIS2_PLACEMENT_3D('',#10889,#10890,#10891);
#10889 = CARTESIAN_POINT('',(-35.56,-5.08,-5.));
#10890 = DIRECTION('',(0.,0.,1.));
#10891 = DIRECTION('',(1.,0.,-0.));
#10892 = ADVANCED_FACE('',(#10893),#10896,.T.);
#10893 = FACE_BOUND('',#10894,.T.);
#10894 = EDGE_LOOP('',(#10895));
#10895 = ORIENTED_EDGE('',*,*,#10863,.T.);
#10896 = PLANE('',#10897);
#10897 = AXIS2_PLACEMENT_3D('',#10898,#10899,#10900);
#10898 = CARTESIAN_POINT('',(-35.56,-5.08,0.1));
#10899 = DIRECTION('',(0.,0.,1.));
#10900 = DIRECTION('',(1.,0.,-0.));
#10901 = ADVANCED_FACE('',(#10902),#10905,.F.);
#10902 = FACE_BOUND('',#10903,.T.);
#10903 = EDGE_LOOP('',(#10904));
#10904 = ORIENTED_EDGE('',*,*,#10880,.F.);
#10905 = PLANE('',#10906);
#10906 = AXIS2_PLACEMENT_3D('',#10907,#10908,#10909);
#10907 = CARTESIAN_POINT('',(-35.56,-5.08,-5.));
#10908 = DIRECTION('',(0.,0.,1.));
#10909 = DIRECTION('',(1.,0.,-0.));
#10910 = ( GEOMETRIC_REPRESENTATION_CONTEXT(3) 
GLOBAL_UNCERTAINTY_ASSIGNED_CONTEXT((#10914)) 
GLOBAL_UNIT_ASSIGNED_CONTEXT((#10911,#10912,#10913)) 
REPRESENTATION_CONTEXT('Context #1',
  '3D Context with UNIT and UNCERTAINTY') );
#10911 = ( LENGTH_UNIT() NAMED_UNIT(*) SI_UNIT(.MILLI.,.METRE.) );
#10912 = ( NAMED_UNIT(*) PLANE_ANGLE_UNIT() SI_UNIT($,.RADIAN.) );
#10913 = ( NAMED_UNIT(*) SI_UNIT($,.STERADIAN.) SOLID_ANGLE_UNIT() );
#10914 = UNCERTAINTY_MEASURE_WITH_UNIT(LENGTH_MEASURE(1.E-07),#10911,
  'distance_accuracy_value','confusion accuracy');
#10915 = CONTEXT_DEPENDENT_SHAPE_REPRESENTATION(#10916,#10918);
#10916 = ( REPRESENTATION_RELATIONSHIP('','',#10856,#7169) 
REPRESENTATION_RELATIONSHIP_WITH_TRANSFORMATION(#10917) 
SHAPE_REPRESENTATION_RELATIONSHIP() );
#10917 = ITEM_DEFINED_TRANSFORMATION('','',#11,#7362);
#10918 = PRODUCT_DEFINITION_SHAPE('Placement','Placement of an item',
  #10919);
#10919 = NEXT_ASSEMBLY_USAGE_OCCURRENCE('82','Leads076','',#7164,#10851,
  $);
#10920 = PRODUCT_RELATED_PRODUCT_CATEGORY('part',$,(#10853));
#10921 = SHAPE_DEFINITION_REPRESENTATION(#10922,#10928);
#10922 = PRODUCT_DEFINITION_SHAPE('','',#10923);
#10923 = PRODUCT_DEFINITION('design','',#10924,#10927);
#10924 = PRODUCT_DEFINITION_FORMATION('','',#10925);
#10925 = PRODUCT('Leads077','Leads077','',(#10926));
#10926 = PRODUCT_CONTEXT('',#2,'mechanical');
#10927 = PRODUCT_DEFINITION_CONTEXT('part definition',#2,'design');
#10928 = ADVANCED_BREP_SHAPE_REPRESENTATION('',(#11,#10929),#10982);
#10929 = MANIFOLD_SOLID_BREP('',#10930);
#10930 = CLOSED_SHELL('',(#10931,#10964,#10973));
#10931 = ADVANCED_FACE('',(#10932),#10959,.T.);
#10932 = FACE_BOUND('',#10933,.T.);
#10933 = EDGE_LOOP('',(#10934,#10943,#10951,#10958));
#10934 = ORIENTED_EDGE('',*,*,#10935,.F.);
#10935 = EDGE_CURVE('',#10936,#10936,#10938,.T.);
#10936 = VERTEX_POINT('',#10937);
#10937 = CARTESIAN_POINT('',(-37.845,-5.08,0.1));
#10938 = CIRCLE('',#10939,0.255);
#10939 = AXIS2_PLACEMENT_3D('',#10940,#10941,#10942);
#10940 = CARTESIAN_POINT('',(-38.1,-5.08,0.1));
#10941 = DIRECTION('',(0.,0.,1.));
#10942 = DIRECTION('',(1.,0.,-0.));
#10943 = ORIENTED_EDGE('',*,*,#10944,.F.);
#10944 = EDGE_CURVE('',#10945,#10936,#10947,.T.);
#10945 = VERTEX_POINT('',#10946);
#10946 = CARTESIAN_POINT('',(-37.845,-5.08,-5.));
#10947 = LINE('',#10948,#10949);
#10948 = CARTESIAN_POINT('',(-37.845,-5.08,-5.));
#10949 = VECTOR('',#10950,1.);
#10950 = DIRECTION('',(0.,0.,1.));
#10951 = ORIENTED_EDGE('',*,*,#10952,.T.);
#10952 = EDGE_CURVE('',#10945,#10945,#10953,.T.);
#10953 = CIRCLE('',#10954,0.255);
#10954 = AXIS2_PLACEMENT_3D('',#10955,#10956,#10957);
#10955 = CARTESIAN_POINT('',(-38.1,-5.08,-5.));
#10956 = DIRECTION('',(0.,0.,1.));
#10957 = DIRECTION('',(1.,0.,-0.));
#10958 = ORIENTED_EDGE('',*,*,#10944,.T.);
#10959 = CYLINDRICAL_SURFACE('',#10960,0.255);
#10960 = AXIS2_PLACEMENT_3D('',#10961,#10962,#10963);
#10961 = CARTESIAN_POINT('',(-38.1,-5.08,-5.));
#10962 = DIRECTION('',(0.,0.,1.));
#10963 = DIRECTION('',(1.,0.,-0.));
#10964 = ADVANCED_FACE('',(#10965),#10968,.T.);
#10965 = FACE_BOUND('',#10966,.T.);
#10966 = EDGE_LOOP('',(#10967));
#10967 = ORIENTED_EDGE('',*,*,#10935,.T.);
#10968 = PLANE('',#10969);
#10969 = AXIS2_PLACEMENT_3D('',#10970,#10971,#10972);
#10970 = CARTESIAN_POINT('',(-38.1,-5.08,0.1));
#10971 = DIRECTION('',(0.,0.,1.));
#10972 = DIRECTION('',(1.,0.,-0.));
#10973 = ADVANCED_FACE('',(#10974),#10977,.F.);
#10974 = FACE_BOUND('',#10975,.T.);
#10975 = EDGE_LOOP('',(#10976));
#10976 = ORIENTED_EDGE('',*,*,#10952,.F.);
#10977 = PLANE('',#10978);
#10978 = AXIS2_PLACEMENT_3D('',#10979,#10980,#10981);
#10979 = CARTESIAN_POINT('',(-38.1,-5.08,-5.));
#10980 = DIRECTION('',(0.,0.,1.));
#10981 = DIRECTION('',(1.,0.,-0.));
#10982 = ( GEOMETRIC_REPRESENTATION_CONTEXT(3) 
GLOBAL_UNCERTAINTY_ASSIGNED_CONTEXT((#10986)) 
GLOBAL_UNIT_ASSIGNED_CONTEXT((#10983,#10984,#10985)) 
REPRESENTATION_CONTEXT('Context #1',
  '3D Context with UNIT and UNCERTAINTY') );
#10983 = ( LENGTH_UNIT() NAMED_UNIT(*) SI_UNIT(.MILLI.,.METRE.) );
#10984 = ( NAMED_UNIT(*) PLANE_ANGLE_UNIT() SI_UNIT($,.RADIAN.) );
#10985 = ( NAMED_UNIT(*) SI_UNIT($,.STERADIAN.) SOLID_ANGLE_UNIT() );
#10986 = UNCERTAINTY_MEASURE_WITH_UNIT(LENGTH_MEASURE(1.E-07),#10983,
  'distance_accuracy_value','confusion accuracy');
#10987 = CONTEXT_DEPENDENT_SHAPE_REPRESENTATION(#10988,#10990);
#10988 = ( REPRESENTATION_RELATIONSHIP('','',#10928,#7169) 
REPRESENTATION_RELATIONSHIP_WITH_TRANSFORMATION(#10989) 
SHAPE_REPRESENTATION_RELATIONSHIP() );
#10989 = ITEM_DEFINED_TRANSFORMATION('','',#11,#7366);
#10990 = PRODUCT_DEFINITION_SHAPE('Placement','Placement of an item',
  #10991);
#10991 = NEXT_ASSEMBLY_USAGE_OCCURRENCE('83','Leads077','',#7164,#10923,
  $);
#10992 = PRODUCT_RELATED_PRODUCT_CATEGORY('part',$,(#10925));
#10993 = SHAPE_DEFINITION_REPRESENTATION(#10994,#11000);
#10994 = PRODUCT_DEFINITION_SHAPE('','',#10995);
#10995 = PRODUCT_DEFINITION('design','',#10996,#10999);
#10996 = PRODUCT_DEFINITION_FORMATION('','',#10997);
#10997 = PRODUCT('Leads078','Leads078','',(#10998));
#10998 = PRODUCT_CONTEXT('',#2,'mechanical');
#10999 = PRODUCT_DEFINITION_CONTEXT('part definition',#2,'design');
#11000 = ADVANCED_BREP_SHAPE_REPRESENTATION('',(#11,#11001),#11054);
#11001 = MANIFOLD_SOLID_BREP('',#11002);
#11002 = CLOSED_SHELL('',(#11003,#11036,#11045));
#11003 = ADVANCED_FACE('',(#11004),#11031,.T.);
#11004 = FACE_BOUND('',#11005,.T.);
#11005 = EDGE_LOOP('',(#11006,#11015,#11023,#11030));
#11006 = ORIENTED_EDGE('',*,*,#11007,.F.);
#11007 = EDGE_CURVE('',#11008,#11008,#11010,.T.);
#11008 = VERTEX_POINT('',#11009);
#11009 = CARTESIAN_POINT('',(-40.385,-5.08,0.1));
#11010 = CIRCLE('',#11011,0.255);
#11011 = AXIS2_PLACEMENT_3D('',#11012,#11013,#11014);
#11012 = CARTESIAN_POINT('',(-40.64,-5.08,0.1));
#11013 = DIRECTION('',(0.,0.,1.));
#11014 = DIRECTION('',(1.,0.,-0.));
#11015 = ORIENTED_EDGE('',*,*,#11016,.F.);
#11016 = EDGE_CURVE('',#11017,#11008,#11019,.T.);
#11017 = VERTEX_POINT('',#11018);
#11018 = CARTESIAN_POINT('',(-40.385,-5.08,-5.));
#11019 = LINE('',#11020,#11021);
#11020 = CARTESIAN_POINT('',(-40.385,-5.08,-5.));
#11021 = VECTOR('',#11022,1.);
#11022 = DIRECTION('',(0.,0.,1.));
#11023 = ORIENTED_EDGE('',*,*,#11024,.T.);
#11024 = EDGE_CURVE('',#11017,#11017,#11025,.T.);
#11025 = CIRCLE('',#11026,0.255);
#11026 = AXIS2_PLACEMENT_3D('',#11027,#11028,#11029);
#11027 = CARTESIAN_POINT('',(-40.64,-5.08,-5.));
#11028 = DIRECTION('',(0.,0.,1.));
#11029 = DIRECTION('',(1.,0.,-0.));
#11030 = ORIENTED_EDGE('',*,*,#11016,.T.);
#11031 = CYLINDRICAL_SURFACE('',#11032,0.255);
#11032 = AXIS2_PLACEMENT_3D('',#11033,#11034,#11035);
#11033 = CARTESIAN_POINT('',(-40.64,-5.08,-5.));
#11034 = DIRECTION('',(0.,0.,1.));
#11035 = DIRECTION('',(1.,0.,-0.));
#11036 = ADVANCED_FACE('',(#11037),#11040,.T.);
#11037 = FACE_BOUND('',#11038,.T.);
#11038 = EDGE_LOOP('',(#11039));
#11039 = ORIENTED_EDGE('',*,*,#11007,.T.);
#11040 = PLANE('',#11041);
#11041 = AXIS2_PLACEMENT_3D('',#11042,#11043,#11044);
#11042 = CARTESIAN_POINT('',(-40.64,-5.08,0.1));
#11043 = DIRECTION('',(0.,0.,1.));
#11044 = DIRECTION('',(1.,0.,-0.));
#11045 = ADVANCED_FACE('',(#11046),#11049,.F.);
#11046 = FACE_BOUND('',#11047,.T.);
#11047 = EDGE_LOOP('',(#11048));
#11048 = ORIENTED_EDGE('',*,*,#11024,.F.);
#11049 = PLANE('',#11050);
#11050 = AXIS2_PLACEMENT_3D('',#11051,#11052,#11053);
#11051 = CARTESIAN_POINT('',(-40.64,-5.08,-5.));
#11052 = DIRECTION('',(0.,0.,1.));
#11053 = DIRECTION('',(1.,0.,-0.));
#11054 = ( GEOMETRIC_REPRESENTATION_CONTEXT(3) 
GLOBAL_UNCERTAINTY_ASSIGNED_CONTEXT((#11058)) 
GLOBAL_UNIT_ASSIGNED_CONTEXT((#11055,#11056,#11057)) 
REPRESENTATION_CONTEXT('Context #1',
  '3D Context with UNIT and UNCERTAINTY') );
#11055 = ( LENGTH_UNIT() NAMED_UNIT(*) SI_UNIT(.MILLI.,.METRE.) );
#11056 = ( NAMED_UNIT(*) PLANE_ANGLE_UNIT() SI_UNIT($,.RADIAN.) );
#11057 = ( NAMED_UNIT(*) SI_UNIT($,.STERADIAN.) SOLID_ANGLE_UNIT() );
#11058 = UNCERTAINTY_MEASURE_WITH_UNIT(LENGTH_MEASURE(1.E-07),#11055,
  'distance_accuracy_value','confusion accuracy');
#11059 = CONTEXT_DEPENDENT_SHAPE_REPRESENTATION(#11060,#11062);
#11060 = ( REPRESENTATION_RELATIONSHIP('','',#11000,#7169) 
REPRESENTATION_RELATIONSHIP_WITH_TRANSFORMATION(#11061) 
SHAPE_REPRESENTATION_RELATIONSHIP() );
#11061 = ITEM_DEFINED_TRANSFORMATION('','',#11,#7370);
#11062 = PRODUCT_DEFINITION_SHAPE('Placement','Placement of an item',
  #11063);
#11063 = NEXT_ASSEMBLY_USAGE_OCCURRENCE('84','Leads078','',#7164,#10995,
  $);
#11064 = PRODUCT_RELATED_PRODUCT_CATEGORY('part',$,(#10997));
#11065 = SHAPE_DEFINITION_REPRESENTATION(#11066,#11072);
#11066 = PRODUCT_DEFINITION_SHAPE('','',#11067);
#11067 = PRODUCT_DEFINITION('design','',#11068,#11071);
#11068 = PRODUCT_DEFINITION_FORMATION('','',#11069);
#11069 = PRODUCT('Leads079','Leads079','',(#11070));
#11070 = PRODUCT_CONTEXT('',#2,'mechanical');
#11071 = PRODUCT_DEFINITION_CONTEXT('part definition',#2,'design');
#11072 = ADVANCED_BREP_SHAPE_REPRESENTATION('',(#11,#11073),#11126);
#11073 = MANIFOLD_SOLID_BREP('',#11074);
#11074 = CLOSED_SHELL('',(#11075,#11108,#11117));
#11075 = ADVANCED_FACE('',(#11076),#11103,.T.);
#11076 = FACE_BOUND('',#11077,.T.);
#11077 = EDGE_LOOP('',(#11078,#11087,#11095,#11102));
#11078 = ORIENTED_EDGE('',*,*,#11079,.F.);
#11079 = EDGE_CURVE('',#11080,#11080,#11082,.T.);
#11080 = VERTEX_POINT('',#11081);
#11081 = CARTESIAN_POINT('',(5.03,-2.54,0.1));
#11082 = CIRCLE('',#11083,1.22);
#11083 = AXIS2_PLACEMENT_3D('',#11084,#11085,#11086);
#11084 = CARTESIAN_POINT('',(3.81,-2.54,0.1));
#11085 = DIRECTION('',(0.,0.,1.));
#11086 = DIRECTION('',(1.,0.,-0.));
#11087 = ORIENTED_EDGE('',*,*,#11088,.F.);
#11088 = EDGE_CURVE('',#11089,#11080,#11091,.T.);
#11089 = VERTEX_POINT('',#11090);
#11090 = CARTESIAN_POINT('',(5.03,-2.54,-5.));
#11091 = LINE('',#11092,#11093);
#11092 = CARTESIAN_POINT('',(5.03,-2.54,-5.));
#11093 = VECTOR('',#11094,1.);
#11094 = DIRECTION('',(0.,0.,1.));
#11095 = ORIENTED_EDGE('',*,*,#11096,.T.);
#11096 = EDGE_CURVE('',#11089,#11089,#11097,.T.);
#11097 = CIRCLE('',#11098,1.22);
#11098 = AXIS2_PLACEMENT_3D('',#11099,#11100,#11101);
#11099 = CARTESIAN_POINT('',(3.81,-2.54,-5.));
#11100 = DIRECTION('',(0.,0.,1.));
#11101 = DIRECTION('',(1.,0.,-0.));
#11102 = ORIENTED_EDGE('',*,*,#11088,.T.);
#11103 = CYLINDRICAL_SURFACE('',#11104,1.22);
#11104 = AXIS2_PLACEMENT_3D('',#11105,#11106,#11107);
#11105 = CARTESIAN_POINT('',(3.81,-2.54,-5.));
#11106 = DIRECTION('',(0.,0.,1.));
#11107 = DIRECTION('',(1.,0.,-0.));
#11108 = ADVANCED_FACE('',(#11109),#11112,.T.);
#11109 = FACE_BOUND('',#11110,.T.);
#11110 = EDGE_LOOP('',(#11111));
#11111 = ORIENTED_EDGE('',*,*,#11079,.T.);
#11112 = PLANE('',#11113);
#11113 = AXIS2_PLACEMENT_3D('',#11114,#11115,#11116);
#11114 = CARTESIAN_POINT('',(3.81,-2.54,0.1));
#11115 = DIRECTION('',(0.,0.,1.));
#11116 = DIRECTION('',(1.,0.,-0.));
#11117 = ADVANCED_FACE('',(#11118),#11121,.F.);
#11118 = FACE_BOUND('',#11119,.T.);
#11119 = EDGE_LOOP('',(#11120));
#11120 = ORIENTED_EDGE('',*,*,#11096,.F.);
#11121 = PLANE('',#11122);
#11122 = AXIS2_PLACEMENT_3D('',#11123,#11124,#11125);
#11123 = CARTESIAN_POINT('',(3.81,-2.54,-5.));
#11124 = DIRECTION('',(0.,0.,1.));
#11125 = DIRECTION('',(1.,0.,-0.));
#11126 = ( GEOMETRIC_REPRESENTATION_CONTEXT(3) 
GLOBAL_UNCERTAINTY_ASSIGNED_CONTEXT((#11130)) 
GLOBAL_UNIT_ASSIGNED_CONTEXT((#11127,#11128,#11129)) 
REPRESENTATION_CONTEXT('Context #1',
  '3D Context with UNIT and UNCERTAINTY') );
#11127 = ( LENGTH_UNIT() NAMED_UNIT(*) SI_UNIT(.MILLI.,.METRE.) );
#11128 = ( NAMED_UNIT(*) PLANE_ANGLE_UNIT() SI_UNIT($,.RADIAN.) );
#11129 = ( NAMED_UNIT(*) SI_UNIT($,.STERADIAN.) SOLID_ANGLE_UNIT() );
#11130 = UNCERTAINTY_MEASURE_WITH_UNIT(LENGTH_MEASURE(1.E-07),#11127,
  'distance_accuracy_value','confusion accuracy');
#11131 = CONTEXT_DEPENDENT_SHAPE_REPRESENTATION(#11132,#11134);
#11132 = ( REPRESENTATION_RELATIONSHIP('','',#11072,#7169) 
REPRESENTATION_RELATIONSHIP_WITH_TRANSFORMATION(#11133) 
SHAPE_REPRESENTATION_RELATIONSHIP() );
#11133 = ITEM_DEFINED_TRANSFORMATION('','',#11,#7374);
#11134 = PRODUCT_DEFINITION_SHAPE('Placement','Placement of an item',
  #11135);
#11135 = NEXT_ASSEMBLY_USAGE_OCCURRENCE('85','Leads079','',#7164,#11067,
  $);
#11136 = PRODUCT_RELATED_PRODUCT_CATEGORY('part',$,(#11069));
#11137 = SHAPE_DEFINITION_REPRESENTATION(#11138,#11144);
#11138 = PRODUCT_DEFINITION_SHAPE('','',#11139);
#11139 = PRODUCT_DEFINITION('design','',#11140,#11143);
#11140 = PRODUCT_DEFINITION_FORMATION('','',#11141);
#11141 = PRODUCT('Leads080','Leads080','',(#11142));
#11142 = PRODUCT_CONTEXT('',#2,'mechanical');
#11143 = PRODUCT_DEFINITION_CONTEXT('part definition',#2,'design');
#11144 = ADVANCED_BREP_SHAPE_REPRESENTATION('',(#11,#11145),#11198);
#11145 = MANIFOLD_SOLID_BREP('',#11146);
#11146 = CLOSED_SHELL('',(#11147,#11180,#11189));
#11147 = ADVANCED_FACE('',(#11148),#11175,.T.);
#11148 = FACE_BOUND('',#11149,.T.);
#11149 = EDGE_LOOP('',(#11150,#11159,#11167,#11174));
#11150 = ORIENTED_EDGE('',*,*,#11151,.F.);
#11151 = EDGE_CURVE('',#11152,#11152,#11154,.T.);
#11152 = VERTEX_POINT('',#11153);
#11153 = CARTESIAN_POINT('',(-45.77,-2.54,0.1));
#11154 = CIRCLE('',#11155,1.22);
#11155 = AXIS2_PLACEMENT_3D('',#11156,#11157,#11158);
#11156 = CARTESIAN_POINT('',(-46.99,-2.54,0.1));
#11157 = DIRECTION('',(0.,0.,1.));
#11158 = DIRECTION('',(1.,0.,-0.));
#11159 = ORIENTED_EDGE('',*,*,#11160,.F.);
#11160 = EDGE_CURVE('',#11161,#11152,#11163,.T.);
#11161 = VERTEX_POINT('',#11162);
#11162 = CARTESIAN_POINT('',(-45.77,-2.54,-5.));
#11163 = LINE('',#11164,#11165);
#11164 = CARTESIAN_POINT('',(-45.77,-2.54,-5.));
#11165 = VECTOR('',#11166,1.);
#11166 = DIRECTION('',(0.,0.,1.));
#11167 = ORIENTED_EDGE('',*,*,#11168,.T.);
#11168 = EDGE_CURVE('',#11161,#11161,#11169,.T.);
#11169 = CIRCLE('',#11170,1.22);
#11170 = AXIS2_PLACEMENT_3D('',#11171,#11172,#11173);
#11171 = CARTESIAN_POINT('',(-46.99,-2.54,-5.));
#11172 = DIRECTION('',(0.,0.,1.));
#11173 = DIRECTION('',(1.,0.,-0.));
#11174 = ORIENTED_EDGE('',*,*,#11160,.T.);
#11175 = CYLINDRICAL_SURFACE('',#11176,1.22);
#11176 = AXIS2_PLACEMENT_3D('',#11177,#11178,#11179);
#11177 = CARTESIAN_POINT('',(-46.99,-2.54,-5.));
#11178 = DIRECTION('',(0.,0.,1.));
#11179 = DIRECTION('',(1.,0.,-0.));
#11180 = ADVANCED_FACE('',(#11181),#11184,.T.);
#11181 = FACE_BOUND('',#11182,.T.);
#11182 = EDGE_LOOP('',(#11183));
#11183 = ORIENTED_EDGE('',*,*,#11151,.T.);
#11184 = PLANE('',#11185);
#11185 = AXIS2_PLACEMENT_3D('',#11186,#11187,#11188);
#11186 = CARTESIAN_POINT('',(-46.99,-2.54,0.1));
#11187 = DIRECTION('',(0.,0.,1.));
#11188 = DIRECTION('',(1.,0.,-0.));
#11189 = ADVANCED_FACE('',(#11190),#11193,.F.);
#11190 = FACE_BOUND('',#11191,.T.);
#11191 = EDGE_LOOP('',(#11192));
#11192 = ORIENTED_EDGE('',*,*,#11168,.F.);
#11193 = PLANE('',#11194);
#11194 = AXIS2_PLACEMENT_3D('',#11195,#11196,#11197);
#11195 = CARTESIAN_POINT('',(-46.99,-2.54,-5.));
#11196 = DIRECTION('',(0.,0.,1.));
#11197 = DIRECTION('',(1.,0.,-0.));
#11198 = ( GEOMETRIC_REPRESENTATION_CONTEXT(3) 
GLOBAL_UNCERTAINTY_ASSIGNED_CONTEXT((#11202)) 
GLOBAL_UNIT_ASSIGNED_CONTEXT((#11199,#11200,#11201)) 
REPRESENTATION_CONTEXT('Context #1',
  '3D Context with UNIT and UNCERTAINTY') );
#11199 = ( LENGTH_UNIT() NAMED_UNIT(*) SI_UNIT(.MILLI.,.METRE.) );
#11200 = ( NAMED_UNIT(*) PLANE_ANGLE_UNIT() SI_UNIT($,.RADIAN.) );
#11201 = ( NAMED_UNIT(*) SI_UNIT($,.STERADIAN.) SOLID_ANGLE_UNIT() );
#11202 = UNCERTAINTY_MEASURE_WITH_UNIT(LENGTH_MEASURE(1.E-07),#11199,
  'distance_accuracy_value','confusion accuracy');
#11203 = CONTEXT_DEPENDENT_SHAPE_REPRESENTATION(#11204,#11206);
#11204 = ( REPRESENTATION_RELATIONSHIP('','',#11144,#7169) 
REPRESENTATION_RELATIONSHIP_WITH_TRANSFORMATION(#11205) 
SHAPE_REPRESENTATION_RELATIONSHIP() );
#11205 = ITEM_DEFINED_TRANSFORMATION('','',#11,#7378);
#11206 = PRODUCT_DEFINITION_SHAPE('Placement','Placement of an item',
  #11207);
#11207 = NEXT_ASSEMBLY_USAGE_OCCURRENCE('86','Leads080','',#7164,#11139,
  $);
#11208 = PRODUCT_RELATED_PRODUCT_CATEGORY('part',$,(#11141));
#11209 = MECHANICAL_DESIGN_GEOMETRIC_PRESENTATION_REPRESENTATION('',(
    #11210),#5083);
#11210 = STYLED_ITEM('color',(#11211),#5030);
#11211 = PRESENTATION_STYLE_ASSIGNMENT((#11212,#11218));
#11212 = SURFACE_STYLE_USAGE(.BOTH.,#11213);
#11213 = SURFACE_SIDE_STYLE('',(#11214));
#11214 = SURFACE_STYLE_FILL_AREA(#11215);
#11215 = FILL_AREA_STYLE('',(#11216));
#11216 = FILL_AREA_STYLE_COLOUR('',#11217);
#11217 = COLOUR_RGB('',0.734000028196,0.773000013638,0.796999989372);
#11218 = CURVE_STYLE('',#11219,POSITIVE_LENGTH_MEASURE(0.1),#11220);
#11219 = DRAUGHTING_PRE_DEFINED_CURVE_FONT('continuous');
#11220 = COLOUR_RGB('',9.803921802644E-02,9.803921802644E-02,
  9.803921802644E-02);
#11221 = MECHANICAL_DESIGN_GEOMETRIC_PRESENTATION_REPRESENTATION('',(
    #11222),#9758);
#11222 = STYLED_ITEM('color',(#11223),#9705);
#11223 = PRESENTATION_STYLE_ASSIGNMENT((#11224,#11229));
#11224 = SURFACE_STYLE_USAGE(.BOTH.,#11225);
#11225 = SURFACE_SIDE_STYLE('',(#11226));
#11226 = SURFACE_STYLE_FILL_AREA(#11227);
#11227 = FILL_AREA_STYLE('',(#11228));
#11228 = FILL_AREA_STYLE_COLOUR('',#11217);
#11229 = CURVE_STYLE('',#11230,POSITIVE_LENGTH_MEASURE(0.1),#11220);
#11230 = DRAUGHTING_PRE_DEFINED_CURVE_FONT('continuous');
#11231 = MECHANICAL_DESIGN_GEOMETRIC_PRESENTATION_REPRESENTATION('',(
    #11232),#8102);
#11232 = STYLED_ITEM('color',(#11233),#8049);
#11233 = PRESENTATION_STYLE_ASSIGNMENT((#11234,#11239));
#11234 = SURFACE_STYLE_USAGE(.BOTH.,#11235);
#11235 = SURFACE_SIDE_STYLE('',(#11236));
#11236 = SURFACE_STYLE_FILL_AREA(#11237);
#11237 = FILL_AREA_STYLE('',(#11238));
#11238 = FILL_AREA_STYLE_COLOUR('',#11217);
#11239 = CURVE_STYLE('',#11240,POSITIVE_LENGTH_MEASURE(0.1),#11220);
#11240 = DRAUGHTING_PRE_DEFINED_CURVE_FONT('continuous');
#11241 = MECHANICAL_DESIGN_GEOMETRIC_PRESENTATION_REPRESENTATION('',(
    #11242),#6523);
#11242 = STYLED_ITEM('color',(#11243),#6470);
#11243 = PRESENTATION_STYLE_ASSIGNMENT((#11244,#11249));
#11244 = SURFACE_STYLE_USAGE(.BOTH.,#11245);
#11245 = SURFACE_SIDE_STYLE('',(#11246));
#11246 = SURFACE_STYLE_FILL_AREA(#11247);
#11247 = FILL_AREA_STYLE('',(#11248));
#11248 = FILL_AREA_STYLE_COLOUR('',#11217);
#11249 = CURVE_STYLE('',#11250,POSITIVE_LENGTH_MEASURE(0.1),#11220);
#11250 = DRAUGHTING_PRE_DEFINED_CURVE_FONT('continuous');
#11251 = MECHANICAL_DESIGN_GEOMETRIC_PRESENTATION_REPRESENTATION('',(
    #11252),#8822);
#11252 = STYLED_ITEM('color',(#11253),#8769);
#11253 = PRESENTATION_STYLE_ASSIGNMENT((#11254,#11259));
#11254 = SURFACE_STYLE_USAGE(.BOTH.,#11255);
#11255 = SURFACE_SIDE_STYLE('',(#11256));
#11256 = SURFACE_STYLE_FILL_AREA(#11257);
#11257 = FILL_AREA_STYLE('',(#11258));
#11258 = FILL_AREA_STYLE_COLOUR('',#11217);
#11259 = CURVE_STYLE('',#11260,POSITIVE_LENGTH_MEASURE(0.1),#11220);
#11260 = DRAUGHTING_PRE_DEFINED_CURVE_FONT('continuous');
#11261 = MECHANICAL_DESIGN_GEOMETRIC_PRESENTATION_REPRESENTATION('',(
    #11262),#10622);
#11262 = STYLED_ITEM('color',(#11263),#10569);
#11263 = PRESENTATION_STYLE_ASSIGNMENT((#11264,#11269));
#11264 = SURFACE_STYLE_USAGE(.BOTH.,#11265);
#11265 = SURFACE_SIDE_STYLE('',(#11266));
#11266 = SURFACE_STYLE_FILL_AREA(#11267);
#11267 = FILL_AREA_STYLE('',(#11268));
#11268 = FILL_AREA_STYLE_COLOUR('',#11217);
#11269 = CURVE_STYLE('',#11270,POSITIVE_LENGTH_MEASURE(0.1),#11220);
#11270 = DRAUGHTING_PRE_DEFINED_CURVE_FONT('continuous');
#11271 = MECHANICAL_DESIGN_GEOMETRIC_PRESENTATION_REPRESENTATION('',(
    #11272),#8894);
#11272 = STYLED_ITEM('color',(#11273),#8841);
#11273 = PRESENTATION_STYLE_ASSIGNMENT((#11274,#11279));
#11274 = SURFACE_STYLE_USAGE(.BOTH.,#11275);
#11275 = SURFACE_SIDE_STYLE('',(#11276));
#11276 = SURFACE_STYLE_FILL_AREA(#11277);
#11277 = FILL_AREA_STYLE('',(#11278));
#11278 = FILL_AREA_STYLE_COLOUR('',#11217);
#11279 = CURVE_STYLE('',#11280,POSITIVE_LENGTH_MEASURE(0.1),#11220);
#11280 = DRAUGHTING_PRE_DEFINED_CURVE_FONT('continuous');
#11281 = MECHANICAL_DESIGN_GEOMETRIC_PRESENTATION_REPRESENTATION('',(
    #11282),#10334);
#11282 = STYLED_ITEM('color',(#11283),#10281);
#11283 = PRESENTATION_STYLE_ASSIGNMENT((#11284,#11289));
#11284 = SURFACE_STYLE_USAGE(.BOTH.,#11285);
#11285 = SURFACE_SIDE_STYLE('',(#11286));
#11286 = SURFACE_STYLE_FILL_AREA(#11287);
#11287 = FILL_AREA_STYLE('',(#11288));
#11288 = FILL_AREA_STYLE_COLOUR('',#11217);
#11289 = CURVE_STYLE('',#11290,POSITIVE_LENGTH_MEASURE(0.1),#11220);
#11290 = DRAUGHTING_PRE_DEFINED_CURVE_FONT('continuous');
#11291 = MECHANICAL_DESIGN_GEOMETRIC_PRESENTATION_REPRESENTATION('',(
    #11292),#9542);
#11292 = STYLED_ITEM('color',(#11293),#9489);
#11293 = PRESENTATION_STYLE_ASSIGNMENT((#11294,#11299));
#11294 = SURFACE_STYLE_USAGE(.BOTH.,#11295);
#11295 = SURFACE_SIDE_STYLE('',(#11296));
#11296 = SURFACE_STYLE_FILL_AREA(#11297);
#11297 = FILL_AREA_STYLE('',(#11298));
#11298 = FILL_AREA_STYLE_COLOUR('',#11217);
#11299 = CURVE_STYLE('',#11300,POSITIVE_LENGTH_MEASURE(0.1),#11220);
#11300 = DRAUGHTING_PRE_DEFINED_CURVE_FONT('continuous');
#11301 = MECHANICAL_DESIGN_GEOMETRIC_PRESENTATION_REPRESENTATION('',(
    #11302),#6379);
#11302 = STYLED_ITEM('color',(#11303),#6326);
#11303 = PRESENTATION_STYLE_ASSIGNMENT((#11304,#11309));
#11304 = SURFACE_STYLE_USAGE(.BOTH.,#11305);
#11305 = SURFACE_SIDE_STYLE('',(#11306));
#11306 = SURFACE_STYLE_FILL_AREA(#11307);
#11307 = FILL_AREA_STYLE('',(#11308));
#11308 = FILL_AREA_STYLE_COLOUR('',#11217);
#11309 = CURVE_STYLE('',#11310,POSITIVE_LENGTH_MEASURE(0.1),#11220);
#11310 = DRAUGHTING_PRE_DEFINED_CURVE_FONT('continuous');
#11311 = MECHANICAL_DESIGN_GEOMETRIC_PRESENTATION_REPRESENTATION('',(
    #11312),#5227);
#11312 = STYLED_ITEM('color',(#11313),#5174);
#11313 = PRESENTATION_STYLE_ASSIGNMENT((#11314,#11319));
#11314 = SURFACE_STYLE_USAGE(.BOTH.,#11315);
#11315 = SURFACE_SIDE_STYLE('',(#11316));
#11316 = SURFACE_STYLE_FILL_AREA(#11317);
#11317 = FILL_AREA_STYLE('',(#11318));
#11318 = FILL_AREA_STYLE_COLOUR('',#11217);
#11319 = CURVE_STYLE('',#11320,POSITIVE_LENGTH_MEASURE(0.1),#11220);
#11320 = DRAUGHTING_PRE_DEFINED_CURVE_FONT('continuous');
#11321 = MECHANICAL_DESIGN_GEOMETRIC_PRESENTATION_REPRESENTATION('',(
    #11322),#9974);
#11322 = STYLED_ITEM('color',(#11323),#9921);
#11323 = PRESENTATION_STYLE_ASSIGNMENT((#11324,#11329));
#11324 = SURFACE_STYLE_USAGE(.BOTH.,#11325);
#11325 = SURFACE_SIDE_STYLE('',(#11326));
#11326 = SURFACE_STYLE_FILL_AREA(#11327);
#11327 = FILL_AREA_STYLE('',(#11328));
#11328 = FILL_AREA_STYLE_COLOUR('',#11217);
#11329 = CURVE_STYLE('',#11330,POSITIVE_LENGTH_MEASURE(0.1),#11220);
#11330 = DRAUGHTING_PRE_DEFINED_CURVE_FONT('continuous');
#11331 = MECHANICAL_DESIGN_GEOMETRIC_PRESENTATION_REPRESENTATION('',(
    #11332),#9686);
#11332 = STYLED_ITEM('color',(#11333),#9633);
#11333 = PRESENTATION_STYLE_ASSIGNMENT((#11334,#11339));
#11334 = SURFACE_STYLE_USAGE(.BOTH.,#11335);
#11335 = SURFACE_SIDE_STYLE('',(#11336));
#11336 = SURFACE_STYLE_FILL_AREA(#11337);
#11337 = FILL_AREA_STYLE('',(#11338));
#11338 = FILL_AREA_STYLE_COLOUR('',#11217);
#11339 = CURVE_STYLE('',#11340,POSITIVE_LENGTH_MEASURE(0.1),#11220);
#11340 = DRAUGHTING_PRE_DEFINED_CURVE_FONT('continuous');
#11341 = MECHANICAL_DESIGN_GEOMETRIC_PRESENTATION_REPRESENTATION('',(
    #11342),#5659);
#11342 = STYLED_ITEM('color',(#11343),#5606);
#11343 = PRESENTATION_STYLE_ASSIGNMENT((#11344,#11349));
#11344 = SURFACE_STYLE_USAGE(.BOTH.,#11345);
#11345 = SURFACE_SIDE_STYLE('',(#11346));
#11346 = SURFACE_STYLE_FILL_AREA(#11347);
#11347 = FILL_AREA_STYLE('',(#11348));
#11348 = FILL_AREA_STYLE_COLOUR('',#11217);
#11349 = CURVE_STYLE('',#11350,POSITIVE_LENGTH_MEASURE(0.1),#11220);
#11350 = DRAUGHTING_PRE_DEFINED_CURVE_FONT('continuous');
#11351 = MECHANICAL_DESIGN_GEOMETRIC_PRESENTATION_REPRESENTATION('',(
    #11352),#8462);
#11352 = STYLED_ITEM('color',(#11353),#8409);
#11353 = PRESENTATION_STYLE_ASSIGNMENT((#11354,#11359));
#11354 = SURFACE_STYLE_USAGE(.BOTH.,#11355);
#11355 = SURFACE_SIDE_STYLE('',(#11356));
#11356 = SURFACE_STYLE_FILL_AREA(#11357);
#11357 = FILL_AREA_STYLE('',(#11358));
#11358 = FILL_AREA_STYLE_COLOUR('',#11217);
#11359 = CURVE_STYLE('',#11360,POSITIVE_LENGTH_MEASURE(0.1),#11220);
#11360 = DRAUGHTING_PRE_DEFINED_CURVE_FONT('continuous');
#11361 = MECHANICAL_DESIGN_GEOMETRIC_PRESENTATION_REPRESENTATION('',(
    #11362),#6883);
#11362 = STYLED_ITEM('color',(#11363),#6830);
#11363 = PRESENTATION_STYLE_ASSIGNMENT((#11364,#11369));
#11364 = SURFACE_STYLE_USAGE(.BOTH.,#11365);
#11365 = SURFACE_SIDE_STYLE('',(#11366));
#11366 = SURFACE_STYLE_FILL_AREA(#11367);
#11367 = FILL_AREA_STYLE('',(#11368));
#11368 = FILL_AREA_STYLE_COLOUR('',#11217);
#11369 = CURVE_STYLE('',#11370,POSITIVE_LENGTH_MEASURE(0.1),#11220);
#11370 = DRAUGHTING_PRE_DEFINED_CURVE_FONT('continuous');
#11371 = MECHANICAL_DESIGN_GEOMETRIC_PRESENTATION_REPRESENTATION('',(
    #11372),#10694);
#11372 = STYLED_ITEM('color',(#11373),#10641);
#11373 = PRESENTATION_STYLE_ASSIGNMENT((#11374,#11379));
#11374 = SURFACE_STYLE_USAGE(.BOTH.,#11375);
#11375 = SURFACE_SIDE_STYLE('',(#11376));
#11376 = SURFACE_STYLE_FILL_AREA(#11377);
#11377 = FILL_AREA_STYLE('',(#11378));
#11378 = FILL_AREA_STYLE_COLOUR('',#11217);
#11379 = CURVE_STYLE('',#11380,POSITIVE_LENGTH_MEASURE(0.1),#11220);
#11380 = DRAUGHTING_PRE_DEFINED_CURVE_FONT('continuous');
#11381 = MECHANICAL_DESIGN_GEOMETRIC_PRESENTATION_REPRESENTATION('',(
    #11382),#11054);
#11382 = STYLED_ITEM('color',(#11383),#11001);
#11383 = PRESENTATION_STYLE_ASSIGNMENT((#11384,#11389));
#11384 = SURFACE_STYLE_USAGE(.BOTH.,#11385);
#11385 = SURFACE_SIDE_STYLE('',(#11386));
#11386 = SURFACE_STYLE_FILL_AREA(#11387);
#11387 = FILL_AREA_STYLE('',(#11388));
#11388 = FILL_AREA_STYLE_COLOUR('',#11217);
#11389 = CURVE_STYLE('',#11390,POSITIVE_LENGTH_MEASURE(0.1),#11220);
#11390 = DRAUGHTING_PRE_DEFINED_CURVE_FONT('continuous');
#11391 = MECHANICAL_DESIGN_GEOMETRIC_PRESENTATION_REPRESENTATION('',(
    #11392),#6811);
#11392 = STYLED_ITEM('color',(#11393),#6758);
#11393 = PRESENTATION_STYLE_ASSIGNMENT((#11394,#11399));
#11394 = SURFACE_STYLE_USAGE(.BOTH.,#11395);
#11395 = SURFACE_SIDE_STYLE('',(#11396));
#11396 = SURFACE_STYLE_FILL_AREA(#11397);
#11397 = FILL_AREA_STYLE('',(#11398));
#11398 = FILL_AREA_STYLE_COLOUR('',#11217);
#11399 = CURVE_STYLE('',#11400,POSITIVE_LENGTH_MEASURE(0.1),#11220);
#11400 = DRAUGHTING_PRE_DEFINED_CURVE_FONT('continuous');
#11401 = MECHANICAL_DESIGN_GEOMETRIC_PRESENTATION_REPRESENTATION('',(
    #11402),#5155);
#11402 = STYLED_ITEM('color',(#11403),#5102);
#11403 = PRESENTATION_STYLE_ASSIGNMENT((#11404,#11409));
#11404 = SURFACE_STYLE_USAGE(.BOTH.,#11405);
#11405 = SURFACE_SIDE_STYLE('',(#11406));
#11406 = SURFACE_STYLE_FILL_AREA(#11407);
#11407 = FILL_AREA_STYLE('',(#11408));
#11408 = FILL_AREA_STYLE_COLOUR('',#11217);
#11409 = CURVE_STYLE('',#11410,POSITIVE_LENGTH_MEASURE(0.1),#11220);
#11410 = DRAUGHTING_PRE_DEFINED_CURVE_FONT('continuous');
#11411 = MECHANICAL_DESIGN_GEOMETRIC_PRESENTATION_REPRESENTATION('',(
    #11412),#11198);
#11412 = STYLED_ITEM('color',(#11413),#11145);
#11413 = PRESENTATION_STYLE_ASSIGNMENT((#11414,#11419));
#11414 = SURFACE_STYLE_USAGE(.BOTH.,#11415);
#11415 = SURFACE_SIDE_STYLE('',(#11416));
#11416 = SURFACE_STYLE_FILL_AREA(#11417);
#11417 = FILL_AREA_STYLE('',(#11418));
#11418 = FILL_AREA_STYLE_COLOUR('',#11217);
#11419 = CURVE_STYLE('',#11420,POSITIVE_LENGTH_MEASURE(0.1),#11220);
#11420 = DRAUGHTING_PRE_DEFINED_CURVE_FONT('continuous');
#11421 = MECHANICAL_DESIGN_GEOMETRIC_PRESENTATION_REPRESENTATION('',(
    #11422),#8750);
#11422 = STYLED_ITEM('color',(#11423),#8697);
#11423 = PRESENTATION_STYLE_ASSIGNMENT((#11424,#11429));
#11424 = SURFACE_STYLE_USAGE(.BOTH.,#11425);
#11425 = SURFACE_SIDE_STYLE('',(#11426));
#11426 = SURFACE_STYLE_FILL_AREA(#11427);
#11427 = FILL_AREA_STYLE('',(#11428));
#11428 = FILL_AREA_STYLE_COLOUR('',#11217);
#11429 = CURVE_STYLE('',#11430,POSITIVE_LENGTH_MEASURE(0.1),#11220);
#11430 = DRAUGHTING_PRE_DEFINED_CURVE_FONT('continuous');
#11431 = MECHANICAL_DESIGN_GEOMETRIC_PRESENTATION_REPRESENTATION('',(
    #11432),#5443);
#11432 = STYLED_ITEM('color',(#11433),#5390);
#11433 = PRESENTATION_STYLE_ASSIGNMENT((#11434,#11439));
#11434 = SURFACE_STYLE_USAGE(.BOTH.,#11435);
#11435 = SURFACE_SIDE_STYLE('',(#11436));
#11436 = SURFACE_STYLE_FILL_AREA(#11437);
#11437 = FILL_AREA_STYLE('',(#11438));
#11438 = FILL_AREA_STYLE_COLOUR('',#11217);
#11439 = CURVE_STYLE('',#11440,POSITIVE_LENGTH_MEASURE(0.1),#11220);
#11440 = DRAUGHTING_PRE_DEFINED_CURVE_FONT('continuous');
#11441 = MECHANICAL_DESIGN_GEOMETRIC_PRESENTATION_REPRESENTATION('',(
    #11442),#10838);
#11442 = STYLED_ITEM('color',(#11443),#10785);
#11443 = PRESENTATION_STYLE_ASSIGNMENT((#11444,#11449));
#11444 = SURFACE_STYLE_USAGE(.BOTH.,#11445);
#11445 = SURFACE_SIDE_STYLE('',(#11446));
#11446 = SURFACE_STYLE_FILL_AREA(#11447);
#11447 = FILL_AREA_STYLE('',(#11448));
#11448 = FILL_AREA_STYLE_COLOUR('',#11217);
#11449 = CURVE_STYLE('',#11450,POSITIVE_LENGTH_MEASURE(0.1),#11220);
#11450 = DRAUGHTING_PRE_DEFINED_CURVE_FONT('continuous');
#11451 = MECHANICAL_DESIGN_GEOMETRIC_PRESENTATION_REPRESENTATION('',(
    #11452),#6307);
#11452 = STYLED_ITEM('color',(#11453),#6254);
#11453 = PRESENTATION_STYLE_ASSIGNMENT((#11454,#11459));
#11454 = SURFACE_STYLE_USAGE(.BOTH.,#11455);
#11455 = SURFACE_SIDE_STYLE('',(#11456));
#11456 = SURFACE_STYLE_FILL_AREA(#11457);
#11457 = FILL_AREA_STYLE('',(#11458));
#11458 = FILL_AREA_STYLE_COLOUR('',#11217);
#11459 = CURVE_STYLE('',#11460,POSITIVE_LENGTH_MEASURE(0.1),#11220);
#11460 = DRAUGHTING_PRE_DEFINED_CURVE_FONT('continuous');
#11461 = MECHANICAL_DESIGN_GEOMETRIC_PRESENTATION_REPRESENTATION('',(
    #11462),#6235);
#11462 = STYLED_ITEM('color',(#11463),#6182);
#11463 = PRESENTATION_STYLE_ASSIGNMENT((#11464,#11469));
#11464 = SURFACE_STYLE_USAGE(.BOTH.,#11465);
#11465 = SURFACE_SIDE_STYLE('',(#11466));
#11466 = SURFACE_STYLE_FILL_AREA(#11467);
#11467 = FILL_AREA_STYLE('',(#11468));
#11468 = FILL_AREA_STYLE_COLOUR('',#11217);
#11469 = CURVE_STYLE('',#11470,POSITIVE_LENGTH_MEASURE(0.1),#11220);
#11470 = DRAUGHTING_PRE_DEFINED_CURVE_FONT('continuous');
#11471 = MECHANICAL_DESIGN_GEOMETRIC_PRESENTATION_REPRESENTATION('',(
    #11472),#9470);
#11472 = STYLED_ITEM('color',(#11473),#9417);
#11473 = PRESENTATION_STYLE_ASSIGNMENT((#11474,#11479));
#11474 = SURFACE_STYLE_USAGE(.BOTH.,#11475);
#11475 = SURFACE_SIDE_STYLE('',(#11476));
#11476 = SURFACE_STYLE_FILL_AREA(#11477);
#11477 = FILL_AREA_STYLE('',(#11478));
#11478 = FILL_AREA_STYLE_COLOUR('',#11217);
#11479 = CURVE_STYLE('',#11480,POSITIVE_LENGTH_MEASURE(0.1),#11220);
#11480 = DRAUGHTING_PRE_DEFINED_CURVE_FONT('continuous');
#11481 = MECHANICAL_DESIGN_GEOMETRIC_PRESENTATION_REPRESENTATION('',(
    #11482),#8606);
#11482 = STYLED_ITEM('color',(#11483),#8553);
#11483 = PRESENTATION_STYLE_ASSIGNMENT((#11484,#11489));
#11484 = SURFACE_STYLE_USAGE(.BOTH.,#11485);
#11485 = SURFACE_SIDE_STYLE('',(#11486));
#11486 = SURFACE_STYLE_FILL_AREA(#11487);
#11487 = FILL_AREA_STYLE('',(#11488));
#11488 = FILL_AREA_STYLE_COLOUR('',#11217);
#11489 = CURVE_STYLE('',#11490,POSITIVE_LENGTH_MEASURE(0.1),#11220);
#11490 = DRAUGHTING_PRE_DEFINED_CURVE_FONT('continuous');
#11491 = MECHANICAL_DESIGN_GEOMETRIC_PRESENTATION_REPRESENTATION('',(
    #11492),#9614);
#11492 = STYLED_ITEM('color',(#11493),#9561);
#11493 = PRESENTATION_STYLE_ASSIGNMENT((#11494,#11499));
#11494 = SURFACE_STYLE_USAGE(.BOTH.,#11495);
#11495 = SURFACE_SIDE_STYLE('',(#11496));
#11496 = SURFACE_STYLE_FILL_AREA(#11497);
#11497 = FILL_AREA_STYLE('',(#11498));
#11498 = FILL_AREA_STYLE_COLOUR('',#11217);
#11499 = CURVE_STYLE('',#11500,POSITIVE_LENGTH_MEASURE(0.1),#11220);
#11500 = DRAUGHTING_PRE_DEFINED_CURVE_FONT('continuous');
#11501 = MECHANICAL_DESIGN_GEOMETRIC_PRESENTATION_REPRESENTATION('',(
    #11502),#8534);
#11502 = STYLED_ITEM('color',(#11503),#8481);
#11503 = PRESENTATION_STYLE_ASSIGNMENT((#11504,#11509));
#11504 = SURFACE_STYLE_USAGE(.BOTH.,#11505);
#11505 = SURFACE_SIDE_STYLE('',(#11506));
#11506 = SURFACE_STYLE_FILL_AREA(#11507);
#11507 = FILL_AREA_STYLE('',(#11508));
#11508 = FILL_AREA_STYLE_COLOUR('',#11217);
#11509 = CURVE_STYLE('',#11510,POSITIVE_LENGTH_MEASURE(0.1),#11220);
#11510 = DRAUGHTING_PRE_DEFINED_CURVE_FONT('continuous');
#11511 = MECHANICAL_DESIGN_GEOMETRIC_PRESENTATION_REPRESENTATION('',(
    #11512),#5587);
#11512 = STYLED_ITEM('color',(#11513),#5534);
#11513 = PRESENTATION_STYLE_ASSIGNMENT((#11514,#11519));
#11514 = SURFACE_STYLE_USAGE(.BOTH.,#11515);
#11515 = SURFACE_SIDE_STYLE('',(#11516));
#11516 = SURFACE_STYLE_FILL_AREA(#11517);
#11517 = FILL_AREA_STYLE('',(#11518));
#11518 = FILL_AREA_STYLE_COLOUR('',#11217);
#11519 = CURVE_STYLE('',#11520,POSITIVE_LENGTH_MEASURE(0.1),#11220);
#11520 = DRAUGHTING_PRE_DEFINED_CURVE_FONT('continuous');
#11521 = MECHANICAL_DESIGN_GEOMETRIC_PRESENTATION_REPRESENTATION('',(
    #11522),#10910);
#11522 = STYLED_ITEM('color',(#11523),#10857);
#11523 = PRESENTATION_STYLE_ASSIGNMENT((#11524,#11529));
#11524 = SURFACE_STYLE_USAGE(.BOTH.,#11525);
#11525 = SURFACE_SIDE_STYLE('',(#11526));
#11526 = SURFACE_STYLE_FILL_AREA(#11527);
#11527 = FILL_AREA_STYLE('',(#11528));
#11528 = FILL_AREA_STYLE_COLOUR('',#11217);
#11529 = CURVE_STYLE('',#11530,POSITIVE_LENGTH_MEASURE(0.1),#11220);
#11530 = DRAUGHTING_PRE_DEFINED_CURVE_FONT('continuous');
#11531 = MECHANICAL_DESIGN_GEOMETRIC_PRESENTATION_REPRESENTATION('',(
    #11532),#5803);
#11532 = STYLED_ITEM('color',(#11533),#5750);
#11533 = PRESENTATION_STYLE_ASSIGNMENT((#11534,#11539));
#11534 = SURFACE_STYLE_USAGE(.BOTH.,#11535);
#11535 = SURFACE_SIDE_STYLE('',(#11536));
#11536 = SURFACE_STYLE_FILL_AREA(#11537);
#11537 = FILL_AREA_STYLE('',(#11538));
#11538 = FILL_AREA_STYLE_COLOUR('',#11217);
#11539 = CURVE_STYLE('',#11540,POSITIVE_LENGTH_MEASURE(0.1),#11220);
#11540 = DRAUGHTING_PRE_DEFINED_CURVE_FONT('continuous');
#11541 = MECHANICAL_DESIGN_GEOMETRIC_PRESENTATION_REPRESENTATION('',(
    #11542),#7598);
#11542 = STYLED_ITEM('color',(#11543),#7545);
#11543 = PRESENTATION_STYLE_ASSIGNMENT((#11544,#11549));
#11544 = SURFACE_STYLE_USAGE(.BOTH.,#11545);
#11545 = SURFACE_SIDE_STYLE('',(#11546));
#11546 = SURFACE_STYLE_FILL_AREA(#11547);
#11547 = FILL_AREA_STYLE('',(#11548));
#11548 = FILL_AREA_STYLE_COLOUR('',#11217);
#11549 = CURVE_STYLE('',#11550,POSITIVE_LENGTH_MEASURE(0.1),#11220);
#11550 = DRAUGHTING_PRE_DEFINED_CURVE_FONT('continuous');
#11551 = MECHANICAL_DESIGN_GEOMETRIC_PRESENTATION_REPRESENTATION('',(
    #11552),#5731);
#11552 = STYLED_ITEM('color',(#11553),#5678);
#11553 = PRESENTATION_STYLE_ASSIGNMENT((#11554,#11559));
#11554 = SURFACE_STYLE_USAGE(.BOTH.,#11555);
#11555 = SURFACE_SIDE_STYLE('',(#11556));
#11556 = SURFACE_STYLE_FILL_AREA(#11557);
#11557 = FILL_AREA_STYLE('',(#11558));
#11558 = FILL_AREA_STYLE_COLOUR('',#11217);
#11559 = CURVE_STYLE('',#11560,POSITIVE_LENGTH_MEASURE(0.1),#11220);
#11560 = DRAUGHTING_PRE_DEFINED_CURVE_FONT('continuous');
#11561 = MECHANICAL_DESIGN_GEOMETRIC_PRESENTATION_REPRESENTATION('',(
    #11562),#6595);
#11562 = STYLED_ITEM('color',(#11563),#6542);
#11563 = PRESENTATION_STYLE_ASSIGNMENT((#11564,#11569));
#11564 = SURFACE_STYLE_USAGE(.BOTH.,#11565);
#11565 = SURFACE_SIDE_STYLE('',(#11566));
#11566 = SURFACE_STYLE_FILL_AREA(#11567);
#11567 = FILL_AREA_STYLE('',(#11568));
#11568 = FILL_AREA_STYLE_COLOUR('',#11217);
#11569 = CURVE_STYLE('',#11570,POSITIVE_LENGTH_MEASURE(0.1),#11220);
#11570 = DRAUGHTING_PRE_DEFINED_CURVE_FONT('continuous');
#11571 = MECHANICAL_DESIGN_GEOMETRIC_PRESENTATION_REPRESENTATION('',(
    #11572),#8678);
#11572 = STYLED_ITEM('color',(#11573),#8625);
#11573 = PRESENTATION_STYLE_ASSIGNMENT((#11574,#11579));
#11574 = SURFACE_STYLE_USAGE(.BOTH.,#11575);
#11575 = SURFACE_SIDE_STYLE('',(#11576));
#11576 = SURFACE_STYLE_FILL_AREA(#11577);
#11577 = FILL_AREA_STYLE('',(#11578));
#11578 = FILL_AREA_STYLE_COLOUR('',#11217);
#11579 = CURVE_STYLE('',#11580,POSITIVE_LENGTH_MEASURE(0.1),#11220);
#11580 = DRAUGHTING_PRE_DEFINED_CURVE_FONT('continuous');
#11581 = MECHANICAL_DESIGN_GEOMETRIC_PRESENTATION_REPRESENTATION('',(
    #11582),#5947);
#11582 = STYLED_ITEM('color',(#11583),#5894);
#11583 = PRESENTATION_STYLE_ASSIGNMENT((#11584,#11589));
#11584 = SURFACE_STYLE_USAGE(.BOTH.,#11585);
#11585 = SURFACE_SIDE_STYLE('',(#11586));
#11586 = SURFACE_STYLE_FILL_AREA(#11587);
#11587 = FILL_AREA_STYLE('',(#11588));
#11588 = FILL_AREA_STYLE_COLOUR('',#11217);
#11589 = CURVE_STYLE('',#11590,POSITIVE_LENGTH_MEASURE(0.1),#11220);
#11590 = DRAUGHTING_PRE_DEFINED_CURVE_FONT('continuous');
#11591 = MECHANICAL_DESIGN_GEOMETRIC_PRESENTATION_REPRESENTATION('',(
    #11592),#9254);
#11592 = STYLED_ITEM('color',(#11593),#9201);
#11593 = PRESENTATION_STYLE_ASSIGNMENT((#11594,#11599));
#11594 = SURFACE_STYLE_USAGE(.BOTH.,#11595);
#11595 = SURFACE_SIDE_STYLE('',(#11596));
#11596 = SURFACE_STYLE_FILL_AREA(#11597);
#11597 = FILL_AREA_STYLE('',(#11598));
#11598 = FILL_AREA_STYLE_COLOUR('',#11217);
#11599 = CURVE_STYLE('',#11600,POSITIVE_LENGTH_MEASURE(0.1),#11220);
#11600 = DRAUGHTING_PRE_DEFINED_CURVE_FONT('continuous');
#11601 = MECHANICAL_DESIGN_GEOMETRIC_PRESENTATION_REPRESENTATION('',(
    #11602),#7814);
#11602 = STYLED_ITEM('color',(#11603),#7761);
#11603 = PRESENTATION_STYLE_ASSIGNMENT((#11604,#11609));
#11604 = SURFACE_STYLE_USAGE(.BOTH.,#11605);
#11605 = SURFACE_SIDE_STYLE('',(#11606));
#11606 = SURFACE_STYLE_FILL_AREA(#11607);
#11607 = FILL_AREA_STYLE('',(#11608));
#11608 = FILL_AREA_STYLE_COLOUR('',#11217);
#11609 = CURVE_STYLE('',#11610,POSITIVE_LENGTH_MEASURE(0.1),#11220);
#11610 = DRAUGHTING_PRE_DEFINED_CURVE_FONT('continuous');
#11611 = MECHANICAL_DESIGN_GEOMETRIC_PRESENTATION_REPRESENTATION('',(
    #11612),#7670);
#11612 = STYLED_ITEM('color',(#11613),#7617);
#11613 = PRESENTATION_STYLE_ASSIGNMENT((#11614,#11619));
#11614 = SURFACE_STYLE_USAGE(.BOTH.,#11615);
#11615 = SURFACE_SIDE_STYLE('',(#11616));
#11616 = SURFACE_STYLE_FILL_AREA(#11617);
#11617 = FILL_AREA_STYLE('',(#11618));
#11618 = FILL_AREA_STYLE_COLOUR('',#11217);
#11619 = CURVE_STYLE('',#11620,POSITIVE_LENGTH_MEASURE(0.1),#11220);
#11620 = DRAUGHTING_PRE_DEFINED_CURVE_FONT('continuous');
#11621 = MECHANICAL_DESIGN_GEOMETRIC_PRESENTATION_REPRESENTATION('',(
    #11622),#10262);
#11622 = STYLED_ITEM('color',(#11623),#10209);
#11623 = PRESENTATION_STYLE_ASSIGNMENT((#11624,#11629));
#11624 = SURFACE_STYLE_USAGE(.BOTH.,#11625);
#11625 = SURFACE_SIDE_STYLE('',(#11626));
#11626 = SURFACE_STYLE_FILL_AREA(#11627);
#11627 = FILL_AREA_STYLE('',(#11628));
#11628 = FILL_AREA_STYLE_COLOUR('',#11217);
#11629 = CURVE_STYLE('',#11630,POSITIVE_LENGTH_MEASURE(0.1),#11220);
#11630 = DRAUGHTING_PRE_DEFINED_CURVE_FONT('continuous');
#11631 = MECHANICAL_DESIGN_GEOMETRIC_PRESENTATION_REPRESENTATION('',(
    #11632),#10982);
#11632 = STYLED_ITEM('color',(#11633),#10929);
#11633 = PRESENTATION_STYLE_ASSIGNMENT((#11634,#11639));
#11634 = SURFACE_STYLE_USAGE(.BOTH.,#11635);
#11635 = SURFACE_SIDE_STYLE('',(#11636));
#11636 = SURFACE_STYLE_FILL_AREA(#11637);
#11637 = FILL_AREA_STYLE('',(#11638));
#11638 = FILL_AREA_STYLE_COLOUR('',#11217);
#11639 = CURVE_STYLE('',#11640,POSITIVE_LENGTH_MEASURE(0.1),#11220);
#11640 = DRAUGHTING_PRE_DEFINED_CURVE_FONT('continuous');
#11641 = MECHANICAL_DESIGN_GEOMETRIC_PRESENTATION_REPRESENTATION('',(
    #11642),#10046);
#11642 = STYLED_ITEM('color',(#11643),#9993);
#11643 = PRESENTATION_STYLE_ASSIGNMENT((#11644,#11649));
#11644 = SURFACE_STYLE_USAGE(.BOTH.,#11645);
#11645 = SURFACE_SIDE_STYLE('',(#11646));
#11646 = SURFACE_STYLE_FILL_AREA(#11647);
#11647 = FILL_AREA_STYLE('',(#11648));
#11648 = FILL_AREA_STYLE_COLOUR('',#11217);
#11649 = CURVE_STYLE('',#11650,POSITIVE_LENGTH_MEASURE(0.1),#11220);
#11650 = DRAUGHTING_PRE_DEFINED_CURVE_FONT('continuous');
#11651 = MECHANICAL_DESIGN_GEOMETRIC_PRESENTATION_REPRESENTATION('',(
    #11652),#9398);
#11652 = STYLED_ITEM('color',(#11653),#9345);
#11653 = PRESENTATION_STYLE_ASSIGNMENT((#11654,#11659));
#11654 = SURFACE_STYLE_USAGE(.BOTH.,#11655);
#11655 = SURFACE_SIDE_STYLE('',(#11656));
#11656 = SURFACE_STYLE_FILL_AREA(#11657);
#11657 = FILL_AREA_STYLE('',(#11658));
#11658 = FILL_AREA_STYLE_COLOUR('',#11217);
#11659 = CURVE_STYLE('',#11660,POSITIVE_LENGTH_MEASURE(0.1),#11220);
#11660 = DRAUGHTING_PRE_DEFINED_CURVE_FONT('continuous');
#11661 = MECHANICAL_DESIGN_GEOMETRIC_PRESENTATION_REPRESENTATION('',(
    #11662),#9038);
#11662 = STYLED_ITEM('color',(#11663),#8985);
#11663 = PRESENTATION_STYLE_ASSIGNMENT((#11664,#11669));
#11664 = SURFACE_STYLE_USAGE(.BOTH.,#11665);
#11665 = SURFACE_SIDE_STYLE('',(#11666));
#11666 = SURFACE_STYLE_FILL_AREA(#11667);
#11667 = FILL_AREA_STYLE('',(#11668));
#11668 = FILL_AREA_STYLE_COLOUR('',#11217);
#11669 = CURVE_STYLE('',#11670,POSITIVE_LENGTH_MEASURE(0.1),#11220);
#11670 = DRAUGHTING_PRE_DEFINED_CURVE_FONT('continuous');
#11671 = MECHANICAL_DESIGN_GEOMETRIC_PRESENTATION_REPRESENTATION('',(
    #11672),#10190);
#11672 = STYLED_ITEM('color',(#11673),#10137);
#11673 = PRESENTATION_STYLE_ASSIGNMENT((#11674,#11679));
#11674 = SURFACE_STYLE_USAGE(.BOTH.,#11675);
#11675 = SURFACE_SIDE_STYLE('',(#11676));
#11676 = SURFACE_STYLE_FILL_AREA(#11677);
#11677 = FILL_AREA_STYLE('',(#11678));
#11678 = FILL_AREA_STYLE_COLOUR('',#11217);
#11679 = CURVE_STYLE('',#11680,POSITIVE_LENGTH_MEASURE(0.1),#11220);
#11680 = DRAUGHTING_PRE_DEFINED_CURVE_FONT('continuous');
#11681 = MECHANICAL_DESIGN_GEOMETRIC_PRESENTATION_REPRESENTATION('',(
    #11682),#10118);
#11682 = STYLED_ITEM('color',(#11683),#10065);
#11683 = PRESENTATION_STYLE_ASSIGNMENT((#11684,#11689));
#11684 = SURFACE_STYLE_USAGE(.BOTH.,#11685);
#11685 = SURFACE_SIDE_STYLE('',(#11686));
#11686 = SURFACE_STYLE_FILL_AREA(#11687);
#11687 = FILL_AREA_STYLE('',(#11688));
#11688 = FILL_AREA_STYLE_COLOUR('',#11217);
#11689 = CURVE_STYLE('',#11690,POSITIVE_LENGTH_MEASURE(0.1),#11220);
#11690 = DRAUGHTING_PRE_DEFINED_CURVE_FONT('continuous');
#11691 = MECHANICAL_DESIGN_GEOMETRIC_PRESENTATION_REPRESENTATION('',(
    #11692),#4638);
#11692 = STYLED_ITEM('color',(#11693),#60);
#11693 = PRESENTATION_STYLE_ASSIGNMENT((#11694,#11700));
#11694 = SURFACE_STYLE_USAGE(.BOTH.,#11695);
#11695 = SURFACE_SIDE_STYLE('',(#11696));
#11696 = SURFACE_STYLE_FILL_AREA(#11697);
#11697 = FILL_AREA_STYLE('',(#11698));
#11698 = FILL_AREA_STYLE_COLOUR('',#11699);
#11699 = COLOUR_RGB('',0.199999998682,0.600000020288,0.399999997426);
#11700 = CURVE_STYLE('',#11701,POSITIVE_LENGTH_MEASURE(0.1),#11220);
#11701 = DRAUGHTING_PRE_DEFINED_CURVE_FONT('continuous');
#11702 = MECHANICAL_DESIGN_GEOMETRIC_PRESENTATION_REPRESENTATION('',(
    #11703),#9182);
#11703 = STYLED_ITEM('color',(#11704),#9129);
#11704 = PRESENTATION_STYLE_ASSIGNMENT((#11705,#11710));
#11705 = SURFACE_STYLE_USAGE(.BOTH.,#11706);
#11706 = SURFACE_SIDE_STYLE('',(#11707));
#11707 = SURFACE_STYLE_FILL_AREA(#11708);
#11708 = FILL_AREA_STYLE('',(#11709));
#11709 = FILL_AREA_STYLE_COLOUR('',#11217);
#11710 = CURVE_STYLE('',#11711,POSITIVE_LENGTH_MEASURE(0.1),#11220);
#11711 = DRAUGHTING_PRE_DEFINED_CURVE_FONT('continuous');
#11712 = MECHANICAL_DESIGN_GEOMETRIC_PRESENTATION_REPRESENTATION('',(
    #11713),#7742);
#11713 = STYLED_ITEM('color',(#11714),#7689);
#11714 = PRESENTATION_STYLE_ASSIGNMENT((#11715,#11720));
#11715 = SURFACE_STYLE_USAGE(.BOTH.,#11716);
#11716 = SURFACE_SIDE_STYLE('',(#11717));
#11717 = SURFACE_STYLE_FILL_AREA(#11718);
#11718 = FILL_AREA_STYLE('',(#11719));
#11719 = FILL_AREA_STYLE_COLOUR('',#11217);
#11720 = CURVE_STYLE('',#11721,POSITIVE_LENGTH_MEASURE(0.1),#11220);
#11721 = DRAUGHTING_PRE_DEFINED_CURVE_FONT('continuous');
#11722 = MECHANICAL_DESIGN_GEOMETRIC_PRESENTATION_REPRESENTATION('',(
    #11723),#10406);
#11723 = STYLED_ITEM('color',(#11724),#10353);
#11724 = PRESENTATION_STYLE_ASSIGNMENT((#11725,#11730));
#11725 = SURFACE_STYLE_USAGE(.BOTH.,#11726);
#11726 = SURFACE_SIDE_STYLE('',(#11727));
#11727 = SURFACE_STYLE_FILL_AREA(#11728);
#11728 = FILL_AREA_STYLE('',(#11729));
#11729 = FILL_AREA_STYLE_COLOUR('',#11217);
#11730 = CURVE_STYLE('',#11731,POSITIVE_LENGTH_MEASURE(0.1),#11220);
#11731 = DRAUGHTING_PRE_DEFINED_CURVE_FONT('continuous');
#11732 = MECHANICAL_DESIGN_GEOMETRIC_PRESENTATION_REPRESENTATION('',(
    #11733),#11126);
#11733 = STYLED_ITEM('color',(#11734),#11073);
#11734 = PRESENTATION_STYLE_ASSIGNMENT((#11735,#11740));
#11735 = SURFACE_STYLE_USAGE(.BOTH.,#11736);
#11736 = SURFACE_SIDE_STYLE('',(#11737));
#11737 = SURFACE_STYLE_FILL_AREA(#11738);
#11738 = FILL_AREA_STYLE('',(#11739));
#11739 = FILL_AREA_STYLE_COLOUR('',#11217);
#11740 = CURVE_STYLE('',#11741,POSITIVE_LENGTH_MEASURE(0.1),#11220);
#11741 = DRAUGHTING_PRE_DEFINED_CURVE_FONT('continuous');
#11742 = MECHANICAL_DESIGN_GEOMETRIC_PRESENTATION_REPRESENTATION('',(
    #11743),#4884);
#11743 = STYLED_ITEM('color',(#11744),#4734);
#11744 = PRESENTATION_STYLE_ASSIGNMENT((#11745,#11751));
#11745 = SURFACE_STYLE_USAGE(.BOTH.,#11746);
#11746 = SURFACE_SIDE_STYLE('',(#11747));
#11747 = SURFACE_STYLE_FILL_AREA(#11748);
#11748 = FILL_AREA_STYLE('',(#11749));
#11749 = FILL_AREA_STYLE_COLOUR('',#11750);
#11750 = COLOUR_RGB('',0.300000011149,0.300000011149,0.300000011149);
#11751 = CURVE_STYLE('',#11752,POSITIVE_LENGTH_MEASURE(0.1),#11220);
#11752 = DRAUGHTING_PRE_DEFINED_CURVE_FONT('continuous');
#11753 = MECHANICAL_DESIGN_GEOMETRIC_PRESENTATION_REPRESENTATION('',(
    #11754),#8030);
#11754 = STYLED_ITEM('color',(#11755),#7977);
#11755 = PRESENTATION_STYLE_ASSIGNMENT((#11756,#11761));
#11756 = SURFACE_STYLE_USAGE(.BOTH.,#11757);
#11757 = SURFACE_SIDE_STYLE('',(#11758));
#11758 = SURFACE_STYLE_FILL_AREA(#11759);
#11759 = FILL_AREA_STYLE('',(#11760));
#11760 = FILL_AREA_STYLE_COLOUR('',#11217);
#11761 = CURVE_STYLE('',#11762,POSITIVE_LENGTH_MEASURE(0.1),#11220);
#11762 = DRAUGHTING_PRE_DEFINED_CURVE_FONT('continuous');
#11763 = MECHANICAL_DESIGN_GEOMETRIC_PRESENTATION_REPRESENTATION('',(
    #11764),#10550);
#11764 = STYLED_ITEM('color',(#11765),#10497);
#11765 = PRESENTATION_STYLE_ASSIGNMENT((#11766,#11771));
#11766 = SURFACE_STYLE_USAGE(.BOTH.,#11767);
#11767 = SURFACE_SIDE_STYLE('',(#11768));
#11768 = SURFACE_STYLE_FILL_AREA(#11769);
#11769 = FILL_AREA_STYLE('',(#11770));
#11770 = FILL_AREA_STYLE_COLOUR('',#11217);
#11771 = CURVE_STYLE('',#11772,POSITIVE_LENGTH_MEASURE(0.1),#11220);
#11772 = DRAUGHTING_PRE_DEFINED_CURVE_FONT('continuous');
#11773 = MECHANICAL_DESIGN_GEOMETRIC_PRESENTATION_REPRESENTATION('',(
    #11774),#7958);
#11774 = STYLED_ITEM('color',(#11775),#7905);
#11775 = PRESENTATION_STYLE_ASSIGNMENT((#11776,#11781));
#11776 = SURFACE_STYLE_USAGE(.BOTH.,#11777);
#11777 = SURFACE_SIDE_STYLE('',(#11778));
#11778 = SURFACE_STYLE_FILL_AREA(#11779);
#11779 = FILL_AREA_STYLE('',(#11780));
#11780 = FILL_AREA_STYLE_COLOUR('',#11217);
#11781 = CURVE_STYLE('',#11782,POSITIVE_LENGTH_MEASURE(0.1),#11220);
#11782 = DRAUGHTING_PRE_DEFINED_CURVE_FONT('continuous');
#11783 = MECHANICAL_DESIGN_GEOMETRIC_PRESENTATION_REPRESENTATION('',(
    #11784),#6451);
#11784 = STYLED_ITEM('color',(#11785),#6398);
#11785 = PRESENTATION_STYLE_ASSIGNMENT((#11786,#11791));
#11786 = SURFACE_STYLE_USAGE(.BOTH.,#11787);
#11787 = SURFACE_SIDE_STYLE('',(#11788));
#11788 = SURFACE_STYLE_FILL_AREA(#11789);
#11789 = FILL_AREA_STYLE('',(#11790));
#11790 = FILL_AREA_STYLE_COLOUR('',#11217);
#11791 = CURVE_STYLE('',#11792,POSITIVE_LENGTH_MEASURE(0.1),#11220);
#11792 = DRAUGHTING_PRE_DEFINED_CURVE_FONT('continuous');
#11793 = MECHANICAL_DESIGN_GEOMETRIC_PRESENTATION_REPRESENTATION('',(
    #11794),#7526);
#11794 = STYLED_ITEM('color',(#11795),#7473);
#11795 = PRESENTATION_STYLE_ASSIGNMENT((#11796,#11801));
#11796 = SURFACE_STYLE_USAGE(.BOTH.,#11797);
#11797 = SURFACE_SIDE_STYLE('',(#11798));
#11798 = SURFACE_STYLE_FILL_AREA(#11799);
#11799 = FILL_AREA_STYLE('',(#11800));
#11800 = FILL_AREA_STYLE_COLOUR('',#11217);
#11801 = CURVE_STYLE('',#11802,POSITIVE_LENGTH_MEASURE(0.1),#11220);
#11802 = DRAUGHTING_PRE_DEFINED_CURVE_FONT('continuous');
#11803 = MECHANICAL_DESIGN_GEOMETRIC_PRESENTATION_REPRESENTATION('',(
    #11804),#5299);
#11804 = STYLED_ITEM('color',(#11805),#5246);
#11805 = PRESENTATION_STYLE_ASSIGNMENT((#11806,#11811));
#11806 = SURFACE_STYLE_USAGE(.BOTH.,#11807);
#11807 = SURFACE_SIDE_STYLE('',(#11808));
#11808 = SURFACE_STYLE_FILL_AREA(#11809);
#11809 = FILL_AREA_STYLE('',(#11810));
#11810 = FILL_AREA_STYLE_COLOUR('',#11217);
#11811 = CURVE_STYLE('',#11812,POSITIVE_LENGTH_MEASURE(0.1),#11220);
#11812 = DRAUGHTING_PRE_DEFINED_CURVE_FONT('continuous');
#11813 = MECHANICAL_DESIGN_GEOMETRIC_PRESENTATION_REPRESENTATION('',(
    #11814),#9110);
#11814 = STYLED_ITEM('color',(#11815),#9057);
#11815 = PRESENTATION_STYLE_ASSIGNMENT((#11816,#11821));
#11816 = SURFACE_STYLE_USAGE(.BOTH.,#11817);
#11817 = SURFACE_SIDE_STYLE('',(#11818));
#11818 = SURFACE_STYLE_FILL_AREA(#11819);
#11819 = FILL_AREA_STYLE('',(#11820));
#11820 = FILL_AREA_STYLE_COLOUR('',#11217);
#11821 = CURVE_STYLE('',#11822,POSITIVE_LENGTH_MEASURE(0.1),#11220);
#11822 = DRAUGHTING_PRE_DEFINED_CURVE_FONT('continuous');
#11823 = MECHANICAL_DESIGN_GEOMETRIC_PRESENTATION_REPRESENTATION('',(
    #11824),#6667);
#11824 = STYLED_ITEM('color',(#11825),#6614);
#11825 = PRESENTATION_STYLE_ASSIGNMENT((#11826,#11831));
#11826 = SURFACE_STYLE_USAGE(.BOTH.,#11827);
#11827 = SURFACE_SIDE_STYLE('',(#11828));
#11828 = SURFACE_STYLE_FILL_AREA(#11829);
#11829 = FILL_AREA_STYLE('',(#11830));
#11830 = FILL_AREA_STYLE_COLOUR('',#11217);
#11831 = CURVE_STYLE('',#11832,POSITIVE_LENGTH_MEASURE(0.1),#11220);
#11832 = DRAUGHTING_PRE_DEFINED_CURVE_FONT('continuous');
#11833 = MECHANICAL_DESIGN_GEOMETRIC_PRESENTATION_REPRESENTATION('',(
    #11834),#10478);
#11834 = STYLED_ITEM('color',(#11835),#10425);
#11835 = PRESENTATION_STYLE_ASSIGNMENT((#11836,#11841));
#11836 = SURFACE_STYLE_USAGE(.BOTH.,#11837);
#11837 = SURFACE_SIDE_STYLE('',(#11838));
#11838 = SURFACE_STYLE_FILL_AREA(#11839);
#11839 = FILL_AREA_STYLE('',(#11840));
#11840 = FILL_AREA_STYLE_COLOUR('',#11217);
#11841 = CURVE_STYLE('',#11842,POSITIVE_LENGTH_MEASURE(0.1),#11220);
#11842 = DRAUGHTING_PRE_DEFINED_CURVE_FONT('continuous');
#11843 = MECHANICAL_DESIGN_GEOMETRIC_PRESENTATION_REPRESENTATION('',(
    #11844),#9326);
#11844 = STYLED_ITEM('color',(#11845),#9273);
#11845 = PRESENTATION_STYLE_ASSIGNMENT((#11846,#11851));
#11846 = SURFACE_STYLE_USAGE(.BOTH.,#11847);
#11847 = SURFACE_SIDE_STYLE('',(#11848));
#11848 = SURFACE_STYLE_FILL_AREA(#11849);
#11849 = FILL_AREA_STYLE('',(#11850));
#11850 = FILL_AREA_STYLE_COLOUR('',#11217);
#11851 = CURVE_STYLE('',#11852,POSITIVE_LENGTH_MEASURE(0.1),#11220);
#11852 = DRAUGHTING_PRE_DEFINED_CURVE_FONT('continuous');
#11853 = MECHANICAL_DESIGN_GEOMETRIC_PRESENTATION_REPRESENTATION('',(
    #11854),#9902);
#11854 = STYLED_ITEM('color',(#11855),#9849);
#11855 = PRESENTATION_STYLE_ASSIGNMENT((#11856,#11861));
#11856 = SURFACE_STYLE_USAGE(.BOTH.,#11857);
#11857 = SURFACE_SIDE_STYLE('',(#11858));
#11858 = SURFACE_STYLE_FILL_AREA(#11859);
#11859 = FILL_AREA_STYLE('',(#11860));
#11860 = FILL_AREA_STYLE_COLOUR('',#11217);
#11861 = CURVE_STYLE('',#11862,POSITIVE_LENGTH_MEASURE(0.1),#11220);
#11862 = DRAUGHTING_PRE_DEFINED_CURVE_FONT('continuous');
#11863 = MECHANICAL_DESIGN_GEOMETRIC_PRESENTATION_REPRESENTATION('',(
    #11864),#6163);
#11864 = STYLED_ITEM('color',(#11865),#6110);
#11865 = PRESENTATION_STYLE_ASSIGNMENT((#11866,#11871));
#11866 = SURFACE_STYLE_USAGE(.BOTH.,#11867);
#11867 = SURFACE_SIDE_STYLE('',(#11868));
#11868 = SURFACE_STYLE_FILL_AREA(#11869);
#11869 = FILL_AREA_STYLE('',(#11870));
#11870 = FILL_AREA_STYLE_COLOUR('',#11217);
#11871 = CURVE_STYLE('',#11872,POSITIVE_LENGTH_MEASURE(0.1),#11220);
#11872 = DRAUGHTING_PRE_DEFINED_CURVE_FONT('continuous');
#11873 = MECHANICAL_DESIGN_GEOMETRIC_PRESENTATION_REPRESENTATION('',(
    #11874),#10766);
#11874 = STYLED_ITEM('color',(#11875),#10713);
#11875 = PRESENTATION_STYLE_ASSIGNMENT((#11876,#11881));
#11876 = SURFACE_STYLE_USAGE(.BOTH.,#11877);
#11877 = SURFACE_SIDE_STYLE('',(#11878));
#11878 = SURFACE_STYLE_FILL_AREA(#11879);
#11879 = FILL_AREA_STYLE('',(#11880));
#11880 = FILL_AREA_STYLE_COLOUR('',#11217);
#11881 = CURVE_STYLE('',#11882,POSITIVE_LENGTH_MEASURE(0.1),#11220);
#11882 = DRAUGHTING_PRE_DEFINED_CURVE_FONT('continuous');
#11883 = MECHANICAL_DESIGN_GEOMETRIC_PRESENTATION_REPRESENTATION('',(
    #11884),#8390);
#11884 = STYLED_ITEM('color',(#11885),#8337);
#11885 = PRESENTATION_STYLE_ASSIGNMENT((#11886,#11891));
#11886 = SURFACE_STYLE_USAGE(.BOTH.,#11887);
#11887 = SURFACE_SIDE_STYLE('',(#11888));
#11888 = SURFACE_STYLE_FILL_AREA(#11889);
#11889 = FILL_AREA_STYLE('',(#11890));
#11890 = FILL_AREA_STYLE_COLOUR('',#11217);
#11891 = CURVE_STYLE('',#11892,POSITIVE_LENGTH_MEASURE(0.1),#11220);
#11892 = DRAUGHTING_PRE_DEFINED_CURVE_FONT('continuous');
#11893 = MECHANICAL_DESIGN_GEOMETRIC_PRESENTATION_REPRESENTATION('',(
    #11894),#7454);
#11894 = STYLED_ITEM('color',(#11895),#7401);
#11895 = PRESENTATION_STYLE_ASSIGNMENT((#11896,#11901));
#11896 = SURFACE_STYLE_USAGE(.BOTH.,#11897);
#11897 = SURFACE_SIDE_STYLE('',(#11898));
#11898 = SURFACE_STYLE_FILL_AREA(#11899);
#11899 = FILL_AREA_STYLE('',(#11900));
#11900 = FILL_AREA_STYLE_COLOUR('',#11217);
#11901 = CURVE_STYLE('',#11902,POSITIVE_LENGTH_MEASURE(0.1),#11220);
#11902 = DRAUGHTING_PRE_DEFINED_CURVE_FONT('continuous');
#11903 = MECHANICAL_DESIGN_GEOMETRIC_PRESENTATION_REPRESENTATION('',(
    #11904),#7151);
#11904 = STYLED_ITEM('color',(#11905),#7001);
#11905 = PRESENTATION_STYLE_ASSIGNMENT((#11906,#11911));
#11906 = SURFACE_STYLE_USAGE(.BOTH.,#11907);
#11907 = SURFACE_SIDE_STYLE('',(#11908));
#11908 = SURFACE_STYLE_FILL_AREA(#11909);
#11909 = FILL_AREA_STYLE('',(#11910));
#11910 = FILL_AREA_STYLE_COLOUR('',#11750);
#11911 = CURVE_STYLE('',#11912,POSITIVE_LENGTH_MEASURE(0.1),#11220);
#11912 = DRAUGHTING_PRE_DEFINED_CURVE_FONT('continuous');
#11913 = MECHANICAL_DESIGN_GEOMETRIC_PRESENTATION_REPRESENTATION('',(
    #11914),#6091);
#11914 = STYLED_ITEM('color',(#11915),#6038);
#11915 = PRESENTATION_STYLE_ASSIGNMENT((#11916,#11921));
#11916 = SURFACE_STYLE_USAGE(.BOTH.,#11917);
#11917 = SURFACE_SIDE_STYLE('',(#11918));
#11918 = SURFACE_STYLE_FILL_AREA(#11919);
#11919 = FILL_AREA_STYLE('',(#11920));
#11920 = FILL_AREA_STYLE_COLOUR('',#11217);
#11921 = CURVE_STYLE('',#11922,POSITIVE_LENGTH_MEASURE(0.1),#11220);
#11922 = DRAUGHTING_PRE_DEFINED_CURVE_FONT('continuous');
#11923 = MECHANICAL_DESIGN_GEOMETRIC_PRESENTATION_REPRESENTATION('',(
    #11924),#5515);
#11924 = STYLED_ITEM('color',(#11925),#5462);
#11925 = PRESENTATION_STYLE_ASSIGNMENT((#11926,#11931));
#11926 = SURFACE_STYLE_USAGE(.BOTH.,#11927);
#11927 = SURFACE_SIDE_STYLE('',(#11928));
#11928 = SURFACE_STYLE_FILL_AREA(#11929);
#11929 = FILL_AREA_STYLE('',(#11930));
#11930 = FILL_AREA_STYLE_COLOUR('',#11217);
#11931 = CURVE_STYLE('',#11932,POSITIVE_LENGTH_MEASURE(0.1),#11220);
#11932 = DRAUGHTING_PRE_DEFINED_CURVE_FONT('continuous');
#11933 = MECHANICAL_DESIGN_GEOMETRIC_PRESENTATION_REPRESENTATION('',(
    #11934),#7886);
#11934 = STYLED_ITEM('color',(#11935),#7833);
#11935 = PRESENTATION_STYLE_ASSIGNMENT((#11936,#11941));
#11936 = SURFACE_STYLE_USAGE(.BOTH.,#11937);
#11937 = SURFACE_SIDE_STYLE('',(#11938));
#11938 = SURFACE_STYLE_FILL_AREA(#11939);
#11939 = FILL_AREA_STYLE('',(#11940));
#11940 = FILL_AREA_STYLE_COLOUR('',#11217);
#11941 = CURVE_STYLE('',#11942,POSITIVE_LENGTH_MEASURE(0.1),#11220);
#11942 = DRAUGHTING_PRE_DEFINED_CURVE_FONT('continuous');
#11943 = MECHANICAL_DESIGN_GEOMETRIC_PRESENTATION_REPRESENTATION('',(
    #11944),#8246);
#11944 = STYLED_ITEM('color',(#11945),#8193);
#11945 = PRESENTATION_STYLE_ASSIGNMENT((#11946,#11951));
#11946 = SURFACE_STYLE_USAGE(.BOTH.,#11947);
#11947 = SURFACE_SIDE_STYLE('',(#11948));
#11948 = SURFACE_STYLE_FILL_AREA(#11949);
#11949 = FILL_AREA_STYLE('',(#11950));
#11950 = FILL_AREA_STYLE_COLOUR('',#11217);
#11951 = CURVE_STYLE('',#11952,POSITIVE_LENGTH_MEASURE(0.1),#11220);
#11952 = DRAUGHTING_PRE_DEFINED_CURVE_FONT('continuous');
#11953 = MECHANICAL_DESIGN_GEOMETRIC_PRESENTATION_REPRESENTATION('',(
    #11954),#6739);
#11954 = STYLED_ITEM('color',(#11955),#6686);
#11955 = PRESENTATION_STYLE_ASSIGNMENT((#11956,#11961));
#11956 = SURFACE_STYLE_USAGE(.BOTH.,#11957);
#11957 = SURFACE_SIDE_STYLE('',(#11958));
#11958 = SURFACE_STYLE_FILL_AREA(#11959);
#11959 = FILL_AREA_STYLE('',(#11960));
#11960 = FILL_AREA_STYLE_COLOUR('',#11217);
#11961 = CURVE_STYLE('',#11962,POSITIVE_LENGTH_MEASURE(0.1),#11220);
#11962 = DRAUGHTING_PRE_DEFINED_CURVE_FONT('continuous');
#11963 = MECHANICAL_DESIGN_GEOMETRIC_PRESENTATION_REPRESENTATION('',(
    #11964),#8966);
#11964 = STYLED_ITEM('color',(#11965),#8913);
#11965 = PRESENTATION_STYLE_ASSIGNMENT((#11966,#11971));
#11966 = SURFACE_STYLE_USAGE(.BOTH.,#11967);
#11967 = SURFACE_SIDE_STYLE('',(#11968));
#11968 = SURFACE_STYLE_FILL_AREA(#11969);
#11969 = FILL_AREA_STYLE('',(#11970));
#11970 = FILL_AREA_STYLE_COLOUR('',#11217);
#11971 = CURVE_STYLE('',#11972,POSITIVE_LENGTH_MEASURE(0.1),#11220);
#11972 = DRAUGHTING_PRE_DEFINED_CURVE_FONT('continuous');
#11973 = MECHANICAL_DESIGN_GEOMETRIC_PRESENTATION_REPRESENTATION('',(
    #11974),#6955);
#11974 = STYLED_ITEM('color',(#11975),#6902);
#11975 = PRESENTATION_STYLE_ASSIGNMENT((#11976,#11981));
#11976 = SURFACE_STYLE_USAGE(.BOTH.,#11977);
#11977 = SURFACE_SIDE_STYLE('',(#11978));
#11978 = SURFACE_STYLE_FILL_AREA(#11979);
#11979 = FILL_AREA_STYLE('',(#11980));
#11980 = FILL_AREA_STYLE_COLOUR('',#11217);
#11981 = CURVE_STYLE('',#11982,POSITIVE_LENGTH_MEASURE(0.1),#11220);
#11982 = DRAUGHTING_PRE_DEFINED_CURVE_FONT('continuous');
#11983 = MECHANICAL_DESIGN_GEOMETRIC_PRESENTATION_REPRESENTATION('',(
    #11984),#5875);
#11984 = STYLED_ITEM('color',(#11985),#5822);
#11985 = PRESENTATION_STYLE_ASSIGNMENT((#11986,#11991));
#11986 = SURFACE_STYLE_USAGE(.BOTH.,#11987);
#11987 = SURFACE_SIDE_STYLE('',(#11988));
#11988 = SURFACE_STYLE_FILL_AREA(#11989);
#11989 = FILL_AREA_STYLE('',(#11990));
#11990 = FILL_AREA_STYLE_COLOUR('',#11217);
#11991 = CURVE_STYLE('',#11992,POSITIVE_LENGTH_MEASURE(0.1),#11220);
#11992 = DRAUGHTING_PRE_DEFINED_CURVE_FONT('continuous');
#11993 = MECHANICAL_DESIGN_GEOMETRIC_PRESENTATION_REPRESENTATION('',(
    #11994),#8318);
#11994 = STYLED_ITEM('color',(#11995),#8265);
#11995 = PRESENTATION_STYLE_ASSIGNMENT((#11996,#12001));
#11996 = SURFACE_STYLE_USAGE(.BOTH.,#11997);
#11997 = SURFACE_SIDE_STYLE('',(#11998));
#11998 = SURFACE_STYLE_FILL_AREA(#11999);
#11999 = FILL_AREA_STYLE('',(#12000));
#12000 = FILL_AREA_STYLE_COLOUR('',#11217);
#12001 = CURVE_STYLE('',#12002,POSITIVE_LENGTH_MEASURE(0.1),#11220);
#12002 = DRAUGHTING_PRE_DEFINED_CURVE_FONT('continuous');
#12003 = MECHANICAL_DESIGN_GEOMETRIC_PRESENTATION_REPRESENTATION('',(
    #12004),#8174);
#12004 = STYLED_ITEM('color',(#12005),#8121);
#12005 = PRESENTATION_STYLE_ASSIGNMENT((#12006,#12011));
#12006 = SURFACE_STYLE_USAGE(.BOTH.,#12007);
#12007 = SURFACE_SIDE_STYLE('',(#12008));
#12008 = SURFACE_STYLE_FILL_AREA(#12009);
#12009 = FILL_AREA_STYLE('',(#12010));
#12010 = FILL_AREA_STYLE_COLOUR('',#11217);
#12011 = CURVE_STYLE('',#12012,POSITIVE_LENGTH_MEASURE(0.1),#11220);
#12012 = DRAUGHTING_PRE_DEFINED_CURVE_FONT('continuous');
#12013 = MECHANICAL_DESIGN_GEOMETRIC_PRESENTATION_REPRESENTATION('',(
    #12014),#6019);
#12014 = STYLED_ITEM('color',(#12015),#5966);
#12015 = PRESENTATION_STYLE_ASSIGNMENT((#12016,#12021));
#12016 = SURFACE_STYLE_USAGE(.BOTH.,#12017);
#12017 = SURFACE_SIDE_STYLE('',(#12018));
#12018 = SURFACE_STYLE_FILL_AREA(#12019);
#12019 = FILL_AREA_STYLE('',(#12020));
#12020 = FILL_AREA_STYLE_COLOUR('',#11217);
#12021 = CURVE_STYLE('',#12022,POSITIVE_LENGTH_MEASURE(0.1),#11220);
#12022 = DRAUGHTING_PRE_DEFINED_CURVE_FONT('continuous');
#12023 = MECHANICAL_DESIGN_GEOMETRIC_PRESENTATION_REPRESENTATION('',(
    #12024),#9830);
#12024 = STYLED_ITEM('color',(#12025),#9777);
#12025 = PRESENTATION_STYLE_ASSIGNMENT((#12026,#12031));
#12026 = SURFACE_STYLE_USAGE(.BOTH.,#12027);
#12027 = SURFACE_SIDE_STYLE('',(#12028));
#12028 = SURFACE_STYLE_FILL_AREA(#12029);
#12029 = FILL_AREA_STYLE('',(#12030));
#12030 = FILL_AREA_STYLE_COLOUR('',#11217);
#12031 = CURVE_STYLE('',#12032,POSITIVE_LENGTH_MEASURE(0.1),#11220);
#12032 = DRAUGHTING_PRE_DEFINED_CURVE_FONT('continuous');
#12033 = MECHANICAL_DESIGN_GEOMETRIC_PRESENTATION_REPRESENTATION('',(
    #12034),#5371);
#12034 = STYLED_ITEM('color',(#12035),#5318);
#12035 = PRESENTATION_STYLE_ASSIGNMENT((#12036,#12041));
#12036 = SURFACE_STYLE_USAGE(.BOTH.,#12037);
#12037 = SURFACE_SIDE_STYLE('',(#12038));
#12038 = SURFACE_STYLE_FILL_AREA(#12039);
#12039 = FILL_AREA_STYLE('',(#12040));
#12040 = FILL_AREA_STYLE_COLOUR('',#11217);
#12041 = CURVE_STYLE('',#12042,POSITIVE_LENGTH_MEASURE(0.1),#11220);
#12042 = DRAUGHTING_PRE_DEFINED_CURVE_FONT('continuous');
ENDSEC;
END-ISO-10303-21;
