ISO-10303-21;
HEADER;
FILE_DESCRIPTION(('FreeCAD Model'),'2;1');
FILE_NAME('Open CASCADE Shape Model','2026-10-06T17:24:24',('Author'),(
    ''),'Open CASCADE STEP processor 7.8','FreeCAD','Unknown');
FILE_SCHEMA((
'AP242_MANAGED_MODEL_BASED_3D_ENGINEERING_MIM_LF. {1 0 10303 442 1 1 4 
}'));
ENDSEC;
DATA;
#1 = APPLICATION_PROTOCOL_DEFINITION('international standard',
  'ap242_managed_model_based_3d_engineering',2013,#2);
#2 = APPLICATION_CONTEXT('Managed model based 3d engineering');
#3 = SHAPE_DEFINITION_REPRESENTATION(#4,#10);
#4 = PRODUCT_DEFINITION_SHAPE('','',#5);
#5 = PRODUCT_DEFINITION('design','',#6,#9);
#6 = PRODUCT_DEFINITION_FORMATION('','',#7);
#7 = PRODUCT('Kamioka_SQUID_board_v1','Kamioka_SQUID_board_v1','',(#8));
#8 = PRODUCT_CONTEXT('',#2,'mechanical');
#9 = PRODUCT_DEFINITION_CONTEXT('part definition',#2,'design');
#10 = SHAPE_REPRESENTATION('',(#11,#15,#19),#23);
#11 = AXIS2_PLACEMENT_3D('',#12,#13,#14);
#12 = CARTESIAN_POINT('',(0.,0.,0.));
#13 = DIRECTION('',(0.,0.,1.));
#14 = DIRECTION('',(1.,0.,-0.));
#15 = AXIS2_PLACEMENT_3D('',#16,#17,#18);
#16 = CARTESIAN_POINT('',(0.,0.,0.));
#17 = DIRECTION('',(0.,0.,1.));
#18 = DIRECTION('',(1.,0.,0.));
#19 = AXIS2_PLACEMENT_3D('',#20,#21,#22);
#20 = CARTESIAN_POINT('',(0.,0.,0.));
#21 = DIRECTION('',(0.,0.,1.));
#22 = DIRECTION('',(1.,0.,0.));
#23 = ( GEOMETRIC_REPRESENTATION_CONTEXT(3) 
GLOBAL_UNCERTAINTY_ASSIGNED_CONTEXT((#27)) GLOBAL_UNIT_ASSIGNED_CONTEXT(
(#24,#25,#26)) REPRESENTATION_CONTEXT('Context #1',
  '3D Context with UNIT and UNCERTAINTY') );
#24 = ( LENGTH_UNIT() NAMED_UNIT(*) SI_UNIT(.MILLI.,.METRE.) );
#25 = ( NAMED_UNIT(*) PLANE_ANGLE_UNIT() SI_UNIT($,.RADIAN.) );
#26 = ( NAMED_UNIT(*) SI_UNIT($,.STERADIAN.) SOLID_ANGLE_UNIT() );
#27 = UNCERTAINTY_MEASURE_WITH_UNIT(LENGTH_MEASURE(1.E-07),#24,
  'distance_accuracy_value','confusion accuracy');
#28 = PRODUCT_RELATED_PRODUCT_CATEGORY('part',$,(#7));
#29 = SHAPE_DEFINITION_REPRESENTATION(#30,#36);
#30 = PRODUCT_DEFINITION_SHAPE('','',#31);
#31 = PRODUCT_DEFINITION('design','',#32,#35);
#32 = PRODUCT_DEFINITION_FORMATION('','',#33);
#33 = PRODUCT('Board_Geoms_65d9','Board_Geoms_65d9','',(#34));
#34 = PRODUCT_CONTEXT('',#2,'mechanical');
#35 = PRODUCT_DEFINITION_CONTEXT('part definition',#2,'design');
#36 = SHAPE_REPRESENTATION('',(#11,#37),#41);
#37 = AXIS2_PLACEMENT_3D('',#38,#39,#40);
#38 = CARTESIAN_POINT('',(0.,0.,0.));
#39 = DIRECTION('',(0.,0.,1.));
#40 = DIRECTION('',(1.,0.,0.));
#41 = ( GEOMETRIC_REPRESENTATION_CONTEXT(3) 
GLOBAL_UNCERTAINTY_ASSIGNED_CONTEXT((#45)) GLOBAL_UNIT_ASSIGNED_CONTEXT(
(#42,#43,#44)) REPRESENTATION_CONTEXT('Context #1',
  '3D Context with UNIT and UNCERTAINTY') );
#42 = ( LENGTH_UNIT() NAMED_UNIT(*) SI_UNIT(.MILLI.,.METRE.) );
#43 = ( NAMED_UNIT(*) PLANE_ANGLE_UNIT() SI_UNIT($,.RADIAN.) );
#44 = ( NAMED_UNIT(*) SI_UNIT($,.STERADIAN.) SOLID_ANGLE_UNIT() );
#45 = UNCERTAINTY_MEASURE_WITH_UNIT(LENGTH_MEASURE(1.E-07),#42,
  'distance_accuracy_value','confusion accuracy');
#46 = CONTEXT_DEPENDENT_SHAPE_REPRESENTATION(#47,#49);
#47 = ( REPRESENTATION_RELATIONSHIP('','',#36,#10) 
REPRESENTATION_RELATIONSHIP_WITH_TRANSFORMATION(#48) 
SHAPE_REPRESENTATION_RELATIONSHIP() );
#48 = ITEM_DEFINED_TRANSFORMATION('','',#11,#15);
#49 = PRODUCT_DEFINITION_SHAPE('Placement','Placement of an item',#50);
#50 = NEXT_ASSEMBLY_USAGE_OCCURRENCE('92','Board_Geoms_65d9','',#5,#31,$
  );
#51 = PRODUCT_RELATED_PRODUCT_CATEGORY('part',$,(#33));
#52 = SHAPE_DEFINITION_REPRESENTATION(#53,#59);
#53 = PRODUCT_DEFINITION_SHAPE('','',#54);
#54 = PRODUCT_DEFINITION('design','',#55,#58);
#55 = PRODUCT_DEFINITION_FORMATION('','',#56);
#56 = PRODUCT('Pcb_65d9','Pcb_65d9','',(#57));
#57 = PRODUCT_CONTEXT('',#2,'mechanical');
#58 = PRODUCT_DEFINITION_CONTEXT('part definition',#2,'design');
#59 = ADVANCED_BREP_SHAPE_REPRESENTATION('',(#11,#60),#4170);
#60 = MANIFOLD_SOLID_BREP('',#61);
#61 = CLOSED_SHELL('',(#62,#102,#133,#164,#195,#226,#257,#288,#319,#350,
    #381,#412,#443,#474,#505,#536,#567,#598,#629,#660,#682,#715,#748,
    #781,#814,#847,#880,#913,#946,#979,#1012,#1045,#1078,#1111,#1144,
    #1177,#1210,#1243,#1276,#1309,#1342,#1375,#1408,#1441,#1474,#1507,
    #1540,#1573,#1606,#1639,#1672,#1705,#1738,#1771,#1804,#1837,#1870,
    #1903,#1936,#1969,#2002,#2035,#2068,#2101,#2134,#2167,#2200,#2233,
    #2266,#2299,#2332,#2365,#2398,#2431,#2464,#2497,#2530,#2563,#2596,
    #2629,#2662,#2695,#2728,#2761,#2794,#2827,#2860,#2893,#2926,#2959,
    #2992,#3025,#3058,#3091,#3124,#3157,#3190,#3223,#3256,#3289,#3322,
    #3355,#3388,#3421,#3454,#3487,#3520,#3553,#3586,#3878));
#62 = ADVANCED_FACE('',(#63),#97,.F.);
#63 = FACE_BOUND('',#64,.F.);
#64 = EDGE_LOOP('',(#65,#75,#83,#91));
#65 = ORIENTED_EDGE('',*,*,#66,.T.);
#66 = EDGE_CURVE('',#67,#69,#71,.T.);
#67 = VERTEX_POINT('',#68);
#68 = CARTESIAN_POINT('',(133.,-28.,0.));
#69 = VERTEX_POINT('',#70);
#70 = CARTESIAN_POINT('',(133.,-28.,-1.67));
#71 = LINE('',#72,#73);
#72 = CARTESIAN_POINT('',(133.,-28.,0.));
#73 = VECTOR('',#74,1.);
#74 = DIRECTION('',(0.,0.,-1.));
#75 = ORIENTED_EDGE('',*,*,#76,.T.);
#76 = EDGE_CURVE('',#69,#77,#79,.T.);
#77 = VERTEX_POINT('',#78);
#78 = CARTESIAN_POINT('',(133.,-100.,-1.67));
#79 = LINE('',#80,#81);
#80 = CARTESIAN_POINT('',(133.,-28.,-1.67));
#81 = VECTOR('',#82,1.);
#82 = DIRECTION('',(0.,-1.,0.));
#83 = ORIENTED_EDGE('',*,*,#84,.F.);
#84 = EDGE_CURVE('',#85,#77,#87,.T.);
#85 = VERTEX_POINT('',#86);
#86 = CARTESIAN_POINT('',(133.,-100.,0.));
#87 = LINE('',#88,#89);
#88 = CARTESIAN_POINT('',(133.,-100.,0.));
#89 = VECTOR('',#90,1.);
#90 = DIRECTION('',(0.,0.,-1.));
#91 = ORIENTED_EDGE('',*,*,#92,.F.);
#92 = EDGE_CURVE('',#67,#85,#93,.T.);
#93 = LINE('',#94,#95);
#94 = CARTESIAN_POINT('',(133.,-28.,0.));
#95 = VECTOR('',#96,1.);
#96 = DIRECTION('',(0.,-1.,0.));
#97 = PLANE('',#98);
#98 = AXIS2_PLACEMENT_3D('',#99,#100,#101);
#99 = CARTESIAN_POINT('',(133.,-28.,0.));
#100 = DIRECTION('',(-1.,-0.,-0.));
#101 = DIRECTION('',(0.,-1.,0.));
#102 = ADVANCED_FACE('',(#103),#128,.F.);
#103 = FACE_BOUND('',#104,.F.);
#104 = EDGE_LOOP('',(#105,#115,#121,#122));
#105 = ORIENTED_EDGE('',*,*,#106,.T.);
#106 = EDGE_CURVE('',#107,#109,#111,.T.);
#107 = VERTEX_POINT('',#108);
#108 = CARTESIAN_POINT('',(123.,-28.,0.));
#109 = VERTEX_POINT('',#110);
#110 = CARTESIAN_POINT('',(123.,-28.,-1.67));
#111 = LINE('',#112,#113);
#112 = CARTESIAN_POINT('',(123.,-28.,0.));
#113 = VECTOR('',#114,1.);
#114 = DIRECTION('',(0.,0.,-1.));
#115 = ORIENTED_EDGE('',*,*,#116,.T.);
#116 = EDGE_CURVE('',#109,#69,#117,.T.);
#117 = LINE('',#118,#119);
#118 = CARTESIAN_POINT('',(123.,-28.,-1.67));
#119 = VECTOR('',#120,1.);
#120 = DIRECTION('',(1.,0.,0.));
#121 = ORIENTED_EDGE('',*,*,#66,.F.);
#122 = ORIENTED_EDGE('',*,*,#123,.F.);
#123 = EDGE_CURVE('',#107,#67,#124,.T.);
#124 = LINE('',#125,#126);
#125 = CARTESIAN_POINT('',(123.,-28.,0.));
#126 = VECTOR('',#127,1.);
#127 = DIRECTION('',(1.,0.,0.));
#128 = PLANE('',#129);
#129 = AXIS2_PLACEMENT_3D('',#130,#131,#132);
#130 = CARTESIAN_POINT('',(123.,-28.,0.));
#131 = DIRECTION('',(0.,-1.,0.));
#132 = DIRECTION('',(1.,0.,0.));
#133 = ADVANCED_FACE('',(#134),#159,.F.);
#134 = FACE_BOUND('',#135,.F.);
#135 = EDGE_LOOP('',(#136,#137,#145,#153));
#136 = ORIENTED_EDGE('',*,*,#84,.T.);
#137 = ORIENTED_EDGE('',*,*,#138,.T.);
#138 = EDGE_CURVE('',#77,#139,#141,.T.);
#139 = VERTEX_POINT('',#140);
#140 = CARTESIAN_POINT('',(139.,-100.,-1.67));
#141 = LINE('',#142,#143);
#142 = CARTESIAN_POINT('',(133.,-100.,-1.67));
#143 = VECTOR('',#144,1.);
#144 = DIRECTION('',(1.,0.,0.));
#145 = ORIENTED_EDGE('',*,*,#146,.F.);
#146 = EDGE_CURVE('',#147,#139,#149,.T.);
#147 = VERTEX_POINT('',#148);
#148 = CARTESIAN_POINT('',(139.,-100.,0.));
#149 = LINE('',#150,#151);
#150 = CARTESIAN_POINT('',(139.,-100.,0.));
#151 = VECTOR('',#152,1.);
#152 = DIRECTION('',(0.,0.,-1.));
#153 = ORIENTED_EDGE('',*,*,#154,.F.);
#154 = EDGE_CURVE('',#85,#147,#155,.T.);
#155 = LINE('',#156,#157);
#156 = CARTESIAN_POINT('',(133.,-100.,0.));
#157 = VECTOR('',#158,1.);
#158 = DIRECTION('',(1.,0.,0.));
#159 = PLANE('',#160);
#160 = AXIS2_PLACEMENT_3D('',#161,#162,#163);
#161 = CARTESIAN_POINT('',(133.,-100.,0.));
#162 = DIRECTION('',(0.,-1.,0.));
#163 = DIRECTION('',(1.,0.,0.));
#164 = ADVANCED_FACE('',(#165),#190,.F.);
#165 = FACE_BOUND('',#166,.F.);
#166 = EDGE_LOOP('',(#167,#177,#183,#184));
#167 = ORIENTED_EDGE('',*,*,#168,.T.);
#168 = EDGE_CURVE('',#169,#171,#173,.T.);
#169 = VERTEX_POINT('',#170);
#170 = CARTESIAN_POINT('',(123.,-100.,0.));
#171 = VERTEX_POINT('',#172);
#172 = CARTESIAN_POINT('',(123.,-100.,-1.67));
#173 = LINE('',#174,#175);
#174 = CARTESIAN_POINT('',(123.,-100.,0.));
#175 = VECTOR('',#176,1.);
#176 = DIRECTION('',(0.,0.,-1.));
#177 = ORIENTED_EDGE('',*,*,#178,.T.);
#178 = EDGE_CURVE('',#171,#109,#179,.T.);
#179 = LINE('',#180,#181);
#180 = CARTESIAN_POINT('',(123.,-100.,-1.67));
#181 = VECTOR('',#182,1.);
#182 = DIRECTION('',(0.,1.,0.));
#183 = ORIENTED_EDGE('',*,*,#106,.F.);
#184 = ORIENTED_EDGE('',*,*,#185,.F.);
#185 = EDGE_CURVE('',#169,#107,#186,.T.);
#186 = LINE('',#187,#188);
#187 = CARTESIAN_POINT('',(123.,-100.,0.));
#188 = VECTOR('',#189,1.);
#189 = DIRECTION('',(0.,1.,0.));
#190 = PLANE('',#191);
#191 = AXIS2_PLACEMENT_3D('',#192,#193,#194);
#192 = CARTESIAN_POINT('',(123.,-100.,0.));
#193 = DIRECTION('',(1.,-0.,0.));
#194 = DIRECTION('',(0.,1.,0.));
#195 = ADVANCED_FACE('',(#196),#221,.F.);
#196 = FACE_BOUND('',#197,.F.);
#197 = EDGE_LOOP('',(#198,#199,#207,#215));
#198 = ORIENTED_EDGE('',*,*,#146,.T.);
#199 = ORIENTED_EDGE('',*,*,#200,.T.);
#200 = EDGE_CURVE('',#139,#201,#203,.T.);
#201 = VERTEX_POINT('',#202);
#202 = CARTESIAN_POINT('',(139.,-28.,-1.67));
#203 = LINE('',#204,#205);
#204 = CARTESIAN_POINT('',(139.,-100.,-1.67));
#205 = VECTOR('',#206,1.);
#206 = DIRECTION('',(0.,1.,0.));
#207 = ORIENTED_EDGE('',*,*,#208,.F.);
#208 = EDGE_CURVE('',#209,#201,#211,.T.);
#209 = VERTEX_POINT('',#210);
#210 = CARTESIAN_POINT('',(139.,-28.,0.));
#211 = LINE('',#212,#213);
#212 = CARTESIAN_POINT('',(139.,-28.,0.));
#213 = VECTOR('',#214,1.);
#214 = DIRECTION('',(0.,0.,-1.));
#215 = ORIENTED_EDGE('',*,*,#216,.F.);
#216 = EDGE_CURVE('',#147,#209,#217,.T.);
#217 = LINE('',#218,#219);
#218 = CARTESIAN_POINT('',(139.,-100.,0.));
#219 = VECTOR('',#220,1.);
#220 = DIRECTION('',(0.,1.,0.));
#221 = PLANE('',#222);
#222 = AXIS2_PLACEMENT_3D('',#223,#224,#225);
#223 = CARTESIAN_POINT('',(139.,-100.,0.));
#224 = DIRECTION('',(1.,-0.,0.));
#225 = DIRECTION('',(0.,1.,0.));
#226 = ADVANCED_FACE('',(#227),#252,.F.);
#227 = FACE_BOUND('',#228,.F.);
#228 = EDGE_LOOP('',(#229,#239,#245,#246));
#229 = ORIENTED_EDGE('',*,*,#230,.T.);
#230 = EDGE_CURVE('',#231,#233,#235,.T.);
#231 = VERTEX_POINT('',#232);
#232 = CARTESIAN_POINT('',(117.,-100.,0.));
#233 = VERTEX_POINT('',#234);
#234 = CARTESIAN_POINT('',(117.,-100.,-1.67));
#235 = LINE('',#236,#237);
#236 = CARTESIAN_POINT('',(117.,-100.,0.));
#237 = VECTOR('',#238,1.);
#238 = DIRECTION('',(0.,0.,-1.));
#239 = ORIENTED_EDGE('',*,*,#240,.T.);
#240 = EDGE_CURVE('',#233,#171,#241,.T.);
#241 = LINE('',#242,#243);
#242 = CARTESIAN_POINT('',(117.,-100.,-1.67));
#243 = VECTOR('',#244,1.);
#244 = DIRECTION('',(1.,0.,0.));
#245 = ORIENTED_EDGE('',*,*,#168,.F.);
#246 = ORIENTED_EDGE('',*,*,#247,.F.);
#247 = EDGE_CURVE('',#231,#169,#248,.T.);
#248 = LINE('',#249,#250);
#249 = CARTESIAN_POINT('',(117.,-100.,0.));
#250 = VECTOR('',#251,1.);
#251 = DIRECTION('',(1.,0.,0.));
#252 = PLANE('',#253);
#253 = AXIS2_PLACEMENT_3D('',#254,#255,#256);
#254 = CARTESIAN_POINT('',(117.,-100.,0.));
#255 = DIRECTION('',(0.,-1.,0.));
#256 = DIRECTION('',(1.,0.,0.));
#257 = ADVANCED_FACE('',(#258),#283,.F.);
#258 = FACE_BOUND('',#259,.F.);
#259 = EDGE_LOOP('',(#260,#261,#269,#277));
#260 = ORIENTED_EDGE('',*,*,#208,.T.);
#261 = ORIENTED_EDGE('',*,*,#262,.T.);
#262 = EDGE_CURVE('',#201,#263,#265,.T.);
#263 = VERTEX_POINT('',#264);
#264 = CARTESIAN_POINT('',(149.,-28.,-1.67));
#265 = LINE('',#266,#267);
#266 = CARTESIAN_POINT('',(139.,-28.,-1.67));
#267 = VECTOR('',#268,1.);
#268 = DIRECTION('',(1.,0.,0.));
#269 = ORIENTED_EDGE('',*,*,#270,.F.);
#270 = EDGE_CURVE('',#271,#263,#273,.T.);
#271 = VERTEX_POINT('',#272);
#272 = CARTESIAN_POINT('',(149.,-28.,0.));
#273 = LINE('',#274,#275);
#274 = CARTESIAN_POINT('',(149.,-28.,0.));
#275 = VECTOR('',#276,1.);
#276 = DIRECTION('',(0.,0.,-1.));
#277 = ORIENTED_EDGE('',*,*,#278,.F.);
#278 = EDGE_CURVE('',#209,#271,#279,.T.);
#279 = LINE('',#280,#281);
#280 = CARTESIAN_POINT('',(139.,-28.,0.));
#281 = VECTOR('',#282,1.);
#282 = DIRECTION('',(1.,0.,0.));
#283 = PLANE('',#284);
#284 = AXIS2_PLACEMENT_3D('',#285,#286,#287);
#285 = CARTESIAN_POINT('',(139.,-28.,0.));
#286 = DIRECTION('',(0.,-1.,0.));
#287 = DIRECTION('',(1.,0.,0.));
#288 = ADVANCED_FACE('',(#289),#314,.F.);
#289 = FACE_BOUND('',#290,.F.);
#290 = EDGE_LOOP('',(#291,#301,#307,#308));
#291 = ORIENTED_EDGE('',*,*,#292,.T.);
#292 = EDGE_CURVE('',#293,#295,#297,.T.);
#293 = VERTEX_POINT('',#294);
#294 = CARTESIAN_POINT('',(117.,-28.,0.));
#295 = VERTEX_POINT('',#296);
#296 = CARTESIAN_POINT('',(117.,-28.,-1.67));
#297 = LINE('',#298,#299);
#298 = CARTESIAN_POINT('',(117.,-28.,0.));
#299 = VECTOR('',#300,1.);
#300 = DIRECTION('',(0.,0.,-1.));
#301 = ORIENTED_EDGE('',*,*,#302,.T.);
#302 = EDGE_CURVE('',#295,#233,#303,.T.);
#303 = LINE('',#304,#305);
#304 = CARTESIAN_POINT('',(117.,-28.,-1.67));
#305 = VECTOR('',#306,1.);
#306 = DIRECTION('',(0.,-1.,0.));
#307 = ORIENTED_EDGE('',*,*,#230,.F.);
#308 = ORIENTED_EDGE('',*,*,#309,.F.);
#309 = EDGE_CURVE('',#293,#231,#310,.T.);
#310 = LINE('',#311,#312);
#311 = CARTESIAN_POINT('',(117.,-28.,0.));
#312 = VECTOR('',#313,1.);
#313 = DIRECTION('',(0.,-1.,0.));
#314 = PLANE('',#315);
#315 = AXIS2_PLACEMENT_3D('',#316,#317,#318);
#316 = CARTESIAN_POINT('',(117.,-28.,0.));
#317 = DIRECTION('',(-1.,-0.,-0.));
#318 = DIRECTION('',(0.,-1.,0.));
#319 = ADVANCED_FACE('',(#320),#345,.F.);
#320 = FACE_BOUND('',#321,.F.);
#321 = EDGE_LOOP('',(#322,#323,#331,#339));
#322 = ORIENTED_EDGE('',*,*,#270,.T.);
#323 = ORIENTED_EDGE('',*,*,#324,.T.);
#324 = EDGE_CURVE('',#263,#325,#327,.T.);
#325 = VERTEX_POINT('',#326);
#326 = CARTESIAN_POINT('',(149.,-100.,-1.67));
#327 = LINE('',#328,#329);
#328 = CARTESIAN_POINT('',(149.,-28.,-1.67));
#329 = VECTOR('',#330,1.);
#330 = DIRECTION('',(0.,-1.,0.));
#331 = ORIENTED_EDGE('',*,*,#332,.F.);
#332 = EDGE_CURVE('',#333,#325,#335,.T.);
#333 = VERTEX_POINT('',#334);
#334 = CARTESIAN_POINT('',(149.,-100.,0.));
#335 = LINE('',#336,#337);
#336 = CARTESIAN_POINT('',(149.,-100.,0.));
#337 = VECTOR('',#338,1.);
#338 = DIRECTION('',(0.,0.,-1.));
#339 = ORIENTED_EDGE('',*,*,#340,.F.);
#340 = EDGE_CURVE('',#271,#333,#341,.T.);
#341 = LINE('',#342,#343);
#342 = CARTESIAN_POINT('',(149.,-28.,0.));
#343 = VECTOR('',#344,1.);
#344 = DIRECTION('',(0.,-1.,0.));
#345 = PLANE('',#346);
#346 = AXIS2_PLACEMENT_3D('',#347,#348,#349);
#347 = CARTESIAN_POINT('',(149.,-28.,0.));
#348 = DIRECTION('',(-1.,-0.,-0.));
#349 = DIRECTION('',(0.,-1.,0.));
#350 = ADVANCED_FACE('',(#351),#376,.F.);
#351 = FACE_BOUND('',#352,.F.);
#352 = EDGE_LOOP('',(#353,#363,#369,#370));
#353 = ORIENTED_EDGE('',*,*,#354,.T.);
#354 = EDGE_CURVE('',#355,#357,#359,.T.);
#355 = VERTEX_POINT('',#356);
#356 = CARTESIAN_POINT('',(107.,-28.,0.));
#357 = VERTEX_POINT('',#358);
#358 = CARTESIAN_POINT('',(107.,-28.,-1.67));
#359 = LINE('',#360,#361);
#360 = CARTESIAN_POINT('',(107.,-28.,0.));
#361 = VECTOR('',#362,1.);
#362 = DIRECTION('',(0.,0.,-1.));
#363 = ORIENTED_EDGE('',*,*,#364,.T.);
#364 = EDGE_CURVE('',#357,#295,#365,.T.);
#365 = LINE('',#366,#367);
#366 = CARTESIAN_POINT('',(107.,-28.,-1.67));
#367 = VECTOR('',#368,1.);
#368 = DIRECTION('',(1.,0.,0.));
#369 = ORIENTED_EDGE('',*,*,#292,.F.);
#370 = ORIENTED_EDGE('',*,*,#371,.F.);
#371 = EDGE_CURVE('',#355,#293,#372,.T.);
#372 = LINE('',#373,#374);
#373 = CARTESIAN_POINT('',(107.,-28.,0.));
#374 = VECTOR('',#375,1.);
#375 = DIRECTION('',(1.,0.,0.));
#376 = PLANE('',#377);
#377 = AXIS2_PLACEMENT_3D('',#378,#379,#380);
#378 = CARTESIAN_POINT('',(107.,-28.,0.));
#379 = DIRECTION('',(0.,-1.,0.));
#380 = DIRECTION('',(1.,0.,0.));
#381 = ADVANCED_FACE('',(#382),#407,.F.);
#382 = FACE_BOUND('',#383,.F.);
#383 = EDGE_LOOP('',(#384,#385,#393,#401));
#384 = ORIENTED_EDGE('',*,*,#332,.T.);
#385 = ORIENTED_EDGE('',*,*,#386,.T.);
#386 = EDGE_CURVE('',#325,#387,#389,.T.);
#387 = VERTEX_POINT('',#388);
#388 = CARTESIAN_POINT('',(155.,-100.,-1.67));
#389 = LINE('',#390,#391);
#390 = CARTESIAN_POINT('',(149.,-100.,-1.67));
#391 = VECTOR('',#392,1.);
#392 = DIRECTION('',(1.,0.,0.));
#393 = ORIENTED_EDGE('',*,*,#394,.F.);
#394 = EDGE_CURVE('',#395,#387,#397,.T.);
#395 = VERTEX_POINT('',#396);
#396 = CARTESIAN_POINT('',(155.,-100.,0.));
#397 = LINE('',#398,#399);
#398 = CARTESIAN_POINT('',(155.,-100.,0.));
#399 = VECTOR('',#400,1.);
#400 = DIRECTION('',(0.,0.,-1.));
#401 = ORIENTED_EDGE('',*,*,#402,.F.);
#402 = EDGE_CURVE('',#333,#395,#403,.T.);
#403 = LINE('',#404,#405);
#404 = CARTESIAN_POINT('',(149.,-100.,0.));
#405 = VECTOR('',#406,1.);
#406 = DIRECTION('',(1.,0.,0.));
#407 = PLANE('',#408);
#408 = AXIS2_PLACEMENT_3D('',#409,#410,#411);
#409 = CARTESIAN_POINT('',(149.,-100.,0.));
#410 = DIRECTION('',(0.,-1.,0.));
#411 = DIRECTION('',(1.,0.,0.));
#412 = ADVANCED_FACE('',(#413),#438,.F.);
#413 = FACE_BOUND('',#414,.F.);
#414 = EDGE_LOOP('',(#415,#425,#431,#432));
#415 = ORIENTED_EDGE('',*,*,#416,.T.);
#416 = EDGE_CURVE('',#417,#419,#421,.T.);
#417 = VERTEX_POINT('',#418);
#418 = CARTESIAN_POINT('',(107.,-100.,0.));
#419 = VERTEX_POINT('',#420);
#420 = CARTESIAN_POINT('',(107.,-100.,-1.67));
#421 = LINE('',#422,#423);
#422 = CARTESIAN_POINT('',(107.,-100.,0.));
#423 = VECTOR('',#424,1.);
#424 = DIRECTION('',(0.,0.,-1.));
#425 = ORIENTED_EDGE('',*,*,#426,.T.);
#426 = EDGE_CURVE('',#419,#357,#427,.T.);
#427 = LINE('',#428,#429);
#428 = CARTESIAN_POINT('',(107.,-100.,-1.67));
#429 = VECTOR('',#430,1.);
#430 = DIRECTION('',(0.,1.,0.));
#431 = ORIENTED_EDGE('',*,*,#354,.F.);
#432 = ORIENTED_EDGE('',*,*,#433,.F.);
#433 = EDGE_CURVE('',#417,#355,#434,.T.);
#434 = LINE('',#435,#436);
#435 = CARTESIAN_POINT('',(107.,-100.,0.));
#436 = VECTOR('',#437,1.);
#437 = DIRECTION('',(0.,1.,0.));
#438 = PLANE('',#439);
#439 = AXIS2_PLACEMENT_3D('',#440,#441,#442);
#440 = CARTESIAN_POINT('',(107.,-100.,0.));
#441 = DIRECTION('',(1.,-0.,0.));
#442 = DIRECTION('',(0.,1.,0.));
#443 = ADVANCED_FACE('',(#444),#469,.F.);
#444 = FACE_BOUND('',#445,.F.);
#445 = EDGE_LOOP('',(#446,#447,#455,#463));
#446 = ORIENTED_EDGE('',*,*,#394,.T.);
#447 = ORIENTED_EDGE('',*,*,#448,.T.);
#448 = EDGE_CURVE('',#387,#449,#451,.T.);
#449 = VERTEX_POINT('',#450);
#450 = CARTESIAN_POINT('',(155.,-28.,-1.67));
#451 = LINE('',#452,#453);
#452 = CARTESIAN_POINT('',(155.,-100.,-1.67));
#453 = VECTOR('',#454,1.);
#454 = DIRECTION('',(0.,1.,0.));
#455 = ORIENTED_EDGE('',*,*,#456,.F.);
#456 = EDGE_CURVE('',#457,#449,#459,.T.);
#457 = VERTEX_POINT('',#458);
#458 = CARTESIAN_POINT('',(155.,-28.,0.));
#459 = LINE('',#460,#461);
#460 = CARTESIAN_POINT('',(155.,-28.,0.));
#461 = VECTOR('',#462,1.);
#462 = DIRECTION('',(0.,0.,-1.));
#463 = ORIENTED_EDGE('',*,*,#464,.F.);
#464 = EDGE_CURVE('',#395,#457,#465,.T.);
#465 = LINE('',#466,#467);
#466 = CARTESIAN_POINT('',(155.,-100.,0.));
#467 = VECTOR('',#468,1.);
#468 = DIRECTION('',(0.,1.,0.));
#469 = PLANE('',#470);
#470 = AXIS2_PLACEMENT_3D('',#471,#472,#473);
#471 = CARTESIAN_POINT('',(155.,-100.,0.));
#472 = DIRECTION('',(1.,-0.,0.));
#473 = DIRECTION('',(0.,1.,0.));
#474 = ADVANCED_FACE('',(#475),#500,.F.);
#475 = FACE_BOUND('',#476,.F.);
#476 = EDGE_LOOP('',(#477,#487,#493,#494));
#477 = ORIENTED_EDGE('',*,*,#478,.T.);
#478 = EDGE_CURVE('',#479,#481,#483,.T.);
#479 = VERTEX_POINT('',#480);
#480 = CARTESIAN_POINT('',(100.,-100.,0.));
#481 = VERTEX_POINT('',#482);
#482 = CARTESIAN_POINT('',(100.,-100.,-1.67));
#483 = LINE('',#484,#485);
#484 = CARTESIAN_POINT('',(100.,-100.,0.));
#485 = VECTOR('',#486,1.);
#486 = DIRECTION('',(0.,0.,-1.));
#487 = ORIENTED_EDGE('',*,*,#488,.T.);
#488 = EDGE_CURVE('',#481,#419,#489,.T.);
#489 = LINE('',#490,#491);
#490 = CARTESIAN_POINT('',(100.,-100.,-1.67));
#491 = VECTOR('',#492,1.);
#492 = DIRECTION('',(1.,0.,0.));
#493 = ORIENTED_EDGE('',*,*,#416,.F.);
#494 = ORIENTED_EDGE('',*,*,#495,.F.);
#495 = EDGE_CURVE('',#479,#417,#496,.T.);
#496 = LINE('',#497,#498);
#497 = CARTESIAN_POINT('',(100.,-100.,0.));
#498 = VECTOR('',#499,1.);
#499 = DIRECTION('',(1.,0.,0.));
#500 = PLANE('',#501);
#501 = AXIS2_PLACEMENT_3D('',#502,#503,#504);
#502 = CARTESIAN_POINT('',(100.,-100.,0.));
#503 = DIRECTION('',(0.,-1.,0.));
#504 = DIRECTION('',(1.,0.,0.));
#505 = ADVANCED_FACE('',(#506),#531,.F.);
#506 = FACE_BOUND('',#507,.F.);
#507 = EDGE_LOOP('',(#508,#509,#517,#525));
#508 = ORIENTED_EDGE('',*,*,#456,.T.);
#509 = ORIENTED_EDGE('',*,*,#510,.T.);
#510 = EDGE_CURVE('',#449,#511,#513,.T.);
#511 = VERTEX_POINT('',#512);
#512 = CARTESIAN_POINT('',(165.,-28.,-1.67));
#513 = LINE('',#514,#515);
#514 = CARTESIAN_POINT('',(155.,-28.,-1.67));
#515 = VECTOR('',#516,1.);
#516 = DIRECTION('',(1.,0.,0.));
#517 = ORIENTED_EDGE('',*,*,#518,.F.);
#518 = EDGE_CURVE('',#519,#511,#521,.T.);
#519 = VERTEX_POINT('',#520);
#520 = CARTESIAN_POINT('',(165.,-28.,0.));
#521 = LINE('',#522,#523);
#522 = CARTESIAN_POINT('',(165.,-28.,0.));
#523 = VECTOR('',#524,1.);
#524 = DIRECTION('',(0.,0.,-1.));
#525 = ORIENTED_EDGE('',*,*,#526,.F.);
#526 = EDGE_CURVE('',#457,#519,#527,.T.);
#527 = LINE('',#528,#529);
#528 = CARTESIAN_POINT('',(155.,-28.,0.));
#529 = VECTOR('',#530,1.);
#530 = DIRECTION('',(1.,0.,0.));
#531 = PLANE('',#532);
#532 = AXIS2_PLACEMENT_3D('',#533,#534,#535);
#533 = CARTESIAN_POINT('',(155.,-28.,0.));
#534 = DIRECTION('',(0.,-1.,0.));
#535 = DIRECTION('',(1.,0.,0.));
#536 = ADVANCED_FACE('',(#537),#562,.F.);
#537 = FACE_BOUND('',#538,.F.);
#538 = EDGE_LOOP('',(#539,#549,#555,#556));
#539 = ORIENTED_EDGE('',*,*,#540,.T.);
#540 = EDGE_CURVE('',#541,#543,#545,.T.);
#541 = VERTEX_POINT('',#542);
#542 = CARTESIAN_POINT('',(100.,-138.,0.));
#543 = VERTEX_POINT('',#544);
#544 = CARTESIAN_POINT('',(100.,-138.,-1.67));
#545 = LINE('',#546,#547);
#546 = CARTESIAN_POINT('',(100.,-138.,0.));
#547 = VECTOR('',#548,1.);
#548 = DIRECTION('',(0.,0.,-1.));
#549 = ORIENTED_EDGE('',*,*,#550,.T.);
#550 = EDGE_CURVE('',#543,#481,#551,.T.);
#551 = LINE('',#552,#553);
#552 = CARTESIAN_POINT('',(100.,-138.,-1.67));
#553 = VECTOR('',#554,1.);
#554 = DIRECTION('',(0.,1.,0.));
#555 = ORIENTED_EDGE('',*,*,#478,.F.);
#556 = ORIENTED_EDGE('',*,*,#557,.F.);
#557 = EDGE_CURVE('',#541,#479,#558,.T.);
#558 = LINE('',#559,#560);
#559 = CARTESIAN_POINT('',(100.,-138.,0.));
#560 = VECTOR('',#561,1.);
#561 = DIRECTION('',(0.,1.,0.));
#562 = PLANE('',#563);
#563 = AXIS2_PLACEMENT_3D('',#564,#565,#566);
#564 = CARTESIAN_POINT('',(100.,-138.,0.));
#565 = DIRECTION('',(1.,-0.,0.));
#566 = DIRECTION('',(0.,1.,0.));
#567 = ADVANCED_FACE('',(#568),#593,.F.);
#568 = FACE_BOUND('',#569,.F.);
#569 = EDGE_LOOP('',(#570,#571,#579,#587));
#570 = ORIENTED_EDGE('',*,*,#518,.T.);
#571 = ORIENTED_EDGE('',*,*,#572,.T.);
#572 = EDGE_CURVE('',#511,#573,#575,.T.);
#573 = VERTEX_POINT('',#574);
#574 = CARTESIAN_POINT('',(165.,-100.,-1.67));
#575 = LINE('',#576,#577);
#576 = CARTESIAN_POINT('',(165.,-28.,-1.67));
#577 = VECTOR('',#578,1.);
#578 = DIRECTION('',(0.,-1.,0.));
#579 = ORIENTED_EDGE('',*,*,#580,.F.);
#580 = EDGE_CURVE('',#581,#573,#583,.T.);
#581 = VERTEX_POINT('',#582);
#582 = CARTESIAN_POINT('',(165.,-100.,0.));
#583 = LINE('',#584,#585);
#584 = CARTESIAN_POINT('',(165.,-100.,0.));
#585 = VECTOR('',#586,1.);
#586 = DIRECTION('',(0.,0.,-1.));
#587 = ORIENTED_EDGE('',*,*,#588,.F.);
#588 = EDGE_CURVE('',#519,#581,#589,.T.);
#589 = LINE('',#590,#591);
#590 = CARTESIAN_POINT('',(165.,-28.,0.));
#591 = VECTOR('',#592,1.);
#592 = DIRECTION('',(0.,-1.,0.));
#593 = PLANE('',#594);
#594 = AXIS2_PLACEMENT_3D('',#595,#596,#597);
#595 = CARTESIAN_POINT('',(165.,-28.,0.));
#596 = DIRECTION('',(-1.,-0.,-0.));
#597 = DIRECTION('',(0.,-1.,0.));
#598 = ADVANCED_FACE('',(#599),#624,.F.);
#599 = FACE_BOUND('',#600,.F.);
#600 = EDGE_LOOP('',(#601,#611,#617,#618));
#601 = ORIENTED_EDGE('',*,*,#602,.T.);
#602 = EDGE_CURVE('',#603,#605,#607,.T.);
#603 = VERTEX_POINT('',#604);
#604 = CARTESIAN_POINT('',(172.,-138.,0.));
#605 = VERTEX_POINT('',#606);
#606 = CARTESIAN_POINT('',(172.,-138.,-1.67));
#607 = LINE('',#608,#609);
#608 = CARTESIAN_POINT('',(172.,-138.,0.));
#609 = VECTOR('',#610,1.);
#610 = DIRECTION('',(0.,0.,-1.));
#611 = ORIENTED_EDGE('',*,*,#612,.T.);
#612 = EDGE_CURVE('',#605,#543,#613,.T.);
#613 = LINE('',#614,#615);
#614 = CARTESIAN_POINT('',(172.,-138.,-1.67));
#615 = VECTOR('',#616,1.);
#616 = DIRECTION('',(-1.,0.,0.));
#617 = ORIENTED_EDGE('',*,*,#540,.F.);
#618 = ORIENTED_EDGE('',*,*,#619,.F.);
#619 = EDGE_CURVE('',#603,#541,#620,.T.);
#620 = LINE('',#621,#622);
#621 = CARTESIAN_POINT('',(172.,-138.,0.));
#622 = VECTOR('',#623,1.);
#623 = DIRECTION('',(-1.,0.,0.));
#624 = PLANE('',#625);
#625 = AXIS2_PLACEMENT_3D('',#626,#627,#628);
#626 = CARTESIAN_POINT('',(172.,-138.,0.));
#627 = DIRECTION('',(0.,1.,0.));
#628 = DIRECTION('',(-1.,0.,0.));
#629 = ADVANCED_FACE('',(#630),#655,.F.);
#630 = FACE_BOUND('',#631,.F.);
#631 = EDGE_LOOP('',(#632,#633,#641,#649));
#632 = ORIENTED_EDGE('',*,*,#580,.T.);
#633 = ORIENTED_EDGE('',*,*,#634,.T.);
#634 = EDGE_CURVE('',#573,#635,#637,.T.);
#635 = VERTEX_POINT('',#636);
#636 = CARTESIAN_POINT('',(172.,-100.,-1.67));
#637 = LINE('',#638,#639);
#638 = CARTESIAN_POINT('',(165.,-100.,-1.67));
#639 = VECTOR('',#640,1.);
#640 = DIRECTION('',(1.,0.,0.));
#641 = ORIENTED_EDGE('',*,*,#642,.F.);
#642 = EDGE_CURVE('',#643,#635,#645,.T.);
#643 = VERTEX_POINT('',#644);
#644 = CARTESIAN_POINT('',(172.,-100.,0.));
#645 = LINE('',#646,#647);
#646 = CARTESIAN_POINT('',(172.,-100.,0.));
#647 = VECTOR('',#648,1.);
#648 = DIRECTION('',(0.,0.,-1.));
#649 = ORIENTED_EDGE('',*,*,#650,.F.);
#650 = EDGE_CURVE('',#581,#643,#651,.T.);
#651 = LINE('',#652,#653);
#652 = CARTESIAN_POINT('',(165.,-100.,0.));
#653 = VECTOR('',#654,1.);
#654 = DIRECTION('',(1.,0.,0.));
#655 = PLANE('',#656);
#656 = AXIS2_PLACEMENT_3D('',#657,#658,#659);
#657 = CARTESIAN_POINT('',(165.,-100.,0.));
#658 = DIRECTION('',(0.,-1.,0.));
#659 = DIRECTION('',(1.,0.,0.));
#660 = ADVANCED_FACE('',(#661),#677,.F.);
#661 = FACE_BOUND('',#662,.F.);
#662 = EDGE_LOOP('',(#663,#664,#670,#671));
#663 = ORIENTED_EDGE('',*,*,#642,.T.);
#664 = ORIENTED_EDGE('',*,*,#665,.T.);
#665 = EDGE_CURVE('',#635,#605,#666,.T.);
#666 = LINE('',#667,#668);
#667 = CARTESIAN_POINT('',(172.,-100.,-1.67));
#668 = VECTOR('',#669,1.);
#669 = DIRECTION('',(0.,-1.,0.));
#670 = ORIENTED_EDGE('',*,*,#602,.F.);
#671 = ORIENTED_EDGE('',*,*,#672,.F.);
#672 = EDGE_CURVE('',#643,#603,#673,.T.);
#673 = LINE('',#674,#675);
#674 = CARTESIAN_POINT('',(172.,-100.,0.));
#675 = VECTOR('',#676,1.);
#676 = DIRECTION('',(0.,-1.,0.));
#677 = PLANE('',#678);
#678 = AXIS2_PLACEMENT_3D('',#679,#680,#681);
#679 = CARTESIAN_POINT('',(172.,-100.,0.));
#680 = DIRECTION('',(-1.,-0.,-0.));
#681 = DIRECTION('',(0.,-1.,0.));
#682 = ADVANCED_FACE('',(#683),#710,.F.);
#683 = FACE_BOUND('',#684,.F.);
#684 = EDGE_LOOP('',(#685,#695,#702,#703));
#685 = ORIENTED_EDGE('',*,*,#686,.T.);
#686 = EDGE_CURVE('',#687,#689,#691,.T.);
#687 = VERTEX_POINT('',#688);
#688 = CARTESIAN_POINT('',(169.63195,-134.,0.));
#689 = VERTEX_POINT('',#690);
#690 = CARTESIAN_POINT('',(169.63195,-134.,-1.67));
#691 = LINE('',#692,#693);
#692 = CARTESIAN_POINT('',(169.63195,-134.,0.));
#693 = VECTOR('',#694,1.);
#694 = DIRECTION('',(0.,0.,-1.));
#695 = ORIENTED_EDGE('',*,*,#696,.T.);
#696 = EDGE_CURVE('',#689,#689,#697,.T.);
#697 = CIRCLE('',#698,1.63195);
#698 = AXIS2_PLACEMENT_3D('',#699,#700,#701);
#699 = CARTESIAN_POINT('',(168.,-134.,-1.67));
#700 = DIRECTION('',(0.,0.,1.));
#701 = DIRECTION('',(1.,0.,-0.));
#702 = ORIENTED_EDGE('',*,*,#686,.F.);
#703 = ORIENTED_EDGE('',*,*,#704,.F.);
#704 = EDGE_CURVE('',#687,#687,#705,.T.);
#705 = CIRCLE('',#706,1.63195);
#706 = AXIS2_PLACEMENT_3D('',#707,#708,#709);
#707 = CARTESIAN_POINT('',(168.,-134.,0.));
#708 = DIRECTION('',(0.,0.,1.));
#709 = DIRECTION('',(1.,0.,-0.));
#710 = CYLINDRICAL_SURFACE('',#711,1.63195);
#711 = AXIS2_PLACEMENT_3D('',#712,#713,#714);
#712 = CARTESIAN_POINT('',(168.,-134.,0.));
#713 = DIRECTION('',(0.,0.,1.));
#714 = DIRECTION('',(1.,0.,-0.));
#715 = ADVANCED_FACE('',(#716),#743,.F.);
#716 = FACE_BOUND('',#717,.F.);
#717 = EDGE_LOOP('',(#718,#728,#735,#736));
#718 = ORIENTED_EDGE('',*,*,#719,.T.);
#719 = EDGE_CURVE('',#720,#722,#724,.T.);
#720 = VERTEX_POINT('',#721);
#721 = CARTESIAN_POINT('',(155.82,-133.,0.));
#722 = VERTEX_POINT('',#723);
#723 = CARTESIAN_POINT('',(155.82,-133.,-1.67));
#724 = LINE('',#725,#726);
#725 = CARTESIAN_POINT('',(155.82,-133.,0.));
#726 = VECTOR('',#727,1.);
#727 = DIRECTION('',(0.,0.,-1.));
#728 = ORIENTED_EDGE('',*,*,#729,.T.);
#729 = EDGE_CURVE('',#722,#722,#730,.T.);
#730 = CIRCLE('',#731,1.32);
#731 = AXIS2_PLACEMENT_3D('',#732,#733,#734);
#732 = CARTESIAN_POINT('',(154.5,-133.,-1.67));
#733 = DIRECTION('',(0.,0.,1.));
#734 = DIRECTION('',(1.,0.,-0.));
#735 = ORIENTED_EDGE('',*,*,#719,.F.);
#736 = ORIENTED_EDGE('',*,*,#737,.F.);
#737 = EDGE_CURVE('',#720,#720,#738,.T.);
#738 = CIRCLE('',#739,1.32);
#739 = AXIS2_PLACEMENT_3D('',#740,#741,#742);
#740 = CARTESIAN_POINT('',(154.5,-133.,0.));
#741 = DIRECTION('',(0.,0.,1.));
#742 = DIRECTION('',(1.,0.,-0.));
#743 = CYLINDRICAL_SURFACE('',#744,1.32);
#744 = AXIS2_PLACEMENT_3D('',#745,#746,#747);
#745 = CARTESIAN_POINT('',(154.5,-133.,0.));
#746 = DIRECTION('',(0.,0.,1.));
#747 = DIRECTION('',(1.,0.,-0.));
#748 = ADVANCED_FACE('',(#749),#776,.F.);
#749 = FACE_BOUND('',#750,.F.);
#750 = EDGE_LOOP('',(#751,#761,#768,#769));
#751 = ORIENTED_EDGE('',*,*,#752,.T.);
#752 = EDGE_CURVE('',#753,#755,#757,.T.);
#753 = VERTEX_POINT('',#754);
#754 = CARTESIAN_POINT('',(157.525,-122.74,0.));
#755 = VERTEX_POINT('',#756);
#756 = CARTESIAN_POINT('',(157.525,-122.74,-1.67));
#757 = LINE('',#758,#759);
#758 = CARTESIAN_POINT('',(157.525,-122.74,0.));
#759 = VECTOR('',#760,1.);
#760 = DIRECTION('',(0.,0.,-1.));
#761 = ORIENTED_EDGE('',*,*,#762,.T.);
#762 = EDGE_CURVE('',#755,#755,#763,.T.);
#763 = CIRCLE('',#764,0.355);
#764 = AXIS2_PLACEMENT_3D('',#765,#766,#767);
#765 = CARTESIAN_POINT('',(157.17,-122.74,-1.67));
#766 = DIRECTION('',(0.,0.,1.));
#767 = DIRECTION('',(1.,0.,-0.));
#768 = ORIENTED_EDGE('',*,*,#752,.F.);
#769 = ORIENTED_EDGE('',*,*,#770,.F.);
#770 = EDGE_CURVE('',#753,#753,#771,.T.);
#771 = CIRCLE('',#772,0.355);
#772 = AXIS2_PLACEMENT_3D('',#773,#774,#775);
#773 = CARTESIAN_POINT('',(157.17,-122.74,0.));
#774 = DIRECTION('',(0.,0.,1.));
#775 = DIRECTION('',(1.,0.,-0.));
#776 = CYLINDRICAL_SURFACE('',#777,0.355);
#777 = AXIS2_PLACEMENT_3D('',#778,#779,#780);
#778 = CARTESIAN_POINT('',(157.17,-122.74,0.));
#779 = DIRECTION('',(0.,0.,1.));
#780 = DIRECTION('',(1.,0.,-0.));
#781 = ADVANCED_FACE('',(#782),#809,.F.);
#782 = FACE_BOUND('',#783,.F.);
#783 = EDGE_LOOP('',(#784,#794,#801,#802));
#784 = ORIENTED_EDGE('',*,*,#785,.T.);
#785 = EDGE_CURVE('',#786,#788,#790,.T.);
#786 = VERTEX_POINT('',#787);
#787 = CARTESIAN_POINT('',(154.985,-122.74,0.));
#788 = VERTEX_POINT('',#789);
#789 = CARTESIAN_POINT('',(154.985,-122.74,-1.67));
#790 = LINE('',#791,#792);
#791 = CARTESIAN_POINT('',(154.985,-122.74,0.));
#792 = VECTOR('',#793,1.);
#793 = DIRECTION('',(0.,0.,-1.));
#794 = ORIENTED_EDGE('',*,*,#795,.T.);
#795 = EDGE_CURVE('',#788,#788,#796,.T.);
#796 = CIRCLE('',#797,0.355);
#797 = AXIS2_PLACEMENT_3D('',#798,#799,#800);
#798 = CARTESIAN_POINT('',(154.63,-122.74,-1.67));
#799 = DIRECTION('',(0.,0.,1.));
#800 = DIRECTION('',(1.,0.,-0.));
#801 = ORIENTED_EDGE('',*,*,#785,.F.);
#802 = ORIENTED_EDGE('',*,*,#803,.F.);
#803 = EDGE_CURVE('',#786,#786,#804,.T.);
#804 = CIRCLE('',#805,0.355);
#805 = AXIS2_PLACEMENT_3D('',#806,#807,#808);
#806 = CARTESIAN_POINT('',(154.63,-122.74,0.));
#807 = DIRECTION('',(0.,0.,1.));
#808 = DIRECTION('',(1.,0.,-0.));
#809 = CYLINDRICAL_SURFACE('',#810,0.355);
#810 = AXIS2_PLACEMENT_3D('',#811,#812,#813);
#811 = CARTESIAN_POINT('',(154.63,-122.74,0.));
#812 = DIRECTION('',(0.,0.,1.));
#813 = DIRECTION('',(1.,0.,-0.));
#814 = ADVANCED_FACE('',(#815),#842,.F.);
#815 = FACE_BOUND('',#816,.F.);
#816 = EDGE_LOOP('',(#817,#827,#834,#835));
#817 = ORIENTED_EDGE('',*,*,#818,.T.);
#818 = EDGE_CURVE('',#819,#821,#823,.T.);
#819 = VERTEX_POINT('',#820);
#820 = CARTESIAN_POINT('',(162.3,-120.2,0.));
#821 = VERTEX_POINT('',#822);
#822 = CARTESIAN_POINT('',(162.3,-120.2,-1.67));
#823 = LINE('',#824,#825);
#824 = CARTESIAN_POINT('',(162.3,-120.2,0.));
#825 = VECTOR('',#826,1.);
#826 = DIRECTION('',(0.,0.,-1.));
#827 = ORIENTED_EDGE('',*,*,#828,.T.);
#828 = EDGE_CURVE('',#821,#821,#829,.T.);
#829 = CIRCLE('',#830,1.32);
#830 = AXIS2_PLACEMENT_3D('',#831,#832,#833);
#831 = CARTESIAN_POINT('',(160.98,-120.2,-1.67));
#832 = DIRECTION('',(0.,0.,1.));
#833 = DIRECTION('',(1.,0.,-0.));
#834 = ORIENTED_EDGE('',*,*,#818,.F.);
#835 = ORIENTED_EDGE('',*,*,#836,.F.);
#836 = EDGE_CURVE('',#819,#819,#837,.T.);
#837 = CIRCLE('',#838,1.32);
#838 = AXIS2_PLACEMENT_3D('',#839,#840,#841);
#839 = CARTESIAN_POINT('',(160.98,-120.2,0.));
#840 = DIRECTION('',(0.,0.,1.));
#841 = DIRECTION('',(1.,0.,-0.));
#842 = CYLINDRICAL_SURFACE('',#843,1.32);
#843 = AXIS2_PLACEMENT_3D('',#844,#845,#846);
#844 = CARTESIAN_POINT('',(160.98,-120.2,0.));
#845 = DIRECTION('',(0.,0.,1.));
#846 = DIRECTION('',(1.,0.,-0.));
#847 = ADVANCED_FACE('',(#848),#875,.F.);
#848 = FACE_BOUND('',#849,.F.);
#849 = EDGE_LOOP('',(#850,#860,#867,#868));
#850 = ORIENTED_EDGE('',*,*,#851,.T.);
#851 = EDGE_CURVE('',#852,#854,#856,.T.);
#852 = VERTEX_POINT('',#853);
#853 = CARTESIAN_POINT('',(156.255,-120.2,0.));
#854 = VERTEX_POINT('',#855);
#855 = CARTESIAN_POINT('',(156.255,-120.2,-1.67));
#856 = LINE('',#857,#858);
#857 = CARTESIAN_POINT('',(156.255,-120.2,0.));
#858 = VECTOR('',#859,1.);
#859 = DIRECTION('',(0.,0.,-1.));
#860 = ORIENTED_EDGE('',*,*,#861,.T.);
#861 = EDGE_CURVE('',#854,#854,#862,.T.);
#862 = CIRCLE('',#863,0.355);
#863 = AXIS2_PLACEMENT_3D('',#864,#865,#866);
#864 = CARTESIAN_POINT('',(155.9,-120.2,-1.67));
#865 = DIRECTION('',(0.,0.,1.));
#866 = DIRECTION('',(1.,0.,-0.));
#867 = ORIENTED_EDGE('',*,*,#851,.F.);
#868 = ORIENTED_EDGE('',*,*,#869,.F.);
#869 = EDGE_CURVE('',#852,#852,#870,.T.);
#870 = CIRCLE('',#871,0.355);
#871 = AXIS2_PLACEMENT_3D('',#872,#873,#874);
#872 = CARTESIAN_POINT('',(155.9,-120.2,0.));
#873 = DIRECTION('',(0.,0.,1.));
#874 = DIRECTION('',(1.,0.,-0.));
#875 = CYLINDRICAL_SURFACE('',#876,0.355);
#876 = AXIS2_PLACEMENT_3D('',#877,#878,#879);
#877 = CARTESIAN_POINT('',(155.9,-120.2,0.));
#878 = DIRECTION('',(0.,0.,1.));
#879 = DIRECTION('',(1.,0.,-0.));
#880 = ADVANCED_FACE('',(#881),#908,.F.);
#881 = FACE_BOUND('',#882,.F.);
#882 = EDGE_LOOP('',(#883,#893,#900,#901));
#883 = ORIENTED_EDGE('',*,*,#884,.T.);
#884 = EDGE_CURVE('',#885,#887,#889,.T.);
#885 = VERTEX_POINT('',#886);
#886 = CARTESIAN_POINT('',(153.715,-120.2,0.));
#887 = VERTEX_POINT('',#888);
#888 = CARTESIAN_POINT('',(153.715,-120.2,-1.67));
#889 = LINE('',#890,#891);
#890 = CARTESIAN_POINT('',(153.715,-120.2,0.));
#891 = VECTOR('',#892,1.);
#892 = DIRECTION('',(0.,0.,-1.));
#893 = ORIENTED_EDGE('',*,*,#894,.T.);
#894 = EDGE_CURVE('',#887,#887,#895,.T.);
#895 = CIRCLE('',#896,0.355);
#896 = AXIS2_PLACEMENT_3D('',#897,#898,#899);
#897 = CARTESIAN_POINT('',(153.36,-120.2,-1.67));
#898 = DIRECTION('',(0.,0.,1.));
#899 = DIRECTION('',(1.,0.,-0.));
#900 = ORIENTED_EDGE('',*,*,#884,.F.);
#901 = ORIENTED_EDGE('',*,*,#902,.F.);
#902 = EDGE_CURVE('',#885,#885,#903,.T.);
#903 = CIRCLE('',#904,0.355);
#904 = AXIS2_PLACEMENT_3D('',#905,#906,#907);
#905 = CARTESIAN_POINT('',(153.36,-120.2,0.));
#906 = DIRECTION('',(0.,0.,1.));
#907 = DIRECTION('',(1.,0.,-0.));
#908 = CYLINDRICAL_SURFACE('',#909,0.355);
#909 = AXIS2_PLACEMENT_3D('',#910,#911,#912);
#910 = CARTESIAN_POINT('',(153.36,-120.2,0.));
#911 = DIRECTION('',(0.,0.,1.));
#912 = DIRECTION('',(1.,0.,-0.));
#913 = ADVANCED_FACE('',(#914),#941,.F.);
#914 = FACE_BOUND('',#915,.F.);
#915 = EDGE_LOOP('',(#916,#926,#933,#934));
#916 = ORIENTED_EDGE('',*,*,#917,.T.);
#917 = EDGE_CURVE('',#918,#920,#922,.T.);
#918 = VERTEX_POINT('',#919);
#919 = CARTESIAN_POINT('',(154.985,-117.66,0.));
#920 = VERTEX_POINT('',#921);
#921 = CARTESIAN_POINT('',(154.985,-117.66,-1.67));
#922 = LINE('',#923,#924);
#923 = CARTESIAN_POINT('',(154.985,-117.66,0.));
#924 = VECTOR('',#925,1.);
#925 = DIRECTION('',(0.,0.,-1.));
#926 = ORIENTED_EDGE('',*,*,#927,.T.);
#927 = EDGE_CURVE('',#920,#920,#928,.T.);
#928 = CIRCLE('',#929,0.355);
#929 = AXIS2_PLACEMENT_3D('',#930,#931,#932);
#930 = CARTESIAN_POINT('',(154.63,-117.66,-1.67));
#931 = DIRECTION('',(0.,0.,1.));
#932 = DIRECTION('',(1.,0.,-0.));
#933 = ORIENTED_EDGE('',*,*,#917,.F.);
#934 = ORIENTED_EDGE('',*,*,#935,.F.);
#935 = EDGE_CURVE('',#918,#918,#936,.T.);
#936 = CIRCLE('',#937,0.355);
#937 = AXIS2_PLACEMENT_3D('',#938,#939,#940);
#938 = CARTESIAN_POINT('',(154.63,-117.66,0.));
#939 = DIRECTION('',(0.,0.,1.));
#940 = DIRECTION('',(1.,0.,-0.));
#941 = CYLINDRICAL_SURFACE('',#942,0.355);
#942 = AXIS2_PLACEMENT_3D('',#943,#944,#945);
#943 = CARTESIAN_POINT('',(154.63,-117.66,0.));
#944 = DIRECTION('',(0.,0.,1.));
#945 = DIRECTION('',(1.,0.,-0.));
#946 = ADVANCED_FACE('',(#947),#974,.F.);
#947 = FACE_BOUND('',#948,.F.);
#948 = EDGE_LOOP('',(#949,#959,#966,#967));
#949 = ORIENTED_EDGE('',*,*,#950,.T.);
#950 = EDGE_CURVE('',#951,#953,#955,.T.);
#951 = VERTEX_POINT('',#952);
#952 = CARTESIAN_POINT('',(149.801,-134.27,0.));
#953 = VERTEX_POINT('',#954);
#954 = CARTESIAN_POINT('',(149.801,-134.27,-1.67));
#955 = LINE('',#956,#957);
#956 = CARTESIAN_POINT('',(149.801,-134.27,0.));
#957 = VECTOR('',#958,1.);
#958 = DIRECTION('',(0.,0.,-1.));
#959 = ORIENTED_EDGE('',*,*,#960,.T.);
#960 = EDGE_CURVE('',#953,#953,#961,.T.);
#961 = CIRCLE('',#962,0.381);
#962 = AXIS2_PLACEMENT_3D('',#963,#964,#965);
#963 = CARTESIAN_POINT('',(149.42,-134.27,-1.67));
#964 = DIRECTION('',(0.,0.,1.));
#965 = DIRECTION('',(1.,0.,-0.));
#966 = ORIENTED_EDGE('',*,*,#950,.F.);
#967 = ORIENTED_EDGE('',*,*,#968,.F.);
#968 = EDGE_CURVE('',#951,#951,#969,.T.);
#969 = CIRCLE('',#970,0.381);
#970 = AXIS2_PLACEMENT_3D('',#971,#972,#973);
#971 = CARTESIAN_POINT('',(149.42,-134.27,0.));
#972 = DIRECTION('',(0.,0.,1.));
#973 = DIRECTION('',(1.,0.,-0.));
#974 = CYLINDRICAL_SURFACE('',#975,0.381);
#975 = AXIS2_PLACEMENT_3D('',#976,#977,#978);
#976 = CARTESIAN_POINT('',(149.42,-134.27,0.));
#977 = DIRECTION('',(0.,0.,1.));
#978 = DIRECTION('',(1.,0.,-0.));
#979 = ADVANCED_FACE('',(#980),#1007,.F.);
#980 = FACE_BOUND('',#981,.F.);
#981 = EDGE_LOOP('',(#982,#992,#999,#1000));
#982 = ORIENTED_EDGE('',*,*,#983,.T.);
#983 = EDGE_CURVE('',#984,#986,#988,.T.);
#984 = VERTEX_POINT('',#985);
#985 = CARTESIAN_POINT('',(151.071,-131.73,0.));
#986 = VERTEX_POINT('',#987);
#987 = CARTESIAN_POINT('',(151.071,-131.73,-1.67));
#988 = LINE('',#989,#990);
#989 = CARTESIAN_POINT('',(151.071,-131.73,0.));
#990 = VECTOR('',#991,1.);
#991 = DIRECTION('',(0.,0.,-1.));
#992 = ORIENTED_EDGE('',*,*,#993,.T.);
#993 = EDGE_CURVE('',#986,#986,#994,.T.);
#994 = CIRCLE('',#995,0.381);
#995 = AXIS2_PLACEMENT_3D('',#996,#997,#998);
#996 = CARTESIAN_POINT('',(150.69,-131.73,-1.67));
#997 = DIRECTION('',(0.,0.,1.));
#998 = DIRECTION('',(1.,0.,-0.));
#999 = ORIENTED_EDGE('',*,*,#983,.F.);
#1000 = ORIENTED_EDGE('',*,*,#1001,.F.);
#1001 = EDGE_CURVE('',#984,#984,#1002,.T.);
#1002 = CIRCLE('',#1003,0.381);
#1003 = AXIS2_PLACEMENT_3D('',#1004,#1005,#1006);
#1004 = CARTESIAN_POINT('',(150.69,-131.73,0.));
#1005 = DIRECTION('',(0.,0.,1.));
#1006 = DIRECTION('',(1.,0.,-0.));
#1007 = CYLINDRICAL_SURFACE('',#1008,0.381);
#1008 = AXIS2_PLACEMENT_3D('',#1009,#1010,#1011);
#1009 = CARTESIAN_POINT('',(150.69,-131.73,0.));
#1010 = DIRECTION('',(0.,0.,1.));
#1011 = DIRECTION('',(1.,0.,-0.));
#1012 = ADVANCED_FACE('',(#1013),#1040,.F.);
#1013 = FACE_BOUND('',#1014,.F.);
#1014 = EDGE_LOOP('',(#1015,#1025,#1032,#1033));
#1015 = ORIENTED_EDGE('',*,*,#1016,.T.);
#1016 = EDGE_CURVE('',#1017,#1019,#1021,.T.);
#1017 = VERTEX_POINT('',#1018);
#1018 = CARTESIAN_POINT('',(147.261,-134.27,0.));
#1019 = VERTEX_POINT('',#1020);
#1020 = CARTESIAN_POINT('',(147.261,-134.27,-1.67));
#1021 = LINE('',#1022,#1023);
#1022 = CARTESIAN_POINT('',(147.261,-134.27,0.));
#1023 = VECTOR('',#1024,1.);
#1024 = DIRECTION('',(0.,0.,-1.));
#1025 = ORIENTED_EDGE('',*,*,#1026,.T.);
#1026 = EDGE_CURVE('',#1019,#1019,#1027,.T.);
#1027 = CIRCLE('',#1028,0.381);
#1028 = AXIS2_PLACEMENT_3D('',#1029,#1030,#1031);
#1029 = CARTESIAN_POINT('',(146.88,-134.27,-1.67));
#1030 = DIRECTION('',(0.,0.,1.));
#1031 = DIRECTION('',(1.,0.,-0.));
#1032 = ORIENTED_EDGE('',*,*,#1016,.F.);
#1033 = ORIENTED_EDGE('',*,*,#1034,.F.);
#1034 = EDGE_CURVE('',#1017,#1017,#1035,.T.);
#1035 = CIRCLE('',#1036,0.381);
#1036 = AXIS2_PLACEMENT_3D('',#1037,#1038,#1039);
#1037 = CARTESIAN_POINT('',(146.88,-134.27,0.));
#1038 = DIRECTION('',(0.,0.,1.));
#1039 = DIRECTION('',(1.,0.,-0.));
#1040 = CYLINDRICAL_SURFACE('',#1041,0.381);
#1041 = AXIS2_PLACEMENT_3D('',#1042,#1043,#1044);
#1042 = CARTESIAN_POINT('',(146.88,-134.27,0.));
#1043 = DIRECTION('',(0.,0.,1.));
#1044 = DIRECTION('',(1.,0.,-0.));
#1045 = ADVANCED_FACE('',(#1046),#1073,.F.);
#1046 = FACE_BOUND('',#1047,.F.);
#1047 = EDGE_LOOP('',(#1048,#1058,#1065,#1066));
#1048 = ORIENTED_EDGE('',*,*,#1049,.T.);
#1049 = EDGE_CURVE('',#1050,#1052,#1054,.T.);
#1050 = VERTEX_POINT('',#1051);
#1051 = CARTESIAN_POINT('',(148.531,-131.73,0.));
#1052 = VERTEX_POINT('',#1053);
#1053 = CARTESIAN_POINT('',(148.531,-131.73,-1.67));
#1054 = LINE('',#1055,#1056);
#1055 = CARTESIAN_POINT('',(148.531,-131.73,0.));
#1056 = VECTOR('',#1057,1.);
#1057 = DIRECTION('',(0.,0.,-1.));
#1058 = ORIENTED_EDGE('',*,*,#1059,.T.);
#1059 = EDGE_CURVE('',#1052,#1052,#1060,.T.);
#1060 = CIRCLE('',#1061,0.381);
#1061 = AXIS2_PLACEMENT_3D('',#1062,#1063,#1064);
#1062 = CARTESIAN_POINT('',(148.15,-131.73,-1.67));
#1063 = DIRECTION('',(0.,0.,1.));
#1064 = DIRECTION('',(1.,0.,-0.));
#1065 = ORIENTED_EDGE('',*,*,#1049,.F.);
#1066 = ORIENTED_EDGE('',*,*,#1067,.F.);
#1067 = EDGE_CURVE('',#1050,#1050,#1068,.T.);
#1068 = CIRCLE('',#1069,0.381);
#1069 = AXIS2_PLACEMENT_3D('',#1070,#1071,#1072);
#1070 = CARTESIAN_POINT('',(148.15,-131.73,0.));
#1071 = DIRECTION('',(0.,0.,1.));
#1072 = DIRECTION('',(1.,0.,-0.));
#1073 = CYLINDRICAL_SURFACE('',#1074,0.381);
#1074 = AXIS2_PLACEMENT_3D('',#1075,#1076,#1077);
#1075 = CARTESIAN_POINT('',(148.15,-131.73,0.));
#1076 = DIRECTION('',(0.,0.,1.));
#1077 = DIRECTION('',(1.,0.,-0.));
#1078 = ADVANCED_FACE('',(#1079),#1106,.F.);
#1079 = FACE_BOUND('',#1080,.F.);
#1080 = EDGE_LOOP('',(#1081,#1091,#1098,#1099));
#1081 = ORIENTED_EDGE('',*,*,#1082,.T.);
#1082 = EDGE_CURVE('',#1083,#1085,#1087,.T.);
#1083 = VERTEX_POINT('',#1084);
#1084 = CARTESIAN_POINT('',(145.991,-131.73,0.));
#1085 = VERTEX_POINT('',#1086);
#1086 = CARTESIAN_POINT('',(145.991,-131.73,-1.67));
#1087 = LINE('',#1088,#1089);
#1088 = CARTESIAN_POINT('',(145.991,-131.73,0.));
#1089 = VECTOR('',#1090,1.);
#1090 = DIRECTION('',(0.,0.,-1.));
#1091 = ORIENTED_EDGE('',*,*,#1092,.T.);
#1092 = EDGE_CURVE('',#1085,#1085,#1093,.T.);
#1093 = CIRCLE('',#1094,0.381);
#1094 = AXIS2_PLACEMENT_3D('',#1095,#1096,#1097);
#1095 = CARTESIAN_POINT('',(145.61,-131.73,-1.67));
#1096 = DIRECTION('',(0.,0.,1.));
#1097 = DIRECTION('',(1.,0.,-0.));
#1098 = ORIENTED_EDGE('',*,*,#1082,.F.);
#1099 = ORIENTED_EDGE('',*,*,#1100,.F.);
#1100 = EDGE_CURVE('',#1083,#1083,#1101,.T.);
#1101 = CIRCLE('',#1102,0.381);
#1102 = AXIS2_PLACEMENT_3D('',#1103,#1104,#1105);
#1103 = CARTESIAN_POINT('',(145.61,-131.73,0.));
#1104 = DIRECTION('',(0.,0.,1.));
#1105 = DIRECTION('',(1.,0.,-0.));
#1106 = CYLINDRICAL_SURFACE('',#1107,0.381);
#1107 = AXIS2_PLACEMENT_3D('',#1108,#1109,#1110);
#1108 = CARTESIAN_POINT('',(145.61,-131.73,0.));
#1109 = DIRECTION('',(0.,0.,1.));
#1110 = DIRECTION('',(1.,0.,-0.));
#1111 = ADVANCED_FACE('',(#1112),#1139,.F.);
#1112 = FACE_BOUND('',#1113,.F.);
#1113 = EDGE_LOOP('',(#1114,#1124,#1131,#1132));
#1114 = ORIENTED_EDGE('',*,*,#1115,.T.);
#1115 = EDGE_CURVE('',#1116,#1118,#1120,.T.);
#1116 = VERTEX_POINT('',#1117);
#1117 = CARTESIAN_POINT('',(152.445,-122.74,0.));
#1118 = VERTEX_POINT('',#1119);
#1119 = CARTESIAN_POINT('',(152.445,-122.74,-1.67));
#1120 = LINE('',#1121,#1122);
#1121 = CARTESIAN_POINT('',(152.445,-122.74,0.));
#1122 = VECTOR('',#1123,1.);
#1123 = DIRECTION('',(0.,0.,-1.));
#1124 = ORIENTED_EDGE('',*,*,#1125,.T.);
#1125 = EDGE_CURVE('',#1118,#1118,#1126,.T.);
#1126 = CIRCLE('',#1127,0.355);
#1127 = AXIS2_PLACEMENT_3D('',#1128,#1129,#1130);
#1128 = CARTESIAN_POINT('',(152.09,-122.74,-1.67));
#1129 = DIRECTION('',(0.,0.,1.));
#1130 = DIRECTION('',(1.,0.,-0.));
#1131 = ORIENTED_EDGE('',*,*,#1115,.F.);
#1132 = ORIENTED_EDGE('',*,*,#1133,.F.);
#1133 = EDGE_CURVE('',#1116,#1116,#1134,.T.);
#1134 = CIRCLE('',#1135,0.355);
#1135 = AXIS2_PLACEMENT_3D('',#1136,#1137,#1138);
#1136 = CARTESIAN_POINT('',(152.09,-122.74,0.));
#1137 = DIRECTION('',(0.,0.,1.));
#1138 = DIRECTION('',(1.,0.,-0.));
#1139 = CYLINDRICAL_SURFACE('',#1140,0.355);
#1140 = AXIS2_PLACEMENT_3D('',#1141,#1142,#1143);
#1141 = CARTESIAN_POINT('',(152.09,-122.74,0.));
#1142 = DIRECTION('',(0.,0.,1.));
#1143 = DIRECTION('',(1.,0.,-0.));
#1144 = ADVANCED_FACE('',(#1145),#1172,.F.);
#1145 = FACE_BOUND('',#1146,.F.);
#1146 = EDGE_LOOP('',(#1147,#1157,#1164,#1165));
#1147 = ORIENTED_EDGE('',*,*,#1148,.T.);
#1148 = EDGE_CURVE('',#1149,#1151,#1153,.T.);
#1149 = VERTEX_POINT('',#1150);
#1150 = CARTESIAN_POINT('',(149.905,-122.74,0.));
#1151 = VERTEX_POINT('',#1152);
#1152 = CARTESIAN_POINT('',(149.905,-122.74,-1.67));
#1153 = LINE('',#1154,#1155);
#1154 = CARTESIAN_POINT('',(149.905,-122.74,0.));
#1155 = VECTOR('',#1156,1.);
#1156 = DIRECTION('',(0.,0.,-1.));
#1157 = ORIENTED_EDGE('',*,*,#1158,.T.);
#1158 = EDGE_CURVE('',#1151,#1151,#1159,.T.);
#1159 = CIRCLE('',#1160,0.355);
#1160 = AXIS2_PLACEMENT_3D('',#1161,#1162,#1163);
#1161 = CARTESIAN_POINT('',(149.55,-122.74,-1.67));
#1162 = DIRECTION('',(0.,0.,1.));
#1163 = DIRECTION('',(1.,0.,-0.));
#1164 = ORIENTED_EDGE('',*,*,#1148,.F.);
#1165 = ORIENTED_EDGE('',*,*,#1166,.F.);
#1166 = EDGE_CURVE('',#1149,#1149,#1167,.T.);
#1167 = CIRCLE('',#1168,0.355);
#1168 = AXIS2_PLACEMENT_3D('',#1169,#1170,#1171);
#1169 = CARTESIAN_POINT('',(149.55,-122.74,0.));
#1170 = DIRECTION('',(0.,0.,1.));
#1171 = DIRECTION('',(1.,0.,-0.));
#1172 = CYLINDRICAL_SURFACE('',#1173,0.355);
#1173 = AXIS2_PLACEMENT_3D('',#1174,#1175,#1176);
#1174 = CARTESIAN_POINT('',(149.55,-122.74,0.));
#1175 = DIRECTION('',(0.,0.,1.));
#1176 = DIRECTION('',(1.,0.,-0.));
#1177 = ADVANCED_FACE('',(#1178),#1205,.F.);
#1178 = FACE_BOUND('',#1179,.F.);
#1179 = EDGE_LOOP('',(#1180,#1190,#1197,#1198));
#1180 = ORIENTED_EDGE('',*,*,#1181,.T.);
#1181 = EDGE_CURVE('',#1182,#1184,#1186,.T.);
#1182 = VERTEX_POINT('',#1183);
#1183 = CARTESIAN_POINT('',(147.365,-122.74,0.));
#1184 = VERTEX_POINT('',#1185);
#1185 = CARTESIAN_POINT('',(147.365,-122.74,-1.67));
#1186 = LINE('',#1187,#1188);
#1187 = CARTESIAN_POINT('',(147.365,-122.74,0.));
#1188 = VECTOR('',#1189,1.);
#1189 = DIRECTION('',(0.,0.,-1.));
#1190 = ORIENTED_EDGE('',*,*,#1191,.T.);
#1191 = EDGE_CURVE('',#1184,#1184,#1192,.T.);
#1192 = CIRCLE('',#1193,0.355);
#1193 = AXIS2_PLACEMENT_3D('',#1194,#1195,#1196);
#1194 = CARTESIAN_POINT('',(147.01,-122.74,-1.67));
#1195 = DIRECTION('',(0.,0.,1.));
#1196 = DIRECTION('',(1.,0.,-0.));
#1197 = ORIENTED_EDGE('',*,*,#1181,.F.);
#1198 = ORIENTED_EDGE('',*,*,#1199,.F.);
#1199 = EDGE_CURVE('',#1182,#1182,#1200,.T.);
#1200 = CIRCLE('',#1201,0.355);
#1201 = AXIS2_PLACEMENT_3D('',#1202,#1203,#1204);
#1202 = CARTESIAN_POINT('',(147.01,-122.74,0.));
#1203 = DIRECTION('',(0.,0.,1.));
#1204 = DIRECTION('',(1.,0.,-0.));
#1205 = CYLINDRICAL_SURFACE('',#1206,0.355);
#1206 = AXIS2_PLACEMENT_3D('',#1207,#1208,#1209);
#1207 = CARTESIAN_POINT('',(147.01,-122.74,0.));
#1208 = DIRECTION('',(0.,0.,1.));
#1209 = DIRECTION('',(1.,0.,-0.));
#1210 = ADVANCED_FACE('',(#1211),#1238,.F.);
#1211 = FACE_BOUND('',#1212,.F.);
#1212 = EDGE_LOOP('',(#1213,#1223,#1230,#1231));
#1213 = ORIENTED_EDGE('',*,*,#1214,.T.);
#1214 = EDGE_CURVE('',#1215,#1217,#1219,.T.);
#1215 = VERTEX_POINT('',#1216);
#1216 = CARTESIAN_POINT('',(144.825,-122.74,0.));
#1217 = VERTEX_POINT('',#1218);
#1218 = CARTESIAN_POINT('',(144.825,-122.74,-1.67));
#1219 = LINE('',#1220,#1221);
#1220 = CARTESIAN_POINT('',(144.825,-122.74,0.));
#1221 = VECTOR('',#1222,1.);
#1222 = DIRECTION('',(0.,0.,-1.));
#1223 = ORIENTED_EDGE('',*,*,#1224,.T.);
#1224 = EDGE_CURVE('',#1217,#1217,#1225,.T.);
#1225 = CIRCLE('',#1226,0.355);
#1226 = AXIS2_PLACEMENT_3D('',#1227,#1228,#1229);
#1227 = CARTESIAN_POINT('',(144.47,-122.74,-1.67));
#1228 = DIRECTION('',(0.,0.,1.));
#1229 = DIRECTION('',(1.,0.,-0.));
#1230 = ORIENTED_EDGE('',*,*,#1214,.F.);
#1231 = ORIENTED_EDGE('',*,*,#1232,.F.);
#1232 = EDGE_CURVE('',#1215,#1215,#1233,.T.);
#1233 = CIRCLE('',#1234,0.355);
#1234 = AXIS2_PLACEMENT_3D('',#1235,#1236,#1237);
#1235 = CARTESIAN_POINT('',(144.47,-122.74,0.));
#1236 = DIRECTION('',(0.,0.,1.));
#1237 = DIRECTION('',(1.,0.,-0.));
#1238 = CYLINDRICAL_SURFACE('',#1239,0.355);
#1239 = AXIS2_PLACEMENT_3D('',#1240,#1241,#1242);
#1240 = CARTESIAN_POINT('',(144.47,-122.74,0.));
#1241 = DIRECTION('',(0.,0.,1.));
#1242 = DIRECTION('',(1.,0.,-0.));
#1243 = ADVANCED_FACE('',(#1244),#1271,.F.);
#1244 = FACE_BOUND('',#1245,.F.);
#1245 = EDGE_LOOP('',(#1246,#1256,#1263,#1264));
#1246 = ORIENTED_EDGE('',*,*,#1247,.T.);
#1247 = EDGE_CURVE('',#1248,#1250,#1252,.T.);
#1248 = VERTEX_POINT('',#1249);
#1249 = CARTESIAN_POINT('',(144.721,-134.27,0.));
#1250 = VERTEX_POINT('',#1251);
#1251 = CARTESIAN_POINT('',(144.721,-134.27,-1.67));
#1252 = LINE('',#1253,#1254);
#1253 = CARTESIAN_POINT('',(144.721,-134.27,0.));
#1254 = VECTOR('',#1255,1.);
#1255 = DIRECTION('',(0.,0.,-1.));
#1256 = ORIENTED_EDGE('',*,*,#1257,.T.);
#1257 = EDGE_CURVE('',#1250,#1250,#1258,.T.);
#1258 = CIRCLE('',#1259,0.381);
#1259 = AXIS2_PLACEMENT_3D('',#1260,#1261,#1262);
#1260 = CARTESIAN_POINT('',(144.34,-134.27,-1.67));
#1261 = DIRECTION('',(0.,0.,1.));
#1262 = DIRECTION('',(1.,0.,-0.));
#1263 = ORIENTED_EDGE('',*,*,#1247,.F.);
#1264 = ORIENTED_EDGE('',*,*,#1265,.F.);
#1265 = EDGE_CURVE('',#1248,#1248,#1266,.T.);
#1266 = CIRCLE('',#1267,0.381);
#1267 = AXIS2_PLACEMENT_3D('',#1268,#1269,#1270);
#1268 = CARTESIAN_POINT('',(144.34,-134.27,0.));
#1269 = DIRECTION('',(0.,0.,1.));
#1270 = DIRECTION('',(1.,0.,-0.));
#1271 = CYLINDRICAL_SURFACE('',#1272,0.381);
#1272 = AXIS2_PLACEMENT_3D('',#1273,#1274,#1275);
#1273 = CARTESIAN_POINT('',(144.34,-134.27,0.));
#1274 = DIRECTION('',(0.,0.,1.));
#1275 = DIRECTION('',(1.,0.,-0.));
#1276 = ADVANCED_FACE('',(#1277),#1304,.F.);
#1277 = FACE_BOUND('',#1278,.F.);
#1278 = EDGE_LOOP('',(#1279,#1289,#1296,#1297));
#1279 = ORIENTED_EDGE('',*,*,#1280,.T.);
#1280 = EDGE_CURVE('',#1281,#1283,#1285,.T.);
#1281 = VERTEX_POINT('',#1282);
#1282 = CARTESIAN_POINT('',(142.181,-134.27,0.));
#1283 = VERTEX_POINT('',#1284);
#1284 = CARTESIAN_POINT('',(142.181,-134.27,-1.67));
#1285 = LINE('',#1286,#1287);
#1286 = CARTESIAN_POINT('',(142.181,-134.27,0.));
#1287 = VECTOR('',#1288,1.);
#1288 = DIRECTION('',(0.,0.,-1.));
#1289 = ORIENTED_EDGE('',*,*,#1290,.T.);
#1290 = EDGE_CURVE('',#1283,#1283,#1291,.T.);
#1291 = CIRCLE('',#1292,0.381);
#1292 = AXIS2_PLACEMENT_3D('',#1293,#1294,#1295);
#1293 = CARTESIAN_POINT('',(141.8,-134.27,-1.67));
#1294 = DIRECTION('',(0.,0.,1.));
#1295 = DIRECTION('',(1.,0.,-0.));
#1296 = ORIENTED_EDGE('',*,*,#1280,.F.);
#1297 = ORIENTED_EDGE('',*,*,#1298,.F.);
#1298 = EDGE_CURVE('',#1281,#1281,#1299,.T.);
#1299 = CIRCLE('',#1300,0.381);
#1300 = AXIS2_PLACEMENT_3D('',#1301,#1302,#1303);
#1301 = CARTESIAN_POINT('',(141.8,-134.27,0.));
#1302 = DIRECTION('',(0.,0.,1.));
#1303 = DIRECTION('',(1.,0.,-0.));
#1304 = CYLINDRICAL_SURFACE('',#1305,0.381);
#1305 = AXIS2_PLACEMENT_3D('',#1306,#1307,#1308);
#1306 = CARTESIAN_POINT('',(141.8,-134.27,0.));
#1307 = DIRECTION('',(0.,0.,1.));
#1308 = DIRECTION('',(1.,0.,-0.));
#1309 = ADVANCED_FACE('',(#1310),#1337,.F.);
#1310 = FACE_BOUND('',#1311,.F.);
#1311 = EDGE_LOOP('',(#1312,#1322,#1329,#1330));
#1312 = ORIENTED_EDGE('',*,*,#1313,.T.);
#1313 = EDGE_CURVE('',#1314,#1316,#1318,.T.);
#1314 = VERTEX_POINT('',#1315);
#1315 = CARTESIAN_POINT('',(143.451,-131.73,0.));
#1316 = VERTEX_POINT('',#1317);
#1317 = CARTESIAN_POINT('',(143.451,-131.73,-1.67));
#1318 = LINE('',#1319,#1320);
#1319 = CARTESIAN_POINT('',(143.451,-131.73,0.));
#1320 = VECTOR('',#1321,1.);
#1321 = DIRECTION('',(0.,0.,-1.));
#1322 = ORIENTED_EDGE('',*,*,#1323,.T.);
#1323 = EDGE_CURVE('',#1316,#1316,#1324,.T.);
#1324 = CIRCLE('',#1325,0.381);
#1325 = AXIS2_PLACEMENT_3D('',#1326,#1327,#1328);
#1326 = CARTESIAN_POINT('',(143.07,-131.73,-1.67));
#1327 = DIRECTION('',(0.,0.,1.));
#1328 = DIRECTION('',(1.,0.,-0.));
#1329 = ORIENTED_EDGE('',*,*,#1313,.F.);
#1330 = ORIENTED_EDGE('',*,*,#1331,.F.);
#1331 = EDGE_CURVE('',#1314,#1314,#1332,.T.);
#1332 = CIRCLE('',#1333,0.381);
#1333 = AXIS2_PLACEMENT_3D('',#1334,#1335,#1336);
#1334 = CARTESIAN_POINT('',(143.07,-131.73,0.));
#1335 = DIRECTION('',(0.,0.,1.));
#1336 = DIRECTION('',(1.,0.,-0.));
#1337 = CYLINDRICAL_SURFACE('',#1338,0.381);
#1338 = AXIS2_PLACEMENT_3D('',#1339,#1340,#1341);
#1339 = CARTESIAN_POINT('',(143.07,-131.73,0.));
#1340 = DIRECTION('',(0.,0.,1.));
#1341 = DIRECTION('',(1.,0.,-0.));
#1342 = ADVANCED_FACE('',(#1343),#1370,.F.);
#1343 = FACE_BOUND('',#1344,.F.);
#1344 = EDGE_LOOP('',(#1345,#1355,#1362,#1363));
#1345 = ORIENTED_EDGE('',*,*,#1346,.T.);
#1346 = EDGE_CURVE('',#1347,#1349,#1351,.T.);
#1347 = VERTEX_POINT('',#1348);
#1348 = CARTESIAN_POINT('',(140.911,-131.73,0.));
#1349 = VERTEX_POINT('',#1350);
#1350 = CARTESIAN_POINT('',(140.911,-131.73,-1.67));
#1351 = LINE('',#1352,#1353);
#1352 = CARTESIAN_POINT('',(140.911,-131.73,0.));
#1353 = VECTOR('',#1354,1.);
#1354 = DIRECTION('',(0.,0.,-1.));
#1355 = ORIENTED_EDGE('',*,*,#1356,.T.);
#1356 = EDGE_CURVE('',#1349,#1349,#1357,.T.);
#1357 = CIRCLE('',#1358,0.381);
#1358 = AXIS2_PLACEMENT_3D('',#1359,#1360,#1361);
#1359 = CARTESIAN_POINT('',(140.53,-131.73,-1.67));
#1360 = DIRECTION('',(0.,0.,1.));
#1361 = DIRECTION('',(1.,0.,-0.));
#1362 = ORIENTED_EDGE('',*,*,#1346,.F.);
#1363 = ORIENTED_EDGE('',*,*,#1364,.F.);
#1364 = EDGE_CURVE('',#1347,#1347,#1365,.T.);
#1365 = CIRCLE('',#1366,0.381);
#1366 = AXIS2_PLACEMENT_3D('',#1367,#1368,#1369);
#1367 = CARTESIAN_POINT('',(140.53,-131.73,0.));
#1368 = DIRECTION('',(0.,0.,1.));
#1369 = DIRECTION('',(1.,0.,-0.));
#1370 = CYLINDRICAL_SURFACE('',#1371,0.381);
#1371 = AXIS2_PLACEMENT_3D('',#1372,#1373,#1374);
#1372 = CARTESIAN_POINT('',(140.53,-131.73,0.));
#1373 = DIRECTION('',(0.,0.,1.));
#1374 = DIRECTION('',(1.,0.,-0.));
#1375 = ADVANCED_FACE('',(#1376),#1403,.F.);
#1376 = FACE_BOUND('',#1377,.F.);
#1377 = EDGE_LOOP('',(#1378,#1388,#1395,#1396));
#1378 = ORIENTED_EDGE('',*,*,#1379,.T.);
#1379 = EDGE_CURVE('',#1380,#1382,#1384,.T.);
#1380 = VERTEX_POINT('',#1381);
#1381 = CARTESIAN_POINT('',(139.641,-134.27,0.));
#1382 = VERTEX_POINT('',#1383);
#1383 = CARTESIAN_POINT('',(139.641,-134.27,-1.67));
#1384 = LINE('',#1385,#1386);
#1385 = CARTESIAN_POINT('',(139.641,-134.27,0.));
#1386 = VECTOR('',#1387,1.);
#1387 = DIRECTION('',(0.,0.,-1.));
#1388 = ORIENTED_EDGE('',*,*,#1389,.T.);
#1389 = EDGE_CURVE('',#1382,#1382,#1390,.T.);
#1390 = CIRCLE('',#1391,0.381);
#1391 = AXIS2_PLACEMENT_3D('',#1392,#1393,#1394);
#1392 = CARTESIAN_POINT('',(139.26,-134.27,-1.67));
#1393 = DIRECTION('',(0.,0.,1.));
#1394 = DIRECTION('',(1.,0.,-0.));
#1395 = ORIENTED_EDGE('',*,*,#1379,.F.);
#1396 = ORIENTED_EDGE('',*,*,#1397,.F.);
#1397 = EDGE_CURVE('',#1380,#1380,#1398,.T.);
#1398 = CIRCLE('',#1399,0.381);
#1399 = AXIS2_PLACEMENT_3D('',#1400,#1401,#1402);
#1400 = CARTESIAN_POINT('',(139.26,-134.27,0.));
#1401 = DIRECTION('',(0.,0.,1.));
#1402 = DIRECTION('',(1.,0.,-0.));
#1403 = CYLINDRICAL_SURFACE('',#1404,0.381);
#1404 = AXIS2_PLACEMENT_3D('',#1405,#1406,#1407);
#1405 = CARTESIAN_POINT('',(139.26,-134.27,0.));
#1406 = DIRECTION('',(0.,0.,1.));
#1407 = DIRECTION('',(1.,0.,-0.));
#1408 = ADVANCED_FACE('',(#1409),#1436,.F.);
#1409 = FACE_BOUND('',#1410,.F.);
#1410 = EDGE_LOOP('',(#1411,#1421,#1428,#1429));
#1411 = ORIENTED_EDGE('',*,*,#1412,.T.);
#1412 = EDGE_CURVE('',#1413,#1415,#1417,.T.);
#1413 = VERTEX_POINT('',#1414);
#1414 = CARTESIAN_POINT('',(137.101,-134.27,0.));
#1415 = VERTEX_POINT('',#1416);
#1416 = CARTESIAN_POINT('',(137.101,-134.27,-1.67));
#1417 = LINE('',#1418,#1419);
#1418 = CARTESIAN_POINT('',(137.101,-134.27,0.));
#1419 = VECTOR('',#1420,1.);
#1420 = DIRECTION('',(0.,0.,-1.));
#1421 = ORIENTED_EDGE('',*,*,#1422,.T.);
#1422 = EDGE_CURVE('',#1415,#1415,#1423,.T.);
#1423 = CIRCLE('',#1424,0.381);
#1424 = AXIS2_PLACEMENT_3D('',#1425,#1426,#1427);
#1425 = CARTESIAN_POINT('',(136.72,-134.27,-1.67));
#1426 = DIRECTION('',(0.,0.,1.));
#1427 = DIRECTION('',(1.,0.,-0.));
#1428 = ORIENTED_EDGE('',*,*,#1412,.F.);
#1429 = ORIENTED_EDGE('',*,*,#1430,.F.);
#1430 = EDGE_CURVE('',#1413,#1413,#1431,.T.);
#1431 = CIRCLE('',#1432,0.381);
#1432 = AXIS2_PLACEMENT_3D('',#1433,#1434,#1435);
#1433 = CARTESIAN_POINT('',(136.72,-134.27,0.));
#1434 = DIRECTION('',(0.,0.,1.));
#1435 = DIRECTION('',(1.,0.,-0.));
#1436 = CYLINDRICAL_SURFACE('',#1437,0.381);
#1437 = AXIS2_PLACEMENT_3D('',#1438,#1439,#1440);
#1438 = CARTESIAN_POINT('',(136.72,-134.27,0.));
#1439 = DIRECTION('',(0.,0.,1.));
#1440 = DIRECTION('',(1.,0.,-0.));
#1441 = ADVANCED_FACE('',(#1442),#1469,.F.);
#1442 = FACE_BOUND('',#1443,.F.);
#1443 = EDGE_LOOP('',(#1444,#1454,#1461,#1462));
#1444 = ORIENTED_EDGE('',*,*,#1445,.T.);
#1445 = EDGE_CURVE('',#1446,#1448,#1450,.T.);
#1446 = VERTEX_POINT('',#1447);
#1447 = CARTESIAN_POINT('',(138.371,-131.73,0.));
#1448 = VERTEX_POINT('',#1449);
#1449 = CARTESIAN_POINT('',(138.371,-131.73,-1.67));
#1450 = LINE('',#1451,#1452);
#1451 = CARTESIAN_POINT('',(138.371,-131.73,0.));
#1452 = VECTOR('',#1453,1.);
#1453 = DIRECTION('',(0.,0.,-1.));
#1454 = ORIENTED_EDGE('',*,*,#1455,.T.);
#1455 = EDGE_CURVE('',#1448,#1448,#1456,.T.);
#1456 = CIRCLE('',#1457,0.381);
#1457 = AXIS2_PLACEMENT_3D('',#1458,#1459,#1460);
#1458 = CARTESIAN_POINT('',(137.99,-131.73,-1.67));
#1459 = DIRECTION('',(0.,0.,1.));
#1460 = DIRECTION('',(1.,0.,-0.));
#1461 = ORIENTED_EDGE('',*,*,#1445,.F.);
#1462 = ORIENTED_EDGE('',*,*,#1463,.F.);
#1463 = EDGE_CURVE('',#1446,#1446,#1464,.T.);
#1464 = CIRCLE('',#1465,0.381);
#1465 = AXIS2_PLACEMENT_3D('',#1466,#1467,#1468);
#1466 = CARTESIAN_POINT('',(137.99,-131.73,0.));
#1467 = DIRECTION('',(0.,0.,1.));
#1468 = DIRECTION('',(1.,0.,-0.));
#1469 = CYLINDRICAL_SURFACE('',#1470,0.381);
#1470 = AXIS2_PLACEMENT_3D('',#1471,#1472,#1473);
#1471 = CARTESIAN_POINT('',(137.99,-131.73,0.));
#1472 = DIRECTION('',(0.,0.,1.));
#1473 = DIRECTION('',(1.,0.,-0.));
#1474 = ADVANCED_FACE('',(#1475),#1502,.F.);
#1475 = FACE_BOUND('',#1476,.F.);
#1476 = EDGE_LOOP('',(#1477,#1487,#1494,#1495));
#1477 = ORIENTED_EDGE('',*,*,#1478,.T.);
#1478 = EDGE_CURVE('',#1479,#1481,#1483,.T.);
#1479 = VERTEX_POINT('',#1480);
#1480 = CARTESIAN_POINT('',(142.285,-122.74,0.));
#1481 = VERTEX_POINT('',#1482);
#1482 = CARTESIAN_POINT('',(142.285,-122.74,-1.67));
#1483 = LINE('',#1484,#1485);
#1484 = CARTESIAN_POINT('',(142.285,-122.74,0.));
#1485 = VECTOR('',#1486,1.);
#1486 = DIRECTION('',(0.,0.,-1.));
#1487 = ORIENTED_EDGE('',*,*,#1488,.T.);
#1488 = EDGE_CURVE('',#1481,#1481,#1489,.T.);
#1489 = CIRCLE('',#1490,0.355);
#1490 = AXIS2_PLACEMENT_3D('',#1491,#1492,#1493);
#1491 = CARTESIAN_POINT('',(141.93,-122.74,-1.67));
#1492 = DIRECTION('',(0.,0.,1.));
#1493 = DIRECTION('',(1.,0.,-0.));
#1494 = ORIENTED_EDGE('',*,*,#1478,.F.);
#1495 = ORIENTED_EDGE('',*,*,#1496,.F.);
#1496 = EDGE_CURVE('',#1479,#1479,#1497,.T.);
#1497 = CIRCLE('',#1498,0.355);
#1498 = AXIS2_PLACEMENT_3D('',#1499,#1500,#1501);
#1499 = CARTESIAN_POINT('',(141.93,-122.74,0.));
#1500 = DIRECTION('',(0.,0.,1.));
#1501 = DIRECTION('',(1.,0.,-0.));
#1502 = CYLINDRICAL_SURFACE('',#1503,0.355);
#1503 = AXIS2_PLACEMENT_3D('',#1504,#1505,#1506);
#1504 = CARTESIAN_POINT('',(141.93,-122.74,0.));
#1505 = DIRECTION('',(0.,0.,1.));
#1506 = DIRECTION('',(1.,0.,-0.));
#1507 = ADVANCED_FACE('',(#1508),#1535,.F.);
#1508 = FACE_BOUND('',#1509,.F.);
#1509 = EDGE_LOOP('',(#1510,#1520,#1527,#1528));
#1510 = ORIENTED_EDGE('',*,*,#1511,.T.);
#1511 = EDGE_CURVE('',#1512,#1514,#1516,.T.);
#1512 = VERTEX_POINT('',#1513);
#1513 = CARTESIAN_POINT('',(139.745,-122.74,0.));
#1514 = VERTEX_POINT('',#1515);
#1515 = CARTESIAN_POINT('',(139.745,-122.74,-1.67));
#1516 = LINE('',#1517,#1518);
#1517 = CARTESIAN_POINT('',(139.745,-122.74,0.));
#1518 = VECTOR('',#1519,1.);
#1519 = DIRECTION('',(0.,0.,-1.));
#1520 = ORIENTED_EDGE('',*,*,#1521,.T.);
#1521 = EDGE_CURVE('',#1514,#1514,#1522,.T.);
#1522 = CIRCLE('',#1523,0.355);
#1523 = AXIS2_PLACEMENT_3D('',#1524,#1525,#1526);
#1524 = CARTESIAN_POINT('',(139.39,-122.74,-1.67));
#1525 = DIRECTION('',(0.,0.,1.));
#1526 = DIRECTION('',(1.,0.,-0.));
#1527 = ORIENTED_EDGE('',*,*,#1511,.F.);
#1528 = ORIENTED_EDGE('',*,*,#1529,.F.);
#1529 = EDGE_CURVE('',#1512,#1512,#1530,.T.);
#1530 = CIRCLE('',#1531,0.355);
#1531 = AXIS2_PLACEMENT_3D('',#1532,#1533,#1534);
#1532 = CARTESIAN_POINT('',(139.39,-122.74,0.));
#1533 = DIRECTION('',(0.,0.,1.));
#1534 = DIRECTION('',(1.,0.,-0.));
#1535 = CYLINDRICAL_SURFACE('',#1536,0.355);
#1536 = AXIS2_PLACEMENT_3D('',#1537,#1538,#1539);
#1537 = CARTESIAN_POINT('',(139.39,-122.74,0.));
#1538 = DIRECTION('',(0.,0.,1.));
#1539 = DIRECTION('',(1.,0.,-0.));
#1540 = ADVANCED_FACE('',(#1541),#1568,.F.);
#1541 = FACE_BOUND('',#1542,.F.);
#1542 = EDGE_LOOP('',(#1543,#1553,#1560,#1561));
#1543 = ORIENTED_EDGE('',*,*,#1544,.T.);
#1544 = EDGE_CURVE('',#1545,#1547,#1549,.T.);
#1545 = VERTEX_POINT('',#1546);
#1546 = CARTESIAN_POINT('',(137.205,-122.74,0.));
#1547 = VERTEX_POINT('',#1548);
#1548 = CARTESIAN_POINT('',(137.205,-122.74,-1.67));
#1549 = LINE('',#1550,#1551);
#1550 = CARTESIAN_POINT('',(137.205,-122.74,0.));
#1551 = VECTOR('',#1552,1.);
#1552 = DIRECTION('',(0.,0.,-1.));
#1553 = ORIENTED_EDGE('',*,*,#1554,.T.);
#1554 = EDGE_CURVE('',#1547,#1547,#1555,.T.);
#1555 = CIRCLE('',#1556,0.355);
#1556 = AXIS2_PLACEMENT_3D('',#1557,#1558,#1559);
#1557 = CARTESIAN_POINT('',(136.85,-122.74,-1.67));
#1558 = DIRECTION('',(0.,0.,1.));
#1559 = DIRECTION('',(1.,0.,-0.));
#1560 = ORIENTED_EDGE('',*,*,#1544,.F.);
#1561 = ORIENTED_EDGE('',*,*,#1562,.F.);
#1562 = EDGE_CURVE('',#1545,#1545,#1563,.T.);
#1563 = CIRCLE('',#1564,0.355);
#1564 = AXIS2_PLACEMENT_3D('',#1565,#1566,#1567);
#1565 = CARTESIAN_POINT('',(136.85,-122.74,0.));
#1566 = DIRECTION('',(0.,0.,1.));
#1567 = DIRECTION('',(1.,0.,-0.));
#1568 = CYLINDRICAL_SURFACE('',#1569,0.355);
#1569 = AXIS2_PLACEMENT_3D('',#1570,#1571,#1572);
#1570 = CARTESIAN_POINT('',(136.85,-122.74,0.));
#1571 = DIRECTION('',(0.,0.,1.));
#1572 = DIRECTION('',(1.,0.,-0.));
#1573 = ADVANCED_FACE('',(#1574),#1601,.F.);
#1574 = FACE_BOUND('',#1575,.F.);
#1575 = EDGE_LOOP('',(#1576,#1586,#1593,#1594));
#1576 = ORIENTED_EDGE('',*,*,#1577,.T.);
#1577 = EDGE_CURVE('',#1578,#1580,#1582,.T.);
#1578 = VERTEX_POINT('',#1579);
#1579 = CARTESIAN_POINT('',(151.175,-120.2,0.));
#1580 = VERTEX_POINT('',#1581);
#1581 = CARTESIAN_POINT('',(151.175,-120.2,-1.67));
#1582 = LINE('',#1583,#1584);
#1583 = CARTESIAN_POINT('',(151.175,-120.2,0.));
#1584 = VECTOR('',#1585,1.);
#1585 = DIRECTION('',(0.,0.,-1.));
#1586 = ORIENTED_EDGE('',*,*,#1587,.T.);
#1587 = EDGE_CURVE('',#1580,#1580,#1588,.T.);
#1588 = CIRCLE('',#1589,0.355);
#1589 = AXIS2_PLACEMENT_3D('',#1590,#1591,#1592);
#1590 = CARTESIAN_POINT('',(150.82,-120.2,-1.67));
#1591 = DIRECTION('',(0.,0.,1.));
#1592 = DIRECTION('',(1.,0.,-0.));
#1593 = ORIENTED_EDGE('',*,*,#1577,.F.);
#1594 = ORIENTED_EDGE('',*,*,#1595,.F.);
#1595 = EDGE_CURVE('',#1578,#1578,#1596,.T.);
#1596 = CIRCLE('',#1597,0.355);
#1597 = AXIS2_PLACEMENT_3D('',#1598,#1599,#1600);
#1598 = CARTESIAN_POINT('',(150.82,-120.2,0.));
#1599 = DIRECTION('',(0.,0.,1.));
#1600 = DIRECTION('',(1.,0.,-0.));
#1601 = CYLINDRICAL_SURFACE('',#1602,0.355);
#1602 = AXIS2_PLACEMENT_3D('',#1603,#1604,#1605);
#1603 = CARTESIAN_POINT('',(150.82,-120.2,0.));
#1604 = DIRECTION('',(0.,0.,1.));
#1605 = DIRECTION('',(1.,0.,-0.));
#1606 = ADVANCED_FACE('',(#1607),#1634,.F.);
#1607 = FACE_BOUND('',#1608,.F.);
#1608 = EDGE_LOOP('',(#1609,#1619,#1626,#1627));
#1609 = ORIENTED_EDGE('',*,*,#1610,.T.);
#1610 = EDGE_CURVE('',#1611,#1613,#1615,.T.);
#1611 = VERTEX_POINT('',#1612);
#1612 = CARTESIAN_POINT('',(152.445,-117.66,0.));
#1613 = VERTEX_POINT('',#1614);
#1614 = CARTESIAN_POINT('',(152.445,-117.66,-1.67));
#1615 = LINE('',#1616,#1617);
#1616 = CARTESIAN_POINT('',(152.445,-117.66,0.));
#1617 = VECTOR('',#1618,1.);
#1618 = DIRECTION('',(0.,0.,-1.));
#1619 = ORIENTED_EDGE('',*,*,#1620,.T.);
#1620 = EDGE_CURVE('',#1613,#1613,#1621,.T.);
#1621 = CIRCLE('',#1622,0.355);
#1622 = AXIS2_PLACEMENT_3D('',#1623,#1624,#1625);
#1623 = CARTESIAN_POINT('',(152.09,-117.66,-1.67));
#1624 = DIRECTION('',(0.,0.,1.));
#1625 = DIRECTION('',(1.,0.,-0.));
#1626 = ORIENTED_EDGE('',*,*,#1610,.F.);
#1627 = ORIENTED_EDGE('',*,*,#1628,.F.);
#1628 = EDGE_CURVE('',#1611,#1611,#1629,.T.);
#1629 = CIRCLE('',#1630,0.355);
#1630 = AXIS2_PLACEMENT_3D('',#1631,#1632,#1633);
#1631 = CARTESIAN_POINT('',(152.09,-117.66,0.));
#1632 = DIRECTION('',(0.,0.,1.));
#1633 = DIRECTION('',(1.,0.,-0.));
#1634 = CYLINDRICAL_SURFACE('',#1635,0.355);
#1635 = AXIS2_PLACEMENT_3D('',#1636,#1637,#1638);
#1636 = CARTESIAN_POINT('',(152.09,-117.66,0.));
#1637 = DIRECTION('',(0.,0.,1.));
#1638 = DIRECTION('',(1.,0.,-0.));
#1639 = ADVANCED_FACE('',(#1640),#1667,.F.);
#1640 = FACE_BOUND('',#1641,.F.);
#1641 = EDGE_LOOP('',(#1642,#1652,#1659,#1660));
#1642 = ORIENTED_EDGE('',*,*,#1643,.T.);
#1643 = EDGE_CURVE('',#1644,#1646,#1648,.T.);
#1644 = VERTEX_POINT('',#1645);
#1645 = CARTESIAN_POINT('',(149.905,-117.66,0.));
#1646 = VERTEX_POINT('',#1647);
#1647 = CARTESIAN_POINT('',(149.905,-117.66,-1.67));
#1648 = LINE('',#1649,#1650);
#1649 = CARTESIAN_POINT('',(149.905,-117.66,0.));
#1650 = VECTOR('',#1651,1.);
#1651 = DIRECTION('',(0.,0.,-1.));
#1652 = ORIENTED_EDGE('',*,*,#1653,.T.);
#1653 = EDGE_CURVE('',#1646,#1646,#1654,.T.);
#1654 = CIRCLE('',#1655,0.355);
#1655 = AXIS2_PLACEMENT_3D('',#1656,#1657,#1658);
#1656 = CARTESIAN_POINT('',(149.55,-117.66,-1.67));
#1657 = DIRECTION('',(0.,0.,1.));
#1658 = DIRECTION('',(1.,0.,-0.));
#1659 = ORIENTED_EDGE('',*,*,#1643,.F.);
#1660 = ORIENTED_EDGE('',*,*,#1661,.F.);
#1661 = EDGE_CURVE('',#1644,#1644,#1662,.T.);
#1662 = CIRCLE('',#1663,0.355);
#1663 = AXIS2_PLACEMENT_3D('',#1664,#1665,#1666);
#1664 = CARTESIAN_POINT('',(149.55,-117.66,0.));
#1665 = DIRECTION('',(0.,0.,1.));
#1666 = DIRECTION('',(1.,0.,-0.));
#1667 = CYLINDRICAL_SURFACE('',#1668,0.355);
#1668 = AXIS2_PLACEMENT_3D('',#1669,#1670,#1671);
#1669 = CARTESIAN_POINT('',(149.55,-117.66,0.));
#1670 = DIRECTION('',(0.,0.,1.));
#1671 = DIRECTION('',(1.,0.,-0.));
#1672 = ADVANCED_FACE('',(#1673),#1700,.F.);
#1673 = FACE_BOUND('',#1674,.F.);
#1674 = EDGE_LOOP('',(#1675,#1685,#1692,#1693));
#1675 = ORIENTED_EDGE('',*,*,#1676,.T.);
#1676 = EDGE_CURVE('',#1677,#1679,#1681,.T.);
#1677 = VERTEX_POINT('',#1678);
#1678 = CARTESIAN_POINT('',(148.635,-120.2,0.));
#1679 = VERTEX_POINT('',#1680);
#1680 = CARTESIAN_POINT('',(148.635,-120.2,-1.67));
#1681 = LINE('',#1682,#1683);
#1682 = CARTESIAN_POINT('',(148.635,-120.2,0.));
#1683 = VECTOR('',#1684,1.);
#1684 = DIRECTION('',(0.,0.,-1.));
#1685 = ORIENTED_EDGE('',*,*,#1686,.T.);
#1686 = EDGE_CURVE('',#1679,#1679,#1687,.T.);
#1687 = CIRCLE('',#1688,0.355);
#1688 = AXIS2_PLACEMENT_3D('',#1689,#1690,#1691);
#1689 = CARTESIAN_POINT('',(148.28,-120.2,-1.67));
#1690 = DIRECTION('',(0.,0.,1.));
#1691 = DIRECTION('',(1.,0.,-0.));
#1692 = ORIENTED_EDGE('',*,*,#1676,.F.);
#1693 = ORIENTED_EDGE('',*,*,#1694,.F.);
#1694 = EDGE_CURVE('',#1677,#1677,#1695,.T.);
#1695 = CIRCLE('',#1696,0.355);
#1696 = AXIS2_PLACEMENT_3D('',#1697,#1698,#1699);
#1697 = CARTESIAN_POINT('',(148.28,-120.2,0.));
#1698 = DIRECTION('',(0.,0.,1.));
#1699 = DIRECTION('',(1.,0.,-0.));
#1700 = CYLINDRICAL_SURFACE('',#1701,0.355);
#1701 = AXIS2_PLACEMENT_3D('',#1702,#1703,#1704);
#1702 = CARTESIAN_POINT('',(148.28,-120.2,0.));
#1703 = DIRECTION('',(0.,0.,1.));
#1704 = DIRECTION('',(1.,0.,-0.));
#1705 = ADVANCED_FACE('',(#1706),#1733,.F.);
#1706 = FACE_BOUND('',#1707,.F.);
#1707 = EDGE_LOOP('',(#1708,#1718,#1725,#1726));
#1708 = ORIENTED_EDGE('',*,*,#1709,.T.);
#1709 = EDGE_CURVE('',#1710,#1712,#1714,.T.);
#1710 = VERTEX_POINT('',#1711);
#1711 = CARTESIAN_POINT('',(146.095,-120.2,0.));
#1712 = VERTEX_POINT('',#1713);
#1713 = CARTESIAN_POINT('',(146.095,-120.2,-1.67));
#1714 = LINE('',#1715,#1716);
#1715 = CARTESIAN_POINT('',(146.095,-120.2,0.));
#1716 = VECTOR('',#1717,1.);
#1717 = DIRECTION('',(0.,0.,-1.));
#1718 = ORIENTED_EDGE('',*,*,#1719,.T.);
#1719 = EDGE_CURVE('',#1712,#1712,#1720,.T.);
#1720 = CIRCLE('',#1721,0.355);
#1721 = AXIS2_PLACEMENT_3D('',#1722,#1723,#1724);
#1722 = CARTESIAN_POINT('',(145.74,-120.2,-1.67));
#1723 = DIRECTION('',(0.,0.,1.));
#1724 = DIRECTION('',(1.,0.,-0.));
#1725 = ORIENTED_EDGE('',*,*,#1709,.F.);
#1726 = ORIENTED_EDGE('',*,*,#1727,.F.);
#1727 = EDGE_CURVE('',#1710,#1710,#1728,.T.);
#1728 = CIRCLE('',#1729,0.355);
#1729 = AXIS2_PLACEMENT_3D('',#1730,#1731,#1732);
#1730 = CARTESIAN_POINT('',(145.74,-120.2,0.));
#1731 = DIRECTION('',(0.,0.,1.));
#1732 = DIRECTION('',(1.,0.,-0.));
#1733 = CYLINDRICAL_SURFACE('',#1734,0.355);
#1734 = AXIS2_PLACEMENT_3D('',#1735,#1736,#1737);
#1735 = CARTESIAN_POINT('',(145.74,-120.2,0.));
#1736 = DIRECTION('',(0.,0.,1.));
#1737 = DIRECTION('',(1.,0.,-0.));
#1738 = ADVANCED_FACE('',(#1739),#1766,.F.);
#1739 = FACE_BOUND('',#1740,.F.);
#1740 = EDGE_LOOP('',(#1741,#1751,#1758,#1759));
#1741 = ORIENTED_EDGE('',*,*,#1742,.T.);
#1742 = EDGE_CURVE('',#1743,#1745,#1747,.T.);
#1743 = VERTEX_POINT('',#1744);
#1744 = CARTESIAN_POINT('',(147.365,-117.66,0.));
#1745 = VERTEX_POINT('',#1746);
#1746 = CARTESIAN_POINT('',(147.365,-117.66,-1.67));
#1747 = LINE('',#1748,#1749);
#1748 = CARTESIAN_POINT('',(147.365,-117.66,0.));
#1749 = VECTOR('',#1750,1.);
#1750 = DIRECTION('',(0.,0.,-1.));
#1751 = ORIENTED_EDGE('',*,*,#1752,.T.);
#1752 = EDGE_CURVE('',#1745,#1745,#1753,.T.);
#1753 = CIRCLE('',#1754,0.355);
#1754 = AXIS2_PLACEMENT_3D('',#1755,#1756,#1757);
#1755 = CARTESIAN_POINT('',(147.01,-117.66,-1.67));
#1756 = DIRECTION('',(0.,0.,1.));
#1757 = DIRECTION('',(1.,0.,-0.));
#1758 = ORIENTED_EDGE('',*,*,#1742,.F.);
#1759 = ORIENTED_EDGE('',*,*,#1760,.F.);
#1760 = EDGE_CURVE('',#1743,#1743,#1761,.T.);
#1761 = CIRCLE('',#1762,0.355);
#1762 = AXIS2_PLACEMENT_3D('',#1763,#1764,#1765);
#1763 = CARTESIAN_POINT('',(147.01,-117.66,0.));
#1764 = DIRECTION('',(0.,0.,1.));
#1765 = DIRECTION('',(1.,0.,-0.));
#1766 = CYLINDRICAL_SURFACE('',#1767,0.355);
#1767 = AXIS2_PLACEMENT_3D('',#1768,#1769,#1770);
#1768 = CARTESIAN_POINT('',(147.01,-117.66,0.));
#1769 = DIRECTION('',(0.,0.,1.));
#1770 = DIRECTION('',(1.,0.,-0.));
#1771 = ADVANCED_FACE('',(#1772),#1799,.F.);
#1772 = FACE_BOUND('',#1773,.F.);
#1773 = EDGE_LOOP('',(#1774,#1784,#1791,#1792));
#1774 = ORIENTED_EDGE('',*,*,#1775,.T.);
#1775 = EDGE_CURVE('',#1776,#1778,#1780,.T.);
#1776 = VERTEX_POINT('',#1777);
#1777 = CARTESIAN_POINT('',(144.825,-117.66,0.));
#1778 = VERTEX_POINT('',#1779);
#1779 = CARTESIAN_POINT('',(144.825,-117.66,-1.67));
#1780 = LINE('',#1781,#1782);
#1781 = CARTESIAN_POINT('',(144.825,-117.66,0.));
#1782 = VECTOR('',#1783,1.);
#1783 = DIRECTION('',(0.,0.,-1.));
#1784 = ORIENTED_EDGE('',*,*,#1785,.T.);
#1785 = EDGE_CURVE('',#1778,#1778,#1786,.T.);
#1786 = CIRCLE('',#1787,0.355);
#1787 = AXIS2_PLACEMENT_3D('',#1788,#1789,#1790);
#1788 = CARTESIAN_POINT('',(144.47,-117.66,-1.67));
#1789 = DIRECTION('',(0.,0.,1.));
#1790 = DIRECTION('',(1.,0.,-0.));
#1791 = ORIENTED_EDGE('',*,*,#1775,.F.);
#1792 = ORIENTED_EDGE('',*,*,#1793,.F.);
#1793 = EDGE_CURVE('',#1776,#1776,#1794,.T.);
#1794 = CIRCLE('',#1795,0.355);
#1795 = AXIS2_PLACEMENT_3D('',#1796,#1797,#1798);
#1796 = CARTESIAN_POINT('',(144.47,-117.66,0.));
#1797 = DIRECTION('',(0.,0.,1.));
#1798 = DIRECTION('',(1.,0.,-0.));
#1799 = CYLINDRICAL_SURFACE('',#1800,0.355);
#1800 = AXIS2_PLACEMENT_3D('',#1801,#1802,#1803);
#1801 = CARTESIAN_POINT('',(144.47,-117.66,0.));
#1802 = DIRECTION('',(0.,0.,1.));
#1803 = DIRECTION('',(1.,0.,-0.));
#1804 = ADVANCED_FACE('',(#1805),#1832,.F.);
#1805 = FACE_BOUND('',#1806,.F.);
#1806 = EDGE_LOOP('',(#1807,#1817,#1824,#1825));
#1807 = ORIENTED_EDGE('',*,*,#1808,.T.);
#1808 = EDGE_CURVE('',#1809,#1811,#1813,.T.);
#1809 = VERTEX_POINT('',#1810);
#1810 = CARTESIAN_POINT('',(143.555,-120.2,0.));
#1811 = VERTEX_POINT('',#1812);
#1812 = CARTESIAN_POINT('',(143.555,-120.2,-1.67));
#1813 = LINE('',#1814,#1815);
#1814 = CARTESIAN_POINT('',(143.555,-120.2,0.));
#1815 = VECTOR('',#1816,1.);
#1816 = DIRECTION('',(0.,0.,-1.));
#1817 = ORIENTED_EDGE('',*,*,#1818,.T.);
#1818 = EDGE_CURVE('',#1811,#1811,#1819,.T.);
#1819 = CIRCLE('',#1820,0.355);
#1820 = AXIS2_PLACEMENT_3D('',#1821,#1822,#1823);
#1821 = CARTESIAN_POINT('',(143.2,-120.2,-1.67));
#1822 = DIRECTION('',(0.,0.,1.));
#1823 = DIRECTION('',(1.,0.,-0.));
#1824 = ORIENTED_EDGE('',*,*,#1808,.F.);
#1825 = ORIENTED_EDGE('',*,*,#1826,.F.);
#1826 = EDGE_CURVE('',#1809,#1809,#1827,.T.);
#1827 = CIRCLE('',#1828,0.355);
#1828 = AXIS2_PLACEMENT_3D('',#1829,#1830,#1831);
#1829 = CARTESIAN_POINT('',(143.2,-120.2,0.));
#1830 = DIRECTION('',(0.,0.,1.));
#1831 = DIRECTION('',(1.,0.,-0.));
#1832 = CYLINDRICAL_SURFACE('',#1833,0.355);
#1833 = AXIS2_PLACEMENT_3D('',#1834,#1835,#1836);
#1834 = CARTESIAN_POINT('',(143.2,-120.2,0.));
#1835 = DIRECTION('',(0.,0.,1.));
#1836 = DIRECTION('',(1.,0.,-0.));
#1837 = ADVANCED_FACE('',(#1838),#1865,.F.);
#1838 = FACE_BOUND('',#1839,.F.);
#1839 = EDGE_LOOP('',(#1840,#1850,#1857,#1858));
#1840 = ORIENTED_EDGE('',*,*,#1841,.T.);
#1841 = EDGE_CURVE('',#1842,#1844,#1846,.T.);
#1842 = VERTEX_POINT('',#1843);
#1843 = CARTESIAN_POINT('',(141.015,-120.2,0.));
#1844 = VERTEX_POINT('',#1845);
#1845 = CARTESIAN_POINT('',(141.015,-120.2,-1.67));
#1846 = LINE('',#1847,#1848);
#1847 = CARTESIAN_POINT('',(141.015,-120.2,0.));
#1848 = VECTOR('',#1849,1.);
#1849 = DIRECTION('',(0.,0.,-1.));
#1850 = ORIENTED_EDGE('',*,*,#1851,.T.);
#1851 = EDGE_CURVE('',#1844,#1844,#1852,.T.);
#1852 = CIRCLE('',#1853,0.355);
#1853 = AXIS2_PLACEMENT_3D('',#1854,#1855,#1856);
#1854 = CARTESIAN_POINT('',(140.66,-120.2,-1.67));
#1855 = DIRECTION('',(0.,0.,1.));
#1856 = DIRECTION('',(1.,0.,-0.));
#1857 = ORIENTED_EDGE('',*,*,#1841,.F.);
#1858 = ORIENTED_EDGE('',*,*,#1859,.F.);
#1859 = EDGE_CURVE('',#1842,#1842,#1860,.T.);
#1860 = CIRCLE('',#1861,0.355);
#1861 = AXIS2_PLACEMENT_3D('',#1862,#1863,#1864);
#1862 = CARTESIAN_POINT('',(140.66,-120.2,0.));
#1863 = DIRECTION('',(0.,0.,1.));
#1864 = DIRECTION('',(1.,0.,-0.));
#1865 = CYLINDRICAL_SURFACE('',#1866,0.355);
#1866 = AXIS2_PLACEMENT_3D('',#1867,#1868,#1869);
#1867 = CARTESIAN_POINT('',(140.66,-120.2,0.));
#1868 = DIRECTION('',(0.,0.,1.));
#1869 = DIRECTION('',(1.,0.,-0.));
#1870 = ADVANCED_FACE('',(#1871),#1898,.F.);
#1871 = FACE_BOUND('',#1872,.F.);
#1872 = EDGE_LOOP('',(#1873,#1883,#1890,#1891));
#1873 = ORIENTED_EDGE('',*,*,#1874,.T.);
#1874 = EDGE_CURVE('',#1875,#1877,#1879,.T.);
#1875 = VERTEX_POINT('',#1876);
#1876 = CARTESIAN_POINT('',(142.285,-117.66,0.));
#1877 = VERTEX_POINT('',#1878);
#1878 = CARTESIAN_POINT('',(142.285,-117.66,-1.67));
#1879 = LINE('',#1880,#1881);
#1880 = CARTESIAN_POINT('',(142.285,-117.66,0.));
#1881 = VECTOR('',#1882,1.);
#1882 = DIRECTION('',(0.,0.,-1.));
#1883 = ORIENTED_EDGE('',*,*,#1884,.T.);
#1884 = EDGE_CURVE('',#1877,#1877,#1885,.T.);
#1885 = CIRCLE('',#1886,0.355);
#1886 = AXIS2_PLACEMENT_3D('',#1887,#1888,#1889);
#1887 = CARTESIAN_POINT('',(141.93,-117.66,-1.67));
#1888 = DIRECTION('',(0.,0.,1.));
#1889 = DIRECTION('',(1.,0.,-0.));
#1890 = ORIENTED_EDGE('',*,*,#1874,.F.);
#1891 = ORIENTED_EDGE('',*,*,#1892,.F.);
#1892 = EDGE_CURVE('',#1875,#1875,#1893,.T.);
#1893 = CIRCLE('',#1894,0.355);
#1894 = AXIS2_PLACEMENT_3D('',#1895,#1896,#1897);
#1895 = CARTESIAN_POINT('',(141.93,-117.66,0.));
#1896 = DIRECTION('',(0.,0.,1.));
#1897 = DIRECTION('',(1.,0.,-0.));
#1898 = CYLINDRICAL_SURFACE('',#1899,0.355);
#1899 = AXIS2_PLACEMENT_3D('',#1900,#1901,#1902);
#1900 = CARTESIAN_POINT('',(141.93,-117.66,0.));
#1901 = DIRECTION('',(0.,0.,1.));
#1902 = DIRECTION('',(1.,0.,-0.));
#1903 = ADVANCED_FACE('',(#1904),#1931,.F.);
#1904 = FACE_BOUND('',#1905,.F.);
#1905 = EDGE_LOOP('',(#1906,#1916,#1923,#1924));
#1906 = ORIENTED_EDGE('',*,*,#1907,.T.);
#1907 = EDGE_CURVE('',#1908,#1910,#1912,.T.);
#1908 = VERTEX_POINT('',#1909);
#1909 = CARTESIAN_POINT('',(138.475,-120.2,0.));
#1910 = VERTEX_POINT('',#1911);
#1911 = CARTESIAN_POINT('',(138.475,-120.2,-1.67));
#1912 = LINE('',#1913,#1914);
#1913 = CARTESIAN_POINT('',(138.475,-120.2,0.));
#1914 = VECTOR('',#1915,1.);
#1915 = DIRECTION('',(0.,0.,-1.));
#1916 = ORIENTED_EDGE('',*,*,#1917,.T.);
#1917 = EDGE_CURVE('',#1910,#1910,#1918,.T.);
#1918 = CIRCLE('',#1919,0.355);
#1919 = AXIS2_PLACEMENT_3D('',#1920,#1921,#1922);
#1920 = CARTESIAN_POINT('',(138.12,-120.2,-1.67));
#1921 = DIRECTION('',(0.,0.,1.));
#1922 = DIRECTION('',(1.,0.,-0.));
#1923 = ORIENTED_EDGE('',*,*,#1907,.F.);
#1924 = ORIENTED_EDGE('',*,*,#1925,.F.);
#1925 = EDGE_CURVE('',#1908,#1908,#1926,.T.);
#1926 = CIRCLE('',#1927,0.355);
#1927 = AXIS2_PLACEMENT_3D('',#1928,#1929,#1930);
#1928 = CARTESIAN_POINT('',(138.12,-120.2,0.));
#1929 = DIRECTION('',(0.,0.,1.));
#1930 = DIRECTION('',(1.,0.,-0.));
#1931 = CYLINDRICAL_SURFACE('',#1932,0.355);
#1932 = AXIS2_PLACEMENT_3D('',#1933,#1934,#1935);
#1933 = CARTESIAN_POINT('',(138.12,-120.2,0.));
#1934 = DIRECTION('',(0.,0.,1.));
#1935 = DIRECTION('',(1.,0.,-0.));
#1936 = ADVANCED_FACE('',(#1937),#1964,.F.);
#1937 = FACE_BOUND('',#1938,.F.);
#1938 = EDGE_LOOP('',(#1939,#1949,#1956,#1957));
#1939 = ORIENTED_EDGE('',*,*,#1940,.T.);
#1940 = EDGE_CURVE('',#1941,#1943,#1945,.T.);
#1941 = VERTEX_POINT('',#1942);
#1942 = CARTESIAN_POINT('',(139.745,-117.66,0.));
#1943 = VERTEX_POINT('',#1944);
#1944 = CARTESIAN_POINT('',(139.745,-117.66,-1.67));
#1945 = LINE('',#1946,#1947);
#1946 = CARTESIAN_POINT('',(139.745,-117.66,0.));
#1947 = VECTOR('',#1948,1.);
#1948 = DIRECTION('',(0.,0.,-1.));
#1949 = ORIENTED_EDGE('',*,*,#1950,.T.);
#1950 = EDGE_CURVE('',#1943,#1943,#1951,.T.);
#1951 = CIRCLE('',#1952,0.355);
#1952 = AXIS2_PLACEMENT_3D('',#1953,#1954,#1955);
#1953 = CARTESIAN_POINT('',(139.39,-117.66,-1.67));
#1954 = DIRECTION('',(0.,0.,1.));
#1955 = DIRECTION('',(1.,0.,-0.));
#1956 = ORIENTED_EDGE('',*,*,#1940,.F.);
#1957 = ORIENTED_EDGE('',*,*,#1958,.F.);
#1958 = EDGE_CURVE('',#1941,#1941,#1959,.T.);
#1959 = CIRCLE('',#1960,0.355);
#1960 = AXIS2_PLACEMENT_3D('',#1961,#1962,#1963);
#1961 = CARTESIAN_POINT('',(139.39,-117.66,0.));
#1962 = DIRECTION('',(0.,0.,1.));
#1963 = DIRECTION('',(1.,0.,-0.));
#1964 = CYLINDRICAL_SURFACE('',#1965,0.355);
#1965 = AXIS2_PLACEMENT_3D('',#1966,#1967,#1968);
#1966 = CARTESIAN_POINT('',(139.39,-117.66,0.));
#1967 = DIRECTION('',(0.,0.,1.));
#1968 = DIRECTION('',(1.,0.,-0.));
#1969 = ADVANCED_FACE('',(#1970),#1997,.F.);
#1970 = FACE_BOUND('',#1971,.F.);
#1971 = EDGE_LOOP('',(#1972,#1982,#1989,#1990));
#1972 = ORIENTED_EDGE('',*,*,#1973,.T.);
#1973 = EDGE_CURVE('',#1974,#1976,#1978,.T.);
#1974 = VERTEX_POINT('',#1975);
#1975 = CARTESIAN_POINT('',(137.205,-117.66,0.));
#1976 = VERTEX_POINT('',#1977);
#1977 = CARTESIAN_POINT('',(137.205,-117.66,-1.67));
#1978 = LINE('',#1979,#1980);
#1979 = CARTESIAN_POINT('',(137.205,-117.66,0.));
#1980 = VECTOR('',#1981,1.);
#1981 = DIRECTION('',(0.,0.,-1.));
#1982 = ORIENTED_EDGE('',*,*,#1983,.T.);
#1983 = EDGE_CURVE('',#1976,#1976,#1984,.T.);
#1984 = CIRCLE('',#1985,0.355);
#1985 = AXIS2_PLACEMENT_3D('',#1986,#1987,#1988);
#1986 = CARTESIAN_POINT('',(136.85,-117.66,-1.67));
#1987 = DIRECTION('',(0.,0.,1.));
#1988 = DIRECTION('',(1.,0.,-0.));
#1989 = ORIENTED_EDGE('',*,*,#1973,.F.);
#1990 = ORIENTED_EDGE('',*,*,#1991,.F.);
#1991 = EDGE_CURVE('',#1974,#1974,#1992,.T.);
#1992 = CIRCLE('',#1993,0.355);
#1993 = AXIS2_PLACEMENT_3D('',#1994,#1995,#1996);
#1994 = CARTESIAN_POINT('',(136.85,-117.66,0.));
#1995 = DIRECTION('',(0.,0.,1.));
#1996 = DIRECTION('',(1.,0.,-0.));
#1997 = CYLINDRICAL_SURFACE('',#1998,0.355);
#1998 = AXIS2_PLACEMENT_3D('',#1999,#2000,#2001);
#1999 = CARTESIAN_POINT('',(136.85,-117.66,0.));
#2000 = DIRECTION('',(0.,0.,1.));
#2001 = DIRECTION('',(1.,0.,-0.));
#2002 = ADVANCED_FACE('',(#2003),#2030,.F.);
#2003 = FACE_BOUND('',#2004,.F.);
#2004 = EDGE_LOOP('',(#2005,#2015,#2022,#2023));
#2005 = ORIENTED_EDGE('',*,*,#2006,.T.);
#2006 = EDGE_CURVE('',#2007,#2009,#2011,.T.);
#2007 = VERTEX_POINT('',#2008);
#2008 = CARTESIAN_POINT('',(169.63195,-104.,0.));
#2009 = VERTEX_POINT('',#2010);
#2010 = CARTESIAN_POINT('',(169.63195,-104.,-1.67));
#2011 = LINE('',#2012,#2013);
#2012 = CARTESIAN_POINT('',(169.63195,-104.,0.));
#2013 = VECTOR('',#2014,1.);
#2014 = DIRECTION('',(0.,0.,-1.));
#2015 = ORIENTED_EDGE('',*,*,#2016,.T.);
#2016 = EDGE_CURVE('',#2009,#2009,#2017,.T.);
#2017 = CIRCLE('',#2018,1.63195);
#2018 = AXIS2_PLACEMENT_3D('',#2019,#2020,#2021);
#2019 = CARTESIAN_POINT('',(168.,-104.,-1.67));
#2020 = DIRECTION('',(0.,0.,1.));
#2021 = DIRECTION('',(1.,0.,-0.));
#2022 = ORIENTED_EDGE('',*,*,#2006,.F.);
#2023 = ORIENTED_EDGE('',*,*,#2024,.F.);
#2024 = EDGE_CURVE('',#2007,#2007,#2025,.T.);
#2025 = CIRCLE('',#2026,1.63195);
#2026 = AXIS2_PLACEMENT_3D('',#2027,#2028,#2029);
#2027 = CARTESIAN_POINT('',(168.,-104.,0.));
#2028 = DIRECTION('',(0.,0.,1.));
#2029 = DIRECTION('',(1.,0.,-0.));
#2030 = CYLINDRICAL_SURFACE('',#2031,1.63195);
#2031 = AXIS2_PLACEMENT_3D('',#2032,#2033,#2034);
#2032 = CARTESIAN_POINT('',(168.,-104.,0.));
#2033 = DIRECTION('',(0.,0.,1.));
#2034 = DIRECTION('',(1.,0.,-0.));
#2035 = ADVANCED_FACE('',(#2036),#2063,.F.);
#2036 = FACE_BOUND('',#2037,.F.);
#2037 = EDGE_LOOP('',(#2038,#2048,#2055,#2056));
#2038 = ORIENTED_EDGE('',*,*,#2039,.T.);
#2039 = EDGE_CURVE('',#2040,#2042,#2044,.T.);
#2040 = VERTEX_POINT('',#2041);
#2041 = CARTESIAN_POINT('',(134.561,-134.27,0.));
#2042 = VERTEX_POINT('',#2043);
#2043 = CARTESIAN_POINT('',(134.561,-134.27,-1.67));
#2044 = LINE('',#2045,#2046);
#2045 = CARTESIAN_POINT('',(134.561,-134.27,0.));
#2046 = VECTOR('',#2047,1.);
#2047 = DIRECTION('',(0.,0.,-1.));
#2048 = ORIENTED_EDGE('',*,*,#2049,.T.);
#2049 = EDGE_CURVE('',#2042,#2042,#2050,.T.);
#2050 = CIRCLE('',#2051,0.381);
#2051 = AXIS2_PLACEMENT_3D('',#2052,#2053,#2054);
#2052 = CARTESIAN_POINT('',(134.18,-134.27,-1.67));
#2053 = DIRECTION('',(0.,0.,1.));
#2054 = DIRECTION('',(1.,0.,-0.));
#2055 = ORIENTED_EDGE('',*,*,#2039,.F.);
#2056 = ORIENTED_EDGE('',*,*,#2057,.F.);
#2057 = EDGE_CURVE('',#2040,#2040,#2058,.T.);
#2058 = CIRCLE('',#2059,0.381);
#2059 = AXIS2_PLACEMENT_3D('',#2060,#2061,#2062);
#2060 = CARTESIAN_POINT('',(134.18,-134.27,0.));
#2061 = DIRECTION('',(0.,0.,1.));
#2062 = DIRECTION('',(1.,0.,-0.));
#2063 = CYLINDRICAL_SURFACE('',#2064,0.381);
#2064 = AXIS2_PLACEMENT_3D('',#2065,#2066,#2067);
#2065 = CARTESIAN_POINT('',(134.18,-134.27,0.));
#2066 = DIRECTION('',(0.,0.,1.));
#2067 = DIRECTION('',(1.,0.,-0.));
#2068 = ADVANCED_FACE('',(#2069),#2096,.F.);
#2069 = FACE_BOUND('',#2070,.F.);
#2070 = EDGE_LOOP('',(#2071,#2081,#2088,#2089));
#2071 = ORIENTED_EDGE('',*,*,#2072,.T.);
#2072 = EDGE_CURVE('',#2073,#2075,#2077,.T.);
#2073 = VERTEX_POINT('',#2074);
#2074 = CARTESIAN_POINT('',(135.831,-131.73,0.));
#2075 = VERTEX_POINT('',#2076);
#2076 = CARTESIAN_POINT('',(135.831,-131.73,-1.67));
#2077 = LINE('',#2078,#2079);
#2078 = CARTESIAN_POINT('',(135.831,-131.73,0.));
#2079 = VECTOR('',#2080,1.);
#2080 = DIRECTION('',(0.,0.,-1.));
#2081 = ORIENTED_EDGE('',*,*,#2082,.T.);
#2082 = EDGE_CURVE('',#2075,#2075,#2083,.T.);
#2083 = CIRCLE('',#2084,0.381);
#2084 = AXIS2_PLACEMENT_3D('',#2085,#2086,#2087);
#2085 = CARTESIAN_POINT('',(135.45,-131.73,-1.67));
#2086 = DIRECTION('',(0.,0.,1.));
#2087 = DIRECTION('',(1.,0.,-0.));
#2088 = ORIENTED_EDGE('',*,*,#2072,.F.);
#2089 = ORIENTED_EDGE('',*,*,#2090,.F.);
#2090 = EDGE_CURVE('',#2073,#2073,#2091,.T.);
#2091 = CIRCLE('',#2092,0.381);
#2092 = AXIS2_PLACEMENT_3D('',#2093,#2094,#2095);
#2093 = CARTESIAN_POINT('',(135.45,-131.73,0.));
#2094 = DIRECTION('',(0.,0.,1.));
#2095 = DIRECTION('',(1.,0.,-0.));
#2096 = CYLINDRICAL_SURFACE('',#2097,0.381);
#2097 = AXIS2_PLACEMENT_3D('',#2098,#2099,#2100);
#2098 = CARTESIAN_POINT('',(135.45,-131.73,0.));
#2099 = DIRECTION('',(0.,0.,1.));
#2100 = DIRECTION('',(1.,0.,-0.));
#2101 = ADVANCED_FACE('',(#2102),#2129,.F.);
#2102 = FACE_BOUND('',#2103,.F.);
#2103 = EDGE_LOOP('',(#2104,#2114,#2121,#2122));
#2104 = ORIENTED_EDGE('',*,*,#2105,.T.);
#2105 = EDGE_CURVE('',#2106,#2108,#2110,.T.);
#2106 = VERTEX_POINT('',#2107);
#2107 = CARTESIAN_POINT('',(133.291,-131.73,0.));
#2108 = VERTEX_POINT('',#2109);
#2109 = CARTESIAN_POINT('',(133.291,-131.73,-1.67));
#2110 = LINE('',#2111,#2112);
#2111 = CARTESIAN_POINT('',(133.291,-131.73,0.));
#2112 = VECTOR('',#2113,1.);
#2113 = DIRECTION('',(0.,0.,-1.));
#2114 = ORIENTED_EDGE('',*,*,#2115,.T.);
#2115 = EDGE_CURVE('',#2108,#2108,#2116,.T.);
#2116 = CIRCLE('',#2117,0.381);
#2117 = AXIS2_PLACEMENT_3D('',#2118,#2119,#2120);
#2118 = CARTESIAN_POINT('',(132.91,-131.73,-1.67));
#2119 = DIRECTION('',(0.,0.,1.));
#2120 = DIRECTION('',(1.,0.,-0.));
#2121 = ORIENTED_EDGE('',*,*,#2105,.F.);
#2122 = ORIENTED_EDGE('',*,*,#2123,.F.);
#2123 = EDGE_CURVE('',#2106,#2106,#2124,.T.);
#2124 = CIRCLE('',#2125,0.381);
#2125 = AXIS2_PLACEMENT_3D('',#2126,#2127,#2128);
#2126 = CARTESIAN_POINT('',(132.91,-131.73,0.));
#2127 = DIRECTION('',(0.,0.,1.));
#2128 = DIRECTION('',(1.,0.,-0.));
#2129 = CYLINDRICAL_SURFACE('',#2130,0.381);
#2130 = AXIS2_PLACEMENT_3D('',#2131,#2132,#2133);
#2131 = CARTESIAN_POINT('',(132.91,-131.73,0.));
#2132 = DIRECTION('',(0.,0.,1.));
#2133 = DIRECTION('',(1.,0.,-0.));
#2134 = ADVANCED_FACE('',(#2135),#2162,.F.);
#2135 = FACE_BOUND('',#2136,.F.);
#2136 = EDGE_LOOP('',(#2137,#2147,#2154,#2155));
#2137 = ORIENTED_EDGE('',*,*,#2138,.T.);
#2138 = EDGE_CURVE('',#2139,#2141,#2143,.T.);
#2139 = VERTEX_POINT('',#2140);
#2140 = CARTESIAN_POINT('',(132.021,-134.27,0.));
#2141 = VERTEX_POINT('',#2142);
#2142 = CARTESIAN_POINT('',(132.021,-134.27,-1.67));
#2143 = LINE('',#2144,#2145);
#2144 = CARTESIAN_POINT('',(132.021,-134.27,0.));
#2145 = VECTOR('',#2146,1.);
#2146 = DIRECTION('',(0.,0.,-1.));
#2147 = ORIENTED_EDGE('',*,*,#2148,.T.);
#2148 = EDGE_CURVE('',#2141,#2141,#2149,.T.);
#2149 = CIRCLE('',#2150,0.381);
#2150 = AXIS2_PLACEMENT_3D('',#2151,#2152,#2153);
#2151 = CARTESIAN_POINT('',(131.64,-134.27,-1.67));
#2152 = DIRECTION('',(0.,0.,1.));
#2153 = DIRECTION('',(1.,0.,-0.));
#2154 = ORIENTED_EDGE('',*,*,#2138,.F.);
#2155 = ORIENTED_EDGE('',*,*,#2156,.F.);
#2156 = EDGE_CURVE('',#2139,#2139,#2157,.T.);
#2157 = CIRCLE('',#2158,0.381);
#2158 = AXIS2_PLACEMENT_3D('',#2159,#2160,#2161);
#2159 = CARTESIAN_POINT('',(131.64,-134.27,0.));
#2160 = DIRECTION('',(0.,0.,1.));
#2161 = DIRECTION('',(1.,0.,-0.));
#2162 = CYLINDRICAL_SURFACE('',#2163,0.381);
#2163 = AXIS2_PLACEMENT_3D('',#2164,#2165,#2166);
#2164 = CARTESIAN_POINT('',(131.64,-134.27,0.));
#2165 = DIRECTION('',(0.,0.,1.));
#2166 = DIRECTION('',(1.,0.,-0.));
#2167 = ADVANCED_FACE('',(#2168),#2195,.F.);
#2168 = FACE_BOUND('',#2169,.F.);
#2169 = EDGE_LOOP('',(#2170,#2180,#2187,#2188));
#2170 = ORIENTED_EDGE('',*,*,#2171,.T.);
#2171 = EDGE_CURVE('',#2172,#2174,#2176,.T.);
#2172 = VERTEX_POINT('',#2173);
#2173 = CARTESIAN_POINT('',(129.481,-134.27,0.));
#2174 = VERTEX_POINT('',#2175);
#2175 = CARTESIAN_POINT('',(129.481,-134.27,-1.67));
#2176 = LINE('',#2177,#2178);
#2177 = CARTESIAN_POINT('',(129.481,-134.27,0.));
#2178 = VECTOR('',#2179,1.);
#2179 = DIRECTION('',(0.,0.,-1.));
#2180 = ORIENTED_EDGE('',*,*,#2181,.T.);
#2181 = EDGE_CURVE('',#2174,#2174,#2182,.T.);
#2182 = CIRCLE('',#2183,0.381);
#2183 = AXIS2_PLACEMENT_3D('',#2184,#2185,#2186);
#2184 = CARTESIAN_POINT('',(129.1,-134.27,-1.67));
#2185 = DIRECTION('',(0.,0.,1.));
#2186 = DIRECTION('',(1.,0.,-0.));
#2187 = ORIENTED_EDGE('',*,*,#2171,.F.);
#2188 = ORIENTED_EDGE('',*,*,#2189,.F.);
#2189 = EDGE_CURVE('',#2172,#2172,#2190,.T.);
#2190 = CIRCLE('',#2191,0.381);
#2191 = AXIS2_PLACEMENT_3D('',#2192,#2193,#2194);
#2192 = CARTESIAN_POINT('',(129.1,-134.27,0.));
#2193 = DIRECTION('',(0.,0.,1.));
#2194 = DIRECTION('',(1.,0.,-0.));
#2195 = CYLINDRICAL_SURFACE('',#2196,0.381);
#2196 = AXIS2_PLACEMENT_3D('',#2197,#2198,#2199);
#2197 = CARTESIAN_POINT('',(129.1,-134.27,0.));
#2198 = DIRECTION('',(0.,0.,1.));
#2199 = DIRECTION('',(1.,0.,-0.));
#2200 = ADVANCED_FACE('',(#2201),#2228,.F.);
#2201 = FACE_BOUND('',#2202,.F.);
#2202 = EDGE_LOOP('',(#2203,#2213,#2220,#2221));
#2203 = ORIENTED_EDGE('',*,*,#2204,.T.);
#2204 = EDGE_CURVE('',#2205,#2207,#2209,.T.);
#2205 = VERTEX_POINT('',#2206);
#2206 = CARTESIAN_POINT('',(130.751,-131.73,0.));
#2207 = VERTEX_POINT('',#2208);
#2208 = CARTESIAN_POINT('',(130.751,-131.73,-1.67));
#2209 = LINE('',#2210,#2211);
#2210 = CARTESIAN_POINT('',(130.751,-131.73,0.));
#2211 = VECTOR('',#2212,1.);
#2212 = DIRECTION('',(0.,0.,-1.));
#2213 = ORIENTED_EDGE('',*,*,#2214,.T.);
#2214 = EDGE_CURVE('',#2207,#2207,#2215,.T.);
#2215 = CIRCLE('',#2216,0.381);
#2216 = AXIS2_PLACEMENT_3D('',#2217,#2218,#2219);
#2217 = CARTESIAN_POINT('',(130.37,-131.73,-1.67));
#2218 = DIRECTION('',(0.,0.,1.));
#2219 = DIRECTION('',(1.,0.,-0.));
#2220 = ORIENTED_EDGE('',*,*,#2204,.F.);
#2221 = ORIENTED_EDGE('',*,*,#2222,.F.);
#2222 = EDGE_CURVE('',#2205,#2205,#2223,.T.);
#2223 = CIRCLE('',#2224,0.381);
#2224 = AXIS2_PLACEMENT_3D('',#2225,#2226,#2227);
#2225 = CARTESIAN_POINT('',(130.37,-131.73,0.));
#2226 = DIRECTION('',(0.,0.,1.));
#2227 = DIRECTION('',(1.,0.,-0.));
#2228 = CYLINDRICAL_SURFACE('',#2229,0.381);
#2229 = AXIS2_PLACEMENT_3D('',#2230,#2231,#2232);
#2230 = CARTESIAN_POINT('',(130.37,-131.73,0.));
#2231 = DIRECTION('',(0.,0.,1.));
#2232 = DIRECTION('',(1.,0.,-0.));
#2233 = ADVANCED_FACE('',(#2234),#2261,.F.);
#2234 = FACE_BOUND('',#2235,.F.);
#2235 = EDGE_LOOP('',(#2236,#2246,#2253,#2254));
#2236 = ORIENTED_EDGE('',*,*,#2237,.T.);
#2237 = EDGE_CURVE('',#2238,#2240,#2242,.T.);
#2238 = VERTEX_POINT('',#2239);
#2239 = CARTESIAN_POINT('',(128.211,-131.73,0.));
#2240 = VERTEX_POINT('',#2241);
#2241 = CARTESIAN_POINT('',(128.211,-131.73,-1.67));
#2242 = LINE('',#2243,#2244);
#2243 = CARTESIAN_POINT('',(128.211,-131.73,0.));
#2244 = VECTOR('',#2245,1.);
#2245 = DIRECTION('',(0.,0.,-1.));
#2246 = ORIENTED_EDGE('',*,*,#2247,.T.);
#2247 = EDGE_CURVE('',#2240,#2240,#2248,.T.);
#2248 = CIRCLE('',#2249,0.381);
#2249 = AXIS2_PLACEMENT_3D('',#2250,#2251,#2252);
#2250 = CARTESIAN_POINT('',(127.83,-131.73,-1.67));
#2251 = DIRECTION('',(0.,0.,1.));
#2252 = DIRECTION('',(1.,0.,-0.));
#2253 = ORIENTED_EDGE('',*,*,#2237,.F.);
#2254 = ORIENTED_EDGE('',*,*,#2255,.F.);
#2255 = EDGE_CURVE('',#2238,#2238,#2256,.T.);
#2256 = CIRCLE('',#2257,0.381);
#2257 = AXIS2_PLACEMENT_3D('',#2258,#2259,#2260);
#2258 = CARTESIAN_POINT('',(127.83,-131.73,0.));
#2259 = DIRECTION('',(0.,0.,1.));
#2260 = DIRECTION('',(1.,0.,-0.));
#2261 = CYLINDRICAL_SURFACE('',#2262,0.381);
#2262 = AXIS2_PLACEMENT_3D('',#2263,#2264,#2265);
#2263 = CARTESIAN_POINT('',(127.83,-131.73,0.));
#2264 = DIRECTION('',(0.,0.,1.));
#2265 = DIRECTION('',(1.,0.,-0.));
#2266 = ADVANCED_FACE('',(#2267),#2294,.F.);
#2267 = FACE_BOUND('',#2268,.F.);
#2268 = EDGE_LOOP('',(#2269,#2279,#2286,#2287));
#2269 = ORIENTED_EDGE('',*,*,#2270,.T.);
#2270 = EDGE_CURVE('',#2271,#2273,#2275,.T.);
#2271 = VERTEX_POINT('',#2272);
#2272 = CARTESIAN_POINT('',(134.665,-122.74,0.));
#2273 = VERTEX_POINT('',#2274);
#2274 = CARTESIAN_POINT('',(134.665,-122.74,-1.67));
#2275 = LINE('',#2276,#2277);
#2276 = CARTESIAN_POINT('',(134.665,-122.74,0.));
#2277 = VECTOR('',#2278,1.);
#2278 = DIRECTION('',(0.,0.,-1.));
#2279 = ORIENTED_EDGE('',*,*,#2280,.T.);
#2280 = EDGE_CURVE('',#2273,#2273,#2281,.T.);
#2281 = CIRCLE('',#2282,0.355);
#2282 = AXIS2_PLACEMENT_3D('',#2283,#2284,#2285);
#2283 = CARTESIAN_POINT('',(134.31,-122.74,-1.67));
#2284 = DIRECTION('',(0.,0.,1.));
#2285 = DIRECTION('',(1.,0.,-0.));
#2286 = ORIENTED_EDGE('',*,*,#2270,.F.);
#2287 = ORIENTED_EDGE('',*,*,#2288,.F.);
#2288 = EDGE_CURVE('',#2271,#2271,#2289,.T.);
#2289 = CIRCLE('',#2290,0.355);
#2290 = AXIS2_PLACEMENT_3D('',#2291,#2292,#2293);
#2291 = CARTESIAN_POINT('',(134.31,-122.74,0.));
#2292 = DIRECTION('',(0.,0.,1.));
#2293 = DIRECTION('',(1.,0.,-0.));
#2294 = CYLINDRICAL_SURFACE('',#2295,0.355);
#2295 = AXIS2_PLACEMENT_3D('',#2296,#2297,#2298);
#2296 = CARTESIAN_POINT('',(134.31,-122.74,0.));
#2297 = DIRECTION('',(0.,0.,1.));
#2298 = DIRECTION('',(1.,0.,-0.));
#2299 = ADVANCED_FACE('',(#2300),#2327,.F.);
#2300 = FACE_BOUND('',#2301,.F.);
#2301 = EDGE_LOOP('',(#2302,#2312,#2319,#2320));
#2302 = ORIENTED_EDGE('',*,*,#2303,.T.);
#2303 = EDGE_CURVE('',#2304,#2306,#2308,.T.);
#2304 = VERTEX_POINT('',#2305);
#2305 = CARTESIAN_POINT('',(132.125,-122.74,0.));
#2306 = VERTEX_POINT('',#2307);
#2307 = CARTESIAN_POINT('',(132.125,-122.74,-1.67));
#2308 = LINE('',#2309,#2310);
#2309 = CARTESIAN_POINT('',(132.125,-122.74,0.));
#2310 = VECTOR('',#2311,1.);
#2311 = DIRECTION('',(0.,0.,-1.));
#2312 = ORIENTED_EDGE('',*,*,#2313,.T.);
#2313 = EDGE_CURVE('',#2306,#2306,#2314,.T.);
#2314 = CIRCLE('',#2315,0.355);
#2315 = AXIS2_PLACEMENT_3D('',#2316,#2317,#2318);
#2316 = CARTESIAN_POINT('',(131.77,-122.74,-1.67));
#2317 = DIRECTION('',(0.,0.,1.));
#2318 = DIRECTION('',(1.,0.,-0.));
#2319 = ORIENTED_EDGE('',*,*,#2303,.F.);
#2320 = ORIENTED_EDGE('',*,*,#2321,.F.);
#2321 = EDGE_CURVE('',#2304,#2304,#2322,.T.);
#2322 = CIRCLE('',#2323,0.355);
#2323 = AXIS2_PLACEMENT_3D('',#2324,#2325,#2326);
#2324 = CARTESIAN_POINT('',(131.77,-122.74,0.));
#2325 = DIRECTION('',(0.,0.,1.));
#2326 = DIRECTION('',(1.,0.,-0.));
#2327 = CYLINDRICAL_SURFACE('',#2328,0.355);
#2328 = AXIS2_PLACEMENT_3D('',#2329,#2330,#2331);
#2329 = CARTESIAN_POINT('',(131.77,-122.74,0.));
#2330 = DIRECTION('',(0.,0.,1.));
#2331 = DIRECTION('',(1.,0.,-0.));
#2332 = ADVANCED_FACE('',(#2333),#2360,.F.);
#2333 = FACE_BOUND('',#2334,.F.);
#2334 = EDGE_LOOP('',(#2335,#2345,#2352,#2353));
#2335 = ORIENTED_EDGE('',*,*,#2336,.T.);
#2336 = EDGE_CURVE('',#2337,#2339,#2341,.T.);
#2337 = VERTEX_POINT('',#2338);
#2338 = CARTESIAN_POINT('',(129.585,-122.74,0.));
#2339 = VERTEX_POINT('',#2340);
#2340 = CARTESIAN_POINT('',(129.585,-122.74,-1.67));
#2341 = LINE('',#2342,#2343);
#2342 = CARTESIAN_POINT('',(129.585,-122.74,0.));
#2343 = VECTOR('',#2344,1.);
#2344 = DIRECTION('',(0.,0.,-1.));
#2345 = ORIENTED_EDGE('',*,*,#2346,.T.);
#2346 = EDGE_CURVE('',#2339,#2339,#2347,.T.);
#2347 = CIRCLE('',#2348,0.355);
#2348 = AXIS2_PLACEMENT_3D('',#2349,#2350,#2351);
#2349 = CARTESIAN_POINT('',(129.23,-122.74,-1.67));
#2350 = DIRECTION('',(0.,0.,1.));
#2351 = DIRECTION('',(1.,0.,-0.));
#2352 = ORIENTED_EDGE('',*,*,#2336,.F.);
#2353 = ORIENTED_EDGE('',*,*,#2354,.F.);
#2354 = EDGE_CURVE('',#2337,#2337,#2355,.T.);
#2355 = CIRCLE('',#2356,0.355);
#2356 = AXIS2_PLACEMENT_3D('',#2357,#2358,#2359);
#2357 = CARTESIAN_POINT('',(129.23,-122.74,0.));
#2358 = DIRECTION('',(0.,0.,1.));
#2359 = DIRECTION('',(1.,0.,-0.));
#2360 = CYLINDRICAL_SURFACE('',#2361,0.355);
#2361 = AXIS2_PLACEMENT_3D('',#2362,#2363,#2364);
#2362 = CARTESIAN_POINT('',(129.23,-122.74,0.));
#2363 = DIRECTION('',(0.,0.,1.));
#2364 = DIRECTION('',(1.,0.,-0.));
#2365 = ADVANCED_FACE('',(#2366),#2393,.F.);
#2366 = FACE_BOUND('',#2367,.F.);
#2367 = EDGE_LOOP('',(#2368,#2378,#2385,#2386));
#2368 = ORIENTED_EDGE('',*,*,#2369,.T.);
#2369 = EDGE_CURVE('',#2370,#2372,#2374,.T.);
#2370 = VERTEX_POINT('',#2371);
#2371 = CARTESIAN_POINT('',(126.941,-134.27,0.));
#2372 = VERTEX_POINT('',#2373);
#2373 = CARTESIAN_POINT('',(126.941,-134.27,-1.67));
#2374 = LINE('',#2375,#2376);
#2375 = CARTESIAN_POINT('',(126.941,-134.27,0.));
#2376 = VECTOR('',#2377,1.);
#2377 = DIRECTION('',(0.,0.,-1.));
#2378 = ORIENTED_EDGE('',*,*,#2379,.T.);
#2379 = EDGE_CURVE('',#2372,#2372,#2380,.T.);
#2380 = CIRCLE('',#2381,0.381);
#2381 = AXIS2_PLACEMENT_3D('',#2382,#2383,#2384);
#2382 = CARTESIAN_POINT('',(126.56,-134.27,-1.67));
#2383 = DIRECTION('',(0.,0.,1.));
#2384 = DIRECTION('',(1.,0.,-0.));
#2385 = ORIENTED_EDGE('',*,*,#2369,.F.);
#2386 = ORIENTED_EDGE('',*,*,#2387,.F.);
#2387 = EDGE_CURVE('',#2370,#2370,#2388,.T.);
#2388 = CIRCLE('',#2389,0.381);
#2389 = AXIS2_PLACEMENT_3D('',#2390,#2391,#2392);
#2390 = CARTESIAN_POINT('',(126.56,-134.27,0.));
#2391 = DIRECTION('',(0.,0.,1.));
#2392 = DIRECTION('',(1.,0.,-0.));
#2393 = CYLINDRICAL_SURFACE('',#2394,0.381);
#2394 = AXIS2_PLACEMENT_3D('',#2395,#2396,#2397);
#2395 = CARTESIAN_POINT('',(126.56,-134.27,0.));
#2396 = DIRECTION('',(0.,0.,1.));
#2397 = DIRECTION('',(1.,0.,-0.));
#2398 = ADVANCED_FACE('',(#2399),#2426,.F.);
#2399 = FACE_BOUND('',#2400,.F.);
#2400 = EDGE_LOOP('',(#2401,#2411,#2418,#2419));
#2401 = ORIENTED_EDGE('',*,*,#2402,.T.);
#2402 = EDGE_CURVE('',#2403,#2405,#2407,.T.);
#2403 = VERTEX_POINT('',#2404);
#2404 = CARTESIAN_POINT('',(124.401,-134.27,0.));
#2405 = VERTEX_POINT('',#2406);
#2406 = CARTESIAN_POINT('',(124.401,-134.27,-1.67));
#2407 = LINE('',#2408,#2409);
#2408 = CARTESIAN_POINT('',(124.401,-134.27,0.));
#2409 = VECTOR('',#2410,1.);
#2410 = DIRECTION('',(0.,0.,-1.));
#2411 = ORIENTED_EDGE('',*,*,#2412,.T.);
#2412 = EDGE_CURVE('',#2405,#2405,#2413,.T.);
#2413 = CIRCLE('',#2414,0.381);
#2414 = AXIS2_PLACEMENT_3D('',#2415,#2416,#2417);
#2415 = CARTESIAN_POINT('',(124.02,-134.27,-1.67));
#2416 = DIRECTION('',(0.,0.,1.));
#2417 = DIRECTION('',(1.,0.,-0.));
#2418 = ORIENTED_EDGE('',*,*,#2402,.F.);
#2419 = ORIENTED_EDGE('',*,*,#2420,.F.);
#2420 = EDGE_CURVE('',#2403,#2403,#2421,.T.);
#2421 = CIRCLE('',#2422,0.381);
#2422 = AXIS2_PLACEMENT_3D('',#2423,#2424,#2425);
#2423 = CARTESIAN_POINT('',(124.02,-134.27,0.));
#2424 = DIRECTION('',(0.,0.,1.));
#2425 = DIRECTION('',(1.,0.,-0.));
#2426 = CYLINDRICAL_SURFACE('',#2427,0.381);
#2427 = AXIS2_PLACEMENT_3D('',#2428,#2429,#2430);
#2428 = CARTESIAN_POINT('',(124.02,-134.27,0.));
#2429 = DIRECTION('',(0.,0.,1.));
#2430 = DIRECTION('',(1.,0.,-0.));
#2431 = ADVANCED_FACE('',(#2432),#2459,.F.);
#2432 = FACE_BOUND('',#2433,.F.);
#2433 = EDGE_LOOP('',(#2434,#2444,#2451,#2452));
#2434 = ORIENTED_EDGE('',*,*,#2435,.T.);
#2435 = EDGE_CURVE('',#2436,#2438,#2440,.T.);
#2436 = VERTEX_POINT('',#2437);
#2437 = CARTESIAN_POINT('',(125.671,-131.73,0.));
#2438 = VERTEX_POINT('',#2439);
#2439 = CARTESIAN_POINT('',(125.671,-131.73,-1.67));
#2440 = LINE('',#2441,#2442);
#2441 = CARTESIAN_POINT('',(125.671,-131.73,0.));
#2442 = VECTOR('',#2443,1.);
#2443 = DIRECTION('',(0.,0.,-1.));
#2444 = ORIENTED_EDGE('',*,*,#2445,.T.);
#2445 = EDGE_CURVE('',#2438,#2438,#2446,.T.);
#2446 = CIRCLE('',#2447,0.381);
#2447 = AXIS2_PLACEMENT_3D('',#2448,#2449,#2450);
#2448 = CARTESIAN_POINT('',(125.29,-131.73,-1.67));
#2449 = DIRECTION('',(0.,0.,1.));
#2450 = DIRECTION('',(1.,0.,-0.));
#2451 = ORIENTED_EDGE('',*,*,#2435,.F.);
#2452 = ORIENTED_EDGE('',*,*,#2453,.F.);
#2453 = EDGE_CURVE('',#2436,#2436,#2454,.T.);
#2454 = CIRCLE('',#2455,0.381);
#2455 = AXIS2_PLACEMENT_3D('',#2456,#2457,#2458);
#2456 = CARTESIAN_POINT('',(125.29,-131.73,0.));
#2457 = DIRECTION('',(0.,0.,1.));
#2458 = DIRECTION('',(1.,0.,-0.));
#2459 = CYLINDRICAL_SURFACE('',#2460,0.381);
#2460 = AXIS2_PLACEMENT_3D('',#2461,#2462,#2463);
#2461 = CARTESIAN_POINT('',(125.29,-131.73,0.));
#2462 = DIRECTION('',(0.,0.,1.));
#2463 = DIRECTION('',(1.,0.,-0.));
#2464 = ADVANCED_FACE('',(#2465),#2492,.F.);
#2465 = FACE_BOUND('',#2466,.F.);
#2466 = EDGE_LOOP('',(#2467,#2477,#2484,#2485));
#2467 = ORIENTED_EDGE('',*,*,#2468,.T.);
#2468 = EDGE_CURVE('',#2469,#2471,#2473,.T.);
#2469 = VERTEX_POINT('',#2470);
#2470 = CARTESIAN_POINT('',(121.861,-134.27,0.));
#2471 = VERTEX_POINT('',#2472);
#2472 = CARTESIAN_POINT('',(121.861,-134.27,-1.67));
#2473 = LINE('',#2474,#2475);
#2474 = CARTESIAN_POINT('',(121.861,-134.27,0.));
#2475 = VECTOR('',#2476,1.);
#2476 = DIRECTION('',(0.,0.,-1.));
#2477 = ORIENTED_EDGE('',*,*,#2478,.T.);
#2478 = EDGE_CURVE('',#2471,#2471,#2479,.T.);
#2479 = CIRCLE('',#2480,0.381);
#2480 = AXIS2_PLACEMENT_3D('',#2481,#2482,#2483);
#2481 = CARTESIAN_POINT('',(121.48,-134.27,-1.67));
#2482 = DIRECTION('',(0.,0.,1.));
#2483 = DIRECTION('',(1.,0.,-0.));
#2484 = ORIENTED_EDGE('',*,*,#2468,.F.);
#2485 = ORIENTED_EDGE('',*,*,#2486,.F.);
#2486 = EDGE_CURVE('',#2469,#2469,#2487,.T.);
#2487 = CIRCLE('',#2488,0.381);
#2488 = AXIS2_PLACEMENT_3D('',#2489,#2490,#2491);
#2489 = CARTESIAN_POINT('',(121.48,-134.27,0.));
#2490 = DIRECTION('',(0.,0.,1.));
#2491 = DIRECTION('',(1.,0.,-0.));
#2492 = CYLINDRICAL_SURFACE('',#2493,0.381);
#2493 = AXIS2_PLACEMENT_3D('',#2494,#2495,#2496);
#2494 = CARTESIAN_POINT('',(121.48,-134.27,0.));
#2495 = DIRECTION('',(0.,0.,1.));
#2496 = DIRECTION('',(1.,0.,-0.));
#2497 = ADVANCED_FACE('',(#2498),#2525,.F.);
#2498 = FACE_BOUND('',#2499,.F.);
#2499 = EDGE_LOOP('',(#2500,#2510,#2517,#2518));
#2500 = ORIENTED_EDGE('',*,*,#2501,.T.);
#2501 = EDGE_CURVE('',#2502,#2504,#2506,.T.);
#2502 = VERTEX_POINT('',#2503);
#2503 = CARTESIAN_POINT('',(123.131,-131.73,0.));
#2504 = VERTEX_POINT('',#2505);
#2505 = CARTESIAN_POINT('',(123.131,-131.73,-1.67));
#2506 = LINE('',#2507,#2508);
#2507 = CARTESIAN_POINT('',(123.131,-131.73,0.));
#2508 = VECTOR('',#2509,1.);
#2509 = DIRECTION('',(0.,0.,-1.));
#2510 = ORIENTED_EDGE('',*,*,#2511,.T.);
#2511 = EDGE_CURVE('',#2504,#2504,#2512,.T.);
#2512 = CIRCLE('',#2513,0.381);
#2513 = AXIS2_PLACEMENT_3D('',#2514,#2515,#2516);
#2514 = CARTESIAN_POINT('',(122.75,-131.73,-1.67));
#2515 = DIRECTION('',(0.,0.,1.));
#2516 = DIRECTION('',(1.,0.,-0.));
#2517 = ORIENTED_EDGE('',*,*,#2501,.F.);
#2518 = ORIENTED_EDGE('',*,*,#2519,.F.);
#2519 = EDGE_CURVE('',#2502,#2502,#2520,.T.);
#2520 = CIRCLE('',#2521,0.381);
#2521 = AXIS2_PLACEMENT_3D('',#2522,#2523,#2524);
#2522 = CARTESIAN_POINT('',(122.75,-131.73,0.));
#2523 = DIRECTION('',(0.,0.,1.));
#2524 = DIRECTION('',(1.,0.,-0.));
#2525 = CYLINDRICAL_SURFACE('',#2526,0.381);
#2526 = AXIS2_PLACEMENT_3D('',#2527,#2528,#2529);
#2527 = CARTESIAN_POINT('',(122.75,-131.73,0.));
#2528 = DIRECTION('',(0.,0.,1.));
#2529 = DIRECTION('',(1.,0.,-0.));
#2530 = ADVANCED_FACE('',(#2531),#2558,.F.);
#2531 = FACE_BOUND('',#2532,.F.);
#2532 = EDGE_LOOP('',(#2533,#2543,#2550,#2551));
#2533 = ORIENTED_EDGE('',*,*,#2534,.T.);
#2534 = EDGE_CURVE('',#2535,#2537,#2539,.T.);
#2535 = VERTEX_POINT('',#2536);
#2536 = CARTESIAN_POINT('',(120.591,-131.73,0.));
#2537 = VERTEX_POINT('',#2538);
#2538 = CARTESIAN_POINT('',(120.591,-131.73,-1.67));
#2539 = LINE('',#2540,#2541);
#2540 = CARTESIAN_POINT('',(120.591,-131.73,0.));
#2541 = VECTOR('',#2542,1.);
#2542 = DIRECTION('',(0.,0.,-1.));
#2543 = ORIENTED_EDGE('',*,*,#2544,.T.);
#2544 = EDGE_CURVE('',#2537,#2537,#2545,.T.);
#2545 = CIRCLE('',#2546,0.381);
#2546 = AXIS2_PLACEMENT_3D('',#2547,#2548,#2549);
#2547 = CARTESIAN_POINT('',(120.21,-131.73,-1.67));
#2548 = DIRECTION('',(0.,0.,1.));
#2549 = DIRECTION('',(1.,0.,-0.));
#2550 = ORIENTED_EDGE('',*,*,#2534,.F.);
#2551 = ORIENTED_EDGE('',*,*,#2552,.F.);
#2552 = EDGE_CURVE('',#2535,#2535,#2553,.T.);
#2553 = CIRCLE('',#2554,0.381);
#2554 = AXIS2_PLACEMENT_3D('',#2555,#2556,#2557);
#2555 = CARTESIAN_POINT('',(120.21,-131.73,0.));
#2556 = DIRECTION('',(0.,0.,1.));
#2557 = DIRECTION('',(1.,0.,-0.));
#2558 = CYLINDRICAL_SURFACE('',#2559,0.381);
#2559 = AXIS2_PLACEMENT_3D('',#2560,#2561,#2562);
#2560 = CARTESIAN_POINT('',(120.21,-131.73,0.));
#2561 = DIRECTION('',(0.,0.,1.));
#2562 = DIRECTION('',(1.,0.,-0.));
#2563 = ADVANCED_FACE('',(#2564),#2591,.F.);
#2564 = FACE_BOUND('',#2565,.F.);
#2565 = EDGE_LOOP('',(#2566,#2576,#2583,#2584));
#2566 = ORIENTED_EDGE('',*,*,#2567,.T.);
#2567 = EDGE_CURVE('',#2568,#2570,#2572,.T.);
#2568 = VERTEX_POINT('',#2569);
#2569 = CARTESIAN_POINT('',(127.045,-122.74,0.));
#2570 = VERTEX_POINT('',#2571);
#2571 = CARTESIAN_POINT('',(127.045,-122.74,-1.67));
#2572 = LINE('',#2573,#2574);
#2573 = CARTESIAN_POINT('',(127.045,-122.74,0.));
#2574 = VECTOR('',#2575,1.);
#2575 = DIRECTION('',(0.,0.,-1.));
#2576 = ORIENTED_EDGE('',*,*,#2577,.T.);
#2577 = EDGE_CURVE('',#2570,#2570,#2578,.T.);
#2578 = CIRCLE('',#2579,0.355);
#2579 = AXIS2_PLACEMENT_3D('',#2580,#2581,#2582);
#2580 = CARTESIAN_POINT('',(126.69,-122.74,-1.67));
#2581 = DIRECTION('',(0.,0.,1.));
#2582 = DIRECTION('',(1.,0.,-0.));
#2583 = ORIENTED_EDGE('',*,*,#2567,.F.);
#2584 = ORIENTED_EDGE('',*,*,#2585,.F.);
#2585 = EDGE_CURVE('',#2568,#2568,#2586,.T.);
#2586 = CIRCLE('',#2587,0.355);
#2587 = AXIS2_PLACEMENT_3D('',#2588,#2589,#2590);
#2588 = CARTESIAN_POINT('',(126.69,-122.74,0.));
#2589 = DIRECTION('',(0.,0.,1.));
#2590 = DIRECTION('',(1.,0.,-0.));
#2591 = CYLINDRICAL_SURFACE('',#2592,0.355);
#2592 = AXIS2_PLACEMENT_3D('',#2593,#2594,#2595);
#2593 = CARTESIAN_POINT('',(126.69,-122.74,0.));
#2594 = DIRECTION('',(0.,0.,1.));
#2595 = DIRECTION('',(1.,0.,-0.));
#2596 = ADVANCED_FACE('',(#2597),#2624,.F.);
#2597 = FACE_BOUND('',#2598,.F.);
#2598 = EDGE_LOOP('',(#2599,#2609,#2616,#2617));
#2599 = ORIENTED_EDGE('',*,*,#2600,.T.);
#2600 = EDGE_CURVE('',#2601,#2603,#2605,.T.);
#2601 = VERTEX_POINT('',#2602);
#2602 = CARTESIAN_POINT('',(124.505,-122.74,0.));
#2603 = VERTEX_POINT('',#2604);
#2604 = CARTESIAN_POINT('',(124.505,-122.74,-1.67));
#2605 = LINE('',#2606,#2607);
#2606 = CARTESIAN_POINT('',(124.505,-122.74,0.));
#2607 = VECTOR('',#2608,1.);
#2608 = DIRECTION('',(0.,0.,-1.));
#2609 = ORIENTED_EDGE('',*,*,#2610,.T.);
#2610 = EDGE_CURVE('',#2603,#2603,#2611,.T.);
#2611 = CIRCLE('',#2612,0.355);
#2612 = AXIS2_PLACEMENT_3D('',#2613,#2614,#2615);
#2613 = CARTESIAN_POINT('',(124.15,-122.74,-1.67));
#2614 = DIRECTION('',(0.,0.,1.));
#2615 = DIRECTION('',(1.,0.,-0.));
#2616 = ORIENTED_EDGE('',*,*,#2600,.F.);
#2617 = ORIENTED_EDGE('',*,*,#2618,.F.);
#2618 = EDGE_CURVE('',#2601,#2601,#2619,.T.);
#2619 = CIRCLE('',#2620,0.355);
#2620 = AXIS2_PLACEMENT_3D('',#2621,#2622,#2623);
#2621 = CARTESIAN_POINT('',(124.15,-122.74,0.));
#2622 = DIRECTION('',(0.,0.,1.));
#2623 = DIRECTION('',(1.,0.,-0.));
#2624 = CYLINDRICAL_SURFACE('',#2625,0.355);
#2625 = AXIS2_PLACEMENT_3D('',#2626,#2627,#2628);
#2626 = CARTESIAN_POINT('',(124.15,-122.74,0.));
#2627 = DIRECTION('',(0.,0.,1.));
#2628 = DIRECTION('',(1.,0.,-0.));
#2629 = ADVANCED_FACE('',(#2630),#2657,.F.);
#2630 = FACE_BOUND('',#2631,.F.);
#2631 = EDGE_LOOP('',(#2632,#2642,#2649,#2650));
#2632 = ORIENTED_EDGE('',*,*,#2633,.T.);
#2633 = EDGE_CURVE('',#2634,#2636,#2638,.T.);
#2634 = VERTEX_POINT('',#2635);
#2635 = CARTESIAN_POINT('',(121.965,-122.74,0.));
#2636 = VERTEX_POINT('',#2637);
#2637 = CARTESIAN_POINT('',(121.965,-122.74,-1.67));
#2638 = LINE('',#2639,#2640);
#2639 = CARTESIAN_POINT('',(121.965,-122.74,0.));
#2640 = VECTOR('',#2641,1.);
#2641 = DIRECTION('',(0.,0.,-1.));
#2642 = ORIENTED_EDGE('',*,*,#2643,.T.);
#2643 = EDGE_CURVE('',#2636,#2636,#2644,.T.);
#2644 = CIRCLE('',#2645,0.355);
#2645 = AXIS2_PLACEMENT_3D('',#2646,#2647,#2648);
#2646 = CARTESIAN_POINT('',(121.61,-122.74,-1.67));
#2647 = DIRECTION('',(0.,0.,1.));
#2648 = DIRECTION('',(1.,0.,-0.));
#2649 = ORIENTED_EDGE('',*,*,#2633,.F.);
#2650 = ORIENTED_EDGE('',*,*,#2651,.F.);
#2651 = EDGE_CURVE('',#2634,#2634,#2652,.T.);
#2652 = CIRCLE('',#2653,0.355);
#2653 = AXIS2_PLACEMENT_3D('',#2654,#2655,#2656);
#2654 = CARTESIAN_POINT('',(121.61,-122.74,0.));
#2655 = DIRECTION('',(0.,0.,1.));
#2656 = DIRECTION('',(1.,0.,-0.));
#2657 = CYLINDRICAL_SURFACE('',#2658,0.355);
#2658 = AXIS2_PLACEMENT_3D('',#2659,#2660,#2661);
#2659 = CARTESIAN_POINT('',(121.61,-122.74,0.));
#2660 = DIRECTION('',(0.,0.,1.));
#2661 = DIRECTION('',(1.,0.,-0.));
#2662 = ADVANCED_FACE('',(#2663),#2690,.F.);
#2663 = FACE_BOUND('',#2664,.F.);
#2664 = EDGE_LOOP('',(#2665,#2675,#2682,#2683));
#2665 = ORIENTED_EDGE('',*,*,#2666,.T.);
#2666 = EDGE_CURVE('',#2667,#2669,#2671,.T.);
#2667 = VERTEX_POINT('',#2668);
#2668 = CARTESIAN_POINT('',(135.935,-120.2,0.));
#2669 = VERTEX_POINT('',#2670);
#2670 = CARTESIAN_POINT('',(135.935,-120.2,-1.67));
#2671 = LINE('',#2672,#2673);
#2672 = CARTESIAN_POINT('',(135.935,-120.2,0.));
#2673 = VECTOR('',#2674,1.);
#2674 = DIRECTION('',(0.,0.,-1.));
#2675 = ORIENTED_EDGE('',*,*,#2676,.T.);
#2676 = EDGE_CURVE('',#2669,#2669,#2677,.T.);
#2677 = CIRCLE('',#2678,0.355);
#2678 = AXIS2_PLACEMENT_3D('',#2679,#2680,#2681);
#2679 = CARTESIAN_POINT('',(135.58,-120.2,-1.67));
#2680 = DIRECTION('',(0.,0.,1.));
#2681 = DIRECTION('',(1.,0.,-0.));
#2682 = ORIENTED_EDGE('',*,*,#2666,.F.);
#2683 = ORIENTED_EDGE('',*,*,#2684,.F.);
#2684 = EDGE_CURVE('',#2667,#2667,#2685,.T.);
#2685 = CIRCLE('',#2686,0.355);
#2686 = AXIS2_PLACEMENT_3D('',#2687,#2688,#2689);
#2687 = CARTESIAN_POINT('',(135.58,-120.2,0.));
#2688 = DIRECTION('',(0.,0.,1.));
#2689 = DIRECTION('',(1.,0.,-0.));
#2690 = CYLINDRICAL_SURFACE('',#2691,0.355);
#2691 = AXIS2_PLACEMENT_3D('',#2692,#2693,#2694);
#2692 = CARTESIAN_POINT('',(135.58,-120.2,0.));
#2693 = DIRECTION('',(0.,0.,1.));
#2694 = DIRECTION('',(1.,0.,-0.));
#2695 = ADVANCED_FACE('',(#2696),#2723,.F.);
#2696 = FACE_BOUND('',#2697,.F.);
#2697 = EDGE_LOOP('',(#2698,#2708,#2715,#2716));
#2698 = ORIENTED_EDGE('',*,*,#2699,.T.);
#2699 = EDGE_CURVE('',#2700,#2702,#2704,.T.);
#2700 = VERTEX_POINT('',#2701);
#2701 = CARTESIAN_POINT('',(133.395,-120.2,0.));
#2702 = VERTEX_POINT('',#2703);
#2703 = CARTESIAN_POINT('',(133.395,-120.2,-1.67));
#2704 = LINE('',#2705,#2706);
#2705 = CARTESIAN_POINT('',(133.395,-120.2,0.));
#2706 = VECTOR('',#2707,1.);
#2707 = DIRECTION('',(0.,0.,-1.));
#2708 = ORIENTED_EDGE('',*,*,#2709,.T.);
#2709 = EDGE_CURVE('',#2702,#2702,#2710,.T.);
#2710 = CIRCLE('',#2711,0.355);
#2711 = AXIS2_PLACEMENT_3D('',#2712,#2713,#2714);
#2712 = CARTESIAN_POINT('',(133.04,-120.2,-1.67));
#2713 = DIRECTION('',(0.,0.,1.));
#2714 = DIRECTION('',(1.,0.,-0.));
#2715 = ORIENTED_EDGE('',*,*,#2699,.F.);
#2716 = ORIENTED_EDGE('',*,*,#2717,.F.);
#2717 = EDGE_CURVE('',#2700,#2700,#2718,.T.);
#2718 = CIRCLE('',#2719,0.355);
#2719 = AXIS2_PLACEMENT_3D('',#2720,#2721,#2722);
#2720 = CARTESIAN_POINT('',(133.04,-120.2,0.));
#2721 = DIRECTION('',(0.,0.,1.));
#2722 = DIRECTION('',(1.,0.,-0.));
#2723 = CYLINDRICAL_SURFACE('',#2724,0.355);
#2724 = AXIS2_PLACEMENT_3D('',#2725,#2726,#2727);
#2725 = CARTESIAN_POINT('',(133.04,-120.2,0.));
#2726 = DIRECTION('',(0.,0.,1.));
#2727 = DIRECTION('',(1.,0.,-0.));
#2728 = ADVANCED_FACE('',(#2729),#2756,.F.);
#2729 = FACE_BOUND('',#2730,.F.);
#2730 = EDGE_LOOP('',(#2731,#2741,#2748,#2749));
#2731 = ORIENTED_EDGE('',*,*,#2732,.T.);
#2732 = EDGE_CURVE('',#2733,#2735,#2737,.T.);
#2733 = VERTEX_POINT('',#2734);
#2734 = CARTESIAN_POINT('',(134.665,-117.66,0.));
#2735 = VERTEX_POINT('',#2736);
#2736 = CARTESIAN_POINT('',(134.665,-117.66,-1.67));
#2737 = LINE('',#2738,#2739);
#2738 = CARTESIAN_POINT('',(134.665,-117.66,0.));
#2739 = VECTOR('',#2740,1.);
#2740 = DIRECTION('',(0.,0.,-1.));
#2741 = ORIENTED_EDGE('',*,*,#2742,.T.);
#2742 = EDGE_CURVE('',#2735,#2735,#2743,.T.);
#2743 = CIRCLE('',#2744,0.355);
#2744 = AXIS2_PLACEMENT_3D('',#2745,#2746,#2747);
#2745 = CARTESIAN_POINT('',(134.31,-117.66,-1.67));
#2746 = DIRECTION('',(0.,0.,1.));
#2747 = DIRECTION('',(1.,0.,-0.));
#2748 = ORIENTED_EDGE('',*,*,#2732,.F.);
#2749 = ORIENTED_EDGE('',*,*,#2750,.F.);
#2750 = EDGE_CURVE('',#2733,#2733,#2751,.T.);
#2751 = CIRCLE('',#2752,0.355);
#2752 = AXIS2_PLACEMENT_3D('',#2753,#2754,#2755);
#2753 = CARTESIAN_POINT('',(134.31,-117.66,0.));
#2754 = DIRECTION('',(0.,0.,1.));
#2755 = DIRECTION('',(1.,0.,-0.));
#2756 = CYLINDRICAL_SURFACE('',#2757,0.355);
#2757 = AXIS2_PLACEMENT_3D('',#2758,#2759,#2760);
#2758 = CARTESIAN_POINT('',(134.31,-117.66,0.));
#2759 = DIRECTION('',(0.,0.,1.));
#2760 = DIRECTION('',(1.,0.,-0.));
#2761 = ADVANCED_FACE('',(#2762),#2789,.F.);
#2762 = FACE_BOUND('',#2763,.F.);
#2763 = EDGE_LOOP('',(#2764,#2774,#2781,#2782));
#2764 = ORIENTED_EDGE('',*,*,#2765,.T.);
#2765 = EDGE_CURVE('',#2766,#2768,#2770,.T.);
#2766 = VERTEX_POINT('',#2767);
#2767 = CARTESIAN_POINT('',(130.855,-120.2,0.));
#2768 = VERTEX_POINT('',#2769);
#2769 = CARTESIAN_POINT('',(130.855,-120.2,-1.67));
#2770 = LINE('',#2771,#2772);
#2771 = CARTESIAN_POINT('',(130.855,-120.2,0.));
#2772 = VECTOR('',#2773,1.);
#2773 = DIRECTION('',(0.,0.,-1.));
#2774 = ORIENTED_EDGE('',*,*,#2775,.T.);
#2775 = EDGE_CURVE('',#2768,#2768,#2776,.T.);
#2776 = CIRCLE('',#2777,0.355);
#2777 = AXIS2_PLACEMENT_3D('',#2778,#2779,#2780);
#2778 = CARTESIAN_POINT('',(130.5,-120.2,-1.67));
#2779 = DIRECTION('',(0.,0.,1.));
#2780 = DIRECTION('',(1.,0.,-0.));
#2781 = ORIENTED_EDGE('',*,*,#2765,.F.);
#2782 = ORIENTED_EDGE('',*,*,#2783,.F.);
#2783 = EDGE_CURVE('',#2766,#2766,#2784,.T.);
#2784 = CIRCLE('',#2785,0.355);
#2785 = AXIS2_PLACEMENT_3D('',#2786,#2787,#2788);
#2786 = CARTESIAN_POINT('',(130.5,-120.2,0.));
#2787 = DIRECTION('',(0.,0.,1.));
#2788 = DIRECTION('',(1.,0.,-0.));
#2789 = CYLINDRICAL_SURFACE('',#2790,0.355);
#2790 = AXIS2_PLACEMENT_3D('',#2791,#2792,#2793);
#2791 = CARTESIAN_POINT('',(130.5,-120.2,0.));
#2792 = DIRECTION('',(0.,0.,1.));
#2793 = DIRECTION('',(1.,0.,-0.));
#2794 = ADVANCED_FACE('',(#2795),#2822,.F.);
#2795 = FACE_BOUND('',#2796,.F.);
#2796 = EDGE_LOOP('',(#2797,#2807,#2814,#2815));
#2797 = ORIENTED_EDGE('',*,*,#2798,.T.);
#2798 = EDGE_CURVE('',#2799,#2801,#2803,.T.);
#2799 = VERTEX_POINT('',#2800);
#2800 = CARTESIAN_POINT('',(128.315,-120.2,0.));
#2801 = VERTEX_POINT('',#2802);
#2802 = CARTESIAN_POINT('',(128.315,-120.2,-1.67));
#2803 = LINE('',#2804,#2805);
#2804 = CARTESIAN_POINT('',(128.315,-120.2,0.));
#2805 = VECTOR('',#2806,1.);
#2806 = DIRECTION('',(0.,0.,-1.));
#2807 = ORIENTED_EDGE('',*,*,#2808,.T.);
#2808 = EDGE_CURVE('',#2801,#2801,#2809,.T.);
#2809 = CIRCLE('',#2810,0.355);
#2810 = AXIS2_PLACEMENT_3D('',#2811,#2812,#2813);
#2811 = CARTESIAN_POINT('',(127.96,-120.2,-1.67));
#2812 = DIRECTION('',(0.,0.,1.));
#2813 = DIRECTION('',(1.,0.,-0.));
#2814 = ORIENTED_EDGE('',*,*,#2798,.F.);
#2815 = ORIENTED_EDGE('',*,*,#2816,.F.);
#2816 = EDGE_CURVE('',#2799,#2799,#2817,.T.);
#2817 = CIRCLE('',#2818,0.355);
#2818 = AXIS2_PLACEMENT_3D('',#2819,#2820,#2821);
#2819 = CARTESIAN_POINT('',(127.96,-120.2,0.));
#2820 = DIRECTION('',(0.,0.,1.));
#2821 = DIRECTION('',(1.,0.,-0.));
#2822 = CYLINDRICAL_SURFACE('',#2823,0.355);
#2823 = AXIS2_PLACEMENT_3D('',#2824,#2825,#2826);
#2824 = CARTESIAN_POINT('',(127.96,-120.2,0.));
#2825 = DIRECTION('',(0.,0.,1.));
#2826 = DIRECTION('',(1.,0.,-0.));
#2827 = ADVANCED_FACE('',(#2828),#2855,.F.);
#2828 = FACE_BOUND('',#2829,.F.);
#2829 = EDGE_LOOP('',(#2830,#2840,#2847,#2848));
#2830 = ORIENTED_EDGE('',*,*,#2831,.T.);
#2831 = EDGE_CURVE('',#2832,#2834,#2836,.T.);
#2832 = VERTEX_POINT('',#2833);
#2833 = CARTESIAN_POINT('',(132.125,-117.66,0.));
#2834 = VERTEX_POINT('',#2835);
#2835 = CARTESIAN_POINT('',(132.125,-117.66,-1.67));
#2836 = LINE('',#2837,#2838);
#2837 = CARTESIAN_POINT('',(132.125,-117.66,0.));
#2838 = VECTOR('',#2839,1.);
#2839 = DIRECTION('',(0.,0.,-1.));
#2840 = ORIENTED_EDGE('',*,*,#2841,.T.);
#2841 = EDGE_CURVE('',#2834,#2834,#2842,.T.);
#2842 = CIRCLE('',#2843,0.355);
#2843 = AXIS2_PLACEMENT_3D('',#2844,#2845,#2846);
#2844 = CARTESIAN_POINT('',(131.77,-117.66,-1.67));
#2845 = DIRECTION('',(0.,0.,1.));
#2846 = DIRECTION('',(1.,0.,-0.));
#2847 = ORIENTED_EDGE('',*,*,#2831,.F.);
#2848 = ORIENTED_EDGE('',*,*,#2849,.F.);
#2849 = EDGE_CURVE('',#2832,#2832,#2850,.T.);
#2850 = CIRCLE('',#2851,0.355);
#2851 = AXIS2_PLACEMENT_3D('',#2852,#2853,#2854);
#2852 = CARTESIAN_POINT('',(131.77,-117.66,0.));
#2853 = DIRECTION('',(0.,0.,1.));
#2854 = DIRECTION('',(1.,0.,-0.));
#2855 = CYLINDRICAL_SURFACE('',#2856,0.355);
#2856 = AXIS2_PLACEMENT_3D('',#2857,#2858,#2859);
#2857 = CARTESIAN_POINT('',(131.77,-117.66,0.));
#2858 = DIRECTION('',(0.,0.,1.));
#2859 = DIRECTION('',(1.,0.,-0.));
#2860 = ADVANCED_FACE('',(#2861),#2888,.F.);
#2861 = FACE_BOUND('',#2862,.F.);
#2862 = EDGE_LOOP('',(#2863,#2873,#2880,#2881));
#2863 = ORIENTED_EDGE('',*,*,#2864,.T.);
#2864 = EDGE_CURVE('',#2865,#2867,#2869,.T.);
#2865 = VERTEX_POINT('',#2866);
#2866 = CARTESIAN_POINT('',(129.585,-117.66,0.));
#2867 = VERTEX_POINT('',#2868);
#2868 = CARTESIAN_POINT('',(129.585,-117.66,-1.67));
#2869 = LINE('',#2870,#2871);
#2870 = CARTESIAN_POINT('',(129.585,-117.66,0.));
#2871 = VECTOR('',#2872,1.);
#2872 = DIRECTION('',(0.,0.,-1.));
#2873 = ORIENTED_EDGE('',*,*,#2874,.T.);
#2874 = EDGE_CURVE('',#2867,#2867,#2875,.T.);
#2875 = CIRCLE('',#2876,0.355);
#2876 = AXIS2_PLACEMENT_3D('',#2877,#2878,#2879);
#2877 = CARTESIAN_POINT('',(129.23,-117.66,-1.67));
#2878 = DIRECTION('',(0.,0.,1.));
#2879 = DIRECTION('',(1.,0.,-0.));
#2880 = ORIENTED_EDGE('',*,*,#2864,.F.);
#2881 = ORIENTED_EDGE('',*,*,#2882,.F.);
#2882 = EDGE_CURVE('',#2865,#2865,#2883,.T.);
#2883 = CIRCLE('',#2884,0.355);
#2884 = AXIS2_PLACEMENT_3D('',#2885,#2886,#2887);
#2885 = CARTESIAN_POINT('',(129.23,-117.66,0.));
#2886 = DIRECTION('',(0.,0.,1.));
#2887 = DIRECTION('',(1.,0.,-0.));
#2888 = CYLINDRICAL_SURFACE('',#2889,0.355);
#2889 = AXIS2_PLACEMENT_3D('',#2890,#2891,#2892);
#2890 = CARTESIAN_POINT('',(129.23,-117.66,0.));
#2891 = DIRECTION('',(0.,0.,1.));
#2892 = DIRECTION('',(1.,0.,-0.));
#2893 = ADVANCED_FACE('',(#2894),#2921,.F.);
#2894 = FACE_BOUND('',#2895,.F.);
#2895 = EDGE_LOOP('',(#2896,#2906,#2913,#2914));
#2896 = ORIENTED_EDGE('',*,*,#2897,.T.);
#2897 = EDGE_CURVE('',#2898,#2900,#2902,.T.);
#2898 = VERTEX_POINT('',#2899);
#2899 = CARTESIAN_POINT('',(125.775,-120.2,0.));
#2900 = VERTEX_POINT('',#2901);
#2901 = CARTESIAN_POINT('',(125.775,-120.2,-1.67));
#2902 = LINE('',#2903,#2904);
#2903 = CARTESIAN_POINT('',(125.775,-120.2,0.));
#2904 = VECTOR('',#2905,1.);
#2905 = DIRECTION('',(0.,0.,-1.));
#2906 = ORIENTED_EDGE('',*,*,#2907,.T.);
#2907 = EDGE_CURVE('',#2900,#2900,#2908,.T.);
#2908 = CIRCLE('',#2909,0.355);
#2909 = AXIS2_PLACEMENT_3D('',#2910,#2911,#2912);
#2910 = CARTESIAN_POINT('',(125.42,-120.2,-1.67));
#2911 = DIRECTION('',(0.,0.,1.));
#2912 = DIRECTION('',(1.,0.,-0.));
#2913 = ORIENTED_EDGE('',*,*,#2897,.F.);
#2914 = ORIENTED_EDGE('',*,*,#2915,.F.);
#2915 = EDGE_CURVE('',#2898,#2898,#2916,.T.);
#2916 = CIRCLE('',#2917,0.355);
#2917 = AXIS2_PLACEMENT_3D('',#2918,#2919,#2920);
#2918 = CARTESIAN_POINT('',(125.42,-120.2,0.));
#2919 = DIRECTION('',(0.,0.,1.));
#2920 = DIRECTION('',(1.,0.,-0.));
#2921 = CYLINDRICAL_SURFACE('',#2922,0.355);
#2922 = AXIS2_PLACEMENT_3D('',#2923,#2924,#2925);
#2923 = CARTESIAN_POINT('',(125.42,-120.2,0.));
#2924 = DIRECTION('',(0.,0.,1.));
#2925 = DIRECTION('',(1.,0.,-0.));
#2926 = ADVANCED_FACE('',(#2927),#2954,.F.);
#2927 = FACE_BOUND('',#2928,.F.);
#2928 = EDGE_LOOP('',(#2929,#2939,#2946,#2947));
#2929 = ORIENTED_EDGE('',*,*,#2930,.T.);
#2930 = EDGE_CURVE('',#2931,#2933,#2935,.T.);
#2931 = VERTEX_POINT('',#2932);
#2932 = CARTESIAN_POINT('',(127.045,-117.66,0.));
#2933 = VERTEX_POINT('',#2934);
#2934 = CARTESIAN_POINT('',(127.045,-117.66,-1.67));
#2935 = LINE('',#2936,#2937);
#2936 = CARTESIAN_POINT('',(127.045,-117.66,0.));
#2937 = VECTOR('',#2938,1.);
#2938 = DIRECTION('',(0.,0.,-1.));
#2939 = ORIENTED_EDGE('',*,*,#2940,.T.);
#2940 = EDGE_CURVE('',#2933,#2933,#2941,.T.);
#2941 = CIRCLE('',#2942,0.355);
#2942 = AXIS2_PLACEMENT_3D('',#2943,#2944,#2945);
#2943 = CARTESIAN_POINT('',(126.69,-117.66,-1.67));
#2944 = DIRECTION('',(0.,0.,1.));
#2945 = DIRECTION('',(1.,0.,-0.));
#2946 = ORIENTED_EDGE('',*,*,#2930,.F.);
#2947 = ORIENTED_EDGE('',*,*,#2948,.F.);
#2948 = EDGE_CURVE('',#2931,#2931,#2949,.T.);
#2949 = CIRCLE('',#2950,0.355);
#2950 = AXIS2_PLACEMENT_3D('',#2951,#2952,#2953);
#2951 = CARTESIAN_POINT('',(126.69,-117.66,0.));
#2952 = DIRECTION('',(0.,0.,1.));
#2953 = DIRECTION('',(1.,0.,-0.));
#2954 = CYLINDRICAL_SURFACE('',#2955,0.355);
#2955 = AXIS2_PLACEMENT_3D('',#2956,#2957,#2958);
#2956 = CARTESIAN_POINT('',(126.69,-117.66,0.));
#2957 = DIRECTION('',(0.,0.,1.));
#2958 = DIRECTION('',(1.,0.,-0.));
#2959 = ADVANCED_FACE('',(#2960),#2987,.F.);
#2960 = FACE_BOUND('',#2961,.F.);
#2961 = EDGE_LOOP('',(#2962,#2972,#2979,#2980));
#2962 = ORIENTED_EDGE('',*,*,#2963,.T.);
#2963 = EDGE_CURVE('',#2964,#2966,#2968,.T.);
#2964 = VERTEX_POINT('',#2965);
#2965 = CARTESIAN_POINT('',(124.505,-117.66,0.));
#2966 = VERTEX_POINT('',#2967);
#2967 = CARTESIAN_POINT('',(124.505,-117.66,-1.67));
#2968 = LINE('',#2969,#2970);
#2969 = CARTESIAN_POINT('',(124.505,-117.66,0.));
#2970 = VECTOR('',#2971,1.);
#2971 = DIRECTION('',(0.,0.,-1.));
#2972 = ORIENTED_EDGE('',*,*,#2973,.T.);
#2973 = EDGE_CURVE('',#2966,#2966,#2974,.T.);
#2974 = CIRCLE('',#2975,0.355);
#2975 = AXIS2_PLACEMENT_3D('',#2976,#2977,#2978);
#2976 = CARTESIAN_POINT('',(124.15,-117.66,-1.67));
#2977 = DIRECTION('',(0.,0.,1.));
#2978 = DIRECTION('',(1.,0.,-0.));
#2979 = ORIENTED_EDGE('',*,*,#2963,.F.);
#2980 = ORIENTED_EDGE('',*,*,#2981,.F.);
#2981 = EDGE_CURVE('',#2964,#2964,#2982,.T.);
#2982 = CIRCLE('',#2983,0.355);
#2983 = AXIS2_PLACEMENT_3D('',#2984,#2985,#2986);
#2984 = CARTESIAN_POINT('',(124.15,-117.66,0.));
#2985 = DIRECTION('',(0.,0.,1.));
#2986 = DIRECTION('',(1.,0.,-0.));
#2987 = CYLINDRICAL_SURFACE('',#2988,0.355);
#2988 = AXIS2_PLACEMENT_3D('',#2989,#2990,#2991);
#2989 = CARTESIAN_POINT('',(124.15,-117.66,0.));
#2990 = DIRECTION('',(0.,0.,1.));
#2991 = DIRECTION('',(1.,0.,-0.));
#2992 = ADVANCED_FACE('',(#2993),#3020,.F.);
#2993 = FACE_BOUND('',#2994,.F.);
#2994 = EDGE_LOOP('',(#2995,#3005,#3012,#3013));
#2995 = ORIENTED_EDGE('',*,*,#2996,.T.);
#2996 = EDGE_CURVE('',#2997,#2999,#3001,.T.);
#2997 = VERTEX_POINT('',#2998);
#2998 = CARTESIAN_POINT('',(123.235,-120.2,0.));
#2999 = VERTEX_POINT('',#3000);
#3000 = CARTESIAN_POINT('',(123.235,-120.2,-1.67));
#3001 = LINE('',#3002,#3003);
#3002 = CARTESIAN_POINT('',(123.235,-120.2,0.));
#3003 = VECTOR('',#3004,1.);
#3004 = DIRECTION('',(0.,0.,-1.));
#3005 = ORIENTED_EDGE('',*,*,#3006,.T.);
#3006 = EDGE_CURVE('',#2999,#2999,#3007,.T.);
#3007 = CIRCLE('',#3008,0.355);
#3008 = AXIS2_PLACEMENT_3D('',#3009,#3010,#3011);
#3009 = CARTESIAN_POINT('',(122.88,-120.2,-1.67));
#3010 = DIRECTION('',(0.,0.,1.));
#3011 = DIRECTION('',(1.,0.,-0.));
#3012 = ORIENTED_EDGE('',*,*,#2996,.F.);
#3013 = ORIENTED_EDGE('',*,*,#3014,.F.);
#3014 = EDGE_CURVE('',#2997,#2997,#3015,.T.);
#3015 = CIRCLE('',#3016,0.355);
#3016 = AXIS2_PLACEMENT_3D('',#3017,#3018,#3019);
#3017 = CARTESIAN_POINT('',(122.88,-120.2,0.));
#3018 = DIRECTION('',(0.,0.,1.));
#3019 = DIRECTION('',(1.,0.,-0.));
#3020 = CYLINDRICAL_SURFACE('',#3021,0.355);
#3021 = AXIS2_PLACEMENT_3D('',#3022,#3023,#3024);
#3022 = CARTESIAN_POINT('',(122.88,-120.2,0.));
#3023 = DIRECTION('',(0.,0.,1.));
#3024 = DIRECTION('',(1.,0.,-0.));
#3025 = ADVANCED_FACE('',(#3026),#3053,.F.);
#3026 = FACE_BOUND('',#3027,.F.);
#3027 = EDGE_LOOP('',(#3028,#3038,#3045,#3046));
#3028 = ORIENTED_EDGE('',*,*,#3029,.T.);
#3029 = EDGE_CURVE('',#3030,#3032,#3034,.T.);
#3030 = VERTEX_POINT('',#3031);
#3031 = CARTESIAN_POINT('',(120.695,-120.2,0.));
#3032 = VERTEX_POINT('',#3033);
#3033 = CARTESIAN_POINT('',(120.695,-120.2,-1.67));
#3034 = LINE('',#3035,#3036);
#3035 = CARTESIAN_POINT('',(120.695,-120.2,0.));
#3036 = VECTOR('',#3037,1.);
#3037 = DIRECTION('',(0.,0.,-1.));
#3038 = ORIENTED_EDGE('',*,*,#3039,.T.);
#3039 = EDGE_CURVE('',#3032,#3032,#3040,.T.);
#3040 = CIRCLE('',#3041,0.355);
#3041 = AXIS2_PLACEMENT_3D('',#3042,#3043,#3044);
#3042 = CARTESIAN_POINT('',(120.34,-120.2,-1.67));
#3043 = DIRECTION('',(0.,0.,1.));
#3044 = DIRECTION('',(1.,0.,-0.));
#3045 = ORIENTED_EDGE('',*,*,#3029,.F.);
#3046 = ORIENTED_EDGE('',*,*,#3047,.F.);
#3047 = EDGE_CURVE('',#3030,#3030,#3048,.T.);
#3048 = CIRCLE('',#3049,0.355);
#3049 = AXIS2_PLACEMENT_3D('',#3050,#3051,#3052);
#3050 = CARTESIAN_POINT('',(120.34,-120.2,0.));
#3051 = DIRECTION('',(0.,0.,1.));
#3052 = DIRECTION('',(1.,0.,-0.));
#3053 = CYLINDRICAL_SURFACE('',#3054,0.355);
#3054 = AXIS2_PLACEMENT_3D('',#3055,#3056,#3057);
#3055 = CARTESIAN_POINT('',(120.34,-120.2,0.));
#3056 = DIRECTION('',(0.,0.,1.));
#3057 = DIRECTION('',(1.,0.,-0.));
#3058 = ADVANCED_FACE('',(#3059),#3086,.F.);
#3059 = FACE_BOUND('',#3060,.F.);
#3060 = EDGE_LOOP('',(#3061,#3071,#3078,#3079));
#3061 = ORIENTED_EDGE('',*,*,#3062,.T.);
#3062 = EDGE_CURVE('',#3063,#3065,#3067,.T.);
#3063 = VERTEX_POINT('',#3064);
#3064 = CARTESIAN_POINT('',(121.965,-117.66,0.));
#3065 = VERTEX_POINT('',#3066);
#3066 = CARTESIAN_POINT('',(121.965,-117.66,-1.67));
#3067 = LINE('',#3068,#3069);
#3068 = CARTESIAN_POINT('',(121.965,-117.66,0.));
#3069 = VECTOR('',#3070,1.);
#3070 = DIRECTION('',(0.,0.,-1.));
#3071 = ORIENTED_EDGE('',*,*,#3072,.T.);
#3072 = EDGE_CURVE('',#3065,#3065,#3073,.T.);
#3073 = CIRCLE('',#3074,0.355);
#3074 = AXIS2_PLACEMENT_3D('',#3075,#3076,#3077);
#3075 = CARTESIAN_POINT('',(121.61,-117.66,-1.67));
#3076 = DIRECTION('',(0.,0.,1.));
#3077 = DIRECTION('',(1.,0.,-0.));
#3078 = ORIENTED_EDGE('',*,*,#3062,.F.);
#3079 = ORIENTED_EDGE('',*,*,#3080,.F.);
#3080 = EDGE_CURVE('',#3063,#3063,#3081,.T.);
#3081 = CIRCLE('',#3082,0.355);
#3082 = AXIS2_PLACEMENT_3D('',#3083,#3084,#3085);
#3083 = CARTESIAN_POINT('',(121.61,-117.66,0.));
#3084 = DIRECTION('',(0.,0.,1.));
#3085 = DIRECTION('',(1.,0.,-0.));
#3086 = CYLINDRICAL_SURFACE('',#3087,0.355);
#3087 = AXIS2_PLACEMENT_3D('',#3088,#3089,#3090);
#3088 = CARTESIAN_POINT('',(121.61,-117.66,0.));
#3089 = DIRECTION('',(0.,0.,1.));
#3090 = DIRECTION('',(1.,0.,-0.));
#3091 = ADVANCED_FACE('',(#3092),#3119,.F.);
#3092 = FACE_BOUND('',#3093,.F.);
#3093 = EDGE_LOOP('',(#3094,#3104,#3111,#3112));
#3094 = ORIENTED_EDGE('',*,*,#3095,.T.);
#3095 = EDGE_CURVE('',#3096,#3098,#3100,.T.);
#3096 = VERTEX_POINT('',#3097);
#3097 = CARTESIAN_POINT('',(117.72,-133.,0.));
#3098 = VERTEX_POINT('',#3099);
#3099 = CARTESIAN_POINT('',(117.72,-133.,-1.67));
#3100 = LINE('',#3101,#3102);
#3101 = CARTESIAN_POINT('',(117.72,-133.,0.));
#3102 = VECTOR('',#3103,1.);
#3103 = DIRECTION('',(0.,0.,-1.));
#3104 = ORIENTED_EDGE('',*,*,#3105,.T.);
#3105 = EDGE_CURVE('',#3098,#3098,#3106,.T.);
#3106 = CIRCLE('',#3107,1.32);
#3107 = AXIS2_PLACEMENT_3D('',#3108,#3109,#3110);
#3108 = CARTESIAN_POINT('',(116.4,-133.,-1.67));
#3109 = DIRECTION('',(0.,0.,1.));
#3110 = DIRECTION('',(1.,0.,-0.));
#3111 = ORIENTED_EDGE('',*,*,#3095,.F.);
#3112 = ORIENTED_EDGE('',*,*,#3113,.F.);
#3113 = EDGE_CURVE('',#3096,#3096,#3114,.T.);
#3114 = CIRCLE('',#3115,1.32);
#3115 = AXIS2_PLACEMENT_3D('',#3116,#3117,#3118);
#3116 = CARTESIAN_POINT('',(116.4,-133.,0.));
#3117 = DIRECTION('',(0.,0.,1.));
#3118 = DIRECTION('',(1.,0.,-0.));
#3119 = CYLINDRICAL_SURFACE('',#3120,1.32);
#3120 = AXIS2_PLACEMENT_3D('',#3121,#3122,#3123);
#3121 = CARTESIAN_POINT('',(116.4,-133.,0.));
#3122 = DIRECTION('',(0.,0.,1.));
#3123 = DIRECTION('',(1.,0.,-0.));
#3124 = ADVANCED_FACE('',(#3125),#3152,.F.);
#3125 = FACE_BOUND('',#3126,.F.);
#3126 = EDGE_LOOP('',(#3127,#3137,#3144,#3145));
#3127 = ORIENTED_EDGE('',*,*,#3128,.T.);
#3128 = EDGE_CURVE('',#3129,#3131,#3133,.T.);
#3129 = VERTEX_POINT('',#3130);
#3130 = CARTESIAN_POINT('',(119.425,-122.74,0.));
#3131 = VERTEX_POINT('',#3132);
#3132 = CARTESIAN_POINT('',(119.425,-122.74,-1.67));
#3133 = LINE('',#3134,#3135);
#3134 = CARTESIAN_POINT('',(119.425,-122.74,0.));
#3135 = VECTOR('',#3136,1.);
#3136 = DIRECTION('',(0.,0.,-1.));
#3137 = ORIENTED_EDGE('',*,*,#3138,.T.);
#3138 = EDGE_CURVE('',#3131,#3131,#3139,.T.);
#3139 = CIRCLE('',#3140,0.355);
#3140 = AXIS2_PLACEMENT_3D('',#3141,#3142,#3143);
#3141 = CARTESIAN_POINT('',(119.07,-122.74,-1.67));
#3142 = DIRECTION('',(0.,0.,1.));
#3143 = DIRECTION('',(1.,0.,-0.));
#3144 = ORIENTED_EDGE('',*,*,#3128,.F.);
#3145 = ORIENTED_EDGE('',*,*,#3146,.F.);
#3146 = EDGE_CURVE('',#3129,#3129,#3147,.T.);
#3147 = CIRCLE('',#3148,0.355);
#3148 = AXIS2_PLACEMENT_3D('',#3149,#3150,#3151);
#3149 = CARTESIAN_POINT('',(119.07,-122.74,0.));
#3150 = DIRECTION('',(0.,0.,1.));
#3151 = DIRECTION('',(1.,0.,-0.));
#3152 = CYLINDRICAL_SURFACE('',#3153,0.355);
#3153 = AXIS2_PLACEMENT_3D('',#3154,#3155,#3156);
#3154 = CARTESIAN_POINT('',(119.07,-122.74,0.));
#3155 = DIRECTION('',(0.,0.,1.));
#3156 = DIRECTION('',(1.,0.,-0.));
#3157 = ADVANCED_FACE('',(#3158),#3185,.F.);
#3158 = FACE_BOUND('',#3159,.F.);
#3159 = EDGE_LOOP('',(#3160,#3170,#3177,#3178));
#3160 = ORIENTED_EDGE('',*,*,#3161,.T.);
#3161 = EDGE_CURVE('',#3162,#3164,#3166,.T.);
#3162 = VERTEX_POINT('',#3163);
#3163 = CARTESIAN_POINT('',(116.885,-122.74,0.));
#3164 = VERTEX_POINT('',#3165);
#3165 = CARTESIAN_POINT('',(116.885,-122.74,-1.67));
#3166 = LINE('',#3167,#3168);
#3167 = CARTESIAN_POINT('',(116.885,-122.74,0.));
#3168 = VECTOR('',#3169,1.);
#3169 = DIRECTION('',(0.,0.,-1.));
#3170 = ORIENTED_EDGE('',*,*,#3171,.T.);
#3171 = EDGE_CURVE('',#3164,#3164,#3172,.T.);
#3172 = CIRCLE('',#3173,0.355);
#3173 = AXIS2_PLACEMENT_3D('',#3174,#3175,#3176);
#3174 = CARTESIAN_POINT('',(116.53,-122.74,-1.67));
#3175 = DIRECTION('',(0.,0.,1.));
#3176 = DIRECTION('',(1.,0.,-0.));
#3177 = ORIENTED_EDGE('',*,*,#3161,.F.);
#3178 = ORIENTED_EDGE('',*,*,#3179,.F.);
#3179 = EDGE_CURVE('',#3162,#3162,#3180,.T.);
#3180 = CIRCLE('',#3181,0.355);
#3181 = AXIS2_PLACEMENT_3D('',#3182,#3183,#3184);
#3182 = CARTESIAN_POINT('',(116.53,-122.74,0.));
#3183 = DIRECTION('',(0.,0.,1.));
#3184 = DIRECTION('',(1.,0.,-0.));
#3185 = CYLINDRICAL_SURFACE('',#3186,0.355);
#3186 = AXIS2_PLACEMENT_3D('',#3187,#3188,#3189);
#3187 = CARTESIAN_POINT('',(116.53,-122.74,0.));
#3188 = DIRECTION('',(0.,0.,1.));
#3189 = DIRECTION('',(1.,0.,-0.));
#3190 = ADVANCED_FACE('',(#3191),#3218,.F.);
#3191 = FACE_BOUND('',#3192,.F.);
#3192 = EDGE_LOOP('',(#3193,#3203,#3210,#3211));
#3193 = ORIENTED_EDGE('',*,*,#3194,.T.);
#3194 = EDGE_CURVE('',#3195,#3197,#3199,.T.);
#3195 = VERTEX_POINT('',#3196);
#3196 = CARTESIAN_POINT('',(114.345,-122.74,0.));
#3197 = VERTEX_POINT('',#3198);
#3198 = CARTESIAN_POINT('',(114.345,-122.74,-1.67));
#3199 = LINE('',#3200,#3201);
#3200 = CARTESIAN_POINT('',(114.345,-122.74,0.));
#3201 = VECTOR('',#3202,1.);
#3202 = DIRECTION('',(0.,0.,-1.));
#3203 = ORIENTED_EDGE('',*,*,#3204,.T.);
#3204 = EDGE_CURVE('',#3197,#3197,#3205,.T.);
#3205 = CIRCLE('',#3206,0.355);
#3206 = AXIS2_PLACEMENT_3D('',#3207,#3208,#3209);
#3207 = CARTESIAN_POINT('',(113.99,-122.74,-1.67));
#3208 = DIRECTION('',(0.,0.,1.));
#3209 = DIRECTION('',(1.,0.,-0.));
#3210 = ORIENTED_EDGE('',*,*,#3194,.F.);
#3211 = ORIENTED_EDGE('',*,*,#3212,.F.);
#3212 = EDGE_CURVE('',#3195,#3195,#3213,.T.);
#3213 = CIRCLE('',#3214,0.355);
#3214 = AXIS2_PLACEMENT_3D('',#3215,#3216,#3217);
#3215 = CARTESIAN_POINT('',(113.99,-122.74,0.));
#3216 = DIRECTION('',(0.,0.,1.));
#3217 = DIRECTION('',(1.,0.,-0.));
#3218 = CYLINDRICAL_SURFACE('',#3219,0.355);
#3219 = AXIS2_PLACEMENT_3D('',#3220,#3221,#3222);
#3220 = CARTESIAN_POINT('',(113.99,-122.74,0.));
#3221 = DIRECTION('',(0.,0.,1.));
#3222 = DIRECTION('',(1.,0.,-0.));
#3223 = ADVANCED_FACE('',(#3224),#3251,.F.);
#3224 = FACE_BOUND('',#3225,.F.);
#3225 = EDGE_LOOP('',(#3226,#3236,#3243,#3244));
#3226 = ORIENTED_EDGE('',*,*,#3227,.T.);
#3227 = EDGE_CURVE('',#3228,#3230,#3232,.T.);
#3228 = VERTEX_POINT('',#3229);
#3229 = CARTESIAN_POINT('',(105.63195,-134.,0.));
#3230 = VERTEX_POINT('',#3231);
#3231 = CARTESIAN_POINT('',(105.63195,-134.,-1.67));
#3232 = LINE('',#3233,#3234);
#3233 = CARTESIAN_POINT('',(105.63195,-134.,0.));
#3234 = VECTOR('',#3235,1.);
#3235 = DIRECTION('',(0.,0.,-1.));
#3236 = ORIENTED_EDGE('',*,*,#3237,.T.);
#3237 = EDGE_CURVE('',#3230,#3230,#3238,.T.);
#3238 = CIRCLE('',#3239,1.63195);
#3239 = AXIS2_PLACEMENT_3D('',#3240,#3241,#3242);
#3240 = CARTESIAN_POINT('',(104.,-134.,-1.67));
#3241 = DIRECTION('',(0.,0.,1.));
#3242 = DIRECTION('',(1.,0.,-0.));
#3243 = ORIENTED_EDGE('',*,*,#3227,.F.);
#3244 = ORIENTED_EDGE('',*,*,#3245,.F.);
#3245 = EDGE_CURVE('',#3228,#3228,#3246,.T.);
#3246 = CIRCLE('',#3247,1.63195);
#3247 = AXIS2_PLACEMENT_3D('',#3248,#3249,#3250);
#3248 = CARTESIAN_POINT('',(104.,-134.,0.));
#3249 = DIRECTION('',(0.,0.,1.));
#3250 = DIRECTION('',(1.,0.,-0.));
#3251 = CYLINDRICAL_SURFACE('',#3252,1.63195);
#3252 = AXIS2_PLACEMENT_3D('',#3253,#3254,#3255);
#3253 = CARTESIAN_POINT('',(104.,-134.,0.));
#3254 = DIRECTION('',(0.,0.,1.));
#3255 = DIRECTION('',(1.,0.,-0.));
#3256 = ADVANCED_FACE('',(#3257),#3284,.F.);
#3257 = FACE_BOUND('',#3258,.F.);
#3258 = EDGE_LOOP('',(#3259,#3269,#3276,#3277));
#3259 = ORIENTED_EDGE('',*,*,#3260,.T.);
#3260 = EDGE_CURVE('',#3261,#3263,#3265,.T.);
#3261 = VERTEX_POINT('',#3262);
#3262 = CARTESIAN_POINT('',(118.155,-120.2,0.));
#3263 = VERTEX_POINT('',#3264);
#3264 = CARTESIAN_POINT('',(118.155,-120.2,-1.67));
#3265 = LINE('',#3266,#3267);
#3266 = CARTESIAN_POINT('',(118.155,-120.2,0.));
#3267 = VECTOR('',#3268,1.);
#3268 = DIRECTION('',(0.,0.,-1.));
#3269 = ORIENTED_EDGE('',*,*,#3270,.T.);
#3270 = EDGE_CURVE('',#3263,#3263,#3271,.T.);
#3271 = CIRCLE('',#3272,0.355);
#3272 = AXIS2_PLACEMENT_3D('',#3273,#3274,#3275);
#3273 = CARTESIAN_POINT('',(117.8,-120.2,-1.67));
#3274 = DIRECTION('',(0.,0.,1.));
#3275 = DIRECTION('',(1.,0.,-0.));
#3276 = ORIENTED_EDGE('',*,*,#3260,.F.);
#3277 = ORIENTED_EDGE('',*,*,#3278,.F.);
#3278 = EDGE_CURVE('',#3261,#3261,#3279,.T.);
#3279 = CIRCLE('',#3280,0.355);
#3280 = AXIS2_PLACEMENT_3D('',#3281,#3282,#3283);
#3281 = CARTESIAN_POINT('',(117.8,-120.2,0.));
#3282 = DIRECTION('',(0.,0.,1.));
#3283 = DIRECTION('',(1.,0.,-0.));
#3284 = CYLINDRICAL_SURFACE('',#3285,0.355);
#3285 = AXIS2_PLACEMENT_3D('',#3286,#3287,#3288);
#3286 = CARTESIAN_POINT('',(117.8,-120.2,0.));
#3287 = DIRECTION('',(0.,0.,1.));
#3288 = DIRECTION('',(1.,0.,-0.));
#3289 = ADVANCED_FACE('',(#3290),#3317,.F.);
#3290 = FACE_BOUND('',#3291,.F.);
#3291 = EDGE_LOOP('',(#3292,#3302,#3309,#3310));
#3292 = ORIENTED_EDGE('',*,*,#3293,.T.);
#3293 = EDGE_CURVE('',#3294,#3296,#3298,.T.);
#3294 = VERTEX_POINT('',#3295);
#3295 = CARTESIAN_POINT('',(115.615,-120.2,0.));
#3296 = VERTEX_POINT('',#3297);
#3297 = CARTESIAN_POINT('',(115.615,-120.2,-1.67));
#3298 = LINE('',#3299,#3300);
#3299 = CARTESIAN_POINT('',(115.615,-120.2,0.));
#3300 = VECTOR('',#3301,1.);
#3301 = DIRECTION('',(0.,0.,-1.));
#3302 = ORIENTED_EDGE('',*,*,#3303,.T.);
#3303 = EDGE_CURVE('',#3296,#3296,#3304,.T.);
#3304 = CIRCLE('',#3305,0.355);
#3305 = AXIS2_PLACEMENT_3D('',#3306,#3307,#3308);
#3306 = CARTESIAN_POINT('',(115.26,-120.2,-1.67));
#3307 = DIRECTION('',(0.,0.,1.));
#3308 = DIRECTION('',(1.,0.,-0.));
#3309 = ORIENTED_EDGE('',*,*,#3293,.F.);
#3310 = ORIENTED_EDGE('',*,*,#3311,.F.);
#3311 = EDGE_CURVE('',#3294,#3294,#3312,.T.);
#3312 = CIRCLE('',#3313,0.355);
#3313 = AXIS2_PLACEMENT_3D('',#3314,#3315,#3316);
#3314 = CARTESIAN_POINT('',(115.26,-120.2,0.));
#3315 = DIRECTION('',(0.,0.,1.));
#3316 = DIRECTION('',(1.,0.,-0.));
#3317 = CYLINDRICAL_SURFACE('',#3318,0.355);
#3318 = AXIS2_PLACEMENT_3D('',#3319,#3320,#3321);
#3319 = CARTESIAN_POINT('',(115.26,-120.2,0.));
#3320 = DIRECTION('',(0.,0.,1.));
#3321 = DIRECTION('',(1.,0.,-0.));
#3322 = ADVANCED_FACE('',(#3323),#3350,.F.);
#3323 = FACE_BOUND('',#3324,.F.);
#3324 = EDGE_LOOP('',(#3325,#3335,#3342,#3343));
#3325 = ORIENTED_EDGE('',*,*,#3326,.T.);
#3326 = EDGE_CURVE('',#3327,#3329,#3331,.T.);
#3327 = VERTEX_POINT('',#3328);
#3328 = CARTESIAN_POINT('',(119.425,-117.66,0.));
#3329 = VERTEX_POINT('',#3330);
#3330 = CARTESIAN_POINT('',(119.425,-117.66,-1.67));
#3331 = LINE('',#3332,#3333);
#3332 = CARTESIAN_POINT('',(119.425,-117.66,0.));
#3333 = VECTOR('',#3334,1.);
#3334 = DIRECTION('',(0.,0.,-1.));
#3335 = ORIENTED_EDGE('',*,*,#3336,.T.);
#3336 = EDGE_CURVE('',#3329,#3329,#3337,.T.);
#3337 = CIRCLE('',#3338,0.355);
#3338 = AXIS2_PLACEMENT_3D('',#3339,#3340,#3341);
#3339 = CARTESIAN_POINT('',(119.07,-117.66,-1.67));
#3340 = DIRECTION('',(0.,0.,1.));
#3341 = DIRECTION('',(1.,0.,-0.));
#3342 = ORIENTED_EDGE('',*,*,#3326,.F.);
#3343 = ORIENTED_EDGE('',*,*,#3344,.F.);
#3344 = EDGE_CURVE('',#3327,#3327,#3345,.T.);
#3345 = CIRCLE('',#3346,0.355);
#3346 = AXIS2_PLACEMENT_3D('',#3347,#3348,#3349);
#3347 = CARTESIAN_POINT('',(119.07,-117.66,0.));
#3348 = DIRECTION('',(0.,0.,1.));
#3349 = DIRECTION('',(1.,0.,-0.));
#3350 = CYLINDRICAL_SURFACE('',#3351,0.355);
#3351 = AXIS2_PLACEMENT_3D('',#3352,#3353,#3354);
#3352 = CARTESIAN_POINT('',(119.07,-117.66,0.));
#3353 = DIRECTION('',(0.,0.,1.));
#3354 = DIRECTION('',(1.,0.,-0.));
#3355 = ADVANCED_FACE('',(#3356),#3383,.F.);
#3356 = FACE_BOUND('',#3357,.F.);
#3357 = EDGE_LOOP('',(#3358,#3368,#3375,#3376));
#3358 = ORIENTED_EDGE('',*,*,#3359,.T.);
#3359 = EDGE_CURVE('',#3360,#3362,#3364,.T.);
#3360 = VERTEX_POINT('',#3361);
#3361 = CARTESIAN_POINT('',(116.885,-117.66,0.));
#3362 = VERTEX_POINT('',#3363);
#3363 = CARTESIAN_POINT('',(116.885,-117.66,-1.67));
#3364 = LINE('',#3365,#3366);
#3365 = CARTESIAN_POINT('',(116.885,-117.66,0.));
#3366 = VECTOR('',#3367,1.);
#3367 = DIRECTION('',(0.,0.,-1.));
#3368 = ORIENTED_EDGE('',*,*,#3369,.T.);
#3369 = EDGE_CURVE('',#3362,#3362,#3370,.T.);
#3370 = CIRCLE('',#3371,0.355);
#3371 = AXIS2_PLACEMENT_3D('',#3372,#3373,#3374);
#3372 = CARTESIAN_POINT('',(116.53,-117.66,-1.67));
#3373 = DIRECTION('',(0.,0.,1.));
#3374 = DIRECTION('',(1.,0.,-0.));
#3375 = ORIENTED_EDGE('',*,*,#3359,.F.);
#3376 = ORIENTED_EDGE('',*,*,#3377,.F.);
#3377 = EDGE_CURVE('',#3360,#3360,#3378,.T.);
#3378 = CIRCLE('',#3379,0.355);
#3379 = AXIS2_PLACEMENT_3D('',#3380,#3381,#3382);
#3380 = CARTESIAN_POINT('',(116.53,-117.66,0.));
#3381 = DIRECTION('',(0.,0.,1.));
#3382 = DIRECTION('',(1.,0.,-0.));
#3383 = CYLINDRICAL_SURFACE('',#3384,0.355);
#3384 = AXIS2_PLACEMENT_3D('',#3385,#3386,#3387);
#3385 = CARTESIAN_POINT('',(116.53,-117.66,0.));
#3386 = DIRECTION('',(0.,0.,1.));
#3387 = DIRECTION('',(1.,0.,-0.));
#3388 = ADVANCED_FACE('',(#3389),#3416,.F.);
#3389 = FACE_BOUND('',#3390,.F.);
#3390 = EDGE_LOOP('',(#3391,#3401,#3408,#3409));
#3391 = ORIENTED_EDGE('',*,*,#3392,.T.);
#3392 = EDGE_CURVE('',#3393,#3395,#3397,.T.);
#3393 = VERTEX_POINT('',#3394);
#3394 = CARTESIAN_POINT('',(111.5,-120.2,0.));
#3395 = VERTEX_POINT('',#3396);
#3396 = CARTESIAN_POINT('',(111.5,-120.2,-1.67));
#3397 = LINE('',#3398,#3399);
#3398 = CARTESIAN_POINT('',(111.5,-120.2,0.));
#3399 = VECTOR('',#3400,1.);
#3400 = DIRECTION('',(0.,0.,-1.));
#3401 = ORIENTED_EDGE('',*,*,#3402,.T.);
#3402 = EDGE_CURVE('',#3395,#3395,#3403,.T.);
#3403 = CIRCLE('',#3404,1.32);
#3404 = AXIS2_PLACEMENT_3D('',#3405,#3406,#3407);
#3405 = CARTESIAN_POINT('',(110.18,-120.2,-1.67));
#3406 = DIRECTION('',(0.,0.,1.));
#3407 = DIRECTION('',(1.,0.,-0.));
#3408 = ORIENTED_EDGE('',*,*,#3392,.F.);
#3409 = ORIENTED_EDGE('',*,*,#3410,.F.);
#3410 = EDGE_CURVE('',#3393,#3393,#3411,.T.);
#3411 = CIRCLE('',#3412,1.32);
#3412 = AXIS2_PLACEMENT_3D('',#3413,#3414,#3415);
#3413 = CARTESIAN_POINT('',(110.18,-120.2,0.));
#3414 = DIRECTION('',(0.,0.,1.));
#3415 = DIRECTION('',(1.,0.,-0.));
#3416 = CYLINDRICAL_SURFACE('',#3417,1.32);
#3417 = AXIS2_PLACEMENT_3D('',#3418,#3419,#3420);
#3418 = CARTESIAN_POINT('',(110.18,-120.2,0.));
#3419 = DIRECTION('',(0.,0.,1.));
#3420 = DIRECTION('',(1.,0.,-0.));
#3421 = ADVANCED_FACE('',(#3422),#3449,.F.);
#3422 = FACE_BOUND('',#3423,.F.);
#3423 = EDGE_LOOP('',(#3424,#3434,#3441,#3442));
#3424 = ORIENTED_EDGE('',*,*,#3425,.T.);
#3425 = EDGE_CURVE('',#3426,#3428,#3430,.T.);
#3426 = VERTEX_POINT('',#3427);
#3427 = CARTESIAN_POINT('',(105.63195,-104.,0.));
#3428 = VERTEX_POINT('',#3429);
#3429 = CARTESIAN_POINT('',(105.63195,-104.,-1.67));
#3430 = LINE('',#3431,#3432);
#3431 = CARTESIAN_POINT('',(105.63195,-104.,0.));
#3432 = VECTOR('',#3433,1.);
#3433 = DIRECTION('',(0.,0.,-1.));
#3434 = ORIENTED_EDGE('',*,*,#3435,.T.);
#3435 = EDGE_CURVE('',#3428,#3428,#3436,.T.);
#3436 = CIRCLE('',#3437,1.63195);
#3437 = AXIS2_PLACEMENT_3D('',#3438,#3439,#3440);
#3438 = CARTESIAN_POINT('',(104.,-104.,-1.67));
#3439 = DIRECTION('',(0.,0.,1.));
#3440 = DIRECTION('',(1.,0.,-0.));
#3441 = ORIENTED_EDGE('',*,*,#3425,.F.);
#3442 = ORIENTED_EDGE('',*,*,#3443,.F.);
#3443 = EDGE_CURVE('',#3426,#3426,#3444,.T.);
#3444 = CIRCLE('',#3445,1.63195);
#3445 = AXIS2_PLACEMENT_3D('',#3446,#3447,#3448);
#3446 = CARTESIAN_POINT('',(104.,-104.,0.));
#3447 = DIRECTION('',(0.,0.,1.));
#3448 = DIRECTION('',(1.,0.,-0.));
#3449 = CYLINDRICAL_SURFACE('',#3450,1.63195);
#3450 = AXIS2_PLACEMENT_3D('',#3451,#3452,#3453);
#3451 = CARTESIAN_POINT('',(104.,-104.,0.));
#3452 = DIRECTION('',(0.,0.,1.));
#3453 = DIRECTION('',(1.,0.,-0.));
#3454 = ADVANCED_FACE('',(#3455),#3482,.F.);
#3455 = FACE_BOUND('',#3456,.F.);
#3456 = EDGE_LOOP('',(#3457,#3467,#3474,#3475));
#3457 = ORIENTED_EDGE('',*,*,#3458,.T.);
#3458 = EDGE_CURVE('',#3459,#3461,#3463,.T.);
#3459 = VERTEX_POINT('',#3460);
#3460 = CARTESIAN_POINT('',(161.61195,-33.2,0.));
#3461 = VERTEX_POINT('',#3462);
#3462 = CARTESIAN_POINT('',(161.61195,-33.2,-1.67));
#3463 = LINE('',#3464,#3465);
#3464 = CARTESIAN_POINT('',(161.61195,-33.2,0.));
#3465 = VECTOR('',#3466,1.);
#3466 = DIRECTION('',(0.,0.,-1.));
#3467 = ORIENTED_EDGE('',*,*,#3468,.T.);
#3468 = EDGE_CURVE('',#3461,#3461,#3469,.T.);
#3469 = CIRCLE('',#3470,1.63195);
#3470 = AXIS2_PLACEMENT_3D('',#3471,#3472,#3473);
#3471 = CARTESIAN_POINT('',(159.98,-33.2,-1.67));
#3472 = DIRECTION('',(0.,0.,1.));
#3473 = DIRECTION('',(1.,0.,-0.));
#3474 = ORIENTED_EDGE('',*,*,#3458,.F.);
#3475 = ORIENTED_EDGE('',*,*,#3476,.F.);
#3476 = EDGE_CURVE('',#3459,#3459,#3477,.T.);
#3477 = CIRCLE('',#3478,1.63195);
#3478 = AXIS2_PLACEMENT_3D('',#3479,#3480,#3481);
#3479 = CARTESIAN_POINT('',(159.98,-33.2,0.));
#3480 = DIRECTION('',(0.,0.,1.));
#3481 = DIRECTION('',(1.,0.,-0.));
#3482 = CYLINDRICAL_SURFACE('',#3483,1.63195);
#3483 = AXIS2_PLACEMENT_3D('',#3484,#3485,#3486);
#3484 = CARTESIAN_POINT('',(159.98,-33.2,0.));
#3485 = DIRECTION('',(0.,0.,1.));
#3486 = DIRECTION('',(1.,0.,-0.));
#3487 = ADVANCED_FACE('',(#3488),#3515,.F.);
#3488 = FACE_BOUND('',#3489,.F.);
#3489 = EDGE_LOOP('',(#3490,#3500,#3507,#3508));
#3490 = ORIENTED_EDGE('',*,*,#3491,.T.);
#3491 = EDGE_CURVE('',#3492,#3494,#3496,.T.);
#3492 = VERTEX_POINT('',#3493);
#3493 = CARTESIAN_POINT('',(145.61195,-33.2,0.));
#3494 = VERTEX_POINT('',#3495);
#3495 = CARTESIAN_POINT('',(145.61195,-33.2,-1.67));
#3496 = LINE('',#3497,#3498);
#3497 = CARTESIAN_POINT('',(145.61195,-33.2,0.));
#3498 = VECTOR('',#3499,1.);
#3499 = DIRECTION('',(0.,0.,-1.));
#3500 = ORIENTED_EDGE('',*,*,#3501,.T.);
#3501 = EDGE_CURVE('',#3494,#3494,#3502,.T.);
#3502 = CIRCLE('',#3503,1.63195);
#3503 = AXIS2_PLACEMENT_3D('',#3504,#3505,#3506);
#3504 = CARTESIAN_POINT('',(143.98,-33.2,-1.67));
#3505 = DIRECTION('',(0.,0.,1.));
#3506 = DIRECTION('',(1.,0.,-0.));
#3507 = ORIENTED_EDGE('',*,*,#3491,.F.);
#3508 = ORIENTED_EDGE('',*,*,#3509,.F.);
#3509 = EDGE_CURVE('',#3492,#3492,#3510,.T.);
#3510 = CIRCLE('',#3511,1.63195);
#3511 = AXIS2_PLACEMENT_3D('',#3512,#3513,#3514);
#3512 = CARTESIAN_POINT('',(143.98,-33.2,0.));
#3513 = DIRECTION('',(0.,0.,1.));
#3514 = DIRECTION('',(1.,0.,-0.));
#3515 = CYLINDRICAL_SURFACE('',#3516,1.63195);
#3516 = AXIS2_PLACEMENT_3D('',#3517,#3518,#3519);
#3517 = CARTESIAN_POINT('',(143.98,-33.2,0.));
#3518 = DIRECTION('',(0.,0.,1.));
#3519 = DIRECTION('',(1.,0.,-0.));
#3520 = ADVANCED_FACE('',(#3521),#3548,.F.);
#3521 = FACE_BOUND('',#3522,.F.);
#3522 = EDGE_LOOP('',(#3523,#3533,#3540,#3541));
#3523 = ORIENTED_EDGE('',*,*,#3524,.T.);
#3524 = EDGE_CURVE('',#3525,#3527,#3529,.T.);
#3525 = VERTEX_POINT('',#3526);
#3526 = CARTESIAN_POINT('',(129.61195,-33.2,0.));
#3527 = VERTEX_POINT('',#3528);
#3528 = CARTESIAN_POINT('',(129.61195,-33.2,-1.67));
#3529 = LINE('',#3530,#3531);
#3530 = CARTESIAN_POINT('',(129.61195,-33.2,0.));
#3531 = VECTOR('',#3532,1.);
#3532 = DIRECTION('',(0.,0.,-1.));
#3533 = ORIENTED_EDGE('',*,*,#3534,.T.);
#3534 = EDGE_CURVE('',#3527,#3527,#3535,.T.);
#3535 = CIRCLE('',#3536,1.63195);
#3536 = AXIS2_PLACEMENT_3D('',#3537,#3538,#3539);
#3537 = CARTESIAN_POINT('',(127.98,-33.2,-1.67));
#3538 = DIRECTION('',(0.,0.,1.));
#3539 = DIRECTION('',(1.,0.,-0.));
#3540 = ORIENTED_EDGE('',*,*,#3524,.F.);
#3541 = ORIENTED_EDGE('',*,*,#3542,.F.);
#3542 = EDGE_CURVE('',#3525,#3525,#3543,.T.);
#3543 = CIRCLE('',#3544,1.63195);
#3544 = AXIS2_PLACEMENT_3D('',#3545,#3546,#3547);
#3545 = CARTESIAN_POINT('',(127.98,-33.2,0.));
#3546 = DIRECTION('',(0.,0.,1.));
#3547 = DIRECTION('',(1.,0.,-0.));
#3548 = CYLINDRICAL_SURFACE('',#3549,1.63195);
#3549 = AXIS2_PLACEMENT_3D('',#3550,#3551,#3552);
#3550 = CARTESIAN_POINT('',(127.98,-33.2,0.));
#3551 = DIRECTION('',(0.,0.,1.));
#3552 = DIRECTION('',(1.,0.,-0.));
#3553 = ADVANCED_FACE('',(#3554),#3581,.F.);
#3554 = FACE_BOUND('',#3555,.F.);
#3555 = EDGE_LOOP('',(#3556,#3566,#3573,#3574));
#3556 = ORIENTED_EDGE('',*,*,#3557,.T.);
#3557 = EDGE_CURVE('',#3558,#3560,#3562,.T.);
#3558 = VERTEX_POINT('',#3559);
#3559 = CARTESIAN_POINT('',(113.61195,-33.2,0.));
#3560 = VERTEX_POINT('',#3561);
#3561 = CARTESIAN_POINT('',(113.61195,-33.2,-1.67));
#3562 = LINE('',#3563,#3564);
#3563 = CARTESIAN_POINT('',(113.61195,-33.2,0.));
#3564 = VECTOR('',#3565,1.);
#3565 = DIRECTION('',(0.,0.,-1.));
#3566 = ORIENTED_EDGE('',*,*,#3567,.T.);
#3567 = EDGE_CURVE('',#3560,#3560,#3568,.T.);
#3568 = CIRCLE('',#3569,1.63195);
#3569 = AXIS2_PLACEMENT_3D('',#3570,#3571,#3572);
#3570 = CARTESIAN_POINT('',(111.98,-33.2,-1.67));
#3571 = DIRECTION('',(0.,0.,1.));
#3572 = DIRECTION('',(1.,0.,-0.));
#3573 = ORIENTED_EDGE('',*,*,#3557,.F.);
#3574 = ORIENTED_EDGE('',*,*,#3575,.F.);
#3575 = EDGE_CURVE('',#3558,#3558,#3576,.T.);
#3576 = CIRCLE('',#3577,1.63195);
#3577 = AXIS2_PLACEMENT_3D('',#3578,#3579,#3580);
#3578 = CARTESIAN_POINT('',(111.98,-33.2,0.));
#3579 = DIRECTION('',(0.,0.,1.));
#3580 = DIRECTION('',(1.,0.,-0.));
#3581 = CYLINDRICAL_SURFACE('',#3582,1.63195);
#3582 = AXIS2_PLACEMENT_3D('',#3583,#3584,#3585);
#3583 = CARTESIAN_POINT('',(111.98,-33.2,0.));
#3584 = DIRECTION('',(0.,0.,1.));
#3585 = DIRECTION('',(1.,0.,-0.));
#3586 = ADVANCED_FACE('',(#3587,#3609,#3612,#3615,#3618,#3621,#3624,
    #3627,#3630,#3633,#3636,#3639,#3642,#3645,#3648,#3651,#3654,#3657,
    #3660,#3663,#3666,#3669,#3672,#3675,#3678,#3681,#3684,#3687,#3690,
    #3693,#3696,#3699,#3702,#3705,#3708,#3711,#3714,#3717,#3720,#3723,
    #3726,#3729,#3732,#3735,#3738,#3741,#3744,#3747,#3750,#3753,#3756,
    #3759,#3762,#3765,#3768,#3771,#3774,#3777,#3780,#3783,#3786,#3789,
    #3792,#3795,#3798,#3801,#3804,#3807,#3810,#3813,#3816,#3819,#3822,
    #3825,#3828,#3831,#3834,#3837,#3840,#3843,#3846,#3849,#3852,#3855,
    #3858,#3861,#3864,#3867,#3870),#3873,.F.);
#3587 = FACE_BOUND('',#3588,.F.);
#3588 = EDGE_LOOP('',(#3589,#3590,#3591,#3592,#3593,#3594,#3595,#3596,
    #3597,#3598,#3599,#3600,#3601,#3602,#3603,#3604,#3605,#3606,#3607,
    #3608));
#3589 = ORIENTED_EDGE('',*,*,#92,.T.);
#3590 = ORIENTED_EDGE('',*,*,#154,.T.);
#3591 = ORIENTED_EDGE('',*,*,#216,.T.);
#3592 = ORIENTED_EDGE('',*,*,#278,.T.);
#3593 = ORIENTED_EDGE('',*,*,#340,.T.);
#3594 = ORIENTED_EDGE('',*,*,#402,.T.);
#3595 = ORIENTED_EDGE('',*,*,#464,.T.);
#3596 = ORIENTED_EDGE('',*,*,#526,.T.);
#3597 = ORIENTED_EDGE('',*,*,#588,.T.);
#3598 = ORIENTED_EDGE('',*,*,#650,.T.);
#3599 = ORIENTED_EDGE('',*,*,#672,.T.);
#3600 = ORIENTED_EDGE('',*,*,#619,.T.);
#3601 = ORIENTED_EDGE('',*,*,#557,.T.);
#3602 = ORIENTED_EDGE('',*,*,#495,.T.);
#3603 = ORIENTED_EDGE('',*,*,#433,.T.);
#3604 = ORIENTED_EDGE('',*,*,#371,.T.);
#3605 = ORIENTED_EDGE('',*,*,#309,.T.);
#3606 = ORIENTED_EDGE('',*,*,#247,.T.);
#3607 = ORIENTED_EDGE('',*,*,#185,.T.);
#3608 = ORIENTED_EDGE('',*,*,#123,.T.);
#3609 = FACE_BOUND('',#3610,.F.);
#3610 = EDGE_LOOP('',(#3611));
#3611 = ORIENTED_EDGE('',*,*,#704,.T.);
#3612 = FACE_BOUND('',#3613,.F.);
#3613 = EDGE_LOOP('',(#3614));
#3614 = ORIENTED_EDGE('',*,*,#737,.T.);
#3615 = FACE_BOUND('',#3616,.F.);
#3616 = EDGE_LOOP('',(#3617));
#3617 = ORIENTED_EDGE('',*,*,#770,.T.);
#3618 = FACE_BOUND('',#3619,.F.);
#3619 = EDGE_LOOP('',(#3620));
#3620 = ORIENTED_EDGE('',*,*,#803,.T.);
#3621 = FACE_BOUND('',#3622,.F.);
#3622 = EDGE_LOOP('',(#3623));
#3623 = ORIENTED_EDGE('',*,*,#836,.T.);
#3624 = FACE_BOUND('',#3625,.F.);
#3625 = EDGE_LOOP('',(#3626));
#3626 = ORIENTED_EDGE('',*,*,#869,.T.);
#3627 = FACE_BOUND('',#3628,.F.);
#3628 = EDGE_LOOP('',(#3629));
#3629 = ORIENTED_EDGE('',*,*,#902,.T.);
#3630 = FACE_BOUND('',#3631,.F.);
#3631 = EDGE_LOOP('',(#3632));
#3632 = ORIENTED_EDGE('',*,*,#935,.T.);
#3633 = FACE_BOUND('',#3634,.F.);
#3634 = EDGE_LOOP('',(#3635));
#3635 = ORIENTED_EDGE('',*,*,#968,.T.);
#3636 = FACE_BOUND('',#3637,.F.);
#3637 = EDGE_LOOP('',(#3638));
#3638 = ORIENTED_EDGE('',*,*,#1001,.T.);
#3639 = FACE_BOUND('',#3640,.F.);
#3640 = EDGE_LOOP('',(#3641));
#3641 = ORIENTED_EDGE('',*,*,#1034,.T.);
#3642 = FACE_BOUND('',#3643,.F.);
#3643 = EDGE_LOOP('',(#3644));
#3644 = ORIENTED_EDGE('',*,*,#1067,.T.);
#3645 = FACE_BOUND('',#3646,.F.);
#3646 = EDGE_LOOP('',(#3647));
#3647 = ORIENTED_EDGE('',*,*,#1100,.T.);
#3648 = FACE_BOUND('',#3649,.F.);
#3649 = EDGE_LOOP('',(#3650));
#3650 = ORIENTED_EDGE('',*,*,#1133,.T.);
#3651 = FACE_BOUND('',#3652,.F.);
#3652 = EDGE_LOOP('',(#3653));
#3653 = ORIENTED_EDGE('',*,*,#1166,.T.);
#3654 = FACE_BOUND('',#3655,.F.);
#3655 = EDGE_LOOP('',(#3656));
#3656 = ORIENTED_EDGE('',*,*,#1199,.T.);
#3657 = FACE_BOUND('',#3658,.F.);
#3658 = EDGE_LOOP('',(#3659));
#3659 = ORIENTED_EDGE('',*,*,#1232,.T.);
#3660 = FACE_BOUND('',#3661,.F.);
#3661 = EDGE_LOOP('',(#3662));
#3662 = ORIENTED_EDGE('',*,*,#1265,.T.);
#3663 = FACE_BOUND('',#3664,.F.);
#3664 = EDGE_LOOP('',(#3665));
#3665 = ORIENTED_EDGE('',*,*,#1298,.T.);
#3666 = FACE_BOUND('',#3667,.F.);
#3667 = EDGE_LOOP('',(#3668));
#3668 = ORIENTED_EDGE('',*,*,#1331,.T.);
#3669 = FACE_BOUND('',#3670,.F.);
#3670 = EDGE_LOOP('',(#3671));
#3671 = ORIENTED_EDGE('',*,*,#1364,.T.);
#3672 = FACE_BOUND('',#3673,.F.);
#3673 = EDGE_LOOP('',(#3674));
#3674 = ORIENTED_EDGE('',*,*,#1397,.T.);
#3675 = FACE_BOUND('',#3676,.F.);
#3676 = EDGE_LOOP('',(#3677));
#3677 = ORIENTED_EDGE('',*,*,#1430,.T.);
#3678 = FACE_BOUND('',#3679,.F.);
#3679 = EDGE_LOOP('',(#3680));
#3680 = ORIENTED_EDGE('',*,*,#1463,.T.);
#3681 = FACE_BOUND('',#3682,.F.);
#3682 = EDGE_LOOP('',(#3683));
#3683 = ORIENTED_EDGE('',*,*,#1496,.T.);
#3684 = FACE_BOUND('',#3685,.F.);
#3685 = EDGE_LOOP('',(#3686));
#3686 = ORIENTED_EDGE('',*,*,#1529,.T.);
#3687 = FACE_BOUND('',#3688,.F.);
#3688 = EDGE_LOOP('',(#3689));
#3689 = ORIENTED_EDGE('',*,*,#1562,.T.);
#3690 = FACE_BOUND('',#3691,.F.);
#3691 = EDGE_LOOP('',(#3692));
#3692 = ORIENTED_EDGE('',*,*,#1595,.T.);
#3693 = FACE_BOUND('',#3694,.F.);
#3694 = EDGE_LOOP('',(#3695));
#3695 = ORIENTED_EDGE('',*,*,#1628,.T.);
#3696 = FACE_BOUND('',#3697,.F.);
#3697 = EDGE_LOOP('',(#3698));
#3698 = ORIENTED_EDGE('',*,*,#1661,.T.);
#3699 = FACE_BOUND('',#3700,.F.);
#3700 = EDGE_LOOP('',(#3701));
#3701 = ORIENTED_EDGE('',*,*,#1694,.T.);
#3702 = FACE_BOUND('',#3703,.F.);
#3703 = EDGE_LOOP('',(#3704));
#3704 = ORIENTED_EDGE('',*,*,#1727,.T.);
#3705 = FACE_BOUND('',#3706,.F.);
#3706 = EDGE_LOOP('',(#3707));
#3707 = ORIENTED_EDGE('',*,*,#1760,.T.);
#3708 = FACE_BOUND('',#3709,.F.);
#3709 = EDGE_LOOP('',(#3710));
#3710 = ORIENTED_EDGE('',*,*,#1793,.T.);
#3711 = FACE_BOUND('',#3712,.F.);
#3712 = EDGE_LOOP('',(#3713));
#3713 = ORIENTED_EDGE('',*,*,#1826,.T.);
#3714 = FACE_BOUND('',#3715,.F.);
#3715 = EDGE_LOOP('',(#3716));
#3716 = ORIENTED_EDGE('',*,*,#1859,.T.);
#3717 = FACE_BOUND('',#3718,.F.);
#3718 = EDGE_LOOP('',(#3719));
#3719 = ORIENTED_EDGE('',*,*,#1892,.T.);
#3720 = FACE_BOUND('',#3721,.F.);
#3721 = EDGE_LOOP('',(#3722));
#3722 = ORIENTED_EDGE('',*,*,#1925,.T.);
#3723 = FACE_BOUND('',#3724,.F.);
#3724 = EDGE_LOOP('',(#3725));
#3725 = ORIENTED_EDGE('',*,*,#1958,.T.);
#3726 = FACE_BOUND('',#3727,.F.);
#3727 = EDGE_LOOP('',(#3728));
#3728 = ORIENTED_EDGE('',*,*,#1991,.T.);
#3729 = FACE_BOUND('',#3730,.F.);
#3730 = EDGE_LOOP('',(#3731));
#3731 = ORIENTED_EDGE('',*,*,#2024,.T.);
#3732 = FACE_BOUND('',#3733,.F.);
#3733 = EDGE_LOOP('',(#3734));
#3734 = ORIENTED_EDGE('',*,*,#2057,.T.);
#3735 = FACE_BOUND('',#3736,.F.);
#3736 = EDGE_LOOP('',(#3737));
#3737 = ORIENTED_EDGE('',*,*,#2090,.T.);
#3738 = FACE_BOUND('',#3739,.F.);
#3739 = EDGE_LOOP('',(#3740));
#3740 = ORIENTED_EDGE('',*,*,#2123,.T.);
#3741 = FACE_BOUND('',#3742,.F.);
#3742 = EDGE_LOOP('',(#3743));
#3743 = ORIENTED_EDGE('',*,*,#2156,.T.);
#3744 = FACE_BOUND('',#3745,.F.);
#3745 = EDGE_LOOP('',(#3746));
#3746 = ORIENTED_EDGE('',*,*,#2189,.T.);
#3747 = FACE_BOUND('',#3748,.F.);
#3748 = EDGE_LOOP('',(#3749));
#3749 = ORIENTED_EDGE('',*,*,#2222,.T.);
#3750 = FACE_BOUND('',#3751,.F.);
#3751 = EDGE_LOOP('',(#3752));
#3752 = ORIENTED_EDGE('',*,*,#2255,.T.);
#3753 = FACE_BOUND('',#3754,.F.);
#3754 = EDGE_LOOP('',(#3755));
#3755 = ORIENTED_EDGE('',*,*,#2288,.T.);
#3756 = FACE_BOUND('',#3757,.F.);
#3757 = EDGE_LOOP('',(#3758));
#3758 = ORIENTED_EDGE('',*,*,#2321,.T.);
#3759 = FACE_BOUND('',#3760,.F.);
#3760 = EDGE_LOOP('',(#3761));
#3761 = ORIENTED_EDGE('',*,*,#2354,.T.);
#3762 = FACE_BOUND('',#3763,.F.);
#3763 = EDGE_LOOP('',(#3764));
#3764 = ORIENTED_EDGE('',*,*,#2387,.T.);
#3765 = FACE_BOUND('',#3766,.F.);
#3766 = EDGE_LOOP('',(#3767));
#3767 = ORIENTED_EDGE('',*,*,#2420,.T.);
#3768 = FACE_BOUND('',#3769,.F.);
#3769 = EDGE_LOOP('',(#3770));
#3770 = ORIENTED_EDGE('',*,*,#2453,.T.);
#3771 = FACE_BOUND('',#3772,.F.);
#3772 = EDGE_LOOP('',(#3773));
#3773 = ORIENTED_EDGE('',*,*,#2486,.T.);
#3774 = FACE_BOUND('',#3775,.F.);
#3775 = EDGE_LOOP('',(#3776));
#3776 = ORIENTED_EDGE('',*,*,#2519,.T.);
#3777 = FACE_BOUND('',#3778,.F.);
#3778 = EDGE_LOOP('',(#3779));
#3779 = ORIENTED_EDGE('',*,*,#2552,.T.);
#3780 = FACE_BOUND('',#3781,.F.);
#3781 = EDGE_LOOP('',(#3782));
#3782 = ORIENTED_EDGE('',*,*,#2585,.T.);
#3783 = FACE_BOUND('',#3784,.F.);
#3784 = EDGE_LOOP('',(#3785));
#3785 = ORIENTED_EDGE('',*,*,#2618,.T.);
#3786 = FACE_BOUND('',#3787,.F.);
#3787 = EDGE_LOOP('',(#3788));
#3788 = ORIENTED_EDGE('',*,*,#2651,.T.);
#3789 = FACE_BOUND('',#3790,.F.);
#3790 = EDGE_LOOP('',(#3791));
#3791 = ORIENTED_EDGE('',*,*,#2684,.T.);
#3792 = FACE_BOUND('',#3793,.F.);
#3793 = EDGE_LOOP('',(#3794));
#3794 = ORIENTED_EDGE('',*,*,#2717,.T.);
#3795 = FACE_BOUND('',#3796,.F.);
#3796 = EDGE_LOOP('',(#3797));
#3797 = ORIENTED_EDGE('',*,*,#2750,.T.);
#3798 = FACE_BOUND('',#3799,.F.);
#3799 = EDGE_LOOP('',(#3800));
#3800 = ORIENTED_EDGE('',*,*,#2783,.T.);
#3801 = FACE_BOUND('',#3802,.F.);
#3802 = EDGE_LOOP('',(#3803));
#3803 = ORIENTED_EDGE('',*,*,#2816,.T.);
#3804 = FACE_BOUND('',#3805,.F.);
#3805 = EDGE_LOOP('',(#3806));
#3806 = ORIENTED_EDGE('',*,*,#2849,.T.);
#3807 = FACE_BOUND('',#3808,.F.);
#3808 = EDGE_LOOP('',(#3809));
#3809 = ORIENTED_EDGE('',*,*,#2882,.T.);
#3810 = FACE_BOUND('',#3811,.F.);
#3811 = EDGE_LOOP('',(#3812));
#3812 = ORIENTED_EDGE('',*,*,#2915,.T.);
#3813 = FACE_BOUND('',#3814,.F.);
#3814 = EDGE_LOOP('',(#3815));
#3815 = ORIENTED_EDGE('',*,*,#2948,.T.);
#3816 = FACE_BOUND('',#3817,.F.);
#3817 = EDGE_LOOP('',(#3818));
#3818 = ORIENTED_EDGE('',*,*,#2981,.T.);
#3819 = FACE_BOUND('',#3820,.F.);
#3820 = EDGE_LOOP('',(#3821));
#3821 = ORIENTED_EDGE('',*,*,#3014,.T.);
#3822 = FACE_BOUND('',#3823,.F.);
#3823 = EDGE_LOOP('',(#3824));
#3824 = ORIENTED_EDGE('',*,*,#3047,.T.);
#3825 = FACE_BOUND('',#3826,.F.);
#3826 = EDGE_LOOP('',(#3827));
#3827 = ORIENTED_EDGE('',*,*,#3080,.T.);
#3828 = FACE_BOUND('',#3829,.F.);
#3829 = EDGE_LOOP('',(#3830));
#3830 = ORIENTED_EDGE('',*,*,#3113,.T.);
#3831 = FACE_BOUND('',#3832,.F.);
#3832 = EDGE_LOOP('',(#3833));
#3833 = ORIENTED_EDGE('',*,*,#3146,.T.);
#3834 = FACE_BOUND('',#3835,.F.);
#3835 = EDGE_LOOP('',(#3836));
#3836 = ORIENTED_EDGE('',*,*,#3179,.T.);
#3837 = FACE_BOUND('',#3838,.F.);
#3838 = EDGE_LOOP('',(#3839));
#3839 = ORIENTED_EDGE('',*,*,#3212,.T.);
#3840 = FACE_BOUND('',#3841,.F.);
#3841 = EDGE_LOOP('',(#3842));
#3842 = ORIENTED_EDGE('',*,*,#3245,.T.);
#3843 = FACE_BOUND('',#3844,.F.);
#3844 = EDGE_LOOP('',(#3845));
#3845 = ORIENTED_EDGE('',*,*,#3278,.T.);
#3846 = FACE_BOUND('',#3847,.F.);
#3847 = EDGE_LOOP('',(#3848));
#3848 = ORIENTED_EDGE('',*,*,#3311,.T.);
#3849 = FACE_BOUND('',#3850,.F.);
#3850 = EDGE_LOOP('',(#3851));
#3851 = ORIENTED_EDGE('',*,*,#3344,.T.);
#3852 = FACE_BOUND('',#3853,.F.);
#3853 = EDGE_LOOP('',(#3854));
#3854 = ORIENTED_EDGE('',*,*,#3377,.T.);
#3855 = FACE_BOUND('',#3856,.F.);
#3856 = EDGE_LOOP('',(#3857));
#3857 = ORIENTED_EDGE('',*,*,#3410,.T.);
#3858 = FACE_BOUND('',#3859,.F.);
#3859 = EDGE_LOOP('',(#3860));
#3860 = ORIENTED_EDGE('',*,*,#3443,.T.);
#3861 = FACE_BOUND('',#3862,.F.);
#3862 = EDGE_LOOP('',(#3863));
#3863 = ORIENTED_EDGE('',*,*,#3476,.T.);
#3864 = FACE_BOUND('',#3865,.F.);
#3865 = EDGE_LOOP('',(#3866));
#3866 = ORIENTED_EDGE('',*,*,#3509,.T.);
#3867 = FACE_BOUND('',#3868,.F.);
#3868 = EDGE_LOOP('',(#3869));
#3869 = ORIENTED_EDGE('',*,*,#3542,.T.);
#3870 = FACE_BOUND('',#3871,.F.);
#3871 = EDGE_LOOP('',(#3872));
#3872 = ORIENTED_EDGE('',*,*,#3575,.T.);
#3873 = PLANE('',#3874);
#3874 = AXIS2_PLACEMENT_3D('',#3875,#3876,#3877);
#3875 = CARTESIAN_POINT('',(136.,-75.58291457286,0.));
#3876 = DIRECTION('',(-0.,-0.,-1.));
#3877 = DIRECTION('',(-1.,0.,0.));
#3878 = ADVANCED_FACE('',(#3879,#3901,#3904,#3907,#3910,#3913,#3916,
    #3919,#3922,#3925,#3928,#3931,#3934,#3937,#3940,#3943,#3946,#3949,
    #3952,#3955,#3958,#3961,#3964,#3967,#3970,#3973,#3976,#3979,#3982,
    #3985,#3988,#3991,#3994,#3997,#4000,#4003,#4006,#4009,#4012,#4015,
    #4018,#4021,#4024,#4027,#4030,#4033,#4036,#4039,#4042,#4045,#4048,
    #4051,#4054,#4057,#4060,#4063,#4066,#4069,#4072,#4075,#4078,#4081,
    #4084,#4087,#4090,#4093,#4096,#4099,#4102,#4105,#4108,#4111,#4114,
    #4117,#4120,#4123,#4126,#4129,#4132,#4135,#4138,#4141,#4144,#4147,
    #4150,#4153,#4156,#4159,#4162),#4165,.T.);
#3879 = FACE_BOUND('',#3880,.T.);
#3880 = EDGE_LOOP('',(#3881,#3882,#3883,#3884,#3885,#3886,#3887,#3888,
    #3889,#3890,#3891,#3892,#3893,#3894,#3895,#3896,#3897,#3898,#3899,
    #3900));
#3881 = ORIENTED_EDGE('',*,*,#76,.T.);
#3882 = ORIENTED_EDGE('',*,*,#138,.T.);
#3883 = ORIENTED_EDGE('',*,*,#200,.T.);
#3884 = ORIENTED_EDGE('',*,*,#262,.T.);
#3885 = ORIENTED_EDGE('',*,*,#324,.T.);
#3886 = ORIENTED_EDGE('',*,*,#386,.T.);
#3887 = ORIENTED_EDGE('',*,*,#448,.T.);
#3888 = ORIENTED_EDGE('',*,*,#510,.T.);
#3889 = ORIENTED_EDGE('',*,*,#572,.T.);
#3890 = ORIENTED_EDGE('',*,*,#634,.T.);
#3891 = ORIENTED_EDGE('',*,*,#665,.T.);
#3892 = ORIENTED_EDGE('',*,*,#612,.T.);
#3893 = ORIENTED_EDGE('',*,*,#550,.T.);
#3894 = ORIENTED_EDGE('',*,*,#488,.T.);
#3895 = ORIENTED_EDGE('',*,*,#426,.T.);
#3896 = ORIENTED_EDGE('',*,*,#364,.T.);
#3897 = ORIENTED_EDGE('',*,*,#302,.T.);
#3898 = ORIENTED_EDGE('',*,*,#240,.T.);
#3899 = ORIENTED_EDGE('',*,*,#178,.T.);
#3900 = ORIENTED_EDGE('',*,*,#116,.T.);
#3901 = FACE_BOUND('',#3902,.T.);
#3902 = EDGE_LOOP('',(#3903));
#3903 = ORIENTED_EDGE('',*,*,#696,.T.);
#3904 = FACE_BOUND('',#3905,.T.);
#3905 = EDGE_LOOP('',(#3906));
#3906 = ORIENTED_EDGE('',*,*,#729,.T.);
#3907 = FACE_BOUND('',#3908,.T.);
#3908 = EDGE_LOOP('',(#3909));
#3909 = ORIENTED_EDGE('',*,*,#762,.T.);
#3910 = FACE_BOUND('',#3911,.T.);
#3911 = EDGE_LOOP('',(#3912));
#3912 = ORIENTED_EDGE('',*,*,#795,.T.);
#3913 = FACE_BOUND('',#3914,.T.);
#3914 = EDGE_LOOP('',(#3915));
#3915 = ORIENTED_EDGE('',*,*,#828,.T.);
#3916 = FACE_BOUND('',#3917,.T.);
#3917 = EDGE_LOOP('',(#3918));
#3918 = ORIENTED_EDGE('',*,*,#861,.T.);
#3919 = FACE_BOUND('',#3920,.T.);
#3920 = EDGE_LOOP('',(#3921));
#3921 = ORIENTED_EDGE('',*,*,#894,.T.);
#3922 = FACE_BOUND('',#3923,.T.);
#3923 = EDGE_LOOP('',(#3924));
#3924 = ORIENTED_EDGE('',*,*,#927,.T.);
#3925 = FACE_BOUND('',#3926,.T.);
#3926 = EDGE_LOOP('',(#3927));
#3927 = ORIENTED_EDGE('',*,*,#960,.T.);
#3928 = FACE_BOUND('',#3929,.T.);
#3929 = EDGE_LOOP('',(#3930));
#3930 = ORIENTED_EDGE('',*,*,#993,.T.);
#3931 = FACE_BOUND('',#3932,.T.);
#3932 = EDGE_LOOP('',(#3933));
#3933 = ORIENTED_EDGE('',*,*,#1026,.T.);
#3934 = FACE_BOUND('',#3935,.T.);
#3935 = EDGE_LOOP('',(#3936));
#3936 = ORIENTED_EDGE('',*,*,#1059,.T.);
#3937 = FACE_BOUND('',#3938,.T.);
#3938 = EDGE_LOOP('',(#3939));
#3939 = ORIENTED_EDGE('',*,*,#1092,.T.);
#3940 = FACE_BOUND('',#3941,.T.);
#3941 = EDGE_LOOP('',(#3942));
#3942 = ORIENTED_EDGE('',*,*,#1125,.T.);
#3943 = FACE_BOUND('',#3944,.T.);
#3944 = EDGE_LOOP('',(#3945));
#3945 = ORIENTED_EDGE('',*,*,#1158,.T.);
#3946 = FACE_BOUND('',#3947,.T.);
#3947 = EDGE_LOOP('',(#3948));
#3948 = ORIENTED_EDGE('',*,*,#1191,.T.);
#3949 = FACE_BOUND('',#3950,.T.);
#3950 = EDGE_LOOP('',(#3951));
#3951 = ORIENTED_EDGE('',*,*,#1224,.T.);
#3952 = FACE_BOUND('',#3953,.T.);
#3953 = EDGE_LOOP('',(#3954));
#3954 = ORIENTED_EDGE('',*,*,#1257,.T.);
#3955 = FACE_BOUND('',#3956,.T.);
#3956 = EDGE_LOOP('',(#3957));
#3957 = ORIENTED_EDGE('',*,*,#1290,.T.);
#3958 = FACE_BOUND('',#3959,.T.);
#3959 = EDGE_LOOP('',(#3960));
#3960 = ORIENTED_EDGE('',*,*,#1323,.T.);
#3961 = FACE_BOUND('',#3962,.T.);
#3962 = EDGE_LOOP('',(#3963));
#3963 = ORIENTED_EDGE('',*,*,#1356,.T.);
#3964 = FACE_BOUND('',#3965,.T.);
#3965 = EDGE_LOOP('',(#3966));
#3966 = ORIENTED_EDGE('',*,*,#1389,.T.);
#3967 = FACE_BOUND('',#3968,.T.);
#3968 = EDGE_LOOP('',(#3969));
#3969 = ORIENTED_EDGE('',*,*,#1422,.T.);
#3970 = FACE_BOUND('',#3971,.T.);
#3971 = EDGE_LOOP('',(#3972));
#3972 = ORIENTED_EDGE('',*,*,#1455,.T.);
#3973 = FACE_BOUND('',#3974,.T.);
#3974 = EDGE_LOOP('',(#3975));
#3975 = ORIENTED_EDGE('',*,*,#1488,.T.);
#3976 = FACE_BOUND('',#3977,.T.);
#3977 = EDGE_LOOP('',(#3978));
#3978 = ORIENTED_EDGE('',*,*,#1521,.T.);
#3979 = FACE_BOUND('',#3980,.T.);
#3980 = EDGE_LOOP('',(#3981));
#3981 = ORIENTED_EDGE('',*,*,#1554,.T.);
#3982 = FACE_BOUND('',#3983,.T.);
#3983 = EDGE_LOOP('',(#3984));
#3984 = ORIENTED_EDGE('',*,*,#1587,.T.);
#3985 = FACE_BOUND('',#3986,.T.);
#3986 = EDGE_LOOP('',(#3987));
#3987 = ORIENTED_EDGE('',*,*,#1620,.T.);
#3988 = FACE_BOUND('',#3989,.T.);
#3989 = EDGE_LOOP('',(#3990));
#3990 = ORIENTED_EDGE('',*,*,#1653,.T.);
#3991 = FACE_BOUND('',#3992,.T.);
#3992 = EDGE_LOOP('',(#3993));
#3993 = ORIENTED_EDGE('',*,*,#1686,.T.);
#3994 = FACE_BOUND('',#3995,.T.);
#3995 = EDGE_LOOP('',(#3996));
#3996 = ORIENTED_EDGE('',*,*,#1719,.T.);
#3997 = FACE_BOUND('',#3998,.T.);
#3998 = EDGE_LOOP('',(#3999));
#3999 = ORIENTED_EDGE('',*,*,#1752,.T.);
#4000 = FACE_BOUND('',#4001,.T.);
#4001 = EDGE_LOOP('',(#4002));
#4002 = ORIENTED_EDGE('',*,*,#1785,.T.);
#4003 = FACE_BOUND('',#4004,.T.);
#4004 = EDGE_LOOP('',(#4005));
#4005 = ORIENTED_EDGE('',*,*,#1818,.T.);
#4006 = FACE_BOUND('',#4007,.T.);
#4007 = EDGE_LOOP('',(#4008));
#4008 = ORIENTED_EDGE('',*,*,#1851,.T.);
#4009 = FACE_BOUND('',#4010,.T.);
#4010 = EDGE_LOOP('',(#4011));
#4011 = ORIENTED_EDGE('',*,*,#1884,.T.);
#4012 = FACE_BOUND('',#4013,.T.);
#4013 = EDGE_LOOP('',(#4014));
#4014 = ORIENTED_EDGE('',*,*,#1917,.T.);
#4015 = FACE_BOUND('',#4016,.T.);
#4016 = EDGE_LOOP('',(#4017));
#4017 = ORIENTED_EDGE('',*,*,#1950,.T.);
#4018 = FACE_BOUND('',#4019,.T.);
#4019 = EDGE_LOOP('',(#4020));
#4020 = ORIENTED_EDGE('',*,*,#1983,.T.);
#4021 = FACE_BOUND('',#4022,.T.);
#4022 = EDGE_LOOP('',(#4023));
#4023 = ORIENTED_EDGE('',*,*,#2016,.T.);
#4024 = FACE_BOUND('',#4025,.T.);
#4025 = EDGE_LOOP('',(#4026));
#4026 = ORIENTED_EDGE('',*,*,#2049,.T.);
#4027 = FACE_BOUND('',#4028,.T.);
#4028 = EDGE_LOOP('',(#4029));
#4029 = ORIENTED_EDGE('',*,*,#2082,.T.);
#4030 = FACE_BOUND('',#4031,.T.);
#4031 = EDGE_LOOP('',(#4032));
#4032 = ORIENTED_EDGE('',*,*,#2115,.T.);
#4033 = FACE_BOUND('',#4034,.T.);
#4034 = EDGE_LOOP('',(#4035));
#4035 = ORIENTED_EDGE('',*,*,#2148,.T.);
#4036 = FACE_BOUND('',#4037,.T.);
#4037 = EDGE_LOOP('',(#4038));
#4038 = ORIENTED_EDGE('',*,*,#2181,.T.);
#4039 = FACE_BOUND('',#4040,.T.);
#4040 = EDGE_LOOP('',(#4041));
#4041 = ORIENTED_EDGE('',*,*,#2214,.T.);
#4042 = FACE_BOUND('',#4043,.T.);
#4043 = EDGE_LOOP('',(#4044));
#4044 = ORIENTED_EDGE('',*,*,#2247,.T.);
#4045 = FACE_BOUND('',#4046,.T.);
#4046 = EDGE_LOOP('',(#4047));
#4047 = ORIENTED_EDGE('',*,*,#2280,.T.);
#4048 = FACE_BOUND('',#4049,.T.);
#4049 = EDGE_LOOP('',(#4050));
#4050 = ORIENTED_EDGE('',*,*,#2313,.T.);
#4051 = FACE_BOUND('',#4052,.T.);
#4052 = EDGE_LOOP('',(#4053));
#4053 = ORIENTED_EDGE('',*,*,#2346,.T.);
#4054 = FACE_BOUND('',#4055,.T.);
#4055 = EDGE_LOOP('',(#4056));
#4056 = ORIENTED_EDGE('',*,*,#2379,.T.);
#4057 = FACE_BOUND('',#4058,.T.);
#4058 = EDGE_LOOP('',(#4059));
#4059 = ORIENTED_EDGE('',*,*,#2412,.T.);
#4060 = FACE_BOUND('',#4061,.T.);
#4061 = EDGE_LOOP('',(#4062));
#4062 = ORIENTED_EDGE('',*,*,#2445,.T.);
#4063 = FACE_BOUND('',#4064,.T.);
#4064 = EDGE_LOOP('',(#4065));
#4065 = ORIENTED_EDGE('',*,*,#2478,.T.);
#4066 = FACE_BOUND('',#4067,.T.);
#4067 = EDGE_LOOP('',(#4068));
#4068 = ORIENTED_EDGE('',*,*,#2511,.T.);
#4069 = FACE_BOUND('',#4070,.T.);
#4070 = EDGE_LOOP('',(#4071));
#4071 = ORIENTED_EDGE('',*,*,#2544,.T.);
#4072 = FACE_BOUND('',#4073,.T.);
#4073 = EDGE_LOOP('',(#4074));
#4074 = ORIENTED_EDGE('',*,*,#2577,.T.);
#4075 = FACE_BOUND('',#4076,.T.);
#4076 = EDGE_LOOP('',(#4077));
#4077 = ORIENTED_EDGE('',*,*,#2610,.T.);
#4078 = FACE_BOUND('',#4079,.T.);
#4079 = EDGE_LOOP('',(#4080));
#4080 = ORIENTED_EDGE('',*,*,#2643,.T.);
#4081 = FACE_BOUND('',#4082,.T.);
#4082 = EDGE_LOOP('',(#4083));
#4083 = ORIENTED_EDGE('',*,*,#2676,.T.);
#4084 = FACE_BOUND('',#4085,.T.);
#4085 = EDGE_LOOP('',(#4086));
#4086 = ORIENTED_EDGE('',*,*,#2709,.T.);
#4087 = FACE_BOUND('',#4088,.T.);
#4088 = EDGE_LOOP('',(#4089));
#4089 = ORIENTED_EDGE('',*,*,#2742,.T.);
#4090 = FACE_BOUND('',#4091,.T.);
#4091 = EDGE_LOOP('',(#4092));
#4092 = ORIENTED_EDGE('',*,*,#2775,.T.);
#4093 = FACE_BOUND('',#4094,.T.);
#4094 = EDGE_LOOP('',(#4095));
#4095 = ORIENTED_EDGE('',*,*,#2808,.T.);
#4096 = FACE_BOUND('',#4097,.T.);
#4097 = EDGE_LOOP('',(#4098));
#4098 = ORIENTED_EDGE('',*,*,#2841,.T.);
#4099 = FACE_BOUND('',#4100,.T.);
#4100 = EDGE_LOOP('',(#4101));
#4101 = ORIENTED_EDGE('',*,*,#2874,.T.);
#4102 = FACE_BOUND('',#4103,.T.);
#4103 = EDGE_LOOP('',(#4104));
#4104 = ORIENTED_EDGE('',*,*,#2907,.T.);
#4105 = FACE_BOUND('',#4106,.T.);
#4106 = EDGE_LOOP('',(#4107));
#4107 = ORIENTED_EDGE('',*,*,#2940,.T.);
#4108 = FACE_BOUND('',#4109,.T.);
#4109 = EDGE_LOOP('',(#4110));
#4110 = ORIENTED_EDGE('',*,*,#2973,.T.);
#4111 = FACE_BOUND('',#4112,.T.);
#4112 = EDGE_LOOP('',(#4113));
#4113 = ORIENTED_EDGE('',*,*,#3006,.T.);
#4114 = FACE_BOUND('',#4115,.T.);
#4115 = EDGE_LOOP('',(#4116));
#4116 = ORIENTED_EDGE('',*,*,#3039,.T.);
#4117 = FACE_BOUND('',#4118,.T.);
#4118 = EDGE_LOOP('',(#4119));
#4119 = ORIENTED_EDGE('',*,*,#3072,.T.);
#4120 = FACE_BOUND('',#4121,.T.);
#4121 = EDGE_LOOP('',(#4122));
#4122 = ORIENTED_EDGE('',*,*,#3105,.T.);
#4123 = FACE_BOUND('',#4124,.T.);
#4124 = EDGE_LOOP('',(#4125));
#4125 = ORIENTED_EDGE('',*,*,#3138,.T.);
#4126 = FACE_BOUND('',#4127,.T.);
#4127 = EDGE_LOOP('',(#4128));
#4128 = ORIENTED_EDGE('',*,*,#3171,.T.);
#4129 = FACE_BOUND('',#4130,.T.);
#4130 = EDGE_LOOP('',(#4131));
#4131 = ORIENTED_EDGE('',*,*,#3204,.T.);
#4132 = FACE_BOUND('',#4133,.T.);
#4133 = EDGE_LOOP('',(#4134));
#4134 = ORIENTED_EDGE('',*,*,#3237,.T.);
#4135 = FACE_BOUND('',#4136,.T.);
#4136 = EDGE_LOOP('',(#4137));
#4137 = ORIENTED_EDGE('',*,*,#3270,.T.);
#4138 = FACE_BOUND('',#4139,.T.);
#4139 = EDGE_LOOP('',(#4140));
#4140 = ORIENTED_EDGE('',*,*,#3303,.T.);
#4141 = FACE_BOUND('',#4142,.T.);
#4142 = EDGE_LOOP('',(#4143));
#4143 = ORIENTED_EDGE('',*,*,#3336,.T.);
#4144 = FACE_BOUND('',#4145,.T.);
#4145 = EDGE_LOOP('',(#4146));
#4146 = ORIENTED_EDGE('',*,*,#3369,.T.);
#4147 = FACE_BOUND('',#4148,.T.);
#4148 = EDGE_LOOP('',(#4149));
#4149 = ORIENTED_EDGE('',*,*,#3402,.T.);
#4150 = FACE_BOUND('',#4151,.T.);
#4151 = EDGE_LOOP('',(#4152));
#4152 = ORIENTED_EDGE('',*,*,#3435,.T.);
#4153 = FACE_BOUND('',#4154,.T.);
#4154 = EDGE_LOOP('',(#4155));
#4155 = ORIENTED_EDGE('',*,*,#3468,.T.);
#4156 = FACE_BOUND('',#4157,.T.);
#4157 = EDGE_LOOP('',(#4158));
#4158 = ORIENTED_EDGE('',*,*,#3501,.T.);
#4159 = FACE_BOUND('',#4160,.T.);
#4160 = EDGE_LOOP('',(#4161));
#4161 = ORIENTED_EDGE('',*,*,#3534,.T.);
#4162 = FACE_BOUND('',#4163,.T.);
#4163 = EDGE_LOOP('',(#4164));
#4164 = ORIENTED_EDGE('',*,*,#3567,.T.);
#4165 = PLANE('',#4166);
#4166 = AXIS2_PLACEMENT_3D('',#4167,#4168,#4169);
#4167 = CARTESIAN_POINT('',(136.,-75.58291457286,-1.67));
#4168 = DIRECTION('',(-0.,-0.,-1.));
#4169 = DIRECTION('',(-1.,0.,0.));
#4170 = ( GEOMETRIC_REPRESENTATION_CONTEXT(3) 
GLOBAL_UNCERTAINTY_ASSIGNED_CONTEXT((#4174)) 
GLOBAL_UNIT_ASSIGNED_CONTEXT((#4171,#4172,#4173)) REPRESENTATION_CONTEXT
('Context #1','3D Context with UNIT and UNCERTAINTY') );
#4171 = ( LENGTH_UNIT() NAMED_UNIT(*) SI_UNIT(.MILLI.,.METRE.) );
#4172 = ( NAMED_UNIT(*) PLANE_ANGLE_UNIT() SI_UNIT($,.RADIAN.) );
#4173 = ( NAMED_UNIT(*) SI_UNIT($,.STERADIAN.) SOLID_ANGLE_UNIT() );
#4174 = UNCERTAINTY_MEASURE_WITH_UNIT(LENGTH_MEASURE(1.E-07),#4171,
  'distance_accuracy_value','confusion accuracy');
#4175 = CONTEXT_DEPENDENT_SHAPE_REPRESENTATION(#4176,#4178);
#4176 = ( REPRESENTATION_RELATIONSHIP('','',#59,#36) 
REPRESENTATION_RELATIONSHIP_WITH_TRANSFORMATION(#4177) 
SHAPE_REPRESENTATION_RELATIONSHIP() );
#4177 = ITEM_DEFINED_TRANSFORMATION('','',#11,#37);
#4178 = PRODUCT_DEFINITION_SHAPE('Placement','Placement of an item',
  #4179);
#4179 = NEXT_ASSEMBLY_USAGE_OCCURRENCE('91','Pcb_65d9','',#31,#54,$);
#4180 = PRODUCT_RELATED_PRODUCT_CATEGORY('part',$,(#56));
#4181 = SHAPE_DEFINITION_REPRESENTATION(#4182,#4188);
#4182 = PRODUCT_DEFINITION_SHAPE('','',#4183);
#4183 = PRODUCT_DEFINITION('design','',#4184,#4187);
#4184 = PRODUCT_DEFINITION_FORMATION('','',#4185);
#4185 = PRODUCT('Step_Models_65d9','Step_Models_65d9','',(#4186));
#4186 = PRODUCT_CONTEXT('',#2,'mechanical');
#4187 = PRODUCT_DEFINITION_CONTEXT('part definition',#2,'design');
#4188 = SHAPE_REPRESENTATION('',(#11,#4189),#4193);
#4189 = AXIS2_PLACEMENT_3D('',#4190,#4191,#4192);
#4190 = CARTESIAN_POINT('',(0.,0.,0.));
#4191 = DIRECTION('',(0.,0.,1.));
#4192 = DIRECTION('',(1.,0.,0.));
#4193 = ( GEOMETRIC_REPRESENTATION_CONTEXT(3) 
GLOBAL_UNCERTAINTY_ASSIGNED_CONTEXT((#4197)) 
GLOBAL_UNIT_ASSIGNED_CONTEXT((#4194,#4195,#4196)) REPRESENTATION_CONTEXT
('Context #1','3D Context with UNIT and UNCERTAINTY') );
#4194 = ( LENGTH_UNIT() NAMED_UNIT(*) SI_UNIT(.MILLI.,.METRE.) );
#4195 = ( NAMED_UNIT(*) PLANE_ANGLE_UNIT() SI_UNIT($,.RADIAN.) );
#4196 = ( NAMED_UNIT(*) SI_UNIT($,.STERADIAN.) SOLID_ANGLE_UNIT() );
#4197 = UNCERTAINTY_MEASURE_WITH_UNIT(LENGTH_MEASURE(1.E-07),#4194,
  'distance_accuracy_value','confusion accuracy');
#4198 = CONTEXT_DEPENDENT_SHAPE_REPRESENTATION(#4199,#4201);
#4199 = ( REPRESENTATION_RELATIONSHIP('','',#4188,#10) 
REPRESENTATION_RELATIONSHIP_WITH_TRANSFORMATION(#4200) 
SHAPE_REPRESENTATION_RELATIONSHIP() );
#4200 = ITEM_DEFINED_TRANSFORMATION('','',#11,#19);
#4201 = PRODUCT_DEFINITION_SHAPE('Placement','Placement of an item',
  #4202);
#4202 = NEXT_ASSEMBLY_USAGE_OCCURRENCE('180','Step_Models_65d9','',#5,
  #4183,$);
#4203 = PRODUCT_RELATED_PRODUCT_CATEGORY('part',$,(#4185));
#4204 = SHAPE_DEFINITION_REPRESENTATION(#4205,#4211);
#4205 = PRODUCT_DEFINITION_SHAPE('','',#4206);
#4206 = PRODUCT_DEFINITION('design','',#4207,#4210);
#4207 = PRODUCT_DEFINITION_FORMATION('','',#4208);
#4208 = PRODUCT('Top_65d9','Top_65d9','',(#4209));
#4209 = PRODUCT_CONTEXT('',#2,'mechanical');
#4210 = PRODUCT_DEFINITION_CONTEXT('part definition',#2,'design');
#4211 = SHAPE_REPRESENTATION('',(#11,#4212,#4216),#4220);
#4212 = AXIS2_PLACEMENT_3D('',#4213,#4214,#4215);
#4213 = CARTESIAN_POINT('',(120.45,-131.73,0.));
#4214 = DIRECTION('',(0.,0.,1.));
#4215 = DIRECTION('',(1.,0.,0.));
#4216 = AXIS2_PLACEMENT_3D('',#4217,#4218,#4219);
#4217 = CARTESIAN_POINT('',(113.99,-122.74,0.));
#4218 = DIRECTION('',(0.,0.,1.));
#4219 = DIRECTION('',(-1.,0.,0.));
#4220 = ( GEOMETRIC_REPRESENTATION_CONTEXT(3) 
GLOBAL_UNCERTAINTY_ASSIGNED_CONTEXT((#4224)) 
GLOBAL_UNIT_ASSIGNED_CONTEXT((#4221,#4222,#4223)) REPRESENTATION_CONTEXT
('Context #1','3D Context with UNIT and UNCERTAINTY') );
#4221 = ( LENGTH_UNIT() NAMED_UNIT(*) SI_UNIT(.MILLI.,.METRE.) );
#4222 = ( NAMED_UNIT(*) PLANE_ANGLE_UNIT() SI_UNIT($,.RADIAN.) );
#4223 = ( NAMED_UNIT(*) SI_UNIT($,.STERADIAN.) SOLID_ANGLE_UNIT() );
#4224 = UNCERTAINTY_MEASURE_WITH_UNIT(LENGTH_MEASURE(1.E-07),#4221,
  'distance_accuracy_value','confusion accuracy');
#4225 = CONTEXT_DEPENDENT_SHAPE_REPRESENTATION(#4226,#4228);
#4226 = ( REPRESENTATION_RELATIONSHIP('','',#4211,#4188) 
REPRESENTATION_RELATIONSHIP_WITH_TRANSFORMATION(#4227) 
SHAPE_REPRESENTATION_RELATIONSHIP() );
#4227 = ITEM_DEFINED_TRANSFORMATION('','',#11,#4189);
#4228 = PRODUCT_DEFINITION_SHAPE('Placement','Placement of an item',
  #4229);
#4229 = NEXT_ASSEMBLY_USAGE_OCCURRENCE('179','Top_65d9','',#4183,#4206,$
  );
#4230 = PRODUCT_RELATED_PRODUCT_CATEGORY('part',$,(#4208));
#4231 = SHAPE_DEFINITION_REPRESENTATION(#4232,#4238);
#4232 = PRODUCT_DEFINITION_SHAPE('','',#4233);
#4233 = PRODUCT_DEFINITION('design','',#4234,#4237);
#4234 = PRODUCT_DEFINITION_FORMATION('','',#4235);
#4235 = PRODUCT('J1_ASSEMBLY_d4674bd52992','J1_ASSEMBLY_d4674bd52992',''
  ,(#4236));
#4236 = PRODUCT_CONTEXT('',#2,'mechanical');
#4237 = PRODUCT_DEFINITION_CONTEXT('part definition',#2,'design');
#4238 = SHAPE_REPRESENTATION('',(#11,#4239,#4243),#4247);
#4239 = AXIS2_PLACEMENT_3D('',#4240,#4241,#4242);
#4240 = CARTESIAN_POINT('',(0.,0.,0.1));
#4241 = DIRECTION('',(0.,0.,1.));
#4242 = DIRECTION('',(1.,0.,0.));
#4243 = AXIS2_PLACEMENT_3D('',#4244,#4245,#4246);
#4244 = CARTESIAN_POINT('',(0.,0.,0.));
#4245 = DIRECTION('',(0.,0.,1.));
#4246 = DIRECTION('',(1.,0.,0.));
#4247 = ( GEOMETRIC_REPRESENTATION_CONTEXT(3) 
GLOBAL_UNCERTAINTY_ASSIGNED_CONTEXT((#4251)) 
GLOBAL_UNIT_ASSIGNED_CONTEXT((#4248,#4249,#4250)) REPRESENTATION_CONTEXT
('Context #1','3D Context with UNIT and UNCERTAINTY') );
#4248 = ( LENGTH_UNIT() NAMED_UNIT(*) SI_UNIT(.MILLI.,.METRE.) );
#4249 = ( NAMED_UNIT(*) PLANE_ANGLE_UNIT() SI_UNIT($,.RADIAN.) );
#4250 = ( NAMED_UNIT(*) SI_UNIT($,.STERADIAN.) SOLID_ANGLE_UNIT() );
#4251 = UNCERTAINTY_MEASURE_WITH_UNIT(LENGTH_MEASURE(1.E-07),#4248,
  'distance_accuracy_value','confusion accuracy');
#4252 = CONTEXT_DEPENDENT_SHAPE_REPRESENTATION(#4253,#4255);
#4253 = ( REPRESENTATION_RELATIONSHIP('','',#4238,#4211) 
REPRESENTATION_RELATIONSHIP_WITH_TRANSFORMATION(#4254) 
SHAPE_REPRESENTATION_RELATIONSHIP() );
#4254 = ITEM_DEFINED_TRANSFORMATION('','',#11,#4212);
#4255 = PRODUCT_DEFINITION_SHAPE('Placement','Placement of an item',
  #4256);
#4256 = NEXT_ASSEMBLY_USAGE_OCCURRENCE('122','J1_ASSEMBLY_d4674bd52992',
  '',#4206,#4233,$);
#4257 = PRODUCT_RELATED_PRODUCT_CATEGORY('part',$,(#4235));
#4258 = SHAPE_DEFINITION_REPRESENTATION(#4259,#4265);
#4259 = PRODUCT_DEFINITION_SHAPE('','',#4260);
#4260 = PRODUCT_DEFINITION('design','',#4261,#4264);
#4261 = PRODUCT_DEFINITION_FORMATION('','',#4262);
#4262 = PRODUCT('Body','Body','',(#4263));
#4263 = PRODUCT_CONTEXT('',#2,'mechanical');
#4264 = PRODUCT_DEFINITION_CONTEXT('part definition',#2,'design');
#4265 = ADVANCED_BREP_SHAPE_REPRESENTATION('',(#11,#4266),#4416);
#4266 = MANIFOLD_SOLID_BREP('',#4267);
#4267 = CLOSED_SHELL('',(#4268,#4308,#4339,#4370,#4392,#4404));
#4268 = ADVANCED_FACE('',(#4269),#4303,.F.);
#4269 = FACE_BOUND('',#4270,.F.);
#4270 = EDGE_LOOP('',(#4271,#4281,#4289,#4297));
#4271 = ORIENTED_EDGE('',*,*,#4272,.T.);
#4272 = EDGE_CURVE('',#4273,#4275,#4277,.T.);
#4273 = VERTEX_POINT('',#4274);
#4274 = CARTESIAN_POINT('',(-6.86,-5.18,0.));
#4275 = VERTEX_POINT('',#4276);
#4276 = CARTESIAN_POINT('',(-6.86,-5.18,13.74));
#4277 = LINE('',#4278,#4279);
#4278 = CARTESIAN_POINT('',(-6.86,-5.18,0.));
#4279 = VECTOR('',#4280,1.);
#4280 = DIRECTION('',(0.,0.,1.));
#4281 = ORIENTED_EDGE('',*,*,#4282,.T.);
#4282 = EDGE_CURVE('',#4275,#4283,#4285,.T.);
#4283 = VERTEX_POINT('',#4284);
#4284 = CARTESIAN_POINT('',(37.34,-5.18,13.74));
#4285 = LINE('',#4286,#4287);
#4286 = CARTESIAN_POINT('',(-6.86,-5.18,13.74));
#4287 = VECTOR('',#4288,1.);
#4288 = DIRECTION('',(1.,0.,0.));
#4289 = ORIENTED_EDGE('',*,*,#4290,.F.);
#4290 = EDGE_CURVE('',#4291,#4283,#4293,.T.);
#4291 = VERTEX_POINT('',#4292);
#4292 = CARTESIAN_POINT('',(37.34,-5.18,0.));
#4293 = LINE('',#4294,#4295);
#4294 = CARTESIAN_POINT('',(37.34,-5.18,0.));
#4295 = VECTOR('',#4296,1.);
#4296 = DIRECTION('',(0.,0.,1.));
#4297 = ORIENTED_EDGE('',*,*,#4298,.F.);
#4298 = EDGE_CURVE('',#4273,#4291,#4299,.T.);
#4299 = LINE('',#4300,#4301);
#4300 = CARTESIAN_POINT('',(-6.86,-5.18,0.));
#4301 = VECTOR('',#4302,1.);
#4302 = DIRECTION('',(1.,0.,0.));
#4303 = PLANE('',#4304);
#4304 = AXIS2_PLACEMENT_3D('',#4305,#4306,#4307);
#4305 = CARTESIAN_POINT('',(-6.86,-5.18,0.));
#4306 = DIRECTION('',(0.,1.,0.));
#4307 = DIRECTION('',(1.,0.,0.));
#4308 = ADVANCED_FACE('',(#4309),#4334,.F.);
#4309 = FACE_BOUND('',#4310,.F.);
#4310 = EDGE_LOOP('',(#4311,#4312,#4320,#4328));
#4311 = ORIENTED_EDGE('',*,*,#4290,.T.);
#4312 = ORIENTED_EDGE('',*,*,#4313,.T.);
#4313 = EDGE_CURVE('',#4283,#4314,#4316,.T.);
#4314 = VERTEX_POINT('',#4315);
#4315 = CARTESIAN_POINT('',(37.34,2.64,13.74));
#4316 = LINE('',#4317,#4318);
#4317 = CARTESIAN_POINT('',(37.34,-5.18,13.74));
#4318 = VECTOR('',#4319,1.);
#4319 = DIRECTION('',(0.,1.,0.));
#4320 = ORIENTED_EDGE('',*,*,#4321,.F.);
#4321 = EDGE_CURVE('',#4322,#4314,#4324,.T.);
#4322 = VERTEX_POINT('',#4323);
#4323 = CARTESIAN_POINT('',(37.34,2.64,0.));
#4324 = LINE('',#4325,#4326);
#4325 = CARTESIAN_POINT('',(37.34,2.64,0.));
#4326 = VECTOR('',#4327,1.);
#4327 = DIRECTION('',(0.,0.,1.));
#4328 = ORIENTED_EDGE('',*,*,#4329,.F.);
#4329 = EDGE_CURVE('',#4291,#4322,#4330,.T.);
#4330 = LINE('',#4331,#4332);
#4331 = CARTESIAN_POINT('',(37.34,-5.18,0.));
#4332 = VECTOR('',#4333,1.);
#4333 = DIRECTION('',(0.,1.,0.));
#4334 = PLANE('',#4335);
#4335 = AXIS2_PLACEMENT_3D('',#4336,#4337,#4338);
#4336 = CARTESIAN_POINT('',(37.34,-5.18,0.));
#4337 = DIRECTION('',(-1.,0.,0.));
#4338 = DIRECTION('',(0.,1.,0.));
#4339 = ADVANCED_FACE('',(#4340),#4365,.F.);
#4340 = FACE_BOUND('',#4341,.F.);
#4341 = EDGE_LOOP('',(#4342,#4343,#4351,#4359));
#4342 = ORIENTED_EDGE('',*,*,#4321,.T.);
#4343 = ORIENTED_EDGE('',*,*,#4344,.T.);
#4344 = EDGE_CURVE('',#4314,#4345,#4347,.T.);
#4345 = VERTEX_POINT('',#4346);
#4346 = CARTESIAN_POINT('',(-6.86,2.64,13.74));
#4347 = LINE('',#4348,#4349);
#4348 = CARTESIAN_POINT('',(37.34,2.64,13.74));
#4349 = VECTOR('',#4350,1.);
#4350 = DIRECTION('',(-1.,0.,0.));
#4351 = ORIENTED_EDGE('',*,*,#4352,.F.);
#4352 = EDGE_CURVE('',#4353,#4345,#4355,.T.);
#4353 = VERTEX_POINT('',#4354);
#4354 = CARTESIAN_POINT('',(-6.86,2.64,0.));
#4355 = LINE('',#4356,#4357);
#4356 = CARTESIAN_POINT('',(-6.86,2.64,0.));
#4357 = VECTOR('',#4358,1.);
#4358 = DIRECTION('',(0.,0.,1.));
#4359 = ORIENTED_EDGE('',*,*,#4360,.F.);
#4360 = EDGE_CURVE('',#4322,#4353,#4361,.T.);
#4361 = LINE('',#4362,#4363);
#4362 = CARTESIAN_POINT('',(37.34,2.64,0.));
#4363 = VECTOR('',#4364,1.);
#4364 = DIRECTION('',(-1.,0.,0.));
#4365 = PLANE('',#4366);
#4366 = AXIS2_PLACEMENT_3D('',#4367,#4368,#4369);
#4367 = CARTESIAN_POINT('',(37.34,2.64,0.));
#4368 = DIRECTION('',(0.,-1.,0.));
#4369 = DIRECTION('',(-1.,0.,0.));
#4370 = ADVANCED_FACE('',(#4371),#4387,.F.);
#4371 = FACE_BOUND('',#4372,.F.);
#4372 = EDGE_LOOP('',(#4373,#4374,#4380,#4381));
#4373 = ORIENTED_EDGE('',*,*,#4352,.T.);
#4374 = ORIENTED_EDGE('',*,*,#4375,.T.);
#4375 = EDGE_CURVE('',#4345,#4275,#4376,.T.);
#4376 = LINE('',#4377,#4378);
#4377 = CARTESIAN_POINT('',(-6.86,2.64,13.74));
#4378 = VECTOR('',#4379,1.);
#4379 = DIRECTION('',(0.,-1.,0.));
#4380 = ORIENTED_EDGE('',*,*,#4272,.F.);
#4381 = ORIENTED_EDGE('',*,*,#4382,.F.);
#4382 = EDGE_CURVE('',#4353,#4273,#4383,.T.);
#4383 = LINE('',#4384,#4385);
#4384 = CARTESIAN_POINT('',(-6.86,2.64,0.));
#4385 = VECTOR('',#4386,1.);
#4386 = DIRECTION('',(0.,-1.,0.));
#4387 = PLANE('',#4388);
#4388 = AXIS2_PLACEMENT_3D('',#4389,#4390,#4391);
#4389 = CARTESIAN_POINT('',(-6.86,2.64,0.));
#4390 = DIRECTION('',(1.,0.,-0.));
#4391 = DIRECTION('',(0.,-1.,0.));
#4392 = ADVANCED_FACE('',(#4393),#4399,.F.);
#4393 = FACE_BOUND('',#4394,.F.);
#4394 = EDGE_LOOP('',(#4395,#4396,#4397,#4398));
#4395 = ORIENTED_EDGE('',*,*,#4298,.T.);
#4396 = ORIENTED_EDGE('',*,*,#4329,.T.);
#4397 = ORIENTED_EDGE('',*,*,#4360,.T.);
#4398 = ORIENTED_EDGE('',*,*,#4382,.T.);
#4399 = PLANE('',#4400);
#4400 = AXIS2_PLACEMENT_3D('',#4401,#4402,#4403);
#4401 = CARTESIAN_POINT('',(15.24,-1.27,1.387778780781E-17));
#4402 = DIRECTION('',(-1.125763431249E-34,0.,1.));
#4403 = DIRECTION('',(1.,0.,1.125763431249E-34));
#4404 = ADVANCED_FACE('',(#4405),#4411,.T.);
#4405 = FACE_BOUND('',#4406,.T.);
#4406 = EDGE_LOOP('',(#4407,#4408,#4409,#4410));
#4407 = ORIENTED_EDGE('',*,*,#4282,.T.);
#4408 = ORIENTED_EDGE('',*,*,#4313,.T.);
#4409 = ORIENTED_EDGE('',*,*,#4344,.T.);
#4410 = ORIENTED_EDGE('',*,*,#4375,.T.);
#4411 = PLANE('',#4412);
#4412 = AXIS2_PLACEMENT_3D('',#4413,#4414,#4415);
#4413 = CARTESIAN_POINT('',(15.24,-1.27,13.74));
#4414 = DIRECTION('',(-1.125763431249E-34,0.,1.));
#4415 = DIRECTION('',(1.,0.,1.125763431249E-34));
#4416 = ( GEOMETRIC_REPRESENTATION_CONTEXT(3) 
GLOBAL_UNCERTAINTY_ASSIGNED_CONTEXT((#4420)) 
GLOBAL_UNIT_ASSIGNED_CONTEXT((#4417,#4418,#4419)) REPRESENTATION_CONTEXT
('Context #1','3D Context with UNIT and UNCERTAINTY') );
#4417 = ( LENGTH_UNIT() NAMED_UNIT(*) SI_UNIT(.MILLI.,.METRE.) );
#4418 = ( NAMED_UNIT(*) PLANE_ANGLE_UNIT() SI_UNIT($,.RADIAN.) );
#4419 = ( NAMED_UNIT(*) SI_UNIT($,.STERADIAN.) SOLID_ANGLE_UNIT() );
#4420 = UNCERTAINTY_MEASURE_WITH_UNIT(LENGTH_MEASURE(1.E-07),#4417,
  'distance_accuracy_value','confusion accuracy');
#4421 = CONTEXT_DEPENDENT_SHAPE_REPRESENTATION(#4422,#4424);
#4422 = ( REPRESENTATION_RELATIONSHIP('','',#4265,#4238) 
REPRESENTATION_RELATIONSHIP_WITH_TRANSFORMATION(#4423) 
SHAPE_REPRESENTATION_RELATIONSHIP() );
#4423 = ITEM_DEFINED_TRANSFORMATION('','',#11,#4239);
#4424 = PRODUCT_DEFINITION_SHAPE('Placement','Placement of an item',
  #4425);
#4425 = NEXT_ASSEMBLY_USAGE_OCCURRENCE('93','Body','',#4233,#4260,$);
#4426 = PRODUCT_RELATED_PRODUCT_CATEGORY('part',$,(#4262));
#4427 = SHAPE_DEFINITION_REPRESENTATION(#4428,#4434);
#4428 = PRODUCT_DEFINITION_SHAPE('','',#4429);
#4429 = PRODUCT_DEFINITION('design','',#4430,#4433);
#4430 = PRODUCT_DEFINITION_FORMATION('','',#4431);
#4431 = PRODUCT('Leads027','Leads027','',(#4432));
#4432 = PRODUCT_CONTEXT('',#2,'mechanical');
#4433 = PRODUCT_DEFINITION_CONTEXT('part definition',#2,'design');
#4434 = SHAPE_REPRESENTATION('',(#11,#4435,#4439,#4443,#4447,#4451,#4455
    ,#4459,#4463,#4467,#4471,#4475,#4479,#4483,#4487,#4491,#4495,#4499,
    #4503,#4507,#4511,#4515,#4519,#4523,#4527,#4531,#4535,#4539),#4543);
#4435 = AXIS2_PLACEMENT_3D('',#4436,#4437,#4438);
#4436 = CARTESIAN_POINT('',(0.,0.,0.));
#4437 = DIRECTION('',(0.,0.,1.));
#4438 = DIRECTION('',(1.,0.,0.));
#4439 = AXIS2_PLACEMENT_3D('',#4440,#4441,#4442);
#4440 = CARTESIAN_POINT('',(0.,0.,0.));
#4441 = DIRECTION('',(0.,0.,1.));
#4442 = DIRECTION('',(1.,0.,0.));
#4443 = AXIS2_PLACEMENT_3D('',#4444,#4445,#4446);
#4444 = CARTESIAN_POINT('',(0.,0.,0.));
#4445 = DIRECTION('',(0.,0.,1.));
#4446 = DIRECTION('',(1.,0.,0.));
#4447 = AXIS2_PLACEMENT_3D('',#4448,#4449,#4450);
#4448 = CARTESIAN_POINT('',(0.,0.,0.));
#4449 = DIRECTION('',(0.,0.,1.));
#4450 = DIRECTION('',(1.,0.,0.));
#4451 = AXIS2_PLACEMENT_3D('',#4452,#4453,#4454);
#4452 = CARTESIAN_POINT('',(0.,0.,0.));
#4453 = DIRECTION('',(0.,0.,1.));
#4454 = DIRECTION('',(1.,0.,0.));
#4455 = AXIS2_PLACEMENT_3D('',#4456,#4457,#4458);
#4456 = CARTESIAN_POINT('',(0.,0.,0.));
#4457 = DIRECTION('',(0.,0.,1.));
#4458 = DIRECTION('',(1.,0.,0.));
#4459 = AXIS2_PLACEMENT_3D('',#4460,#4461,#4462);
#4460 = CARTESIAN_POINT('',(0.,0.,0.));
#4461 = DIRECTION('',(0.,0.,1.));
#4462 = DIRECTION('',(1.,0.,0.));
#4463 = AXIS2_PLACEMENT_3D('',#4464,#4465,#4466);
#4464 = CARTESIAN_POINT('',(0.,0.,0.));
#4465 = DIRECTION('',(0.,0.,1.));
#4466 = DIRECTION('',(1.,0.,0.));
#4467 = AXIS2_PLACEMENT_3D('',#4468,#4469,#4470);
#4468 = CARTESIAN_POINT('',(0.,0.,0.));
#4469 = DIRECTION('',(0.,0.,1.));
#4470 = DIRECTION('',(1.,0.,0.));
#4471 = AXIS2_PLACEMENT_3D('',#4472,#4473,#4474);
#4472 = CARTESIAN_POINT('',(0.,0.,0.));
#4473 = DIRECTION('',(0.,0.,1.));
#4474 = DIRECTION('',(1.,0.,0.));
#4475 = AXIS2_PLACEMENT_3D('',#4476,#4477,#4478);
#4476 = CARTESIAN_POINT('',(0.,0.,0.));
#4477 = DIRECTION('',(0.,0.,1.));
#4478 = DIRECTION('',(1.,0.,0.));
#4479 = AXIS2_PLACEMENT_3D('',#4480,#4481,#4482);
#4480 = CARTESIAN_POINT('',(0.,0.,0.));
#4481 = DIRECTION('',(0.,0.,1.));
#4482 = DIRECTION('',(1.,0.,0.));
#4483 = AXIS2_PLACEMENT_3D('',#4484,#4485,#4486);
#4484 = CARTESIAN_POINT('',(0.,0.,0.));
#4485 = DIRECTION('',(0.,0.,1.));
#4486 = DIRECTION('',(1.,0.,0.));
#4487 = AXIS2_PLACEMENT_3D('',#4488,#4489,#4490);
#4488 = CARTESIAN_POINT('',(0.,0.,0.));
#4489 = DIRECTION('',(0.,0.,1.));
#4490 = DIRECTION('',(1.,0.,0.));
#4491 = AXIS2_PLACEMENT_3D('',#4492,#4493,#4494);
#4492 = CARTESIAN_POINT('',(0.,0.,0.));
#4493 = DIRECTION('',(0.,0.,1.));
#4494 = DIRECTION('',(1.,0.,0.));
#4495 = AXIS2_PLACEMENT_3D('',#4496,#4497,#4498);
#4496 = CARTESIAN_POINT('',(0.,0.,0.));
#4497 = DIRECTION('',(0.,0.,1.));
#4498 = DIRECTION('',(1.,0.,0.));
#4499 = AXIS2_PLACEMENT_3D('',#4500,#4501,#4502);
#4500 = CARTESIAN_POINT('',(0.,0.,0.));
#4501 = DIRECTION('',(0.,0.,1.));
#4502 = DIRECTION('',(1.,0.,0.));
#4503 = AXIS2_PLACEMENT_3D('',#4504,#4505,#4506);
#4504 = CARTESIAN_POINT('',(0.,0.,0.));
#4505 = DIRECTION('',(0.,0.,1.));
#4506 = DIRECTION('',(1.,0.,0.));
#4507 = AXIS2_PLACEMENT_3D('',#4508,#4509,#4510);
#4508 = CARTESIAN_POINT('',(0.,0.,0.));
#4509 = DIRECTION('',(0.,0.,1.));
#4510 = DIRECTION('',(1.,0.,0.));
#4511 = AXIS2_PLACEMENT_3D('',#4512,#4513,#4514);
#4512 = CARTESIAN_POINT('',(0.,0.,0.));
#4513 = DIRECTION('',(0.,0.,1.));
#4514 = DIRECTION('',(1.,0.,0.));
#4515 = AXIS2_PLACEMENT_3D('',#4516,#4517,#4518);
#4516 = CARTESIAN_POINT('',(0.,0.,0.));
#4517 = DIRECTION('',(0.,0.,1.));
#4518 = DIRECTION('',(1.,0.,0.));
#4519 = AXIS2_PLACEMENT_3D('',#4520,#4521,#4522);
#4520 = CARTESIAN_POINT('',(0.,0.,0.));
#4521 = DIRECTION('',(0.,0.,1.));
#4522 = DIRECTION('',(1.,0.,0.));
#4523 = AXIS2_PLACEMENT_3D('',#4524,#4525,#4526);
#4524 = CARTESIAN_POINT('',(0.,0.,0.));
#4525 = DIRECTION('',(0.,0.,1.));
#4526 = DIRECTION('',(1.,0.,0.));
#4527 = AXIS2_PLACEMENT_3D('',#4528,#4529,#4530);
#4528 = CARTESIAN_POINT('',(0.,0.,0.));
#4529 = DIRECTION('',(0.,0.,1.));
#4530 = DIRECTION('',(1.,0.,0.));
#4531 = AXIS2_PLACEMENT_3D('',#4532,#4533,#4534);
#4532 = CARTESIAN_POINT('',(0.,0.,0.));
#4533 = DIRECTION('',(0.,0.,1.));
#4534 = DIRECTION('',(1.,0.,0.));
#4535 = AXIS2_PLACEMENT_3D('',#4536,#4537,#4538);
#4536 = CARTESIAN_POINT('',(0.,0.,0.));
#4537 = DIRECTION('',(0.,0.,1.));
#4538 = DIRECTION('',(1.,0.,0.));
#4539 = AXIS2_PLACEMENT_3D('',#4540,#4541,#4542);
#4540 = CARTESIAN_POINT('',(0.,0.,0.));
#4541 = DIRECTION('',(0.,0.,1.));
#4542 = DIRECTION('',(1.,0.,0.));
#4543 = ( GEOMETRIC_REPRESENTATION_CONTEXT(3) 
GLOBAL_UNCERTAINTY_ASSIGNED_CONTEXT((#4547)) 
GLOBAL_UNIT_ASSIGNED_CONTEXT((#4544,#4545,#4546)) REPRESENTATION_CONTEXT
('Context #1','3D Context with UNIT and UNCERTAINTY') );
#4544 = ( LENGTH_UNIT() NAMED_UNIT(*) SI_UNIT(.MILLI.,.METRE.) );
#4545 = ( NAMED_UNIT(*) PLANE_ANGLE_UNIT() SI_UNIT($,.RADIAN.) );
#4546 = ( NAMED_UNIT(*) SI_UNIT($,.STERADIAN.) SOLID_ANGLE_UNIT() );
#4547 = UNCERTAINTY_MEASURE_WITH_UNIT(LENGTH_MEASURE(1.E-07),#4544,
  'distance_accuracy_value','confusion accuracy');
#4548 = CONTEXT_DEPENDENT_SHAPE_REPRESENTATION(#4549,#4551);
#4549 = ( REPRESENTATION_RELATIONSHIP('','',#4434,#4238) 
REPRESENTATION_RELATIONSHIP_WITH_TRANSFORMATION(#4550) 
SHAPE_REPRESENTATION_RELATIONSHIP() );
#4550 = ITEM_DEFINED_TRANSFORMATION('','',#11,#4243);
#4551 = PRODUCT_DEFINITION_SHAPE('Placement','Placement of an item',
  #4552);
#4552 = NEXT_ASSEMBLY_USAGE_OCCURRENCE('121','Leads027','',#4233,#4429,$
  );
#4553 = PRODUCT_RELATED_PRODUCT_CATEGORY('part',$,(#4431));
#4554 = SHAPE_DEFINITION_REPRESENTATION(#4555,#4561);
#4555 = PRODUCT_DEFINITION_SHAPE('','',#4556);
#4556 = PRODUCT_DEFINITION('design','',#4557,#4560);
#4557 = PRODUCT_DEFINITION_FORMATION('','',#4558);
#4558 = PRODUCT('Leads','Leads','',(#4559));
#4559 = PRODUCT_CONTEXT('',#2,'mechanical');
#4560 = PRODUCT_DEFINITION_CONTEXT('part definition',#2,'design');
#4561 = ADVANCED_BREP_SHAPE_REPRESENTATION('',(#11,#4562),#4615);
#4562 = MANIFOLD_SOLID_BREP('',#4563);
#4563 = CLOSED_SHELL('',(#4564,#4597,#4606));
#4564 = ADVANCED_FACE('',(#4565),#4592,.T.);
#4565 = FACE_BOUND('',#4566,.T.);
#4566 = EDGE_LOOP('',(#4567,#4576,#4584,#4591));
#4567 = ORIENTED_EDGE('',*,*,#4568,.F.);
#4568 = EDGE_CURVE('',#4569,#4569,#4571,.T.);
#4569 = VERTEX_POINT('',#4570);
#4570 = CARTESIAN_POINT('',(0.2555,-6.257945143643E-17,0.1));
#4571 = CIRCLE('',#4572,0.2555);
#4572 = AXIS2_PLACEMENT_3D('',#4573,#4574,#4575);
#4573 = CARTESIAN_POINT('',(0.,0.,0.1));
#4574 = DIRECTION('',(0.,0.,1.));
#4575 = DIRECTION('',(1.,0.,-0.));
#4576 = ORIENTED_EDGE('',*,*,#4577,.F.);
#4577 = EDGE_CURVE('',#4578,#4569,#4580,.T.);
#4578 = VERTEX_POINT('',#4579);
#4579 = CARTESIAN_POINT('',(0.2555,-6.257945143643E-17,-5.));
#4580 = LINE('',#4581,#4582);
#4581 = CARTESIAN_POINT('',(0.2555,-6.257945143643E-17,-5.));
#4582 = VECTOR('',#4583,1.);
#4583 = DIRECTION('',(0.,0.,1.));
#4584 = ORIENTED_EDGE('',*,*,#4585,.T.);
#4585 = EDGE_CURVE('',#4578,#4578,#4586,.T.);
#4586 = CIRCLE('',#4587,0.2555);
#4587 = AXIS2_PLACEMENT_3D('',#4588,#4589,#4590);
#4588 = CARTESIAN_POINT('',(0.,0.,-5.));
#4589 = DIRECTION('',(0.,0.,1.));
#4590 = DIRECTION('',(1.,0.,-0.));
#4591 = ORIENTED_EDGE('',*,*,#4577,.T.);
#4592 = CYLINDRICAL_SURFACE('',#4593,0.2555);
#4593 = AXIS2_PLACEMENT_3D('',#4594,#4595,#4596);
#4594 = CARTESIAN_POINT('',(0.,0.,-5.));
#4595 = DIRECTION('',(0.,0.,1.));
#4596 = DIRECTION('',(1.,0.,-0.));
#4597 = ADVANCED_FACE('',(#4598),#4601,.T.);
#4598 = FACE_BOUND('',#4599,.T.);
#4599 = EDGE_LOOP('',(#4600));
#4600 = ORIENTED_EDGE('',*,*,#4568,.T.);
#4601 = PLANE('',#4602);
#4602 = AXIS2_PLACEMENT_3D('',#4603,#4604,#4605);
#4603 = CARTESIAN_POINT('',(0.,0.,0.1));
#4604 = DIRECTION('',(0.,0.,1.));
#4605 = DIRECTION('',(1.,0.,-0.));
#4606 = ADVANCED_FACE('',(#4607),#4610,.F.);
#4607 = FACE_BOUND('',#4608,.T.);
#4608 = EDGE_LOOP('',(#4609));
#4609 = ORIENTED_EDGE('',*,*,#4585,.F.);
#4610 = PLANE('',#4611);
#4611 = AXIS2_PLACEMENT_3D('',#4612,#4613,#4614);
#4612 = CARTESIAN_POINT('',(0.,0.,-5.));
#4613 = DIRECTION('',(0.,0.,1.));
#4614 = DIRECTION('',(1.,0.,-0.));
#4615 = ( GEOMETRIC_REPRESENTATION_CONTEXT(3) 
GLOBAL_UNCERTAINTY_ASSIGNED_CONTEXT((#4619)) 
GLOBAL_UNIT_ASSIGNED_CONTEXT((#4616,#4617,#4618)) REPRESENTATION_CONTEXT
('Context #1','3D Context with UNIT and UNCERTAINTY') );
#4616 = ( LENGTH_UNIT() NAMED_UNIT(*) SI_UNIT(.MILLI.,.METRE.) );
#4617 = ( NAMED_UNIT(*) PLANE_ANGLE_UNIT() SI_UNIT($,.RADIAN.) );
#4618 = ( NAMED_UNIT(*) SI_UNIT($,.STERADIAN.) SOLID_ANGLE_UNIT() );
#4619 = UNCERTAINTY_MEASURE_WITH_UNIT(LENGTH_MEASURE(1.E-07),#4616,
  'distance_accuracy_value','confusion accuracy');
#4620 = CONTEXT_DEPENDENT_SHAPE_REPRESENTATION(#4621,#4623);
#4621 = ( REPRESENTATION_RELATIONSHIP('','',#4561,#4434) 
REPRESENTATION_RELATIONSHIP_WITH_TRANSFORMATION(#4622) 
SHAPE_REPRESENTATION_RELATIONSHIP() );
#4622 = ITEM_DEFINED_TRANSFORMATION('','',#11,#4435);
#4623 = PRODUCT_DEFINITION_SHAPE('Placement','Placement of an item',
  #4624);
#4624 = NEXT_ASSEMBLY_USAGE_OCCURRENCE('94','Leads','',#4429,#4556,$);
#4625 = PRODUCT_RELATED_PRODUCT_CATEGORY('part',$,(#4558));
#4626 = SHAPE_DEFINITION_REPRESENTATION(#4627,#4633);
#4627 = PRODUCT_DEFINITION_SHAPE('','',#4628);
#4628 = PRODUCT_DEFINITION('design','',#4629,#4632);
#4629 = PRODUCT_DEFINITION_FORMATION('','',#4630);
#4630 = PRODUCT('Leads001','Leads001','',(#4631));
#4631 = PRODUCT_CONTEXT('',#2,'mechanical');
#4632 = PRODUCT_DEFINITION_CONTEXT('part definition',#2,'design');
#4633 = ADVANCED_BREP_SHAPE_REPRESENTATION('',(#11,#4634),#4687);
#4634 = MANIFOLD_SOLID_BREP('',#4635);
#4635 = CLOSED_SHELL('',(#4636,#4669,#4678));
#4636 = ADVANCED_FACE('',(#4637),#4664,.T.);
#4637 = FACE_BOUND('',#4638,.T.);
#4638 = EDGE_LOOP('',(#4639,#4648,#4656,#4663));
#4639 = ORIENTED_EDGE('',*,*,#4640,.F.);
#4640 = EDGE_CURVE('',#4641,#4641,#4643,.T.);
#4641 = VERTEX_POINT('',#4642);
#4642 = CARTESIAN_POINT('',(2.7955,-6.257945143643E-17,0.1));
#4643 = CIRCLE('',#4644,0.2555);
#4644 = AXIS2_PLACEMENT_3D('',#4645,#4646,#4647);
#4645 = CARTESIAN_POINT('',(2.54,0.,0.1));
#4646 = DIRECTION('',(0.,0.,1.));
#4647 = DIRECTION('',(1.,0.,-0.));
#4648 = ORIENTED_EDGE('',*,*,#4649,.F.);
#4649 = EDGE_CURVE('',#4650,#4641,#4652,.T.);
#4650 = VERTEX_POINT('',#4651);
#4651 = CARTESIAN_POINT('',(2.7955,-6.257945143643E-17,-5.));
#4652 = LINE('',#4653,#4654);
#4653 = CARTESIAN_POINT('',(2.7955,-6.257945143643E-17,-5.));
#4654 = VECTOR('',#4655,1.);
#4655 = DIRECTION('',(0.,0.,1.));
#4656 = ORIENTED_EDGE('',*,*,#4657,.T.);
#4657 = EDGE_CURVE('',#4650,#4650,#4658,.T.);
#4658 = CIRCLE('',#4659,0.2555);
#4659 = AXIS2_PLACEMENT_3D('',#4660,#4661,#4662);
#4660 = CARTESIAN_POINT('',(2.54,0.,-5.));
#4661 = DIRECTION('',(0.,0.,1.));
#4662 = DIRECTION('',(1.,0.,-0.));
#4663 = ORIENTED_EDGE('',*,*,#4649,.T.);
#4664 = CYLINDRICAL_SURFACE('',#4665,0.2555);
#4665 = AXIS2_PLACEMENT_3D('',#4666,#4667,#4668);
#4666 = CARTESIAN_POINT('',(2.54,0.,-5.));
#4667 = DIRECTION('',(0.,0.,1.));
#4668 = DIRECTION('',(1.,0.,-0.));
#4669 = ADVANCED_FACE('',(#4670),#4673,.T.);
#4670 = FACE_BOUND('',#4671,.T.);
#4671 = EDGE_LOOP('',(#4672));
#4672 = ORIENTED_EDGE('',*,*,#4640,.T.);
#4673 = PLANE('',#4674);
#4674 = AXIS2_PLACEMENT_3D('',#4675,#4676,#4677);
#4675 = CARTESIAN_POINT('',(2.54,0.,0.1));
#4676 = DIRECTION('',(0.,0.,1.));
#4677 = DIRECTION('',(1.,0.,-0.));
#4678 = ADVANCED_FACE('',(#4679),#4682,.F.);
#4679 = FACE_BOUND('',#4680,.T.);
#4680 = EDGE_LOOP('',(#4681));
#4681 = ORIENTED_EDGE('',*,*,#4657,.F.);
#4682 = PLANE('',#4683);
#4683 = AXIS2_PLACEMENT_3D('',#4684,#4685,#4686);
#4684 = CARTESIAN_POINT('',(2.54,0.,-5.));
#4685 = DIRECTION('',(0.,0.,1.));
#4686 = DIRECTION('',(1.,0.,-0.));
#4687 = ( GEOMETRIC_REPRESENTATION_CONTEXT(3) 
GLOBAL_UNCERTAINTY_ASSIGNED_CONTEXT((#4691)) 
GLOBAL_UNIT_ASSIGNED_CONTEXT((#4688,#4689,#4690)) REPRESENTATION_CONTEXT
('Context #1','3D Context with UNIT and UNCERTAINTY') );
#4688 = ( LENGTH_UNIT() NAMED_UNIT(*) SI_UNIT(.MILLI.,.METRE.) );
#4689 = ( NAMED_UNIT(*) PLANE_ANGLE_UNIT() SI_UNIT($,.RADIAN.) );
#4690 = ( NAMED_UNIT(*) SI_UNIT($,.STERADIAN.) SOLID_ANGLE_UNIT() );
#4691 = UNCERTAINTY_MEASURE_WITH_UNIT(LENGTH_MEASURE(1.E-07),#4688,
  'distance_accuracy_value','confusion accuracy');
#4692 = CONTEXT_DEPENDENT_SHAPE_REPRESENTATION(#4693,#4695);
#4693 = ( REPRESENTATION_RELATIONSHIP('','',#4633,#4434) 
REPRESENTATION_RELATIONSHIP_WITH_TRANSFORMATION(#4694) 
SHAPE_REPRESENTATION_RELATIONSHIP() );
#4694 = ITEM_DEFINED_TRANSFORMATION('','',#11,#4439);
#4695 = PRODUCT_DEFINITION_SHAPE('Placement','Placement of an item',
  #4696);
#4696 = NEXT_ASSEMBLY_USAGE_OCCURRENCE('95','Leads001','',#4429,#4628,$
  );
#4697 = PRODUCT_RELATED_PRODUCT_CATEGORY('part',$,(#4630));
#4698 = SHAPE_DEFINITION_REPRESENTATION(#4699,#4705);
#4699 = PRODUCT_DEFINITION_SHAPE('','',#4700);
#4700 = PRODUCT_DEFINITION('design','',#4701,#4704);
#4701 = PRODUCT_DEFINITION_FORMATION('','',#4702);
#4702 = PRODUCT('Leads002','Leads002','',(#4703));
#4703 = PRODUCT_CONTEXT('',#2,'mechanical');
#4704 = PRODUCT_DEFINITION_CONTEXT('part definition',#2,'design');
#4705 = ADVANCED_BREP_SHAPE_REPRESENTATION('',(#11,#4706),#4759);
#4706 = MANIFOLD_SOLID_BREP('',#4707);
#4707 = CLOSED_SHELL('',(#4708,#4741,#4750));
#4708 = ADVANCED_FACE('',(#4709),#4736,.T.);
#4709 = FACE_BOUND('',#4710,.T.);
#4710 = EDGE_LOOP('',(#4711,#4720,#4728,#4735));
#4711 = ORIENTED_EDGE('',*,*,#4712,.F.);
#4712 = EDGE_CURVE('',#4713,#4713,#4715,.T.);
#4713 = VERTEX_POINT('',#4714);
#4714 = CARTESIAN_POINT('',(5.3355,-6.257945143643E-17,0.1));
#4715 = CIRCLE('',#4716,0.2555);
#4716 = AXIS2_PLACEMENT_3D('',#4717,#4718,#4719);
#4717 = CARTESIAN_POINT('',(5.08,0.,0.1));
#4718 = DIRECTION('',(0.,0.,1.));
#4719 = DIRECTION('',(1.,0.,-0.));
#4720 = ORIENTED_EDGE('',*,*,#4721,.F.);
#4721 = EDGE_CURVE('',#4722,#4713,#4724,.T.);
#4722 = VERTEX_POINT('',#4723);
#4723 = CARTESIAN_POINT('',(5.3355,-6.257945143643E-17,-5.));
#4724 = LINE('',#4725,#4726);
#4725 = CARTESIAN_POINT('',(5.3355,-6.257945143643E-17,-5.));
#4726 = VECTOR('',#4727,1.);
#4727 = DIRECTION('',(0.,0.,1.));
#4728 = ORIENTED_EDGE('',*,*,#4729,.T.);
#4729 = EDGE_CURVE('',#4722,#4722,#4730,.T.);
#4730 = CIRCLE('',#4731,0.2555);
#4731 = AXIS2_PLACEMENT_3D('',#4732,#4733,#4734);
#4732 = CARTESIAN_POINT('',(5.08,0.,-5.));
#4733 = DIRECTION('',(0.,0.,1.));
#4734 = DIRECTION('',(1.,0.,-0.));
#4735 = ORIENTED_EDGE('',*,*,#4721,.T.);
#4736 = CYLINDRICAL_SURFACE('',#4737,0.2555);
#4737 = AXIS2_PLACEMENT_3D('',#4738,#4739,#4740);
#4738 = CARTESIAN_POINT('',(5.08,0.,-5.));
#4739 = DIRECTION('',(0.,0.,1.));
#4740 = DIRECTION('',(1.,0.,-0.));
#4741 = ADVANCED_FACE('',(#4742),#4745,.T.);
#4742 = FACE_BOUND('',#4743,.T.);
#4743 = EDGE_LOOP('',(#4744));
#4744 = ORIENTED_EDGE('',*,*,#4712,.T.);
#4745 = PLANE('',#4746);
#4746 = AXIS2_PLACEMENT_3D('',#4747,#4748,#4749);
#4747 = CARTESIAN_POINT('',(5.08,0.,0.1));
#4748 = DIRECTION('',(0.,0.,1.));
#4749 = DIRECTION('',(1.,0.,-0.));
#4750 = ADVANCED_FACE('',(#4751),#4754,.F.);
#4751 = FACE_BOUND('',#4752,.T.);
#4752 = EDGE_LOOP('',(#4753));
#4753 = ORIENTED_EDGE('',*,*,#4729,.F.);
#4754 = PLANE('',#4755);
#4755 = AXIS2_PLACEMENT_3D('',#4756,#4757,#4758);
#4756 = CARTESIAN_POINT('',(5.08,0.,-5.));
#4757 = DIRECTION('',(0.,0.,1.));
#4758 = DIRECTION('',(1.,0.,-0.));
#4759 = ( GEOMETRIC_REPRESENTATION_CONTEXT(3) 
GLOBAL_UNCERTAINTY_ASSIGNED_CONTEXT((#4763)) 
GLOBAL_UNIT_ASSIGNED_CONTEXT((#4760,#4761,#4762)) REPRESENTATION_CONTEXT
('Context #1','3D Context with UNIT and UNCERTAINTY') );
#4760 = ( LENGTH_UNIT() NAMED_UNIT(*) SI_UNIT(.MILLI.,.METRE.) );
#4761 = ( NAMED_UNIT(*) PLANE_ANGLE_UNIT() SI_UNIT($,.RADIAN.) );
#4762 = ( NAMED_UNIT(*) SI_UNIT($,.STERADIAN.) SOLID_ANGLE_UNIT() );
#4763 = UNCERTAINTY_MEASURE_WITH_UNIT(LENGTH_MEASURE(1.E-07),#4760,
  'distance_accuracy_value','confusion accuracy');
#4764 = CONTEXT_DEPENDENT_SHAPE_REPRESENTATION(#4765,#4767);
#4765 = ( REPRESENTATION_RELATIONSHIP('','',#4705,#4434) 
REPRESENTATION_RELATIONSHIP_WITH_TRANSFORMATION(#4766) 
SHAPE_REPRESENTATION_RELATIONSHIP() );
#4766 = ITEM_DEFINED_TRANSFORMATION('','',#11,#4443);
#4767 = PRODUCT_DEFINITION_SHAPE('Placement','Placement of an item',
  #4768);
#4768 = NEXT_ASSEMBLY_USAGE_OCCURRENCE('96','Leads002','',#4429,#4700,$
  );
#4769 = PRODUCT_RELATED_PRODUCT_CATEGORY('part',$,(#4702));
#4770 = SHAPE_DEFINITION_REPRESENTATION(#4771,#4777);
#4771 = PRODUCT_DEFINITION_SHAPE('','',#4772);
#4772 = PRODUCT_DEFINITION('design','',#4773,#4776);
#4773 = PRODUCT_DEFINITION_FORMATION('','',#4774);
#4774 = PRODUCT('Leads003','Leads003','',(#4775));
#4775 = PRODUCT_CONTEXT('',#2,'mechanical');
#4776 = PRODUCT_DEFINITION_CONTEXT('part definition',#2,'design');
#4777 = ADVANCED_BREP_SHAPE_REPRESENTATION('',(#11,#4778),#4831);
#4778 = MANIFOLD_SOLID_BREP('',#4779);
#4779 = CLOSED_SHELL('',(#4780,#4813,#4822));
#4780 = ADVANCED_FACE('',(#4781),#4808,.T.);
#4781 = FACE_BOUND('',#4782,.T.);
#4782 = EDGE_LOOP('',(#4783,#4792,#4800,#4807));
#4783 = ORIENTED_EDGE('',*,*,#4784,.F.);
#4784 = EDGE_CURVE('',#4785,#4785,#4787,.T.);
#4785 = VERTEX_POINT('',#4786);
#4786 = CARTESIAN_POINT('',(7.8755,-6.257945143643E-17,0.1));
#4787 = CIRCLE('',#4788,0.2555);
#4788 = AXIS2_PLACEMENT_3D('',#4789,#4790,#4791);
#4789 = CARTESIAN_POINT('',(7.62,0.,0.1));
#4790 = DIRECTION('',(0.,0.,1.));
#4791 = DIRECTION('',(1.,0.,-0.));
#4792 = ORIENTED_EDGE('',*,*,#4793,.F.);
#4793 = EDGE_CURVE('',#4794,#4785,#4796,.T.);
#4794 = VERTEX_POINT('',#4795);
#4795 = CARTESIAN_POINT('',(7.8755,-6.257945143643E-17,-5.));
#4796 = LINE('',#4797,#4798);
#4797 = CARTESIAN_POINT('',(7.8755,-6.257945143643E-17,-5.));
#4798 = VECTOR('',#4799,1.);
#4799 = DIRECTION('',(0.,0.,1.));
#4800 = ORIENTED_EDGE('',*,*,#4801,.T.);
#4801 = EDGE_CURVE('',#4794,#4794,#4802,.T.);
#4802 = CIRCLE('',#4803,0.2555);
#4803 = AXIS2_PLACEMENT_3D('',#4804,#4805,#4806);
#4804 = CARTESIAN_POINT('',(7.62,0.,-5.));
#4805 = DIRECTION('',(0.,0.,1.));
#4806 = DIRECTION('',(1.,0.,-0.));
#4807 = ORIENTED_EDGE('',*,*,#4793,.T.);
#4808 = CYLINDRICAL_SURFACE('',#4809,0.2555);
#4809 = AXIS2_PLACEMENT_3D('',#4810,#4811,#4812);
#4810 = CARTESIAN_POINT('',(7.62,0.,-5.));
#4811 = DIRECTION('',(0.,0.,1.));
#4812 = DIRECTION('',(1.,0.,-0.));
#4813 = ADVANCED_FACE('',(#4814),#4817,.T.);
#4814 = FACE_BOUND('',#4815,.T.);
#4815 = EDGE_LOOP('',(#4816));
#4816 = ORIENTED_EDGE('',*,*,#4784,.T.);
#4817 = PLANE('',#4818);
#4818 = AXIS2_PLACEMENT_3D('',#4819,#4820,#4821);
#4819 = CARTESIAN_POINT('',(7.62,0.,0.1));
#4820 = DIRECTION('',(0.,0.,1.));
#4821 = DIRECTION('',(1.,0.,-0.));
#4822 = ADVANCED_FACE('',(#4823),#4826,.F.);
#4823 = FACE_BOUND('',#4824,.T.);
#4824 = EDGE_LOOP('',(#4825));
#4825 = ORIENTED_EDGE('',*,*,#4801,.F.);
#4826 = PLANE('',#4827);
#4827 = AXIS2_PLACEMENT_3D('',#4828,#4829,#4830);
#4828 = CARTESIAN_POINT('',(7.62,0.,-5.));
#4829 = DIRECTION('',(0.,0.,1.));
#4830 = DIRECTION('',(1.,0.,-0.));
#4831 = ( GEOMETRIC_REPRESENTATION_CONTEXT(3) 
GLOBAL_UNCERTAINTY_ASSIGNED_CONTEXT((#4835)) 
GLOBAL_UNIT_ASSIGNED_CONTEXT((#4832,#4833,#4834)) REPRESENTATION_CONTEXT
('Context #1','3D Context with UNIT and UNCERTAINTY') );
#4832 = ( LENGTH_UNIT() NAMED_UNIT(*) SI_UNIT(.MILLI.,.METRE.) );
#4833 = ( NAMED_UNIT(*) PLANE_ANGLE_UNIT() SI_UNIT($,.RADIAN.) );
#4834 = ( NAMED_UNIT(*) SI_UNIT($,.STERADIAN.) SOLID_ANGLE_UNIT() );
#4835 = UNCERTAINTY_MEASURE_WITH_UNIT(LENGTH_MEASURE(1.E-07),#4832,
  'distance_accuracy_value','confusion accuracy');
#4836 = CONTEXT_DEPENDENT_SHAPE_REPRESENTATION(#4837,#4839);
#4837 = ( REPRESENTATION_RELATIONSHIP('','',#4777,#4434) 
REPRESENTATION_RELATIONSHIP_WITH_TRANSFORMATION(#4838) 
SHAPE_REPRESENTATION_RELATIONSHIP() );
#4838 = ITEM_DEFINED_TRANSFORMATION('','',#11,#4447);
#4839 = PRODUCT_DEFINITION_SHAPE('Placement','Placement of an item',
  #4840);
#4840 = NEXT_ASSEMBLY_USAGE_OCCURRENCE('97','Leads003','',#4429,#4772,$
  );
#4841 = PRODUCT_RELATED_PRODUCT_CATEGORY('part',$,(#4774));
#4842 = SHAPE_DEFINITION_REPRESENTATION(#4843,#4849);
#4843 = PRODUCT_DEFINITION_SHAPE('','',#4844);
#4844 = PRODUCT_DEFINITION('design','',#4845,#4848);
#4845 = PRODUCT_DEFINITION_FORMATION('','',#4846);
#4846 = PRODUCT('Leads004','Leads004','',(#4847));
#4847 = PRODUCT_CONTEXT('',#2,'mechanical');
#4848 = PRODUCT_DEFINITION_CONTEXT('part definition',#2,'design');
#4849 = ADVANCED_BREP_SHAPE_REPRESENTATION('',(#11,#4850),#4903);
#4850 = MANIFOLD_SOLID_BREP('',#4851);
#4851 = CLOSED_SHELL('',(#4852,#4885,#4894));
#4852 = ADVANCED_FACE('',(#4853),#4880,.T.);
#4853 = FACE_BOUND('',#4854,.T.);
#4854 = EDGE_LOOP('',(#4855,#4864,#4872,#4879));
#4855 = ORIENTED_EDGE('',*,*,#4856,.F.);
#4856 = EDGE_CURVE('',#4857,#4857,#4859,.T.);
#4857 = VERTEX_POINT('',#4858);
#4858 = CARTESIAN_POINT('',(10.4155,-6.257945143643E-17,0.1));
#4859 = CIRCLE('',#4860,0.2555);
#4860 = AXIS2_PLACEMENT_3D('',#4861,#4862,#4863);
#4861 = CARTESIAN_POINT('',(10.16,0.,0.1));
#4862 = DIRECTION('',(0.,0.,1.));
#4863 = DIRECTION('',(1.,0.,-0.));
#4864 = ORIENTED_EDGE('',*,*,#4865,.F.);
#4865 = EDGE_CURVE('',#4866,#4857,#4868,.T.);
#4866 = VERTEX_POINT('',#4867);
#4867 = CARTESIAN_POINT('',(10.4155,-6.257945143643E-17,-5.));
#4868 = LINE('',#4869,#4870);
#4869 = CARTESIAN_POINT('',(10.4155,-6.257945143643E-17,-5.));
#4870 = VECTOR('',#4871,1.);
#4871 = DIRECTION('',(0.,0.,1.));
#4872 = ORIENTED_EDGE('',*,*,#4873,.T.);
#4873 = EDGE_CURVE('',#4866,#4866,#4874,.T.);
#4874 = CIRCLE('',#4875,0.2555);
#4875 = AXIS2_PLACEMENT_3D('',#4876,#4877,#4878);
#4876 = CARTESIAN_POINT('',(10.16,0.,-5.));
#4877 = DIRECTION('',(0.,0.,1.));
#4878 = DIRECTION('',(1.,0.,-0.));
#4879 = ORIENTED_EDGE('',*,*,#4865,.T.);
#4880 = CYLINDRICAL_SURFACE('',#4881,0.2555);
#4881 = AXIS2_PLACEMENT_3D('',#4882,#4883,#4884);
#4882 = CARTESIAN_POINT('',(10.16,0.,-5.));
#4883 = DIRECTION('',(0.,0.,1.));
#4884 = DIRECTION('',(1.,0.,-0.));
#4885 = ADVANCED_FACE('',(#4886),#4889,.T.);
#4886 = FACE_BOUND('',#4887,.T.);
#4887 = EDGE_LOOP('',(#4888));
#4888 = ORIENTED_EDGE('',*,*,#4856,.T.);
#4889 = PLANE('',#4890);
#4890 = AXIS2_PLACEMENT_3D('',#4891,#4892,#4893);
#4891 = CARTESIAN_POINT('',(10.16,0.,0.1));
#4892 = DIRECTION('',(0.,0.,1.));
#4893 = DIRECTION('',(1.,0.,-0.));
#4894 = ADVANCED_FACE('',(#4895),#4898,.F.);
#4895 = FACE_BOUND('',#4896,.T.);
#4896 = EDGE_LOOP('',(#4897));
#4897 = ORIENTED_EDGE('',*,*,#4873,.F.);
#4898 = PLANE('',#4899);
#4899 = AXIS2_PLACEMENT_3D('',#4900,#4901,#4902);
#4900 = CARTESIAN_POINT('',(10.16,0.,-5.));
#4901 = DIRECTION('',(0.,0.,1.));
#4902 = DIRECTION('',(1.,0.,-0.));
#4903 = ( GEOMETRIC_REPRESENTATION_CONTEXT(3) 
GLOBAL_UNCERTAINTY_ASSIGNED_CONTEXT((#4907)) 
GLOBAL_UNIT_ASSIGNED_CONTEXT((#4904,#4905,#4906)) REPRESENTATION_CONTEXT
('Context #1','3D Context with UNIT and UNCERTAINTY') );
#4904 = ( LENGTH_UNIT() NAMED_UNIT(*) SI_UNIT(.MILLI.,.METRE.) );
#4905 = ( NAMED_UNIT(*) PLANE_ANGLE_UNIT() SI_UNIT($,.RADIAN.) );
#4906 = ( NAMED_UNIT(*) SI_UNIT($,.STERADIAN.) SOLID_ANGLE_UNIT() );
#4907 = UNCERTAINTY_MEASURE_WITH_UNIT(LENGTH_MEASURE(1.E-07),#4904,
  'distance_accuracy_value','confusion accuracy');
#4908 = CONTEXT_DEPENDENT_SHAPE_REPRESENTATION(#4909,#4911);
#4909 = ( REPRESENTATION_RELATIONSHIP('','',#4849,#4434) 
REPRESENTATION_RELATIONSHIP_WITH_TRANSFORMATION(#4910) 
SHAPE_REPRESENTATION_RELATIONSHIP() );
#4910 = ITEM_DEFINED_TRANSFORMATION('','',#11,#4451);
#4911 = PRODUCT_DEFINITION_SHAPE('Placement','Placement of an item',
  #4912);
#4912 = NEXT_ASSEMBLY_USAGE_OCCURRENCE('98','Leads004','',#4429,#4844,$
  );
#4913 = PRODUCT_RELATED_PRODUCT_CATEGORY('part',$,(#4846));
#4914 = SHAPE_DEFINITION_REPRESENTATION(#4915,#4921);
#4915 = PRODUCT_DEFINITION_SHAPE('','',#4916);
#4916 = PRODUCT_DEFINITION('design','',#4917,#4920);
#4917 = PRODUCT_DEFINITION_FORMATION('','',#4918);
#4918 = PRODUCT('Leads005','Leads005','',(#4919));
#4919 = PRODUCT_CONTEXT('',#2,'mechanical');
#4920 = PRODUCT_DEFINITION_CONTEXT('part definition',#2,'design');
#4921 = ADVANCED_BREP_SHAPE_REPRESENTATION('',(#11,#4922),#4975);
#4922 = MANIFOLD_SOLID_BREP('',#4923);
#4923 = CLOSED_SHELL('',(#4924,#4957,#4966));
#4924 = ADVANCED_FACE('',(#4925),#4952,.T.);
#4925 = FACE_BOUND('',#4926,.T.);
#4926 = EDGE_LOOP('',(#4927,#4936,#4944,#4951));
#4927 = ORIENTED_EDGE('',*,*,#4928,.F.);
#4928 = EDGE_CURVE('',#4929,#4929,#4931,.T.);
#4929 = VERTEX_POINT('',#4930);
#4930 = CARTESIAN_POINT('',(12.9555,-6.257945143643E-17,0.1));
#4931 = CIRCLE('',#4932,0.2555);
#4932 = AXIS2_PLACEMENT_3D('',#4933,#4934,#4935);
#4933 = CARTESIAN_POINT('',(12.7,0.,0.1));
#4934 = DIRECTION('',(0.,0.,1.));
#4935 = DIRECTION('',(1.,0.,-0.));
#4936 = ORIENTED_EDGE('',*,*,#4937,.F.);
#4937 = EDGE_CURVE('',#4938,#4929,#4940,.T.);
#4938 = VERTEX_POINT('',#4939);
#4939 = CARTESIAN_POINT('',(12.9555,-6.257945143643E-17,-5.));
#4940 = LINE('',#4941,#4942);
#4941 = CARTESIAN_POINT('',(12.9555,-6.257945143643E-17,-5.));
#4942 = VECTOR('',#4943,1.);
#4943 = DIRECTION('',(0.,0.,1.));
#4944 = ORIENTED_EDGE('',*,*,#4945,.T.);
#4945 = EDGE_CURVE('',#4938,#4938,#4946,.T.);
#4946 = CIRCLE('',#4947,0.2555);
#4947 = AXIS2_PLACEMENT_3D('',#4948,#4949,#4950);
#4948 = CARTESIAN_POINT('',(12.7,0.,-5.));
#4949 = DIRECTION('',(0.,0.,1.));
#4950 = DIRECTION('',(1.,0.,-0.));
#4951 = ORIENTED_EDGE('',*,*,#4937,.T.);
#4952 = CYLINDRICAL_SURFACE('',#4953,0.2555);
#4953 = AXIS2_PLACEMENT_3D('',#4954,#4955,#4956);
#4954 = CARTESIAN_POINT('',(12.7,0.,-5.));
#4955 = DIRECTION('',(0.,0.,1.));
#4956 = DIRECTION('',(1.,0.,-0.));
#4957 = ADVANCED_FACE('',(#4958),#4961,.T.);
#4958 = FACE_BOUND('',#4959,.T.);
#4959 = EDGE_LOOP('',(#4960));
#4960 = ORIENTED_EDGE('',*,*,#4928,.T.);
#4961 = PLANE('',#4962);
#4962 = AXIS2_PLACEMENT_3D('',#4963,#4964,#4965);
#4963 = CARTESIAN_POINT('',(12.7,0.,0.1));
#4964 = DIRECTION('',(0.,0.,1.));
#4965 = DIRECTION('',(1.,0.,-0.));
#4966 = ADVANCED_FACE('',(#4967),#4970,.F.);
#4967 = FACE_BOUND('',#4968,.T.);
#4968 = EDGE_LOOP('',(#4969));
#4969 = ORIENTED_EDGE('',*,*,#4945,.F.);
#4970 = PLANE('',#4971);
#4971 = AXIS2_PLACEMENT_3D('',#4972,#4973,#4974);
#4972 = CARTESIAN_POINT('',(12.7,0.,-5.));
#4973 = DIRECTION('',(0.,0.,1.));
#4974 = DIRECTION('',(1.,0.,-0.));
#4975 = ( GEOMETRIC_REPRESENTATION_CONTEXT(3) 
GLOBAL_UNCERTAINTY_ASSIGNED_CONTEXT((#4979)) 
GLOBAL_UNIT_ASSIGNED_CONTEXT((#4976,#4977,#4978)) REPRESENTATION_CONTEXT
('Context #1','3D Context with UNIT and UNCERTAINTY') );
#4976 = ( LENGTH_UNIT() NAMED_UNIT(*) SI_UNIT(.MILLI.,.METRE.) );
#4977 = ( NAMED_UNIT(*) PLANE_ANGLE_UNIT() SI_UNIT($,.RADIAN.) );
#4978 = ( NAMED_UNIT(*) SI_UNIT($,.STERADIAN.) SOLID_ANGLE_UNIT() );
#4979 = UNCERTAINTY_MEASURE_WITH_UNIT(LENGTH_MEASURE(1.E-07),#4976,
  'distance_accuracy_value','confusion accuracy');
#4980 = CONTEXT_DEPENDENT_SHAPE_REPRESENTATION(#4981,#4983);
#4981 = ( REPRESENTATION_RELATIONSHIP('','',#4921,#4434) 
REPRESENTATION_RELATIONSHIP_WITH_TRANSFORMATION(#4982) 
SHAPE_REPRESENTATION_RELATIONSHIP() );
#4982 = ITEM_DEFINED_TRANSFORMATION('','',#11,#4455);
#4983 = PRODUCT_DEFINITION_SHAPE('Placement','Placement of an item',
  #4984);
#4984 = NEXT_ASSEMBLY_USAGE_OCCURRENCE('99','Leads005','',#4429,#4916,$
  );
#4985 = PRODUCT_RELATED_PRODUCT_CATEGORY('part',$,(#4918));
#4986 = SHAPE_DEFINITION_REPRESENTATION(#4987,#4993);
#4987 = PRODUCT_DEFINITION_SHAPE('','',#4988);
#4988 = PRODUCT_DEFINITION('design','',#4989,#4992);
#4989 = PRODUCT_DEFINITION_FORMATION('','',#4990);
#4990 = PRODUCT('Leads006','Leads006','',(#4991));
#4991 = PRODUCT_CONTEXT('',#2,'mechanical');
#4992 = PRODUCT_DEFINITION_CONTEXT('part definition',#2,'design');
#4993 = ADVANCED_BREP_SHAPE_REPRESENTATION('',(#11,#4994),#5047);
#4994 = MANIFOLD_SOLID_BREP('',#4995);
#4995 = CLOSED_SHELL('',(#4996,#5029,#5038));
#4996 = ADVANCED_FACE('',(#4997),#5024,.T.);
#4997 = FACE_BOUND('',#4998,.T.);
#4998 = EDGE_LOOP('',(#4999,#5008,#5016,#5023));
#4999 = ORIENTED_EDGE('',*,*,#5000,.F.);
#5000 = EDGE_CURVE('',#5001,#5001,#5003,.T.);
#5001 = VERTEX_POINT('',#5002);
#5002 = CARTESIAN_POINT('',(15.4955,-6.257945143643E-17,0.1));
#5003 = CIRCLE('',#5004,0.2555);
#5004 = AXIS2_PLACEMENT_3D('',#5005,#5006,#5007);
#5005 = CARTESIAN_POINT('',(15.24,0.,0.1));
#5006 = DIRECTION('',(0.,0.,1.));
#5007 = DIRECTION('',(1.,0.,-0.));
#5008 = ORIENTED_EDGE('',*,*,#5009,.F.);
#5009 = EDGE_CURVE('',#5010,#5001,#5012,.T.);
#5010 = VERTEX_POINT('',#5011);
#5011 = CARTESIAN_POINT('',(15.4955,-6.257945143643E-17,-5.));
#5012 = LINE('',#5013,#5014);
#5013 = CARTESIAN_POINT('',(15.4955,-6.257945143643E-17,-5.));
#5014 = VECTOR('',#5015,1.);
#5015 = DIRECTION('',(0.,0.,1.));
#5016 = ORIENTED_EDGE('',*,*,#5017,.T.);
#5017 = EDGE_CURVE('',#5010,#5010,#5018,.T.);
#5018 = CIRCLE('',#5019,0.2555);
#5019 = AXIS2_PLACEMENT_3D('',#5020,#5021,#5022);
#5020 = CARTESIAN_POINT('',(15.24,0.,-5.));
#5021 = DIRECTION('',(0.,0.,1.));
#5022 = DIRECTION('',(1.,0.,-0.));
#5023 = ORIENTED_EDGE('',*,*,#5009,.T.);
#5024 = CYLINDRICAL_SURFACE('',#5025,0.2555);
#5025 = AXIS2_PLACEMENT_3D('',#5026,#5027,#5028);
#5026 = CARTESIAN_POINT('',(15.24,0.,-5.));
#5027 = DIRECTION('',(0.,0.,1.));
#5028 = DIRECTION('',(1.,0.,-0.));
#5029 = ADVANCED_FACE('',(#5030),#5033,.T.);
#5030 = FACE_BOUND('',#5031,.T.);
#5031 = EDGE_LOOP('',(#5032));
#5032 = ORIENTED_EDGE('',*,*,#5000,.T.);
#5033 = PLANE('',#5034);
#5034 = AXIS2_PLACEMENT_3D('',#5035,#5036,#5037);
#5035 = CARTESIAN_POINT('',(15.24,0.,0.1));
#5036 = DIRECTION('',(0.,0.,1.));
#5037 = DIRECTION('',(1.,0.,-0.));
#5038 = ADVANCED_FACE('',(#5039),#5042,.F.);
#5039 = FACE_BOUND('',#5040,.T.);
#5040 = EDGE_LOOP('',(#5041));
#5041 = ORIENTED_EDGE('',*,*,#5017,.F.);
#5042 = PLANE('',#5043);
#5043 = AXIS2_PLACEMENT_3D('',#5044,#5045,#5046);
#5044 = CARTESIAN_POINT('',(15.24,0.,-5.));
#5045 = DIRECTION('',(0.,0.,1.));
#5046 = DIRECTION('',(1.,0.,-0.));
#5047 = ( GEOMETRIC_REPRESENTATION_CONTEXT(3) 
GLOBAL_UNCERTAINTY_ASSIGNED_CONTEXT((#5051)) 
GLOBAL_UNIT_ASSIGNED_CONTEXT((#5048,#5049,#5050)) REPRESENTATION_CONTEXT
('Context #1','3D Context with UNIT and UNCERTAINTY') );
#5048 = ( LENGTH_UNIT() NAMED_UNIT(*) SI_UNIT(.MILLI.,.METRE.) );
#5049 = ( NAMED_UNIT(*) PLANE_ANGLE_UNIT() SI_UNIT($,.RADIAN.) );
#5050 = ( NAMED_UNIT(*) SI_UNIT($,.STERADIAN.) SOLID_ANGLE_UNIT() );
#5051 = UNCERTAINTY_MEASURE_WITH_UNIT(LENGTH_MEASURE(1.E-07),#5048,
  'distance_accuracy_value','confusion accuracy');
#5052 = CONTEXT_DEPENDENT_SHAPE_REPRESENTATION(#5053,#5055);
#5053 = ( REPRESENTATION_RELATIONSHIP('','',#4993,#4434) 
REPRESENTATION_RELATIONSHIP_WITH_TRANSFORMATION(#5054) 
SHAPE_REPRESENTATION_RELATIONSHIP() );
#5054 = ITEM_DEFINED_TRANSFORMATION('','',#11,#4459);
#5055 = PRODUCT_DEFINITION_SHAPE('Placement','Placement of an item',
  #5056);
#5056 = NEXT_ASSEMBLY_USAGE_OCCURRENCE('100','Leads006','',#4429,#4988,$
  );
#5057 = PRODUCT_RELATED_PRODUCT_CATEGORY('part',$,(#4990));
#5058 = SHAPE_DEFINITION_REPRESENTATION(#5059,#5065);
#5059 = PRODUCT_DEFINITION_SHAPE('','',#5060);
#5060 = PRODUCT_DEFINITION('design','',#5061,#5064);
#5061 = PRODUCT_DEFINITION_FORMATION('','',#5062);
#5062 = PRODUCT('Leads007','Leads007','',(#5063));
#5063 = PRODUCT_CONTEXT('',#2,'mechanical');
#5064 = PRODUCT_DEFINITION_CONTEXT('part definition',#2,'design');
#5065 = ADVANCED_BREP_SHAPE_REPRESENTATION('',(#11,#5066),#5119);
#5066 = MANIFOLD_SOLID_BREP('',#5067);
#5067 = CLOSED_SHELL('',(#5068,#5101,#5110));
#5068 = ADVANCED_FACE('',(#5069),#5096,.T.);
#5069 = FACE_BOUND('',#5070,.T.);
#5070 = EDGE_LOOP('',(#5071,#5080,#5088,#5095));
#5071 = ORIENTED_EDGE('',*,*,#5072,.F.);
#5072 = EDGE_CURVE('',#5073,#5073,#5075,.T.);
#5073 = VERTEX_POINT('',#5074);
#5074 = CARTESIAN_POINT('',(18.0355,-6.257945143643E-17,0.1));
#5075 = CIRCLE('',#5076,0.2555);
#5076 = AXIS2_PLACEMENT_3D('',#5077,#5078,#5079);
#5077 = CARTESIAN_POINT('',(17.78,0.,0.1));
#5078 = DIRECTION('',(0.,0.,1.));
#5079 = DIRECTION('',(1.,0.,-0.));
#5080 = ORIENTED_EDGE('',*,*,#5081,.F.);
#5081 = EDGE_CURVE('',#5082,#5073,#5084,.T.);
#5082 = VERTEX_POINT('',#5083);
#5083 = CARTESIAN_POINT('',(18.0355,-6.257945143643E-17,-5.));
#5084 = LINE('',#5085,#5086);
#5085 = CARTESIAN_POINT('',(18.0355,-6.257945143643E-17,-5.));
#5086 = VECTOR('',#5087,1.);
#5087 = DIRECTION('',(0.,0.,1.));
#5088 = ORIENTED_EDGE('',*,*,#5089,.T.);
#5089 = EDGE_CURVE('',#5082,#5082,#5090,.T.);
#5090 = CIRCLE('',#5091,0.2555);
#5091 = AXIS2_PLACEMENT_3D('',#5092,#5093,#5094);
#5092 = CARTESIAN_POINT('',(17.78,0.,-5.));
#5093 = DIRECTION('',(0.,0.,1.));
#5094 = DIRECTION('',(1.,0.,-0.));
#5095 = ORIENTED_EDGE('',*,*,#5081,.T.);
#5096 = CYLINDRICAL_SURFACE('',#5097,0.2555);
#5097 = AXIS2_PLACEMENT_3D('',#5098,#5099,#5100);
#5098 = CARTESIAN_POINT('',(17.78,0.,-5.));
#5099 = DIRECTION('',(0.,0.,1.));
#5100 = DIRECTION('',(1.,0.,-0.));
#5101 = ADVANCED_FACE('',(#5102),#5105,.T.);
#5102 = FACE_BOUND('',#5103,.T.);
#5103 = EDGE_LOOP('',(#5104));
#5104 = ORIENTED_EDGE('',*,*,#5072,.T.);
#5105 = PLANE('',#5106);
#5106 = AXIS2_PLACEMENT_3D('',#5107,#5108,#5109);
#5107 = CARTESIAN_POINT('',(17.78,0.,0.1));
#5108 = DIRECTION('',(0.,0.,1.));
#5109 = DIRECTION('',(1.,0.,-0.));
#5110 = ADVANCED_FACE('',(#5111),#5114,.F.);
#5111 = FACE_BOUND('',#5112,.T.);
#5112 = EDGE_LOOP('',(#5113));
#5113 = ORIENTED_EDGE('',*,*,#5089,.F.);
#5114 = PLANE('',#5115);
#5115 = AXIS2_PLACEMENT_3D('',#5116,#5117,#5118);
#5116 = CARTESIAN_POINT('',(17.78,0.,-5.));
#5117 = DIRECTION('',(0.,0.,1.));
#5118 = DIRECTION('',(1.,0.,-0.));
#5119 = ( GEOMETRIC_REPRESENTATION_CONTEXT(3) 
GLOBAL_UNCERTAINTY_ASSIGNED_CONTEXT((#5123)) 
GLOBAL_UNIT_ASSIGNED_CONTEXT((#5120,#5121,#5122)) REPRESENTATION_CONTEXT
('Context #1','3D Context with UNIT and UNCERTAINTY') );
#5120 = ( LENGTH_UNIT() NAMED_UNIT(*) SI_UNIT(.MILLI.,.METRE.) );
#5121 = ( NAMED_UNIT(*) PLANE_ANGLE_UNIT() SI_UNIT($,.RADIAN.) );
#5122 = ( NAMED_UNIT(*) SI_UNIT($,.STERADIAN.) SOLID_ANGLE_UNIT() );
#5123 = UNCERTAINTY_MEASURE_WITH_UNIT(LENGTH_MEASURE(1.E-07),#5120,
  'distance_accuracy_value','confusion accuracy');
#5124 = CONTEXT_DEPENDENT_SHAPE_REPRESENTATION(#5125,#5127);
#5125 = ( REPRESENTATION_RELATIONSHIP('','',#5065,#4434) 
REPRESENTATION_RELATIONSHIP_WITH_TRANSFORMATION(#5126) 
SHAPE_REPRESENTATION_RELATIONSHIP() );
#5126 = ITEM_DEFINED_TRANSFORMATION('','',#11,#4463);
#5127 = PRODUCT_DEFINITION_SHAPE('Placement','Placement of an item',
  #5128);
#5128 = NEXT_ASSEMBLY_USAGE_OCCURRENCE('101','Leads007','',#4429,#5060,$
  );
#5129 = PRODUCT_RELATED_PRODUCT_CATEGORY('part',$,(#5062));
#5130 = SHAPE_DEFINITION_REPRESENTATION(#5131,#5137);
#5131 = PRODUCT_DEFINITION_SHAPE('','',#5132);
#5132 = PRODUCT_DEFINITION('design','',#5133,#5136);
#5133 = PRODUCT_DEFINITION_FORMATION('','',#5134);
#5134 = PRODUCT('Leads008','Leads008','',(#5135));
#5135 = PRODUCT_CONTEXT('',#2,'mechanical');
#5136 = PRODUCT_DEFINITION_CONTEXT('part definition',#2,'design');
#5137 = ADVANCED_BREP_SHAPE_REPRESENTATION('',(#11,#5138),#5191);
#5138 = MANIFOLD_SOLID_BREP('',#5139);
#5139 = CLOSED_SHELL('',(#5140,#5173,#5182));
#5140 = ADVANCED_FACE('',(#5141),#5168,.T.);
#5141 = FACE_BOUND('',#5142,.T.);
#5142 = EDGE_LOOP('',(#5143,#5152,#5160,#5167));
#5143 = ORIENTED_EDGE('',*,*,#5144,.F.);
#5144 = EDGE_CURVE('',#5145,#5145,#5147,.T.);
#5145 = VERTEX_POINT('',#5146);
#5146 = CARTESIAN_POINT('',(20.5755,-6.257945143643E-17,0.1));
#5147 = CIRCLE('',#5148,0.2555);
#5148 = AXIS2_PLACEMENT_3D('',#5149,#5150,#5151);
#5149 = CARTESIAN_POINT('',(20.32,0.,0.1));
#5150 = DIRECTION('',(0.,0.,1.));
#5151 = DIRECTION('',(1.,0.,-0.));
#5152 = ORIENTED_EDGE('',*,*,#5153,.F.);
#5153 = EDGE_CURVE('',#5154,#5145,#5156,.T.);
#5154 = VERTEX_POINT('',#5155);
#5155 = CARTESIAN_POINT('',(20.5755,-6.257945143643E-17,-5.));
#5156 = LINE('',#5157,#5158);
#5157 = CARTESIAN_POINT('',(20.5755,-6.257945143643E-17,-5.));
#5158 = VECTOR('',#5159,1.);
#5159 = DIRECTION('',(0.,0.,1.));
#5160 = ORIENTED_EDGE('',*,*,#5161,.T.);
#5161 = EDGE_CURVE('',#5154,#5154,#5162,.T.);
#5162 = CIRCLE('',#5163,0.2555);
#5163 = AXIS2_PLACEMENT_3D('',#5164,#5165,#5166);
#5164 = CARTESIAN_POINT('',(20.32,0.,-5.));
#5165 = DIRECTION('',(0.,0.,1.));
#5166 = DIRECTION('',(1.,0.,-0.));
#5167 = ORIENTED_EDGE('',*,*,#5153,.T.);
#5168 = CYLINDRICAL_SURFACE('',#5169,0.2555);
#5169 = AXIS2_PLACEMENT_3D('',#5170,#5171,#5172);
#5170 = CARTESIAN_POINT('',(20.32,0.,-5.));
#5171 = DIRECTION('',(0.,0.,1.));
#5172 = DIRECTION('',(1.,0.,-0.));
#5173 = ADVANCED_FACE('',(#5174),#5177,.T.);
#5174 = FACE_BOUND('',#5175,.T.);
#5175 = EDGE_LOOP('',(#5176));
#5176 = ORIENTED_EDGE('',*,*,#5144,.T.);
#5177 = PLANE('',#5178);
#5178 = AXIS2_PLACEMENT_3D('',#5179,#5180,#5181);
#5179 = CARTESIAN_POINT('',(20.32,0.,0.1));
#5180 = DIRECTION('',(0.,0.,1.));
#5181 = DIRECTION('',(1.,0.,-0.));
#5182 = ADVANCED_FACE('',(#5183),#5186,.F.);
#5183 = FACE_BOUND('',#5184,.T.);
#5184 = EDGE_LOOP('',(#5185));
#5185 = ORIENTED_EDGE('',*,*,#5161,.F.);
#5186 = PLANE('',#5187);
#5187 = AXIS2_PLACEMENT_3D('',#5188,#5189,#5190);
#5188 = CARTESIAN_POINT('',(20.32,0.,-5.));
#5189 = DIRECTION('',(0.,0.,1.));
#5190 = DIRECTION('',(1.,0.,-0.));
#5191 = ( GEOMETRIC_REPRESENTATION_CONTEXT(3) 
GLOBAL_UNCERTAINTY_ASSIGNED_CONTEXT((#5195)) 
GLOBAL_UNIT_ASSIGNED_CONTEXT((#5192,#5193,#5194)) REPRESENTATION_CONTEXT
('Context #1','3D Context with UNIT and UNCERTAINTY') );
#5192 = ( LENGTH_UNIT() NAMED_UNIT(*) SI_UNIT(.MILLI.,.METRE.) );
#5193 = ( NAMED_UNIT(*) PLANE_ANGLE_UNIT() SI_UNIT($,.RADIAN.) );
#5194 = ( NAMED_UNIT(*) SI_UNIT($,.STERADIAN.) SOLID_ANGLE_UNIT() );
#5195 = UNCERTAINTY_MEASURE_WITH_UNIT(LENGTH_MEASURE(1.E-07),#5192,
  'distance_accuracy_value','confusion accuracy');
#5196 = CONTEXT_DEPENDENT_SHAPE_REPRESENTATION(#5197,#5199);
#5197 = ( REPRESENTATION_RELATIONSHIP('','',#5137,#4434) 
REPRESENTATION_RELATIONSHIP_WITH_TRANSFORMATION(#5198) 
SHAPE_REPRESENTATION_RELATIONSHIP() );
#5198 = ITEM_DEFINED_TRANSFORMATION('','',#11,#4467);
#5199 = PRODUCT_DEFINITION_SHAPE('Placement','Placement of an item',
  #5200);
#5200 = NEXT_ASSEMBLY_USAGE_OCCURRENCE('102','Leads008','',#4429,#5132,$
  );
#5201 = PRODUCT_RELATED_PRODUCT_CATEGORY('part',$,(#5134));
#5202 = SHAPE_DEFINITION_REPRESENTATION(#5203,#5209);
#5203 = PRODUCT_DEFINITION_SHAPE('','',#5204);
#5204 = PRODUCT_DEFINITION('design','',#5205,#5208);
#5205 = PRODUCT_DEFINITION_FORMATION('','',#5206);
#5206 = PRODUCT('Leads009','Leads009','',(#5207));
#5207 = PRODUCT_CONTEXT('',#2,'mechanical');
#5208 = PRODUCT_DEFINITION_CONTEXT('part definition',#2,'design');
#5209 = ADVANCED_BREP_SHAPE_REPRESENTATION('',(#11,#5210),#5263);
#5210 = MANIFOLD_SOLID_BREP('',#5211);
#5211 = CLOSED_SHELL('',(#5212,#5245,#5254));
#5212 = ADVANCED_FACE('',(#5213),#5240,.T.);
#5213 = FACE_BOUND('',#5214,.T.);
#5214 = EDGE_LOOP('',(#5215,#5224,#5232,#5239));
#5215 = ORIENTED_EDGE('',*,*,#5216,.F.);
#5216 = EDGE_CURVE('',#5217,#5217,#5219,.T.);
#5217 = VERTEX_POINT('',#5218);
#5218 = CARTESIAN_POINT('',(23.1155,-6.257945143643E-17,0.1));
#5219 = CIRCLE('',#5220,0.2555);
#5220 = AXIS2_PLACEMENT_3D('',#5221,#5222,#5223);
#5221 = CARTESIAN_POINT('',(22.86,0.,0.1));
#5222 = DIRECTION('',(0.,0.,1.));
#5223 = DIRECTION('',(1.,0.,-0.));
#5224 = ORIENTED_EDGE('',*,*,#5225,.F.);
#5225 = EDGE_CURVE('',#5226,#5217,#5228,.T.);
#5226 = VERTEX_POINT('',#5227);
#5227 = CARTESIAN_POINT('',(23.1155,-6.257945143643E-17,-5.));
#5228 = LINE('',#5229,#5230);
#5229 = CARTESIAN_POINT('',(23.1155,-6.257945143643E-17,-5.));
#5230 = VECTOR('',#5231,1.);
#5231 = DIRECTION('',(0.,0.,1.));
#5232 = ORIENTED_EDGE('',*,*,#5233,.T.);
#5233 = EDGE_CURVE('',#5226,#5226,#5234,.T.);
#5234 = CIRCLE('',#5235,0.2555);
#5235 = AXIS2_PLACEMENT_3D('',#5236,#5237,#5238);
#5236 = CARTESIAN_POINT('',(22.86,0.,-5.));
#5237 = DIRECTION('',(0.,0.,1.));
#5238 = DIRECTION('',(1.,0.,-0.));
#5239 = ORIENTED_EDGE('',*,*,#5225,.T.);
#5240 = CYLINDRICAL_SURFACE('',#5241,0.2555);
#5241 = AXIS2_PLACEMENT_3D('',#5242,#5243,#5244);
#5242 = CARTESIAN_POINT('',(22.86,0.,-5.));
#5243 = DIRECTION('',(0.,0.,1.));
#5244 = DIRECTION('',(1.,0.,-0.));
#5245 = ADVANCED_FACE('',(#5246),#5249,.T.);
#5246 = FACE_BOUND('',#5247,.T.);
#5247 = EDGE_LOOP('',(#5248));
#5248 = ORIENTED_EDGE('',*,*,#5216,.T.);
#5249 = PLANE('',#5250);
#5250 = AXIS2_PLACEMENT_3D('',#5251,#5252,#5253);
#5251 = CARTESIAN_POINT('',(22.86,0.,0.1));
#5252 = DIRECTION('',(0.,0.,1.));
#5253 = DIRECTION('',(1.,0.,-0.));
#5254 = ADVANCED_FACE('',(#5255),#5258,.F.);
#5255 = FACE_BOUND('',#5256,.T.);
#5256 = EDGE_LOOP('',(#5257));
#5257 = ORIENTED_EDGE('',*,*,#5233,.F.);
#5258 = PLANE('',#5259);
#5259 = AXIS2_PLACEMENT_3D('',#5260,#5261,#5262);
#5260 = CARTESIAN_POINT('',(22.86,0.,-5.));
#5261 = DIRECTION('',(0.,0.,1.));
#5262 = DIRECTION('',(1.,0.,-0.));
#5263 = ( GEOMETRIC_REPRESENTATION_CONTEXT(3) 
GLOBAL_UNCERTAINTY_ASSIGNED_CONTEXT((#5267)) 
GLOBAL_UNIT_ASSIGNED_CONTEXT((#5264,#5265,#5266)) REPRESENTATION_CONTEXT
('Context #1','3D Context with UNIT and UNCERTAINTY') );
#5264 = ( LENGTH_UNIT() NAMED_UNIT(*) SI_UNIT(.MILLI.,.METRE.) );
#5265 = ( NAMED_UNIT(*) PLANE_ANGLE_UNIT() SI_UNIT($,.RADIAN.) );
#5266 = ( NAMED_UNIT(*) SI_UNIT($,.STERADIAN.) SOLID_ANGLE_UNIT() );
#5267 = UNCERTAINTY_MEASURE_WITH_UNIT(LENGTH_MEASURE(1.E-07),#5264,
  'distance_accuracy_value','confusion accuracy');
#5268 = CONTEXT_DEPENDENT_SHAPE_REPRESENTATION(#5269,#5271);
#5269 = ( REPRESENTATION_RELATIONSHIP('','',#5209,#4434) 
REPRESENTATION_RELATIONSHIP_WITH_TRANSFORMATION(#5270) 
SHAPE_REPRESENTATION_RELATIONSHIP() );
#5270 = ITEM_DEFINED_TRANSFORMATION('','',#11,#4471);
#5271 = PRODUCT_DEFINITION_SHAPE('Placement','Placement of an item',
  #5272);
#5272 = NEXT_ASSEMBLY_USAGE_OCCURRENCE('103','Leads009','',#4429,#5204,$
  );
#5273 = PRODUCT_RELATED_PRODUCT_CATEGORY('part',$,(#5206));
#5274 = SHAPE_DEFINITION_REPRESENTATION(#5275,#5281);
#5275 = PRODUCT_DEFINITION_SHAPE('','',#5276);
#5276 = PRODUCT_DEFINITION('design','',#5277,#5280);
#5277 = PRODUCT_DEFINITION_FORMATION('','',#5278);
#5278 = PRODUCT('Leads010','Leads010','',(#5279));
#5279 = PRODUCT_CONTEXT('',#2,'mechanical');
#5280 = PRODUCT_DEFINITION_CONTEXT('part definition',#2,'design');
#5281 = ADVANCED_BREP_SHAPE_REPRESENTATION('',(#11,#5282),#5335);
#5282 = MANIFOLD_SOLID_BREP('',#5283);
#5283 = CLOSED_SHELL('',(#5284,#5317,#5326));
#5284 = ADVANCED_FACE('',(#5285),#5312,.T.);
#5285 = FACE_BOUND('',#5286,.T.);
#5286 = EDGE_LOOP('',(#5287,#5296,#5304,#5311));
#5287 = ORIENTED_EDGE('',*,*,#5288,.F.);
#5288 = EDGE_CURVE('',#5289,#5289,#5291,.T.);
#5289 = VERTEX_POINT('',#5290);
#5290 = CARTESIAN_POINT('',(25.6555,-6.257945143643E-17,0.1));
#5291 = CIRCLE('',#5292,0.2555);
#5292 = AXIS2_PLACEMENT_3D('',#5293,#5294,#5295);
#5293 = CARTESIAN_POINT('',(25.4,0.,0.1));
#5294 = DIRECTION('',(0.,0.,1.));
#5295 = DIRECTION('',(1.,0.,-0.));
#5296 = ORIENTED_EDGE('',*,*,#5297,.F.);
#5297 = EDGE_CURVE('',#5298,#5289,#5300,.T.);
#5298 = VERTEX_POINT('',#5299);
#5299 = CARTESIAN_POINT('',(25.6555,-6.257945143643E-17,-5.));
#5300 = LINE('',#5301,#5302);
#5301 = CARTESIAN_POINT('',(25.6555,-6.257945143643E-17,-5.));
#5302 = VECTOR('',#5303,1.);
#5303 = DIRECTION('',(0.,0.,1.));
#5304 = ORIENTED_EDGE('',*,*,#5305,.T.);
#5305 = EDGE_CURVE('',#5298,#5298,#5306,.T.);
#5306 = CIRCLE('',#5307,0.2555);
#5307 = AXIS2_PLACEMENT_3D('',#5308,#5309,#5310);
#5308 = CARTESIAN_POINT('',(25.4,0.,-5.));
#5309 = DIRECTION('',(0.,0.,1.));
#5310 = DIRECTION('',(1.,0.,-0.));
#5311 = ORIENTED_EDGE('',*,*,#5297,.T.);
#5312 = CYLINDRICAL_SURFACE('',#5313,0.2555);
#5313 = AXIS2_PLACEMENT_3D('',#5314,#5315,#5316);
#5314 = CARTESIAN_POINT('',(25.4,0.,-5.));
#5315 = DIRECTION('',(0.,0.,1.));
#5316 = DIRECTION('',(1.,0.,-0.));
#5317 = ADVANCED_FACE('',(#5318),#5321,.T.);
#5318 = FACE_BOUND('',#5319,.T.);
#5319 = EDGE_LOOP('',(#5320));
#5320 = ORIENTED_EDGE('',*,*,#5288,.T.);
#5321 = PLANE('',#5322);
#5322 = AXIS2_PLACEMENT_3D('',#5323,#5324,#5325);
#5323 = CARTESIAN_POINT('',(25.4,0.,0.1));
#5324 = DIRECTION('',(0.,0.,1.));
#5325 = DIRECTION('',(1.,0.,-0.));
#5326 = ADVANCED_FACE('',(#5327),#5330,.F.);
#5327 = FACE_BOUND('',#5328,.T.);
#5328 = EDGE_LOOP('',(#5329));
#5329 = ORIENTED_EDGE('',*,*,#5305,.F.);
#5330 = PLANE('',#5331);
#5331 = AXIS2_PLACEMENT_3D('',#5332,#5333,#5334);
#5332 = CARTESIAN_POINT('',(25.4,0.,-5.));
#5333 = DIRECTION('',(0.,0.,1.));
#5334 = DIRECTION('',(1.,0.,-0.));
#5335 = ( GEOMETRIC_REPRESENTATION_CONTEXT(3) 
GLOBAL_UNCERTAINTY_ASSIGNED_CONTEXT((#5339)) 
GLOBAL_UNIT_ASSIGNED_CONTEXT((#5336,#5337,#5338)) REPRESENTATION_CONTEXT
('Context #1','3D Context with UNIT and UNCERTAINTY') );
#5336 = ( LENGTH_UNIT() NAMED_UNIT(*) SI_UNIT(.MILLI.,.METRE.) );
#5337 = ( NAMED_UNIT(*) PLANE_ANGLE_UNIT() SI_UNIT($,.RADIAN.) );
#5338 = ( NAMED_UNIT(*) SI_UNIT($,.STERADIAN.) SOLID_ANGLE_UNIT() );
#5339 = UNCERTAINTY_MEASURE_WITH_UNIT(LENGTH_MEASURE(1.E-07),#5336,
  'distance_accuracy_value','confusion accuracy');
#5340 = CONTEXT_DEPENDENT_SHAPE_REPRESENTATION(#5341,#5343);
#5341 = ( REPRESENTATION_RELATIONSHIP('','',#5281,#4434) 
REPRESENTATION_RELATIONSHIP_WITH_TRANSFORMATION(#5342) 
SHAPE_REPRESENTATION_RELATIONSHIP() );
#5342 = ITEM_DEFINED_TRANSFORMATION('','',#11,#4475);
#5343 = PRODUCT_DEFINITION_SHAPE('Placement','Placement of an item',
  #5344);
#5344 = NEXT_ASSEMBLY_USAGE_OCCURRENCE('104','Leads010','',#4429,#5276,$
  );
#5345 = PRODUCT_RELATED_PRODUCT_CATEGORY('part',$,(#5278));
#5346 = SHAPE_DEFINITION_REPRESENTATION(#5347,#5353);
#5347 = PRODUCT_DEFINITION_SHAPE('','',#5348);
#5348 = PRODUCT_DEFINITION('design','',#5349,#5352);
#5349 = PRODUCT_DEFINITION_FORMATION('','',#5350);
#5350 = PRODUCT('Leads011','Leads011','',(#5351));
#5351 = PRODUCT_CONTEXT('',#2,'mechanical');
#5352 = PRODUCT_DEFINITION_CONTEXT('part definition',#2,'design');
#5353 = ADVANCED_BREP_SHAPE_REPRESENTATION('',(#11,#5354),#5407);
#5354 = MANIFOLD_SOLID_BREP('',#5355);
#5355 = CLOSED_SHELL('',(#5356,#5389,#5398));
#5356 = ADVANCED_FACE('',(#5357),#5384,.T.);
#5357 = FACE_BOUND('',#5358,.T.);
#5358 = EDGE_LOOP('',(#5359,#5368,#5376,#5383));
#5359 = ORIENTED_EDGE('',*,*,#5360,.F.);
#5360 = EDGE_CURVE('',#5361,#5361,#5363,.T.);
#5361 = VERTEX_POINT('',#5362);
#5362 = CARTESIAN_POINT('',(28.1955,-6.257945143643E-17,0.1));
#5363 = CIRCLE('',#5364,0.2555);
#5364 = AXIS2_PLACEMENT_3D('',#5365,#5366,#5367);
#5365 = CARTESIAN_POINT('',(27.94,0.,0.1));
#5366 = DIRECTION('',(0.,0.,1.));
#5367 = DIRECTION('',(1.,0.,-0.));
#5368 = ORIENTED_EDGE('',*,*,#5369,.F.);
#5369 = EDGE_CURVE('',#5370,#5361,#5372,.T.);
#5370 = VERTEX_POINT('',#5371);
#5371 = CARTESIAN_POINT('',(28.1955,-6.257945143643E-17,-5.));
#5372 = LINE('',#5373,#5374);
#5373 = CARTESIAN_POINT('',(28.1955,-6.257945143643E-17,-5.));
#5374 = VECTOR('',#5375,1.);
#5375 = DIRECTION('',(0.,0.,1.));
#5376 = ORIENTED_EDGE('',*,*,#5377,.T.);
#5377 = EDGE_CURVE('',#5370,#5370,#5378,.T.);
#5378 = CIRCLE('',#5379,0.2555);
#5379 = AXIS2_PLACEMENT_3D('',#5380,#5381,#5382);
#5380 = CARTESIAN_POINT('',(27.94,0.,-5.));
#5381 = DIRECTION('',(0.,0.,1.));
#5382 = DIRECTION('',(1.,0.,-0.));
#5383 = ORIENTED_EDGE('',*,*,#5369,.T.);
#5384 = CYLINDRICAL_SURFACE('',#5385,0.2555);
#5385 = AXIS2_PLACEMENT_3D('',#5386,#5387,#5388);
#5386 = CARTESIAN_POINT('',(27.94,0.,-5.));
#5387 = DIRECTION('',(0.,0.,1.));
#5388 = DIRECTION('',(1.,0.,-0.));
#5389 = ADVANCED_FACE('',(#5390),#5393,.T.);
#5390 = FACE_BOUND('',#5391,.T.);
#5391 = EDGE_LOOP('',(#5392));
#5392 = ORIENTED_EDGE('',*,*,#5360,.T.);
#5393 = PLANE('',#5394);
#5394 = AXIS2_PLACEMENT_3D('',#5395,#5396,#5397);
#5395 = CARTESIAN_POINT('',(27.94,0.,0.1));
#5396 = DIRECTION('',(0.,0.,1.));
#5397 = DIRECTION('',(1.,0.,-0.));
#5398 = ADVANCED_FACE('',(#5399),#5402,.F.);
#5399 = FACE_BOUND('',#5400,.T.);
#5400 = EDGE_LOOP('',(#5401));
#5401 = ORIENTED_EDGE('',*,*,#5377,.F.);
#5402 = PLANE('',#5403);
#5403 = AXIS2_PLACEMENT_3D('',#5404,#5405,#5406);
#5404 = CARTESIAN_POINT('',(27.94,0.,-5.));
#5405 = DIRECTION('',(0.,0.,1.));
#5406 = DIRECTION('',(1.,0.,-0.));
#5407 = ( GEOMETRIC_REPRESENTATION_CONTEXT(3) 
GLOBAL_UNCERTAINTY_ASSIGNED_CONTEXT((#5411)) 
GLOBAL_UNIT_ASSIGNED_CONTEXT((#5408,#5409,#5410)) REPRESENTATION_CONTEXT
('Context #1','3D Context with UNIT and UNCERTAINTY') );
#5408 = ( LENGTH_UNIT() NAMED_UNIT(*) SI_UNIT(.MILLI.,.METRE.) );
#5409 = ( NAMED_UNIT(*) PLANE_ANGLE_UNIT() SI_UNIT($,.RADIAN.) );
#5410 = ( NAMED_UNIT(*) SI_UNIT($,.STERADIAN.) SOLID_ANGLE_UNIT() );
#5411 = UNCERTAINTY_MEASURE_WITH_UNIT(LENGTH_MEASURE(1.E-07),#5408,
  'distance_accuracy_value','confusion accuracy');
#5412 = CONTEXT_DEPENDENT_SHAPE_REPRESENTATION(#5413,#5415);
#5413 = ( REPRESENTATION_RELATIONSHIP('','',#5353,#4434) 
REPRESENTATION_RELATIONSHIP_WITH_TRANSFORMATION(#5414) 
SHAPE_REPRESENTATION_RELATIONSHIP() );
#5414 = ITEM_DEFINED_TRANSFORMATION('','',#11,#4479);
#5415 = PRODUCT_DEFINITION_SHAPE('Placement','Placement of an item',
  #5416);
#5416 = NEXT_ASSEMBLY_USAGE_OCCURRENCE('105','Leads011','',#4429,#5348,$
  );
#5417 = PRODUCT_RELATED_PRODUCT_CATEGORY('part',$,(#5350));
#5418 = SHAPE_DEFINITION_REPRESENTATION(#5419,#5425);
#5419 = PRODUCT_DEFINITION_SHAPE('','',#5420);
#5420 = PRODUCT_DEFINITION('design','',#5421,#5424);
#5421 = PRODUCT_DEFINITION_FORMATION('','',#5422);
#5422 = PRODUCT('Leads012','Leads012','',(#5423));
#5423 = PRODUCT_CONTEXT('',#2,'mechanical');
#5424 = PRODUCT_DEFINITION_CONTEXT('part definition',#2,'design');
#5425 = ADVANCED_BREP_SHAPE_REPRESENTATION('',(#11,#5426),#5479);
#5426 = MANIFOLD_SOLID_BREP('',#5427);
#5427 = CLOSED_SHELL('',(#5428,#5461,#5470));
#5428 = ADVANCED_FACE('',(#5429),#5456,.T.);
#5429 = FACE_BOUND('',#5430,.T.);
#5430 = EDGE_LOOP('',(#5431,#5440,#5448,#5455));
#5431 = ORIENTED_EDGE('',*,*,#5432,.F.);
#5432 = EDGE_CURVE('',#5433,#5433,#5435,.T.);
#5433 = VERTEX_POINT('',#5434);
#5434 = CARTESIAN_POINT('',(30.7355,-6.257945143643E-17,0.1));
#5435 = CIRCLE('',#5436,0.2555);
#5436 = AXIS2_PLACEMENT_3D('',#5437,#5438,#5439);
#5437 = CARTESIAN_POINT('',(30.48,0.,0.1));
#5438 = DIRECTION('',(0.,0.,1.));
#5439 = DIRECTION('',(1.,0.,-0.));
#5440 = ORIENTED_EDGE('',*,*,#5441,.F.);
#5441 = EDGE_CURVE('',#5442,#5433,#5444,.T.);
#5442 = VERTEX_POINT('',#5443);
#5443 = CARTESIAN_POINT('',(30.7355,-6.257945143643E-17,-5.));
#5444 = LINE('',#5445,#5446);
#5445 = CARTESIAN_POINT('',(30.7355,-6.257945143643E-17,-5.));
#5446 = VECTOR('',#5447,1.);
#5447 = DIRECTION('',(0.,0.,1.));
#5448 = ORIENTED_EDGE('',*,*,#5449,.T.);
#5449 = EDGE_CURVE('',#5442,#5442,#5450,.T.);
#5450 = CIRCLE('',#5451,0.2555);
#5451 = AXIS2_PLACEMENT_3D('',#5452,#5453,#5454);
#5452 = CARTESIAN_POINT('',(30.48,0.,-5.));
#5453 = DIRECTION('',(0.,0.,1.));
#5454 = DIRECTION('',(1.,0.,-0.));
#5455 = ORIENTED_EDGE('',*,*,#5441,.T.);
#5456 = CYLINDRICAL_SURFACE('',#5457,0.2555);
#5457 = AXIS2_PLACEMENT_3D('',#5458,#5459,#5460);
#5458 = CARTESIAN_POINT('',(30.48,0.,-5.));
#5459 = DIRECTION('',(0.,0.,1.));
#5460 = DIRECTION('',(1.,0.,-0.));
#5461 = ADVANCED_FACE('',(#5462),#5465,.T.);
#5462 = FACE_BOUND('',#5463,.T.);
#5463 = EDGE_LOOP('',(#5464));
#5464 = ORIENTED_EDGE('',*,*,#5432,.T.);
#5465 = PLANE('',#5466);
#5466 = AXIS2_PLACEMENT_3D('',#5467,#5468,#5469);
#5467 = CARTESIAN_POINT('',(30.48,0.,0.1));
#5468 = DIRECTION('',(0.,0.,1.));
#5469 = DIRECTION('',(1.,0.,-0.));
#5470 = ADVANCED_FACE('',(#5471),#5474,.F.);
#5471 = FACE_BOUND('',#5472,.T.);
#5472 = EDGE_LOOP('',(#5473));
#5473 = ORIENTED_EDGE('',*,*,#5449,.F.);
#5474 = PLANE('',#5475);
#5475 = AXIS2_PLACEMENT_3D('',#5476,#5477,#5478);
#5476 = CARTESIAN_POINT('',(30.48,0.,-5.));
#5477 = DIRECTION('',(0.,0.,1.));
#5478 = DIRECTION('',(1.,0.,-0.));
#5479 = ( GEOMETRIC_REPRESENTATION_CONTEXT(3) 
GLOBAL_UNCERTAINTY_ASSIGNED_CONTEXT((#5483)) 
GLOBAL_UNIT_ASSIGNED_CONTEXT((#5480,#5481,#5482)) REPRESENTATION_CONTEXT
('Context #1','3D Context with UNIT and UNCERTAINTY') );
#5480 = ( LENGTH_UNIT() NAMED_UNIT(*) SI_UNIT(.MILLI.,.METRE.) );
#5481 = ( NAMED_UNIT(*) PLANE_ANGLE_UNIT() SI_UNIT($,.RADIAN.) );
#5482 = ( NAMED_UNIT(*) SI_UNIT($,.STERADIAN.) SOLID_ANGLE_UNIT() );
#5483 = UNCERTAINTY_MEASURE_WITH_UNIT(LENGTH_MEASURE(1.E-07),#5480,
  'distance_accuracy_value','confusion accuracy');
#5484 = CONTEXT_DEPENDENT_SHAPE_REPRESENTATION(#5485,#5487);
#5485 = ( REPRESENTATION_RELATIONSHIP('','',#5425,#4434) 
REPRESENTATION_RELATIONSHIP_WITH_TRANSFORMATION(#5486) 
SHAPE_REPRESENTATION_RELATIONSHIP() );
#5486 = ITEM_DEFINED_TRANSFORMATION('','',#11,#4483);
#5487 = PRODUCT_DEFINITION_SHAPE('Placement','Placement of an item',
  #5488);
#5488 = NEXT_ASSEMBLY_USAGE_OCCURRENCE('106','Leads012','',#4429,#5420,$
  );
#5489 = PRODUCT_RELATED_PRODUCT_CATEGORY('part',$,(#5422));
#5490 = SHAPE_DEFINITION_REPRESENTATION(#5491,#5497);
#5491 = PRODUCT_DEFINITION_SHAPE('','',#5492);
#5492 = PRODUCT_DEFINITION('design','',#5493,#5496);
#5493 = PRODUCT_DEFINITION_FORMATION('','',#5494);
#5494 = PRODUCT('Leads013','Leads013','',(#5495));
#5495 = PRODUCT_CONTEXT('',#2,'mechanical');
#5496 = PRODUCT_DEFINITION_CONTEXT('part definition',#2,'design');
#5497 = ADVANCED_BREP_SHAPE_REPRESENTATION('',(#11,#5498),#5551);
#5498 = MANIFOLD_SOLID_BREP('',#5499);
#5499 = CLOSED_SHELL('',(#5500,#5533,#5542));
#5500 = ADVANCED_FACE('',(#5501),#5528,.T.);
#5501 = FACE_BOUND('',#5502,.T.);
#5502 = EDGE_LOOP('',(#5503,#5512,#5520,#5527));
#5503 = ORIENTED_EDGE('',*,*,#5504,.F.);
#5504 = EDGE_CURVE('',#5505,#5505,#5507,.T.);
#5505 = VERTEX_POINT('',#5506);
#5506 = CARTESIAN_POINT('',(1.5255,-2.54,0.1));
#5507 = CIRCLE('',#5508,0.2555);
#5508 = AXIS2_PLACEMENT_3D('',#5509,#5510,#5511);
#5509 = CARTESIAN_POINT('',(1.27,-2.54,0.1));
#5510 = DIRECTION('',(0.,0.,1.));
#5511 = DIRECTION('',(1.,0.,-0.));
#5512 = ORIENTED_EDGE('',*,*,#5513,.F.);
#5513 = EDGE_CURVE('',#5514,#5505,#5516,.T.);
#5514 = VERTEX_POINT('',#5515);
#5515 = CARTESIAN_POINT('',(1.5255,-2.54,-5.));
#5516 = LINE('',#5517,#5518);
#5517 = CARTESIAN_POINT('',(1.5255,-2.54,-5.));
#5518 = VECTOR('',#5519,1.);
#5519 = DIRECTION('',(0.,0.,1.));
#5520 = ORIENTED_EDGE('',*,*,#5521,.T.);
#5521 = EDGE_CURVE('',#5514,#5514,#5522,.T.);
#5522 = CIRCLE('',#5523,0.2555);
#5523 = AXIS2_PLACEMENT_3D('',#5524,#5525,#5526);
#5524 = CARTESIAN_POINT('',(1.27,-2.54,-5.));
#5525 = DIRECTION('',(0.,0.,1.));
#5526 = DIRECTION('',(1.,0.,-0.));
#5527 = ORIENTED_EDGE('',*,*,#5513,.T.);
#5528 = CYLINDRICAL_SURFACE('',#5529,0.2555);
#5529 = AXIS2_PLACEMENT_3D('',#5530,#5531,#5532);
#5530 = CARTESIAN_POINT('',(1.27,-2.54,-5.));
#5531 = DIRECTION('',(0.,0.,1.));
#5532 = DIRECTION('',(1.,0.,-0.));
#5533 = ADVANCED_FACE('',(#5534),#5537,.T.);
#5534 = FACE_BOUND('',#5535,.T.);
#5535 = EDGE_LOOP('',(#5536));
#5536 = ORIENTED_EDGE('',*,*,#5504,.T.);
#5537 = PLANE('',#5538);
#5538 = AXIS2_PLACEMENT_3D('',#5539,#5540,#5541);
#5539 = CARTESIAN_POINT('',(1.27,-2.54,0.1));
#5540 = DIRECTION('',(0.,0.,1.));
#5541 = DIRECTION('',(1.,0.,-0.));
#5542 = ADVANCED_FACE('',(#5543),#5546,.F.);
#5543 = FACE_BOUND('',#5544,.T.);
#5544 = EDGE_LOOP('',(#5545));
#5545 = ORIENTED_EDGE('',*,*,#5521,.F.);
#5546 = PLANE('',#5547);
#5547 = AXIS2_PLACEMENT_3D('',#5548,#5549,#5550);
#5548 = CARTESIAN_POINT('',(1.27,-2.54,-5.));
#5549 = DIRECTION('',(0.,0.,1.));
#5550 = DIRECTION('',(1.,0.,-0.));
#5551 = ( GEOMETRIC_REPRESENTATION_CONTEXT(3) 
GLOBAL_UNCERTAINTY_ASSIGNED_CONTEXT((#5555)) 
GLOBAL_UNIT_ASSIGNED_CONTEXT((#5552,#5553,#5554)) REPRESENTATION_CONTEXT
('Context #1','3D Context with UNIT and UNCERTAINTY') );
#5552 = ( LENGTH_UNIT() NAMED_UNIT(*) SI_UNIT(.MILLI.,.METRE.) );
#5553 = ( NAMED_UNIT(*) PLANE_ANGLE_UNIT() SI_UNIT($,.RADIAN.) );
#5554 = ( NAMED_UNIT(*) SI_UNIT($,.STERADIAN.) SOLID_ANGLE_UNIT() );
#5555 = UNCERTAINTY_MEASURE_WITH_UNIT(LENGTH_MEASURE(1.E-07),#5552,
  'distance_accuracy_value','confusion accuracy');
#5556 = CONTEXT_DEPENDENT_SHAPE_REPRESENTATION(#5557,#5559);
#5557 = ( REPRESENTATION_RELATIONSHIP('','',#5497,#4434) 
REPRESENTATION_RELATIONSHIP_WITH_TRANSFORMATION(#5558) 
SHAPE_REPRESENTATION_RELATIONSHIP() );
#5558 = ITEM_DEFINED_TRANSFORMATION('','',#11,#4487);
#5559 = PRODUCT_DEFINITION_SHAPE('Placement','Placement of an item',
  #5560);
#5560 = NEXT_ASSEMBLY_USAGE_OCCURRENCE('107','Leads013','',#4429,#5492,$
  );
#5561 = PRODUCT_RELATED_PRODUCT_CATEGORY('part',$,(#5494));
#5562 = SHAPE_DEFINITION_REPRESENTATION(#5563,#5569);
#5563 = PRODUCT_DEFINITION_SHAPE('','',#5564);
#5564 = PRODUCT_DEFINITION('design','',#5565,#5568);
#5565 = PRODUCT_DEFINITION_FORMATION('','',#5566);
#5566 = PRODUCT('Leads014','Leads014','',(#5567));
#5567 = PRODUCT_CONTEXT('',#2,'mechanical');
#5568 = PRODUCT_DEFINITION_CONTEXT('part definition',#2,'design');
#5569 = ADVANCED_BREP_SHAPE_REPRESENTATION('',(#11,#5570),#5623);
#5570 = MANIFOLD_SOLID_BREP('',#5571);
#5571 = CLOSED_SHELL('',(#5572,#5605,#5614));
#5572 = ADVANCED_FACE('',(#5573),#5600,.T.);
#5573 = FACE_BOUND('',#5574,.T.);
#5574 = EDGE_LOOP('',(#5575,#5584,#5592,#5599));
#5575 = ORIENTED_EDGE('',*,*,#5576,.F.);
#5576 = EDGE_CURVE('',#5577,#5577,#5579,.T.);
#5577 = VERTEX_POINT('',#5578);
#5578 = CARTESIAN_POINT('',(4.0655,-2.54,0.1));
#5579 = CIRCLE('',#5580,0.2555);
#5580 = AXIS2_PLACEMENT_3D('',#5581,#5582,#5583);
#5581 = CARTESIAN_POINT('',(3.81,-2.54,0.1));
#5582 = DIRECTION('',(0.,0.,1.));
#5583 = DIRECTION('',(1.,0.,-0.));
#5584 = ORIENTED_EDGE('',*,*,#5585,.F.);
#5585 = EDGE_CURVE('',#5586,#5577,#5588,.T.);
#5586 = VERTEX_POINT('',#5587);
#5587 = CARTESIAN_POINT('',(4.0655,-2.54,-5.));
#5588 = LINE('',#5589,#5590);
#5589 = CARTESIAN_POINT('',(4.0655,-2.54,-5.));
#5590 = VECTOR('',#5591,1.);
#5591 = DIRECTION('',(0.,0.,1.));
#5592 = ORIENTED_EDGE('',*,*,#5593,.T.);
#5593 = EDGE_CURVE('',#5586,#5586,#5594,.T.);
#5594 = CIRCLE('',#5595,0.2555);
#5595 = AXIS2_PLACEMENT_3D('',#5596,#5597,#5598);
#5596 = CARTESIAN_POINT('',(3.81,-2.54,-5.));
#5597 = DIRECTION('',(0.,0.,1.));
#5598 = DIRECTION('',(1.,0.,-0.));
#5599 = ORIENTED_EDGE('',*,*,#5585,.T.);
#5600 = CYLINDRICAL_SURFACE('',#5601,0.2555);
#5601 = AXIS2_PLACEMENT_3D('',#5602,#5603,#5604);
#5602 = CARTESIAN_POINT('',(3.81,-2.54,-5.));
#5603 = DIRECTION('',(0.,0.,1.));
#5604 = DIRECTION('',(1.,0.,-0.));
#5605 = ADVANCED_FACE('',(#5606),#5609,.T.);
#5606 = FACE_BOUND('',#5607,.T.);
#5607 = EDGE_LOOP('',(#5608));
#5608 = ORIENTED_EDGE('',*,*,#5576,.T.);
#5609 = PLANE('',#5610);
#5610 = AXIS2_PLACEMENT_3D('',#5611,#5612,#5613);
#5611 = CARTESIAN_POINT('',(3.81,-2.54,0.1));
#5612 = DIRECTION('',(0.,0.,1.));
#5613 = DIRECTION('',(1.,0.,-0.));
#5614 = ADVANCED_FACE('',(#5615),#5618,.F.);
#5615 = FACE_BOUND('',#5616,.T.);
#5616 = EDGE_LOOP('',(#5617));
#5617 = ORIENTED_EDGE('',*,*,#5593,.F.);
#5618 = PLANE('',#5619);
#5619 = AXIS2_PLACEMENT_3D('',#5620,#5621,#5622);
#5620 = CARTESIAN_POINT('',(3.81,-2.54,-5.));
#5621 = DIRECTION('',(0.,0.,1.));
#5622 = DIRECTION('',(1.,0.,-0.));
#5623 = ( GEOMETRIC_REPRESENTATION_CONTEXT(3) 
GLOBAL_UNCERTAINTY_ASSIGNED_CONTEXT((#5627)) 
GLOBAL_UNIT_ASSIGNED_CONTEXT((#5624,#5625,#5626)) REPRESENTATION_CONTEXT
('Context #1','3D Context with UNIT and UNCERTAINTY') );
#5624 = ( LENGTH_UNIT() NAMED_UNIT(*) SI_UNIT(.MILLI.,.METRE.) );
#5625 = ( NAMED_UNIT(*) PLANE_ANGLE_UNIT() SI_UNIT($,.RADIAN.) );
#5626 = ( NAMED_UNIT(*) SI_UNIT($,.STERADIAN.) SOLID_ANGLE_UNIT() );
#5627 = UNCERTAINTY_MEASURE_WITH_UNIT(LENGTH_MEASURE(1.E-07),#5624,
  'distance_accuracy_value','confusion accuracy');
#5628 = CONTEXT_DEPENDENT_SHAPE_REPRESENTATION(#5629,#5631);
#5629 = ( REPRESENTATION_RELATIONSHIP('','',#5569,#4434) 
REPRESENTATION_RELATIONSHIP_WITH_TRANSFORMATION(#5630) 
SHAPE_REPRESENTATION_RELATIONSHIP() );
#5630 = ITEM_DEFINED_TRANSFORMATION('','',#11,#4491);
#5631 = PRODUCT_DEFINITION_SHAPE('Placement','Placement of an item',
  #5632);
#5632 = NEXT_ASSEMBLY_USAGE_OCCURRENCE('108','Leads014','',#4429,#5564,$
  );
#5633 = PRODUCT_RELATED_PRODUCT_CATEGORY('part',$,(#5566));
#5634 = SHAPE_DEFINITION_REPRESENTATION(#5635,#5641);
#5635 = PRODUCT_DEFINITION_SHAPE('','',#5636);
#5636 = PRODUCT_DEFINITION('design','',#5637,#5640);
#5637 = PRODUCT_DEFINITION_FORMATION('','',#5638);
#5638 = PRODUCT('Leads015','Leads015','',(#5639));
#5639 = PRODUCT_CONTEXT('',#2,'mechanical');
#5640 = PRODUCT_DEFINITION_CONTEXT('part definition',#2,'design');
#5641 = ADVANCED_BREP_SHAPE_REPRESENTATION('',(#11,#5642),#5695);
#5642 = MANIFOLD_SOLID_BREP('',#5643);
#5643 = CLOSED_SHELL('',(#5644,#5677,#5686));
#5644 = ADVANCED_FACE('',(#5645),#5672,.T.);
#5645 = FACE_BOUND('',#5646,.T.);
#5646 = EDGE_LOOP('',(#5647,#5656,#5664,#5671));
#5647 = ORIENTED_EDGE('',*,*,#5648,.F.);
#5648 = EDGE_CURVE('',#5649,#5649,#5651,.T.);
#5649 = VERTEX_POINT('',#5650);
#5650 = CARTESIAN_POINT('',(6.6055,-2.54,0.1));
#5651 = CIRCLE('',#5652,0.2555);
#5652 = AXIS2_PLACEMENT_3D('',#5653,#5654,#5655);
#5653 = CARTESIAN_POINT('',(6.35,-2.54,0.1));
#5654 = DIRECTION('',(0.,0.,1.));
#5655 = DIRECTION('',(1.,0.,-0.));
#5656 = ORIENTED_EDGE('',*,*,#5657,.F.);
#5657 = EDGE_CURVE('',#5658,#5649,#5660,.T.);
#5658 = VERTEX_POINT('',#5659);
#5659 = CARTESIAN_POINT('',(6.6055,-2.54,-5.));
#5660 = LINE('',#5661,#5662);
#5661 = CARTESIAN_POINT('',(6.6055,-2.54,-5.));
#5662 = VECTOR('',#5663,1.);
#5663 = DIRECTION('',(0.,0.,1.));
#5664 = ORIENTED_EDGE('',*,*,#5665,.T.);
#5665 = EDGE_CURVE('',#5658,#5658,#5666,.T.);
#5666 = CIRCLE('',#5667,0.2555);
#5667 = AXIS2_PLACEMENT_3D('',#5668,#5669,#5670);
#5668 = CARTESIAN_POINT('',(6.35,-2.54,-5.));
#5669 = DIRECTION('',(0.,0.,1.));
#5670 = DIRECTION('',(1.,0.,-0.));
#5671 = ORIENTED_EDGE('',*,*,#5657,.T.);
#5672 = CYLINDRICAL_SURFACE('',#5673,0.2555);
#5673 = AXIS2_PLACEMENT_3D('',#5674,#5675,#5676);
#5674 = CARTESIAN_POINT('',(6.35,-2.54,-5.));
#5675 = DIRECTION('',(0.,0.,1.));
#5676 = DIRECTION('',(1.,0.,-0.));
#5677 = ADVANCED_FACE('',(#5678),#5681,.T.);
#5678 = FACE_BOUND('',#5679,.T.);
#5679 = EDGE_LOOP('',(#5680));
#5680 = ORIENTED_EDGE('',*,*,#5648,.T.);
#5681 = PLANE('',#5682);
#5682 = AXIS2_PLACEMENT_3D('',#5683,#5684,#5685);
#5683 = CARTESIAN_POINT('',(6.35,-2.54,0.1));
#5684 = DIRECTION('',(0.,0.,1.));
#5685 = DIRECTION('',(1.,0.,-0.));
#5686 = ADVANCED_FACE('',(#5687),#5690,.F.);
#5687 = FACE_BOUND('',#5688,.T.);
#5688 = EDGE_LOOP('',(#5689));
#5689 = ORIENTED_EDGE('',*,*,#5665,.F.);
#5690 = PLANE('',#5691);
#5691 = AXIS2_PLACEMENT_3D('',#5692,#5693,#5694);
#5692 = CARTESIAN_POINT('',(6.35,-2.54,-5.));
#5693 = DIRECTION('',(0.,0.,1.));
#5694 = DIRECTION('',(1.,0.,-0.));
#5695 = ( GEOMETRIC_REPRESENTATION_CONTEXT(3) 
GLOBAL_UNCERTAINTY_ASSIGNED_CONTEXT((#5699)) 
GLOBAL_UNIT_ASSIGNED_CONTEXT((#5696,#5697,#5698)) REPRESENTATION_CONTEXT
('Context #1','3D Context with UNIT and UNCERTAINTY') );
#5696 = ( LENGTH_UNIT() NAMED_UNIT(*) SI_UNIT(.MILLI.,.METRE.) );
#5697 = ( NAMED_UNIT(*) PLANE_ANGLE_UNIT() SI_UNIT($,.RADIAN.) );
#5698 = ( NAMED_UNIT(*) SI_UNIT($,.STERADIAN.) SOLID_ANGLE_UNIT() );
#5699 = UNCERTAINTY_MEASURE_WITH_UNIT(LENGTH_MEASURE(1.E-07),#5696,
  'distance_accuracy_value','confusion accuracy');
#5700 = CONTEXT_DEPENDENT_SHAPE_REPRESENTATION(#5701,#5703);
#5701 = ( REPRESENTATION_RELATIONSHIP('','',#5641,#4434) 
REPRESENTATION_RELATIONSHIP_WITH_TRANSFORMATION(#5702) 
SHAPE_REPRESENTATION_RELATIONSHIP() );
#5702 = ITEM_DEFINED_TRANSFORMATION('','',#11,#4495);
#5703 = PRODUCT_DEFINITION_SHAPE('Placement','Placement of an item',
  #5704);
#5704 = NEXT_ASSEMBLY_USAGE_OCCURRENCE('109','Leads015','',#4429,#5636,$
  );
#5705 = PRODUCT_RELATED_PRODUCT_CATEGORY('part',$,(#5638));
#5706 = SHAPE_DEFINITION_REPRESENTATION(#5707,#5713);
#5707 = PRODUCT_DEFINITION_SHAPE('','',#5708);
#5708 = PRODUCT_DEFINITION('design','',#5709,#5712);
#5709 = PRODUCT_DEFINITION_FORMATION('','',#5710);
#5710 = PRODUCT('Leads016','Leads016','',(#5711));
#5711 = PRODUCT_CONTEXT('',#2,'mechanical');
#5712 = PRODUCT_DEFINITION_CONTEXT('part definition',#2,'design');
#5713 = ADVANCED_BREP_SHAPE_REPRESENTATION('',(#11,#5714),#5767);
#5714 = MANIFOLD_SOLID_BREP('',#5715);
#5715 = CLOSED_SHELL('',(#5716,#5749,#5758));
#5716 = ADVANCED_FACE('',(#5717),#5744,.T.);
#5717 = FACE_BOUND('',#5718,.T.);
#5718 = EDGE_LOOP('',(#5719,#5728,#5736,#5743));
#5719 = ORIENTED_EDGE('',*,*,#5720,.F.);
#5720 = EDGE_CURVE('',#5721,#5721,#5723,.T.);
#5721 = VERTEX_POINT('',#5722);
#5722 = CARTESIAN_POINT('',(9.1455,-2.54,0.1));
#5723 = CIRCLE('',#5724,0.2555);
#5724 = AXIS2_PLACEMENT_3D('',#5725,#5726,#5727);
#5725 = CARTESIAN_POINT('',(8.89,-2.54,0.1));
#5726 = DIRECTION('',(0.,0.,1.));
#5727 = DIRECTION('',(1.,0.,-0.));
#5728 = ORIENTED_EDGE('',*,*,#5729,.F.);
#5729 = EDGE_CURVE('',#5730,#5721,#5732,.T.);
#5730 = VERTEX_POINT('',#5731);
#5731 = CARTESIAN_POINT('',(9.1455,-2.54,-5.));
#5732 = LINE('',#5733,#5734);
#5733 = CARTESIAN_POINT('',(9.1455,-2.54,-5.));
#5734 = VECTOR('',#5735,1.);
#5735 = DIRECTION('',(0.,0.,1.));
#5736 = ORIENTED_EDGE('',*,*,#5737,.T.);
#5737 = EDGE_CURVE('',#5730,#5730,#5738,.T.);
#5738 = CIRCLE('',#5739,0.2555);
#5739 = AXIS2_PLACEMENT_3D('',#5740,#5741,#5742);
#5740 = CARTESIAN_POINT('',(8.89,-2.54,-5.));
#5741 = DIRECTION('',(0.,0.,1.));
#5742 = DIRECTION('',(1.,0.,-0.));
#5743 = ORIENTED_EDGE('',*,*,#5729,.T.);
#5744 = CYLINDRICAL_SURFACE('',#5745,0.2555);
#5745 = AXIS2_PLACEMENT_3D('',#5746,#5747,#5748);
#5746 = CARTESIAN_POINT('',(8.89,-2.54,-5.));
#5747 = DIRECTION('',(0.,0.,1.));
#5748 = DIRECTION('',(1.,0.,-0.));
#5749 = ADVANCED_FACE('',(#5750),#5753,.T.);
#5750 = FACE_BOUND('',#5751,.T.);
#5751 = EDGE_LOOP('',(#5752));
#5752 = ORIENTED_EDGE('',*,*,#5720,.T.);
#5753 = PLANE('',#5754);
#5754 = AXIS2_PLACEMENT_3D('',#5755,#5756,#5757);
#5755 = CARTESIAN_POINT('',(8.89,-2.54,0.1));
#5756 = DIRECTION('',(0.,0.,1.));
#5757 = DIRECTION('',(1.,0.,-0.));
#5758 = ADVANCED_FACE('',(#5759),#5762,.F.);
#5759 = FACE_BOUND('',#5760,.T.);
#5760 = EDGE_LOOP('',(#5761));
#5761 = ORIENTED_EDGE('',*,*,#5737,.F.);
#5762 = PLANE('',#5763);
#5763 = AXIS2_PLACEMENT_3D('',#5764,#5765,#5766);
#5764 = CARTESIAN_POINT('',(8.89,-2.54,-5.));
#5765 = DIRECTION('',(0.,0.,1.));
#5766 = DIRECTION('',(1.,0.,-0.));
#5767 = ( GEOMETRIC_REPRESENTATION_CONTEXT(3) 
GLOBAL_UNCERTAINTY_ASSIGNED_CONTEXT((#5771)) 
GLOBAL_UNIT_ASSIGNED_CONTEXT((#5768,#5769,#5770)) REPRESENTATION_CONTEXT
('Context #1','3D Context with UNIT and UNCERTAINTY') );
#5768 = ( LENGTH_UNIT() NAMED_UNIT(*) SI_UNIT(.MILLI.,.METRE.) );
#5769 = ( NAMED_UNIT(*) PLANE_ANGLE_UNIT() SI_UNIT($,.RADIAN.) );
#5770 = ( NAMED_UNIT(*) SI_UNIT($,.STERADIAN.) SOLID_ANGLE_UNIT() );
#5771 = UNCERTAINTY_MEASURE_WITH_UNIT(LENGTH_MEASURE(1.E-07),#5768,
  'distance_accuracy_value','confusion accuracy');
#5772 = CONTEXT_DEPENDENT_SHAPE_REPRESENTATION(#5773,#5775);
#5773 = ( REPRESENTATION_RELATIONSHIP('','',#5713,#4434) 
REPRESENTATION_RELATIONSHIP_WITH_TRANSFORMATION(#5774) 
SHAPE_REPRESENTATION_RELATIONSHIP() );
#5774 = ITEM_DEFINED_TRANSFORMATION('','',#11,#4499);
#5775 = PRODUCT_DEFINITION_SHAPE('Placement','Placement of an item',
  #5776);
#5776 = NEXT_ASSEMBLY_USAGE_OCCURRENCE('110','Leads016','',#4429,#5708,$
  );
#5777 = PRODUCT_RELATED_PRODUCT_CATEGORY('part',$,(#5710));
#5778 = SHAPE_DEFINITION_REPRESENTATION(#5779,#5785);
#5779 = PRODUCT_DEFINITION_SHAPE('','',#5780);
#5780 = PRODUCT_DEFINITION('design','',#5781,#5784);
#5781 = PRODUCT_DEFINITION_FORMATION('','',#5782);
#5782 = PRODUCT('Leads017','Leads017','',(#5783));
#5783 = PRODUCT_CONTEXT('',#2,'mechanical');
#5784 = PRODUCT_DEFINITION_CONTEXT('part definition',#2,'design');
#5785 = ADVANCED_BREP_SHAPE_REPRESENTATION('',(#11,#5786),#5839);
#5786 = MANIFOLD_SOLID_BREP('',#5787);
#5787 = CLOSED_SHELL('',(#5788,#5821,#5830));
#5788 = ADVANCED_FACE('',(#5789),#5816,.T.);
#5789 = FACE_BOUND('',#5790,.T.);
#5790 = EDGE_LOOP('',(#5791,#5800,#5808,#5815));
#5791 = ORIENTED_EDGE('',*,*,#5792,.F.);
#5792 = EDGE_CURVE('',#5793,#5793,#5795,.T.);
#5793 = VERTEX_POINT('',#5794);
#5794 = CARTESIAN_POINT('',(11.6855,-2.54,0.1));
#5795 = CIRCLE('',#5796,0.2555);
#5796 = AXIS2_PLACEMENT_3D('',#5797,#5798,#5799);
#5797 = CARTESIAN_POINT('',(11.43,-2.54,0.1));
#5798 = DIRECTION('',(0.,0.,1.));
#5799 = DIRECTION('',(1.,0.,-0.));
#5800 = ORIENTED_EDGE('',*,*,#5801,.F.);
#5801 = EDGE_CURVE('',#5802,#5793,#5804,.T.);
#5802 = VERTEX_POINT('',#5803);
#5803 = CARTESIAN_POINT('',(11.6855,-2.54,-5.));
#5804 = LINE('',#5805,#5806);
#5805 = CARTESIAN_POINT('',(11.6855,-2.54,-5.));
#5806 = VECTOR('',#5807,1.);
#5807 = DIRECTION('',(0.,0.,1.));
#5808 = ORIENTED_EDGE('',*,*,#5809,.T.);
#5809 = EDGE_CURVE('',#5802,#5802,#5810,.T.);
#5810 = CIRCLE('',#5811,0.2555);
#5811 = AXIS2_PLACEMENT_3D('',#5812,#5813,#5814);
#5812 = CARTESIAN_POINT('',(11.43,-2.54,-5.));
#5813 = DIRECTION('',(0.,0.,1.));
#5814 = DIRECTION('',(1.,0.,-0.));
#5815 = ORIENTED_EDGE('',*,*,#5801,.T.);
#5816 = CYLINDRICAL_SURFACE('',#5817,0.2555);
#5817 = AXIS2_PLACEMENT_3D('',#5818,#5819,#5820);
#5818 = CARTESIAN_POINT('',(11.43,-2.54,-5.));
#5819 = DIRECTION('',(0.,0.,1.));
#5820 = DIRECTION('',(1.,0.,-0.));
#5821 = ADVANCED_FACE('',(#5822),#5825,.T.);
#5822 = FACE_BOUND('',#5823,.T.);
#5823 = EDGE_LOOP('',(#5824));
#5824 = ORIENTED_EDGE('',*,*,#5792,.T.);
#5825 = PLANE('',#5826);
#5826 = AXIS2_PLACEMENT_3D('',#5827,#5828,#5829);
#5827 = CARTESIAN_POINT('',(11.43,-2.54,0.1));
#5828 = DIRECTION('',(0.,0.,1.));
#5829 = DIRECTION('',(1.,0.,-0.));
#5830 = ADVANCED_FACE('',(#5831),#5834,.F.);
#5831 = FACE_BOUND('',#5832,.T.);
#5832 = EDGE_LOOP('',(#5833));
#5833 = ORIENTED_EDGE('',*,*,#5809,.F.);
#5834 = PLANE('',#5835);
#5835 = AXIS2_PLACEMENT_3D('',#5836,#5837,#5838);
#5836 = CARTESIAN_POINT('',(11.43,-2.54,-5.));
#5837 = DIRECTION('',(0.,0.,1.));
#5838 = DIRECTION('',(1.,0.,-0.));
#5839 = ( GEOMETRIC_REPRESENTATION_CONTEXT(3) 
GLOBAL_UNCERTAINTY_ASSIGNED_CONTEXT((#5843)) 
GLOBAL_UNIT_ASSIGNED_CONTEXT((#5840,#5841,#5842)) REPRESENTATION_CONTEXT
('Context #1','3D Context with UNIT and UNCERTAINTY') );
#5840 = ( LENGTH_UNIT() NAMED_UNIT(*) SI_UNIT(.MILLI.,.METRE.) );
#5841 = ( NAMED_UNIT(*) PLANE_ANGLE_UNIT() SI_UNIT($,.RADIAN.) );
#5842 = ( NAMED_UNIT(*) SI_UNIT($,.STERADIAN.) SOLID_ANGLE_UNIT() );
#5843 = UNCERTAINTY_MEASURE_WITH_UNIT(LENGTH_MEASURE(1.E-07),#5840,
  'distance_accuracy_value','confusion accuracy');
#5844 = CONTEXT_DEPENDENT_SHAPE_REPRESENTATION(#5845,#5847);
#5845 = ( REPRESENTATION_RELATIONSHIP('','',#5785,#4434) 
REPRESENTATION_RELATIONSHIP_WITH_TRANSFORMATION(#5846) 
SHAPE_REPRESENTATION_RELATIONSHIP() );
#5846 = ITEM_DEFINED_TRANSFORMATION('','',#11,#4503);
#5847 = PRODUCT_DEFINITION_SHAPE('Placement','Placement of an item',
  #5848);
#5848 = NEXT_ASSEMBLY_USAGE_OCCURRENCE('111','Leads017','',#4429,#5780,$
  );
#5849 = PRODUCT_RELATED_PRODUCT_CATEGORY('part',$,(#5782));
#5850 = SHAPE_DEFINITION_REPRESENTATION(#5851,#5857);
#5851 = PRODUCT_DEFINITION_SHAPE('','',#5852);
#5852 = PRODUCT_DEFINITION('design','',#5853,#5856);
#5853 = PRODUCT_DEFINITION_FORMATION('','',#5854);
#5854 = PRODUCT('Leads018','Leads018','',(#5855));
#5855 = PRODUCT_CONTEXT('',#2,'mechanical');
#5856 = PRODUCT_DEFINITION_CONTEXT('part definition',#2,'design');
#5857 = ADVANCED_BREP_SHAPE_REPRESENTATION('',(#11,#5858),#5911);
#5858 = MANIFOLD_SOLID_BREP('',#5859);
#5859 = CLOSED_SHELL('',(#5860,#5893,#5902));
#5860 = ADVANCED_FACE('',(#5861),#5888,.T.);
#5861 = FACE_BOUND('',#5862,.T.);
#5862 = EDGE_LOOP('',(#5863,#5872,#5880,#5887));
#5863 = ORIENTED_EDGE('',*,*,#5864,.F.);
#5864 = EDGE_CURVE('',#5865,#5865,#5867,.T.);
#5865 = VERTEX_POINT('',#5866);
#5866 = CARTESIAN_POINT('',(14.2255,-2.54,0.1));
#5867 = CIRCLE('',#5868,0.2555);
#5868 = AXIS2_PLACEMENT_3D('',#5869,#5870,#5871);
#5869 = CARTESIAN_POINT('',(13.97,-2.54,0.1));
#5870 = DIRECTION('',(0.,0.,1.));
#5871 = DIRECTION('',(1.,0.,-0.));
#5872 = ORIENTED_EDGE('',*,*,#5873,.F.);
#5873 = EDGE_CURVE('',#5874,#5865,#5876,.T.);
#5874 = VERTEX_POINT('',#5875);
#5875 = CARTESIAN_POINT('',(14.2255,-2.54,-5.));
#5876 = LINE('',#5877,#5878);
#5877 = CARTESIAN_POINT('',(14.2255,-2.54,-5.));
#5878 = VECTOR('',#5879,1.);
#5879 = DIRECTION('',(0.,0.,1.));
#5880 = ORIENTED_EDGE('',*,*,#5881,.T.);
#5881 = EDGE_CURVE('',#5874,#5874,#5882,.T.);
#5882 = CIRCLE('',#5883,0.2555);
#5883 = AXIS2_PLACEMENT_3D('',#5884,#5885,#5886);
#5884 = CARTESIAN_POINT('',(13.97,-2.54,-5.));
#5885 = DIRECTION('',(0.,0.,1.));
#5886 = DIRECTION('',(1.,0.,-0.));
#5887 = ORIENTED_EDGE('',*,*,#5873,.T.);
#5888 = CYLINDRICAL_SURFACE('',#5889,0.2555);
#5889 = AXIS2_PLACEMENT_3D('',#5890,#5891,#5892);
#5890 = CARTESIAN_POINT('',(13.97,-2.54,-5.));
#5891 = DIRECTION('',(0.,0.,1.));
#5892 = DIRECTION('',(1.,0.,-0.));
#5893 = ADVANCED_FACE('',(#5894),#5897,.T.);
#5894 = FACE_BOUND('',#5895,.T.);
#5895 = EDGE_LOOP('',(#5896));
#5896 = ORIENTED_EDGE('',*,*,#5864,.T.);
#5897 = PLANE('',#5898);
#5898 = AXIS2_PLACEMENT_3D('',#5899,#5900,#5901);
#5899 = CARTESIAN_POINT('',(13.97,-2.54,0.1));
#5900 = DIRECTION('',(0.,0.,1.));
#5901 = DIRECTION('',(1.,0.,-0.));
#5902 = ADVANCED_FACE('',(#5903),#5906,.F.);
#5903 = FACE_BOUND('',#5904,.T.);
#5904 = EDGE_LOOP('',(#5905));
#5905 = ORIENTED_EDGE('',*,*,#5881,.F.);
#5906 = PLANE('',#5907);
#5907 = AXIS2_PLACEMENT_3D('',#5908,#5909,#5910);
#5908 = CARTESIAN_POINT('',(13.97,-2.54,-5.));
#5909 = DIRECTION('',(0.,0.,1.));
#5910 = DIRECTION('',(1.,0.,-0.));
#5911 = ( GEOMETRIC_REPRESENTATION_CONTEXT(3) 
GLOBAL_UNCERTAINTY_ASSIGNED_CONTEXT((#5915)) 
GLOBAL_UNIT_ASSIGNED_CONTEXT((#5912,#5913,#5914)) REPRESENTATION_CONTEXT
('Context #1','3D Context with UNIT and UNCERTAINTY') );
#5912 = ( LENGTH_UNIT() NAMED_UNIT(*) SI_UNIT(.MILLI.,.METRE.) );
#5913 = ( NAMED_UNIT(*) PLANE_ANGLE_UNIT() SI_UNIT($,.RADIAN.) );
#5914 = ( NAMED_UNIT(*) SI_UNIT($,.STERADIAN.) SOLID_ANGLE_UNIT() );
#5915 = UNCERTAINTY_MEASURE_WITH_UNIT(LENGTH_MEASURE(1.E-07),#5912,
  'distance_accuracy_value','confusion accuracy');
#5916 = CONTEXT_DEPENDENT_SHAPE_REPRESENTATION(#5917,#5919);
#5917 = ( REPRESENTATION_RELATIONSHIP('','',#5857,#4434) 
REPRESENTATION_RELATIONSHIP_WITH_TRANSFORMATION(#5918) 
SHAPE_REPRESENTATION_RELATIONSHIP() );
#5918 = ITEM_DEFINED_TRANSFORMATION('','',#11,#4507);
#5919 = PRODUCT_DEFINITION_SHAPE('Placement','Placement of an item',
  #5920);
#5920 = NEXT_ASSEMBLY_USAGE_OCCURRENCE('112','Leads018','',#4429,#5852,$
  );
#5921 = PRODUCT_RELATED_PRODUCT_CATEGORY('part',$,(#5854));
#5922 = SHAPE_DEFINITION_REPRESENTATION(#5923,#5929);
#5923 = PRODUCT_DEFINITION_SHAPE('','',#5924);
#5924 = PRODUCT_DEFINITION('design','',#5925,#5928);
#5925 = PRODUCT_DEFINITION_FORMATION('','',#5926);
#5926 = PRODUCT('Leads019','Leads019','',(#5927));
#5927 = PRODUCT_CONTEXT('',#2,'mechanical');
#5928 = PRODUCT_DEFINITION_CONTEXT('part definition',#2,'design');
#5929 = ADVANCED_BREP_SHAPE_REPRESENTATION('',(#11,#5930),#5983);
#5930 = MANIFOLD_SOLID_BREP('',#5931);
#5931 = CLOSED_SHELL('',(#5932,#5965,#5974));
#5932 = ADVANCED_FACE('',(#5933),#5960,.T.);
#5933 = FACE_BOUND('',#5934,.T.);
#5934 = EDGE_LOOP('',(#5935,#5944,#5952,#5959));
#5935 = ORIENTED_EDGE('',*,*,#5936,.F.);
#5936 = EDGE_CURVE('',#5937,#5937,#5939,.T.);
#5937 = VERTEX_POINT('',#5938);
#5938 = CARTESIAN_POINT('',(16.7655,-2.54,0.1));
#5939 = CIRCLE('',#5940,0.2555);
#5940 = AXIS2_PLACEMENT_3D('',#5941,#5942,#5943);
#5941 = CARTESIAN_POINT('',(16.51,-2.54,0.1));
#5942 = DIRECTION('',(0.,0.,1.));
#5943 = DIRECTION('',(1.,0.,-0.));
#5944 = ORIENTED_EDGE('',*,*,#5945,.F.);
#5945 = EDGE_CURVE('',#5946,#5937,#5948,.T.);
#5946 = VERTEX_POINT('',#5947);
#5947 = CARTESIAN_POINT('',(16.7655,-2.54,-5.));
#5948 = LINE('',#5949,#5950);
#5949 = CARTESIAN_POINT('',(16.7655,-2.54,-5.));
#5950 = VECTOR('',#5951,1.);
#5951 = DIRECTION('',(0.,0.,1.));
#5952 = ORIENTED_EDGE('',*,*,#5953,.T.);
#5953 = EDGE_CURVE('',#5946,#5946,#5954,.T.);
#5954 = CIRCLE('',#5955,0.2555);
#5955 = AXIS2_PLACEMENT_3D('',#5956,#5957,#5958);
#5956 = CARTESIAN_POINT('',(16.51,-2.54,-5.));
#5957 = DIRECTION('',(0.,0.,1.));
#5958 = DIRECTION('',(1.,0.,-0.));
#5959 = ORIENTED_EDGE('',*,*,#5945,.T.);
#5960 = CYLINDRICAL_SURFACE('',#5961,0.2555);
#5961 = AXIS2_PLACEMENT_3D('',#5962,#5963,#5964);
#5962 = CARTESIAN_POINT('',(16.51,-2.54,-5.));
#5963 = DIRECTION('',(0.,0.,1.));
#5964 = DIRECTION('',(1.,0.,-0.));
#5965 = ADVANCED_FACE('',(#5966),#5969,.T.);
#5966 = FACE_BOUND('',#5967,.T.);
#5967 = EDGE_LOOP('',(#5968));
#5968 = ORIENTED_EDGE('',*,*,#5936,.T.);
#5969 = PLANE('',#5970);
#5970 = AXIS2_PLACEMENT_3D('',#5971,#5972,#5973);
#5971 = CARTESIAN_POINT('',(16.51,-2.54,0.1));
#5972 = DIRECTION('',(0.,0.,1.));
#5973 = DIRECTION('',(1.,0.,-0.));
#5974 = ADVANCED_FACE('',(#5975),#5978,.F.);
#5975 = FACE_BOUND('',#5976,.T.);
#5976 = EDGE_LOOP('',(#5977));
#5977 = ORIENTED_EDGE('',*,*,#5953,.F.);
#5978 = PLANE('',#5979);
#5979 = AXIS2_PLACEMENT_3D('',#5980,#5981,#5982);
#5980 = CARTESIAN_POINT('',(16.51,-2.54,-5.));
#5981 = DIRECTION('',(0.,0.,1.));
#5982 = DIRECTION('',(1.,0.,-0.));
#5983 = ( GEOMETRIC_REPRESENTATION_CONTEXT(3) 
GLOBAL_UNCERTAINTY_ASSIGNED_CONTEXT((#5987)) 
GLOBAL_UNIT_ASSIGNED_CONTEXT((#5984,#5985,#5986)) REPRESENTATION_CONTEXT
('Context #1','3D Context with UNIT and UNCERTAINTY') );
#5984 = ( LENGTH_UNIT() NAMED_UNIT(*) SI_UNIT(.MILLI.,.METRE.) );
#5985 = ( NAMED_UNIT(*) PLANE_ANGLE_UNIT() SI_UNIT($,.RADIAN.) );
#5986 = ( NAMED_UNIT(*) SI_UNIT($,.STERADIAN.) SOLID_ANGLE_UNIT() );
#5987 = UNCERTAINTY_MEASURE_WITH_UNIT(LENGTH_MEASURE(1.E-07),#5984,
  'distance_accuracy_value','confusion accuracy');
#5988 = CONTEXT_DEPENDENT_SHAPE_REPRESENTATION(#5989,#5991);
#5989 = ( REPRESENTATION_RELATIONSHIP('','',#5929,#4434) 
REPRESENTATION_RELATIONSHIP_WITH_TRANSFORMATION(#5990) 
SHAPE_REPRESENTATION_RELATIONSHIP() );
#5990 = ITEM_DEFINED_TRANSFORMATION('','',#11,#4511);
#5991 = PRODUCT_DEFINITION_SHAPE('Placement','Placement of an item',
  #5992);
#5992 = NEXT_ASSEMBLY_USAGE_OCCURRENCE('113','Leads019','',#4429,#5924,$
  );
#5993 = PRODUCT_RELATED_PRODUCT_CATEGORY('part',$,(#5926));
#5994 = SHAPE_DEFINITION_REPRESENTATION(#5995,#6001);
#5995 = PRODUCT_DEFINITION_SHAPE('','',#5996);
#5996 = PRODUCT_DEFINITION('design','',#5997,#6000);
#5997 = PRODUCT_DEFINITION_FORMATION('','',#5998);
#5998 = PRODUCT('Leads020','Leads020','',(#5999));
#5999 = PRODUCT_CONTEXT('',#2,'mechanical');
#6000 = PRODUCT_DEFINITION_CONTEXT('part definition',#2,'design');
#6001 = ADVANCED_BREP_SHAPE_REPRESENTATION('',(#11,#6002),#6055);
#6002 = MANIFOLD_SOLID_BREP('',#6003);
#6003 = CLOSED_SHELL('',(#6004,#6037,#6046));
#6004 = ADVANCED_FACE('',(#6005),#6032,.T.);
#6005 = FACE_BOUND('',#6006,.T.);
#6006 = EDGE_LOOP('',(#6007,#6016,#6024,#6031));
#6007 = ORIENTED_EDGE('',*,*,#6008,.F.);
#6008 = EDGE_CURVE('',#6009,#6009,#6011,.T.);
#6009 = VERTEX_POINT('',#6010);
#6010 = CARTESIAN_POINT('',(19.3055,-2.54,0.1));
#6011 = CIRCLE('',#6012,0.2555);
#6012 = AXIS2_PLACEMENT_3D('',#6013,#6014,#6015);
#6013 = CARTESIAN_POINT('',(19.05,-2.54,0.1));
#6014 = DIRECTION('',(0.,0.,1.));
#6015 = DIRECTION('',(1.,0.,-0.));
#6016 = ORIENTED_EDGE('',*,*,#6017,.F.);
#6017 = EDGE_CURVE('',#6018,#6009,#6020,.T.);
#6018 = VERTEX_POINT('',#6019);
#6019 = CARTESIAN_POINT('',(19.3055,-2.54,-5.));
#6020 = LINE('',#6021,#6022);
#6021 = CARTESIAN_POINT('',(19.3055,-2.54,-5.));
#6022 = VECTOR('',#6023,1.);
#6023 = DIRECTION('',(0.,0.,1.));
#6024 = ORIENTED_EDGE('',*,*,#6025,.T.);
#6025 = EDGE_CURVE('',#6018,#6018,#6026,.T.);
#6026 = CIRCLE('',#6027,0.2555);
#6027 = AXIS2_PLACEMENT_3D('',#6028,#6029,#6030);
#6028 = CARTESIAN_POINT('',(19.05,-2.54,-5.));
#6029 = DIRECTION('',(0.,0.,1.));
#6030 = DIRECTION('',(1.,0.,-0.));
#6031 = ORIENTED_EDGE('',*,*,#6017,.T.);
#6032 = CYLINDRICAL_SURFACE('',#6033,0.2555);
#6033 = AXIS2_PLACEMENT_3D('',#6034,#6035,#6036);
#6034 = CARTESIAN_POINT('',(19.05,-2.54,-5.));
#6035 = DIRECTION('',(0.,0.,1.));
#6036 = DIRECTION('',(1.,0.,-0.));
#6037 = ADVANCED_FACE('',(#6038),#6041,.T.);
#6038 = FACE_BOUND('',#6039,.T.);
#6039 = EDGE_LOOP('',(#6040));
#6040 = ORIENTED_EDGE('',*,*,#6008,.T.);
#6041 = PLANE('',#6042);
#6042 = AXIS2_PLACEMENT_3D('',#6043,#6044,#6045);
#6043 = CARTESIAN_POINT('',(19.05,-2.54,0.1));
#6044 = DIRECTION('',(0.,0.,1.));
#6045 = DIRECTION('',(1.,0.,-0.));
#6046 = ADVANCED_FACE('',(#6047),#6050,.F.);
#6047 = FACE_BOUND('',#6048,.T.);
#6048 = EDGE_LOOP('',(#6049));
#6049 = ORIENTED_EDGE('',*,*,#6025,.F.);
#6050 = PLANE('',#6051);
#6051 = AXIS2_PLACEMENT_3D('',#6052,#6053,#6054);
#6052 = CARTESIAN_POINT('',(19.05,-2.54,-5.));
#6053 = DIRECTION('',(0.,0.,1.));
#6054 = DIRECTION('',(1.,0.,-0.));
#6055 = ( GEOMETRIC_REPRESENTATION_CONTEXT(3) 
GLOBAL_UNCERTAINTY_ASSIGNED_CONTEXT((#6059)) 
GLOBAL_UNIT_ASSIGNED_CONTEXT((#6056,#6057,#6058)) REPRESENTATION_CONTEXT
('Context #1','3D Context with UNIT and UNCERTAINTY') );
#6056 = ( LENGTH_UNIT() NAMED_UNIT(*) SI_UNIT(.MILLI.,.METRE.) );
#6057 = ( NAMED_UNIT(*) PLANE_ANGLE_UNIT() SI_UNIT($,.RADIAN.) );
#6058 = ( NAMED_UNIT(*) SI_UNIT($,.STERADIAN.) SOLID_ANGLE_UNIT() );
#6059 = UNCERTAINTY_MEASURE_WITH_UNIT(LENGTH_MEASURE(1.E-07),#6056,
  'distance_accuracy_value','confusion accuracy');
#6060 = CONTEXT_DEPENDENT_SHAPE_REPRESENTATION(#6061,#6063);
#6061 = ( REPRESENTATION_RELATIONSHIP('','',#6001,#4434) 
REPRESENTATION_RELATIONSHIP_WITH_TRANSFORMATION(#6062) 
SHAPE_REPRESENTATION_RELATIONSHIP() );
#6062 = ITEM_DEFINED_TRANSFORMATION('','',#11,#4515);
#6063 = PRODUCT_DEFINITION_SHAPE('Placement','Placement of an item',
  #6064);
#6064 = NEXT_ASSEMBLY_USAGE_OCCURRENCE('114','Leads020','',#4429,#5996,$
  );
#6065 = PRODUCT_RELATED_PRODUCT_CATEGORY('part',$,(#5998));
#6066 = SHAPE_DEFINITION_REPRESENTATION(#6067,#6073);
#6067 = PRODUCT_DEFINITION_SHAPE('','',#6068);
#6068 = PRODUCT_DEFINITION('design','',#6069,#6072);
#6069 = PRODUCT_DEFINITION_FORMATION('','',#6070);
#6070 = PRODUCT('Leads021','Leads021','',(#6071));
#6071 = PRODUCT_CONTEXT('',#2,'mechanical');
#6072 = PRODUCT_DEFINITION_CONTEXT('part definition',#2,'design');
#6073 = ADVANCED_BREP_SHAPE_REPRESENTATION('',(#11,#6074),#6127);
#6074 = MANIFOLD_SOLID_BREP('',#6075);
#6075 = CLOSED_SHELL('',(#6076,#6109,#6118));
#6076 = ADVANCED_FACE('',(#6077),#6104,.T.);
#6077 = FACE_BOUND('',#6078,.T.);
#6078 = EDGE_LOOP('',(#6079,#6088,#6096,#6103));
#6079 = ORIENTED_EDGE('',*,*,#6080,.F.);
#6080 = EDGE_CURVE('',#6081,#6081,#6083,.T.);
#6081 = VERTEX_POINT('',#6082);
#6082 = CARTESIAN_POINT('',(21.8455,-2.54,0.1));
#6083 = CIRCLE('',#6084,0.2555);
#6084 = AXIS2_PLACEMENT_3D('',#6085,#6086,#6087);
#6085 = CARTESIAN_POINT('',(21.59,-2.54,0.1));
#6086 = DIRECTION('',(0.,0.,1.));
#6087 = DIRECTION('',(1.,0.,-0.));
#6088 = ORIENTED_EDGE('',*,*,#6089,.F.);
#6089 = EDGE_CURVE('',#6090,#6081,#6092,.T.);
#6090 = VERTEX_POINT('',#6091);
#6091 = CARTESIAN_POINT('',(21.8455,-2.54,-5.));
#6092 = LINE('',#6093,#6094);
#6093 = CARTESIAN_POINT('',(21.8455,-2.54,-5.));
#6094 = VECTOR('',#6095,1.);
#6095 = DIRECTION('',(0.,0.,1.));
#6096 = ORIENTED_EDGE('',*,*,#6097,.T.);
#6097 = EDGE_CURVE('',#6090,#6090,#6098,.T.);
#6098 = CIRCLE('',#6099,0.2555);
#6099 = AXIS2_PLACEMENT_3D('',#6100,#6101,#6102);
#6100 = CARTESIAN_POINT('',(21.59,-2.54,-5.));
#6101 = DIRECTION('',(0.,0.,1.));
#6102 = DIRECTION('',(1.,0.,-0.));
#6103 = ORIENTED_EDGE('',*,*,#6089,.T.);
#6104 = CYLINDRICAL_SURFACE('',#6105,0.2555);
#6105 = AXIS2_PLACEMENT_3D('',#6106,#6107,#6108);
#6106 = CARTESIAN_POINT('',(21.59,-2.54,-5.));
#6107 = DIRECTION('',(0.,0.,1.));
#6108 = DIRECTION('',(1.,0.,-0.));
#6109 = ADVANCED_FACE('',(#6110),#6113,.T.);
#6110 = FACE_BOUND('',#6111,.T.);
#6111 = EDGE_LOOP('',(#6112));
#6112 = ORIENTED_EDGE('',*,*,#6080,.T.);
#6113 = PLANE('',#6114);
#6114 = AXIS2_PLACEMENT_3D('',#6115,#6116,#6117);
#6115 = CARTESIAN_POINT('',(21.59,-2.54,0.1));
#6116 = DIRECTION('',(0.,0.,1.));
#6117 = DIRECTION('',(1.,0.,-0.));
#6118 = ADVANCED_FACE('',(#6119),#6122,.F.);
#6119 = FACE_BOUND('',#6120,.T.);
#6120 = EDGE_LOOP('',(#6121));
#6121 = ORIENTED_EDGE('',*,*,#6097,.F.);
#6122 = PLANE('',#6123);
#6123 = AXIS2_PLACEMENT_3D('',#6124,#6125,#6126);
#6124 = CARTESIAN_POINT('',(21.59,-2.54,-5.));
#6125 = DIRECTION('',(0.,0.,1.));
#6126 = DIRECTION('',(1.,0.,-0.));
#6127 = ( GEOMETRIC_REPRESENTATION_CONTEXT(3) 
GLOBAL_UNCERTAINTY_ASSIGNED_CONTEXT((#6131)) 
GLOBAL_UNIT_ASSIGNED_CONTEXT((#6128,#6129,#6130)) REPRESENTATION_CONTEXT
('Context #1','3D Context with UNIT and UNCERTAINTY') );
#6128 = ( LENGTH_UNIT() NAMED_UNIT(*) SI_UNIT(.MILLI.,.METRE.) );
#6129 = ( NAMED_UNIT(*) PLANE_ANGLE_UNIT() SI_UNIT($,.RADIAN.) );
#6130 = ( NAMED_UNIT(*) SI_UNIT($,.STERADIAN.) SOLID_ANGLE_UNIT() );
#6131 = UNCERTAINTY_MEASURE_WITH_UNIT(LENGTH_MEASURE(1.E-07),#6128,
  'distance_accuracy_value','confusion accuracy');
#6132 = CONTEXT_DEPENDENT_SHAPE_REPRESENTATION(#6133,#6135);
#6133 = ( REPRESENTATION_RELATIONSHIP('','',#6073,#4434) 
REPRESENTATION_RELATIONSHIP_WITH_TRANSFORMATION(#6134) 
SHAPE_REPRESENTATION_RELATIONSHIP() );
#6134 = ITEM_DEFINED_TRANSFORMATION('','',#11,#4519);
#6135 = PRODUCT_DEFINITION_SHAPE('Placement','Placement of an item',
  #6136);
#6136 = NEXT_ASSEMBLY_USAGE_OCCURRENCE('115','Leads021','',#4429,#6068,$
  );
#6137 = PRODUCT_RELATED_PRODUCT_CATEGORY('part',$,(#6070));
#6138 = SHAPE_DEFINITION_REPRESENTATION(#6139,#6145);
#6139 = PRODUCT_DEFINITION_SHAPE('','',#6140);
#6140 = PRODUCT_DEFINITION('design','',#6141,#6144);
#6141 = PRODUCT_DEFINITION_FORMATION('','',#6142);
#6142 = PRODUCT('Leads022','Leads022','',(#6143));
#6143 = PRODUCT_CONTEXT('',#2,'mechanical');
#6144 = PRODUCT_DEFINITION_CONTEXT('part definition',#2,'design');
#6145 = ADVANCED_BREP_SHAPE_REPRESENTATION('',(#11,#6146),#6199);
#6146 = MANIFOLD_SOLID_BREP('',#6147);
#6147 = CLOSED_SHELL('',(#6148,#6181,#6190));
#6148 = ADVANCED_FACE('',(#6149),#6176,.T.);
#6149 = FACE_BOUND('',#6150,.T.);
#6150 = EDGE_LOOP('',(#6151,#6160,#6168,#6175));
#6151 = ORIENTED_EDGE('',*,*,#6152,.F.);
#6152 = EDGE_CURVE('',#6153,#6153,#6155,.T.);
#6153 = VERTEX_POINT('',#6154);
#6154 = CARTESIAN_POINT('',(24.3855,-2.54,0.1));
#6155 = CIRCLE('',#6156,0.2555);
#6156 = AXIS2_PLACEMENT_3D('',#6157,#6158,#6159);
#6157 = CARTESIAN_POINT('',(24.13,-2.54,0.1));
#6158 = DIRECTION('',(0.,0.,1.));
#6159 = DIRECTION('',(1.,0.,-0.));
#6160 = ORIENTED_EDGE('',*,*,#6161,.F.);
#6161 = EDGE_CURVE('',#6162,#6153,#6164,.T.);
#6162 = VERTEX_POINT('',#6163);
#6163 = CARTESIAN_POINT('',(24.3855,-2.54,-5.));
#6164 = LINE('',#6165,#6166);
#6165 = CARTESIAN_POINT('',(24.3855,-2.54,-5.));
#6166 = VECTOR('',#6167,1.);
#6167 = DIRECTION('',(0.,0.,1.));
#6168 = ORIENTED_EDGE('',*,*,#6169,.T.);
#6169 = EDGE_CURVE('',#6162,#6162,#6170,.T.);
#6170 = CIRCLE('',#6171,0.2555);
#6171 = AXIS2_PLACEMENT_3D('',#6172,#6173,#6174);
#6172 = CARTESIAN_POINT('',(24.13,-2.54,-5.));
#6173 = DIRECTION('',(0.,0.,1.));
#6174 = DIRECTION('',(1.,0.,-0.));
#6175 = ORIENTED_EDGE('',*,*,#6161,.T.);
#6176 = CYLINDRICAL_SURFACE('',#6177,0.2555);
#6177 = AXIS2_PLACEMENT_3D('',#6178,#6179,#6180);
#6178 = CARTESIAN_POINT('',(24.13,-2.54,-5.));
#6179 = DIRECTION('',(0.,0.,1.));
#6180 = DIRECTION('',(1.,0.,-0.));
#6181 = ADVANCED_FACE('',(#6182),#6185,.T.);
#6182 = FACE_BOUND('',#6183,.T.);
#6183 = EDGE_LOOP('',(#6184));
#6184 = ORIENTED_EDGE('',*,*,#6152,.T.);
#6185 = PLANE('',#6186);
#6186 = AXIS2_PLACEMENT_3D('',#6187,#6188,#6189);
#6187 = CARTESIAN_POINT('',(24.13,-2.54,0.1));
#6188 = DIRECTION('',(0.,0.,1.));
#6189 = DIRECTION('',(1.,0.,-0.));
#6190 = ADVANCED_FACE('',(#6191),#6194,.F.);
#6191 = FACE_BOUND('',#6192,.T.);
#6192 = EDGE_LOOP('',(#6193));
#6193 = ORIENTED_EDGE('',*,*,#6169,.F.);
#6194 = PLANE('',#6195);
#6195 = AXIS2_PLACEMENT_3D('',#6196,#6197,#6198);
#6196 = CARTESIAN_POINT('',(24.13,-2.54,-5.));
#6197 = DIRECTION('',(0.,0.,1.));
#6198 = DIRECTION('',(1.,0.,-0.));
#6199 = ( GEOMETRIC_REPRESENTATION_CONTEXT(3) 
GLOBAL_UNCERTAINTY_ASSIGNED_CONTEXT((#6203)) 
GLOBAL_UNIT_ASSIGNED_CONTEXT((#6200,#6201,#6202)) REPRESENTATION_CONTEXT
('Context #1','3D Context with UNIT and UNCERTAINTY') );
#6200 = ( LENGTH_UNIT() NAMED_UNIT(*) SI_UNIT(.MILLI.,.METRE.) );
#6201 = ( NAMED_UNIT(*) PLANE_ANGLE_UNIT() SI_UNIT($,.RADIAN.) );
#6202 = ( NAMED_UNIT(*) SI_UNIT($,.STERADIAN.) SOLID_ANGLE_UNIT() );
#6203 = UNCERTAINTY_MEASURE_WITH_UNIT(LENGTH_MEASURE(1.E-07),#6200,
  'distance_accuracy_value','confusion accuracy');
#6204 = CONTEXT_DEPENDENT_SHAPE_REPRESENTATION(#6205,#6207);
#6205 = ( REPRESENTATION_RELATIONSHIP('','',#6145,#4434) 
REPRESENTATION_RELATIONSHIP_WITH_TRANSFORMATION(#6206) 
SHAPE_REPRESENTATION_RELATIONSHIP() );
#6206 = ITEM_DEFINED_TRANSFORMATION('','',#11,#4523);
#6207 = PRODUCT_DEFINITION_SHAPE('Placement','Placement of an item',
  #6208);
#6208 = NEXT_ASSEMBLY_USAGE_OCCURRENCE('116','Leads022','',#4429,#6140,$
  );
#6209 = PRODUCT_RELATED_PRODUCT_CATEGORY('part',$,(#6142));
#6210 = SHAPE_DEFINITION_REPRESENTATION(#6211,#6217);
#6211 = PRODUCT_DEFINITION_SHAPE('','',#6212);
#6212 = PRODUCT_DEFINITION('design','',#6213,#6216);
#6213 = PRODUCT_DEFINITION_FORMATION('','',#6214);
#6214 = PRODUCT('Leads023','Leads023','',(#6215));
#6215 = PRODUCT_CONTEXT('',#2,'mechanical');
#6216 = PRODUCT_DEFINITION_CONTEXT('part definition',#2,'design');
#6217 = ADVANCED_BREP_SHAPE_REPRESENTATION('',(#11,#6218),#6271);
#6218 = MANIFOLD_SOLID_BREP('',#6219);
#6219 = CLOSED_SHELL('',(#6220,#6253,#6262));
#6220 = ADVANCED_FACE('',(#6221),#6248,.T.);
#6221 = FACE_BOUND('',#6222,.T.);
#6222 = EDGE_LOOP('',(#6223,#6232,#6240,#6247));
#6223 = ORIENTED_EDGE('',*,*,#6224,.F.);
#6224 = EDGE_CURVE('',#6225,#6225,#6227,.T.);
#6225 = VERTEX_POINT('',#6226);
#6226 = CARTESIAN_POINT('',(26.9255,-2.54,0.1));
#6227 = CIRCLE('',#6228,0.2555);
#6228 = AXIS2_PLACEMENT_3D('',#6229,#6230,#6231);
#6229 = CARTESIAN_POINT('',(26.67,-2.54,0.1));
#6230 = DIRECTION('',(0.,0.,1.));
#6231 = DIRECTION('',(1.,0.,-0.));
#6232 = ORIENTED_EDGE('',*,*,#6233,.F.);
#6233 = EDGE_CURVE('',#6234,#6225,#6236,.T.);
#6234 = VERTEX_POINT('',#6235);
#6235 = CARTESIAN_POINT('',(26.9255,-2.54,-5.));
#6236 = LINE('',#6237,#6238);
#6237 = CARTESIAN_POINT('',(26.9255,-2.54,-5.));
#6238 = VECTOR('',#6239,1.);
#6239 = DIRECTION('',(0.,0.,1.));
#6240 = ORIENTED_EDGE('',*,*,#6241,.T.);
#6241 = EDGE_CURVE('',#6234,#6234,#6242,.T.);
#6242 = CIRCLE('',#6243,0.2555);
#6243 = AXIS2_PLACEMENT_3D('',#6244,#6245,#6246);
#6244 = CARTESIAN_POINT('',(26.67,-2.54,-5.));
#6245 = DIRECTION('',(0.,0.,1.));
#6246 = DIRECTION('',(1.,0.,-0.));
#6247 = ORIENTED_EDGE('',*,*,#6233,.T.);
#6248 = CYLINDRICAL_SURFACE('',#6249,0.2555);
#6249 = AXIS2_PLACEMENT_3D('',#6250,#6251,#6252);
#6250 = CARTESIAN_POINT('',(26.67,-2.54,-5.));
#6251 = DIRECTION('',(0.,0.,1.));
#6252 = DIRECTION('',(1.,0.,-0.));
#6253 = ADVANCED_FACE('',(#6254),#6257,.T.);
#6254 = FACE_BOUND('',#6255,.T.);
#6255 = EDGE_LOOP('',(#6256));
#6256 = ORIENTED_EDGE('',*,*,#6224,.T.);
#6257 = PLANE('',#6258);
#6258 = AXIS2_PLACEMENT_3D('',#6259,#6260,#6261);
#6259 = CARTESIAN_POINT('',(26.67,-2.54,0.1));
#6260 = DIRECTION('',(0.,0.,1.));
#6261 = DIRECTION('',(1.,0.,-0.));
#6262 = ADVANCED_FACE('',(#6263),#6266,.F.);
#6263 = FACE_BOUND('',#6264,.T.);
#6264 = EDGE_LOOP('',(#6265));
#6265 = ORIENTED_EDGE('',*,*,#6241,.F.);
#6266 = PLANE('',#6267);
#6267 = AXIS2_PLACEMENT_3D('',#6268,#6269,#6270);
#6268 = CARTESIAN_POINT('',(26.67,-2.54,-5.));
#6269 = DIRECTION('',(0.,0.,1.));
#6270 = DIRECTION('',(1.,0.,-0.));
#6271 = ( GEOMETRIC_REPRESENTATION_CONTEXT(3) 
GLOBAL_UNCERTAINTY_ASSIGNED_CONTEXT((#6275)) 
GLOBAL_UNIT_ASSIGNED_CONTEXT((#6272,#6273,#6274)) REPRESENTATION_CONTEXT
('Context #1','3D Context with UNIT and UNCERTAINTY') );
#6272 = ( LENGTH_UNIT() NAMED_UNIT(*) SI_UNIT(.MILLI.,.METRE.) );
#6273 = ( NAMED_UNIT(*) PLANE_ANGLE_UNIT() SI_UNIT($,.RADIAN.) );
#6274 = ( NAMED_UNIT(*) SI_UNIT($,.STERADIAN.) SOLID_ANGLE_UNIT() );
#6275 = UNCERTAINTY_MEASURE_WITH_UNIT(LENGTH_MEASURE(1.E-07),#6272,
  'distance_accuracy_value','confusion accuracy');
#6276 = CONTEXT_DEPENDENT_SHAPE_REPRESENTATION(#6277,#6279);
#6277 = ( REPRESENTATION_RELATIONSHIP('','',#6217,#4434) 
REPRESENTATION_RELATIONSHIP_WITH_TRANSFORMATION(#6278) 
SHAPE_REPRESENTATION_RELATIONSHIP() );
#6278 = ITEM_DEFINED_TRANSFORMATION('','',#11,#4527);
#6279 = PRODUCT_DEFINITION_SHAPE('Placement','Placement of an item',
  #6280);
#6280 = NEXT_ASSEMBLY_USAGE_OCCURRENCE('117','Leads023','',#4429,#6212,$
  );
#6281 = PRODUCT_RELATED_PRODUCT_CATEGORY('part',$,(#6214));
#6282 = SHAPE_DEFINITION_REPRESENTATION(#6283,#6289);
#6283 = PRODUCT_DEFINITION_SHAPE('','',#6284);
#6284 = PRODUCT_DEFINITION('design','',#6285,#6288);
#6285 = PRODUCT_DEFINITION_FORMATION('','',#6286);
#6286 = PRODUCT('Leads024','Leads024','',(#6287));
#6287 = PRODUCT_CONTEXT('',#2,'mechanical');
#6288 = PRODUCT_DEFINITION_CONTEXT('part definition',#2,'design');
#6289 = ADVANCED_BREP_SHAPE_REPRESENTATION('',(#11,#6290),#6343);
#6290 = MANIFOLD_SOLID_BREP('',#6291);
#6291 = CLOSED_SHELL('',(#6292,#6325,#6334));
#6292 = ADVANCED_FACE('',(#6293),#6320,.T.);
#6293 = FACE_BOUND('',#6294,.T.);
#6294 = EDGE_LOOP('',(#6295,#6304,#6312,#6319));
#6295 = ORIENTED_EDGE('',*,*,#6296,.F.);
#6296 = EDGE_CURVE('',#6297,#6297,#6299,.T.);
#6297 = VERTEX_POINT('',#6298);
#6298 = CARTESIAN_POINT('',(29.4655,-2.54,0.1));
#6299 = CIRCLE('',#6300,0.2555);
#6300 = AXIS2_PLACEMENT_3D('',#6301,#6302,#6303);
#6301 = CARTESIAN_POINT('',(29.21,-2.54,0.1));
#6302 = DIRECTION('',(0.,0.,1.));
#6303 = DIRECTION('',(1.,0.,-0.));
#6304 = ORIENTED_EDGE('',*,*,#6305,.F.);
#6305 = EDGE_CURVE('',#6306,#6297,#6308,.T.);
#6306 = VERTEX_POINT('',#6307);
#6307 = CARTESIAN_POINT('',(29.4655,-2.54,-5.));
#6308 = LINE('',#6309,#6310);
#6309 = CARTESIAN_POINT('',(29.4655,-2.54,-5.));
#6310 = VECTOR('',#6311,1.);
#6311 = DIRECTION('',(0.,0.,1.));
#6312 = ORIENTED_EDGE('',*,*,#6313,.T.);
#6313 = EDGE_CURVE('',#6306,#6306,#6314,.T.);
#6314 = CIRCLE('',#6315,0.2555);
#6315 = AXIS2_PLACEMENT_3D('',#6316,#6317,#6318);
#6316 = CARTESIAN_POINT('',(29.21,-2.54,-5.));
#6317 = DIRECTION('',(0.,0.,1.));
#6318 = DIRECTION('',(1.,0.,-0.));
#6319 = ORIENTED_EDGE('',*,*,#6305,.T.);
#6320 = CYLINDRICAL_SURFACE('',#6321,0.2555);
#6321 = AXIS2_PLACEMENT_3D('',#6322,#6323,#6324);
#6322 = CARTESIAN_POINT('',(29.21,-2.54,-5.));
#6323 = DIRECTION('',(0.,0.,1.));
#6324 = DIRECTION('',(1.,0.,-0.));
#6325 = ADVANCED_FACE('',(#6326),#6329,.T.);
#6326 = FACE_BOUND('',#6327,.T.);
#6327 = EDGE_LOOP('',(#6328));
#6328 = ORIENTED_EDGE('',*,*,#6296,.T.);
#6329 = PLANE('',#6330);
#6330 = AXIS2_PLACEMENT_3D('',#6331,#6332,#6333);
#6331 = CARTESIAN_POINT('',(29.21,-2.54,0.1));
#6332 = DIRECTION('',(0.,0.,1.));
#6333 = DIRECTION('',(1.,0.,-0.));
#6334 = ADVANCED_FACE('',(#6335),#6338,.F.);
#6335 = FACE_BOUND('',#6336,.T.);
#6336 = EDGE_LOOP('',(#6337));
#6337 = ORIENTED_EDGE('',*,*,#6313,.F.);
#6338 = PLANE('',#6339);
#6339 = AXIS2_PLACEMENT_3D('',#6340,#6341,#6342);
#6340 = CARTESIAN_POINT('',(29.21,-2.54,-5.));
#6341 = DIRECTION('',(0.,0.,1.));
#6342 = DIRECTION('',(1.,0.,-0.));
#6343 = ( GEOMETRIC_REPRESENTATION_CONTEXT(3) 
GLOBAL_UNCERTAINTY_ASSIGNED_CONTEXT((#6347)) 
GLOBAL_UNIT_ASSIGNED_CONTEXT((#6344,#6345,#6346)) REPRESENTATION_CONTEXT
('Context #1','3D Context with UNIT and UNCERTAINTY') );
#6344 = ( LENGTH_UNIT() NAMED_UNIT(*) SI_UNIT(.MILLI.,.METRE.) );
#6345 = ( NAMED_UNIT(*) PLANE_ANGLE_UNIT() SI_UNIT($,.RADIAN.) );
#6346 = ( NAMED_UNIT(*) SI_UNIT($,.STERADIAN.) SOLID_ANGLE_UNIT() );
#6347 = UNCERTAINTY_MEASURE_WITH_UNIT(LENGTH_MEASURE(1.E-07),#6344,
  'distance_accuracy_value','confusion accuracy');
#6348 = CONTEXT_DEPENDENT_SHAPE_REPRESENTATION(#6349,#6351);
#6349 = ( REPRESENTATION_RELATIONSHIP('','',#6289,#4434) 
REPRESENTATION_RELATIONSHIP_WITH_TRANSFORMATION(#6350) 
SHAPE_REPRESENTATION_RELATIONSHIP() );
#6350 = ITEM_DEFINED_TRANSFORMATION('','',#11,#4531);
#6351 = PRODUCT_DEFINITION_SHAPE('Placement','Placement of an item',
  #6352);
#6352 = NEXT_ASSEMBLY_USAGE_OCCURRENCE('118','Leads024','',#4429,#6284,$
  );
#6353 = PRODUCT_RELATED_PRODUCT_CATEGORY('part',$,(#6286));
#6354 = SHAPE_DEFINITION_REPRESENTATION(#6355,#6361);
#6355 = PRODUCT_DEFINITION_SHAPE('','',#6356);
#6356 = PRODUCT_DEFINITION('design','',#6357,#6360);
#6357 = PRODUCT_DEFINITION_FORMATION('','',#6358);
#6358 = PRODUCT('Leads025','Leads025','',(#6359));
#6359 = PRODUCT_CONTEXT('',#2,'mechanical');
#6360 = PRODUCT_DEFINITION_CONTEXT('part definition',#2,'design');
#6361 = ADVANCED_BREP_SHAPE_REPRESENTATION('',(#11,#6362),#6415);
#6362 = MANIFOLD_SOLID_BREP('',#6363);
#6363 = CLOSED_SHELL('',(#6364,#6397,#6406));
#6364 = ADVANCED_FACE('',(#6365),#6392,.T.);
#6365 = FACE_BOUND('',#6366,.T.);
#6366 = EDGE_LOOP('',(#6367,#6376,#6384,#6391));
#6367 = ORIENTED_EDGE('',*,*,#6368,.F.);
#6368 = EDGE_CURVE('',#6369,#6369,#6371,.T.);
#6369 = VERTEX_POINT('',#6370);
#6370 = CARTESIAN_POINT('',(-2.59,-1.27,0.1));
#6371 = CIRCLE('',#6372,1.22);
#6372 = AXIS2_PLACEMENT_3D('',#6373,#6374,#6375);
#6373 = CARTESIAN_POINT('',(-3.81,-1.27,0.1));
#6374 = DIRECTION('',(0.,0.,1.));
#6375 = DIRECTION('',(1.,0.,-0.));
#6376 = ORIENTED_EDGE('',*,*,#6377,.F.);
#6377 = EDGE_CURVE('',#6378,#6369,#6380,.T.);
#6378 = VERTEX_POINT('',#6379);
#6379 = CARTESIAN_POINT('',(-2.59,-1.27,-5.));
#6380 = LINE('',#6381,#6382);
#6381 = CARTESIAN_POINT('',(-2.59,-1.27,-5.));
#6382 = VECTOR('',#6383,1.);
#6383 = DIRECTION('',(0.,0.,1.));
#6384 = ORIENTED_EDGE('',*,*,#6385,.T.);
#6385 = EDGE_CURVE('',#6378,#6378,#6386,.T.);
#6386 = CIRCLE('',#6387,1.22);
#6387 = AXIS2_PLACEMENT_3D('',#6388,#6389,#6390);
#6388 = CARTESIAN_POINT('',(-3.81,-1.27,-5.));
#6389 = DIRECTION('',(0.,0.,1.));
#6390 = DIRECTION('',(1.,0.,-0.));
#6391 = ORIENTED_EDGE('',*,*,#6377,.T.);
#6392 = CYLINDRICAL_SURFACE('',#6393,1.22);
#6393 = AXIS2_PLACEMENT_3D('',#6394,#6395,#6396);
#6394 = CARTESIAN_POINT('',(-3.81,-1.27,-5.));
#6395 = DIRECTION('',(0.,0.,1.));
#6396 = DIRECTION('',(1.,0.,-0.));
#6397 = ADVANCED_FACE('',(#6398),#6401,.T.);
#6398 = FACE_BOUND('',#6399,.T.);
#6399 = EDGE_LOOP('',(#6400));
#6400 = ORIENTED_EDGE('',*,*,#6368,.T.);
#6401 = PLANE('',#6402);
#6402 = AXIS2_PLACEMENT_3D('',#6403,#6404,#6405);
#6403 = CARTESIAN_POINT('',(-3.81,-1.27,0.1));
#6404 = DIRECTION('',(0.,0.,1.));
#6405 = DIRECTION('',(1.,0.,-0.));
#6406 = ADVANCED_FACE('',(#6407),#6410,.F.);
#6407 = FACE_BOUND('',#6408,.T.);
#6408 = EDGE_LOOP('',(#6409));
#6409 = ORIENTED_EDGE('',*,*,#6385,.F.);
#6410 = PLANE('',#6411);
#6411 = AXIS2_PLACEMENT_3D('',#6412,#6413,#6414);
#6412 = CARTESIAN_POINT('',(-3.81,-1.27,-5.));
#6413 = DIRECTION('',(0.,0.,1.));
#6414 = DIRECTION('',(1.,0.,-0.));
#6415 = ( GEOMETRIC_REPRESENTATION_CONTEXT(3) 
GLOBAL_UNCERTAINTY_ASSIGNED_CONTEXT((#6419)) 
GLOBAL_UNIT_ASSIGNED_CONTEXT((#6416,#6417,#6418)) REPRESENTATION_CONTEXT
('Context #1','3D Context with UNIT and UNCERTAINTY') );
#6416 = ( LENGTH_UNIT() NAMED_UNIT(*) SI_UNIT(.MILLI.,.METRE.) );
#6417 = ( NAMED_UNIT(*) PLANE_ANGLE_UNIT() SI_UNIT($,.RADIAN.) );
#6418 = ( NAMED_UNIT(*) SI_UNIT($,.STERADIAN.) SOLID_ANGLE_UNIT() );
#6419 = UNCERTAINTY_MEASURE_WITH_UNIT(LENGTH_MEASURE(1.E-07),#6416,
  'distance_accuracy_value','confusion accuracy');
#6420 = CONTEXT_DEPENDENT_SHAPE_REPRESENTATION(#6421,#6423);
#6421 = ( REPRESENTATION_RELATIONSHIP('','',#6361,#4434) 
REPRESENTATION_RELATIONSHIP_WITH_TRANSFORMATION(#6422) 
SHAPE_REPRESENTATION_RELATIONSHIP() );
#6422 = ITEM_DEFINED_TRANSFORMATION('','',#11,#4535);
#6423 = PRODUCT_DEFINITION_SHAPE('Placement','Placement of an item',
  #6424);
#6424 = NEXT_ASSEMBLY_USAGE_OCCURRENCE('119','Leads025','',#4429,#6356,$
  );
#6425 = PRODUCT_RELATED_PRODUCT_CATEGORY('part',$,(#6358));
#6426 = SHAPE_DEFINITION_REPRESENTATION(#6427,#6433);
#6427 = PRODUCT_DEFINITION_SHAPE('','',#6428);
#6428 = PRODUCT_DEFINITION('design','',#6429,#6432);
#6429 = PRODUCT_DEFINITION_FORMATION('','',#6430);
#6430 = PRODUCT('Leads026','Leads026','',(#6431));
#6431 = PRODUCT_CONTEXT('',#2,'mechanical');
#6432 = PRODUCT_DEFINITION_CONTEXT('part definition',#2,'design');
#6433 = ADVANCED_BREP_SHAPE_REPRESENTATION('',(#11,#6434),#6487);
#6434 = MANIFOLD_SOLID_BREP('',#6435);
#6435 = CLOSED_SHELL('',(#6436,#6469,#6478));
#6436 = ADVANCED_FACE('',(#6437),#6464,.T.);
#6437 = FACE_BOUND('',#6438,.T.);
#6438 = EDGE_LOOP('',(#6439,#6448,#6456,#6463));
#6439 = ORIENTED_EDGE('',*,*,#6440,.F.);
#6440 = EDGE_CURVE('',#6441,#6441,#6443,.T.);
#6441 = VERTEX_POINT('',#6442);
#6442 = CARTESIAN_POINT('',(35.51,-1.27,0.1));
#6443 = CIRCLE('',#6444,1.22);
#6444 = AXIS2_PLACEMENT_3D('',#6445,#6446,#6447);
#6445 = CARTESIAN_POINT('',(34.29,-1.27,0.1));
#6446 = DIRECTION('',(0.,0.,1.));
#6447 = DIRECTION('',(1.,0.,-0.));
#6448 = ORIENTED_EDGE('',*,*,#6449,.F.);
#6449 = EDGE_CURVE('',#6450,#6441,#6452,.T.);
#6450 = VERTEX_POINT('',#6451);
#6451 = CARTESIAN_POINT('',(35.51,-1.27,-5.));
#6452 = LINE('',#6453,#6454);
#6453 = CARTESIAN_POINT('',(35.51,-1.27,-5.));
#6454 = VECTOR('',#6455,1.);
#6455 = DIRECTION('',(0.,0.,1.));
#6456 = ORIENTED_EDGE('',*,*,#6457,.T.);
#6457 = EDGE_CURVE('',#6450,#6450,#6458,.T.);
#6458 = CIRCLE('',#6459,1.22);
#6459 = AXIS2_PLACEMENT_3D('',#6460,#6461,#6462);
#6460 = CARTESIAN_POINT('',(34.29,-1.27,-5.));
#6461 = DIRECTION('',(0.,0.,1.));
#6462 = DIRECTION('',(1.,0.,-0.));
#6463 = ORIENTED_EDGE('',*,*,#6449,.T.);
#6464 = CYLINDRICAL_SURFACE('',#6465,1.22);
#6465 = AXIS2_PLACEMENT_3D('',#6466,#6467,#6468);
#6466 = CARTESIAN_POINT('',(34.29,-1.27,-5.));
#6467 = DIRECTION('',(0.,0.,1.));
#6468 = DIRECTION('',(1.,0.,-0.));
#6469 = ADVANCED_FACE('',(#6470),#6473,.T.);
#6470 = FACE_BOUND('',#6471,.T.);
#6471 = EDGE_LOOP('',(#6472));
#6472 = ORIENTED_EDGE('',*,*,#6440,.T.);
#6473 = PLANE('',#6474);
#6474 = AXIS2_PLACEMENT_3D('',#6475,#6476,#6477);
#6475 = CARTESIAN_POINT('',(34.29,-1.27,0.1));
#6476 = DIRECTION('',(0.,0.,1.));
#6477 = DIRECTION('',(1.,0.,-0.));
#6478 = ADVANCED_FACE('',(#6479),#6482,.F.);
#6479 = FACE_BOUND('',#6480,.T.);
#6480 = EDGE_LOOP('',(#6481));
#6481 = ORIENTED_EDGE('',*,*,#6457,.F.);
#6482 = PLANE('',#6483);
#6483 = AXIS2_PLACEMENT_3D('',#6484,#6485,#6486);
#6484 = CARTESIAN_POINT('',(34.29,-1.27,-5.));
#6485 = DIRECTION('',(0.,0.,1.));
#6486 = DIRECTION('',(1.,0.,-0.));
#6487 = ( GEOMETRIC_REPRESENTATION_CONTEXT(3) 
GLOBAL_UNCERTAINTY_ASSIGNED_CONTEXT((#6491)) 
GLOBAL_UNIT_ASSIGNED_CONTEXT((#6488,#6489,#6490)) REPRESENTATION_CONTEXT
('Context #1','3D Context with UNIT and UNCERTAINTY') );
#6488 = ( LENGTH_UNIT() NAMED_UNIT(*) SI_UNIT(.MILLI.,.METRE.) );
#6489 = ( NAMED_UNIT(*) PLANE_ANGLE_UNIT() SI_UNIT($,.RADIAN.) );
#6490 = ( NAMED_UNIT(*) SI_UNIT($,.STERADIAN.) SOLID_ANGLE_UNIT() );
#6491 = UNCERTAINTY_MEASURE_WITH_UNIT(LENGTH_MEASURE(1.E-07),#6488,
  'distance_accuracy_value','confusion accuracy');
#6492 = CONTEXT_DEPENDENT_SHAPE_REPRESENTATION(#6493,#6495);
#6493 = ( REPRESENTATION_RELATIONSHIP('','',#6433,#4434) 
REPRESENTATION_RELATIONSHIP_WITH_TRANSFORMATION(#6494) 
SHAPE_REPRESENTATION_RELATIONSHIP() );
#6494 = ITEM_DEFINED_TRANSFORMATION('','',#11,#4539);
#6495 = PRODUCT_DEFINITION_SHAPE('Placement','Placement of an item',
  #6496);
#6496 = NEXT_ASSEMBLY_USAGE_OCCURRENCE('120','Leads026','',#4429,#6428,$
  );
#6497 = PRODUCT_RELATED_PRODUCT_CATEGORY('part',$,(#6430));
#6498 = SHAPE_DEFINITION_REPRESENTATION(#6499,#6505);
#6499 = PRODUCT_DEFINITION_SHAPE('','',#6500);
#6500 = PRODUCT_DEFINITION('design','',#6501,#6504);
#6501 = PRODUCT_DEFINITION_FORMATION('','',#6502);
#6502 = PRODUCT('J6_ASSEMBLY_5d9bd27a8aa5','J6_ASSEMBLY_5d9bd27a8aa5',''
  ,(#6503));
#6503 = PRODUCT_CONTEXT('',#2,'mechanical');
#6504 = PRODUCT_DEFINITION_CONTEXT('part definition',#2,'design');
#6505 = SHAPE_REPRESENTATION('',(#11,#6506,#6510),#6514);
#6506 = AXIS2_PLACEMENT_3D('',#6507,#6508,#6509);
#6507 = CARTESIAN_POINT('',(0.,0.,0.1));
#6508 = DIRECTION('',(0.,0.,1.));
#6509 = DIRECTION('',(1.,0.,0.));
#6510 = AXIS2_PLACEMENT_3D('',#6511,#6512,#6513);
#6511 = CARTESIAN_POINT('',(0.,0.,0.));
#6512 = DIRECTION('',(0.,0.,1.));
#6513 = DIRECTION('',(1.,0.,0.));
#6514 = ( GEOMETRIC_REPRESENTATION_CONTEXT(3) 
GLOBAL_UNCERTAINTY_ASSIGNED_CONTEXT((#6518)) 
GLOBAL_UNIT_ASSIGNED_CONTEXT((#6515,#6516,#6517)) REPRESENTATION_CONTEXT
('Context #1','3D Context with UNIT and UNCERTAINTY') );
#6515 = ( LENGTH_UNIT() NAMED_UNIT(*) SI_UNIT(.MILLI.,.METRE.) );
#6516 = ( NAMED_UNIT(*) PLANE_ANGLE_UNIT() SI_UNIT($,.RADIAN.) );
#6517 = ( NAMED_UNIT(*) SI_UNIT($,.STERADIAN.) SOLID_ANGLE_UNIT() );
#6518 = UNCERTAINTY_MEASURE_WITH_UNIT(LENGTH_MEASURE(1.E-07),#6515,
  'distance_accuracy_value','confusion accuracy');
#6519 = CONTEXT_DEPENDENT_SHAPE_REPRESENTATION(#6520,#6522);
#6520 = ( REPRESENTATION_RELATIONSHIP('','',#6505,#4211) 
REPRESENTATION_RELATIONSHIP_WITH_TRANSFORMATION(#6521) 
SHAPE_REPRESENTATION_RELATIONSHIP() );
#6521 = ITEM_DEFINED_TRANSFORMATION('','',#11,#4216);
#6522 = PRODUCT_DEFINITION_SHAPE('Placement','Placement of an item',
  #6523);
#6523 = NEXT_ASSEMBLY_USAGE_OCCURRENCE('178','J6_ASSEMBLY_5d9bd27a8aa5',
  '',#4206,#6500,$);
#6524 = PRODUCT_RELATED_PRODUCT_CATEGORY('part',$,(#6502));
#6525 = SHAPE_DEFINITION_REPRESENTATION(#6526,#6532);
#6526 = PRODUCT_DEFINITION_SHAPE('','',#6527);
#6527 = PRODUCT_DEFINITION('design','',#6528,#6531);
#6528 = PRODUCT_DEFINITION_FORMATION('','',#6529);
#6529 = PRODUCT('Body001','Body001','',(#6530));
#6530 = PRODUCT_CONTEXT('',#2,'mechanical');
#6531 = PRODUCT_DEFINITION_CONTEXT('part definition',#2,'design');
#6532 = ADVANCED_BREP_SHAPE_REPRESENTATION('',(#11,#6533),#6683);
#6533 = MANIFOLD_SOLID_BREP('',#6534);
#6534 = CLOSED_SHELL('',(#6535,#6575,#6606,#6637,#6659,#6671));
#6535 = ADVANCED_FACE('',(#6536),#6570,.T.);
#6536 = FACE_BOUND('',#6537,.T.);
#6537 = EDGE_LOOP('',(#6538,#6548,#6556,#6564));
#6538 = ORIENTED_EDGE('',*,*,#6539,.T.);
#6539 = EDGE_CURVE('',#6540,#6542,#6544,.T.);
#6540 = VERTEX_POINT('',#6541);
#6541 = CARTESIAN_POINT('',(-55.42,1.92,0.));
#6542 = VERTEX_POINT('',#6543);
#6543 = CARTESIAN_POINT('',(-55.42,1.92,14.1));
#6544 = LINE('',#6545,#6546);
#6545 = CARTESIAN_POINT('',(-55.42,1.92,0.));
#6546 = VECTOR('',#6547,1.);
#6547 = DIRECTION('',(0.,0.,1.));
#6548 = ORIENTED_EDGE('',*,*,#6549,.T.);
#6549 = EDGE_CURVE('',#6542,#6550,#6552,.T.);
#6550 = VERTEX_POINT('',#6551);
#6551 = CARTESIAN_POINT('',(12.24,1.92,14.1));
#6552 = LINE('',#6553,#6554);
#6553 = CARTESIAN_POINT('',(-55.42,1.92,14.1));
#6554 = VECTOR('',#6555,1.);
#6555 = DIRECTION('',(1.,0.,0.));
#6556 = ORIENTED_EDGE('',*,*,#6557,.F.);
#6557 = EDGE_CURVE('',#6558,#6550,#6560,.T.);
#6558 = VERTEX_POINT('',#6559);
#6559 = CARTESIAN_POINT('',(12.24,1.92,0.));
#6560 = LINE('',#6561,#6562);
#6561 = CARTESIAN_POINT('',(12.24,1.92,0.));
#6562 = VECTOR('',#6563,1.);
#6563 = DIRECTION('',(0.,0.,1.));
#6564 = ORIENTED_EDGE('',*,*,#6565,.F.);
#6565 = EDGE_CURVE('',#6540,#6558,#6566,.T.);
#6566 = LINE('',#6567,#6568);
#6567 = CARTESIAN_POINT('',(-55.42,1.92,0.));
#6568 = VECTOR('',#6569,1.);
#6569 = DIRECTION('',(1.,0.,0.));
#6570 = PLANE('',#6571);
#6571 = AXIS2_PLACEMENT_3D('',#6572,#6573,#6574);
#6572 = CARTESIAN_POINT('',(-55.42,1.92,0.));
#6573 = DIRECTION('',(0.,1.,0.));
#6574 = DIRECTION('',(1.,0.,0.));
#6575 = ADVANCED_FACE('',(#6576),#6601,.T.);
#6576 = FACE_BOUND('',#6577,.T.);
#6577 = EDGE_LOOP('',(#6578,#6579,#6587,#6595));
#6578 = ORIENTED_EDGE('',*,*,#6557,.T.);
#6579 = ORIENTED_EDGE('',*,*,#6580,.T.);
#6580 = EDGE_CURVE('',#6550,#6581,#6583,.T.);
#6581 = VERTEX_POINT('',#6582);
#6582 = CARTESIAN_POINT('',(12.24,-7.,14.1));
#6583 = LINE('',#6584,#6585);
#6584 = CARTESIAN_POINT('',(12.24,1.92,14.1));
#6585 = VECTOR('',#6586,1.);
#6586 = DIRECTION('',(0.,-1.,0.));
#6587 = ORIENTED_EDGE('',*,*,#6588,.F.);
#6588 = EDGE_CURVE('',#6589,#6581,#6591,.T.);
#6589 = VERTEX_POINT('',#6590);
#6590 = CARTESIAN_POINT('',(12.24,-7.,0.));
#6591 = LINE('',#6592,#6593);
#6592 = CARTESIAN_POINT('',(12.24,-7.,0.));
#6593 = VECTOR('',#6594,1.);
#6594 = DIRECTION('',(0.,0.,1.));
#6595 = ORIENTED_EDGE('',*,*,#6596,.F.);
#6596 = EDGE_CURVE('',#6558,#6589,#6597,.T.);
#6597 = LINE('',#6598,#6599);
#6598 = CARTESIAN_POINT('',(12.24,1.92,0.));
#6599 = VECTOR('',#6600,1.);
#6600 = DIRECTION('',(0.,-1.,0.));
#6601 = PLANE('',#6602);
#6602 = AXIS2_PLACEMENT_3D('',#6603,#6604,#6605);
#6603 = CARTESIAN_POINT('',(12.24,1.92,0.));
#6604 = DIRECTION('',(1.,0.,-0.));
#6605 = DIRECTION('',(0.,-1.,0.));
#6606 = ADVANCED_FACE('',(#6607),#6632,.T.);
#6607 = FACE_BOUND('',#6608,.T.);
#6608 = EDGE_LOOP('',(#6609,#6610,#6618,#6626));
#6609 = ORIENTED_EDGE('',*,*,#6588,.T.);
#6610 = ORIENTED_EDGE('',*,*,#6611,.T.);
#6611 = EDGE_CURVE('',#6581,#6612,#6614,.T.);
#6612 = VERTEX_POINT('',#6613);
#6613 = CARTESIAN_POINT('',(-55.42,-7.,14.1));
#6614 = LINE('',#6615,#6616);
#6615 = CARTESIAN_POINT('',(12.24,-7.,14.1));
#6616 = VECTOR('',#6617,1.);
#6617 = DIRECTION('',(-1.,0.,0.));
#6618 = ORIENTED_EDGE('',*,*,#6619,.F.);
#6619 = EDGE_CURVE('',#6620,#6612,#6622,.T.);
#6620 = VERTEX_POINT('',#6621);
#6621 = CARTESIAN_POINT('',(-55.42,-7.,0.));
#6622 = LINE('',#6623,#6624);
#6623 = CARTESIAN_POINT('',(-55.42,-7.,0.));
#6624 = VECTOR('',#6625,1.);
#6625 = DIRECTION('',(0.,0.,1.));
#6626 = ORIENTED_EDGE('',*,*,#6627,.F.);
#6627 = EDGE_CURVE('',#6589,#6620,#6628,.T.);
#6628 = LINE('',#6629,#6630);
#6629 = CARTESIAN_POINT('',(12.24,-7.,0.));
#6630 = VECTOR('',#6631,1.);
#6631 = DIRECTION('',(-1.,0.,0.));
#6632 = PLANE('',#6633);
#6633 = AXIS2_PLACEMENT_3D('',#6634,#6635,#6636);
#6634 = CARTESIAN_POINT('',(12.24,-7.,0.));
#6635 = DIRECTION('',(0.,-1.,0.));
#6636 = DIRECTION('',(-1.,0.,0.));
#6637 = ADVANCED_FACE('',(#6638),#6654,.T.);
#6638 = FACE_BOUND('',#6639,.T.);
#6639 = EDGE_LOOP('',(#6640,#6641,#6647,#6648));
#6640 = ORIENTED_EDGE('',*,*,#6619,.T.);
#6641 = ORIENTED_EDGE('',*,*,#6642,.T.);
#6642 = EDGE_CURVE('',#6612,#6542,#6643,.T.);
#6643 = LINE('',#6644,#6645);
#6644 = CARTESIAN_POINT('',(-55.42,-7.,14.1));
#6645 = VECTOR('',#6646,1.);
#6646 = DIRECTION('',(0.,1.,0.));
#6647 = ORIENTED_EDGE('',*,*,#6539,.F.);
#6648 = ORIENTED_EDGE('',*,*,#6649,.F.);
#6649 = EDGE_CURVE('',#6620,#6540,#6650,.T.);
#6650 = LINE('',#6651,#6652);
#6651 = CARTESIAN_POINT('',(-55.42,-7.,0.));
#6652 = VECTOR('',#6653,1.);
#6653 = DIRECTION('',(0.,1.,0.));
#6654 = PLANE('',#6655);
#6655 = AXIS2_PLACEMENT_3D('',#6656,#6657,#6658);
#6656 = CARTESIAN_POINT('',(-55.42,-7.,0.));
#6657 = DIRECTION('',(-1.,0.,0.));
#6658 = DIRECTION('',(0.,1.,0.));
#6659 = ADVANCED_FACE('',(#6660),#6666,.T.);
#6660 = FACE_BOUND('',#6661,.T.);
#6661 = EDGE_LOOP('',(#6662,#6663,#6664,#6665));
#6662 = ORIENTED_EDGE('',*,*,#6565,.T.);
#6663 = ORIENTED_EDGE('',*,*,#6596,.T.);
#6664 = ORIENTED_EDGE('',*,*,#6627,.T.);
#6665 = ORIENTED_EDGE('',*,*,#6649,.T.);
#6666 = PLANE('',#6667);
#6667 = AXIS2_PLACEMENT_3D('',#6668,#6669,#6670);
#6668 = CARTESIAN_POINT('',(-21.59,-2.54,-1.387778780781E-17));
#6669 = DIRECTION('',(4.281989610872E-35,2.702792609551E-50,-1.));
#6670 = DIRECTION('',(-1.,0.,-4.281989610872E-35));
#6671 = ADVANCED_FACE('',(#6672),#6678,.F.);
#6672 = FACE_BOUND('',#6673,.F.);
#6673 = EDGE_LOOP('',(#6674,#6675,#6676,#6677));
#6674 = ORIENTED_EDGE('',*,*,#6549,.T.);
#6675 = ORIENTED_EDGE('',*,*,#6580,.T.);
#6676 = ORIENTED_EDGE('',*,*,#6611,.T.);
#6677 = ORIENTED_EDGE('',*,*,#6642,.T.);
#6678 = PLANE('',#6679);
#6679 = AXIS2_PLACEMENT_3D('',#6680,#6681,#6682);
#6680 = CARTESIAN_POINT('',(-21.59,-2.54,14.1));
#6681 = DIRECTION('',(4.281989610872E-35,2.702792609551E-50,-1.));
#6682 = DIRECTION('',(-1.,0.,-4.281989610872E-35));
#6683 = ( GEOMETRIC_REPRESENTATION_CONTEXT(3) 
GLOBAL_UNCERTAINTY_ASSIGNED_CONTEXT((#6687)) 
GLOBAL_UNIT_ASSIGNED_CONTEXT((#6684,#6685,#6686)) REPRESENTATION_CONTEXT
('Context #1','3D Context with UNIT and UNCERTAINTY') );
#6684 = ( LENGTH_UNIT() NAMED_UNIT(*) SI_UNIT(.MILLI.,.METRE.) );
#6685 = ( NAMED_UNIT(*) PLANE_ANGLE_UNIT() SI_UNIT($,.RADIAN.) );
#6686 = ( NAMED_UNIT(*) SI_UNIT($,.STERADIAN.) SOLID_ANGLE_UNIT() );
#6687 = UNCERTAINTY_MEASURE_WITH_UNIT(LENGTH_MEASURE(1.E-07),#6684,
  'distance_accuracy_value','confusion accuracy');
#6688 = CONTEXT_DEPENDENT_SHAPE_REPRESENTATION(#6689,#6691);
#6689 = ( REPRESENTATION_RELATIONSHIP('','',#6532,#6505) 
REPRESENTATION_RELATIONSHIP_WITH_TRANSFORMATION(#6690) 
SHAPE_REPRESENTATION_RELATIONSHIP() );
#6690 = ITEM_DEFINED_TRANSFORMATION('','',#11,#6506);
#6691 = PRODUCT_DEFINITION_SHAPE('Placement','Placement of an item',
  #6692);
#6692 = NEXT_ASSEMBLY_USAGE_OCCURRENCE('123','Body001','',#6500,#6527,$
  );
#6693 = PRODUCT_RELATED_PRODUCT_CATEGORY('part',$,(#6529));
#6694 = SHAPE_DEFINITION_REPRESENTATION(#6695,#6701);
#6695 = PRODUCT_DEFINITION_SHAPE('','',#6696);
#6696 = PRODUCT_DEFINITION('design','',#6697,#6700);
#6697 = PRODUCT_DEFINITION_FORMATION('','',#6698);
#6698 = PRODUCT('Leads081','Leads081','',(#6699));
#6699 = PRODUCT_CONTEXT('',#2,'mechanical');
#6700 = PRODUCT_DEFINITION_CONTEXT('part definition',#2,'design');
#6701 = SHAPE_REPRESENTATION('',(#11,#6702,#6706,#6710,#6714,#6718,#6722
    ,#6726,#6730,#6734,#6738,#6742,#6746,#6750,#6754,#6758,#6762,#6766,
    #6770,#6774,#6778,#6782,#6786,#6790,#6794,#6798,#6802,#6806,#6810,
    #6814,#6818,#6822,#6826,#6830,#6834,#6838,#6842,#6846,#6850,#6854,
    #6858,#6862,#6866,#6870,#6874,#6878,#6882,#6886,#6890,#6894,#6898,
    #6902,#6906,#6910),#6914);
#6702 = AXIS2_PLACEMENT_3D('',#6703,#6704,#6705);
#6703 = CARTESIAN_POINT('',(0.,0.,0.));
#6704 = DIRECTION('',(0.,0.,1.));
#6705 = DIRECTION('',(1.,0.,0.));
#6706 = AXIS2_PLACEMENT_3D('',#6707,#6708,#6709);
#6707 = CARTESIAN_POINT('',(0.,0.,0.));
#6708 = DIRECTION('',(0.,0.,1.));
#6709 = DIRECTION('',(1.,0.,0.));
#6710 = AXIS2_PLACEMENT_3D('',#6711,#6712,#6713);
#6711 = CARTESIAN_POINT('',(0.,0.,0.));
#6712 = DIRECTION('',(0.,0.,1.));
#6713 = DIRECTION('',(1.,0.,0.));
#6714 = AXIS2_PLACEMENT_3D('',#6715,#6716,#6717);
#6715 = CARTESIAN_POINT('',(0.,0.,0.));
#6716 = DIRECTION('',(0.,0.,1.));
#6717 = DIRECTION('',(1.,0.,0.));
#6718 = AXIS2_PLACEMENT_3D('',#6719,#6720,#6721);
#6719 = CARTESIAN_POINT('',(0.,0.,0.));
#6720 = DIRECTION('',(0.,0.,1.));
#6721 = DIRECTION('',(1.,0.,0.));
#6722 = AXIS2_PLACEMENT_3D('',#6723,#6724,#6725);
#6723 = CARTESIAN_POINT('',(0.,0.,0.));
#6724 = DIRECTION('',(0.,0.,1.));
#6725 = DIRECTION('',(1.,0.,0.));
#6726 = AXIS2_PLACEMENT_3D('',#6727,#6728,#6729);
#6727 = CARTESIAN_POINT('',(0.,0.,0.));
#6728 = DIRECTION('',(0.,0.,1.));
#6729 = DIRECTION('',(1.,0.,0.));
#6730 = AXIS2_PLACEMENT_3D('',#6731,#6732,#6733);
#6731 = CARTESIAN_POINT('',(0.,0.,0.));
#6732 = DIRECTION('',(0.,0.,1.));
#6733 = DIRECTION('',(1.,0.,0.));
#6734 = AXIS2_PLACEMENT_3D('',#6735,#6736,#6737);
#6735 = CARTESIAN_POINT('',(0.,0.,0.));
#6736 = DIRECTION('',(0.,0.,1.));
#6737 = DIRECTION('',(1.,0.,0.));
#6738 = AXIS2_PLACEMENT_3D('',#6739,#6740,#6741);
#6739 = CARTESIAN_POINT('',(0.,0.,0.));
#6740 = DIRECTION('',(0.,0.,1.));
#6741 = DIRECTION('',(1.,0.,0.));
#6742 = AXIS2_PLACEMENT_3D('',#6743,#6744,#6745);
#6743 = CARTESIAN_POINT('',(0.,0.,0.));
#6744 = DIRECTION('',(0.,0.,1.));
#6745 = DIRECTION('',(1.,0.,0.));
#6746 = AXIS2_PLACEMENT_3D('',#6747,#6748,#6749);
#6747 = CARTESIAN_POINT('',(0.,0.,0.));
#6748 = DIRECTION('',(0.,0.,1.));
#6749 = DIRECTION('',(1.,0.,0.));
#6750 = AXIS2_PLACEMENT_3D('',#6751,#6752,#6753);
#6751 = CARTESIAN_POINT('',(0.,0.,0.));
#6752 = DIRECTION('',(0.,0.,1.));
#6753 = DIRECTION('',(1.,0.,0.));
#6754 = AXIS2_PLACEMENT_3D('',#6755,#6756,#6757);
#6755 = CARTESIAN_POINT('',(0.,0.,0.));
#6756 = DIRECTION('',(0.,0.,1.));
#6757 = DIRECTION('',(1.,0.,0.));
#6758 = AXIS2_PLACEMENT_3D('',#6759,#6760,#6761);
#6759 = CARTESIAN_POINT('',(0.,0.,0.));
#6760 = DIRECTION('',(0.,0.,1.));
#6761 = DIRECTION('',(1.,0.,0.));
#6762 = AXIS2_PLACEMENT_3D('',#6763,#6764,#6765);
#6763 = CARTESIAN_POINT('',(0.,0.,0.));
#6764 = DIRECTION('',(0.,0.,1.));
#6765 = DIRECTION('',(1.,0.,0.));
#6766 = AXIS2_PLACEMENT_3D('',#6767,#6768,#6769);
#6767 = CARTESIAN_POINT('',(0.,0.,0.));
#6768 = DIRECTION('',(0.,0.,1.));
#6769 = DIRECTION('',(1.,0.,0.));
#6770 = AXIS2_PLACEMENT_3D('',#6771,#6772,#6773);
#6771 = CARTESIAN_POINT('',(0.,0.,0.));
#6772 = DIRECTION('',(0.,0.,1.));
#6773 = DIRECTION('',(1.,0.,0.));
#6774 = AXIS2_PLACEMENT_3D('',#6775,#6776,#6777);
#6775 = CARTESIAN_POINT('',(0.,0.,0.));
#6776 = DIRECTION('',(0.,0.,1.));
#6777 = DIRECTION('',(1.,0.,0.));
#6778 = AXIS2_PLACEMENT_3D('',#6779,#6780,#6781);
#6779 = CARTESIAN_POINT('',(0.,0.,0.));
#6780 = DIRECTION('',(0.,0.,1.));
#6781 = DIRECTION('',(1.,0.,0.));
#6782 = AXIS2_PLACEMENT_3D('',#6783,#6784,#6785);
#6783 = CARTESIAN_POINT('',(0.,0.,0.));
#6784 = DIRECTION('',(0.,0.,1.));
#6785 = DIRECTION('',(1.,0.,0.));
#6786 = AXIS2_PLACEMENT_3D('',#6787,#6788,#6789);
#6787 = CARTESIAN_POINT('',(0.,0.,0.));
#6788 = DIRECTION('',(0.,0.,1.));
#6789 = DIRECTION('',(1.,0.,0.));
#6790 = AXIS2_PLACEMENT_3D('',#6791,#6792,#6793);
#6791 = CARTESIAN_POINT('',(0.,0.,0.));
#6792 = DIRECTION('',(0.,0.,1.));
#6793 = DIRECTION('',(1.,0.,0.));
#6794 = AXIS2_PLACEMENT_3D('',#6795,#6796,#6797);
#6795 = CARTESIAN_POINT('',(0.,0.,0.));
#6796 = DIRECTION('',(0.,0.,1.));
#6797 = DIRECTION('',(1.,0.,0.));
#6798 = AXIS2_PLACEMENT_3D('',#6799,#6800,#6801);
#6799 = CARTESIAN_POINT('',(0.,0.,0.));
#6800 = DIRECTION('',(0.,0.,1.));
#6801 = DIRECTION('',(1.,0.,0.));
#6802 = AXIS2_PLACEMENT_3D('',#6803,#6804,#6805);
#6803 = CARTESIAN_POINT('',(0.,0.,0.));
#6804 = DIRECTION('',(0.,0.,1.));
#6805 = DIRECTION('',(1.,0.,0.));
#6806 = AXIS2_PLACEMENT_3D('',#6807,#6808,#6809);
#6807 = CARTESIAN_POINT('',(0.,0.,0.));
#6808 = DIRECTION('',(0.,0.,1.));
#6809 = DIRECTION('',(1.,0.,0.));
#6810 = AXIS2_PLACEMENT_3D('',#6811,#6812,#6813);
#6811 = CARTESIAN_POINT('',(0.,0.,0.));
#6812 = DIRECTION('',(0.,0.,1.));
#6813 = DIRECTION('',(1.,0.,0.));
#6814 = AXIS2_PLACEMENT_3D('',#6815,#6816,#6817);
#6815 = CARTESIAN_POINT('',(0.,0.,0.));
#6816 = DIRECTION('',(0.,0.,1.));
#6817 = DIRECTION('',(1.,0.,0.));
#6818 = AXIS2_PLACEMENT_3D('',#6819,#6820,#6821);
#6819 = CARTESIAN_POINT('',(0.,0.,0.));
#6820 = DIRECTION('',(0.,0.,1.));
#6821 = DIRECTION('',(1.,0.,0.));
#6822 = AXIS2_PLACEMENT_3D('',#6823,#6824,#6825);
#6823 = CARTESIAN_POINT('',(0.,0.,0.));
#6824 = DIRECTION('',(0.,0.,1.));
#6825 = DIRECTION('',(1.,0.,0.));
#6826 = AXIS2_PLACEMENT_3D('',#6827,#6828,#6829);
#6827 = CARTESIAN_POINT('',(0.,0.,0.));
#6828 = DIRECTION('',(0.,0.,1.));
#6829 = DIRECTION('',(1.,0.,0.));
#6830 = AXIS2_PLACEMENT_3D('',#6831,#6832,#6833);
#6831 = CARTESIAN_POINT('',(0.,0.,0.));
#6832 = DIRECTION('',(0.,0.,1.));
#6833 = DIRECTION('',(1.,0.,0.));
#6834 = AXIS2_PLACEMENT_3D('',#6835,#6836,#6837);
#6835 = CARTESIAN_POINT('',(0.,0.,0.));
#6836 = DIRECTION('',(0.,0.,1.));
#6837 = DIRECTION('',(1.,0.,0.));
#6838 = AXIS2_PLACEMENT_3D('',#6839,#6840,#6841);
#6839 = CARTESIAN_POINT('',(0.,0.,0.));
#6840 = DIRECTION('',(0.,0.,1.));
#6841 = DIRECTION('',(1.,0.,0.));
#6842 = AXIS2_PLACEMENT_3D('',#6843,#6844,#6845);
#6843 = CARTESIAN_POINT('',(0.,0.,0.));
#6844 = DIRECTION('',(0.,0.,1.));
#6845 = DIRECTION('',(1.,0.,0.));
#6846 = AXIS2_PLACEMENT_3D('',#6847,#6848,#6849);
#6847 = CARTESIAN_POINT('',(0.,0.,0.));
#6848 = DIRECTION('',(0.,0.,1.));
#6849 = DIRECTION('',(1.,0.,0.));
#6850 = AXIS2_PLACEMENT_3D('',#6851,#6852,#6853);
#6851 = CARTESIAN_POINT('',(0.,0.,0.));
#6852 = DIRECTION('',(0.,0.,1.));
#6853 = DIRECTION('',(1.,0.,0.));
#6854 = AXIS2_PLACEMENT_3D('',#6855,#6856,#6857);
#6855 = CARTESIAN_POINT('',(0.,0.,0.));
#6856 = DIRECTION('',(0.,0.,1.));
#6857 = DIRECTION('',(1.,0.,0.));
#6858 = AXIS2_PLACEMENT_3D('',#6859,#6860,#6861);
#6859 = CARTESIAN_POINT('',(0.,0.,0.));
#6860 = DIRECTION('',(0.,0.,1.));
#6861 = DIRECTION('',(1.,0.,0.));
#6862 = AXIS2_PLACEMENT_3D('',#6863,#6864,#6865);
#6863 = CARTESIAN_POINT('',(0.,0.,0.));
#6864 = DIRECTION('',(0.,0.,1.));
#6865 = DIRECTION('',(1.,0.,0.));
#6866 = AXIS2_PLACEMENT_3D('',#6867,#6868,#6869);
#6867 = CARTESIAN_POINT('',(0.,0.,0.));
#6868 = DIRECTION('',(0.,0.,1.));
#6869 = DIRECTION('',(1.,0.,0.));
#6870 = AXIS2_PLACEMENT_3D('',#6871,#6872,#6873);
#6871 = CARTESIAN_POINT('',(0.,0.,0.));
#6872 = DIRECTION('',(0.,0.,1.));
#6873 = DIRECTION('',(1.,0.,0.));
#6874 = AXIS2_PLACEMENT_3D('',#6875,#6876,#6877);
#6875 = CARTESIAN_POINT('',(0.,0.,0.));
#6876 = DIRECTION('',(0.,0.,1.));
#6877 = DIRECTION('',(1.,0.,0.));
#6878 = AXIS2_PLACEMENT_3D('',#6879,#6880,#6881);
#6879 = CARTESIAN_POINT('',(0.,0.,0.));
#6880 = DIRECTION('',(0.,0.,1.));
#6881 = DIRECTION('',(1.,0.,0.));
#6882 = AXIS2_PLACEMENT_3D('',#6883,#6884,#6885);
#6883 = CARTESIAN_POINT('',(0.,0.,0.));
#6884 = DIRECTION('',(0.,0.,1.));
#6885 = DIRECTION('',(1.,0.,0.));
#6886 = AXIS2_PLACEMENT_3D('',#6887,#6888,#6889);
#6887 = CARTESIAN_POINT('',(0.,0.,0.));
#6888 = DIRECTION('',(0.,0.,1.));
#6889 = DIRECTION('',(1.,0.,0.));
#6890 = AXIS2_PLACEMENT_3D('',#6891,#6892,#6893);
#6891 = CARTESIAN_POINT('',(0.,0.,0.));
#6892 = DIRECTION('',(0.,0.,1.));
#6893 = DIRECTION('',(1.,0.,0.));
#6894 = AXIS2_PLACEMENT_3D('',#6895,#6896,#6897);
#6895 = CARTESIAN_POINT('',(0.,0.,0.));
#6896 = DIRECTION('',(0.,0.,1.));
#6897 = DIRECTION('',(1.,0.,0.));
#6898 = AXIS2_PLACEMENT_3D('',#6899,#6900,#6901);
#6899 = CARTESIAN_POINT('',(0.,0.,0.));
#6900 = DIRECTION('',(0.,0.,1.));
#6901 = DIRECTION('',(1.,0.,0.));
#6902 = AXIS2_PLACEMENT_3D('',#6903,#6904,#6905);
#6903 = CARTESIAN_POINT('',(0.,0.,0.));
#6904 = DIRECTION('',(0.,0.,1.));
#6905 = DIRECTION('',(1.,0.,0.));
#6906 = AXIS2_PLACEMENT_3D('',#6907,#6908,#6909);
#6907 = CARTESIAN_POINT('',(0.,0.,0.));
#6908 = DIRECTION('',(0.,0.,1.));
#6909 = DIRECTION('',(1.,0.,0.));
#6910 = AXIS2_PLACEMENT_3D('',#6911,#6912,#6913);
#6911 = CARTESIAN_POINT('',(0.,0.,0.));
#6912 = DIRECTION('',(0.,0.,1.));
#6913 = DIRECTION('',(1.,0.,0.));
#6914 = ( GEOMETRIC_REPRESENTATION_CONTEXT(3) 
GLOBAL_UNCERTAINTY_ASSIGNED_CONTEXT((#6918)) 
GLOBAL_UNIT_ASSIGNED_CONTEXT((#6915,#6916,#6917)) REPRESENTATION_CONTEXT
('Context #1','3D Context with UNIT and UNCERTAINTY') );
#6915 = ( LENGTH_UNIT() NAMED_UNIT(*) SI_UNIT(.MILLI.,.METRE.) );
#6916 = ( NAMED_UNIT(*) PLANE_ANGLE_UNIT() SI_UNIT($,.RADIAN.) );
#6917 = ( NAMED_UNIT(*) SI_UNIT($,.STERADIAN.) SOLID_ANGLE_UNIT() );
#6918 = UNCERTAINTY_MEASURE_WITH_UNIT(LENGTH_MEASURE(1.E-07),#6915,
  'distance_accuracy_value','confusion accuracy');
#6919 = CONTEXT_DEPENDENT_SHAPE_REPRESENTATION(#6920,#6922);
#6920 = ( REPRESENTATION_RELATIONSHIP('','',#6701,#6505) 
REPRESENTATION_RELATIONSHIP_WITH_TRANSFORMATION(#6921) 
SHAPE_REPRESENTATION_RELATIONSHIP() );
#6921 = ITEM_DEFINED_TRANSFORMATION('','',#11,#6510);
#6922 = PRODUCT_DEFINITION_SHAPE('Placement','Placement of an item',
  #6923);
#6923 = NEXT_ASSEMBLY_USAGE_OCCURRENCE('177','Leads081','',#6500,#6696,$
  );
#6924 = PRODUCT_RELATED_PRODUCT_CATEGORY('part',$,(#6698));
#6925 = SHAPE_DEFINITION_REPRESENTATION(#6926,#6932);
#6926 = PRODUCT_DEFINITION_SHAPE('','',#6927);
#6927 = PRODUCT_DEFINITION('design','',#6928,#6931);
#6928 = PRODUCT_DEFINITION_FORMATION('','',#6929);
#6929 = PRODUCT('Leads028','Leads028','',(#6930));
#6930 = PRODUCT_CONTEXT('',#2,'mechanical');
#6931 = PRODUCT_DEFINITION_CONTEXT('part definition',#2,'design');
#6932 = ADVANCED_BREP_SHAPE_REPRESENTATION('',(#11,#6933),#6986);
#6933 = MANIFOLD_SOLID_BREP('',#6934);
#6934 = CLOSED_SHELL('',(#6935,#6968,#6977));
#6935 = ADVANCED_FACE('',(#6936),#6963,.T.);
#6936 = FACE_BOUND('',#6937,.T.);
#6937 = EDGE_LOOP('',(#6938,#6947,#6955,#6962));
#6938 = ORIENTED_EDGE('',*,*,#6939,.F.);
#6939 = EDGE_CURVE('',#6940,#6940,#6942,.T.);
#6940 = VERTEX_POINT('',#6941);
#6941 = CARTESIAN_POINT('',(0.255,-6.245698675652E-17,0.1));
#6942 = CIRCLE('',#6943,0.255);
#6943 = AXIS2_PLACEMENT_3D('',#6944,#6945,#6946);
#6944 = CARTESIAN_POINT('',(0.,0.,0.1));
#6945 = DIRECTION('',(0.,0.,1.));
#6946 = DIRECTION('',(1.,0.,-0.));
#6947 = ORIENTED_EDGE('',*,*,#6948,.F.);
#6948 = EDGE_CURVE('',#6949,#6940,#6951,.T.);
#6949 = VERTEX_POINT('',#6950);
#6950 = CARTESIAN_POINT('',(0.255,-6.245698675652E-17,-5.));
#6951 = LINE('',#6952,#6953);
#6952 = CARTESIAN_POINT('',(0.255,-6.245698675652E-17,-5.));
#6953 = VECTOR('',#6954,1.);
#6954 = DIRECTION('',(0.,0.,1.));
#6955 = ORIENTED_EDGE('',*,*,#6956,.T.);
#6956 = EDGE_CURVE('',#6949,#6949,#6957,.T.);
#6957 = CIRCLE('',#6958,0.255);
#6958 = AXIS2_PLACEMENT_3D('',#6959,#6960,#6961);
#6959 = CARTESIAN_POINT('',(0.,0.,-5.));
#6960 = DIRECTION('',(0.,0.,1.));
#6961 = DIRECTION('',(1.,0.,-0.));
#6962 = ORIENTED_EDGE('',*,*,#6948,.T.);
#6963 = CYLINDRICAL_SURFACE('',#6964,0.255);
#6964 = AXIS2_PLACEMENT_3D('',#6965,#6966,#6967);
#6965 = CARTESIAN_POINT('',(0.,0.,-5.));
#6966 = DIRECTION('',(0.,0.,1.));
#6967 = DIRECTION('',(1.,0.,-0.));
#6968 = ADVANCED_FACE('',(#6969),#6972,.T.);
#6969 = FACE_BOUND('',#6970,.T.);
#6970 = EDGE_LOOP('',(#6971));
#6971 = ORIENTED_EDGE('',*,*,#6939,.T.);
#6972 = PLANE('',#6973);
#6973 = AXIS2_PLACEMENT_3D('',#6974,#6975,#6976);
#6974 = CARTESIAN_POINT('',(0.,0.,0.1));
#6975 = DIRECTION('',(0.,0.,1.));
#6976 = DIRECTION('',(1.,0.,-0.));
#6977 = ADVANCED_FACE('',(#6978),#6981,.F.);
#6978 = FACE_BOUND('',#6979,.T.);
#6979 = EDGE_LOOP('',(#6980));
#6980 = ORIENTED_EDGE('',*,*,#6956,.F.);
#6981 = PLANE('',#6982);
#6982 = AXIS2_PLACEMENT_3D('',#6983,#6984,#6985);
#6983 = CARTESIAN_POINT('',(0.,0.,-5.));
#6984 = DIRECTION('',(0.,0.,1.));
#6985 = DIRECTION('',(1.,0.,-0.));
#6986 = ( GEOMETRIC_REPRESENTATION_CONTEXT(3) 
GLOBAL_UNCERTAINTY_ASSIGNED_CONTEXT((#6990)) 
GLOBAL_UNIT_ASSIGNED_CONTEXT((#6987,#6988,#6989)) REPRESENTATION_CONTEXT
('Context #1','3D Context with UNIT and UNCERTAINTY') );
#6987 = ( LENGTH_UNIT() NAMED_UNIT(*) SI_UNIT(.MILLI.,.METRE.) );
#6988 = ( NAMED_UNIT(*) PLANE_ANGLE_UNIT() SI_UNIT($,.RADIAN.) );
#6989 = ( NAMED_UNIT(*) SI_UNIT($,.STERADIAN.) SOLID_ANGLE_UNIT() );
#6990 = UNCERTAINTY_MEASURE_WITH_UNIT(LENGTH_MEASURE(1.E-07),#6987,
  'distance_accuracy_value','confusion accuracy');
#6991 = CONTEXT_DEPENDENT_SHAPE_REPRESENTATION(#6992,#6994);
#6992 = ( REPRESENTATION_RELATIONSHIP('','',#6932,#6701) 
REPRESENTATION_RELATIONSHIP_WITH_TRANSFORMATION(#6993) 
SHAPE_REPRESENTATION_RELATIONSHIP() );
#6993 = ITEM_DEFINED_TRANSFORMATION('','',#11,#6702);
#6994 = PRODUCT_DEFINITION_SHAPE('Placement','Placement of an item',
  #6995);
#6995 = NEXT_ASSEMBLY_USAGE_OCCURRENCE('124','Leads028','',#6696,#6927,$
  );
#6996 = PRODUCT_RELATED_PRODUCT_CATEGORY('part',$,(#6929));
#6997 = SHAPE_DEFINITION_REPRESENTATION(#6998,#7004);
#6998 = PRODUCT_DEFINITION_SHAPE('','',#6999);
#6999 = PRODUCT_DEFINITION('design','',#7000,#7003);
#7000 = PRODUCT_DEFINITION_FORMATION('','',#7001);
#7001 = PRODUCT('Leads029','Leads029','',(#7002));
#7002 = PRODUCT_CONTEXT('',#2,'mechanical');
#7003 = PRODUCT_DEFINITION_CONTEXT('part definition',#2,'design');
#7004 = ADVANCED_BREP_SHAPE_REPRESENTATION('',(#11,#7005),#7058);
#7005 = MANIFOLD_SOLID_BREP('',#7006);
#7006 = CLOSED_SHELL('',(#7007,#7040,#7049));
#7007 = ADVANCED_FACE('',(#7008),#7035,.T.);
#7008 = FACE_BOUND('',#7009,.T.);
#7009 = EDGE_LOOP('',(#7010,#7019,#7027,#7034));
#7010 = ORIENTED_EDGE('',*,*,#7011,.F.);
#7011 = EDGE_CURVE('',#7012,#7012,#7014,.T.);
#7012 = VERTEX_POINT('',#7013);
#7013 = CARTESIAN_POINT('',(-2.285,-6.245698675652E-17,0.1));
#7014 = CIRCLE('',#7015,0.255);
#7015 = AXIS2_PLACEMENT_3D('',#7016,#7017,#7018);
#7016 = CARTESIAN_POINT('',(-2.54,0.,0.1));
#7017 = DIRECTION('',(0.,0.,1.));
#7018 = DIRECTION('',(1.,0.,-0.));
#7019 = ORIENTED_EDGE('',*,*,#7020,.F.);
#7020 = EDGE_CURVE('',#7021,#7012,#7023,.T.);
#7021 = VERTEX_POINT('',#7022);
#7022 = CARTESIAN_POINT('',(-2.285,-6.245698675652E-17,-5.));
#7023 = LINE('',#7024,#7025);
#7024 = CARTESIAN_POINT('',(-2.285,-6.245698675652E-17,-5.));
#7025 = VECTOR('',#7026,1.);
#7026 = DIRECTION('',(0.,0.,1.));
#7027 = ORIENTED_EDGE('',*,*,#7028,.T.);
#7028 = EDGE_CURVE('',#7021,#7021,#7029,.T.);
#7029 = CIRCLE('',#7030,0.255);
#7030 = AXIS2_PLACEMENT_3D('',#7031,#7032,#7033);
#7031 = CARTESIAN_POINT('',(-2.54,0.,-5.));
#7032 = DIRECTION('',(0.,0.,1.));
#7033 = DIRECTION('',(1.,0.,-0.));
#7034 = ORIENTED_EDGE('',*,*,#7020,.T.);
#7035 = CYLINDRICAL_SURFACE('',#7036,0.255);
#7036 = AXIS2_PLACEMENT_3D('',#7037,#7038,#7039);
#7037 = CARTESIAN_POINT('',(-2.54,0.,-5.));
#7038 = DIRECTION('',(0.,0.,1.));
#7039 = DIRECTION('',(1.,0.,-0.));
#7040 = ADVANCED_FACE('',(#7041),#7044,.T.);
#7041 = FACE_BOUND('',#7042,.T.);
#7042 = EDGE_LOOP('',(#7043));
#7043 = ORIENTED_EDGE('',*,*,#7011,.T.);
#7044 = PLANE('',#7045);
#7045 = AXIS2_PLACEMENT_3D('',#7046,#7047,#7048);
#7046 = CARTESIAN_POINT('',(-2.54,0.,0.1));
#7047 = DIRECTION('',(0.,0.,1.));
#7048 = DIRECTION('',(1.,0.,-0.));
#7049 = ADVANCED_FACE('',(#7050),#7053,.F.);
#7050 = FACE_BOUND('',#7051,.T.);
#7051 = EDGE_LOOP('',(#7052));
#7052 = ORIENTED_EDGE('',*,*,#7028,.F.);
#7053 = PLANE('',#7054);
#7054 = AXIS2_PLACEMENT_3D('',#7055,#7056,#7057);
#7055 = CARTESIAN_POINT('',(-2.54,0.,-5.));
#7056 = DIRECTION('',(0.,0.,1.));
#7057 = DIRECTION('',(1.,0.,-0.));
#7058 = ( GEOMETRIC_REPRESENTATION_CONTEXT(3) 
GLOBAL_UNCERTAINTY_ASSIGNED_CONTEXT((#7062)) 
GLOBAL_UNIT_ASSIGNED_CONTEXT((#7059,#7060,#7061)) REPRESENTATION_CONTEXT
('Context #1','3D Context with UNIT and UNCERTAINTY') );
#7059 = ( LENGTH_UNIT() NAMED_UNIT(*) SI_UNIT(.MILLI.,.METRE.) );
#7060 = ( NAMED_UNIT(*) PLANE_ANGLE_UNIT() SI_UNIT($,.RADIAN.) );
#7061 = ( NAMED_UNIT(*) SI_UNIT($,.STERADIAN.) SOLID_ANGLE_UNIT() );
#7062 = UNCERTAINTY_MEASURE_WITH_UNIT(LENGTH_MEASURE(1.E-07),#7059,
  'distance_accuracy_value','confusion accuracy');
#7063 = CONTEXT_DEPENDENT_SHAPE_REPRESENTATION(#7064,#7066);
#7064 = ( REPRESENTATION_RELATIONSHIP('','',#7004,#6701) 
REPRESENTATION_RELATIONSHIP_WITH_TRANSFORMATION(#7065) 
SHAPE_REPRESENTATION_RELATIONSHIP() );
#7065 = ITEM_DEFINED_TRANSFORMATION('','',#11,#6706);
#7066 = PRODUCT_DEFINITION_SHAPE('Placement','Placement of an item',
  #7067);
#7067 = NEXT_ASSEMBLY_USAGE_OCCURRENCE('125','Leads029','',#6696,#6999,$
  );
#7068 = PRODUCT_RELATED_PRODUCT_CATEGORY('part',$,(#7001));
#7069 = SHAPE_DEFINITION_REPRESENTATION(#7070,#7076);
#7070 = PRODUCT_DEFINITION_SHAPE('','',#7071);
#7071 = PRODUCT_DEFINITION('design','',#7072,#7075);
#7072 = PRODUCT_DEFINITION_FORMATION('','',#7073);
#7073 = PRODUCT('Leads030','Leads030','',(#7074));
#7074 = PRODUCT_CONTEXT('',#2,'mechanical');
#7075 = PRODUCT_DEFINITION_CONTEXT('part definition',#2,'design');
#7076 = ADVANCED_BREP_SHAPE_REPRESENTATION('',(#11,#7077),#7130);
#7077 = MANIFOLD_SOLID_BREP('',#7078);
#7078 = CLOSED_SHELL('',(#7079,#7112,#7121));
#7079 = ADVANCED_FACE('',(#7080),#7107,.T.);
#7080 = FACE_BOUND('',#7081,.T.);
#7081 = EDGE_LOOP('',(#7082,#7091,#7099,#7106));
#7082 = ORIENTED_EDGE('',*,*,#7083,.F.);
#7083 = EDGE_CURVE('',#7084,#7084,#7086,.T.);
#7084 = VERTEX_POINT('',#7085);
#7085 = CARTESIAN_POINT('',(-4.825,-6.245698675652E-17,0.1));
#7086 = CIRCLE('',#7087,0.255);
#7087 = AXIS2_PLACEMENT_3D('',#7088,#7089,#7090);
#7088 = CARTESIAN_POINT('',(-5.08,0.,0.1));
#7089 = DIRECTION('',(0.,0.,1.));
#7090 = DIRECTION('',(1.,0.,-0.));
#7091 = ORIENTED_EDGE('',*,*,#7092,.F.);
#7092 = EDGE_CURVE('',#7093,#7084,#7095,.T.);
#7093 = VERTEX_POINT('',#7094);
#7094 = CARTESIAN_POINT('',(-4.825,-6.245698675652E-17,-5.));
#7095 = LINE('',#7096,#7097);
#7096 = CARTESIAN_POINT('',(-4.825,-6.245698675652E-17,-5.));
#7097 = VECTOR('',#7098,1.);
#7098 = DIRECTION('',(0.,0.,1.));
#7099 = ORIENTED_EDGE('',*,*,#7100,.T.);
#7100 = EDGE_CURVE('',#7093,#7093,#7101,.T.);
#7101 = CIRCLE('',#7102,0.255);
#7102 = AXIS2_PLACEMENT_3D('',#7103,#7104,#7105);
#7103 = CARTESIAN_POINT('',(-5.08,0.,-5.));
#7104 = DIRECTION('',(0.,0.,1.));
#7105 = DIRECTION('',(1.,0.,-0.));
#7106 = ORIENTED_EDGE('',*,*,#7092,.T.);
#7107 = CYLINDRICAL_SURFACE('',#7108,0.255);
#7108 = AXIS2_PLACEMENT_3D('',#7109,#7110,#7111);
#7109 = CARTESIAN_POINT('',(-5.08,0.,-5.));
#7110 = DIRECTION('',(0.,0.,1.));
#7111 = DIRECTION('',(1.,0.,-0.));
#7112 = ADVANCED_FACE('',(#7113),#7116,.T.);
#7113 = FACE_BOUND('',#7114,.T.);
#7114 = EDGE_LOOP('',(#7115));
#7115 = ORIENTED_EDGE('',*,*,#7083,.T.);
#7116 = PLANE('',#7117);
#7117 = AXIS2_PLACEMENT_3D('',#7118,#7119,#7120);
#7118 = CARTESIAN_POINT('',(-5.08,0.,0.1));
#7119 = DIRECTION('',(0.,0.,1.));
#7120 = DIRECTION('',(1.,0.,-0.));
#7121 = ADVANCED_FACE('',(#7122),#7125,.F.);
#7122 = FACE_BOUND('',#7123,.T.);
#7123 = EDGE_LOOP('',(#7124));
#7124 = ORIENTED_EDGE('',*,*,#7100,.F.);
#7125 = PLANE('',#7126);
#7126 = AXIS2_PLACEMENT_3D('',#7127,#7128,#7129);
#7127 = CARTESIAN_POINT('',(-5.08,0.,-5.));
#7128 = DIRECTION('',(0.,0.,1.));
#7129 = DIRECTION('',(1.,0.,-0.));
#7130 = ( GEOMETRIC_REPRESENTATION_CONTEXT(3) 
GLOBAL_UNCERTAINTY_ASSIGNED_CONTEXT((#7134)) 
GLOBAL_UNIT_ASSIGNED_CONTEXT((#7131,#7132,#7133)) REPRESENTATION_CONTEXT
('Context #1','3D Context with UNIT and UNCERTAINTY') );
#7131 = ( LENGTH_UNIT() NAMED_UNIT(*) SI_UNIT(.MILLI.,.METRE.) );
#7132 = ( NAMED_UNIT(*) PLANE_ANGLE_UNIT() SI_UNIT($,.RADIAN.) );
#7133 = ( NAMED_UNIT(*) SI_UNIT($,.STERADIAN.) SOLID_ANGLE_UNIT() );
#7134 = UNCERTAINTY_MEASURE_WITH_UNIT(LENGTH_MEASURE(1.E-07),#7131,
  'distance_accuracy_value','confusion accuracy');
#7135 = CONTEXT_DEPENDENT_SHAPE_REPRESENTATION(#7136,#7138);
#7136 = ( REPRESENTATION_RELATIONSHIP('','',#7076,#6701) 
REPRESENTATION_RELATIONSHIP_WITH_TRANSFORMATION(#7137) 
SHAPE_REPRESENTATION_RELATIONSHIP() );
#7137 = ITEM_DEFINED_TRANSFORMATION('','',#11,#6710);
#7138 = PRODUCT_DEFINITION_SHAPE('Placement','Placement of an item',
  #7139);
#7139 = NEXT_ASSEMBLY_USAGE_OCCURRENCE('126','Leads030','',#6696,#7071,$
  );
#7140 = PRODUCT_RELATED_PRODUCT_CATEGORY('part',$,(#7073));
#7141 = SHAPE_DEFINITION_REPRESENTATION(#7142,#7148);
#7142 = PRODUCT_DEFINITION_SHAPE('','',#7143);
#7143 = PRODUCT_DEFINITION('design','',#7144,#7147);
#7144 = PRODUCT_DEFINITION_FORMATION('','',#7145);
#7145 = PRODUCT('Leads031','Leads031','',(#7146));
#7146 = PRODUCT_CONTEXT('',#2,'mechanical');
#7147 = PRODUCT_DEFINITION_CONTEXT('part definition',#2,'design');
#7148 = ADVANCED_BREP_SHAPE_REPRESENTATION('',(#11,#7149),#7202);
#7149 = MANIFOLD_SOLID_BREP('',#7150);
#7150 = CLOSED_SHELL('',(#7151,#7184,#7193));
#7151 = ADVANCED_FACE('',(#7152),#7179,.T.);
#7152 = FACE_BOUND('',#7153,.T.);
#7153 = EDGE_LOOP('',(#7154,#7163,#7171,#7178));
#7154 = ORIENTED_EDGE('',*,*,#7155,.F.);
#7155 = EDGE_CURVE('',#7156,#7156,#7158,.T.);
#7156 = VERTEX_POINT('',#7157);
#7157 = CARTESIAN_POINT('',(-7.365,-6.245698675652E-17,0.1));
#7158 = CIRCLE('',#7159,0.255);
#7159 = AXIS2_PLACEMENT_3D('',#7160,#7161,#7162);
#7160 = CARTESIAN_POINT('',(-7.62,0.,0.1));
#7161 = DIRECTION('',(0.,0.,1.));
#7162 = DIRECTION('',(1.,0.,-0.));
#7163 = ORIENTED_EDGE('',*,*,#7164,.F.);
#7164 = EDGE_CURVE('',#7165,#7156,#7167,.T.);
#7165 = VERTEX_POINT('',#7166);
#7166 = CARTESIAN_POINT('',(-7.365,-6.245698675652E-17,-5.));
#7167 = LINE('',#7168,#7169);
#7168 = CARTESIAN_POINT('',(-7.365,-6.245698675652E-17,-5.));
#7169 = VECTOR('',#7170,1.);
#7170 = DIRECTION('',(0.,0.,1.));
#7171 = ORIENTED_EDGE('',*,*,#7172,.T.);
#7172 = EDGE_CURVE('',#7165,#7165,#7173,.T.);
#7173 = CIRCLE('',#7174,0.255);
#7174 = AXIS2_PLACEMENT_3D('',#7175,#7176,#7177);
#7175 = CARTESIAN_POINT('',(-7.62,0.,-5.));
#7176 = DIRECTION('',(0.,0.,1.));
#7177 = DIRECTION('',(1.,0.,-0.));
#7178 = ORIENTED_EDGE('',*,*,#7164,.T.);
#7179 = CYLINDRICAL_SURFACE('',#7180,0.255);
#7180 = AXIS2_PLACEMENT_3D('',#7181,#7182,#7183);
#7181 = CARTESIAN_POINT('',(-7.62,0.,-5.));
#7182 = DIRECTION('',(0.,0.,1.));
#7183 = DIRECTION('',(1.,0.,-0.));
#7184 = ADVANCED_FACE('',(#7185),#7188,.T.);
#7185 = FACE_BOUND('',#7186,.T.);
#7186 = EDGE_LOOP('',(#7187));
#7187 = ORIENTED_EDGE('',*,*,#7155,.T.);
#7188 = PLANE('',#7189);
#7189 = AXIS2_PLACEMENT_3D('',#7190,#7191,#7192);
#7190 = CARTESIAN_POINT('',(-7.62,0.,0.1));
#7191 = DIRECTION('',(0.,0.,1.));
#7192 = DIRECTION('',(1.,0.,-0.));
#7193 = ADVANCED_FACE('',(#7194),#7197,.F.);
#7194 = FACE_BOUND('',#7195,.T.);
#7195 = EDGE_LOOP('',(#7196));
#7196 = ORIENTED_EDGE('',*,*,#7172,.F.);
#7197 = PLANE('',#7198);
#7198 = AXIS2_PLACEMENT_3D('',#7199,#7200,#7201);
#7199 = CARTESIAN_POINT('',(-7.62,0.,-5.));
#7200 = DIRECTION('',(0.,0.,1.));
#7201 = DIRECTION('',(1.,0.,-0.));
#7202 = ( GEOMETRIC_REPRESENTATION_CONTEXT(3) 
GLOBAL_UNCERTAINTY_ASSIGNED_CONTEXT((#7206)) 
GLOBAL_UNIT_ASSIGNED_CONTEXT((#7203,#7204,#7205)) REPRESENTATION_CONTEXT
('Context #1','3D Context with UNIT and UNCERTAINTY') );
#7203 = ( LENGTH_UNIT() NAMED_UNIT(*) SI_UNIT(.MILLI.,.METRE.) );
#7204 = ( NAMED_UNIT(*) PLANE_ANGLE_UNIT() SI_UNIT($,.RADIAN.) );
#7205 = ( NAMED_UNIT(*) SI_UNIT($,.STERADIAN.) SOLID_ANGLE_UNIT() );
#7206 = UNCERTAINTY_MEASURE_WITH_UNIT(LENGTH_MEASURE(1.E-07),#7203,
  'distance_accuracy_value','confusion accuracy');
#7207 = CONTEXT_DEPENDENT_SHAPE_REPRESENTATION(#7208,#7210);
#7208 = ( REPRESENTATION_RELATIONSHIP('','',#7148,#6701) 
REPRESENTATION_RELATIONSHIP_WITH_TRANSFORMATION(#7209) 
SHAPE_REPRESENTATION_RELATIONSHIP() );
#7209 = ITEM_DEFINED_TRANSFORMATION('','',#11,#6714);
#7210 = PRODUCT_DEFINITION_SHAPE('Placement','Placement of an item',
  #7211);
#7211 = NEXT_ASSEMBLY_USAGE_OCCURRENCE('127','Leads031','',#6696,#7143,$
  );
#7212 = PRODUCT_RELATED_PRODUCT_CATEGORY('part',$,(#7145));
#7213 = SHAPE_DEFINITION_REPRESENTATION(#7214,#7220);
#7214 = PRODUCT_DEFINITION_SHAPE('','',#7215);
#7215 = PRODUCT_DEFINITION('design','',#7216,#7219);
#7216 = PRODUCT_DEFINITION_FORMATION('','',#7217);
#7217 = PRODUCT('Leads032','Leads032','',(#7218));
#7218 = PRODUCT_CONTEXT('',#2,'mechanical');
#7219 = PRODUCT_DEFINITION_CONTEXT('part definition',#2,'design');
#7220 = ADVANCED_BREP_SHAPE_REPRESENTATION('',(#11,#7221),#7274);
#7221 = MANIFOLD_SOLID_BREP('',#7222);
#7222 = CLOSED_SHELL('',(#7223,#7256,#7265));
#7223 = ADVANCED_FACE('',(#7224),#7251,.T.);
#7224 = FACE_BOUND('',#7225,.T.);
#7225 = EDGE_LOOP('',(#7226,#7235,#7243,#7250));
#7226 = ORIENTED_EDGE('',*,*,#7227,.F.);
#7227 = EDGE_CURVE('',#7228,#7228,#7230,.T.);
#7228 = VERTEX_POINT('',#7229);
#7229 = CARTESIAN_POINT('',(-9.905,-6.245698675652E-17,0.1));
#7230 = CIRCLE('',#7231,0.255);
#7231 = AXIS2_PLACEMENT_3D('',#7232,#7233,#7234);
#7232 = CARTESIAN_POINT('',(-10.16,0.,0.1));
#7233 = DIRECTION('',(0.,0.,1.));
#7234 = DIRECTION('',(1.,0.,-0.));
#7235 = ORIENTED_EDGE('',*,*,#7236,.F.);
#7236 = EDGE_CURVE('',#7237,#7228,#7239,.T.);
#7237 = VERTEX_POINT('',#7238);
#7238 = CARTESIAN_POINT('',(-9.905,-6.245698675652E-17,-5.));
#7239 = LINE('',#7240,#7241);
#7240 = CARTESIAN_POINT('',(-9.905,-6.245698675652E-17,-5.));
#7241 = VECTOR('',#7242,1.);
#7242 = DIRECTION('',(0.,0.,1.));
#7243 = ORIENTED_EDGE('',*,*,#7244,.T.);
#7244 = EDGE_CURVE('',#7237,#7237,#7245,.T.);
#7245 = CIRCLE('',#7246,0.255);
#7246 = AXIS2_PLACEMENT_3D('',#7247,#7248,#7249);
#7247 = CARTESIAN_POINT('',(-10.16,0.,-5.));
#7248 = DIRECTION('',(0.,0.,1.));
#7249 = DIRECTION('',(1.,0.,-0.));
#7250 = ORIENTED_EDGE('',*,*,#7236,.T.);
#7251 = CYLINDRICAL_SURFACE('',#7252,0.255);
#7252 = AXIS2_PLACEMENT_3D('',#7253,#7254,#7255);
#7253 = CARTESIAN_POINT('',(-10.16,0.,-5.));
#7254 = DIRECTION('',(0.,0.,1.));
#7255 = DIRECTION('',(1.,0.,-0.));
#7256 = ADVANCED_FACE('',(#7257),#7260,.T.);
#7257 = FACE_BOUND('',#7258,.T.);
#7258 = EDGE_LOOP('',(#7259));
#7259 = ORIENTED_EDGE('',*,*,#7227,.T.);
#7260 = PLANE('',#7261);
#7261 = AXIS2_PLACEMENT_3D('',#7262,#7263,#7264);
#7262 = CARTESIAN_POINT('',(-10.16,0.,0.1));
#7263 = DIRECTION('',(0.,0.,1.));
#7264 = DIRECTION('',(1.,0.,-0.));
#7265 = ADVANCED_FACE('',(#7266),#7269,.F.);
#7266 = FACE_BOUND('',#7267,.T.);
#7267 = EDGE_LOOP('',(#7268));
#7268 = ORIENTED_EDGE('',*,*,#7244,.F.);
#7269 = PLANE('',#7270);
#7270 = AXIS2_PLACEMENT_3D('',#7271,#7272,#7273);
#7271 = CARTESIAN_POINT('',(-10.16,0.,-5.));
#7272 = DIRECTION('',(0.,0.,1.));
#7273 = DIRECTION('',(1.,0.,-0.));
#7274 = ( GEOMETRIC_REPRESENTATION_CONTEXT(3) 
GLOBAL_UNCERTAINTY_ASSIGNED_CONTEXT((#7278)) 
GLOBAL_UNIT_ASSIGNED_CONTEXT((#7275,#7276,#7277)) REPRESENTATION_CONTEXT
('Context #1','3D Context with UNIT and UNCERTAINTY') );
#7275 = ( LENGTH_UNIT() NAMED_UNIT(*) SI_UNIT(.MILLI.,.METRE.) );
#7276 = ( NAMED_UNIT(*) PLANE_ANGLE_UNIT() SI_UNIT($,.RADIAN.) );
#7277 = ( NAMED_UNIT(*) SI_UNIT($,.STERADIAN.) SOLID_ANGLE_UNIT() );
#7278 = UNCERTAINTY_MEASURE_WITH_UNIT(LENGTH_MEASURE(1.E-07),#7275,
  'distance_accuracy_value','confusion accuracy');
#7279 = CONTEXT_DEPENDENT_SHAPE_REPRESENTATION(#7280,#7282);
#7280 = ( REPRESENTATION_RELATIONSHIP('','',#7220,#6701) 
REPRESENTATION_RELATIONSHIP_WITH_TRANSFORMATION(#7281) 
SHAPE_REPRESENTATION_RELATIONSHIP() );
#7281 = ITEM_DEFINED_TRANSFORMATION('','',#11,#6718);
#7282 = PRODUCT_DEFINITION_SHAPE('Placement','Placement of an item',
  #7283);
#7283 = NEXT_ASSEMBLY_USAGE_OCCURRENCE('128','Leads032','',#6696,#7215,$
  );
#7284 = PRODUCT_RELATED_PRODUCT_CATEGORY('part',$,(#7217));
#7285 = SHAPE_DEFINITION_REPRESENTATION(#7286,#7292);
#7286 = PRODUCT_DEFINITION_SHAPE('','',#7287);
#7287 = PRODUCT_DEFINITION('design','',#7288,#7291);
#7288 = PRODUCT_DEFINITION_FORMATION('','',#7289);
#7289 = PRODUCT('Leads033','Leads033','',(#7290));
#7290 = PRODUCT_CONTEXT('',#2,'mechanical');
#7291 = PRODUCT_DEFINITION_CONTEXT('part definition',#2,'design');
#7292 = ADVANCED_BREP_SHAPE_REPRESENTATION('',(#11,#7293),#7346);
#7293 = MANIFOLD_SOLID_BREP('',#7294);
#7294 = CLOSED_SHELL('',(#7295,#7328,#7337));
#7295 = ADVANCED_FACE('',(#7296),#7323,.T.);
#7296 = FACE_BOUND('',#7297,.T.);
#7297 = EDGE_LOOP('',(#7298,#7307,#7315,#7322));
#7298 = ORIENTED_EDGE('',*,*,#7299,.F.);
#7299 = EDGE_CURVE('',#7300,#7300,#7302,.T.);
#7300 = VERTEX_POINT('',#7301);
#7301 = CARTESIAN_POINT('',(-12.445,-6.245698675652E-17,0.1));
#7302 = CIRCLE('',#7303,0.255);
#7303 = AXIS2_PLACEMENT_3D('',#7304,#7305,#7306);
#7304 = CARTESIAN_POINT('',(-12.7,0.,0.1));
#7305 = DIRECTION('',(0.,0.,1.));
#7306 = DIRECTION('',(1.,0.,-0.));
#7307 = ORIENTED_EDGE('',*,*,#7308,.F.);
#7308 = EDGE_CURVE('',#7309,#7300,#7311,.T.);
#7309 = VERTEX_POINT('',#7310);
#7310 = CARTESIAN_POINT('',(-12.445,-6.245698675652E-17,-5.));
#7311 = LINE('',#7312,#7313);
#7312 = CARTESIAN_POINT('',(-12.445,-6.245698675652E-17,-5.));
#7313 = VECTOR('',#7314,1.);
#7314 = DIRECTION('',(0.,0.,1.));
#7315 = ORIENTED_EDGE('',*,*,#7316,.T.);
#7316 = EDGE_CURVE('',#7309,#7309,#7317,.T.);
#7317 = CIRCLE('',#7318,0.255);
#7318 = AXIS2_PLACEMENT_3D('',#7319,#7320,#7321);
#7319 = CARTESIAN_POINT('',(-12.7,0.,-5.));
#7320 = DIRECTION('',(0.,0.,1.));
#7321 = DIRECTION('',(1.,0.,-0.));
#7322 = ORIENTED_EDGE('',*,*,#7308,.T.);
#7323 = CYLINDRICAL_SURFACE('',#7324,0.255);
#7324 = AXIS2_PLACEMENT_3D('',#7325,#7326,#7327);
#7325 = CARTESIAN_POINT('',(-12.7,0.,-5.));
#7326 = DIRECTION('',(0.,0.,1.));
#7327 = DIRECTION('',(1.,0.,-0.));
#7328 = ADVANCED_FACE('',(#7329),#7332,.T.);
#7329 = FACE_BOUND('',#7330,.T.);
#7330 = EDGE_LOOP('',(#7331));
#7331 = ORIENTED_EDGE('',*,*,#7299,.T.);
#7332 = PLANE('',#7333);
#7333 = AXIS2_PLACEMENT_3D('',#7334,#7335,#7336);
#7334 = CARTESIAN_POINT('',(-12.7,0.,0.1));
#7335 = DIRECTION('',(0.,0.,1.));
#7336 = DIRECTION('',(1.,0.,-0.));
#7337 = ADVANCED_FACE('',(#7338),#7341,.F.);
#7338 = FACE_BOUND('',#7339,.T.);
#7339 = EDGE_LOOP('',(#7340));
#7340 = ORIENTED_EDGE('',*,*,#7316,.F.);
#7341 = PLANE('',#7342);
#7342 = AXIS2_PLACEMENT_3D('',#7343,#7344,#7345);
#7343 = CARTESIAN_POINT('',(-12.7,0.,-5.));
#7344 = DIRECTION('',(0.,0.,1.));
#7345 = DIRECTION('',(1.,0.,-0.));
#7346 = ( GEOMETRIC_REPRESENTATION_CONTEXT(3) 
GLOBAL_UNCERTAINTY_ASSIGNED_CONTEXT((#7350)) 
GLOBAL_UNIT_ASSIGNED_CONTEXT((#7347,#7348,#7349)) REPRESENTATION_CONTEXT
('Context #1','3D Context with UNIT and UNCERTAINTY') );
#7347 = ( LENGTH_UNIT() NAMED_UNIT(*) SI_UNIT(.MILLI.,.METRE.) );
#7348 = ( NAMED_UNIT(*) PLANE_ANGLE_UNIT() SI_UNIT($,.RADIAN.) );
#7349 = ( NAMED_UNIT(*) SI_UNIT($,.STERADIAN.) SOLID_ANGLE_UNIT() );
#7350 = UNCERTAINTY_MEASURE_WITH_UNIT(LENGTH_MEASURE(1.E-07),#7347,
  'distance_accuracy_value','confusion accuracy');
#7351 = CONTEXT_DEPENDENT_SHAPE_REPRESENTATION(#7352,#7354);
#7352 = ( REPRESENTATION_RELATIONSHIP('','',#7292,#6701) 
REPRESENTATION_RELATIONSHIP_WITH_TRANSFORMATION(#7353) 
SHAPE_REPRESENTATION_RELATIONSHIP() );
#7353 = ITEM_DEFINED_TRANSFORMATION('','',#11,#6722);
#7354 = PRODUCT_DEFINITION_SHAPE('Placement','Placement of an item',
  #7355);
#7355 = NEXT_ASSEMBLY_USAGE_OCCURRENCE('129','Leads033','',#6696,#7287,$
  );
#7356 = PRODUCT_RELATED_PRODUCT_CATEGORY('part',$,(#7289));
#7357 = SHAPE_DEFINITION_REPRESENTATION(#7358,#7364);
#7358 = PRODUCT_DEFINITION_SHAPE('','',#7359);
#7359 = PRODUCT_DEFINITION('design','',#7360,#7363);
#7360 = PRODUCT_DEFINITION_FORMATION('','',#7361);
#7361 = PRODUCT('Leads034','Leads034','',(#7362));
#7362 = PRODUCT_CONTEXT('',#2,'mechanical');
#7363 = PRODUCT_DEFINITION_CONTEXT('part definition',#2,'design');
#7364 = ADVANCED_BREP_SHAPE_REPRESENTATION('',(#11,#7365),#7418);
#7365 = MANIFOLD_SOLID_BREP('',#7366);
#7366 = CLOSED_SHELL('',(#7367,#7400,#7409));
#7367 = ADVANCED_FACE('',(#7368),#7395,.T.);
#7368 = FACE_BOUND('',#7369,.T.);
#7369 = EDGE_LOOP('',(#7370,#7379,#7387,#7394));
#7370 = ORIENTED_EDGE('',*,*,#7371,.F.);
#7371 = EDGE_CURVE('',#7372,#7372,#7374,.T.);
#7372 = VERTEX_POINT('',#7373);
#7373 = CARTESIAN_POINT('',(-14.985,-6.245698675652E-17,0.1));
#7374 = CIRCLE('',#7375,0.255);
#7375 = AXIS2_PLACEMENT_3D('',#7376,#7377,#7378);
#7376 = CARTESIAN_POINT('',(-15.24,0.,0.1));
#7377 = DIRECTION('',(0.,0.,1.));
#7378 = DIRECTION('',(1.,0.,-0.));
#7379 = ORIENTED_EDGE('',*,*,#7380,.F.);
#7380 = EDGE_CURVE('',#7381,#7372,#7383,.T.);
#7381 = VERTEX_POINT('',#7382);
#7382 = CARTESIAN_POINT('',(-14.985,-6.245698675652E-17,-5.));
#7383 = LINE('',#7384,#7385);
#7384 = CARTESIAN_POINT('',(-14.985,-6.245698675652E-17,-5.));
#7385 = VECTOR('',#7386,1.);
#7386 = DIRECTION('',(0.,0.,1.));
#7387 = ORIENTED_EDGE('',*,*,#7388,.T.);
#7388 = EDGE_CURVE('',#7381,#7381,#7389,.T.);
#7389 = CIRCLE('',#7390,0.255);
#7390 = AXIS2_PLACEMENT_3D('',#7391,#7392,#7393);
#7391 = CARTESIAN_POINT('',(-15.24,0.,-5.));
#7392 = DIRECTION('',(0.,0.,1.));
#7393 = DIRECTION('',(1.,0.,-0.));
#7394 = ORIENTED_EDGE('',*,*,#7380,.T.);
#7395 = CYLINDRICAL_SURFACE('',#7396,0.255);
#7396 = AXIS2_PLACEMENT_3D('',#7397,#7398,#7399);
#7397 = CARTESIAN_POINT('',(-15.24,0.,-5.));
#7398 = DIRECTION('',(0.,0.,1.));
#7399 = DIRECTION('',(1.,0.,-0.));
#7400 = ADVANCED_FACE('',(#7401),#7404,.T.);
#7401 = FACE_BOUND('',#7402,.T.);
#7402 = EDGE_LOOP('',(#7403));
#7403 = ORIENTED_EDGE('',*,*,#7371,.T.);
#7404 = PLANE('',#7405);
#7405 = AXIS2_PLACEMENT_3D('',#7406,#7407,#7408);
#7406 = CARTESIAN_POINT('',(-15.24,0.,0.1));
#7407 = DIRECTION('',(0.,0.,1.));
#7408 = DIRECTION('',(1.,0.,-0.));
#7409 = ADVANCED_FACE('',(#7410),#7413,.F.);
#7410 = FACE_BOUND('',#7411,.T.);
#7411 = EDGE_LOOP('',(#7412));
#7412 = ORIENTED_EDGE('',*,*,#7388,.F.);
#7413 = PLANE('',#7414);
#7414 = AXIS2_PLACEMENT_3D('',#7415,#7416,#7417);
#7415 = CARTESIAN_POINT('',(-15.24,0.,-5.));
#7416 = DIRECTION('',(0.,0.,1.));
#7417 = DIRECTION('',(1.,0.,-0.));
#7418 = ( GEOMETRIC_REPRESENTATION_CONTEXT(3) 
GLOBAL_UNCERTAINTY_ASSIGNED_CONTEXT((#7422)) 
GLOBAL_UNIT_ASSIGNED_CONTEXT((#7419,#7420,#7421)) REPRESENTATION_CONTEXT
('Context #1','3D Context with UNIT and UNCERTAINTY') );
#7419 = ( LENGTH_UNIT() NAMED_UNIT(*) SI_UNIT(.MILLI.,.METRE.) );
#7420 = ( NAMED_UNIT(*) PLANE_ANGLE_UNIT() SI_UNIT($,.RADIAN.) );
#7421 = ( NAMED_UNIT(*) SI_UNIT($,.STERADIAN.) SOLID_ANGLE_UNIT() );
#7422 = UNCERTAINTY_MEASURE_WITH_UNIT(LENGTH_MEASURE(1.E-07),#7419,
  'distance_accuracy_value','confusion accuracy');
#7423 = CONTEXT_DEPENDENT_SHAPE_REPRESENTATION(#7424,#7426);
#7424 = ( REPRESENTATION_RELATIONSHIP('','',#7364,#6701) 
REPRESENTATION_RELATIONSHIP_WITH_TRANSFORMATION(#7425) 
SHAPE_REPRESENTATION_RELATIONSHIP() );
#7425 = ITEM_DEFINED_TRANSFORMATION('','',#11,#6726);
#7426 = PRODUCT_DEFINITION_SHAPE('Placement','Placement of an item',
  #7427);
#7427 = NEXT_ASSEMBLY_USAGE_OCCURRENCE('130','Leads034','',#6696,#7359,$
  );
#7428 = PRODUCT_RELATED_PRODUCT_CATEGORY('part',$,(#7361));
#7429 = SHAPE_DEFINITION_REPRESENTATION(#7430,#7436);
#7430 = PRODUCT_DEFINITION_SHAPE('','',#7431);
#7431 = PRODUCT_DEFINITION('design','',#7432,#7435);
#7432 = PRODUCT_DEFINITION_FORMATION('','',#7433);
#7433 = PRODUCT('Leads035','Leads035','',(#7434));
#7434 = PRODUCT_CONTEXT('',#2,'mechanical');
#7435 = PRODUCT_DEFINITION_CONTEXT('part definition',#2,'design');
#7436 = ADVANCED_BREP_SHAPE_REPRESENTATION('',(#11,#7437),#7490);
#7437 = MANIFOLD_SOLID_BREP('',#7438);
#7438 = CLOSED_SHELL('',(#7439,#7472,#7481));
#7439 = ADVANCED_FACE('',(#7440),#7467,.T.);
#7440 = FACE_BOUND('',#7441,.T.);
#7441 = EDGE_LOOP('',(#7442,#7451,#7459,#7466));
#7442 = ORIENTED_EDGE('',*,*,#7443,.F.);
#7443 = EDGE_CURVE('',#7444,#7444,#7446,.T.);
#7444 = VERTEX_POINT('',#7445);
#7445 = CARTESIAN_POINT('',(-17.525,-6.245698675652E-17,0.1));
#7446 = CIRCLE('',#7447,0.255);
#7447 = AXIS2_PLACEMENT_3D('',#7448,#7449,#7450);
#7448 = CARTESIAN_POINT('',(-17.78,0.,0.1));
#7449 = DIRECTION('',(0.,0.,1.));
#7450 = DIRECTION('',(1.,0.,-0.));
#7451 = ORIENTED_EDGE('',*,*,#7452,.F.);
#7452 = EDGE_CURVE('',#7453,#7444,#7455,.T.);
#7453 = VERTEX_POINT('',#7454);
#7454 = CARTESIAN_POINT('',(-17.525,-6.245698675652E-17,-5.));
#7455 = LINE('',#7456,#7457);
#7456 = CARTESIAN_POINT('',(-17.525,-6.245698675652E-17,-5.));
#7457 = VECTOR('',#7458,1.);
#7458 = DIRECTION('',(0.,0.,1.));
#7459 = ORIENTED_EDGE('',*,*,#7460,.T.);
#7460 = EDGE_CURVE('',#7453,#7453,#7461,.T.);
#7461 = CIRCLE('',#7462,0.255);
#7462 = AXIS2_PLACEMENT_3D('',#7463,#7464,#7465);
#7463 = CARTESIAN_POINT('',(-17.78,0.,-5.));
#7464 = DIRECTION('',(0.,0.,1.));
#7465 = DIRECTION('',(1.,0.,-0.));
#7466 = ORIENTED_EDGE('',*,*,#7452,.T.);
#7467 = CYLINDRICAL_SURFACE('',#7468,0.255);
#7468 = AXIS2_PLACEMENT_3D('',#7469,#7470,#7471);
#7469 = CARTESIAN_POINT('',(-17.78,0.,-5.));
#7470 = DIRECTION('',(0.,0.,1.));
#7471 = DIRECTION('',(1.,0.,-0.));
#7472 = ADVANCED_FACE('',(#7473),#7476,.T.);
#7473 = FACE_BOUND('',#7474,.T.);
#7474 = EDGE_LOOP('',(#7475));
#7475 = ORIENTED_EDGE('',*,*,#7443,.T.);
#7476 = PLANE('',#7477);
#7477 = AXIS2_PLACEMENT_3D('',#7478,#7479,#7480);
#7478 = CARTESIAN_POINT('',(-17.78,0.,0.1));
#7479 = DIRECTION('',(0.,0.,1.));
#7480 = DIRECTION('',(1.,0.,-0.));
#7481 = ADVANCED_FACE('',(#7482),#7485,.F.);
#7482 = FACE_BOUND('',#7483,.T.);
#7483 = EDGE_LOOP('',(#7484));
#7484 = ORIENTED_EDGE('',*,*,#7460,.F.);
#7485 = PLANE('',#7486);
#7486 = AXIS2_PLACEMENT_3D('',#7487,#7488,#7489);
#7487 = CARTESIAN_POINT('',(-17.78,0.,-5.));
#7488 = DIRECTION('',(0.,0.,1.));
#7489 = DIRECTION('',(1.,0.,-0.));
#7490 = ( GEOMETRIC_REPRESENTATION_CONTEXT(3) 
GLOBAL_UNCERTAINTY_ASSIGNED_CONTEXT((#7494)) 
GLOBAL_UNIT_ASSIGNED_CONTEXT((#7491,#7492,#7493)) REPRESENTATION_CONTEXT
('Context #1','3D Context with UNIT and UNCERTAINTY') );
#7491 = ( LENGTH_UNIT() NAMED_UNIT(*) SI_UNIT(.MILLI.,.METRE.) );
#7492 = ( NAMED_UNIT(*) PLANE_ANGLE_UNIT() SI_UNIT($,.RADIAN.) );
#7493 = ( NAMED_UNIT(*) SI_UNIT($,.STERADIAN.) SOLID_ANGLE_UNIT() );
#7494 = UNCERTAINTY_MEASURE_WITH_UNIT(LENGTH_MEASURE(1.E-07),#7491,
  'distance_accuracy_value','confusion accuracy');
#7495 = CONTEXT_DEPENDENT_SHAPE_REPRESENTATION(#7496,#7498);
#7496 = ( REPRESENTATION_RELATIONSHIP('','',#7436,#6701) 
REPRESENTATION_RELATIONSHIP_WITH_TRANSFORMATION(#7497) 
SHAPE_REPRESENTATION_RELATIONSHIP() );
#7497 = ITEM_DEFINED_TRANSFORMATION('','',#11,#6730);
#7498 = PRODUCT_DEFINITION_SHAPE('Placement','Placement of an item',
  #7499);
#7499 = NEXT_ASSEMBLY_USAGE_OCCURRENCE('131','Leads035','',#6696,#7431,$
  );
#7500 = PRODUCT_RELATED_PRODUCT_CATEGORY('part',$,(#7433));
#7501 = SHAPE_DEFINITION_REPRESENTATION(#7502,#7508);
#7502 = PRODUCT_DEFINITION_SHAPE('','',#7503);
#7503 = PRODUCT_DEFINITION('design','',#7504,#7507);
#7504 = PRODUCT_DEFINITION_FORMATION('','',#7505);
#7505 = PRODUCT('Leads036','Leads036','',(#7506));
#7506 = PRODUCT_CONTEXT('',#2,'mechanical');
#7507 = PRODUCT_DEFINITION_CONTEXT('part definition',#2,'design');
#7508 = ADVANCED_BREP_SHAPE_REPRESENTATION('',(#11,#7509),#7562);
#7509 = MANIFOLD_SOLID_BREP('',#7510);
#7510 = CLOSED_SHELL('',(#7511,#7544,#7553));
#7511 = ADVANCED_FACE('',(#7512),#7539,.T.);
#7512 = FACE_BOUND('',#7513,.T.);
#7513 = EDGE_LOOP('',(#7514,#7523,#7531,#7538));
#7514 = ORIENTED_EDGE('',*,*,#7515,.F.);
#7515 = EDGE_CURVE('',#7516,#7516,#7518,.T.);
#7516 = VERTEX_POINT('',#7517);
#7517 = CARTESIAN_POINT('',(-20.065,-6.245698675652E-17,0.1));
#7518 = CIRCLE('',#7519,0.255);
#7519 = AXIS2_PLACEMENT_3D('',#7520,#7521,#7522);
#7520 = CARTESIAN_POINT('',(-20.32,0.,0.1));
#7521 = DIRECTION('',(0.,0.,1.));
#7522 = DIRECTION('',(1.,0.,-0.));
#7523 = ORIENTED_EDGE('',*,*,#7524,.F.);
#7524 = EDGE_CURVE('',#7525,#7516,#7527,.T.);
#7525 = VERTEX_POINT('',#7526);
#7526 = CARTESIAN_POINT('',(-20.065,-6.245698675652E-17,-5.));
#7527 = LINE('',#7528,#7529);
#7528 = CARTESIAN_POINT('',(-20.065,-6.245698675652E-17,-5.));
#7529 = VECTOR('',#7530,1.);
#7530 = DIRECTION('',(0.,0.,1.));
#7531 = ORIENTED_EDGE('',*,*,#7532,.T.);
#7532 = EDGE_CURVE('',#7525,#7525,#7533,.T.);
#7533 = CIRCLE('',#7534,0.255);
#7534 = AXIS2_PLACEMENT_3D('',#7535,#7536,#7537);
#7535 = CARTESIAN_POINT('',(-20.32,0.,-5.));
#7536 = DIRECTION('',(0.,0.,1.));
#7537 = DIRECTION('',(1.,0.,-0.));
#7538 = ORIENTED_EDGE('',*,*,#7524,.T.);
#7539 = CYLINDRICAL_SURFACE('',#7540,0.255);
#7540 = AXIS2_PLACEMENT_3D('',#7541,#7542,#7543);
#7541 = CARTESIAN_POINT('',(-20.32,0.,-5.));
#7542 = DIRECTION('',(0.,0.,1.));
#7543 = DIRECTION('',(1.,0.,-0.));
#7544 = ADVANCED_FACE('',(#7545),#7548,.T.);
#7545 = FACE_BOUND('',#7546,.T.);
#7546 = EDGE_LOOP('',(#7547));
#7547 = ORIENTED_EDGE('',*,*,#7515,.T.);
#7548 = PLANE('',#7549);
#7549 = AXIS2_PLACEMENT_3D('',#7550,#7551,#7552);
#7550 = CARTESIAN_POINT('',(-20.32,0.,0.1));
#7551 = DIRECTION('',(0.,0.,1.));
#7552 = DIRECTION('',(1.,0.,-0.));
#7553 = ADVANCED_FACE('',(#7554),#7557,.F.);
#7554 = FACE_BOUND('',#7555,.T.);
#7555 = EDGE_LOOP('',(#7556));
#7556 = ORIENTED_EDGE('',*,*,#7532,.F.);
#7557 = PLANE('',#7558);
#7558 = AXIS2_PLACEMENT_3D('',#7559,#7560,#7561);
#7559 = CARTESIAN_POINT('',(-20.32,0.,-5.));
#7560 = DIRECTION('',(0.,0.,1.));
#7561 = DIRECTION('',(1.,0.,-0.));
#7562 = ( GEOMETRIC_REPRESENTATION_CONTEXT(3) 
GLOBAL_UNCERTAINTY_ASSIGNED_CONTEXT((#7566)) 
GLOBAL_UNIT_ASSIGNED_CONTEXT((#7563,#7564,#7565)) REPRESENTATION_CONTEXT
('Context #1','3D Context with UNIT and UNCERTAINTY') );
#7563 = ( LENGTH_UNIT() NAMED_UNIT(*) SI_UNIT(.MILLI.,.METRE.) );
#7564 = ( NAMED_UNIT(*) PLANE_ANGLE_UNIT() SI_UNIT($,.RADIAN.) );
#7565 = ( NAMED_UNIT(*) SI_UNIT($,.STERADIAN.) SOLID_ANGLE_UNIT() );
#7566 = UNCERTAINTY_MEASURE_WITH_UNIT(LENGTH_MEASURE(1.E-07),#7563,
  'distance_accuracy_value','confusion accuracy');
#7567 = CONTEXT_DEPENDENT_SHAPE_REPRESENTATION(#7568,#7570);
#7568 = ( REPRESENTATION_RELATIONSHIP('','',#7508,#6701) 
REPRESENTATION_RELATIONSHIP_WITH_TRANSFORMATION(#7569) 
SHAPE_REPRESENTATION_RELATIONSHIP() );
#7569 = ITEM_DEFINED_TRANSFORMATION('','',#11,#6734);
#7570 = PRODUCT_DEFINITION_SHAPE('Placement','Placement of an item',
  #7571);
#7571 = NEXT_ASSEMBLY_USAGE_OCCURRENCE('132','Leads036','',#6696,#7503,$
  );
#7572 = PRODUCT_RELATED_PRODUCT_CATEGORY('part',$,(#7505));
#7573 = SHAPE_DEFINITION_REPRESENTATION(#7574,#7580);
#7574 = PRODUCT_DEFINITION_SHAPE('','',#7575);
#7575 = PRODUCT_DEFINITION('design','',#7576,#7579);
#7576 = PRODUCT_DEFINITION_FORMATION('','',#7577);
#7577 = PRODUCT('Leads037','Leads037','',(#7578));
#7578 = PRODUCT_CONTEXT('',#2,'mechanical');
#7579 = PRODUCT_DEFINITION_CONTEXT('part definition',#2,'design');
#7580 = ADVANCED_BREP_SHAPE_REPRESENTATION('',(#11,#7581),#7634);
#7581 = MANIFOLD_SOLID_BREP('',#7582);
#7582 = CLOSED_SHELL('',(#7583,#7616,#7625));
#7583 = ADVANCED_FACE('',(#7584),#7611,.T.);
#7584 = FACE_BOUND('',#7585,.T.);
#7585 = EDGE_LOOP('',(#7586,#7595,#7603,#7610));
#7586 = ORIENTED_EDGE('',*,*,#7587,.F.);
#7587 = EDGE_CURVE('',#7588,#7588,#7590,.T.);
#7588 = VERTEX_POINT('',#7589);
#7589 = CARTESIAN_POINT('',(-22.605,-6.245698675652E-17,0.1));
#7590 = CIRCLE('',#7591,0.255);
#7591 = AXIS2_PLACEMENT_3D('',#7592,#7593,#7594);
#7592 = CARTESIAN_POINT('',(-22.86,0.,0.1));
#7593 = DIRECTION('',(0.,0.,1.));
#7594 = DIRECTION('',(1.,0.,-0.));
#7595 = ORIENTED_EDGE('',*,*,#7596,.F.);
#7596 = EDGE_CURVE('',#7597,#7588,#7599,.T.);
#7597 = VERTEX_POINT('',#7598);
#7598 = CARTESIAN_POINT('',(-22.605,-6.245698675652E-17,-5.));
#7599 = LINE('',#7600,#7601);
#7600 = CARTESIAN_POINT('',(-22.605,-6.245698675652E-17,-5.));
#7601 = VECTOR('',#7602,1.);
#7602 = DIRECTION('',(0.,0.,1.));
#7603 = ORIENTED_EDGE('',*,*,#7604,.T.);
#7604 = EDGE_CURVE('',#7597,#7597,#7605,.T.);
#7605 = CIRCLE('',#7606,0.255);
#7606 = AXIS2_PLACEMENT_3D('',#7607,#7608,#7609);
#7607 = CARTESIAN_POINT('',(-22.86,0.,-5.));
#7608 = DIRECTION('',(0.,0.,1.));
#7609 = DIRECTION('',(1.,0.,-0.));
#7610 = ORIENTED_EDGE('',*,*,#7596,.T.);
#7611 = CYLINDRICAL_SURFACE('',#7612,0.255);
#7612 = AXIS2_PLACEMENT_3D('',#7613,#7614,#7615);
#7613 = CARTESIAN_POINT('',(-22.86,0.,-5.));
#7614 = DIRECTION('',(0.,0.,1.));
#7615 = DIRECTION('',(1.,0.,-0.));
#7616 = ADVANCED_FACE('',(#7617),#7620,.T.);
#7617 = FACE_BOUND('',#7618,.T.);
#7618 = EDGE_LOOP('',(#7619));
#7619 = ORIENTED_EDGE('',*,*,#7587,.T.);
#7620 = PLANE('',#7621);
#7621 = AXIS2_PLACEMENT_3D('',#7622,#7623,#7624);
#7622 = CARTESIAN_POINT('',(-22.86,0.,0.1));
#7623 = DIRECTION('',(0.,0.,1.));
#7624 = DIRECTION('',(1.,0.,-0.));
#7625 = ADVANCED_FACE('',(#7626),#7629,.F.);
#7626 = FACE_BOUND('',#7627,.T.);
#7627 = EDGE_LOOP('',(#7628));
#7628 = ORIENTED_EDGE('',*,*,#7604,.F.);
#7629 = PLANE('',#7630);
#7630 = AXIS2_PLACEMENT_3D('',#7631,#7632,#7633);
#7631 = CARTESIAN_POINT('',(-22.86,0.,-5.));
#7632 = DIRECTION('',(0.,0.,1.));
#7633 = DIRECTION('',(1.,0.,-0.));
#7634 = ( GEOMETRIC_REPRESENTATION_CONTEXT(3) 
GLOBAL_UNCERTAINTY_ASSIGNED_CONTEXT((#7638)) 
GLOBAL_UNIT_ASSIGNED_CONTEXT((#7635,#7636,#7637)) REPRESENTATION_CONTEXT
('Context #1','3D Context with UNIT and UNCERTAINTY') );
#7635 = ( LENGTH_UNIT() NAMED_UNIT(*) SI_UNIT(.MILLI.,.METRE.) );
#7636 = ( NAMED_UNIT(*) PLANE_ANGLE_UNIT() SI_UNIT($,.RADIAN.) );
#7637 = ( NAMED_UNIT(*) SI_UNIT($,.STERADIAN.) SOLID_ANGLE_UNIT() );
#7638 = UNCERTAINTY_MEASURE_WITH_UNIT(LENGTH_MEASURE(1.E-07),#7635,
  'distance_accuracy_value','confusion accuracy');
#7639 = CONTEXT_DEPENDENT_SHAPE_REPRESENTATION(#7640,#7642);
#7640 = ( REPRESENTATION_RELATIONSHIP('','',#7580,#6701) 
REPRESENTATION_RELATIONSHIP_WITH_TRANSFORMATION(#7641) 
SHAPE_REPRESENTATION_RELATIONSHIP() );
#7641 = ITEM_DEFINED_TRANSFORMATION('','',#11,#6738);
#7642 = PRODUCT_DEFINITION_SHAPE('Placement','Placement of an item',
  #7643);
#7643 = NEXT_ASSEMBLY_USAGE_OCCURRENCE('133','Leads037','',#6696,#7575,$
  );
#7644 = PRODUCT_RELATED_PRODUCT_CATEGORY('part',$,(#7577));
#7645 = SHAPE_DEFINITION_REPRESENTATION(#7646,#7652);
#7646 = PRODUCT_DEFINITION_SHAPE('','',#7647);
#7647 = PRODUCT_DEFINITION('design','',#7648,#7651);
#7648 = PRODUCT_DEFINITION_FORMATION('','',#7649);
#7649 = PRODUCT('Leads038','Leads038','',(#7650));
#7650 = PRODUCT_CONTEXT('',#2,'mechanical');
#7651 = PRODUCT_DEFINITION_CONTEXT('part definition',#2,'design');
#7652 = ADVANCED_BREP_SHAPE_REPRESENTATION('',(#11,#7653),#7706);
#7653 = MANIFOLD_SOLID_BREP('',#7654);
#7654 = CLOSED_SHELL('',(#7655,#7688,#7697));
#7655 = ADVANCED_FACE('',(#7656),#7683,.T.);
#7656 = FACE_BOUND('',#7657,.T.);
#7657 = EDGE_LOOP('',(#7658,#7667,#7675,#7682));
#7658 = ORIENTED_EDGE('',*,*,#7659,.F.);
#7659 = EDGE_CURVE('',#7660,#7660,#7662,.T.);
#7660 = VERTEX_POINT('',#7661);
#7661 = CARTESIAN_POINT('',(-25.145,-6.245698675652E-17,0.1));
#7662 = CIRCLE('',#7663,0.255);
#7663 = AXIS2_PLACEMENT_3D('',#7664,#7665,#7666);
#7664 = CARTESIAN_POINT('',(-25.4,0.,0.1));
#7665 = DIRECTION('',(0.,0.,1.));
#7666 = DIRECTION('',(1.,0.,-0.));
#7667 = ORIENTED_EDGE('',*,*,#7668,.F.);
#7668 = EDGE_CURVE('',#7669,#7660,#7671,.T.);
#7669 = VERTEX_POINT('',#7670);
#7670 = CARTESIAN_POINT('',(-25.145,-6.245698675652E-17,-5.));
#7671 = LINE('',#7672,#7673);
#7672 = CARTESIAN_POINT('',(-25.145,-6.245698675652E-17,-5.));
#7673 = VECTOR('',#7674,1.);
#7674 = DIRECTION('',(0.,0.,1.));
#7675 = ORIENTED_EDGE('',*,*,#7676,.T.);
#7676 = EDGE_CURVE('',#7669,#7669,#7677,.T.);
#7677 = CIRCLE('',#7678,0.255);
#7678 = AXIS2_PLACEMENT_3D('',#7679,#7680,#7681);
#7679 = CARTESIAN_POINT('',(-25.4,0.,-5.));
#7680 = DIRECTION('',(0.,0.,1.));
#7681 = DIRECTION('',(1.,0.,-0.));
#7682 = ORIENTED_EDGE('',*,*,#7668,.T.);
#7683 = CYLINDRICAL_SURFACE('',#7684,0.255);
#7684 = AXIS2_PLACEMENT_3D('',#7685,#7686,#7687);
#7685 = CARTESIAN_POINT('',(-25.4,0.,-5.));
#7686 = DIRECTION('',(0.,0.,1.));
#7687 = DIRECTION('',(1.,0.,-0.));
#7688 = ADVANCED_FACE('',(#7689),#7692,.T.);
#7689 = FACE_BOUND('',#7690,.T.);
#7690 = EDGE_LOOP('',(#7691));
#7691 = ORIENTED_EDGE('',*,*,#7659,.T.);
#7692 = PLANE('',#7693);
#7693 = AXIS2_PLACEMENT_3D('',#7694,#7695,#7696);
#7694 = CARTESIAN_POINT('',(-25.4,0.,0.1));
#7695 = DIRECTION('',(0.,0.,1.));
#7696 = DIRECTION('',(1.,0.,-0.));
#7697 = ADVANCED_FACE('',(#7698),#7701,.F.);
#7698 = FACE_BOUND('',#7699,.T.);
#7699 = EDGE_LOOP('',(#7700));
#7700 = ORIENTED_EDGE('',*,*,#7676,.F.);
#7701 = PLANE('',#7702);
#7702 = AXIS2_PLACEMENT_3D('',#7703,#7704,#7705);
#7703 = CARTESIAN_POINT('',(-25.4,0.,-5.));
#7704 = DIRECTION('',(0.,0.,1.));
#7705 = DIRECTION('',(1.,0.,-0.));
#7706 = ( GEOMETRIC_REPRESENTATION_CONTEXT(3) 
GLOBAL_UNCERTAINTY_ASSIGNED_CONTEXT((#7710)) 
GLOBAL_UNIT_ASSIGNED_CONTEXT((#7707,#7708,#7709)) REPRESENTATION_CONTEXT
('Context #1','3D Context with UNIT and UNCERTAINTY') );
#7707 = ( LENGTH_UNIT() NAMED_UNIT(*) SI_UNIT(.MILLI.,.METRE.) );
#7708 = ( NAMED_UNIT(*) PLANE_ANGLE_UNIT() SI_UNIT($,.RADIAN.) );
#7709 = ( NAMED_UNIT(*) SI_UNIT($,.STERADIAN.) SOLID_ANGLE_UNIT() );
#7710 = UNCERTAINTY_MEASURE_WITH_UNIT(LENGTH_MEASURE(1.E-07),#7707,
  'distance_accuracy_value','confusion accuracy');
#7711 = CONTEXT_DEPENDENT_SHAPE_REPRESENTATION(#7712,#7714);
#7712 = ( REPRESENTATION_RELATIONSHIP('','',#7652,#6701) 
REPRESENTATION_RELATIONSHIP_WITH_TRANSFORMATION(#7713) 
SHAPE_REPRESENTATION_RELATIONSHIP() );
#7713 = ITEM_DEFINED_TRANSFORMATION('','',#11,#6742);
#7714 = PRODUCT_DEFINITION_SHAPE('Placement','Placement of an item',
  #7715);
#7715 = NEXT_ASSEMBLY_USAGE_OCCURRENCE('134','Leads038','',#6696,#7647,$
  );
#7716 = PRODUCT_RELATED_PRODUCT_CATEGORY('part',$,(#7649));
#7717 = SHAPE_DEFINITION_REPRESENTATION(#7718,#7724);
#7718 = PRODUCT_DEFINITION_SHAPE('','',#7719);
#7719 = PRODUCT_DEFINITION('design','',#7720,#7723);
#7720 = PRODUCT_DEFINITION_FORMATION('','',#7721);
#7721 = PRODUCT('Leads039','Leads039','',(#7722));
#7722 = PRODUCT_CONTEXT('',#2,'mechanical');
#7723 = PRODUCT_DEFINITION_CONTEXT('part definition',#2,'design');
#7724 = ADVANCED_BREP_SHAPE_REPRESENTATION('',(#11,#7725),#7778);
#7725 = MANIFOLD_SOLID_BREP('',#7726);
#7726 = CLOSED_SHELL('',(#7727,#7760,#7769));
#7727 = ADVANCED_FACE('',(#7728),#7755,.T.);
#7728 = FACE_BOUND('',#7729,.T.);
#7729 = EDGE_LOOP('',(#7730,#7739,#7747,#7754));
#7730 = ORIENTED_EDGE('',*,*,#7731,.F.);
#7731 = EDGE_CURVE('',#7732,#7732,#7734,.T.);
#7732 = VERTEX_POINT('',#7733);
#7733 = CARTESIAN_POINT('',(-27.685,-6.245698675652E-17,0.1));
#7734 = CIRCLE('',#7735,0.255);
#7735 = AXIS2_PLACEMENT_3D('',#7736,#7737,#7738);
#7736 = CARTESIAN_POINT('',(-27.94,0.,0.1));
#7737 = DIRECTION('',(0.,0.,1.));
#7738 = DIRECTION('',(1.,0.,-0.));
#7739 = ORIENTED_EDGE('',*,*,#7740,.F.);
#7740 = EDGE_CURVE('',#7741,#7732,#7743,.T.);
#7741 = VERTEX_POINT('',#7742);
#7742 = CARTESIAN_POINT('',(-27.685,-6.245698675652E-17,-5.));
#7743 = LINE('',#7744,#7745);
#7744 = CARTESIAN_POINT('',(-27.685,-6.245698675652E-17,-5.));
#7745 = VECTOR('',#7746,1.);
#7746 = DIRECTION('',(0.,0.,1.));
#7747 = ORIENTED_EDGE('',*,*,#7748,.T.);
#7748 = EDGE_CURVE('',#7741,#7741,#7749,.T.);
#7749 = CIRCLE('',#7750,0.255);
#7750 = AXIS2_PLACEMENT_3D('',#7751,#7752,#7753);
#7751 = CARTESIAN_POINT('',(-27.94,0.,-5.));
#7752 = DIRECTION('',(0.,0.,1.));
#7753 = DIRECTION('',(1.,0.,-0.));
#7754 = ORIENTED_EDGE('',*,*,#7740,.T.);
#7755 = CYLINDRICAL_SURFACE('',#7756,0.255);
#7756 = AXIS2_PLACEMENT_3D('',#7757,#7758,#7759);
#7757 = CARTESIAN_POINT('',(-27.94,0.,-5.));
#7758 = DIRECTION('',(0.,0.,1.));
#7759 = DIRECTION('',(1.,0.,-0.));
#7760 = ADVANCED_FACE('',(#7761),#7764,.T.);
#7761 = FACE_BOUND('',#7762,.T.);
#7762 = EDGE_LOOP('',(#7763));
#7763 = ORIENTED_EDGE('',*,*,#7731,.T.);
#7764 = PLANE('',#7765);
#7765 = AXIS2_PLACEMENT_3D('',#7766,#7767,#7768);
#7766 = CARTESIAN_POINT('',(-27.94,0.,0.1));
#7767 = DIRECTION('',(0.,0.,1.));
#7768 = DIRECTION('',(1.,0.,-0.));
#7769 = ADVANCED_FACE('',(#7770),#7773,.F.);
#7770 = FACE_BOUND('',#7771,.T.);
#7771 = EDGE_LOOP('',(#7772));
#7772 = ORIENTED_EDGE('',*,*,#7748,.F.);
#7773 = PLANE('',#7774);
#7774 = AXIS2_PLACEMENT_3D('',#7775,#7776,#7777);
#7775 = CARTESIAN_POINT('',(-27.94,0.,-5.));
#7776 = DIRECTION('',(0.,0.,1.));
#7777 = DIRECTION('',(1.,0.,-0.));
#7778 = ( GEOMETRIC_REPRESENTATION_CONTEXT(3) 
GLOBAL_UNCERTAINTY_ASSIGNED_CONTEXT((#7782)) 
GLOBAL_UNIT_ASSIGNED_CONTEXT((#7779,#7780,#7781)) REPRESENTATION_CONTEXT
('Context #1','3D Context with UNIT and UNCERTAINTY') );
#7779 = ( LENGTH_UNIT() NAMED_UNIT(*) SI_UNIT(.MILLI.,.METRE.) );
#7780 = ( NAMED_UNIT(*) PLANE_ANGLE_UNIT() SI_UNIT($,.RADIAN.) );
#7781 = ( NAMED_UNIT(*) SI_UNIT($,.STERADIAN.) SOLID_ANGLE_UNIT() );
#7782 = UNCERTAINTY_MEASURE_WITH_UNIT(LENGTH_MEASURE(1.E-07),#7779,
  'distance_accuracy_value','confusion accuracy');
#7783 = CONTEXT_DEPENDENT_SHAPE_REPRESENTATION(#7784,#7786);
#7784 = ( REPRESENTATION_RELATIONSHIP('','',#7724,#6701) 
REPRESENTATION_RELATIONSHIP_WITH_TRANSFORMATION(#7785) 
SHAPE_REPRESENTATION_RELATIONSHIP() );
#7785 = ITEM_DEFINED_TRANSFORMATION('','',#11,#6746);
#7786 = PRODUCT_DEFINITION_SHAPE('Placement','Placement of an item',
  #7787);
#7787 = NEXT_ASSEMBLY_USAGE_OCCURRENCE('135','Leads039','',#6696,#7719,$
  );
#7788 = PRODUCT_RELATED_PRODUCT_CATEGORY('part',$,(#7721));
#7789 = SHAPE_DEFINITION_REPRESENTATION(#7790,#7796);
#7790 = PRODUCT_DEFINITION_SHAPE('','',#7791);
#7791 = PRODUCT_DEFINITION('design','',#7792,#7795);
#7792 = PRODUCT_DEFINITION_FORMATION('','',#7793);
#7793 = PRODUCT('Leads040','Leads040','',(#7794));
#7794 = PRODUCT_CONTEXT('',#2,'mechanical');
#7795 = PRODUCT_DEFINITION_CONTEXT('part definition',#2,'design');
#7796 = ADVANCED_BREP_SHAPE_REPRESENTATION('',(#11,#7797),#7850);
#7797 = MANIFOLD_SOLID_BREP('',#7798);
#7798 = CLOSED_SHELL('',(#7799,#7832,#7841));
#7799 = ADVANCED_FACE('',(#7800),#7827,.T.);
#7800 = FACE_BOUND('',#7801,.T.);
#7801 = EDGE_LOOP('',(#7802,#7811,#7819,#7826));
#7802 = ORIENTED_EDGE('',*,*,#7803,.F.);
#7803 = EDGE_CURVE('',#7804,#7804,#7806,.T.);
#7804 = VERTEX_POINT('',#7805);
#7805 = CARTESIAN_POINT('',(-30.225,-6.245698675652E-17,0.1));
#7806 = CIRCLE('',#7807,0.255);
#7807 = AXIS2_PLACEMENT_3D('',#7808,#7809,#7810);
#7808 = CARTESIAN_POINT('',(-30.48,0.,0.1));
#7809 = DIRECTION('',(0.,0.,1.));
#7810 = DIRECTION('',(1.,0.,-0.));
#7811 = ORIENTED_EDGE('',*,*,#7812,.F.);
#7812 = EDGE_CURVE('',#7813,#7804,#7815,.T.);
#7813 = VERTEX_POINT('',#7814);
#7814 = CARTESIAN_POINT('',(-30.225,-6.245698675652E-17,-5.));
#7815 = LINE('',#7816,#7817);
#7816 = CARTESIAN_POINT('',(-30.225,-6.245698675652E-17,-5.));
#7817 = VECTOR('',#7818,1.);
#7818 = DIRECTION('',(0.,0.,1.));
#7819 = ORIENTED_EDGE('',*,*,#7820,.T.);
#7820 = EDGE_CURVE('',#7813,#7813,#7821,.T.);
#7821 = CIRCLE('',#7822,0.255);
#7822 = AXIS2_PLACEMENT_3D('',#7823,#7824,#7825);
#7823 = CARTESIAN_POINT('',(-30.48,0.,-5.));
#7824 = DIRECTION('',(0.,0.,1.));
#7825 = DIRECTION('',(1.,0.,-0.));
#7826 = ORIENTED_EDGE('',*,*,#7812,.T.);
#7827 = CYLINDRICAL_SURFACE('',#7828,0.255);
#7828 = AXIS2_PLACEMENT_3D('',#7829,#7830,#7831);
#7829 = CARTESIAN_POINT('',(-30.48,0.,-5.));
#7830 = DIRECTION('',(0.,0.,1.));
#7831 = DIRECTION('',(1.,0.,-0.));
#7832 = ADVANCED_FACE('',(#7833),#7836,.T.);
#7833 = FACE_BOUND('',#7834,.T.);
#7834 = EDGE_LOOP('',(#7835));
#7835 = ORIENTED_EDGE('',*,*,#7803,.T.);
#7836 = PLANE('',#7837);
#7837 = AXIS2_PLACEMENT_3D('',#7838,#7839,#7840);
#7838 = CARTESIAN_POINT('',(-30.48,0.,0.1));
#7839 = DIRECTION('',(0.,0.,1.));
#7840 = DIRECTION('',(1.,0.,-0.));
#7841 = ADVANCED_FACE('',(#7842),#7845,.F.);
#7842 = FACE_BOUND('',#7843,.T.);
#7843 = EDGE_LOOP('',(#7844));
#7844 = ORIENTED_EDGE('',*,*,#7820,.F.);
#7845 = PLANE('',#7846);
#7846 = AXIS2_PLACEMENT_3D('',#7847,#7848,#7849);
#7847 = CARTESIAN_POINT('',(-30.48,0.,-5.));
#7848 = DIRECTION('',(0.,0.,1.));
#7849 = DIRECTION('',(1.,0.,-0.));
#7850 = ( GEOMETRIC_REPRESENTATION_CONTEXT(3) 
GLOBAL_UNCERTAINTY_ASSIGNED_CONTEXT((#7854)) 
GLOBAL_UNIT_ASSIGNED_CONTEXT((#7851,#7852,#7853)) REPRESENTATION_CONTEXT
('Context #1','3D Context with UNIT and UNCERTAINTY') );
#7851 = ( LENGTH_UNIT() NAMED_UNIT(*) SI_UNIT(.MILLI.,.METRE.) );
#7852 = ( NAMED_UNIT(*) PLANE_ANGLE_UNIT() SI_UNIT($,.RADIAN.) );
#7853 = ( NAMED_UNIT(*) SI_UNIT($,.STERADIAN.) SOLID_ANGLE_UNIT() );
#7854 = UNCERTAINTY_MEASURE_WITH_UNIT(LENGTH_MEASURE(1.E-07),#7851,
  'distance_accuracy_value','confusion accuracy');
#7855 = CONTEXT_DEPENDENT_SHAPE_REPRESENTATION(#7856,#7858);
#7856 = ( REPRESENTATION_RELATIONSHIP('','',#7796,#6701) 
REPRESENTATION_RELATIONSHIP_WITH_TRANSFORMATION(#7857) 
SHAPE_REPRESENTATION_RELATIONSHIP() );
#7857 = ITEM_DEFINED_TRANSFORMATION('','',#11,#6750);
#7858 = PRODUCT_DEFINITION_SHAPE('Placement','Placement of an item',
  #7859);
#7859 = NEXT_ASSEMBLY_USAGE_OCCURRENCE('136','Leads040','',#6696,#7791,$
  );
#7860 = PRODUCT_RELATED_PRODUCT_CATEGORY('part',$,(#7793));
#7861 = SHAPE_DEFINITION_REPRESENTATION(#7862,#7868);
#7862 = PRODUCT_DEFINITION_SHAPE('','',#7863);
#7863 = PRODUCT_DEFINITION('design','',#7864,#7867);
#7864 = PRODUCT_DEFINITION_FORMATION('','',#7865);
#7865 = PRODUCT('Leads041','Leads041','',(#7866));
#7866 = PRODUCT_CONTEXT('',#2,'mechanical');
#7867 = PRODUCT_DEFINITION_CONTEXT('part definition',#2,'design');
#7868 = ADVANCED_BREP_SHAPE_REPRESENTATION('',(#11,#7869),#7922);
#7869 = MANIFOLD_SOLID_BREP('',#7870);
#7870 = CLOSED_SHELL('',(#7871,#7904,#7913));
#7871 = ADVANCED_FACE('',(#7872),#7899,.T.);
#7872 = FACE_BOUND('',#7873,.T.);
#7873 = EDGE_LOOP('',(#7874,#7883,#7891,#7898));
#7874 = ORIENTED_EDGE('',*,*,#7875,.F.);
#7875 = EDGE_CURVE('',#7876,#7876,#7878,.T.);
#7876 = VERTEX_POINT('',#7877);
#7877 = CARTESIAN_POINT('',(-32.765,-6.245698675652E-17,0.1));
#7878 = CIRCLE('',#7879,0.255);
#7879 = AXIS2_PLACEMENT_3D('',#7880,#7881,#7882);
#7880 = CARTESIAN_POINT('',(-33.02,0.,0.1));
#7881 = DIRECTION('',(0.,0.,1.));
#7882 = DIRECTION('',(1.,0.,-0.));
#7883 = ORIENTED_EDGE('',*,*,#7884,.F.);
#7884 = EDGE_CURVE('',#7885,#7876,#7887,.T.);
#7885 = VERTEX_POINT('',#7886);
#7886 = CARTESIAN_POINT('',(-32.765,-6.245698675652E-17,-5.));
#7887 = LINE('',#7888,#7889);
#7888 = CARTESIAN_POINT('',(-32.765,-6.245698675652E-17,-5.));
#7889 = VECTOR('',#7890,1.);
#7890 = DIRECTION('',(0.,0.,1.));
#7891 = ORIENTED_EDGE('',*,*,#7892,.T.);
#7892 = EDGE_CURVE('',#7885,#7885,#7893,.T.);
#7893 = CIRCLE('',#7894,0.255);
#7894 = AXIS2_PLACEMENT_3D('',#7895,#7896,#7897);
#7895 = CARTESIAN_POINT('',(-33.02,0.,-5.));
#7896 = DIRECTION('',(0.,0.,1.));
#7897 = DIRECTION('',(1.,0.,-0.));
#7898 = ORIENTED_EDGE('',*,*,#7884,.T.);
#7899 = CYLINDRICAL_SURFACE('',#7900,0.255);
#7900 = AXIS2_PLACEMENT_3D('',#7901,#7902,#7903);
#7901 = CARTESIAN_POINT('',(-33.02,0.,-5.));
#7902 = DIRECTION('',(0.,0.,1.));
#7903 = DIRECTION('',(1.,0.,-0.));
#7904 = ADVANCED_FACE('',(#7905),#7908,.T.);
#7905 = FACE_BOUND('',#7906,.T.);
#7906 = EDGE_LOOP('',(#7907));
#7907 = ORIENTED_EDGE('',*,*,#7875,.T.);
#7908 = PLANE('',#7909);
#7909 = AXIS2_PLACEMENT_3D('',#7910,#7911,#7912);
#7910 = CARTESIAN_POINT('',(-33.02,0.,0.1));
#7911 = DIRECTION('',(0.,0.,1.));
#7912 = DIRECTION('',(1.,0.,-0.));
#7913 = ADVANCED_FACE('',(#7914),#7917,.F.);
#7914 = FACE_BOUND('',#7915,.T.);
#7915 = EDGE_LOOP('',(#7916));
#7916 = ORIENTED_EDGE('',*,*,#7892,.F.);
#7917 = PLANE('',#7918);
#7918 = AXIS2_PLACEMENT_3D('',#7919,#7920,#7921);
#7919 = CARTESIAN_POINT('',(-33.02,0.,-5.));
#7920 = DIRECTION('',(0.,0.,1.));
#7921 = DIRECTION('',(1.,0.,-0.));
#7922 = ( GEOMETRIC_REPRESENTATION_CONTEXT(3) 
GLOBAL_UNCERTAINTY_ASSIGNED_CONTEXT((#7926)) 
GLOBAL_UNIT_ASSIGNED_CONTEXT((#7923,#7924,#7925)) REPRESENTATION_CONTEXT
('Context #1','3D Context with UNIT and UNCERTAINTY') );
#7923 = ( LENGTH_UNIT() NAMED_UNIT(*) SI_UNIT(.MILLI.,.METRE.) );
#7924 = ( NAMED_UNIT(*) PLANE_ANGLE_UNIT() SI_UNIT($,.RADIAN.) );
#7925 = ( NAMED_UNIT(*) SI_UNIT($,.STERADIAN.) SOLID_ANGLE_UNIT() );
#7926 = UNCERTAINTY_MEASURE_WITH_UNIT(LENGTH_MEASURE(1.E-07),#7923,
  'distance_accuracy_value','confusion accuracy');
#7927 = CONTEXT_DEPENDENT_SHAPE_REPRESENTATION(#7928,#7930);
#7928 = ( REPRESENTATION_RELATIONSHIP('','',#7868,#6701) 
REPRESENTATION_RELATIONSHIP_WITH_TRANSFORMATION(#7929) 
SHAPE_REPRESENTATION_RELATIONSHIP() );
#7929 = ITEM_DEFINED_TRANSFORMATION('','',#11,#6754);
#7930 = PRODUCT_DEFINITION_SHAPE('Placement','Placement of an item',
  #7931);
#7931 = NEXT_ASSEMBLY_USAGE_OCCURRENCE('137','Leads041','',#6696,#7863,$
  );
#7932 = PRODUCT_RELATED_PRODUCT_CATEGORY('part',$,(#7865));
#7933 = SHAPE_DEFINITION_REPRESENTATION(#7934,#7940);
#7934 = PRODUCT_DEFINITION_SHAPE('','',#7935);
#7935 = PRODUCT_DEFINITION('design','',#7936,#7939);
#7936 = PRODUCT_DEFINITION_FORMATION('','',#7937);
#7937 = PRODUCT('Leads042','Leads042','',(#7938));
#7938 = PRODUCT_CONTEXT('',#2,'mechanical');
#7939 = PRODUCT_DEFINITION_CONTEXT('part definition',#2,'design');
#7940 = ADVANCED_BREP_SHAPE_REPRESENTATION('',(#11,#7941),#7994);
#7941 = MANIFOLD_SOLID_BREP('',#7942);
#7942 = CLOSED_SHELL('',(#7943,#7976,#7985));
#7943 = ADVANCED_FACE('',(#7944),#7971,.T.);
#7944 = FACE_BOUND('',#7945,.T.);
#7945 = EDGE_LOOP('',(#7946,#7955,#7963,#7970));
#7946 = ORIENTED_EDGE('',*,*,#7947,.F.);
#7947 = EDGE_CURVE('',#7948,#7948,#7950,.T.);
#7948 = VERTEX_POINT('',#7949);
#7949 = CARTESIAN_POINT('',(-35.305,-6.245698675652E-17,0.1));
#7950 = CIRCLE('',#7951,0.255);
#7951 = AXIS2_PLACEMENT_3D('',#7952,#7953,#7954);
#7952 = CARTESIAN_POINT('',(-35.56,0.,0.1));
#7953 = DIRECTION('',(0.,0.,1.));
#7954 = DIRECTION('',(1.,0.,-0.));
#7955 = ORIENTED_EDGE('',*,*,#7956,.F.);
#7956 = EDGE_CURVE('',#7957,#7948,#7959,.T.);
#7957 = VERTEX_POINT('',#7958);
#7958 = CARTESIAN_POINT('',(-35.305,-6.245698675652E-17,-5.));
#7959 = LINE('',#7960,#7961);
#7960 = CARTESIAN_POINT('',(-35.305,-6.245698675652E-17,-5.));
#7961 = VECTOR('',#7962,1.);
#7962 = DIRECTION('',(0.,0.,1.));
#7963 = ORIENTED_EDGE('',*,*,#7964,.T.);
#7964 = EDGE_CURVE('',#7957,#7957,#7965,.T.);
#7965 = CIRCLE('',#7966,0.255);
#7966 = AXIS2_PLACEMENT_3D('',#7967,#7968,#7969);
#7967 = CARTESIAN_POINT('',(-35.56,0.,-5.));
#7968 = DIRECTION('',(0.,0.,1.));
#7969 = DIRECTION('',(1.,0.,-0.));
#7970 = ORIENTED_EDGE('',*,*,#7956,.T.);
#7971 = CYLINDRICAL_SURFACE('',#7972,0.255);
#7972 = AXIS2_PLACEMENT_3D('',#7973,#7974,#7975);
#7973 = CARTESIAN_POINT('',(-35.56,0.,-5.));
#7974 = DIRECTION('',(0.,0.,1.));
#7975 = DIRECTION('',(1.,0.,-0.));
#7976 = ADVANCED_FACE('',(#7977),#7980,.T.);
#7977 = FACE_BOUND('',#7978,.T.);
#7978 = EDGE_LOOP('',(#7979));
#7979 = ORIENTED_EDGE('',*,*,#7947,.T.);
#7980 = PLANE('',#7981);
#7981 = AXIS2_PLACEMENT_3D('',#7982,#7983,#7984);
#7982 = CARTESIAN_POINT('',(-35.56,0.,0.1));
#7983 = DIRECTION('',(0.,0.,1.));
#7984 = DIRECTION('',(1.,0.,-0.));
#7985 = ADVANCED_FACE('',(#7986),#7989,.F.);
#7986 = FACE_BOUND('',#7987,.T.);
#7987 = EDGE_LOOP('',(#7988));
#7988 = ORIENTED_EDGE('',*,*,#7964,.F.);
#7989 = PLANE('',#7990);
#7990 = AXIS2_PLACEMENT_3D('',#7991,#7992,#7993);
#7991 = CARTESIAN_POINT('',(-35.56,0.,-5.));
#7992 = DIRECTION('',(0.,0.,1.));
#7993 = DIRECTION('',(1.,0.,-0.));
#7994 = ( GEOMETRIC_REPRESENTATION_CONTEXT(3) 
GLOBAL_UNCERTAINTY_ASSIGNED_CONTEXT((#7998)) 
GLOBAL_UNIT_ASSIGNED_CONTEXT((#7995,#7996,#7997)) REPRESENTATION_CONTEXT
('Context #1','3D Context with UNIT and UNCERTAINTY') );
#7995 = ( LENGTH_UNIT() NAMED_UNIT(*) SI_UNIT(.MILLI.,.METRE.) );
#7996 = ( NAMED_UNIT(*) PLANE_ANGLE_UNIT() SI_UNIT($,.RADIAN.) );
#7997 = ( NAMED_UNIT(*) SI_UNIT($,.STERADIAN.) SOLID_ANGLE_UNIT() );
#7998 = UNCERTAINTY_MEASURE_WITH_UNIT(LENGTH_MEASURE(1.E-07),#7995,
  'distance_accuracy_value','confusion accuracy');
#7999 = CONTEXT_DEPENDENT_SHAPE_REPRESENTATION(#8000,#8002);
#8000 = ( REPRESENTATION_RELATIONSHIP('','',#7940,#6701) 
REPRESENTATION_RELATIONSHIP_WITH_TRANSFORMATION(#8001) 
SHAPE_REPRESENTATION_RELATIONSHIP() );
#8001 = ITEM_DEFINED_TRANSFORMATION('','',#11,#6758);
#8002 = PRODUCT_DEFINITION_SHAPE('Placement','Placement of an item',
  #8003);
#8003 = NEXT_ASSEMBLY_USAGE_OCCURRENCE('138','Leads042','',#6696,#7935,$
  );
#8004 = PRODUCT_RELATED_PRODUCT_CATEGORY('part',$,(#7937));
#8005 = SHAPE_DEFINITION_REPRESENTATION(#8006,#8012);
#8006 = PRODUCT_DEFINITION_SHAPE('','',#8007);
#8007 = PRODUCT_DEFINITION('design','',#8008,#8011);
#8008 = PRODUCT_DEFINITION_FORMATION('','',#8009);
#8009 = PRODUCT('Leads043','Leads043','',(#8010));
#8010 = PRODUCT_CONTEXT('',#2,'mechanical');
#8011 = PRODUCT_DEFINITION_CONTEXT('part definition',#2,'design');
#8012 = ADVANCED_BREP_SHAPE_REPRESENTATION('',(#11,#8013),#8066);
#8013 = MANIFOLD_SOLID_BREP('',#8014);
#8014 = CLOSED_SHELL('',(#8015,#8048,#8057));
#8015 = ADVANCED_FACE('',(#8016),#8043,.T.);
#8016 = FACE_BOUND('',#8017,.T.);
#8017 = EDGE_LOOP('',(#8018,#8027,#8035,#8042));
#8018 = ORIENTED_EDGE('',*,*,#8019,.F.);
#8019 = EDGE_CURVE('',#8020,#8020,#8022,.T.);
#8020 = VERTEX_POINT('',#8021);
#8021 = CARTESIAN_POINT('',(-37.845,-6.245698675652E-17,0.1));
#8022 = CIRCLE('',#8023,0.255);
#8023 = AXIS2_PLACEMENT_3D('',#8024,#8025,#8026);
#8024 = CARTESIAN_POINT('',(-38.1,0.,0.1));
#8025 = DIRECTION('',(0.,0.,1.));
#8026 = DIRECTION('',(1.,0.,-0.));
#8027 = ORIENTED_EDGE('',*,*,#8028,.F.);
#8028 = EDGE_CURVE('',#8029,#8020,#8031,.T.);
#8029 = VERTEX_POINT('',#8030);
#8030 = CARTESIAN_POINT('',(-37.845,-6.245698675652E-17,-5.));
#8031 = LINE('',#8032,#8033);
#8032 = CARTESIAN_POINT('',(-37.845,-6.245698675652E-17,-5.));
#8033 = VECTOR('',#8034,1.);
#8034 = DIRECTION('',(0.,0.,1.));
#8035 = ORIENTED_EDGE('',*,*,#8036,.T.);
#8036 = EDGE_CURVE('',#8029,#8029,#8037,.T.);
#8037 = CIRCLE('',#8038,0.255);
#8038 = AXIS2_PLACEMENT_3D('',#8039,#8040,#8041);
#8039 = CARTESIAN_POINT('',(-38.1,0.,-5.));
#8040 = DIRECTION('',(0.,0.,1.));
#8041 = DIRECTION('',(1.,0.,-0.));
#8042 = ORIENTED_EDGE('',*,*,#8028,.T.);
#8043 = CYLINDRICAL_SURFACE('',#8044,0.255);
#8044 = AXIS2_PLACEMENT_3D('',#8045,#8046,#8047);
#8045 = CARTESIAN_POINT('',(-38.1,0.,-5.));
#8046 = DIRECTION('',(0.,0.,1.));
#8047 = DIRECTION('',(1.,0.,-0.));
#8048 = ADVANCED_FACE('',(#8049),#8052,.T.);
#8049 = FACE_BOUND('',#8050,.T.);
#8050 = EDGE_LOOP('',(#8051));
#8051 = ORIENTED_EDGE('',*,*,#8019,.T.);
#8052 = PLANE('',#8053);
#8053 = AXIS2_PLACEMENT_3D('',#8054,#8055,#8056);
#8054 = CARTESIAN_POINT('',(-38.1,0.,0.1));
#8055 = DIRECTION('',(0.,0.,1.));
#8056 = DIRECTION('',(1.,0.,-0.));
#8057 = ADVANCED_FACE('',(#8058),#8061,.F.);
#8058 = FACE_BOUND('',#8059,.T.);
#8059 = EDGE_LOOP('',(#8060));
#8060 = ORIENTED_EDGE('',*,*,#8036,.F.);
#8061 = PLANE('',#8062);
#8062 = AXIS2_PLACEMENT_3D('',#8063,#8064,#8065);
#8063 = CARTESIAN_POINT('',(-38.1,0.,-5.));
#8064 = DIRECTION('',(0.,0.,1.));
#8065 = DIRECTION('',(1.,0.,-0.));
#8066 = ( GEOMETRIC_REPRESENTATION_CONTEXT(3) 
GLOBAL_UNCERTAINTY_ASSIGNED_CONTEXT((#8070)) 
GLOBAL_UNIT_ASSIGNED_CONTEXT((#8067,#8068,#8069)) REPRESENTATION_CONTEXT
('Context #1','3D Context with UNIT and UNCERTAINTY') );
#8067 = ( LENGTH_UNIT() NAMED_UNIT(*) SI_UNIT(.MILLI.,.METRE.) );
#8068 = ( NAMED_UNIT(*) PLANE_ANGLE_UNIT() SI_UNIT($,.RADIAN.) );
#8069 = ( NAMED_UNIT(*) SI_UNIT($,.STERADIAN.) SOLID_ANGLE_UNIT() );
#8070 = UNCERTAINTY_MEASURE_WITH_UNIT(LENGTH_MEASURE(1.E-07),#8067,
  'distance_accuracy_value','confusion accuracy');
#8071 = CONTEXT_DEPENDENT_SHAPE_REPRESENTATION(#8072,#8074);
#8072 = ( REPRESENTATION_RELATIONSHIP('','',#8012,#6701) 
REPRESENTATION_RELATIONSHIP_WITH_TRANSFORMATION(#8073) 
SHAPE_REPRESENTATION_RELATIONSHIP() );
#8073 = ITEM_DEFINED_TRANSFORMATION('','',#11,#6762);
#8074 = PRODUCT_DEFINITION_SHAPE('Placement','Placement of an item',
  #8075);
#8075 = NEXT_ASSEMBLY_USAGE_OCCURRENCE('139','Leads043','',#6696,#8007,$
  );
#8076 = PRODUCT_RELATED_PRODUCT_CATEGORY('part',$,(#8009));
#8077 = SHAPE_DEFINITION_REPRESENTATION(#8078,#8084);
#8078 = PRODUCT_DEFINITION_SHAPE('','',#8079);
#8079 = PRODUCT_DEFINITION('design','',#8080,#8083);
#8080 = PRODUCT_DEFINITION_FORMATION('','',#8081);
#8081 = PRODUCT('Leads044','Leads044','',(#8082));
#8082 = PRODUCT_CONTEXT('',#2,'mechanical');
#8083 = PRODUCT_DEFINITION_CONTEXT('part definition',#2,'design');
#8084 = ADVANCED_BREP_SHAPE_REPRESENTATION('',(#11,#8085),#8138);
#8085 = MANIFOLD_SOLID_BREP('',#8086);
#8086 = CLOSED_SHELL('',(#8087,#8120,#8129));
#8087 = ADVANCED_FACE('',(#8088),#8115,.T.);
#8088 = FACE_BOUND('',#8089,.T.);
#8089 = EDGE_LOOP('',(#8090,#8099,#8107,#8114));
#8090 = ORIENTED_EDGE('',*,*,#8091,.F.);
#8091 = EDGE_CURVE('',#8092,#8092,#8094,.T.);
#8092 = VERTEX_POINT('',#8093);
#8093 = CARTESIAN_POINT('',(-40.385,-6.245698675652E-17,0.1));
#8094 = CIRCLE('',#8095,0.255);
#8095 = AXIS2_PLACEMENT_3D('',#8096,#8097,#8098);
#8096 = CARTESIAN_POINT('',(-40.64,0.,0.1));
#8097 = DIRECTION('',(0.,0.,1.));
#8098 = DIRECTION('',(1.,0.,-0.));
#8099 = ORIENTED_EDGE('',*,*,#8100,.F.);
#8100 = EDGE_CURVE('',#8101,#8092,#8103,.T.);
#8101 = VERTEX_POINT('',#8102);
#8102 = CARTESIAN_POINT('',(-40.385,-6.245698675652E-17,-5.));
#8103 = LINE('',#8104,#8105);
#8104 = CARTESIAN_POINT('',(-40.385,-6.245698675652E-17,-5.));
#8105 = VECTOR('',#8106,1.);
#8106 = DIRECTION('',(0.,0.,1.));
#8107 = ORIENTED_EDGE('',*,*,#8108,.T.);
#8108 = EDGE_CURVE('',#8101,#8101,#8109,.T.);
#8109 = CIRCLE('',#8110,0.255);
#8110 = AXIS2_PLACEMENT_3D('',#8111,#8112,#8113);
#8111 = CARTESIAN_POINT('',(-40.64,0.,-5.));
#8112 = DIRECTION('',(0.,0.,1.));
#8113 = DIRECTION('',(1.,0.,-0.));
#8114 = ORIENTED_EDGE('',*,*,#8100,.T.);
#8115 = CYLINDRICAL_SURFACE('',#8116,0.255);
#8116 = AXIS2_PLACEMENT_3D('',#8117,#8118,#8119);
#8117 = CARTESIAN_POINT('',(-40.64,0.,-5.));
#8118 = DIRECTION('',(0.,0.,1.));
#8119 = DIRECTION('',(1.,0.,-0.));
#8120 = ADVANCED_FACE('',(#8121),#8124,.T.);
#8121 = FACE_BOUND('',#8122,.T.);
#8122 = EDGE_LOOP('',(#8123));
#8123 = ORIENTED_EDGE('',*,*,#8091,.T.);
#8124 = PLANE('',#8125);
#8125 = AXIS2_PLACEMENT_3D('',#8126,#8127,#8128);
#8126 = CARTESIAN_POINT('',(-40.64,0.,0.1));
#8127 = DIRECTION('',(0.,0.,1.));
#8128 = DIRECTION('',(1.,0.,-0.));
#8129 = ADVANCED_FACE('',(#8130),#8133,.F.);
#8130 = FACE_BOUND('',#8131,.T.);
#8131 = EDGE_LOOP('',(#8132));
#8132 = ORIENTED_EDGE('',*,*,#8108,.F.);
#8133 = PLANE('',#8134);
#8134 = AXIS2_PLACEMENT_3D('',#8135,#8136,#8137);
#8135 = CARTESIAN_POINT('',(-40.64,0.,-5.));
#8136 = DIRECTION('',(0.,0.,1.));
#8137 = DIRECTION('',(1.,0.,-0.));
#8138 = ( GEOMETRIC_REPRESENTATION_CONTEXT(3) 
GLOBAL_UNCERTAINTY_ASSIGNED_CONTEXT((#8142)) 
GLOBAL_UNIT_ASSIGNED_CONTEXT((#8139,#8140,#8141)) REPRESENTATION_CONTEXT
('Context #1','3D Context with UNIT and UNCERTAINTY') );
#8139 = ( LENGTH_UNIT() NAMED_UNIT(*) SI_UNIT(.MILLI.,.METRE.) );
#8140 = ( NAMED_UNIT(*) PLANE_ANGLE_UNIT() SI_UNIT($,.RADIAN.) );
#8141 = ( NAMED_UNIT(*) SI_UNIT($,.STERADIAN.) SOLID_ANGLE_UNIT() );
#8142 = UNCERTAINTY_MEASURE_WITH_UNIT(LENGTH_MEASURE(1.E-07),#8139,
  'distance_accuracy_value','confusion accuracy');
#8143 = CONTEXT_DEPENDENT_SHAPE_REPRESENTATION(#8144,#8146);
#8144 = ( REPRESENTATION_RELATIONSHIP('','',#8084,#6701) 
REPRESENTATION_RELATIONSHIP_WITH_TRANSFORMATION(#8145) 
SHAPE_REPRESENTATION_RELATIONSHIP() );
#8145 = ITEM_DEFINED_TRANSFORMATION('','',#11,#6766);
#8146 = PRODUCT_DEFINITION_SHAPE('Placement','Placement of an item',
  #8147);
#8147 = NEXT_ASSEMBLY_USAGE_OCCURRENCE('140','Leads044','',#6696,#8079,$
  );
#8148 = PRODUCT_RELATED_PRODUCT_CATEGORY('part',$,(#8081));
#8149 = SHAPE_DEFINITION_REPRESENTATION(#8150,#8156);
#8150 = PRODUCT_DEFINITION_SHAPE('','',#8151);
#8151 = PRODUCT_DEFINITION('design','',#8152,#8155);
#8152 = PRODUCT_DEFINITION_FORMATION('','',#8153);
#8153 = PRODUCT('Leads045','Leads045','',(#8154));
#8154 = PRODUCT_CONTEXT('',#2,'mechanical');
#8155 = PRODUCT_DEFINITION_CONTEXT('part definition',#2,'design');
#8156 = ADVANCED_BREP_SHAPE_REPRESENTATION('',(#11,#8157),#8210);
#8157 = MANIFOLD_SOLID_BREP('',#8158);
#8158 = CLOSED_SHELL('',(#8159,#8192,#8201));
#8159 = ADVANCED_FACE('',(#8160),#8187,.T.);
#8160 = FACE_BOUND('',#8161,.T.);
#8161 = EDGE_LOOP('',(#8162,#8171,#8179,#8186));
#8162 = ORIENTED_EDGE('',*,*,#8163,.F.);
#8163 = EDGE_CURVE('',#8164,#8164,#8166,.T.);
#8164 = VERTEX_POINT('',#8165);
#8165 = CARTESIAN_POINT('',(-42.925,-6.245698675652E-17,0.1));
#8166 = CIRCLE('',#8167,0.255);
#8167 = AXIS2_PLACEMENT_3D('',#8168,#8169,#8170);
#8168 = CARTESIAN_POINT('',(-43.18,0.,0.1));
#8169 = DIRECTION('',(0.,0.,1.));
#8170 = DIRECTION('',(1.,0.,-0.));
#8171 = ORIENTED_EDGE('',*,*,#8172,.F.);
#8172 = EDGE_CURVE('',#8173,#8164,#8175,.T.);
#8173 = VERTEX_POINT('',#8174);
#8174 = CARTESIAN_POINT('',(-42.925,-6.245698675652E-17,-5.));
#8175 = LINE('',#8176,#8177);
#8176 = CARTESIAN_POINT('',(-42.925,-6.245698675652E-17,-5.));
#8177 = VECTOR('',#8178,1.);
#8178 = DIRECTION('',(0.,0.,1.));
#8179 = ORIENTED_EDGE('',*,*,#8180,.T.);
#8180 = EDGE_CURVE('',#8173,#8173,#8181,.T.);
#8181 = CIRCLE('',#8182,0.255);
#8182 = AXIS2_PLACEMENT_3D('',#8183,#8184,#8185);
#8183 = CARTESIAN_POINT('',(-43.18,0.,-5.));
#8184 = DIRECTION('',(0.,0.,1.));
#8185 = DIRECTION('',(1.,0.,-0.));
#8186 = ORIENTED_EDGE('',*,*,#8172,.T.);
#8187 = CYLINDRICAL_SURFACE('',#8188,0.255);
#8188 = AXIS2_PLACEMENT_3D('',#8189,#8190,#8191);
#8189 = CARTESIAN_POINT('',(-43.18,0.,-5.));
#8190 = DIRECTION('',(0.,0.,1.));
#8191 = DIRECTION('',(1.,0.,-0.));
#8192 = ADVANCED_FACE('',(#8193),#8196,.T.);
#8193 = FACE_BOUND('',#8194,.T.);
#8194 = EDGE_LOOP('',(#8195));
#8195 = ORIENTED_EDGE('',*,*,#8163,.T.);
#8196 = PLANE('',#8197);
#8197 = AXIS2_PLACEMENT_3D('',#8198,#8199,#8200);
#8198 = CARTESIAN_POINT('',(-43.18,0.,0.1));
#8199 = DIRECTION('',(0.,0.,1.));
#8200 = DIRECTION('',(1.,0.,-0.));
#8201 = ADVANCED_FACE('',(#8202),#8205,.F.);
#8202 = FACE_BOUND('',#8203,.T.);
#8203 = EDGE_LOOP('',(#8204));
#8204 = ORIENTED_EDGE('',*,*,#8180,.F.);
#8205 = PLANE('',#8206);
#8206 = AXIS2_PLACEMENT_3D('',#8207,#8208,#8209);
#8207 = CARTESIAN_POINT('',(-43.18,0.,-5.));
#8208 = DIRECTION('',(0.,0.,1.));
#8209 = DIRECTION('',(1.,0.,-0.));
#8210 = ( GEOMETRIC_REPRESENTATION_CONTEXT(3) 
GLOBAL_UNCERTAINTY_ASSIGNED_CONTEXT((#8214)) 
GLOBAL_UNIT_ASSIGNED_CONTEXT((#8211,#8212,#8213)) REPRESENTATION_CONTEXT
('Context #1','3D Context with UNIT and UNCERTAINTY') );
#8211 = ( LENGTH_UNIT() NAMED_UNIT(*) SI_UNIT(.MILLI.,.METRE.) );
#8212 = ( NAMED_UNIT(*) PLANE_ANGLE_UNIT() SI_UNIT($,.RADIAN.) );
#8213 = ( NAMED_UNIT(*) SI_UNIT($,.STERADIAN.) SOLID_ANGLE_UNIT() );
#8214 = UNCERTAINTY_MEASURE_WITH_UNIT(LENGTH_MEASURE(1.E-07),#8211,
  'distance_accuracy_value','confusion accuracy');
#8215 = CONTEXT_DEPENDENT_SHAPE_REPRESENTATION(#8216,#8218);
#8216 = ( REPRESENTATION_RELATIONSHIP('','',#8156,#6701) 
REPRESENTATION_RELATIONSHIP_WITH_TRANSFORMATION(#8217) 
SHAPE_REPRESENTATION_RELATIONSHIP() );
#8217 = ITEM_DEFINED_TRANSFORMATION('','',#11,#6770);
#8218 = PRODUCT_DEFINITION_SHAPE('Placement','Placement of an item',
  #8219);
#8219 = NEXT_ASSEMBLY_USAGE_OCCURRENCE('141','Leads045','',#6696,#8151,$
  );
#8220 = PRODUCT_RELATED_PRODUCT_CATEGORY('part',$,(#8153));
#8221 = SHAPE_DEFINITION_REPRESENTATION(#8222,#8228);
#8222 = PRODUCT_DEFINITION_SHAPE('','',#8223);
#8223 = PRODUCT_DEFINITION('design','',#8224,#8227);
#8224 = PRODUCT_DEFINITION_FORMATION('','',#8225);
#8225 = PRODUCT('Leads046','Leads046','',(#8226));
#8226 = PRODUCT_CONTEXT('',#2,'mechanical');
#8227 = PRODUCT_DEFINITION_CONTEXT('part definition',#2,'design');
#8228 = ADVANCED_BREP_SHAPE_REPRESENTATION('',(#11,#8229),#8282);
#8229 = MANIFOLD_SOLID_BREP('',#8230);
#8230 = CLOSED_SHELL('',(#8231,#8264,#8273));
#8231 = ADVANCED_FACE('',(#8232),#8259,.T.);
#8232 = FACE_BOUND('',#8233,.T.);
#8233 = EDGE_LOOP('',(#8234,#8243,#8251,#8258));
#8234 = ORIENTED_EDGE('',*,*,#8235,.F.);
#8235 = EDGE_CURVE('',#8236,#8236,#8238,.T.);
#8236 = VERTEX_POINT('',#8237);
#8237 = CARTESIAN_POINT('',(-1.015,-2.54,0.1));
#8238 = CIRCLE('',#8239,0.255);
#8239 = AXIS2_PLACEMENT_3D('',#8240,#8241,#8242);
#8240 = CARTESIAN_POINT('',(-1.27,-2.54,0.1));
#8241 = DIRECTION('',(0.,0.,1.));
#8242 = DIRECTION('',(1.,0.,-0.));
#8243 = ORIENTED_EDGE('',*,*,#8244,.F.);
#8244 = EDGE_CURVE('',#8245,#8236,#8247,.T.);
#8245 = VERTEX_POINT('',#8246);
#8246 = CARTESIAN_POINT('',(-1.015,-2.54,-5.));
#8247 = LINE('',#8248,#8249);
#8248 = CARTESIAN_POINT('',(-1.015,-2.54,-5.));
#8249 = VECTOR('',#8250,1.);
#8250 = DIRECTION('',(0.,0.,1.));
#8251 = ORIENTED_EDGE('',*,*,#8252,.T.);
#8252 = EDGE_CURVE('',#8245,#8245,#8253,.T.);
#8253 = CIRCLE('',#8254,0.255);
#8254 = AXIS2_PLACEMENT_3D('',#8255,#8256,#8257);
#8255 = CARTESIAN_POINT('',(-1.27,-2.54,-5.));
#8256 = DIRECTION('',(0.,0.,1.));
#8257 = DIRECTION('',(1.,0.,-0.));
#8258 = ORIENTED_EDGE('',*,*,#8244,.T.);
#8259 = CYLINDRICAL_SURFACE('',#8260,0.255);
#8260 = AXIS2_PLACEMENT_3D('',#8261,#8262,#8263);
#8261 = CARTESIAN_POINT('',(-1.27,-2.54,-5.));
#8262 = DIRECTION('',(0.,0.,1.));
#8263 = DIRECTION('',(1.,0.,-0.));
#8264 = ADVANCED_FACE('',(#8265),#8268,.T.);
#8265 = FACE_BOUND('',#8266,.T.);
#8266 = EDGE_LOOP('',(#8267));
#8267 = ORIENTED_EDGE('',*,*,#8235,.T.);
#8268 = PLANE('',#8269);
#8269 = AXIS2_PLACEMENT_3D('',#8270,#8271,#8272);
#8270 = CARTESIAN_POINT('',(-1.27,-2.54,0.1));
#8271 = DIRECTION('',(0.,0.,1.));
#8272 = DIRECTION('',(1.,0.,-0.));
#8273 = ADVANCED_FACE('',(#8274),#8277,.F.);
#8274 = FACE_BOUND('',#8275,.T.);
#8275 = EDGE_LOOP('',(#8276));
#8276 = ORIENTED_EDGE('',*,*,#8252,.F.);
#8277 = PLANE('',#8278);
#8278 = AXIS2_PLACEMENT_3D('',#8279,#8280,#8281);
#8279 = CARTESIAN_POINT('',(-1.27,-2.54,-5.));
#8280 = DIRECTION('',(0.,0.,1.));
#8281 = DIRECTION('',(1.,0.,-0.));
#8282 = ( GEOMETRIC_REPRESENTATION_CONTEXT(3) 
GLOBAL_UNCERTAINTY_ASSIGNED_CONTEXT((#8286)) 
GLOBAL_UNIT_ASSIGNED_CONTEXT((#8283,#8284,#8285)) REPRESENTATION_CONTEXT
('Context #1','3D Context with UNIT and UNCERTAINTY') );
#8283 = ( LENGTH_UNIT() NAMED_UNIT(*) SI_UNIT(.MILLI.,.METRE.) );
#8284 = ( NAMED_UNIT(*) PLANE_ANGLE_UNIT() SI_UNIT($,.RADIAN.) );
#8285 = ( NAMED_UNIT(*) SI_UNIT($,.STERADIAN.) SOLID_ANGLE_UNIT() );
#8286 = UNCERTAINTY_MEASURE_WITH_UNIT(LENGTH_MEASURE(1.E-07),#8283,
  'distance_accuracy_value','confusion accuracy');
#8287 = CONTEXT_DEPENDENT_SHAPE_REPRESENTATION(#8288,#8290);
#8288 = ( REPRESENTATION_RELATIONSHIP('','',#8228,#6701) 
REPRESENTATION_RELATIONSHIP_WITH_TRANSFORMATION(#8289) 
SHAPE_REPRESENTATION_RELATIONSHIP() );
#8289 = ITEM_DEFINED_TRANSFORMATION('','',#11,#6774);
#8290 = PRODUCT_DEFINITION_SHAPE('Placement','Placement of an item',
  #8291);
#8291 = NEXT_ASSEMBLY_USAGE_OCCURRENCE('142','Leads046','',#6696,#8223,$
  );
#8292 = PRODUCT_RELATED_PRODUCT_CATEGORY('part',$,(#8225));
#8293 = SHAPE_DEFINITION_REPRESENTATION(#8294,#8300);
#8294 = PRODUCT_DEFINITION_SHAPE('','',#8295);
#8295 = PRODUCT_DEFINITION('design','',#8296,#8299);
#8296 = PRODUCT_DEFINITION_FORMATION('','',#8297);
#8297 = PRODUCT('Leads047','Leads047','',(#8298));
#8298 = PRODUCT_CONTEXT('',#2,'mechanical');
#8299 = PRODUCT_DEFINITION_CONTEXT('part definition',#2,'design');
#8300 = ADVANCED_BREP_SHAPE_REPRESENTATION('',(#11,#8301),#8354);
#8301 = MANIFOLD_SOLID_BREP('',#8302);
#8302 = CLOSED_SHELL('',(#8303,#8336,#8345));
#8303 = ADVANCED_FACE('',(#8304),#8331,.T.);
#8304 = FACE_BOUND('',#8305,.T.);
#8305 = EDGE_LOOP('',(#8306,#8315,#8323,#8330));
#8306 = ORIENTED_EDGE('',*,*,#8307,.F.);
#8307 = EDGE_CURVE('',#8308,#8308,#8310,.T.);
#8308 = VERTEX_POINT('',#8309);
#8309 = CARTESIAN_POINT('',(-3.555,-2.54,0.1));
#8310 = CIRCLE('',#8311,0.255);
#8311 = AXIS2_PLACEMENT_3D('',#8312,#8313,#8314);
#8312 = CARTESIAN_POINT('',(-3.81,-2.54,0.1));
#8313 = DIRECTION('',(0.,0.,1.));
#8314 = DIRECTION('',(1.,0.,-0.));
#8315 = ORIENTED_EDGE('',*,*,#8316,.F.);
#8316 = EDGE_CURVE('',#8317,#8308,#8319,.T.);
#8317 = VERTEX_POINT('',#8318);
#8318 = CARTESIAN_POINT('',(-3.555,-2.54,-5.));
#8319 = LINE('',#8320,#8321);
#8320 = CARTESIAN_POINT('',(-3.555,-2.54,-5.));
#8321 = VECTOR('',#8322,1.);
#8322 = DIRECTION('',(0.,0.,1.));
#8323 = ORIENTED_EDGE('',*,*,#8324,.T.);
#8324 = EDGE_CURVE('',#8317,#8317,#8325,.T.);
#8325 = CIRCLE('',#8326,0.255);
#8326 = AXIS2_PLACEMENT_3D('',#8327,#8328,#8329);
#8327 = CARTESIAN_POINT('',(-3.81,-2.54,-5.));
#8328 = DIRECTION('',(0.,0.,1.));
#8329 = DIRECTION('',(1.,0.,-0.));
#8330 = ORIENTED_EDGE('',*,*,#8316,.T.);
#8331 = CYLINDRICAL_SURFACE('',#8332,0.255);
#8332 = AXIS2_PLACEMENT_3D('',#8333,#8334,#8335);
#8333 = CARTESIAN_POINT('',(-3.81,-2.54,-5.));
#8334 = DIRECTION('',(0.,0.,1.));
#8335 = DIRECTION('',(1.,0.,-0.));
#8336 = ADVANCED_FACE('',(#8337),#8340,.T.);
#8337 = FACE_BOUND('',#8338,.T.);
#8338 = EDGE_LOOP('',(#8339));
#8339 = ORIENTED_EDGE('',*,*,#8307,.T.);
#8340 = PLANE('',#8341);
#8341 = AXIS2_PLACEMENT_3D('',#8342,#8343,#8344);
#8342 = CARTESIAN_POINT('',(-3.81,-2.54,0.1));
#8343 = DIRECTION('',(0.,0.,1.));
#8344 = DIRECTION('',(1.,0.,-0.));
#8345 = ADVANCED_FACE('',(#8346),#8349,.F.);
#8346 = FACE_BOUND('',#8347,.T.);
#8347 = EDGE_LOOP('',(#8348));
#8348 = ORIENTED_EDGE('',*,*,#8324,.F.);
#8349 = PLANE('',#8350);
#8350 = AXIS2_PLACEMENT_3D('',#8351,#8352,#8353);
#8351 = CARTESIAN_POINT('',(-3.81,-2.54,-5.));
#8352 = DIRECTION('',(0.,0.,1.));
#8353 = DIRECTION('',(1.,0.,-0.));
#8354 = ( GEOMETRIC_REPRESENTATION_CONTEXT(3) 
GLOBAL_UNCERTAINTY_ASSIGNED_CONTEXT((#8358)) 
GLOBAL_UNIT_ASSIGNED_CONTEXT((#8355,#8356,#8357)) REPRESENTATION_CONTEXT
('Context #1','3D Context with UNIT and UNCERTAINTY') );
#8355 = ( LENGTH_UNIT() NAMED_UNIT(*) SI_UNIT(.MILLI.,.METRE.) );
#8356 = ( NAMED_UNIT(*) PLANE_ANGLE_UNIT() SI_UNIT($,.RADIAN.) );
#8357 = ( NAMED_UNIT(*) SI_UNIT($,.STERADIAN.) SOLID_ANGLE_UNIT() );
#8358 = UNCERTAINTY_MEASURE_WITH_UNIT(LENGTH_MEASURE(1.E-07),#8355,
  'distance_accuracy_value','confusion accuracy');
#8359 = CONTEXT_DEPENDENT_SHAPE_REPRESENTATION(#8360,#8362);
#8360 = ( REPRESENTATION_RELATIONSHIP('','',#8300,#6701) 
REPRESENTATION_RELATIONSHIP_WITH_TRANSFORMATION(#8361) 
SHAPE_REPRESENTATION_RELATIONSHIP() );
#8361 = ITEM_DEFINED_TRANSFORMATION('','',#11,#6778);
#8362 = PRODUCT_DEFINITION_SHAPE('Placement','Placement of an item',
  #8363);
#8363 = NEXT_ASSEMBLY_USAGE_OCCURRENCE('143','Leads047','',#6696,#8295,$
  );
#8364 = PRODUCT_RELATED_PRODUCT_CATEGORY('part',$,(#8297));
#8365 = SHAPE_DEFINITION_REPRESENTATION(#8366,#8372);
#8366 = PRODUCT_DEFINITION_SHAPE('','',#8367);
#8367 = PRODUCT_DEFINITION('design','',#8368,#8371);
#8368 = PRODUCT_DEFINITION_FORMATION('','',#8369);
#8369 = PRODUCT('Leads048','Leads048','',(#8370));
#8370 = PRODUCT_CONTEXT('',#2,'mechanical');
#8371 = PRODUCT_DEFINITION_CONTEXT('part definition',#2,'design');
#8372 = ADVANCED_BREP_SHAPE_REPRESENTATION('',(#11,#8373),#8426);
#8373 = MANIFOLD_SOLID_BREP('',#8374);
#8374 = CLOSED_SHELL('',(#8375,#8408,#8417));
#8375 = ADVANCED_FACE('',(#8376),#8403,.T.);
#8376 = FACE_BOUND('',#8377,.T.);
#8377 = EDGE_LOOP('',(#8378,#8387,#8395,#8402));
#8378 = ORIENTED_EDGE('',*,*,#8379,.F.);
#8379 = EDGE_CURVE('',#8380,#8380,#8382,.T.);
#8380 = VERTEX_POINT('',#8381);
#8381 = CARTESIAN_POINT('',(-6.095,-2.54,0.1));
#8382 = CIRCLE('',#8383,0.255);
#8383 = AXIS2_PLACEMENT_3D('',#8384,#8385,#8386);
#8384 = CARTESIAN_POINT('',(-6.35,-2.54,0.1));
#8385 = DIRECTION('',(0.,0.,1.));
#8386 = DIRECTION('',(1.,0.,-0.));
#8387 = ORIENTED_EDGE('',*,*,#8388,.F.);
#8388 = EDGE_CURVE('',#8389,#8380,#8391,.T.);
#8389 = VERTEX_POINT('',#8390);
#8390 = CARTESIAN_POINT('',(-6.095,-2.54,-5.));
#8391 = LINE('',#8392,#8393);
#8392 = CARTESIAN_POINT('',(-6.095,-2.54,-5.));
#8393 = VECTOR('',#8394,1.);
#8394 = DIRECTION('',(0.,0.,1.));
#8395 = ORIENTED_EDGE('',*,*,#8396,.T.);
#8396 = EDGE_CURVE('',#8389,#8389,#8397,.T.);
#8397 = CIRCLE('',#8398,0.255);
#8398 = AXIS2_PLACEMENT_3D('',#8399,#8400,#8401);
#8399 = CARTESIAN_POINT('',(-6.35,-2.54,-5.));
#8400 = DIRECTION('',(0.,0.,1.));
#8401 = DIRECTION('',(1.,0.,-0.));
#8402 = ORIENTED_EDGE('',*,*,#8388,.T.);
#8403 = CYLINDRICAL_SURFACE('',#8404,0.255);
#8404 = AXIS2_PLACEMENT_3D('',#8405,#8406,#8407);
#8405 = CARTESIAN_POINT('',(-6.35,-2.54,-5.));
#8406 = DIRECTION('',(0.,0.,1.));
#8407 = DIRECTION('',(1.,0.,-0.));
#8408 = ADVANCED_FACE('',(#8409),#8412,.T.);
#8409 = FACE_BOUND('',#8410,.T.);
#8410 = EDGE_LOOP('',(#8411));
#8411 = ORIENTED_EDGE('',*,*,#8379,.T.);
#8412 = PLANE('',#8413);
#8413 = AXIS2_PLACEMENT_3D('',#8414,#8415,#8416);
#8414 = CARTESIAN_POINT('',(-6.35,-2.54,0.1));
#8415 = DIRECTION('',(0.,0.,1.));
#8416 = DIRECTION('',(1.,0.,-0.));
#8417 = ADVANCED_FACE('',(#8418),#8421,.F.);
#8418 = FACE_BOUND('',#8419,.T.);
#8419 = EDGE_LOOP('',(#8420));
#8420 = ORIENTED_EDGE('',*,*,#8396,.F.);
#8421 = PLANE('',#8422);
#8422 = AXIS2_PLACEMENT_3D('',#8423,#8424,#8425);
#8423 = CARTESIAN_POINT('',(-6.35,-2.54,-5.));
#8424 = DIRECTION('',(0.,0.,1.));
#8425 = DIRECTION('',(1.,0.,-0.));
#8426 = ( GEOMETRIC_REPRESENTATION_CONTEXT(3) 
GLOBAL_UNCERTAINTY_ASSIGNED_CONTEXT((#8430)) 
GLOBAL_UNIT_ASSIGNED_CONTEXT((#8427,#8428,#8429)) REPRESENTATION_CONTEXT
('Context #1','3D Context with UNIT and UNCERTAINTY') );
#8427 = ( LENGTH_UNIT() NAMED_UNIT(*) SI_UNIT(.MILLI.,.METRE.) );
#8428 = ( NAMED_UNIT(*) PLANE_ANGLE_UNIT() SI_UNIT($,.RADIAN.) );
#8429 = ( NAMED_UNIT(*) SI_UNIT($,.STERADIAN.) SOLID_ANGLE_UNIT() );
#8430 = UNCERTAINTY_MEASURE_WITH_UNIT(LENGTH_MEASURE(1.E-07),#8427,
  'distance_accuracy_value','confusion accuracy');
#8431 = CONTEXT_DEPENDENT_SHAPE_REPRESENTATION(#8432,#8434);
#8432 = ( REPRESENTATION_RELATIONSHIP('','',#8372,#6701) 
REPRESENTATION_RELATIONSHIP_WITH_TRANSFORMATION(#8433) 
SHAPE_REPRESENTATION_RELATIONSHIP() );
#8433 = ITEM_DEFINED_TRANSFORMATION('','',#11,#6782);
#8434 = PRODUCT_DEFINITION_SHAPE('Placement','Placement of an item',
  #8435);
#8435 = NEXT_ASSEMBLY_USAGE_OCCURRENCE('144','Leads048','',#6696,#8367,$
  );
#8436 = PRODUCT_RELATED_PRODUCT_CATEGORY('part',$,(#8369));
#8437 = SHAPE_DEFINITION_REPRESENTATION(#8438,#8444);
#8438 = PRODUCT_DEFINITION_SHAPE('','',#8439);
#8439 = PRODUCT_DEFINITION('design','',#8440,#8443);
#8440 = PRODUCT_DEFINITION_FORMATION('','',#8441);
#8441 = PRODUCT('Leads049','Leads049','',(#8442));
#8442 = PRODUCT_CONTEXT('',#2,'mechanical');
#8443 = PRODUCT_DEFINITION_CONTEXT('part definition',#2,'design');
#8444 = ADVANCED_BREP_SHAPE_REPRESENTATION('',(#11,#8445),#8498);
#8445 = MANIFOLD_SOLID_BREP('',#8446);
#8446 = CLOSED_SHELL('',(#8447,#8480,#8489));
#8447 = ADVANCED_FACE('',(#8448),#8475,.T.);
#8448 = FACE_BOUND('',#8449,.T.);
#8449 = EDGE_LOOP('',(#8450,#8459,#8467,#8474));
#8450 = ORIENTED_EDGE('',*,*,#8451,.F.);
#8451 = EDGE_CURVE('',#8452,#8452,#8454,.T.);
#8452 = VERTEX_POINT('',#8453);
#8453 = CARTESIAN_POINT('',(-8.635,-2.54,0.1));
#8454 = CIRCLE('',#8455,0.255);
#8455 = AXIS2_PLACEMENT_3D('',#8456,#8457,#8458);
#8456 = CARTESIAN_POINT('',(-8.89,-2.54,0.1));
#8457 = DIRECTION('',(0.,0.,1.));
#8458 = DIRECTION('',(1.,0.,-0.));
#8459 = ORIENTED_EDGE('',*,*,#8460,.F.);
#8460 = EDGE_CURVE('',#8461,#8452,#8463,.T.);
#8461 = VERTEX_POINT('',#8462);
#8462 = CARTESIAN_POINT('',(-8.635,-2.54,-5.));
#8463 = LINE('',#8464,#8465);
#8464 = CARTESIAN_POINT('',(-8.635,-2.54,-5.));
#8465 = VECTOR('',#8466,1.);
#8466 = DIRECTION('',(0.,0.,1.));
#8467 = ORIENTED_EDGE('',*,*,#8468,.T.);
#8468 = EDGE_CURVE('',#8461,#8461,#8469,.T.);
#8469 = CIRCLE('',#8470,0.255);
#8470 = AXIS2_PLACEMENT_3D('',#8471,#8472,#8473);
#8471 = CARTESIAN_POINT('',(-8.89,-2.54,-5.));
#8472 = DIRECTION('',(0.,0.,1.));
#8473 = DIRECTION('',(1.,0.,-0.));
#8474 = ORIENTED_EDGE('',*,*,#8460,.T.);
#8475 = CYLINDRICAL_SURFACE('',#8476,0.255);
#8476 = AXIS2_PLACEMENT_3D('',#8477,#8478,#8479);
#8477 = CARTESIAN_POINT('',(-8.89,-2.54,-5.));
#8478 = DIRECTION('',(0.,0.,1.));
#8479 = DIRECTION('',(1.,0.,-0.));
#8480 = ADVANCED_FACE('',(#8481),#8484,.T.);
#8481 = FACE_BOUND('',#8482,.T.);
#8482 = EDGE_LOOP('',(#8483));
#8483 = ORIENTED_EDGE('',*,*,#8451,.T.);
#8484 = PLANE('',#8485);
#8485 = AXIS2_PLACEMENT_3D('',#8486,#8487,#8488);
#8486 = CARTESIAN_POINT('',(-8.89,-2.54,0.1));
#8487 = DIRECTION('',(0.,0.,1.));
#8488 = DIRECTION('',(1.,0.,-0.));
#8489 = ADVANCED_FACE('',(#8490),#8493,.F.);
#8490 = FACE_BOUND('',#8491,.T.);
#8491 = EDGE_LOOP('',(#8492));
#8492 = ORIENTED_EDGE('',*,*,#8468,.F.);
#8493 = PLANE('',#8494);
#8494 = AXIS2_PLACEMENT_3D('',#8495,#8496,#8497);
#8495 = CARTESIAN_POINT('',(-8.89,-2.54,-5.));
#8496 = DIRECTION('',(0.,0.,1.));
#8497 = DIRECTION('',(1.,0.,-0.));
#8498 = ( GEOMETRIC_REPRESENTATION_CONTEXT(3) 
GLOBAL_UNCERTAINTY_ASSIGNED_CONTEXT((#8502)) 
GLOBAL_UNIT_ASSIGNED_CONTEXT((#8499,#8500,#8501)) REPRESENTATION_CONTEXT
('Context #1','3D Context with UNIT and UNCERTAINTY') );
#8499 = ( LENGTH_UNIT() NAMED_UNIT(*) SI_UNIT(.MILLI.,.METRE.) );
#8500 = ( NAMED_UNIT(*) PLANE_ANGLE_UNIT() SI_UNIT($,.RADIAN.) );
#8501 = ( NAMED_UNIT(*) SI_UNIT($,.STERADIAN.) SOLID_ANGLE_UNIT() );
#8502 = UNCERTAINTY_MEASURE_WITH_UNIT(LENGTH_MEASURE(1.E-07),#8499,
  'distance_accuracy_value','confusion accuracy');
#8503 = CONTEXT_DEPENDENT_SHAPE_REPRESENTATION(#8504,#8506);
#8504 = ( REPRESENTATION_RELATIONSHIP('','',#8444,#6701) 
REPRESENTATION_RELATIONSHIP_WITH_TRANSFORMATION(#8505) 
SHAPE_REPRESENTATION_RELATIONSHIP() );
#8505 = ITEM_DEFINED_TRANSFORMATION('','',#11,#6786);
#8506 = PRODUCT_DEFINITION_SHAPE('Placement','Placement of an item',
  #8507);
#8507 = NEXT_ASSEMBLY_USAGE_OCCURRENCE('145','Leads049','',#6696,#8439,$
  );
#8508 = PRODUCT_RELATED_PRODUCT_CATEGORY('part',$,(#8441));
#8509 = SHAPE_DEFINITION_REPRESENTATION(#8510,#8516);
#8510 = PRODUCT_DEFINITION_SHAPE('','',#8511);
#8511 = PRODUCT_DEFINITION('design','',#8512,#8515);
#8512 = PRODUCT_DEFINITION_FORMATION('','',#8513);
#8513 = PRODUCT('Leads050','Leads050','',(#8514));
#8514 = PRODUCT_CONTEXT('',#2,'mechanical');
#8515 = PRODUCT_DEFINITION_CONTEXT('part definition',#2,'design');
#8516 = ADVANCED_BREP_SHAPE_REPRESENTATION('',(#11,#8517),#8570);
#8517 = MANIFOLD_SOLID_BREP('',#8518);
#8518 = CLOSED_SHELL('',(#8519,#8552,#8561));
#8519 = ADVANCED_FACE('',(#8520),#8547,.T.);
#8520 = FACE_BOUND('',#8521,.T.);
#8521 = EDGE_LOOP('',(#8522,#8531,#8539,#8546));
#8522 = ORIENTED_EDGE('',*,*,#8523,.F.);
#8523 = EDGE_CURVE('',#8524,#8524,#8526,.T.);
#8524 = VERTEX_POINT('',#8525);
#8525 = CARTESIAN_POINT('',(-11.175,-2.54,0.1));
#8526 = CIRCLE('',#8527,0.255);
#8527 = AXIS2_PLACEMENT_3D('',#8528,#8529,#8530);
#8528 = CARTESIAN_POINT('',(-11.43,-2.54,0.1));
#8529 = DIRECTION('',(0.,0.,1.));
#8530 = DIRECTION('',(1.,0.,-0.));
#8531 = ORIENTED_EDGE('',*,*,#8532,.F.);
#8532 = EDGE_CURVE('',#8533,#8524,#8535,.T.);
#8533 = VERTEX_POINT('',#8534);
#8534 = CARTESIAN_POINT('',(-11.175,-2.54,-5.));
#8535 = LINE('',#8536,#8537);
#8536 = CARTESIAN_POINT('',(-11.175,-2.54,-5.));
#8537 = VECTOR('',#8538,1.);
#8538 = DIRECTION('',(0.,0.,1.));
#8539 = ORIENTED_EDGE('',*,*,#8540,.T.);
#8540 = EDGE_CURVE('',#8533,#8533,#8541,.T.);
#8541 = CIRCLE('',#8542,0.255);
#8542 = AXIS2_PLACEMENT_3D('',#8543,#8544,#8545);
#8543 = CARTESIAN_POINT('',(-11.43,-2.54,-5.));
#8544 = DIRECTION('',(0.,0.,1.));
#8545 = DIRECTION('',(1.,0.,-0.));
#8546 = ORIENTED_EDGE('',*,*,#8532,.T.);
#8547 = CYLINDRICAL_SURFACE('',#8548,0.255);
#8548 = AXIS2_PLACEMENT_3D('',#8549,#8550,#8551);
#8549 = CARTESIAN_POINT('',(-11.43,-2.54,-5.));
#8550 = DIRECTION('',(0.,0.,1.));
#8551 = DIRECTION('',(1.,0.,-0.));
#8552 = ADVANCED_FACE('',(#8553),#8556,.T.);
#8553 = FACE_BOUND('',#8554,.T.);
#8554 = EDGE_LOOP('',(#8555));
#8555 = ORIENTED_EDGE('',*,*,#8523,.T.);
#8556 = PLANE('',#8557);
#8557 = AXIS2_PLACEMENT_3D('',#8558,#8559,#8560);
#8558 = CARTESIAN_POINT('',(-11.43,-2.54,0.1));
#8559 = DIRECTION('',(0.,0.,1.));
#8560 = DIRECTION('',(1.,0.,-0.));
#8561 = ADVANCED_FACE('',(#8562),#8565,.F.);
#8562 = FACE_BOUND('',#8563,.T.);
#8563 = EDGE_LOOP('',(#8564));
#8564 = ORIENTED_EDGE('',*,*,#8540,.F.);
#8565 = PLANE('',#8566);
#8566 = AXIS2_PLACEMENT_3D('',#8567,#8568,#8569);
#8567 = CARTESIAN_POINT('',(-11.43,-2.54,-5.));
#8568 = DIRECTION('',(0.,0.,1.));
#8569 = DIRECTION('',(1.,0.,-0.));
#8570 = ( GEOMETRIC_REPRESENTATION_CONTEXT(3) 
GLOBAL_UNCERTAINTY_ASSIGNED_CONTEXT((#8574)) 
GLOBAL_UNIT_ASSIGNED_CONTEXT((#8571,#8572,#8573)) REPRESENTATION_CONTEXT
('Context #1','3D Context with UNIT and UNCERTAINTY') );
#8571 = ( LENGTH_UNIT() NAMED_UNIT(*) SI_UNIT(.MILLI.,.METRE.) );
#8572 = ( NAMED_UNIT(*) PLANE_ANGLE_UNIT() SI_UNIT($,.RADIAN.) );
#8573 = ( NAMED_UNIT(*) SI_UNIT($,.STERADIAN.) SOLID_ANGLE_UNIT() );
#8574 = UNCERTAINTY_MEASURE_WITH_UNIT(LENGTH_MEASURE(1.E-07),#8571,
  'distance_accuracy_value','confusion accuracy');
#8575 = CONTEXT_DEPENDENT_SHAPE_REPRESENTATION(#8576,#8578);
#8576 = ( REPRESENTATION_RELATIONSHIP('','',#8516,#6701) 
REPRESENTATION_RELATIONSHIP_WITH_TRANSFORMATION(#8577) 
SHAPE_REPRESENTATION_RELATIONSHIP() );
#8577 = ITEM_DEFINED_TRANSFORMATION('','',#11,#6790);
#8578 = PRODUCT_DEFINITION_SHAPE('Placement','Placement of an item',
  #8579);
#8579 = NEXT_ASSEMBLY_USAGE_OCCURRENCE('146','Leads050','',#6696,#8511,$
  );
#8580 = PRODUCT_RELATED_PRODUCT_CATEGORY('part',$,(#8513));
#8581 = SHAPE_DEFINITION_REPRESENTATION(#8582,#8588);
#8582 = PRODUCT_DEFINITION_SHAPE('','',#8583);
#8583 = PRODUCT_DEFINITION('design','',#8584,#8587);
#8584 = PRODUCT_DEFINITION_FORMATION('','',#8585);
#8585 = PRODUCT('Leads051','Leads051','',(#8586));
#8586 = PRODUCT_CONTEXT('',#2,'mechanical');
#8587 = PRODUCT_DEFINITION_CONTEXT('part definition',#2,'design');
#8588 = ADVANCED_BREP_SHAPE_REPRESENTATION('',(#11,#8589),#8642);
#8589 = MANIFOLD_SOLID_BREP('',#8590);
#8590 = CLOSED_SHELL('',(#8591,#8624,#8633));
#8591 = ADVANCED_FACE('',(#8592),#8619,.T.);
#8592 = FACE_BOUND('',#8593,.T.);
#8593 = EDGE_LOOP('',(#8594,#8603,#8611,#8618));
#8594 = ORIENTED_EDGE('',*,*,#8595,.F.);
#8595 = EDGE_CURVE('',#8596,#8596,#8598,.T.);
#8596 = VERTEX_POINT('',#8597);
#8597 = CARTESIAN_POINT('',(-13.715,-2.54,0.1));
#8598 = CIRCLE('',#8599,0.255);
#8599 = AXIS2_PLACEMENT_3D('',#8600,#8601,#8602);
#8600 = CARTESIAN_POINT('',(-13.97,-2.54,0.1));
#8601 = DIRECTION('',(0.,0.,1.));
#8602 = DIRECTION('',(1.,0.,-0.));
#8603 = ORIENTED_EDGE('',*,*,#8604,.F.);
#8604 = EDGE_CURVE('',#8605,#8596,#8607,.T.);
#8605 = VERTEX_POINT('',#8606);
#8606 = CARTESIAN_POINT('',(-13.715,-2.54,-5.));
#8607 = LINE('',#8608,#8609);
#8608 = CARTESIAN_POINT('',(-13.715,-2.54,-5.));
#8609 = VECTOR('',#8610,1.);
#8610 = DIRECTION('',(0.,0.,1.));
#8611 = ORIENTED_EDGE('',*,*,#8612,.T.);
#8612 = EDGE_CURVE('',#8605,#8605,#8613,.T.);
#8613 = CIRCLE('',#8614,0.255);
#8614 = AXIS2_PLACEMENT_3D('',#8615,#8616,#8617);
#8615 = CARTESIAN_POINT('',(-13.97,-2.54,-5.));
#8616 = DIRECTION('',(0.,0.,1.));
#8617 = DIRECTION('',(1.,0.,-0.));
#8618 = ORIENTED_EDGE('',*,*,#8604,.T.);
#8619 = CYLINDRICAL_SURFACE('',#8620,0.255);
#8620 = AXIS2_PLACEMENT_3D('',#8621,#8622,#8623);
#8621 = CARTESIAN_POINT('',(-13.97,-2.54,-5.));
#8622 = DIRECTION('',(0.,0.,1.));
#8623 = DIRECTION('',(1.,0.,-0.));
#8624 = ADVANCED_FACE('',(#8625),#8628,.T.);
#8625 = FACE_BOUND('',#8626,.T.);
#8626 = EDGE_LOOP('',(#8627));
#8627 = ORIENTED_EDGE('',*,*,#8595,.T.);
#8628 = PLANE('',#8629);
#8629 = AXIS2_PLACEMENT_3D('',#8630,#8631,#8632);
#8630 = CARTESIAN_POINT('',(-13.97,-2.54,0.1));
#8631 = DIRECTION('',(0.,0.,1.));
#8632 = DIRECTION('',(1.,0.,-0.));
#8633 = ADVANCED_FACE('',(#8634),#8637,.F.);
#8634 = FACE_BOUND('',#8635,.T.);
#8635 = EDGE_LOOP('',(#8636));
#8636 = ORIENTED_EDGE('',*,*,#8612,.F.);
#8637 = PLANE('',#8638);
#8638 = AXIS2_PLACEMENT_3D('',#8639,#8640,#8641);
#8639 = CARTESIAN_POINT('',(-13.97,-2.54,-5.));
#8640 = DIRECTION('',(0.,0.,1.));
#8641 = DIRECTION('',(1.,0.,-0.));
#8642 = ( GEOMETRIC_REPRESENTATION_CONTEXT(3) 
GLOBAL_UNCERTAINTY_ASSIGNED_CONTEXT((#8646)) 
GLOBAL_UNIT_ASSIGNED_CONTEXT((#8643,#8644,#8645)) REPRESENTATION_CONTEXT
('Context #1','3D Context with UNIT and UNCERTAINTY') );
#8643 = ( LENGTH_UNIT() NAMED_UNIT(*) SI_UNIT(.MILLI.,.METRE.) );
#8644 = ( NAMED_UNIT(*) PLANE_ANGLE_UNIT() SI_UNIT($,.RADIAN.) );
#8645 = ( NAMED_UNIT(*) SI_UNIT($,.STERADIAN.) SOLID_ANGLE_UNIT() );
#8646 = UNCERTAINTY_MEASURE_WITH_UNIT(LENGTH_MEASURE(1.E-07),#8643,
  'distance_accuracy_value','confusion accuracy');
#8647 = CONTEXT_DEPENDENT_SHAPE_REPRESENTATION(#8648,#8650);
#8648 = ( REPRESENTATION_RELATIONSHIP('','',#8588,#6701) 
REPRESENTATION_RELATIONSHIP_WITH_TRANSFORMATION(#8649) 
SHAPE_REPRESENTATION_RELATIONSHIP() );
#8649 = ITEM_DEFINED_TRANSFORMATION('','',#11,#6794);
#8650 = PRODUCT_DEFINITION_SHAPE('Placement','Placement of an item',
  #8651);
#8651 = NEXT_ASSEMBLY_USAGE_OCCURRENCE('147','Leads051','',#6696,#8583,$
  );
#8652 = PRODUCT_RELATED_PRODUCT_CATEGORY('part',$,(#8585));
#8653 = SHAPE_DEFINITION_REPRESENTATION(#8654,#8660);
#8654 = PRODUCT_DEFINITION_SHAPE('','',#8655);
#8655 = PRODUCT_DEFINITION('design','',#8656,#8659);
#8656 = PRODUCT_DEFINITION_FORMATION('','',#8657);
#8657 = PRODUCT('Leads052','Leads052','',(#8658));
#8658 = PRODUCT_CONTEXT('',#2,'mechanical');
#8659 = PRODUCT_DEFINITION_CONTEXT('part definition',#2,'design');
#8660 = ADVANCED_BREP_SHAPE_REPRESENTATION('',(#11,#8661),#8714);
#8661 = MANIFOLD_SOLID_BREP('',#8662);
#8662 = CLOSED_SHELL('',(#8663,#8696,#8705));
#8663 = ADVANCED_FACE('',(#8664),#8691,.T.);
#8664 = FACE_BOUND('',#8665,.T.);
#8665 = EDGE_LOOP('',(#8666,#8675,#8683,#8690));
#8666 = ORIENTED_EDGE('',*,*,#8667,.F.);
#8667 = EDGE_CURVE('',#8668,#8668,#8670,.T.);
#8668 = VERTEX_POINT('',#8669);
#8669 = CARTESIAN_POINT('',(-16.255,-2.54,0.1));
#8670 = CIRCLE('',#8671,0.255);
#8671 = AXIS2_PLACEMENT_3D('',#8672,#8673,#8674);
#8672 = CARTESIAN_POINT('',(-16.51,-2.54,0.1));
#8673 = DIRECTION('',(0.,0.,1.));
#8674 = DIRECTION('',(1.,0.,-0.));
#8675 = ORIENTED_EDGE('',*,*,#8676,.F.);
#8676 = EDGE_CURVE('',#8677,#8668,#8679,.T.);
#8677 = VERTEX_POINT('',#8678);
#8678 = CARTESIAN_POINT('',(-16.255,-2.54,-5.));
#8679 = LINE('',#8680,#8681);
#8680 = CARTESIAN_POINT('',(-16.255,-2.54,-5.));
#8681 = VECTOR('',#8682,1.);
#8682 = DIRECTION('',(0.,0.,1.));
#8683 = ORIENTED_EDGE('',*,*,#8684,.T.);
#8684 = EDGE_CURVE('',#8677,#8677,#8685,.T.);
#8685 = CIRCLE('',#8686,0.255);
#8686 = AXIS2_PLACEMENT_3D('',#8687,#8688,#8689);
#8687 = CARTESIAN_POINT('',(-16.51,-2.54,-5.));
#8688 = DIRECTION('',(0.,0.,1.));
#8689 = DIRECTION('',(1.,0.,-0.));
#8690 = ORIENTED_EDGE('',*,*,#8676,.T.);
#8691 = CYLINDRICAL_SURFACE('',#8692,0.255);
#8692 = AXIS2_PLACEMENT_3D('',#8693,#8694,#8695);
#8693 = CARTESIAN_POINT('',(-16.51,-2.54,-5.));
#8694 = DIRECTION('',(0.,0.,1.));
#8695 = DIRECTION('',(1.,0.,-0.));
#8696 = ADVANCED_FACE('',(#8697),#8700,.T.);
#8697 = FACE_BOUND('',#8698,.T.);
#8698 = EDGE_LOOP('',(#8699));
#8699 = ORIENTED_EDGE('',*,*,#8667,.T.);
#8700 = PLANE('',#8701);
#8701 = AXIS2_PLACEMENT_3D('',#8702,#8703,#8704);
#8702 = CARTESIAN_POINT('',(-16.51,-2.54,0.1));
#8703 = DIRECTION('',(0.,0.,1.));
#8704 = DIRECTION('',(1.,0.,-0.));
#8705 = ADVANCED_FACE('',(#8706),#8709,.F.);
#8706 = FACE_BOUND('',#8707,.T.);
#8707 = EDGE_LOOP('',(#8708));
#8708 = ORIENTED_EDGE('',*,*,#8684,.F.);
#8709 = PLANE('',#8710);
#8710 = AXIS2_PLACEMENT_3D('',#8711,#8712,#8713);
#8711 = CARTESIAN_POINT('',(-16.51,-2.54,-5.));
#8712 = DIRECTION('',(0.,0.,1.));
#8713 = DIRECTION('',(1.,0.,-0.));
#8714 = ( GEOMETRIC_REPRESENTATION_CONTEXT(3) 
GLOBAL_UNCERTAINTY_ASSIGNED_CONTEXT((#8718)) 
GLOBAL_UNIT_ASSIGNED_CONTEXT((#8715,#8716,#8717)) REPRESENTATION_CONTEXT
('Context #1','3D Context with UNIT and UNCERTAINTY') );
#8715 = ( LENGTH_UNIT() NAMED_UNIT(*) SI_UNIT(.MILLI.,.METRE.) );
#8716 = ( NAMED_UNIT(*) PLANE_ANGLE_UNIT() SI_UNIT($,.RADIAN.) );
#8717 = ( NAMED_UNIT(*) SI_UNIT($,.STERADIAN.) SOLID_ANGLE_UNIT() );
#8718 = UNCERTAINTY_MEASURE_WITH_UNIT(LENGTH_MEASURE(1.E-07),#8715,
  'distance_accuracy_value','confusion accuracy');
#8719 = CONTEXT_DEPENDENT_SHAPE_REPRESENTATION(#8720,#8722);
#8720 = ( REPRESENTATION_RELATIONSHIP('','',#8660,#6701) 
REPRESENTATION_RELATIONSHIP_WITH_TRANSFORMATION(#8721) 
SHAPE_REPRESENTATION_RELATIONSHIP() );
#8721 = ITEM_DEFINED_TRANSFORMATION('','',#11,#6798);
#8722 = PRODUCT_DEFINITION_SHAPE('Placement','Placement of an item',
  #8723);
#8723 = NEXT_ASSEMBLY_USAGE_OCCURRENCE('148','Leads052','',#6696,#8655,$
  );
#8724 = PRODUCT_RELATED_PRODUCT_CATEGORY('part',$,(#8657));
#8725 = SHAPE_DEFINITION_REPRESENTATION(#8726,#8732);
#8726 = PRODUCT_DEFINITION_SHAPE('','',#8727);
#8727 = PRODUCT_DEFINITION('design','',#8728,#8731);
#8728 = PRODUCT_DEFINITION_FORMATION('','',#8729);
#8729 = PRODUCT('Leads053','Leads053','',(#8730));
#8730 = PRODUCT_CONTEXT('',#2,'mechanical');
#8731 = PRODUCT_DEFINITION_CONTEXT('part definition',#2,'design');
#8732 = ADVANCED_BREP_SHAPE_REPRESENTATION('',(#11,#8733),#8786);
#8733 = MANIFOLD_SOLID_BREP('',#8734);
#8734 = CLOSED_SHELL('',(#8735,#8768,#8777));
#8735 = ADVANCED_FACE('',(#8736),#8763,.T.);
#8736 = FACE_BOUND('',#8737,.T.);
#8737 = EDGE_LOOP('',(#8738,#8747,#8755,#8762));
#8738 = ORIENTED_EDGE('',*,*,#8739,.F.);
#8739 = EDGE_CURVE('',#8740,#8740,#8742,.T.);
#8740 = VERTEX_POINT('',#8741);
#8741 = CARTESIAN_POINT('',(-18.795,-2.54,0.1));
#8742 = CIRCLE('',#8743,0.255);
#8743 = AXIS2_PLACEMENT_3D('',#8744,#8745,#8746);
#8744 = CARTESIAN_POINT('',(-19.05,-2.54,0.1));
#8745 = DIRECTION('',(0.,0.,1.));
#8746 = DIRECTION('',(1.,0.,-0.));
#8747 = ORIENTED_EDGE('',*,*,#8748,.F.);
#8748 = EDGE_CURVE('',#8749,#8740,#8751,.T.);
#8749 = VERTEX_POINT('',#8750);
#8750 = CARTESIAN_POINT('',(-18.795,-2.54,-5.));
#8751 = LINE('',#8752,#8753);
#8752 = CARTESIAN_POINT('',(-18.795,-2.54,-5.));
#8753 = VECTOR('',#8754,1.);
#8754 = DIRECTION('',(0.,0.,1.));
#8755 = ORIENTED_EDGE('',*,*,#8756,.T.);
#8756 = EDGE_CURVE('',#8749,#8749,#8757,.T.);
#8757 = CIRCLE('',#8758,0.255);
#8758 = AXIS2_PLACEMENT_3D('',#8759,#8760,#8761);
#8759 = CARTESIAN_POINT('',(-19.05,-2.54,-5.));
#8760 = DIRECTION('',(0.,0.,1.));
#8761 = DIRECTION('',(1.,0.,-0.));
#8762 = ORIENTED_EDGE('',*,*,#8748,.T.);
#8763 = CYLINDRICAL_SURFACE('',#8764,0.255);
#8764 = AXIS2_PLACEMENT_3D('',#8765,#8766,#8767);
#8765 = CARTESIAN_POINT('',(-19.05,-2.54,-5.));
#8766 = DIRECTION('',(0.,0.,1.));
#8767 = DIRECTION('',(1.,0.,-0.));
#8768 = ADVANCED_FACE('',(#8769),#8772,.T.);
#8769 = FACE_BOUND('',#8770,.T.);
#8770 = EDGE_LOOP('',(#8771));
#8771 = ORIENTED_EDGE('',*,*,#8739,.T.);
#8772 = PLANE('',#8773);
#8773 = AXIS2_PLACEMENT_3D('',#8774,#8775,#8776);
#8774 = CARTESIAN_POINT('',(-19.05,-2.54,0.1));
#8775 = DIRECTION('',(0.,0.,1.));
#8776 = DIRECTION('',(1.,0.,-0.));
#8777 = ADVANCED_FACE('',(#8778),#8781,.F.);
#8778 = FACE_BOUND('',#8779,.T.);
#8779 = EDGE_LOOP('',(#8780));
#8780 = ORIENTED_EDGE('',*,*,#8756,.F.);
#8781 = PLANE('',#8782);
#8782 = AXIS2_PLACEMENT_3D('',#8783,#8784,#8785);
#8783 = CARTESIAN_POINT('',(-19.05,-2.54,-5.));
#8784 = DIRECTION('',(0.,0.,1.));
#8785 = DIRECTION('',(1.,0.,-0.));
#8786 = ( GEOMETRIC_REPRESENTATION_CONTEXT(3) 
GLOBAL_UNCERTAINTY_ASSIGNED_CONTEXT((#8790)) 
GLOBAL_UNIT_ASSIGNED_CONTEXT((#8787,#8788,#8789)) REPRESENTATION_CONTEXT
('Context #1','3D Context with UNIT and UNCERTAINTY') );
#8787 = ( LENGTH_UNIT() NAMED_UNIT(*) SI_UNIT(.MILLI.,.METRE.) );
#8788 = ( NAMED_UNIT(*) PLANE_ANGLE_UNIT() SI_UNIT($,.RADIAN.) );
#8789 = ( NAMED_UNIT(*) SI_UNIT($,.STERADIAN.) SOLID_ANGLE_UNIT() );
#8790 = UNCERTAINTY_MEASURE_WITH_UNIT(LENGTH_MEASURE(1.E-07),#8787,
  'distance_accuracy_value','confusion accuracy');
#8791 = CONTEXT_DEPENDENT_SHAPE_REPRESENTATION(#8792,#8794);
#8792 = ( REPRESENTATION_RELATIONSHIP('','',#8732,#6701) 
REPRESENTATION_RELATIONSHIP_WITH_TRANSFORMATION(#8793) 
SHAPE_REPRESENTATION_RELATIONSHIP() );
#8793 = ITEM_DEFINED_TRANSFORMATION('','',#11,#6802);
#8794 = PRODUCT_DEFINITION_SHAPE('Placement','Placement of an item',
  #8795);
#8795 = NEXT_ASSEMBLY_USAGE_OCCURRENCE('149','Leads053','',#6696,#8727,$
  );
#8796 = PRODUCT_RELATED_PRODUCT_CATEGORY('part',$,(#8729));
#8797 = SHAPE_DEFINITION_REPRESENTATION(#8798,#8804);
#8798 = PRODUCT_DEFINITION_SHAPE('','',#8799);
#8799 = PRODUCT_DEFINITION('design','',#8800,#8803);
#8800 = PRODUCT_DEFINITION_FORMATION('','',#8801);
#8801 = PRODUCT('Leads054','Leads054','',(#8802));
#8802 = PRODUCT_CONTEXT('',#2,'mechanical');
#8803 = PRODUCT_DEFINITION_CONTEXT('part definition',#2,'design');
#8804 = ADVANCED_BREP_SHAPE_REPRESENTATION('',(#11,#8805),#8858);
#8805 = MANIFOLD_SOLID_BREP('',#8806);
#8806 = CLOSED_SHELL('',(#8807,#8840,#8849));
#8807 = ADVANCED_FACE('',(#8808),#8835,.T.);
#8808 = FACE_BOUND('',#8809,.T.);
#8809 = EDGE_LOOP('',(#8810,#8819,#8827,#8834));
#8810 = ORIENTED_EDGE('',*,*,#8811,.F.);
#8811 = EDGE_CURVE('',#8812,#8812,#8814,.T.);
#8812 = VERTEX_POINT('',#8813);
#8813 = CARTESIAN_POINT('',(-21.335,-2.54,0.1));
#8814 = CIRCLE('',#8815,0.255);
#8815 = AXIS2_PLACEMENT_3D('',#8816,#8817,#8818);
#8816 = CARTESIAN_POINT('',(-21.59,-2.54,0.1));
#8817 = DIRECTION('',(0.,0.,1.));
#8818 = DIRECTION('',(1.,0.,-0.));
#8819 = ORIENTED_EDGE('',*,*,#8820,.F.);
#8820 = EDGE_CURVE('',#8821,#8812,#8823,.T.);
#8821 = VERTEX_POINT('',#8822);
#8822 = CARTESIAN_POINT('',(-21.335,-2.54,-5.));
#8823 = LINE('',#8824,#8825);
#8824 = CARTESIAN_POINT('',(-21.335,-2.54,-5.));
#8825 = VECTOR('',#8826,1.);
#8826 = DIRECTION('',(0.,0.,1.));
#8827 = ORIENTED_EDGE('',*,*,#8828,.T.);
#8828 = EDGE_CURVE('',#8821,#8821,#8829,.T.);
#8829 = CIRCLE('',#8830,0.255);
#8830 = AXIS2_PLACEMENT_3D('',#8831,#8832,#8833);
#8831 = CARTESIAN_POINT('',(-21.59,-2.54,-5.));
#8832 = DIRECTION('',(0.,0.,1.));
#8833 = DIRECTION('',(1.,0.,-0.));
#8834 = ORIENTED_EDGE('',*,*,#8820,.T.);
#8835 = CYLINDRICAL_SURFACE('',#8836,0.255);
#8836 = AXIS2_PLACEMENT_3D('',#8837,#8838,#8839);
#8837 = CARTESIAN_POINT('',(-21.59,-2.54,-5.));
#8838 = DIRECTION('',(0.,0.,1.));
#8839 = DIRECTION('',(1.,0.,-0.));
#8840 = ADVANCED_FACE('',(#8841),#8844,.T.);
#8841 = FACE_BOUND('',#8842,.T.);
#8842 = EDGE_LOOP('',(#8843));
#8843 = ORIENTED_EDGE('',*,*,#8811,.T.);
#8844 = PLANE('',#8845);
#8845 = AXIS2_PLACEMENT_3D('',#8846,#8847,#8848);
#8846 = CARTESIAN_POINT('',(-21.59,-2.54,0.1));
#8847 = DIRECTION('',(0.,0.,1.));
#8848 = DIRECTION('',(1.,0.,-0.));
#8849 = ADVANCED_FACE('',(#8850),#8853,.F.);
#8850 = FACE_BOUND('',#8851,.T.);
#8851 = EDGE_LOOP('',(#8852));
#8852 = ORIENTED_EDGE('',*,*,#8828,.F.);
#8853 = PLANE('',#8854);
#8854 = AXIS2_PLACEMENT_3D('',#8855,#8856,#8857);
#8855 = CARTESIAN_POINT('',(-21.59,-2.54,-5.));
#8856 = DIRECTION('',(0.,0.,1.));
#8857 = DIRECTION('',(1.,0.,-0.));
#8858 = ( GEOMETRIC_REPRESENTATION_CONTEXT(3) 
GLOBAL_UNCERTAINTY_ASSIGNED_CONTEXT((#8862)) 
GLOBAL_UNIT_ASSIGNED_CONTEXT((#8859,#8860,#8861)) REPRESENTATION_CONTEXT
('Context #1','3D Context with UNIT and UNCERTAINTY') );
#8859 = ( LENGTH_UNIT() NAMED_UNIT(*) SI_UNIT(.MILLI.,.METRE.) );
#8860 = ( NAMED_UNIT(*) PLANE_ANGLE_UNIT() SI_UNIT($,.RADIAN.) );
#8861 = ( NAMED_UNIT(*) SI_UNIT($,.STERADIAN.) SOLID_ANGLE_UNIT() );
#8862 = UNCERTAINTY_MEASURE_WITH_UNIT(LENGTH_MEASURE(1.E-07),#8859,
  'distance_accuracy_value','confusion accuracy');
#8863 = CONTEXT_DEPENDENT_SHAPE_REPRESENTATION(#8864,#8866);
#8864 = ( REPRESENTATION_RELATIONSHIP('','',#8804,#6701) 
REPRESENTATION_RELATIONSHIP_WITH_TRANSFORMATION(#8865) 
SHAPE_REPRESENTATION_RELATIONSHIP() );
#8865 = ITEM_DEFINED_TRANSFORMATION('','',#11,#6806);
#8866 = PRODUCT_DEFINITION_SHAPE('Placement','Placement of an item',
  #8867);
#8867 = NEXT_ASSEMBLY_USAGE_OCCURRENCE('150','Leads054','',#6696,#8799,$
  );
#8868 = PRODUCT_RELATED_PRODUCT_CATEGORY('part',$,(#8801));
#8869 = SHAPE_DEFINITION_REPRESENTATION(#8870,#8876);
#8870 = PRODUCT_DEFINITION_SHAPE('','',#8871);
#8871 = PRODUCT_DEFINITION('design','',#8872,#8875);
#8872 = PRODUCT_DEFINITION_FORMATION('','',#8873);
#8873 = PRODUCT('Leads055','Leads055','',(#8874));
#8874 = PRODUCT_CONTEXT('',#2,'mechanical');
#8875 = PRODUCT_DEFINITION_CONTEXT('part definition',#2,'design');
#8876 = ADVANCED_BREP_SHAPE_REPRESENTATION('',(#11,#8877),#8930);
#8877 = MANIFOLD_SOLID_BREP('',#8878);
#8878 = CLOSED_SHELL('',(#8879,#8912,#8921));
#8879 = ADVANCED_FACE('',(#8880),#8907,.T.);
#8880 = FACE_BOUND('',#8881,.T.);
#8881 = EDGE_LOOP('',(#8882,#8891,#8899,#8906));
#8882 = ORIENTED_EDGE('',*,*,#8883,.F.);
#8883 = EDGE_CURVE('',#8884,#8884,#8886,.T.);
#8884 = VERTEX_POINT('',#8885);
#8885 = CARTESIAN_POINT('',(-23.875,-2.54,0.1));
#8886 = CIRCLE('',#8887,0.255);
#8887 = AXIS2_PLACEMENT_3D('',#8888,#8889,#8890);
#8888 = CARTESIAN_POINT('',(-24.13,-2.54,0.1));
#8889 = DIRECTION('',(0.,0.,1.));
#8890 = DIRECTION('',(1.,0.,-0.));
#8891 = ORIENTED_EDGE('',*,*,#8892,.F.);
#8892 = EDGE_CURVE('',#8893,#8884,#8895,.T.);
#8893 = VERTEX_POINT('',#8894);
#8894 = CARTESIAN_POINT('',(-23.875,-2.54,-5.));
#8895 = LINE('',#8896,#8897);
#8896 = CARTESIAN_POINT('',(-23.875,-2.54,-5.));
#8897 = VECTOR('',#8898,1.);
#8898 = DIRECTION('',(0.,0.,1.));
#8899 = ORIENTED_EDGE('',*,*,#8900,.T.);
#8900 = EDGE_CURVE('',#8893,#8893,#8901,.T.);
#8901 = CIRCLE('',#8902,0.255);
#8902 = AXIS2_PLACEMENT_3D('',#8903,#8904,#8905);
#8903 = CARTESIAN_POINT('',(-24.13,-2.54,-5.));
#8904 = DIRECTION('',(0.,0.,1.));
#8905 = DIRECTION('',(1.,0.,-0.));
#8906 = ORIENTED_EDGE('',*,*,#8892,.T.);
#8907 = CYLINDRICAL_SURFACE('',#8908,0.255);
#8908 = AXIS2_PLACEMENT_3D('',#8909,#8910,#8911);
#8909 = CARTESIAN_POINT('',(-24.13,-2.54,-5.));
#8910 = DIRECTION('',(0.,0.,1.));
#8911 = DIRECTION('',(1.,0.,-0.));
#8912 = ADVANCED_FACE('',(#8913),#8916,.T.);
#8913 = FACE_BOUND('',#8914,.T.);
#8914 = EDGE_LOOP('',(#8915));
#8915 = ORIENTED_EDGE('',*,*,#8883,.T.);
#8916 = PLANE('',#8917);
#8917 = AXIS2_PLACEMENT_3D('',#8918,#8919,#8920);
#8918 = CARTESIAN_POINT('',(-24.13,-2.54,0.1));
#8919 = DIRECTION('',(0.,0.,1.));
#8920 = DIRECTION('',(1.,0.,-0.));
#8921 = ADVANCED_FACE('',(#8922),#8925,.F.);
#8922 = FACE_BOUND('',#8923,.T.);
#8923 = EDGE_LOOP('',(#8924));
#8924 = ORIENTED_EDGE('',*,*,#8900,.F.);
#8925 = PLANE('',#8926);
#8926 = AXIS2_PLACEMENT_3D('',#8927,#8928,#8929);
#8927 = CARTESIAN_POINT('',(-24.13,-2.54,-5.));
#8928 = DIRECTION('',(0.,0.,1.));
#8929 = DIRECTION('',(1.,0.,-0.));
#8930 = ( GEOMETRIC_REPRESENTATION_CONTEXT(3) 
GLOBAL_UNCERTAINTY_ASSIGNED_CONTEXT((#8934)) 
GLOBAL_UNIT_ASSIGNED_CONTEXT((#8931,#8932,#8933)) REPRESENTATION_CONTEXT
('Context #1','3D Context with UNIT and UNCERTAINTY') );
#8931 = ( LENGTH_UNIT() NAMED_UNIT(*) SI_UNIT(.MILLI.,.METRE.) );
#8932 = ( NAMED_UNIT(*) PLANE_ANGLE_UNIT() SI_UNIT($,.RADIAN.) );
#8933 = ( NAMED_UNIT(*) SI_UNIT($,.STERADIAN.) SOLID_ANGLE_UNIT() );
#8934 = UNCERTAINTY_MEASURE_WITH_UNIT(LENGTH_MEASURE(1.E-07),#8931,
  'distance_accuracy_value','confusion accuracy');
#8935 = CONTEXT_DEPENDENT_SHAPE_REPRESENTATION(#8936,#8938);
#8936 = ( REPRESENTATION_RELATIONSHIP('','',#8876,#6701) 
REPRESENTATION_RELATIONSHIP_WITH_TRANSFORMATION(#8937) 
SHAPE_REPRESENTATION_RELATIONSHIP() );
#8937 = ITEM_DEFINED_TRANSFORMATION('','',#11,#6810);
#8938 = PRODUCT_DEFINITION_SHAPE('Placement','Placement of an item',
  #8939);
#8939 = NEXT_ASSEMBLY_USAGE_OCCURRENCE('151','Leads055','',#6696,#8871,$
  );
#8940 = PRODUCT_RELATED_PRODUCT_CATEGORY('part',$,(#8873));
#8941 = SHAPE_DEFINITION_REPRESENTATION(#8942,#8948);
#8942 = PRODUCT_DEFINITION_SHAPE('','',#8943);
#8943 = PRODUCT_DEFINITION('design','',#8944,#8947);
#8944 = PRODUCT_DEFINITION_FORMATION('','',#8945);
#8945 = PRODUCT('Leads056','Leads056','',(#8946));
#8946 = PRODUCT_CONTEXT('',#2,'mechanical');
#8947 = PRODUCT_DEFINITION_CONTEXT('part definition',#2,'design');
#8948 = ADVANCED_BREP_SHAPE_REPRESENTATION('',(#11,#8949),#9002);
#8949 = MANIFOLD_SOLID_BREP('',#8950);
#8950 = CLOSED_SHELL('',(#8951,#8984,#8993));
#8951 = ADVANCED_FACE('',(#8952),#8979,.T.);
#8952 = FACE_BOUND('',#8953,.T.);
#8953 = EDGE_LOOP('',(#8954,#8963,#8971,#8978));
#8954 = ORIENTED_EDGE('',*,*,#8955,.F.);
#8955 = EDGE_CURVE('',#8956,#8956,#8958,.T.);
#8956 = VERTEX_POINT('',#8957);
#8957 = CARTESIAN_POINT('',(-26.415,-2.54,0.1));
#8958 = CIRCLE('',#8959,0.255);
#8959 = AXIS2_PLACEMENT_3D('',#8960,#8961,#8962);
#8960 = CARTESIAN_POINT('',(-26.67,-2.54,0.1));
#8961 = DIRECTION('',(0.,0.,1.));
#8962 = DIRECTION('',(1.,0.,-0.));
#8963 = ORIENTED_EDGE('',*,*,#8964,.F.);
#8964 = EDGE_CURVE('',#8965,#8956,#8967,.T.);
#8965 = VERTEX_POINT('',#8966);
#8966 = CARTESIAN_POINT('',(-26.415,-2.54,-5.));
#8967 = LINE('',#8968,#8969);
#8968 = CARTESIAN_POINT('',(-26.415,-2.54,-5.));
#8969 = VECTOR('',#8970,1.);
#8970 = DIRECTION('',(0.,0.,1.));
#8971 = ORIENTED_EDGE('',*,*,#8972,.T.);
#8972 = EDGE_CURVE('',#8965,#8965,#8973,.T.);
#8973 = CIRCLE('',#8974,0.255);
#8974 = AXIS2_PLACEMENT_3D('',#8975,#8976,#8977);
#8975 = CARTESIAN_POINT('',(-26.67,-2.54,-5.));
#8976 = DIRECTION('',(0.,0.,1.));
#8977 = DIRECTION('',(1.,0.,-0.));
#8978 = ORIENTED_EDGE('',*,*,#8964,.T.);
#8979 = CYLINDRICAL_SURFACE('',#8980,0.255);
#8980 = AXIS2_PLACEMENT_3D('',#8981,#8982,#8983);
#8981 = CARTESIAN_POINT('',(-26.67,-2.54,-5.));
#8982 = DIRECTION('',(0.,0.,1.));
#8983 = DIRECTION('',(1.,0.,-0.));
#8984 = ADVANCED_FACE('',(#8985),#8988,.T.);
#8985 = FACE_BOUND('',#8986,.T.);
#8986 = EDGE_LOOP('',(#8987));
#8987 = ORIENTED_EDGE('',*,*,#8955,.T.);
#8988 = PLANE('',#8989);
#8989 = AXIS2_PLACEMENT_3D('',#8990,#8991,#8992);
#8990 = CARTESIAN_POINT('',(-26.67,-2.54,0.1));
#8991 = DIRECTION('',(0.,0.,1.));
#8992 = DIRECTION('',(1.,0.,-0.));
#8993 = ADVANCED_FACE('',(#8994),#8997,.F.);
#8994 = FACE_BOUND('',#8995,.T.);
#8995 = EDGE_LOOP('',(#8996));
#8996 = ORIENTED_EDGE('',*,*,#8972,.F.);
#8997 = PLANE('',#8998);
#8998 = AXIS2_PLACEMENT_3D('',#8999,#9000,#9001);
#8999 = CARTESIAN_POINT('',(-26.67,-2.54,-5.));
#9000 = DIRECTION('',(0.,0.,1.));
#9001 = DIRECTION('',(1.,0.,-0.));
#9002 = ( GEOMETRIC_REPRESENTATION_CONTEXT(3) 
GLOBAL_UNCERTAINTY_ASSIGNED_CONTEXT((#9006)) 
GLOBAL_UNIT_ASSIGNED_CONTEXT((#9003,#9004,#9005)) REPRESENTATION_CONTEXT
('Context #1','3D Context with UNIT and UNCERTAINTY') );
#9003 = ( LENGTH_UNIT() NAMED_UNIT(*) SI_UNIT(.MILLI.,.METRE.) );
#9004 = ( NAMED_UNIT(*) PLANE_ANGLE_UNIT() SI_UNIT($,.RADIAN.) );
#9005 = ( NAMED_UNIT(*) SI_UNIT($,.STERADIAN.) SOLID_ANGLE_UNIT() );
#9006 = UNCERTAINTY_MEASURE_WITH_UNIT(LENGTH_MEASURE(1.E-07),#9003,
  'distance_accuracy_value','confusion accuracy');
#9007 = CONTEXT_DEPENDENT_SHAPE_REPRESENTATION(#9008,#9010);
#9008 = ( REPRESENTATION_RELATIONSHIP('','',#8948,#6701) 
REPRESENTATION_RELATIONSHIP_WITH_TRANSFORMATION(#9009) 
SHAPE_REPRESENTATION_RELATIONSHIP() );
#9009 = ITEM_DEFINED_TRANSFORMATION('','',#11,#6814);
#9010 = PRODUCT_DEFINITION_SHAPE('Placement','Placement of an item',
  #9011);
#9011 = NEXT_ASSEMBLY_USAGE_OCCURRENCE('152','Leads056','',#6696,#8943,$
  );
#9012 = PRODUCT_RELATED_PRODUCT_CATEGORY('part',$,(#8945));
#9013 = SHAPE_DEFINITION_REPRESENTATION(#9014,#9020);
#9014 = PRODUCT_DEFINITION_SHAPE('','',#9015);
#9015 = PRODUCT_DEFINITION('design','',#9016,#9019);
#9016 = PRODUCT_DEFINITION_FORMATION('','',#9017);
#9017 = PRODUCT('Leads057','Leads057','',(#9018));
#9018 = PRODUCT_CONTEXT('',#2,'mechanical');
#9019 = PRODUCT_DEFINITION_CONTEXT('part definition',#2,'design');
#9020 = ADVANCED_BREP_SHAPE_REPRESENTATION('',(#11,#9021),#9074);
#9021 = MANIFOLD_SOLID_BREP('',#9022);
#9022 = CLOSED_SHELL('',(#9023,#9056,#9065));
#9023 = ADVANCED_FACE('',(#9024),#9051,.T.);
#9024 = FACE_BOUND('',#9025,.T.);
#9025 = EDGE_LOOP('',(#9026,#9035,#9043,#9050));
#9026 = ORIENTED_EDGE('',*,*,#9027,.F.);
#9027 = EDGE_CURVE('',#9028,#9028,#9030,.T.);
#9028 = VERTEX_POINT('',#9029);
#9029 = CARTESIAN_POINT('',(-28.955,-2.54,0.1));
#9030 = CIRCLE('',#9031,0.255);
#9031 = AXIS2_PLACEMENT_3D('',#9032,#9033,#9034);
#9032 = CARTESIAN_POINT('',(-29.21,-2.54,0.1));
#9033 = DIRECTION('',(0.,0.,1.));
#9034 = DIRECTION('',(1.,0.,-0.));
#9035 = ORIENTED_EDGE('',*,*,#9036,.F.);
#9036 = EDGE_CURVE('',#9037,#9028,#9039,.T.);
#9037 = VERTEX_POINT('',#9038);
#9038 = CARTESIAN_POINT('',(-28.955,-2.54,-5.));
#9039 = LINE('',#9040,#9041);
#9040 = CARTESIAN_POINT('',(-28.955,-2.54,-5.));
#9041 = VECTOR('',#9042,1.);
#9042 = DIRECTION('',(0.,0.,1.));
#9043 = ORIENTED_EDGE('',*,*,#9044,.T.);
#9044 = EDGE_CURVE('',#9037,#9037,#9045,.T.);
#9045 = CIRCLE('',#9046,0.255);
#9046 = AXIS2_PLACEMENT_3D('',#9047,#9048,#9049);
#9047 = CARTESIAN_POINT('',(-29.21,-2.54,-5.));
#9048 = DIRECTION('',(0.,0.,1.));
#9049 = DIRECTION('',(1.,0.,-0.));
#9050 = ORIENTED_EDGE('',*,*,#9036,.T.);
#9051 = CYLINDRICAL_SURFACE('',#9052,0.255);
#9052 = AXIS2_PLACEMENT_3D('',#9053,#9054,#9055);
#9053 = CARTESIAN_POINT('',(-29.21,-2.54,-5.));
#9054 = DIRECTION('',(0.,0.,1.));
#9055 = DIRECTION('',(1.,0.,-0.));
#9056 = ADVANCED_FACE('',(#9057),#9060,.T.);
#9057 = FACE_BOUND('',#9058,.T.);
#9058 = EDGE_LOOP('',(#9059));
#9059 = ORIENTED_EDGE('',*,*,#9027,.T.);
#9060 = PLANE('',#9061);
#9061 = AXIS2_PLACEMENT_3D('',#9062,#9063,#9064);
#9062 = CARTESIAN_POINT('',(-29.21,-2.54,0.1));
#9063 = DIRECTION('',(0.,0.,1.));
#9064 = DIRECTION('',(1.,0.,-0.));
#9065 = ADVANCED_FACE('',(#9066),#9069,.F.);
#9066 = FACE_BOUND('',#9067,.T.);
#9067 = EDGE_LOOP('',(#9068));
#9068 = ORIENTED_EDGE('',*,*,#9044,.F.);
#9069 = PLANE('',#9070);
#9070 = AXIS2_PLACEMENT_3D('',#9071,#9072,#9073);
#9071 = CARTESIAN_POINT('',(-29.21,-2.54,-5.));
#9072 = DIRECTION('',(0.,0.,1.));
#9073 = DIRECTION('',(1.,0.,-0.));
#9074 = ( GEOMETRIC_REPRESENTATION_CONTEXT(3) 
GLOBAL_UNCERTAINTY_ASSIGNED_CONTEXT((#9078)) 
GLOBAL_UNIT_ASSIGNED_CONTEXT((#9075,#9076,#9077)) REPRESENTATION_CONTEXT
('Context #1','3D Context with UNIT and UNCERTAINTY') );
#9075 = ( LENGTH_UNIT() NAMED_UNIT(*) SI_UNIT(.MILLI.,.METRE.) );
#9076 = ( NAMED_UNIT(*) PLANE_ANGLE_UNIT() SI_UNIT($,.RADIAN.) );
#9077 = ( NAMED_UNIT(*) SI_UNIT($,.STERADIAN.) SOLID_ANGLE_UNIT() );
#9078 = UNCERTAINTY_MEASURE_WITH_UNIT(LENGTH_MEASURE(1.E-07),#9075,
  'distance_accuracy_value','confusion accuracy');
#9079 = CONTEXT_DEPENDENT_SHAPE_REPRESENTATION(#9080,#9082);
#9080 = ( REPRESENTATION_RELATIONSHIP('','',#9020,#6701) 
REPRESENTATION_RELATIONSHIP_WITH_TRANSFORMATION(#9081) 
SHAPE_REPRESENTATION_RELATIONSHIP() );
#9081 = ITEM_DEFINED_TRANSFORMATION('','',#11,#6818);
#9082 = PRODUCT_DEFINITION_SHAPE('Placement','Placement of an item',
  #9083);
#9083 = NEXT_ASSEMBLY_USAGE_OCCURRENCE('153','Leads057','',#6696,#9015,$
  );
#9084 = PRODUCT_RELATED_PRODUCT_CATEGORY('part',$,(#9017));
#9085 = SHAPE_DEFINITION_REPRESENTATION(#9086,#9092);
#9086 = PRODUCT_DEFINITION_SHAPE('','',#9087);
#9087 = PRODUCT_DEFINITION('design','',#9088,#9091);
#9088 = PRODUCT_DEFINITION_FORMATION('','',#9089);
#9089 = PRODUCT('Leads058','Leads058','',(#9090));
#9090 = PRODUCT_CONTEXT('',#2,'mechanical');
#9091 = PRODUCT_DEFINITION_CONTEXT('part definition',#2,'design');
#9092 = ADVANCED_BREP_SHAPE_REPRESENTATION('',(#11,#9093),#9146);
#9093 = MANIFOLD_SOLID_BREP('',#9094);
#9094 = CLOSED_SHELL('',(#9095,#9128,#9137));
#9095 = ADVANCED_FACE('',(#9096),#9123,.T.);
#9096 = FACE_BOUND('',#9097,.T.);
#9097 = EDGE_LOOP('',(#9098,#9107,#9115,#9122));
#9098 = ORIENTED_EDGE('',*,*,#9099,.F.);
#9099 = EDGE_CURVE('',#9100,#9100,#9102,.T.);
#9100 = VERTEX_POINT('',#9101);
#9101 = CARTESIAN_POINT('',(-31.495,-2.54,0.1));
#9102 = CIRCLE('',#9103,0.255);
#9103 = AXIS2_PLACEMENT_3D('',#9104,#9105,#9106);
#9104 = CARTESIAN_POINT('',(-31.75,-2.54,0.1));
#9105 = DIRECTION('',(0.,0.,1.));
#9106 = DIRECTION('',(1.,0.,-0.));
#9107 = ORIENTED_EDGE('',*,*,#9108,.F.);
#9108 = EDGE_CURVE('',#9109,#9100,#9111,.T.);
#9109 = VERTEX_POINT('',#9110);
#9110 = CARTESIAN_POINT('',(-31.495,-2.54,-5.));
#9111 = LINE('',#9112,#9113);
#9112 = CARTESIAN_POINT('',(-31.495,-2.54,-5.));
#9113 = VECTOR('',#9114,1.);
#9114 = DIRECTION('',(0.,0.,1.));
#9115 = ORIENTED_EDGE('',*,*,#9116,.T.);
#9116 = EDGE_CURVE('',#9109,#9109,#9117,.T.);
#9117 = CIRCLE('',#9118,0.255);
#9118 = AXIS2_PLACEMENT_3D('',#9119,#9120,#9121);
#9119 = CARTESIAN_POINT('',(-31.75,-2.54,-5.));
#9120 = DIRECTION('',(0.,0.,1.));
#9121 = DIRECTION('',(1.,0.,-0.));
#9122 = ORIENTED_EDGE('',*,*,#9108,.T.);
#9123 = CYLINDRICAL_SURFACE('',#9124,0.255);
#9124 = AXIS2_PLACEMENT_3D('',#9125,#9126,#9127);
#9125 = CARTESIAN_POINT('',(-31.75,-2.54,-5.));
#9126 = DIRECTION('',(0.,0.,1.));
#9127 = DIRECTION('',(1.,0.,-0.));
#9128 = ADVANCED_FACE('',(#9129),#9132,.T.);
#9129 = FACE_BOUND('',#9130,.T.);
#9130 = EDGE_LOOP('',(#9131));
#9131 = ORIENTED_EDGE('',*,*,#9099,.T.);
#9132 = PLANE('',#9133);
#9133 = AXIS2_PLACEMENT_3D('',#9134,#9135,#9136);
#9134 = CARTESIAN_POINT('',(-31.75,-2.54,0.1));
#9135 = DIRECTION('',(0.,0.,1.));
#9136 = DIRECTION('',(1.,0.,-0.));
#9137 = ADVANCED_FACE('',(#9138),#9141,.F.);
#9138 = FACE_BOUND('',#9139,.T.);
#9139 = EDGE_LOOP('',(#9140));
#9140 = ORIENTED_EDGE('',*,*,#9116,.F.);
#9141 = PLANE('',#9142);
#9142 = AXIS2_PLACEMENT_3D('',#9143,#9144,#9145);
#9143 = CARTESIAN_POINT('',(-31.75,-2.54,-5.));
#9144 = DIRECTION('',(0.,0.,1.));
#9145 = DIRECTION('',(1.,0.,-0.));
#9146 = ( GEOMETRIC_REPRESENTATION_CONTEXT(3) 
GLOBAL_UNCERTAINTY_ASSIGNED_CONTEXT((#9150)) 
GLOBAL_UNIT_ASSIGNED_CONTEXT((#9147,#9148,#9149)) REPRESENTATION_CONTEXT
('Context #1','3D Context with UNIT and UNCERTAINTY') );
#9147 = ( LENGTH_UNIT() NAMED_UNIT(*) SI_UNIT(.MILLI.,.METRE.) );
#9148 = ( NAMED_UNIT(*) PLANE_ANGLE_UNIT() SI_UNIT($,.RADIAN.) );
#9149 = ( NAMED_UNIT(*) SI_UNIT($,.STERADIAN.) SOLID_ANGLE_UNIT() );
#9150 = UNCERTAINTY_MEASURE_WITH_UNIT(LENGTH_MEASURE(1.E-07),#9147,
  'distance_accuracy_value','confusion accuracy');
#9151 = CONTEXT_DEPENDENT_SHAPE_REPRESENTATION(#9152,#9154);
#9152 = ( REPRESENTATION_RELATIONSHIP('','',#9092,#6701) 
REPRESENTATION_RELATIONSHIP_WITH_TRANSFORMATION(#9153) 
SHAPE_REPRESENTATION_RELATIONSHIP() );
#9153 = ITEM_DEFINED_TRANSFORMATION('','',#11,#6822);
#9154 = PRODUCT_DEFINITION_SHAPE('Placement','Placement of an item',
  #9155);
#9155 = NEXT_ASSEMBLY_USAGE_OCCURRENCE('154','Leads058','',#6696,#9087,$
  );
#9156 = PRODUCT_RELATED_PRODUCT_CATEGORY('part',$,(#9089));
#9157 = SHAPE_DEFINITION_REPRESENTATION(#9158,#9164);
#9158 = PRODUCT_DEFINITION_SHAPE('','',#9159);
#9159 = PRODUCT_DEFINITION('design','',#9160,#9163);
#9160 = PRODUCT_DEFINITION_FORMATION('','',#9161);
#9161 = PRODUCT('Leads059','Leads059','',(#9162));
#9162 = PRODUCT_CONTEXT('',#2,'mechanical');
#9163 = PRODUCT_DEFINITION_CONTEXT('part definition',#2,'design');
#9164 = ADVANCED_BREP_SHAPE_REPRESENTATION('',(#11,#9165),#9218);
#9165 = MANIFOLD_SOLID_BREP('',#9166);
#9166 = CLOSED_SHELL('',(#9167,#9200,#9209));
#9167 = ADVANCED_FACE('',(#9168),#9195,.T.);
#9168 = FACE_BOUND('',#9169,.T.);
#9169 = EDGE_LOOP('',(#9170,#9179,#9187,#9194));
#9170 = ORIENTED_EDGE('',*,*,#9171,.F.);
#9171 = EDGE_CURVE('',#9172,#9172,#9174,.T.);
#9172 = VERTEX_POINT('',#9173);
#9173 = CARTESIAN_POINT('',(-34.035,-2.54,0.1));
#9174 = CIRCLE('',#9175,0.255);
#9175 = AXIS2_PLACEMENT_3D('',#9176,#9177,#9178);
#9176 = CARTESIAN_POINT('',(-34.29,-2.54,0.1));
#9177 = DIRECTION('',(0.,0.,1.));
#9178 = DIRECTION('',(1.,0.,-0.));
#9179 = ORIENTED_EDGE('',*,*,#9180,.F.);
#9180 = EDGE_CURVE('',#9181,#9172,#9183,.T.);
#9181 = VERTEX_POINT('',#9182);
#9182 = CARTESIAN_POINT('',(-34.035,-2.54,-5.));
#9183 = LINE('',#9184,#9185);
#9184 = CARTESIAN_POINT('',(-34.035,-2.54,-5.));
#9185 = VECTOR('',#9186,1.);
#9186 = DIRECTION('',(0.,0.,1.));
#9187 = ORIENTED_EDGE('',*,*,#9188,.T.);
#9188 = EDGE_CURVE('',#9181,#9181,#9189,.T.);
#9189 = CIRCLE('',#9190,0.255);
#9190 = AXIS2_PLACEMENT_3D('',#9191,#9192,#9193);
#9191 = CARTESIAN_POINT('',(-34.29,-2.54,-5.));
#9192 = DIRECTION('',(0.,0.,1.));
#9193 = DIRECTION('',(1.,0.,-0.));
#9194 = ORIENTED_EDGE('',*,*,#9180,.T.);
#9195 = CYLINDRICAL_SURFACE('',#9196,0.255);
#9196 = AXIS2_PLACEMENT_3D('',#9197,#9198,#9199);
#9197 = CARTESIAN_POINT('',(-34.29,-2.54,-5.));
#9198 = DIRECTION('',(0.,0.,1.));
#9199 = DIRECTION('',(1.,0.,-0.));
#9200 = ADVANCED_FACE('',(#9201),#9204,.T.);
#9201 = FACE_BOUND('',#9202,.T.);
#9202 = EDGE_LOOP('',(#9203));
#9203 = ORIENTED_EDGE('',*,*,#9171,.T.);
#9204 = PLANE('',#9205);
#9205 = AXIS2_PLACEMENT_3D('',#9206,#9207,#9208);
#9206 = CARTESIAN_POINT('',(-34.29,-2.54,0.1));
#9207 = DIRECTION('',(0.,0.,1.));
#9208 = DIRECTION('',(1.,0.,-0.));
#9209 = ADVANCED_FACE('',(#9210),#9213,.F.);
#9210 = FACE_BOUND('',#9211,.T.);
#9211 = EDGE_LOOP('',(#9212));
#9212 = ORIENTED_EDGE('',*,*,#9188,.F.);
#9213 = PLANE('',#9214);
#9214 = AXIS2_PLACEMENT_3D('',#9215,#9216,#9217);
#9215 = CARTESIAN_POINT('',(-34.29,-2.54,-5.));
#9216 = DIRECTION('',(0.,0.,1.));
#9217 = DIRECTION('',(1.,0.,-0.));
#9218 = ( GEOMETRIC_REPRESENTATION_CONTEXT(3) 
GLOBAL_UNCERTAINTY_ASSIGNED_CONTEXT((#9222)) 
GLOBAL_UNIT_ASSIGNED_CONTEXT((#9219,#9220,#9221)) REPRESENTATION_CONTEXT
('Context #1','3D Context with UNIT and UNCERTAINTY') );
#9219 = ( LENGTH_UNIT() NAMED_UNIT(*) SI_UNIT(.MILLI.,.METRE.) );
#9220 = ( NAMED_UNIT(*) PLANE_ANGLE_UNIT() SI_UNIT($,.RADIAN.) );
#9221 = ( NAMED_UNIT(*) SI_UNIT($,.STERADIAN.) SOLID_ANGLE_UNIT() );
#9222 = UNCERTAINTY_MEASURE_WITH_UNIT(LENGTH_MEASURE(1.E-07),#9219,
  'distance_accuracy_value','confusion accuracy');
#9223 = CONTEXT_DEPENDENT_SHAPE_REPRESENTATION(#9224,#9226);
#9224 = ( REPRESENTATION_RELATIONSHIP('','',#9164,#6701) 
REPRESENTATION_RELATIONSHIP_WITH_TRANSFORMATION(#9225) 
SHAPE_REPRESENTATION_RELATIONSHIP() );
#9225 = ITEM_DEFINED_TRANSFORMATION('','',#11,#6826);
#9226 = PRODUCT_DEFINITION_SHAPE('Placement','Placement of an item',
  #9227);
#9227 = NEXT_ASSEMBLY_USAGE_OCCURRENCE('155','Leads059','',#6696,#9159,$
  );
#9228 = PRODUCT_RELATED_PRODUCT_CATEGORY('part',$,(#9161));
#9229 = SHAPE_DEFINITION_REPRESENTATION(#9230,#9236);
#9230 = PRODUCT_DEFINITION_SHAPE('','',#9231);
#9231 = PRODUCT_DEFINITION('design','',#9232,#9235);
#9232 = PRODUCT_DEFINITION_FORMATION('','',#9233);
#9233 = PRODUCT('Leads060','Leads060','',(#9234));
#9234 = PRODUCT_CONTEXT('',#2,'mechanical');
#9235 = PRODUCT_DEFINITION_CONTEXT('part definition',#2,'design');
#9236 = ADVANCED_BREP_SHAPE_REPRESENTATION('',(#11,#9237),#9290);
#9237 = MANIFOLD_SOLID_BREP('',#9238);
#9238 = CLOSED_SHELL('',(#9239,#9272,#9281));
#9239 = ADVANCED_FACE('',(#9240),#9267,.T.);
#9240 = FACE_BOUND('',#9241,.T.);
#9241 = EDGE_LOOP('',(#9242,#9251,#9259,#9266));
#9242 = ORIENTED_EDGE('',*,*,#9243,.F.);
#9243 = EDGE_CURVE('',#9244,#9244,#9246,.T.);
#9244 = VERTEX_POINT('',#9245);
#9245 = CARTESIAN_POINT('',(-36.575,-2.54,0.1));
#9246 = CIRCLE('',#9247,0.255);
#9247 = AXIS2_PLACEMENT_3D('',#9248,#9249,#9250);
#9248 = CARTESIAN_POINT('',(-36.83,-2.54,0.1));
#9249 = DIRECTION('',(0.,0.,1.));
#9250 = DIRECTION('',(1.,0.,-0.));
#9251 = ORIENTED_EDGE('',*,*,#9252,.F.);
#9252 = EDGE_CURVE('',#9253,#9244,#9255,.T.);
#9253 = VERTEX_POINT('',#9254);
#9254 = CARTESIAN_POINT('',(-36.575,-2.54,-5.));
#9255 = LINE('',#9256,#9257);
#9256 = CARTESIAN_POINT('',(-36.575,-2.54,-5.));
#9257 = VECTOR('',#9258,1.);
#9258 = DIRECTION('',(0.,0.,1.));
#9259 = ORIENTED_EDGE('',*,*,#9260,.T.);
#9260 = EDGE_CURVE('',#9253,#9253,#9261,.T.);
#9261 = CIRCLE('',#9262,0.255);
#9262 = AXIS2_PLACEMENT_3D('',#9263,#9264,#9265);
#9263 = CARTESIAN_POINT('',(-36.83,-2.54,-5.));
#9264 = DIRECTION('',(0.,0.,1.));
#9265 = DIRECTION('',(1.,0.,-0.));
#9266 = ORIENTED_EDGE('',*,*,#9252,.T.);
#9267 = CYLINDRICAL_SURFACE('',#9268,0.255);
#9268 = AXIS2_PLACEMENT_3D('',#9269,#9270,#9271);
#9269 = CARTESIAN_POINT('',(-36.83,-2.54,-5.));
#9270 = DIRECTION('',(0.,0.,1.));
#9271 = DIRECTION('',(1.,0.,-0.));
#9272 = ADVANCED_FACE('',(#9273),#9276,.T.);
#9273 = FACE_BOUND('',#9274,.T.);
#9274 = EDGE_LOOP('',(#9275));
#9275 = ORIENTED_EDGE('',*,*,#9243,.T.);
#9276 = PLANE('',#9277);
#9277 = AXIS2_PLACEMENT_3D('',#9278,#9279,#9280);
#9278 = CARTESIAN_POINT('',(-36.83,-2.54,0.1));
#9279 = DIRECTION('',(0.,0.,1.));
#9280 = DIRECTION('',(1.,0.,-0.));
#9281 = ADVANCED_FACE('',(#9282),#9285,.F.);
#9282 = FACE_BOUND('',#9283,.T.);
#9283 = EDGE_LOOP('',(#9284));
#9284 = ORIENTED_EDGE('',*,*,#9260,.F.);
#9285 = PLANE('',#9286);
#9286 = AXIS2_PLACEMENT_3D('',#9287,#9288,#9289);
#9287 = CARTESIAN_POINT('',(-36.83,-2.54,-5.));
#9288 = DIRECTION('',(0.,0.,1.));
#9289 = DIRECTION('',(1.,0.,-0.));
#9290 = ( GEOMETRIC_REPRESENTATION_CONTEXT(3) 
GLOBAL_UNCERTAINTY_ASSIGNED_CONTEXT((#9294)) 
GLOBAL_UNIT_ASSIGNED_CONTEXT((#9291,#9292,#9293)) REPRESENTATION_CONTEXT
('Context #1','3D Context with UNIT and UNCERTAINTY') );
#9291 = ( LENGTH_UNIT() NAMED_UNIT(*) SI_UNIT(.MILLI.,.METRE.) );
#9292 = ( NAMED_UNIT(*) PLANE_ANGLE_UNIT() SI_UNIT($,.RADIAN.) );
#9293 = ( NAMED_UNIT(*) SI_UNIT($,.STERADIAN.) SOLID_ANGLE_UNIT() );
#9294 = UNCERTAINTY_MEASURE_WITH_UNIT(LENGTH_MEASURE(1.E-07),#9291,
  'distance_accuracy_value','confusion accuracy');
#9295 = CONTEXT_DEPENDENT_SHAPE_REPRESENTATION(#9296,#9298);
#9296 = ( REPRESENTATION_RELATIONSHIP('','',#9236,#6701) 
REPRESENTATION_RELATIONSHIP_WITH_TRANSFORMATION(#9297) 
SHAPE_REPRESENTATION_RELATIONSHIP() );
#9297 = ITEM_DEFINED_TRANSFORMATION('','',#11,#6830);
#9298 = PRODUCT_DEFINITION_SHAPE('Placement','Placement of an item',
  #9299);
#9299 = NEXT_ASSEMBLY_USAGE_OCCURRENCE('156','Leads060','',#6696,#9231,$
  );
#9300 = PRODUCT_RELATED_PRODUCT_CATEGORY('part',$,(#9233));
#9301 = SHAPE_DEFINITION_REPRESENTATION(#9302,#9308);
#9302 = PRODUCT_DEFINITION_SHAPE('','',#9303);
#9303 = PRODUCT_DEFINITION('design','',#9304,#9307);
#9304 = PRODUCT_DEFINITION_FORMATION('','',#9305);
#9305 = PRODUCT('Leads061','Leads061','',(#9306));
#9306 = PRODUCT_CONTEXT('',#2,'mechanical');
#9307 = PRODUCT_DEFINITION_CONTEXT('part definition',#2,'design');
#9308 = ADVANCED_BREP_SHAPE_REPRESENTATION('',(#11,#9309),#9362);
#9309 = MANIFOLD_SOLID_BREP('',#9310);
#9310 = CLOSED_SHELL('',(#9311,#9344,#9353));
#9311 = ADVANCED_FACE('',(#9312),#9339,.T.);
#9312 = FACE_BOUND('',#9313,.T.);
#9313 = EDGE_LOOP('',(#9314,#9323,#9331,#9338));
#9314 = ORIENTED_EDGE('',*,*,#9315,.F.);
#9315 = EDGE_CURVE('',#9316,#9316,#9318,.T.);
#9316 = VERTEX_POINT('',#9317);
#9317 = CARTESIAN_POINT('',(-39.115,-2.54,0.1));
#9318 = CIRCLE('',#9319,0.255);
#9319 = AXIS2_PLACEMENT_3D('',#9320,#9321,#9322);
#9320 = CARTESIAN_POINT('',(-39.37,-2.54,0.1));
#9321 = DIRECTION('',(0.,0.,1.));
#9322 = DIRECTION('',(1.,0.,-0.));
#9323 = ORIENTED_EDGE('',*,*,#9324,.F.);
#9324 = EDGE_CURVE('',#9325,#9316,#9327,.T.);
#9325 = VERTEX_POINT('',#9326);
#9326 = CARTESIAN_POINT('',(-39.115,-2.54,-5.));
#9327 = LINE('',#9328,#9329);
#9328 = CARTESIAN_POINT('',(-39.115,-2.54,-5.));
#9329 = VECTOR('',#9330,1.);
#9330 = DIRECTION('',(0.,0.,1.));
#9331 = ORIENTED_EDGE('',*,*,#9332,.T.);
#9332 = EDGE_CURVE('',#9325,#9325,#9333,.T.);
#9333 = CIRCLE('',#9334,0.255);
#9334 = AXIS2_PLACEMENT_3D('',#9335,#9336,#9337);
#9335 = CARTESIAN_POINT('',(-39.37,-2.54,-5.));
#9336 = DIRECTION('',(0.,0.,1.));
#9337 = DIRECTION('',(1.,0.,-0.));
#9338 = ORIENTED_EDGE('',*,*,#9324,.T.);
#9339 = CYLINDRICAL_SURFACE('',#9340,0.255);
#9340 = AXIS2_PLACEMENT_3D('',#9341,#9342,#9343);
#9341 = CARTESIAN_POINT('',(-39.37,-2.54,-5.));
#9342 = DIRECTION('',(0.,0.,1.));
#9343 = DIRECTION('',(1.,0.,-0.));
#9344 = ADVANCED_FACE('',(#9345),#9348,.T.);
#9345 = FACE_BOUND('',#9346,.T.);
#9346 = EDGE_LOOP('',(#9347));
#9347 = ORIENTED_EDGE('',*,*,#9315,.T.);
#9348 = PLANE('',#9349);
#9349 = AXIS2_PLACEMENT_3D('',#9350,#9351,#9352);
#9350 = CARTESIAN_POINT('',(-39.37,-2.54,0.1));
#9351 = DIRECTION('',(0.,0.,1.));
#9352 = DIRECTION('',(1.,0.,-0.));
#9353 = ADVANCED_FACE('',(#9354),#9357,.F.);
#9354 = FACE_BOUND('',#9355,.T.);
#9355 = EDGE_LOOP('',(#9356));
#9356 = ORIENTED_EDGE('',*,*,#9332,.F.);
#9357 = PLANE('',#9358);
#9358 = AXIS2_PLACEMENT_3D('',#9359,#9360,#9361);
#9359 = CARTESIAN_POINT('',(-39.37,-2.54,-5.));
#9360 = DIRECTION('',(0.,0.,1.));
#9361 = DIRECTION('',(1.,0.,-0.));
#9362 = ( GEOMETRIC_REPRESENTATION_CONTEXT(3) 
GLOBAL_UNCERTAINTY_ASSIGNED_CONTEXT((#9366)) 
GLOBAL_UNIT_ASSIGNED_CONTEXT((#9363,#9364,#9365)) REPRESENTATION_CONTEXT
('Context #1','3D Context with UNIT and UNCERTAINTY') );
#9363 = ( LENGTH_UNIT() NAMED_UNIT(*) SI_UNIT(.MILLI.,.METRE.) );
#9364 = ( NAMED_UNIT(*) PLANE_ANGLE_UNIT() SI_UNIT($,.RADIAN.) );
#9365 = ( NAMED_UNIT(*) SI_UNIT($,.STERADIAN.) SOLID_ANGLE_UNIT() );
#9366 = UNCERTAINTY_MEASURE_WITH_UNIT(LENGTH_MEASURE(1.E-07),#9363,
  'distance_accuracy_value','confusion accuracy');
#9367 = CONTEXT_DEPENDENT_SHAPE_REPRESENTATION(#9368,#9370);
#9368 = ( REPRESENTATION_RELATIONSHIP('','',#9308,#6701) 
REPRESENTATION_RELATIONSHIP_WITH_TRANSFORMATION(#9369) 
SHAPE_REPRESENTATION_RELATIONSHIP() );
#9369 = ITEM_DEFINED_TRANSFORMATION('','',#11,#6834);
#9370 = PRODUCT_DEFINITION_SHAPE('Placement','Placement of an item',
  #9371);
#9371 = NEXT_ASSEMBLY_USAGE_OCCURRENCE('157','Leads061','',#6696,#9303,$
  );
#9372 = PRODUCT_RELATED_PRODUCT_CATEGORY('part',$,(#9305));
#9373 = SHAPE_DEFINITION_REPRESENTATION(#9374,#9380);
#9374 = PRODUCT_DEFINITION_SHAPE('','',#9375);
#9375 = PRODUCT_DEFINITION('design','',#9376,#9379);
#9376 = PRODUCT_DEFINITION_FORMATION('','',#9377);
#9377 = PRODUCT('Leads062','Leads062','',(#9378));
#9378 = PRODUCT_CONTEXT('',#2,'mechanical');
#9379 = PRODUCT_DEFINITION_CONTEXT('part definition',#2,'design');
#9380 = ADVANCED_BREP_SHAPE_REPRESENTATION('',(#11,#9381),#9434);
#9381 = MANIFOLD_SOLID_BREP('',#9382);
#9382 = CLOSED_SHELL('',(#9383,#9416,#9425));
#9383 = ADVANCED_FACE('',(#9384),#9411,.T.);
#9384 = FACE_BOUND('',#9385,.T.);
#9385 = EDGE_LOOP('',(#9386,#9395,#9403,#9410));
#9386 = ORIENTED_EDGE('',*,*,#9387,.F.);
#9387 = EDGE_CURVE('',#9388,#9388,#9390,.T.);
#9388 = VERTEX_POINT('',#9389);
#9389 = CARTESIAN_POINT('',(-41.655,-2.54,0.1));
#9390 = CIRCLE('',#9391,0.255);
#9391 = AXIS2_PLACEMENT_3D('',#9392,#9393,#9394);
#9392 = CARTESIAN_POINT('',(-41.91,-2.54,0.1));
#9393 = DIRECTION('',(0.,0.,1.));
#9394 = DIRECTION('',(1.,0.,-0.));
#9395 = ORIENTED_EDGE('',*,*,#9396,.F.);
#9396 = EDGE_CURVE('',#9397,#9388,#9399,.T.);
#9397 = VERTEX_POINT('',#9398);
#9398 = CARTESIAN_POINT('',(-41.655,-2.54,-5.));
#9399 = LINE('',#9400,#9401);
#9400 = CARTESIAN_POINT('',(-41.655,-2.54,-5.));
#9401 = VECTOR('',#9402,1.);
#9402 = DIRECTION('',(0.,0.,1.));
#9403 = ORIENTED_EDGE('',*,*,#9404,.T.);
#9404 = EDGE_CURVE('',#9397,#9397,#9405,.T.);
#9405 = CIRCLE('',#9406,0.255);
#9406 = AXIS2_PLACEMENT_3D('',#9407,#9408,#9409);
#9407 = CARTESIAN_POINT('',(-41.91,-2.54,-5.));
#9408 = DIRECTION('',(0.,0.,1.));
#9409 = DIRECTION('',(1.,0.,-0.));
#9410 = ORIENTED_EDGE('',*,*,#9396,.T.);
#9411 = CYLINDRICAL_SURFACE('',#9412,0.255);
#9412 = AXIS2_PLACEMENT_3D('',#9413,#9414,#9415);
#9413 = CARTESIAN_POINT('',(-41.91,-2.54,-5.));
#9414 = DIRECTION('',(0.,0.,1.));
#9415 = DIRECTION('',(1.,0.,-0.));
#9416 = ADVANCED_FACE('',(#9417),#9420,.T.);
#9417 = FACE_BOUND('',#9418,.T.);
#9418 = EDGE_LOOP('',(#9419));
#9419 = ORIENTED_EDGE('',*,*,#9387,.T.);
#9420 = PLANE('',#9421);
#9421 = AXIS2_PLACEMENT_3D('',#9422,#9423,#9424);
#9422 = CARTESIAN_POINT('',(-41.91,-2.54,0.1));
#9423 = DIRECTION('',(0.,0.,1.));
#9424 = DIRECTION('',(1.,0.,-0.));
#9425 = ADVANCED_FACE('',(#9426),#9429,.F.);
#9426 = FACE_BOUND('',#9427,.T.);
#9427 = EDGE_LOOP('',(#9428));
#9428 = ORIENTED_EDGE('',*,*,#9404,.F.);
#9429 = PLANE('',#9430);
#9430 = AXIS2_PLACEMENT_3D('',#9431,#9432,#9433);
#9431 = CARTESIAN_POINT('',(-41.91,-2.54,-5.));
#9432 = DIRECTION('',(0.,0.,1.));
#9433 = DIRECTION('',(1.,0.,-0.));
#9434 = ( GEOMETRIC_REPRESENTATION_CONTEXT(3) 
GLOBAL_UNCERTAINTY_ASSIGNED_CONTEXT((#9438)) 
GLOBAL_UNIT_ASSIGNED_CONTEXT((#9435,#9436,#9437)) REPRESENTATION_CONTEXT
('Context #1','3D Context with UNIT and UNCERTAINTY') );
#9435 = ( LENGTH_UNIT() NAMED_UNIT(*) SI_UNIT(.MILLI.,.METRE.) );
#9436 = ( NAMED_UNIT(*) PLANE_ANGLE_UNIT() SI_UNIT($,.RADIAN.) );
#9437 = ( NAMED_UNIT(*) SI_UNIT($,.STERADIAN.) SOLID_ANGLE_UNIT() );
#9438 = UNCERTAINTY_MEASURE_WITH_UNIT(LENGTH_MEASURE(1.E-07),#9435,
  'distance_accuracy_value','confusion accuracy');
#9439 = CONTEXT_DEPENDENT_SHAPE_REPRESENTATION(#9440,#9442);
#9440 = ( REPRESENTATION_RELATIONSHIP('','',#9380,#6701) 
REPRESENTATION_RELATIONSHIP_WITH_TRANSFORMATION(#9441) 
SHAPE_REPRESENTATION_RELATIONSHIP() );
#9441 = ITEM_DEFINED_TRANSFORMATION('','',#11,#6838);
#9442 = PRODUCT_DEFINITION_SHAPE('Placement','Placement of an item',
  #9443);
#9443 = NEXT_ASSEMBLY_USAGE_OCCURRENCE('158','Leads062','',#6696,#9375,$
  );
#9444 = PRODUCT_RELATED_PRODUCT_CATEGORY('part',$,(#9377));
#9445 = SHAPE_DEFINITION_REPRESENTATION(#9446,#9452);
#9446 = PRODUCT_DEFINITION_SHAPE('','',#9447);
#9447 = PRODUCT_DEFINITION('design','',#9448,#9451);
#9448 = PRODUCT_DEFINITION_FORMATION('','',#9449);
#9449 = PRODUCT('Leads063','Leads063','',(#9450));
#9450 = PRODUCT_CONTEXT('',#2,'mechanical');
#9451 = PRODUCT_DEFINITION_CONTEXT('part definition',#2,'design');
#9452 = ADVANCED_BREP_SHAPE_REPRESENTATION('',(#11,#9453),#9506);
#9453 = MANIFOLD_SOLID_BREP('',#9454);
#9454 = CLOSED_SHELL('',(#9455,#9488,#9497));
#9455 = ADVANCED_FACE('',(#9456),#9483,.T.);
#9456 = FACE_BOUND('',#9457,.T.);
#9457 = EDGE_LOOP('',(#9458,#9467,#9475,#9482));
#9458 = ORIENTED_EDGE('',*,*,#9459,.F.);
#9459 = EDGE_CURVE('',#9460,#9460,#9462,.T.);
#9460 = VERTEX_POINT('',#9461);
#9461 = CARTESIAN_POINT('',(-2.285,-5.08,0.1));
#9462 = CIRCLE('',#9463,0.255);
#9463 = AXIS2_PLACEMENT_3D('',#9464,#9465,#9466);
#9464 = CARTESIAN_POINT('',(-2.54,-5.08,0.1));
#9465 = DIRECTION('',(0.,0.,1.));
#9466 = DIRECTION('',(1.,0.,-0.));
#9467 = ORIENTED_EDGE('',*,*,#9468,.F.);
#9468 = EDGE_CURVE('',#9469,#9460,#9471,.T.);
#9469 = VERTEX_POINT('',#9470);
#9470 = CARTESIAN_POINT('',(-2.285,-5.08,-5.));
#9471 = LINE('',#9472,#9473);
#9472 = CARTESIAN_POINT('',(-2.285,-5.08,-5.));
#9473 = VECTOR('',#9474,1.);
#9474 = DIRECTION('',(0.,0.,1.));
#9475 = ORIENTED_EDGE('',*,*,#9476,.T.);
#9476 = EDGE_CURVE('',#9469,#9469,#9477,.T.);
#9477 = CIRCLE('',#9478,0.255);
#9478 = AXIS2_PLACEMENT_3D('',#9479,#9480,#9481);
#9479 = CARTESIAN_POINT('',(-2.54,-5.08,-5.));
#9480 = DIRECTION('',(0.,0.,1.));
#9481 = DIRECTION('',(1.,0.,-0.));
#9482 = ORIENTED_EDGE('',*,*,#9468,.T.);
#9483 = CYLINDRICAL_SURFACE('',#9484,0.255);
#9484 = AXIS2_PLACEMENT_3D('',#9485,#9486,#9487);
#9485 = CARTESIAN_POINT('',(-2.54,-5.08,-5.));
#9486 = DIRECTION('',(0.,0.,1.));
#9487 = DIRECTION('',(1.,0.,-0.));
#9488 = ADVANCED_FACE('',(#9489),#9492,.T.);
#9489 = FACE_BOUND('',#9490,.T.);
#9490 = EDGE_LOOP('',(#9491));
#9491 = ORIENTED_EDGE('',*,*,#9459,.T.);
#9492 = PLANE('',#9493);
#9493 = AXIS2_PLACEMENT_3D('',#9494,#9495,#9496);
#9494 = CARTESIAN_POINT('',(-2.54,-5.08,0.1));
#9495 = DIRECTION('',(0.,0.,1.));
#9496 = DIRECTION('',(1.,0.,-0.));
#9497 = ADVANCED_FACE('',(#9498),#9501,.F.);
#9498 = FACE_BOUND('',#9499,.T.);
#9499 = EDGE_LOOP('',(#9500));
#9500 = ORIENTED_EDGE('',*,*,#9476,.F.);
#9501 = PLANE('',#9502);
#9502 = AXIS2_PLACEMENT_3D('',#9503,#9504,#9505);
#9503 = CARTESIAN_POINT('',(-2.54,-5.08,-5.));
#9504 = DIRECTION('',(0.,0.,1.));
#9505 = DIRECTION('',(1.,0.,-0.));
#9506 = ( GEOMETRIC_REPRESENTATION_CONTEXT(3) 
GLOBAL_UNCERTAINTY_ASSIGNED_CONTEXT((#9510)) 
GLOBAL_UNIT_ASSIGNED_CONTEXT((#9507,#9508,#9509)) REPRESENTATION_CONTEXT
('Context #1','3D Context with UNIT and UNCERTAINTY') );
#9507 = ( LENGTH_UNIT() NAMED_UNIT(*) SI_UNIT(.MILLI.,.METRE.) );
#9508 = ( NAMED_UNIT(*) PLANE_ANGLE_UNIT() SI_UNIT($,.RADIAN.) );
#9509 = ( NAMED_UNIT(*) SI_UNIT($,.STERADIAN.) SOLID_ANGLE_UNIT() );
#9510 = UNCERTAINTY_MEASURE_WITH_UNIT(LENGTH_MEASURE(1.E-07),#9507,
  'distance_accuracy_value','confusion accuracy');
#9511 = CONTEXT_DEPENDENT_SHAPE_REPRESENTATION(#9512,#9514);
#9512 = ( REPRESENTATION_RELATIONSHIP('','',#9452,#6701) 
REPRESENTATION_RELATIONSHIP_WITH_TRANSFORMATION(#9513) 
SHAPE_REPRESENTATION_RELATIONSHIP() );
#9513 = ITEM_DEFINED_TRANSFORMATION('','',#11,#6842);
#9514 = PRODUCT_DEFINITION_SHAPE('Placement','Placement of an item',
  #9515);
#9515 = NEXT_ASSEMBLY_USAGE_OCCURRENCE('159','Leads063','',#6696,#9447,$
  );
#9516 = PRODUCT_RELATED_PRODUCT_CATEGORY('part',$,(#9449));
#9517 = SHAPE_DEFINITION_REPRESENTATION(#9518,#9524);
#9518 = PRODUCT_DEFINITION_SHAPE('','',#9519);
#9519 = PRODUCT_DEFINITION('design','',#9520,#9523);
#9520 = PRODUCT_DEFINITION_FORMATION('','',#9521);
#9521 = PRODUCT('Leads064','Leads064','',(#9522));
#9522 = PRODUCT_CONTEXT('',#2,'mechanical');
#9523 = PRODUCT_DEFINITION_CONTEXT('part definition',#2,'design');
#9524 = ADVANCED_BREP_SHAPE_REPRESENTATION('',(#11,#9525),#9578);
#9525 = MANIFOLD_SOLID_BREP('',#9526);
#9526 = CLOSED_SHELL('',(#9527,#9560,#9569));
#9527 = ADVANCED_FACE('',(#9528),#9555,.T.);
#9528 = FACE_BOUND('',#9529,.T.);
#9529 = EDGE_LOOP('',(#9530,#9539,#9547,#9554));
#9530 = ORIENTED_EDGE('',*,*,#9531,.F.);
#9531 = EDGE_CURVE('',#9532,#9532,#9534,.T.);
#9532 = VERTEX_POINT('',#9533);
#9533 = CARTESIAN_POINT('',(-4.825,-5.08,0.1));
#9534 = CIRCLE('',#9535,0.255);
#9535 = AXIS2_PLACEMENT_3D('',#9536,#9537,#9538);
#9536 = CARTESIAN_POINT('',(-5.08,-5.08,0.1));
#9537 = DIRECTION('',(0.,0.,1.));
#9538 = DIRECTION('',(1.,0.,-0.));
#9539 = ORIENTED_EDGE('',*,*,#9540,.F.);
#9540 = EDGE_CURVE('',#9541,#9532,#9543,.T.);
#9541 = VERTEX_POINT('',#9542);
#9542 = CARTESIAN_POINT('',(-4.825,-5.08,-5.));
#9543 = LINE('',#9544,#9545);
#9544 = CARTESIAN_POINT('',(-4.825,-5.08,-5.));
#9545 = VECTOR('',#9546,1.);
#9546 = DIRECTION('',(0.,0.,1.));
#9547 = ORIENTED_EDGE('',*,*,#9548,.T.);
#9548 = EDGE_CURVE('',#9541,#9541,#9549,.T.);
#9549 = CIRCLE('',#9550,0.255);
#9550 = AXIS2_PLACEMENT_3D('',#9551,#9552,#9553);
#9551 = CARTESIAN_POINT('',(-5.08,-5.08,-5.));
#9552 = DIRECTION('',(0.,0.,1.));
#9553 = DIRECTION('',(1.,0.,-0.));
#9554 = ORIENTED_EDGE('',*,*,#9540,.T.);
#9555 = CYLINDRICAL_SURFACE('',#9556,0.255);
#9556 = AXIS2_PLACEMENT_3D('',#9557,#9558,#9559);
#9557 = CARTESIAN_POINT('',(-5.08,-5.08,-5.));
#9558 = DIRECTION('',(0.,0.,1.));
#9559 = DIRECTION('',(1.,0.,-0.));
#9560 = ADVANCED_FACE('',(#9561),#9564,.T.);
#9561 = FACE_BOUND('',#9562,.T.);
#9562 = EDGE_LOOP('',(#9563));
#9563 = ORIENTED_EDGE('',*,*,#9531,.T.);
#9564 = PLANE('',#9565);
#9565 = AXIS2_PLACEMENT_3D('',#9566,#9567,#9568);
#9566 = CARTESIAN_POINT('',(-5.08,-5.08,0.1));
#9567 = DIRECTION('',(0.,0.,1.));
#9568 = DIRECTION('',(1.,0.,-0.));
#9569 = ADVANCED_FACE('',(#9570),#9573,.F.);
#9570 = FACE_BOUND('',#9571,.T.);
#9571 = EDGE_LOOP('',(#9572));
#9572 = ORIENTED_EDGE('',*,*,#9548,.F.);
#9573 = PLANE('',#9574);
#9574 = AXIS2_PLACEMENT_3D('',#9575,#9576,#9577);
#9575 = CARTESIAN_POINT('',(-5.08,-5.08,-5.));
#9576 = DIRECTION('',(0.,0.,1.));
#9577 = DIRECTION('',(1.,0.,-0.));
#9578 = ( GEOMETRIC_REPRESENTATION_CONTEXT(3) 
GLOBAL_UNCERTAINTY_ASSIGNED_CONTEXT((#9582)) 
GLOBAL_UNIT_ASSIGNED_CONTEXT((#9579,#9580,#9581)) REPRESENTATION_CONTEXT
('Context #1','3D Context with UNIT and UNCERTAINTY') );
#9579 = ( LENGTH_UNIT() NAMED_UNIT(*) SI_UNIT(.MILLI.,.METRE.) );
#9580 = ( NAMED_UNIT(*) PLANE_ANGLE_UNIT() SI_UNIT($,.RADIAN.) );
#9581 = ( NAMED_UNIT(*) SI_UNIT($,.STERADIAN.) SOLID_ANGLE_UNIT() );
#9582 = UNCERTAINTY_MEASURE_WITH_UNIT(LENGTH_MEASURE(1.E-07),#9579,
  'distance_accuracy_value','confusion accuracy');
#9583 = CONTEXT_DEPENDENT_SHAPE_REPRESENTATION(#9584,#9586);
#9584 = ( REPRESENTATION_RELATIONSHIP('','',#9524,#6701) 
REPRESENTATION_RELATIONSHIP_WITH_TRANSFORMATION(#9585) 
SHAPE_REPRESENTATION_RELATIONSHIP() );
#9585 = ITEM_DEFINED_TRANSFORMATION('','',#11,#6846);
#9586 = PRODUCT_DEFINITION_SHAPE('Placement','Placement of an item',
  #9587);
#9587 = NEXT_ASSEMBLY_USAGE_OCCURRENCE('160','Leads064','',#6696,#9519,$
  );
#9588 = PRODUCT_RELATED_PRODUCT_CATEGORY('part',$,(#9521));
#9589 = SHAPE_DEFINITION_REPRESENTATION(#9590,#9596);
#9590 = PRODUCT_DEFINITION_SHAPE('','',#9591);
#9591 = PRODUCT_DEFINITION('design','',#9592,#9595);
#9592 = PRODUCT_DEFINITION_FORMATION('','',#9593);
#9593 = PRODUCT('Leads065','Leads065','',(#9594));
#9594 = PRODUCT_CONTEXT('',#2,'mechanical');
#9595 = PRODUCT_DEFINITION_CONTEXT('part definition',#2,'design');
#9596 = ADVANCED_BREP_SHAPE_REPRESENTATION('',(#11,#9597),#9650);
#9597 = MANIFOLD_SOLID_BREP('',#9598);
#9598 = CLOSED_SHELL('',(#9599,#9632,#9641));
#9599 = ADVANCED_FACE('',(#9600),#9627,.T.);
#9600 = FACE_BOUND('',#9601,.T.);
#9601 = EDGE_LOOP('',(#9602,#9611,#9619,#9626));
#9602 = ORIENTED_EDGE('',*,*,#9603,.F.);
#9603 = EDGE_CURVE('',#9604,#9604,#9606,.T.);
#9604 = VERTEX_POINT('',#9605);
#9605 = CARTESIAN_POINT('',(-7.365,-5.08,0.1));
#9606 = CIRCLE('',#9607,0.255);
#9607 = AXIS2_PLACEMENT_3D('',#9608,#9609,#9610);
#9608 = CARTESIAN_POINT('',(-7.62,-5.08,0.1));
#9609 = DIRECTION('',(0.,0.,1.));
#9610 = DIRECTION('',(1.,0.,-0.));
#9611 = ORIENTED_EDGE('',*,*,#9612,.F.);
#9612 = EDGE_CURVE('',#9613,#9604,#9615,.T.);
#9613 = VERTEX_POINT('',#9614);
#9614 = CARTESIAN_POINT('',(-7.365,-5.08,-5.));
#9615 = LINE('',#9616,#9617);
#9616 = CARTESIAN_POINT('',(-7.365,-5.08,-5.));
#9617 = VECTOR('',#9618,1.);
#9618 = DIRECTION('',(0.,0.,1.));
#9619 = ORIENTED_EDGE('',*,*,#9620,.T.);
#9620 = EDGE_CURVE('',#9613,#9613,#9621,.T.);
#9621 = CIRCLE('',#9622,0.255);
#9622 = AXIS2_PLACEMENT_3D('',#9623,#9624,#9625);
#9623 = CARTESIAN_POINT('',(-7.62,-5.08,-5.));
#9624 = DIRECTION('',(0.,0.,1.));
#9625 = DIRECTION('',(1.,0.,-0.));
#9626 = ORIENTED_EDGE('',*,*,#9612,.T.);
#9627 = CYLINDRICAL_SURFACE('',#9628,0.255);
#9628 = AXIS2_PLACEMENT_3D('',#9629,#9630,#9631);
#9629 = CARTESIAN_POINT('',(-7.62,-5.08,-5.));
#9630 = DIRECTION('',(0.,0.,1.));
#9631 = DIRECTION('',(1.,0.,-0.));
#9632 = ADVANCED_FACE('',(#9633),#9636,.T.);
#9633 = FACE_BOUND('',#9634,.T.);
#9634 = EDGE_LOOP('',(#9635));
#9635 = ORIENTED_EDGE('',*,*,#9603,.T.);
#9636 = PLANE('',#9637);
#9637 = AXIS2_PLACEMENT_3D('',#9638,#9639,#9640);
#9638 = CARTESIAN_POINT('',(-7.62,-5.08,0.1));
#9639 = DIRECTION('',(0.,0.,1.));
#9640 = DIRECTION('',(1.,0.,-0.));
#9641 = ADVANCED_FACE('',(#9642),#9645,.F.);
#9642 = FACE_BOUND('',#9643,.T.);
#9643 = EDGE_LOOP('',(#9644));
#9644 = ORIENTED_EDGE('',*,*,#9620,.F.);
#9645 = PLANE('',#9646);
#9646 = AXIS2_PLACEMENT_3D('',#9647,#9648,#9649);
#9647 = CARTESIAN_POINT('',(-7.62,-5.08,-5.));
#9648 = DIRECTION('',(0.,0.,1.));
#9649 = DIRECTION('',(1.,0.,-0.));
#9650 = ( GEOMETRIC_REPRESENTATION_CONTEXT(3) 
GLOBAL_UNCERTAINTY_ASSIGNED_CONTEXT((#9654)) 
GLOBAL_UNIT_ASSIGNED_CONTEXT((#9651,#9652,#9653)) REPRESENTATION_CONTEXT
('Context #1','3D Context with UNIT and UNCERTAINTY') );
#9651 = ( LENGTH_UNIT() NAMED_UNIT(*) SI_UNIT(.MILLI.,.METRE.) );
#9652 = ( NAMED_UNIT(*) PLANE_ANGLE_UNIT() SI_UNIT($,.RADIAN.) );
#9653 = ( NAMED_UNIT(*) SI_UNIT($,.STERADIAN.) SOLID_ANGLE_UNIT() );
#9654 = UNCERTAINTY_MEASURE_WITH_UNIT(LENGTH_MEASURE(1.E-07),#9651,
  'distance_accuracy_value','confusion accuracy');
#9655 = CONTEXT_DEPENDENT_SHAPE_REPRESENTATION(#9656,#9658);
#9656 = ( REPRESENTATION_RELATIONSHIP('','',#9596,#6701) 
REPRESENTATION_RELATIONSHIP_WITH_TRANSFORMATION(#9657) 
SHAPE_REPRESENTATION_RELATIONSHIP() );
#9657 = ITEM_DEFINED_TRANSFORMATION('','',#11,#6850);
#9658 = PRODUCT_DEFINITION_SHAPE('Placement','Placement of an item',
  #9659);
#9659 = NEXT_ASSEMBLY_USAGE_OCCURRENCE('161','Leads065','',#6696,#9591,$
  );
#9660 = PRODUCT_RELATED_PRODUCT_CATEGORY('part',$,(#9593));
#9661 = SHAPE_DEFINITION_REPRESENTATION(#9662,#9668);
#9662 = PRODUCT_DEFINITION_SHAPE('','',#9663);
#9663 = PRODUCT_DEFINITION('design','',#9664,#9667);
#9664 = PRODUCT_DEFINITION_FORMATION('','',#9665);
#9665 = PRODUCT('Leads066','Leads066','',(#9666));
#9666 = PRODUCT_CONTEXT('',#2,'mechanical');
#9667 = PRODUCT_DEFINITION_CONTEXT('part definition',#2,'design');
#9668 = ADVANCED_BREP_SHAPE_REPRESENTATION('',(#11,#9669),#9722);
#9669 = MANIFOLD_SOLID_BREP('',#9670);
#9670 = CLOSED_SHELL('',(#9671,#9704,#9713));
#9671 = ADVANCED_FACE('',(#9672),#9699,.T.);
#9672 = FACE_BOUND('',#9673,.T.);
#9673 = EDGE_LOOP('',(#9674,#9683,#9691,#9698));
#9674 = ORIENTED_EDGE('',*,*,#9675,.F.);
#9675 = EDGE_CURVE('',#9676,#9676,#9678,.T.);
#9676 = VERTEX_POINT('',#9677);
#9677 = CARTESIAN_POINT('',(-9.905,-5.08,0.1));
#9678 = CIRCLE('',#9679,0.255);
#9679 = AXIS2_PLACEMENT_3D('',#9680,#9681,#9682);
#9680 = CARTESIAN_POINT('',(-10.16,-5.08,0.1));
#9681 = DIRECTION('',(0.,0.,1.));
#9682 = DIRECTION('',(1.,0.,-0.));
#9683 = ORIENTED_EDGE('',*,*,#9684,.F.);
#9684 = EDGE_CURVE('',#9685,#9676,#9687,.T.);
#9685 = VERTEX_POINT('',#9686);
#9686 = CARTESIAN_POINT('',(-9.905,-5.08,-5.));
#9687 = LINE('',#9688,#9689);
#9688 = CARTESIAN_POINT('',(-9.905,-5.08,-5.));
#9689 = VECTOR('',#9690,1.);
#9690 = DIRECTION('',(0.,0.,1.));
#9691 = ORIENTED_EDGE('',*,*,#9692,.T.);
#9692 = EDGE_CURVE('',#9685,#9685,#9693,.T.);
#9693 = CIRCLE('',#9694,0.255);
#9694 = AXIS2_PLACEMENT_3D('',#9695,#9696,#9697);
#9695 = CARTESIAN_POINT('',(-10.16,-5.08,-5.));
#9696 = DIRECTION('',(0.,0.,1.));
#9697 = DIRECTION('',(1.,0.,-0.));
#9698 = ORIENTED_EDGE('',*,*,#9684,.T.);
#9699 = CYLINDRICAL_SURFACE('',#9700,0.255);
#9700 = AXIS2_PLACEMENT_3D('',#9701,#9702,#9703);
#9701 = CARTESIAN_POINT('',(-10.16,-5.08,-5.));
#9702 = DIRECTION('',(0.,0.,1.));
#9703 = DIRECTION('',(1.,0.,-0.));
#9704 = ADVANCED_FACE('',(#9705),#9708,.T.);
#9705 = FACE_BOUND('',#9706,.T.);
#9706 = EDGE_LOOP('',(#9707));
#9707 = ORIENTED_EDGE('',*,*,#9675,.T.);
#9708 = PLANE('',#9709);
#9709 = AXIS2_PLACEMENT_3D('',#9710,#9711,#9712);
#9710 = CARTESIAN_POINT('',(-10.16,-5.08,0.1));
#9711 = DIRECTION('',(0.,0.,1.));
#9712 = DIRECTION('',(1.,0.,-0.));
#9713 = ADVANCED_FACE('',(#9714),#9717,.F.);
#9714 = FACE_BOUND('',#9715,.T.);
#9715 = EDGE_LOOP('',(#9716));
#9716 = ORIENTED_EDGE('',*,*,#9692,.F.);
#9717 = PLANE('',#9718);
#9718 = AXIS2_PLACEMENT_3D('',#9719,#9720,#9721);
#9719 = CARTESIAN_POINT('',(-10.16,-5.08,-5.));
#9720 = DIRECTION('',(0.,0.,1.));
#9721 = DIRECTION('',(1.,0.,-0.));
#9722 = ( GEOMETRIC_REPRESENTATION_CONTEXT(3) 
GLOBAL_UNCERTAINTY_ASSIGNED_CONTEXT((#9726)) 
GLOBAL_UNIT_ASSIGNED_CONTEXT((#9723,#9724,#9725)) REPRESENTATION_CONTEXT
('Context #1','3D Context with UNIT and UNCERTAINTY') );
#9723 = ( LENGTH_UNIT() NAMED_UNIT(*) SI_UNIT(.MILLI.,.METRE.) );
#9724 = ( NAMED_UNIT(*) PLANE_ANGLE_UNIT() SI_UNIT($,.RADIAN.) );
#9725 = ( NAMED_UNIT(*) SI_UNIT($,.STERADIAN.) SOLID_ANGLE_UNIT() );
#9726 = UNCERTAINTY_MEASURE_WITH_UNIT(LENGTH_MEASURE(1.E-07),#9723,
  'distance_accuracy_value','confusion accuracy');
#9727 = CONTEXT_DEPENDENT_SHAPE_REPRESENTATION(#9728,#9730);
#9728 = ( REPRESENTATION_RELATIONSHIP('','',#9668,#6701) 
REPRESENTATION_RELATIONSHIP_WITH_TRANSFORMATION(#9729) 
SHAPE_REPRESENTATION_RELATIONSHIP() );
#9729 = ITEM_DEFINED_TRANSFORMATION('','',#11,#6854);
#9730 = PRODUCT_DEFINITION_SHAPE('Placement','Placement of an item',
  #9731);
#9731 = NEXT_ASSEMBLY_USAGE_OCCURRENCE('162','Leads066','',#6696,#9663,$
  );
#9732 = PRODUCT_RELATED_PRODUCT_CATEGORY('part',$,(#9665));
#9733 = SHAPE_DEFINITION_REPRESENTATION(#9734,#9740);
#9734 = PRODUCT_DEFINITION_SHAPE('','',#9735);
#9735 = PRODUCT_DEFINITION('design','',#9736,#9739);
#9736 = PRODUCT_DEFINITION_FORMATION('','',#9737);
#9737 = PRODUCT('Leads067','Leads067','',(#9738));
#9738 = PRODUCT_CONTEXT('',#2,'mechanical');
#9739 = PRODUCT_DEFINITION_CONTEXT('part definition',#2,'design');
#9740 = ADVANCED_BREP_SHAPE_REPRESENTATION('',(#11,#9741),#9794);
#9741 = MANIFOLD_SOLID_BREP('',#9742);
#9742 = CLOSED_SHELL('',(#9743,#9776,#9785));
#9743 = ADVANCED_FACE('',(#9744),#9771,.T.);
#9744 = FACE_BOUND('',#9745,.T.);
#9745 = EDGE_LOOP('',(#9746,#9755,#9763,#9770));
#9746 = ORIENTED_EDGE('',*,*,#9747,.F.);
#9747 = EDGE_CURVE('',#9748,#9748,#9750,.T.);
#9748 = VERTEX_POINT('',#9749);
#9749 = CARTESIAN_POINT('',(-12.445,-5.08,0.1));
#9750 = CIRCLE('',#9751,0.255);
#9751 = AXIS2_PLACEMENT_3D('',#9752,#9753,#9754);
#9752 = CARTESIAN_POINT('',(-12.7,-5.08,0.1));
#9753 = DIRECTION('',(0.,0.,1.));
#9754 = DIRECTION('',(1.,0.,-0.));
#9755 = ORIENTED_EDGE('',*,*,#9756,.F.);
#9756 = EDGE_CURVE('',#9757,#9748,#9759,.T.);
#9757 = VERTEX_POINT('',#9758);
#9758 = CARTESIAN_POINT('',(-12.445,-5.08,-5.));
#9759 = LINE('',#9760,#9761);
#9760 = CARTESIAN_POINT('',(-12.445,-5.08,-5.));
#9761 = VECTOR('',#9762,1.);
#9762 = DIRECTION('',(0.,0.,1.));
#9763 = ORIENTED_EDGE('',*,*,#9764,.T.);
#9764 = EDGE_CURVE('',#9757,#9757,#9765,.T.);
#9765 = CIRCLE('',#9766,0.255);
#9766 = AXIS2_PLACEMENT_3D('',#9767,#9768,#9769);
#9767 = CARTESIAN_POINT('',(-12.7,-5.08,-5.));
#9768 = DIRECTION('',(0.,0.,1.));
#9769 = DIRECTION('',(1.,0.,-0.));
#9770 = ORIENTED_EDGE('',*,*,#9756,.T.);
#9771 = CYLINDRICAL_SURFACE('',#9772,0.255);
#9772 = AXIS2_PLACEMENT_3D('',#9773,#9774,#9775);
#9773 = CARTESIAN_POINT('',(-12.7,-5.08,-5.));
#9774 = DIRECTION('',(0.,0.,1.));
#9775 = DIRECTION('',(1.,0.,-0.));
#9776 = ADVANCED_FACE('',(#9777),#9780,.T.);
#9777 = FACE_BOUND('',#9778,.T.);
#9778 = EDGE_LOOP('',(#9779));
#9779 = ORIENTED_EDGE('',*,*,#9747,.T.);
#9780 = PLANE('',#9781);
#9781 = AXIS2_PLACEMENT_3D('',#9782,#9783,#9784);
#9782 = CARTESIAN_POINT('',(-12.7,-5.08,0.1));
#9783 = DIRECTION('',(0.,0.,1.));
#9784 = DIRECTION('',(1.,0.,-0.));
#9785 = ADVANCED_FACE('',(#9786),#9789,.F.);
#9786 = FACE_BOUND('',#9787,.T.);
#9787 = EDGE_LOOP('',(#9788));
#9788 = ORIENTED_EDGE('',*,*,#9764,.F.);
#9789 = PLANE('',#9790);
#9790 = AXIS2_PLACEMENT_3D('',#9791,#9792,#9793);
#9791 = CARTESIAN_POINT('',(-12.7,-5.08,-5.));
#9792 = DIRECTION('',(0.,0.,1.));
#9793 = DIRECTION('',(1.,0.,-0.));
#9794 = ( GEOMETRIC_REPRESENTATION_CONTEXT(3) 
GLOBAL_UNCERTAINTY_ASSIGNED_CONTEXT((#9798)) 
GLOBAL_UNIT_ASSIGNED_CONTEXT((#9795,#9796,#9797)) REPRESENTATION_CONTEXT
('Context #1','3D Context with UNIT and UNCERTAINTY') );
#9795 = ( LENGTH_UNIT() NAMED_UNIT(*) SI_UNIT(.MILLI.,.METRE.) );
#9796 = ( NAMED_UNIT(*) PLANE_ANGLE_UNIT() SI_UNIT($,.RADIAN.) );
#9797 = ( NAMED_UNIT(*) SI_UNIT($,.STERADIAN.) SOLID_ANGLE_UNIT() );
#9798 = UNCERTAINTY_MEASURE_WITH_UNIT(LENGTH_MEASURE(1.E-07),#9795,
  'distance_accuracy_value','confusion accuracy');
#9799 = CONTEXT_DEPENDENT_SHAPE_REPRESENTATION(#9800,#9802);
#9800 = ( REPRESENTATION_RELATIONSHIP('','',#9740,#6701) 
REPRESENTATION_RELATIONSHIP_WITH_TRANSFORMATION(#9801) 
SHAPE_REPRESENTATION_RELATIONSHIP() );
#9801 = ITEM_DEFINED_TRANSFORMATION('','',#11,#6858);
#9802 = PRODUCT_DEFINITION_SHAPE('Placement','Placement of an item',
  #9803);
#9803 = NEXT_ASSEMBLY_USAGE_OCCURRENCE('163','Leads067','',#6696,#9735,$
  );
#9804 = PRODUCT_RELATED_PRODUCT_CATEGORY('part',$,(#9737));
#9805 = SHAPE_DEFINITION_REPRESENTATION(#9806,#9812);
#9806 = PRODUCT_DEFINITION_SHAPE('','',#9807);
#9807 = PRODUCT_DEFINITION('design','',#9808,#9811);
#9808 = PRODUCT_DEFINITION_FORMATION('','',#9809);
#9809 = PRODUCT('Leads068','Leads068','',(#9810));
#9810 = PRODUCT_CONTEXT('',#2,'mechanical');
#9811 = PRODUCT_DEFINITION_CONTEXT('part definition',#2,'design');
#9812 = ADVANCED_BREP_SHAPE_REPRESENTATION('',(#11,#9813),#9866);
#9813 = MANIFOLD_SOLID_BREP('',#9814);
#9814 = CLOSED_SHELL('',(#9815,#9848,#9857));
#9815 = ADVANCED_FACE('',(#9816),#9843,.T.);
#9816 = FACE_BOUND('',#9817,.T.);
#9817 = EDGE_LOOP('',(#9818,#9827,#9835,#9842));
#9818 = ORIENTED_EDGE('',*,*,#9819,.F.);
#9819 = EDGE_CURVE('',#9820,#9820,#9822,.T.);
#9820 = VERTEX_POINT('',#9821);
#9821 = CARTESIAN_POINT('',(-14.985,-5.08,0.1));
#9822 = CIRCLE('',#9823,0.255);
#9823 = AXIS2_PLACEMENT_3D('',#9824,#9825,#9826);
#9824 = CARTESIAN_POINT('',(-15.24,-5.08,0.1));
#9825 = DIRECTION('',(0.,0.,1.));
#9826 = DIRECTION('',(1.,0.,-0.));
#9827 = ORIENTED_EDGE('',*,*,#9828,.F.);
#9828 = EDGE_CURVE('',#9829,#9820,#9831,.T.);
#9829 = VERTEX_POINT('',#9830);
#9830 = CARTESIAN_POINT('',(-14.985,-5.08,-5.));
#9831 = LINE('',#9832,#9833);
#9832 = CARTESIAN_POINT('',(-14.985,-5.08,-5.));
#9833 = VECTOR('',#9834,1.);
#9834 = DIRECTION('',(0.,0.,1.));
#9835 = ORIENTED_EDGE('',*,*,#9836,.T.);
#9836 = EDGE_CURVE('',#9829,#9829,#9837,.T.);
#9837 = CIRCLE('',#9838,0.255);
#9838 = AXIS2_PLACEMENT_3D('',#9839,#9840,#9841);
#9839 = CARTESIAN_POINT('',(-15.24,-5.08,-5.));
#9840 = DIRECTION('',(0.,0.,1.));
#9841 = DIRECTION('',(1.,0.,-0.));
#9842 = ORIENTED_EDGE('',*,*,#9828,.T.);
#9843 = CYLINDRICAL_SURFACE('',#9844,0.255);
#9844 = AXIS2_PLACEMENT_3D('',#9845,#9846,#9847);
#9845 = CARTESIAN_POINT('',(-15.24,-5.08,-5.));
#9846 = DIRECTION('',(0.,0.,1.));
#9847 = DIRECTION('',(1.,0.,-0.));
#9848 = ADVANCED_FACE('',(#9849),#9852,.T.);
#9849 = FACE_BOUND('',#9850,.T.);
#9850 = EDGE_LOOP('',(#9851));
#9851 = ORIENTED_EDGE('',*,*,#9819,.T.);
#9852 = PLANE('',#9853);
#9853 = AXIS2_PLACEMENT_3D('',#9854,#9855,#9856);
#9854 = CARTESIAN_POINT('',(-15.24,-5.08,0.1));
#9855 = DIRECTION('',(0.,0.,1.));
#9856 = DIRECTION('',(1.,0.,-0.));
#9857 = ADVANCED_FACE('',(#9858),#9861,.F.);
#9858 = FACE_BOUND('',#9859,.T.);
#9859 = EDGE_LOOP('',(#9860));
#9860 = ORIENTED_EDGE('',*,*,#9836,.F.);
#9861 = PLANE('',#9862);
#9862 = AXIS2_PLACEMENT_3D('',#9863,#9864,#9865);
#9863 = CARTESIAN_POINT('',(-15.24,-5.08,-5.));
#9864 = DIRECTION('',(0.,0.,1.));
#9865 = DIRECTION('',(1.,0.,-0.));
#9866 = ( GEOMETRIC_REPRESENTATION_CONTEXT(3) 
GLOBAL_UNCERTAINTY_ASSIGNED_CONTEXT((#9870)) 
GLOBAL_UNIT_ASSIGNED_CONTEXT((#9867,#9868,#9869)) REPRESENTATION_CONTEXT
('Context #1','3D Context with UNIT and UNCERTAINTY') );
#9867 = ( LENGTH_UNIT() NAMED_UNIT(*) SI_UNIT(.MILLI.,.METRE.) );
#9868 = ( NAMED_UNIT(*) PLANE_ANGLE_UNIT() SI_UNIT($,.RADIAN.) );
#9869 = ( NAMED_UNIT(*) SI_UNIT($,.STERADIAN.) SOLID_ANGLE_UNIT() );
#9870 = UNCERTAINTY_MEASURE_WITH_UNIT(LENGTH_MEASURE(1.E-07),#9867,
  'distance_accuracy_value','confusion accuracy');
#9871 = CONTEXT_DEPENDENT_SHAPE_REPRESENTATION(#9872,#9874);
#9872 = ( REPRESENTATION_RELATIONSHIP('','',#9812,#6701) 
REPRESENTATION_RELATIONSHIP_WITH_TRANSFORMATION(#9873) 
SHAPE_REPRESENTATION_RELATIONSHIP() );
#9873 = ITEM_DEFINED_TRANSFORMATION('','',#11,#6862);
#9874 = PRODUCT_DEFINITION_SHAPE('Placement','Placement of an item',
  #9875);
#9875 = NEXT_ASSEMBLY_USAGE_OCCURRENCE('164','Leads068','',#6696,#9807,$
  );
#9876 = PRODUCT_RELATED_PRODUCT_CATEGORY('part',$,(#9809));
#9877 = SHAPE_DEFINITION_REPRESENTATION(#9878,#9884);
#9878 = PRODUCT_DEFINITION_SHAPE('','',#9879);
#9879 = PRODUCT_DEFINITION('design','',#9880,#9883);
#9880 = PRODUCT_DEFINITION_FORMATION('','',#9881);
#9881 = PRODUCT('Leads069','Leads069','',(#9882));
#9882 = PRODUCT_CONTEXT('',#2,'mechanical');
#9883 = PRODUCT_DEFINITION_CONTEXT('part definition',#2,'design');
#9884 = ADVANCED_BREP_SHAPE_REPRESENTATION('',(#11,#9885),#9938);
#9885 = MANIFOLD_SOLID_BREP('',#9886);
#9886 = CLOSED_SHELL('',(#9887,#9920,#9929));
#9887 = ADVANCED_FACE('',(#9888),#9915,.T.);
#9888 = FACE_BOUND('',#9889,.T.);
#9889 = EDGE_LOOP('',(#9890,#9899,#9907,#9914));
#9890 = ORIENTED_EDGE('',*,*,#9891,.F.);
#9891 = EDGE_CURVE('',#9892,#9892,#9894,.T.);
#9892 = VERTEX_POINT('',#9893);
#9893 = CARTESIAN_POINT('',(-17.525,-5.08,0.1));
#9894 = CIRCLE('',#9895,0.255);
#9895 = AXIS2_PLACEMENT_3D('',#9896,#9897,#9898);
#9896 = CARTESIAN_POINT('',(-17.78,-5.08,0.1));
#9897 = DIRECTION('',(0.,0.,1.));
#9898 = DIRECTION('',(1.,0.,-0.));
#9899 = ORIENTED_EDGE('',*,*,#9900,.F.);
#9900 = EDGE_CURVE('',#9901,#9892,#9903,.T.);
#9901 = VERTEX_POINT('',#9902);
#9902 = CARTESIAN_POINT('',(-17.525,-5.08,-5.));
#9903 = LINE('',#9904,#9905);
#9904 = CARTESIAN_POINT('',(-17.525,-5.08,-5.));
#9905 = VECTOR('',#9906,1.);
#9906 = DIRECTION('',(0.,0.,1.));
#9907 = ORIENTED_EDGE('',*,*,#9908,.T.);
#9908 = EDGE_CURVE('',#9901,#9901,#9909,.T.);
#9909 = CIRCLE('',#9910,0.255);
#9910 = AXIS2_PLACEMENT_3D('',#9911,#9912,#9913);
#9911 = CARTESIAN_POINT('',(-17.78,-5.08,-5.));
#9912 = DIRECTION('',(0.,0.,1.));
#9913 = DIRECTION('',(1.,0.,-0.));
#9914 = ORIENTED_EDGE('',*,*,#9900,.T.);
#9915 = CYLINDRICAL_SURFACE('',#9916,0.255);
#9916 = AXIS2_PLACEMENT_3D('',#9917,#9918,#9919);
#9917 = CARTESIAN_POINT('',(-17.78,-5.08,-5.));
#9918 = DIRECTION('',(0.,0.,1.));
#9919 = DIRECTION('',(1.,0.,-0.));
#9920 = ADVANCED_FACE('',(#9921),#9924,.T.);
#9921 = FACE_BOUND('',#9922,.T.);
#9922 = EDGE_LOOP('',(#9923));
#9923 = ORIENTED_EDGE('',*,*,#9891,.T.);
#9924 = PLANE('',#9925);
#9925 = AXIS2_PLACEMENT_3D('',#9926,#9927,#9928);
#9926 = CARTESIAN_POINT('',(-17.78,-5.08,0.1));
#9927 = DIRECTION('',(0.,0.,1.));
#9928 = DIRECTION('',(1.,0.,-0.));
#9929 = ADVANCED_FACE('',(#9930),#9933,.F.);
#9930 = FACE_BOUND('',#9931,.T.);
#9931 = EDGE_LOOP('',(#9932));
#9932 = ORIENTED_EDGE('',*,*,#9908,.F.);
#9933 = PLANE('',#9934);
#9934 = AXIS2_PLACEMENT_3D('',#9935,#9936,#9937);
#9935 = CARTESIAN_POINT('',(-17.78,-5.08,-5.));
#9936 = DIRECTION('',(0.,0.,1.));
#9937 = DIRECTION('',(1.,0.,-0.));
#9938 = ( GEOMETRIC_REPRESENTATION_CONTEXT(3) 
GLOBAL_UNCERTAINTY_ASSIGNED_CONTEXT((#9942)) 
GLOBAL_UNIT_ASSIGNED_CONTEXT((#9939,#9940,#9941)) REPRESENTATION_CONTEXT
('Context #1','3D Context with UNIT and UNCERTAINTY') );
#9939 = ( LENGTH_UNIT() NAMED_UNIT(*) SI_UNIT(.MILLI.,.METRE.) );
#9940 = ( NAMED_UNIT(*) PLANE_ANGLE_UNIT() SI_UNIT($,.RADIAN.) );
#9941 = ( NAMED_UNIT(*) SI_UNIT($,.STERADIAN.) SOLID_ANGLE_UNIT() );
#9942 = UNCERTAINTY_MEASURE_WITH_UNIT(LENGTH_MEASURE(1.E-07),#9939,
  'distance_accuracy_value','confusion accuracy');
#9943 = CONTEXT_DEPENDENT_SHAPE_REPRESENTATION(#9944,#9946);
#9944 = ( REPRESENTATION_RELATIONSHIP('','',#9884,#6701) 
REPRESENTATION_RELATIONSHIP_WITH_TRANSFORMATION(#9945) 
SHAPE_REPRESENTATION_RELATIONSHIP() );
#9945 = ITEM_DEFINED_TRANSFORMATION('','',#11,#6866);
#9946 = PRODUCT_DEFINITION_SHAPE('Placement','Placement of an item',
  #9947);
#9947 = NEXT_ASSEMBLY_USAGE_OCCURRENCE('165','Leads069','',#6696,#9879,$
  );
#9948 = PRODUCT_RELATED_PRODUCT_CATEGORY('part',$,(#9881));
#9949 = SHAPE_DEFINITION_REPRESENTATION(#9950,#9956);
#9950 = PRODUCT_DEFINITION_SHAPE('','',#9951);
#9951 = PRODUCT_DEFINITION('design','',#9952,#9955);
#9952 = PRODUCT_DEFINITION_FORMATION('','',#9953);
#9953 = PRODUCT('Leads070','Leads070','',(#9954));
#9954 = PRODUCT_CONTEXT('',#2,'mechanical');
#9955 = PRODUCT_DEFINITION_CONTEXT('part definition',#2,'design');
#9956 = ADVANCED_BREP_SHAPE_REPRESENTATION('',(#11,#9957),#10010);
#9957 = MANIFOLD_SOLID_BREP('',#9958);
#9958 = CLOSED_SHELL('',(#9959,#9992,#10001));
#9959 = ADVANCED_FACE('',(#9960),#9987,.T.);
#9960 = FACE_BOUND('',#9961,.T.);
#9961 = EDGE_LOOP('',(#9962,#9971,#9979,#9986));
#9962 = ORIENTED_EDGE('',*,*,#9963,.F.);
#9963 = EDGE_CURVE('',#9964,#9964,#9966,.T.);
#9964 = VERTEX_POINT('',#9965);
#9965 = CARTESIAN_POINT('',(-20.065,-5.08,0.1));
#9966 = CIRCLE('',#9967,0.255);
#9967 = AXIS2_PLACEMENT_3D('',#9968,#9969,#9970);
#9968 = CARTESIAN_POINT('',(-20.32,-5.08,0.1));
#9969 = DIRECTION('',(0.,0.,1.));
#9970 = DIRECTION('',(1.,0.,-0.));
#9971 = ORIENTED_EDGE('',*,*,#9972,.F.);
#9972 = EDGE_CURVE('',#9973,#9964,#9975,.T.);
#9973 = VERTEX_POINT('',#9974);
#9974 = CARTESIAN_POINT('',(-20.065,-5.08,-5.));
#9975 = LINE('',#9976,#9977);
#9976 = CARTESIAN_POINT('',(-20.065,-5.08,-5.));
#9977 = VECTOR('',#9978,1.);
#9978 = DIRECTION('',(0.,0.,1.));
#9979 = ORIENTED_EDGE('',*,*,#9980,.T.);
#9980 = EDGE_CURVE('',#9973,#9973,#9981,.T.);
#9981 = CIRCLE('',#9982,0.255);
#9982 = AXIS2_PLACEMENT_3D('',#9983,#9984,#9985);
#9983 = CARTESIAN_POINT('',(-20.32,-5.08,-5.));
#9984 = DIRECTION('',(0.,0.,1.));
#9985 = DIRECTION('',(1.,0.,-0.));
#9986 = ORIENTED_EDGE('',*,*,#9972,.T.);
#9987 = CYLINDRICAL_SURFACE('',#9988,0.255);
#9988 = AXIS2_PLACEMENT_3D('',#9989,#9990,#9991);
#9989 = CARTESIAN_POINT('',(-20.32,-5.08,-5.));
#9990 = DIRECTION('',(0.,0.,1.));
#9991 = DIRECTION('',(1.,0.,-0.));
#9992 = ADVANCED_FACE('',(#9993),#9996,.T.);
#9993 = FACE_BOUND('',#9994,.T.);
#9994 = EDGE_LOOP('',(#9995));
#9995 = ORIENTED_EDGE('',*,*,#9963,.T.);
#9996 = PLANE('',#9997);
#9997 = AXIS2_PLACEMENT_3D('',#9998,#9999,#10000);
#9998 = CARTESIAN_POINT('',(-20.32,-5.08,0.1));
#9999 = DIRECTION('',(0.,0.,1.));
#10000 = DIRECTION('',(1.,0.,-0.));
#10001 = ADVANCED_FACE('',(#10002),#10005,.F.);
#10002 = FACE_BOUND('',#10003,.T.);
#10003 = EDGE_LOOP('',(#10004));
#10004 = ORIENTED_EDGE('',*,*,#9980,.F.);
#10005 = PLANE('',#10006);
#10006 = AXIS2_PLACEMENT_3D('',#10007,#10008,#10009);
#10007 = CARTESIAN_POINT('',(-20.32,-5.08,-5.));
#10008 = DIRECTION('',(0.,0.,1.));
#10009 = DIRECTION('',(1.,0.,-0.));
#10010 = ( GEOMETRIC_REPRESENTATION_CONTEXT(3) 
GLOBAL_UNCERTAINTY_ASSIGNED_CONTEXT((#10014)) 
GLOBAL_UNIT_ASSIGNED_CONTEXT((#10011,#10012,#10013)) 
REPRESENTATION_CONTEXT('Context #1',
  '3D Context with UNIT and UNCERTAINTY') );
#10011 = ( LENGTH_UNIT() NAMED_UNIT(*) SI_UNIT(.MILLI.,.METRE.) );
#10012 = ( NAMED_UNIT(*) PLANE_ANGLE_UNIT() SI_UNIT($,.RADIAN.) );
#10013 = ( NAMED_UNIT(*) SI_UNIT($,.STERADIAN.) SOLID_ANGLE_UNIT() );
#10014 = UNCERTAINTY_MEASURE_WITH_UNIT(LENGTH_MEASURE(1.E-07),#10011,
  'distance_accuracy_value','confusion accuracy');
#10015 = CONTEXT_DEPENDENT_SHAPE_REPRESENTATION(#10016,#10018);
#10016 = ( REPRESENTATION_RELATIONSHIP('','',#9956,#6701) 
REPRESENTATION_RELATIONSHIP_WITH_TRANSFORMATION(#10017) 
SHAPE_REPRESENTATION_RELATIONSHIP() );
#10017 = ITEM_DEFINED_TRANSFORMATION('','',#11,#6870);
#10018 = PRODUCT_DEFINITION_SHAPE('Placement','Placement of an item',
  #10019);
#10019 = NEXT_ASSEMBLY_USAGE_OCCURRENCE('166','Leads070','',#6696,#9951,
  $);
#10020 = PRODUCT_RELATED_PRODUCT_CATEGORY('part',$,(#9953));
#10021 = SHAPE_DEFINITION_REPRESENTATION(#10022,#10028);
#10022 = PRODUCT_DEFINITION_SHAPE('','',#10023);
#10023 = PRODUCT_DEFINITION('design','',#10024,#10027);
#10024 = PRODUCT_DEFINITION_FORMATION('','',#10025);
#10025 = PRODUCT('Leads071','Leads071','',(#10026));
#10026 = PRODUCT_CONTEXT('',#2,'mechanical');
#10027 = PRODUCT_DEFINITION_CONTEXT('part definition',#2,'design');
#10028 = ADVANCED_BREP_SHAPE_REPRESENTATION('',(#11,#10029),#10082);
#10029 = MANIFOLD_SOLID_BREP('',#10030);
#10030 = CLOSED_SHELL('',(#10031,#10064,#10073));
#10031 = ADVANCED_FACE('',(#10032),#10059,.T.);
#10032 = FACE_BOUND('',#10033,.T.);
#10033 = EDGE_LOOP('',(#10034,#10043,#10051,#10058));
#10034 = ORIENTED_EDGE('',*,*,#10035,.F.);
#10035 = EDGE_CURVE('',#10036,#10036,#10038,.T.);
#10036 = VERTEX_POINT('',#10037);
#10037 = CARTESIAN_POINT('',(-22.605,-5.08,0.1));
#10038 = CIRCLE('',#10039,0.255);
#10039 = AXIS2_PLACEMENT_3D('',#10040,#10041,#10042);
#10040 = CARTESIAN_POINT('',(-22.86,-5.08,0.1));
#10041 = DIRECTION('',(0.,0.,1.));
#10042 = DIRECTION('',(1.,0.,-0.));
#10043 = ORIENTED_EDGE('',*,*,#10044,.F.);
#10044 = EDGE_CURVE('',#10045,#10036,#10047,.T.);
#10045 = VERTEX_POINT('',#10046);
#10046 = CARTESIAN_POINT('',(-22.605,-5.08,-5.));
#10047 = LINE('',#10048,#10049);
#10048 = CARTESIAN_POINT('',(-22.605,-5.08,-5.));
#10049 = VECTOR('',#10050,1.);
#10050 = DIRECTION('',(0.,0.,1.));
#10051 = ORIENTED_EDGE('',*,*,#10052,.T.);
#10052 = EDGE_CURVE('',#10045,#10045,#10053,.T.);
#10053 = CIRCLE('',#10054,0.255);
#10054 = AXIS2_PLACEMENT_3D('',#10055,#10056,#10057);
#10055 = CARTESIAN_POINT('',(-22.86,-5.08,-5.));
#10056 = DIRECTION('',(0.,0.,1.));
#10057 = DIRECTION('',(1.,0.,-0.));
#10058 = ORIENTED_EDGE('',*,*,#10044,.T.);
#10059 = CYLINDRICAL_SURFACE('',#10060,0.255);
#10060 = AXIS2_PLACEMENT_3D('',#10061,#10062,#10063);
#10061 = CARTESIAN_POINT('',(-22.86,-5.08,-5.));
#10062 = DIRECTION('',(0.,0.,1.));
#10063 = DIRECTION('',(1.,0.,-0.));
#10064 = ADVANCED_FACE('',(#10065),#10068,.T.);
#10065 = FACE_BOUND('',#10066,.T.);
#10066 = EDGE_LOOP('',(#10067));
#10067 = ORIENTED_EDGE('',*,*,#10035,.T.);
#10068 = PLANE('',#10069);
#10069 = AXIS2_PLACEMENT_3D('',#10070,#10071,#10072);
#10070 = CARTESIAN_POINT('',(-22.86,-5.08,0.1));
#10071 = DIRECTION('',(0.,0.,1.));
#10072 = DIRECTION('',(1.,0.,-0.));
#10073 = ADVANCED_FACE('',(#10074),#10077,.F.);
#10074 = FACE_BOUND('',#10075,.T.);
#10075 = EDGE_LOOP('',(#10076));
#10076 = ORIENTED_EDGE('',*,*,#10052,.F.);
#10077 = PLANE('',#10078);
#10078 = AXIS2_PLACEMENT_3D('',#10079,#10080,#10081);
#10079 = CARTESIAN_POINT('',(-22.86,-5.08,-5.));
#10080 = DIRECTION('',(0.,0.,1.));
#10081 = DIRECTION('',(1.,0.,-0.));
#10082 = ( GEOMETRIC_REPRESENTATION_CONTEXT(3) 
GLOBAL_UNCERTAINTY_ASSIGNED_CONTEXT((#10086)) 
GLOBAL_UNIT_ASSIGNED_CONTEXT((#10083,#10084,#10085)) 
REPRESENTATION_CONTEXT('Context #1',
  '3D Context with UNIT and UNCERTAINTY') );
#10083 = ( LENGTH_UNIT() NAMED_UNIT(*) SI_UNIT(.MILLI.,.METRE.) );
#10084 = ( NAMED_UNIT(*) PLANE_ANGLE_UNIT() SI_UNIT($,.RADIAN.) );
#10085 = ( NAMED_UNIT(*) SI_UNIT($,.STERADIAN.) SOLID_ANGLE_UNIT() );
#10086 = UNCERTAINTY_MEASURE_WITH_UNIT(LENGTH_MEASURE(1.E-07),#10083,
  'distance_accuracy_value','confusion accuracy');
#10087 = CONTEXT_DEPENDENT_SHAPE_REPRESENTATION(#10088,#10090);
#10088 = ( REPRESENTATION_RELATIONSHIP('','',#10028,#6701) 
REPRESENTATION_RELATIONSHIP_WITH_TRANSFORMATION(#10089) 
SHAPE_REPRESENTATION_RELATIONSHIP() );
#10089 = ITEM_DEFINED_TRANSFORMATION('','',#11,#6874);
#10090 = PRODUCT_DEFINITION_SHAPE('Placement','Placement of an item',
  #10091);
#10091 = NEXT_ASSEMBLY_USAGE_OCCURRENCE('167','Leads071','',#6696,#10023
  ,$);
#10092 = PRODUCT_RELATED_PRODUCT_CATEGORY('part',$,(#10025));
#10093 = SHAPE_DEFINITION_REPRESENTATION(#10094,#10100);
#10094 = PRODUCT_DEFINITION_SHAPE('','',#10095);
#10095 = PRODUCT_DEFINITION('design','',#10096,#10099);
#10096 = PRODUCT_DEFINITION_FORMATION('','',#10097);
#10097 = PRODUCT('Leads072','Leads072','',(#10098));
#10098 = PRODUCT_CONTEXT('',#2,'mechanical');
#10099 = PRODUCT_DEFINITION_CONTEXT('part definition',#2,'design');
#10100 = ADVANCED_BREP_SHAPE_REPRESENTATION('',(#11,#10101),#10154);
#10101 = MANIFOLD_SOLID_BREP('',#10102);
#10102 = CLOSED_SHELL('',(#10103,#10136,#10145));
#10103 = ADVANCED_FACE('',(#10104),#10131,.T.);
#10104 = FACE_BOUND('',#10105,.T.);
#10105 = EDGE_LOOP('',(#10106,#10115,#10123,#10130));
#10106 = ORIENTED_EDGE('',*,*,#10107,.F.);
#10107 = EDGE_CURVE('',#10108,#10108,#10110,.T.);
#10108 = VERTEX_POINT('',#10109);
#10109 = CARTESIAN_POINT('',(-25.145,-5.08,0.1));
#10110 = CIRCLE('',#10111,0.255);
#10111 = AXIS2_PLACEMENT_3D('',#10112,#10113,#10114);
#10112 = CARTESIAN_POINT('',(-25.4,-5.08,0.1));
#10113 = DIRECTION('',(0.,0.,1.));
#10114 = DIRECTION('',(1.,0.,-0.));
#10115 = ORIENTED_EDGE('',*,*,#10116,.F.);
#10116 = EDGE_CURVE('',#10117,#10108,#10119,.T.);
#10117 = VERTEX_POINT('',#10118);
#10118 = CARTESIAN_POINT('',(-25.145,-5.08,-5.));
#10119 = LINE('',#10120,#10121);
#10120 = CARTESIAN_POINT('',(-25.145,-5.08,-5.));
#10121 = VECTOR('',#10122,1.);
#10122 = DIRECTION('',(0.,0.,1.));
#10123 = ORIENTED_EDGE('',*,*,#10124,.T.);
#10124 = EDGE_CURVE('',#10117,#10117,#10125,.T.);
#10125 = CIRCLE('',#10126,0.255);
#10126 = AXIS2_PLACEMENT_3D('',#10127,#10128,#10129);
#10127 = CARTESIAN_POINT('',(-25.4,-5.08,-5.));
#10128 = DIRECTION('',(0.,0.,1.));
#10129 = DIRECTION('',(1.,0.,-0.));
#10130 = ORIENTED_EDGE('',*,*,#10116,.T.);
#10131 = CYLINDRICAL_SURFACE('',#10132,0.255);
#10132 = AXIS2_PLACEMENT_3D('',#10133,#10134,#10135);
#10133 = CARTESIAN_POINT('',(-25.4,-5.08,-5.));
#10134 = DIRECTION('',(0.,0.,1.));
#10135 = DIRECTION('',(1.,0.,-0.));
#10136 = ADVANCED_FACE('',(#10137),#10140,.T.);
#10137 = FACE_BOUND('',#10138,.T.);
#10138 = EDGE_LOOP('',(#10139));
#10139 = ORIENTED_EDGE('',*,*,#10107,.T.);
#10140 = PLANE('',#10141);
#10141 = AXIS2_PLACEMENT_3D('',#10142,#10143,#10144);
#10142 = CARTESIAN_POINT('',(-25.4,-5.08,0.1));
#10143 = DIRECTION('',(0.,0.,1.));
#10144 = DIRECTION('',(1.,0.,-0.));
#10145 = ADVANCED_FACE('',(#10146),#10149,.F.);
#10146 = FACE_BOUND('',#10147,.T.);
#10147 = EDGE_LOOP('',(#10148));
#10148 = ORIENTED_EDGE('',*,*,#10124,.F.);
#10149 = PLANE('',#10150);
#10150 = AXIS2_PLACEMENT_3D('',#10151,#10152,#10153);
#10151 = CARTESIAN_POINT('',(-25.4,-5.08,-5.));
#10152 = DIRECTION('',(0.,0.,1.));
#10153 = DIRECTION('',(1.,0.,-0.));
#10154 = ( GEOMETRIC_REPRESENTATION_CONTEXT(3) 
GLOBAL_UNCERTAINTY_ASSIGNED_CONTEXT((#10158)) 
GLOBAL_UNIT_ASSIGNED_CONTEXT((#10155,#10156,#10157)) 
REPRESENTATION_CONTEXT('Context #1',
  '3D Context with UNIT and UNCERTAINTY') );
#10155 = ( LENGTH_UNIT() NAMED_UNIT(*) SI_UNIT(.MILLI.,.METRE.) );
#10156 = ( NAMED_UNIT(*) PLANE_ANGLE_UNIT() SI_UNIT($,.RADIAN.) );
#10157 = ( NAMED_UNIT(*) SI_UNIT($,.STERADIAN.) SOLID_ANGLE_UNIT() );
#10158 = UNCERTAINTY_MEASURE_WITH_UNIT(LENGTH_MEASURE(1.E-07),#10155,
  'distance_accuracy_value','confusion accuracy');
#10159 = CONTEXT_DEPENDENT_SHAPE_REPRESENTATION(#10160,#10162);
#10160 = ( REPRESENTATION_RELATIONSHIP('','',#10100,#6701) 
REPRESENTATION_RELATIONSHIP_WITH_TRANSFORMATION(#10161) 
SHAPE_REPRESENTATION_RELATIONSHIP() );
#10161 = ITEM_DEFINED_TRANSFORMATION('','',#11,#6878);
#10162 = PRODUCT_DEFINITION_SHAPE('Placement','Placement of an item',
  #10163);
#10163 = NEXT_ASSEMBLY_USAGE_OCCURRENCE('168','Leads072','',#6696,#10095
  ,$);
#10164 = PRODUCT_RELATED_PRODUCT_CATEGORY('part',$,(#10097));
#10165 = SHAPE_DEFINITION_REPRESENTATION(#10166,#10172);
#10166 = PRODUCT_DEFINITION_SHAPE('','',#10167);
#10167 = PRODUCT_DEFINITION('design','',#10168,#10171);
#10168 = PRODUCT_DEFINITION_FORMATION('','',#10169);
#10169 = PRODUCT('Leads073','Leads073','',(#10170));
#10170 = PRODUCT_CONTEXT('',#2,'mechanical');
#10171 = PRODUCT_DEFINITION_CONTEXT('part definition',#2,'design');
#10172 = ADVANCED_BREP_SHAPE_REPRESENTATION('',(#11,#10173),#10226);
#10173 = MANIFOLD_SOLID_BREP('',#10174);
#10174 = CLOSED_SHELL('',(#10175,#10208,#10217));
#10175 = ADVANCED_FACE('',(#10176),#10203,.T.);
#10176 = FACE_BOUND('',#10177,.T.);
#10177 = EDGE_LOOP('',(#10178,#10187,#10195,#10202));
#10178 = ORIENTED_EDGE('',*,*,#10179,.F.);
#10179 = EDGE_CURVE('',#10180,#10180,#10182,.T.);
#10180 = VERTEX_POINT('',#10181);
#10181 = CARTESIAN_POINT('',(-27.685,-5.08,0.1));
#10182 = CIRCLE('',#10183,0.255);
#10183 = AXIS2_PLACEMENT_3D('',#10184,#10185,#10186);
#10184 = CARTESIAN_POINT('',(-27.94,-5.08,0.1));
#10185 = DIRECTION('',(0.,0.,1.));
#10186 = DIRECTION('',(1.,0.,-0.));
#10187 = ORIENTED_EDGE('',*,*,#10188,.F.);
#10188 = EDGE_CURVE('',#10189,#10180,#10191,.T.);
#10189 = VERTEX_POINT('',#10190);
#10190 = CARTESIAN_POINT('',(-27.685,-5.08,-5.));
#10191 = LINE('',#10192,#10193);
#10192 = CARTESIAN_POINT('',(-27.685,-5.08,-5.));
#10193 = VECTOR('',#10194,1.);
#10194 = DIRECTION('',(0.,0.,1.));
#10195 = ORIENTED_EDGE('',*,*,#10196,.T.);
#10196 = EDGE_CURVE('',#10189,#10189,#10197,.T.);
#10197 = CIRCLE('',#10198,0.255);
#10198 = AXIS2_PLACEMENT_3D('',#10199,#10200,#10201);
#10199 = CARTESIAN_POINT('',(-27.94,-5.08,-5.));
#10200 = DIRECTION('',(0.,0.,1.));
#10201 = DIRECTION('',(1.,0.,-0.));
#10202 = ORIENTED_EDGE('',*,*,#10188,.T.);
#10203 = CYLINDRICAL_SURFACE('',#10204,0.255);
#10204 = AXIS2_PLACEMENT_3D('',#10205,#10206,#10207);
#10205 = CARTESIAN_POINT('',(-27.94,-5.08,-5.));
#10206 = DIRECTION('',(0.,0.,1.));
#10207 = DIRECTION('',(1.,0.,-0.));
#10208 = ADVANCED_FACE('',(#10209),#10212,.T.);
#10209 = FACE_BOUND('',#10210,.T.);
#10210 = EDGE_LOOP('',(#10211));
#10211 = ORIENTED_EDGE('',*,*,#10179,.T.);
#10212 = PLANE('',#10213);
#10213 = AXIS2_PLACEMENT_3D('',#10214,#10215,#10216);
#10214 = CARTESIAN_POINT('',(-27.94,-5.08,0.1));
#10215 = DIRECTION('',(0.,0.,1.));
#10216 = DIRECTION('',(1.,0.,-0.));
#10217 = ADVANCED_FACE('',(#10218),#10221,.F.);
#10218 = FACE_BOUND('',#10219,.T.);
#10219 = EDGE_LOOP('',(#10220));
#10220 = ORIENTED_EDGE('',*,*,#10196,.F.);
#10221 = PLANE('',#10222);
#10222 = AXIS2_PLACEMENT_3D('',#10223,#10224,#10225);
#10223 = CARTESIAN_POINT('',(-27.94,-5.08,-5.));
#10224 = DIRECTION('',(0.,0.,1.));
#10225 = DIRECTION('',(1.,0.,-0.));
#10226 = ( GEOMETRIC_REPRESENTATION_CONTEXT(3) 
GLOBAL_UNCERTAINTY_ASSIGNED_CONTEXT((#10230)) 
GLOBAL_UNIT_ASSIGNED_CONTEXT((#10227,#10228,#10229)) 
REPRESENTATION_CONTEXT('Context #1',
  '3D Context with UNIT and UNCERTAINTY') );
#10227 = ( LENGTH_UNIT() NAMED_UNIT(*) SI_UNIT(.MILLI.,.METRE.) );
#10228 = ( NAMED_UNIT(*) PLANE_ANGLE_UNIT() SI_UNIT($,.RADIAN.) );
#10229 = ( NAMED_UNIT(*) SI_UNIT($,.STERADIAN.) SOLID_ANGLE_UNIT() );
#10230 = UNCERTAINTY_MEASURE_WITH_UNIT(LENGTH_MEASURE(1.E-07),#10227,
  'distance_accuracy_value','confusion accuracy');
#10231 = CONTEXT_DEPENDENT_SHAPE_REPRESENTATION(#10232,#10234);
#10232 = ( REPRESENTATION_RELATIONSHIP('','',#10172,#6701) 
REPRESENTATION_RELATIONSHIP_WITH_TRANSFORMATION(#10233) 
SHAPE_REPRESENTATION_RELATIONSHIP() );
#10233 = ITEM_DEFINED_TRANSFORMATION('','',#11,#6882);
#10234 = PRODUCT_DEFINITION_SHAPE('Placement','Placement of an item',
  #10235);
#10235 = NEXT_ASSEMBLY_USAGE_OCCURRENCE('169','Leads073','',#6696,#10167
  ,$);
#10236 = PRODUCT_RELATED_PRODUCT_CATEGORY('part',$,(#10169));
#10237 = SHAPE_DEFINITION_REPRESENTATION(#10238,#10244);
#10238 = PRODUCT_DEFINITION_SHAPE('','',#10239);
#10239 = PRODUCT_DEFINITION('design','',#10240,#10243);
#10240 = PRODUCT_DEFINITION_FORMATION('','',#10241);
#10241 = PRODUCT('Leads074','Leads074','',(#10242));
#10242 = PRODUCT_CONTEXT('',#2,'mechanical');
#10243 = PRODUCT_DEFINITION_CONTEXT('part definition',#2,'design');
#10244 = ADVANCED_BREP_SHAPE_REPRESENTATION('',(#11,#10245),#10298);
#10245 = MANIFOLD_SOLID_BREP('',#10246);
#10246 = CLOSED_SHELL('',(#10247,#10280,#10289));
#10247 = ADVANCED_FACE('',(#10248),#10275,.T.);
#10248 = FACE_BOUND('',#10249,.T.);
#10249 = EDGE_LOOP('',(#10250,#10259,#10267,#10274));
#10250 = ORIENTED_EDGE('',*,*,#10251,.F.);
#10251 = EDGE_CURVE('',#10252,#10252,#10254,.T.);
#10252 = VERTEX_POINT('',#10253);
#10253 = CARTESIAN_POINT('',(-30.225,-5.08,0.1));
#10254 = CIRCLE('',#10255,0.255);
#10255 = AXIS2_PLACEMENT_3D('',#10256,#10257,#10258);
#10256 = CARTESIAN_POINT('',(-30.48,-5.08,0.1));
#10257 = DIRECTION('',(0.,0.,1.));
#10258 = DIRECTION('',(1.,0.,-0.));
#10259 = ORIENTED_EDGE('',*,*,#10260,.F.);
#10260 = EDGE_CURVE('',#10261,#10252,#10263,.T.);
#10261 = VERTEX_POINT('',#10262);
#10262 = CARTESIAN_POINT('',(-30.225,-5.08,-5.));
#10263 = LINE('',#10264,#10265);
#10264 = CARTESIAN_POINT('',(-30.225,-5.08,-5.));
#10265 = VECTOR('',#10266,1.);
#10266 = DIRECTION('',(0.,0.,1.));
#10267 = ORIENTED_EDGE('',*,*,#10268,.T.);
#10268 = EDGE_CURVE('',#10261,#10261,#10269,.T.);
#10269 = CIRCLE('',#10270,0.255);
#10270 = AXIS2_PLACEMENT_3D('',#10271,#10272,#10273);
#10271 = CARTESIAN_POINT('',(-30.48,-5.08,-5.));
#10272 = DIRECTION('',(0.,0.,1.));
#10273 = DIRECTION('',(1.,0.,-0.));
#10274 = ORIENTED_EDGE('',*,*,#10260,.T.);
#10275 = CYLINDRICAL_SURFACE('',#10276,0.255);
#10276 = AXIS2_PLACEMENT_3D('',#10277,#10278,#10279);
#10277 = CARTESIAN_POINT('',(-30.48,-5.08,-5.));
#10278 = DIRECTION('',(0.,0.,1.));
#10279 = DIRECTION('',(1.,0.,-0.));
#10280 = ADVANCED_FACE('',(#10281),#10284,.T.);
#10281 = FACE_BOUND('',#10282,.T.);
#10282 = EDGE_LOOP('',(#10283));
#10283 = ORIENTED_EDGE('',*,*,#10251,.T.);
#10284 = PLANE('',#10285);
#10285 = AXIS2_PLACEMENT_3D('',#10286,#10287,#10288);
#10286 = CARTESIAN_POINT('',(-30.48,-5.08,0.1));
#10287 = DIRECTION('',(0.,0.,1.));
#10288 = DIRECTION('',(1.,0.,-0.));
#10289 = ADVANCED_FACE('',(#10290),#10293,.F.);
#10290 = FACE_BOUND('',#10291,.T.);
#10291 = EDGE_LOOP('',(#10292));
#10292 = ORIENTED_EDGE('',*,*,#10268,.F.);
#10293 = PLANE('',#10294);
#10294 = AXIS2_PLACEMENT_3D('',#10295,#10296,#10297);
#10295 = CARTESIAN_POINT('',(-30.48,-5.08,-5.));
#10296 = DIRECTION('',(0.,0.,1.));
#10297 = DIRECTION('',(1.,0.,-0.));
#10298 = ( GEOMETRIC_REPRESENTATION_CONTEXT(3) 
GLOBAL_UNCERTAINTY_ASSIGNED_CONTEXT((#10302)) 
GLOBAL_UNIT_ASSIGNED_CONTEXT((#10299,#10300,#10301)) 
REPRESENTATION_CONTEXT('Context #1',
  '3D Context with UNIT and UNCERTAINTY') );
#10299 = ( LENGTH_UNIT() NAMED_UNIT(*) SI_UNIT(.MILLI.,.METRE.) );
#10300 = ( NAMED_UNIT(*) PLANE_ANGLE_UNIT() SI_UNIT($,.RADIAN.) );
#10301 = ( NAMED_UNIT(*) SI_UNIT($,.STERADIAN.) SOLID_ANGLE_UNIT() );
#10302 = UNCERTAINTY_MEASURE_WITH_UNIT(LENGTH_MEASURE(1.E-07),#10299,
  'distance_accuracy_value','confusion accuracy');
#10303 = CONTEXT_DEPENDENT_SHAPE_REPRESENTATION(#10304,#10306);
#10304 = ( REPRESENTATION_RELATIONSHIP('','',#10244,#6701) 
REPRESENTATION_RELATIONSHIP_WITH_TRANSFORMATION(#10305) 
SHAPE_REPRESENTATION_RELATIONSHIP() );
#10305 = ITEM_DEFINED_TRANSFORMATION('','',#11,#6886);
#10306 = PRODUCT_DEFINITION_SHAPE('Placement','Placement of an item',
  #10307);
#10307 = NEXT_ASSEMBLY_USAGE_OCCURRENCE('170','Leads074','',#6696,#10239
  ,$);
#10308 = PRODUCT_RELATED_PRODUCT_CATEGORY('part',$,(#10241));
#10309 = SHAPE_DEFINITION_REPRESENTATION(#10310,#10316);
#10310 = PRODUCT_DEFINITION_SHAPE('','',#10311);
#10311 = PRODUCT_DEFINITION('design','',#10312,#10315);
#10312 = PRODUCT_DEFINITION_FORMATION('','',#10313);
#10313 = PRODUCT('Leads075','Leads075','',(#10314));
#10314 = PRODUCT_CONTEXT('',#2,'mechanical');
#10315 = PRODUCT_DEFINITION_CONTEXT('part definition',#2,'design');
#10316 = ADVANCED_BREP_SHAPE_REPRESENTATION('',(#11,#10317),#10370);
#10317 = MANIFOLD_SOLID_BREP('',#10318);
#10318 = CLOSED_SHELL('',(#10319,#10352,#10361));
#10319 = ADVANCED_FACE('',(#10320),#10347,.T.);
#10320 = FACE_BOUND('',#10321,.T.);
#10321 = EDGE_LOOP('',(#10322,#10331,#10339,#10346));
#10322 = ORIENTED_EDGE('',*,*,#10323,.F.);
#10323 = EDGE_CURVE('',#10324,#10324,#10326,.T.);
#10324 = VERTEX_POINT('',#10325);
#10325 = CARTESIAN_POINT('',(-32.765,-5.08,0.1));
#10326 = CIRCLE('',#10327,0.255);
#10327 = AXIS2_PLACEMENT_3D('',#10328,#10329,#10330);
#10328 = CARTESIAN_POINT('',(-33.02,-5.08,0.1));
#10329 = DIRECTION('',(0.,0.,1.));
#10330 = DIRECTION('',(1.,0.,-0.));
#10331 = ORIENTED_EDGE('',*,*,#10332,.F.);
#10332 = EDGE_CURVE('',#10333,#10324,#10335,.T.);
#10333 = VERTEX_POINT('',#10334);
#10334 = CARTESIAN_POINT('',(-32.765,-5.08,-5.));
#10335 = LINE('',#10336,#10337);
#10336 = CARTESIAN_POINT('',(-32.765,-5.08,-5.));
#10337 = VECTOR('',#10338,1.);
#10338 = DIRECTION('',(0.,0.,1.));
#10339 = ORIENTED_EDGE('',*,*,#10340,.T.);
#10340 = EDGE_CURVE('',#10333,#10333,#10341,.T.);
#10341 = CIRCLE('',#10342,0.255);
#10342 = AXIS2_PLACEMENT_3D('',#10343,#10344,#10345);
#10343 = CARTESIAN_POINT('',(-33.02,-5.08,-5.));
#10344 = DIRECTION('',(0.,0.,1.));
#10345 = DIRECTION('',(1.,0.,-0.));
#10346 = ORIENTED_EDGE('',*,*,#10332,.T.);
#10347 = CYLINDRICAL_SURFACE('',#10348,0.255);
#10348 = AXIS2_PLACEMENT_3D('',#10349,#10350,#10351);
#10349 = CARTESIAN_POINT('',(-33.02,-5.08,-5.));
#10350 = DIRECTION('',(0.,0.,1.));
#10351 = DIRECTION('',(1.,0.,-0.));
#10352 = ADVANCED_FACE('',(#10353),#10356,.T.);
#10353 = FACE_BOUND('',#10354,.T.);
#10354 = EDGE_LOOP('',(#10355));
#10355 = ORIENTED_EDGE('',*,*,#10323,.T.);
#10356 = PLANE('',#10357);
#10357 = AXIS2_PLACEMENT_3D('',#10358,#10359,#10360);
#10358 = CARTESIAN_POINT('',(-33.02,-5.08,0.1));
#10359 = DIRECTION('',(0.,0.,1.));
#10360 = DIRECTION('',(1.,0.,-0.));
#10361 = ADVANCED_FACE('',(#10362),#10365,.F.);
#10362 = FACE_BOUND('',#10363,.T.);
#10363 = EDGE_LOOP('',(#10364));
#10364 = ORIENTED_EDGE('',*,*,#10340,.F.);
#10365 = PLANE('',#10366);
#10366 = AXIS2_PLACEMENT_3D('',#10367,#10368,#10369);
#10367 = CARTESIAN_POINT('',(-33.02,-5.08,-5.));
#10368 = DIRECTION('',(0.,0.,1.));
#10369 = DIRECTION('',(1.,0.,-0.));
#10370 = ( GEOMETRIC_REPRESENTATION_CONTEXT(3) 
GLOBAL_UNCERTAINTY_ASSIGNED_CONTEXT((#10374)) 
GLOBAL_UNIT_ASSIGNED_CONTEXT((#10371,#10372,#10373)) 
REPRESENTATION_CONTEXT('Context #1',
  '3D Context with UNIT and UNCERTAINTY') );
#10371 = ( LENGTH_UNIT() NAMED_UNIT(*) SI_UNIT(.MILLI.,.METRE.) );
#10372 = ( NAMED_UNIT(*) PLANE_ANGLE_UNIT() SI_UNIT($,.RADIAN.) );
#10373 = ( NAMED_UNIT(*) SI_UNIT($,.STERADIAN.) SOLID_ANGLE_UNIT() );
#10374 = UNCERTAINTY_MEASURE_WITH_UNIT(LENGTH_MEASURE(1.E-07),#10371,
  'distance_accuracy_value','confusion accuracy');
#10375 = CONTEXT_DEPENDENT_SHAPE_REPRESENTATION(#10376,#10378);
#10376 = ( REPRESENTATION_RELATIONSHIP('','',#10316,#6701) 
REPRESENTATION_RELATIONSHIP_WITH_TRANSFORMATION(#10377) 
SHAPE_REPRESENTATION_RELATIONSHIP() );
#10377 = ITEM_DEFINED_TRANSFORMATION('','',#11,#6890);
#10378 = PRODUCT_DEFINITION_SHAPE('Placement','Placement of an item',
  #10379);
#10379 = NEXT_ASSEMBLY_USAGE_OCCURRENCE('171','Leads075','',#6696,#10311
  ,$);
#10380 = PRODUCT_RELATED_PRODUCT_CATEGORY('part',$,(#10313));
#10381 = SHAPE_DEFINITION_REPRESENTATION(#10382,#10388);
#10382 = PRODUCT_DEFINITION_SHAPE('','',#10383);
#10383 = PRODUCT_DEFINITION('design','',#10384,#10387);
#10384 = PRODUCT_DEFINITION_FORMATION('','',#10385);
#10385 = PRODUCT('Leads076','Leads076','',(#10386));
#10386 = PRODUCT_CONTEXT('',#2,'mechanical');
#10387 = PRODUCT_DEFINITION_CONTEXT('part definition',#2,'design');
#10388 = ADVANCED_BREP_SHAPE_REPRESENTATION('',(#11,#10389),#10442);
#10389 = MANIFOLD_SOLID_BREP('',#10390);
#10390 = CLOSED_SHELL('',(#10391,#10424,#10433));
#10391 = ADVANCED_FACE('',(#10392),#10419,.T.);
#10392 = FACE_BOUND('',#10393,.T.);
#10393 = EDGE_LOOP('',(#10394,#10403,#10411,#10418));
#10394 = ORIENTED_EDGE('',*,*,#10395,.F.);
#10395 = EDGE_CURVE('',#10396,#10396,#10398,.T.);
#10396 = VERTEX_POINT('',#10397);
#10397 = CARTESIAN_POINT('',(-35.305,-5.08,0.1));
#10398 = CIRCLE('',#10399,0.255);
#10399 = AXIS2_PLACEMENT_3D('',#10400,#10401,#10402);
#10400 = CARTESIAN_POINT('',(-35.56,-5.08,0.1));
#10401 = DIRECTION('',(0.,0.,1.));
#10402 = DIRECTION('',(1.,0.,-0.));
#10403 = ORIENTED_EDGE('',*,*,#10404,.F.);
#10404 = EDGE_CURVE('',#10405,#10396,#10407,.T.);
#10405 = VERTEX_POINT('',#10406);
#10406 = CARTESIAN_POINT('',(-35.305,-5.08,-5.));
#10407 = LINE('',#10408,#10409);
#10408 = CARTESIAN_POINT('',(-35.305,-5.08,-5.));
#10409 = VECTOR('',#10410,1.);
#10410 = DIRECTION('',(0.,0.,1.));
#10411 = ORIENTED_EDGE('',*,*,#10412,.T.);
#10412 = EDGE_CURVE('',#10405,#10405,#10413,.T.);
#10413 = CIRCLE('',#10414,0.255);
#10414 = AXIS2_PLACEMENT_3D('',#10415,#10416,#10417);
#10415 = CARTESIAN_POINT('',(-35.56,-5.08,-5.));
#10416 = DIRECTION('',(0.,0.,1.));
#10417 = DIRECTION('',(1.,0.,-0.));
#10418 = ORIENTED_EDGE('',*,*,#10404,.T.);
#10419 = CYLINDRICAL_SURFACE('',#10420,0.255);
#10420 = AXIS2_PLACEMENT_3D('',#10421,#10422,#10423);
#10421 = CARTESIAN_POINT('',(-35.56,-5.08,-5.));
#10422 = DIRECTION('',(0.,0.,1.));
#10423 = DIRECTION('',(1.,0.,-0.));
#10424 = ADVANCED_FACE('',(#10425),#10428,.T.);
#10425 = FACE_BOUND('',#10426,.T.);
#10426 = EDGE_LOOP('',(#10427));
#10427 = ORIENTED_EDGE('',*,*,#10395,.T.);
#10428 = PLANE('',#10429);
#10429 = AXIS2_PLACEMENT_3D('',#10430,#10431,#10432);
#10430 = CARTESIAN_POINT('',(-35.56,-5.08,0.1));
#10431 = DIRECTION('',(0.,0.,1.));
#10432 = DIRECTION('',(1.,0.,-0.));
#10433 = ADVANCED_FACE('',(#10434),#10437,.F.);
#10434 = FACE_BOUND('',#10435,.T.);
#10435 = EDGE_LOOP('',(#10436));
#10436 = ORIENTED_EDGE('',*,*,#10412,.F.);
#10437 = PLANE('',#10438);
#10438 = AXIS2_PLACEMENT_3D('',#10439,#10440,#10441);
#10439 = CARTESIAN_POINT('',(-35.56,-5.08,-5.));
#10440 = DIRECTION('',(0.,0.,1.));
#10441 = DIRECTION('',(1.,0.,-0.));
#10442 = ( GEOMETRIC_REPRESENTATION_CONTEXT(3) 
GLOBAL_UNCERTAINTY_ASSIGNED_CONTEXT((#10446)) 
GLOBAL_UNIT_ASSIGNED_CONTEXT((#10443,#10444,#10445)) 
REPRESENTATION_CONTEXT('Context #1',
  '3D Context with UNIT and UNCERTAINTY') );
#10443 = ( LENGTH_UNIT() NAMED_UNIT(*) SI_UNIT(.MILLI.,.METRE.) );
#10444 = ( NAMED_UNIT(*) PLANE_ANGLE_UNIT() SI_UNIT($,.RADIAN.) );
#10445 = ( NAMED_UNIT(*) SI_UNIT($,.STERADIAN.) SOLID_ANGLE_UNIT() );
#10446 = UNCERTAINTY_MEASURE_WITH_UNIT(LENGTH_MEASURE(1.E-07),#10443,
  'distance_accuracy_value','confusion accuracy');
#10447 = CONTEXT_DEPENDENT_SHAPE_REPRESENTATION(#10448,#10450);
#10448 = ( REPRESENTATION_RELATIONSHIP('','',#10388,#6701) 
REPRESENTATION_RELATIONSHIP_WITH_TRANSFORMATION(#10449) 
SHAPE_REPRESENTATION_RELATIONSHIP() );
#10449 = ITEM_DEFINED_TRANSFORMATION('','',#11,#6894);
#10450 = PRODUCT_DEFINITION_SHAPE('Placement','Placement of an item',
  #10451);
#10451 = NEXT_ASSEMBLY_USAGE_OCCURRENCE('172','Leads076','',#6696,#10383
  ,$);
#10452 = PRODUCT_RELATED_PRODUCT_CATEGORY('part',$,(#10385));
#10453 = SHAPE_DEFINITION_REPRESENTATION(#10454,#10460);
#10454 = PRODUCT_DEFINITION_SHAPE('','',#10455);
#10455 = PRODUCT_DEFINITION('design','',#10456,#10459);
#10456 = PRODUCT_DEFINITION_FORMATION('','',#10457);
#10457 = PRODUCT('Leads077','Leads077','',(#10458));
#10458 = PRODUCT_CONTEXT('',#2,'mechanical');
#10459 = PRODUCT_DEFINITION_CONTEXT('part definition',#2,'design');
#10460 = ADVANCED_BREP_SHAPE_REPRESENTATION('',(#11,#10461),#10514);
#10461 = MANIFOLD_SOLID_BREP('',#10462);
#10462 = CLOSED_SHELL('',(#10463,#10496,#10505));
#10463 = ADVANCED_FACE('',(#10464),#10491,.T.);
#10464 = FACE_BOUND('',#10465,.T.);
#10465 = EDGE_LOOP('',(#10466,#10475,#10483,#10490));
#10466 = ORIENTED_EDGE('',*,*,#10467,.F.);
#10467 = EDGE_CURVE('',#10468,#10468,#10470,.T.);
#10468 = VERTEX_POINT('',#10469);
#10469 = CARTESIAN_POINT('',(-37.845,-5.08,0.1));
#10470 = CIRCLE('',#10471,0.255);
#10471 = AXIS2_PLACEMENT_3D('',#10472,#10473,#10474);
#10472 = CARTESIAN_POINT('',(-38.1,-5.08,0.1));
#10473 = DIRECTION('',(0.,0.,1.));
#10474 = DIRECTION('',(1.,0.,-0.));
#10475 = ORIENTED_EDGE('',*,*,#10476,.F.);
#10476 = EDGE_CURVE('',#10477,#10468,#10479,.T.);
#10477 = VERTEX_POINT('',#10478);
#10478 = CARTESIAN_POINT('',(-37.845,-5.08,-5.));
#10479 = LINE('',#10480,#10481);
#10480 = CARTESIAN_POINT('',(-37.845,-5.08,-5.));
#10481 = VECTOR('',#10482,1.);
#10482 = DIRECTION('',(0.,0.,1.));
#10483 = ORIENTED_EDGE('',*,*,#10484,.T.);
#10484 = EDGE_CURVE('',#10477,#10477,#10485,.T.);
#10485 = CIRCLE('',#10486,0.255);
#10486 = AXIS2_PLACEMENT_3D('',#10487,#10488,#10489);
#10487 = CARTESIAN_POINT('',(-38.1,-5.08,-5.));
#10488 = DIRECTION('',(0.,0.,1.));
#10489 = DIRECTION('',(1.,0.,-0.));
#10490 = ORIENTED_EDGE('',*,*,#10476,.T.);
#10491 = CYLINDRICAL_SURFACE('',#10492,0.255);
#10492 = AXIS2_PLACEMENT_3D('',#10493,#10494,#10495);
#10493 = CARTESIAN_POINT('',(-38.1,-5.08,-5.));
#10494 = DIRECTION('',(0.,0.,1.));
#10495 = DIRECTION('',(1.,0.,-0.));
#10496 = ADVANCED_FACE('',(#10497),#10500,.T.);
#10497 = FACE_BOUND('',#10498,.T.);
#10498 = EDGE_LOOP('',(#10499));
#10499 = ORIENTED_EDGE('',*,*,#10467,.T.);
#10500 = PLANE('',#10501);
#10501 = AXIS2_PLACEMENT_3D('',#10502,#10503,#10504);
#10502 = CARTESIAN_POINT('',(-38.1,-5.08,0.1));
#10503 = DIRECTION('',(0.,0.,1.));
#10504 = DIRECTION('',(1.,0.,-0.));
#10505 = ADVANCED_FACE('',(#10506),#10509,.F.);
#10506 = FACE_BOUND('',#10507,.T.);
#10507 = EDGE_LOOP('',(#10508));
#10508 = ORIENTED_EDGE('',*,*,#10484,.F.);
#10509 = PLANE('',#10510);
#10510 = AXIS2_PLACEMENT_3D('',#10511,#10512,#10513);
#10511 = CARTESIAN_POINT('',(-38.1,-5.08,-5.));
#10512 = DIRECTION('',(0.,0.,1.));
#10513 = DIRECTION('',(1.,0.,-0.));
#10514 = ( GEOMETRIC_REPRESENTATION_CONTEXT(3) 
GLOBAL_UNCERTAINTY_ASSIGNED_CONTEXT((#10518)) 
GLOBAL_UNIT_ASSIGNED_CONTEXT((#10515,#10516,#10517)) 
REPRESENTATION_CONTEXT('Context #1',
  '3D Context with UNIT and UNCERTAINTY') );
#10515 = ( LENGTH_UNIT() NAMED_UNIT(*) SI_UNIT(.MILLI.,.METRE.) );
#10516 = ( NAMED_UNIT(*) PLANE_ANGLE_UNIT() SI_UNIT($,.RADIAN.) );
#10517 = ( NAMED_UNIT(*) SI_UNIT($,.STERADIAN.) SOLID_ANGLE_UNIT() );
#10518 = UNCERTAINTY_MEASURE_WITH_UNIT(LENGTH_MEASURE(1.E-07),#10515,
  'distance_accuracy_value','confusion accuracy');
#10519 = CONTEXT_DEPENDENT_SHAPE_REPRESENTATION(#10520,#10522);
#10520 = ( REPRESENTATION_RELATIONSHIP('','',#10460,#6701) 
REPRESENTATION_RELATIONSHIP_WITH_TRANSFORMATION(#10521) 
SHAPE_REPRESENTATION_RELATIONSHIP() );
#10521 = ITEM_DEFINED_TRANSFORMATION('','',#11,#6898);
#10522 = PRODUCT_DEFINITION_SHAPE('Placement','Placement of an item',
  #10523);
#10523 = NEXT_ASSEMBLY_USAGE_OCCURRENCE('173','Leads077','',#6696,#10455
  ,$);
#10524 = PRODUCT_RELATED_PRODUCT_CATEGORY('part',$,(#10457));
#10525 = SHAPE_DEFINITION_REPRESENTATION(#10526,#10532);
#10526 = PRODUCT_DEFINITION_SHAPE('','',#10527);
#10527 = PRODUCT_DEFINITION('design','',#10528,#10531);
#10528 = PRODUCT_DEFINITION_FORMATION('','',#10529);
#10529 = PRODUCT('Leads078','Leads078','',(#10530));
#10530 = PRODUCT_CONTEXT('',#2,'mechanical');
#10531 = PRODUCT_DEFINITION_CONTEXT('part definition',#2,'design');
#10532 = ADVANCED_BREP_SHAPE_REPRESENTATION('',(#11,#10533),#10586);
#10533 = MANIFOLD_SOLID_BREP('',#10534);
#10534 = CLOSED_SHELL('',(#10535,#10568,#10577));
#10535 = ADVANCED_FACE('',(#10536),#10563,.T.);
#10536 = FACE_BOUND('',#10537,.T.);
#10537 = EDGE_LOOP('',(#10538,#10547,#10555,#10562));
#10538 = ORIENTED_EDGE('',*,*,#10539,.F.);
#10539 = EDGE_CURVE('',#10540,#10540,#10542,.T.);
#10540 = VERTEX_POINT('',#10541);
#10541 = CARTESIAN_POINT('',(-40.385,-5.08,0.1));
#10542 = CIRCLE('',#10543,0.255);
#10543 = AXIS2_PLACEMENT_3D('',#10544,#10545,#10546);
#10544 = CARTESIAN_POINT('',(-40.64,-5.08,0.1));
#10545 = DIRECTION('',(0.,0.,1.));
#10546 = DIRECTION('',(1.,0.,-0.));
#10547 = ORIENTED_EDGE('',*,*,#10548,.F.);
#10548 = EDGE_CURVE('',#10549,#10540,#10551,.T.);
#10549 = VERTEX_POINT('',#10550);
#10550 = CARTESIAN_POINT('',(-40.385,-5.08,-5.));
#10551 = LINE('',#10552,#10553);
#10552 = CARTESIAN_POINT('',(-40.385,-5.08,-5.));
#10553 = VECTOR('',#10554,1.);
#10554 = DIRECTION('',(0.,0.,1.));
#10555 = ORIENTED_EDGE('',*,*,#10556,.T.);
#10556 = EDGE_CURVE('',#10549,#10549,#10557,.T.);
#10557 = CIRCLE('',#10558,0.255);
#10558 = AXIS2_PLACEMENT_3D('',#10559,#10560,#10561);
#10559 = CARTESIAN_POINT('',(-40.64,-5.08,-5.));
#10560 = DIRECTION('',(0.,0.,1.));
#10561 = DIRECTION('',(1.,0.,-0.));
#10562 = ORIENTED_EDGE('',*,*,#10548,.T.);
#10563 = CYLINDRICAL_SURFACE('',#10564,0.255);
#10564 = AXIS2_PLACEMENT_3D('',#10565,#10566,#10567);
#10565 = CARTESIAN_POINT('',(-40.64,-5.08,-5.));
#10566 = DIRECTION('',(0.,0.,1.));
#10567 = DIRECTION('',(1.,0.,-0.));
#10568 = ADVANCED_FACE('',(#10569),#10572,.T.);
#10569 = FACE_BOUND('',#10570,.T.);
#10570 = EDGE_LOOP('',(#10571));
#10571 = ORIENTED_EDGE('',*,*,#10539,.T.);
#10572 = PLANE('',#10573);
#10573 = AXIS2_PLACEMENT_3D('',#10574,#10575,#10576);
#10574 = CARTESIAN_POINT('',(-40.64,-5.08,0.1));
#10575 = DIRECTION('',(0.,0.,1.));
#10576 = DIRECTION('',(1.,0.,-0.));
#10577 = ADVANCED_FACE('',(#10578),#10581,.F.);
#10578 = FACE_BOUND('',#10579,.T.);
#10579 = EDGE_LOOP('',(#10580));
#10580 = ORIENTED_EDGE('',*,*,#10556,.F.);
#10581 = PLANE('',#10582);
#10582 = AXIS2_PLACEMENT_3D('',#10583,#10584,#10585);
#10583 = CARTESIAN_POINT('',(-40.64,-5.08,-5.));
#10584 = DIRECTION('',(0.,0.,1.));
#10585 = DIRECTION('',(1.,0.,-0.));
#10586 = ( GEOMETRIC_REPRESENTATION_CONTEXT(3) 
GLOBAL_UNCERTAINTY_ASSIGNED_CONTEXT((#10590)) 
GLOBAL_UNIT_ASSIGNED_CONTEXT((#10587,#10588,#10589)) 
REPRESENTATION_CONTEXT('Context #1',
  '3D Context with UNIT and UNCERTAINTY') );
#10587 = ( LENGTH_UNIT() NAMED_UNIT(*) SI_UNIT(.MILLI.,.METRE.) );
#10588 = ( NAMED_UNIT(*) PLANE_ANGLE_UNIT() SI_UNIT($,.RADIAN.) );
#10589 = ( NAMED_UNIT(*) SI_UNIT($,.STERADIAN.) SOLID_ANGLE_UNIT() );
#10590 = UNCERTAINTY_MEASURE_WITH_UNIT(LENGTH_MEASURE(1.E-07),#10587,
  'distance_accuracy_value','confusion accuracy');
#10591 = CONTEXT_DEPENDENT_SHAPE_REPRESENTATION(#10592,#10594);
#10592 = ( REPRESENTATION_RELATIONSHIP('','',#10532,#6701) 
REPRESENTATION_RELATIONSHIP_WITH_TRANSFORMATION(#10593) 
SHAPE_REPRESENTATION_RELATIONSHIP() );
#10593 = ITEM_DEFINED_TRANSFORMATION('','',#11,#6902);
#10594 = PRODUCT_DEFINITION_SHAPE('Placement','Placement of an item',
  #10595);
#10595 = NEXT_ASSEMBLY_USAGE_OCCURRENCE('174','Leads078','',#6696,#10527
  ,$);
#10596 = PRODUCT_RELATED_PRODUCT_CATEGORY('part',$,(#10529));
#10597 = SHAPE_DEFINITION_REPRESENTATION(#10598,#10604);
#10598 = PRODUCT_DEFINITION_SHAPE('','',#10599);
#10599 = PRODUCT_DEFINITION('design','',#10600,#10603);
#10600 = PRODUCT_DEFINITION_FORMATION('','',#10601);
#10601 = PRODUCT('Leads079','Leads079','',(#10602));
#10602 = PRODUCT_CONTEXT('',#2,'mechanical');
#10603 = PRODUCT_DEFINITION_CONTEXT('part definition',#2,'design');
#10604 = ADVANCED_BREP_SHAPE_REPRESENTATION('',(#11,#10605),#10658);
#10605 = MANIFOLD_SOLID_BREP('',#10606);
#10606 = CLOSED_SHELL('',(#10607,#10640,#10649));
#10607 = ADVANCED_FACE('',(#10608),#10635,.T.);
#10608 = FACE_BOUND('',#10609,.T.);
#10609 = EDGE_LOOP('',(#10610,#10619,#10627,#10634));
#10610 = ORIENTED_EDGE('',*,*,#10611,.F.);
#10611 = EDGE_CURVE('',#10612,#10612,#10614,.T.);
#10612 = VERTEX_POINT('',#10613);
#10613 = CARTESIAN_POINT('',(5.03,-2.54,0.1));
#10614 = CIRCLE('',#10615,1.22);
#10615 = AXIS2_PLACEMENT_3D('',#10616,#10617,#10618);
#10616 = CARTESIAN_POINT('',(3.81,-2.54,0.1));
#10617 = DIRECTION('',(0.,0.,1.));
#10618 = DIRECTION('',(1.,0.,-0.));
#10619 = ORIENTED_EDGE('',*,*,#10620,.F.);
#10620 = EDGE_CURVE('',#10621,#10612,#10623,.T.);
#10621 = VERTEX_POINT('',#10622);
#10622 = CARTESIAN_POINT('',(5.03,-2.54,-5.));
#10623 = LINE('',#10624,#10625);
#10624 = CARTESIAN_POINT('',(5.03,-2.54,-5.));
#10625 = VECTOR('',#10626,1.);
#10626 = DIRECTION('',(0.,0.,1.));
#10627 = ORIENTED_EDGE('',*,*,#10628,.T.);
#10628 = EDGE_CURVE('',#10621,#10621,#10629,.T.);
#10629 = CIRCLE('',#10630,1.22);
#10630 = AXIS2_PLACEMENT_3D('',#10631,#10632,#10633);
#10631 = CARTESIAN_POINT('',(3.81,-2.54,-5.));
#10632 = DIRECTION('',(0.,0.,1.));
#10633 = DIRECTION('',(1.,0.,-0.));
#10634 = ORIENTED_EDGE('',*,*,#10620,.T.);
#10635 = CYLINDRICAL_SURFACE('',#10636,1.22);
#10636 = AXIS2_PLACEMENT_3D('',#10637,#10638,#10639);
#10637 = CARTESIAN_POINT('',(3.81,-2.54,-5.));
#10638 = DIRECTION('',(0.,0.,1.));
#10639 = DIRECTION('',(1.,0.,-0.));
#10640 = ADVANCED_FACE('',(#10641),#10644,.T.);
#10641 = FACE_BOUND('',#10642,.T.);
#10642 = EDGE_LOOP('',(#10643));
#10643 = ORIENTED_EDGE('',*,*,#10611,.T.);
#10644 = PLANE('',#10645);
#10645 = AXIS2_PLACEMENT_3D('',#10646,#10647,#10648);
#10646 = CARTESIAN_POINT('',(3.81,-2.54,0.1));
#10647 = DIRECTION('',(0.,0.,1.));
#10648 = DIRECTION('',(1.,0.,-0.));
#10649 = ADVANCED_FACE('',(#10650),#10653,.F.);
#10650 = FACE_BOUND('',#10651,.T.);
#10651 = EDGE_LOOP('',(#10652));
#10652 = ORIENTED_EDGE('',*,*,#10628,.F.);
#10653 = PLANE('',#10654);
#10654 = AXIS2_PLACEMENT_3D('',#10655,#10656,#10657);
#10655 = CARTESIAN_POINT('',(3.81,-2.54,-5.));
#10656 = DIRECTION('',(0.,0.,1.));
#10657 = DIRECTION('',(1.,0.,-0.));
#10658 = ( GEOMETRIC_REPRESENTATION_CONTEXT(3) 
GLOBAL_UNCERTAINTY_ASSIGNED_CONTEXT((#10662)) 
GLOBAL_UNIT_ASSIGNED_CONTEXT((#10659,#10660,#10661)) 
REPRESENTATION_CONTEXT('Context #1',
  '3D Context with UNIT and UNCERTAINTY') );
#10659 = ( LENGTH_UNIT() NAMED_UNIT(*) SI_UNIT(.MILLI.,.METRE.) );
#10660 = ( NAMED_UNIT(*) PLANE_ANGLE_UNIT() SI_UNIT($,.RADIAN.) );
#10661 = ( NAMED_UNIT(*) SI_UNIT($,.STERADIAN.) SOLID_ANGLE_UNIT() );
#10662 = UNCERTAINTY_MEASURE_WITH_UNIT(LENGTH_MEASURE(1.E-07),#10659,
  'distance_accuracy_value','confusion accuracy');
#10663 = CONTEXT_DEPENDENT_SHAPE_REPRESENTATION(#10664,#10666);
#10664 = ( REPRESENTATION_RELATIONSHIP('','',#10604,#6701) 
REPRESENTATION_RELATIONSHIP_WITH_TRANSFORMATION(#10665) 
SHAPE_REPRESENTATION_RELATIONSHIP() );
#10665 = ITEM_DEFINED_TRANSFORMATION('','',#11,#6906);
#10666 = PRODUCT_DEFINITION_SHAPE('Placement','Placement of an item',
  #10667);
#10667 = NEXT_ASSEMBLY_USAGE_OCCURRENCE('175','Leads079','',#6696,#10599
  ,$);
#10668 = PRODUCT_RELATED_PRODUCT_CATEGORY('part',$,(#10601));
#10669 = SHAPE_DEFINITION_REPRESENTATION(#10670,#10676);
#10670 = PRODUCT_DEFINITION_SHAPE('','',#10671);
#10671 = PRODUCT_DEFINITION('design','',#10672,#10675);
#10672 = PRODUCT_DEFINITION_FORMATION('','',#10673);
#10673 = PRODUCT('Leads080','Leads080','',(#10674));
#10674 = PRODUCT_CONTEXT('',#2,'mechanical');
#10675 = PRODUCT_DEFINITION_CONTEXT('part definition',#2,'design');
#10676 = ADVANCED_BREP_SHAPE_REPRESENTATION('',(#11,#10677),#10730);
#10677 = MANIFOLD_SOLID_BREP('',#10678);
#10678 = CLOSED_SHELL('',(#10679,#10712,#10721));
#10679 = ADVANCED_FACE('',(#10680),#10707,.T.);
#10680 = FACE_BOUND('',#10681,.T.);
#10681 = EDGE_LOOP('',(#10682,#10691,#10699,#10706));
#10682 = ORIENTED_EDGE('',*,*,#10683,.F.);
#10683 = EDGE_CURVE('',#10684,#10684,#10686,.T.);
#10684 = VERTEX_POINT('',#10685);
#10685 = CARTESIAN_POINT('',(-45.77,-2.54,0.1));
#10686 = CIRCLE('',#10687,1.22);
#10687 = AXIS2_PLACEMENT_3D('',#10688,#10689,#10690);
#10688 = CARTESIAN_POINT('',(-46.99,-2.54,0.1));
#10689 = DIRECTION('',(0.,0.,1.));
#10690 = DIRECTION('',(1.,0.,-0.));
#10691 = ORIENTED_EDGE('',*,*,#10692,.F.);
#10692 = EDGE_CURVE('',#10693,#10684,#10695,.T.);
#10693 = VERTEX_POINT('',#10694);
#10694 = CARTESIAN_POINT('',(-45.77,-2.54,-5.));
#10695 = LINE('',#10696,#10697);
#10696 = CARTESIAN_POINT('',(-45.77,-2.54,-5.));
#10697 = VECTOR('',#10698,1.);
#10698 = DIRECTION('',(0.,0.,1.));
#10699 = ORIENTED_EDGE('',*,*,#10700,.T.);
#10700 = EDGE_CURVE('',#10693,#10693,#10701,.T.);
#10701 = CIRCLE('',#10702,1.22);
#10702 = AXIS2_PLACEMENT_3D('',#10703,#10704,#10705);
#10703 = CARTESIAN_POINT('',(-46.99,-2.54,-5.));
#10704 = DIRECTION('',(0.,0.,1.));
#10705 = DIRECTION('',(1.,0.,-0.));
#10706 = ORIENTED_EDGE('',*,*,#10692,.T.);
#10707 = CYLINDRICAL_SURFACE('',#10708,1.22);
#10708 = AXIS2_PLACEMENT_3D('',#10709,#10710,#10711);
#10709 = CARTESIAN_POINT('',(-46.99,-2.54,-5.));
#10710 = DIRECTION('',(0.,0.,1.));
#10711 = DIRECTION('',(1.,0.,-0.));
#10712 = ADVANCED_FACE('',(#10713),#10716,.T.);
#10713 = FACE_BOUND('',#10714,.T.);
#10714 = EDGE_LOOP('',(#10715));
#10715 = ORIENTED_EDGE('',*,*,#10683,.T.);
#10716 = PLANE('',#10717);
#10717 = AXIS2_PLACEMENT_3D('',#10718,#10719,#10720);
#10718 = CARTESIAN_POINT('',(-46.99,-2.54,0.1));
#10719 = DIRECTION('',(0.,0.,1.));
#10720 = DIRECTION('',(1.,0.,-0.));
#10721 = ADVANCED_FACE('',(#10722),#10725,.F.);
#10722 = FACE_BOUND('',#10723,.T.);
#10723 = EDGE_LOOP('',(#10724));
#10724 = ORIENTED_EDGE('',*,*,#10700,.F.);
#10725 = PLANE('',#10726);
#10726 = AXIS2_PLACEMENT_3D('',#10727,#10728,#10729);
#10727 = CARTESIAN_POINT('',(-46.99,-2.54,-5.));
#10728 = DIRECTION('',(0.,0.,1.));
#10729 = DIRECTION('',(1.,0.,-0.));
#10730 = ( GEOMETRIC_REPRESENTATION_CONTEXT(3) 
GLOBAL_UNCERTAINTY_ASSIGNED_CONTEXT((#10734)) 
GLOBAL_UNIT_ASSIGNED_CONTEXT((#10731,#10732,#10733)) 
REPRESENTATION_CONTEXT('Context #1',
  '3D Context with UNIT and UNCERTAINTY') );
#10731 = ( LENGTH_UNIT() NAMED_UNIT(*) SI_UNIT(.MILLI.,.METRE.) );
#10732 = ( NAMED_UNIT(*) PLANE_ANGLE_UNIT() SI_UNIT($,.RADIAN.) );
#10733 = ( NAMED_UNIT(*) SI_UNIT($,.STERADIAN.) SOLID_ANGLE_UNIT() );
#10734 = UNCERTAINTY_MEASURE_WITH_UNIT(LENGTH_MEASURE(1.E-07),#10731,
  'distance_accuracy_value','confusion accuracy');
#10735 = CONTEXT_DEPENDENT_SHAPE_REPRESENTATION(#10736,#10738);
#10736 = ( REPRESENTATION_RELATIONSHIP('','',#10676,#6701) 
REPRESENTATION_RELATIONSHIP_WITH_TRANSFORMATION(#10737) 
SHAPE_REPRESENTATION_RELATIONSHIP() );
#10737 = ITEM_DEFINED_TRANSFORMATION('','',#11,#6910);
#10738 = PRODUCT_DEFINITION_SHAPE('Placement','Placement of an item',
  #10739);
#10739 = NEXT_ASSEMBLY_USAGE_OCCURRENCE('176','Leads080','',#6696,#10671
  ,$);
#10740 = PRODUCT_RELATED_PRODUCT_CATEGORY('part',$,(#10673));
#10741 = MECHANICAL_DESIGN_GEOMETRIC_PRESENTATION_REPRESENTATION('',(
    #10742),#8570);
#10742 = STYLED_ITEM('color',(#10743),#8517);
#10743 = PRESENTATION_STYLE_ASSIGNMENT((#10744,#10750));
#10744 = SURFACE_STYLE_USAGE(.BOTH.,#10745);
#10745 = SURFACE_SIDE_STYLE('',(#10746));
#10746 = SURFACE_STYLE_FILL_AREA(#10747);
#10747 = FILL_AREA_STYLE('',(#10748));
#10748 = FILL_AREA_STYLE_COLOUR('',#10749);
#10749 = COLOUR_RGB('',0.734000028196,0.773000013638,0.796999989372);
#10750 = CURVE_STYLE('',#10751,POSITIVE_LENGTH_MEASURE(0.1),#10752);
#10751 = DRAUGHTING_PRE_DEFINED_CURVE_FONT('continuous');
#10752 = COLOUR_RGB('',9.803921802644E-02,9.803921802644E-02,
  9.803921802644E-02);
#10753 = MECHANICAL_DESIGN_GEOMETRIC_PRESENTATION_REPRESENTATION('',(
    #10754),#7490);
#10754 = STYLED_ITEM('color',(#10755),#7437);
#10755 = PRESENTATION_STYLE_ASSIGNMENT((#10756,#10761));
#10756 = SURFACE_STYLE_USAGE(.BOTH.,#10757);
#10757 = SURFACE_SIDE_STYLE('',(#10758));
#10758 = SURFACE_STYLE_FILL_AREA(#10759);
#10759 = FILL_AREA_STYLE('',(#10760));
#10760 = FILL_AREA_STYLE_COLOUR('',#10749);
#10761 = CURVE_STYLE('',#10762,POSITIVE_LENGTH_MEASURE(0.1),#10752);
#10762 = DRAUGHTING_PRE_DEFINED_CURVE_FONT('continuous');
#10763 = MECHANICAL_DESIGN_GEOMETRIC_PRESENTATION_REPRESENTATION('',(
    #10764),#5119);
#10764 = STYLED_ITEM('color',(#10765),#5066);
#10765 = PRESENTATION_STYLE_ASSIGNMENT((#10766,#10771));
#10766 = SURFACE_STYLE_USAGE(.BOTH.,#10767);
#10767 = SURFACE_SIDE_STYLE('',(#10768));
#10768 = SURFACE_STYLE_FILL_AREA(#10769);
#10769 = FILL_AREA_STYLE('',(#10770));
#10770 = FILL_AREA_STYLE_COLOUR('',#10749);
#10771 = CURVE_STYLE('',#10772,POSITIVE_LENGTH_MEASURE(0.1),#10752);
#10772 = DRAUGHTING_PRE_DEFINED_CURVE_FONT('continuous');
#10773 = MECHANICAL_DESIGN_GEOMETRIC_PRESENTATION_REPRESENTATION('',(
    #10774),#10370);
#10774 = STYLED_ITEM('color',(#10775),#10317);
#10775 = PRESENTATION_STYLE_ASSIGNMENT((#10776,#10781));
#10776 = SURFACE_STYLE_USAGE(.BOTH.,#10777);
#10777 = SURFACE_SIDE_STYLE('',(#10778));
#10778 = SURFACE_STYLE_FILL_AREA(#10779);
#10779 = FILL_AREA_STYLE('',(#10780));
#10780 = FILL_AREA_STYLE_COLOUR('',#10749);
#10781 = CURVE_STYLE('',#10782,POSITIVE_LENGTH_MEASURE(0.1),#10752);
#10782 = DRAUGHTING_PRE_DEFINED_CURVE_FONT('continuous');
#10783 = MECHANICAL_DESIGN_GEOMETRIC_PRESENTATION_REPRESENTATION('',(
    #10784),#9362);
#10784 = STYLED_ITEM('color',(#10785),#9309);
#10785 = PRESENTATION_STYLE_ASSIGNMENT((#10786,#10791));
#10786 = SURFACE_STYLE_USAGE(.BOTH.,#10787);
#10787 = SURFACE_SIDE_STYLE('',(#10788));
#10788 = SURFACE_STYLE_FILL_AREA(#10789);
#10789 = FILL_AREA_STYLE('',(#10790));
#10790 = FILL_AREA_STYLE_COLOUR('',#10749);
#10791 = CURVE_STYLE('',#10792,POSITIVE_LENGTH_MEASURE(0.1),#10752);
#10792 = DRAUGHTING_PRE_DEFINED_CURVE_FONT('continuous');
#10793 = MECHANICAL_DESIGN_GEOMETRIC_PRESENTATION_REPRESENTATION('',(
    #10794),#6127);
#10794 = STYLED_ITEM('color',(#10795),#6074);
#10795 = PRESENTATION_STYLE_ASSIGNMENT((#10796,#10801));
#10796 = SURFACE_STYLE_USAGE(.BOTH.,#10797);
#10797 = SURFACE_SIDE_STYLE('',(#10798));
#10798 = SURFACE_STYLE_FILL_AREA(#10799);
#10799 = FILL_AREA_STYLE('',(#10800));
#10800 = FILL_AREA_STYLE_COLOUR('',#10749);
#10801 = CURVE_STYLE('',#10802,POSITIVE_LENGTH_MEASURE(0.1),#10752);
#10802 = DRAUGHTING_PRE_DEFINED_CURVE_FONT('continuous');
#10803 = MECHANICAL_DESIGN_GEOMETRIC_PRESENTATION_REPRESENTATION('',(
    #10804),#4170);
#10804 = STYLED_ITEM('color',(#10805),#60);
#10805 = PRESENTATION_STYLE_ASSIGNMENT((#10806,#10812));
#10806 = SURFACE_STYLE_USAGE(.BOTH.,#10807);
#10807 = SURFACE_SIDE_STYLE('',(#10808));
#10808 = SURFACE_STYLE_FILL_AREA(#10809);
#10809 = FILL_AREA_STYLE('',(#10810));
#10810 = FILL_AREA_STYLE_COLOUR('',#10811);
#10811 = COLOUR_RGB('',0.199999998682,0.600000020288,0.399999997426);
#10812 = CURVE_STYLE('',#10813,POSITIVE_LENGTH_MEASURE(0.1),#10752);
#10813 = DRAUGHTING_PRE_DEFINED_CURVE_FONT('continuous');
#10814 = MECHANICAL_DESIGN_GEOMETRIC_PRESENTATION_REPRESENTATION('',(
    #10815),#10658);
#10815 = STYLED_ITEM('color',(#10816),#10605);
#10816 = PRESENTATION_STYLE_ASSIGNMENT((#10817,#10822));
#10817 = SURFACE_STYLE_USAGE(.BOTH.,#10818);
#10818 = SURFACE_SIDE_STYLE('',(#10819));
#10819 = SURFACE_STYLE_FILL_AREA(#10820);
#10820 = FILL_AREA_STYLE('',(#10821));
#10821 = FILL_AREA_STYLE_COLOUR('',#10749);
#10822 = CURVE_STYLE('',#10823,POSITIVE_LENGTH_MEASURE(0.1),#10752);
#10823 = DRAUGHTING_PRE_DEFINED_CURVE_FONT('continuous');
#10824 = MECHANICAL_DESIGN_GEOMETRIC_PRESENTATION_REPRESENTATION('',(
    #10825),#9002);
#10825 = STYLED_ITEM('color',(#10826),#8949);
#10826 = PRESENTATION_STYLE_ASSIGNMENT((#10827,#10832));
#10827 = SURFACE_STYLE_USAGE(.BOTH.,#10828);
#10828 = SURFACE_SIDE_STYLE('',(#10829));
#10829 = SURFACE_STYLE_FILL_AREA(#10830);
#10830 = FILL_AREA_STYLE('',(#10831));
#10831 = FILL_AREA_STYLE_COLOUR('',#10749);
#10832 = CURVE_STYLE('',#10833,POSITIVE_LENGTH_MEASURE(0.1),#10752);
#10833 = DRAUGHTING_PRE_DEFINED_CURVE_FONT('continuous');
#10834 = MECHANICAL_DESIGN_GEOMETRIC_PRESENTATION_REPRESENTATION('',(
    #10835),#4975);
#10835 = STYLED_ITEM('color',(#10836),#4922);
#10836 = PRESENTATION_STYLE_ASSIGNMENT((#10837,#10842));
#10837 = SURFACE_STYLE_USAGE(.BOTH.,#10838);
#10838 = SURFACE_SIDE_STYLE('',(#10839));
#10839 = SURFACE_STYLE_FILL_AREA(#10840);
#10840 = FILL_AREA_STYLE('',(#10841));
#10841 = FILL_AREA_STYLE_COLOUR('',#10749);
#10842 = CURVE_STYLE('',#10843,POSITIVE_LENGTH_MEASURE(0.1),#10752);
#10843 = DRAUGHTING_PRE_DEFINED_CURVE_FONT('continuous');
#10844 = MECHANICAL_DESIGN_GEOMETRIC_PRESENTATION_REPRESENTATION('',(
    #10845),#6055);
#10845 = STYLED_ITEM('color',(#10846),#6002);
#10846 = PRESENTATION_STYLE_ASSIGNMENT((#10847,#10852));
#10847 = SURFACE_STYLE_USAGE(.BOTH.,#10848);
#10848 = SURFACE_SIDE_STYLE('',(#10849));
#10849 = SURFACE_STYLE_FILL_AREA(#10850);
#10850 = FILL_AREA_STYLE('',(#10851));
#10851 = FILL_AREA_STYLE_COLOUR('',#10749);
#10852 = CURVE_STYLE('',#10853,POSITIVE_LENGTH_MEASURE(0.1),#10752);
#10853 = DRAUGHTING_PRE_DEFINED_CURVE_FONT('continuous');
#10854 = MECHANICAL_DESIGN_GEOMETRIC_PRESENTATION_REPRESENTATION('',(
    #10855),#7418);
#10855 = STYLED_ITEM('color',(#10856),#7365);
#10856 = PRESENTATION_STYLE_ASSIGNMENT((#10857,#10862));
#10857 = SURFACE_STYLE_USAGE(.BOTH.,#10858);
#10858 = SURFACE_SIDE_STYLE('',(#10859));
#10859 = SURFACE_STYLE_FILL_AREA(#10860);
#10860 = FILL_AREA_STYLE('',(#10861));
#10861 = FILL_AREA_STYLE_COLOUR('',#10749);
#10862 = CURVE_STYLE('',#10863,POSITIVE_LENGTH_MEASURE(0.1),#10752);
#10863 = DRAUGHTING_PRE_DEFINED_CURVE_FONT('continuous');
#10864 = MECHANICAL_DESIGN_GEOMETRIC_PRESENTATION_REPRESENTATION('',(
    #10865),#7274);
#10865 = STYLED_ITEM('color',(#10866),#7221);
#10866 = PRESENTATION_STYLE_ASSIGNMENT((#10867,#10872));
#10867 = SURFACE_STYLE_USAGE(.BOTH.,#10868);
#10868 = SURFACE_SIDE_STYLE('',(#10869));
#10869 = SURFACE_STYLE_FILL_AREA(#10870);
#10870 = FILL_AREA_STYLE('',(#10871));
#10871 = FILL_AREA_STYLE_COLOUR('',#10749);
#10872 = CURVE_STYLE('',#10873,POSITIVE_LENGTH_MEASURE(0.1),#10752);
#10873 = DRAUGHTING_PRE_DEFINED_CURVE_FONT('continuous');
#10874 = MECHANICAL_DESIGN_GEOMETRIC_PRESENTATION_REPRESENTATION('',(
    #10875),#5479);
#10875 = STYLED_ITEM('color',(#10876),#5426);
#10876 = PRESENTATION_STYLE_ASSIGNMENT((#10877,#10882));
#10877 = SURFACE_STYLE_USAGE(.BOTH.,#10878);
#10878 = SURFACE_SIDE_STYLE('',(#10879));
#10879 = SURFACE_STYLE_FILL_AREA(#10880);
#10880 = FILL_AREA_STYLE('',(#10881));
#10881 = FILL_AREA_STYLE_COLOUR('',#10749);
#10882 = CURVE_STYLE('',#10883,POSITIVE_LENGTH_MEASURE(0.1),#10752);
#10883 = DRAUGHTING_PRE_DEFINED_CURVE_FONT('continuous');
#10884 = MECHANICAL_DESIGN_GEOMETRIC_PRESENTATION_REPRESENTATION('',(
    #10885),#4831);
#10885 = STYLED_ITEM('color',(#10886),#4778);
#10886 = PRESENTATION_STYLE_ASSIGNMENT((#10887,#10892));
#10887 = SURFACE_STYLE_USAGE(.BOTH.,#10888);
#10888 = SURFACE_SIDE_STYLE('',(#10889));
#10889 = SURFACE_STYLE_FILL_AREA(#10890);
#10890 = FILL_AREA_STYLE('',(#10891));
#10891 = FILL_AREA_STYLE_COLOUR('',#10749);
#10892 = CURVE_STYLE('',#10893,POSITIVE_LENGTH_MEASURE(0.1),#10752);
#10893 = DRAUGHTING_PRE_DEFINED_CURVE_FONT('continuous');
#10894 = MECHANICAL_DESIGN_GEOMETRIC_PRESENTATION_REPRESENTATION('',(
    #10895),#7562);
#10895 = STYLED_ITEM('color',(#10896),#7509);
#10896 = PRESENTATION_STYLE_ASSIGNMENT((#10897,#10902));
#10897 = SURFACE_STYLE_USAGE(.BOTH.,#10898);
#10898 = SURFACE_SIDE_STYLE('',(#10899));
#10899 = SURFACE_STYLE_FILL_AREA(#10900);
#10900 = FILL_AREA_STYLE('',(#10901));
#10901 = FILL_AREA_STYLE_COLOUR('',#10749);
#10902 = CURVE_STYLE('',#10903,POSITIVE_LENGTH_MEASURE(0.1),#10752);
#10903 = DRAUGHTING_PRE_DEFINED_CURVE_FONT('continuous');
#10904 = MECHANICAL_DESIGN_GEOMETRIC_PRESENTATION_REPRESENTATION('',(
    #10905),#4759);
#10905 = STYLED_ITEM('color',(#10906),#4706);
#10906 = PRESENTATION_STYLE_ASSIGNMENT((#10907,#10912));
#10907 = SURFACE_STYLE_USAGE(.BOTH.,#10908);
#10908 = SURFACE_SIDE_STYLE('',(#10909));
#10909 = SURFACE_STYLE_FILL_AREA(#10910);
#10910 = FILL_AREA_STYLE('',(#10911));
#10911 = FILL_AREA_STYLE_COLOUR('',#10749);
#10912 = CURVE_STYLE('',#10913,POSITIVE_LENGTH_MEASURE(0.1),#10752);
#10913 = DRAUGHTING_PRE_DEFINED_CURVE_FONT('continuous');
#10914 = MECHANICAL_DESIGN_GEOMETRIC_PRESENTATION_REPRESENTATION('',(
    #10915),#9506);
#10915 = STYLED_ITEM('color',(#10916),#9453);
#10916 = PRESENTATION_STYLE_ASSIGNMENT((#10917,#10922));
#10917 = SURFACE_STYLE_USAGE(.BOTH.,#10918);
#10918 = SURFACE_SIDE_STYLE('',(#10919));
#10919 = SURFACE_STYLE_FILL_AREA(#10920);
#10920 = FILL_AREA_STYLE('',(#10921));
#10921 = FILL_AREA_STYLE_COLOUR('',#10749);
#10922 = CURVE_STYLE('',#10923,POSITIVE_LENGTH_MEASURE(0.1),#10752);
#10923 = DRAUGHTING_PRE_DEFINED_CURVE_FONT('continuous');
#10924 = MECHANICAL_DESIGN_GEOMETRIC_PRESENTATION_REPRESENTATION('',(
    #10925),#6683);
#10925 = STYLED_ITEM('color',(#10926),#6533);
#10926 = PRESENTATION_STYLE_ASSIGNMENT((#10927,#10933));
#10927 = SURFACE_STYLE_USAGE(.BOTH.,#10928);
#10928 = SURFACE_SIDE_STYLE('',(#10929));
#10929 = SURFACE_STYLE_FILL_AREA(#10930);
#10930 = FILL_AREA_STYLE('',(#10931));
#10931 = FILL_AREA_STYLE_COLOUR('',#10932);
#10932 = COLOUR_RGB('',0.300000011149,0.300000011149,0.300000011149);
#10933 = CURVE_STYLE('',#10934,POSITIVE_LENGTH_MEASURE(0.1),#10752);
#10934 = DRAUGHTING_PRE_DEFINED_CURVE_FONT('continuous');
#10935 = MECHANICAL_DESIGN_GEOMETRIC_PRESENTATION_REPRESENTATION('',(
    #10936),#6199);
#10936 = STYLED_ITEM('color',(#10937),#6146);
#10937 = PRESENTATION_STYLE_ASSIGNMENT((#10938,#10943));
#10938 = SURFACE_STYLE_USAGE(.BOTH.,#10939);
#10939 = SURFACE_SIDE_STYLE('',(#10940));
#10940 = SURFACE_STYLE_FILL_AREA(#10941);
#10941 = FILL_AREA_STYLE('',(#10942));
#10942 = FILL_AREA_STYLE_COLOUR('',#10749);
#10943 = CURVE_STYLE('',#10944,POSITIVE_LENGTH_MEASURE(0.1),#10752);
#10944 = DRAUGHTING_PRE_DEFINED_CURVE_FONT('continuous');
#10945 = MECHANICAL_DESIGN_GEOMETRIC_PRESENTATION_REPRESENTATION('',(
    #10946),#9866);
#10946 = STYLED_ITEM('color',(#10947),#9813);
#10947 = PRESENTATION_STYLE_ASSIGNMENT((#10948,#10953));
#10948 = SURFACE_STYLE_USAGE(.BOTH.,#10949);
#10949 = SURFACE_SIDE_STYLE('',(#10950));
#10950 = SURFACE_STYLE_FILL_AREA(#10951);
#10951 = FILL_AREA_STYLE('',(#10952));
#10952 = FILL_AREA_STYLE_COLOUR('',#10749);
#10953 = CURVE_STYLE('',#10954,POSITIVE_LENGTH_MEASURE(0.1),#10752);
#10954 = DRAUGHTING_PRE_DEFINED_CURVE_FONT('continuous');
#10955 = MECHANICAL_DESIGN_GEOMETRIC_PRESENTATION_REPRESENTATION('',(
    #10956),#9146);
#10956 = STYLED_ITEM('color',(#10957),#9093);
#10957 = PRESENTATION_STYLE_ASSIGNMENT((#10958,#10963));
#10958 = SURFACE_STYLE_USAGE(.BOTH.,#10959);
#10959 = SURFACE_SIDE_STYLE('',(#10960));
#10960 = SURFACE_STYLE_FILL_AREA(#10961);
#10961 = FILL_AREA_STYLE('',(#10962));
#10962 = FILL_AREA_STYLE_COLOUR('',#10749);
#10963 = CURVE_STYLE('',#10964,POSITIVE_LENGTH_MEASURE(0.1),#10752);
#10964 = DRAUGHTING_PRE_DEFINED_CURVE_FONT('continuous');
#10965 = MECHANICAL_DESIGN_GEOMETRIC_PRESENTATION_REPRESENTATION('',(
    #10966),#7634);
#10966 = STYLED_ITEM('color',(#10967),#7581);
#10967 = PRESENTATION_STYLE_ASSIGNMENT((#10968,#10973));
#10968 = SURFACE_STYLE_USAGE(.BOTH.,#10969);
#10969 = SURFACE_SIDE_STYLE('',(#10970));
#10970 = SURFACE_STYLE_FILL_AREA(#10971);
#10971 = FILL_AREA_STYLE('',(#10972));
#10972 = FILL_AREA_STYLE_COLOUR('',#10749);
#10973 = CURVE_STYLE('',#10974,POSITIVE_LENGTH_MEASURE(0.1),#10752);
#10974 = DRAUGHTING_PRE_DEFINED_CURVE_FONT('continuous');
#10975 = MECHANICAL_DESIGN_GEOMETRIC_PRESENTATION_REPRESENTATION('',(
    #10976),#8714);
#10976 = STYLED_ITEM('color',(#10977),#8661);
#10977 = PRESENTATION_STYLE_ASSIGNMENT((#10978,#10983));
#10978 = SURFACE_STYLE_USAGE(.BOTH.,#10979);
#10979 = SURFACE_SIDE_STYLE('',(#10980));
#10980 = SURFACE_STYLE_FILL_AREA(#10981);
#10981 = FILL_AREA_STYLE('',(#10982));
#10982 = FILL_AREA_STYLE_COLOUR('',#10749);
#10983 = CURVE_STYLE('',#10984,POSITIVE_LENGTH_MEASURE(0.1),#10752);
#10984 = DRAUGHTING_PRE_DEFINED_CURVE_FONT('continuous');
#10985 = MECHANICAL_DESIGN_GEOMETRIC_PRESENTATION_REPRESENTATION('',(
    #10986),#9650);
#10986 = STYLED_ITEM('color',(#10987),#9597);
#10987 = PRESENTATION_STYLE_ASSIGNMENT((#10988,#10993));
#10988 = SURFACE_STYLE_USAGE(.BOTH.,#10989);
#10989 = SURFACE_SIDE_STYLE('',(#10990));
#10990 = SURFACE_STYLE_FILL_AREA(#10991);
#10991 = FILL_AREA_STYLE('',(#10992));
#10992 = FILL_AREA_STYLE_COLOUR('',#10749);
#10993 = CURVE_STYLE('',#10994,POSITIVE_LENGTH_MEASURE(0.1),#10752);
#10994 = DRAUGHTING_PRE_DEFINED_CURVE_FONT('continuous');
#10995 = MECHANICAL_DESIGN_GEOMETRIC_PRESENTATION_REPRESENTATION('',(
    #10996),#6343);
#10996 = STYLED_ITEM('color',(#10997),#6290);
#10997 = PRESENTATION_STYLE_ASSIGNMENT((#10998,#11003));
#10998 = SURFACE_STYLE_USAGE(.BOTH.,#10999);
#10999 = SURFACE_SIDE_STYLE('',(#11000));
#11000 = SURFACE_STYLE_FILL_AREA(#11001);
#11001 = FILL_AREA_STYLE('',(#11002));
#11002 = FILL_AREA_STYLE_COLOUR('',#10749);
#11003 = CURVE_STYLE('',#11004,POSITIVE_LENGTH_MEASURE(0.1),#10752);
#11004 = DRAUGHTING_PRE_DEFINED_CURVE_FONT('continuous');
#11005 = MECHANICAL_DESIGN_GEOMETRIC_PRESENTATION_REPRESENTATION('',(
    #11006),#5623);
#11006 = STYLED_ITEM('color',(#11007),#5570);
#11007 = PRESENTATION_STYLE_ASSIGNMENT((#11008,#11013));
#11008 = SURFACE_STYLE_USAGE(.BOTH.,#11009);
#11009 = SURFACE_SIDE_STYLE('',(#11010));
#11010 = SURFACE_STYLE_FILL_AREA(#11011);
#11011 = FILL_AREA_STYLE('',(#11012));
#11012 = FILL_AREA_STYLE_COLOUR('',#10749);
#11013 = CURVE_STYLE('',#11014,POSITIVE_LENGTH_MEASURE(0.1),#10752);
#11014 = DRAUGHTING_PRE_DEFINED_CURVE_FONT('continuous');
#11015 = MECHANICAL_DESIGN_GEOMETRIC_PRESENTATION_REPRESENTATION('',(
    #11016),#5263);
#11016 = STYLED_ITEM('color',(#11017),#5210);
#11017 = PRESENTATION_STYLE_ASSIGNMENT((#11018,#11023));
#11018 = SURFACE_STYLE_USAGE(.BOTH.,#11019);
#11019 = SURFACE_SIDE_STYLE('',(#11020));
#11020 = SURFACE_STYLE_FILL_AREA(#11021);
#11021 = FILL_AREA_STYLE('',(#11022));
#11022 = FILL_AREA_STYLE_COLOUR('',#10749);
#11023 = CURVE_STYLE('',#11024,POSITIVE_LENGTH_MEASURE(0.1),#10752);
#11024 = DRAUGHTING_PRE_DEFINED_CURVE_FONT('continuous');
#11025 = MECHANICAL_DESIGN_GEOMETRIC_PRESENTATION_REPRESENTATION('',(
    #11026),#4615);
#11026 = STYLED_ITEM('color',(#11027),#4562);
#11027 = PRESENTATION_STYLE_ASSIGNMENT((#11028,#11033));
#11028 = SURFACE_STYLE_USAGE(.BOTH.,#11029);
#11029 = SURFACE_SIDE_STYLE('',(#11030));
#11030 = SURFACE_STYLE_FILL_AREA(#11031);
#11031 = FILL_AREA_STYLE('',(#11032));
#11032 = FILL_AREA_STYLE_COLOUR('',#10749);
#11033 = CURVE_STYLE('',#11034,POSITIVE_LENGTH_MEASURE(0.1),#10752);
#11034 = DRAUGHTING_PRE_DEFINED_CURVE_FONT('continuous');
#11035 = MECHANICAL_DESIGN_GEOMETRIC_PRESENTATION_REPRESENTATION('',(
    #11036),#4416);
#11036 = STYLED_ITEM('color',(#11037),#4266);
#11037 = PRESENTATION_STYLE_ASSIGNMENT((#11038,#11043));
#11038 = SURFACE_STYLE_USAGE(.BOTH.,#11039);
#11039 = SURFACE_SIDE_STYLE('',(#11040));
#11040 = SURFACE_STYLE_FILL_AREA(#11041);
#11041 = FILL_AREA_STYLE('',(#11042));
#11042 = FILL_AREA_STYLE_COLOUR('',#10932);
#11043 = CURVE_STYLE('',#11044,POSITIVE_LENGTH_MEASURE(0.1),#10752);
#11044 = DRAUGHTING_PRE_DEFINED_CURVE_FONT('continuous');
#11045 = MECHANICAL_DESIGN_GEOMETRIC_PRESENTATION_REPRESENTATION('',(
    #11046),#10298);
#11046 = STYLED_ITEM('color',(#11047),#10245);
#11047 = PRESENTATION_STYLE_ASSIGNMENT((#11048,#11053));
#11048 = SURFACE_STYLE_USAGE(.BOTH.,#11049);
#11049 = SURFACE_SIDE_STYLE('',(#11050));
#11050 = SURFACE_STYLE_FILL_AREA(#11051);
#11051 = FILL_AREA_STYLE('',(#11052));
#11052 = FILL_AREA_STYLE_COLOUR('',#10749);
#11053 = CURVE_STYLE('',#11054,POSITIVE_LENGTH_MEASURE(0.1),#10752);
#11054 = DRAUGHTING_PRE_DEFINED_CURVE_FONT('continuous');
#11055 = MECHANICAL_DESIGN_GEOMETRIC_PRESENTATION_REPRESENTATION('',(
    #11056),#7202);
#11056 = STYLED_ITEM('color',(#11057),#7149);
#11057 = PRESENTATION_STYLE_ASSIGNMENT((#11058,#11063));
#11058 = SURFACE_STYLE_USAGE(.BOTH.,#11059);
#11059 = SURFACE_SIDE_STYLE('',(#11060));
#11060 = SURFACE_STYLE_FILL_AREA(#11061);
#11061 = FILL_AREA_STYLE('',(#11062));
#11062 = FILL_AREA_STYLE_COLOUR('',#10749);
#11063 = CURVE_STYLE('',#11064,POSITIVE_LENGTH_MEASURE(0.1),#10752);
#11064 = DRAUGHTING_PRE_DEFINED_CURVE_FONT('continuous');
#11065 = MECHANICAL_DESIGN_GEOMETRIC_PRESENTATION_REPRESENTATION('',(
    #11066),#8930);
#11066 = STYLED_ITEM('color',(#11067),#8877);
#11067 = PRESENTATION_STYLE_ASSIGNMENT((#11068,#11073));
#11068 = SURFACE_STYLE_USAGE(.BOTH.,#11069);
#11069 = SURFACE_SIDE_STYLE('',(#11070));
#11070 = SURFACE_STYLE_FILL_AREA(#11071);
#11071 = FILL_AREA_STYLE('',(#11072));
#11072 = FILL_AREA_STYLE_COLOUR('',#10749);
#11073 = CURVE_STYLE('',#11074,POSITIVE_LENGTH_MEASURE(0.1),#10752);
#11074 = DRAUGHTING_PRE_DEFINED_CURVE_FONT('continuous');
#11075 = MECHANICAL_DESIGN_GEOMETRIC_PRESENTATION_REPRESENTATION('',(
    #11076),#7850);
#11076 = STYLED_ITEM('color',(#11077),#7797);
#11077 = PRESENTATION_STYLE_ASSIGNMENT((#11078,#11083));
#11078 = SURFACE_STYLE_USAGE(.BOTH.,#11079);
#11079 = SURFACE_SIDE_STYLE('',(#11080));
#11080 = SURFACE_STYLE_FILL_AREA(#11081);
#11081 = FILL_AREA_STYLE('',(#11082));
#11082 = FILL_AREA_STYLE_COLOUR('',#10749);
#11083 = CURVE_STYLE('',#11084,POSITIVE_LENGTH_MEASURE(0.1),#10752);
#11084 = DRAUGHTING_PRE_DEFINED_CURVE_FONT('continuous');
#11085 = MECHANICAL_DESIGN_GEOMETRIC_PRESENTATION_REPRESENTATION('',(
    #11086),#8138);
#11086 = STYLED_ITEM('color',(#11087),#8085);
#11087 = PRESENTATION_STYLE_ASSIGNMENT((#11088,#11093));
#11088 = SURFACE_STYLE_USAGE(.BOTH.,#11089);
#11089 = SURFACE_SIDE_STYLE('',(#11090));
#11090 = SURFACE_STYLE_FILL_AREA(#11091);
#11091 = FILL_AREA_STYLE('',(#11092));
#11092 = FILL_AREA_STYLE_COLOUR('',#10749);
#11093 = CURVE_STYLE('',#11094,POSITIVE_LENGTH_MEASURE(0.1),#10752);
#11094 = DRAUGHTING_PRE_DEFINED_CURVE_FONT('continuous');
#11095 = MECHANICAL_DESIGN_GEOMETRIC_PRESENTATION_REPRESENTATION('',(
    #11096),#8498);
#11096 = STYLED_ITEM('color',(#11097),#8445);
#11097 = PRESENTATION_STYLE_ASSIGNMENT((#11098,#11103));
#11098 = SURFACE_STYLE_USAGE(.BOTH.,#11099);
#11099 = SURFACE_SIDE_STYLE('',(#11100));
#11100 = SURFACE_STYLE_FILL_AREA(#11101);
#11101 = FILL_AREA_STYLE('',(#11102));
#11102 = FILL_AREA_STYLE_COLOUR('',#10749);
#11103 = CURVE_STYLE('',#11104,POSITIVE_LENGTH_MEASURE(0.1),#10752);
#11104 = DRAUGHTING_PRE_DEFINED_CURVE_FONT('continuous');
#11105 = MECHANICAL_DESIGN_GEOMETRIC_PRESENTATION_REPRESENTATION('',(
    #11106),#6986);
#11106 = STYLED_ITEM('color',(#11107),#6933);
#11107 = PRESENTATION_STYLE_ASSIGNMENT((#11108,#11113));
#11108 = SURFACE_STYLE_USAGE(.BOTH.,#11109);
#11109 = SURFACE_SIDE_STYLE('',(#11110));
#11110 = SURFACE_STYLE_FILL_AREA(#11111);
#11111 = FILL_AREA_STYLE('',(#11112));
#11112 = FILL_AREA_STYLE_COLOUR('',#10749);
#11113 = CURVE_STYLE('',#11114,POSITIVE_LENGTH_MEASURE(0.1),#10752);
#11114 = DRAUGHTING_PRE_DEFINED_CURVE_FONT('continuous');
#11115 = MECHANICAL_DESIGN_GEOMETRIC_PRESENTATION_REPRESENTATION('',(
    #11116),#5695);
#11116 = STYLED_ITEM('color',(#11117),#5642);
#11117 = PRESENTATION_STYLE_ASSIGNMENT((#11118,#11123));
#11118 = SURFACE_STYLE_USAGE(.BOTH.,#11119);
#11119 = SURFACE_SIDE_STYLE('',(#11120));
#11120 = SURFACE_STYLE_FILL_AREA(#11121);
#11121 = FILL_AREA_STYLE('',(#11122));
#11122 = FILL_AREA_STYLE_COLOUR('',#10749);
#11123 = CURVE_STYLE('',#11124,POSITIVE_LENGTH_MEASURE(0.1),#10752);
#11124 = DRAUGHTING_PRE_DEFINED_CURVE_FONT('continuous');
#11125 = MECHANICAL_DESIGN_GEOMETRIC_PRESENTATION_REPRESENTATION('',(
    #11126),#5839);
#11126 = STYLED_ITEM('color',(#11127),#5786);
#11127 = PRESENTATION_STYLE_ASSIGNMENT((#11128,#11133));
#11128 = SURFACE_STYLE_USAGE(.BOTH.,#11129);
#11129 = SURFACE_SIDE_STYLE('',(#11130));
#11130 = SURFACE_STYLE_FILL_AREA(#11131);
#11131 = FILL_AREA_STYLE('',(#11132));
#11132 = FILL_AREA_STYLE_COLOUR('',#10749);
#11133 = CURVE_STYLE('',#11134,POSITIVE_LENGTH_MEASURE(0.1),#10752);
#11134 = DRAUGHTING_PRE_DEFINED_CURVE_FONT('continuous');
#11135 = MECHANICAL_DESIGN_GEOMETRIC_PRESENTATION_REPRESENTATION('',(
    #11136),#7922);
#11136 = STYLED_ITEM('color',(#11137),#7869);
#11137 = PRESENTATION_STYLE_ASSIGNMENT((#11138,#11143));
#11138 = SURFACE_STYLE_USAGE(.BOTH.,#11139);
#11139 = SURFACE_SIDE_STYLE('',(#11140));
#11140 = SURFACE_STYLE_FILL_AREA(#11141);
#11141 = FILL_AREA_STYLE('',(#11142));
#11142 = FILL_AREA_STYLE_COLOUR('',#10749);
#11143 = CURVE_STYLE('',#11144,POSITIVE_LENGTH_MEASURE(0.1),#10752);
#11144 = DRAUGHTING_PRE_DEFINED_CURVE_FONT('continuous');
#11145 = MECHANICAL_DESIGN_GEOMETRIC_PRESENTATION_REPRESENTATION('',(
    #11146),#7130);
#11146 = STYLED_ITEM('color',(#11147),#7077);
#11147 = PRESENTATION_STYLE_ASSIGNMENT((#11148,#11153));
#11148 = SURFACE_STYLE_USAGE(.BOTH.,#11149);
#11149 = SURFACE_SIDE_STYLE('',(#11150));
#11150 = SURFACE_STYLE_FILL_AREA(#11151);
#11151 = FILL_AREA_STYLE('',(#11152));
#11152 = FILL_AREA_STYLE_COLOUR('',#10749);
#11153 = CURVE_STYLE('',#11154,POSITIVE_LENGTH_MEASURE(0.1),#10752);
#11154 = DRAUGHTING_PRE_DEFINED_CURVE_FONT('continuous');
#11155 = MECHANICAL_DESIGN_GEOMETRIC_PRESENTATION_REPRESENTATION('',(
    #11156),#10154);
#11156 = STYLED_ITEM('color',(#11157),#10101);
#11157 = PRESENTATION_STYLE_ASSIGNMENT((#11158,#11163));
#11158 = SURFACE_STYLE_USAGE(.BOTH.,#11159);
#11159 = SURFACE_SIDE_STYLE('',(#11160));
#11160 = SURFACE_STYLE_FILL_AREA(#11161);
#11161 = FILL_AREA_STYLE('',(#11162));
#11162 = FILL_AREA_STYLE_COLOUR('',#10749);
#11163 = CURVE_STYLE('',#11164,POSITIVE_LENGTH_MEASURE(0.1),#10752);
#11164 = DRAUGHTING_PRE_DEFINED_CURVE_FONT('continuous');
#11165 = MECHANICAL_DESIGN_GEOMETRIC_PRESENTATION_REPRESENTATION('',(
    #11166),#9938);
#11166 = STYLED_ITEM('color',(#11167),#9885);
#11167 = PRESENTATION_STYLE_ASSIGNMENT((#11168,#11173));
#11168 = SURFACE_STYLE_USAGE(.BOTH.,#11169);
#11169 = SURFACE_SIDE_STYLE('',(#11170));
#11170 = SURFACE_STYLE_FILL_AREA(#11171);
#11171 = FILL_AREA_STYLE('',(#11172));
#11172 = FILL_AREA_STYLE_COLOUR('',#10749);
#11173 = CURVE_STYLE('',#11174,POSITIVE_LENGTH_MEASURE(0.1),#10752);
#11174 = DRAUGHTING_PRE_DEFINED_CURVE_FONT('continuous');
#11175 = MECHANICAL_DESIGN_GEOMETRIC_PRESENTATION_REPRESENTATION('',(
    #11176),#10730);
#11176 = STYLED_ITEM('color',(#11177),#10677);
#11177 = PRESENTATION_STYLE_ASSIGNMENT((#11178,#11183));
#11178 = SURFACE_STYLE_USAGE(.BOTH.,#11179);
#11179 = SURFACE_SIDE_STYLE('',(#11180));
#11180 = SURFACE_STYLE_FILL_AREA(#11181);
#11181 = FILL_AREA_STYLE('',(#11182));
#11182 = FILL_AREA_STYLE_COLOUR('',#10749);
#11183 = CURVE_STYLE('',#11184,POSITIVE_LENGTH_MEASURE(0.1),#10752);
#11184 = DRAUGHTING_PRE_DEFINED_CURVE_FONT('continuous');
#11185 = MECHANICAL_DESIGN_GEOMETRIC_PRESENTATION_REPRESENTATION('',(
    #11186),#10226);
#11186 = STYLED_ITEM('color',(#11187),#10173);
#11187 = PRESENTATION_STYLE_ASSIGNMENT((#11188,#11193));
#11188 = SURFACE_STYLE_USAGE(.BOTH.,#11189);
#11189 = SURFACE_SIDE_STYLE('',(#11190));
#11190 = SURFACE_STYLE_FILL_AREA(#11191);
#11191 = FILL_AREA_STYLE('',(#11192));
#11192 = FILL_AREA_STYLE_COLOUR('',#10749);
#11193 = CURVE_STYLE('',#11194,POSITIVE_LENGTH_MEASURE(0.1),#10752);
#11194 = DRAUGHTING_PRE_DEFINED_CURVE_FONT('continuous');
#11195 = MECHANICAL_DESIGN_GEOMETRIC_PRESENTATION_REPRESENTATION('',(
    #11196),#5335);
#11196 = STYLED_ITEM('color',(#11197),#5282);
#11197 = PRESENTATION_STYLE_ASSIGNMENT((#11198,#11203));
#11198 = SURFACE_STYLE_USAGE(.BOTH.,#11199);
#11199 = SURFACE_SIDE_STYLE('',(#11200));
#11200 = SURFACE_STYLE_FILL_AREA(#11201);
#11201 = FILL_AREA_STYLE('',(#11202));
#11202 = FILL_AREA_STYLE_COLOUR('',#10749);
#11203 = CURVE_STYLE('',#11204,POSITIVE_LENGTH_MEASURE(0.1),#10752);
#11204 = DRAUGHTING_PRE_DEFINED_CURVE_FONT('continuous');
#11205 = MECHANICAL_DESIGN_GEOMETRIC_PRESENTATION_REPRESENTATION('',(
    #11206),#8210);
#11206 = STYLED_ITEM('color',(#11207),#8157);
#11207 = PRESENTATION_STYLE_ASSIGNMENT((#11208,#11213));
#11208 = SURFACE_STYLE_USAGE(.BOTH.,#11209);
#11209 = SURFACE_SIDE_STYLE('',(#11210));
#11210 = SURFACE_STYLE_FILL_AREA(#11211);
#11211 = FILL_AREA_STYLE('',(#11212));
#11212 = FILL_AREA_STYLE_COLOUR('',#10749);
#11213 = CURVE_STYLE('',#11214,POSITIVE_LENGTH_MEASURE(0.1),#10752);
#11214 = DRAUGHTING_PRE_DEFINED_CURVE_FONT('continuous');
#11215 = MECHANICAL_DESIGN_GEOMETRIC_PRESENTATION_REPRESENTATION('',(
    #11216),#9074);
#11216 = STYLED_ITEM('color',(#11217),#9021);
#11217 = PRESENTATION_STYLE_ASSIGNMENT((#11218,#11223));
#11218 = SURFACE_STYLE_USAGE(.BOTH.,#11219);
#11219 = SURFACE_SIDE_STYLE('',(#11220));
#11220 = SURFACE_STYLE_FILL_AREA(#11221);
#11221 = FILL_AREA_STYLE('',(#11222));
#11222 = FILL_AREA_STYLE_COLOUR('',#10749);
#11223 = CURVE_STYLE('',#11224,POSITIVE_LENGTH_MEASURE(0.1),#10752);
#11224 = DRAUGHTING_PRE_DEFINED_CURVE_FONT('continuous');
#11225 = MECHANICAL_DESIGN_GEOMETRIC_PRESENTATION_REPRESENTATION('',(
    #11226),#6487);
#11226 = STYLED_ITEM('color',(#11227),#6434);
#11227 = PRESENTATION_STYLE_ASSIGNMENT((#11228,#11233));
#11228 = SURFACE_STYLE_USAGE(.BOTH.,#11229);
#11229 = SURFACE_SIDE_STYLE('',(#11230));
#11230 = SURFACE_STYLE_FILL_AREA(#11231);
#11231 = FILL_AREA_STYLE('',(#11232));
#11232 = FILL_AREA_STYLE_COLOUR('',#10749);
#11233 = CURVE_STYLE('',#11234,POSITIVE_LENGTH_MEASURE(0.1),#10752);
#11234 = DRAUGHTING_PRE_DEFINED_CURVE_FONT('continuous');
#11235 = MECHANICAL_DESIGN_GEOMETRIC_PRESENTATION_REPRESENTATION('',(
    #11236),#9794);
#11236 = STYLED_ITEM('color',(#11237),#9741);
#11237 = PRESENTATION_STYLE_ASSIGNMENT((#11238,#11243));
#11238 = SURFACE_STYLE_USAGE(.BOTH.,#11239);
#11239 = SURFACE_SIDE_STYLE('',(#11240));
#11240 = SURFACE_STYLE_FILL_AREA(#11241);
#11241 = FILL_AREA_STYLE('',(#11242));
#11242 = FILL_AREA_STYLE_COLOUR('',#10749);
#11243 = CURVE_STYLE('',#11244,POSITIVE_LENGTH_MEASURE(0.1),#10752);
#11244 = DRAUGHTING_PRE_DEFINED_CURVE_FONT('continuous');
#11245 = MECHANICAL_DESIGN_GEOMETRIC_PRESENTATION_REPRESENTATION('',(
    #11246),#5551);
#11246 = STYLED_ITEM('color',(#11247),#5498);
#11247 = PRESENTATION_STYLE_ASSIGNMENT((#11248,#11253));
#11248 = SURFACE_STYLE_USAGE(.BOTH.,#11249);
#11249 = SURFACE_SIDE_STYLE('',(#11250));
#11250 = SURFACE_STYLE_FILL_AREA(#11251);
#11251 = FILL_AREA_STYLE('',(#11252));
#11252 = FILL_AREA_STYLE_COLOUR('',#10749);
#11253 = CURVE_STYLE('',#11254,POSITIVE_LENGTH_MEASURE(0.1),#10752);
#11254 = DRAUGHTING_PRE_DEFINED_CURVE_FONT('continuous');
#11255 = MECHANICAL_DESIGN_GEOMETRIC_PRESENTATION_REPRESENTATION('',(
    #11256),#9290);
#11256 = STYLED_ITEM('color',(#11257),#9237);
#11257 = PRESENTATION_STYLE_ASSIGNMENT((#11258,#11263));
#11258 = SURFACE_STYLE_USAGE(.BOTH.,#11259);
#11259 = SURFACE_SIDE_STYLE('',(#11260));
#11260 = SURFACE_STYLE_FILL_AREA(#11261);
#11261 = FILL_AREA_STYLE('',(#11262));
#11262 = FILL_AREA_STYLE_COLOUR('',#10749);
#11263 = CURVE_STYLE('',#11264,POSITIVE_LENGTH_MEASURE(0.1),#10752);
#11264 = DRAUGHTING_PRE_DEFINED_CURVE_FONT('continuous');
#11265 = MECHANICAL_DESIGN_GEOMETRIC_PRESENTATION_REPRESENTATION('',(
    #11266),#9218);
#11266 = STYLED_ITEM('color',(#11267),#9165);
#11267 = PRESENTATION_STYLE_ASSIGNMENT((#11268,#11273));
#11268 = SURFACE_STYLE_USAGE(.BOTH.,#11269);
#11269 = SURFACE_SIDE_STYLE('',(#11270));
#11270 = SURFACE_STYLE_FILL_AREA(#11271);
#11271 = FILL_AREA_STYLE('',(#11272));
#11272 = FILL_AREA_STYLE_COLOUR('',#10749);
#11273 = CURVE_STYLE('',#11274,POSITIVE_LENGTH_MEASURE(0.1),#10752);
#11274 = DRAUGHTING_PRE_DEFINED_CURVE_FONT('continuous');
#11275 = MECHANICAL_DESIGN_GEOMETRIC_PRESENTATION_REPRESENTATION('',(
    #11276),#9434);
#11276 = STYLED_ITEM('color',(#11277),#9381);
#11277 = PRESENTATION_STYLE_ASSIGNMENT((#11278,#11283));
#11278 = SURFACE_STYLE_USAGE(.BOTH.,#11279);
#11279 = SURFACE_SIDE_STYLE('',(#11280));
#11280 = SURFACE_STYLE_FILL_AREA(#11281);
#11281 = FILL_AREA_STYLE('',(#11282));
#11282 = FILL_AREA_STYLE_COLOUR('',#10749);
#11283 = CURVE_STYLE('',#11284,POSITIVE_LENGTH_MEASURE(0.1),#10752);
#11284 = DRAUGHTING_PRE_DEFINED_CURVE_FONT('continuous');
#11285 = MECHANICAL_DESIGN_GEOMETRIC_PRESENTATION_REPRESENTATION('',(
    #11286),#8426);
#11286 = STYLED_ITEM('color',(#11287),#8373);
#11287 = PRESENTATION_STYLE_ASSIGNMENT((#11288,#11293));
#11288 = SURFACE_STYLE_USAGE(.BOTH.,#11289);
#11289 = SURFACE_SIDE_STYLE('',(#11290));
#11290 = SURFACE_STYLE_FILL_AREA(#11291);
#11291 = FILL_AREA_STYLE('',(#11292));
#11292 = FILL_AREA_STYLE_COLOUR('',#10749);
#11293 = CURVE_STYLE('',#11294,POSITIVE_LENGTH_MEASURE(0.1),#10752);
#11294 = DRAUGHTING_PRE_DEFINED_CURVE_FONT('continuous');
#11295 = MECHANICAL_DESIGN_GEOMETRIC_PRESENTATION_REPRESENTATION('',(
    #11296),#5767);
#11296 = STYLED_ITEM('color',(#11297),#5714);
#11297 = PRESENTATION_STYLE_ASSIGNMENT((#11298,#11303));
#11298 = SURFACE_STYLE_USAGE(.BOTH.,#11299);
#11299 = SURFACE_SIDE_STYLE('',(#11300));
#11300 = SURFACE_STYLE_FILL_AREA(#11301);
#11301 = FILL_AREA_STYLE('',(#11302));
#11302 = FILL_AREA_STYLE_COLOUR('',#10749);
#11303 = CURVE_STYLE('',#11304,POSITIVE_LENGTH_MEASURE(0.1),#10752);
#11304 = DRAUGHTING_PRE_DEFINED_CURVE_FONT('continuous');
#11305 = MECHANICAL_DESIGN_GEOMETRIC_PRESENTATION_REPRESENTATION('',(
    #11306),#8354);
#11306 = STYLED_ITEM('color',(#11307),#8301);
#11307 = PRESENTATION_STYLE_ASSIGNMENT((#11308,#11313));
#11308 = SURFACE_STYLE_USAGE(.BOTH.,#11309);
#11309 = SURFACE_SIDE_STYLE('',(#11310));
#11310 = SURFACE_STYLE_FILL_AREA(#11311);
#11311 = FILL_AREA_STYLE('',(#11312));
#11312 = FILL_AREA_STYLE_COLOUR('',#10749);
#11313 = CURVE_STYLE('',#11314,POSITIVE_LENGTH_MEASURE(0.1),#10752);
#11314 = DRAUGHTING_PRE_DEFINED_CURVE_FONT('continuous');
#11315 = MECHANICAL_DESIGN_GEOMETRIC_PRESENTATION_REPRESENTATION('',(
    #11316),#10082);
#11316 = STYLED_ITEM('color',(#11317),#10029);
#11317 = PRESENTATION_STYLE_ASSIGNMENT((#11318,#11323));
#11318 = SURFACE_STYLE_USAGE(.BOTH.,#11319);
#11319 = SURFACE_SIDE_STYLE('',(#11320));
#11320 = SURFACE_STYLE_FILL_AREA(#11321);
#11321 = FILL_AREA_STYLE('',(#11322));
#11322 = FILL_AREA_STYLE_COLOUR('',#10749);
#11323 = CURVE_STYLE('',#11324,POSITIVE_LENGTH_MEASURE(0.1),#10752);
#11324 = DRAUGHTING_PRE_DEFINED_CURVE_FONT('continuous');
#11325 = MECHANICAL_DESIGN_GEOMETRIC_PRESENTATION_REPRESENTATION('',(
    #11326),#7778);
#11326 = STYLED_ITEM('color',(#11327),#7725);
#11327 = PRESENTATION_STYLE_ASSIGNMENT((#11328,#11333));
#11328 = SURFACE_STYLE_USAGE(.BOTH.,#11329);
#11329 = SURFACE_SIDE_STYLE('',(#11330));
#11330 = SURFACE_STYLE_FILL_AREA(#11331);
#11331 = FILL_AREA_STYLE('',(#11332));
#11332 = FILL_AREA_STYLE_COLOUR('',#10749);
#11333 = CURVE_STYLE('',#11334,POSITIVE_LENGTH_MEASURE(0.1),#10752);
#11334 = DRAUGHTING_PRE_DEFINED_CURVE_FONT('continuous');
#11335 = MECHANICAL_DESIGN_GEOMETRIC_PRESENTATION_REPRESENTATION('',(
    #11336),#7706);
#11336 = STYLED_ITEM('color',(#11337),#7653);
#11337 = PRESENTATION_STYLE_ASSIGNMENT((#11338,#11343));
#11338 = SURFACE_STYLE_USAGE(.BOTH.,#11339);
#11339 = SURFACE_SIDE_STYLE('',(#11340));
#11340 = SURFACE_STYLE_FILL_AREA(#11341);
#11341 = FILL_AREA_STYLE('',(#11342));
#11342 = FILL_AREA_STYLE_COLOUR('',#10749);
#11343 = CURVE_STYLE('',#11344,POSITIVE_LENGTH_MEASURE(0.1),#10752);
#11344 = DRAUGHTING_PRE_DEFINED_CURVE_FONT('continuous');
#11345 = MECHANICAL_DESIGN_GEOMETRIC_PRESENTATION_REPRESENTATION('',(
    #11346),#10442);
#11346 = STYLED_ITEM('color',(#11347),#10389);
#11347 = PRESENTATION_STYLE_ASSIGNMENT((#11348,#11353));
#11348 = SURFACE_STYLE_USAGE(.BOTH.,#11349);
#11349 = SURFACE_SIDE_STYLE('',(#11350));
#11350 = SURFACE_STYLE_FILL_AREA(#11351);
#11351 = FILL_AREA_STYLE('',(#11352));
#11352 = FILL_AREA_STYLE_COLOUR('',#10749);
#11353 = CURVE_STYLE('',#11354,POSITIVE_LENGTH_MEASURE(0.1),#10752);
#11354 = DRAUGHTING_PRE_DEFINED_CURVE_FONT('continuous');
#11355 = MECHANICAL_DESIGN_GEOMETRIC_PRESENTATION_REPRESENTATION('',(
    #11356),#8642);
#11356 = STYLED_ITEM('color',(#11357),#8589);
#11357 = PRESENTATION_STYLE_ASSIGNMENT((#11358,#11363));
#11358 = SURFACE_STYLE_USAGE(.BOTH.,#11359);
#11359 = SURFACE_SIDE_STYLE('',(#11360));
#11360 = SURFACE_STYLE_FILL_AREA(#11361);
#11361 = FILL_AREA_STYLE('',(#11362));
#11362 = FILL_AREA_STYLE_COLOUR('',#10749);
#11363 = CURVE_STYLE('',#11364,POSITIVE_LENGTH_MEASURE(0.1),#10752);
#11364 = DRAUGHTING_PRE_DEFINED_CURVE_FONT('continuous');
#11365 = MECHANICAL_DESIGN_GEOMETRIC_PRESENTATION_REPRESENTATION('',(
    #11366),#6271);
#11366 = STYLED_ITEM('color',(#11367),#6218);
#11367 = PRESENTATION_STYLE_ASSIGNMENT((#11368,#11373));
#11368 = SURFACE_STYLE_USAGE(.BOTH.,#11369);
#11369 = SURFACE_SIDE_STYLE('',(#11370));
#11370 = SURFACE_STYLE_FILL_AREA(#11371);
#11371 = FILL_AREA_STYLE('',(#11372));
#11372 = FILL_AREA_STYLE_COLOUR('',#10749);
#11373 = CURVE_STYLE('',#11374,POSITIVE_LENGTH_MEASURE(0.1),#10752);
#11374 = DRAUGHTING_PRE_DEFINED_CURVE_FONT('continuous');
#11375 = MECHANICAL_DESIGN_GEOMETRIC_PRESENTATION_REPRESENTATION('',(
    #11376),#4903);
#11376 = STYLED_ITEM('color',(#11377),#4850);
#11377 = PRESENTATION_STYLE_ASSIGNMENT((#11378,#11383));
#11378 = SURFACE_STYLE_USAGE(.BOTH.,#11379);
#11379 = SURFACE_SIDE_STYLE('',(#11380));
#11380 = SURFACE_STYLE_FILL_AREA(#11381);
#11381 = FILL_AREA_STYLE('',(#11382));
#11382 = FILL_AREA_STYLE_COLOUR('',#10749);
#11383 = CURVE_STYLE('',#11384,POSITIVE_LENGTH_MEASURE(0.1),#10752);
#11384 = DRAUGHTING_PRE_DEFINED_CURVE_FONT('continuous');
#11385 = MECHANICAL_DESIGN_GEOMETRIC_PRESENTATION_REPRESENTATION('',(
    #11386),#8786);
#11386 = STYLED_ITEM('color',(#11387),#8733);
#11387 = PRESENTATION_STYLE_ASSIGNMENT((#11388,#11393));
#11388 = SURFACE_STYLE_USAGE(.BOTH.,#11389);
#11389 = SURFACE_SIDE_STYLE('',(#11390));
#11390 = SURFACE_STYLE_FILL_AREA(#11391);
#11391 = FILL_AREA_STYLE('',(#11392));
#11392 = FILL_AREA_STYLE_COLOUR('',#10749);
#11393 = CURVE_STYLE('',#11394,POSITIVE_LENGTH_MEASURE(0.1),#10752);
#11394 = DRAUGHTING_PRE_DEFINED_CURVE_FONT('continuous');
#11395 = MECHANICAL_DESIGN_GEOMETRIC_PRESENTATION_REPRESENTATION('',(
    #11396),#8066);
#11396 = STYLED_ITEM('color',(#11397),#8013);
#11397 = PRESENTATION_STYLE_ASSIGNMENT((#11398,#11403));
#11398 = SURFACE_STYLE_USAGE(.BOTH.,#11399);
#11399 = SURFACE_SIDE_STYLE('',(#11400));
#11400 = SURFACE_STYLE_FILL_AREA(#11401);
#11401 = FILL_AREA_STYLE('',(#11402));
#11402 = FILL_AREA_STYLE_COLOUR('',#10749);
#11403 = CURVE_STYLE('',#11404,POSITIVE_LENGTH_MEASURE(0.1),#10752);
#11404 = DRAUGHTING_PRE_DEFINED_CURVE_FONT('continuous');
#11405 = MECHANICAL_DESIGN_GEOMETRIC_PRESENTATION_REPRESENTATION('',(
    #11406),#5983);
#11406 = STYLED_ITEM('color',(#11407),#5930);
#11407 = PRESENTATION_STYLE_ASSIGNMENT((#11408,#11413));
#11408 = SURFACE_STYLE_USAGE(.BOTH.,#11409);
#11409 = SURFACE_SIDE_STYLE('',(#11410));
#11410 = SURFACE_STYLE_FILL_AREA(#11411);
#11411 = FILL_AREA_STYLE('',(#11412));
#11412 = FILL_AREA_STYLE_COLOUR('',#10749);
#11413 = CURVE_STYLE('',#11414,POSITIVE_LENGTH_MEASURE(0.1),#10752);
#11414 = DRAUGHTING_PRE_DEFINED_CURVE_FONT('continuous');
#11415 = MECHANICAL_DESIGN_GEOMETRIC_PRESENTATION_REPRESENTATION('',(
    #11416),#7058);
#11416 = STYLED_ITEM('color',(#11417),#7005);
#11417 = PRESENTATION_STYLE_ASSIGNMENT((#11418,#11423));
#11418 = SURFACE_STYLE_USAGE(.BOTH.,#11419);
#11419 = SURFACE_SIDE_STYLE('',(#11420));
#11420 = SURFACE_STYLE_FILL_AREA(#11421);
#11421 = FILL_AREA_STYLE('',(#11422));
#11422 = FILL_AREA_STYLE_COLOUR('',#10749);
#11423 = CURVE_STYLE('',#11424,POSITIVE_LENGTH_MEASURE(0.1),#10752);
#11424 = DRAUGHTING_PRE_DEFINED_CURVE_FONT('continuous');
#11425 = MECHANICAL_DESIGN_GEOMETRIC_PRESENTATION_REPRESENTATION('',(
    #11426),#5191);
#11426 = STYLED_ITEM('color',(#11427),#5138);
#11427 = PRESENTATION_STYLE_ASSIGNMENT((#11428,#11433));
#11428 = SURFACE_STYLE_USAGE(.BOTH.,#11429);
#11429 = SURFACE_SIDE_STYLE('',(#11430));
#11430 = SURFACE_STYLE_FILL_AREA(#11431);
#11431 = FILL_AREA_STYLE('',(#11432));
#11432 = FILL_AREA_STYLE_COLOUR('',#10749);
#11433 = CURVE_STYLE('',#11434,POSITIVE_LENGTH_MEASURE(0.1),#10752);
#11434 = DRAUGHTING_PRE_DEFINED_CURVE_FONT('continuous');
#11435 = MECHANICAL_DESIGN_GEOMETRIC_PRESENTATION_REPRESENTATION('',(
    #11436),#6415);
#11436 = STYLED_ITEM('color',(#11437),#6362);
#11437 = PRESENTATION_STYLE_ASSIGNMENT((#11438,#11443));
#11438 = SURFACE_STYLE_USAGE(.BOTH.,#11439);
#11439 = SURFACE_SIDE_STYLE('',(#11440));
#11440 = SURFACE_STYLE_FILL_AREA(#11441);
#11441 = FILL_AREA_STYLE('',(#11442));
#11442 = FILL_AREA_STYLE_COLOUR('',#10749);
#11443 = CURVE_STYLE('',#11444,POSITIVE_LENGTH_MEASURE(0.1),#10752);
#11444 = DRAUGHTING_PRE_DEFINED_CURVE_FONT('continuous');
#11445 = MECHANICAL_DESIGN_GEOMETRIC_PRESENTATION_REPRESENTATION('',(
    #11446),#4687);
#11446 = STYLED_ITEM('color',(#11447),#4634);
#11447 = PRESENTATION_STYLE_ASSIGNMENT((#11448,#11453));
#11448 = SURFACE_STYLE_USAGE(.BOTH.,#11449);
#11449 = SURFACE_SIDE_STYLE('',(#11450));
#11450 = SURFACE_STYLE_FILL_AREA(#11451);
#11451 = FILL_AREA_STYLE('',(#11452));
#11452 = FILL_AREA_STYLE_COLOUR('',#10749);
#11453 = CURVE_STYLE('',#11454,POSITIVE_LENGTH_MEASURE(0.1),#10752);
#11454 = DRAUGHTING_PRE_DEFINED_CURVE_FONT('continuous');
#11455 = MECHANICAL_DESIGN_GEOMETRIC_PRESENTATION_REPRESENTATION('',(
    #11456),#7994);
#11456 = STYLED_ITEM('color',(#11457),#7941);
#11457 = PRESENTATION_STYLE_ASSIGNMENT((#11458,#11463));
#11458 = SURFACE_STYLE_USAGE(.BOTH.,#11459);
#11459 = SURFACE_SIDE_STYLE('',(#11460));
#11460 = SURFACE_STYLE_FILL_AREA(#11461);
#11461 = FILL_AREA_STYLE('',(#11462));
#11462 = FILL_AREA_STYLE_COLOUR('',#10749);
#11463 = CURVE_STYLE('',#11464,POSITIVE_LENGTH_MEASURE(0.1),#10752);
#11464 = DRAUGHTING_PRE_DEFINED_CURVE_FONT('continuous');
#11465 = MECHANICAL_DESIGN_GEOMETRIC_PRESENTATION_REPRESENTATION('',(
    #11466),#10514);
#11466 = STYLED_ITEM('color',(#11467),#10461);
#11467 = PRESENTATION_STYLE_ASSIGNMENT((#11468,#11473));
#11468 = SURFACE_STYLE_USAGE(.BOTH.,#11469);
#11469 = SURFACE_SIDE_STYLE('',(#11470));
#11470 = SURFACE_STYLE_FILL_AREA(#11471);
#11471 = FILL_AREA_STYLE('',(#11472));
#11472 = FILL_AREA_STYLE_COLOUR('',#10749);
#11473 = CURVE_STYLE('',#11474,POSITIVE_LENGTH_MEASURE(0.1),#10752);
#11474 = DRAUGHTING_PRE_DEFINED_CURVE_FONT('continuous');
#11475 = MECHANICAL_DESIGN_GEOMETRIC_PRESENTATION_REPRESENTATION('',(
    #11476),#8282);
#11476 = STYLED_ITEM('color',(#11477),#8229);
#11477 = PRESENTATION_STYLE_ASSIGNMENT((#11478,#11483));
#11478 = SURFACE_STYLE_USAGE(.BOTH.,#11479);
#11479 = SURFACE_SIDE_STYLE('',(#11480));
#11480 = SURFACE_STYLE_FILL_AREA(#11481);
#11481 = FILL_AREA_STYLE('',(#11482));
#11482 = FILL_AREA_STYLE_COLOUR('',#10749);
#11483 = CURVE_STYLE('',#11484,POSITIVE_LENGTH_MEASURE(0.1),#10752);
#11484 = DRAUGHTING_PRE_DEFINED_CURVE_FONT('continuous');
#11485 = MECHANICAL_DESIGN_GEOMETRIC_PRESENTATION_REPRESENTATION('',(
    #11486),#5047);
#11486 = STYLED_ITEM('color',(#11487),#4994);
#11487 = PRESENTATION_STYLE_ASSIGNMENT((#11488,#11493));
#11488 = SURFACE_STYLE_USAGE(.BOTH.,#11489);
#11489 = SURFACE_SIDE_STYLE('',(#11490));
#11490 = SURFACE_STYLE_FILL_AREA(#11491);
#11491 = FILL_AREA_STYLE('',(#11492));
#11492 = FILL_AREA_STYLE_COLOUR('',#10749);
#11493 = CURVE_STYLE('',#11494,POSITIVE_LENGTH_MEASURE(0.1),#10752);
#11494 = DRAUGHTING_PRE_DEFINED_CURVE_FONT('continuous');
#11495 = MECHANICAL_DESIGN_GEOMETRIC_PRESENTATION_REPRESENTATION('',(
    #11496),#10586);
#11496 = STYLED_ITEM('color',(#11497),#10533);
#11497 = PRESENTATION_STYLE_ASSIGNMENT((#11498,#11503));
#11498 = SURFACE_STYLE_USAGE(.BOTH.,#11499);
#11499 = SURFACE_SIDE_STYLE('',(#11500));
#11500 = SURFACE_STYLE_FILL_AREA(#11501);
#11501 = FILL_AREA_STYLE('',(#11502));
#11502 = FILL_AREA_STYLE_COLOUR('',#10749);
#11503 = CURVE_STYLE('',#11504,POSITIVE_LENGTH_MEASURE(0.1),#10752);
#11504 = DRAUGHTING_PRE_DEFINED_CURVE_FONT('continuous');
#11505 = MECHANICAL_DESIGN_GEOMETRIC_PRESENTATION_REPRESENTATION('',(
    #11506),#10010);
#11506 = STYLED_ITEM('color',(#11507),#9957);
#11507 = PRESENTATION_STYLE_ASSIGNMENT((#11508,#11513));
#11508 = SURFACE_STYLE_USAGE(.BOTH.,#11509);
#11509 = SURFACE_SIDE_STYLE('',(#11510));
#11510 = SURFACE_STYLE_FILL_AREA(#11511);
#11511 = FILL_AREA_STYLE('',(#11512));
#11512 = FILL_AREA_STYLE_COLOUR('',#10749);
#11513 = CURVE_STYLE('',#11514,POSITIVE_LENGTH_MEASURE(0.1),#10752);
#11514 = DRAUGHTING_PRE_DEFINED_CURVE_FONT('continuous');
#11515 = MECHANICAL_DESIGN_GEOMETRIC_PRESENTATION_REPRESENTATION('',(
    #11516),#8858);
#11516 = STYLED_ITEM('color',(#11517),#8805);
#11517 = PRESENTATION_STYLE_ASSIGNMENT((#11518,#11523));
#11518 = SURFACE_STYLE_USAGE(.BOTH.,#11519);
#11519 = SURFACE_SIDE_STYLE('',(#11520));
#11520 = SURFACE_STYLE_FILL_AREA(#11521);
#11521 = FILL_AREA_STYLE('',(#11522));
#11522 = FILL_AREA_STYLE_COLOUR('',#10749);
#11523 = CURVE_STYLE('',#11524,POSITIVE_LENGTH_MEASURE(0.1),#10752);
#11524 = DRAUGHTING_PRE_DEFINED_CURVE_FONT('continuous');
#11525 = MECHANICAL_DESIGN_GEOMETRIC_PRESENTATION_REPRESENTATION('',(
    #11526),#5407);
#11526 = STYLED_ITEM('color',(#11527),#5354);
#11527 = PRESENTATION_STYLE_ASSIGNMENT((#11528,#11533));
#11528 = SURFACE_STYLE_USAGE(.BOTH.,#11529);
#11529 = SURFACE_SIDE_STYLE('',(#11530));
#11530 = SURFACE_STYLE_FILL_AREA(#11531);
#11531 = FILL_AREA_STYLE('',(#11532));
#11532 = FILL_AREA_STYLE_COLOUR('',#10749);
#11533 = CURVE_STYLE('',#11534,POSITIVE_LENGTH_MEASURE(0.1),#10752);
#11534 = DRAUGHTING_PRE_DEFINED_CURVE_FONT('continuous');
#11535 = MECHANICAL_DESIGN_GEOMETRIC_PRESENTATION_REPRESENTATION('',(
    #11536),#9722);
#11536 = STYLED_ITEM('color',(#11537),#9669);
#11537 = PRESENTATION_STYLE_ASSIGNMENT((#11538,#11543));
#11538 = SURFACE_STYLE_USAGE(.BOTH.,#11539);
#11539 = SURFACE_SIDE_STYLE('',(#11540));
#11540 = SURFACE_STYLE_FILL_AREA(#11541);
#11541 = FILL_AREA_STYLE('',(#11542));
#11542 = FILL_AREA_STYLE_COLOUR('',#10749);
#11543 = CURVE_STYLE('',#11544,POSITIVE_LENGTH_MEASURE(0.1),#10752);
#11544 = DRAUGHTING_PRE_DEFINED_CURVE_FONT('continuous');
#11545 = MECHANICAL_DESIGN_GEOMETRIC_PRESENTATION_REPRESENTATION('',(
    #11546),#5911);
#11546 = STYLED_ITEM('color',(#11547),#5858);
#11547 = PRESENTATION_STYLE_ASSIGNMENT((#11548,#11553));
#11548 = SURFACE_STYLE_USAGE(.BOTH.,#11549);
#11549 = SURFACE_SIDE_STYLE('',(#11550));
#11550 = SURFACE_STYLE_FILL_AREA(#11551);
#11551 = FILL_AREA_STYLE('',(#11552));
#11552 = FILL_AREA_STYLE_COLOUR('',#10749);
#11553 = CURVE_STYLE('',#11554,POSITIVE_LENGTH_MEASURE(0.1),#10752);
#11554 = DRAUGHTING_PRE_DEFINED_CURVE_FONT('continuous');
#11555 = MECHANICAL_DESIGN_GEOMETRIC_PRESENTATION_REPRESENTATION('',(
    #11556),#9578);
#11556 = STYLED_ITEM('color',(#11557),#9525);
#11557 = PRESENTATION_STYLE_ASSIGNMENT((#11558,#11563));
#11558 = SURFACE_STYLE_USAGE(.BOTH.,#11559);
#11559 = SURFACE_SIDE_STYLE('',(#11560));
#11560 = SURFACE_STYLE_FILL_AREA(#11561);
#11561 = FILL_AREA_STYLE('',(#11562));
#11562 = FILL_AREA_STYLE_COLOUR('',#10749);
#11563 = CURVE_STYLE('',#11564,POSITIVE_LENGTH_MEASURE(0.1),#10752);
#11564 = DRAUGHTING_PRE_DEFINED_CURVE_FONT('continuous');
#11565 = MECHANICAL_DESIGN_GEOMETRIC_PRESENTATION_REPRESENTATION('',(
    #11566),#7346);
#11566 = STYLED_ITEM('color',(#11567),#7293);
#11567 = PRESENTATION_STYLE_ASSIGNMENT((#11568,#11573));
#11568 = SURFACE_STYLE_USAGE(.BOTH.,#11569);
#11569 = SURFACE_SIDE_STYLE('',(#11570));
#11570 = SURFACE_STYLE_FILL_AREA(#11571);
#11571 = FILL_AREA_STYLE('',(#11572));
#11572 = FILL_AREA_STYLE_COLOUR('',#10749);
#11573 = CURVE_STYLE('',#11574,POSITIVE_LENGTH_MEASURE(0.1),#10752);
#11574 = DRAUGHTING_PRE_DEFINED_CURVE_FONT('continuous');
ENDSEC;
END-ISO-10303-21;
