ISO-10303-21;
HEADER;
/* Generated by software containing ST-Developer
 * from STEP Tools, Inc. (www.steptools.com) 
 */
/* OPTION: using custom renumber hook */

FILE_DESCRIPTION(
/* description */ ('STEP AP214'),
/* implementation_level */ '2;1');

FILE_NAME(
/* name */ 'FSH-110-04-L-DH-SL-TR',
/* time_stamp */ '2026-09-27T01:00:46+02:00',
/* author */ ('License CC BY-ND 4.0'),
/* organization */ ('CADENAS'),
/* preprocessor_version */ 'ST-DEVELOPER v20',
/* originating_system */ 'PARTsolutions',
/* authorisation */ '  ');

FILE_SCHEMA (('AUTOMOTIVE_DESIGN {1 0 10303 214 3 1 1}'));
ENDSEC;

DATA;
#10=PROPERTY_DEFINITION_REPRESENTATION(#14,#12);
#11=PROPERTY_DEFINITION_REPRESENTATION(#15,#13);
#12=REPRESENTATION('',(#16),#15519);
#13=REPRESENTATION('',(#17),#15519);
#14=PROPERTY_DEFINITION('pmi validation property','',#15531);
#15=PROPERTY_DEFINITION('pmi validation property','',#15531);
#16=VALUE_REPRESENTATION_ITEM('number of annotations',COUNT_MEASURE(0.));
#17=VALUE_REPRESENTATION_ITEM('number of views',COUNT_MEASURE(0.));
#18=DRAUGHTING_PRE_DEFINED_COLOUR('yellow');
#19=CONTEXT_DEPENDENT_SHAPE_REPRESENTATION(#23,#15533);
#20=CONTEXT_DEPENDENT_SHAPE_REPRESENTATION(#24,#15535);
#21=NEXT_ASSEMBLY_USAGE_OCCURRENCE('NAUO1','FSH-110-04-L-DH-SL-TR_body',
'FSH-110-04-L-DH-SL-TR_body',#15536,#15537,'');
#22=NEXT_ASSEMBLY_USAGE_OCCURRENCE('NAUO2','FSH-110-04-L-DH-SL-TR_pins',
'FSH-110-04-L-DH-SL-TR_pins',#15536,#15538,'');
#23=(
REPRESENTATION_RELATIONSHIP(' ',' ',#9604,#9603)
REPRESENTATION_RELATIONSHIP_WITH_TRANSFORMATION(#25)
SHAPE_REPRESENTATION_RELATIONSHIP()
);
#24=(
REPRESENTATION_RELATIONSHIP(' ',' ',#9605,#9603)
REPRESENTATION_RELATIONSHIP_WITH_TRANSFORMATION(#26)
SHAPE_REPRESENTATION_RELATIONSHIP()
);
#25=ITEM_DEFINED_TRANSFORMATION(' ',' ',#9606,#9685);
#26=ITEM_DEFINED_TRANSFORMATION(' ',' ',#9606,#10244);
#27=SHAPE_REPRESENTATION_RELATIONSHIP('','',#9604,#29);
#28=SHAPE_REPRESENTATION_RELATIONSHIP('','',#9605,#30);
#29=ADVANCED_BREP_SHAPE_REPRESENTATION('',(#9598),#15520);
#30=ADVANCED_BREP_SHAPE_REPRESENTATION('',(#9599),#15521);
#31=CONICAL_SURFACE('',#9671,0.025,0.785398163397449);
#32=CONICAL_SURFACE('',#9678,0.025,0.785398163397449);
#33=PLANE('',#9615);
#34=PLANE('',#9616);
#35=PLANE('',#9617);
#36=PLANE('',#9618);
#37=PLANE('',#9619);
#38=PLANE('',#9620);
#39=PLANE('',#9621);
#40=PLANE('',#9622);
#41=PLANE('',#9623);
#42=PLANE('',#9624);
#43=PLANE('',#9625);
#44=PLANE('',#9626);
#45=PLANE('',#9627);
#46=PLANE('',#9628);
#47=PLANE('',#9629);
#48=PLANE('',#9630);
#49=PLANE('',#9631);
#50=PLANE('',#9632);
#51=PLANE('',#9633);
#52=PLANE('',#9634);
#53=PLANE('',#9635);
#54=PLANE('',#9636);
#55=PLANE('',#9637);
#56=PLANE('',#9638);
#57=PLANE('',#9639);
#58=PLANE('',#9640);
#59=PLANE('',#9641);
#60=PLANE('',#9642);
#61=PLANE('',#9643);
#62=PLANE('',#9644);
#63=PLANE('',#9645);
#64=PLANE('',#9646);
#65=PLANE('',#9647);
#66=PLANE('',#9648);
#67=PLANE('',#9649);
#68=PLANE('',#9650);
#69=PLANE('',#9651);
#70=PLANE('',#9652);
#71=PLANE('',#9653);
#72=PLANE('',#9654);
#73=PLANE('',#9655);
#74=PLANE('',#9656);
#75=PLANE('',#9657);
#76=PLANE('',#9658);
#77=PLANE('',#9659);
#78=PLANE('',#9660);
#79=PLANE('',#9661);
#80=PLANE('',#9662);
#81=PLANE('',#9663);
#82=PLANE('',#9664);
#83=PLANE('',#9665);
#84=PLANE('',#9666);
#85=PLANE('',#9667);
#86=PLANE('',#9668);
#87=PLANE('',#9669);
#88=PLANE('',#9670);
#89=PLANE('',#9673);
#90=PLANE('',#9674);
#91=PLANE('',#9676);
#92=PLANE('',#9680);
#93=PLANE('',#9681);
#94=PLANE('',#9683);
#95=PLANE('',#9686);
#96=PLANE('',#9687);
#97=PLANE('',#9688);
#98=PLANE('',#9689);
#99=PLANE('',#9690);
#100=PLANE('',#9691);
#101=PLANE('',#9692);
#102=PLANE('',#9693);
#103=PLANE('',#9694);
#104=PLANE('',#9695);
#105=PLANE('',#9696);
#106=PLANE('',#9697);
#107=PLANE('',#9698);
#108=PLANE('',#9699);
#109=PLANE('',#9700);
#110=PLANE('',#9701);
#111=PLANE('',#9702);
#112=PLANE('',#9703);
#113=PLANE('',#9704);
#114=PLANE('',#9705);
#115=PLANE('',#9706);
#116=PLANE('',#9707);
#117=PLANE('',#9708);
#118=PLANE('',#9709);
#119=PLANE('',#9710);
#120=PLANE('',#9711);
#121=PLANE('',#9712);
#122=PLANE('',#9713);
#123=PLANE('',#9714);
#124=PLANE('',#9715);
#125=PLANE('',#9716);
#126=PLANE('',#9717);
#127=PLANE('',#9718);
#128=PLANE('',#9719);
#129=PLANE('',#9720);
#130=PLANE('',#9721);
#131=PLANE('',#9722);
#132=PLANE('',#9723);
#133=PLANE('',#9724);
#134=PLANE('',#9725);
#135=PLANE('',#9726);
#136=PLANE('',#9727);
#137=PLANE('',#9728);
#138=PLANE('',#9729);
#139=PLANE('',#9730);
#140=PLANE('',#9731);
#141=PLANE('',#9732);
#142=PLANE('',#9733);
#143=PLANE('',#9734);
#144=PLANE('',#9735);
#145=PLANE('',#9736);
#146=PLANE('',#9737);
#147=PLANE('',#9738);
#148=PLANE('',#9739);
#149=PLANE('',#9767);
#150=PLANE('',#9768);
#151=PLANE('',#9769);
#152=PLANE('',#9770);
#153=PLANE('',#9771);
#154=PLANE('',#9772);
#155=PLANE('',#9773);
#156=PLANE('',#9774);
#157=PLANE('',#9775);
#158=PLANE('',#9803);
#159=PLANE('',#9804);
#160=PLANE('',#9805);
#161=PLANE('',#9806);
#162=PLANE('',#9807);
#163=PLANE('',#9808);
#164=PLANE('',#9809);
#165=PLANE('',#9810);
#166=PLANE('',#9811);
#167=PLANE('',#9812);
#168=PLANE('',#9813);
#169=PLANE('',#9814);
#170=PLANE('',#9815);
#171=PLANE('',#9816);
#172=PLANE('',#9817);
#173=PLANE('',#9818);
#174=PLANE('',#9819);
#175=PLANE('',#9820);
#176=PLANE('',#9821);
#177=PLANE('',#9822);
#178=PLANE('',#9823);
#179=PLANE('',#9824);
#180=PLANE('',#9825);
#181=PLANE('',#9826);
#182=PLANE('',#9827);
#183=PLANE('',#9828);
#184=PLANE('',#9829);
#185=PLANE('',#9857);
#186=PLANE('',#9858);
#187=PLANE('',#9859);
#188=PLANE('',#9860);
#189=PLANE('',#9861);
#190=PLANE('',#9862);
#191=PLANE('',#9863);
#192=PLANE('',#9864);
#193=PLANE('',#9865);
#194=PLANE('',#9920);
#195=PLANE('',#9921);
#196=PLANE('',#9922);
#197=PLANE('',#9923);
#198=PLANE('',#9924);
#199=PLANE('',#9925);
#200=PLANE('',#9926);
#201=PLANE('',#9927);
#202=PLANE('',#9928);
#203=PLANE('',#9956);
#204=PLANE('',#9957);
#205=PLANE('',#9958);
#206=PLANE('',#9959);
#207=PLANE('',#9960);
#208=PLANE('',#9961);
#209=PLANE('',#9962);
#210=PLANE('',#9963);
#211=PLANE('',#9964);
#212=PLANE('',#9965);
#213=PLANE('',#9966);
#214=PLANE('',#9967);
#215=PLANE('',#9968);
#216=PLANE('',#9969);
#217=PLANE('',#9970);
#218=PLANE('',#9971);
#219=PLANE('',#9972);
#220=PLANE('',#9973);
#221=PLANE('',#9974);
#222=PLANE('',#9975);
#223=PLANE('',#9976);
#224=PLANE('',#9977);
#225=PLANE('',#9978);
#226=PLANE('',#9979);
#227=PLANE('',#9980);
#228=PLANE('',#9981);
#229=PLANE('',#9982);
#230=PLANE('',#10010);
#231=PLANE('',#10011);
#232=PLANE('',#10012);
#233=PLANE('',#10013);
#234=PLANE('',#10014);
#235=PLANE('',#10015);
#236=PLANE('',#10016);
#237=PLANE('',#10017);
#238=PLANE('',#10018);
#239=PLANE('',#10046);
#240=PLANE('',#10047);
#241=PLANE('',#10048);
#242=PLANE('',#10049);
#243=PLANE('',#10050);
#244=PLANE('',#10051);
#245=PLANE('',#10052);
#246=PLANE('',#10053);
#247=PLANE('',#10054);
#248=PLANE('',#10055);
#249=PLANE('',#10059);
#250=PLANE('',#10063);
#251=PLANE('',#10064);
#252=PLANE('',#10065);
#253=PLANE('',#10069);
#254=PLANE('',#10073);
#255=PLANE('',#10074);
#256=PLANE('',#10075);
#257=PLANE('',#10079);
#258=PLANE('',#10083);
#259=PLANE('',#10084);
#260=PLANE('',#10085);
#261=PLANE('',#10089);
#262=PLANE('',#10093);
#263=PLANE('',#10094);
#264=PLANE('',#10095);
#265=PLANE('',#10096);
#266=PLANE('',#10097);
#267=PLANE('',#10098);
#268=PLANE('',#10099);
#269=PLANE('',#10100);
#270=PLANE('',#10101);
#271=PLANE('',#10102);
#272=PLANE('',#10103);
#273=PLANE('',#10104);
#274=PLANE('',#10105);
#275=PLANE('',#10106);
#276=PLANE('',#10107);
#277=PLANE('',#10108);
#278=PLANE('',#10109);
#279=PLANE('',#10110);
#280=PLANE('',#10111);
#281=PLANE('',#10112);
#282=PLANE('',#10113);
#283=PLANE('',#10114);
#284=PLANE('',#10115);
#285=PLANE('',#10116);
#286=PLANE('',#10117);
#287=PLANE('',#10118);
#288=PLANE('',#10119);
#289=PLANE('',#10120);
#290=PLANE('',#10121);
#291=PLANE('',#10122);
#292=PLANE('',#10123);
#293=PLANE('',#10124);
#294=PLANE('',#10125);
#295=PLANE('',#10126);
#296=PLANE('',#10127);
#297=PLANE('',#10128);
#298=PLANE('',#10129);
#299=PLANE('',#10130);
#300=PLANE('',#10131);
#301=PLANE('',#10132);
#302=PLANE('',#10133);
#303=PLANE('',#10134);
#304=PLANE('',#10135);
#305=PLANE('',#10136);
#306=PLANE('',#10137);
#307=PLANE('',#10138);
#308=PLANE('',#10139);
#309=PLANE('',#10140);
#310=PLANE('',#10141);
#311=PLANE('',#10142);
#312=PLANE('',#10143);
#313=PLANE('',#10144);
#314=PLANE('',#10145);
#315=PLANE('',#10146);
#316=PLANE('',#10147);
#317=PLANE('',#10148);
#318=PLANE('',#10149);
#319=PLANE('',#10150);
#320=PLANE('',#10151);
#321=PLANE('',#10152);
#322=PLANE('',#10153);
#323=PLANE('',#10154);
#324=PLANE('',#10155);
#325=PLANE('',#10156);
#326=PLANE('',#10157);
#327=PLANE('',#10158);
#328=PLANE('',#10159);
#329=PLANE('',#10160);
#330=PLANE('',#10161);
#331=PLANE('',#10162);
#332=PLANE('',#10163);
#333=PLANE('',#10164);
#334=PLANE('',#10165);
#335=PLANE('',#10166);
#336=PLANE('',#10167);
#337=PLANE('',#10168);
#338=PLANE('',#10169);
#339=PLANE('',#10170);
#340=PLANE('',#10171);
#341=PLANE('',#10172);
#342=PLANE('',#10173);
#343=PLANE('',#10174);
#344=PLANE('',#10175);
#345=PLANE('',#10176);
#346=PLANE('',#10177);
#347=PLANE('',#10178);
#348=PLANE('',#10179);
#349=PLANE('',#10180);
#350=PLANE('',#10181);
#351=PLANE('',#10182);
#352=PLANE('',#10183);
#353=PLANE('',#10184);
#354=PLANE('',#10185);
#355=PLANE('',#10186);
#356=PLANE('',#10187);
#357=PLANE('',#10188);
#358=PLANE('',#10189);
#359=PLANE('',#10190);
#360=PLANE('',#10191);
#361=PLANE('',#10192);
#362=PLANE('',#10193);
#363=PLANE('',#10194);
#364=PLANE('',#10195);
#365=PLANE('',#10196);
#366=PLANE('',#10197);
#367=PLANE('',#10198);
#368=PLANE('',#10199);
#369=PLANE('',#10200);
#370=PLANE('',#10201);
#371=PLANE('',#10202);
#372=PLANE('',#10203);
#373=PLANE('',#10204);
#374=PLANE('',#10205);
#375=PLANE('',#10206);
#376=PLANE('',#10207);
#377=PLANE('',#10208);
#378=PLANE('',#10209);
#379=PLANE('',#10210);
#380=PLANE('',#10211);
#381=PLANE('',#10212);
#382=PLANE('',#10213);
#383=PLANE('',#10214);
#384=PLANE('',#10215);
#385=PLANE('',#10216);
#386=PLANE('',#10217);
#387=PLANE('',#10218);
#388=PLANE('',#10219);
#389=PLANE('',#10220);
#390=PLANE('',#10221);
#391=PLANE('',#10222);
#392=PLANE('',#10223);
#393=PLANE('',#10224);
#394=PLANE('',#10225);
#395=PLANE('',#10226);
#396=PLANE('',#10227);
#397=PLANE('',#10228);
#398=PLANE('',#10229);
#399=PLANE('',#10230);
#400=PLANE('',#10231);
#401=PLANE('',#10232);
#402=PLANE('',#10233);
#403=PLANE('',#10234);
#404=PLANE('',#10235);
#405=PLANE('',#10236);
#406=PLANE('',#10237);
#407=PLANE('',#10238);
#408=PLANE('',#10239);
#409=PLANE('',#10240);
#410=PLANE('',#10241);
#411=PLANE('',#10242);
#412=PLANE('',#10243);
#413=LINE('',#12735,#1615);
#414=LINE('',#12749,#1616);
#415=LINE('',#12766,#1617);
#416=LINE('',#12780,#1618);
#417=LINE('',#12789,#1619);
#418=LINE('',#12792,#1620);
#419=LINE('',#12794,#1621);
#420=LINE('',#12796,#1622);
#421=LINE('',#12798,#1623);
#422=LINE('',#12800,#1624);
#423=LINE('',#12802,#1625);
#424=LINE('',#12804,#1626);
#425=LINE('',#12806,#1627);
#426=LINE('',#12808,#1628);
#427=LINE('',#12809,#1629);
#428=LINE('',#12812,#1630);
#429=LINE('',#12813,#1631);
#430=LINE('',#12815,#1632);
#431=LINE('',#12817,#1633);
#432=LINE('',#12819,#1634);
#433=LINE('',#12821,#1635);
#434=LINE('',#12823,#1636);
#435=LINE('',#12825,#1637);
#436=LINE('',#12827,#1638);
#437=LINE('',#12829,#1639);
#438=LINE('',#12831,#1640);
#439=LINE('',#12833,#1641);
#440=LINE('',#12834,#1642);
#441=LINE('',#12837,#1643);
#442=LINE('',#12838,#1644);
#443=LINE('',#12840,#1645);
#444=LINE('',#12842,#1646);
#445=LINE('',#12844,#1647);
#446=LINE('',#12846,#1648);
#447=LINE('',#12848,#1649);
#448=LINE('',#12850,#1650);
#449=LINE('',#12853,#1651);
#450=LINE('',#12855,#1652);
#451=LINE('',#12857,#1653);
#452=LINE('',#12859,#1654);
#453=LINE('',#12861,#1655);
#454=LINE('',#12863,#1656);
#455=LINE('',#12865,#1657);
#456=LINE('',#12867,#1658);
#457=LINE('',#12869,#1659);
#458=LINE('',#12871,#1660);
#459=LINE('',#12874,#1661);
#460=LINE('',#12876,#1662);
#461=LINE('',#12878,#1663);
#462=LINE('',#12880,#1664);
#463=LINE('',#12882,#1665);
#464=LINE('',#12884,#1666);
#465=LINE('',#12886,#1667);
#466=LINE('',#12888,#1668);
#467=LINE('',#12890,#1669);
#468=LINE('',#12892,#1670);
#469=LINE('',#12895,#1671);
#470=LINE('',#12897,#1672);
#471=LINE('',#12899,#1673);
#472=LINE('',#12901,#1674);
#473=LINE('',#12903,#1675);
#474=LINE('',#12905,#1676);
#475=LINE('',#12907,#1677);
#476=LINE('',#12909,#1678);
#477=LINE('',#12911,#1679);
#478=LINE('',#12913,#1680);
#479=LINE('',#12916,#1681);
#480=LINE('',#12918,#1682);
#481=LINE('',#12920,#1683);
#482=LINE('',#12922,#1684);
#483=LINE('',#12924,#1685);
#484=LINE('',#12926,#1686);
#485=LINE('',#12928,#1687);
#486=LINE('',#12930,#1688);
#487=LINE('',#12932,#1689);
#488=LINE('',#12934,#1690);
#489=LINE('',#12937,#1691);
#490=LINE('',#12939,#1692);
#491=LINE('',#12941,#1693);
#492=LINE('',#12943,#1694);
#493=LINE('',#12945,#1695);
#494=LINE('',#12947,#1696);
#495=LINE('',#12949,#1697);
#496=LINE('',#12951,#1698);
#497=LINE('',#12953,#1699);
#498=LINE('',#12955,#1700);
#499=LINE('',#12958,#1701);
#500=LINE('',#12960,#1702);
#501=LINE('',#12962,#1703);
#502=LINE('',#12964,#1704);
#503=LINE('',#12966,#1705);
#504=LINE('',#12968,#1706);
#505=LINE('',#12970,#1707);
#506=LINE('',#12972,#1708);
#507=LINE('',#12974,#1709);
#508=LINE('',#12976,#1710);
#509=LINE('',#12979,#1711);
#510=LINE('',#12981,#1712);
#511=LINE('',#12983,#1713);
#512=LINE('',#12985,#1714);
#513=LINE('',#12987,#1715);
#514=LINE('',#12989,#1716);
#515=LINE('',#12991,#1717);
#516=LINE('',#12993,#1718);
#517=LINE('',#12995,#1719);
#518=LINE('',#12997,#1720);
#519=LINE('',#13000,#1721);
#520=LINE('',#13002,#1722);
#521=LINE('',#13004,#1723);
#522=LINE('',#13006,#1724);
#523=LINE('',#13008,#1725);
#524=LINE('',#13010,#1726);
#525=LINE('',#13012,#1727);
#526=LINE('',#13014,#1728);
#527=LINE('',#13016,#1729);
#528=LINE('',#13018,#1730);
#529=LINE('',#13019,#1731);
#530=LINE('',#13021,#1732);
#531=LINE('',#13022,#1733);
#532=LINE('',#13024,#1734);
#533=LINE('',#13025,#1735);
#534=LINE('',#13027,#1736);
#535=LINE('',#13028,#1737);
#536=LINE('',#13030,#1738);
#537=LINE('',#13031,#1739);
#538=LINE('',#13033,#1740);
#539=LINE('',#13034,#1741);
#540=LINE('',#13036,#1742);
#541=LINE('',#13037,#1743);
#542=LINE('',#13039,#1744);
#543=LINE('',#13040,#1745);
#544=LINE('',#13042,#1746);
#545=LINE('',#13045,#1747);
#546=LINE('',#13047,#1748);
#547=LINE('',#13049,#1749);
#548=LINE('',#13051,#1750);
#549=LINE('',#13053,#1751);
#550=LINE('',#13055,#1752);
#551=LINE('',#13056,#1753);
#552=LINE('',#13058,#1754);
#553=LINE('',#13060,#1755);
#554=LINE('',#13062,#1756);
#555=LINE('',#13064,#1757);
#556=LINE('',#13066,#1758);
#557=LINE('',#13067,#1759);
#558=LINE('',#13069,#1760);
#559=LINE('',#13071,#1761);
#560=LINE('',#13073,#1762);
#561=LINE('',#13075,#1763);
#562=LINE('',#13077,#1764);
#563=LINE('',#13079,#1765);
#564=LINE('',#13081,#1766);
#565=LINE('',#13083,#1767);
#566=LINE('',#13085,#1768);
#567=LINE('',#13087,#1769);
#568=LINE('',#13089,#1770);
#569=LINE('',#13091,#1771);
#570=LINE('',#13093,#1772);
#571=LINE('',#13095,#1773);
#572=LINE('',#13097,#1774);
#573=LINE('',#13099,#1775);
#574=LINE('',#13101,#1776);
#575=LINE('',#13103,#1777);
#576=LINE('',#13105,#1778);
#577=LINE('',#13107,#1779);
#578=LINE('',#13110,#1780);
#579=LINE('',#13112,#1781);
#580=LINE('',#13114,#1782);
#581=LINE('',#13121,#1783);
#582=LINE('',#13123,#1784);
#583=LINE('',#13125,#1785);
#584=LINE('',#13132,#1786);
#585=LINE('',#13134,#1787);
#586=LINE('',#13136,#1788);
#587=LINE('',#13140,#1789);
#588=LINE('',#13143,#1790);
#589=LINE('',#13145,#1791);
#590=LINE('',#13147,#1792);
#591=LINE('',#13149,#1793);
#592=LINE('',#13152,#1794);
#593=LINE('',#13154,#1795);
#594=LINE('',#13156,#1796);
#595=LINE('',#13158,#1797);
#596=LINE('',#13161,#1798);
#597=LINE('',#13163,#1799);
#598=LINE('',#13165,#1800);
#599=LINE('',#13167,#1801);
#600=LINE('',#13170,#1802);
#601=LINE('',#13172,#1803);
#602=LINE('',#13174,#1804);
#603=LINE('',#13176,#1805);
#604=LINE('',#13179,#1806);
#605=LINE('',#13181,#1807);
#606=LINE('',#13183,#1808);
#607=LINE('',#13185,#1809);
#608=LINE('',#13188,#1810);
#609=LINE('',#13190,#1811);
#610=LINE('',#13192,#1812);
#611=LINE('',#13194,#1813);
#612=LINE('',#13197,#1814);
#613=LINE('',#13199,#1815);
#614=LINE('',#13201,#1816);
#615=LINE('',#13203,#1817);
#616=LINE('',#13206,#1818);
#617=LINE('',#13208,#1819);
#618=LINE('',#13210,#1820);
#619=LINE('',#13212,#1821);
#620=LINE('',#13215,#1822);
#621=LINE('',#13217,#1823);
#622=LINE('',#13219,#1824);
#623=LINE('',#13221,#1825);
#624=LINE('',#13223,#1826);
#625=LINE('',#13225,#1827);
#626=LINE('',#13227,#1828);
#627=LINE('',#13229,#1829);
#628=LINE('',#13231,#1830);
#629=LINE('',#13233,#1831);
#630=LINE('',#13235,#1832);
#631=LINE('',#13237,#1833);
#632=LINE('',#13239,#1834);
#633=LINE('',#13241,#1835);
#634=LINE('',#13243,#1836);
#635=LINE('',#13245,#1837);
#636=LINE('',#13247,#1838);
#637=LINE('',#13249,#1839);
#638=LINE('',#13251,#1840);
#639=LINE('',#13253,#1841);
#640=LINE('',#13255,#1842);
#641=LINE('',#13257,#1843);
#642=LINE('',#13259,#1844);
#643=LINE('',#13261,#1845);
#644=LINE('',#13263,#1846);
#645=LINE('',#13265,#1847);
#646=LINE('',#13267,#1848);
#647=LINE('',#13269,#1849);
#648=LINE('',#13271,#1850);
#649=LINE('',#13273,#1851);
#650=LINE('',#13275,#1852);
#651=LINE('',#13277,#1853);
#652=LINE('',#13279,#1854);
#653=LINE('',#13281,#1855);
#654=LINE('',#13283,#1856);
#655=LINE('',#13285,#1857);
#656=LINE('',#13287,#1858);
#657=LINE('',#13289,#1859);
#658=LINE('',#13291,#1860);
#659=LINE('',#13293,#1861);
#660=LINE('',#13295,#1862);
#661=LINE('',#13297,#1863);
#662=LINE('',#13299,#1864);
#663=LINE('',#13301,#1865);
#664=LINE('',#13303,#1866);
#665=LINE('',#13305,#1867);
#666=LINE('',#13307,#1868);
#667=LINE('',#13309,#1869);
#668=LINE('',#13311,#1870);
#669=LINE('',#13313,#1871);
#670=LINE('',#13315,#1872);
#671=LINE('',#13317,#1873);
#672=LINE('',#13319,#1874);
#673=LINE('',#13321,#1875);
#674=LINE('',#13323,#1876);
#675=LINE('',#13325,#1877);
#676=LINE('',#13327,#1878);
#677=LINE('',#13329,#1879);
#678=LINE('',#13332,#1880);
#679=LINE('',#13334,#1881);
#680=LINE('',#13336,#1882);
#681=LINE('',#13338,#1883);
#682=LINE('',#13341,#1884);
#683=LINE('',#13343,#1885);
#684=LINE('',#13345,#1886);
#685=LINE('',#13347,#1887);
#686=LINE('',#13350,#1888);
#687=LINE('',#13352,#1889);
#688=LINE('',#13354,#1890);
#689=LINE('',#13356,#1891);
#690=LINE('',#13359,#1892);
#691=LINE('',#13361,#1893);
#692=LINE('',#13363,#1894);
#693=LINE('',#13365,#1895);
#694=LINE('',#13368,#1896);
#695=LINE('',#13370,#1897);
#696=LINE('',#13372,#1898);
#697=LINE('',#13374,#1899);
#698=LINE('',#13377,#1900);
#699=LINE('',#13379,#1901);
#700=LINE('',#13381,#1902);
#701=LINE('',#13383,#1903);
#702=LINE('',#13386,#1904);
#703=LINE('',#13388,#1905);
#704=LINE('',#13390,#1906);
#705=LINE('',#13392,#1907);
#706=LINE('',#13395,#1908);
#707=LINE('',#13397,#1909);
#708=LINE('',#13399,#1910);
#709=LINE('',#13401,#1911);
#710=LINE('',#13404,#1912);
#711=LINE('',#13406,#1913);
#712=LINE('',#13408,#1914);
#713=LINE('',#13410,#1915);
#714=LINE('',#13412,#1916);
#715=LINE('',#13414,#1917);
#716=LINE('',#13416,#1918);
#717=LINE('',#13418,#1919);
#718=LINE('',#13420,#1920);
#719=LINE('',#13422,#1921);
#720=LINE('',#13424,#1922);
#721=LINE('',#13426,#1923);
#722=LINE('',#13428,#1924);
#723=LINE('',#13430,#1925);
#724=LINE('',#13432,#1926);
#725=LINE('',#13434,#1927);
#726=LINE('',#13436,#1928);
#727=LINE('',#13438,#1929);
#728=LINE('',#13440,#1930);
#729=LINE('',#13442,#1931);
#730=LINE('',#13444,#1932);
#731=LINE('',#13446,#1933);
#732=LINE('',#13448,#1934);
#733=LINE('',#13450,#1935);
#734=LINE('',#13452,#1936);
#735=LINE('',#13454,#1937);
#736=LINE('',#13456,#1938);
#737=LINE('',#13458,#1939);
#738=LINE('',#13460,#1940);
#739=LINE('',#13462,#1941);
#740=LINE('',#13464,#1942);
#741=LINE('',#13466,#1943);
#742=LINE('',#13468,#1944);
#743=LINE('',#13470,#1945);
#744=LINE('',#13472,#1946);
#745=LINE('',#13474,#1947);
#746=LINE('',#13476,#1948);
#747=LINE('',#13478,#1949);
#748=LINE('',#13480,#1950);
#749=LINE('',#13482,#1951);
#750=LINE('',#13484,#1952);
#751=LINE('',#13486,#1953);
#752=LINE('',#13488,#1954);
#753=LINE('',#13490,#1955);
#754=LINE('',#13492,#1956);
#755=LINE('',#13494,#1957);
#756=LINE('',#13496,#1958);
#757=LINE('',#13498,#1959);
#758=LINE('',#13500,#1960);
#759=LINE('',#13502,#1961);
#760=LINE('',#13504,#1962);
#761=LINE('',#13506,#1963);
#762=LINE('',#13508,#1964);
#763=LINE('',#13510,#1965);
#764=LINE('',#13512,#1966);
#765=LINE('',#13514,#1967);
#766=LINE('',#13516,#1968);
#767=LINE('',#13518,#1969);
#768=LINE('',#13523,#1970);
#769=LINE('',#13527,#1971);
#770=LINE('',#13532,#1972);
#771=LINE('',#13536,#1973);
#772=LINE('',#13541,#1974);
#773=LINE('',#13545,#1975);
#774=LINE('',#13550,#1976);
#775=LINE('',#13554,#1977);
#776=LINE('',#13559,#1978);
#777=LINE('',#13563,#1979);
#778=LINE('',#13568,#1980);
#779=LINE('',#13572,#1981);
#780=LINE('',#13577,#1982);
#781=LINE('',#13581,#1983);
#782=LINE('',#13586,#1984);
#783=LINE('',#13590,#1985);
#784=LINE('',#13595,#1986);
#785=LINE('',#13599,#1987);
#786=LINE('',#13601,#1988);
#787=LINE('',#13603,#1989);
#788=LINE('',#13605,#1990);
#789=LINE('',#13607,#1991);
#790=LINE('',#13609,#1992);
#791=LINE('',#13611,#1993);
#792=LINE('',#13613,#1994);
#793=LINE('',#13615,#1995);
#794=LINE('',#13617,#1996);
#795=LINE('',#13619,#1997);
#796=LINE('',#13621,#1998);
#797=LINE('',#13623,#1999);
#798=LINE('',#13625,#2000);
#799=LINE('',#13627,#2001);
#800=LINE('',#13629,#2002);
#801=LINE('',#13631,#2003);
#802=LINE('',#13633,#2004);
#803=LINE('',#13635,#2005);
#804=LINE('',#13637,#2006);
#805=LINE('',#13639,#2007);
#806=LINE('',#13641,#2008);
#807=LINE('',#13643,#2009);
#808=LINE('',#13645,#2010);
#809=LINE('',#13647,#2011);
#810=LINE('',#13649,#2012);
#811=LINE('',#13651,#2013);
#812=LINE('',#13657,#2014);
#813=LINE('',#13661,#2015);
#814=LINE('',#13667,#2016);
#815=LINE('',#13673,#2017);
#816=LINE('',#13679,#2018);
#817=LINE('',#13685,#2019);
#818=LINE('',#13691,#2020);
#819=LINE('',#13697,#2021);
#820=LINE('',#13703,#2022);
#821=LINE('',#13707,#2023);
#822=LINE('',#13709,#2024);
#823=LINE('',#13711,#2025);
#824=LINE('',#13713,#2026);
#825=LINE('',#13715,#2027);
#826=LINE('',#13717,#2028);
#827=LINE('',#13719,#2029);
#828=LINE('',#13721,#2030);
#829=LINE('',#13723,#2031);
#830=LINE('',#13725,#2032);
#831=LINE('',#13727,#2033);
#832=LINE('',#13729,#2034);
#833=LINE('',#13731,#2035);
#834=LINE('',#13733,#2036);
#835=LINE('',#13735,#2037);
#836=LINE('',#13737,#2038);
#837=LINE('',#13739,#2039);
#838=LINE('',#13741,#2040);
#839=LINE('',#13743,#2041);
#840=LINE('',#13745,#2042);
#841=LINE('',#13747,#2043);
#842=LINE('',#13749,#2044);
#843=LINE('',#13751,#2045);
#844=LINE('',#13753,#2046);
#845=LINE('',#13755,#2047);
#846=LINE('',#13757,#2048);
#847=LINE('',#13759,#2049);
#848=LINE('',#13761,#2050);
#849=LINE('',#13763,#2051);
#850=LINE('',#13765,#2052);
#851=LINE('',#13767,#2053);
#852=LINE('',#13769,#2054);
#853=LINE('',#13771,#2055);
#854=LINE('',#13773,#2056);
#855=LINE('',#13775,#2057);
#856=LINE('',#13777,#2058);
#857=LINE('',#13779,#2059);
#858=LINE('',#13781,#2060);
#859=LINE('',#13783,#2061);
#860=LINE('',#13785,#2062);
#861=LINE('',#13787,#2063);
#862=LINE('',#13789,#2064);
#863=LINE('',#13791,#2065);
#864=LINE('',#13793,#2066);
#865=LINE('',#13795,#2067);
#866=LINE('',#13797,#2068);
#867=LINE('',#13799,#2069);
#868=LINE('',#13801,#2070);
#869=LINE('',#13803,#2071);
#870=LINE('',#13805,#2072);
#871=LINE('',#13807,#2073);
#872=LINE('',#13809,#2074);
#873=LINE('',#13811,#2075);
#874=LINE('',#13813,#2076);
#875=LINE('',#13815,#2077);
#876=LINE('',#13817,#2078);
#877=LINE('',#13819,#2079);
#878=LINE('',#13821,#2080);
#879=LINE('',#13823,#2081);
#880=LINE('',#13825,#2082);
#881=LINE('',#13827,#2083);
#882=LINE('',#13829,#2084);
#883=LINE('',#13831,#2085);
#884=LINE('',#13833,#2086);
#885=LINE('',#13835,#2087);
#886=LINE('',#13837,#2088);
#887=LINE('',#13839,#2089);
#888=LINE('',#13841,#2090);
#889=LINE('',#13843,#2091);
#890=LINE('',#13845,#2092);
#891=LINE('',#13847,#2093);
#892=LINE('',#13849,#2094);
#893=LINE('',#13851,#2095);
#894=LINE('',#13853,#2096);
#895=LINE('',#13855,#2097);
#896=LINE('',#13857,#2098);
#897=LINE('',#13859,#2099);
#898=LINE('',#13861,#2100);
#899=LINE('',#13863,#2101);
#900=LINE('',#13865,#2102);
#901=LINE('',#13867,#2103);
#902=LINE('',#13869,#2104);
#903=LINE('',#13877,#2105);
#904=LINE('',#13883,#2106);
#905=LINE('',#13889,#2107);
#906=LINE('',#13895,#2108);
#907=LINE('',#13901,#2109);
#908=LINE('',#13907,#2110);
#909=LINE('',#13913,#2111);
#910=LINE('',#13919,#2112);
#911=LINE('',#13923,#2113);
#912=LINE('',#13925,#2114);
#913=LINE('',#13927,#2115);
#914=LINE('',#13929,#2116);
#915=LINE('',#13931,#2117);
#916=LINE('',#13933,#2118);
#917=LINE('',#13935,#2119);
#918=LINE('',#13937,#2120);
#919=LINE('',#13939,#2121);
#920=LINE('',#13941,#2122);
#921=LINE('',#13943,#2123);
#922=LINE('',#13945,#2124);
#923=LINE('',#13947,#2125);
#924=LINE('',#13949,#2126);
#925=LINE('',#13951,#2127);
#926=LINE('',#13953,#2128);
#927=LINE('',#13955,#2129);
#928=LINE('',#13957,#2130);
#929=LINE('',#13959,#2131);
#930=LINE('',#13961,#2132);
#931=LINE('',#13963,#2133);
#932=LINE('',#13965,#2134);
#933=LINE('',#13967,#2135);
#934=LINE('',#13969,#2136);
#935=LINE('',#13971,#2137);
#936=LINE('',#13973,#2138);
#937=LINE('',#13975,#2139);
#938=LINE('',#13981,#2140);
#939=LINE('',#13985,#2141);
#940=LINE('',#13991,#2142);
#941=LINE('',#13997,#2143);
#942=LINE('',#14003,#2144);
#943=LINE('',#14009,#2145);
#944=LINE('',#14015,#2146);
#945=LINE('',#14021,#2147);
#946=LINE('',#14027,#2148);
#947=LINE('',#14031,#2149);
#948=LINE('',#14036,#2150);
#949=LINE('',#14040,#2151);
#950=LINE('',#14045,#2152);
#951=LINE('',#14049,#2153);
#952=LINE('',#14054,#2154);
#953=LINE('',#14058,#2155);
#954=LINE('',#14063,#2156);
#955=LINE('',#14067,#2157);
#956=LINE('',#14072,#2158);
#957=LINE('',#14076,#2159);
#958=LINE('',#14081,#2160);
#959=LINE('',#14085,#2161);
#960=LINE('',#14090,#2162);
#961=LINE('',#14094,#2163);
#962=LINE('',#14099,#2164);
#963=LINE('',#14103,#2165);
#964=LINE('',#14108,#2166);
#965=LINE('',#14112,#2167);
#966=LINE('',#14114,#2168);
#967=LINE('',#14116,#2169);
#968=LINE('',#14118,#2170);
#969=LINE('',#14120,#2171);
#970=LINE('',#14122,#2172);
#971=LINE('',#14124,#2173);
#972=LINE('',#14126,#2174);
#973=LINE('',#14128,#2175);
#974=LINE('',#14130,#2176);
#975=LINE('',#14132,#2177);
#976=LINE('',#14134,#2178);
#977=LINE('',#14136,#2179);
#978=LINE('',#14138,#2180);
#979=LINE('',#14140,#2181);
#980=LINE('',#14142,#2182);
#981=LINE('',#14144,#2183);
#982=LINE('',#14146,#2184);
#983=LINE('',#14148,#2185);
#984=LINE('',#14150,#2186);
#985=LINE('',#14152,#2187);
#986=LINE('',#14154,#2188);
#987=LINE('',#14156,#2189);
#988=LINE('',#14158,#2190);
#989=LINE('',#14160,#2191);
#990=LINE('',#14162,#2192);
#991=LINE('',#14164,#2193);
#992=LINE('',#14170,#2194);
#993=LINE('',#14174,#2195);
#994=LINE('',#14180,#2196);
#995=LINE('',#14186,#2197);
#996=LINE('',#14192,#2198);
#997=LINE('',#14198,#2199);
#998=LINE('',#14204,#2200);
#999=LINE('',#14210,#2201);
#1000=LINE('',#14216,#2202);
#1001=LINE('',#14220,#2203);
#1002=LINE('',#14222,#2204);
#1003=LINE('',#14224,#2205);
#1004=LINE('',#14226,#2206);
#1005=LINE('',#14228,#2207);
#1006=LINE('',#14230,#2208);
#1007=LINE('',#14232,#2209);
#1008=LINE('',#14234,#2210);
#1009=LINE('',#14236,#2211);
#1010=LINE('',#14238,#2212);
#1011=LINE('',#14240,#2213);
#1012=LINE('',#14242,#2214);
#1013=LINE('',#14244,#2215);
#1014=LINE('',#14246,#2216);
#1015=LINE('',#14248,#2217);
#1016=LINE('',#14250,#2218);
#1017=LINE('',#14252,#2219);
#1018=LINE('',#14254,#2220);
#1019=LINE('',#14256,#2221);
#1020=LINE('',#14258,#2222);
#1021=LINE('',#14260,#2223);
#1022=LINE('',#14262,#2224);
#1023=LINE('',#14264,#2225);
#1024=LINE('',#14266,#2226);
#1025=LINE('',#14268,#2227);
#1026=LINE('',#14270,#2228);
#1027=LINE('',#14272,#2229);
#1028=LINE('',#14274,#2230);
#1029=LINE('',#14276,#2231);
#1030=LINE('',#14278,#2232);
#1031=LINE('',#14280,#2233);
#1032=LINE('',#14282,#2234);
#1033=LINE('',#14284,#2235);
#1034=LINE('',#14286,#2236);
#1035=LINE('',#14288,#2237);
#1036=LINE('',#14290,#2238);
#1037=LINE('',#14292,#2239);
#1038=LINE('',#14294,#2240);
#1039=LINE('',#14296,#2241);
#1040=LINE('',#14298,#2242);
#1041=LINE('',#14300,#2243);
#1042=LINE('',#14302,#2244);
#1043=LINE('',#14304,#2245);
#1044=LINE('',#14306,#2246);
#1045=LINE('',#14308,#2247);
#1046=LINE('',#14310,#2248);
#1047=LINE('',#14312,#2249);
#1048=LINE('',#14314,#2250);
#1049=LINE('',#14316,#2251);
#1050=LINE('',#14318,#2252);
#1051=LINE('',#14320,#2253);
#1052=LINE('',#14322,#2254);
#1053=LINE('',#14324,#2255);
#1054=LINE('',#14326,#2256);
#1055=LINE('',#14328,#2257);
#1056=LINE('',#14330,#2258);
#1057=LINE('',#14332,#2259);
#1058=LINE('',#14334,#2260);
#1059=LINE('',#14336,#2261);
#1060=LINE('',#14338,#2262);
#1061=LINE('',#14340,#2263);
#1062=LINE('',#14342,#2264);
#1063=LINE('',#14344,#2265);
#1064=LINE('',#14346,#2266);
#1065=LINE('',#14348,#2267);
#1066=LINE('',#14350,#2268);
#1067=LINE('',#14352,#2269);
#1068=LINE('',#14354,#2270);
#1069=LINE('',#14356,#2271);
#1070=LINE('',#14358,#2272);
#1071=LINE('',#14360,#2273);
#1072=LINE('',#14362,#2274);
#1073=LINE('',#14364,#2275);
#1074=LINE('',#14366,#2276);
#1075=LINE('',#14368,#2277);
#1076=LINE('',#14370,#2278);
#1077=LINE('',#14372,#2279);
#1078=LINE('',#14374,#2280);
#1079=LINE('',#14376,#2281);
#1080=LINE('',#14378,#2282);
#1081=LINE('',#14380,#2283);
#1082=LINE('',#14382,#2284);
#1083=LINE('',#14390,#2285);
#1084=LINE('',#14396,#2286);
#1085=LINE('',#14402,#2287);
#1086=LINE('',#14408,#2288);
#1087=LINE('',#14414,#2289);
#1088=LINE('',#14420,#2290);
#1089=LINE('',#14426,#2291);
#1090=LINE('',#14432,#2292);
#1091=LINE('',#14436,#2293);
#1092=LINE('',#14438,#2294);
#1093=LINE('',#14440,#2295);
#1094=LINE('',#14442,#2296);
#1095=LINE('',#14444,#2297);
#1096=LINE('',#14446,#2298);
#1097=LINE('',#14448,#2299);
#1098=LINE('',#14450,#2300);
#1099=LINE('',#14452,#2301);
#1100=LINE('',#14454,#2302);
#1101=LINE('',#14456,#2303);
#1102=LINE('',#14458,#2304);
#1103=LINE('',#14460,#2305);
#1104=LINE('',#14462,#2306);
#1105=LINE('',#14464,#2307);
#1106=LINE('',#14466,#2308);
#1107=LINE('',#14468,#2309);
#1108=LINE('',#14470,#2310);
#1109=LINE('',#14472,#2311);
#1110=LINE('',#14474,#2312);
#1111=LINE('',#14476,#2313);
#1112=LINE('',#14478,#2314);
#1113=LINE('',#14480,#2315);
#1114=LINE('',#14482,#2316);
#1115=LINE('',#14484,#2317);
#1116=LINE('',#14486,#2318);
#1117=LINE('',#14488,#2319);
#1118=LINE('',#14494,#2320);
#1119=LINE('',#14498,#2321);
#1120=LINE('',#14504,#2322);
#1121=LINE('',#14510,#2323);
#1122=LINE('',#14516,#2324);
#1123=LINE('',#14522,#2325);
#1124=LINE('',#14528,#2326);
#1125=LINE('',#14534,#2327);
#1126=LINE('',#14540,#2328);
#1127=LINE('',#14544,#2329);
#1128=LINE('',#14547,#2330);
#1129=LINE('',#14549,#2331);
#1130=LINE('',#14551,#2332);
#1131=LINE('',#14553,#2333);
#1132=LINE('',#14555,#2334);
#1133=LINE('',#14557,#2335);
#1134=LINE('',#14559,#2336);
#1135=LINE('',#14561,#2337);
#1136=LINE('',#14563,#2338);
#1137=LINE('',#14565,#2339);
#1138=LINE('',#14567,#2340);
#1139=LINE('',#14569,#2341);
#1140=LINE('',#14571,#2342);
#1141=LINE('',#14573,#2343);
#1142=LINE('',#14575,#2344);
#1143=LINE('',#14576,#2345);
#1144=LINE('',#14578,#2346);
#1145=LINE('',#14580,#2347);
#1146=LINE('',#14582,#2348);
#1147=LINE('',#14584,#2349);
#1148=LINE('',#14585,#2350);
#1149=LINE('',#14587,#2351);
#1150=LINE('',#14589,#2352);
#1151=LINE('',#14591,#2353);
#1152=LINE('',#14593,#2354);
#1153=LINE('',#14594,#2355);
#1154=LINE('',#14596,#2356);
#1155=LINE('',#14598,#2357);
#1156=LINE('',#14600,#2358);
#1157=LINE('',#14602,#2359);
#1158=LINE('',#14603,#2360);
#1159=LINE('',#14605,#2361);
#1160=LINE('',#14607,#2362);
#1161=LINE('',#14609,#2363);
#1162=LINE('',#14611,#2364);
#1163=LINE('',#14612,#2365);
#1164=LINE('',#14614,#2366);
#1165=LINE('',#14616,#2367);
#1166=LINE('',#14618,#2368);
#1167=LINE('',#14620,#2369);
#1168=LINE('',#14621,#2370);
#1169=LINE('',#14623,#2371);
#1170=LINE('',#14625,#2372);
#1171=LINE('',#14627,#2373);
#1172=LINE('',#14629,#2374);
#1173=LINE('',#14630,#2375);
#1174=LINE('',#14632,#2376);
#1175=LINE('',#14634,#2377);
#1176=LINE('',#14636,#2378);
#1177=LINE('',#14638,#2379);
#1178=LINE('',#14639,#2380);
#1179=LINE('',#14641,#2381);
#1180=LINE('',#14643,#2382);
#1181=LINE('',#14645,#2383);
#1182=LINE('',#14647,#2384);
#1183=LINE('',#14648,#2385);
#1184=LINE('',#14650,#2386);
#1185=LINE('',#14652,#2387);
#1186=LINE('',#14654,#2388);
#1187=LINE('',#14656,#2389);
#1188=LINE('',#14658,#2390);
#1189=LINE('',#14660,#2391);
#1190=LINE('',#14662,#2392);
#1191=LINE('',#14664,#2393);
#1192=LINE('',#14665,#2394);
#1193=LINE('',#14667,#2395);
#1194=LINE('',#14669,#2396);
#1195=LINE('',#14671,#2397);
#1196=LINE('',#14673,#2398);
#1197=LINE('',#14675,#2399);
#1198=LINE('',#14677,#2400);
#1199=LINE('',#14679,#2401);
#1200=LINE('',#14680,#2402);
#1201=LINE('',#14682,#2403);
#1202=LINE('',#14684,#2404);
#1203=LINE('',#14686,#2405);
#1204=LINE('',#14688,#2406);
#1205=LINE('',#14689,#2407);
#1206=LINE('',#14691,#2408);
#1207=LINE('',#14693,#2409);
#1208=LINE('',#14695,#2410);
#1209=LINE('',#14697,#2411);
#1210=LINE('',#14698,#2412);
#1211=LINE('',#14700,#2413);
#1212=LINE('',#14702,#2414);
#1213=LINE('',#14704,#2415);
#1214=LINE('',#14706,#2416);
#1215=LINE('',#14707,#2417);
#1216=LINE('',#14709,#2418);
#1217=LINE('',#14711,#2419);
#1218=LINE('',#14713,#2420);
#1219=LINE('',#14715,#2421);
#1220=LINE('',#14716,#2422);
#1221=LINE('',#14718,#2423);
#1222=LINE('',#14720,#2424);
#1223=LINE('',#14722,#2425);
#1224=LINE('',#14724,#2426);
#1225=LINE('',#14725,#2427);
#1226=LINE('',#14727,#2428);
#1227=LINE('',#14729,#2429);
#1228=LINE('',#14731,#2430);
#1229=LINE('',#14733,#2431);
#1230=LINE('',#14734,#2432);
#1231=LINE('',#14736,#2433);
#1232=LINE('',#14738,#2434);
#1233=LINE('',#14740,#2435);
#1234=LINE('',#14742,#2436);
#1235=LINE('',#14743,#2437);
#1236=LINE('',#14745,#2438);
#1237=LINE('',#14747,#2439);
#1238=LINE('',#14749,#2440);
#1239=LINE('',#14751,#2441);
#1240=LINE('',#14753,#2442);
#1241=LINE('',#14755,#2443);
#1242=LINE('',#14757,#2444);
#1243=LINE('',#14759,#2445);
#1244=LINE('',#14761,#2446);
#1245=LINE('',#14763,#2447);
#1246=LINE('',#14765,#2448);
#1247=LINE('',#14767,#2449);
#1248=LINE('',#14769,#2450);
#1249=LINE('',#14771,#2451);
#1250=LINE('',#14773,#2452);
#1251=LINE('',#14775,#2453);
#1252=LINE('',#14776,#2454);
#1253=LINE('',#14778,#2455);
#1254=LINE('',#14780,#2456);
#1255=LINE('',#14781,#2457);
#1256=LINE('',#14783,#2458);
#1257=LINE('',#14785,#2459);
#1258=LINE('',#14786,#2460);
#1259=LINE('',#14788,#2461);
#1260=LINE('',#14790,#2462);
#1261=LINE('',#14791,#2463);
#1262=LINE('',#14793,#2464);
#1263=LINE('',#14795,#2465);
#1264=LINE('',#14796,#2466);
#1265=LINE('',#14798,#2467);
#1266=LINE('',#14800,#2468);
#1267=LINE('',#14801,#2469);
#1268=LINE('',#14803,#2470);
#1269=LINE('',#14805,#2471);
#1270=LINE('',#14806,#2472);
#1271=LINE('',#14808,#2473);
#1272=LINE('',#14810,#2474);
#1273=LINE('',#14811,#2475);
#1274=LINE('',#14813,#2476);
#1275=LINE('',#14815,#2477);
#1276=LINE('',#14817,#2478);
#1277=LINE('',#14819,#2479);
#1278=LINE('',#14821,#2480);
#1279=LINE('',#14822,#2481);
#1280=LINE('',#14824,#2482);
#1281=LINE('',#14826,#2483);
#1282=LINE('',#14828,#2484);
#1283=LINE('',#14830,#2485);
#1284=LINE('',#14831,#2486);
#1285=LINE('',#14833,#2487);
#1286=LINE('',#14835,#2488);
#1287=LINE('',#14837,#2489);
#1288=LINE('',#14839,#2490);
#1289=LINE('',#14840,#2491);
#1290=LINE('',#14842,#2492);
#1291=LINE('',#14844,#2493);
#1292=LINE('',#14846,#2494);
#1293=LINE('',#14848,#2495);
#1294=LINE('',#14849,#2496);
#1295=LINE('',#14851,#2497);
#1296=LINE('',#14853,#2498);
#1297=LINE('',#14855,#2499);
#1298=LINE('',#14857,#2500);
#1299=LINE('',#14858,#2501);
#1300=LINE('',#14860,#2502);
#1301=LINE('',#14862,#2503);
#1302=LINE('',#14864,#2504);
#1303=LINE('',#14866,#2505);
#1304=LINE('',#14867,#2506);
#1305=LINE('',#14869,#2507);
#1306=LINE('',#14871,#2508);
#1307=LINE('',#14873,#2509);
#1308=LINE('',#14875,#2510);
#1309=LINE('',#14876,#2511);
#1310=LINE('',#14878,#2512);
#1311=LINE('',#14880,#2513);
#1312=LINE('',#14882,#2514);
#1313=LINE('',#14884,#2515);
#1314=LINE('',#14885,#2516);
#1315=LINE('',#14887,#2517);
#1316=LINE('',#14889,#2518);
#1317=LINE('',#14891,#2519);
#1318=LINE('',#14893,#2520);
#1319=LINE('',#14894,#2521);
#1320=LINE('',#14896,#2522);
#1321=LINE('',#14898,#2523);
#1322=LINE('',#14900,#2524);
#1323=LINE('',#14902,#2525);
#1324=LINE('',#14903,#2526);
#1325=LINE('',#14905,#2527);
#1326=LINE('',#14909,#2528);
#1327=LINE('',#14913,#2529);
#1328=LINE('',#14915,#2530);
#1329=LINE('',#14917,#2531);
#1330=LINE('',#14921,#2532);
#1331=LINE('',#14925,#2533);
#1332=LINE('',#14927,#2534);
#1333=LINE('',#14929,#2535);
#1334=LINE('',#14931,#2536);
#1335=LINE('',#14933,#2537);
#1336=LINE('',#14935,#2538);
#1337=LINE('',#14937,#2539);
#1338=LINE('',#14939,#2540);
#1339=LINE('',#14941,#2541);
#1340=LINE('',#14945,#2542);
#1341=LINE('',#14949,#2543);
#1342=LINE('',#14951,#2544);
#1343=LINE('',#14953,#2545);
#1344=LINE('',#14957,#2546);
#1345=LINE('',#14961,#2547);
#1346=LINE('',#14963,#2548);
#1347=LINE('',#14965,#2549);
#1348=LINE('',#14967,#2550);
#1349=LINE('',#14968,#2551);
#1350=LINE('',#14970,#2552);
#1351=LINE('',#14972,#2553);
#1352=LINE('',#14973,#2554);
#1353=LINE('',#14975,#2555);
#1354=LINE('',#14977,#2556);
#1355=LINE('',#14978,#2557);
#1356=LINE('',#14980,#2558);
#1357=LINE('',#14982,#2559);
#1358=LINE('',#14983,#2560);
#1359=LINE('',#14985,#2561);
#1360=LINE('',#14987,#2562);
#1361=LINE('',#14988,#2563);
#1362=LINE('',#14990,#2564);
#1363=LINE('',#14992,#2565);
#1364=LINE('',#14993,#2566);
#1365=LINE('',#14995,#2567);
#1366=LINE('',#14997,#2568);
#1367=LINE('',#14998,#2569);
#1368=LINE('',#15000,#2570);
#1369=LINE('',#15002,#2571);
#1370=LINE('',#15003,#2572);
#1371=LINE('',#15005,#2573);
#1372=LINE('',#15007,#2574);
#1373=LINE('',#15008,#2575);
#1374=LINE('',#15010,#2576);
#1375=LINE('',#15012,#2577);
#1376=LINE('',#15014,#2578);
#1377=LINE('',#15016,#2579);
#1378=LINE('',#15018,#2580);
#1379=LINE('',#15020,#2581);
#1380=LINE('',#15022,#2582);
#1381=LINE('',#15023,#2583);
#1382=LINE('',#15025,#2584);
#1383=LINE('',#15027,#2585);
#1384=LINE('',#15028,#2586);
#1385=LINE('',#15030,#2587);
#1386=LINE('',#15032,#2588);
#1387=LINE('',#15033,#2589);
#1388=LINE('',#15035,#2590);
#1389=LINE('',#15037,#2591);
#1390=LINE('',#15038,#2592);
#1391=LINE('',#15040,#2593);
#1392=LINE('',#15042,#2594);
#1393=LINE('',#15043,#2595);
#1394=LINE('',#15045,#2596);
#1395=LINE('',#15047,#2597);
#1396=LINE('',#15048,#2598);
#1397=LINE('',#15050,#2599);
#1398=LINE('',#15052,#2600);
#1399=LINE('',#15053,#2601);
#1400=LINE('',#15055,#2602);
#1401=LINE('',#15057,#2603);
#1402=LINE('',#15058,#2604);
#1403=LINE('',#15060,#2605);
#1404=LINE('',#15062,#2606);
#1405=LINE('',#15064,#2607);
#1406=LINE('',#15066,#2608);
#1407=LINE('',#15067,#2609);
#1408=LINE('',#15071,#2610);
#1409=LINE('',#15075,#2611);
#1410=LINE('',#15077,#2612);
#1411=LINE('',#15079,#2613);
#1412=LINE('',#15083,#2614);
#1413=LINE('',#15087,#2615);
#1414=LINE('',#15089,#2616);
#1415=LINE('',#15091,#2617);
#1416=LINE('',#15093,#2618);
#1417=LINE('',#15095,#2619);
#1418=LINE('',#15097,#2620);
#1419=LINE('',#15099,#2621);
#1420=LINE('',#15101,#2622);
#1421=LINE('',#15103,#2623);
#1422=LINE('',#15107,#2624);
#1423=LINE('',#15111,#2625);
#1424=LINE('',#15113,#2626);
#1425=LINE('',#15115,#2627);
#1426=LINE('',#15119,#2628);
#1427=LINE('',#15123,#2629);
#1428=LINE('',#15125,#2630);
#1429=LINE('',#15127,#2631);
#1430=LINE('',#15128,#2632);
#1431=LINE('',#15130,#2633);
#1432=LINE('',#15132,#2634);
#1433=LINE('',#15134,#2635);
#1434=LINE('',#15136,#2636);
#1435=LINE('',#15137,#2637);
#1436=LINE('',#15139,#2638);
#1437=LINE('',#15141,#2639);
#1438=LINE('',#15143,#2640);
#1439=LINE('',#15145,#2641);
#1440=LINE('',#15146,#2642);
#1441=LINE('',#15148,#2643);
#1442=LINE('',#15150,#2644);
#1443=LINE('',#15152,#2645);
#1444=LINE('',#15154,#2646);
#1445=LINE('',#15155,#2647);
#1446=LINE('',#15157,#2648);
#1447=LINE('',#15159,#2649);
#1448=LINE('',#15161,#2650);
#1449=LINE('',#15163,#2651);
#1450=LINE('',#15164,#2652);
#1451=LINE('',#15166,#2653);
#1452=LINE('',#15168,#2654);
#1453=LINE('',#15170,#2655);
#1454=LINE('',#15172,#2656);
#1455=LINE('',#15173,#2657);
#1456=LINE('',#15175,#2658);
#1457=LINE('',#15177,#2659);
#1458=LINE('',#15179,#2660);
#1459=LINE('',#15181,#2661);
#1460=LINE('',#15182,#2662);
#1461=LINE('',#15184,#2663);
#1462=LINE('',#15186,#2664);
#1463=LINE('',#15188,#2665);
#1464=LINE('',#15190,#2666);
#1465=LINE('',#15191,#2667);
#1466=LINE('',#15193,#2668);
#1467=LINE('',#15195,#2669);
#1468=LINE('',#15197,#2670);
#1469=LINE('',#15199,#2671);
#1470=LINE('',#15200,#2672);
#1471=LINE('',#15202,#2673);
#1472=LINE('',#15204,#2674);
#1473=LINE('',#15206,#2675);
#1474=LINE('',#15208,#2676);
#1475=LINE('',#15209,#2677);
#1476=LINE('',#15211,#2678);
#1477=LINE('',#15212,#2679);
#1478=LINE('',#15214,#2680);
#1479=LINE('',#15216,#2681);
#1480=LINE('',#15217,#2682);
#1481=LINE('',#15219,#2683);
#1482=LINE('',#15221,#2684);
#1483=LINE('',#15222,#2685);
#1484=LINE('',#15224,#2686);
#1485=LINE('',#15226,#2687);
#1486=LINE('',#15227,#2688);
#1487=LINE('',#15229,#2689);
#1488=LINE('',#15231,#2690);
#1489=LINE('',#15232,#2691);
#1490=LINE('',#15234,#2692);
#1491=LINE('',#15236,#2693);
#1492=LINE('',#15237,#2694);
#1493=LINE('',#15239,#2695);
#1494=LINE('',#15241,#2696);
#1495=LINE('',#15242,#2697);
#1496=LINE('',#15244,#2698);
#1497=LINE('',#15246,#2699);
#1498=LINE('',#15247,#2700);
#1499=LINE('',#15249,#2701);
#1500=LINE('',#15251,#2702);
#1501=LINE('',#15252,#2703);
#1502=LINE('',#15254,#2704);
#1503=LINE('',#15256,#2705);
#1504=LINE('',#15257,#2706);
#1505=LINE('',#15259,#2707);
#1506=LINE('',#15260,#2708);
#1507=LINE('',#15266,#2709);
#1508=LINE('',#15268,#2710);
#1509=LINE('',#15270,#2711);
#1510=LINE('',#15272,#2712);
#1511=LINE('',#15275,#2713);
#1512=LINE('',#15277,#2714);
#1513=LINE('',#15279,#2715);
#1514=LINE('',#15281,#2716);
#1515=LINE('',#15284,#2717);
#1516=LINE('',#15286,#2718);
#1517=LINE('',#15288,#2719);
#1518=LINE('',#15290,#2720);
#1519=LINE('',#15293,#2721);
#1520=LINE('',#15295,#2722);
#1521=LINE('',#15297,#2723);
#1522=LINE('',#15299,#2724);
#1523=LINE('',#15302,#2725);
#1524=LINE('',#15304,#2726);
#1525=LINE('',#15306,#2727);
#1526=LINE('',#15308,#2728);
#1527=LINE('',#15311,#2729);
#1528=LINE('',#15313,#2730);
#1529=LINE('',#15315,#2731);
#1530=LINE('',#15317,#2732);
#1531=LINE('',#15320,#2733);
#1532=LINE('',#15322,#2734);
#1533=LINE('',#15324,#2735);
#1534=LINE('',#15326,#2736);
#1535=LINE('',#15329,#2737);
#1536=LINE('',#15331,#2738);
#1537=LINE('',#15333,#2739);
#1538=LINE('',#15335,#2740);
#1539=LINE('',#15338,#2741);
#1540=LINE('',#15340,#2742);
#1541=LINE('',#15342,#2743);
#1542=LINE('',#15344,#2744);
#1543=LINE('',#15347,#2745);
#1544=LINE('',#15349,#2746);
#1545=LINE('',#15352,#2747);
#1546=LINE('',#15354,#2748);
#1547=LINE('',#15357,#2749);
#1548=LINE('',#15359,#2750);
#1549=LINE('',#15362,#2751);
#1550=LINE('',#15364,#2752);
#1551=LINE('',#15367,#2753);
#1552=LINE('',#15369,#2754);
#1553=LINE('',#15372,#2755);
#1554=LINE('',#15374,#2756);
#1555=LINE('',#15377,#2757);
#1556=LINE('',#15379,#2758);
#1557=LINE('',#15382,#2759);
#1558=LINE('',#15384,#2760);
#1559=LINE('',#15387,#2761);
#1560=LINE('',#15389,#2762);
#1561=LINE('',#15392,#2763);
#1562=LINE('',#15394,#2764);
#1563=LINE('',#15397,#2765);
#1564=LINE('',#15399,#2766);
#1565=LINE('',#15402,#2767);
#1566=LINE('',#15404,#2768);
#1567=LINE('',#15407,#2769);
#1568=LINE('',#15409,#2770);
#1569=LINE('',#15412,#2771);
#1570=LINE('',#15414,#2772);
#1571=LINE('',#15417,#2773);
#1572=LINE('',#15419,#2774);
#1573=LINE('',#15422,#2775);
#1574=LINE('',#15424,#2776);
#1575=LINE('',#15427,#2777);
#1576=LINE('',#15429,#2778);
#1577=LINE('',#15432,#2779);
#1578=LINE('',#15434,#2780);
#1579=LINE('',#15437,#2781);
#1580=LINE('',#15439,#2782);
#1581=LINE('',#15441,#2783);
#1582=LINE('',#15443,#2784);
#1583=LINE('',#15446,#2785);
#1584=LINE('',#15448,#2786);
#1585=LINE('',#15450,#2787);
#1586=LINE('',#15452,#2788);
#1587=LINE('',#15455,#2789);
#1588=LINE('',#15457,#2790);
#1589=LINE('',#15459,#2791);
#1590=LINE('',#15461,#2792);
#1591=LINE('',#15464,#2793);
#1592=LINE('',#15466,#2794);
#1593=LINE('',#15468,#2795);
#1594=LINE('',#15470,#2796);
#1595=LINE('',#15473,#2797);
#1596=LINE('',#15475,#2798);
#1597=LINE('',#15477,#2799);
#1598=LINE('',#15479,#2800);
#1599=LINE('',#15482,#2801);
#1600=LINE('',#15484,#2802);
#1601=LINE('',#15486,#2803);
#1602=LINE('',#15488,#2804);
#1603=LINE('',#15491,#2805);
#1604=LINE('',#15493,#2806);
#1605=LINE('',#15495,#2807);
#1606=LINE('',#15497,#2808);
#1607=LINE('',#15500,#2809);
#1608=LINE('',#15502,#2810);
#1609=LINE('',#15504,#2811);
#1610=LINE('',#15506,#2812);
#1611=LINE('',#15509,#2813);
#1612=LINE('',#15511,#2814);
#1613=LINE('',#15513,#2815);
#1614=LINE('',#15515,#2816);
#1615=VECTOR('',#10251,39.3700787401575);
#1616=VECTOR('',#10254,39.3700787401575);
#1617=VECTOR('',#10261,39.3700787401575);
#1618=VECTOR('',#10264,39.3700787401575);
#1619=VECTOR('',#10269,39.3700787401575);
#1620=VECTOR('',#10270,39.3700787401575);
#1621=VECTOR('',#10271,39.3700787401575);
#1622=VECTOR('',#10272,39.3700787401575);
#1623=VECTOR('',#10275,39.3700787401575);
#1624=VECTOR('',#10276,39.3700787401575);
#1625=VECTOR('',#10277,39.3700787401575);
#1626=VECTOR('',#10278,39.3700787401575);
#1627=VECTOR('',#10279,39.3700787401575);
#1628=VECTOR('',#10282,39.3700787401575);
#1629=VECTOR('',#10283,39.3700787401575);
#1630=VECTOR('',#10284,39.3700787401575);
#1631=VECTOR('',#10285,39.3700787401575);
#1632=VECTOR('',#10288,39.3700787401575);
#1633=VECTOR('',#10289,39.3700787401575);
#1634=VECTOR('',#10290,39.3700787401575);
#1635=VECTOR('',#10293,39.3700787401575);
#1636=VECTOR('',#10294,39.3700787401575);
#1637=VECTOR('',#10295,39.3700787401575);
#1638=VECTOR('',#10298,39.3700787401575);
#1639=VECTOR('',#10299,39.3700787401575);
#1640=VECTOR('',#10300,39.3700787401575);
#1641=VECTOR('',#10303,39.3700787401575);
#1642=VECTOR('',#10304,39.3700787401575);
#1643=VECTOR('',#10305,39.3700787401575);
#1644=VECTOR('',#10306,39.3700787401575);
#1645=VECTOR('',#10309,39.3700787401575);
#1646=VECTOR('',#10310,39.3700787401575);
#1647=VECTOR('',#10311,39.3700787401575);
#1648=VECTOR('',#10312,39.3700787401575);
#1649=VECTOR('',#10313,39.3700787401575);
#1650=VECTOR('',#10316,39.3700787401575);
#1651=VECTOR('',#10317,39.3700787401575);
#1652=VECTOR('',#10318,39.3700787401575);
#1653=VECTOR('',#10319,39.3700787401575);
#1654=VECTOR('',#10322,39.3700787401575);
#1655=VECTOR('',#10323,39.3700787401575);
#1656=VECTOR('',#10324,39.3700787401575);
#1657=VECTOR('',#10327,39.3700787401575);
#1658=VECTOR('',#10328,39.3700787401575);
#1659=VECTOR('',#10329,39.3700787401575);
#1660=VECTOR('',#10332,39.3700787401575);
#1661=VECTOR('',#10333,39.3700787401575);
#1662=VECTOR('',#10334,39.3700787401575);
#1663=VECTOR('',#10335,39.3700787401575);
#1664=VECTOR('',#10338,39.3700787401575);
#1665=VECTOR('',#10339,39.3700787401575);
#1666=VECTOR('',#10340,39.3700787401575);
#1667=VECTOR('',#10343,39.3700787401575);
#1668=VECTOR('',#10344,39.3700787401575);
#1669=VECTOR('',#10345,39.3700787401575);
#1670=VECTOR('',#10348,39.3700787401575);
#1671=VECTOR('',#10349,39.3700787401575);
#1672=VECTOR('',#10350,39.3700787401575);
#1673=VECTOR('',#10351,39.3700787401575);
#1674=VECTOR('',#10354,39.3700787401575);
#1675=VECTOR('',#10355,39.3700787401575);
#1676=VECTOR('',#10356,39.3700787401575);
#1677=VECTOR('',#10359,39.3700787401575);
#1678=VECTOR('',#10360,39.3700787401575);
#1679=VECTOR('',#10361,39.3700787401575);
#1680=VECTOR('',#10364,39.3700787401575);
#1681=VECTOR('',#10365,39.3700787401575);
#1682=VECTOR('',#10366,39.3700787401575);
#1683=VECTOR('',#10367,39.3700787401575);
#1684=VECTOR('',#10370,39.3700787401575);
#1685=VECTOR('',#10371,39.3700787401575);
#1686=VECTOR('',#10372,39.3700787401575);
#1687=VECTOR('',#10375,39.3700787401575);
#1688=VECTOR('',#10376,39.3700787401575);
#1689=VECTOR('',#10377,39.3700787401575);
#1690=VECTOR('',#10380,39.3700787401575);
#1691=VECTOR('',#10381,39.3700787401575);
#1692=VECTOR('',#10382,39.3700787401575);
#1693=VECTOR('',#10383,39.3700787401575);
#1694=VECTOR('',#10386,39.3700787401575);
#1695=VECTOR('',#10387,39.3700787401575);
#1696=VECTOR('',#10388,39.3700787401575);
#1697=VECTOR('',#10391,39.3700787401575);
#1698=VECTOR('',#10392,39.3700787401575);
#1699=VECTOR('',#10393,39.3700787401575);
#1700=VECTOR('',#10396,39.3700787401575);
#1701=VECTOR('',#10397,39.3700787401575);
#1702=VECTOR('',#10398,39.3700787401575);
#1703=VECTOR('',#10399,39.3700787401575);
#1704=VECTOR('',#10402,39.3700787401575);
#1705=VECTOR('',#10403,39.3700787401575);
#1706=VECTOR('',#10404,39.3700787401575);
#1707=VECTOR('',#10407,39.3700787401575);
#1708=VECTOR('',#10408,39.3700787401575);
#1709=VECTOR('',#10409,39.3700787401575);
#1710=VECTOR('',#10412,39.3700787401575);
#1711=VECTOR('',#10413,39.3700787401575);
#1712=VECTOR('',#10414,39.3700787401575);
#1713=VECTOR('',#10415,39.3700787401575);
#1714=VECTOR('',#10418,39.3700787401575);
#1715=VECTOR('',#10419,39.3700787401575);
#1716=VECTOR('',#10420,39.3700787401575);
#1717=VECTOR('',#10423,39.3700787401575);
#1718=VECTOR('',#10424,39.3700787401575);
#1719=VECTOR('',#10425,39.3700787401575);
#1720=VECTOR('',#10428,39.3700787401575);
#1721=VECTOR('',#10429,39.3700787401575);
#1722=VECTOR('',#10430,39.3700787401575);
#1723=VECTOR('',#10431,39.3700787401575);
#1724=VECTOR('',#10434,39.3700787401575);
#1725=VECTOR('',#10435,39.3700787401575);
#1726=VECTOR('',#10436,39.3700787401575);
#1727=VECTOR('',#10439,39.3700787401575);
#1728=VECTOR('',#10440,39.3700787401575);
#1729=VECTOR('',#10441,39.3700787401575);
#1730=VECTOR('',#10444,39.3700787401575);
#1731=VECTOR('',#10445,39.3700787401575);
#1732=VECTOR('',#10448,39.3700787401575);
#1733=VECTOR('',#10449,39.3700787401575);
#1734=VECTOR('',#10452,39.3700787401575);
#1735=VECTOR('',#10453,39.3700787401575);
#1736=VECTOR('',#10456,39.3700787401575);
#1737=VECTOR('',#10457,39.3700787401575);
#1738=VECTOR('',#10460,39.3700787401575);
#1739=VECTOR('',#10461,39.3700787401575);
#1740=VECTOR('',#10464,39.3700787401575);
#1741=VECTOR('',#10465,39.3700787401575);
#1742=VECTOR('',#10468,39.3700787401575);
#1743=VECTOR('',#10469,39.3700787401575);
#1744=VECTOR('',#10472,39.3700787401575);
#1745=VECTOR('',#10473,39.3700787401575);
#1746=VECTOR('',#10476,39.3700787401575);
#1747=VECTOR('',#10477,39.3700787401575);
#1748=VECTOR('',#10478,39.3700787401575);
#1749=VECTOR('',#10479,39.3700787401575);
#1750=VECTOR('',#10482,39.3700787401575);
#1751=VECTOR('',#10483,39.3700787401575);
#1752=VECTOR('',#10484,39.3700787401575);
#1753=VECTOR('',#10485,39.3700787401575);
#1754=VECTOR('',#10486,39.3700787401575);
#1755=VECTOR('',#10487,39.3700787401575);
#1756=VECTOR('',#10488,39.3700787401575);
#1757=VECTOR('',#10491,39.3700787401575);
#1758=VECTOR('',#10492,39.3700787401575);
#1759=VECTOR('',#10493,39.3700787401575);
#1760=VECTOR('',#10494,39.3700787401575);
#1761=VECTOR('',#10497,39.3700787401575);
#1762=VECTOR('',#10498,39.3700787401575);
#1763=VECTOR('',#10499,39.3700787401575);
#1764=VECTOR('',#10500,39.3700787401575);
#1765=VECTOR('',#10503,39.3700787401575);
#1766=VECTOR('',#10506,39.3700787401575);
#1767=VECTOR('',#10507,39.3700787401575);
#1768=VECTOR('',#10510,39.3700787401575);
#1769=VECTOR('',#10511,39.3700787401575);
#1770=VECTOR('',#10512,39.3700787401575);
#1771=VECTOR('',#10513,39.3700787401575);
#1772=VECTOR('',#10516,39.3700787401575);
#1773=VECTOR('',#10517,39.3700787401575);
#1774=VECTOR('',#10520,39.3700787401575);
#1775=VECTOR('',#10523,39.3700787401575);
#1776=VECTOR('',#10524,39.3700787401575);
#1777=VECTOR('',#10527,39.3700787401575);
#1778=VECTOR('',#10528,39.3700787401575);
#1779=VECTOR('',#10531,39.3700787401575);
#1780=VECTOR('',#10536,39.3700787401575);
#1781=VECTOR('',#10537,39.3700787401575);
#1782=VECTOR('',#10540,39.3700787401575);
#1783=VECTOR('',#10551,39.3700787401575);
#1784=VECTOR('',#10554,39.3700787401575);
#1785=VECTOR('',#10557,39.3700787401575);
#1786=VECTOR('',#10568,39.3700787401575);
#1787=VECTOR('',#10571,39.3700787401575);
#1788=VECTOR('',#10574,39.3700787401575);
#1789=VECTOR('',#10581,39.3700787401575);
#1790=VECTOR('',#10582,39.3700787401575);
#1791=VECTOR('',#10583,39.3700787401575);
#1792=VECTOR('',#10584,39.3700787401575);
#1793=VECTOR('',#10587,39.3700787401575);
#1794=VECTOR('',#10588,39.3700787401575);
#1795=VECTOR('',#10589,39.3700787401575);
#1796=VECTOR('',#10590,39.3700787401575);
#1797=VECTOR('',#10593,39.3700787401575);
#1798=VECTOR('',#10594,39.3700787401575);
#1799=VECTOR('',#10595,39.3700787401575);
#1800=VECTOR('',#10596,39.3700787401575);
#1801=VECTOR('',#10599,39.3700787401575);
#1802=VECTOR('',#10600,39.3700787401575);
#1803=VECTOR('',#10601,39.3700787401575);
#1804=VECTOR('',#10602,39.3700787401575);
#1805=VECTOR('',#10605,39.3700787401575);
#1806=VECTOR('',#10606,39.3700787401575);
#1807=VECTOR('',#10607,39.3700787401575);
#1808=VECTOR('',#10608,39.3700787401575);
#1809=VECTOR('',#10611,39.3700787401575);
#1810=VECTOR('',#10612,39.3700787401575);
#1811=VECTOR('',#10613,39.3700787401575);
#1812=VECTOR('',#10614,39.3700787401575);
#1813=VECTOR('',#10617,39.3700787401575);
#1814=VECTOR('',#10618,39.3700787401575);
#1815=VECTOR('',#10619,39.3700787401575);
#1816=VECTOR('',#10620,39.3700787401575);
#1817=VECTOR('',#10623,39.3700787401575);
#1818=VECTOR('',#10624,39.3700787401575);
#1819=VECTOR('',#10625,39.3700787401575);
#1820=VECTOR('',#10626,39.3700787401575);
#1821=VECTOR('',#10629,39.3700787401575);
#1822=VECTOR('',#10630,39.3700787401575);
#1823=VECTOR('',#10631,39.3700787401575);
#1824=VECTOR('',#10632,39.3700787401575);
#1825=VECTOR('',#10635,39.3700787401575);
#1826=VECTOR('',#10636,39.3700787401575);
#1827=VECTOR('',#10637,39.3700787401575);
#1828=VECTOR('',#10640,39.3700787401575);
#1829=VECTOR('',#10641,39.3700787401575);
#1830=VECTOR('',#10642,39.3700787401575);
#1831=VECTOR('',#10645,39.3700787401575);
#1832=VECTOR('',#10646,39.3700787401575);
#1833=VECTOR('',#10647,39.3700787401575);
#1834=VECTOR('',#10650,39.3700787401575);
#1835=VECTOR('',#10651,39.3700787401575);
#1836=VECTOR('',#10652,39.3700787401575);
#1837=VECTOR('',#10655,39.3700787401575);
#1838=VECTOR('',#10656,39.3700787401575);
#1839=VECTOR('',#10657,39.3700787401575);
#1840=VECTOR('',#10660,39.3700787401575);
#1841=VECTOR('',#10661,39.3700787401575);
#1842=VECTOR('',#10662,39.3700787401575);
#1843=VECTOR('',#10665,39.3700787401575);
#1844=VECTOR('',#10666,39.3700787401575);
#1845=VECTOR('',#10667,39.3700787401575);
#1846=VECTOR('',#10670,39.3700787401575);
#1847=VECTOR('',#10671,39.3700787401575);
#1848=VECTOR('',#10672,39.3700787401575);
#1849=VECTOR('',#10675,39.3700787401575);
#1850=VECTOR('',#10676,39.3700787401575);
#1851=VECTOR('',#10677,39.3700787401575);
#1852=VECTOR('',#10680,39.3700787401575);
#1853=VECTOR('',#10681,39.3700787401575);
#1854=VECTOR('',#10682,39.3700787401575);
#1855=VECTOR('',#10685,39.3700787401575);
#1856=VECTOR('',#10686,39.3700787401575);
#1857=VECTOR('',#10687,39.3700787401575);
#1858=VECTOR('',#10690,39.3700787401575);
#1859=VECTOR('',#10691,39.3700787401575);
#1860=VECTOR('',#10692,39.3700787401575);
#1861=VECTOR('',#10695,39.3700787401575);
#1862=VECTOR('',#10696,39.3700787401575);
#1863=VECTOR('',#10697,39.3700787401575);
#1864=VECTOR('',#10700,39.3700787401575);
#1865=VECTOR('',#10701,39.3700787401575);
#1866=VECTOR('',#10702,39.3700787401575);
#1867=VECTOR('',#10705,39.3700787401575);
#1868=VECTOR('',#10706,39.3700787401575);
#1869=VECTOR('',#10707,39.3700787401575);
#1870=VECTOR('',#10710,39.3700787401575);
#1871=VECTOR('',#10711,39.3700787401575);
#1872=VECTOR('',#10712,39.3700787401575);
#1873=VECTOR('',#10715,39.3700787401575);
#1874=VECTOR('',#10716,39.3700787401575);
#1875=VECTOR('',#10717,39.3700787401575);
#1876=VECTOR('',#10720,39.3700787401575);
#1877=VECTOR('',#10721,39.3700787401575);
#1878=VECTOR('',#10722,39.3700787401575);
#1879=VECTOR('',#10725,39.3700787401575);
#1880=VECTOR('',#10726,39.3700787401575);
#1881=VECTOR('',#10727,39.3700787401575);
#1882=VECTOR('',#10728,39.3700787401575);
#1883=VECTOR('',#10731,39.3700787401575);
#1884=VECTOR('',#10732,39.3700787401575);
#1885=VECTOR('',#10733,39.3700787401575);
#1886=VECTOR('',#10734,39.3700787401575);
#1887=VECTOR('',#10737,39.3700787401575);
#1888=VECTOR('',#10738,39.3700787401575);
#1889=VECTOR('',#10739,39.3700787401575);
#1890=VECTOR('',#10740,39.3700787401575);
#1891=VECTOR('',#10743,39.3700787401575);
#1892=VECTOR('',#10744,39.3700787401575);
#1893=VECTOR('',#10745,39.3700787401575);
#1894=VECTOR('',#10746,39.3700787401575);
#1895=VECTOR('',#10749,39.3700787401575);
#1896=VECTOR('',#10750,39.3700787401575);
#1897=VECTOR('',#10751,39.3700787401575);
#1898=VECTOR('',#10752,39.3700787401575);
#1899=VECTOR('',#10755,39.3700787401575);
#1900=VECTOR('',#10756,39.3700787401575);
#1901=VECTOR('',#10757,39.3700787401575);
#1902=VECTOR('',#10758,39.3700787401575);
#1903=VECTOR('',#10761,39.3700787401575);
#1904=VECTOR('',#10762,39.3700787401575);
#1905=VECTOR('',#10763,39.3700787401575);
#1906=VECTOR('',#10764,39.3700787401575);
#1907=VECTOR('',#10767,39.3700787401575);
#1908=VECTOR('',#10768,39.3700787401575);
#1909=VECTOR('',#10769,39.3700787401575);
#1910=VECTOR('',#10770,39.3700787401575);
#1911=VECTOR('',#10773,39.3700787401575);
#1912=VECTOR('',#10774,39.3700787401575);
#1913=VECTOR('',#10775,39.3700787401575);
#1914=VECTOR('',#10776,39.3700787401575);
#1915=VECTOR('',#10779,39.3700787401575);
#1916=VECTOR('',#10780,39.3700787401575);
#1917=VECTOR('',#10781,39.3700787401575);
#1918=VECTOR('',#10784,39.3700787401575);
#1919=VECTOR('',#10785,39.3700787401575);
#1920=VECTOR('',#10786,39.3700787401575);
#1921=VECTOR('',#10789,39.3700787401575);
#1922=VECTOR('',#10790,39.3700787401575);
#1923=VECTOR('',#10791,39.3700787401575);
#1924=VECTOR('',#10794,39.3700787401575);
#1925=VECTOR('',#10795,39.3700787401575);
#1926=VECTOR('',#10796,39.3700787401575);
#1927=VECTOR('',#10799,39.3700787401575);
#1928=VECTOR('',#10800,39.3700787401575);
#1929=VECTOR('',#10801,39.3700787401575);
#1930=VECTOR('',#10804,39.3700787401575);
#1931=VECTOR('',#10805,39.3700787401575);
#1932=VECTOR('',#10806,39.3700787401575);
#1933=VECTOR('',#10809,39.3700787401575);
#1934=VECTOR('',#10810,39.3700787401575);
#1935=VECTOR('',#10811,39.3700787401575);
#1936=VECTOR('',#10814,39.3700787401575);
#1937=VECTOR('',#10815,39.3700787401575);
#1938=VECTOR('',#10816,39.3700787401575);
#1939=VECTOR('',#10819,39.3700787401575);
#1940=VECTOR('',#10820,39.3700787401575);
#1941=VECTOR('',#10821,39.3700787401575);
#1942=VECTOR('',#10824,39.3700787401575);
#1943=VECTOR('',#10825,39.3700787401575);
#1944=VECTOR('',#10826,39.3700787401575);
#1945=VECTOR('',#10829,39.3700787401575);
#1946=VECTOR('',#10830,39.3700787401575);
#1947=VECTOR('',#10831,39.3700787401575);
#1948=VECTOR('',#10834,39.3700787401575);
#1949=VECTOR('',#10835,39.3700787401575);
#1950=VECTOR('',#10836,39.3700787401575);
#1951=VECTOR('',#10839,39.3700787401575);
#1952=VECTOR('',#10840,39.3700787401575);
#1953=VECTOR('',#10841,39.3700787401575);
#1954=VECTOR('',#10844,39.3700787401575);
#1955=VECTOR('',#10845,39.3700787401575);
#1956=VECTOR('',#10846,39.3700787401575);
#1957=VECTOR('',#10849,39.3700787401575);
#1958=VECTOR('',#10850,39.3700787401575);
#1959=VECTOR('',#10851,39.3700787401575);
#1960=VECTOR('',#10854,39.3700787401575);
#1961=VECTOR('',#10855,39.3700787401575);
#1962=VECTOR('',#10856,39.3700787401575);
#1963=VECTOR('',#10859,39.3700787401575);
#1964=VECTOR('',#10860,39.3700787401575);
#1965=VECTOR('',#10861,39.3700787401575);
#1966=VECTOR('',#10864,39.3700787401575);
#1967=VECTOR('',#10865,39.3700787401575);
#1968=VECTOR('',#10866,39.3700787401575);
#1969=VECTOR('',#10869,39.3700787401575);
#1970=VECTOR('',#10872,39.3700787401575);
#1971=VECTOR('',#10877,39.3700787401575);
#1972=VECTOR('',#10880,39.3700787401575);
#1973=VECTOR('',#10885,39.3700787401575);
#1974=VECTOR('',#10888,39.3700787401575);
#1975=VECTOR('',#10893,39.3700787401575);
#1976=VECTOR('',#10896,39.3700787401575);
#1977=VECTOR('',#10901,39.3700787401575);
#1978=VECTOR('',#10904,39.3700787401575);
#1979=VECTOR('',#10909,39.3700787401575);
#1980=VECTOR('',#10912,39.3700787401575);
#1981=VECTOR('',#10917,39.3700787401575);
#1982=VECTOR('',#10920,39.3700787401575);
#1983=VECTOR('',#10925,39.3700787401575);
#1984=VECTOR('',#10928,39.3700787401575);
#1985=VECTOR('',#10933,39.3700787401575);
#1986=VECTOR('',#10936,39.3700787401575);
#1987=VECTOR('',#10941,39.3700787401575);
#1988=VECTOR('',#10942,39.3700787401575);
#1989=VECTOR('',#10943,39.3700787401575);
#1990=VECTOR('',#10946,39.3700787401575);
#1991=VECTOR('',#10947,39.3700787401575);
#1992=VECTOR('',#10948,39.3700787401575);
#1993=VECTOR('',#10951,39.3700787401575);
#1994=VECTOR('',#10952,39.3700787401575);
#1995=VECTOR('',#10953,39.3700787401575);
#1996=VECTOR('',#10956,39.3700787401575);
#1997=VECTOR('',#10957,39.3700787401575);
#1998=VECTOR('',#10958,39.3700787401575);
#1999=VECTOR('',#10961,39.3700787401575);
#2000=VECTOR('',#10962,39.3700787401575);
#2001=VECTOR('',#10963,39.3700787401575);
#2002=VECTOR('',#10966,39.3700787401575);
#2003=VECTOR('',#10967,39.3700787401575);
#2004=VECTOR('',#10968,39.3700787401575);
#2005=VECTOR('',#10971,39.3700787401575);
#2006=VECTOR('',#10972,39.3700787401575);
#2007=VECTOR('',#10973,39.3700787401575);
#2008=VECTOR('',#10976,39.3700787401575);
#2009=VECTOR('',#10977,39.3700787401575);
#2010=VECTOR('',#10978,39.3700787401575);
#2011=VECTOR('',#10981,39.3700787401575);
#2012=VECTOR('',#10982,39.3700787401575);
#2013=VECTOR('',#10983,39.3700787401575);
#2014=VECTOR('',#10990,39.3700787401575);
#2015=VECTOR('',#10995,39.3700787401575);
#2016=VECTOR('',#11002,39.3700787401575);
#2017=VECTOR('',#11009,39.3700787401575);
#2018=VECTOR('',#11016,39.3700787401575);
#2019=VECTOR('',#11023,39.3700787401575);
#2020=VECTOR('',#11030,39.3700787401575);
#2021=VECTOR('',#11037,39.3700787401575);
#2022=VECTOR('',#11044,39.3700787401575);
#2023=VECTOR('',#11049,39.3700787401575);
#2024=VECTOR('',#11050,39.3700787401575);
#2025=VECTOR('',#11051,39.3700787401575);
#2026=VECTOR('',#11054,39.3700787401575);
#2027=VECTOR('',#11055,39.3700787401575);
#2028=VECTOR('',#11056,39.3700787401575);
#2029=VECTOR('',#11059,39.3700787401575);
#2030=VECTOR('',#11060,39.3700787401575);
#2031=VECTOR('',#11061,39.3700787401575);
#2032=VECTOR('',#11064,39.3700787401575);
#2033=VECTOR('',#11065,39.3700787401575);
#2034=VECTOR('',#11066,39.3700787401575);
#2035=VECTOR('',#11069,39.3700787401575);
#2036=VECTOR('',#11070,39.3700787401575);
#2037=VECTOR('',#11071,39.3700787401575);
#2038=VECTOR('',#11074,39.3700787401575);
#2039=VECTOR('',#11075,39.3700787401575);
#2040=VECTOR('',#11076,39.3700787401575);
#2041=VECTOR('',#11079,39.3700787401575);
#2042=VECTOR('',#11080,39.3700787401575);
#2043=VECTOR('',#11081,39.3700787401575);
#2044=VECTOR('',#11084,39.3700787401575);
#2045=VECTOR('',#11085,39.3700787401575);
#2046=VECTOR('',#11086,39.3700787401575);
#2047=VECTOR('',#11089,39.3700787401575);
#2048=VECTOR('',#11090,39.3700787401575);
#2049=VECTOR('',#11091,39.3700787401575);
#2050=VECTOR('',#11094,39.3700787401575);
#2051=VECTOR('',#11095,39.3700787401575);
#2052=VECTOR('',#11096,39.3700787401575);
#2053=VECTOR('',#11099,39.3700787401575);
#2054=VECTOR('',#11100,39.3700787401575);
#2055=VECTOR('',#11101,39.3700787401575);
#2056=VECTOR('',#11104,39.3700787401575);
#2057=VECTOR('',#11105,39.3700787401575);
#2058=VECTOR('',#11106,39.3700787401575);
#2059=VECTOR('',#11109,39.3700787401575);
#2060=VECTOR('',#11110,39.3700787401575);
#2061=VECTOR('',#11111,39.3700787401575);
#2062=VECTOR('',#11114,39.3700787401575);
#2063=VECTOR('',#11115,39.3700787401575);
#2064=VECTOR('',#11116,39.3700787401575);
#2065=VECTOR('',#11119,39.3700787401575);
#2066=VECTOR('',#11120,39.3700787401575);
#2067=VECTOR('',#11121,39.3700787401575);
#2068=VECTOR('',#11124,39.3700787401575);
#2069=VECTOR('',#11125,39.3700787401575);
#2070=VECTOR('',#11126,39.3700787401575);
#2071=VECTOR('',#11129,39.3700787401575);
#2072=VECTOR('',#11130,39.3700787401575);
#2073=VECTOR('',#11131,39.3700787401575);
#2074=VECTOR('',#11134,39.3700787401575);
#2075=VECTOR('',#11135,39.3700787401575);
#2076=VECTOR('',#11136,39.3700787401575);
#2077=VECTOR('',#11139,39.3700787401575);
#2078=VECTOR('',#11140,39.3700787401575);
#2079=VECTOR('',#11141,39.3700787401575);
#2080=VECTOR('',#11144,39.3700787401575);
#2081=VECTOR('',#11145,39.3700787401575);
#2082=VECTOR('',#11146,39.3700787401575);
#2083=VECTOR('',#11149,39.3700787401575);
#2084=VECTOR('',#11150,39.3700787401575);
#2085=VECTOR('',#11151,39.3700787401575);
#2086=VECTOR('',#11154,39.3700787401575);
#2087=VECTOR('',#11155,39.3700787401575);
#2088=VECTOR('',#11156,39.3700787401575);
#2089=VECTOR('',#11159,39.3700787401575);
#2090=VECTOR('',#11160,39.3700787401575);
#2091=VECTOR('',#11161,39.3700787401575);
#2092=VECTOR('',#11164,39.3700787401575);
#2093=VECTOR('',#11165,39.3700787401575);
#2094=VECTOR('',#11166,39.3700787401575);
#2095=VECTOR('',#11169,39.3700787401575);
#2096=VECTOR('',#11170,39.3700787401575);
#2097=VECTOR('',#11171,39.3700787401575);
#2098=VECTOR('',#11174,39.3700787401575);
#2099=VECTOR('',#11175,39.3700787401575);
#2100=VECTOR('',#11176,39.3700787401575);
#2101=VECTOR('',#11179,39.3700787401575);
#2102=VECTOR('',#11180,39.3700787401575);
#2103=VECTOR('',#11181,39.3700787401575);
#2104=VECTOR('',#11184,39.3700787401575);
#2105=VECTOR('',#11193,39.3700787401575);
#2106=VECTOR('',#11200,39.3700787401575);
#2107=VECTOR('',#11207,39.3700787401575);
#2108=VECTOR('',#11214,39.3700787401575);
#2109=VECTOR('',#11221,39.3700787401575);
#2110=VECTOR('',#11228,39.3700787401575);
#2111=VECTOR('',#11235,39.3700787401575);
#2112=VECTOR('',#11242,39.3700787401575);
#2113=VECTOR('',#11247,39.3700787401575);
#2114=VECTOR('',#11248,39.3700787401575);
#2115=VECTOR('',#11249,39.3700787401575);
#2116=VECTOR('',#11252,39.3700787401575);
#2117=VECTOR('',#11253,39.3700787401575);
#2118=VECTOR('',#11254,39.3700787401575);
#2119=VECTOR('',#11257,39.3700787401575);
#2120=VECTOR('',#11258,39.3700787401575);
#2121=VECTOR('',#11259,39.3700787401575);
#2122=VECTOR('',#11262,39.3700787401575);
#2123=VECTOR('',#11263,39.3700787401575);
#2124=VECTOR('',#11264,39.3700787401575);
#2125=VECTOR('',#11267,39.3700787401575);
#2126=VECTOR('',#11268,39.3700787401575);
#2127=VECTOR('',#11269,39.3700787401575);
#2128=VECTOR('',#11272,39.3700787401575);
#2129=VECTOR('',#11273,39.3700787401575);
#2130=VECTOR('',#11274,39.3700787401575);
#2131=VECTOR('',#11277,39.3700787401575);
#2132=VECTOR('',#11278,39.3700787401575);
#2133=VECTOR('',#11279,39.3700787401575);
#2134=VECTOR('',#11282,39.3700787401575);
#2135=VECTOR('',#11283,39.3700787401575);
#2136=VECTOR('',#11284,39.3700787401575);
#2137=VECTOR('',#11287,39.3700787401575);
#2138=VECTOR('',#11288,39.3700787401575);
#2139=VECTOR('',#11289,39.3700787401575);
#2140=VECTOR('',#11296,39.3700787401575);
#2141=VECTOR('',#11301,39.3700787401575);
#2142=VECTOR('',#11308,39.3700787401575);
#2143=VECTOR('',#11315,39.3700787401575);
#2144=VECTOR('',#11322,39.3700787401575);
#2145=VECTOR('',#11329,39.3700787401575);
#2146=VECTOR('',#11336,39.3700787401575);
#2147=VECTOR('',#11343,39.3700787401575);
#2148=VECTOR('',#11350,39.3700787401575);
#2149=VECTOR('',#11355,39.3700787401575);
#2150=VECTOR('',#11358,39.3700787401575);
#2151=VECTOR('',#11363,39.3700787401575);
#2152=VECTOR('',#11366,39.3700787401575);
#2153=VECTOR('',#11371,39.3700787401575);
#2154=VECTOR('',#11374,39.3700787401575);
#2155=VECTOR('',#11379,39.3700787401575);
#2156=VECTOR('',#11382,39.3700787401575);
#2157=VECTOR('',#11387,39.3700787401575);
#2158=VECTOR('',#11390,39.3700787401575);
#2159=VECTOR('',#11395,39.3700787401575);
#2160=VECTOR('',#11398,39.3700787401575);
#2161=VECTOR('',#11403,39.3700787401575);
#2162=VECTOR('',#11406,39.3700787401575);
#2163=VECTOR('',#11411,39.3700787401575);
#2164=VECTOR('',#11414,39.3700787401575);
#2165=VECTOR('',#11419,39.3700787401575);
#2166=VECTOR('',#11422,39.3700787401575);
#2167=VECTOR('',#11427,39.3700787401575);
#2168=VECTOR('',#11428,39.3700787401575);
#2169=VECTOR('',#11429,39.3700787401575);
#2170=VECTOR('',#11432,39.3700787401575);
#2171=VECTOR('',#11433,39.3700787401575);
#2172=VECTOR('',#11434,39.3700787401575);
#2173=VECTOR('',#11437,39.3700787401575);
#2174=VECTOR('',#11438,39.3700787401575);
#2175=VECTOR('',#11439,39.3700787401575);
#2176=VECTOR('',#11442,39.3700787401575);
#2177=VECTOR('',#11443,39.3700787401575);
#2178=VECTOR('',#11444,39.3700787401575);
#2179=VECTOR('',#11447,39.3700787401575);
#2180=VECTOR('',#11448,39.3700787401575);
#2181=VECTOR('',#11449,39.3700787401575);
#2182=VECTOR('',#11452,39.3700787401575);
#2183=VECTOR('',#11453,39.3700787401575);
#2184=VECTOR('',#11454,39.3700787401575);
#2185=VECTOR('',#11457,39.3700787401575);
#2186=VECTOR('',#11458,39.3700787401575);
#2187=VECTOR('',#11459,39.3700787401575);
#2188=VECTOR('',#11462,39.3700787401575);
#2189=VECTOR('',#11463,39.3700787401575);
#2190=VECTOR('',#11464,39.3700787401575);
#2191=VECTOR('',#11467,39.3700787401575);
#2192=VECTOR('',#11468,39.3700787401575);
#2193=VECTOR('',#11469,39.3700787401575);
#2194=VECTOR('',#11476,39.3700787401575);
#2195=VECTOR('',#11481,39.3700787401575);
#2196=VECTOR('',#11488,39.3700787401575);
#2197=VECTOR('',#11495,39.3700787401575);
#2198=VECTOR('',#11502,39.3700787401575);
#2199=VECTOR('',#11509,39.3700787401575);
#2200=VECTOR('',#11516,39.3700787401575);
#2201=VECTOR('',#11523,39.3700787401575);
#2202=VECTOR('',#11530,39.3700787401575);
#2203=VECTOR('',#11535,39.3700787401575);
#2204=VECTOR('',#11536,39.3700787401575);
#2205=VECTOR('',#11537,39.3700787401575);
#2206=VECTOR('',#11540,39.3700787401575);
#2207=VECTOR('',#11541,39.3700787401575);
#2208=VECTOR('',#11542,39.3700787401575);
#2209=VECTOR('',#11545,39.3700787401575);
#2210=VECTOR('',#11546,39.3700787401575);
#2211=VECTOR('',#11547,39.3700787401575);
#2212=VECTOR('',#11550,39.3700787401575);
#2213=VECTOR('',#11551,39.3700787401575);
#2214=VECTOR('',#11552,39.3700787401575);
#2215=VECTOR('',#11555,39.3700787401575);
#2216=VECTOR('',#11556,39.3700787401575);
#2217=VECTOR('',#11557,39.3700787401575);
#2218=VECTOR('',#11560,39.3700787401575);
#2219=VECTOR('',#11561,39.3700787401575);
#2220=VECTOR('',#11562,39.3700787401575);
#2221=VECTOR('',#11565,39.3700787401575);
#2222=VECTOR('',#11566,39.3700787401575);
#2223=VECTOR('',#11567,39.3700787401575);
#2224=VECTOR('',#11570,39.3700787401575);
#2225=VECTOR('',#11571,39.3700787401575);
#2226=VECTOR('',#11572,39.3700787401575);
#2227=VECTOR('',#11575,39.3700787401575);
#2228=VECTOR('',#11576,39.3700787401575);
#2229=VECTOR('',#11577,39.3700787401575);
#2230=VECTOR('',#11580,39.3700787401575);
#2231=VECTOR('',#11581,39.3700787401575);
#2232=VECTOR('',#11582,39.3700787401575);
#2233=VECTOR('',#11585,39.3700787401575);
#2234=VECTOR('',#11586,39.3700787401575);
#2235=VECTOR('',#11587,39.3700787401575);
#2236=VECTOR('',#11590,39.3700787401575);
#2237=VECTOR('',#11591,39.3700787401575);
#2238=VECTOR('',#11592,39.3700787401575);
#2239=VECTOR('',#11595,39.3700787401575);
#2240=VECTOR('',#11596,39.3700787401575);
#2241=VECTOR('',#11597,39.3700787401575);
#2242=VECTOR('',#11600,39.3700787401575);
#2243=VECTOR('',#11601,39.3700787401575);
#2244=VECTOR('',#11602,39.3700787401575);
#2245=VECTOR('',#11605,39.3700787401575);
#2246=VECTOR('',#11606,39.3700787401575);
#2247=VECTOR('',#11607,39.3700787401575);
#2248=VECTOR('',#11610,39.3700787401575);
#2249=VECTOR('',#11611,39.3700787401575);
#2250=VECTOR('',#11612,39.3700787401575);
#2251=VECTOR('',#11615,39.3700787401575);
#2252=VECTOR('',#11616,39.3700787401575);
#2253=VECTOR('',#11617,39.3700787401575);
#2254=VECTOR('',#11620,39.3700787401575);
#2255=VECTOR('',#11621,39.3700787401575);
#2256=VECTOR('',#11622,39.3700787401575);
#2257=VECTOR('',#11625,39.3700787401575);
#2258=VECTOR('',#11626,39.3700787401575);
#2259=VECTOR('',#11627,39.3700787401575);
#2260=VECTOR('',#11630,39.3700787401575);
#2261=VECTOR('',#11631,39.3700787401575);
#2262=VECTOR('',#11632,39.3700787401575);
#2263=VECTOR('',#11635,39.3700787401575);
#2264=VECTOR('',#11636,39.3700787401575);
#2265=VECTOR('',#11637,39.3700787401575);
#2266=VECTOR('',#11640,39.3700787401575);
#2267=VECTOR('',#11641,39.3700787401575);
#2268=VECTOR('',#11642,39.3700787401575);
#2269=VECTOR('',#11645,39.3700787401575);
#2270=VECTOR('',#11646,39.3700787401575);
#2271=VECTOR('',#11647,39.3700787401575);
#2272=VECTOR('',#11650,39.3700787401575);
#2273=VECTOR('',#11651,39.3700787401575);
#2274=VECTOR('',#11652,39.3700787401575);
#2275=VECTOR('',#11655,39.3700787401575);
#2276=VECTOR('',#11656,39.3700787401575);
#2277=VECTOR('',#11657,39.3700787401575);
#2278=VECTOR('',#11660,39.3700787401575);
#2279=VECTOR('',#11661,39.3700787401575);
#2280=VECTOR('',#11662,39.3700787401575);
#2281=VECTOR('',#11665,39.3700787401575);
#2282=VECTOR('',#11666,39.3700787401575);
#2283=VECTOR('',#11667,39.3700787401575);
#2284=VECTOR('',#11670,39.3700787401575);
#2285=VECTOR('',#11679,39.3700787401575);
#2286=VECTOR('',#11686,39.3700787401575);
#2287=VECTOR('',#11693,39.3700787401575);
#2288=VECTOR('',#11700,39.3700787401575);
#2289=VECTOR('',#11707,39.3700787401575);
#2290=VECTOR('',#11714,39.3700787401575);
#2291=VECTOR('',#11721,39.3700787401575);
#2292=VECTOR('',#11728,39.3700787401575);
#2293=VECTOR('',#11733,39.3700787401575);
#2294=VECTOR('',#11734,39.3700787401575);
#2295=VECTOR('',#11735,39.3700787401575);
#2296=VECTOR('',#11738,39.3700787401575);
#2297=VECTOR('',#11739,39.3700787401575);
#2298=VECTOR('',#11740,39.3700787401575);
#2299=VECTOR('',#11743,39.3700787401575);
#2300=VECTOR('',#11744,39.3700787401575);
#2301=VECTOR('',#11745,39.3700787401575);
#2302=VECTOR('',#11748,39.3700787401575);
#2303=VECTOR('',#11749,39.3700787401575);
#2304=VECTOR('',#11750,39.3700787401575);
#2305=VECTOR('',#11753,39.3700787401575);
#2306=VECTOR('',#11754,39.3700787401575);
#2307=VECTOR('',#11755,39.3700787401575);
#2308=VECTOR('',#11758,39.3700787401575);
#2309=VECTOR('',#11759,39.3700787401575);
#2310=VECTOR('',#11760,39.3700787401575);
#2311=VECTOR('',#11763,39.3700787401575);
#2312=VECTOR('',#11764,39.3700787401575);
#2313=VECTOR('',#11765,39.3700787401575);
#2314=VECTOR('',#11768,39.3700787401575);
#2315=VECTOR('',#11769,39.3700787401575);
#2316=VECTOR('',#11770,39.3700787401575);
#2317=VECTOR('',#11773,39.3700787401575);
#2318=VECTOR('',#11774,39.3700787401575);
#2319=VECTOR('',#11775,39.3700787401575);
#2320=VECTOR('',#11782,39.3700787401575);
#2321=VECTOR('',#11787,39.3700787401575);
#2322=VECTOR('',#11794,39.3700787401575);
#2323=VECTOR('',#11801,39.3700787401575);
#2324=VECTOR('',#11808,39.3700787401575);
#2325=VECTOR('',#11815,39.3700787401575);
#2326=VECTOR('',#11822,39.3700787401575);
#2327=VECTOR('',#11829,39.3700787401575);
#2328=VECTOR('',#11836,39.3700787401575);
#2329=VECTOR('',#11841,39.3700787401575);
#2330=VECTOR('',#11842,39.3700787401575);
#2331=VECTOR('',#11843,39.3700787401575);
#2332=VECTOR('',#11844,39.3700787401575);
#2333=VECTOR('',#11847,39.3700787401575);
#2334=VECTOR('',#11848,39.3700787401575);
#2335=VECTOR('',#11849,39.3700787401575);
#2336=VECTOR('',#11852,39.3700787401575);
#2337=VECTOR('',#11853,39.3700787401575);
#2338=VECTOR('',#11854,39.3700787401575);
#2339=VECTOR('',#11857,39.3700787401575);
#2340=VECTOR('',#11858,39.3700787401575);
#2341=VECTOR('',#11859,39.3700787401575);
#2342=VECTOR('',#11860,39.3700787401575);
#2343=VECTOR('',#11861,39.3700787401575);
#2344=VECTOR('',#11862,39.3700787401575);
#2345=VECTOR('',#11863,39.3700787401575);
#2346=VECTOR('',#11864,39.3700787401575);
#2347=VECTOR('',#11865,39.3700787401575);
#2348=VECTOR('',#11866,39.3700787401575);
#2349=VECTOR('',#11867,39.3700787401575);
#2350=VECTOR('',#11868,39.3700787401575);
#2351=VECTOR('',#11869,39.3700787401575);
#2352=VECTOR('',#11870,39.3700787401575);
#2353=VECTOR('',#11871,39.3700787401575);
#2354=VECTOR('',#11872,39.3700787401575);
#2355=VECTOR('',#11873,39.3700787401575);
#2356=VECTOR('',#11874,39.3700787401575);
#2357=VECTOR('',#11875,39.3700787401575);
#2358=VECTOR('',#11876,39.3700787401575);
#2359=VECTOR('',#11877,39.3700787401575);
#2360=VECTOR('',#11878,39.3700787401575);
#2361=VECTOR('',#11879,39.3700787401575);
#2362=VECTOR('',#11880,39.3700787401575);
#2363=VECTOR('',#11881,39.3700787401575);
#2364=VECTOR('',#11882,39.3700787401575);
#2365=VECTOR('',#11883,39.3700787401575);
#2366=VECTOR('',#11884,39.3700787401575);
#2367=VECTOR('',#11885,39.3700787401575);
#2368=VECTOR('',#11886,39.3700787401575);
#2369=VECTOR('',#11887,39.3700787401575);
#2370=VECTOR('',#11888,39.3700787401575);
#2371=VECTOR('',#11889,39.3700787401575);
#2372=VECTOR('',#11890,39.3700787401575);
#2373=VECTOR('',#11891,39.3700787401575);
#2374=VECTOR('',#11892,39.3700787401575);
#2375=VECTOR('',#11893,39.3700787401575);
#2376=VECTOR('',#11894,39.3700787401575);
#2377=VECTOR('',#11895,39.3700787401575);
#2378=VECTOR('',#11896,39.3700787401575);
#2379=VECTOR('',#11897,39.3700787401575);
#2380=VECTOR('',#11898,39.3700787401575);
#2381=VECTOR('',#11899,39.3700787401575);
#2382=VECTOR('',#11900,39.3700787401575);
#2383=VECTOR('',#11901,39.3700787401575);
#2384=VECTOR('',#11902,39.3700787401575);
#2385=VECTOR('',#11903,39.3700787401575);
#2386=VECTOR('',#11904,39.3700787401575);
#2387=VECTOR('',#11905,39.3700787401575);
#2388=VECTOR('',#11906,39.3700787401575);
#2389=VECTOR('',#11909,39.3700787401575);
#2390=VECTOR('',#11910,39.3700787401575);
#2391=VECTOR('',#11911,39.3700787401575);
#2392=VECTOR('',#11914,39.3700787401575);
#2393=VECTOR('',#11915,39.3700787401575);
#2394=VECTOR('',#11916,39.3700787401575);
#2395=VECTOR('',#11917,39.3700787401575);
#2396=VECTOR('',#11918,39.3700787401575);
#2397=VECTOR('',#11919,39.3700787401575);
#2398=VECTOR('',#11920,39.3700787401575);
#2399=VECTOR('',#11921,39.3700787401575);
#2400=VECTOR('',#11922,39.3700787401575);
#2401=VECTOR('',#11923,39.3700787401575);
#2402=VECTOR('',#11924,39.3700787401575);
#2403=VECTOR('',#11925,39.3700787401575);
#2404=VECTOR('',#11926,39.3700787401575);
#2405=VECTOR('',#11927,39.3700787401575);
#2406=VECTOR('',#11928,39.3700787401575);
#2407=VECTOR('',#11929,39.3700787401575);
#2408=VECTOR('',#11930,39.3700787401575);
#2409=VECTOR('',#11931,39.3700787401575);
#2410=VECTOR('',#11932,39.3700787401575);
#2411=VECTOR('',#11933,39.3700787401575);
#2412=VECTOR('',#11934,39.3700787401575);
#2413=VECTOR('',#11935,39.3700787401575);
#2414=VECTOR('',#11936,39.3700787401575);
#2415=VECTOR('',#11937,39.3700787401575);
#2416=VECTOR('',#11938,39.3700787401575);
#2417=VECTOR('',#11939,39.3700787401575);
#2418=VECTOR('',#11940,39.3700787401575);
#2419=VECTOR('',#11941,39.3700787401575);
#2420=VECTOR('',#11942,39.3700787401575);
#2421=VECTOR('',#11943,39.3700787401575);
#2422=VECTOR('',#11944,39.3700787401575);
#2423=VECTOR('',#11945,39.3700787401575);
#2424=VECTOR('',#11946,39.3700787401575);
#2425=VECTOR('',#11947,39.3700787401575);
#2426=VECTOR('',#11948,39.3700787401575);
#2427=VECTOR('',#11949,39.3700787401575);
#2428=VECTOR('',#11950,39.3700787401575);
#2429=VECTOR('',#11951,39.3700787401575);
#2430=VECTOR('',#11952,39.3700787401575);
#2431=VECTOR('',#11953,39.3700787401575);
#2432=VECTOR('',#11954,39.3700787401575);
#2433=VECTOR('',#11955,39.3700787401575);
#2434=VECTOR('',#11956,39.3700787401575);
#2435=VECTOR('',#11957,39.3700787401575);
#2436=VECTOR('',#11958,39.3700787401575);
#2437=VECTOR('',#11959,39.3700787401575);
#2438=VECTOR('',#11960,39.3700787401575);
#2439=VECTOR('',#11961,39.3700787401575);
#2440=VECTOR('',#11962,39.3700787401575);
#2441=VECTOR('',#11963,39.3700787401575);
#2442=VECTOR('',#11966,39.3700787401575);
#2443=VECTOR('',#11967,39.3700787401575);
#2444=VECTOR('',#11968,39.3700787401575);
#2445=VECTOR('',#11971,39.3700787401575);
#2446=VECTOR('',#11972,39.3700787401575);
#2447=VECTOR('',#11973,39.3700787401575);
#2448=VECTOR('',#11976,39.3700787401575);
#2449=VECTOR('',#11977,39.3700787401575);
#2450=VECTOR('',#11978,39.3700787401575);
#2451=VECTOR('',#11981,39.3700787401575);
#2452=VECTOR('',#11982,39.3700787401575);
#2453=VECTOR('',#11983,39.3700787401575);
#2454=VECTOR('',#11984,39.3700787401575);
#2455=VECTOR('',#11985,39.3700787401575);
#2456=VECTOR('',#11986,39.3700787401575);
#2457=VECTOR('',#11987,39.3700787401575);
#2458=VECTOR('',#11988,39.3700787401575);
#2459=VECTOR('',#11989,39.3700787401575);
#2460=VECTOR('',#11990,39.3700787401575);
#2461=VECTOR('',#11991,39.3700787401575);
#2462=VECTOR('',#11992,39.3700787401575);
#2463=VECTOR('',#11993,39.3700787401575);
#2464=VECTOR('',#11994,39.3700787401575);
#2465=VECTOR('',#11995,39.3700787401575);
#2466=VECTOR('',#11996,39.3700787401575);
#2467=VECTOR('',#11997,39.3700787401575);
#2468=VECTOR('',#11998,39.3700787401575);
#2469=VECTOR('',#11999,39.3700787401575);
#2470=VECTOR('',#12000,39.3700787401575);
#2471=VECTOR('',#12001,39.3700787401575);
#2472=VECTOR('',#12002,39.3700787401575);
#2473=VECTOR('',#12003,39.3700787401575);
#2474=VECTOR('',#12004,39.3700787401575);
#2475=VECTOR('',#12005,39.3700787401575);
#2476=VECTOR('',#12006,39.3700787401575);
#2477=VECTOR('',#12007,39.3700787401575);
#2478=VECTOR('',#12008,39.3700787401575);
#2479=VECTOR('',#12009,39.3700787401575);
#2480=VECTOR('',#12010,39.3700787401575);
#2481=VECTOR('',#12011,39.3700787401575);
#2482=VECTOR('',#12012,39.3700787401575);
#2483=VECTOR('',#12013,39.3700787401575);
#2484=VECTOR('',#12014,39.3700787401575);
#2485=VECTOR('',#12015,39.3700787401575);
#2486=VECTOR('',#12016,39.3700787401575);
#2487=VECTOR('',#12017,39.3700787401575);
#2488=VECTOR('',#12018,39.3700787401575);
#2489=VECTOR('',#12019,39.3700787401575);
#2490=VECTOR('',#12020,39.3700787401575);
#2491=VECTOR('',#12021,39.3700787401575);
#2492=VECTOR('',#12022,39.3700787401575);
#2493=VECTOR('',#12023,39.3700787401575);
#2494=VECTOR('',#12024,39.3700787401575);
#2495=VECTOR('',#12025,39.3700787401575);
#2496=VECTOR('',#12026,39.3700787401575);
#2497=VECTOR('',#12027,39.3700787401575);
#2498=VECTOR('',#12028,39.3700787401575);
#2499=VECTOR('',#12029,39.3700787401575);
#2500=VECTOR('',#12030,39.3700787401575);
#2501=VECTOR('',#12031,39.3700787401575);
#2502=VECTOR('',#12032,39.3700787401575);
#2503=VECTOR('',#12033,39.3700787401575);
#2504=VECTOR('',#12034,39.3700787401575);
#2505=VECTOR('',#12035,39.3700787401575);
#2506=VECTOR('',#12036,39.3700787401575);
#2507=VECTOR('',#12037,39.3700787401575);
#2508=VECTOR('',#12038,39.3700787401575);
#2509=VECTOR('',#12039,39.3700787401575);
#2510=VECTOR('',#12040,39.3700787401575);
#2511=VECTOR('',#12041,39.3700787401575);
#2512=VECTOR('',#12042,39.3700787401575);
#2513=VECTOR('',#12043,39.3700787401575);
#2514=VECTOR('',#12044,39.3700787401575);
#2515=VECTOR('',#12045,39.3700787401575);
#2516=VECTOR('',#12046,39.3700787401575);
#2517=VECTOR('',#12047,39.3700787401575);
#2518=VECTOR('',#12048,39.3700787401575);
#2519=VECTOR('',#12049,39.3700787401575);
#2520=VECTOR('',#12050,39.3700787401575);
#2521=VECTOR('',#12051,39.3700787401575);
#2522=VECTOR('',#12052,39.3700787401575);
#2523=VECTOR('',#12053,39.3700787401575);
#2524=VECTOR('',#12054,39.3700787401575);
#2525=VECTOR('',#12055,39.3700787401575);
#2526=VECTOR('',#12056,39.3700787401575);
#2527=VECTOR('',#12057,39.3700787401575);
#2528=VECTOR('',#12062,39.3700787401575);
#2529=VECTOR('',#12067,39.3700787401575);
#2530=VECTOR('',#12068,39.3700787401575);
#2531=VECTOR('',#12069,39.3700787401575);
#2532=VECTOR('',#12074,39.3700787401575);
#2533=VECTOR('',#12079,39.3700787401575);
#2534=VECTOR('',#12080,39.3700787401575);
#2535=VECTOR('',#12081,39.3700787401575);
#2536=VECTOR('',#12084,39.3700787401575);
#2537=VECTOR('',#12085,39.3700787401575);
#2538=VECTOR('',#12086,39.3700787401575);
#2539=VECTOR('',#12089,39.3700787401575);
#2540=VECTOR('',#12090,39.3700787401575);
#2541=VECTOR('',#12091,39.3700787401575);
#2542=VECTOR('',#12096,39.3700787401575);
#2543=VECTOR('',#12101,39.3700787401575);
#2544=VECTOR('',#12102,39.3700787401575);
#2545=VECTOR('',#12103,39.3700787401575);
#2546=VECTOR('',#12108,39.3700787401575);
#2547=VECTOR('',#12113,39.3700787401575);
#2548=VECTOR('',#12114,39.3700787401575);
#2549=VECTOR('',#12115,39.3700787401575);
#2550=VECTOR('',#12116,39.3700787401575);
#2551=VECTOR('',#12117,39.3700787401575);
#2552=VECTOR('',#12118,39.3700787401575);
#2553=VECTOR('',#12119,39.3700787401575);
#2554=VECTOR('',#12120,39.3700787401575);
#2555=VECTOR('',#12121,39.3700787401575);
#2556=VECTOR('',#12122,39.3700787401575);
#2557=VECTOR('',#12123,39.3700787401575);
#2558=VECTOR('',#12124,39.3700787401575);
#2559=VECTOR('',#12125,39.3700787401575);
#2560=VECTOR('',#12126,39.3700787401575);
#2561=VECTOR('',#12127,39.3700787401575);
#2562=VECTOR('',#12128,39.3700787401575);
#2563=VECTOR('',#12129,39.3700787401575);
#2564=VECTOR('',#12130,39.3700787401575);
#2565=VECTOR('',#12131,39.3700787401575);
#2566=VECTOR('',#12132,39.3700787401575);
#2567=VECTOR('',#12133,39.3700787401575);
#2568=VECTOR('',#12134,39.3700787401575);
#2569=VECTOR('',#12135,39.3700787401575);
#2570=VECTOR('',#12136,39.3700787401575);
#2571=VECTOR('',#12137,39.3700787401575);
#2572=VECTOR('',#12138,39.3700787401575);
#2573=VECTOR('',#12139,39.3700787401575);
#2574=VECTOR('',#12140,39.3700787401575);
#2575=VECTOR('',#12141,39.3700787401575);
#2576=VECTOR('',#12142,39.3700787401575);
#2577=VECTOR('',#12145,39.3700787401575);
#2578=VECTOR('',#12146,39.3700787401575);
#2579=VECTOR('',#12147,39.3700787401575);
#2580=VECTOR('',#12150,39.3700787401575);
#2581=VECTOR('',#12151,39.3700787401575);
#2582=VECTOR('',#12152,39.3700787401575);
#2583=VECTOR('',#12153,39.3700787401575);
#2584=VECTOR('',#12154,39.3700787401575);
#2585=VECTOR('',#12155,39.3700787401575);
#2586=VECTOR('',#12156,39.3700787401575);
#2587=VECTOR('',#12157,39.3700787401575);
#2588=VECTOR('',#12158,39.3700787401575);
#2589=VECTOR('',#12159,39.3700787401575);
#2590=VECTOR('',#12160,39.3700787401575);
#2591=VECTOR('',#12161,39.3700787401575);
#2592=VECTOR('',#12162,39.3700787401575);
#2593=VECTOR('',#12163,39.3700787401575);
#2594=VECTOR('',#12164,39.3700787401575);
#2595=VECTOR('',#12165,39.3700787401575);
#2596=VECTOR('',#12166,39.3700787401575);
#2597=VECTOR('',#12167,39.3700787401575);
#2598=VECTOR('',#12168,39.3700787401575);
#2599=VECTOR('',#12169,39.3700787401575);
#2600=VECTOR('',#12170,39.3700787401575);
#2601=VECTOR('',#12171,39.3700787401575);
#2602=VECTOR('',#12172,39.3700787401575);
#2603=VECTOR('',#12173,39.3700787401575);
#2604=VECTOR('',#12174,39.3700787401575);
#2605=VECTOR('',#12175,39.3700787401575);
#2606=VECTOR('',#12176,39.3700787401575);
#2607=VECTOR('',#12177,39.3700787401575);
#2608=VECTOR('',#12178,39.3700787401575);
#2609=VECTOR('',#12179,39.3700787401575);
#2610=VECTOR('',#12184,39.3700787401575);
#2611=VECTOR('',#12189,39.3700787401575);
#2612=VECTOR('',#12190,39.3700787401575);
#2613=VECTOR('',#12191,39.3700787401575);
#2614=VECTOR('',#12196,39.3700787401575);
#2615=VECTOR('',#12201,39.3700787401575);
#2616=VECTOR('',#12202,39.3700787401575);
#2617=VECTOR('',#12203,39.3700787401575);
#2618=VECTOR('',#12206,39.3700787401575);
#2619=VECTOR('',#12207,39.3700787401575);
#2620=VECTOR('',#12208,39.3700787401575);
#2621=VECTOR('',#12211,39.3700787401575);
#2622=VECTOR('',#12212,39.3700787401575);
#2623=VECTOR('',#12213,39.3700787401575);
#2624=VECTOR('',#12218,39.3700787401575);
#2625=VECTOR('',#12223,39.3700787401575);
#2626=VECTOR('',#12224,39.3700787401575);
#2627=VECTOR('',#12225,39.3700787401575);
#2628=VECTOR('',#12230,39.3700787401575);
#2629=VECTOR('',#12235,39.3700787401575);
#2630=VECTOR('',#12236,39.3700787401575);
#2631=VECTOR('',#12237,39.3700787401575);
#2632=VECTOR('',#12238,39.3700787401575);
#2633=VECTOR('',#12239,39.3700787401575);
#2634=VECTOR('',#12240,39.3700787401575);
#2635=VECTOR('',#12241,39.3700787401575);
#2636=VECTOR('',#12242,39.3700787401575);
#2637=VECTOR('',#12243,39.3700787401575);
#2638=VECTOR('',#12244,39.3700787401575);
#2639=VECTOR('',#12245,39.3700787401575);
#2640=VECTOR('',#12246,39.3700787401575);
#2641=VECTOR('',#12247,39.3700787401575);
#2642=VECTOR('',#12248,39.3700787401575);
#2643=VECTOR('',#12249,39.3700787401575);
#2644=VECTOR('',#12250,39.3700787401575);
#2645=VECTOR('',#12251,39.3700787401575);
#2646=VECTOR('',#12252,39.3700787401575);
#2647=VECTOR('',#12253,39.3700787401575);
#2648=VECTOR('',#12254,39.3700787401575);
#2649=VECTOR('',#12255,39.3700787401575);
#2650=VECTOR('',#12256,39.3700787401575);
#2651=VECTOR('',#12257,39.3700787401575);
#2652=VECTOR('',#12258,39.3700787401575);
#2653=VECTOR('',#12259,39.3700787401575);
#2654=VECTOR('',#12260,39.3700787401575);
#2655=VECTOR('',#12261,39.3700787401575);
#2656=VECTOR('',#12262,39.3700787401575);
#2657=VECTOR('',#12263,39.3700787401575);
#2658=VECTOR('',#12264,39.3700787401575);
#2659=VECTOR('',#12265,39.3700787401575);
#2660=VECTOR('',#12266,39.3700787401575);
#2661=VECTOR('',#12267,39.3700787401575);
#2662=VECTOR('',#12268,39.3700787401575);
#2663=VECTOR('',#12269,39.3700787401575);
#2664=VECTOR('',#12270,39.3700787401575);
#2665=VECTOR('',#12271,39.3700787401575);
#2666=VECTOR('',#12272,39.3700787401575);
#2667=VECTOR('',#12273,39.3700787401575);
#2668=VECTOR('',#12274,39.3700787401575);
#2669=VECTOR('',#12275,39.3700787401575);
#2670=VECTOR('',#12276,39.3700787401575);
#2671=VECTOR('',#12277,39.3700787401575);
#2672=VECTOR('',#12278,39.3700787401575);
#2673=VECTOR('',#12279,39.3700787401575);
#2674=VECTOR('',#12280,39.3700787401575);
#2675=VECTOR('',#12281,39.3700787401575);
#2676=VECTOR('',#12282,39.3700787401575);
#2677=VECTOR('',#12283,39.3700787401575);
#2678=VECTOR('',#12284,39.3700787401575);
#2679=VECTOR('',#12285,39.3700787401575);
#2680=VECTOR('',#12286,39.3700787401575);
#2681=VECTOR('',#12287,39.3700787401575);
#2682=VECTOR('',#12288,39.3700787401575);
#2683=VECTOR('',#12289,39.3700787401575);
#2684=VECTOR('',#12290,39.3700787401575);
#2685=VECTOR('',#12291,39.3700787401575);
#2686=VECTOR('',#12292,39.3700787401575);
#2687=VECTOR('',#12293,39.3700787401575);
#2688=VECTOR('',#12294,39.3700787401575);
#2689=VECTOR('',#12295,39.3700787401575);
#2690=VECTOR('',#12296,39.3700787401575);
#2691=VECTOR('',#12297,39.3700787401575);
#2692=VECTOR('',#12298,39.3700787401575);
#2693=VECTOR('',#12299,39.3700787401575);
#2694=VECTOR('',#12300,39.3700787401575);
#2695=VECTOR('',#12301,39.3700787401575);
#2696=VECTOR('',#12302,39.3700787401575);
#2697=VECTOR('',#12303,39.3700787401575);
#2698=VECTOR('',#12304,39.3700787401575);
#2699=VECTOR('',#12305,39.3700787401575);
#2700=VECTOR('',#12306,39.3700787401575);
#2701=VECTOR('',#12307,39.3700787401575);
#2702=VECTOR('',#12308,39.3700787401575);
#2703=VECTOR('',#12309,39.3700787401575);
#2704=VECTOR('',#12310,39.3700787401575);
#2705=VECTOR('',#12313,39.3700787401575);
#2706=VECTOR('',#12314,39.3700787401575);
#2707=VECTOR('',#12317,39.3700787401575);
#2708=VECTOR('',#12318,39.3700787401575);
#2709=VECTOR('',#12329,39.3700787401575);
#2710=VECTOR('',#12332,39.3700787401575);
#2711=VECTOR('',#12335,39.3700787401575);
#2712=VECTOR('',#12338,39.3700787401575);
#2713=VECTOR('',#12343,39.3700787401575);
#2714=VECTOR('',#12346,39.3700787401575);
#2715=VECTOR('',#12349,39.3700787401575);
#2716=VECTOR('',#12352,39.3700787401575);
#2717=VECTOR('',#12357,39.3700787401575);
#2718=VECTOR('',#12360,39.3700787401575);
#2719=VECTOR('',#12363,39.3700787401575);
#2720=VECTOR('',#12366,39.3700787401575);
#2721=VECTOR('',#12371,39.3700787401575);
#2722=VECTOR('',#12374,39.3700787401575);
#2723=VECTOR('',#12377,39.3700787401575);
#2724=VECTOR('',#12380,39.3700787401575);
#2725=VECTOR('',#12385,39.3700787401575);
#2726=VECTOR('',#12388,39.3700787401575);
#2727=VECTOR('',#12391,39.3700787401575);
#2728=VECTOR('',#12394,39.3700787401575);
#2729=VECTOR('',#12399,39.3700787401575);
#2730=VECTOR('',#12402,39.3700787401575);
#2731=VECTOR('',#12405,39.3700787401575);
#2732=VECTOR('',#12408,39.3700787401575);
#2733=VECTOR('',#12413,39.3700787401575);
#2734=VECTOR('',#12416,39.3700787401575);
#2735=VECTOR('',#12419,39.3700787401575);
#2736=VECTOR('',#12422,39.3700787401575);
#2737=VECTOR('',#12427,39.3700787401575);
#2738=VECTOR('',#12430,39.3700787401575);
#2739=VECTOR('',#12433,39.3700787401575);
#2740=VECTOR('',#12436,39.3700787401575);
#2741=VECTOR('',#12441,39.3700787401575);
#2742=VECTOR('',#12444,39.3700787401575);
#2743=VECTOR('',#12447,39.3700787401575);
#2744=VECTOR('',#12450,39.3700787401575);
#2745=VECTOR('',#12455,39.3700787401575);
#2746=VECTOR('',#12458,39.3700787401575);
#2747=VECTOR('',#12463,39.3700787401575);
#2748=VECTOR('',#12466,39.3700787401575);
#2749=VECTOR('',#12471,39.3700787401575);
#2750=VECTOR('',#12474,39.3700787401575);
#2751=VECTOR('',#12479,39.3700787401575);
#2752=VECTOR('',#12482,39.3700787401575);
#2753=VECTOR('',#12487,39.3700787401575);
#2754=VECTOR('',#12490,39.3700787401575);
#2755=VECTOR('',#12495,39.3700787401575);
#2756=VECTOR('',#12498,39.3700787401575);
#2757=VECTOR('',#12503,39.3700787401575);
#2758=VECTOR('',#12506,39.3700787401575);
#2759=VECTOR('',#12511,39.3700787401575);
#2760=VECTOR('',#12514,39.3700787401575);
#2761=VECTOR('',#12519,39.3700787401575);
#2762=VECTOR('',#12522,39.3700787401575);
#2763=VECTOR('',#12527,39.3700787401575);
#2764=VECTOR('',#12530,39.3700787401575);
#2765=VECTOR('',#12535,39.3700787401575);
#2766=VECTOR('',#12538,39.3700787401575);
#2767=VECTOR('',#12543,39.3700787401575);
#2768=VECTOR('',#12546,39.3700787401575);
#2769=VECTOR('',#12551,39.3700787401575);
#2770=VECTOR('',#12554,39.3700787401575);
#2771=VECTOR('',#12559,39.3700787401575);
#2772=VECTOR('',#12562,39.3700787401575);
#2773=VECTOR('',#12567,39.3700787401575);
#2774=VECTOR('',#12570,39.3700787401575);
#2775=VECTOR('',#12575,39.3700787401575);
#2776=VECTOR('',#12578,39.3700787401575);
#2777=VECTOR('',#12583,39.3700787401575);
#2778=VECTOR('',#12586,39.3700787401575);
#2779=VECTOR('',#12591,39.3700787401575);
#2780=VECTOR('',#12594,39.3700787401575);
#2781=VECTOR('',#12599,39.3700787401575);
#2782=VECTOR('',#12602,39.3700787401575);
#2783=VECTOR('',#12605,39.3700787401575);
#2784=VECTOR('',#12608,39.3700787401575);
#2785=VECTOR('',#12613,39.3700787401575);
#2786=VECTOR('',#12616,39.3700787401575);
#2787=VECTOR('',#12619,39.3700787401575);
#2788=VECTOR('',#12622,39.3700787401575);
#2789=VECTOR('',#12627,39.3700787401575);
#2790=VECTOR('',#12630,39.3700787401575);
#2791=VECTOR('',#12633,39.3700787401575);
#2792=VECTOR('',#12636,39.3700787401575);
#2793=VECTOR('',#12641,39.3700787401575);
#2794=VECTOR('',#12644,39.3700787401575);
#2795=VECTOR('',#12647,39.3700787401575);
#2796=VECTOR('',#12650,39.3700787401575);
#2797=VECTOR('',#12655,39.3700787401575);
#2798=VECTOR('',#12658,39.3700787401575);
#2799=VECTOR('',#12661,39.3700787401575);
#2800=VECTOR('',#12664,39.3700787401575);
#2801=VECTOR('',#12669,39.3700787401575);
#2802=VECTOR('',#12672,39.3700787401575);
#2803=VECTOR('',#12675,39.3700787401575);
#2804=VECTOR('',#12678,39.3700787401575);
#2805=VECTOR('',#12683,39.3700787401575);
#2806=VECTOR('',#12686,39.3700787401575);
#2807=VECTOR('',#12689,39.3700787401575);
#2808=VECTOR('',#12692,39.3700787401575);
#2809=VECTOR('',#12697,39.3700787401575);
#2810=VECTOR('',#12700,39.3700787401575);
#2811=VECTOR('',#12703,39.3700787401575);
#2812=VECTOR('',#12706,39.3700787401575);
#2813=VECTOR('',#12711,39.3700787401575);
#2814=VECTOR('',#12714,39.3700787401575);
#2815=VECTOR('',#12717,39.3700787401575);
#2816=VECTOR('',#12720,39.3700787401575);
#2817=B_SPLINE_CURVE_WITH_KNOTS('',3,(#12729,#12730,#12731,#12732),
 .UNSPECIFIED.,.F.,.F.,(4,4),(0.,0.000209861722884215),.UNSPECIFIED.);
#2818=B_SPLINE_CURVE_WITH_KNOTS('',3,(#12737,#12738,#12739,#12740),
 .UNSPECIFIED.,.F.,.F.,(4,4),(5.42101086242752E-20,0.000438476562202577),
 .UNSPECIFIED.);
#2819=B_SPLINE_CURVE_WITH_KNOTS('',3,(#12744,#12745,#12746,#12747),
 .UNSPECIFIED.,.F.,.F.,(4,4),(2.71050543121376E-20,0.000441630888076688),
 .UNSPECIFIED.);
#2820=B_SPLINE_CURVE_WITH_KNOTS('',3,(#12751,#12752,#12753,#12754),
 .UNSPECIFIED.,.F.,.F.,(4,4),(1.0842021724855E-19,0.000209791778436718),
 .UNSPECIFIED.);
#2821=B_SPLINE_CURVE_WITH_KNOTS('',3,(#12760,#12761,#12762,#12763),
 .UNSPECIFIED.,.F.,.F.,(4,4),(0.,0.000209861722884215),.UNSPECIFIED.);
#2822=B_SPLINE_CURVE_WITH_KNOTS('',3,(#12768,#12769,#12770,#12771),
 .UNSPECIFIED.,.F.,.F.,(4,4),(5.42101086242752E-20,0.000438476562202578),
 .UNSPECIFIED.);
#2823=B_SPLINE_CURVE_WITH_KNOTS('',3,(#12775,#12776,#12777,#12778),
 .UNSPECIFIED.,.F.,.F.,(4,4),(0.,0.000441630888076688),.UNSPECIFIED.);
#2824=B_SPLINE_CURVE_WITH_KNOTS('',3,(#12782,#12783,#12784,#12785),
 .UNSPECIFIED.,.F.,.F.,(4,4),(1.0842021724855E-19,0.000209791778436718),
 .UNSPECIFIED.);
#2825=ORIENTED_EDGE('',*,*,#5581,.F.);
#2826=ORIENTED_EDGE('',*,*,#5582,.F.);
#2827=ORIENTED_EDGE('',*,*,#5583,.F.);
#2828=ORIENTED_EDGE('',*,*,#5584,.F.);
#2829=ORIENTED_EDGE('',*,*,#5585,.F.);
#2830=ORIENTED_EDGE('',*,*,#5586,.F.);
#2831=ORIENTED_EDGE('',*,*,#5587,.F.);
#2832=ORIENTED_EDGE('',*,*,#5588,.F.);
#2833=ORIENTED_EDGE('',*,*,#5589,.T.);
#2834=ORIENTED_EDGE('',*,*,#5590,.F.);
#2835=ORIENTED_EDGE('',*,*,#5591,.F.);
#2836=ORIENTED_EDGE('',*,*,#5592,.F.);
#2837=ORIENTED_EDGE('',*,*,#5593,.F.);
#2838=ORIENTED_EDGE('',*,*,#5594,.F.);
#2839=ORIENTED_EDGE('',*,*,#5595,.F.);
#2840=ORIENTED_EDGE('',*,*,#5596,.F.);
#2841=ORIENTED_EDGE('',*,*,#5597,.F.);
#2842=ORIENTED_EDGE('',*,*,#5598,.T.);
#2843=ORIENTED_EDGE('',*,*,#5599,.T.);
#2844=ORIENTED_EDGE('',*,*,#5600,.F.);
#2845=ORIENTED_EDGE('',*,*,#5601,.F.);
#2846=ORIENTED_EDGE('',*,*,#5602,.F.);
#2847=ORIENTED_EDGE('',*,*,#5603,.F.);
#2848=ORIENTED_EDGE('',*,*,#5602,.T.);
#2849=ORIENTED_EDGE('',*,*,#5604,.F.);
#2850=ORIENTED_EDGE('',*,*,#5605,.F.);
#2851=ORIENTED_EDGE('',*,*,#5606,.T.);
#2852=ORIENTED_EDGE('',*,*,#5607,.F.);
#2853=ORIENTED_EDGE('',*,*,#5598,.F.);
#2854=ORIENTED_EDGE('',*,*,#5608,.F.);
#2855=ORIENTED_EDGE('',*,*,#5609,.F.);
#2856=ORIENTED_EDGE('',*,*,#5610,.F.);
#2857=ORIENTED_EDGE('',*,*,#5607,.T.);
#2858=ORIENTED_EDGE('',*,*,#5611,.T.);
#2859=ORIENTED_EDGE('',*,*,#5612,.T.);
#2860=ORIENTED_EDGE('',*,*,#5613,.F.);
#2861=ORIENTED_EDGE('',*,*,#5614,.F.);
#2862=ORIENTED_EDGE('',*,*,#5609,.T.);
#2863=ORIENTED_EDGE('',*,*,#5615,.T.);
#2864=ORIENTED_EDGE('',*,*,#5616,.F.);
#2865=ORIENTED_EDGE('',*,*,#5617,.F.);
#2866=ORIENTED_EDGE('',*,*,#5613,.T.);
#2867=ORIENTED_EDGE('',*,*,#5618,.T.);
#2868=ORIENTED_EDGE('',*,*,#5619,.F.);
#2869=ORIENTED_EDGE('',*,*,#5620,.F.);
#2870=ORIENTED_EDGE('',*,*,#5616,.T.);
#2871=ORIENTED_EDGE('',*,*,#5589,.F.);
#2872=ORIENTED_EDGE('',*,*,#5621,.F.);
#2873=ORIENTED_EDGE('',*,*,#5622,.F.);
#2874=ORIENTED_EDGE('',*,*,#5623,.F.);
#2875=ORIENTED_EDGE('',*,*,#5619,.T.);
#2876=ORIENTED_EDGE('',*,*,#5624,.T.);
#2877=ORIENTED_EDGE('',*,*,#5625,.T.);
#2878=ORIENTED_EDGE('',*,*,#5626,.T.);
#2879=ORIENTED_EDGE('',*,*,#5627,.F.);
#2880=ORIENTED_EDGE('',*,*,#5628,.F.);
#2881=ORIENTED_EDGE('',*,*,#5629,.F.);
#2882=ORIENTED_EDGE('',*,*,#5622,.T.);
#2883=ORIENTED_EDGE('',*,*,#5630,.F.);
#2884=ORIENTED_EDGE('',*,*,#5631,.F.);
#2885=ORIENTED_EDGE('',*,*,#5632,.T.);
#2886=ORIENTED_EDGE('',*,*,#5633,.T.);
#2887=ORIENTED_EDGE('',*,*,#5634,.F.);
#2888=ORIENTED_EDGE('',*,*,#5635,.F.);
#2889=ORIENTED_EDGE('',*,*,#5636,.T.);
#2890=ORIENTED_EDGE('',*,*,#5631,.T.);
#2891=ORIENTED_EDGE('',*,*,#5637,.F.);
#2892=ORIENTED_EDGE('',*,*,#5638,.F.);
#2893=ORIENTED_EDGE('',*,*,#5639,.T.);
#2894=ORIENTED_EDGE('',*,*,#5635,.T.);
#2895=ORIENTED_EDGE('',*,*,#5640,.F.);
#2896=ORIENTED_EDGE('',*,*,#5641,.F.);
#2897=ORIENTED_EDGE('',*,*,#5642,.T.);
#2898=ORIENTED_EDGE('',*,*,#5643,.T.);
#2899=ORIENTED_EDGE('',*,*,#5644,.F.);
#2900=ORIENTED_EDGE('',*,*,#5645,.F.);
#2901=ORIENTED_EDGE('',*,*,#5646,.T.);
#2902=ORIENTED_EDGE('',*,*,#5641,.T.);
#2903=ORIENTED_EDGE('',*,*,#5647,.F.);
#2904=ORIENTED_EDGE('',*,*,#5648,.F.);
#2905=ORIENTED_EDGE('',*,*,#5649,.T.);
#2906=ORIENTED_EDGE('',*,*,#5645,.T.);
#2907=ORIENTED_EDGE('',*,*,#5650,.F.);
#2908=ORIENTED_EDGE('',*,*,#5651,.F.);
#2909=ORIENTED_EDGE('',*,*,#5652,.T.);
#2910=ORIENTED_EDGE('',*,*,#5653,.T.);
#2911=ORIENTED_EDGE('',*,*,#5654,.F.);
#2912=ORIENTED_EDGE('',*,*,#5655,.F.);
#2913=ORIENTED_EDGE('',*,*,#5656,.T.);
#2914=ORIENTED_EDGE('',*,*,#5651,.T.);
#2915=ORIENTED_EDGE('',*,*,#5657,.F.);
#2916=ORIENTED_EDGE('',*,*,#5658,.F.);
#2917=ORIENTED_EDGE('',*,*,#5659,.T.);
#2918=ORIENTED_EDGE('',*,*,#5655,.T.);
#2919=ORIENTED_EDGE('',*,*,#5660,.F.);
#2920=ORIENTED_EDGE('',*,*,#5661,.F.);
#2921=ORIENTED_EDGE('',*,*,#5662,.T.);
#2922=ORIENTED_EDGE('',*,*,#5663,.T.);
#2923=ORIENTED_EDGE('',*,*,#5664,.F.);
#2924=ORIENTED_EDGE('',*,*,#5665,.F.);
#2925=ORIENTED_EDGE('',*,*,#5666,.T.);
#2926=ORIENTED_EDGE('',*,*,#5661,.T.);
#2927=ORIENTED_EDGE('',*,*,#5667,.F.);
#2928=ORIENTED_EDGE('',*,*,#5668,.F.);
#2929=ORIENTED_EDGE('',*,*,#5669,.T.);
#2930=ORIENTED_EDGE('',*,*,#5665,.T.);
#2931=ORIENTED_EDGE('',*,*,#5670,.F.);
#2932=ORIENTED_EDGE('',*,*,#5671,.F.);
#2933=ORIENTED_EDGE('',*,*,#5672,.T.);
#2934=ORIENTED_EDGE('',*,*,#5673,.T.);
#2935=ORIENTED_EDGE('',*,*,#5674,.F.);
#2936=ORIENTED_EDGE('',*,*,#5675,.F.);
#2937=ORIENTED_EDGE('',*,*,#5676,.T.);
#2938=ORIENTED_EDGE('',*,*,#5671,.T.);
#2939=ORIENTED_EDGE('',*,*,#5677,.F.);
#2940=ORIENTED_EDGE('',*,*,#5678,.F.);
#2941=ORIENTED_EDGE('',*,*,#5679,.T.);
#2942=ORIENTED_EDGE('',*,*,#5675,.T.);
#2943=ORIENTED_EDGE('',*,*,#5680,.F.);
#2944=ORIENTED_EDGE('',*,*,#5681,.F.);
#2945=ORIENTED_EDGE('',*,*,#5682,.T.);
#2946=ORIENTED_EDGE('',*,*,#5683,.T.);
#2947=ORIENTED_EDGE('',*,*,#5684,.F.);
#2948=ORIENTED_EDGE('',*,*,#5685,.F.);
#2949=ORIENTED_EDGE('',*,*,#5686,.T.);
#2950=ORIENTED_EDGE('',*,*,#5681,.T.);
#2951=ORIENTED_EDGE('',*,*,#5687,.F.);
#2952=ORIENTED_EDGE('',*,*,#5688,.F.);
#2953=ORIENTED_EDGE('',*,*,#5689,.T.);
#2954=ORIENTED_EDGE('',*,*,#5685,.T.);
#2955=ORIENTED_EDGE('',*,*,#5690,.F.);
#2956=ORIENTED_EDGE('',*,*,#5691,.F.);
#2957=ORIENTED_EDGE('',*,*,#5692,.T.);
#2958=ORIENTED_EDGE('',*,*,#5693,.T.);
#2959=ORIENTED_EDGE('',*,*,#5694,.F.);
#2960=ORIENTED_EDGE('',*,*,#5695,.F.);
#2961=ORIENTED_EDGE('',*,*,#5696,.T.);
#2962=ORIENTED_EDGE('',*,*,#5691,.T.);
#2963=ORIENTED_EDGE('',*,*,#5697,.F.);
#2964=ORIENTED_EDGE('',*,*,#5698,.F.);
#2965=ORIENTED_EDGE('',*,*,#5699,.T.);
#2966=ORIENTED_EDGE('',*,*,#5695,.T.);
#2967=ORIENTED_EDGE('',*,*,#5700,.F.);
#2968=ORIENTED_EDGE('',*,*,#5701,.F.);
#2969=ORIENTED_EDGE('',*,*,#5702,.T.);
#2970=ORIENTED_EDGE('',*,*,#5703,.T.);
#2971=ORIENTED_EDGE('',*,*,#5704,.F.);
#2972=ORIENTED_EDGE('',*,*,#5705,.F.);
#2973=ORIENTED_EDGE('',*,*,#5706,.T.);
#2974=ORIENTED_EDGE('',*,*,#5701,.T.);
#2975=ORIENTED_EDGE('',*,*,#5707,.F.);
#2976=ORIENTED_EDGE('',*,*,#5708,.F.);
#2977=ORIENTED_EDGE('',*,*,#5709,.T.);
#2978=ORIENTED_EDGE('',*,*,#5705,.T.);
#2979=ORIENTED_EDGE('',*,*,#5710,.F.);
#2980=ORIENTED_EDGE('',*,*,#5633,.F.);
#2981=ORIENTED_EDGE('',*,*,#5711,.T.);
#2982=ORIENTED_EDGE('',*,*,#5638,.T.);
#2983=ORIENTED_EDGE('',*,*,#5712,.F.);
#2984=ORIENTED_EDGE('',*,*,#5643,.F.);
#2985=ORIENTED_EDGE('',*,*,#5713,.T.);
#2986=ORIENTED_EDGE('',*,*,#5648,.T.);
#2987=ORIENTED_EDGE('',*,*,#5714,.F.);
#2988=ORIENTED_EDGE('',*,*,#5653,.F.);
#2989=ORIENTED_EDGE('',*,*,#5715,.T.);
#2990=ORIENTED_EDGE('',*,*,#5658,.T.);
#2991=ORIENTED_EDGE('',*,*,#5716,.F.);
#2992=ORIENTED_EDGE('',*,*,#5663,.F.);
#2993=ORIENTED_EDGE('',*,*,#5717,.T.);
#2994=ORIENTED_EDGE('',*,*,#5668,.T.);
#2995=ORIENTED_EDGE('',*,*,#5718,.F.);
#2996=ORIENTED_EDGE('',*,*,#5673,.F.);
#2997=ORIENTED_EDGE('',*,*,#5719,.T.);
#2998=ORIENTED_EDGE('',*,*,#5678,.T.);
#2999=ORIENTED_EDGE('',*,*,#5720,.F.);
#3000=ORIENTED_EDGE('',*,*,#5683,.F.);
#3001=ORIENTED_EDGE('',*,*,#5721,.T.);
#3002=ORIENTED_EDGE('',*,*,#5688,.T.);
#3003=ORIENTED_EDGE('',*,*,#5722,.F.);
#3004=ORIENTED_EDGE('',*,*,#5693,.F.);
#3005=ORIENTED_EDGE('',*,*,#5723,.T.);
#3006=ORIENTED_EDGE('',*,*,#5698,.T.);
#3007=ORIENTED_EDGE('',*,*,#5724,.F.);
#3008=ORIENTED_EDGE('',*,*,#5703,.F.);
#3009=ORIENTED_EDGE('',*,*,#5725,.T.);
#3010=ORIENTED_EDGE('',*,*,#5708,.T.);
#3011=ORIENTED_EDGE('',*,*,#5726,.F.);
#3012=ORIENTED_EDGE('',*,*,#5727,.T.);
#3013=ORIENTED_EDGE('',*,*,#5728,.T.);
#3014=ORIENTED_EDGE('',*,*,#5729,.T.);
#3015=ORIENTED_EDGE('',*,*,#5726,.T.);
#3016=ORIENTED_EDGE('',*,*,#5730,.T.);
#3017=ORIENTED_EDGE('',*,*,#5731,.F.);
#3018=ORIENTED_EDGE('',*,*,#5732,.F.);
#3019=ORIENTED_EDGE('',*,*,#5599,.F.);
#3020=ORIENTED_EDGE('',*,*,#5603,.T.);
#3021=ORIENTED_EDGE('',*,*,#5610,.T.);
#3022=ORIENTED_EDGE('',*,*,#5614,.T.);
#3023=ORIENTED_EDGE('',*,*,#5617,.T.);
#3024=ORIENTED_EDGE('',*,*,#5620,.T.);
#3025=ORIENTED_EDGE('',*,*,#5623,.T.);
#3026=ORIENTED_EDGE('',*,*,#5629,.T.);
#3027=ORIENTED_EDGE('',*,*,#5733,.F.);
#3028=ORIENTED_EDGE('',*,*,#5734,.T.);
#3029=ORIENTED_EDGE('',*,*,#5735,.F.);
#3030=ORIENTED_EDGE('',*,*,#5736,.T.);
#3031=ORIENTED_EDGE('',*,*,#5702,.F.);
#3032=ORIENTED_EDGE('',*,*,#5706,.F.);
#3033=ORIENTED_EDGE('',*,*,#5709,.F.);
#3034=ORIENTED_EDGE('',*,*,#5725,.F.);
#3035=ORIENTED_EDGE('',*,*,#5692,.F.);
#3036=ORIENTED_EDGE('',*,*,#5696,.F.);
#3037=ORIENTED_EDGE('',*,*,#5699,.F.);
#3038=ORIENTED_EDGE('',*,*,#5723,.F.);
#3039=ORIENTED_EDGE('',*,*,#5682,.F.);
#3040=ORIENTED_EDGE('',*,*,#5686,.F.);
#3041=ORIENTED_EDGE('',*,*,#5689,.F.);
#3042=ORIENTED_EDGE('',*,*,#5721,.F.);
#3043=ORIENTED_EDGE('',*,*,#5672,.F.);
#3044=ORIENTED_EDGE('',*,*,#5676,.F.);
#3045=ORIENTED_EDGE('',*,*,#5679,.F.);
#3046=ORIENTED_EDGE('',*,*,#5719,.F.);
#3047=ORIENTED_EDGE('',*,*,#5662,.F.);
#3048=ORIENTED_EDGE('',*,*,#5666,.F.);
#3049=ORIENTED_EDGE('',*,*,#5669,.F.);
#3050=ORIENTED_EDGE('',*,*,#5717,.F.);
#3051=ORIENTED_EDGE('',*,*,#5652,.F.);
#3052=ORIENTED_EDGE('',*,*,#5656,.F.);
#3053=ORIENTED_EDGE('',*,*,#5659,.F.);
#3054=ORIENTED_EDGE('',*,*,#5715,.F.);
#3055=ORIENTED_EDGE('',*,*,#5642,.F.);
#3056=ORIENTED_EDGE('',*,*,#5646,.F.);
#3057=ORIENTED_EDGE('',*,*,#5649,.F.);
#3058=ORIENTED_EDGE('',*,*,#5713,.F.);
#3059=ORIENTED_EDGE('',*,*,#5632,.F.);
#3060=ORIENTED_EDGE('',*,*,#5636,.F.);
#3061=ORIENTED_EDGE('',*,*,#5639,.F.);
#3062=ORIENTED_EDGE('',*,*,#5711,.F.);
#3063=ORIENTED_EDGE('',*,*,#5700,.T.);
#3064=ORIENTED_EDGE('',*,*,#5724,.T.);
#3065=ORIENTED_EDGE('',*,*,#5707,.T.);
#3066=ORIENTED_EDGE('',*,*,#5704,.T.);
#3067=ORIENTED_EDGE('',*,*,#5690,.T.);
#3068=ORIENTED_EDGE('',*,*,#5722,.T.);
#3069=ORIENTED_EDGE('',*,*,#5697,.T.);
#3070=ORIENTED_EDGE('',*,*,#5694,.T.);
#3071=ORIENTED_EDGE('',*,*,#5680,.T.);
#3072=ORIENTED_EDGE('',*,*,#5720,.T.);
#3073=ORIENTED_EDGE('',*,*,#5687,.T.);
#3074=ORIENTED_EDGE('',*,*,#5684,.T.);
#3075=ORIENTED_EDGE('',*,*,#5670,.T.);
#3076=ORIENTED_EDGE('',*,*,#5718,.T.);
#3077=ORIENTED_EDGE('',*,*,#5677,.T.);
#3078=ORIENTED_EDGE('',*,*,#5674,.T.);
#3079=ORIENTED_EDGE('',*,*,#5660,.T.);
#3080=ORIENTED_EDGE('',*,*,#5716,.T.);
#3081=ORIENTED_EDGE('',*,*,#5667,.T.);
#3082=ORIENTED_EDGE('',*,*,#5664,.T.);
#3083=ORIENTED_EDGE('',*,*,#5650,.T.);
#3084=ORIENTED_EDGE('',*,*,#5714,.T.);
#3085=ORIENTED_EDGE('',*,*,#5657,.T.);
#3086=ORIENTED_EDGE('',*,*,#5654,.T.);
#3087=ORIENTED_EDGE('',*,*,#5640,.T.);
#3088=ORIENTED_EDGE('',*,*,#5712,.T.);
#3089=ORIENTED_EDGE('',*,*,#5647,.T.);
#3090=ORIENTED_EDGE('',*,*,#5644,.T.);
#3091=ORIENTED_EDGE('',*,*,#5630,.T.);
#3092=ORIENTED_EDGE('',*,*,#5710,.T.);
#3093=ORIENTED_EDGE('',*,*,#5637,.T.);
#3094=ORIENTED_EDGE('',*,*,#5634,.T.);
#3095=ORIENTED_EDGE('',*,*,#5728,.F.);
#3096=ORIENTED_EDGE('',*,*,#5737,.F.);
#3097=ORIENTED_EDGE('',*,*,#5738,.F.);
#3098=ORIENTED_EDGE('',*,*,#5625,.F.);
#3099=ORIENTED_EDGE('',*,*,#5624,.F.);
#3100=ORIENTED_EDGE('',*,*,#5618,.F.);
#3101=ORIENTED_EDGE('',*,*,#5615,.F.);
#3102=ORIENTED_EDGE('',*,*,#5612,.F.);
#3103=ORIENTED_EDGE('',*,*,#5611,.F.);
#3104=ORIENTED_EDGE('',*,*,#5606,.F.);
#3105=ORIENTED_EDGE('',*,*,#5739,.F.);
#3106=ORIENTED_EDGE('',*,*,#5740,.F.);
#3107=ORIENTED_EDGE('',*,*,#5730,.F.);
#3108=ORIENTED_EDGE('',*,*,#5729,.F.);
#3109=ORIENTED_EDGE('',*,*,#5740,.T.);
#3110=ORIENTED_EDGE('',*,*,#5741,.T.);
#3111=ORIENTED_EDGE('',*,*,#5742,.F.);
#3112=ORIENTED_EDGE('',*,*,#5743,.F.);
#3113=ORIENTED_EDGE('',*,*,#5744,.F.);
#3114=ORIENTED_EDGE('',*,*,#5745,.F.);
#3115=ORIENTED_EDGE('',*,*,#5741,.F.);
#3116=ORIENTED_EDGE('',*,*,#5739,.T.);
#3117=ORIENTED_EDGE('',*,*,#5605,.T.);
#3118=ORIENTED_EDGE('',*,*,#5746,.T.);
#3119=ORIENTED_EDGE('',*,*,#5742,.T.);
#3120=ORIENTED_EDGE('',*,*,#5745,.T.);
#3121=ORIENTED_EDGE('',*,*,#5604,.T.);
#3122=ORIENTED_EDGE('',*,*,#5601,.T.);
#3123=ORIENTED_EDGE('',*,*,#5747,.F.);
#3124=ORIENTED_EDGE('',*,*,#5736,.F.);
#3125=ORIENTED_EDGE('',*,*,#5748,.F.);
#3126=ORIENTED_EDGE('',*,*,#5749,.F.);
#3127=ORIENTED_EDGE('',*,*,#5750,.F.);
#3128=ORIENTED_EDGE('',*,*,#5751,.F.);
#3129=ORIENTED_EDGE('',*,*,#5737,.T.);
#3130=ORIENTED_EDGE('',*,*,#5727,.F.);
#3131=ORIENTED_EDGE('',*,*,#5752,.T.);
#3132=ORIENTED_EDGE('',*,*,#5733,.T.);
#3133=ORIENTED_EDGE('',*,*,#5628,.T.);
#3134=ORIENTED_EDGE('',*,*,#5753,.F.);
#3135=ORIENTED_EDGE('',*,*,#5754,.F.);
#3136=ORIENTED_EDGE('',*,*,#5626,.F.);
#3137=ORIENTED_EDGE('',*,*,#5738,.T.);
#3138=ORIENTED_EDGE('',*,*,#5751,.T.);
#3139=ORIENTED_EDGE('',*,*,#5755,.F.);
#3140=ORIENTED_EDGE('',*,*,#5756,.T.);
#3141=ORIENTED_EDGE('',*,*,#5753,.T.);
#3142=ORIENTED_EDGE('',*,*,#5627,.T.);
#3143=ORIENTED_EDGE('',*,*,#5754,.T.);
#3144=ORIENTED_EDGE('',*,*,#5750,.T.);
#3145=ORIENTED_EDGE('',*,*,#5756,.F.);
#3146=ORIENTED_EDGE('',*,*,#5757,.F.);
#3147=ORIENTED_EDGE('',*,*,#5758,.F.);
#3148=ORIENTED_EDGE('',*,*,#5734,.F.);
#3149=ORIENTED_EDGE('',*,*,#5752,.F.);
#3150=ORIENTED_EDGE('',*,*,#5749,.T.);
#3151=ORIENTED_EDGE('',*,*,#5759,.T.);
#3152=ORIENTED_EDGE('',*,*,#5757,.T.);
#3153=ORIENTED_EDGE('',*,*,#5755,.T.);
#3154=ORIENTED_EDGE('',*,*,#5748,.T.);
#3155=ORIENTED_EDGE('',*,*,#5735,.T.);
#3156=ORIENTED_EDGE('',*,*,#5758,.T.);
#3157=ORIENTED_EDGE('',*,*,#5759,.F.);
#3158=ORIENTED_EDGE('',*,*,#5744,.T.);
#3159=ORIENTED_EDGE('',*,*,#5760,.F.);
#3160=ORIENTED_EDGE('',*,*,#5761,.F.);
#3161=ORIENTED_EDGE('',*,*,#5731,.T.);
#3162=ORIENTED_EDGE('',*,*,#5743,.T.);
#3163=ORIENTED_EDGE('',*,*,#5746,.F.);
#3164=ORIENTED_EDGE('',*,*,#5762,.F.);
#3165=ORIENTED_EDGE('',*,*,#5760,.T.);
#3166=ORIENTED_EDGE('',*,*,#5747,.T.);
#3167=ORIENTED_EDGE('',*,*,#5600,.T.);
#3168=ORIENTED_EDGE('',*,*,#5732,.T.);
#3169=ORIENTED_EDGE('',*,*,#5761,.T.);
#3170=ORIENTED_EDGE('',*,*,#5762,.T.);
#3171=ORIENTED_EDGE('',*,*,#5763,.F.);
#3172=ORIENTED_EDGE('',*,*,#5590,.T.);
#3173=ORIENTED_EDGE('',*,*,#5763,.T.);
#3174=ORIENTED_EDGE('',*,*,#5594,.T.);
#3175=ORIENTED_EDGE('',*,*,#5764,.T.);
#3176=ORIENTED_EDGE('',*,*,#5593,.T.);
#3177=ORIENTED_EDGE('',*,*,#5765,.T.);
#3178=ORIENTED_EDGE('',*,*,#5595,.T.);
#3179=ORIENTED_EDGE('',*,*,#5764,.F.);
#3180=ORIENTED_EDGE('',*,*,#5596,.T.);
#3181=ORIENTED_EDGE('',*,*,#5765,.F.);
#3182=ORIENTED_EDGE('',*,*,#5592,.T.);
#3183=ORIENTED_EDGE('',*,*,#5766,.T.);
#3184=ORIENTED_EDGE('',*,*,#5591,.T.);
#3185=ORIENTED_EDGE('',*,*,#5608,.T.);
#3186=ORIENTED_EDGE('',*,*,#5597,.T.);
#3187=ORIENTED_EDGE('',*,*,#5766,.F.);
#3188=ORIENTED_EDGE('',*,*,#5767,.F.);
#3189=ORIENTED_EDGE('',*,*,#5581,.T.);
#3190=ORIENTED_EDGE('',*,*,#5767,.T.);
#3191=ORIENTED_EDGE('',*,*,#5585,.T.);
#3192=ORIENTED_EDGE('',*,*,#5768,.T.);
#3193=ORIENTED_EDGE('',*,*,#5584,.T.);
#3194=ORIENTED_EDGE('',*,*,#5769,.T.);
#3195=ORIENTED_EDGE('',*,*,#5586,.T.);
#3196=ORIENTED_EDGE('',*,*,#5768,.F.);
#3197=ORIENTED_EDGE('',*,*,#5587,.T.);
#3198=ORIENTED_EDGE('',*,*,#5769,.F.);
#3199=ORIENTED_EDGE('',*,*,#5583,.T.);
#3200=ORIENTED_EDGE('',*,*,#5770,.T.);
#3201=ORIENTED_EDGE('',*,*,#5582,.T.);
#3202=ORIENTED_EDGE('',*,*,#5621,.T.);
#3203=ORIENTED_EDGE('',*,*,#5588,.T.);
#3204=ORIENTED_EDGE('',*,*,#5770,.F.);
#3205=ORIENTED_EDGE('',*,*,#5771,.F.);
#3206=ORIENTED_EDGE('',*,*,#5772,.F.);
#3207=ORIENTED_EDGE('',*,*,#5773,.F.);
#3208=ORIENTED_EDGE('',*,*,#5774,.T.);
#3209=ORIENTED_EDGE('',*,*,#5775,.F.);
#3210=ORIENTED_EDGE('',*,*,#5776,.F.);
#3211=ORIENTED_EDGE('',*,*,#5777,.F.);
#3212=ORIENTED_EDGE('',*,*,#5778,.T.);
#3213=ORIENTED_EDGE('',*,*,#5779,.F.);
#3214=ORIENTED_EDGE('',*,*,#5780,.F.);
#3215=ORIENTED_EDGE('',*,*,#5781,.F.);
#3216=ORIENTED_EDGE('',*,*,#5782,.T.);
#3217=ORIENTED_EDGE('',*,*,#5783,.F.);
#3218=ORIENTED_EDGE('',*,*,#5784,.F.);
#3219=ORIENTED_EDGE('',*,*,#5785,.F.);
#3220=ORIENTED_EDGE('',*,*,#5786,.T.);
#3221=ORIENTED_EDGE('',*,*,#5787,.F.);
#3222=ORIENTED_EDGE('',*,*,#5788,.F.);
#3223=ORIENTED_EDGE('',*,*,#5789,.F.);
#3224=ORIENTED_EDGE('',*,*,#5790,.T.);
#3225=ORIENTED_EDGE('',*,*,#5791,.F.);
#3226=ORIENTED_EDGE('',*,*,#5792,.F.);
#3227=ORIENTED_EDGE('',*,*,#5793,.F.);
#3228=ORIENTED_EDGE('',*,*,#5794,.T.);
#3229=ORIENTED_EDGE('',*,*,#5795,.F.);
#3230=ORIENTED_EDGE('',*,*,#5796,.F.);
#3231=ORIENTED_EDGE('',*,*,#5797,.F.);
#3232=ORIENTED_EDGE('',*,*,#5798,.T.);
#3233=ORIENTED_EDGE('',*,*,#5799,.F.);
#3234=ORIENTED_EDGE('',*,*,#5800,.F.);
#3235=ORIENTED_EDGE('',*,*,#5801,.F.);
#3236=ORIENTED_EDGE('',*,*,#5802,.T.);
#3237=ORIENTED_EDGE('',*,*,#5803,.F.);
#3238=ORIENTED_EDGE('',*,*,#5804,.F.);
#3239=ORIENTED_EDGE('',*,*,#5805,.F.);
#3240=ORIENTED_EDGE('',*,*,#5806,.T.);
#3241=ORIENTED_EDGE('',*,*,#5807,.F.);
#3242=ORIENTED_EDGE('',*,*,#5774,.F.);
#3243=ORIENTED_EDGE('',*,*,#5808,.T.);
#3244=ORIENTED_EDGE('',*,*,#5809,.T.);
#3245=ORIENTED_EDGE('',*,*,#5810,.F.);
#3246=ORIENTED_EDGE('',*,*,#5778,.F.);
#3247=ORIENTED_EDGE('',*,*,#5811,.T.);
#3248=ORIENTED_EDGE('',*,*,#5812,.T.);
#3249=ORIENTED_EDGE('',*,*,#5813,.F.);
#3250=ORIENTED_EDGE('',*,*,#5782,.F.);
#3251=ORIENTED_EDGE('',*,*,#5814,.T.);
#3252=ORIENTED_EDGE('',*,*,#5815,.T.);
#3253=ORIENTED_EDGE('',*,*,#5816,.F.);
#3254=ORIENTED_EDGE('',*,*,#5786,.F.);
#3255=ORIENTED_EDGE('',*,*,#5817,.T.);
#3256=ORIENTED_EDGE('',*,*,#5818,.T.);
#3257=ORIENTED_EDGE('',*,*,#5819,.F.);
#3258=ORIENTED_EDGE('',*,*,#5790,.F.);
#3259=ORIENTED_EDGE('',*,*,#5820,.T.);
#3260=ORIENTED_EDGE('',*,*,#5821,.T.);
#3261=ORIENTED_EDGE('',*,*,#5822,.F.);
#3262=ORIENTED_EDGE('',*,*,#5794,.F.);
#3263=ORIENTED_EDGE('',*,*,#5823,.T.);
#3264=ORIENTED_EDGE('',*,*,#5824,.T.);
#3265=ORIENTED_EDGE('',*,*,#5825,.F.);
#3266=ORIENTED_EDGE('',*,*,#5798,.F.);
#3267=ORIENTED_EDGE('',*,*,#5826,.T.);
#3268=ORIENTED_EDGE('',*,*,#5827,.T.);
#3269=ORIENTED_EDGE('',*,*,#5828,.F.);
#3270=ORIENTED_EDGE('',*,*,#5802,.F.);
#3271=ORIENTED_EDGE('',*,*,#5829,.T.);
#3272=ORIENTED_EDGE('',*,*,#5830,.T.);
#3273=ORIENTED_EDGE('',*,*,#5831,.F.);
#3274=ORIENTED_EDGE('',*,*,#5806,.F.);
#3275=ORIENTED_EDGE('',*,*,#5832,.T.);
#3276=ORIENTED_EDGE('',*,*,#5833,.T.);
#3277=ORIENTED_EDGE('',*,*,#5834,.F.);
#3278=ORIENTED_EDGE('',*,*,#5809,.F.);
#3279=ORIENTED_EDGE('',*,*,#5835,.F.);
#3280=ORIENTED_EDGE('',*,*,#5836,.T.);
#3281=ORIENTED_EDGE('',*,*,#5837,.F.);
#3282=ORIENTED_EDGE('',*,*,#5812,.F.);
#3283=ORIENTED_EDGE('',*,*,#5838,.F.);
#3284=ORIENTED_EDGE('',*,*,#5839,.T.);
#3285=ORIENTED_EDGE('',*,*,#5840,.F.);
#3286=ORIENTED_EDGE('',*,*,#5815,.F.);
#3287=ORIENTED_EDGE('',*,*,#5841,.F.);
#3288=ORIENTED_EDGE('',*,*,#5842,.T.);
#3289=ORIENTED_EDGE('',*,*,#5843,.F.);
#3290=ORIENTED_EDGE('',*,*,#5818,.F.);
#3291=ORIENTED_EDGE('',*,*,#5844,.F.);
#3292=ORIENTED_EDGE('',*,*,#5845,.T.);
#3293=ORIENTED_EDGE('',*,*,#5846,.F.);
#3294=ORIENTED_EDGE('',*,*,#5821,.F.);
#3295=ORIENTED_EDGE('',*,*,#5847,.F.);
#3296=ORIENTED_EDGE('',*,*,#5848,.T.);
#3297=ORIENTED_EDGE('',*,*,#5849,.F.);
#3298=ORIENTED_EDGE('',*,*,#5824,.F.);
#3299=ORIENTED_EDGE('',*,*,#5850,.F.);
#3300=ORIENTED_EDGE('',*,*,#5851,.T.);
#3301=ORIENTED_EDGE('',*,*,#5852,.F.);
#3302=ORIENTED_EDGE('',*,*,#5827,.F.);
#3303=ORIENTED_EDGE('',*,*,#5853,.F.);
#3304=ORIENTED_EDGE('',*,*,#5854,.T.);
#3305=ORIENTED_EDGE('',*,*,#5855,.F.);
#3306=ORIENTED_EDGE('',*,*,#5830,.F.);
#3307=ORIENTED_EDGE('',*,*,#5856,.F.);
#3308=ORIENTED_EDGE('',*,*,#5857,.T.);
#3309=ORIENTED_EDGE('',*,*,#5858,.F.);
#3310=ORIENTED_EDGE('',*,*,#5833,.F.);
#3311=ORIENTED_EDGE('',*,*,#5859,.F.);
#3312=ORIENTED_EDGE('',*,*,#5860,.T.);
#3313=ORIENTED_EDGE('',*,*,#5861,.F.);
#3314=ORIENTED_EDGE('',*,*,#5862,.F.);
#3315=ORIENTED_EDGE('',*,*,#5863,.F.);
#3316=ORIENTED_EDGE('',*,*,#5864,.T.);
#3317=ORIENTED_EDGE('',*,*,#5865,.F.);
#3318=ORIENTED_EDGE('',*,*,#5866,.F.);
#3319=ORIENTED_EDGE('',*,*,#5867,.F.);
#3320=ORIENTED_EDGE('',*,*,#5868,.T.);
#3321=ORIENTED_EDGE('',*,*,#5869,.F.);
#3322=ORIENTED_EDGE('',*,*,#5870,.F.);
#3323=ORIENTED_EDGE('',*,*,#5871,.F.);
#3324=ORIENTED_EDGE('',*,*,#5872,.T.);
#3325=ORIENTED_EDGE('',*,*,#5873,.F.);
#3326=ORIENTED_EDGE('',*,*,#5874,.F.);
#3327=ORIENTED_EDGE('',*,*,#5875,.F.);
#3328=ORIENTED_EDGE('',*,*,#5876,.T.);
#3329=ORIENTED_EDGE('',*,*,#5877,.F.);
#3330=ORIENTED_EDGE('',*,*,#5878,.F.);
#3331=ORIENTED_EDGE('',*,*,#5879,.F.);
#3332=ORIENTED_EDGE('',*,*,#5880,.T.);
#3333=ORIENTED_EDGE('',*,*,#5881,.F.);
#3334=ORIENTED_EDGE('',*,*,#5882,.F.);
#3335=ORIENTED_EDGE('',*,*,#5883,.F.);
#3336=ORIENTED_EDGE('',*,*,#5884,.T.);
#3337=ORIENTED_EDGE('',*,*,#5885,.F.);
#3338=ORIENTED_EDGE('',*,*,#5886,.F.);
#3339=ORIENTED_EDGE('',*,*,#5887,.F.);
#3340=ORIENTED_EDGE('',*,*,#5888,.T.);
#3341=ORIENTED_EDGE('',*,*,#5889,.F.);
#3342=ORIENTED_EDGE('',*,*,#5890,.F.);
#3343=ORIENTED_EDGE('',*,*,#5891,.F.);
#3344=ORIENTED_EDGE('',*,*,#5892,.T.);
#3345=ORIENTED_EDGE('',*,*,#5893,.F.);
#3346=ORIENTED_EDGE('',*,*,#5894,.F.);
#3347=ORIENTED_EDGE('',*,*,#5895,.F.);
#3348=ORIENTED_EDGE('',*,*,#5896,.T.);
#3349=ORIENTED_EDGE('',*,*,#5897,.F.);
#3350=ORIENTED_EDGE('',*,*,#5864,.F.);
#3351=ORIENTED_EDGE('',*,*,#5898,.T.);
#3352=ORIENTED_EDGE('',*,*,#5899,.T.);
#3353=ORIENTED_EDGE('',*,*,#5900,.F.);
#3354=ORIENTED_EDGE('',*,*,#5868,.F.);
#3355=ORIENTED_EDGE('',*,*,#5901,.T.);
#3356=ORIENTED_EDGE('',*,*,#5902,.T.);
#3357=ORIENTED_EDGE('',*,*,#5903,.F.);
#3358=ORIENTED_EDGE('',*,*,#5872,.F.);
#3359=ORIENTED_EDGE('',*,*,#5904,.T.);
#3360=ORIENTED_EDGE('',*,*,#5905,.T.);
#3361=ORIENTED_EDGE('',*,*,#5906,.F.);
#3362=ORIENTED_EDGE('',*,*,#5876,.F.);
#3363=ORIENTED_EDGE('',*,*,#5907,.T.);
#3364=ORIENTED_EDGE('',*,*,#5908,.T.);
#3365=ORIENTED_EDGE('',*,*,#5909,.F.);
#3366=ORIENTED_EDGE('',*,*,#5880,.F.);
#3367=ORIENTED_EDGE('',*,*,#5910,.T.);
#3368=ORIENTED_EDGE('',*,*,#5911,.T.);
#3369=ORIENTED_EDGE('',*,*,#5912,.F.);
#3370=ORIENTED_EDGE('',*,*,#5884,.F.);
#3371=ORIENTED_EDGE('',*,*,#5913,.T.);
#3372=ORIENTED_EDGE('',*,*,#5914,.T.);
#3373=ORIENTED_EDGE('',*,*,#5915,.F.);
#3374=ORIENTED_EDGE('',*,*,#5888,.F.);
#3375=ORIENTED_EDGE('',*,*,#5916,.T.);
#3376=ORIENTED_EDGE('',*,*,#5917,.T.);
#3377=ORIENTED_EDGE('',*,*,#5918,.F.);
#3378=ORIENTED_EDGE('',*,*,#5892,.F.);
#3379=ORIENTED_EDGE('',*,*,#5919,.T.);
#3380=ORIENTED_EDGE('',*,*,#5920,.T.);
#3381=ORIENTED_EDGE('',*,*,#5921,.F.);
#3382=ORIENTED_EDGE('',*,*,#5896,.F.);
#3383=ORIENTED_EDGE('',*,*,#5922,.T.);
#3384=ORIENTED_EDGE('',*,*,#5923,.T.);
#3385=ORIENTED_EDGE('',*,*,#5924,.F.);
#3386=ORIENTED_EDGE('',*,*,#5899,.F.);
#3387=ORIENTED_EDGE('',*,*,#5925,.F.);
#3388=ORIENTED_EDGE('',*,*,#5926,.T.);
#3389=ORIENTED_EDGE('',*,*,#5927,.F.);
#3390=ORIENTED_EDGE('',*,*,#5902,.F.);
#3391=ORIENTED_EDGE('',*,*,#5928,.F.);
#3392=ORIENTED_EDGE('',*,*,#5929,.T.);
#3393=ORIENTED_EDGE('',*,*,#5930,.F.);
#3394=ORIENTED_EDGE('',*,*,#5905,.F.);
#3395=ORIENTED_EDGE('',*,*,#5931,.F.);
#3396=ORIENTED_EDGE('',*,*,#5932,.T.);
#3397=ORIENTED_EDGE('',*,*,#5933,.F.);
#3398=ORIENTED_EDGE('',*,*,#5908,.F.);
#3399=ORIENTED_EDGE('',*,*,#5934,.F.);
#3400=ORIENTED_EDGE('',*,*,#5935,.T.);
#3401=ORIENTED_EDGE('',*,*,#5936,.F.);
#3402=ORIENTED_EDGE('',*,*,#5911,.F.);
#3403=ORIENTED_EDGE('',*,*,#5937,.F.);
#3404=ORIENTED_EDGE('',*,*,#5938,.T.);
#3405=ORIENTED_EDGE('',*,*,#5939,.F.);
#3406=ORIENTED_EDGE('',*,*,#5914,.F.);
#3407=ORIENTED_EDGE('',*,*,#5940,.F.);
#3408=ORIENTED_EDGE('',*,*,#5941,.T.);
#3409=ORIENTED_EDGE('',*,*,#5942,.F.);
#3410=ORIENTED_EDGE('',*,*,#5917,.F.);
#3411=ORIENTED_EDGE('',*,*,#5943,.F.);
#3412=ORIENTED_EDGE('',*,*,#5944,.T.);
#3413=ORIENTED_EDGE('',*,*,#5945,.F.);
#3414=ORIENTED_EDGE('',*,*,#5920,.F.);
#3415=ORIENTED_EDGE('',*,*,#5946,.F.);
#3416=ORIENTED_EDGE('',*,*,#5947,.T.);
#3417=ORIENTED_EDGE('',*,*,#5948,.F.);
#3418=ORIENTED_EDGE('',*,*,#5923,.F.);
#3419=ORIENTED_EDGE('',*,*,#5949,.F.);
#3420=ORIENTED_EDGE('',*,*,#5950,.T.);
#3421=ORIENTED_EDGE('',*,*,#5951,.T.);
#3422=ORIENTED_EDGE('',*,*,#5952,.T.);
#3423=ORIENTED_EDGE('',*,*,#5953,.F.);
#3424=ORIENTED_EDGE('',*,*,#5954,.F.);
#3425=ORIENTED_EDGE('',*,*,#5955,.F.);
#3426=ORIENTED_EDGE('',*,*,#5956,.T.);
#3427=ORIENTED_EDGE('',*,*,#5957,.T.);
#3428=ORIENTED_EDGE('',*,*,#5958,.T.);
#3429=ORIENTED_EDGE('',*,*,#5959,.F.);
#3430=ORIENTED_EDGE('',*,*,#5960,.T.);
#3431=ORIENTED_EDGE('',*,*,#5961,.T.);
#3432=ORIENTED_EDGE('',*,*,#5962,.T.);
#3433=ORIENTED_EDGE('',*,*,#5963,.F.);
#3434=ORIENTED_EDGE('',*,*,#5964,.T.);
#3435=ORIENTED_EDGE('',*,*,#5965,.T.);
#3436=ORIENTED_EDGE('',*,*,#5966,.T.);
#3437=ORIENTED_EDGE('',*,*,#5967,.F.);
#3438=ORIENTED_EDGE('',*,*,#5968,.T.);
#3439=ORIENTED_EDGE('',*,*,#5969,.T.);
#3440=ORIENTED_EDGE('',*,*,#5970,.T.);
#3441=ORIENTED_EDGE('',*,*,#5971,.F.);
#3442=ORIENTED_EDGE('',*,*,#5972,.T.);
#3443=ORIENTED_EDGE('',*,*,#5973,.T.);
#3444=ORIENTED_EDGE('',*,*,#5974,.T.);
#3445=ORIENTED_EDGE('',*,*,#5975,.F.);
#3446=ORIENTED_EDGE('',*,*,#5976,.T.);
#3447=ORIENTED_EDGE('',*,*,#5977,.T.);
#3448=ORIENTED_EDGE('',*,*,#5978,.T.);
#3449=ORIENTED_EDGE('',*,*,#5979,.F.);
#3450=ORIENTED_EDGE('',*,*,#5980,.T.);
#3451=ORIENTED_EDGE('',*,*,#5981,.T.);
#3452=ORIENTED_EDGE('',*,*,#5982,.T.);
#3453=ORIENTED_EDGE('',*,*,#5983,.F.);
#3454=ORIENTED_EDGE('',*,*,#5984,.T.);
#3455=ORIENTED_EDGE('',*,*,#5985,.T.);
#3456=ORIENTED_EDGE('',*,*,#5986,.T.);
#3457=ORIENTED_EDGE('',*,*,#5987,.F.);
#3458=ORIENTED_EDGE('',*,*,#5951,.F.);
#3459=ORIENTED_EDGE('',*,*,#5988,.T.);
#3460=ORIENTED_EDGE('',*,*,#5989,.T.);
#3461=ORIENTED_EDGE('',*,*,#5990,.F.);
#3462=ORIENTED_EDGE('',*,*,#5991,.T.);
#3463=ORIENTED_EDGE('',*,*,#5992,.F.);
#3464=ORIENTED_EDGE('',*,*,#5957,.F.);
#3465=ORIENTED_EDGE('',*,*,#5993,.F.);
#3466=ORIENTED_EDGE('',*,*,#5994,.T.);
#3467=ORIENTED_EDGE('',*,*,#5995,.F.);
#3468=ORIENTED_EDGE('',*,*,#5961,.F.);
#3469=ORIENTED_EDGE('',*,*,#5996,.F.);
#3470=ORIENTED_EDGE('',*,*,#5997,.T.);
#3471=ORIENTED_EDGE('',*,*,#5998,.F.);
#3472=ORIENTED_EDGE('',*,*,#5965,.F.);
#3473=ORIENTED_EDGE('',*,*,#5999,.F.);
#3474=ORIENTED_EDGE('',*,*,#6000,.T.);
#3475=ORIENTED_EDGE('',*,*,#6001,.F.);
#3476=ORIENTED_EDGE('',*,*,#5969,.F.);
#3477=ORIENTED_EDGE('',*,*,#6002,.F.);
#3478=ORIENTED_EDGE('',*,*,#6003,.T.);
#3479=ORIENTED_EDGE('',*,*,#6004,.F.);
#3480=ORIENTED_EDGE('',*,*,#5973,.F.);
#3481=ORIENTED_EDGE('',*,*,#6005,.F.);
#3482=ORIENTED_EDGE('',*,*,#6006,.T.);
#3483=ORIENTED_EDGE('',*,*,#6007,.F.);
#3484=ORIENTED_EDGE('',*,*,#5977,.F.);
#3485=ORIENTED_EDGE('',*,*,#6008,.F.);
#3486=ORIENTED_EDGE('',*,*,#6009,.T.);
#3487=ORIENTED_EDGE('',*,*,#6010,.F.);
#3488=ORIENTED_EDGE('',*,*,#5981,.F.);
#3489=ORIENTED_EDGE('',*,*,#6011,.F.);
#3490=ORIENTED_EDGE('',*,*,#6012,.T.);
#3491=ORIENTED_EDGE('',*,*,#6013,.F.);
#3492=ORIENTED_EDGE('',*,*,#5985,.F.);
#3493=ORIENTED_EDGE('',*,*,#6014,.F.);
#3494=ORIENTED_EDGE('',*,*,#5989,.F.);
#3495=ORIENTED_EDGE('',*,*,#6015,.T.);
#3496=ORIENTED_EDGE('',*,*,#6016,.T.);
#3497=ORIENTED_EDGE('',*,*,#6017,.F.);
#3498=ORIENTED_EDGE('',*,*,#6018,.T.);
#3499=ORIENTED_EDGE('',*,*,#6019,.F.);
#3500=ORIENTED_EDGE('',*,*,#5991,.F.);
#3501=ORIENTED_EDGE('',*,*,#6020,.F.);
#3502=ORIENTED_EDGE('',*,*,#6021,.T.);
#3503=ORIENTED_EDGE('',*,*,#6022,.F.);
#3504=ORIENTED_EDGE('',*,*,#5994,.F.);
#3505=ORIENTED_EDGE('',*,*,#6023,.F.);
#3506=ORIENTED_EDGE('',*,*,#6024,.T.);
#3507=ORIENTED_EDGE('',*,*,#6025,.F.);
#3508=ORIENTED_EDGE('',*,*,#5997,.F.);
#3509=ORIENTED_EDGE('',*,*,#6026,.F.);
#3510=ORIENTED_EDGE('',*,*,#6027,.T.);
#3511=ORIENTED_EDGE('',*,*,#6028,.F.);
#3512=ORIENTED_EDGE('',*,*,#6000,.F.);
#3513=ORIENTED_EDGE('',*,*,#6029,.F.);
#3514=ORIENTED_EDGE('',*,*,#6030,.T.);
#3515=ORIENTED_EDGE('',*,*,#6031,.F.);
#3516=ORIENTED_EDGE('',*,*,#6003,.F.);
#3517=ORIENTED_EDGE('',*,*,#6032,.F.);
#3518=ORIENTED_EDGE('',*,*,#6033,.T.);
#3519=ORIENTED_EDGE('',*,*,#6034,.F.);
#3520=ORIENTED_EDGE('',*,*,#6006,.F.);
#3521=ORIENTED_EDGE('',*,*,#6035,.F.);
#3522=ORIENTED_EDGE('',*,*,#6036,.T.);
#3523=ORIENTED_EDGE('',*,*,#6037,.F.);
#3524=ORIENTED_EDGE('',*,*,#6009,.F.);
#3525=ORIENTED_EDGE('',*,*,#6038,.F.);
#3526=ORIENTED_EDGE('',*,*,#6039,.T.);
#3527=ORIENTED_EDGE('',*,*,#6040,.F.);
#3528=ORIENTED_EDGE('',*,*,#6012,.F.);
#3529=ORIENTED_EDGE('',*,*,#6041,.F.);
#3530=ORIENTED_EDGE('',*,*,#6016,.F.);
#3531=ORIENTED_EDGE('',*,*,#6042,.T.);
#3532=ORIENTED_EDGE('',*,*,#6043,.T.);
#3533=ORIENTED_EDGE('',*,*,#6044,.F.);
#3534=ORIENTED_EDGE('',*,*,#6045,.T.);
#3535=ORIENTED_EDGE('',*,*,#6046,.F.);
#3536=ORIENTED_EDGE('',*,*,#6018,.F.);
#3537=ORIENTED_EDGE('',*,*,#6047,.F.);
#3538=ORIENTED_EDGE('',*,*,#6048,.T.);
#3539=ORIENTED_EDGE('',*,*,#6049,.F.);
#3540=ORIENTED_EDGE('',*,*,#6021,.F.);
#3541=ORIENTED_EDGE('',*,*,#6050,.F.);
#3542=ORIENTED_EDGE('',*,*,#6051,.T.);
#3543=ORIENTED_EDGE('',*,*,#6052,.F.);
#3544=ORIENTED_EDGE('',*,*,#6024,.F.);
#3545=ORIENTED_EDGE('',*,*,#6053,.F.);
#3546=ORIENTED_EDGE('',*,*,#6054,.T.);
#3547=ORIENTED_EDGE('',*,*,#6055,.F.);
#3548=ORIENTED_EDGE('',*,*,#6027,.F.);
#3549=ORIENTED_EDGE('',*,*,#6056,.F.);
#3550=ORIENTED_EDGE('',*,*,#6057,.T.);
#3551=ORIENTED_EDGE('',*,*,#6058,.F.);
#3552=ORIENTED_EDGE('',*,*,#6030,.F.);
#3553=ORIENTED_EDGE('',*,*,#6059,.F.);
#3554=ORIENTED_EDGE('',*,*,#6060,.T.);
#3555=ORIENTED_EDGE('',*,*,#6061,.F.);
#3556=ORIENTED_EDGE('',*,*,#6033,.F.);
#3557=ORIENTED_EDGE('',*,*,#6062,.F.);
#3558=ORIENTED_EDGE('',*,*,#6063,.T.);
#3559=ORIENTED_EDGE('',*,*,#6064,.F.);
#3560=ORIENTED_EDGE('',*,*,#6036,.F.);
#3561=ORIENTED_EDGE('',*,*,#6065,.F.);
#3562=ORIENTED_EDGE('',*,*,#6066,.T.);
#3563=ORIENTED_EDGE('',*,*,#6067,.F.);
#3564=ORIENTED_EDGE('',*,*,#6039,.F.);
#3565=ORIENTED_EDGE('',*,*,#6068,.F.);
#3566=ORIENTED_EDGE('',*,*,#6043,.F.);
#3567=ORIENTED_EDGE('',*,*,#6069,.T.);
#3568=ORIENTED_EDGE('',*,*,#6070,.T.);
#3569=ORIENTED_EDGE('',*,*,#6071,.F.);
#3570=ORIENTED_EDGE('',*,*,#6072,.T.);
#3571=ORIENTED_EDGE('',*,*,#6073,.F.);
#3572=ORIENTED_EDGE('',*,*,#6045,.F.);
#3573=ORIENTED_EDGE('',*,*,#6074,.F.);
#3574=ORIENTED_EDGE('',*,*,#6075,.T.);
#3575=ORIENTED_EDGE('',*,*,#6076,.F.);
#3576=ORIENTED_EDGE('',*,*,#6048,.F.);
#3577=ORIENTED_EDGE('',*,*,#6077,.F.);
#3578=ORIENTED_EDGE('',*,*,#6078,.T.);
#3579=ORIENTED_EDGE('',*,*,#6079,.F.);
#3580=ORIENTED_EDGE('',*,*,#6051,.F.);
#3581=ORIENTED_EDGE('',*,*,#6080,.F.);
#3582=ORIENTED_EDGE('',*,*,#6081,.T.);
#3583=ORIENTED_EDGE('',*,*,#6082,.F.);
#3584=ORIENTED_EDGE('',*,*,#6054,.F.);
#3585=ORIENTED_EDGE('',*,*,#6083,.F.);
#3586=ORIENTED_EDGE('',*,*,#6084,.T.);
#3587=ORIENTED_EDGE('',*,*,#6085,.F.);
#3588=ORIENTED_EDGE('',*,*,#6057,.F.);
#3589=ORIENTED_EDGE('',*,*,#6086,.F.);
#3590=ORIENTED_EDGE('',*,*,#6087,.T.);
#3591=ORIENTED_EDGE('',*,*,#6088,.F.);
#3592=ORIENTED_EDGE('',*,*,#6060,.F.);
#3593=ORIENTED_EDGE('',*,*,#6089,.F.);
#3594=ORIENTED_EDGE('',*,*,#6090,.T.);
#3595=ORIENTED_EDGE('',*,*,#6091,.F.);
#3596=ORIENTED_EDGE('',*,*,#6063,.F.);
#3597=ORIENTED_EDGE('',*,*,#6092,.F.);
#3598=ORIENTED_EDGE('',*,*,#6093,.T.);
#3599=ORIENTED_EDGE('',*,*,#6094,.F.);
#3600=ORIENTED_EDGE('',*,*,#6066,.F.);
#3601=ORIENTED_EDGE('',*,*,#6095,.F.);
#3602=ORIENTED_EDGE('',*,*,#6070,.F.);
#3603=ORIENTED_EDGE('',*,*,#6096,.T.);
#3604=ORIENTED_EDGE('',*,*,#6097,.T.);
#3605=ORIENTED_EDGE('',*,*,#6098,.F.);
#3606=ORIENTED_EDGE('',*,*,#6099,.T.);
#3607=ORIENTED_EDGE('',*,*,#6100,.F.);
#3608=ORIENTED_EDGE('',*,*,#6072,.F.);
#3609=ORIENTED_EDGE('',*,*,#6101,.F.);
#3610=ORIENTED_EDGE('',*,*,#6102,.T.);
#3611=ORIENTED_EDGE('',*,*,#6103,.F.);
#3612=ORIENTED_EDGE('',*,*,#6075,.F.);
#3613=ORIENTED_EDGE('',*,*,#6104,.F.);
#3614=ORIENTED_EDGE('',*,*,#6105,.T.);
#3615=ORIENTED_EDGE('',*,*,#6106,.F.);
#3616=ORIENTED_EDGE('',*,*,#6078,.F.);
#3617=ORIENTED_EDGE('',*,*,#6107,.F.);
#3618=ORIENTED_EDGE('',*,*,#6108,.T.);
#3619=ORIENTED_EDGE('',*,*,#6109,.F.);
#3620=ORIENTED_EDGE('',*,*,#6081,.F.);
#3621=ORIENTED_EDGE('',*,*,#6110,.F.);
#3622=ORIENTED_EDGE('',*,*,#6111,.T.);
#3623=ORIENTED_EDGE('',*,*,#6112,.F.);
#3624=ORIENTED_EDGE('',*,*,#6084,.F.);
#3625=ORIENTED_EDGE('',*,*,#6113,.F.);
#3626=ORIENTED_EDGE('',*,*,#6114,.T.);
#3627=ORIENTED_EDGE('',*,*,#6115,.F.);
#3628=ORIENTED_EDGE('',*,*,#6087,.F.);
#3629=ORIENTED_EDGE('',*,*,#6116,.F.);
#3630=ORIENTED_EDGE('',*,*,#6117,.T.);
#3631=ORIENTED_EDGE('',*,*,#6118,.F.);
#3632=ORIENTED_EDGE('',*,*,#6090,.F.);
#3633=ORIENTED_EDGE('',*,*,#6119,.F.);
#3634=ORIENTED_EDGE('',*,*,#6120,.T.);
#3635=ORIENTED_EDGE('',*,*,#6121,.F.);
#3636=ORIENTED_EDGE('',*,*,#6093,.F.);
#3637=ORIENTED_EDGE('',*,*,#6122,.T.);
#3638=ORIENTED_EDGE('',*,*,#6123,.T.);
#3639=ORIENTED_EDGE('',*,*,#6097,.F.);
#3640=ORIENTED_EDGE('',*,*,#6124,.F.);
#3641=ORIENTED_EDGE('',*,*,#6099,.F.);
#3642=ORIENTED_EDGE('',*,*,#6125,.T.);
#3643=ORIENTED_EDGE('',*,*,#6126,.T.);
#3644=ORIENTED_EDGE('',*,*,#6127,.T.);
#3645=ORIENTED_EDGE('',*,*,#6102,.F.);
#3646=ORIENTED_EDGE('',*,*,#6128,.T.);
#3647=ORIENTED_EDGE('',*,*,#6129,.T.);
#3648=ORIENTED_EDGE('',*,*,#6130,.T.);
#3649=ORIENTED_EDGE('',*,*,#6105,.F.);
#3650=ORIENTED_EDGE('',*,*,#6131,.T.);
#3651=ORIENTED_EDGE('',*,*,#6132,.T.);
#3652=ORIENTED_EDGE('',*,*,#6133,.T.);
#3653=ORIENTED_EDGE('',*,*,#6108,.F.);
#3654=ORIENTED_EDGE('',*,*,#6134,.T.);
#3655=ORIENTED_EDGE('',*,*,#6135,.T.);
#3656=ORIENTED_EDGE('',*,*,#6136,.T.);
#3657=ORIENTED_EDGE('',*,*,#6111,.F.);
#3658=ORIENTED_EDGE('',*,*,#6137,.T.);
#3659=ORIENTED_EDGE('',*,*,#6138,.T.);
#3660=ORIENTED_EDGE('',*,*,#6139,.T.);
#3661=ORIENTED_EDGE('',*,*,#6114,.F.);
#3662=ORIENTED_EDGE('',*,*,#6140,.T.);
#3663=ORIENTED_EDGE('',*,*,#6141,.T.);
#3664=ORIENTED_EDGE('',*,*,#6142,.T.);
#3665=ORIENTED_EDGE('',*,*,#6117,.F.);
#3666=ORIENTED_EDGE('',*,*,#6143,.T.);
#3667=ORIENTED_EDGE('',*,*,#6144,.T.);
#3668=ORIENTED_EDGE('',*,*,#6145,.T.);
#3669=ORIENTED_EDGE('',*,*,#6120,.F.);
#3670=ORIENTED_EDGE('',*,*,#6146,.T.);
#3671=ORIENTED_EDGE('',*,*,#6147,.T.);
#3672=ORIENTED_EDGE('',*,*,#6148,.T.);
#3673=ORIENTED_EDGE('',*,*,#6149,.F.);
#3674=ORIENTED_EDGE('',*,*,#6122,.F.);
#3675=ORIENTED_EDGE('',*,*,#6150,.T.);
#3676=ORIENTED_EDGE('',*,*,#6151,.T.);
#3677=ORIENTED_EDGE('',*,*,#6152,.F.);
#3678=ORIENTED_EDGE('',*,*,#6153,.T.);
#3679=ORIENTED_EDGE('',*,*,#6154,.F.);
#3680=ORIENTED_EDGE('',*,*,#6126,.F.);
#3681=ORIENTED_EDGE('',*,*,#6155,.F.);
#3682=ORIENTED_EDGE('',*,*,#6156,.T.);
#3683=ORIENTED_EDGE('',*,*,#6157,.F.);
#3684=ORIENTED_EDGE('',*,*,#6129,.F.);
#3685=ORIENTED_EDGE('',*,*,#6158,.F.);
#3686=ORIENTED_EDGE('',*,*,#6159,.T.);
#3687=ORIENTED_EDGE('',*,*,#6160,.F.);
#3688=ORIENTED_EDGE('',*,*,#6132,.F.);
#3689=ORIENTED_EDGE('',*,*,#6161,.F.);
#3690=ORIENTED_EDGE('',*,*,#6162,.T.);
#3691=ORIENTED_EDGE('',*,*,#6163,.F.);
#3692=ORIENTED_EDGE('',*,*,#6135,.F.);
#3693=ORIENTED_EDGE('',*,*,#6164,.F.);
#3694=ORIENTED_EDGE('',*,*,#6165,.T.);
#3695=ORIENTED_EDGE('',*,*,#6166,.F.);
#3696=ORIENTED_EDGE('',*,*,#6138,.F.);
#3697=ORIENTED_EDGE('',*,*,#6167,.F.);
#3698=ORIENTED_EDGE('',*,*,#6168,.T.);
#3699=ORIENTED_EDGE('',*,*,#6169,.F.);
#3700=ORIENTED_EDGE('',*,*,#6141,.F.);
#3701=ORIENTED_EDGE('',*,*,#6170,.F.);
#3702=ORIENTED_EDGE('',*,*,#6171,.T.);
#3703=ORIENTED_EDGE('',*,*,#6172,.F.);
#3704=ORIENTED_EDGE('',*,*,#6144,.F.);
#3705=ORIENTED_EDGE('',*,*,#6173,.F.);
#3706=ORIENTED_EDGE('',*,*,#6174,.T.);
#3707=ORIENTED_EDGE('',*,*,#6175,.F.);
#3708=ORIENTED_EDGE('',*,*,#6147,.F.);
#3709=ORIENTED_EDGE('',*,*,#6176,.F.);
#3710=ORIENTED_EDGE('',*,*,#6151,.F.);
#3711=ORIENTED_EDGE('',*,*,#6177,.T.);
#3712=ORIENTED_EDGE('',*,*,#6178,.T.);
#3713=ORIENTED_EDGE('',*,*,#6179,.F.);
#3714=ORIENTED_EDGE('',*,*,#6180,.T.);
#3715=ORIENTED_EDGE('',*,*,#6181,.F.);
#3716=ORIENTED_EDGE('',*,*,#6153,.F.);
#3717=ORIENTED_EDGE('',*,*,#6182,.F.);
#3718=ORIENTED_EDGE('',*,*,#6183,.T.);
#3719=ORIENTED_EDGE('',*,*,#6184,.F.);
#3720=ORIENTED_EDGE('',*,*,#6156,.F.);
#3721=ORIENTED_EDGE('',*,*,#6185,.F.);
#3722=ORIENTED_EDGE('',*,*,#6186,.T.);
#3723=ORIENTED_EDGE('',*,*,#6187,.F.);
#3724=ORIENTED_EDGE('',*,*,#6159,.F.);
#3725=ORIENTED_EDGE('',*,*,#6188,.F.);
#3726=ORIENTED_EDGE('',*,*,#6189,.T.);
#3727=ORIENTED_EDGE('',*,*,#6190,.F.);
#3728=ORIENTED_EDGE('',*,*,#6162,.F.);
#3729=ORIENTED_EDGE('',*,*,#6191,.F.);
#3730=ORIENTED_EDGE('',*,*,#6192,.T.);
#3731=ORIENTED_EDGE('',*,*,#6193,.F.);
#3732=ORIENTED_EDGE('',*,*,#6165,.F.);
#3733=ORIENTED_EDGE('',*,*,#6194,.F.);
#3734=ORIENTED_EDGE('',*,*,#6195,.T.);
#3735=ORIENTED_EDGE('',*,*,#6196,.F.);
#3736=ORIENTED_EDGE('',*,*,#6168,.F.);
#3737=ORIENTED_EDGE('',*,*,#6197,.F.);
#3738=ORIENTED_EDGE('',*,*,#6198,.T.);
#3739=ORIENTED_EDGE('',*,*,#6199,.F.);
#3740=ORIENTED_EDGE('',*,*,#6171,.F.);
#3741=ORIENTED_EDGE('',*,*,#6200,.F.);
#3742=ORIENTED_EDGE('',*,*,#6201,.T.);
#3743=ORIENTED_EDGE('',*,*,#6202,.F.);
#3744=ORIENTED_EDGE('',*,*,#6174,.F.);
#3745=ORIENTED_EDGE('',*,*,#6203,.T.);
#3746=ORIENTED_EDGE('',*,*,#6204,.T.);
#3747=ORIENTED_EDGE('',*,*,#6205,.F.);
#3748=ORIENTED_EDGE('',*,*,#6206,.F.);
#3749=ORIENTED_EDGE('',*,*,#6207,.F.);
#3750=ORIENTED_EDGE('',*,*,#6208,.T.);
#3751=ORIENTED_EDGE('',*,*,#6209,.T.);
#3752=ORIENTED_EDGE('',*,*,#6210,.T.);
#3753=ORIENTED_EDGE('',*,*,#6211,.F.);
#3754=ORIENTED_EDGE('',*,*,#6212,.T.);
#3755=ORIENTED_EDGE('',*,*,#6213,.T.);
#3756=ORIENTED_EDGE('',*,*,#6214,.T.);
#3757=ORIENTED_EDGE('',*,*,#6215,.F.);
#3758=ORIENTED_EDGE('',*,*,#6216,.T.);
#3759=ORIENTED_EDGE('',*,*,#6217,.T.);
#3760=ORIENTED_EDGE('',*,*,#6218,.T.);
#3761=ORIENTED_EDGE('',*,*,#6219,.F.);
#3762=ORIENTED_EDGE('',*,*,#6220,.T.);
#3763=ORIENTED_EDGE('',*,*,#6221,.T.);
#3764=ORIENTED_EDGE('',*,*,#6222,.T.);
#3765=ORIENTED_EDGE('',*,*,#6223,.F.);
#3766=ORIENTED_EDGE('',*,*,#6224,.T.);
#3767=ORIENTED_EDGE('',*,*,#6225,.T.);
#3768=ORIENTED_EDGE('',*,*,#6226,.T.);
#3769=ORIENTED_EDGE('',*,*,#6227,.F.);
#3770=ORIENTED_EDGE('',*,*,#6228,.T.);
#3771=ORIENTED_EDGE('',*,*,#6229,.T.);
#3772=ORIENTED_EDGE('',*,*,#6230,.T.);
#3773=ORIENTED_EDGE('',*,*,#6231,.F.);
#3774=ORIENTED_EDGE('',*,*,#6232,.T.);
#3775=ORIENTED_EDGE('',*,*,#6233,.T.);
#3776=ORIENTED_EDGE('',*,*,#6234,.T.);
#3777=ORIENTED_EDGE('',*,*,#6235,.F.);
#3778=ORIENTED_EDGE('',*,*,#6236,.T.);
#3779=ORIENTED_EDGE('',*,*,#6237,.T.);
#3780=ORIENTED_EDGE('',*,*,#6238,.T.);
#3781=ORIENTED_EDGE('',*,*,#6239,.F.);
#3782=ORIENTED_EDGE('',*,*,#6203,.F.);
#3783=ORIENTED_EDGE('',*,*,#6240,.T.);
#3784=ORIENTED_EDGE('',*,*,#6241,.T.);
#3785=ORIENTED_EDGE('',*,*,#6242,.F.);
#3786=ORIENTED_EDGE('',*,*,#6243,.T.);
#3787=ORIENTED_EDGE('',*,*,#6244,.F.);
#3788=ORIENTED_EDGE('',*,*,#6209,.F.);
#3789=ORIENTED_EDGE('',*,*,#6245,.F.);
#3790=ORIENTED_EDGE('',*,*,#6246,.T.);
#3791=ORIENTED_EDGE('',*,*,#6247,.F.);
#3792=ORIENTED_EDGE('',*,*,#6213,.F.);
#3793=ORIENTED_EDGE('',*,*,#6248,.F.);
#3794=ORIENTED_EDGE('',*,*,#6249,.T.);
#3795=ORIENTED_EDGE('',*,*,#6250,.F.);
#3796=ORIENTED_EDGE('',*,*,#6217,.F.);
#3797=ORIENTED_EDGE('',*,*,#6251,.F.);
#3798=ORIENTED_EDGE('',*,*,#6252,.T.);
#3799=ORIENTED_EDGE('',*,*,#6253,.F.);
#3800=ORIENTED_EDGE('',*,*,#6221,.F.);
#3801=ORIENTED_EDGE('',*,*,#6254,.F.);
#3802=ORIENTED_EDGE('',*,*,#6255,.T.);
#3803=ORIENTED_EDGE('',*,*,#6256,.F.);
#3804=ORIENTED_EDGE('',*,*,#6225,.F.);
#3805=ORIENTED_EDGE('',*,*,#6257,.F.);
#3806=ORIENTED_EDGE('',*,*,#6258,.T.);
#3807=ORIENTED_EDGE('',*,*,#6259,.F.);
#3808=ORIENTED_EDGE('',*,*,#6229,.F.);
#3809=ORIENTED_EDGE('',*,*,#6260,.F.);
#3810=ORIENTED_EDGE('',*,*,#6261,.T.);
#3811=ORIENTED_EDGE('',*,*,#6262,.F.);
#3812=ORIENTED_EDGE('',*,*,#6233,.F.);
#3813=ORIENTED_EDGE('',*,*,#6263,.F.);
#3814=ORIENTED_EDGE('',*,*,#6264,.T.);
#3815=ORIENTED_EDGE('',*,*,#6265,.F.);
#3816=ORIENTED_EDGE('',*,*,#6237,.F.);
#3817=ORIENTED_EDGE('',*,*,#6266,.F.);
#3818=ORIENTED_EDGE('',*,*,#6241,.F.);
#3819=ORIENTED_EDGE('',*,*,#6267,.T.);
#3820=ORIENTED_EDGE('',*,*,#6268,.T.);
#3821=ORIENTED_EDGE('',*,*,#6269,.F.);
#3822=ORIENTED_EDGE('',*,*,#6270,.T.);
#3823=ORIENTED_EDGE('',*,*,#6271,.F.);
#3824=ORIENTED_EDGE('',*,*,#6243,.F.);
#3825=ORIENTED_EDGE('',*,*,#6272,.F.);
#3826=ORIENTED_EDGE('',*,*,#6273,.T.);
#3827=ORIENTED_EDGE('',*,*,#6274,.F.);
#3828=ORIENTED_EDGE('',*,*,#6246,.F.);
#3829=ORIENTED_EDGE('',*,*,#6275,.F.);
#3830=ORIENTED_EDGE('',*,*,#6276,.T.);
#3831=ORIENTED_EDGE('',*,*,#6277,.F.);
#3832=ORIENTED_EDGE('',*,*,#6249,.F.);
#3833=ORIENTED_EDGE('',*,*,#6278,.F.);
#3834=ORIENTED_EDGE('',*,*,#6279,.T.);
#3835=ORIENTED_EDGE('',*,*,#6280,.F.);
#3836=ORIENTED_EDGE('',*,*,#6252,.F.);
#3837=ORIENTED_EDGE('',*,*,#6281,.F.);
#3838=ORIENTED_EDGE('',*,*,#6282,.T.);
#3839=ORIENTED_EDGE('',*,*,#6283,.F.);
#3840=ORIENTED_EDGE('',*,*,#6255,.F.);
#3841=ORIENTED_EDGE('',*,*,#6284,.F.);
#3842=ORIENTED_EDGE('',*,*,#6285,.T.);
#3843=ORIENTED_EDGE('',*,*,#6286,.F.);
#3844=ORIENTED_EDGE('',*,*,#6258,.F.);
#3845=ORIENTED_EDGE('',*,*,#6287,.F.);
#3846=ORIENTED_EDGE('',*,*,#6288,.T.);
#3847=ORIENTED_EDGE('',*,*,#6289,.F.);
#3848=ORIENTED_EDGE('',*,*,#6261,.F.);
#3849=ORIENTED_EDGE('',*,*,#6290,.F.);
#3850=ORIENTED_EDGE('',*,*,#6291,.T.);
#3851=ORIENTED_EDGE('',*,*,#6292,.F.);
#3852=ORIENTED_EDGE('',*,*,#6264,.F.);
#3853=ORIENTED_EDGE('',*,*,#6293,.F.);
#3854=ORIENTED_EDGE('',*,*,#6268,.F.);
#3855=ORIENTED_EDGE('',*,*,#6294,.T.);
#3856=ORIENTED_EDGE('',*,*,#6295,.T.);
#3857=ORIENTED_EDGE('',*,*,#6296,.F.);
#3858=ORIENTED_EDGE('',*,*,#6297,.T.);
#3859=ORIENTED_EDGE('',*,*,#6298,.F.);
#3860=ORIENTED_EDGE('',*,*,#6270,.F.);
#3861=ORIENTED_EDGE('',*,*,#6299,.F.);
#3862=ORIENTED_EDGE('',*,*,#6300,.T.);
#3863=ORIENTED_EDGE('',*,*,#6301,.F.);
#3864=ORIENTED_EDGE('',*,*,#6273,.F.);
#3865=ORIENTED_EDGE('',*,*,#6302,.F.);
#3866=ORIENTED_EDGE('',*,*,#6303,.T.);
#3867=ORIENTED_EDGE('',*,*,#6304,.F.);
#3868=ORIENTED_EDGE('',*,*,#6276,.F.);
#3869=ORIENTED_EDGE('',*,*,#6305,.F.);
#3870=ORIENTED_EDGE('',*,*,#6306,.T.);
#3871=ORIENTED_EDGE('',*,*,#6307,.F.);
#3872=ORIENTED_EDGE('',*,*,#6279,.F.);
#3873=ORIENTED_EDGE('',*,*,#6308,.F.);
#3874=ORIENTED_EDGE('',*,*,#6309,.T.);
#3875=ORIENTED_EDGE('',*,*,#6310,.F.);
#3876=ORIENTED_EDGE('',*,*,#6282,.F.);
#3877=ORIENTED_EDGE('',*,*,#6311,.F.);
#3878=ORIENTED_EDGE('',*,*,#6312,.T.);
#3879=ORIENTED_EDGE('',*,*,#6313,.F.);
#3880=ORIENTED_EDGE('',*,*,#6285,.F.);
#3881=ORIENTED_EDGE('',*,*,#6314,.F.);
#3882=ORIENTED_EDGE('',*,*,#6315,.T.);
#3883=ORIENTED_EDGE('',*,*,#6316,.F.);
#3884=ORIENTED_EDGE('',*,*,#6288,.F.);
#3885=ORIENTED_EDGE('',*,*,#6317,.F.);
#3886=ORIENTED_EDGE('',*,*,#6318,.T.);
#3887=ORIENTED_EDGE('',*,*,#6319,.F.);
#3888=ORIENTED_EDGE('',*,*,#6291,.F.);
#3889=ORIENTED_EDGE('',*,*,#6320,.F.);
#3890=ORIENTED_EDGE('',*,*,#6295,.F.);
#3891=ORIENTED_EDGE('',*,*,#6321,.T.);
#3892=ORIENTED_EDGE('',*,*,#6322,.T.);
#3893=ORIENTED_EDGE('',*,*,#6323,.F.);
#3894=ORIENTED_EDGE('',*,*,#6324,.T.);
#3895=ORIENTED_EDGE('',*,*,#6325,.F.);
#3896=ORIENTED_EDGE('',*,*,#6297,.F.);
#3897=ORIENTED_EDGE('',*,*,#6326,.F.);
#3898=ORIENTED_EDGE('',*,*,#6327,.T.);
#3899=ORIENTED_EDGE('',*,*,#6328,.F.);
#3900=ORIENTED_EDGE('',*,*,#6300,.F.);
#3901=ORIENTED_EDGE('',*,*,#6329,.F.);
#3902=ORIENTED_EDGE('',*,*,#6330,.T.);
#3903=ORIENTED_EDGE('',*,*,#6331,.F.);
#3904=ORIENTED_EDGE('',*,*,#6303,.F.);
#3905=ORIENTED_EDGE('',*,*,#6332,.F.);
#3906=ORIENTED_EDGE('',*,*,#6333,.T.);
#3907=ORIENTED_EDGE('',*,*,#6334,.F.);
#3908=ORIENTED_EDGE('',*,*,#6306,.F.);
#3909=ORIENTED_EDGE('',*,*,#6335,.F.);
#3910=ORIENTED_EDGE('',*,*,#6336,.T.);
#3911=ORIENTED_EDGE('',*,*,#6337,.F.);
#3912=ORIENTED_EDGE('',*,*,#6309,.F.);
#3913=ORIENTED_EDGE('',*,*,#6338,.F.);
#3914=ORIENTED_EDGE('',*,*,#6339,.T.);
#3915=ORIENTED_EDGE('',*,*,#6340,.F.);
#3916=ORIENTED_EDGE('',*,*,#6312,.F.);
#3917=ORIENTED_EDGE('',*,*,#6341,.F.);
#3918=ORIENTED_EDGE('',*,*,#6342,.T.);
#3919=ORIENTED_EDGE('',*,*,#6343,.F.);
#3920=ORIENTED_EDGE('',*,*,#6315,.F.);
#3921=ORIENTED_EDGE('',*,*,#6344,.F.);
#3922=ORIENTED_EDGE('',*,*,#6345,.T.);
#3923=ORIENTED_EDGE('',*,*,#6346,.F.);
#3924=ORIENTED_EDGE('',*,*,#6318,.F.);
#3925=ORIENTED_EDGE('',*,*,#6347,.F.);
#3926=ORIENTED_EDGE('',*,*,#6322,.F.);
#3927=ORIENTED_EDGE('',*,*,#6348,.T.);
#3928=ORIENTED_EDGE('',*,*,#6349,.T.);
#3929=ORIENTED_EDGE('',*,*,#6350,.F.);
#3930=ORIENTED_EDGE('',*,*,#6351,.T.);
#3931=ORIENTED_EDGE('',*,*,#6352,.F.);
#3932=ORIENTED_EDGE('',*,*,#6324,.F.);
#3933=ORIENTED_EDGE('',*,*,#6353,.F.);
#3934=ORIENTED_EDGE('',*,*,#6354,.T.);
#3935=ORIENTED_EDGE('',*,*,#6355,.F.);
#3936=ORIENTED_EDGE('',*,*,#6327,.F.);
#3937=ORIENTED_EDGE('',*,*,#6356,.F.);
#3938=ORIENTED_EDGE('',*,*,#6357,.T.);
#3939=ORIENTED_EDGE('',*,*,#6358,.F.);
#3940=ORIENTED_EDGE('',*,*,#6330,.F.);
#3941=ORIENTED_EDGE('',*,*,#6359,.F.);
#3942=ORIENTED_EDGE('',*,*,#6360,.T.);
#3943=ORIENTED_EDGE('',*,*,#6361,.F.);
#3944=ORIENTED_EDGE('',*,*,#6333,.F.);
#3945=ORIENTED_EDGE('',*,*,#6362,.F.);
#3946=ORIENTED_EDGE('',*,*,#6363,.T.);
#3947=ORIENTED_EDGE('',*,*,#6364,.F.);
#3948=ORIENTED_EDGE('',*,*,#6336,.F.);
#3949=ORIENTED_EDGE('',*,*,#6365,.F.);
#3950=ORIENTED_EDGE('',*,*,#6366,.T.);
#3951=ORIENTED_EDGE('',*,*,#6367,.F.);
#3952=ORIENTED_EDGE('',*,*,#6339,.F.);
#3953=ORIENTED_EDGE('',*,*,#6368,.F.);
#3954=ORIENTED_EDGE('',*,*,#6369,.T.);
#3955=ORIENTED_EDGE('',*,*,#6370,.F.);
#3956=ORIENTED_EDGE('',*,*,#6342,.F.);
#3957=ORIENTED_EDGE('',*,*,#6371,.F.);
#3958=ORIENTED_EDGE('',*,*,#6372,.T.);
#3959=ORIENTED_EDGE('',*,*,#6373,.F.);
#3960=ORIENTED_EDGE('',*,*,#6345,.F.);
#3961=ORIENTED_EDGE('',*,*,#6374,.T.);
#3962=ORIENTED_EDGE('',*,*,#6375,.T.);
#3963=ORIENTED_EDGE('',*,*,#6349,.F.);
#3964=ORIENTED_EDGE('',*,*,#6376,.F.);
#3965=ORIENTED_EDGE('',*,*,#6351,.F.);
#3966=ORIENTED_EDGE('',*,*,#6377,.T.);
#3967=ORIENTED_EDGE('',*,*,#6378,.T.);
#3968=ORIENTED_EDGE('',*,*,#6379,.T.);
#3969=ORIENTED_EDGE('',*,*,#6354,.F.);
#3970=ORIENTED_EDGE('',*,*,#6380,.T.);
#3971=ORIENTED_EDGE('',*,*,#6381,.T.);
#3972=ORIENTED_EDGE('',*,*,#6382,.T.);
#3973=ORIENTED_EDGE('',*,*,#6357,.F.);
#3974=ORIENTED_EDGE('',*,*,#6383,.T.);
#3975=ORIENTED_EDGE('',*,*,#6384,.T.);
#3976=ORIENTED_EDGE('',*,*,#6385,.T.);
#3977=ORIENTED_EDGE('',*,*,#6360,.F.);
#3978=ORIENTED_EDGE('',*,*,#6386,.T.);
#3979=ORIENTED_EDGE('',*,*,#6387,.T.);
#3980=ORIENTED_EDGE('',*,*,#6388,.T.);
#3981=ORIENTED_EDGE('',*,*,#6363,.F.);
#3982=ORIENTED_EDGE('',*,*,#6389,.T.);
#3983=ORIENTED_EDGE('',*,*,#6390,.T.);
#3984=ORIENTED_EDGE('',*,*,#6391,.T.);
#3985=ORIENTED_EDGE('',*,*,#6366,.F.);
#3986=ORIENTED_EDGE('',*,*,#6392,.T.);
#3987=ORIENTED_EDGE('',*,*,#6393,.T.);
#3988=ORIENTED_EDGE('',*,*,#6394,.T.);
#3989=ORIENTED_EDGE('',*,*,#6369,.F.);
#3990=ORIENTED_EDGE('',*,*,#6395,.T.);
#3991=ORIENTED_EDGE('',*,*,#6396,.T.);
#3992=ORIENTED_EDGE('',*,*,#6397,.T.);
#3993=ORIENTED_EDGE('',*,*,#6372,.F.);
#3994=ORIENTED_EDGE('',*,*,#6398,.T.);
#3995=ORIENTED_EDGE('',*,*,#6399,.T.);
#3996=ORIENTED_EDGE('',*,*,#6400,.T.);
#3997=ORIENTED_EDGE('',*,*,#6401,.F.);
#3998=ORIENTED_EDGE('',*,*,#6374,.F.);
#3999=ORIENTED_EDGE('',*,*,#6402,.T.);
#4000=ORIENTED_EDGE('',*,*,#6403,.T.);
#4001=ORIENTED_EDGE('',*,*,#6404,.F.);
#4002=ORIENTED_EDGE('',*,*,#6405,.T.);
#4003=ORIENTED_EDGE('',*,*,#6406,.F.);
#4004=ORIENTED_EDGE('',*,*,#6378,.F.);
#4005=ORIENTED_EDGE('',*,*,#6407,.F.);
#4006=ORIENTED_EDGE('',*,*,#6408,.T.);
#4007=ORIENTED_EDGE('',*,*,#6409,.F.);
#4008=ORIENTED_EDGE('',*,*,#6381,.F.);
#4009=ORIENTED_EDGE('',*,*,#6410,.F.);
#4010=ORIENTED_EDGE('',*,*,#6411,.T.);
#4011=ORIENTED_EDGE('',*,*,#6412,.F.);
#4012=ORIENTED_EDGE('',*,*,#6384,.F.);
#4013=ORIENTED_EDGE('',*,*,#6413,.F.);
#4014=ORIENTED_EDGE('',*,*,#6414,.T.);
#4015=ORIENTED_EDGE('',*,*,#6415,.F.);
#4016=ORIENTED_EDGE('',*,*,#6387,.F.);
#4017=ORIENTED_EDGE('',*,*,#6416,.F.);
#4018=ORIENTED_EDGE('',*,*,#6417,.T.);
#4019=ORIENTED_EDGE('',*,*,#6418,.F.);
#4020=ORIENTED_EDGE('',*,*,#6390,.F.);
#4021=ORIENTED_EDGE('',*,*,#6419,.F.);
#4022=ORIENTED_EDGE('',*,*,#6420,.T.);
#4023=ORIENTED_EDGE('',*,*,#6421,.F.);
#4024=ORIENTED_EDGE('',*,*,#6393,.F.);
#4025=ORIENTED_EDGE('',*,*,#6422,.F.);
#4026=ORIENTED_EDGE('',*,*,#6423,.T.);
#4027=ORIENTED_EDGE('',*,*,#6424,.F.);
#4028=ORIENTED_EDGE('',*,*,#6396,.F.);
#4029=ORIENTED_EDGE('',*,*,#6425,.F.);
#4030=ORIENTED_EDGE('',*,*,#6426,.T.);
#4031=ORIENTED_EDGE('',*,*,#6427,.F.);
#4032=ORIENTED_EDGE('',*,*,#6399,.F.);
#4033=ORIENTED_EDGE('',*,*,#6428,.F.);
#4034=ORIENTED_EDGE('',*,*,#6403,.F.);
#4035=ORIENTED_EDGE('',*,*,#6429,.T.);
#4036=ORIENTED_EDGE('',*,*,#6430,.T.);
#4037=ORIENTED_EDGE('',*,*,#6431,.F.);
#4038=ORIENTED_EDGE('',*,*,#6432,.T.);
#4039=ORIENTED_EDGE('',*,*,#6433,.F.);
#4040=ORIENTED_EDGE('',*,*,#6405,.F.);
#4041=ORIENTED_EDGE('',*,*,#6434,.F.);
#4042=ORIENTED_EDGE('',*,*,#6435,.T.);
#4043=ORIENTED_EDGE('',*,*,#6436,.F.);
#4044=ORIENTED_EDGE('',*,*,#6408,.F.);
#4045=ORIENTED_EDGE('',*,*,#6437,.F.);
#4046=ORIENTED_EDGE('',*,*,#6438,.T.);
#4047=ORIENTED_EDGE('',*,*,#6439,.F.);
#4048=ORIENTED_EDGE('',*,*,#6411,.F.);
#4049=ORIENTED_EDGE('',*,*,#6440,.F.);
#4050=ORIENTED_EDGE('',*,*,#6441,.T.);
#4051=ORIENTED_EDGE('',*,*,#6442,.F.);
#4052=ORIENTED_EDGE('',*,*,#6414,.F.);
#4053=ORIENTED_EDGE('',*,*,#6443,.F.);
#4054=ORIENTED_EDGE('',*,*,#6444,.T.);
#4055=ORIENTED_EDGE('',*,*,#6445,.F.);
#4056=ORIENTED_EDGE('',*,*,#6417,.F.);
#4057=ORIENTED_EDGE('',*,*,#6446,.F.);
#4058=ORIENTED_EDGE('',*,*,#6447,.T.);
#4059=ORIENTED_EDGE('',*,*,#6448,.F.);
#4060=ORIENTED_EDGE('',*,*,#6420,.F.);
#4061=ORIENTED_EDGE('',*,*,#6449,.F.);
#4062=ORIENTED_EDGE('',*,*,#6450,.T.);
#4063=ORIENTED_EDGE('',*,*,#6451,.F.);
#4064=ORIENTED_EDGE('',*,*,#6423,.F.);
#4065=ORIENTED_EDGE('',*,*,#6452,.F.);
#4066=ORIENTED_EDGE('',*,*,#6453,.T.);
#4067=ORIENTED_EDGE('',*,*,#6454,.F.);
#4068=ORIENTED_EDGE('',*,*,#6426,.F.);
#4069=ORIENTED_EDGE('',*,*,#6455,.F.);
#4070=ORIENTED_EDGE('',*,*,#6456,.F.);
#4071=ORIENTED_EDGE('',*,*,#6457,.F.);
#4072=ORIENTED_EDGE('',*,*,#6458,.T.);
#4073=ORIENTED_EDGE('',*,*,#6459,.F.);
#4074=ORIENTED_EDGE('',*,*,#6458,.F.);
#4075=ORIENTED_EDGE('',*,*,#6460,.T.);
#4076=ORIENTED_EDGE('',*,*,#6461,.T.);
#4077=ORIENTED_EDGE('',*,*,#6462,.F.);
#4078=ORIENTED_EDGE('',*,*,#6461,.F.);
#4079=ORIENTED_EDGE('',*,*,#6463,.F.);
#4080=ORIENTED_EDGE('',*,*,#6464,.T.);
#4081=ORIENTED_EDGE('',*,*,#6465,.F.);
#4082=ORIENTED_EDGE('',*,*,#5836,.F.);
#4083=ORIENTED_EDGE('',*,*,#6466,.F.);
#4084=ORIENTED_EDGE('',*,*,#6467,.F.);
#4085=ORIENTED_EDGE('',*,*,#6468,.F.);
#4086=ORIENTED_EDGE('',*,*,#6469,.F.);
#4087=ORIENTED_EDGE('',*,*,#6470,.F.);
#4088=ORIENTED_EDGE('',*,*,#5839,.F.);
#4089=ORIENTED_EDGE('',*,*,#6471,.F.);
#4090=ORIENTED_EDGE('',*,*,#6472,.F.);
#4091=ORIENTED_EDGE('',*,*,#6473,.F.);
#4092=ORIENTED_EDGE('',*,*,#6474,.F.);
#4093=ORIENTED_EDGE('',*,*,#6475,.F.);
#4094=ORIENTED_EDGE('',*,*,#5842,.F.);
#4095=ORIENTED_EDGE('',*,*,#6476,.F.);
#4096=ORIENTED_EDGE('',*,*,#6477,.F.);
#4097=ORIENTED_EDGE('',*,*,#6478,.F.);
#4098=ORIENTED_EDGE('',*,*,#6479,.F.);
#4099=ORIENTED_EDGE('',*,*,#6480,.F.);
#4100=ORIENTED_EDGE('',*,*,#5845,.F.);
#4101=ORIENTED_EDGE('',*,*,#6481,.F.);
#4102=ORIENTED_EDGE('',*,*,#6482,.F.);
#4103=ORIENTED_EDGE('',*,*,#6483,.F.);
#4104=ORIENTED_EDGE('',*,*,#6484,.F.);
#4105=ORIENTED_EDGE('',*,*,#6485,.F.);
#4106=ORIENTED_EDGE('',*,*,#5848,.F.);
#4107=ORIENTED_EDGE('',*,*,#6486,.F.);
#4108=ORIENTED_EDGE('',*,*,#6487,.F.);
#4109=ORIENTED_EDGE('',*,*,#6488,.F.);
#4110=ORIENTED_EDGE('',*,*,#6489,.F.);
#4111=ORIENTED_EDGE('',*,*,#6490,.F.);
#4112=ORIENTED_EDGE('',*,*,#5851,.F.);
#4113=ORIENTED_EDGE('',*,*,#6491,.F.);
#4114=ORIENTED_EDGE('',*,*,#6492,.F.);
#4115=ORIENTED_EDGE('',*,*,#6493,.F.);
#4116=ORIENTED_EDGE('',*,*,#6494,.F.);
#4117=ORIENTED_EDGE('',*,*,#6495,.F.);
#4118=ORIENTED_EDGE('',*,*,#5854,.F.);
#4119=ORIENTED_EDGE('',*,*,#6496,.F.);
#4120=ORIENTED_EDGE('',*,*,#6497,.F.);
#4121=ORIENTED_EDGE('',*,*,#6498,.F.);
#4122=ORIENTED_EDGE('',*,*,#6499,.F.);
#4123=ORIENTED_EDGE('',*,*,#6500,.F.);
#4124=ORIENTED_EDGE('',*,*,#5857,.F.);
#4125=ORIENTED_EDGE('',*,*,#6501,.F.);
#4126=ORIENTED_EDGE('',*,*,#6502,.F.);
#4127=ORIENTED_EDGE('',*,*,#6503,.F.);
#4128=ORIENTED_EDGE('',*,*,#6504,.F.);
#4129=ORIENTED_EDGE('',*,*,#6505,.F.);
#4130=ORIENTED_EDGE('',*,*,#5860,.F.);
#4131=ORIENTED_EDGE('',*,*,#6506,.F.);
#4132=ORIENTED_EDGE('',*,*,#6507,.F.);
#4133=ORIENTED_EDGE('',*,*,#6508,.F.);
#4134=ORIENTED_EDGE('',*,*,#6509,.F.);
#4135=ORIENTED_EDGE('',*,*,#6510,.F.);
#4136=ORIENTED_EDGE('',*,*,#6464,.F.);
#4137=ORIENTED_EDGE('',*,*,#6511,.F.);
#4138=ORIENTED_EDGE('',*,*,#6512,.T.);
#4139=ORIENTED_EDGE('',*,*,#6513,.T.);
#4140=ORIENTED_EDGE('',*,*,#6514,.F.);
#4141=ORIENTED_EDGE('',*,*,#6515,.F.);
#4142=ORIENTED_EDGE('',*,*,#6513,.F.);
#4143=ORIENTED_EDGE('',*,*,#6516,.T.);
#4144=ORIENTED_EDGE('',*,*,#6517,.T.);
#4145=ORIENTED_EDGE('',*,*,#6518,.F.);
#4146=ORIENTED_EDGE('',*,*,#6519,.F.);
#4147=ORIENTED_EDGE('',*,*,#6517,.F.);
#4148=ORIENTED_EDGE('',*,*,#6520,.T.);
#4149=ORIENTED_EDGE('',*,*,#6521,.F.);
#4150=ORIENTED_EDGE('',*,*,#6522,.T.);
#4151=ORIENTED_EDGE('',*,*,#6523,.F.);
#4152=ORIENTED_EDGE('',*,*,#6524,.F.);
#4153=ORIENTED_EDGE('',*,*,#6525,.F.);
#4154=ORIENTED_EDGE('',*,*,#6526,.F.);
#4155=ORIENTED_EDGE('',*,*,#6527,.F.);
#4156=ORIENTED_EDGE('',*,*,#5894,.T.);
#4157=ORIENTED_EDGE('',*,*,#6528,.F.);
#4158=ORIENTED_EDGE('',*,*,#6529,.F.);
#4159=ORIENTED_EDGE('',*,*,#6530,.F.);
#4160=ORIENTED_EDGE('',*,*,#6531,.F.);
#4161=ORIENTED_EDGE('',*,*,#6532,.F.);
#4162=ORIENTED_EDGE('',*,*,#5890,.T.);
#4163=ORIENTED_EDGE('',*,*,#6533,.F.);
#4164=ORIENTED_EDGE('',*,*,#6534,.F.);
#4165=ORIENTED_EDGE('',*,*,#6535,.F.);
#4166=ORIENTED_EDGE('',*,*,#6536,.F.);
#4167=ORIENTED_EDGE('',*,*,#6537,.F.);
#4168=ORIENTED_EDGE('',*,*,#5886,.T.);
#4169=ORIENTED_EDGE('',*,*,#6538,.F.);
#4170=ORIENTED_EDGE('',*,*,#6539,.F.);
#4171=ORIENTED_EDGE('',*,*,#6540,.F.);
#4172=ORIENTED_EDGE('',*,*,#6541,.F.);
#4173=ORIENTED_EDGE('',*,*,#6542,.F.);
#4174=ORIENTED_EDGE('',*,*,#5882,.T.);
#4175=ORIENTED_EDGE('',*,*,#6543,.F.);
#4176=ORIENTED_EDGE('',*,*,#6544,.F.);
#4177=ORIENTED_EDGE('',*,*,#6545,.F.);
#4178=ORIENTED_EDGE('',*,*,#6546,.F.);
#4179=ORIENTED_EDGE('',*,*,#6547,.F.);
#4180=ORIENTED_EDGE('',*,*,#5878,.T.);
#4181=ORIENTED_EDGE('',*,*,#6548,.F.);
#4182=ORIENTED_EDGE('',*,*,#6549,.F.);
#4183=ORIENTED_EDGE('',*,*,#6550,.F.);
#4184=ORIENTED_EDGE('',*,*,#6551,.F.);
#4185=ORIENTED_EDGE('',*,*,#6552,.F.);
#4186=ORIENTED_EDGE('',*,*,#5874,.T.);
#4187=ORIENTED_EDGE('',*,*,#6553,.F.);
#4188=ORIENTED_EDGE('',*,*,#6554,.F.);
#4189=ORIENTED_EDGE('',*,*,#6555,.F.);
#4190=ORIENTED_EDGE('',*,*,#6556,.F.);
#4191=ORIENTED_EDGE('',*,*,#6557,.F.);
#4192=ORIENTED_EDGE('',*,*,#5870,.T.);
#4193=ORIENTED_EDGE('',*,*,#6558,.F.);
#4194=ORIENTED_EDGE('',*,*,#6559,.F.);
#4195=ORIENTED_EDGE('',*,*,#6560,.F.);
#4196=ORIENTED_EDGE('',*,*,#6561,.F.);
#4197=ORIENTED_EDGE('',*,*,#6562,.F.);
#4198=ORIENTED_EDGE('',*,*,#5866,.T.);
#4199=ORIENTED_EDGE('',*,*,#6563,.F.);
#4200=ORIENTED_EDGE('',*,*,#6564,.F.);
#4201=ORIENTED_EDGE('',*,*,#6565,.F.);
#4202=ORIENTED_EDGE('',*,*,#6566,.F.);
#4203=ORIENTED_EDGE('',*,*,#6567,.F.);
#4204=ORIENTED_EDGE('',*,*,#5862,.T.);
#4205=ORIENTED_EDGE('',*,*,#6568,.F.);
#4206=ORIENTED_EDGE('',*,*,#6522,.F.);
#4207=ORIENTED_EDGE('',*,*,#6569,.F.);
#4208=ORIENTED_EDGE('',*,*,#6570,.T.);
#4209=ORIENTED_EDGE('',*,*,#6571,.F.);
#4210=ORIENTED_EDGE('',*,*,#6570,.F.);
#4211=ORIENTED_EDGE('',*,*,#6572,.T.);
#4212=ORIENTED_EDGE('',*,*,#6573,.T.);
#4213=ORIENTED_EDGE('',*,*,#6574,.F.);
#4214=ORIENTED_EDGE('',*,*,#6573,.F.);
#4215=ORIENTED_EDGE('',*,*,#6575,.F.);
#4216=ORIENTED_EDGE('',*,*,#6576,.T.);
#4217=ORIENTED_EDGE('',*,*,#6577,.F.);
#4218=ORIENTED_EDGE('',*,*,#6578,.F.);
#4219=ORIENTED_EDGE('',*,*,#6579,.F.);
#4220=ORIENTED_EDGE('',*,*,#5955,.T.);
#4221=ORIENTED_EDGE('',*,*,#6580,.F.);
#4222=ORIENTED_EDGE('',*,*,#6581,.F.);
#4223=ORIENTED_EDGE('',*,*,#6582,.F.);
#4224=ORIENTED_EDGE('',*,*,#5959,.T.);
#4225=ORIENTED_EDGE('',*,*,#6583,.F.);
#4226=ORIENTED_EDGE('',*,*,#6584,.F.);
#4227=ORIENTED_EDGE('',*,*,#6585,.F.);
#4228=ORIENTED_EDGE('',*,*,#5963,.T.);
#4229=ORIENTED_EDGE('',*,*,#6586,.F.);
#4230=ORIENTED_EDGE('',*,*,#6587,.F.);
#4231=ORIENTED_EDGE('',*,*,#6588,.F.);
#4232=ORIENTED_EDGE('',*,*,#5967,.T.);
#4233=ORIENTED_EDGE('',*,*,#6589,.F.);
#4234=ORIENTED_EDGE('',*,*,#6590,.F.);
#4235=ORIENTED_EDGE('',*,*,#6591,.F.);
#4236=ORIENTED_EDGE('',*,*,#5971,.T.);
#4237=ORIENTED_EDGE('',*,*,#6592,.F.);
#4238=ORIENTED_EDGE('',*,*,#6593,.F.);
#4239=ORIENTED_EDGE('',*,*,#6594,.F.);
#4240=ORIENTED_EDGE('',*,*,#5975,.T.);
#4241=ORIENTED_EDGE('',*,*,#6595,.F.);
#4242=ORIENTED_EDGE('',*,*,#6596,.F.);
#4243=ORIENTED_EDGE('',*,*,#6597,.F.);
#4244=ORIENTED_EDGE('',*,*,#5979,.T.);
#4245=ORIENTED_EDGE('',*,*,#6598,.F.);
#4246=ORIENTED_EDGE('',*,*,#6599,.F.);
#4247=ORIENTED_EDGE('',*,*,#6600,.F.);
#4248=ORIENTED_EDGE('',*,*,#5983,.T.);
#4249=ORIENTED_EDGE('',*,*,#6601,.F.);
#4250=ORIENTED_EDGE('',*,*,#6602,.F.);
#4251=ORIENTED_EDGE('',*,*,#6603,.F.);
#4252=ORIENTED_EDGE('',*,*,#6604,.T.);
#4253=ORIENTED_EDGE('',*,*,#6605,.F.);
#4254=ORIENTED_EDGE('',*,*,#6606,.F.);
#4255=ORIENTED_EDGE('',*,*,#5926,.F.);
#4256=ORIENTED_EDGE('',*,*,#6607,.F.);
#4257=ORIENTED_EDGE('',*,*,#6608,.F.);
#4258=ORIENTED_EDGE('',*,*,#6609,.F.);
#4259=ORIENTED_EDGE('',*,*,#6610,.F.);
#4260=ORIENTED_EDGE('',*,*,#6611,.F.);
#4261=ORIENTED_EDGE('',*,*,#5929,.F.);
#4262=ORIENTED_EDGE('',*,*,#6612,.F.);
#4263=ORIENTED_EDGE('',*,*,#6613,.F.);
#4264=ORIENTED_EDGE('',*,*,#6614,.F.);
#4265=ORIENTED_EDGE('',*,*,#6615,.F.);
#4266=ORIENTED_EDGE('',*,*,#6616,.F.);
#4267=ORIENTED_EDGE('',*,*,#5932,.F.);
#4268=ORIENTED_EDGE('',*,*,#6617,.F.);
#4269=ORIENTED_EDGE('',*,*,#6618,.F.);
#4270=ORIENTED_EDGE('',*,*,#6619,.F.);
#4271=ORIENTED_EDGE('',*,*,#6620,.F.);
#4272=ORIENTED_EDGE('',*,*,#6621,.F.);
#4273=ORIENTED_EDGE('',*,*,#5935,.F.);
#4274=ORIENTED_EDGE('',*,*,#6622,.F.);
#4275=ORIENTED_EDGE('',*,*,#6623,.F.);
#4276=ORIENTED_EDGE('',*,*,#6624,.F.);
#4277=ORIENTED_EDGE('',*,*,#6625,.F.);
#4278=ORIENTED_EDGE('',*,*,#6626,.F.);
#4279=ORIENTED_EDGE('',*,*,#5938,.F.);
#4280=ORIENTED_EDGE('',*,*,#6627,.F.);
#4281=ORIENTED_EDGE('',*,*,#6628,.F.);
#4282=ORIENTED_EDGE('',*,*,#6629,.F.);
#4283=ORIENTED_EDGE('',*,*,#6630,.F.);
#4284=ORIENTED_EDGE('',*,*,#6631,.F.);
#4285=ORIENTED_EDGE('',*,*,#5941,.F.);
#4286=ORIENTED_EDGE('',*,*,#6632,.F.);
#4287=ORIENTED_EDGE('',*,*,#6633,.F.);
#4288=ORIENTED_EDGE('',*,*,#6634,.F.);
#4289=ORIENTED_EDGE('',*,*,#6635,.F.);
#4290=ORIENTED_EDGE('',*,*,#6636,.F.);
#4291=ORIENTED_EDGE('',*,*,#5944,.F.);
#4292=ORIENTED_EDGE('',*,*,#6637,.F.);
#4293=ORIENTED_EDGE('',*,*,#6638,.F.);
#4294=ORIENTED_EDGE('',*,*,#6639,.F.);
#4295=ORIENTED_EDGE('',*,*,#6640,.F.);
#4296=ORIENTED_EDGE('',*,*,#6641,.F.);
#4297=ORIENTED_EDGE('',*,*,#5947,.F.);
#4298=ORIENTED_EDGE('',*,*,#6642,.F.);
#4299=ORIENTED_EDGE('',*,*,#6643,.F.);
#4300=ORIENTED_EDGE('',*,*,#6644,.F.);
#4301=ORIENTED_EDGE('',*,*,#6645,.F.);
#4302=ORIENTED_EDGE('',*,*,#6646,.F.);
#4303=ORIENTED_EDGE('',*,*,#5950,.F.);
#4304=ORIENTED_EDGE('',*,*,#6647,.F.);
#4305=ORIENTED_EDGE('',*,*,#6648,.F.);
#4306=ORIENTED_EDGE('',*,*,#6649,.F.);
#4307=ORIENTED_EDGE('',*,*,#6650,.F.);
#4308=ORIENTED_EDGE('',*,*,#6651,.F.);
#4309=ORIENTED_EDGE('',*,*,#6576,.F.);
#4310=ORIENTED_EDGE('',*,*,#6652,.F.);
#4311=ORIENTED_EDGE('',*,*,#6653,.T.);
#4312=ORIENTED_EDGE('',*,*,#5953,.T.);
#4313=ORIENTED_EDGE('',*,*,#6604,.F.);
#4314=ORIENTED_EDGE('',*,*,#6654,.T.);
#4315=ORIENTED_EDGE('',*,*,#6655,.T.);
#4316=ORIENTED_EDGE('',*,*,#6656,.T.);
#4317=ORIENTED_EDGE('',*,*,#6657,.F.);
#4318=ORIENTED_EDGE('',*,*,#6658,.T.);
#4319=ORIENTED_EDGE('',*,*,#6659,.F.);
#4320=ORIENTED_EDGE('',*,*,#6655,.F.);
#4321=ORIENTED_EDGE('',*,*,#6660,.F.);
#4322=ORIENTED_EDGE('',*,*,#6661,.T.);
#4323=ORIENTED_EDGE('',*,*,#6662,.F.);
#4324=ORIENTED_EDGE('',*,*,#6658,.F.);
#4325=ORIENTED_EDGE('',*,*,#6663,.F.);
#4326=ORIENTED_EDGE('',*,*,#6664,.T.);
#4327=ORIENTED_EDGE('',*,*,#6665,.F.);
#4328=ORIENTED_EDGE('',*,*,#6661,.F.);
#4329=ORIENTED_EDGE('',*,*,#6666,.F.);
#4330=ORIENTED_EDGE('',*,*,#6667,.T.);
#4331=ORIENTED_EDGE('',*,*,#6668,.F.);
#4332=ORIENTED_EDGE('',*,*,#6664,.F.);
#4333=ORIENTED_EDGE('',*,*,#6669,.F.);
#4334=ORIENTED_EDGE('',*,*,#6670,.T.);
#4335=ORIENTED_EDGE('',*,*,#6671,.F.);
#4336=ORIENTED_EDGE('',*,*,#6667,.F.);
#4337=ORIENTED_EDGE('',*,*,#6670,.F.);
#4338=ORIENTED_EDGE('',*,*,#6672,.T.);
#4339=ORIENTED_EDGE('',*,*,#6673,.T.);
#4340=ORIENTED_EDGE('',*,*,#6674,.T.);
#4341=ORIENTED_EDGE('',*,*,#6675,.F.);
#4342=ORIENTED_EDGE('',*,*,#6676,.T.);
#4343=ORIENTED_EDGE('',*,*,#6677,.F.);
#4344=ORIENTED_EDGE('',*,*,#6673,.F.);
#4345=ORIENTED_EDGE('',*,*,#6678,.F.);
#4346=ORIENTED_EDGE('',*,*,#6679,.T.);
#4347=ORIENTED_EDGE('',*,*,#6680,.F.);
#4348=ORIENTED_EDGE('',*,*,#6676,.F.);
#4349=ORIENTED_EDGE('',*,*,#6681,.F.);
#4350=ORIENTED_EDGE('',*,*,#6178,.F.);
#4351=ORIENTED_EDGE('',*,*,#6682,.T.);
#4352=ORIENTED_EDGE('',*,*,#6683,.T.);
#4353=ORIENTED_EDGE('',*,*,#6684,.F.);
#4354=ORIENTED_EDGE('',*,*,#6679,.F.);
#4355=ORIENTED_EDGE('',*,*,#6685,.F.);
#4356=ORIENTED_EDGE('',*,*,#6686,.F.);
#4357=ORIENTED_EDGE('',*,*,#6687,.F.);
#4358=ORIENTED_EDGE('',*,*,#6201,.F.);
#4359=ORIENTED_EDGE('',*,*,#6688,.F.);
#4360=ORIENTED_EDGE('',*,*,#6689,.F.);
#4361=ORIENTED_EDGE('',*,*,#6690,.F.);
#4362=ORIENTED_EDGE('',*,*,#6198,.F.);
#4363=ORIENTED_EDGE('',*,*,#6691,.F.);
#4364=ORIENTED_EDGE('',*,*,#6692,.F.);
#4365=ORIENTED_EDGE('',*,*,#6693,.F.);
#4366=ORIENTED_EDGE('',*,*,#6195,.F.);
#4367=ORIENTED_EDGE('',*,*,#6694,.F.);
#4368=ORIENTED_EDGE('',*,*,#6695,.F.);
#4369=ORIENTED_EDGE('',*,*,#6696,.F.);
#4370=ORIENTED_EDGE('',*,*,#6192,.F.);
#4371=ORIENTED_EDGE('',*,*,#6697,.F.);
#4372=ORIENTED_EDGE('',*,*,#6698,.F.);
#4373=ORIENTED_EDGE('',*,*,#6699,.F.);
#4374=ORIENTED_EDGE('',*,*,#6189,.F.);
#4375=ORIENTED_EDGE('',*,*,#6700,.F.);
#4376=ORIENTED_EDGE('',*,*,#6701,.F.);
#4377=ORIENTED_EDGE('',*,*,#6702,.F.);
#4378=ORIENTED_EDGE('',*,*,#6186,.F.);
#4379=ORIENTED_EDGE('',*,*,#6703,.F.);
#4380=ORIENTED_EDGE('',*,*,#6704,.F.);
#4381=ORIENTED_EDGE('',*,*,#6705,.F.);
#4382=ORIENTED_EDGE('',*,*,#6183,.F.);
#4383=ORIENTED_EDGE('',*,*,#6706,.F.);
#4384=ORIENTED_EDGE('',*,*,#6707,.F.);
#4385=ORIENTED_EDGE('',*,*,#6708,.F.);
#4386=ORIENTED_EDGE('',*,*,#6180,.F.);
#4387=ORIENTED_EDGE('',*,*,#6709,.F.);
#4388=ORIENTED_EDGE('',*,*,#6710,.F.);
#4389=ORIENTED_EDGE('',*,*,#6711,.F.);
#4390=ORIENTED_EDGE('',*,*,#6683,.F.);
#4391=ORIENTED_EDGE('',*,*,#6712,.T.);
#4392=ORIENTED_EDGE('',*,*,#6713,.T.);
#4393=ORIENTED_EDGE('',*,*,#6714,.F.);
#4394=ORIENTED_EDGE('',*,*,#6715,.F.);
#4395=ORIENTED_EDGE('',*,*,#6716,.F.);
#4396=ORIENTED_EDGE('',*,*,#6207,.T.);
#4397=ORIENTED_EDGE('',*,*,#6717,.F.);
#4398=ORIENTED_EDGE('',*,*,#6718,.F.);
#4399=ORIENTED_EDGE('',*,*,#6719,.F.);
#4400=ORIENTED_EDGE('',*,*,#6211,.T.);
#4401=ORIENTED_EDGE('',*,*,#6720,.F.);
#4402=ORIENTED_EDGE('',*,*,#6721,.F.);
#4403=ORIENTED_EDGE('',*,*,#6722,.F.);
#4404=ORIENTED_EDGE('',*,*,#6215,.T.);
#4405=ORIENTED_EDGE('',*,*,#6723,.F.);
#4406=ORIENTED_EDGE('',*,*,#6724,.F.);
#4407=ORIENTED_EDGE('',*,*,#6725,.F.);
#4408=ORIENTED_EDGE('',*,*,#6219,.T.);
#4409=ORIENTED_EDGE('',*,*,#6726,.F.);
#4410=ORIENTED_EDGE('',*,*,#6727,.F.);
#4411=ORIENTED_EDGE('',*,*,#6728,.F.);
#4412=ORIENTED_EDGE('',*,*,#6223,.T.);
#4413=ORIENTED_EDGE('',*,*,#6729,.F.);
#4414=ORIENTED_EDGE('',*,*,#6730,.F.);
#4415=ORIENTED_EDGE('',*,*,#6731,.F.);
#4416=ORIENTED_EDGE('',*,*,#6227,.T.);
#4417=ORIENTED_EDGE('',*,*,#6732,.F.);
#4418=ORIENTED_EDGE('',*,*,#6733,.F.);
#4419=ORIENTED_EDGE('',*,*,#6734,.F.);
#4420=ORIENTED_EDGE('',*,*,#6231,.T.);
#4421=ORIENTED_EDGE('',*,*,#6735,.F.);
#4422=ORIENTED_EDGE('',*,*,#6736,.F.);
#4423=ORIENTED_EDGE('',*,*,#6737,.F.);
#4424=ORIENTED_EDGE('',*,*,#6235,.T.);
#4425=ORIENTED_EDGE('',*,*,#6738,.F.);
#4426=ORIENTED_EDGE('',*,*,#6739,.F.);
#4427=ORIENTED_EDGE('',*,*,#6740,.F.);
#4428=ORIENTED_EDGE('',*,*,#6741,.T.);
#4429=ORIENTED_EDGE('',*,*,#6742,.F.);
#4430=ORIENTED_EDGE('',*,*,#6713,.F.);
#4431=ORIENTED_EDGE('',*,*,#6743,.T.);
#4432=ORIENTED_EDGE('',*,*,#6205,.T.);
#4433=ORIENTED_EDGE('',*,*,#6741,.F.);
#4434=ORIENTED_EDGE('',*,*,#6744,.T.);
#4435=ORIENTED_EDGE('',*,*,#6745,.T.);
#4436=ORIENTED_EDGE('',*,*,#6746,.T.);
#4437=ORIENTED_EDGE('',*,*,#6747,.F.);
#4438=ORIENTED_EDGE('',*,*,#6748,.T.);
#4439=ORIENTED_EDGE('',*,*,#6749,.F.);
#4440=ORIENTED_EDGE('',*,*,#6745,.F.);
#4441=ORIENTED_EDGE('',*,*,#6750,.F.);
#4442=ORIENTED_EDGE('',*,*,#6751,.T.);
#4443=ORIENTED_EDGE('',*,*,#6752,.F.);
#4444=ORIENTED_EDGE('',*,*,#6748,.F.);
#4445=ORIENTED_EDGE('',*,*,#6753,.F.);
#4446=ORIENTED_EDGE('',*,*,#6754,.T.);
#4447=ORIENTED_EDGE('',*,*,#6755,.F.);
#4448=ORIENTED_EDGE('',*,*,#6751,.F.);
#4449=ORIENTED_EDGE('',*,*,#6756,.F.);
#4450=ORIENTED_EDGE('',*,*,#6757,.T.);
#4451=ORIENTED_EDGE('',*,*,#6758,.F.);
#4452=ORIENTED_EDGE('',*,*,#6754,.F.);
#4453=ORIENTED_EDGE('',*,*,#6759,.F.);
#4454=ORIENTED_EDGE('',*,*,#6760,.T.);
#4455=ORIENTED_EDGE('',*,*,#6761,.F.);
#4456=ORIENTED_EDGE('',*,*,#6757,.F.);
#4457=ORIENTED_EDGE('',*,*,#6760,.F.);
#4458=ORIENTED_EDGE('',*,*,#6762,.T.);
#4459=ORIENTED_EDGE('',*,*,#6763,.T.);
#4460=ORIENTED_EDGE('',*,*,#6764,.T.);
#4461=ORIENTED_EDGE('',*,*,#6765,.F.);
#4462=ORIENTED_EDGE('',*,*,#6766,.T.);
#4463=ORIENTED_EDGE('',*,*,#6767,.F.);
#4464=ORIENTED_EDGE('',*,*,#6763,.F.);
#4465=ORIENTED_EDGE('',*,*,#6768,.F.);
#4466=ORIENTED_EDGE('',*,*,#6769,.T.);
#4467=ORIENTED_EDGE('',*,*,#6770,.F.);
#4468=ORIENTED_EDGE('',*,*,#6766,.F.);
#4469=ORIENTED_EDGE('',*,*,#6771,.F.);
#4470=ORIENTED_EDGE('',*,*,#6430,.F.);
#4471=ORIENTED_EDGE('',*,*,#6772,.T.);
#4472=ORIENTED_EDGE('',*,*,#6773,.F.);
#4473=ORIENTED_EDGE('',*,*,#6456,.T.);
#4474=ORIENTED_EDGE('',*,*,#6774,.F.);
#4475=ORIENTED_EDGE('',*,*,#6775,.F.);
#4476=ORIENTED_EDGE('',*,*,#6776,.F.);
#4477=ORIENTED_EDGE('',*,*,#6777,.F.);
#4478=ORIENTED_EDGE('',*,*,#6778,.F.);
#4479=ORIENTED_EDGE('',*,*,#5804,.T.);
#4480=ORIENTED_EDGE('',*,*,#6779,.F.);
#4481=ORIENTED_EDGE('',*,*,#6780,.F.);
#4482=ORIENTED_EDGE('',*,*,#6781,.F.);
#4483=ORIENTED_EDGE('',*,*,#6782,.F.);
#4484=ORIENTED_EDGE('',*,*,#6783,.F.);
#4485=ORIENTED_EDGE('',*,*,#5800,.T.);
#4486=ORIENTED_EDGE('',*,*,#6784,.F.);
#4487=ORIENTED_EDGE('',*,*,#6785,.F.);
#4488=ORIENTED_EDGE('',*,*,#6786,.F.);
#4489=ORIENTED_EDGE('',*,*,#6787,.F.);
#4490=ORIENTED_EDGE('',*,*,#6788,.F.);
#4491=ORIENTED_EDGE('',*,*,#5796,.T.);
#4492=ORIENTED_EDGE('',*,*,#6789,.F.);
#4493=ORIENTED_EDGE('',*,*,#6790,.F.);
#4494=ORIENTED_EDGE('',*,*,#6791,.F.);
#4495=ORIENTED_EDGE('',*,*,#6792,.F.);
#4496=ORIENTED_EDGE('',*,*,#6793,.F.);
#4497=ORIENTED_EDGE('',*,*,#5792,.T.);
#4498=ORIENTED_EDGE('',*,*,#6794,.F.);
#4499=ORIENTED_EDGE('',*,*,#6795,.F.);
#4500=ORIENTED_EDGE('',*,*,#6796,.F.);
#4501=ORIENTED_EDGE('',*,*,#6797,.F.);
#4502=ORIENTED_EDGE('',*,*,#6798,.F.);
#4503=ORIENTED_EDGE('',*,*,#5788,.T.);
#4504=ORIENTED_EDGE('',*,*,#6799,.F.);
#4505=ORIENTED_EDGE('',*,*,#6800,.F.);
#4506=ORIENTED_EDGE('',*,*,#6801,.F.);
#4507=ORIENTED_EDGE('',*,*,#6802,.F.);
#4508=ORIENTED_EDGE('',*,*,#6803,.F.);
#4509=ORIENTED_EDGE('',*,*,#5784,.T.);
#4510=ORIENTED_EDGE('',*,*,#6804,.F.);
#4511=ORIENTED_EDGE('',*,*,#6805,.F.);
#4512=ORIENTED_EDGE('',*,*,#6806,.F.);
#4513=ORIENTED_EDGE('',*,*,#6807,.F.);
#4514=ORIENTED_EDGE('',*,*,#6808,.F.);
#4515=ORIENTED_EDGE('',*,*,#5780,.T.);
#4516=ORIENTED_EDGE('',*,*,#6809,.F.);
#4517=ORIENTED_EDGE('',*,*,#6810,.F.);
#4518=ORIENTED_EDGE('',*,*,#6811,.F.);
#4519=ORIENTED_EDGE('',*,*,#6812,.F.);
#4520=ORIENTED_EDGE('',*,*,#6813,.F.);
#4521=ORIENTED_EDGE('',*,*,#5776,.T.);
#4522=ORIENTED_EDGE('',*,*,#6814,.F.);
#4523=ORIENTED_EDGE('',*,*,#6815,.F.);
#4524=ORIENTED_EDGE('',*,*,#6816,.F.);
#4525=ORIENTED_EDGE('',*,*,#6817,.F.);
#4526=ORIENTED_EDGE('',*,*,#6818,.F.);
#4527=ORIENTED_EDGE('',*,*,#5772,.T.);
#4528=ORIENTED_EDGE('',*,*,#6819,.F.);
#4529=ORIENTED_EDGE('',*,*,#6820,.F.);
#4530=ORIENTED_EDGE('',*,*,#6769,.F.);
#4531=ORIENTED_EDGE('',*,*,#6821,.F.);
#4532=ORIENTED_EDGE('',*,*,#6822,.F.);
#4533=ORIENTED_EDGE('',*,*,#6823,.F.);
#4534=ORIENTED_EDGE('',*,*,#6453,.F.);
#4535=ORIENTED_EDGE('',*,*,#6824,.F.);
#4536=ORIENTED_EDGE('',*,*,#6825,.F.);
#4537=ORIENTED_EDGE('',*,*,#6826,.F.);
#4538=ORIENTED_EDGE('',*,*,#6450,.F.);
#4539=ORIENTED_EDGE('',*,*,#6827,.F.);
#4540=ORIENTED_EDGE('',*,*,#6828,.F.);
#4541=ORIENTED_EDGE('',*,*,#6829,.F.);
#4542=ORIENTED_EDGE('',*,*,#6447,.F.);
#4543=ORIENTED_EDGE('',*,*,#6830,.F.);
#4544=ORIENTED_EDGE('',*,*,#6831,.F.);
#4545=ORIENTED_EDGE('',*,*,#6832,.F.);
#4546=ORIENTED_EDGE('',*,*,#6444,.F.);
#4547=ORIENTED_EDGE('',*,*,#6833,.F.);
#4548=ORIENTED_EDGE('',*,*,#6834,.F.);
#4549=ORIENTED_EDGE('',*,*,#6835,.F.);
#4550=ORIENTED_EDGE('',*,*,#6441,.F.);
#4551=ORIENTED_EDGE('',*,*,#6836,.F.);
#4552=ORIENTED_EDGE('',*,*,#6837,.F.);
#4553=ORIENTED_EDGE('',*,*,#6838,.F.);
#4554=ORIENTED_EDGE('',*,*,#6438,.F.);
#4555=ORIENTED_EDGE('',*,*,#6839,.F.);
#4556=ORIENTED_EDGE('',*,*,#6840,.F.);
#4557=ORIENTED_EDGE('',*,*,#6841,.F.);
#4558=ORIENTED_EDGE('',*,*,#6435,.F.);
#4559=ORIENTED_EDGE('',*,*,#6842,.F.);
#4560=ORIENTED_EDGE('',*,*,#6843,.F.);
#4561=ORIENTED_EDGE('',*,*,#6844,.F.);
#4562=ORIENTED_EDGE('',*,*,#6432,.F.);
#4563=ORIENTED_EDGE('',*,*,#6845,.F.);
#4564=ORIENTED_EDGE('',*,*,#6846,.F.);
#4565=ORIENTED_EDGE('',*,*,#6653,.F.);
#4566=ORIENTED_EDGE('',*,*,#6847,.T.);
#4567=ORIENTED_EDGE('',*,*,#6520,.F.);
#4568=ORIENTED_EDGE('',*,*,#6516,.F.);
#4569=ORIENTED_EDGE('',*,*,#6512,.F.);
#4570=ORIENTED_EDGE('',*,*,#6848,.T.);
#4571=ORIENTED_EDGE('',*,*,#6772,.F.);
#4572=ORIENTED_EDGE('',*,*,#6429,.F.);
#4573=ORIENTED_EDGE('',*,*,#6402,.F.);
#4574=ORIENTED_EDGE('',*,*,#6376,.T.);
#4575=ORIENTED_EDGE('',*,*,#6348,.F.);
#4576=ORIENTED_EDGE('',*,*,#6321,.F.);
#4577=ORIENTED_EDGE('',*,*,#6294,.F.);
#4578=ORIENTED_EDGE('',*,*,#6267,.F.);
#4579=ORIENTED_EDGE('',*,*,#6240,.F.);
#4580=ORIENTED_EDGE('',*,*,#6206,.T.);
#4581=ORIENTED_EDGE('',*,*,#6743,.F.);
#4582=ORIENTED_EDGE('',*,*,#6712,.F.);
#4583=ORIENTED_EDGE('',*,*,#6682,.F.);
#4584=ORIENTED_EDGE('',*,*,#6177,.F.);
#4585=ORIENTED_EDGE('',*,*,#6150,.F.);
#4586=ORIENTED_EDGE('',*,*,#6124,.T.);
#4587=ORIENTED_EDGE('',*,*,#6096,.F.);
#4588=ORIENTED_EDGE('',*,*,#6069,.F.);
#4589=ORIENTED_EDGE('',*,*,#6042,.F.);
#4590=ORIENTED_EDGE('',*,*,#6015,.F.);
#4591=ORIENTED_EDGE('',*,*,#5988,.F.);
#4592=ORIENTED_EDGE('',*,*,#5954,.T.);
#4593=ORIENTED_EDGE('',*,*,#6849,.F.);
#4594=ORIENTED_EDGE('',*,*,#6605,.T.);
#4595=ORIENTED_EDGE('',*,*,#6656,.F.);
#4596=ORIENTED_EDGE('',*,*,#6659,.T.);
#4597=ORIENTED_EDGE('',*,*,#6662,.T.);
#4598=ORIENTED_EDGE('',*,*,#6665,.T.);
#4599=ORIENTED_EDGE('',*,*,#6668,.T.);
#4600=ORIENTED_EDGE('',*,*,#6671,.T.);
#4601=ORIENTED_EDGE('',*,*,#6674,.F.);
#4602=ORIENTED_EDGE('',*,*,#6677,.T.);
#4603=ORIENTED_EDGE('',*,*,#6680,.T.);
#4604=ORIENTED_EDGE('',*,*,#6684,.T.);
#4605=ORIENTED_EDGE('',*,*,#6711,.T.);
#4606=ORIENTED_EDGE('',*,*,#6742,.T.);
#4607=ORIENTED_EDGE('',*,*,#6746,.F.);
#4608=ORIENTED_EDGE('',*,*,#6749,.T.);
#4609=ORIENTED_EDGE('',*,*,#6752,.T.);
#4610=ORIENTED_EDGE('',*,*,#6755,.T.);
#4611=ORIENTED_EDGE('',*,*,#6758,.T.);
#4612=ORIENTED_EDGE('',*,*,#6761,.T.);
#4613=ORIENTED_EDGE('',*,*,#6764,.F.);
#4614=ORIENTED_EDGE('',*,*,#6767,.T.);
#4615=ORIENTED_EDGE('',*,*,#6770,.T.);
#4616=ORIENTED_EDGE('',*,*,#6820,.T.);
#4617=ORIENTED_EDGE('',*,*,#6850,.F.);
#4618=ORIENTED_EDGE('',*,*,#6514,.T.);
#4619=ORIENTED_EDGE('',*,*,#6515,.T.);
#4620=ORIENTED_EDGE('',*,*,#6519,.T.);
#4621=ORIENTED_EDGE('',*,*,#5834,.T.);
#4622=ORIENTED_EDGE('',*,*,#6465,.T.);
#4623=ORIENTED_EDGE('',*,*,#6850,.T.);
#4624=ORIENTED_EDGE('',*,*,#6819,.T.);
#4625=ORIENTED_EDGE('',*,*,#5771,.T.);
#4626=ORIENTED_EDGE('',*,*,#5807,.T.);
#4627=ORIENTED_EDGE('',*,*,#6518,.T.);
#4628=ORIENTED_EDGE('',*,*,#5861,.T.);
#4629=ORIENTED_EDGE('',*,*,#5897,.T.);
#4630=ORIENTED_EDGE('',*,*,#5924,.T.);
#4631=ORIENTED_EDGE('',*,*,#6606,.T.);
#4632=ORIENTED_EDGE('',*,*,#6849,.T.);
#4633=ORIENTED_EDGE('',*,*,#6463,.T.);
#4634=ORIENTED_EDGE('',*,*,#6460,.F.);
#4635=ORIENTED_EDGE('',*,*,#6457,.T.);
#4636=ORIENTED_EDGE('',*,*,#6773,.T.);
#4637=ORIENTED_EDGE('',*,*,#6848,.F.);
#4638=ORIENTED_EDGE('',*,*,#6511,.T.);
#4639=ORIENTED_EDGE('',*,*,#6521,.T.);
#4640=ORIENTED_EDGE('',*,*,#6847,.F.);
#4641=ORIENTED_EDGE('',*,*,#6652,.T.);
#4642=ORIENTED_EDGE('',*,*,#6575,.T.);
#4643=ORIENTED_EDGE('',*,*,#6572,.F.);
#4644=ORIENTED_EDGE('',*,*,#6569,.T.);
#4645=ORIENTED_EDGE('',*,*,#6462,.T.);
#4646=ORIENTED_EDGE('',*,*,#6510,.T.);
#4647=ORIENTED_EDGE('',*,*,#6851,.F.);
#4648=ORIENTED_EDGE('',*,*,#6774,.T.);
#4649=ORIENTED_EDGE('',*,*,#6455,.T.);
#4650=ORIENTED_EDGE('',*,*,#6459,.T.);
#4651=ORIENTED_EDGE('',*,*,#6509,.T.);
#4652=ORIENTED_EDGE('',*,*,#6852,.F.);
#4653=ORIENTED_EDGE('',*,*,#6775,.T.);
#4654=ORIENTED_EDGE('',*,*,#6851,.T.);
#4655=ORIENTED_EDGE('',*,*,#6508,.T.);
#4656=ORIENTED_EDGE('',*,*,#6853,.F.);
#4657=ORIENTED_EDGE('',*,*,#6776,.T.);
#4658=ORIENTED_EDGE('',*,*,#6852,.T.);
#4659=ORIENTED_EDGE('',*,*,#6507,.T.);
#4660=ORIENTED_EDGE('',*,*,#6854,.F.);
#4661=ORIENTED_EDGE('',*,*,#6777,.T.);
#4662=ORIENTED_EDGE('',*,*,#6853,.T.);
#4663=ORIENTED_EDGE('',*,*,#5859,.T.);
#4664=ORIENTED_EDGE('',*,*,#5832,.F.);
#4665=ORIENTED_EDGE('',*,*,#5805,.T.);
#4666=ORIENTED_EDGE('',*,*,#6778,.T.);
#4667=ORIENTED_EDGE('',*,*,#6854,.T.);
#4668=ORIENTED_EDGE('',*,*,#6506,.T.);
#4669=ORIENTED_EDGE('',*,*,#5858,.T.);
#4670=ORIENTED_EDGE('',*,*,#6505,.T.);
#4671=ORIENTED_EDGE('',*,*,#6855,.F.);
#4672=ORIENTED_EDGE('',*,*,#6779,.T.);
#4673=ORIENTED_EDGE('',*,*,#5803,.T.);
#4674=ORIENTED_EDGE('',*,*,#5831,.T.);
#4675=ORIENTED_EDGE('',*,*,#6504,.T.);
#4676=ORIENTED_EDGE('',*,*,#6856,.F.);
#4677=ORIENTED_EDGE('',*,*,#6780,.T.);
#4678=ORIENTED_EDGE('',*,*,#6855,.T.);
#4679=ORIENTED_EDGE('',*,*,#6503,.T.);
#4680=ORIENTED_EDGE('',*,*,#6857,.F.);
#4681=ORIENTED_EDGE('',*,*,#6781,.T.);
#4682=ORIENTED_EDGE('',*,*,#6856,.T.);
#4683=ORIENTED_EDGE('',*,*,#6502,.T.);
#4684=ORIENTED_EDGE('',*,*,#6858,.F.);
#4685=ORIENTED_EDGE('',*,*,#6782,.T.);
#4686=ORIENTED_EDGE('',*,*,#6857,.T.);
#4687=ORIENTED_EDGE('',*,*,#5856,.T.);
#4688=ORIENTED_EDGE('',*,*,#5829,.F.);
#4689=ORIENTED_EDGE('',*,*,#5801,.T.);
#4690=ORIENTED_EDGE('',*,*,#6783,.T.);
#4691=ORIENTED_EDGE('',*,*,#6858,.T.);
#4692=ORIENTED_EDGE('',*,*,#6501,.T.);
#4693=ORIENTED_EDGE('',*,*,#5855,.T.);
#4694=ORIENTED_EDGE('',*,*,#6500,.T.);
#4695=ORIENTED_EDGE('',*,*,#6859,.F.);
#4696=ORIENTED_EDGE('',*,*,#6784,.T.);
#4697=ORIENTED_EDGE('',*,*,#5799,.T.);
#4698=ORIENTED_EDGE('',*,*,#5828,.T.);
#4699=ORIENTED_EDGE('',*,*,#6499,.T.);
#4700=ORIENTED_EDGE('',*,*,#6860,.F.);
#4701=ORIENTED_EDGE('',*,*,#6785,.T.);
#4702=ORIENTED_EDGE('',*,*,#6859,.T.);
#4703=ORIENTED_EDGE('',*,*,#6498,.T.);
#4704=ORIENTED_EDGE('',*,*,#6861,.F.);
#4705=ORIENTED_EDGE('',*,*,#6786,.T.);
#4706=ORIENTED_EDGE('',*,*,#6860,.T.);
#4707=ORIENTED_EDGE('',*,*,#6497,.T.);
#4708=ORIENTED_EDGE('',*,*,#6862,.F.);
#4709=ORIENTED_EDGE('',*,*,#6787,.T.);
#4710=ORIENTED_EDGE('',*,*,#6861,.T.);
#4711=ORIENTED_EDGE('',*,*,#5853,.T.);
#4712=ORIENTED_EDGE('',*,*,#5826,.F.);
#4713=ORIENTED_EDGE('',*,*,#5797,.T.);
#4714=ORIENTED_EDGE('',*,*,#6788,.T.);
#4715=ORIENTED_EDGE('',*,*,#6862,.T.);
#4716=ORIENTED_EDGE('',*,*,#6496,.T.);
#4717=ORIENTED_EDGE('',*,*,#5852,.T.);
#4718=ORIENTED_EDGE('',*,*,#6495,.T.);
#4719=ORIENTED_EDGE('',*,*,#6863,.F.);
#4720=ORIENTED_EDGE('',*,*,#6789,.T.);
#4721=ORIENTED_EDGE('',*,*,#5795,.T.);
#4722=ORIENTED_EDGE('',*,*,#5825,.T.);
#4723=ORIENTED_EDGE('',*,*,#6494,.T.);
#4724=ORIENTED_EDGE('',*,*,#6864,.F.);
#4725=ORIENTED_EDGE('',*,*,#6790,.T.);
#4726=ORIENTED_EDGE('',*,*,#6863,.T.);
#4727=ORIENTED_EDGE('',*,*,#6493,.T.);
#4728=ORIENTED_EDGE('',*,*,#6865,.F.);
#4729=ORIENTED_EDGE('',*,*,#6791,.T.);
#4730=ORIENTED_EDGE('',*,*,#6864,.T.);
#4731=ORIENTED_EDGE('',*,*,#6492,.T.);
#4732=ORIENTED_EDGE('',*,*,#6866,.F.);
#4733=ORIENTED_EDGE('',*,*,#6792,.T.);
#4734=ORIENTED_EDGE('',*,*,#6865,.T.);
#4735=ORIENTED_EDGE('',*,*,#5850,.T.);
#4736=ORIENTED_EDGE('',*,*,#5823,.F.);
#4737=ORIENTED_EDGE('',*,*,#5793,.T.);
#4738=ORIENTED_EDGE('',*,*,#6793,.T.);
#4739=ORIENTED_EDGE('',*,*,#6866,.T.);
#4740=ORIENTED_EDGE('',*,*,#6491,.T.);
#4741=ORIENTED_EDGE('',*,*,#5849,.T.);
#4742=ORIENTED_EDGE('',*,*,#6490,.T.);
#4743=ORIENTED_EDGE('',*,*,#6867,.F.);
#4744=ORIENTED_EDGE('',*,*,#6794,.T.);
#4745=ORIENTED_EDGE('',*,*,#5791,.T.);
#4746=ORIENTED_EDGE('',*,*,#5822,.T.);
#4747=ORIENTED_EDGE('',*,*,#6489,.T.);
#4748=ORIENTED_EDGE('',*,*,#6868,.F.);
#4749=ORIENTED_EDGE('',*,*,#6795,.T.);
#4750=ORIENTED_EDGE('',*,*,#6867,.T.);
#4751=ORIENTED_EDGE('',*,*,#6488,.T.);
#4752=ORIENTED_EDGE('',*,*,#6869,.F.);
#4753=ORIENTED_EDGE('',*,*,#6796,.T.);
#4754=ORIENTED_EDGE('',*,*,#6868,.T.);
#4755=ORIENTED_EDGE('',*,*,#6487,.T.);
#4756=ORIENTED_EDGE('',*,*,#6870,.F.);
#4757=ORIENTED_EDGE('',*,*,#6797,.T.);
#4758=ORIENTED_EDGE('',*,*,#6869,.T.);
#4759=ORIENTED_EDGE('',*,*,#5847,.T.);
#4760=ORIENTED_EDGE('',*,*,#5820,.F.);
#4761=ORIENTED_EDGE('',*,*,#5789,.T.);
#4762=ORIENTED_EDGE('',*,*,#6798,.T.);
#4763=ORIENTED_EDGE('',*,*,#6870,.T.);
#4764=ORIENTED_EDGE('',*,*,#6486,.T.);
#4765=ORIENTED_EDGE('',*,*,#5846,.T.);
#4766=ORIENTED_EDGE('',*,*,#6485,.T.);
#4767=ORIENTED_EDGE('',*,*,#6871,.F.);
#4768=ORIENTED_EDGE('',*,*,#6799,.T.);
#4769=ORIENTED_EDGE('',*,*,#5787,.T.);
#4770=ORIENTED_EDGE('',*,*,#5819,.T.);
#4771=ORIENTED_EDGE('',*,*,#6484,.T.);
#4772=ORIENTED_EDGE('',*,*,#6872,.F.);
#4773=ORIENTED_EDGE('',*,*,#6800,.T.);
#4774=ORIENTED_EDGE('',*,*,#6871,.T.);
#4775=ORIENTED_EDGE('',*,*,#6483,.T.);
#4776=ORIENTED_EDGE('',*,*,#6873,.F.);
#4777=ORIENTED_EDGE('',*,*,#6801,.T.);
#4778=ORIENTED_EDGE('',*,*,#6872,.T.);
#4779=ORIENTED_EDGE('',*,*,#6482,.T.);
#4780=ORIENTED_EDGE('',*,*,#6874,.F.);
#4781=ORIENTED_EDGE('',*,*,#6802,.T.);
#4782=ORIENTED_EDGE('',*,*,#6873,.T.);
#4783=ORIENTED_EDGE('',*,*,#5844,.T.);
#4784=ORIENTED_EDGE('',*,*,#5817,.F.);
#4785=ORIENTED_EDGE('',*,*,#5785,.T.);
#4786=ORIENTED_EDGE('',*,*,#6803,.T.);
#4787=ORIENTED_EDGE('',*,*,#6874,.T.);
#4788=ORIENTED_EDGE('',*,*,#6481,.T.);
#4789=ORIENTED_EDGE('',*,*,#5843,.T.);
#4790=ORIENTED_EDGE('',*,*,#6480,.T.);
#4791=ORIENTED_EDGE('',*,*,#6875,.F.);
#4792=ORIENTED_EDGE('',*,*,#6804,.T.);
#4793=ORIENTED_EDGE('',*,*,#5783,.T.);
#4794=ORIENTED_EDGE('',*,*,#5816,.T.);
#4795=ORIENTED_EDGE('',*,*,#6479,.T.);
#4796=ORIENTED_EDGE('',*,*,#6876,.F.);
#4797=ORIENTED_EDGE('',*,*,#6805,.T.);
#4798=ORIENTED_EDGE('',*,*,#6875,.T.);
#4799=ORIENTED_EDGE('',*,*,#6478,.T.);
#4800=ORIENTED_EDGE('',*,*,#6877,.F.);
#4801=ORIENTED_EDGE('',*,*,#6806,.T.);
#4802=ORIENTED_EDGE('',*,*,#6876,.T.);
#4803=ORIENTED_EDGE('',*,*,#6477,.T.);
#4804=ORIENTED_EDGE('',*,*,#6878,.F.);
#4805=ORIENTED_EDGE('',*,*,#6807,.T.);
#4806=ORIENTED_EDGE('',*,*,#6877,.T.);
#4807=ORIENTED_EDGE('',*,*,#5841,.T.);
#4808=ORIENTED_EDGE('',*,*,#5814,.F.);
#4809=ORIENTED_EDGE('',*,*,#5781,.T.);
#4810=ORIENTED_EDGE('',*,*,#6808,.T.);
#4811=ORIENTED_EDGE('',*,*,#6878,.T.);
#4812=ORIENTED_EDGE('',*,*,#6476,.T.);
#4813=ORIENTED_EDGE('',*,*,#5840,.T.);
#4814=ORIENTED_EDGE('',*,*,#6475,.T.);
#4815=ORIENTED_EDGE('',*,*,#6879,.F.);
#4816=ORIENTED_EDGE('',*,*,#6809,.T.);
#4817=ORIENTED_EDGE('',*,*,#5779,.T.);
#4818=ORIENTED_EDGE('',*,*,#5813,.T.);
#4819=ORIENTED_EDGE('',*,*,#6474,.T.);
#4820=ORIENTED_EDGE('',*,*,#6880,.F.);
#4821=ORIENTED_EDGE('',*,*,#6810,.T.);
#4822=ORIENTED_EDGE('',*,*,#6879,.T.);
#4823=ORIENTED_EDGE('',*,*,#6473,.T.);
#4824=ORIENTED_EDGE('',*,*,#6881,.F.);
#4825=ORIENTED_EDGE('',*,*,#6811,.T.);
#4826=ORIENTED_EDGE('',*,*,#6880,.T.);
#4827=ORIENTED_EDGE('',*,*,#6472,.T.);
#4828=ORIENTED_EDGE('',*,*,#6882,.F.);
#4829=ORIENTED_EDGE('',*,*,#6812,.T.);
#4830=ORIENTED_EDGE('',*,*,#6881,.T.);
#4831=ORIENTED_EDGE('',*,*,#5838,.T.);
#4832=ORIENTED_EDGE('',*,*,#5811,.F.);
#4833=ORIENTED_EDGE('',*,*,#5777,.T.);
#4834=ORIENTED_EDGE('',*,*,#6813,.T.);
#4835=ORIENTED_EDGE('',*,*,#6882,.T.);
#4836=ORIENTED_EDGE('',*,*,#6471,.T.);
#4837=ORIENTED_EDGE('',*,*,#5837,.T.);
#4838=ORIENTED_EDGE('',*,*,#6470,.T.);
#4839=ORIENTED_EDGE('',*,*,#6883,.F.);
#4840=ORIENTED_EDGE('',*,*,#6814,.T.);
#4841=ORIENTED_EDGE('',*,*,#5775,.T.);
#4842=ORIENTED_EDGE('',*,*,#5810,.T.);
#4843=ORIENTED_EDGE('',*,*,#6469,.T.);
#4844=ORIENTED_EDGE('',*,*,#6884,.F.);
#4845=ORIENTED_EDGE('',*,*,#6815,.T.);
#4846=ORIENTED_EDGE('',*,*,#6883,.T.);
#4847=ORIENTED_EDGE('',*,*,#6468,.T.);
#4848=ORIENTED_EDGE('',*,*,#6885,.F.);
#4849=ORIENTED_EDGE('',*,*,#6816,.T.);
#4850=ORIENTED_EDGE('',*,*,#6884,.T.);
#4851=ORIENTED_EDGE('',*,*,#6467,.T.);
#4852=ORIENTED_EDGE('',*,*,#6886,.F.);
#4853=ORIENTED_EDGE('',*,*,#6817,.T.);
#4854=ORIENTED_EDGE('',*,*,#6885,.T.);
#4855=ORIENTED_EDGE('',*,*,#5835,.T.);
#4856=ORIENTED_EDGE('',*,*,#5808,.F.);
#4857=ORIENTED_EDGE('',*,*,#5773,.T.);
#4858=ORIENTED_EDGE('',*,*,#6818,.T.);
#4859=ORIENTED_EDGE('',*,*,#6886,.T.);
#4860=ORIENTED_EDGE('',*,*,#6466,.T.);
#4861=ORIENTED_EDGE('',*,*,#6740,.T.);
#4862=ORIENTED_EDGE('',*,*,#6887,.F.);
#4863=ORIENTED_EDGE('',*,*,#6821,.T.);
#4864=ORIENTED_EDGE('',*,*,#6768,.T.);
#4865=ORIENTED_EDGE('',*,*,#6765,.T.);
#4866=ORIENTED_EDGE('',*,*,#6762,.F.);
#4867=ORIENTED_EDGE('',*,*,#6759,.T.);
#4868=ORIENTED_EDGE('',*,*,#6756,.T.);
#4869=ORIENTED_EDGE('',*,*,#6753,.T.);
#4870=ORIENTED_EDGE('',*,*,#6750,.T.);
#4871=ORIENTED_EDGE('',*,*,#6747,.T.);
#4872=ORIENTED_EDGE('',*,*,#6744,.F.);
#4873=ORIENTED_EDGE('',*,*,#6739,.T.);
#4874=ORIENTED_EDGE('',*,*,#6888,.F.);
#4875=ORIENTED_EDGE('',*,*,#6822,.T.);
#4876=ORIENTED_EDGE('',*,*,#6887,.T.);
#4877=ORIENTED_EDGE('',*,*,#6738,.T.);
#4878=ORIENTED_EDGE('',*,*,#6238,.F.);
#4879=ORIENTED_EDGE('',*,*,#6265,.T.);
#4880=ORIENTED_EDGE('',*,*,#6292,.T.);
#4881=ORIENTED_EDGE('',*,*,#6319,.T.);
#4882=ORIENTED_EDGE('',*,*,#6346,.T.);
#4883=ORIENTED_EDGE('',*,*,#6373,.T.);
#4884=ORIENTED_EDGE('',*,*,#6400,.F.);
#4885=ORIENTED_EDGE('',*,*,#6427,.T.);
#4886=ORIENTED_EDGE('',*,*,#6454,.T.);
#4887=ORIENTED_EDGE('',*,*,#6823,.T.);
#4888=ORIENTED_EDGE('',*,*,#6888,.T.);
#4889=ORIENTED_EDGE('',*,*,#6737,.T.);
#4890=ORIENTED_EDGE('',*,*,#6889,.F.);
#4891=ORIENTED_EDGE('',*,*,#6824,.T.);
#4892=ORIENTED_EDGE('',*,*,#6452,.T.);
#4893=ORIENTED_EDGE('',*,*,#6425,.T.);
#4894=ORIENTED_EDGE('',*,*,#6398,.F.);
#4895=ORIENTED_EDGE('',*,*,#6371,.T.);
#4896=ORIENTED_EDGE('',*,*,#6344,.T.);
#4897=ORIENTED_EDGE('',*,*,#6317,.T.);
#4898=ORIENTED_EDGE('',*,*,#6290,.T.);
#4899=ORIENTED_EDGE('',*,*,#6263,.T.);
#4900=ORIENTED_EDGE('',*,*,#6236,.F.);
#4901=ORIENTED_EDGE('',*,*,#6736,.T.);
#4902=ORIENTED_EDGE('',*,*,#6890,.F.);
#4903=ORIENTED_EDGE('',*,*,#6825,.T.);
#4904=ORIENTED_EDGE('',*,*,#6889,.T.);
#4905=ORIENTED_EDGE('',*,*,#6735,.T.);
#4906=ORIENTED_EDGE('',*,*,#6234,.F.);
#4907=ORIENTED_EDGE('',*,*,#6262,.T.);
#4908=ORIENTED_EDGE('',*,*,#6289,.T.);
#4909=ORIENTED_EDGE('',*,*,#6316,.T.);
#4910=ORIENTED_EDGE('',*,*,#6343,.T.);
#4911=ORIENTED_EDGE('',*,*,#6370,.T.);
#4912=ORIENTED_EDGE('',*,*,#6397,.F.);
#4913=ORIENTED_EDGE('',*,*,#6424,.T.);
#4914=ORIENTED_EDGE('',*,*,#6451,.T.);
#4915=ORIENTED_EDGE('',*,*,#6826,.T.);
#4916=ORIENTED_EDGE('',*,*,#6890,.T.);
#4917=ORIENTED_EDGE('',*,*,#6734,.T.);
#4918=ORIENTED_EDGE('',*,*,#6891,.F.);
#4919=ORIENTED_EDGE('',*,*,#6827,.T.);
#4920=ORIENTED_EDGE('',*,*,#6449,.T.);
#4921=ORIENTED_EDGE('',*,*,#6422,.T.);
#4922=ORIENTED_EDGE('',*,*,#6395,.F.);
#4923=ORIENTED_EDGE('',*,*,#6368,.T.);
#4924=ORIENTED_EDGE('',*,*,#6341,.T.);
#4925=ORIENTED_EDGE('',*,*,#6314,.T.);
#4926=ORIENTED_EDGE('',*,*,#6287,.T.);
#4927=ORIENTED_EDGE('',*,*,#6260,.T.);
#4928=ORIENTED_EDGE('',*,*,#6232,.F.);
#4929=ORIENTED_EDGE('',*,*,#6733,.T.);
#4930=ORIENTED_EDGE('',*,*,#6892,.F.);
#4931=ORIENTED_EDGE('',*,*,#6828,.T.);
#4932=ORIENTED_EDGE('',*,*,#6891,.T.);
#4933=ORIENTED_EDGE('',*,*,#6732,.T.);
#4934=ORIENTED_EDGE('',*,*,#6230,.F.);
#4935=ORIENTED_EDGE('',*,*,#6259,.T.);
#4936=ORIENTED_EDGE('',*,*,#6286,.T.);
#4937=ORIENTED_EDGE('',*,*,#6313,.T.);
#4938=ORIENTED_EDGE('',*,*,#6340,.T.);
#4939=ORIENTED_EDGE('',*,*,#6367,.T.);
#4940=ORIENTED_EDGE('',*,*,#6394,.F.);
#4941=ORIENTED_EDGE('',*,*,#6421,.T.);
#4942=ORIENTED_EDGE('',*,*,#6448,.T.);
#4943=ORIENTED_EDGE('',*,*,#6829,.T.);
#4944=ORIENTED_EDGE('',*,*,#6892,.T.);
#4945=ORIENTED_EDGE('',*,*,#6731,.T.);
#4946=ORIENTED_EDGE('',*,*,#6893,.F.);
#4947=ORIENTED_EDGE('',*,*,#6830,.T.);
#4948=ORIENTED_EDGE('',*,*,#6446,.T.);
#4949=ORIENTED_EDGE('',*,*,#6419,.T.);
#4950=ORIENTED_EDGE('',*,*,#6392,.F.);
#4951=ORIENTED_EDGE('',*,*,#6365,.T.);
#4952=ORIENTED_EDGE('',*,*,#6338,.T.);
#4953=ORIENTED_EDGE('',*,*,#6311,.T.);
#4954=ORIENTED_EDGE('',*,*,#6284,.T.);
#4955=ORIENTED_EDGE('',*,*,#6257,.T.);
#4956=ORIENTED_EDGE('',*,*,#6228,.F.);
#4957=ORIENTED_EDGE('',*,*,#6730,.T.);
#4958=ORIENTED_EDGE('',*,*,#6894,.F.);
#4959=ORIENTED_EDGE('',*,*,#6831,.T.);
#4960=ORIENTED_EDGE('',*,*,#6893,.T.);
#4961=ORIENTED_EDGE('',*,*,#6729,.T.);
#4962=ORIENTED_EDGE('',*,*,#6226,.F.);
#4963=ORIENTED_EDGE('',*,*,#6256,.T.);
#4964=ORIENTED_EDGE('',*,*,#6283,.T.);
#4965=ORIENTED_EDGE('',*,*,#6310,.T.);
#4966=ORIENTED_EDGE('',*,*,#6337,.T.);
#4967=ORIENTED_EDGE('',*,*,#6364,.T.);
#4968=ORIENTED_EDGE('',*,*,#6391,.F.);
#4969=ORIENTED_EDGE('',*,*,#6418,.T.);
#4970=ORIENTED_EDGE('',*,*,#6445,.T.);
#4971=ORIENTED_EDGE('',*,*,#6832,.T.);
#4972=ORIENTED_EDGE('',*,*,#6894,.T.);
#4973=ORIENTED_EDGE('',*,*,#6728,.T.);
#4974=ORIENTED_EDGE('',*,*,#6895,.F.);
#4975=ORIENTED_EDGE('',*,*,#6833,.T.);
#4976=ORIENTED_EDGE('',*,*,#6443,.T.);
#4977=ORIENTED_EDGE('',*,*,#6416,.T.);
#4978=ORIENTED_EDGE('',*,*,#6389,.F.);
#4979=ORIENTED_EDGE('',*,*,#6362,.T.);
#4980=ORIENTED_EDGE('',*,*,#6335,.T.);
#4981=ORIENTED_EDGE('',*,*,#6308,.T.);
#4982=ORIENTED_EDGE('',*,*,#6281,.T.);
#4983=ORIENTED_EDGE('',*,*,#6254,.T.);
#4984=ORIENTED_EDGE('',*,*,#6224,.F.);
#4985=ORIENTED_EDGE('',*,*,#6727,.T.);
#4986=ORIENTED_EDGE('',*,*,#6896,.F.);
#4987=ORIENTED_EDGE('',*,*,#6834,.T.);
#4988=ORIENTED_EDGE('',*,*,#6895,.T.);
#4989=ORIENTED_EDGE('',*,*,#6726,.T.);
#4990=ORIENTED_EDGE('',*,*,#6222,.F.);
#4991=ORIENTED_EDGE('',*,*,#6253,.T.);
#4992=ORIENTED_EDGE('',*,*,#6280,.T.);
#4993=ORIENTED_EDGE('',*,*,#6307,.T.);
#4994=ORIENTED_EDGE('',*,*,#6334,.T.);
#4995=ORIENTED_EDGE('',*,*,#6361,.T.);
#4996=ORIENTED_EDGE('',*,*,#6388,.F.);
#4997=ORIENTED_EDGE('',*,*,#6415,.T.);
#4998=ORIENTED_EDGE('',*,*,#6442,.T.);
#4999=ORIENTED_EDGE('',*,*,#6835,.T.);
#5000=ORIENTED_EDGE('',*,*,#6896,.T.);
#5001=ORIENTED_EDGE('',*,*,#6725,.T.);
#5002=ORIENTED_EDGE('',*,*,#6897,.F.);
#5003=ORIENTED_EDGE('',*,*,#6836,.T.);
#5004=ORIENTED_EDGE('',*,*,#6440,.T.);
#5005=ORIENTED_EDGE('',*,*,#6413,.T.);
#5006=ORIENTED_EDGE('',*,*,#6386,.F.);
#5007=ORIENTED_EDGE('',*,*,#6359,.T.);
#5008=ORIENTED_EDGE('',*,*,#6332,.T.);
#5009=ORIENTED_EDGE('',*,*,#6305,.T.);
#5010=ORIENTED_EDGE('',*,*,#6278,.T.);
#5011=ORIENTED_EDGE('',*,*,#6251,.T.);
#5012=ORIENTED_EDGE('',*,*,#6220,.F.);
#5013=ORIENTED_EDGE('',*,*,#6724,.T.);
#5014=ORIENTED_EDGE('',*,*,#6898,.F.);
#5015=ORIENTED_EDGE('',*,*,#6837,.T.);
#5016=ORIENTED_EDGE('',*,*,#6897,.T.);
#5017=ORIENTED_EDGE('',*,*,#6723,.T.);
#5018=ORIENTED_EDGE('',*,*,#6218,.F.);
#5019=ORIENTED_EDGE('',*,*,#6250,.T.);
#5020=ORIENTED_EDGE('',*,*,#6277,.T.);
#5021=ORIENTED_EDGE('',*,*,#6304,.T.);
#5022=ORIENTED_EDGE('',*,*,#6331,.T.);
#5023=ORIENTED_EDGE('',*,*,#6358,.T.);
#5024=ORIENTED_EDGE('',*,*,#6385,.F.);
#5025=ORIENTED_EDGE('',*,*,#6412,.T.);
#5026=ORIENTED_EDGE('',*,*,#6439,.T.);
#5027=ORIENTED_EDGE('',*,*,#6838,.T.);
#5028=ORIENTED_EDGE('',*,*,#6898,.T.);
#5029=ORIENTED_EDGE('',*,*,#6722,.T.);
#5030=ORIENTED_EDGE('',*,*,#6899,.F.);
#5031=ORIENTED_EDGE('',*,*,#6839,.T.);
#5032=ORIENTED_EDGE('',*,*,#6437,.T.);
#5033=ORIENTED_EDGE('',*,*,#6410,.T.);
#5034=ORIENTED_EDGE('',*,*,#6383,.F.);
#5035=ORIENTED_EDGE('',*,*,#6356,.T.);
#5036=ORIENTED_EDGE('',*,*,#6329,.T.);
#5037=ORIENTED_EDGE('',*,*,#6302,.T.);
#5038=ORIENTED_EDGE('',*,*,#6275,.T.);
#5039=ORIENTED_EDGE('',*,*,#6248,.T.);
#5040=ORIENTED_EDGE('',*,*,#6216,.F.);
#5041=ORIENTED_EDGE('',*,*,#6721,.T.);
#5042=ORIENTED_EDGE('',*,*,#6900,.F.);
#5043=ORIENTED_EDGE('',*,*,#6840,.T.);
#5044=ORIENTED_EDGE('',*,*,#6899,.T.);
#5045=ORIENTED_EDGE('',*,*,#6720,.T.);
#5046=ORIENTED_EDGE('',*,*,#6214,.F.);
#5047=ORIENTED_EDGE('',*,*,#6247,.T.);
#5048=ORIENTED_EDGE('',*,*,#6274,.T.);
#5049=ORIENTED_EDGE('',*,*,#6301,.T.);
#5050=ORIENTED_EDGE('',*,*,#6328,.T.);
#5051=ORIENTED_EDGE('',*,*,#6355,.T.);
#5052=ORIENTED_EDGE('',*,*,#6382,.F.);
#5053=ORIENTED_EDGE('',*,*,#6409,.T.);
#5054=ORIENTED_EDGE('',*,*,#6436,.T.);
#5055=ORIENTED_EDGE('',*,*,#6841,.T.);
#5056=ORIENTED_EDGE('',*,*,#6900,.T.);
#5057=ORIENTED_EDGE('',*,*,#6719,.T.);
#5058=ORIENTED_EDGE('',*,*,#6901,.F.);
#5059=ORIENTED_EDGE('',*,*,#6842,.T.);
#5060=ORIENTED_EDGE('',*,*,#6434,.T.);
#5061=ORIENTED_EDGE('',*,*,#6407,.T.);
#5062=ORIENTED_EDGE('',*,*,#6380,.F.);
#5063=ORIENTED_EDGE('',*,*,#6353,.T.);
#5064=ORIENTED_EDGE('',*,*,#6326,.T.);
#5065=ORIENTED_EDGE('',*,*,#6299,.T.);
#5066=ORIENTED_EDGE('',*,*,#6272,.T.);
#5067=ORIENTED_EDGE('',*,*,#6245,.T.);
#5068=ORIENTED_EDGE('',*,*,#6212,.F.);
#5069=ORIENTED_EDGE('',*,*,#6718,.T.);
#5070=ORIENTED_EDGE('',*,*,#6902,.F.);
#5071=ORIENTED_EDGE('',*,*,#6843,.T.);
#5072=ORIENTED_EDGE('',*,*,#6901,.T.);
#5073=ORIENTED_EDGE('',*,*,#6717,.T.);
#5074=ORIENTED_EDGE('',*,*,#6210,.F.);
#5075=ORIENTED_EDGE('',*,*,#6244,.T.);
#5076=ORIENTED_EDGE('',*,*,#6271,.T.);
#5077=ORIENTED_EDGE('',*,*,#6298,.T.);
#5078=ORIENTED_EDGE('',*,*,#6325,.T.);
#5079=ORIENTED_EDGE('',*,*,#6352,.T.);
#5080=ORIENTED_EDGE('',*,*,#6379,.F.);
#5081=ORIENTED_EDGE('',*,*,#6406,.T.);
#5082=ORIENTED_EDGE('',*,*,#6433,.T.);
#5083=ORIENTED_EDGE('',*,*,#6844,.T.);
#5084=ORIENTED_EDGE('',*,*,#6902,.T.);
#5085=ORIENTED_EDGE('',*,*,#6716,.T.);
#5086=ORIENTED_EDGE('',*,*,#6903,.F.);
#5087=ORIENTED_EDGE('',*,*,#6845,.T.);
#5088=ORIENTED_EDGE('',*,*,#6431,.T.);
#5089=ORIENTED_EDGE('',*,*,#6404,.T.);
#5090=ORIENTED_EDGE('',*,*,#6377,.F.);
#5091=ORIENTED_EDGE('',*,*,#6350,.T.);
#5092=ORIENTED_EDGE('',*,*,#6323,.T.);
#5093=ORIENTED_EDGE('',*,*,#6296,.T.);
#5094=ORIENTED_EDGE('',*,*,#6269,.T.);
#5095=ORIENTED_EDGE('',*,*,#6242,.T.);
#5096=ORIENTED_EDGE('',*,*,#6208,.F.);
#5097=ORIENTED_EDGE('',*,*,#6715,.T.);
#5098=ORIENTED_EDGE('',*,*,#6904,.F.);
#5099=ORIENTED_EDGE('',*,*,#6846,.T.);
#5100=ORIENTED_EDGE('',*,*,#6903,.T.);
#5101=ORIENTED_EDGE('',*,*,#6714,.T.);
#5102=ORIENTED_EDGE('',*,*,#6204,.F.);
#5103=ORIENTED_EDGE('',*,*,#6239,.T.);
#5104=ORIENTED_EDGE('',*,*,#6266,.T.);
#5105=ORIENTED_EDGE('',*,*,#6293,.T.);
#5106=ORIENTED_EDGE('',*,*,#6320,.T.);
#5107=ORIENTED_EDGE('',*,*,#6347,.T.);
#5108=ORIENTED_EDGE('',*,*,#6375,.F.);
#5109=ORIENTED_EDGE('',*,*,#6401,.T.);
#5110=ORIENTED_EDGE('',*,*,#6428,.T.);
#5111=ORIENTED_EDGE('',*,*,#6771,.T.);
#5112=ORIENTED_EDGE('',*,*,#6904,.T.);
#5113=ORIENTED_EDGE('',*,*,#6603,.T.);
#5114=ORIENTED_EDGE('',*,*,#6905,.F.);
#5115=ORIENTED_EDGE('',*,*,#6685,.T.);
#5116=ORIENTED_EDGE('',*,*,#6678,.T.);
#5117=ORIENTED_EDGE('',*,*,#6675,.T.);
#5118=ORIENTED_EDGE('',*,*,#6672,.F.);
#5119=ORIENTED_EDGE('',*,*,#6669,.T.);
#5120=ORIENTED_EDGE('',*,*,#6666,.T.);
#5121=ORIENTED_EDGE('',*,*,#6663,.T.);
#5122=ORIENTED_EDGE('',*,*,#6660,.T.);
#5123=ORIENTED_EDGE('',*,*,#6657,.T.);
#5124=ORIENTED_EDGE('',*,*,#6654,.F.);
#5125=ORIENTED_EDGE('',*,*,#6602,.T.);
#5126=ORIENTED_EDGE('',*,*,#6906,.F.);
#5127=ORIENTED_EDGE('',*,*,#6686,.T.);
#5128=ORIENTED_EDGE('',*,*,#6905,.T.);
#5129=ORIENTED_EDGE('',*,*,#6601,.T.);
#5130=ORIENTED_EDGE('',*,*,#5986,.F.);
#5131=ORIENTED_EDGE('',*,*,#6013,.T.);
#5132=ORIENTED_EDGE('',*,*,#6040,.T.);
#5133=ORIENTED_EDGE('',*,*,#6067,.T.);
#5134=ORIENTED_EDGE('',*,*,#6094,.T.);
#5135=ORIENTED_EDGE('',*,*,#6121,.T.);
#5136=ORIENTED_EDGE('',*,*,#6148,.F.);
#5137=ORIENTED_EDGE('',*,*,#6175,.T.);
#5138=ORIENTED_EDGE('',*,*,#6202,.T.);
#5139=ORIENTED_EDGE('',*,*,#6687,.T.);
#5140=ORIENTED_EDGE('',*,*,#6906,.T.);
#5141=ORIENTED_EDGE('',*,*,#6600,.T.);
#5142=ORIENTED_EDGE('',*,*,#6907,.F.);
#5143=ORIENTED_EDGE('',*,*,#6688,.T.);
#5144=ORIENTED_EDGE('',*,*,#6200,.T.);
#5145=ORIENTED_EDGE('',*,*,#6173,.T.);
#5146=ORIENTED_EDGE('',*,*,#6146,.F.);
#5147=ORIENTED_EDGE('',*,*,#6119,.T.);
#5148=ORIENTED_EDGE('',*,*,#6092,.T.);
#5149=ORIENTED_EDGE('',*,*,#6065,.T.);
#5150=ORIENTED_EDGE('',*,*,#6038,.T.);
#5151=ORIENTED_EDGE('',*,*,#6011,.T.);
#5152=ORIENTED_EDGE('',*,*,#5984,.F.);
#5153=ORIENTED_EDGE('',*,*,#6599,.T.);
#5154=ORIENTED_EDGE('',*,*,#6908,.F.);
#5155=ORIENTED_EDGE('',*,*,#6689,.T.);
#5156=ORIENTED_EDGE('',*,*,#6907,.T.);
#5157=ORIENTED_EDGE('',*,*,#6598,.T.);
#5158=ORIENTED_EDGE('',*,*,#5982,.F.);
#5159=ORIENTED_EDGE('',*,*,#6010,.T.);
#5160=ORIENTED_EDGE('',*,*,#6037,.T.);
#5161=ORIENTED_EDGE('',*,*,#6064,.T.);
#5162=ORIENTED_EDGE('',*,*,#6091,.T.);
#5163=ORIENTED_EDGE('',*,*,#6118,.T.);
#5164=ORIENTED_EDGE('',*,*,#6145,.F.);
#5165=ORIENTED_EDGE('',*,*,#6172,.T.);
#5166=ORIENTED_EDGE('',*,*,#6199,.T.);
#5167=ORIENTED_EDGE('',*,*,#6690,.T.);
#5168=ORIENTED_EDGE('',*,*,#6908,.T.);
#5169=ORIENTED_EDGE('',*,*,#6597,.T.);
#5170=ORIENTED_EDGE('',*,*,#6909,.F.);
#5171=ORIENTED_EDGE('',*,*,#6691,.T.);
#5172=ORIENTED_EDGE('',*,*,#6197,.T.);
#5173=ORIENTED_EDGE('',*,*,#6170,.T.);
#5174=ORIENTED_EDGE('',*,*,#6143,.F.);
#5175=ORIENTED_EDGE('',*,*,#6116,.T.);
#5176=ORIENTED_EDGE('',*,*,#6089,.T.);
#5177=ORIENTED_EDGE('',*,*,#6062,.T.);
#5178=ORIENTED_EDGE('',*,*,#6035,.T.);
#5179=ORIENTED_EDGE('',*,*,#6008,.T.);
#5180=ORIENTED_EDGE('',*,*,#5980,.F.);
#5181=ORIENTED_EDGE('',*,*,#6596,.T.);
#5182=ORIENTED_EDGE('',*,*,#6910,.F.);
#5183=ORIENTED_EDGE('',*,*,#6692,.T.);
#5184=ORIENTED_EDGE('',*,*,#6909,.T.);
#5185=ORIENTED_EDGE('',*,*,#6595,.T.);
#5186=ORIENTED_EDGE('',*,*,#5978,.F.);
#5187=ORIENTED_EDGE('',*,*,#6007,.T.);
#5188=ORIENTED_EDGE('',*,*,#6034,.T.);
#5189=ORIENTED_EDGE('',*,*,#6061,.T.);
#5190=ORIENTED_EDGE('',*,*,#6088,.T.);
#5191=ORIENTED_EDGE('',*,*,#6115,.T.);
#5192=ORIENTED_EDGE('',*,*,#6142,.F.);
#5193=ORIENTED_EDGE('',*,*,#6169,.T.);
#5194=ORIENTED_EDGE('',*,*,#6196,.T.);
#5195=ORIENTED_EDGE('',*,*,#6693,.T.);
#5196=ORIENTED_EDGE('',*,*,#6910,.T.);
#5197=ORIENTED_EDGE('',*,*,#6594,.T.);
#5198=ORIENTED_EDGE('',*,*,#6911,.F.);
#5199=ORIENTED_EDGE('',*,*,#6694,.T.);
#5200=ORIENTED_EDGE('',*,*,#6194,.T.);
#5201=ORIENTED_EDGE('',*,*,#6167,.T.);
#5202=ORIENTED_EDGE('',*,*,#6140,.F.);
#5203=ORIENTED_EDGE('',*,*,#6113,.T.);
#5204=ORIENTED_EDGE('',*,*,#6086,.T.);
#5205=ORIENTED_EDGE('',*,*,#6059,.T.);
#5206=ORIENTED_EDGE('',*,*,#6032,.T.);
#5207=ORIENTED_EDGE('',*,*,#6005,.T.);
#5208=ORIENTED_EDGE('',*,*,#5976,.F.);
#5209=ORIENTED_EDGE('',*,*,#6593,.T.);
#5210=ORIENTED_EDGE('',*,*,#6912,.F.);
#5211=ORIENTED_EDGE('',*,*,#6695,.T.);
#5212=ORIENTED_EDGE('',*,*,#6911,.T.);
#5213=ORIENTED_EDGE('',*,*,#6592,.T.);
#5214=ORIENTED_EDGE('',*,*,#5974,.F.);
#5215=ORIENTED_EDGE('',*,*,#6004,.T.);
#5216=ORIENTED_EDGE('',*,*,#6031,.T.);
#5217=ORIENTED_EDGE('',*,*,#6058,.T.);
#5218=ORIENTED_EDGE('',*,*,#6085,.T.);
#5219=ORIENTED_EDGE('',*,*,#6112,.T.);
#5220=ORIENTED_EDGE('',*,*,#6139,.F.);
#5221=ORIENTED_EDGE('',*,*,#6166,.T.);
#5222=ORIENTED_EDGE('',*,*,#6193,.T.);
#5223=ORIENTED_EDGE('',*,*,#6696,.T.);
#5224=ORIENTED_EDGE('',*,*,#6912,.T.);
#5225=ORIENTED_EDGE('',*,*,#6591,.T.);
#5226=ORIENTED_EDGE('',*,*,#6913,.F.);
#5227=ORIENTED_EDGE('',*,*,#6697,.T.);
#5228=ORIENTED_EDGE('',*,*,#6191,.T.);
#5229=ORIENTED_EDGE('',*,*,#6164,.T.);
#5230=ORIENTED_EDGE('',*,*,#6137,.F.);
#5231=ORIENTED_EDGE('',*,*,#6110,.T.);
#5232=ORIENTED_EDGE('',*,*,#6083,.T.);
#5233=ORIENTED_EDGE('',*,*,#6056,.T.);
#5234=ORIENTED_EDGE('',*,*,#6029,.T.);
#5235=ORIENTED_EDGE('',*,*,#6002,.T.);
#5236=ORIENTED_EDGE('',*,*,#5972,.F.);
#5237=ORIENTED_EDGE('',*,*,#6590,.T.);
#5238=ORIENTED_EDGE('',*,*,#6914,.F.);
#5239=ORIENTED_EDGE('',*,*,#6698,.T.);
#5240=ORIENTED_EDGE('',*,*,#6913,.T.);
#5241=ORIENTED_EDGE('',*,*,#6589,.T.);
#5242=ORIENTED_EDGE('',*,*,#5970,.F.);
#5243=ORIENTED_EDGE('',*,*,#6001,.T.);
#5244=ORIENTED_EDGE('',*,*,#6028,.T.);
#5245=ORIENTED_EDGE('',*,*,#6055,.T.);
#5246=ORIENTED_EDGE('',*,*,#6082,.T.);
#5247=ORIENTED_EDGE('',*,*,#6109,.T.);
#5248=ORIENTED_EDGE('',*,*,#6136,.F.);
#5249=ORIENTED_EDGE('',*,*,#6163,.T.);
#5250=ORIENTED_EDGE('',*,*,#6190,.T.);
#5251=ORIENTED_EDGE('',*,*,#6699,.T.);
#5252=ORIENTED_EDGE('',*,*,#6914,.T.);
#5253=ORIENTED_EDGE('',*,*,#6588,.T.);
#5254=ORIENTED_EDGE('',*,*,#6915,.F.);
#5255=ORIENTED_EDGE('',*,*,#6700,.T.);
#5256=ORIENTED_EDGE('',*,*,#6188,.T.);
#5257=ORIENTED_EDGE('',*,*,#6161,.T.);
#5258=ORIENTED_EDGE('',*,*,#6134,.F.);
#5259=ORIENTED_EDGE('',*,*,#6107,.T.);
#5260=ORIENTED_EDGE('',*,*,#6080,.T.);
#5261=ORIENTED_EDGE('',*,*,#6053,.T.);
#5262=ORIENTED_EDGE('',*,*,#6026,.T.);
#5263=ORIENTED_EDGE('',*,*,#5999,.T.);
#5264=ORIENTED_EDGE('',*,*,#5968,.F.);
#5265=ORIENTED_EDGE('',*,*,#6587,.T.);
#5266=ORIENTED_EDGE('',*,*,#6916,.F.);
#5267=ORIENTED_EDGE('',*,*,#6701,.T.);
#5268=ORIENTED_EDGE('',*,*,#6915,.T.);
#5269=ORIENTED_EDGE('',*,*,#6586,.T.);
#5270=ORIENTED_EDGE('',*,*,#5966,.F.);
#5271=ORIENTED_EDGE('',*,*,#5998,.T.);
#5272=ORIENTED_EDGE('',*,*,#6025,.T.);
#5273=ORIENTED_EDGE('',*,*,#6052,.T.);
#5274=ORIENTED_EDGE('',*,*,#6079,.T.);
#5275=ORIENTED_EDGE('',*,*,#6106,.T.);
#5276=ORIENTED_EDGE('',*,*,#6133,.F.);
#5277=ORIENTED_EDGE('',*,*,#6160,.T.);
#5278=ORIENTED_EDGE('',*,*,#6187,.T.);
#5279=ORIENTED_EDGE('',*,*,#6702,.T.);
#5280=ORIENTED_EDGE('',*,*,#6916,.T.);
#5281=ORIENTED_EDGE('',*,*,#6585,.T.);
#5282=ORIENTED_EDGE('',*,*,#6917,.F.);
#5283=ORIENTED_EDGE('',*,*,#6703,.T.);
#5284=ORIENTED_EDGE('',*,*,#6185,.T.);
#5285=ORIENTED_EDGE('',*,*,#6158,.T.);
#5286=ORIENTED_EDGE('',*,*,#6131,.F.);
#5287=ORIENTED_EDGE('',*,*,#6104,.T.);
#5288=ORIENTED_EDGE('',*,*,#6077,.T.);
#5289=ORIENTED_EDGE('',*,*,#6050,.T.);
#5290=ORIENTED_EDGE('',*,*,#6023,.T.);
#5291=ORIENTED_EDGE('',*,*,#5996,.T.);
#5292=ORIENTED_EDGE('',*,*,#5964,.F.);
#5293=ORIENTED_EDGE('',*,*,#6584,.T.);
#5294=ORIENTED_EDGE('',*,*,#6918,.F.);
#5295=ORIENTED_EDGE('',*,*,#6704,.T.);
#5296=ORIENTED_EDGE('',*,*,#6917,.T.);
#5297=ORIENTED_EDGE('',*,*,#6583,.T.);
#5298=ORIENTED_EDGE('',*,*,#5962,.F.);
#5299=ORIENTED_EDGE('',*,*,#5995,.T.);
#5300=ORIENTED_EDGE('',*,*,#6022,.T.);
#5301=ORIENTED_EDGE('',*,*,#6049,.T.);
#5302=ORIENTED_EDGE('',*,*,#6076,.T.);
#5303=ORIENTED_EDGE('',*,*,#6103,.T.);
#5304=ORIENTED_EDGE('',*,*,#6130,.F.);
#5305=ORIENTED_EDGE('',*,*,#6157,.T.);
#5306=ORIENTED_EDGE('',*,*,#6184,.T.);
#5307=ORIENTED_EDGE('',*,*,#6705,.T.);
#5308=ORIENTED_EDGE('',*,*,#6918,.T.);
#5309=ORIENTED_EDGE('',*,*,#6582,.T.);
#5310=ORIENTED_EDGE('',*,*,#6919,.F.);
#5311=ORIENTED_EDGE('',*,*,#6706,.T.);
#5312=ORIENTED_EDGE('',*,*,#6182,.T.);
#5313=ORIENTED_EDGE('',*,*,#6155,.T.);
#5314=ORIENTED_EDGE('',*,*,#6128,.F.);
#5315=ORIENTED_EDGE('',*,*,#6101,.T.);
#5316=ORIENTED_EDGE('',*,*,#6074,.T.);
#5317=ORIENTED_EDGE('',*,*,#6047,.T.);
#5318=ORIENTED_EDGE('',*,*,#6020,.T.);
#5319=ORIENTED_EDGE('',*,*,#5993,.T.);
#5320=ORIENTED_EDGE('',*,*,#5960,.F.);
#5321=ORIENTED_EDGE('',*,*,#6581,.T.);
#5322=ORIENTED_EDGE('',*,*,#6920,.F.);
#5323=ORIENTED_EDGE('',*,*,#6707,.T.);
#5324=ORIENTED_EDGE('',*,*,#6919,.T.);
#5325=ORIENTED_EDGE('',*,*,#6580,.T.);
#5326=ORIENTED_EDGE('',*,*,#5958,.F.);
#5327=ORIENTED_EDGE('',*,*,#5992,.T.);
#5328=ORIENTED_EDGE('',*,*,#6019,.T.);
#5329=ORIENTED_EDGE('',*,*,#6046,.T.);
#5330=ORIENTED_EDGE('',*,*,#6073,.T.);
#5331=ORIENTED_EDGE('',*,*,#6100,.T.);
#5332=ORIENTED_EDGE('',*,*,#6127,.F.);
#5333=ORIENTED_EDGE('',*,*,#6154,.T.);
#5334=ORIENTED_EDGE('',*,*,#6181,.T.);
#5335=ORIENTED_EDGE('',*,*,#6708,.T.);
#5336=ORIENTED_EDGE('',*,*,#6920,.T.);
#5337=ORIENTED_EDGE('',*,*,#6579,.T.);
#5338=ORIENTED_EDGE('',*,*,#6921,.F.);
#5339=ORIENTED_EDGE('',*,*,#6709,.T.);
#5340=ORIENTED_EDGE('',*,*,#6179,.T.);
#5341=ORIENTED_EDGE('',*,*,#6152,.T.);
#5342=ORIENTED_EDGE('',*,*,#6125,.F.);
#5343=ORIENTED_EDGE('',*,*,#6098,.T.);
#5344=ORIENTED_EDGE('',*,*,#6071,.T.);
#5345=ORIENTED_EDGE('',*,*,#6044,.T.);
#5346=ORIENTED_EDGE('',*,*,#6017,.T.);
#5347=ORIENTED_EDGE('',*,*,#5990,.T.);
#5348=ORIENTED_EDGE('',*,*,#5956,.F.);
#5349=ORIENTED_EDGE('',*,*,#6578,.T.);
#5350=ORIENTED_EDGE('',*,*,#6922,.F.);
#5351=ORIENTED_EDGE('',*,*,#6710,.T.);
#5352=ORIENTED_EDGE('',*,*,#6921,.T.);
#5353=ORIENTED_EDGE('',*,*,#6577,.T.);
#5354=ORIENTED_EDGE('',*,*,#5952,.F.);
#5355=ORIENTED_EDGE('',*,*,#5987,.T.);
#5356=ORIENTED_EDGE('',*,*,#6014,.T.);
#5357=ORIENTED_EDGE('',*,*,#6041,.T.);
#5358=ORIENTED_EDGE('',*,*,#6068,.T.);
#5359=ORIENTED_EDGE('',*,*,#6095,.T.);
#5360=ORIENTED_EDGE('',*,*,#6123,.F.);
#5361=ORIENTED_EDGE('',*,*,#6149,.T.);
#5362=ORIENTED_EDGE('',*,*,#6176,.T.);
#5363=ORIENTED_EDGE('',*,*,#6681,.T.);
#5364=ORIENTED_EDGE('',*,*,#6922,.T.);
#5365=ORIENTED_EDGE('',*,*,#6523,.T.);
#5366=ORIENTED_EDGE('',*,*,#6568,.T.);
#5367=ORIENTED_EDGE('',*,*,#6571,.T.);
#5368=ORIENTED_EDGE('',*,*,#6574,.T.);
#5369=ORIENTED_EDGE('',*,*,#6651,.T.);
#5370=ORIENTED_EDGE('',*,*,#6923,.F.);
#5371=ORIENTED_EDGE('',*,*,#6524,.T.);
#5372=ORIENTED_EDGE('',*,*,#6923,.T.);
#5373=ORIENTED_EDGE('',*,*,#6650,.T.);
#5374=ORIENTED_EDGE('',*,*,#6924,.F.);
#5375=ORIENTED_EDGE('',*,*,#6525,.T.);
#5376=ORIENTED_EDGE('',*,*,#6924,.T.);
#5377=ORIENTED_EDGE('',*,*,#6649,.T.);
#5378=ORIENTED_EDGE('',*,*,#6925,.F.);
#5379=ORIENTED_EDGE('',*,*,#6526,.T.);
#5380=ORIENTED_EDGE('',*,*,#6925,.T.);
#5381=ORIENTED_EDGE('',*,*,#6648,.T.);
#5382=ORIENTED_EDGE('',*,*,#6926,.F.);
#5383=ORIENTED_EDGE('',*,*,#6527,.T.);
#5384=ORIENTED_EDGE('',*,*,#6926,.T.);
#5385=ORIENTED_EDGE('',*,*,#6647,.T.);
#5386=ORIENTED_EDGE('',*,*,#5949,.T.);
#5387=ORIENTED_EDGE('',*,*,#5922,.F.);
#5388=ORIENTED_EDGE('',*,*,#5895,.T.);
#5389=ORIENTED_EDGE('',*,*,#6528,.T.);
#5390=ORIENTED_EDGE('',*,*,#5893,.T.);
#5391=ORIENTED_EDGE('',*,*,#5921,.T.);
#5392=ORIENTED_EDGE('',*,*,#5948,.T.);
#5393=ORIENTED_EDGE('',*,*,#6646,.T.);
#5394=ORIENTED_EDGE('',*,*,#6927,.F.);
#5395=ORIENTED_EDGE('',*,*,#6529,.T.);
#5396=ORIENTED_EDGE('',*,*,#6927,.T.);
#5397=ORIENTED_EDGE('',*,*,#6645,.T.);
#5398=ORIENTED_EDGE('',*,*,#6928,.F.);
#5399=ORIENTED_EDGE('',*,*,#6530,.T.);
#5400=ORIENTED_EDGE('',*,*,#6928,.T.);
#5401=ORIENTED_EDGE('',*,*,#6644,.T.);
#5402=ORIENTED_EDGE('',*,*,#6929,.F.);
#5403=ORIENTED_EDGE('',*,*,#6531,.T.);
#5404=ORIENTED_EDGE('',*,*,#6929,.T.);
#5405=ORIENTED_EDGE('',*,*,#6643,.T.);
#5406=ORIENTED_EDGE('',*,*,#6930,.F.);
#5407=ORIENTED_EDGE('',*,*,#6532,.T.);
#5408=ORIENTED_EDGE('',*,*,#6930,.T.);
#5409=ORIENTED_EDGE('',*,*,#6642,.T.);
#5410=ORIENTED_EDGE('',*,*,#5946,.T.);
#5411=ORIENTED_EDGE('',*,*,#5919,.F.);
#5412=ORIENTED_EDGE('',*,*,#5891,.T.);
#5413=ORIENTED_EDGE('',*,*,#6533,.T.);
#5414=ORIENTED_EDGE('',*,*,#5889,.T.);
#5415=ORIENTED_EDGE('',*,*,#5918,.T.);
#5416=ORIENTED_EDGE('',*,*,#5945,.T.);
#5417=ORIENTED_EDGE('',*,*,#6641,.T.);
#5418=ORIENTED_EDGE('',*,*,#6931,.F.);
#5419=ORIENTED_EDGE('',*,*,#6534,.T.);
#5420=ORIENTED_EDGE('',*,*,#6931,.T.);
#5421=ORIENTED_EDGE('',*,*,#6640,.T.);
#5422=ORIENTED_EDGE('',*,*,#6932,.F.);
#5423=ORIENTED_EDGE('',*,*,#6535,.T.);
#5424=ORIENTED_EDGE('',*,*,#6932,.T.);
#5425=ORIENTED_EDGE('',*,*,#6639,.T.);
#5426=ORIENTED_EDGE('',*,*,#6933,.F.);
#5427=ORIENTED_EDGE('',*,*,#6536,.T.);
#5428=ORIENTED_EDGE('',*,*,#6933,.T.);
#5429=ORIENTED_EDGE('',*,*,#6638,.T.);
#5430=ORIENTED_EDGE('',*,*,#6934,.F.);
#5431=ORIENTED_EDGE('',*,*,#6537,.T.);
#5432=ORIENTED_EDGE('',*,*,#6934,.T.);
#5433=ORIENTED_EDGE('',*,*,#6637,.T.);
#5434=ORIENTED_EDGE('',*,*,#5943,.T.);
#5435=ORIENTED_EDGE('',*,*,#5916,.F.);
#5436=ORIENTED_EDGE('',*,*,#5887,.T.);
#5437=ORIENTED_EDGE('',*,*,#6538,.T.);
#5438=ORIENTED_EDGE('',*,*,#5885,.T.);
#5439=ORIENTED_EDGE('',*,*,#5915,.T.);
#5440=ORIENTED_EDGE('',*,*,#5942,.T.);
#5441=ORIENTED_EDGE('',*,*,#6636,.T.);
#5442=ORIENTED_EDGE('',*,*,#6935,.F.);
#5443=ORIENTED_EDGE('',*,*,#6539,.T.);
#5444=ORIENTED_EDGE('',*,*,#6935,.T.);
#5445=ORIENTED_EDGE('',*,*,#6635,.T.);
#5446=ORIENTED_EDGE('',*,*,#6936,.F.);
#5447=ORIENTED_EDGE('',*,*,#6540,.T.);
#5448=ORIENTED_EDGE('',*,*,#6936,.T.);
#5449=ORIENTED_EDGE('',*,*,#6634,.T.);
#5450=ORIENTED_EDGE('',*,*,#6937,.F.);
#5451=ORIENTED_EDGE('',*,*,#6541,.T.);
#5452=ORIENTED_EDGE('',*,*,#6937,.T.);
#5453=ORIENTED_EDGE('',*,*,#6633,.T.);
#5454=ORIENTED_EDGE('',*,*,#6938,.F.);
#5455=ORIENTED_EDGE('',*,*,#6542,.T.);
#5456=ORIENTED_EDGE('',*,*,#6938,.T.);
#5457=ORIENTED_EDGE('',*,*,#6632,.T.);
#5458=ORIENTED_EDGE('',*,*,#5940,.T.);
#5459=ORIENTED_EDGE('',*,*,#5913,.F.);
#5460=ORIENTED_EDGE('',*,*,#5883,.T.);
#5461=ORIENTED_EDGE('',*,*,#6543,.T.);
#5462=ORIENTED_EDGE('',*,*,#5881,.T.);
#5463=ORIENTED_EDGE('',*,*,#5912,.T.);
#5464=ORIENTED_EDGE('',*,*,#5939,.T.);
#5465=ORIENTED_EDGE('',*,*,#6631,.T.);
#5466=ORIENTED_EDGE('',*,*,#6939,.F.);
#5467=ORIENTED_EDGE('',*,*,#6544,.T.);
#5468=ORIENTED_EDGE('',*,*,#6939,.T.);
#5469=ORIENTED_EDGE('',*,*,#6630,.T.);
#5470=ORIENTED_EDGE('',*,*,#6940,.F.);
#5471=ORIENTED_EDGE('',*,*,#6545,.T.);
#5472=ORIENTED_EDGE('',*,*,#6940,.T.);
#5473=ORIENTED_EDGE('',*,*,#6629,.T.);
#5474=ORIENTED_EDGE('',*,*,#6941,.F.);
#5475=ORIENTED_EDGE('',*,*,#6546,.T.);
#5476=ORIENTED_EDGE('',*,*,#6941,.T.);
#5477=ORIENTED_EDGE('',*,*,#6628,.T.);
#5478=ORIENTED_EDGE('',*,*,#6942,.F.);
#5479=ORIENTED_EDGE('',*,*,#6547,.T.);
#5480=ORIENTED_EDGE('',*,*,#6942,.T.);
#5481=ORIENTED_EDGE('',*,*,#6627,.T.);
#5482=ORIENTED_EDGE('',*,*,#5937,.T.);
#5483=ORIENTED_EDGE('',*,*,#5910,.F.);
#5484=ORIENTED_EDGE('',*,*,#5879,.T.);
#5485=ORIENTED_EDGE('',*,*,#6548,.T.);
#5486=ORIENTED_EDGE('',*,*,#5877,.T.);
#5487=ORIENTED_EDGE('',*,*,#5909,.T.);
#5488=ORIENTED_EDGE('',*,*,#5936,.T.);
#5489=ORIENTED_EDGE('',*,*,#6626,.T.);
#5490=ORIENTED_EDGE('',*,*,#6943,.F.);
#5491=ORIENTED_EDGE('',*,*,#6549,.T.);
#5492=ORIENTED_EDGE('',*,*,#6943,.T.);
#5493=ORIENTED_EDGE('',*,*,#6625,.T.);
#5494=ORIENTED_EDGE('',*,*,#6944,.F.);
#5495=ORIENTED_EDGE('',*,*,#6550,.T.);
#5496=ORIENTED_EDGE('',*,*,#6944,.T.);
#5497=ORIENTED_EDGE('',*,*,#6624,.T.);
#5498=ORIENTED_EDGE('',*,*,#6945,.F.);
#5499=ORIENTED_EDGE('',*,*,#6551,.T.);
#5500=ORIENTED_EDGE('',*,*,#6945,.T.);
#5501=ORIENTED_EDGE('',*,*,#6623,.T.);
#5502=ORIENTED_EDGE('',*,*,#6946,.F.);
#5503=ORIENTED_EDGE('',*,*,#6552,.T.);
#5504=ORIENTED_EDGE('',*,*,#6946,.T.);
#5505=ORIENTED_EDGE('',*,*,#6622,.T.);
#5506=ORIENTED_EDGE('',*,*,#5934,.T.);
#5507=ORIENTED_EDGE('',*,*,#5907,.F.);
#5508=ORIENTED_EDGE('',*,*,#5875,.T.);
#5509=ORIENTED_EDGE('',*,*,#6553,.T.);
#5510=ORIENTED_EDGE('',*,*,#5873,.T.);
#5511=ORIENTED_EDGE('',*,*,#5906,.T.);
#5512=ORIENTED_EDGE('',*,*,#5933,.T.);
#5513=ORIENTED_EDGE('',*,*,#6621,.T.);
#5514=ORIENTED_EDGE('',*,*,#6947,.F.);
#5515=ORIENTED_EDGE('',*,*,#6554,.T.);
#5516=ORIENTED_EDGE('',*,*,#6947,.T.);
#5517=ORIENTED_EDGE('',*,*,#6620,.T.);
#5518=ORIENTED_EDGE('',*,*,#6948,.F.);
#5519=ORIENTED_EDGE('',*,*,#6555,.T.);
#5520=ORIENTED_EDGE('',*,*,#6948,.T.);
#5521=ORIENTED_EDGE('',*,*,#6619,.T.);
#5522=ORIENTED_EDGE('',*,*,#6949,.F.);
#5523=ORIENTED_EDGE('',*,*,#6556,.T.);
#5524=ORIENTED_EDGE('',*,*,#6949,.T.);
#5525=ORIENTED_EDGE('',*,*,#6618,.T.);
#5526=ORIENTED_EDGE('',*,*,#6950,.F.);
#5527=ORIENTED_EDGE('',*,*,#6557,.T.);
#5528=ORIENTED_EDGE('',*,*,#6950,.T.);
#5529=ORIENTED_EDGE('',*,*,#6617,.T.);
#5530=ORIENTED_EDGE('',*,*,#5931,.T.);
#5531=ORIENTED_EDGE('',*,*,#5904,.F.);
#5532=ORIENTED_EDGE('',*,*,#5871,.T.);
#5533=ORIENTED_EDGE('',*,*,#6558,.T.);
#5534=ORIENTED_EDGE('',*,*,#5869,.T.);
#5535=ORIENTED_EDGE('',*,*,#5903,.T.);
#5536=ORIENTED_EDGE('',*,*,#5930,.T.);
#5537=ORIENTED_EDGE('',*,*,#6616,.T.);
#5538=ORIENTED_EDGE('',*,*,#6951,.F.);
#5539=ORIENTED_EDGE('',*,*,#6559,.T.);
#5540=ORIENTED_EDGE('',*,*,#6951,.T.);
#5541=ORIENTED_EDGE('',*,*,#6615,.T.);
#5542=ORIENTED_EDGE('',*,*,#6952,.F.);
#5543=ORIENTED_EDGE('',*,*,#6560,.T.);
#5544=ORIENTED_EDGE('',*,*,#6952,.T.);
#5545=ORIENTED_EDGE('',*,*,#6614,.T.);
#5546=ORIENTED_EDGE('',*,*,#6953,.F.);
#5547=ORIENTED_EDGE('',*,*,#6561,.T.);
#5548=ORIENTED_EDGE('',*,*,#6953,.T.);
#5549=ORIENTED_EDGE('',*,*,#6613,.T.);
#5550=ORIENTED_EDGE('',*,*,#6954,.F.);
#5551=ORIENTED_EDGE('',*,*,#6562,.T.);
#5552=ORIENTED_EDGE('',*,*,#6954,.T.);
#5553=ORIENTED_EDGE('',*,*,#6612,.T.);
#5554=ORIENTED_EDGE('',*,*,#5928,.T.);
#5555=ORIENTED_EDGE('',*,*,#5901,.F.);
#5556=ORIENTED_EDGE('',*,*,#5867,.T.);
#5557=ORIENTED_EDGE('',*,*,#6567,.T.);
#5558=ORIENTED_EDGE('',*,*,#6955,.T.);
#5559=ORIENTED_EDGE('',*,*,#6607,.T.);
#5560=ORIENTED_EDGE('',*,*,#5925,.T.);
#5561=ORIENTED_EDGE('',*,*,#5898,.F.);
#5562=ORIENTED_EDGE('',*,*,#5863,.T.);
#5563=ORIENTED_EDGE('',*,*,#6566,.T.);
#5564=ORIENTED_EDGE('',*,*,#6956,.T.);
#5565=ORIENTED_EDGE('',*,*,#6608,.T.);
#5566=ORIENTED_EDGE('',*,*,#6955,.F.);
#5567=ORIENTED_EDGE('',*,*,#6565,.T.);
#5568=ORIENTED_EDGE('',*,*,#6957,.T.);
#5569=ORIENTED_EDGE('',*,*,#6609,.T.);
#5570=ORIENTED_EDGE('',*,*,#6956,.F.);
#5571=ORIENTED_EDGE('',*,*,#6564,.T.);
#5572=ORIENTED_EDGE('',*,*,#6958,.T.);
#5573=ORIENTED_EDGE('',*,*,#6610,.T.);
#5574=ORIENTED_EDGE('',*,*,#6957,.F.);
#5575=ORIENTED_EDGE('',*,*,#6563,.T.);
#5576=ORIENTED_EDGE('',*,*,#5865,.T.);
#5577=ORIENTED_EDGE('',*,*,#5900,.T.);
#5578=ORIENTED_EDGE('',*,*,#5927,.T.);
#5579=ORIENTED_EDGE('',*,*,#6611,.T.);
#5580=ORIENTED_EDGE('',*,*,#6958,.F.);
#5581=EDGE_CURVE('',#6959,#6959,#7879,.T.);
#5582=EDGE_CURVE('',#6960,#6961,#2817,.T.);
#5583=EDGE_CURVE('',#6962,#6960,#413,.F.);
#5584=EDGE_CURVE('',#6963,#6962,#2818,.T.);
#5585=EDGE_CURVE('',#6964,#6963,#7880,.T.);
#5586=EDGE_CURVE('',#6965,#6964,#2819,.T.);
#5587=EDGE_CURVE('',#6966,#6965,#414,.T.);
#5588=EDGE_CURVE('',#6967,#6966,#2820,.T.);
#5589=EDGE_CURVE('',#6967,#6961,#7881,.F.);
#5590=EDGE_CURVE('',#6968,#6968,#7882,.T.);
#5591=EDGE_CURVE('',#6969,#6970,#2821,.T.);
#5592=EDGE_CURVE('',#6971,#6969,#415,.F.);
#5593=EDGE_CURVE('',#6972,#6971,#2822,.T.);
#5594=EDGE_CURVE('',#6973,#6972,#7883,.T.);
#5595=EDGE_CURVE('',#6974,#6973,#2823,.T.);
#5596=EDGE_CURVE('',#6975,#6974,#416,.T.);
#5597=EDGE_CURVE('',#6976,#6975,#2824,.T.);
#5598=EDGE_CURVE('',#6976,#6970,#7884,.F.);
#5599=EDGE_CURVE('',#6977,#6978,#417,.T.);
#5600=EDGE_CURVE('',#6979,#6978,#418,.T.);
#5601=EDGE_CURVE('',#6980,#6979,#419,.T.);
#5602=EDGE_CURVE('',#6977,#6980,#420,.T.);
#5603=EDGE_CURVE('',#6977,#6981,#421,.T.);
#5604=EDGE_CURVE('',#6982,#6980,#422,.T.);
#5605=EDGE_CURVE('',#6983,#6982,#423,.T.);
#5606=EDGE_CURVE('',#6983,#6984,#424,.T.);
#5607=EDGE_CURVE('',#6981,#6984,#425,.T.);
#5608=EDGE_CURVE('',#6970,#6976,#426,.T.);
#5609=EDGE_CURVE('',#6985,#6986,#427,.T.);
#5610=EDGE_CURVE('',#6981,#6985,#428,.T.);
#5611=EDGE_CURVE('',#6984,#6986,#429,.T.);
#5612=EDGE_CURVE('',#6986,#6987,#430,.T.);
#5613=EDGE_CURVE('',#6988,#6987,#431,.T.);
#5614=EDGE_CURVE('',#6985,#6988,#432,.T.);
#5615=EDGE_CURVE('',#6987,#6989,#433,.T.);
#5616=EDGE_CURVE('',#6990,#6989,#434,.T.);
#5617=EDGE_CURVE('',#6988,#6990,#435,.T.);
#5618=EDGE_CURVE('',#6989,#6991,#436,.T.);
#5619=EDGE_CURVE('',#6992,#6991,#437,.T.);
#5620=EDGE_CURVE('',#6990,#6992,#438,.T.);
#5621=EDGE_CURVE('',#6961,#6967,#439,.T.);
#5622=EDGE_CURVE('',#6993,#6994,#440,.T.);
#5623=EDGE_CURVE('',#6992,#6993,#441,.T.);
#5624=EDGE_CURVE('',#6991,#6994,#442,.T.);
#5625=EDGE_CURVE('',#6994,#6995,#443,.T.);
#5626=EDGE_CURVE('',#6995,#6996,#444,.T.);
#5627=EDGE_CURVE('',#6997,#6996,#445,.T.);
#5628=EDGE_CURVE('',#6998,#6997,#446,.T.);
#5629=EDGE_CURVE('',#6993,#6998,#447,.T.);
#5630=EDGE_CURVE('',#6999,#7000,#448,.T.);
#5631=EDGE_CURVE('',#7001,#6999,#449,.T.);
#5632=EDGE_CURVE('',#7001,#7002,#450,.T.);
#5633=EDGE_CURVE('',#7002,#7000,#451,.T.);
#5634=EDGE_CURVE('',#7003,#6999,#452,.T.);
#5635=EDGE_CURVE('',#7004,#7003,#453,.T.);
#5636=EDGE_CURVE('',#7004,#7001,#454,.T.);
#5637=EDGE_CURVE('',#7005,#7003,#455,.T.);
#5638=EDGE_CURVE('',#7006,#7005,#456,.T.);
#5639=EDGE_CURVE('',#7006,#7004,#457,.T.);
#5640=EDGE_CURVE('',#7007,#7008,#458,.T.);
#5641=EDGE_CURVE('',#7009,#7007,#459,.T.);
#5642=EDGE_CURVE('',#7009,#7010,#460,.T.);
#5643=EDGE_CURVE('',#7010,#7008,#461,.T.);
#5644=EDGE_CURVE('',#7011,#7007,#462,.T.);
#5645=EDGE_CURVE('',#7012,#7011,#463,.T.);
#5646=EDGE_CURVE('',#7012,#7009,#464,.T.);
#5647=EDGE_CURVE('',#7013,#7011,#465,.T.);
#5648=EDGE_CURVE('',#7014,#7013,#466,.T.);
#5649=EDGE_CURVE('',#7014,#7012,#467,.T.);
#5650=EDGE_CURVE('',#7015,#7016,#468,.T.);
#5651=EDGE_CURVE('',#7017,#7015,#469,.T.);
#5652=EDGE_CURVE('',#7017,#7018,#470,.T.);
#5653=EDGE_CURVE('',#7018,#7016,#471,.T.);
#5654=EDGE_CURVE('',#7019,#7015,#472,.T.);
#5655=EDGE_CURVE('',#7020,#7019,#473,.T.);
#5656=EDGE_CURVE('',#7020,#7017,#474,.T.);
#5657=EDGE_CURVE('',#7021,#7019,#475,.T.);
#5658=EDGE_CURVE('',#7022,#7021,#476,.T.);
#5659=EDGE_CURVE('',#7022,#7020,#477,.T.);
#5660=EDGE_CURVE('',#7023,#7024,#478,.T.);
#5661=EDGE_CURVE('',#7025,#7023,#479,.T.);
#5662=EDGE_CURVE('',#7025,#7026,#480,.T.);
#5663=EDGE_CURVE('',#7026,#7024,#481,.T.);
#5664=EDGE_CURVE('',#7027,#7023,#482,.T.);
#5665=EDGE_CURVE('',#7028,#7027,#483,.T.);
#5666=EDGE_CURVE('',#7028,#7025,#484,.T.);
#5667=EDGE_CURVE('',#7029,#7027,#485,.T.);
#5668=EDGE_CURVE('',#7030,#7029,#486,.T.);
#5669=EDGE_CURVE('',#7030,#7028,#487,.T.);
#5670=EDGE_CURVE('',#7031,#7032,#488,.T.);
#5671=EDGE_CURVE('',#7033,#7031,#489,.T.);
#5672=EDGE_CURVE('',#7033,#7034,#490,.T.);
#5673=EDGE_CURVE('',#7034,#7032,#491,.T.);
#5674=EDGE_CURVE('',#7035,#7031,#492,.T.);
#5675=EDGE_CURVE('',#7036,#7035,#493,.T.);
#5676=EDGE_CURVE('',#7036,#7033,#494,.T.);
#5677=EDGE_CURVE('',#7037,#7035,#495,.T.);
#5678=EDGE_CURVE('',#7038,#7037,#496,.T.);
#5679=EDGE_CURVE('',#7038,#7036,#497,.T.);
#5680=EDGE_CURVE('',#7039,#7040,#498,.T.);
#5681=EDGE_CURVE('',#7041,#7039,#499,.T.);
#5682=EDGE_CURVE('',#7041,#7042,#500,.T.);
#5683=EDGE_CURVE('',#7042,#7040,#501,.T.);
#5684=EDGE_CURVE('',#7043,#7039,#502,.T.);
#5685=EDGE_CURVE('',#7044,#7043,#503,.T.);
#5686=EDGE_CURVE('',#7044,#7041,#504,.T.);
#5687=EDGE_CURVE('',#7045,#7043,#505,.T.);
#5688=EDGE_CURVE('',#7046,#7045,#506,.T.);
#5689=EDGE_CURVE('',#7046,#7044,#507,.T.);
#5690=EDGE_CURVE('',#7047,#7048,#508,.T.);
#5691=EDGE_CURVE('',#7049,#7047,#509,.T.);
#5692=EDGE_CURVE('',#7049,#7050,#510,.T.);
#5693=EDGE_CURVE('',#7050,#7048,#511,.T.);
#5694=EDGE_CURVE('',#7051,#7047,#512,.T.);
#5695=EDGE_CURVE('',#7052,#7051,#513,.T.);
#5696=EDGE_CURVE('',#7052,#7049,#514,.T.);
#5697=EDGE_CURVE('',#7053,#7051,#515,.T.);
#5698=EDGE_CURVE('',#7054,#7053,#516,.T.);
#5699=EDGE_CURVE('',#7054,#7052,#517,.T.);
#5700=EDGE_CURVE('',#7055,#7056,#518,.T.);
#5701=EDGE_CURVE('',#7057,#7055,#519,.T.);
#5702=EDGE_CURVE('',#7057,#7058,#520,.T.);
#5703=EDGE_CURVE('',#7058,#7056,#521,.T.);
#5704=EDGE_CURVE('',#7059,#7055,#522,.T.);
#5705=EDGE_CURVE('',#7060,#7059,#523,.T.);
#5706=EDGE_CURVE('',#7060,#7057,#524,.T.);
#5707=EDGE_CURVE('',#7061,#7059,#525,.T.);
#5708=EDGE_CURVE('',#7062,#7061,#526,.T.);
#5709=EDGE_CURVE('',#7062,#7060,#527,.T.);
#5710=EDGE_CURVE('',#7000,#7005,#528,.T.);
#5711=EDGE_CURVE('',#7002,#7006,#529,.T.);
#5712=EDGE_CURVE('',#7008,#7013,#530,.T.);
#5713=EDGE_CURVE('',#7010,#7014,#531,.T.);
#5714=EDGE_CURVE('',#7016,#7021,#532,.T.);
#5715=EDGE_CURVE('',#7018,#7022,#533,.T.);
#5716=EDGE_CURVE('',#7024,#7029,#534,.T.);
#5717=EDGE_CURVE('',#7026,#7030,#535,.T.);
#5718=EDGE_CURVE('',#7032,#7037,#536,.T.);
#5719=EDGE_CURVE('',#7034,#7038,#537,.T.);
#5720=EDGE_CURVE('',#7040,#7045,#538,.T.);
#5721=EDGE_CURVE('',#7042,#7046,#539,.T.);
#5722=EDGE_CURVE('',#7048,#7053,#540,.T.);
#5723=EDGE_CURVE('',#7050,#7054,#541,.T.);
#5724=EDGE_CURVE('',#7056,#7061,#542,.T.);
#5725=EDGE_CURVE('',#7058,#7062,#543,.T.);
#5726=EDGE_CURVE('',#7063,#7064,#544,.T.);
#5727=EDGE_CURVE('',#7063,#7065,#545,.T.);
#5728=EDGE_CURVE('',#7065,#7066,#546,.T.);
#5729=EDGE_CURVE('',#7066,#7064,#547,.T.);
#5730=EDGE_CURVE('',#7064,#7067,#548,.T.);
#5731=EDGE_CURVE('',#7068,#7067,#549,.T.);
#5732=EDGE_CURVE('',#6978,#7068,#550,.T.);
#5733=EDGE_CURVE('',#7069,#6998,#551,.T.);
#5734=EDGE_CURVE('',#7069,#7070,#552,.T.);
#5735=EDGE_CURVE('',#7071,#7070,#553,.T.);
#5736=EDGE_CURVE('',#7071,#7063,#554,.T.);
#5737=EDGE_CURVE('',#7072,#7065,#555,.T.);
#5738=EDGE_CURVE('',#6995,#7072,#556,.T.);
#5739=EDGE_CURVE('',#7073,#6983,#557,.T.);
#5740=EDGE_CURVE('',#7066,#7073,#558,.T.);
#5741=EDGE_CURVE('',#7073,#7074,#559,.T.);
#5742=EDGE_CURVE('',#7075,#7074,#560,.T.);
#5743=EDGE_CURVE('',#7076,#7075,#561,.T.);
#5744=EDGE_CURVE('',#7067,#7076,#562,.T.);
#5745=EDGE_CURVE('',#7074,#6982,#563,.T.);
#5746=EDGE_CURVE('',#7077,#7075,#564,.T.);
#5747=EDGE_CURVE('',#7077,#6979,#565,.T.);
#5748=EDGE_CURVE('',#7078,#7071,#566,.T.);
#5749=EDGE_CURVE('',#7079,#7078,#567,.T.);
#5750=EDGE_CURVE('',#7080,#7079,#568,.T.);
#5751=EDGE_CURVE('',#7072,#7080,#569,.T.);
#5752=EDGE_CURVE('',#7081,#7069,#570,.T.);
#5753=EDGE_CURVE('',#7081,#6997,#571,.T.);
#5754=EDGE_CURVE('',#6996,#7080,#572,.T.);
#5755=EDGE_CURVE('',#7082,#7079,#573,.T.);
#5756=EDGE_CURVE('',#7082,#7081,#574,.T.);
#5757=EDGE_CURVE('',#7083,#7082,#575,.T.);
#5758=EDGE_CURVE('',#7070,#7083,#576,.T.);
#5759=EDGE_CURVE('',#7078,#7083,#577,.T.);
#5760=EDGE_CURVE('',#7084,#7076,#578,.T.);
#5761=EDGE_CURVE('',#7068,#7084,#579,.T.);
#5762=EDGE_CURVE('',#7084,#7077,#580,.T.);
#5763=EDGE_CURVE('',#7085,#7085,#7885,.T.);
#5764=EDGE_CURVE('',#6972,#6973,#581,.T.);
#5765=EDGE_CURVE('',#6971,#6974,#582,.T.);
#5766=EDGE_CURVE('',#6969,#6975,#583,.T.);
#5767=EDGE_CURVE('',#7086,#7086,#7886,.T.);
#5768=EDGE_CURVE('',#6963,#6964,#584,.T.);
#5769=EDGE_CURVE('',#6962,#6965,#585,.T.);
#5770=EDGE_CURVE('',#6960,#6966,#586,.T.);
#5771=EDGE_CURVE('',#7087,#7088,#587,.T.);
#5772=EDGE_CURVE('',#7089,#7087,#588,.T.);
#5773=EDGE_CURVE('',#7090,#7089,#589,.T.);
#5774=EDGE_CURVE('',#7090,#7088,#590,.T.);
#5775=EDGE_CURVE('',#7091,#7092,#591,.T.);
#5776=EDGE_CURVE('',#7093,#7091,#592,.T.);
#5777=EDGE_CURVE('',#7094,#7093,#593,.T.);
#5778=EDGE_CURVE('',#7094,#7092,#594,.T.);
#5779=EDGE_CURVE('',#7095,#7096,#595,.T.);
#5780=EDGE_CURVE('',#7097,#7095,#596,.T.);
#5781=EDGE_CURVE('',#7098,#7097,#597,.T.);
#5782=EDGE_CURVE('',#7098,#7096,#598,.T.);
#5783=EDGE_CURVE('',#7099,#7100,#599,.T.);
#5784=EDGE_CURVE('',#7101,#7099,#600,.T.);
#5785=EDGE_CURVE('',#7102,#7101,#601,.T.);
#5786=EDGE_CURVE('',#7102,#7100,#602,.T.);
#5787=EDGE_CURVE('',#7103,#7104,#603,.T.);
#5788=EDGE_CURVE('',#7105,#7103,#604,.T.);
#5789=EDGE_CURVE('',#7106,#7105,#605,.T.);
#5790=EDGE_CURVE('',#7106,#7104,#606,.T.);
#5791=EDGE_CURVE('',#7107,#7108,#607,.T.);
#5792=EDGE_CURVE('',#7109,#7107,#608,.T.);
#5793=EDGE_CURVE('',#7110,#7109,#609,.T.);
#5794=EDGE_CURVE('',#7110,#7108,#610,.T.);
#5795=EDGE_CURVE('',#7111,#7112,#611,.T.);
#5796=EDGE_CURVE('',#7113,#7111,#612,.T.);
#5797=EDGE_CURVE('',#7114,#7113,#613,.T.);
#5798=EDGE_CURVE('',#7114,#7112,#614,.T.);
#5799=EDGE_CURVE('',#7115,#7116,#615,.T.);
#5800=EDGE_CURVE('',#7117,#7115,#616,.T.);
#5801=EDGE_CURVE('',#7118,#7117,#617,.T.);
#5802=EDGE_CURVE('',#7118,#7116,#618,.T.);
#5803=EDGE_CURVE('',#7119,#7120,#619,.T.);
#5804=EDGE_CURVE('',#7121,#7119,#620,.T.);
#5805=EDGE_CURVE('',#7122,#7121,#621,.T.);
#5806=EDGE_CURVE('',#7122,#7120,#622,.T.);
#5807=EDGE_CURVE('',#7088,#7123,#623,.T.);
#5808=EDGE_CURVE('',#7090,#7124,#624,.T.);
#5809=EDGE_CURVE('',#7124,#7123,#625,.T.);
#5810=EDGE_CURVE('',#7092,#7125,#626,.T.);
#5811=EDGE_CURVE('',#7094,#7126,#627,.T.);
#5812=EDGE_CURVE('',#7126,#7125,#628,.T.);
#5813=EDGE_CURVE('',#7096,#7127,#629,.T.);
#5814=EDGE_CURVE('',#7098,#7128,#630,.T.);
#5815=EDGE_CURVE('',#7128,#7127,#631,.T.);
#5816=EDGE_CURVE('',#7100,#7129,#632,.T.);
#5817=EDGE_CURVE('',#7102,#7130,#633,.T.);
#5818=EDGE_CURVE('',#7130,#7129,#634,.T.);
#5819=EDGE_CURVE('',#7104,#7131,#635,.T.);
#5820=EDGE_CURVE('',#7106,#7132,#636,.T.);
#5821=EDGE_CURVE('',#7132,#7131,#637,.T.);
#5822=EDGE_CURVE('',#7108,#7133,#638,.T.);
#5823=EDGE_CURVE('',#7110,#7134,#639,.T.);
#5824=EDGE_CURVE('',#7134,#7133,#640,.T.);
#5825=EDGE_CURVE('',#7112,#7135,#641,.T.);
#5826=EDGE_CURVE('',#7114,#7136,#642,.T.);
#5827=EDGE_CURVE('',#7136,#7135,#643,.T.);
#5828=EDGE_CURVE('',#7116,#7137,#644,.T.);
#5829=EDGE_CURVE('',#7118,#7138,#645,.T.);
#5830=EDGE_CURVE('',#7138,#7137,#646,.T.);
#5831=EDGE_CURVE('',#7120,#7139,#647,.T.);
#5832=EDGE_CURVE('',#7122,#7140,#648,.T.);
#5833=EDGE_CURVE('',#7140,#7139,#649,.T.);
#5834=EDGE_CURVE('',#7123,#7141,#650,.T.);
#5835=EDGE_CURVE('',#7142,#7124,#651,.T.);
#5836=EDGE_CURVE('',#7142,#7141,#652,.T.);
#5837=EDGE_CURVE('',#7125,#7143,#653,.T.);
#5838=EDGE_CURVE('',#7144,#7126,#654,.T.);
#5839=EDGE_CURVE('',#7144,#7143,#655,.T.);
#5840=EDGE_CURVE('',#7127,#7145,#656,.T.);
#5841=EDGE_CURVE('',#7146,#7128,#657,.T.);
#5842=EDGE_CURVE('',#7146,#7145,#658,.T.);
#5843=EDGE_CURVE('',#7129,#7147,#659,.T.);
#5844=EDGE_CURVE('',#7148,#7130,#660,.T.);
#5845=EDGE_CURVE('',#7148,#7147,#661,.T.);
#5846=EDGE_CURVE('',#7131,#7149,#662,.T.);
#5847=EDGE_CURVE('',#7150,#7132,#663,.T.);
#5848=EDGE_CURVE('',#7150,#7149,#664,.T.);
#5849=EDGE_CURVE('',#7133,#7151,#665,.T.);
#5850=EDGE_CURVE('',#7152,#7134,#666,.T.);
#5851=EDGE_CURVE('',#7152,#7151,#667,.T.);
#5852=EDGE_CURVE('',#7135,#7153,#668,.T.);
#5853=EDGE_CURVE('',#7154,#7136,#669,.T.);
#5854=EDGE_CURVE('',#7154,#7153,#670,.T.);
#5855=EDGE_CURVE('',#7137,#7155,#671,.T.);
#5856=EDGE_CURVE('',#7156,#7138,#672,.T.);
#5857=EDGE_CURVE('',#7156,#7155,#673,.T.);
#5858=EDGE_CURVE('',#7139,#7157,#674,.T.);
#5859=EDGE_CURVE('',#7158,#7140,#675,.T.);
#5860=EDGE_CURVE('',#7158,#7157,#676,.T.);
#5861=EDGE_CURVE('',#7159,#7160,#677,.T.);
#5862=EDGE_CURVE('',#7161,#7159,#678,.T.);
#5863=EDGE_CURVE('',#7162,#7161,#679,.T.);
#5864=EDGE_CURVE('',#7162,#7160,#680,.T.);
#5865=EDGE_CURVE('',#7163,#7164,#681,.T.);
#5866=EDGE_CURVE('',#7165,#7163,#682,.T.);
#5867=EDGE_CURVE('',#7166,#7165,#683,.T.);
#5868=EDGE_CURVE('',#7166,#7164,#684,.T.);
#5869=EDGE_CURVE('',#7167,#7168,#685,.T.);
#5870=EDGE_CURVE('',#7169,#7167,#686,.T.);
#5871=EDGE_CURVE('',#7170,#7169,#687,.T.);
#5872=EDGE_CURVE('',#7170,#7168,#688,.T.);
#5873=EDGE_CURVE('',#7171,#7172,#689,.T.);
#5874=EDGE_CURVE('',#7173,#7171,#690,.T.);
#5875=EDGE_CURVE('',#7174,#7173,#691,.T.);
#5876=EDGE_CURVE('',#7174,#7172,#692,.T.);
#5877=EDGE_CURVE('',#7175,#7176,#693,.T.);
#5878=EDGE_CURVE('',#7177,#7175,#694,.T.);
#5879=EDGE_CURVE('',#7178,#7177,#695,.T.);
#5880=EDGE_CURVE('',#7178,#7176,#696,.T.);
#5881=EDGE_CURVE('',#7179,#7180,#697,.T.);
#5882=EDGE_CURVE('',#7181,#7179,#698,.T.);
#5883=EDGE_CURVE('',#7182,#7181,#699,.T.);
#5884=EDGE_CURVE('',#7182,#7180,#700,.T.);
#5885=EDGE_CURVE('',#7183,#7184,#701,.T.);
#5886=EDGE_CURVE('',#7185,#7183,#702,.T.);
#5887=EDGE_CURVE('',#7186,#7185,#703,.T.);
#5888=EDGE_CURVE('',#7186,#7184,#704,.T.);
#5889=EDGE_CURVE('',#7187,#7188,#705,.T.);
#5890=EDGE_CURVE('',#7189,#7187,#706,.T.);
#5891=EDGE_CURVE('',#7190,#7189,#707,.T.);
#5892=EDGE_CURVE('',#7190,#7188,#708,.T.);
#5893=EDGE_CURVE('',#7191,#7192,#709,.T.);
#5894=EDGE_CURVE('',#7193,#7191,#710,.T.);
#5895=EDGE_CURVE('',#7194,#7193,#711,.T.);
#5896=EDGE_CURVE('',#7194,#7192,#712,.T.);
#5897=EDGE_CURVE('',#7160,#7195,#713,.T.);
#5898=EDGE_CURVE('',#7162,#7196,#714,.T.);
#5899=EDGE_CURVE('',#7196,#7195,#715,.T.);
#5900=EDGE_CURVE('',#7164,#7197,#716,.T.);
#5901=EDGE_CURVE('',#7166,#7198,#717,.T.);
#5902=EDGE_CURVE('',#7198,#7197,#718,.T.);
#5903=EDGE_CURVE('',#7168,#7199,#719,.T.);
#5904=EDGE_CURVE('',#7170,#7200,#720,.T.);
#5905=EDGE_CURVE('',#7200,#7199,#721,.T.);
#5906=EDGE_CURVE('',#7172,#7201,#722,.T.);
#5907=EDGE_CURVE('',#7174,#7202,#723,.T.);
#5908=EDGE_CURVE('',#7202,#7201,#724,.T.);
#5909=EDGE_CURVE('',#7176,#7203,#725,.T.);
#5910=EDGE_CURVE('',#7178,#7204,#726,.T.);
#5911=EDGE_CURVE('',#7204,#7203,#727,.T.);
#5912=EDGE_CURVE('',#7180,#7205,#728,.T.);
#5913=EDGE_CURVE('',#7182,#7206,#729,.T.);
#5914=EDGE_CURVE('',#7206,#7205,#730,.T.);
#5915=EDGE_CURVE('',#7184,#7207,#731,.T.);
#5916=EDGE_CURVE('',#7186,#7208,#732,.T.);
#5917=EDGE_CURVE('',#7208,#7207,#733,.T.);
#5918=EDGE_CURVE('',#7188,#7209,#734,.T.);
#5919=EDGE_CURVE('',#7190,#7210,#735,.T.);
#5920=EDGE_CURVE('',#7210,#7209,#736,.T.);
#5921=EDGE_CURVE('',#7192,#7211,#737,.T.);
#5922=EDGE_CURVE('',#7194,#7212,#738,.T.);
#5923=EDGE_CURVE('',#7212,#7211,#739,.T.);
#5924=EDGE_CURVE('',#7195,#7213,#740,.T.);
#5925=EDGE_CURVE('',#7214,#7196,#741,.T.);
#5926=EDGE_CURVE('',#7214,#7213,#742,.T.);
#5927=EDGE_CURVE('',#7197,#7215,#743,.T.);
#5928=EDGE_CURVE('',#7216,#7198,#744,.T.);
#5929=EDGE_CURVE('',#7216,#7215,#745,.T.);
#5930=EDGE_CURVE('',#7199,#7217,#746,.T.);
#5931=EDGE_CURVE('',#7218,#7200,#747,.T.);
#5932=EDGE_CURVE('',#7218,#7217,#748,.T.);
#5933=EDGE_CURVE('',#7201,#7219,#749,.T.);
#5934=EDGE_CURVE('',#7220,#7202,#750,.T.);
#5935=EDGE_CURVE('',#7220,#7219,#751,.T.);
#5936=EDGE_CURVE('',#7203,#7221,#752,.T.);
#5937=EDGE_CURVE('',#7222,#7204,#753,.T.);
#5938=EDGE_CURVE('',#7222,#7221,#754,.T.);
#5939=EDGE_CURVE('',#7205,#7223,#755,.T.);
#5940=EDGE_CURVE('',#7224,#7206,#756,.T.);
#5941=EDGE_CURVE('',#7224,#7223,#757,.T.);
#5942=EDGE_CURVE('',#7207,#7225,#758,.T.);
#5943=EDGE_CURVE('',#7226,#7208,#759,.T.);
#5944=EDGE_CURVE('',#7226,#7225,#760,.T.);
#5945=EDGE_CURVE('',#7209,#7227,#761,.T.);
#5946=EDGE_CURVE('',#7228,#7210,#762,.T.);
#5947=EDGE_CURVE('',#7228,#7227,#763,.T.);
#5948=EDGE_CURVE('',#7211,#7229,#764,.T.);
#5949=EDGE_CURVE('',#7230,#7212,#765,.T.);
#5950=EDGE_CURVE('',#7230,#7229,#766,.T.);
#5951=EDGE_CURVE('',#7231,#7232,#767,.T.);
#5952=EDGE_CURVE('',#7232,#7233,#7887,.F.);
#5953=EDGE_CURVE('',#7234,#7233,#768,.T.);
#5954=EDGE_CURVE('',#7231,#7234,#7888,.T.);
#5955=EDGE_CURVE('',#7235,#7236,#769,.T.);
#5956=EDGE_CURVE('',#7235,#7237,#7889,.F.);
#5957=EDGE_CURVE('',#7237,#7238,#770,.T.);
#5958=EDGE_CURVE('',#7238,#7236,#7890,.F.);
#5959=EDGE_CURVE('',#7239,#7240,#771,.T.);
#5960=EDGE_CURVE('',#7239,#7241,#7891,.F.);
#5961=EDGE_CURVE('',#7241,#7242,#772,.T.);
#5962=EDGE_CURVE('',#7242,#7240,#7892,.F.);
#5963=EDGE_CURVE('',#7243,#7244,#773,.T.);
#5964=EDGE_CURVE('',#7243,#7245,#7893,.F.);
#5965=EDGE_CURVE('',#7245,#7246,#774,.T.);
#5966=EDGE_CURVE('',#7246,#7244,#7894,.F.);
#5967=EDGE_CURVE('',#7247,#7248,#775,.T.);
#5968=EDGE_CURVE('',#7247,#7249,#7895,.F.);
#5969=EDGE_CURVE('',#7249,#7250,#776,.T.);
#5970=EDGE_CURVE('',#7250,#7248,#7896,.F.);
#5971=EDGE_CURVE('',#7251,#7252,#777,.T.);
#5972=EDGE_CURVE('',#7251,#7253,#7897,.F.);
#5973=EDGE_CURVE('',#7253,#7254,#778,.T.);
#5974=EDGE_CURVE('',#7254,#7252,#7898,.F.);
#5975=EDGE_CURVE('',#7255,#7256,#779,.T.);
#5976=EDGE_CURVE('',#7255,#7257,#7899,.F.);
#5977=EDGE_CURVE('',#7257,#7258,#780,.T.);
#5978=EDGE_CURVE('',#7258,#7256,#7900,.F.);
#5979=EDGE_CURVE('',#7259,#7260,#781,.T.);
#5980=EDGE_CURVE('',#7259,#7261,#7901,.F.);
#5981=EDGE_CURVE('',#7261,#7262,#782,.T.);
#5982=EDGE_CURVE('',#7262,#7260,#7902,.F.);
#5983=EDGE_CURVE('',#7263,#7264,#783,.T.);
#5984=EDGE_CURVE('',#7263,#7265,#7903,.F.);
#5985=EDGE_CURVE('',#7265,#7266,#784,.T.);
#5986=EDGE_CURVE('',#7266,#7264,#7904,.F.);
#5987=EDGE_CURVE('',#7232,#7267,#785,.T.);
#5988=EDGE_CURVE('',#7231,#7268,#786,.T.);
#5989=EDGE_CURVE('',#7268,#7267,#787,.T.);
#5990=EDGE_CURVE('',#7269,#7237,#788,.T.);
#5991=EDGE_CURVE('',#7269,#7270,#789,.T.);
#5992=EDGE_CURVE('',#7238,#7270,#790,.T.);
#5993=EDGE_CURVE('',#7271,#7241,#791,.T.);
#5994=EDGE_CURVE('',#7271,#7272,#792,.T.);
#5995=EDGE_CURVE('',#7242,#7272,#793,.T.);
#5996=EDGE_CURVE('',#7273,#7245,#794,.T.);
#5997=EDGE_CURVE('',#7273,#7274,#795,.T.);
#5998=EDGE_CURVE('',#7246,#7274,#796,.T.);
#5999=EDGE_CURVE('',#7275,#7249,#797,.T.);
#6000=EDGE_CURVE('',#7275,#7276,#798,.T.);
#6001=EDGE_CURVE('',#7250,#7276,#799,.T.);
#6002=EDGE_CURVE('',#7277,#7253,#800,.T.);
#6003=EDGE_CURVE('',#7277,#7278,#801,.T.);
#6004=EDGE_CURVE('',#7254,#7278,#802,.T.);
#6005=EDGE_CURVE('',#7279,#7257,#803,.T.);
#6006=EDGE_CURVE('',#7279,#7280,#804,.T.);
#6007=EDGE_CURVE('',#7258,#7280,#805,.T.);
#6008=EDGE_CURVE('',#7281,#7261,#806,.T.);
#6009=EDGE_CURVE('',#7281,#7282,#807,.T.);
#6010=EDGE_CURVE('',#7262,#7282,#808,.T.);
#6011=EDGE_CURVE('',#7283,#7265,#809,.T.);
#6012=EDGE_CURVE('',#7283,#7284,#810,.T.);
#6013=EDGE_CURVE('',#7266,#7284,#811,.T.);
#6014=EDGE_CURVE('',#7267,#7285,#7905,.F.);
#6015=EDGE_CURVE('',#7268,#7286,#7906,.T.);
#6016=EDGE_CURVE('',#7286,#7285,#812,.T.);
#6017=EDGE_CURVE('',#7287,#7269,#7907,.F.);
#6018=EDGE_CURVE('',#7287,#7288,#813,.T.);
#6019=EDGE_CURVE('',#7270,#7288,#7908,.F.);
#6020=EDGE_CURVE('',#7289,#7271,#7909,.F.);
#6021=EDGE_CURVE('',#7289,#7290,#814,.T.);
#6022=EDGE_CURVE('',#7272,#7290,#7910,.F.);
#6023=EDGE_CURVE('',#7291,#7273,#7911,.F.);
#6024=EDGE_CURVE('',#7291,#7292,#815,.T.);
#6025=EDGE_CURVE('',#7274,#7292,#7912,.F.);
#6026=EDGE_CURVE('',#7293,#7275,#7913,.F.);
#6027=EDGE_CURVE('',#7293,#7294,#816,.T.);
#6028=EDGE_CURVE('',#7276,#7294,#7914,.F.);
#6029=EDGE_CURVE('',#7295,#7277,#7915,.F.);
#6030=EDGE_CURVE('',#7295,#7296,#817,.T.);
#6031=EDGE_CURVE('',#7278,#7296,#7916,.F.);
#6032=EDGE_CURVE('',#7297,#7279,#7917,.F.);
#6033=EDGE_CURVE('',#7297,#7298,#818,.T.);
#6034=EDGE_CURVE('',#7280,#7298,#7918,.F.);
#6035=EDGE_CURVE('',#7299,#7281,#7919,.F.);
#6036=EDGE_CURVE('',#7299,#7300,#819,.T.);
#6037=EDGE_CURVE('',#7282,#7300,#7920,.F.);
#6038=EDGE_CURVE('',#7301,#7283,#7921,.F.);
#6039=EDGE_CURVE('',#7301,#7302,#820,.T.);
#6040=EDGE_CURVE('',#7284,#7302,#7922,.F.);
#6041=EDGE_CURVE('',#7285,#7303,#821,.T.);
#6042=EDGE_CURVE('',#7286,#7304,#822,.T.);
#6043=EDGE_CURVE('',#7304,#7303,#823,.T.);
#6044=EDGE_CURVE('',#7305,#7287,#824,.T.);
#6045=EDGE_CURVE('',#7305,#7306,#825,.T.);
#6046=EDGE_CURVE('',#7288,#7306,#826,.T.);
#6047=EDGE_CURVE('',#7307,#7289,#827,.T.);
#6048=EDGE_CURVE('',#7307,#7308,#828,.T.);
#6049=EDGE_CURVE('',#7290,#7308,#829,.T.);
#6050=EDGE_CURVE('',#7309,#7291,#830,.T.);
#6051=EDGE_CURVE('',#7309,#7310,#831,.T.);
#6052=EDGE_CURVE('',#7292,#7310,#832,.T.);
#6053=EDGE_CURVE('',#7311,#7293,#833,.T.);
#6054=EDGE_CURVE('',#7311,#7312,#834,.T.);
#6055=EDGE_CURVE('',#7294,#7312,#835,.T.);
#6056=EDGE_CURVE('',#7313,#7295,#836,.T.);
#6057=EDGE_CURVE('',#7313,#7314,#837,.T.);
#6058=EDGE_CURVE('',#7296,#7314,#838,.T.);
#6059=EDGE_CURVE('',#7315,#7297,#839,.T.);
#6060=EDGE_CURVE('',#7315,#7316,#840,.T.);
#6061=EDGE_CURVE('',#7298,#7316,#841,.T.);
#6062=EDGE_CURVE('',#7317,#7299,#842,.T.);
#6063=EDGE_CURVE('',#7317,#7318,#843,.T.);
#6064=EDGE_CURVE('',#7300,#7318,#844,.T.);
#6065=EDGE_CURVE('',#7319,#7301,#845,.T.);
#6066=EDGE_CURVE('',#7319,#7320,#846,.T.);
#6067=EDGE_CURVE('',#7302,#7320,#847,.T.);
#6068=EDGE_CURVE('',#7303,#7321,#848,.T.);
#6069=EDGE_CURVE('',#7304,#7322,#849,.T.);
#6070=EDGE_CURVE('',#7322,#7321,#850,.T.);
#6071=EDGE_CURVE('',#7323,#7305,#851,.T.);
#6072=EDGE_CURVE('',#7323,#7324,#852,.T.);
#6073=EDGE_CURVE('',#7306,#7324,#853,.T.);
#6074=EDGE_CURVE('',#7325,#7307,#854,.T.);
#6075=EDGE_CURVE('',#7325,#7326,#855,.T.);
#6076=EDGE_CURVE('',#7308,#7326,#856,.T.);
#6077=EDGE_CURVE('',#7327,#7309,#857,.T.);
#6078=EDGE_CURVE('',#7327,#7328,#858,.T.);
#6079=EDGE_CURVE('',#7310,#7328,#859,.T.);
#6080=EDGE_CURVE('',#7329,#7311,#860,.T.);
#6081=EDGE_CURVE('',#7329,#7330,#861,.T.);
#6082=EDGE_CURVE('',#7312,#7330,#862,.T.);
#6083=EDGE_CURVE('',#7331,#7313,#863,.T.);
#6084=EDGE_CURVE('',#7331,#7332,#864,.T.);
#6085=EDGE_CURVE('',#7314,#7332,#865,.T.);
#6086=EDGE_CURVE('',#7333,#7315,#866,.T.);
#6087=EDGE_CURVE('',#7333,#7334,#867,.T.);
#6088=EDGE_CURVE('',#7316,#7334,#868,.T.);
#6089=EDGE_CURVE('',#7335,#7317,#869,.T.);
#6090=EDGE_CURVE('',#7335,#7336,#870,.T.);
#6091=EDGE_CURVE('',#7318,#7336,#871,.T.);
#6092=EDGE_CURVE('',#7337,#7319,#872,.T.);
#6093=EDGE_CURVE('',#7337,#7338,#873,.T.);
#6094=EDGE_CURVE('',#7320,#7338,#874,.T.);
#6095=EDGE_CURVE('',#7321,#7339,#875,.T.);
#6096=EDGE_CURVE('',#7322,#7340,#876,.T.);
#6097=EDGE_CURVE('',#7340,#7339,#877,.T.);
#6098=EDGE_CURVE('',#7341,#7323,#878,.T.);
#6099=EDGE_CURVE('',#7341,#7342,#879,.T.);
#6100=EDGE_CURVE('',#7324,#7342,#880,.T.);
#6101=EDGE_CURVE('',#7343,#7325,#881,.T.);
#6102=EDGE_CURVE('',#7343,#7344,#882,.T.);
#6103=EDGE_CURVE('',#7326,#7344,#883,.T.);
#6104=EDGE_CURVE('',#7345,#7327,#884,.T.);
#6105=EDGE_CURVE('',#7345,#7346,#885,.T.);
#6106=EDGE_CURVE('',#7328,#7346,#886,.T.);
#6107=EDGE_CURVE('',#7347,#7329,#887,.T.);
#6108=EDGE_CURVE('',#7347,#7348,#888,.T.);
#6109=EDGE_CURVE('',#7330,#7348,#889,.T.);
#6110=EDGE_CURVE('',#7349,#7331,#890,.T.);
#6111=EDGE_CURVE('',#7349,#7350,#891,.T.);
#6112=EDGE_CURVE('',#7332,#7350,#892,.T.);
#6113=EDGE_CURVE('',#7351,#7333,#893,.T.);
#6114=EDGE_CURVE('',#7351,#7352,#894,.T.);
#6115=EDGE_CURVE('',#7334,#7352,#895,.T.);
#6116=EDGE_CURVE('',#7353,#7335,#896,.T.);
#6117=EDGE_CURVE('',#7353,#7354,#897,.T.);
#6118=EDGE_CURVE('',#7336,#7354,#898,.T.);
#6119=EDGE_CURVE('',#7355,#7337,#899,.T.);
#6120=EDGE_CURVE('',#7355,#7356,#900,.T.);
#6121=EDGE_CURVE('',#7338,#7356,#901,.T.);
#6122=EDGE_CURVE('',#7357,#7358,#902,.T.);
#6123=EDGE_CURVE('',#7358,#7339,#7923,.F.);
#6124=EDGE_CURVE('',#7357,#7340,#7924,.T.);
#6125=EDGE_CURVE('',#7341,#7359,#7925,.F.);
#6126=EDGE_CURVE('',#7359,#7360,#903,.T.);
#6127=EDGE_CURVE('',#7360,#7342,#7926,.F.);
#6128=EDGE_CURVE('',#7343,#7361,#7927,.F.);
#6129=EDGE_CURVE('',#7361,#7362,#904,.T.);
#6130=EDGE_CURVE('',#7362,#7344,#7928,.F.);
#6131=EDGE_CURVE('',#7345,#7363,#7929,.F.);
#6132=EDGE_CURVE('',#7363,#7364,#905,.T.);
#6133=EDGE_CURVE('',#7364,#7346,#7930,.F.);
#6134=EDGE_CURVE('',#7347,#7365,#7931,.F.);
#6135=EDGE_CURVE('',#7365,#7366,#906,.T.);
#6136=EDGE_CURVE('',#7366,#7348,#7932,.F.);
#6137=EDGE_CURVE('',#7349,#7367,#7933,.F.);
#6138=EDGE_CURVE('',#7367,#7368,#907,.T.);
#6139=EDGE_CURVE('',#7368,#7350,#7934,.F.);
#6140=EDGE_CURVE('',#7351,#7369,#7935,.F.);
#6141=EDGE_CURVE('',#7369,#7370,#908,.T.);
#6142=EDGE_CURVE('',#7370,#7352,#7936,.F.);
#6143=EDGE_CURVE('',#7353,#7371,#7937,.F.);
#6144=EDGE_CURVE('',#7371,#7372,#909,.T.);
#6145=EDGE_CURVE('',#7372,#7354,#7938,.F.);
#6146=EDGE_CURVE('',#7355,#7373,#7939,.F.);
#6147=EDGE_CURVE('',#7373,#7374,#910,.T.);
#6148=EDGE_CURVE('',#7374,#7356,#7940,.F.);
#6149=EDGE_CURVE('',#7358,#7375,#911,.T.);
#6150=EDGE_CURVE('',#7357,#7376,#912,.T.);
#6151=EDGE_CURVE('',#7376,#7375,#913,.T.);
#6152=EDGE_CURVE('',#7377,#7359,#914,.T.);
#6153=EDGE_CURVE('',#7377,#7378,#915,.T.);
#6154=EDGE_CURVE('',#7360,#7378,#916,.T.);
#6155=EDGE_CURVE('',#7379,#7361,#917,.T.);
#6156=EDGE_CURVE('',#7379,#7380,#918,.T.);
#6157=EDGE_CURVE('',#7362,#7380,#919,.T.);
#6158=EDGE_CURVE('',#7381,#7363,#920,.T.);
#6159=EDGE_CURVE('',#7381,#7382,#921,.T.);
#6160=EDGE_CURVE('',#7364,#7382,#922,.T.);
#6161=EDGE_CURVE('',#7383,#7365,#923,.T.);
#6162=EDGE_CURVE('',#7383,#7384,#924,.T.);
#6163=EDGE_CURVE('',#7366,#7384,#925,.T.);
#6164=EDGE_CURVE('',#7385,#7367,#926,.T.);
#6165=EDGE_CURVE('',#7385,#7386,#927,.T.);
#6166=EDGE_CURVE('',#7368,#7386,#928,.T.);
#6167=EDGE_CURVE('',#7387,#7369,#929,.T.);
#6168=EDGE_CURVE('',#7387,#7388,#930,.T.);
#6169=EDGE_CURVE('',#7370,#7388,#931,.T.);
#6170=EDGE_CURVE('',#7389,#7371,#932,.T.);
#6171=EDGE_CURVE('',#7389,#7390,#933,.T.);
#6172=EDGE_CURVE('',#7372,#7390,#934,.T.);
#6173=EDGE_CURVE('',#7391,#7373,#935,.T.);
#6174=EDGE_CURVE('',#7391,#7392,#936,.T.);
#6175=EDGE_CURVE('',#7374,#7392,#937,.T.);
#6176=EDGE_CURVE('',#7375,#7393,#7941,.F.);
#6177=EDGE_CURVE('',#7376,#7394,#7942,.T.);
#6178=EDGE_CURVE('',#7394,#7393,#938,.T.);
#6179=EDGE_CURVE('',#7395,#7377,#7943,.F.);
#6180=EDGE_CURVE('',#7395,#7396,#939,.T.);
#6181=EDGE_CURVE('',#7378,#7396,#7944,.F.);
#6182=EDGE_CURVE('',#7397,#7379,#7945,.F.);
#6183=EDGE_CURVE('',#7397,#7398,#940,.T.);
#6184=EDGE_CURVE('',#7380,#7398,#7946,.F.);
#6185=EDGE_CURVE('',#7399,#7381,#7947,.F.);
#6186=EDGE_CURVE('',#7399,#7400,#941,.T.);
#6187=EDGE_CURVE('',#7382,#7400,#7948,.F.);
#6188=EDGE_CURVE('',#7401,#7383,#7949,.F.);
#6189=EDGE_CURVE('',#7401,#7402,#942,.T.);
#6190=EDGE_CURVE('',#7384,#7402,#7950,.F.);
#6191=EDGE_CURVE('',#7403,#7385,#7951,.F.);
#6192=EDGE_CURVE('',#7403,#7404,#943,.T.);
#6193=EDGE_CURVE('',#7386,#7404,#7952,.F.);
#6194=EDGE_CURVE('',#7405,#7387,#7953,.F.);
#6195=EDGE_CURVE('',#7405,#7406,#944,.T.);
#6196=EDGE_CURVE('',#7388,#7406,#7954,.F.);
#6197=EDGE_CURVE('',#7407,#7389,#7955,.F.);
#6198=EDGE_CURVE('',#7407,#7408,#945,.T.);
#6199=EDGE_CURVE('',#7390,#7408,#7956,.F.);
#6200=EDGE_CURVE('',#7409,#7391,#7957,.F.);
#6201=EDGE_CURVE('',#7409,#7410,#946,.T.);
#6202=EDGE_CURVE('',#7392,#7410,#7958,.F.);
#6203=EDGE_CURVE('',#7411,#7412,#947,.T.);
#6204=EDGE_CURVE('',#7412,#7413,#7959,.F.);
#6205=EDGE_CURVE('',#7414,#7413,#948,.T.);
#6206=EDGE_CURVE('',#7411,#7414,#7960,.T.);
#6207=EDGE_CURVE('',#7415,#7416,#949,.T.);
#6208=EDGE_CURVE('',#7415,#7417,#7961,.F.);
#6209=EDGE_CURVE('',#7417,#7418,#950,.T.);
#6210=EDGE_CURVE('',#7418,#7416,#7962,.F.);
#6211=EDGE_CURVE('',#7419,#7420,#951,.T.);
#6212=EDGE_CURVE('',#7419,#7421,#7963,.F.);
#6213=EDGE_CURVE('',#7421,#7422,#952,.T.);
#6214=EDGE_CURVE('',#7422,#7420,#7964,.F.);
#6215=EDGE_CURVE('',#7423,#7424,#953,.T.);
#6216=EDGE_CURVE('',#7423,#7425,#7965,.F.);
#6217=EDGE_CURVE('',#7425,#7426,#954,.T.);
#6218=EDGE_CURVE('',#7426,#7424,#7966,.F.);
#6219=EDGE_CURVE('',#7427,#7428,#955,.T.);
#6220=EDGE_CURVE('',#7427,#7429,#7967,.F.);
#6221=EDGE_CURVE('',#7429,#7430,#956,.T.);
#6222=EDGE_CURVE('',#7430,#7428,#7968,.F.);
#6223=EDGE_CURVE('',#7431,#7432,#957,.T.);
#6224=EDGE_CURVE('',#7431,#7433,#7969,.F.);
#6225=EDGE_CURVE('',#7433,#7434,#958,.T.);
#6226=EDGE_CURVE('',#7434,#7432,#7970,.F.);
#6227=EDGE_CURVE('',#7435,#7436,#959,.T.);
#6228=EDGE_CURVE('',#7435,#7437,#7971,.F.);
#6229=EDGE_CURVE('',#7437,#7438,#960,.T.);
#6230=EDGE_CURVE('',#7438,#7436,#7972,.F.);
#6231=EDGE_CURVE('',#7439,#7440,#961,.T.);
#6232=EDGE_CURVE('',#7439,#7441,#7973,.F.);
#6233=EDGE_CURVE('',#7441,#7442,#962,.T.);
#6234=EDGE_CURVE('',#7442,#7440,#7974,.F.);
#6235=EDGE_CURVE('',#7443,#7444,#963,.T.);
#6236=EDGE_CURVE('',#7443,#7445,#7975,.F.);
#6237=EDGE_CURVE('',#7445,#7446,#964,.T.);
#6238=EDGE_CURVE('',#7446,#7444,#7976,.F.);
#6239=EDGE_CURVE('',#7412,#7447,#965,.T.);
#6240=EDGE_CURVE('',#7411,#7448,#966,.T.);
#6241=EDGE_CURVE('',#7448,#7447,#967,.T.);
#6242=EDGE_CURVE('',#7449,#7417,#968,.T.);
#6243=EDGE_CURVE('',#7449,#7450,#969,.T.);
#6244=EDGE_CURVE('',#7418,#7450,#970,.T.);
#6245=EDGE_CURVE('',#7451,#7421,#971,.T.);
#6246=EDGE_CURVE('',#7451,#7452,#972,.T.);
#6247=EDGE_CURVE('',#7422,#7452,#973,.T.);
#6248=EDGE_CURVE('',#7453,#7425,#974,.T.);
#6249=EDGE_CURVE('',#7453,#7454,#975,.T.);
#6250=EDGE_CURVE('',#7426,#7454,#976,.T.);
#6251=EDGE_CURVE('',#7455,#7429,#977,.T.);
#6252=EDGE_CURVE('',#7455,#7456,#978,.T.);
#6253=EDGE_CURVE('',#7430,#7456,#979,.T.);
#6254=EDGE_CURVE('',#7457,#7433,#980,.T.);
#6255=EDGE_CURVE('',#7457,#7458,#981,.T.);
#6256=EDGE_CURVE('',#7434,#7458,#982,.T.);
#6257=EDGE_CURVE('',#7459,#7437,#983,.T.);
#6258=EDGE_CURVE('',#7459,#7460,#984,.T.);
#6259=EDGE_CURVE('',#7438,#7460,#985,.T.);
#6260=EDGE_CURVE('',#7461,#7441,#986,.T.);
#6261=EDGE_CURVE('',#7461,#7462,#987,.T.);
#6262=EDGE_CURVE('',#7442,#7462,#988,.T.);
#6263=EDGE_CURVE('',#7463,#7445,#989,.T.);
#6264=EDGE_CURVE('',#7463,#7464,#990,.T.);
#6265=EDGE_CURVE('',#7446,#7464,#991,.T.);
#6266=EDGE_CURVE('',#7447,#7465,#7977,.F.);
#6267=EDGE_CURVE('',#7448,#7466,#7978,.T.);
#6268=EDGE_CURVE('',#7466,#7465,#992,.T.);
#6269=EDGE_CURVE('',#7467,#7449,#7979,.F.);
#6270=EDGE_CURVE('',#7467,#7468,#993,.T.);
#6271=EDGE_CURVE('',#7450,#7468,#7980,.F.);
#6272=EDGE_CURVE('',#7469,#7451,#7981,.F.);
#6273=EDGE_CURVE('',#7469,#7470,#994,.T.);
#6274=EDGE_CURVE('',#7452,#7470,#7982,.F.);
#6275=EDGE_CURVE('',#7471,#7453,#7983,.F.);
#6276=EDGE_CURVE('',#7471,#7472,#995,.T.);
#6277=EDGE_CURVE('',#7454,#7472,#7984,.F.);
#6278=EDGE_CURVE('',#7473,#7455,#7985,.F.);
#6279=EDGE_CURVE('',#7473,#7474,#996,.T.);
#6280=EDGE_CURVE('',#7456,#7474,#7986,.F.);
#6281=EDGE_CURVE('',#7475,#7457,#7987,.F.);
#6282=EDGE_CURVE('',#7475,#7476,#997,.T.);
#6283=EDGE_CURVE('',#7458,#7476,#7988,.F.);
#6284=EDGE_CURVE('',#7477,#7459,#7989,.F.);
#6285=EDGE_CURVE('',#7477,#7478,#998,.T.);
#6286=EDGE_CURVE('',#7460,#7478,#7990,.F.);
#6287=EDGE_CURVE('',#7479,#7461,#7991,.F.);
#6288=EDGE_CURVE('',#7479,#7480,#999,.T.);
#6289=EDGE_CURVE('',#7462,#7480,#7992,.F.);
#6290=EDGE_CURVE('',#7481,#7463,#7993,.F.);
#6291=EDGE_CURVE('',#7481,#7482,#1000,.T.);
#6292=EDGE_CURVE('',#7464,#7482,#7994,.F.);
#6293=EDGE_CURVE('',#7465,#7483,#1001,.T.);
#6294=EDGE_CURVE('',#7466,#7484,#1002,.T.);
#6295=EDGE_CURVE('',#7484,#7483,#1003,.T.);
#6296=EDGE_CURVE('',#7485,#7467,#1004,.T.);
#6297=EDGE_CURVE('',#7485,#7486,#1005,.T.);
#6298=EDGE_CURVE('',#7468,#7486,#1006,.T.);
#6299=EDGE_CURVE('',#7487,#7469,#1007,.T.);
#6300=EDGE_CURVE('',#7487,#7488,#1008,.T.);
#6301=EDGE_CURVE('',#7470,#7488,#1009,.T.);
#6302=EDGE_CURVE('',#7489,#7471,#1010,.T.);
#6303=EDGE_CURVE('',#7489,#7490,#1011,.T.);
#6304=EDGE_CURVE('',#7472,#7490,#1012,.T.);
#6305=EDGE_CURVE('',#7491,#7473,#1013,.T.);
#6306=EDGE_CURVE('',#7491,#7492,#1014,.T.);
#6307=EDGE_CURVE('',#7474,#7492,#1015,.T.);
#6308=EDGE_CURVE('',#7493,#7475,#1016,.T.);
#6309=EDGE_CURVE('',#7493,#7494,#1017,.T.);
#6310=EDGE_CURVE('',#7476,#7494,#1018,.T.);
#6311=EDGE_CURVE('',#7495,#7477,#1019,.T.);
#6312=EDGE_CURVE('',#7495,#7496,#1020,.T.);
#6313=EDGE_CURVE('',#7478,#7496,#1021,.T.);
#6314=EDGE_CURVE('',#7497,#7479,#1022,.T.);
#6315=EDGE_CURVE('',#7497,#7498,#1023,.T.);
#6316=EDGE_CURVE('',#7480,#7498,#1024,.T.);
#6317=EDGE_CURVE('',#7499,#7481,#1025,.T.);
#6318=EDGE_CURVE('',#7499,#7500,#1026,.T.);
#6319=EDGE_CURVE('',#7482,#7500,#1027,.T.);
#6320=EDGE_CURVE('',#7483,#7501,#1028,.T.);
#6321=EDGE_CURVE('',#7484,#7502,#1029,.T.);
#6322=EDGE_CURVE('',#7502,#7501,#1030,.T.);
#6323=EDGE_CURVE('',#7503,#7485,#1031,.T.);
#6324=EDGE_CURVE('',#7503,#7504,#1032,.T.);
#6325=EDGE_CURVE('',#7486,#7504,#1033,.T.);
#6326=EDGE_CURVE('',#7505,#7487,#1034,.T.);
#6327=EDGE_CURVE('',#7505,#7506,#1035,.T.);
#6328=EDGE_CURVE('',#7488,#7506,#1036,.T.);
#6329=EDGE_CURVE('',#7507,#7489,#1037,.T.);
#6330=EDGE_CURVE('',#7507,#7508,#1038,.T.);
#6331=EDGE_CURVE('',#7490,#7508,#1039,.T.);
#6332=EDGE_CURVE('',#7509,#7491,#1040,.T.);
#6333=EDGE_CURVE('',#7509,#7510,#1041,.T.);
#6334=EDGE_CURVE('',#7492,#7510,#1042,.T.);
#6335=EDGE_CURVE('',#7511,#7493,#1043,.T.);
#6336=EDGE_CURVE('',#7511,#7512,#1044,.T.);
#6337=EDGE_CURVE('',#7494,#7512,#1045,.T.);
#6338=EDGE_CURVE('',#7513,#7495,#1046,.T.);
#6339=EDGE_CURVE('',#7513,#7514,#1047,.T.);
#6340=EDGE_CURVE('',#7496,#7514,#1048,.T.);
#6341=EDGE_CURVE('',#7515,#7497,#1049,.T.);
#6342=EDGE_CURVE('',#7515,#7516,#1050,.T.);
#6343=EDGE_CURVE('',#7498,#7516,#1051,.T.);
#6344=EDGE_CURVE('',#7517,#7499,#1052,.T.);
#6345=EDGE_CURVE('',#7517,#7518,#1053,.T.);
#6346=EDGE_CURVE('',#7500,#7518,#1054,.T.);
#6347=EDGE_CURVE('',#7501,#7519,#1055,.T.);
#6348=EDGE_CURVE('',#7502,#7520,#1056,.T.);
#6349=EDGE_CURVE('',#7520,#7519,#1057,.T.);
#6350=EDGE_CURVE('',#7521,#7503,#1058,.T.);
#6351=EDGE_CURVE('',#7521,#7522,#1059,.T.);
#6352=EDGE_CURVE('',#7504,#7522,#1060,.T.);
#6353=EDGE_CURVE('',#7523,#7505,#1061,.T.);
#6354=EDGE_CURVE('',#7523,#7524,#1062,.T.);
#6355=EDGE_CURVE('',#7506,#7524,#1063,.T.);
#6356=EDGE_CURVE('',#7525,#7507,#1064,.T.);
#6357=EDGE_CURVE('',#7525,#7526,#1065,.T.);
#6358=EDGE_CURVE('',#7508,#7526,#1066,.T.);
#6359=EDGE_CURVE('',#7527,#7509,#1067,.T.);
#6360=EDGE_CURVE('',#7527,#7528,#1068,.T.);
#6361=EDGE_CURVE('',#7510,#7528,#1069,.T.);
#6362=EDGE_CURVE('',#7529,#7511,#1070,.T.);
#6363=EDGE_CURVE('',#7529,#7530,#1071,.T.);
#6364=EDGE_CURVE('',#7512,#7530,#1072,.T.);
#6365=EDGE_CURVE('',#7531,#7513,#1073,.T.);
#6366=EDGE_CURVE('',#7531,#7532,#1074,.T.);
#6367=EDGE_CURVE('',#7514,#7532,#1075,.T.);
#6368=EDGE_CURVE('',#7533,#7515,#1076,.T.);
#6369=EDGE_CURVE('',#7533,#7534,#1077,.T.);
#6370=EDGE_CURVE('',#7516,#7534,#1078,.T.);
#6371=EDGE_CURVE('',#7535,#7517,#1079,.T.);
#6372=EDGE_CURVE('',#7535,#7536,#1080,.T.);
#6373=EDGE_CURVE('',#7518,#7536,#1081,.T.);
#6374=EDGE_CURVE('',#7537,#7538,#1082,.T.);
#6375=EDGE_CURVE('',#7538,#7519,#7995,.F.);
#6376=EDGE_CURVE('',#7537,#7520,#7996,.T.);
#6377=EDGE_CURVE('',#7521,#7539,#7997,.F.);
#6378=EDGE_CURVE('',#7539,#7540,#1083,.T.);
#6379=EDGE_CURVE('',#7540,#7522,#7998,.F.);
#6380=EDGE_CURVE('',#7523,#7541,#7999,.F.);
#6381=EDGE_CURVE('',#7541,#7542,#1084,.T.);
#6382=EDGE_CURVE('',#7542,#7524,#8000,.F.);
#6383=EDGE_CURVE('',#7525,#7543,#8001,.F.);
#6384=EDGE_CURVE('',#7543,#7544,#1085,.T.);
#6385=EDGE_CURVE('',#7544,#7526,#8002,.F.);
#6386=EDGE_CURVE('',#7527,#7545,#8003,.F.);
#6387=EDGE_CURVE('',#7545,#7546,#1086,.T.);
#6388=EDGE_CURVE('',#7546,#7528,#8004,.F.);
#6389=EDGE_CURVE('',#7529,#7547,#8005,.F.);
#6390=EDGE_CURVE('',#7547,#7548,#1087,.T.);
#6391=EDGE_CURVE('',#7548,#7530,#8006,.F.);
#6392=EDGE_CURVE('',#7531,#7549,#8007,.F.);
#6393=EDGE_CURVE('',#7549,#7550,#1088,.T.);
#6394=EDGE_CURVE('',#7550,#7532,#8008,.F.);
#6395=EDGE_CURVE('',#7533,#7551,#8009,.F.);
#6396=EDGE_CURVE('',#7551,#7552,#1089,.T.);
#6397=EDGE_CURVE('',#7552,#7534,#8010,.F.);
#6398=EDGE_CURVE('',#7535,#7553,#8011,.F.);
#6399=EDGE_CURVE('',#7553,#7554,#1090,.T.);
#6400=EDGE_CURVE('',#7554,#7536,#8012,.F.);
#6401=EDGE_CURVE('',#7538,#7555,#1091,.T.);
#6402=EDGE_CURVE('',#7537,#7556,#1092,.T.);
#6403=EDGE_CURVE('',#7556,#7555,#1093,.T.);
#6404=EDGE_CURVE('',#7557,#7539,#1094,.T.);
#6405=EDGE_CURVE('',#7557,#7558,#1095,.T.);
#6406=EDGE_CURVE('',#7540,#7558,#1096,.T.);
#6407=EDGE_CURVE('',#7559,#7541,#1097,.T.);
#6408=EDGE_CURVE('',#7559,#7560,#1098,.T.);
#6409=EDGE_CURVE('',#7542,#7560,#1099,.T.);
#6410=EDGE_CURVE('',#7561,#7543,#1100,.T.);
#6411=EDGE_CURVE('',#7561,#7562,#1101,.T.);
#6412=EDGE_CURVE('',#7544,#7562,#1102,.T.);
#6413=EDGE_CURVE('',#7563,#7545,#1103,.T.);
#6414=EDGE_CURVE('',#7563,#7564,#1104,.T.);
#6415=EDGE_CURVE('',#7546,#7564,#1105,.T.);
#6416=EDGE_CURVE('',#7565,#7547,#1106,.T.);
#6417=EDGE_CURVE('',#7565,#7566,#1107,.T.);
#6418=EDGE_CURVE('',#7548,#7566,#1108,.T.);
#6419=EDGE_CURVE('',#7567,#7549,#1109,.T.);
#6420=EDGE_CURVE('',#7567,#7568,#1110,.T.);
#6421=EDGE_CURVE('',#7550,#7568,#1111,.T.);
#6422=EDGE_CURVE('',#7569,#7551,#1112,.T.);
#6423=EDGE_CURVE('',#7569,#7570,#1113,.T.);
#6424=EDGE_CURVE('',#7552,#7570,#1114,.T.);
#6425=EDGE_CURVE('',#7571,#7553,#1115,.T.);
#6426=EDGE_CURVE('',#7571,#7572,#1116,.T.);
#6427=EDGE_CURVE('',#7554,#7572,#1117,.T.);
#6428=EDGE_CURVE('',#7555,#7573,#8013,.F.);
#6429=EDGE_CURVE('',#7556,#7574,#8014,.T.);
#6430=EDGE_CURVE('',#7574,#7573,#1118,.T.);
#6431=EDGE_CURVE('',#7575,#7557,#8015,.F.);
#6432=EDGE_CURVE('',#7575,#7576,#1119,.T.);
#6433=EDGE_CURVE('',#7558,#7576,#8016,.F.);
#6434=EDGE_CURVE('',#7577,#7559,#8017,.F.);
#6435=EDGE_CURVE('',#7577,#7578,#1120,.T.);
#6436=EDGE_CURVE('',#7560,#7578,#8018,.F.);
#6437=EDGE_CURVE('',#7579,#7561,#8019,.F.);
#6438=EDGE_CURVE('',#7579,#7580,#1121,.T.);
#6439=EDGE_CURVE('',#7562,#7580,#8020,.F.);
#6440=EDGE_CURVE('',#7581,#7563,#8021,.F.);
#6441=EDGE_CURVE('',#7581,#7582,#1122,.T.);
#6442=EDGE_CURVE('',#7564,#7582,#8022,.F.);
#6443=EDGE_CURVE('',#7583,#7565,#8023,.F.);
#6444=EDGE_CURVE('',#7583,#7584,#1123,.T.);
#6445=EDGE_CURVE('',#7566,#7584,#8024,.F.);
#6446=EDGE_CURVE('',#7585,#7567,#8025,.F.);
#6447=EDGE_CURVE('',#7585,#7586,#1124,.T.);
#6448=EDGE_CURVE('',#7568,#7586,#8026,.F.);
#6449=EDGE_CURVE('',#7587,#7569,#8027,.F.);
#6450=EDGE_CURVE('',#7587,#7588,#1125,.T.);
#6451=EDGE_CURVE('',#7570,#7588,#8028,.F.);
#6452=EDGE_CURVE('',#7589,#7571,#8029,.F.);
#6453=EDGE_CURVE('',#7589,#7590,#1126,.T.);
#6454=EDGE_CURVE('',#7572,#7590,#8030,.F.);
#6455=EDGE_CURVE('',#7591,#7592,#1127,.T.);
#6456=EDGE_CURVE('',#7593,#7591,#1128,.T.);
#6457=EDGE_CURVE('',#7594,#7593,#1129,.T.);
#6458=EDGE_CURVE('',#7594,#7592,#1130,.T.);
#6459=EDGE_CURVE('',#7592,#7595,#1131,.T.);
#6460=EDGE_CURVE('',#7594,#7596,#1132,.T.);
#6461=EDGE_CURVE('',#7596,#7595,#1133,.T.);
#6462=EDGE_CURVE('',#7595,#7597,#1134,.T.);
#6463=EDGE_CURVE('',#7598,#7596,#1135,.T.);
#6464=EDGE_CURVE('',#7598,#7597,#1136,.T.);
#6465=EDGE_CURVE('',#7141,#7599,#1137,.T.);
#6466=EDGE_CURVE('',#7600,#7142,#1138,.T.);
#6467=EDGE_CURVE('',#7601,#7600,#1139,.T.);
#6468=EDGE_CURVE('',#7602,#7601,#1140,.T.);
#6469=EDGE_CURVE('',#7603,#7602,#1141,.T.);
#6470=EDGE_CURVE('',#7143,#7603,#1142,.T.);
#6471=EDGE_CURVE('',#7604,#7144,#1143,.T.);
#6472=EDGE_CURVE('',#7605,#7604,#1144,.T.);
#6473=EDGE_CURVE('',#7606,#7605,#1145,.T.);
#6474=EDGE_CURVE('',#7607,#7606,#1146,.T.);
#6475=EDGE_CURVE('',#7145,#7607,#1147,.T.);
#6476=EDGE_CURVE('',#7608,#7146,#1148,.T.);
#6477=EDGE_CURVE('',#7609,#7608,#1149,.T.);
#6478=EDGE_CURVE('',#7610,#7609,#1150,.T.);
#6479=EDGE_CURVE('',#7611,#7610,#1151,.T.);
#6480=EDGE_CURVE('',#7147,#7611,#1152,.T.);
#6481=EDGE_CURVE('',#7612,#7148,#1153,.T.);
#6482=EDGE_CURVE('',#7613,#7612,#1154,.T.);
#6483=EDGE_CURVE('',#7614,#7613,#1155,.T.);
#6484=EDGE_CURVE('',#7615,#7614,#1156,.T.);
#6485=EDGE_CURVE('',#7149,#7615,#1157,.T.);
#6486=EDGE_CURVE('',#7616,#7150,#1158,.T.);
#6487=EDGE_CURVE('',#7617,#7616,#1159,.T.);
#6488=EDGE_CURVE('',#7618,#7617,#1160,.T.);
#6489=EDGE_CURVE('',#7619,#7618,#1161,.T.);
#6490=EDGE_CURVE('',#7151,#7619,#1162,.T.);
#6491=EDGE_CURVE('',#7620,#7152,#1163,.T.);
#6492=EDGE_CURVE('',#7621,#7620,#1164,.T.);
#6493=EDGE_CURVE('',#7622,#7621,#1165,.T.);
#6494=EDGE_CURVE('',#7623,#7622,#1166,.T.);
#6495=EDGE_CURVE('',#7153,#7623,#1167,.T.);
#6496=EDGE_CURVE('',#7624,#7154,#1168,.T.);
#6497=EDGE_CURVE('',#7625,#7624,#1169,.T.);
#6498=EDGE_CURVE('',#7626,#7625,#1170,.T.);
#6499=EDGE_CURVE('',#7627,#7626,#1171,.T.);
#6500=EDGE_CURVE('',#7155,#7627,#1172,.T.);
#6501=EDGE_CURVE('',#7628,#7156,#1173,.T.);
#6502=EDGE_CURVE('',#7629,#7628,#1174,.T.);
#6503=EDGE_CURVE('',#7630,#7629,#1175,.T.);
#6504=EDGE_CURVE('',#7631,#7630,#1176,.T.);
#6505=EDGE_CURVE('',#7157,#7631,#1177,.T.);
#6506=EDGE_CURVE('',#7632,#7158,#1178,.T.);
#6507=EDGE_CURVE('',#7633,#7632,#1179,.T.);
#6508=EDGE_CURVE('',#7634,#7633,#1180,.T.);
#6509=EDGE_CURVE('',#7635,#7634,#1181,.T.);
#6510=EDGE_CURVE('',#7597,#7635,#1182,.T.);
#6511=EDGE_CURVE('',#7636,#7598,#1183,.T.);
#6512=EDGE_CURVE('',#7636,#7637,#1184,.T.);
#6513=EDGE_CURVE('',#7637,#7638,#1185,.T.);
#6514=EDGE_CURVE('',#7599,#7638,#1186,.T.);
#6515=EDGE_CURVE('',#7638,#7639,#1187,.T.);
#6516=EDGE_CURVE('',#7637,#7640,#1188,.T.);
#6517=EDGE_CURVE('',#7640,#7639,#1189,.T.);
#6518=EDGE_CURVE('',#7641,#7159,#1190,.T.);
#6519=EDGE_CURVE('',#7639,#7641,#1191,.T.);
#6520=EDGE_CURVE('',#7640,#7642,#1192,.T.);
#6521=EDGE_CURVE('',#7643,#7642,#1193,.T.);
#6522=EDGE_CURVE('',#7643,#7644,#1194,.T.);
#6523=EDGE_CURVE('',#7645,#7644,#1195,.T.);
#6524=EDGE_CURVE('',#7646,#7645,#1196,.T.);
#6525=EDGE_CURVE('',#7647,#7646,#1197,.T.);
#6526=EDGE_CURVE('',#7648,#7647,#1198,.T.);
#6527=EDGE_CURVE('',#7193,#7648,#1199,.T.);
#6528=EDGE_CURVE('',#7649,#7191,#1200,.T.);
#6529=EDGE_CURVE('',#7650,#7649,#1201,.T.);
#6530=EDGE_CURVE('',#7651,#7650,#1202,.T.);
#6531=EDGE_CURVE('',#7652,#7651,#1203,.T.);
#6532=EDGE_CURVE('',#7189,#7652,#1204,.T.);
#6533=EDGE_CURVE('',#7653,#7187,#1205,.T.);
#6534=EDGE_CURVE('',#7654,#7653,#1206,.T.);
#6535=EDGE_CURVE('',#7655,#7654,#1207,.T.);
#6536=EDGE_CURVE('',#7656,#7655,#1208,.T.);
#6537=EDGE_CURVE('',#7185,#7656,#1209,.T.);
#6538=EDGE_CURVE('',#7657,#7183,#1210,.T.);
#6539=EDGE_CURVE('',#7658,#7657,#1211,.T.);
#6540=EDGE_CURVE('',#7659,#7658,#1212,.T.);
#6541=EDGE_CURVE('',#7660,#7659,#1213,.T.);
#6542=EDGE_CURVE('',#7181,#7660,#1214,.T.);
#6543=EDGE_CURVE('',#7661,#7179,#1215,.T.);
#6544=EDGE_CURVE('',#7662,#7661,#1216,.T.);
#6545=EDGE_CURVE('',#7663,#7662,#1217,.T.);
#6546=EDGE_CURVE('',#7664,#7663,#1218,.T.);
#6547=EDGE_CURVE('',#7177,#7664,#1219,.T.);
#6548=EDGE_CURVE('',#7665,#7175,#1220,.T.);
#6549=EDGE_CURVE('',#7666,#7665,#1221,.T.);
#6550=EDGE_CURVE('',#7667,#7666,#1222,.T.);
#6551=EDGE_CURVE('',#7668,#7667,#1223,.T.);
#6552=EDGE_CURVE('',#7173,#7668,#1224,.T.);
#6553=EDGE_CURVE('',#7669,#7171,#1225,.T.);
#6554=EDGE_CURVE('',#7670,#7669,#1226,.T.);
#6555=EDGE_CURVE('',#7671,#7670,#1227,.T.);
#6556=EDGE_CURVE('',#7672,#7671,#1228,.T.);
#6557=EDGE_CURVE('',#7169,#7672,#1229,.T.);
#6558=EDGE_CURVE('',#7673,#7167,#1230,.T.);
#6559=EDGE_CURVE('',#7674,#7673,#1231,.T.);
#6560=EDGE_CURVE('',#7675,#7674,#1232,.T.);
#6561=EDGE_CURVE('',#7676,#7675,#1233,.T.);
#6562=EDGE_CURVE('',#7165,#7676,#1234,.T.);
#6563=EDGE_CURVE('',#7677,#7163,#1235,.T.);
#6564=EDGE_CURVE('',#7678,#7677,#1236,.T.);
#6565=EDGE_CURVE('',#7679,#7678,#1237,.T.);
#6566=EDGE_CURVE('',#7680,#7679,#1238,.T.);
#6567=EDGE_CURVE('',#7161,#7680,#1239,.T.);
#6568=EDGE_CURVE('',#7644,#7681,#1240,.T.);
#6569=EDGE_CURVE('',#7682,#7643,#1241,.T.);
#6570=EDGE_CURVE('',#7682,#7681,#1242,.T.);
#6571=EDGE_CURVE('',#7681,#7683,#1243,.T.);
#6572=EDGE_CURVE('',#7682,#7684,#1244,.T.);
#6573=EDGE_CURVE('',#7684,#7683,#1245,.T.);
#6574=EDGE_CURVE('',#7683,#7685,#1246,.T.);
#6575=EDGE_CURVE('',#7686,#7684,#1247,.T.);
#6576=EDGE_CURVE('',#7686,#7685,#1248,.T.);
#6577=EDGE_CURVE('',#7687,#7233,#1249,.T.);
#6578=EDGE_CURVE('',#7688,#7687,#1250,.T.);
#6579=EDGE_CURVE('',#7235,#7688,#1251,.T.);
#6580=EDGE_CURVE('',#7689,#7236,#1252,.T.);
#6581=EDGE_CURVE('',#7690,#7689,#1253,.T.);
#6582=EDGE_CURVE('',#7239,#7690,#1254,.T.);
#6583=EDGE_CURVE('',#7691,#7240,#1255,.T.);
#6584=EDGE_CURVE('',#7692,#7691,#1256,.T.);
#6585=EDGE_CURVE('',#7243,#7692,#1257,.T.);
#6586=EDGE_CURVE('',#7693,#7244,#1258,.T.);
#6587=EDGE_CURVE('',#7694,#7693,#1259,.T.);
#6588=EDGE_CURVE('',#7247,#7694,#1260,.T.);
#6589=EDGE_CURVE('',#7695,#7248,#1261,.T.);
#6590=EDGE_CURVE('',#7696,#7695,#1262,.T.);
#6591=EDGE_CURVE('',#7251,#7696,#1263,.T.);
#6592=EDGE_CURVE('',#7697,#7252,#1264,.T.);
#6593=EDGE_CURVE('',#7698,#7697,#1265,.T.);
#6594=EDGE_CURVE('',#7255,#7698,#1266,.T.);
#6595=EDGE_CURVE('',#7699,#7256,#1267,.T.);
#6596=EDGE_CURVE('',#7700,#7699,#1268,.T.);
#6597=EDGE_CURVE('',#7259,#7700,#1269,.T.);
#6598=EDGE_CURVE('',#7701,#7260,#1270,.T.);
#6599=EDGE_CURVE('',#7702,#7701,#1271,.T.);
#6600=EDGE_CURVE('',#7263,#7702,#1272,.T.);
#6601=EDGE_CURVE('',#7703,#7264,#1273,.T.);
#6602=EDGE_CURVE('',#7704,#7703,#1274,.T.);
#6603=EDGE_CURVE('',#7705,#7704,#1275,.T.);
#6604=EDGE_CURVE('',#7705,#7706,#1276,.T.);
#6605=EDGE_CURVE('',#7707,#7706,#1277,.T.);
#6606=EDGE_CURVE('',#7213,#7707,#1278,.T.);
#6607=EDGE_CURVE('',#7708,#7214,#1279,.T.);
#6608=EDGE_CURVE('',#7709,#7708,#1280,.T.);
#6609=EDGE_CURVE('',#7710,#7709,#1281,.T.);
#6610=EDGE_CURVE('',#7711,#7710,#1282,.T.);
#6611=EDGE_CURVE('',#7215,#7711,#1283,.T.);
#6612=EDGE_CURVE('',#7712,#7216,#1284,.T.);
#6613=EDGE_CURVE('',#7713,#7712,#1285,.T.);
#6614=EDGE_CURVE('',#7714,#7713,#1286,.T.);
#6615=EDGE_CURVE('',#7715,#7714,#1287,.T.);
#6616=EDGE_CURVE('',#7217,#7715,#1288,.T.);
#6617=EDGE_CURVE('',#7716,#7218,#1289,.T.);
#6618=EDGE_CURVE('',#7717,#7716,#1290,.T.);
#6619=EDGE_CURVE('',#7718,#7717,#1291,.T.);
#6620=EDGE_CURVE('',#7719,#7718,#1292,.T.);
#6621=EDGE_CURVE('',#7219,#7719,#1293,.T.);
#6622=EDGE_CURVE('',#7720,#7220,#1294,.T.);
#6623=EDGE_CURVE('',#7721,#7720,#1295,.T.);
#6624=EDGE_CURVE('',#7722,#7721,#1296,.T.);
#6625=EDGE_CURVE('',#7723,#7722,#1297,.T.);
#6626=EDGE_CURVE('',#7221,#7723,#1298,.T.);
#6627=EDGE_CURVE('',#7724,#7222,#1299,.T.);
#6628=EDGE_CURVE('',#7725,#7724,#1300,.T.);
#6629=EDGE_CURVE('',#7726,#7725,#1301,.T.);
#6630=EDGE_CURVE('',#7727,#7726,#1302,.T.);
#6631=EDGE_CURVE('',#7223,#7727,#1303,.T.);
#6632=EDGE_CURVE('',#7728,#7224,#1304,.T.);
#6633=EDGE_CURVE('',#7729,#7728,#1305,.T.);
#6634=EDGE_CURVE('',#7730,#7729,#1306,.T.);
#6635=EDGE_CURVE('',#7731,#7730,#1307,.T.);
#6636=EDGE_CURVE('',#7225,#7731,#1308,.T.);
#6637=EDGE_CURVE('',#7732,#7226,#1309,.T.);
#6638=EDGE_CURVE('',#7733,#7732,#1310,.T.);
#6639=EDGE_CURVE('',#7734,#7733,#1311,.T.);
#6640=EDGE_CURVE('',#7735,#7734,#1312,.T.);
#6641=EDGE_CURVE('',#7227,#7735,#1313,.T.);
#6642=EDGE_CURVE('',#7736,#7228,#1314,.T.);
#6643=EDGE_CURVE('',#7737,#7736,#1315,.T.);
#6644=EDGE_CURVE('',#7738,#7737,#1316,.T.);
#6645=EDGE_CURVE('',#7739,#7738,#1317,.T.);
#6646=EDGE_CURVE('',#7229,#7739,#1318,.T.);
#6647=EDGE_CURVE('',#7740,#7230,#1319,.T.);
#6648=EDGE_CURVE('',#7741,#7740,#1320,.T.);
#6649=EDGE_CURVE('',#7742,#7741,#1321,.T.);
#6650=EDGE_CURVE('',#7743,#7742,#1322,.T.);
#6651=EDGE_CURVE('',#7685,#7743,#1323,.T.);
#6652=EDGE_CURVE('',#7744,#7686,#1324,.T.);
#6653=EDGE_CURVE('',#7744,#7234,#1325,.T.);
#6654=EDGE_CURVE('',#7705,#7745,#8031,.F.);
#6655=EDGE_CURVE('',#7745,#7746,#1326,.T.);
#6656=EDGE_CURVE('',#7746,#7706,#8032,.T.);
#6657=EDGE_CURVE('',#7747,#7745,#1327,.T.);
#6658=EDGE_CURVE('',#7747,#7748,#1328,.T.);
#6659=EDGE_CURVE('',#7746,#7748,#1329,.T.);
#6660=EDGE_CURVE('',#7749,#7747,#8033,.F.);
#6661=EDGE_CURVE('',#7749,#7750,#1330,.T.);
#6662=EDGE_CURVE('',#7748,#7750,#8034,.T.);
#6663=EDGE_CURVE('',#7751,#7749,#1331,.T.);
#6664=EDGE_CURVE('',#7751,#7752,#1332,.T.);
#6665=EDGE_CURVE('',#7750,#7752,#1333,.T.);
#6666=EDGE_CURVE('',#7753,#7751,#1334,.T.);
#6667=EDGE_CURVE('',#7753,#7754,#1335,.T.);
#6668=EDGE_CURVE('',#7752,#7754,#1336,.T.);
#6669=EDGE_CURVE('',#7755,#7753,#1337,.T.);
#6670=EDGE_CURVE('',#7755,#7756,#1338,.T.);
#6671=EDGE_CURVE('',#7754,#7756,#1339,.T.);
#6672=EDGE_CURVE('',#7755,#7757,#8035,.F.);
#6673=EDGE_CURVE('',#7757,#7758,#1340,.T.);
#6674=EDGE_CURVE('',#7758,#7756,#8036,.T.);
#6675=EDGE_CURVE('',#7759,#7757,#1341,.T.);
#6676=EDGE_CURVE('',#7759,#7760,#1342,.T.);
#6677=EDGE_CURVE('',#7758,#7760,#1343,.T.);
#6678=EDGE_CURVE('',#7761,#7759,#8037,.F.);
#6679=EDGE_CURVE('',#7761,#7762,#1344,.T.);
#6680=EDGE_CURVE('',#7760,#7762,#8038,.T.);
#6681=EDGE_CURVE('',#7393,#7763,#1345,.T.);
#6682=EDGE_CURVE('',#7394,#7764,#1346,.T.);
#6683=EDGE_CURVE('',#7764,#7765,#1347,.T.);
#6684=EDGE_CURVE('',#7762,#7765,#1348,.T.);
#6685=EDGE_CURVE('',#7766,#7761,#1349,.T.);
#6686=EDGE_CURVE('',#7767,#7766,#1350,.T.);
#6687=EDGE_CURVE('',#7410,#7767,#1351,.T.);
#6688=EDGE_CURVE('',#7768,#7409,#1352,.T.);
#6689=EDGE_CURVE('',#7769,#7768,#1353,.T.);
#6690=EDGE_CURVE('',#7408,#7769,#1354,.T.);
#6691=EDGE_CURVE('',#7770,#7407,#1355,.T.);
#6692=EDGE_CURVE('',#7771,#7770,#1356,.T.);
#6693=EDGE_CURVE('',#7406,#7771,#1357,.T.);
#6694=EDGE_CURVE('',#7772,#7405,#1358,.T.);
#6695=EDGE_CURVE('',#7773,#7772,#1359,.T.);
#6696=EDGE_CURVE('',#7404,#7773,#1360,.T.);
#6697=EDGE_CURVE('',#7774,#7403,#1361,.T.);
#6698=EDGE_CURVE('',#7775,#7774,#1362,.T.);
#6699=EDGE_CURVE('',#7402,#7775,#1363,.T.);
#6700=EDGE_CURVE('',#7776,#7401,#1364,.T.);
#6701=EDGE_CURVE('',#7777,#7776,#1365,.T.);
#6702=EDGE_CURVE('',#7400,#7777,#1366,.T.);
#6703=EDGE_CURVE('',#7778,#7399,#1367,.T.);
#6704=EDGE_CURVE('',#7779,#7778,#1368,.T.);
#6705=EDGE_CURVE('',#7398,#7779,#1369,.T.);
#6706=EDGE_CURVE('',#7780,#7397,#1370,.T.);
#6707=EDGE_CURVE('',#7781,#7780,#1371,.T.);
#6708=EDGE_CURVE('',#7396,#7781,#1372,.T.);
#6709=EDGE_CURVE('',#7782,#7395,#1373,.T.);
#6710=EDGE_CURVE('',#7763,#7782,#1374,.T.);
#6711=EDGE_CURVE('',#7765,#7783,#1375,.T.);
#6712=EDGE_CURVE('',#7764,#7784,#1376,.T.);
#6713=EDGE_CURVE('',#7784,#7783,#1377,.T.);
#6714=EDGE_CURVE('',#7785,#7413,#1378,.T.);
#6715=EDGE_CURVE('',#7786,#7785,#1379,.T.);
#6716=EDGE_CURVE('',#7415,#7786,#1380,.T.);
#6717=EDGE_CURVE('',#7787,#7416,#1381,.T.);
#6718=EDGE_CURVE('',#7788,#7787,#1382,.T.);
#6719=EDGE_CURVE('',#7419,#7788,#1383,.T.);
#6720=EDGE_CURVE('',#7789,#7420,#1384,.T.);
#6721=EDGE_CURVE('',#7790,#7789,#1385,.T.);
#6722=EDGE_CURVE('',#7423,#7790,#1386,.T.);
#6723=EDGE_CURVE('',#7791,#7424,#1387,.T.);
#6724=EDGE_CURVE('',#7792,#7791,#1388,.T.);
#6725=EDGE_CURVE('',#7427,#7792,#1389,.T.);
#6726=EDGE_CURVE('',#7793,#7428,#1390,.T.);
#6727=EDGE_CURVE('',#7794,#7793,#1391,.T.);
#6728=EDGE_CURVE('',#7431,#7794,#1392,.T.);
#6729=EDGE_CURVE('',#7795,#7432,#1393,.T.);
#6730=EDGE_CURVE('',#7796,#7795,#1394,.T.);
#6731=EDGE_CURVE('',#7435,#7796,#1395,.T.);
#6732=EDGE_CURVE('',#7797,#7436,#1396,.T.);
#6733=EDGE_CURVE('',#7798,#7797,#1397,.T.);
#6734=EDGE_CURVE('',#7439,#7798,#1398,.T.);
#6735=EDGE_CURVE('',#7799,#7440,#1399,.T.);
#6736=EDGE_CURVE('',#7800,#7799,#1400,.T.);
#6737=EDGE_CURVE('',#7443,#7800,#1401,.T.);
#6738=EDGE_CURVE('',#7801,#7444,#1402,.T.);
#6739=EDGE_CURVE('',#7802,#7801,#1403,.T.);
#6740=EDGE_CURVE('',#7803,#7802,#1404,.T.);
#6741=EDGE_CURVE('',#7803,#7804,#1405,.T.);
#6742=EDGE_CURVE('',#7783,#7804,#1406,.T.);
#6743=EDGE_CURVE('',#7784,#7414,#1407,.T.);
#6744=EDGE_CURVE('',#7803,#7805,#8039,.F.);
#6745=EDGE_CURVE('',#7805,#7806,#1408,.T.);
#6746=EDGE_CURVE('',#7806,#7804,#8040,.T.);
#6747=EDGE_CURVE('',#7807,#7805,#1409,.T.);
#6748=EDGE_CURVE('',#7807,#7808,#1410,.T.);
#6749=EDGE_CURVE('',#7806,#7808,#1411,.T.);
#6750=EDGE_CURVE('',#7809,#7807,#8041,.F.);
#6751=EDGE_CURVE('',#7809,#7810,#1412,.T.);
#6752=EDGE_CURVE('',#7808,#7810,#8042,.T.);
#6753=EDGE_CURVE('',#7811,#7809,#1413,.T.);
#6754=EDGE_CURVE('',#7811,#7812,#1414,.T.);
#6755=EDGE_CURVE('',#7810,#7812,#1415,.T.);
#6756=EDGE_CURVE('',#7813,#7811,#1416,.T.);
#6757=EDGE_CURVE('',#7813,#7814,#1417,.T.);
#6758=EDGE_CURVE('',#7812,#7814,#1418,.T.);
#6759=EDGE_CURVE('',#7815,#7813,#1419,.T.);
#6760=EDGE_CURVE('',#7815,#7816,#1420,.T.);
#6761=EDGE_CURVE('',#7814,#7816,#1421,.T.);
#6762=EDGE_CURVE('',#7815,#7817,#8043,.F.);
#6763=EDGE_CURVE('',#7817,#7818,#1422,.T.);
#6764=EDGE_CURVE('',#7818,#7816,#8044,.T.);
#6765=EDGE_CURVE('',#7819,#7817,#1423,.T.);
#6766=EDGE_CURVE('',#7819,#7820,#1424,.T.);
#6767=EDGE_CURVE('',#7818,#7820,#1425,.T.);
#6768=EDGE_CURVE('',#7821,#7819,#8045,.F.);
#6769=EDGE_CURVE('',#7821,#7822,#1426,.T.);
#6770=EDGE_CURVE('',#7820,#7822,#8046,.T.);
#6771=EDGE_CURVE('',#7573,#7823,#1427,.T.);
#6772=EDGE_CURVE('',#7574,#7824,#1428,.T.);
#6773=EDGE_CURVE('',#7593,#7824,#1429,.T.);
#6774=EDGE_CURVE('',#7825,#7591,#1430,.T.);
#6775=EDGE_CURVE('',#7826,#7825,#1431,.T.);
#6776=EDGE_CURVE('',#7827,#7826,#1432,.T.);
#6777=EDGE_CURVE('',#7828,#7827,#1433,.T.);
#6778=EDGE_CURVE('',#7121,#7828,#1434,.T.);
#6779=EDGE_CURVE('',#7829,#7119,#1435,.T.);
#6780=EDGE_CURVE('',#7830,#7829,#1436,.T.);
#6781=EDGE_CURVE('',#7831,#7830,#1437,.T.);
#6782=EDGE_CURVE('',#7832,#7831,#1438,.T.);
#6783=EDGE_CURVE('',#7117,#7832,#1439,.T.);
#6784=EDGE_CURVE('',#7833,#7115,#1440,.T.);
#6785=EDGE_CURVE('',#7834,#7833,#1441,.T.);
#6786=EDGE_CURVE('',#7835,#7834,#1442,.T.);
#6787=EDGE_CURVE('',#7836,#7835,#1443,.T.);
#6788=EDGE_CURVE('',#7113,#7836,#1444,.T.);
#6789=EDGE_CURVE('',#7837,#7111,#1445,.T.);
#6790=EDGE_CURVE('',#7838,#7837,#1446,.T.);
#6791=EDGE_CURVE('',#7839,#7838,#1447,.T.);
#6792=EDGE_CURVE('',#7840,#7839,#1448,.T.);
#6793=EDGE_CURVE('',#7109,#7840,#1449,.T.);
#6794=EDGE_CURVE('',#7841,#7107,#1450,.T.);
#6795=EDGE_CURVE('',#7842,#7841,#1451,.T.);
#6796=EDGE_CURVE('',#7843,#7842,#1452,.T.);
#6797=EDGE_CURVE('',#7844,#7843,#1453,.T.);
#6798=EDGE_CURVE('',#7105,#7844,#1454,.T.);
#6799=EDGE_CURVE('',#7845,#7103,#1455,.T.);
#6800=EDGE_CURVE('',#7846,#7845,#1456,.T.);
#6801=EDGE_CURVE('',#7847,#7846,#1457,.T.);
#6802=EDGE_CURVE('',#7848,#7847,#1458,.T.);
#6803=EDGE_CURVE('',#7101,#7848,#1459,.T.);
#6804=EDGE_CURVE('',#7849,#7099,#1460,.T.);
#6805=EDGE_CURVE('',#7850,#7849,#1461,.T.);
#6806=EDGE_CURVE('',#7851,#7850,#1462,.T.);
#6807=EDGE_CURVE('',#7852,#7851,#1463,.T.);
#6808=EDGE_CURVE('',#7097,#7852,#1464,.T.);
#6809=EDGE_CURVE('',#7853,#7095,#1465,.T.);
#6810=EDGE_CURVE('',#7854,#7853,#1466,.T.);
#6811=EDGE_CURVE('',#7855,#7854,#1467,.T.);
#6812=EDGE_CURVE('',#7856,#7855,#1468,.T.);
#6813=EDGE_CURVE('',#7093,#7856,#1469,.T.);
#6814=EDGE_CURVE('',#7857,#7091,#1470,.T.);
#6815=EDGE_CURVE('',#7858,#7857,#1471,.T.);
#6816=EDGE_CURVE('',#7859,#7858,#1472,.T.);
#6817=EDGE_CURVE('',#7860,#7859,#1473,.T.);
#6818=EDGE_CURVE('',#7089,#7860,#1474,.T.);
#6819=EDGE_CURVE('',#7861,#7087,#1475,.T.);
#6820=EDGE_CURVE('',#7822,#7861,#1476,.T.);
#6821=EDGE_CURVE('',#7862,#7821,#1477,.T.);
#6822=EDGE_CURVE('',#7863,#7862,#1478,.T.);
#6823=EDGE_CURVE('',#7590,#7863,#1479,.T.);
#6824=EDGE_CURVE('',#7864,#7589,#1480,.T.);
#6825=EDGE_CURVE('',#7865,#7864,#1481,.T.);
#6826=EDGE_CURVE('',#7588,#7865,#1482,.T.);
#6827=EDGE_CURVE('',#7866,#7587,#1483,.T.);
#6828=EDGE_CURVE('',#7867,#7866,#1484,.T.);
#6829=EDGE_CURVE('',#7586,#7867,#1485,.T.);
#6830=EDGE_CURVE('',#7868,#7585,#1486,.T.);
#6831=EDGE_CURVE('',#7869,#7868,#1487,.T.);
#6832=EDGE_CURVE('',#7584,#7869,#1488,.T.);
#6833=EDGE_CURVE('',#7870,#7583,#1489,.T.);
#6834=EDGE_CURVE('',#7871,#7870,#1490,.T.);
#6835=EDGE_CURVE('',#7582,#7871,#1491,.T.);
#6836=EDGE_CURVE('',#7872,#7581,#1492,.T.);
#6837=EDGE_CURVE('',#7873,#7872,#1493,.T.);
#6838=EDGE_CURVE('',#7580,#7873,#1494,.T.);
#6839=EDGE_CURVE('',#7874,#7579,#1495,.T.);
#6840=EDGE_CURVE('',#7875,#7874,#1496,.T.);
#6841=EDGE_CURVE('',#7578,#7875,#1497,.T.);
#6842=EDGE_CURVE('',#7876,#7577,#1498,.T.);
#6843=EDGE_CURVE('',#7877,#7876,#1499,.T.);
#6844=EDGE_CURVE('',#7576,#7877,#1500,.T.);
#6845=EDGE_CURVE('',#7878,#7575,#1501,.T.);
#6846=EDGE_CURVE('',#7823,#7878,#1502,.T.);
#6847=EDGE_CURVE('',#7744,#7642,#1503,.T.);
#6848=EDGE_CURVE('',#7636,#7824,#1504,.T.);
#6849=EDGE_CURVE('',#7707,#7641,#1505,.T.);
#6850=EDGE_CURVE('',#7599,#7861,#1506,.T.);
#6851=EDGE_CURVE('',#7825,#7635,#1507,.T.);
#6852=EDGE_CURVE('',#7826,#7634,#1508,.T.);
#6853=EDGE_CURVE('',#7827,#7633,#1509,.T.);
#6854=EDGE_CURVE('',#7828,#7632,#1510,.T.);
#6855=EDGE_CURVE('',#7829,#7631,#1511,.T.);
#6856=EDGE_CURVE('',#7830,#7630,#1512,.T.);
#6857=EDGE_CURVE('',#7831,#7629,#1513,.T.);
#6858=EDGE_CURVE('',#7832,#7628,#1514,.T.);
#6859=EDGE_CURVE('',#7833,#7627,#1515,.T.);
#6860=EDGE_CURVE('',#7834,#7626,#1516,.T.);
#6861=EDGE_CURVE('',#7835,#7625,#1517,.T.);
#6862=EDGE_CURVE('',#7836,#7624,#1518,.T.);
#6863=EDGE_CURVE('',#7837,#7623,#1519,.T.);
#6864=EDGE_CURVE('',#7838,#7622,#1520,.T.);
#6865=EDGE_CURVE('',#7839,#7621,#1521,.T.);
#6866=EDGE_CURVE('',#7840,#7620,#1522,.T.);
#6867=EDGE_CURVE('',#7841,#7619,#1523,.T.);
#6868=EDGE_CURVE('',#7842,#7618,#1524,.T.);
#6869=EDGE_CURVE('',#7843,#7617,#1525,.T.);
#6870=EDGE_CURVE('',#7844,#7616,#1526,.T.);
#6871=EDGE_CURVE('',#7845,#7615,#1527,.T.);
#6872=EDGE_CURVE('',#7846,#7614,#1528,.T.);
#6873=EDGE_CURVE('',#7847,#7613,#1529,.T.);
#6874=EDGE_CURVE('',#7848,#7612,#1530,.T.);
#6875=EDGE_CURVE('',#7849,#7611,#1531,.T.);
#6876=EDGE_CURVE('',#7850,#7610,#1532,.T.);
#6877=EDGE_CURVE('',#7851,#7609,#1533,.T.);
#6878=EDGE_CURVE('',#7852,#7608,#1534,.T.);
#6879=EDGE_CURVE('',#7853,#7607,#1535,.T.);
#6880=EDGE_CURVE('',#7854,#7606,#1536,.T.);
#6881=EDGE_CURVE('',#7855,#7605,#1537,.T.);
#6882=EDGE_CURVE('',#7856,#7604,#1538,.T.);
#6883=EDGE_CURVE('',#7857,#7603,#1539,.T.);
#6884=EDGE_CURVE('',#7858,#7602,#1540,.T.);
#6885=EDGE_CURVE('',#7859,#7601,#1541,.T.);
#6886=EDGE_CURVE('',#7860,#7600,#1542,.T.);
#6887=EDGE_CURVE('',#7862,#7802,#1543,.T.);
#6888=EDGE_CURVE('',#7863,#7801,#1544,.T.);
#6889=EDGE_CURVE('',#7864,#7800,#1545,.T.);
#6890=EDGE_CURVE('',#7865,#7799,#1546,.T.);
#6891=EDGE_CURVE('',#7866,#7798,#1547,.T.);
#6892=EDGE_CURVE('',#7867,#7797,#1548,.T.);
#6893=EDGE_CURVE('',#7868,#7796,#1549,.T.);
#6894=EDGE_CURVE('',#7869,#7795,#1550,.T.);
#6895=EDGE_CURVE('',#7870,#7794,#1551,.T.);
#6896=EDGE_CURVE('',#7871,#7793,#1552,.T.);
#6897=EDGE_CURVE('',#7872,#7792,#1553,.T.);
#6898=EDGE_CURVE('',#7873,#7791,#1554,.T.);
#6899=EDGE_CURVE('',#7874,#7790,#1555,.T.);
#6900=EDGE_CURVE('',#7875,#7789,#1556,.T.);
#6901=EDGE_CURVE('',#7876,#7788,#1557,.T.);
#6902=EDGE_CURVE('',#7877,#7787,#1558,.T.);
#6903=EDGE_CURVE('',#7878,#7786,#1559,.T.);
#6904=EDGE_CURVE('',#7823,#7785,#1560,.T.);
#6905=EDGE_CURVE('',#7766,#7704,#1561,.T.);
#6906=EDGE_CURVE('',#7767,#7703,#1562,.T.);
#6907=EDGE_CURVE('',#7768,#7702,#1563,.T.);
#6908=EDGE_CURVE('',#7769,#7701,#1564,.T.);
#6909=EDGE_CURVE('',#7770,#7700,#1565,.T.);
#6910=EDGE_CURVE('',#7771,#7699,#1566,.T.);
#6911=EDGE_CURVE('',#7772,#7698,#1567,.T.);
#6912=EDGE_CURVE('',#7773,#7697,#1568,.T.);
#6913=EDGE_CURVE('',#7774,#7696,#1569,.T.);
#6914=EDGE_CURVE('',#7775,#7695,#1570,.T.);
#6915=EDGE_CURVE('',#7776,#7694,#1571,.T.);
#6916=EDGE_CURVE('',#7777,#7693,#1572,.T.);
#6917=EDGE_CURVE('',#7778,#7692,#1573,.T.);
#6918=EDGE_CURVE('',#7779,#7691,#1574,.T.);
#6919=EDGE_CURVE('',#7780,#7690,#1575,.T.);
#6920=EDGE_CURVE('',#7781,#7689,#1576,.T.);
#6921=EDGE_CURVE('',#7782,#7688,#1577,.T.);
#6922=EDGE_CURVE('',#7763,#7687,#1578,.T.);
#6923=EDGE_CURVE('',#7645,#7743,#1579,.T.);
#6924=EDGE_CURVE('',#7646,#7742,#1580,.T.);
#6925=EDGE_CURVE('',#7647,#7741,#1581,.T.);
#6926=EDGE_CURVE('',#7648,#7740,#1582,.T.);
#6927=EDGE_CURVE('',#7649,#7739,#1583,.T.);
#6928=EDGE_CURVE('',#7650,#7738,#1584,.T.);
#6929=EDGE_CURVE('',#7651,#7737,#1585,.T.);
#6930=EDGE_CURVE('',#7652,#7736,#1586,.T.);
#6931=EDGE_CURVE('',#7653,#7735,#1587,.T.);
#6932=EDGE_CURVE('',#7654,#7734,#1588,.T.);
#6933=EDGE_CURVE('',#7655,#7733,#1589,.T.);
#6934=EDGE_CURVE('',#7656,#7732,#1590,.T.);
#6935=EDGE_CURVE('',#7657,#7731,#1591,.T.);
#6936=EDGE_CURVE('',#7658,#7730,#1592,.T.);
#6937=EDGE_CURVE('',#7659,#7729,#1593,.T.);
#6938=EDGE_CURVE('',#7660,#7728,#1594,.T.);
#6939=EDGE_CURVE('',#7661,#7727,#1595,.T.);
#6940=EDGE_CURVE('',#7662,#7726,#1596,.T.);
#6941=EDGE_CURVE('',#7663,#7725,#1597,.T.);
#6942=EDGE_CURVE('',#7664,#7724,#1598,.T.);
#6943=EDGE_CURVE('',#7665,#7723,#1599,.T.);
#6944=EDGE_CURVE('',#7666,#7722,#1600,.T.);
#6945=EDGE_CURVE('',#7667,#7721,#1601,.T.);
#6946=EDGE_CURVE('',#7668,#7720,#1602,.T.);
#6947=EDGE_CURVE('',#7669,#7719,#1603,.T.);
#6948=EDGE_CURVE('',#7670,#7718,#1604,.T.);
#6949=EDGE_CURVE('',#7671,#7717,#1605,.T.);
#6950=EDGE_CURVE('',#7672,#7716,#1606,.T.);
#6951=EDGE_CURVE('',#7673,#7715,#1607,.T.);
#6952=EDGE_CURVE('',#7674,#7714,#1608,.T.);
#6953=EDGE_CURVE('',#7675,#7713,#1609,.T.);
#6954=EDGE_CURVE('',#7676,#7712,#1610,.T.);
#6955=EDGE_CURVE('',#7680,#7708,#1611,.T.);
#6956=EDGE_CURVE('',#7679,#7709,#1612,.T.);
#6957=EDGE_CURVE('',#7678,#7710,#1613,.T.);
#6958=EDGE_CURVE('',#7677,#7711,#1614,.T.);
#6959=VERTEX_POINT('',#12728);
#6960=VERTEX_POINT('',#12733);
#6961=VERTEX_POINT('',#12734);
#6962=VERTEX_POINT('',#12736);
#6963=VERTEX_POINT('',#12741);
#6964=VERTEX_POINT('',#12743);
#6965=VERTEX_POINT('',#12748);
#6966=VERTEX_POINT('',#12750);
#6967=VERTEX_POINT('',#12755);
#6968=VERTEX_POINT('',#12759);
#6969=VERTEX_POINT('',#12764);
#6970=VERTEX_POINT('',#12765);
#6971=VERTEX_POINT('',#12767);
#6972=VERTEX_POINT('',#12772);
#6973=VERTEX_POINT('',#12774);
#6974=VERTEX_POINT('',#12779);
#6975=VERTEX_POINT('',#12781);
#6976=VERTEX_POINT('',#12786);
#6977=VERTEX_POINT('',#12790);
#6978=VERTEX_POINT('',#12791);
#6979=VERTEX_POINT('',#12793);
#6980=VERTEX_POINT('',#12795);
#6981=VERTEX_POINT('',#12799);
#6982=VERTEX_POINT('',#12801);
#6983=VERTEX_POINT('',#12803);
#6984=VERTEX_POINT('',#12805);
#6985=VERTEX_POINT('',#12810);
#6986=VERTEX_POINT('',#12811);
#6987=VERTEX_POINT('',#12816);
#6988=VERTEX_POINT('',#12818);
#6989=VERTEX_POINT('',#12822);
#6990=VERTEX_POINT('',#12824);
#6991=VERTEX_POINT('',#12828);
#6992=VERTEX_POINT('',#12830);
#6993=VERTEX_POINT('',#12835);
#6994=VERTEX_POINT('',#12836);
#6995=VERTEX_POINT('',#12841);
#6996=VERTEX_POINT('',#12843);
#6997=VERTEX_POINT('',#12845);
#6998=VERTEX_POINT('',#12847);
#6999=VERTEX_POINT('',#12851);
#7000=VERTEX_POINT('',#12852);
#7001=VERTEX_POINT('',#12854);
#7002=VERTEX_POINT('',#12856);
#7003=VERTEX_POINT('',#12860);
#7004=VERTEX_POINT('',#12862);
#7005=VERTEX_POINT('',#12866);
#7006=VERTEX_POINT('',#12868);
#7007=VERTEX_POINT('',#12872);
#7008=VERTEX_POINT('',#12873);
#7009=VERTEX_POINT('',#12875);
#7010=VERTEX_POINT('',#12877);
#7011=VERTEX_POINT('',#12881);
#7012=VERTEX_POINT('',#12883);
#7013=VERTEX_POINT('',#12887);
#7014=VERTEX_POINT('',#12889);
#7015=VERTEX_POINT('',#12893);
#7016=VERTEX_POINT('',#12894);
#7017=VERTEX_POINT('',#12896);
#7018=VERTEX_POINT('',#12898);
#7019=VERTEX_POINT('',#12902);
#7020=VERTEX_POINT('',#12904);
#7021=VERTEX_POINT('',#12908);
#7022=VERTEX_POINT('',#12910);
#7023=VERTEX_POINT('',#12914);
#7024=VERTEX_POINT('',#12915);
#7025=VERTEX_POINT('',#12917);
#7026=VERTEX_POINT('',#12919);
#7027=VERTEX_POINT('',#12923);
#7028=VERTEX_POINT('',#12925);
#7029=VERTEX_POINT('',#12929);
#7030=VERTEX_POINT('',#12931);
#7031=VERTEX_POINT('',#12935);
#7032=VERTEX_POINT('',#12936);
#7033=VERTEX_POINT('',#12938);
#7034=VERTEX_POINT('',#12940);
#7035=VERTEX_POINT('',#12944);
#7036=VERTEX_POINT('',#12946);
#7037=VERTEX_POINT('',#12950);
#7038=VERTEX_POINT('',#12952);
#7039=VERTEX_POINT('',#12956);
#7040=VERTEX_POINT('',#12957);
#7041=VERTEX_POINT('',#12959);
#7042=VERTEX_POINT('',#12961);
#7043=VERTEX_POINT('',#12965);
#7044=VERTEX_POINT('',#12967);
#7045=VERTEX_POINT('',#12971);
#7046=VERTEX_POINT('',#12973);
#7047=VERTEX_POINT('',#12977);
#7048=VERTEX_POINT('',#12978);
#7049=VERTEX_POINT('',#12980);
#7050=VERTEX_POINT('',#12982);
#7051=VERTEX_POINT('',#12986);
#7052=VERTEX_POINT('',#12988);
#7053=VERTEX_POINT('',#12992);
#7054=VERTEX_POINT('',#12994);
#7055=VERTEX_POINT('',#12998);
#7056=VERTEX_POINT('',#12999);
#7057=VERTEX_POINT('',#13001);
#7058=VERTEX_POINT('',#13003);
#7059=VERTEX_POINT('',#13007);
#7060=VERTEX_POINT('',#13009);
#7061=VERTEX_POINT('',#13013);
#7062=VERTEX_POINT('',#13015);
#7063=VERTEX_POINT('',#13043);
#7064=VERTEX_POINT('',#13044);
#7065=VERTEX_POINT('',#13046);
#7066=VERTEX_POINT('',#13048);
#7067=VERTEX_POINT('',#13052);
#7068=VERTEX_POINT('',#13054);
#7069=VERTEX_POINT('',#13057);
#7070=VERTEX_POINT('',#13059);
#7071=VERTEX_POINT('',#13061);
#7072=VERTEX_POINT('',#13065);
#7073=VERTEX_POINT('',#13068);
#7074=VERTEX_POINT('',#13072);
#7075=VERTEX_POINT('',#13074);
#7076=VERTEX_POINT('',#13076);
#7077=VERTEX_POINT('',#13082);
#7078=VERTEX_POINT('',#13086);
#7079=VERTEX_POINT('',#13088);
#7080=VERTEX_POINT('',#13090);
#7081=VERTEX_POINT('',#13094);
#7082=VERTEX_POINT('',#13100);
#7083=VERTEX_POINT('',#13104);
#7084=VERTEX_POINT('',#13111);
#7085=VERTEX_POINT('',#13118);
#7086=VERTEX_POINT('',#13129);
#7087=VERTEX_POINT('',#13141);
#7088=VERTEX_POINT('',#13142);
#7089=VERTEX_POINT('',#13144);
#7090=VERTEX_POINT('',#13146);
#7091=VERTEX_POINT('',#13150);
#7092=VERTEX_POINT('',#13151);
#7093=VERTEX_POINT('',#13153);
#7094=VERTEX_POINT('',#13155);
#7095=VERTEX_POINT('',#13159);
#7096=VERTEX_POINT('',#13160);
#7097=VERTEX_POINT('',#13162);
#7098=VERTEX_POINT('',#13164);
#7099=VERTEX_POINT('',#13168);
#7100=VERTEX_POINT('',#13169);
#7101=VERTEX_POINT('',#13171);
#7102=VERTEX_POINT('',#13173);
#7103=VERTEX_POINT('',#13177);
#7104=VERTEX_POINT('',#13178);
#7105=VERTEX_POINT('',#13180);
#7106=VERTEX_POINT('',#13182);
#7107=VERTEX_POINT('',#13186);
#7108=VERTEX_POINT('',#13187);
#7109=VERTEX_POINT('',#13189);
#7110=VERTEX_POINT('',#13191);
#7111=VERTEX_POINT('',#13195);
#7112=VERTEX_POINT('',#13196);
#7113=VERTEX_POINT('',#13198);
#7114=VERTEX_POINT('',#13200);
#7115=VERTEX_POINT('',#13204);
#7116=VERTEX_POINT('',#13205);
#7117=VERTEX_POINT('',#13207);
#7118=VERTEX_POINT('',#13209);
#7119=VERTEX_POINT('',#13213);
#7120=VERTEX_POINT('',#13214);
#7121=VERTEX_POINT('',#13216);
#7122=VERTEX_POINT('',#13218);
#7123=VERTEX_POINT('',#13222);
#7124=VERTEX_POINT('',#13224);
#7125=VERTEX_POINT('',#13228);
#7126=VERTEX_POINT('',#13230);
#7127=VERTEX_POINT('',#13234);
#7128=VERTEX_POINT('',#13236);
#7129=VERTEX_POINT('',#13240);
#7130=VERTEX_POINT('',#13242);
#7131=VERTEX_POINT('',#13246);
#7132=VERTEX_POINT('',#13248);
#7133=VERTEX_POINT('',#13252);
#7134=VERTEX_POINT('',#13254);
#7135=VERTEX_POINT('',#13258);
#7136=VERTEX_POINT('',#13260);
#7137=VERTEX_POINT('',#13264);
#7138=VERTEX_POINT('',#13266);
#7139=VERTEX_POINT('',#13270);
#7140=VERTEX_POINT('',#13272);
#7141=VERTEX_POINT('',#13276);
#7142=VERTEX_POINT('',#13278);
#7143=VERTEX_POINT('',#13282);
#7144=VERTEX_POINT('',#13284);
#7145=VERTEX_POINT('',#13288);
#7146=VERTEX_POINT('',#13290);
#7147=VERTEX_POINT('',#13294);
#7148=VERTEX_POINT('',#13296);
#7149=VERTEX_POINT('',#13300);
#7150=VERTEX_POINT('',#13302);
#7151=VERTEX_POINT('',#13306);
#7152=VERTEX_POINT('',#13308);
#7153=VERTEX_POINT('',#13312);
#7154=VERTEX_POINT('',#13314);
#7155=VERTEX_POINT('',#13318);
#7156=VERTEX_POINT('',#13320);
#7157=VERTEX_POINT('',#13324);
#7158=VERTEX_POINT('',#13326);
#7159=VERTEX_POINT('',#13330);
#7160=VERTEX_POINT('',#13331);
#7161=VERTEX_POINT('',#13333);
#7162=VERTEX_POINT('',#13335);
#7163=VERTEX_POINT('',#13339);
#7164=VERTEX_POINT('',#13340);
#7165=VERTEX_POINT('',#13342);
#7166=VERTEX_POINT('',#13344);
#7167=VERTEX_POINT('',#13348);
#7168=VERTEX_POINT('',#13349);
#7169=VERTEX_POINT('',#13351);
#7170=VERTEX_POINT('',#13353);
#7171=VERTEX_POINT('',#13357);
#7172=VERTEX_POINT('',#13358);
#7173=VERTEX_POINT('',#13360);
#7174=VERTEX_POINT('',#13362);
#7175=VERTEX_POINT('',#13366);
#7176=VERTEX_POINT('',#13367);
#7177=VERTEX_POINT('',#13369);
#7178=VERTEX_POINT('',#13371);
#7179=VERTEX_POINT('',#13375);
#7180=VERTEX_POINT('',#13376);
#7181=VERTEX_POINT('',#13378);
#7182=VERTEX_POINT('',#13380);
#7183=VERTEX_POINT('',#13384);
#7184=VERTEX_POINT('',#13385);
#7185=VERTEX_POINT('',#13387);
#7186=VERTEX_POINT('',#13389);
#7187=VERTEX_POINT('',#13393);
#7188=VERTEX_POINT('',#13394);
#7189=VERTEX_POINT('',#13396);
#7190=VERTEX_POINT('',#13398);
#7191=VERTEX_POINT('',#13402);
#7192=VERTEX_POINT('',#13403);
#7193=VERTEX_POINT('',#13405);
#7194=VERTEX_POINT('',#13407);
#7195=VERTEX_POINT('',#13411);
#7196=VERTEX_POINT('',#13413);
#7197=VERTEX_POINT('',#13417);
#7198=VERTEX_POINT('',#13419);
#7199=VERTEX_POINT('',#13423);
#7200=VERTEX_POINT('',#13425);
#7201=VERTEX_POINT('',#13429);
#7202=VERTEX_POINT('',#13431);
#7203=VERTEX_POINT('',#13435);
#7204=VERTEX_POINT('',#13437);
#7205=VERTEX_POINT('',#13441);
#7206=VERTEX_POINT('',#13443);
#7207=VERTEX_POINT('',#13447);
#7208=VERTEX_POINT('',#13449);
#7209=VERTEX_POINT('',#13453);
#7210=VERTEX_POINT('',#13455);
#7211=VERTEX_POINT('',#13459);
#7212=VERTEX_POINT('',#13461);
#7213=VERTEX_POINT('',#13465);
#7214=VERTEX_POINT('',#13467);
#7215=VERTEX_POINT('',#13471);
#7216=VERTEX_POINT('',#13473);
#7217=VERTEX_POINT('',#13477);
#7218=VERTEX_POINT('',#13479);
#7219=VERTEX_POINT('',#13483);
#7220=VERTEX_POINT('',#13485);
#7221=VERTEX_POINT('',#13489);
#7222=VERTEX_POINT('',#13491);
#7223=VERTEX_POINT('',#13495);
#7224=VERTEX_POINT('',#13497);
#7225=VERTEX_POINT('',#13501);
#7226=VERTEX_POINT('',#13503);
#7227=VERTEX_POINT('',#13507);
#7228=VERTEX_POINT('',#13509);
#7229=VERTEX_POINT('',#13513);
#7230=VERTEX_POINT('',#13515);
#7231=VERTEX_POINT('',#13519);
#7232=VERTEX_POINT('',#13520);
#7233=VERTEX_POINT('',#13522);
#7234=VERTEX_POINT('',#13524);
#7235=VERTEX_POINT('',#13528);
#7236=VERTEX_POINT('',#13529);
#7237=VERTEX_POINT('',#13531);
#7238=VERTEX_POINT('',#13533);
#7239=VERTEX_POINT('',#13537);
#7240=VERTEX_POINT('',#13538);
#7241=VERTEX_POINT('',#13540);
#7242=VERTEX_POINT('',#13542);
#7243=VERTEX_POINT('',#13546);
#7244=VERTEX_POINT('',#13547);
#7245=VERTEX_POINT('',#13549);
#7246=VERTEX_POINT('',#13551);
#7247=VERTEX_POINT('',#13555);
#7248=VERTEX_POINT('',#13556);
#7249=VERTEX_POINT('',#13558);
#7250=VERTEX_POINT('',#13560);
#7251=VERTEX_POINT('',#13564);
#7252=VERTEX_POINT('',#13565);
#7253=VERTEX_POINT('',#13567);
#7254=VERTEX_POINT('',#13569);
#7255=VERTEX_POINT('',#13573);
#7256=VERTEX_POINT('',#13574);
#7257=VERTEX_POINT('',#13576);
#7258=VERTEX_POINT('',#13578);
#7259=VERTEX_POINT('',#13582);
#7260=VERTEX_POINT('',#13583);
#7261=VERTEX_POINT('',#13585);
#7262=VERTEX_POINT('',#13587);
#7263=VERTEX_POINT('',#13591);
#7264=VERTEX_POINT('',#13592);
#7265=VERTEX_POINT('',#13594);
#7266=VERTEX_POINT('',#13596);
#7267=VERTEX_POINT('',#13600);
#7268=VERTEX_POINT('',#13602);
#7269=VERTEX_POINT('',#13606);
#7270=VERTEX_POINT('',#13608);
#7271=VERTEX_POINT('',#13612);
#7272=VERTEX_POINT('',#13614);
#7273=VERTEX_POINT('',#13618);
#7274=VERTEX_POINT('',#13620);
#7275=VERTEX_POINT('',#13624);
#7276=VERTEX_POINT('',#13626);
#7277=VERTEX_POINT('',#13630);
#7278=VERTEX_POINT('',#13632);
#7279=VERTEX_POINT('',#13636);
#7280=VERTEX_POINT('',#13638);
#7281=VERTEX_POINT('',#13642);
#7282=VERTEX_POINT('',#13644);
#7283=VERTEX_POINT('',#13648);
#7284=VERTEX_POINT('',#13650);
#7285=VERTEX_POINT('',#13654);
#7286=VERTEX_POINT('',#13656);
#7287=VERTEX_POINT('',#13660);
#7288=VERTEX_POINT('',#13662);
#7289=VERTEX_POINT('',#13666);
#7290=VERTEX_POINT('',#13668);
#7291=VERTEX_POINT('',#13672);
#7292=VERTEX_POINT('',#13674);
#7293=VERTEX_POINT('',#13678);
#7294=VERTEX_POINT('',#13680);
#7295=VERTEX_POINT('',#13684);
#7296=VERTEX_POINT('',#13686);
#7297=VERTEX_POINT('',#13690);
#7298=VERTEX_POINT('',#13692);
#7299=VERTEX_POINT('',#13696);
#7300=VERTEX_POINT('',#13698);
#7301=VERTEX_POINT('',#13702);
#7302=VERTEX_POINT('',#13704);
#7303=VERTEX_POINT('',#13708);
#7304=VERTEX_POINT('',#13710);
#7305=VERTEX_POINT('',#13714);
#7306=VERTEX_POINT('',#13716);
#7307=VERTEX_POINT('',#13720);
#7308=VERTEX_POINT('',#13722);
#7309=VERTEX_POINT('',#13726);
#7310=VERTEX_POINT('',#13728);
#7311=VERTEX_POINT('',#13732);
#7312=VERTEX_POINT('',#13734);
#7313=VERTEX_POINT('',#13738);
#7314=VERTEX_POINT('',#13740);
#7315=VERTEX_POINT('',#13744);
#7316=VERTEX_POINT('',#13746);
#7317=VERTEX_POINT('',#13750);
#7318=VERTEX_POINT('',#13752);
#7319=VERTEX_POINT('',#13756);
#7320=VERTEX_POINT('',#13758);
#7321=VERTEX_POINT('',#13762);
#7322=VERTEX_POINT('',#13764);
#7323=VERTEX_POINT('',#13768);
#7324=VERTEX_POINT('',#13770);
#7325=VERTEX_POINT('',#13774);
#7326=VERTEX_POINT('',#13776);
#7327=VERTEX_POINT('',#13780);
#7328=VERTEX_POINT('',#13782);
#7329=VERTEX_POINT('',#13786);
#7330=VERTEX_POINT('',#13788);
#7331=VERTEX_POINT('',#13792);
#7332=VERTEX_POINT('',#13794);
#7333=VERTEX_POINT('',#13798);
#7334=VERTEX_POINT('',#13800);
#7335=VERTEX_POINT('',#13804);
#7336=VERTEX_POINT('',#13806);
#7337=VERTEX_POINT('',#13810);
#7338=VERTEX_POINT('',#13812);
#7339=VERTEX_POINT('',#13816);
#7340=VERTEX_POINT('',#13818);
#7341=VERTEX_POINT('',#13822);
#7342=VERTEX_POINT('',#13824);
#7343=VERTEX_POINT('',#13828);
#7344=VERTEX_POINT('',#13830);
#7345=VERTEX_POINT('',#13834);
#7346=VERTEX_POINT('',#13836);
#7347=VERTEX_POINT('',#13840);
#7348=VERTEX_POINT('',#13842);
#7349=VERTEX_POINT('',#13846);
#7350=VERTEX_POINT('',#13848);
#7351=VERTEX_POINT('',#13852);
#7352=VERTEX_POINT('',#13854);
#7353=VERTEX_POINT('',#13858);
#7354=VERTEX_POINT('',#13860);
#7355=VERTEX_POINT('',#13864);
#7356=VERTEX_POINT('',#13866);
#7357=VERTEX_POINT('',#13870);
#7358=VERTEX_POINT('',#13871);
#7359=VERTEX_POINT('',#13876);
#7360=VERTEX_POINT('',#13878);
#7361=VERTEX_POINT('',#13882);
#7362=VERTEX_POINT('',#13884);
#7363=VERTEX_POINT('',#13888);
#7364=VERTEX_POINT('',#13890);
#7365=VERTEX_POINT('',#13894);
#7366=VERTEX_POINT('',#13896);
#7367=VERTEX_POINT('',#13900);
#7368=VERTEX_POINT('',#13902);
#7369=VERTEX_POINT('',#13906);
#7370=VERTEX_POINT('',#13908);
#7371=VERTEX_POINT('',#13912);
#7372=VERTEX_POINT('',#13914);
#7373=VERTEX_POINT('',#13918);
#7374=VERTEX_POINT('',#13920);
#7375=VERTEX_POINT('',#13924);
#7376=VERTEX_POINT('',#13926);
#7377=VERTEX_POINT('',#13930);
#7378=VERTEX_POINT('',#13932);
#7379=VERTEX_POINT('',#13936);
#7380=VERTEX_POINT('',#13938);
#7381=VERTEX_POINT('',#13942);
#7382=VERTEX_POINT('',#13944);
#7383=VERTEX_POINT('',#13948);
#7384=VERTEX_POINT('',#13950);
#7385=VERTEX_POINT('',#13954);
#7386=VERTEX_POINT('',#13956);
#7387=VERTEX_POINT('',#13960);
#7388=VERTEX_POINT('',#13962);
#7389=VERTEX_POINT('',#13966);
#7390=VERTEX_POINT('',#13968);
#7391=VERTEX_POINT('',#13972);
#7392=VERTEX_POINT('',#13974);
#7393=VERTEX_POINT('',#13978);
#7394=VERTEX_POINT('',#13980);
#7395=VERTEX_POINT('',#13984);
#7396=VERTEX_POINT('',#13986);
#7397=VERTEX_POINT('',#13990);
#7398=VERTEX_POINT('',#13992);
#7399=VERTEX_POINT('',#13996);
#7400=VERTEX_POINT('',#13998);
#7401=VERTEX_POINT('',#14002);
#7402=VERTEX_POINT('',#14004);
#7403=VERTEX_POINT('',#14008);
#7404=VERTEX_POINT('',#14010);
#7405=VERTEX_POINT('',#14014);
#7406=VERTEX_POINT('',#14016);
#7407=VERTEX_POINT('',#14020);
#7408=VERTEX_POINT('',#14022);
#7409=VERTEX_POINT('',#14026);
#7410=VERTEX_POINT('',#14028);
#7411=VERTEX_POINT('',#14032);
#7412=VERTEX_POINT('',#14033);
#7413=VERTEX_POINT('',#14035);
#7414=VERTEX_POINT('',#14037);
#7415=VERTEX_POINT('',#14041);
#7416=VERTEX_POINT('',#14042);
#7417=VERTEX_POINT('',#14044);
#7418=VERTEX_POINT('',#14046);
#7419=VERTEX_POINT('',#14050);
#7420=VERTEX_POINT('',#14051);
#7421=VERTEX_POINT('',#14053);
#7422=VERTEX_POINT('',#14055);
#7423=VERTEX_POINT('',#14059);
#7424=VERTEX_POINT('',#14060);
#7425=VERTEX_POINT('',#14062);
#7426=VERTEX_POINT('',#14064);
#7427=VERTEX_POINT('',#14068);
#7428=VERTEX_POINT('',#14069);
#7429=VERTEX_POINT('',#14071);
#7430=VERTEX_POINT('',#14073);
#7431=VERTEX_POINT('',#14077);
#7432=VERTEX_POINT('',#14078);
#7433=VERTEX_POINT('',#14080);
#7434=VERTEX_POINT('',#14082);
#7435=VERTEX_POINT('',#14086);
#7436=VERTEX_POINT('',#14087);
#7437=VERTEX_POINT('',#14089);
#7438=VERTEX_POINT('',#14091);
#7439=VERTEX_POINT('',#14095);
#7440=VERTEX_POINT('',#14096);
#7441=VERTEX_POINT('',#14098);
#7442=VERTEX_POINT('',#14100);
#7443=VERTEX_POINT('',#14104);
#7444=VERTEX_POINT('',#14105);
#7445=VERTEX_POINT('',#14107);
#7446=VERTEX_POINT('',#14109);
#7447=VERTEX_POINT('',#14113);
#7448=VERTEX_POINT('',#14115);
#7449=VERTEX_POINT('',#14119);
#7450=VERTEX_POINT('',#14121);
#7451=VERTEX_POINT('',#14125);
#7452=VERTEX_POINT('',#14127);
#7453=VERTEX_POINT('',#14131);
#7454=VERTEX_POINT('',#14133);
#7455=VERTEX_POINT('',#14137);
#7456=VERTEX_POINT('',#14139);
#7457=VERTEX_POINT('',#14143);
#7458=VERTEX_POINT('',#14145);
#7459=VERTEX_POINT('',#14149);
#7460=VERTEX_POINT('',#14151);
#7461=VERTEX_POINT('',#14155);
#7462=VERTEX_POINT('',#14157);
#7463=VERTEX_POINT('',#14161);
#7464=VERTEX_POINT('',#14163);
#7465=VERTEX_POINT('',#14167);
#7466=VERTEX_POINT('',#14169);
#7467=VERTEX_POINT('',#14173);
#7468=VERTEX_POINT('',#14175);
#7469=VERTEX_POINT('',#14179);
#7470=VERTEX_POINT('',#14181);
#7471=VERTEX_POINT('',#14185);
#7472=VERTEX_POINT('',#14187);
#7473=VERTEX_POINT('',#14191);
#7474=VERTEX_POINT('',#14193);
#7475=VERTEX_POINT('',#14197);
#7476=VERTEX_POINT('',#14199);
#7477=VERTEX_POINT('',#14203);
#7478=VERTEX_POINT('',#14205);
#7479=VERTEX_POINT('',#14209);
#7480=VERTEX_POINT('',#14211);
#7481=VERTEX_POINT('',#14215);
#7482=VERTEX_POINT('',#14217);
#7483=VERTEX_POINT('',#14221);
#7484=VERTEX_POINT('',#14223);
#7485=VERTEX_POINT('',#14227);
#7486=VERTEX_POINT('',#14229);
#7487=VERTEX_POINT('',#14233);
#7488=VERTEX_POINT('',#14235);
#7489=VERTEX_POINT('',#14239);
#7490=VERTEX_POINT('',#14241);
#7491=VERTEX_POINT('',#14245);
#7492=VERTEX_POINT('',#14247);
#7493=VERTEX_POINT('',#14251);
#7494=VERTEX_POINT('',#14253);
#7495=VERTEX_POINT('',#14257);
#7496=VERTEX_POINT('',#14259);
#7497=VERTEX_POINT('',#14263);
#7498=VERTEX_POINT('',#14265);
#7499=VERTEX_POINT('',#14269);
#7500=VERTEX_POINT('',#14271);
#7501=VERTEX_POINT('',#14275);
#7502=VERTEX_POINT('',#14277);
#7503=VERTEX_POINT('',#14281);
#7504=VERTEX_POINT('',#14283);
#7505=VERTEX_POINT('',#14287);
#7506=VERTEX_POINT('',#14289);
#7507=VERTEX_POINT('',#14293);
#7508=VERTEX_POINT('',#14295);
#7509=VERTEX_POINT('',#14299);
#7510=VERTEX_POINT('',#14301);
#7511=VERTEX_POINT('',#14305);
#7512=VERTEX_POINT('',#14307);
#7513=VERTEX_POINT('',#14311);
#7514=VERTEX_POINT('',#14313);
#7515=VERTEX_POINT('',#14317);
#7516=VERTEX_POINT('',#14319);
#7517=VERTEX_POINT('',#14323);
#7518=VERTEX_POINT('',#14325);
#7519=VERTEX_POINT('',#14329);
#7520=VERTEX_POINT('',#14331);
#7521=VERTEX_POINT('',#14335);
#7522=VERTEX_POINT('',#14337);
#7523=VERTEX_POINT('',#14341);
#7524=VERTEX_POINT('',#14343);
#7525=VERTEX_POINT('',#14347);
#7526=VERTEX_POINT('',#14349);
#7527=VERTEX_POINT('',#14353);
#7528=VERTEX_POINT('',#14355);
#7529=VERTEX_POINT('',#14359);
#7530=VERTEX_POINT('',#14361);
#7531=VERTEX_POINT('',#14365);
#7532=VERTEX_POINT('',#14367);
#7533=VERTEX_POINT('',#14371);
#7534=VERTEX_POINT('',#14373);
#7535=VERTEX_POINT('',#14377);
#7536=VERTEX_POINT('',#14379);
#7537=VERTEX_POINT('',#14383);
#7538=VERTEX_POINT('',#14384);
#7539=VERTEX_POINT('',#14389);
#7540=VERTEX_POINT('',#14391);
#7541=VERTEX_POINT('',#14395);
#7542=VERTEX_POINT('',#14397);
#7543=VERTEX_POINT('',#14401);
#7544=VERTEX_POINT('',#14403);
#7545=VERTEX_POINT('',#14407);
#7546=VERTEX_POINT('',#14409);
#7547=VERTEX_POINT('',#14413);
#7548=VERTEX_POINT('',#14415);
#7549=VERTEX_POINT('',#14419);
#7550=VERTEX_POINT('',#14421);
#7551=VERTEX_POINT('',#14425);
#7552=VERTEX_POINT('',#14427);
#7553=VERTEX_POINT('',#14431);
#7554=VERTEX_POINT('',#14433);
#7555=VERTEX_POINT('',#14437);
#7556=VERTEX_POINT('',#14439);
#7557=VERTEX_POINT('',#14443);
#7558=VERTEX_POINT('',#14445);
#7559=VERTEX_POINT('',#14449);
#7560=VERTEX_POINT('',#14451);
#7561=VERTEX_POINT('',#14455);
#7562=VERTEX_POINT('',#14457);
#7563=VERTEX_POINT('',#14461);
#7564=VERTEX_POINT('',#14463);
#7565=VERTEX_POINT('',#14467);
#7566=VERTEX_POINT('',#14469);
#7567=VERTEX_POINT('',#14473);
#7568=VERTEX_POINT('',#14475);
#7569=VERTEX_POINT('',#14479);
#7570=VERTEX_POINT('',#14481);
#7571=VERTEX_POINT('',#14485);
#7572=VERTEX_POINT('',#14487);
#7573=VERTEX_POINT('',#14491);
#7574=VERTEX_POINT('',#14493);
#7575=VERTEX_POINT('',#14497);
#7576=VERTEX_POINT('',#14499);
#7577=VERTEX_POINT('',#14503);
#7578=VERTEX_POINT('',#14505);
#7579=VERTEX_POINT('',#14509);
#7580=VERTEX_POINT('',#14511);
#7581=VERTEX_POINT('',#14515);
#7582=VERTEX_POINT('',#14517);
#7583=VERTEX_POINT('',#14521);
#7584=VERTEX_POINT('',#14523);
#7585=VERTEX_POINT('',#14527);
#7586=VERTEX_POINT('',#14529);
#7587=VERTEX_POINT('',#14533);
#7588=VERTEX_POINT('',#14535);
#7589=VERTEX_POINT('',#14539);
#7590=VERTEX_POINT('',#14541);
#7591=VERTEX_POINT('',#14545);
#7592=VERTEX_POINT('',#14546);
#7593=VERTEX_POINT('',#14548);
#7594=VERTEX_POINT('',#14550);
#7595=VERTEX_POINT('',#14554);
#7596=VERTEX_POINT('',#14556);
#7597=VERTEX_POINT('',#14560);
#7598=VERTEX_POINT('',#14562);
#7599=VERTEX_POINT('',#14566);
#7600=VERTEX_POINT('',#14568);
#7601=VERTEX_POINT('',#14570);
#7602=VERTEX_POINT('',#14572);
#7603=VERTEX_POINT('',#14574);
#7604=VERTEX_POINT('',#14577);
#7605=VERTEX_POINT('',#14579);
#7606=VERTEX_POINT('',#14581);
#7607=VERTEX_POINT('',#14583);
#7608=VERTEX_POINT('',#14586);
#7609=VERTEX_POINT('',#14588);
#7610=VERTEX_POINT('',#14590);
#7611=VERTEX_POINT('',#14592);
#7612=VERTEX_POINT('',#14595);
#7613=VERTEX_POINT('',#14597);
#7614=VERTEX_POINT('',#14599);
#7615=VERTEX_POINT('',#14601);
#7616=VERTEX_POINT('',#14604);
#7617=VERTEX_POINT('',#14606);
#7618=VERTEX_POINT('',#14608);
#7619=VERTEX_POINT('',#14610);
#7620=VERTEX_POINT('',#14613);
#7621=VERTEX_POINT('',#14615);
#7622=VERTEX_POINT('',#14617);
#7623=VERTEX_POINT('',#14619);
#7624=VERTEX_POINT('',#14622);
#7625=VERTEX_POINT('',#14624);
#7626=VERTEX_POINT('',#14626);
#7627=VERTEX_POINT('',#14628);
#7628=VERTEX_POINT('',#14631);
#7629=VERTEX_POINT('',#14633);
#7630=VERTEX_POINT('',#14635);
#7631=VERTEX_POINT('',#14637);
#7632=VERTEX_POINT('',#14640);
#7633=VERTEX_POINT('',#14642);
#7634=VERTEX_POINT('',#14644);
#7635=VERTEX_POINT('',#14646);
#7636=VERTEX_POINT('',#14649);
#7637=VERTEX_POINT('',#14651);
#7638=VERTEX_POINT('',#14653);
#7639=VERTEX_POINT('',#14657);
#7640=VERTEX_POINT('',#14659);
#7641=VERTEX_POINT('',#14663);
#7642=VERTEX_POINT('',#14666);
#7643=VERTEX_POINT('',#14668);
#7644=VERTEX_POINT('',#14670);
#7645=VERTEX_POINT('',#14672);
#7646=VERTEX_POINT('',#14674);
#7647=VERTEX_POINT('',#14676);
#7648=VERTEX_POINT('',#14678);
#7649=VERTEX_POINT('',#14681);
#7650=VERTEX_POINT('',#14683);
#7651=VERTEX_POINT('',#14685);
#7652=VERTEX_POINT('',#14687);
#7653=VERTEX_POINT('',#14690);
#7654=VERTEX_POINT('',#14692);
#7655=VERTEX_POINT('',#14694);
#7656=VERTEX_POINT('',#14696);
#7657=VERTEX_POINT('',#14699);
#7658=VERTEX_POINT('',#14701);
#7659=VERTEX_POINT('',#14703);
#7660=VERTEX_POINT('',#14705);
#7661=VERTEX_POINT('',#14708);
#7662=VERTEX_POINT('',#14710);
#7663=VERTEX_POINT('',#14712);
#7664=VERTEX_POINT('',#14714);
#7665=VERTEX_POINT('',#14717);
#7666=VERTEX_POINT('',#14719);
#7667=VERTEX_POINT('',#14721);
#7668=VERTEX_POINT('',#14723);
#7669=VERTEX_POINT('',#14726);
#7670=VERTEX_POINT('',#14728);
#7671=VERTEX_POINT('',#14730);
#7672=VERTEX_POINT('',#14732);
#7673=VERTEX_POINT('',#14735);
#7674=VERTEX_POINT('',#14737);
#7675=VERTEX_POINT('',#14739);
#7676=VERTEX_POINT('',#14741);
#7677=VERTEX_POINT('',#14744);
#7678=VERTEX_POINT('',#14746);
#7679=VERTEX_POINT('',#14748);
#7680=VERTEX_POINT('',#14750);
#7681=VERTEX_POINT('',#14754);
#7682=VERTEX_POINT('',#14756);
#7683=VERTEX_POINT('',#14760);
#7684=VERTEX_POINT('',#14762);
#7685=VERTEX_POINT('',#14766);
#7686=VERTEX_POINT('',#14768);
#7687=VERTEX_POINT('',#14772);
#7688=VERTEX_POINT('',#14774);
#7689=VERTEX_POINT('',#14777);
#7690=VERTEX_POINT('',#14779);
#7691=VERTEX_POINT('',#14782);
#7692=VERTEX_POINT('',#14784);
#7693=VERTEX_POINT('',#14787);
#7694=VERTEX_POINT('',#14789);
#7695=VERTEX_POINT('',#14792);
#7696=VERTEX_POINT('',#14794);
#7697=VERTEX_POINT('',#14797);
#7698=VERTEX_POINT('',#14799);
#7699=VERTEX_POINT('',#14802);
#7700=VERTEX_POINT('',#14804);
#7701=VERTEX_POINT('',#14807);
#7702=VERTEX_POINT('',#14809);
#7703=VERTEX_POINT('',#14812);
#7704=VERTEX_POINT('',#14814);
#7705=VERTEX_POINT('',#14816);
#7706=VERTEX_POINT('',#14818);
#7707=VERTEX_POINT('',#14820);
#7708=VERTEX_POINT('',#14823);
#7709=VERTEX_POINT('',#14825);
#7710=VERTEX_POINT('',#14827);
#7711=VERTEX_POINT('',#14829);
#7712=VERTEX_POINT('',#14832);
#7713=VERTEX_POINT('',#14834);
#7714=VERTEX_POINT('',#14836);
#7715=VERTEX_POINT('',#14838);
#7716=VERTEX_POINT('',#14841);
#7717=VERTEX_POINT('',#14843);
#7718=VERTEX_POINT('',#14845);
#7719=VERTEX_POINT('',#14847);
#7720=VERTEX_POINT('',#14850);
#7721=VERTEX_POINT('',#14852);
#7722=VERTEX_POINT('',#14854);
#7723=VERTEX_POINT('',#14856);
#7724=VERTEX_POINT('',#14859);
#7725=VERTEX_POINT('',#14861);
#7726=VERTEX_POINT('',#14863);
#7727=VERTEX_POINT('',#14865);
#7728=VERTEX_POINT('',#14868);
#7729=VERTEX_POINT('',#14870);
#7730=VERTEX_POINT('',#14872);
#7731=VERTEX_POINT('',#14874);
#7732=VERTEX_POINT('',#14877);
#7733=VERTEX_POINT('',#14879);
#7734=VERTEX_POINT('',#14881);
#7735=VERTEX_POINT('',#14883);
#7736=VERTEX_POINT('',#14886);
#7737=VERTEX_POINT('',#14888);
#7738=VERTEX_POINT('',#14890);
#7739=VERTEX_POINT('',#14892);
#7740=VERTEX_POINT('',#14895);
#7741=VERTEX_POINT('',#14897);
#7742=VERTEX_POINT('',#14899);
#7743=VERTEX_POINT('',#14901);
#7744=VERTEX_POINT('',#14904);
#7745=VERTEX_POINT('',#14908);
#7746=VERTEX_POINT('',#14910);
#7747=VERTEX_POINT('',#14914);
#7748=VERTEX_POINT('',#14916);
#7749=VERTEX_POINT('',#14920);
#7750=VERTEX_POINT('',#14922);
#7751=VERTEX_POINT('',#14926);
#7752=VERTEX_POINT('',#14928);
#7753=VERTEX_POINT('',#14932);
#7754=VERTEX_POINT('',#14934);
#7755=VERTEX_POINT('',#14938);
#7756=VERTEX_POINT('',#14940);
#7757=VERTEX_POINT('',#14944);
#7758=VERTEX_POINT('',#14946);
#7759=VERTEX_POINT('',#14950);
#7760=VERTEX_POINT('',#14952);
#7761=VERTEX_POINT('',#14956);
#7762=VERTEX_POINT('',#14958);
#7763=VERTEX_POINT('',#14962);
#7764=VERTEX_POINT('',#14964);
#7765=VERTEX_POINT('',#14966);
#7766=VERTEX_POINT('',#14969);
#7767=VERTEX_POINT('',#14971);
#7768=VERTEX_POINT('',#14974);
#7769=VERTEX_POINT('',#14976);
#7770=VERTEX_POINT('',#14979);
#7771=VERTEX_POINT('',#14981);
#7772=VERTEX_POINT('',#14984);
#7773=VERTEX_POINT('',#14986);
#7774=VERTEX_POINT('',#14989);
#7775=VERTEX_POINT('',#14991);
#7776=VERTEX_POINT('',#14994);
#7777=VERTEX_POINT('',#14996);
#7778=VERTEX_POINT('',#14999);
#7779=VERTEX_POINT('',#15001);
#7780=VERTEX_POINT('',#15004);
#7781=VERTEX_POINT('',#15006);
#7782=VERTEX_POINT('',#15009);
#7783=VERTEX_POINT('',#15013);
#7784=VERTEX_POINT('',#15015);
#7785=VERTEX_POINT('',#15019);
#7786=VERTEX_POINT('',#15021);
#7787=VERTEX_POINT('',#15024);
#7788=VERTEX_POINT('',#15026);
#7789=VERTEX_POINT('',#15029);
#7790=VERTEX_POINT('',#15031);
#7791=VERTEX_POINT('',#15034);
#7792=VERTEX_POINT('',#15036);
#7793=VERTEX_POINT('',#15039);
#7794=VERTEX_POINT('',#15041);
#7795=VERTEX_POINT('',#15044);
#7796=VERTEX_POINT('',#15046);
#7797=VERTEX_POINT('',#15049);
#7798=VERTEX_POINT('',#15051);
#7799=VERTEX_POINT('',#15054);
#7800=VERTEX_POINT('',#15056);
#7801=VERTEX_POINT('',#15059);
#7802=VERTEX_POINT('',#15061);
#7803=VERTEX_POINT('',#15063);
#7804=VERTEX_POINT('',#15065);
#7805=VERTEX_POINT('',#15070);
#7806=VERTEX_POINT('',#15072);
#7807=VERTEX_POINT('',#15076);
#7808=VERTEX_POINT('',#15078);
#7809=VERTEX_POINT('',#15082);
#7810=VERTEX_POINT('',#15084);
#7811=VERTEX_POINT('',#15088);
#7812=VERTEX_POINT('',#15090);
#7813=VERTEX_POINT('',#15094);
#7814=VERTEX_POINT('',#15096);
#7815=VERTEX_POINT('',#15100);
#7816=VERTEX_POINT('',#15102);
#7817=VERTEX_POINT('',#15106);
#7818=VERTEX_POINT('',#15108);
#7819=VERTEX_POINT('',#15112);
#7820=VERTEX_POINT('',#15114);
#7821=VERTEX_POINT('',#15118);
#7822=VERTEX_POINT('',#15120);
#7823=VERTEX_POINT('',#15124);
#7824=VERTEX_POINT('',#15126);
#7825=VERTEX_POINT('',#15129);
#7826=VERTEX_POINT('',#15131);
#7827=VERTEX_POINT('',#15133);
#7828=VERTEX_POINT('',#15135);
#7829=VERTEX_POINT('',#15138);
#7830=VERTEX_POINT('',#15140);
#7831=VERTEX_POINT('',#15142);
#7832=VERTEX_POINT('',#15144);
#7833=VERTEX_POINT('',#15147);
#7834=VERTEX_POINT('',#15149);
#7835=VERTEX_POINT('',#15151);
#7836=VERTEX_POINT('',#15153);
#7837=VERTEX_POINT('',#15156);
#7838=VERTEX_POINT('',#15158);
#7839=VERTEX_POINT('',#15160);
#7840=VERTEX_POINT('',#15162);
#7841=VERTEX_POINT('',#15165);
#7842=VERTEX_POINT('',#15167);
#7843=VERTEX_POINT('',#15169);
#7844=VERTEX_POINT('',#15171);
#7845=VERTEX_POINT('',#15174);
#7846=VERTEX_POINT('',#15176);
#7847=VERTEX_POINT('',#15178);
#7848=VERTEX_POINT('',#15180);
#7849=VERTEX_POINT('',#15183);
#7850=VERTEX_POINT('',#15185);
#7851=VERTEX_POINT('',#15187);
#7852=VERTEX_POINT('',#15189);
#7853=VERTEX_POINT('',#15192);
#7854=VERTEX_POINT('',#15194);
#7855=VERTEX_POINT('',#15196);
#7856=VERTEX_POINT('',#15198);
#7857=VERTEX_POINT('',#15201);
#7858=VERTEX_POINT('',#15203);
#7859=VERTEX_POINT('',#15205);
#7860=VERTEX_POINT('',#15207);
#7861=VERTEX_POINT('',#15210);
#7862=VERTEX_POINT('',#15213);
#7863=VERTEX_POINT('',#15215);
#7864=VERTEX_POINT('',#15218);
#7865=VERTEX_POINT('',#15220);
#7866=VERTEX_POINT('',#15223);
#7867=VERTEX_POINT('',#15225);
#7868=VERTEX_POINT('',#15228);
#7869=VERTEX_POINT('',#15230);
#7870=VERTEX_POINT('',#15233);
#7871=VERTEX_POINT('',#15235);
#7872=VERTEX_POINT('',#15238);
#7873=VERTEX_POINT('',#15240);
#7874=VERTEX_POINT('',#15243);
#7875=VERTEX_POINT('',#15245);
#7876=VERTEX_POINT('',#15248);
#7877=VERTEX_POINT('',#15250);
#7878=VERTEX_POINT('',#15253);
#7879=CIRCLE('',#9608,0.025);
#7880=CIRCLE('',#9609,0.025);
#7881=CIRCLE('',#9610,0.025);
#7882=CIRCLE('',#9612,0.025);
#7883=CIRCLE('',#9613,0.025);
#7884=CIRCLE('',#9614,0.025);
#7885=CIRCLE('',#9672,0.015);
#7886=CIRCLE('',#9679,0.015);
#7887=CIRCLE('',#9741,0.0159999999999951);
#7888=CIRCLE('',#9742,0.0159999999999951);
#7889=CIRCLE('',#9744,0.0159999999999951);
#7890=CIRCLE('',#9745,0.0159999999999951);
#7891=CIRCLE('',#9747,0.0159999999999951);
#7892=CIRCLE('',#9748,0.0159999999999951);
#7893=CIRCLE('',#9750,0.0159999999999951);
#7894=CIRCLE('',#9751,0.0159999999999951);
#7895=CIRCLE('',#9753,0.0159999999999951);
#7896=CIRCLE('',#9754,0.0159999999999951);
#7897=CIRCLE('',#9756,0.0159999999999951);
#7898=CIRCLE('',#9757,0.0159999999999951);
#7899=CIRCLE('',#9759,0.0159999999999951);
#7900=CIRCLE('',#9760,0.0159999999999951);
#7901=CIRCLE('',#9762,0.0159999999999951);
#7902=CIRCLE('',#9763,0.0159999999999951);
#7903=CIRCLE('',#9765,0.0159999999999951);
#7904=CIRCLE('',#9766,0.0159999999999951);
#7905=CIRCLE('',#9777,0.0319999999999964);
#7906=CIRCLE('',#9778,0.0319999999999964);
#7907=CIRCLE('',#9780,0.0319999999999964);
#7908=CIRCLE('',#9781,0.0319999999999964);
#7909=CIRCLE('',#9783,0.0319999999999964);
#7910=CIRCLE('',#9784,0.0319999999999964);
#7911=CIRCLE('',#9786,0.0319999999999964);
#7912=CIRCLE('',#9787,0.0319999999999964);
#7913=CIRCLE('',#9789,0.0319999999999964);
#7914=CIRCLE('',#9790,0.0319999999999964);
#7915=CIRCLE('',#9792,0.0319999999999964);
#7916=CIRCLE('',#9793,0.0319999999999964);
#7917=CIRCLE('',#9795,0.0319999999999964);
#7918=CIRCLE('',#9796,0.0319999999999964);
#7919=CIRCLE('',#9798,0.0319999999999964);
#7920=CIRCLE('',#9799,0.0319999999999964);
#7921=CIRCLE('',#9801,0.0319999999999964);
#7922=CIRCLE('',#9802,0.0319999999999964);
#7923=CIRCLE('',#9831,0.015999999999981);
#7924=CIRCLE('',#9832,0.015999999999981);
#7925=CIRCLE('',#9834,0.015999999999981);
#7926=CIRCLE('',#9835,0.015999999999981);
#7927=CIRCLE('',#9837,0.015999999999981);
#7928=CIRCLE('',#9838,0.015999999999981);
#7929=CIRCLE('',#9840,0.015999999999981);
#7930=CIRCLE('',#9841,0.015999999999981);
#7931=CIRCLE('',#9843,0.015999999999981);
#7932=CIRCLE('',#9844,0.015999999999981);
#7933=CIRCLE('',#9846,0.015999999999981);
#7934=CIRCLE('',#9847,0.015999999999981);
#7935=CIRCLE('',#9849,0.015999999999981);
#7936=CIRCLE('',#9850,0.015999999999981);
#7937=CIRCLE('',#9852,0.015999999999981);
#7938=CIRCLE('',#9853,0.015999999999981);
#7939=CIRCLE('',#9855,0.015999999999981);
#7940=CIRCLE('',#9856,0.015999999999981);
#7941=CIRCLE('',#9867,0.0319999999999966);
#7942=CIRCLE('',#9868,0.0319999999999966);
#7943=CIRCLE('',#9870,0.0319999999999966);
#7944=CIRCLE('',#9871,0.0319999999999966);
#7945=CIRCLE('',#9873,0.0319999999999966);
#7946=CIRCLE('',#9874,0.0319999999999966);
#7947=CIRCLE('',#9876,0.0319999999999966);
#7948=CIRCLE('',#9877,0.0319999999999966);
#7949=CIRCLE('',#9879,0.0319999999999966);
#7950=CIRCLE('',#9880,0.0319999999999966);
#7951=CIRCLE('',#9882,0.0319999999999966);
#7952=CIRCLE('',#9883,0.0319999999999966);
#7953=CIRCLE('',#9885,0.0319999999999966);
#7954=CIRCLE('',#9886,0.0319999999999966);
#7955=CIRCLE('',#9888,0.0319999999999966);
#7956=CIRCLE('',#9889,0.0319999999999966);
#7957=CIRCLE('',#9891,0.0319999999999966);
#7958=CIRCLE('',#9892,0.0319999999999966);
#7959=CIRCLE('',#9894,0.0159999999999962);
#7960=CIRCLE('',#9895,0.0159999999999962);
#7961=CIRCLE('',#9897,0.0159999999999962);
#7962=CIRCLE('',#9898,0.0159999999999962);
#7963=CIRCLE('',#9900,0.0159999999999962);
#7964=CIRCLE('',#9901,0.0159999999999962);
#7965=CIRCLE('',#9903,0.0159999999999962);
#7966=CIRCLE('',#9904,0.0159999999999962);
#7967=CIRCLE('',#9906,0.0159999999999962);
#7968=CIRCLE('',#9907,0.0159999999999962);
#7969=CIRCLE('',#9909,0.0159999999999962);
#7970=CIRCLE('',#9910,0.0159999999999962);
#7971=CIRCLE('',#9912,0.0159999999999962);
#7972=CIRCLE('',#9913,0.0159999999999962);
#7973=CIRCLE('',#9915,0.0159999999999962);
#7974=CIRCLE('',#9916,0.0159999999999962);
#7975=CIRCLE('',#9918,0.0159999999999962);
#7976=CIRCLE('',#9919,0.0159999999999962);
#7977=CIRCLE('',#9930,0.0319999999999936);
#7978=CIRCLE('',#9931,0.0319999999999936);
#7979=CIRCLE('',#9933,0.0319999999999936);
#7980=CIRCLE('',#9934,0.0319999999999936);
#7981=CIRCLE('',#9936,0.0319999999999936);
#7982=CIRCLE('',#9937,0.0319999999999936);
#7983=CIRCLE('',#9939,0.0319999999999936);
#7984=CIRCLE('',#9940,0.0319999999999936);
#7985=CIRCLE('',#9942,0.0319999999999936);
#7986=CIRCLE('',#9943,0.0319999999999936);
#7987=CIRCLE('',#9945,0.0319999999999936);
#7988=CIRCLE('',#9946,0.0319999999999936);
#7989=CIRCLE('',#9948,0.0319999999999936);
#7990=CIRCLE('',#9949,0.0319999999999936);
#7991=CIRCLE('',#9951,0.0319999999999936);
#7992=CIRCLE('',#9952,0.0319999999999936);
#7993=CIRCLE('',#9954,0.0319999999999936);
#7994=CIRCLE('',#9955,0.0319999999999936);
#7995=CIRCLE('',#9984,0.0159999999999968);
#7996=CIRCLE('',#9985,0.0159999999999968);
#7997=CIRCLE('',#9987,0.0159999999999968);
#7998=CIRCLE('',#9988,0.0159999999999968);
#7999=CIRCLE('',#9990,0.0159999999999968);
#8000=CIRCLE('',#9991,0.0159999999999968);
#8001=CIRCLE('',#9993,0.0159999999999968);
#8002=CIRCLE('',#9994,0.0159999999999968);
#8003=CIRCLE('',#9996,0.0159999999999968);
#8004=CIRCLE('',#9997,0.0159999999999968);
#8005=CIRCLE('',#9999,0.0159999999999968);
#8006=CIRCLE('',#10000,0.0159999999999968);
#8007=CIRCLE('',#10002,0.0159999999999968);
#8008=CIRCLE('',#10003,0.0159999999999968);
#8009=CIRCLE('',#10005,0.0159999999999968);
#8010=CIRCLE('',#10006,0.0159999999999968);
#8011=CIRCLE('',#10008,0.0159999999999968);
#8012=CIRCLE('',#10009,0.0159999999999968);
#8013=CIRCLE('',#10020,0.0319999999999936);
#8014=CIRCLE('',#10021,0.0319999999999936);
#8015=CIRCLE('',#10023,0.0319999999999936);
#8016=CIRCLE('',#10024,0.0319999999999936);
#8017=CIRCLE('',#10026,0.0319999999999936);
#8018=CIRCLE('',#10027,0.0319999999999936);
#8019=CIRCLE('',#10029,0.0319999999999936);
#8020=CIRCLE('',#10030,0.0319999999999936);
#8021=CIRCLE('',#10032,0.0319999999999936);
#8022=CIRCLE('',#10033,0.0319999999999936);
#8023=CIRCLE('',#10035,0.0319999999999936);
#8024=CIRCLE('',#10036,0.0319999999999936);
#8025=CIRCLE('',#10038,0.0319999999999936);
#8026=CIRCLE('',#10039,0.0319999999999936);
#8027=CIRCLE('',#10041,0.0319999999999936);
#8028=CIRCLE('',#10042,0.0319999999999936);
#8029=CIRCLE('',#10044,0.0319999999999936);
#8030=CIRCLE('',#10045,0.0319999999999936);
#8031=CIRCLE('',#10057,0.0159999999999951);
#8032=CIRCLE('',#10058,0.0159999999999951);
#8033=CIRCLE('',#10061,0.0319999999999964);
#8034=CIRCLE('',#10062,0.0319999999999964);
#8035=CIRCLE('',#10067,0.015999999999981);
#8036=CIRCLE('',#10068,0.015999999999981);
#8037=CIRCLE('',#10071,0.0319999999999966);
#8038=CIRCLE('',#10072,0.0319999999999966);
#8039=CIRCLE('',#10077,0.0159999999999962);
#8040=CIRCLE('',#10078,0.0159999999999962);
#8041=CIRCLE('',#10081,0.0319999999999936);
#8042=CIRCLE('',#10082,0.0319999999999936);
#8043=CIRCLE('',#10087,0.0159999999999968);
#8044=CIRCLE('',#10088,0.0159999999999968);
#8045=CIRCLE('',#10091,0.0319999999999936);
#8046=CIRCLE('',#10092,0.0319999999999936);
#8047=EDGE_LOOP('',(#2825));
#8048=EDGE_LOOP('',(#2826,#2827,#2828,#2829,#2830,#2831,#2832,#2833));
#8049=EDGE_LOOP('',(#2834));
#8050=EDGE_LOOP('',(#2835,#2836,#2837,#2838,#2839,#2840,#2841,#2842));
#8051=EDGE_LOOP('',(#2843,#2844,#2845,#2846));
#8052=EDGE_LOOP('',(#2847,#2848,#2849,#2850,#2851,#2852));
#8053=EDGE_LOOP('',(#2853,#2854));
#8054=EDGE_LOOP('',(#2855,#2856,#2857,#2858));
#8055=EDGE_LOOP('',(#2859,#2860,#2861,#2862));
#8056=EDGE_LOOP('',(#2863,#2864,#2865,#2866));
#8057=EDGE_LOOP('',(#2867,#2868,#2869,#2870));
#8058=EDGE_LOOP('',(#2871,#2872));
#8059=EDGE_LOOP('',(#2873,#2874,#2875,#2876));
#8060=EDGE_LOOP('',(#2877,#2878,#2879,#2880,#2881,#2882));
#8061=EDGE_LOOP('',(#2883,#2884,#2885,#2886));
#8062=EDGE_LOOP('',(#2887,#2888,#2889,#2890));
#8063=EDGE_LOOP('',(#2891,#2892,#2893,#2894));
#8064=EDGE_LOOP('',(#2895,#2896,#2897,#2898));
#8065=EDGE_LOOP('',(#2899,#2900,#2901,#2902));
#8066=EDGE_LOOP('',(#2903,#2904,#2905,#2906));
#8067=EDGE_LOOP('',(#2907,#2908,#2909,#2910));
#8068=EDGE_LOOP('',(#2911,#2912,#2913,#2914));
#8069=EDGE_LOOP('',(#2915,#2916,#2917,#2918));
#8070=EDGE_LOOP('',(#2919,#2920,#2921,#2922));
#8071=EDGE_LOOP('',(#2923,#2924,#2925,#2926));
#8072=EDGE_LOOP('',(#2927,#2928,#2929,#2930));
#8073=EDGE_LOOP('',(#2931,#2932,#2933,#2934));
#8074=EDGE_LOOP('',(#2935,#2936,#2937,#2938));
#8075=EDGE_LOOP('',(#2939,#2940,#2941,#2942));
#8076=EDGE_LOOP('',(#2943,#2944,#2945,#2946));
#8077=EDGE_LOOP('',(#2947,#2948,#2949,#2950));
#8078=EDGE_LOOP('',(#2951,#2952,#2953,#2954));
#8079=EDGE_LOOP('',(#2955,#2956,#2957,#2958));
#8080=EDGE_LOOP('',(#2959,#2960,#2961,#2962));
#8081=EDGE_LOOP('',(#2963,#2964,#2965,#2966));
#8082=EDGE_LOOP('',(#2967,#2968,#2969,#2970));
#8083=EDGE_LOOP('',(#2971,#2972,#2973,#2974));
#8084=EDGE_LOOP('',(#2975,#2976,#2977,#2978));
#8085=EDGE_LOOP('',(#2979,#2980,#2981,#2982));
#8086=EDGE_LOOP('',(#2983,#2984,#2985,#2986));
#8087=EDGE_LOOP('',(#2987,#2988,#2989,#2990));
#8088=EDGE_LOOP('',(#2991,#2992,#2993,#2994));
#8089=EDGE_LOOP('',(#2995,#2996,#2997,#2998));
#8090=EDGE_LOOP('',(#2999,#3000,#3001,#3002));
#8091=EDGE_LOOP('',(#3003,#3004,#3005,#3006));
#8092=EDGE_LOOP('',(#3007,#3008,#3009,#3010));
#8093=EDGE_LOOP('',(#3011,#3012,#3013,#3014));
#8094=EDGE_LOOP('',(#3015,#3016,#3017,#3018,#3019,#3020,#3021,#3022,#3023,
#3024,#3025,#3026,#3027,#3028,#3029,#3030));
#8095=EDGE_LOOP('',(#3031,#3032,#3033,#3034));
#8096=EDGE_LOOP('',(#3035,#3036,#3037,#3038));
#8097=EDGE_LOOP('',(#3039,#3040,#3041,#3042));
#8098=EDGE_LOOP('',(#3043,#3044,#3045,#3046));
#8099=EDGE_LOOP('',(#3047,#3048,#3049,#3050));
#8100=EDGE_LOOP('',(#3051,#3052,#3053,#3054));
#8101=EDGE_LOOP('',(#3055,#3056,#3057,#3058));
#8102=EDGE_LOOP('',(#3059,#3060,#3061,#3062));
#8103=EDGE_LOOP('',(#3063,#3064,#3065,#3066));
#8104=EDGE_LOOP('',(#3067,#3068,#3069,#3070));
#8105=EDGE_LOOP('',(#3071,#3072,#3073,#3074));
#8106=EDGE_LOOP('',(#3075,#3076,#3077,#3078));
#8107=EDGE_LOOP('',(#3079,#3080,#3081,#3082));
#8108=EDGE_LOOP('',(#3083,#3084,#3085,#3086));
#8109=EDGE_LOOP('',(#3087,#3088,#3089,#3090));
#8110=EDGE_LOOP('',(#3091,#3092,#3093,#3094));
#8111=EDGE_LOOP('',(#3095,#3096,#3097,#3098,#3099,#3100,#3101,#3102,#3103,
#3104,#3105,#3106));
#8112=EDGE_LOOP('',(#3107,#3108,#3109,#3110,#3111,#3112,#3113));
#8113=EDGE_LOOP('',(#3114,#3115,#3116,#3117));
#8114=EDGE_LOOP('',(#3118,#3119,#3120,#3121,#3122,#3123));
#8115=EDGE_LOOP('',(#3124,#3125,#3126,#3127,#3128,#3129,#3130));
#8116=EDGE_LOOP('',(#3131,#3132,#3133,#3134));
#8117=EDGE_LOOP('',(#3135,#3136,#3137,#3138));
#8118=EDGE_LOOP('',(#3139,#3140,#3141,#3142,#3143,#3144));
#8119=EDGE_LOOP('',(#3145,#3146,#3147,#3148,#3149));
#8120=EDGE_LOOP('',(#3150,#3151,#3152,#3153));
#8121=EDGE_LOOP('',(#3154,#3155,#3156,#3157));
#8122=EDGE_LOOP('',(#3158,#3159,#3160,#3161));
#8123=EDGE_LOOP('',(#3162,#3163,#3164,#3165));
#8124=EDGE_LOOP('',(#3166,#3167,#3168,#3169,#3170));
#8125=EDGE_LOOP('',(#3171));
#8126=EDGE_LOOP('',(#3172));
#8127=EDGE_LOOP('',(#3173));
#8128=EDGE_LOOP('',(#3174,#3175));
#8129=EDGE_LOOP('',(#3176,#3177,#3178,#3179));
#8130=EDGE_LOOP('',(#3180,#3181,#3182,#3183));
#8131=EDGE_LOOP('',(#3184,#3185,#3186,#3187));
#8132=EDGE_LOOP('',(#3188));
#8133=EDGE_LOOP('',(#3189));
#8134=EDGE_LOOP('',(#3190));
#8135=EDGE_LOOP('',(#3191,#3192));
#8136=EDGE_LOOP('',(#3193,#3194,#3195,#3196));
#8137=EDGE_LOOP('',(#3197,#3198,#3199,#3200));
#8138=EDGE_LOOP('',(#3201,#3202,#3203,#3204));
#8139=EDGE_LOOP('',(#3205,#3206,#3207,#3208));
#8140=EDGE_LOOP('',(#3209,#3210,#3211,#3212));
#8141=EDGE_LOOP('',(#3213,#3214,#3215,#3216));
#8142=EDGE_LOOP('',(#3217,#3218,#3219,#3220));
#8143=EDGE_LOOP('',(#3221,#3222,#3223,#3224));
#8144=EDGE_LOOP('',(#3225,#3226,#3227,#3228));
#8145=EDGE_LOOP('',(#3229,#3230,#3231,#3232));
#8146=EDGE_LOOP('',(#3233,#3234,#3235,#3236));
#8147=EDGE_LOOP('',(#3237,#3238,#3239,#3240));
#8148=EDGE_LOOP('',(#3241,#3242,#3243,#3244));
#8149=EDGE_LOOP('',(#3245,#3246,#3247,#3248));
#8150=EDGE_LOOP('',(#3249,#3250,#3251,#3252));
#8151=EDGE_LOOP('',(#3253,#3254,#3255,#3256));
#8152=EDGE_LOOP('',(#3257,#3258,#3259,#3260));
#8153=EDGE_LOOP('',(#3261,#3262,#3263,#3264));
#8154=EDGE_LOOP('',(#3265,#3266,#3267,#3268));
#8155=EDGE_LOOP('',(#3269,#3270,#3271,#3272));
#8156=EDGE_LOOP('',(#3273,#3274,#3275,#3276));
#8157=EDGE_LOOP('',(#3277,#3278,#3279,#3280));
#8158=EDGE_LOOP('',(#3281,#3282,#3283,#3284));
#8159=EDGE_LOOP('',(#3285,#3286,#3287,#3288));
#8160=EDGE_LOOP('',(#3289,#3290,#3291,#3292));
#8161=EDGE_LOOP('',(#3293,#3294,#3295,#3296));
#8162=EDGE_LOOP('',(#3297,#3298,#3299,#3300));
#8163=EDGE_LOOP('',(#3301,#3302,#3303,#3304));
#8164=EDGE_LOOP('',(#3305,#3306,#3307,#3308));
#8165=EDGE_LOOP('',(#3309,#3310,#3311,#3312));
#8166=EDGE_LOOP('',(#3313,#3314,#3315,#3316));
#8167=EDGE_LOOP('',(#3317,#3318,#3319,#3320));
#8168=EDGE_LOOP('',(#3321,#3322,#3323,#3324));
#8169=EDGE_LOOP('',(#3325,#3326,#3327,#3328));
#8170=EDGE_LOOP('',(#3329,#3330,#3331,#3332));
#8171=EDGE_LOOP('',(#3333,#3334,#3335,#3336));
#8172=EDGE_LOOP('',(#3337,#3338,#3339,#3340));
#8173=EDGE_LOOP('',(#3341,#3342,#3343,#3344));
#8174=EDGE_LOOP('',(#3345,#3346,#3347,#3348));
#8175=EDGE_LOOP('',(#3349,#3350,#3351,#3352));
#8176=EDGE_LOOP('',(#3353,#3354,#3355,#3356));
#8177=EDGE_LOOP('',(#3357,#3358,#3359,#3360));
#8178=EDGE_LOOP('',(#3361,#3362,#3363,#3364));
#8179=EDGE_LOOP('',(#3365,#3366,#3367,#3368));
#8180=EDGE_LOOP('',(#3369,#3370,#3371,#3372));
#8181=EDGE_LOOP('',(#3373,#3374,#3375,#3376));
#8182=EDGE_LOOP('',(#3377,#3378,#3379,#3380));
#8183=EDGE_LOOP('',(#3381,#3382,#3383,#3384));
#8184=EDGE_LOOP('',(#3385,#3386,#3387,#3388));
#8185=EDGE_LOOP('',(#3389,#3390,#3391,#3392));
#8186=EDGE_LOOP('',(#3393,#3394,#3395,#3396));
#8187=EDGE_LOOP('',(#3397,#3398,#3399,#3400));
#8188=EDGE_LOOP('',(#3401,#3402,#3403,#3404));
#8189=EDGE_LOOP('',(#3405,#3406,#3407,#3408));
#8190=EDGE_LOOP('',(#3409,#3410,#3411,#3412));
#8191=EDGE_LOOP('',(#3413,#3414,#3415,#3416));
#8192=EDGE_LOOP('',(#3417,#3418,#3419,#3420));
#8193=EDGE_LOOP('',(#3421,#3422,#3423,#3424));
#8194=EDGE_LOOP('',(#3425,#3426,#3427,#3428));
#8195=EDGE_LOOP('',(#3429,#3430,#3431,#3432));
#8196=EDGE_LOOP('',(#3433,#3434,#3435,#3436));
#8197=EDGE_LOOP('',(#3437,#3438,#3439,#3440));
#8198=EDGE_LOOP('',(#3441,#3442,#3443,#3444));
#8199=EDGE_LOOP('',(#3445,#3446,#3447,#3448));
#8200=EDGE_LOOP('',(#3449,#3450,#3451,#3452));
#8201=EDGE_LOOP('',(#3453,#3454,#3455,#3456));
#8202=EDGE_LOOP('',(#3457,#3458,#3459,#3460));
#8203=EDGE_LOOP('',(#3461,#3462,#3463,#3464));
#8204=EDGE_LOOP('',(#3465,#3466,#3467,#3468));
#8205=EDGE_LOOP('',(#3469,#3470,#3471,#3472));
#8206=EDGE_LOOP('',(#3473,#3474,#3475,#3476));
#8207=EDGE_LOOP('',(#3477,#3478,#3479,#3480));
#8208=EDGE_LOOP('',(#3481,#3482,#3483,#3484));
#8209=EDGE_LOOP('',(#3485,#3486,#3487,#3488));
#8210=EDGE_LOOP('',(#3489,#3490,#3491,#3492));
#8211=EDGE_LOOP('',(#3493,#3494,#3495,#3496));
#8212=EDGE_LOOP('',(#3497,#3498,#3499,#3500));
#8213=EDGE_LOOP('',(#3501,#3502,#3503,#3504));
#8214=EDGE_LOOP('',(#3505,#3506,#3507,#3508));
#8215=EDGE_LOOP('',(#3509,#3510,#3511,#3512));
#8216=EDGE_LOOP('',(#3513,#3514,#3515,#3516));
#8217=EDGE_LOOP('',(#3517,#3518,#3519,#3520));
#8218=EDGE_LOOP('',(#3521,#3522,#3523,#3524));
#8219=EDGE_LOOP('',(#3525,#3526,#3527,#3528));
#8220=EDGE_LOOP('',(#3529,#3530,#3531,#3532));
#8221=EDGE_LOOP('',(#3533,#3534,#3535,#3536));
#8222=EDGE_LOOP('',(#3537,#3538,#3539,#3540));
#8223=EDGE_LOOP('',(#3541,#3542,#3543,#3544));
#8224=EDGE_LOOP('',(#3545,#3546,#3547,#3548));
#8225=EDGE_LOOP('',(#3549,#3550,#3551,#3552));
#8226=EDGE_LOOP('',(#3553,#3554,#3555,#3556));
#8227=EDGE_LOOP('',(#3557,#3558,#3559,#3560));
#8228=EDGE_LOOP('',(#3561,#3562,#3563,#3564));
#8229=EDGE_LOOP('',(#3565,#3566,#3567,#3568));
#8230=EDGE_LOOP('',(#3569,#3570,#3571,#3572));
#8231=EDGE_LOOP('',(#3573,#3574,#3575,#3576));
#8232=EDGE_LOOP('',(#3577,#3578,#3579,#3580));
#8233=EDGE_LOOP('',(#3581,#3582,#3583,#3584));
#8234=EDGE_LOOP('',(#3585,#3586,#3587,#3588));
#8235=EDGE_LOOP('',(#3589,#3590,#3591,#3592));
#8236=EDGE_LOOP('',(#3593,#3594,#3595,#3596));
#8237=EDGE_LOOP('',(#3597,#3598,#3599,#3600));
#8238=EDGE_LOOP('',(#3601,#3602,#3603,#3604));
#8239=EDGE_LOOP('',(#3605,#3606,#3607,#3608));
#8240=EDGE_LOOP('',(#3609,#3610,#3611,#3612));
#8241=EDGE_LOOP('',(#3613,#3614,#3615,#3616));
#8242=EDGE_LOOP('',(#3617,#3618,#3619,#3620));
#8243=EDGE_LOOP('',(#3621,#3622,#3623,#3624));
#8244=EDGE_LOOP('',(#3625,#3626,#3627,#3628));
#8245=EDGE_LOOP('',(#3629,#3630,#3631,#3632));
#8246=EDGE_LOOP('',(#3633,#3634,#3635,#3636));
#8247=EDGE_LOOP('',(#3637,#3638,#3639,#3640));
#8248=EDGE_LOOP('',(#3641,#3642,#3643,#3644));
#8249=EDGE_LOOP('',(#3645,#3646,#3647,#3648));
#8250=EDGE_LOOP('',(#3649,#3650,#3651,#3652));
#8251=EDGE_LOOP('',(#3653,#3654,#3655,#3656));
#8252=EDGE_LOOP('',(#3657,#3658,#3659,#3660));
#8253=EDGE_LOOP('',(#3661,#3662,#3663,#3664));
#8254=EDGE_LOOP('',(#3665,#3666,#3667,#3668));
#8255=EDGE_LOOP('',(#3669,#3670,#3671,#3672));
#8256=EDGE_LOOP('',(#3673,#3674,#3675,#3676));
#8257=EDGE_LOOP('',(#3677,#3678,#3679,#3680));
#8258=EDGE_LOOP('',(#3681,#3682,#3683,#3684));
#8259=EDGE_LOOP('',(#3685,#3686,#3687,#3688));
#8260=EDGE_LOOP('',(#3689,#3690,#3691,#3692));
#8261=EDGE_LOOP('',(#3693,#3694,#3695,#3696));
#8262=EDGE_LOOP('',(#3697,#3698,#3699,#3700));
#8263=EDGE_LOOP('',(#3701,#3702,#3703,#3704));
#8264=EDGE_LOOP('',(#3705,#3706,#3707,#3708));
#8265=EDGE_LOOP('',(#3709,#3710,#3711,#3712));
#8266=EDGE_LOOP('',(#3713,#3714,#3715,#3716));
#8267=EDGE_LOOP('',(#3717,#3718,#3719,#3720));
#8268=EDGE_LOOP('',(#3721,#3722,#3723,#3724));
#8269=EDGE_LOOP('',(#3725,#3726,#3727,#3728));
#8270=EDGE_LOOP('',(#3729,#3730,#3731,#3732));
#8271=EDGE_LOOP('',(#3733,#3734,#3735,#3736));
#8272=EDGE_LOOP('',(#3737,#3738,#3739,#3740));
#8273=EDGE_LOOP('',(#3741,#3742,#3743,#3744));
#8274=EDGE_LOOP('',(#3745,#3746,#3747,#3748));
#8275=EDGE_LOOP('',(#3749,#3750,#3751,#3752));
#8276=EDGE_LOOP('',(#3753,#3754,#3755,#3756));
#8277=EDGE_LOOP('',(#3757,#3758,#3759,#3760));
#8278=EDGE_LOOP('',(#3761,#3762,#3763,#3764));
#8279=EDGE_LOOP('',(#3765,#3766,#3767,#3768));
#8280=EDGE_LOOP('',(#3769,#3770,#3771,#3772));
#8281=EDGE_LOOP('',(#3773,#3774,#3775,#3776));
#8282=EDGE_LOOP('',(#3777,#3778,#3779,#3780));
#8283=EDGE_LOOP('',(#3781,#3782,#3783,#3784));
#8284=EDGE_LOOP('',(#3785,#3786,#3787,#3788));
#8285=EDGE_LOOP('',(#3789,#3790,#3791,#3792));
#8286=EDGE_LOOP('',(#3793,#3794,#3795,#3796));
#8287=EDGE_LOOP('',(#3797,#3798,#3799,#3800));
#8288=EDGE_LOOP('',(#3801,#3802,#3803,#3804));
#8289=EDGE_LOOP('',(#3805,#3806,#3807,#3808));
#8290=EDGE_LOOP('',(#3809,#3810,#3811,#3812));
#8291=EDGE_LOOP('',(#3813,#3814,#3815,#3816));
#8292=EDGE_LOOP('',(#3817,#3818,#3819,#3820));
#8293=EDGE_LOOP('',(#3821,#3822,#3823,#3824));
#8294=EDGE_LOOP('',(#3825,#3826,#3827,#3828));
#8295=EDGE_LOOP('',(#3829,#3830,#3831,#3832));
#8296=EDGE_LOOP('',(#3833,#3834,#3835,#3836));
#8297=EDGE_LOOP('',(#3837,#3838,#3839,#3840));
#8298=EDGE_LOOP('',(#3841,#3842,#3843,#3844));
#8299=EDGE_LOOP('',(#3845,#3846,#3847,#3848));
#8300=EDGE_LOOP('',(#3849,#3850,#3851,#3852));
#8301=EDGE_LOOP('',(#3853,#3854,#3855,#3856));
#8302=EDGE_LOOP('',(#3857,#3858,#3859,#3860));
#8303=EDGE_LOOP('',(#3861,#3862,#3863,#3864));
#8304=EDGE_LOOP('',(#3865,#3866,#3867,#3868));
#8305=EDGE_LOOP('',(#3869,#3870,#3871,#3872));
#8306=EDGE_LOOP('',(#3873,#3874,#3875,#3876));
#8307=EDGE_LOOP('',(#3877,#3878,#3879,#3880));
#8308=EDGE_LOOP('',(#3881,#3882,#3883,#3884));
#8309=EDGE_LOOP('',(#3885,#3886,#3887,#3888));
#8310=EDGE_LOOP('',(#3889,#3890,#3891,#3892));
#8311=EDGE_LOOP('',(#3893,#3894,#3895,#3896));
#8312=EDGE_LOOP('',(#3897,#3898,#3899,#3900));
#8313=EDGE_LOOP('',(#3901,#3902,#3903,#3904));
#8314=EDGE_LOOP('',(#3905,#3906,#3907,#3908));
#8315=EDGE_LOOP('',(#3909,#3910,#3911,#3912));
#8316=EDGE_LOOP('',(#3913,#3914,#3915,#3916));
#8317=EDGE_LOOP('',(#3917,#3918,#3919,#3920));
#8318=EDGE_LOOP('',(#3921,#3922,#3923,#3924));
#8319=EDGE_LOOP('',(#3925,#3926,#3927,#3928));
#8320=EDGE_LOOP('',(#3929,#3930,#3931,#3932));
#8321=EDGE_LOOP('',(#3933,#3934,#3935,#3936));
#8322=EDGE_LOOP('',(#3937,#3938,#3939,#3940));
#8323=EDGE_LOOP('',(#3941,#3942,#3943,#3944));
#8324=EDGE_LOOP('',(#3945,#3946,#3947,#3948));
#8325=EDGE_LOOP('',(#3949,#3950,#3951,#3952));
#8326=EDGE_LOOP('',(#3953,#3954,#3955,#3956));
#8327=EDGE_LOOP('',(#3957,#3958,#3959,#3960));
#8328=EDGE_LOOP('',(#3961,#3962,#3963,#3964));
#8329=EDGE_LOOP('',(#3965,#3966,#3967,#3968));
#8330=EDGE_LOOP('',(#3969,#3970,#3971,#3972));
#8331=EDGE_LOOP('',(#3973,#3974,#3975,#3976));
#8332=EDGE_LOOP('',(#3977,#3978,#3979,#3980));
#8333=EDGE_LOOP('',(#3981,#3982,#3983,#3984));
#8334=EDGE_LOOP('',(#3985,#3986,#3987,#3988));
#8335=EDGE_LOOP('',(#3989,#3990,#3991,#3992));
#8336=EDGE_LOOP('',(#3993,#3994,#3995,#3996));
#8337=EDGE_LOOP('',(#3997,#3998,#3999,#4000));
#8338=EDGE_LOOP('',(#4001,#4002,#4003,#4004));
#8339=EDGE_LOOP('',(#4005,#4006,#4007,#4008));
#8340=EDGE_LOOP('',(#4009,#4010,#4011,#4012));
#8341=EDGE_LOOP('',(#4013,#4014,#4015,#4016));
#8342=EDGE_LOOP('',(#4017,#4018,#4019,#4020));
#8343=EDGE_LOOP('',(#4021,#4022,#4023,#4024));
#8344=EDGE_LOOP('',(#4025,#4026,#4027,#4028));
#8345=EDGE_LOOP('',(#4029,#4030,#4031,#4032));
#8346=EDGE_LOOP('',(#4033,#4034,#4035,#4036));
#8347=EDGE_LOOP('',(#4037,#4038,#4039,#4040));
#8348=EDGE_LOOP('',(#4041,#4042,#4043,#4044));
#8349=EDGE_LOOP('',(#4045,#4046,#4047,#4048));
#8350=EDGE_LOOP('',(#4049,#4050,#4051,#4052));
#8351=EDGE_LOOP('',(#4053,#4054,#4055,#4056));
#8352=EDGE_LOOP('',(#4057,#4058,#4059,#4060));
#8353=EDGE_LOOP('',(#4061,#4062,#4063,#4064));
#8354=EDGE_LOOP('',(#4065,#4066,#4067,#4068));
#8355=EDGE_LOOP('',(#4069,#4070,#4071,#4072));
#8356=EDGE_LOOP('',(#4073,#4074,#4075,#4076));
#8357=EDGE_LOOP('',(#4077,#4078,#4079,#4080));
#8358=EDGE_LOOP('',(#4081,#4082,#4083,#4084,#4085,#4086,#4087,#4088,#4089,
#4090,#4091,#4092,#4093,#4094,#4095,#4096,#4097,#4098,#4099,#4100,#4101,
#4102,#4103,#4104,#4105,#4106,#4107,#4108,#4109,#4110,#4111,#4112,#4113,
#4114,#4115,#4116,#4117,#4118,#4119,#4120,#4121,#4122,#4123,#4124,#4125,
#4126,#4127,#4128,#4129,#4130,#4131,#4132,#4133,#4134,#4135,#4136,#4137,
#4138,#4139,#4140));
#8359=EDGE_LOOP('',(#4141,#4142,#4143,#4144));
#8360=EDGE_LOOP('',(#4145,#4146,#4147,#4148,#4149,#4150,#4151,#4152,#4153,
#4154,#4155,#4156,#4157,#4158,#4159,#4160,#4161,#4162,#4163,#4164,#4165,
#4166,#4167,#4168,#4169,#4170,#4171,#4172,#4173,#4174,#4175,#4176,#4177,
#4178,#4179,#4180,#4181,#4182,#4183,#4184,#4185,#4186,#4187,#4188,#4189,
#4190,#4191,#4192,#4193,#4194,#4195,#4196,#4197,#4198,#4199,#4200,#4201,
#4202,#4203,#4204));
#8361=EDGE_LOOP('',(#4205,#4206,#4207,#4208));
#8362=EDGE_LOOP('',(#4209,#4210,#4211,#4212));
#8363=EDGE_LOOP('',(#4213,#4214,#4215,#4216));
#8364=EDGE_LOOP('',(#4217,#4218,#4219,#4220,#4221,#4222,#4223,#4224,#4225,
#4226,#4227,#4228,#4229,#4230,#4231,#4232,#4233,#4234,#4235,#4236,#4237,
#4238,#4239,#4240,#4241,#4242,#4243,#4244,#4245,#4246,#4247,#4248,#4249,
#4250,#4251,#4252,#4253,#4254,#4255,#4256,#4257,#4258,#4259,#4260,#4261,
#4262,#4263,#4264,#4265,#4266,#4267,#4268,#4269,#4270,#4271,#4272,#4273,
#4274,#4275,#4276,#4277,#4278,#4279,#4280,#4281,#4282,#4283,#4284,#4285,
#4286,#4287,#4288,#4289,#4290,#4291,#4292,#4293,#4294,#4295,#4296,#4297,
#4298,#4299,#4300,#4301,#4302,#4303,#4304,#4305,#4306,#4307,#4308,#4309,
#4310,#4311,#4312));
#8365=EDGE_LOOP('',(#4313,#4314,#4315,#4316));
#8366=EDGE_LOOP('',(#4317,#4318,#4319,#4320));
#8367=EDGE_LOOP('',(#4321,#4322,#4323,#4324));
#8368=EDGE_LOOP('',(#4325,#4326,#4327,#4328));
#8369=EDGE_LOOP('',(#4329,#4330,#4331,#4332));
#8370=EDGE_LOOP('',(#4333,#4334,#4335,#4336));
#8371=EDGE_LOOP('',(#4337,#4338,#4339,#4340));
#8372=EDGE_LOOP('',(#4341,#4342,#4343,#4344));
#8373=EDGE_LOOP('',(#4345,#4346,#4347,#4348));
#8374=EDGE_LOOP('',(#4349,#4350,#4351,#4352,#4353,#4354,#4355,#4356,#4357,
#4358,#4359,#4360,#4361,#4362,#4363,#4364,#4365,#4366,#4367,#4368,#4369,
#4370,#4371,#4372,#4373,#4374,#4375,#4376,#4377,#4378,#4379,#4380,#4381,
#4382,#4383,#4384,#4385,#4386,#4387,#4388));
#8375=EDGE_LOOP('',(#4389,#4390,#4391,#4392));
#8376=EDGE_LOOP('',(#4393,#4394,#4395,#4396,#4397,#4398,#4399,#4400,#4401,
#4402,#4403,#4404,#4405,#4406,#4407,#4408,#4409,#4410,#4411,#4412,#4413,
#4414,#4415,#4416,#4417,#4418,#4419,#4420,#4421,#4422,#4423,#4424,#4425,
#4426,#4427,#4428,#4429,#4430,#4431,#4432));
#8377=EDGE_LOOP('',(#4433,#4434,#4435,#4436));
#8378=EDGE_LOOP('',(#4437,#4438,#4439,#4440));
#8379=EDGE_LOOP('',(#4441,#4442,#4443,#4444));
#8380=EDGE_LOOP('',(#4445,#4446,#4447,#4448));
#8381=EDGE_LOOP('',(#4449,#4450,#4451,#4452));
#8382=EDGE_LOOP('',(#4453,#4454,#4455,#4456));
#8383=EDGE_LOOP('',(#4457,#4458,#4459,#4460));
#8384=EDGE_LOOP('',(#4461,#4462,#4463,#4464));
#8385=EDGE_LOOP('',(#4465,#4466,#4467,#4468));
#8386=EDGE_LOOP('',(#4469,#4470,#4471,#4472,#4473,#4474,#4475,#4476,#4477,
#4478,#4479,#4480,#4481,#4482,#4483,#4484,#4485,#4486,#4487,#4488,#4489,
#4490,#4491,#4492,#4493,#4494,#4495,#4496,#4497,#4498,#4499,#4500,#4501,
#4502,#4503,#4504,#4505,#4506,#4507,#4508,#4509,#4510,#4511,#4512,#4513,
#4514,#4515,#4516,#4517,#4518,#4519,#4520,#4521,#4522,#4523,#4524,#4525,
#4526,#4527,#4528,#4529,#4530,#4531,#4532,#4533,#4534,#4535,#4536,#4537,
#4538,#4539,#4540,#4541,#4542,#4543,#4544,#4545,#4546,#4547,#4548,#4549,
#4550,#4551,#4552,#4553,#4554,#4555,#4556,#4557,#4558,#4559,#4560,#4561,
#4562,#4563,#4564));
#8387=EDGE_LOOP('',(#4565,#4566,#4567,#4568,#4569,#4570,#4571,#4572,#4573,
#4574,#4575,#4576,#4577,#4578,#4579,#4580,#4581,#4582,#4583,#4584,#4585,
#4586,#4587,#4588,#4589,#4590,#4591,#4592));
#8388=EDGE_LOOP('',(#4593,#4594,#4595,#4596,#4597,#4598,#4599,#4600,#4601,
#4602,#4603,#4604,#4605,#4606,#4607,#4608,#4609,#4610,#4611,#4612,#4613,
#4614,#4615,#4616,#4617,#4618,#4619,#4620));
#8389=EDGE_LOOP('',(#4621,#4622,#4623,#4624,#4625,#4626));
#8390=EDGE_LOOP('',(#4627,#4628,#4629,#4630,#4631,#4632));
#8391=EDGE_LOOP('',(#4633,#4634,#4635,#4636,#4637,#4638));
#8392=EDGE_LOOP('',(#4639,#4640,#4641,#4642,#4643,#4644));
#8393=EDGE_LOOP('',(#4645,#4646,#4647,#4648,#4649,#4650));
#8394=EDGE_LOOP('',(#4651,#4652,#4653,#4654));
#8395=EDGE_LOOP('',(#4655,#4656,#4657,#4658));
#8396=EDGE_LOOP('',(#4659,#4660,#4661,#4662));
#8397=EDGE_LOOP('',(#4663,#4664,#4665,#4666,#4667,#4668));
#8398=EDGE_LOOP('',(#4669,#4670,#4671,#4672,#4673,#4674));
#8399=EDGE_LOOP('',(#4675,#4676,#4677,#4678));
#8400=EDGE_LOOP('',(#4679,#4680,#4681,#4682));
#8401=EDGE_LOOP('',(#4683,#4684,#4685,#4686));
#8402=EDGE_LOOP('',(#4687,#4688,#4689,#4690,#4691,#4692));
#8403=EDGE_LOOP('',(#4693,#4694,#4695,#4696,#4697,#4698));
#8404=EDGE_LOOP('',(#4699,#4700,#4701,#4702));
#8405=EDGE_LOOP('',(#4703,#4704,#4705,#4706));
#8406=EDGE_LOOP('',(#4707,#4708,#4709,#4710));
#8407=EDGE_LOOP('',(#4711,#4712,#4713,#4714,#4715,#4716));
#8408=EDGE_LOOP('',(#4717,#4718,#4719,#4720,#4721,#4722));
#8409=EDGE_LOOP('',(#4723,#4724,#4725,#4726));
#8410=EDGE_LOOP('',(#4727,#4728,#4729,#4730));
#8411=EDGE_LOOP('',(#4731,#4732,#4733,#4734));
#8412=EDGE_LOOP('',(#4735,#4736,#4737,#4738,#4739,#4740));
#8413=EDGE_LOOP('',(#4741,#4742,#4743,#4744,#4745,#4746));
#8414=EDGE_LOOP('',(#4747,#4748,#4749,#4750));
#8415=EDGE_LOOP('',(#4751,#4752,#4753,#4754));
#8416=EDGE_LOOP('',(#4755,#4756,#4757,#4758));
#8417=EDGE_LOOP('',(#4759,#4760,#4761,#4762,#4763,#4764));
#8418=EDGE_LOOP('',(#4765,#4766,#4767,#4768,#4769,#4770));
#8419=EDGE_LOOP('',(#4771,#4772,#4773,#4774));
#8420=EDGE_LOOP('',(#4775,#4776,#4777,#4778));
#8421=EDGE_LOOP('',(#4779,#4780,#4781,#4782));
#8422=EDGE_LOOP('',(#4783,#4784,#4785,#4786,#4787,#4788));
#8423=EDGE_LOOP('',(#4789,#4790,#4791,#4792,#4793,#4794));
#8424=EDGE_LOOP('',(#4795,#4796,#4797,#4798));
#8425=EDGE_LOOP('',(#4799,#4800,#4801,#4802));
#8426=EDGE_LOOP('',(#4803,#4804,#4805,#4806));
#8427=EDGE_LOOP('',(#4807,#4808,#4809,#4810,#4811,#4812));
#8428=EDGE_LOOP('',(#4813,#4814,#4815,#4816,#4817,#4818));
#8429=EDGE_LOOP('',(#4819,#4820,#4821,#4822));
#8430=EDGE_LOOP('',(#4823,#4824,#4825,#4826));
#8431=EDGE_LOOP('',(#4827,#4828,#4829,#4830));
#8432=EDGE_LOOP('',(#4831,#4832,#4833,#4834,#4835,#4836));
#8433=EDGE_LOOP('',(#4837,#4838,#4839,#4840,#4841,#4842));
#8434=EDGE_LOOP('',(#4843,#4844,#4845,#4846));
#8435=EDGE_LOOP('',(#4847,#4848,#4849,#4850));
#8436=EDGE_LOOP('',(#4851,#4852,#4853,#4854));
#8437=EDGE_LOOP('',(#4855,#4856,#4857,#4858,#4859,#4860));
#8438=EDGE_LOOP('',(#4861,#4862,#4863,#4864,#4865,#4866,#4867,#4868,#4869,
#4870,#4871,#4872));
#8439=EDGE_LOOP('',(#4873,#4874,#4875,#4876));
#8440=EDGE_LOOP('',(#4877,#4878,#4879,#4880,#4881,#4882,#4883,#4884,#4885,
#4886,#4887,#4888));
#8441=EDGE_LOOP('',(#4889,#4890,#4891,#4892,#4893,#4894,#4895,#4896,#4897,
#4898,#4899,#4900));
#8442=EDGE_LOOP('',(#4901,#4902,#4903,#4904));
#8443=EDGE_LOOP('',(#4905,#4906,#4907,#4908,#4909,#4910,#4911,#4912,#4913,
#4914,#4915,#4916));
#8444=EDGE_LOOP('',(#4917,#4918,#4919,#4920,#4921,#4922,#4923,#4924,#4925,
#4926,#4927,#4928));
#8445=EDGE_LOOP('',(#4929,#4930,#4931,#4932));
#8446=EDGE_LOOP('',(#4933,#4934,#4935,#4936,#4937,#4938,#4939,#4940,#4941,
#4942,#4943,#4944));
#8447=EDGE_LOOP('',(#4945,#4946,#4947,#4948,#4949,#4950,#4951,#4952,#4953,
#4954,#4955,#4956));
#8448=EDGE_LOOP('',(#4957,#4958,#4959,#4960));
#8449=EDGE_LOOP('',(#4961,#4962,#4963,#4964,#4965,#4966,#4967,#4968,#4969,
#4970,#4971,#4972));
#8450=EDGE_LOOP('',(#4973,#4974,#4975,#4976,#4977,#4978,#4979,#4980,#4981,
#4982,#4983,#4984));
#8451=EDGE_LOOP('',(#4985,#4986,#4987,#4988));
#8452=EDGE_LOOP('',(#4989,#4990,#4991,#4992,#4993,#4994,#4995,#4996,#4997,
#4998,#4999,#5000));
#8453=EDGE_LOOP('',(#5001,#5002,#5003,#5004,#5005,#5006,#5007,#5008,#5009,
#5010,#5011,#5012));
#8454=EDGE_LOOP('',(#5013,#5014,#5015,#5016));
#8455=EDGE_LOOP('',(#5017,#5018,#5019,#5020,#5021,#5022,#5023,#5024,#5025,
#5026,#5027,#5028));
#8456=EDGE_LOOP('',(#5029,#5030,#5031,#5032,#5033,#5034,#5035,#5036,#5037,
#5038,#5039,#5040));
#8457=EDGE_LOOP('',(#5041,#5042,#5043,#5044));
#8458=EDGE_LOOP('',(#5045,#5046,#5047,#5048,#5049,#5050,#5051,#5052,#5053,
#5054,#5055,#5056));
#8459=EDGE_LOOP('',(#5057,#5058,#5059,#5060,#5061,#5062,#5063,#5064,#5065,
#5066,#5067,#5068));
#8460=EDGE_LOOP('',(#5069,#5070,#5071,#5072));
#8461=EDGE_LOOP('',(#5073,#5074,#5075,#5076,#5077,#5078,#5079,#5080,#5081,
#5082,#5083,#5084));
#8462=EDGE_LOOP('',(#5085,#5086,#5087,#5088,#5089,#5090,#5091,#5092,#5093,
#5094,#5095,#5096));
#8463=EDGE_LOOP('',(#5097,#5098,#5099,#5100));
#8464=EDGE_LOOP('',(#5101,#5102,#5103,#5104,#5105,#5106,#5107,#5108,#5109,
#5110,#5111,#5112));
#8465=EDGE_LOOP('',(#5113,#5114,#5115,#5116,#5117,#5118,#5119,#5120,#5121,
#5122,#5123,#5124));
#8466=EDGE_LOOP('',(#5125,#5126,#5127,#5128));
#8467=EDGE_LOOP('',(#5129,#5130,#5131,#5132,#5133,#5134,#5135,#5136,#5137,
#5138,#5139,#5140));
#8468=EDGE_LOOP('',(#5141,#5142,#5143,#5144,#5145,#5146,#5147,#5148,#5149,
#5150,#5151,#5152));
#8469=EDGE_LOOP('',(#5153,#5154,#5155,#5156));
#8470=EDGE_LOOP('',(#5157,#5158,#5159,#5160,#5161,#5162,#5163,#5164,#5165,
#5166,#5167,#5168));
#8471=EDGE_LOOP('',(#5169,#5170,#5171,#5172,#5173,#5174,#5175,#5176,#5177,
#5178,#5179,#5180));
#8472=EDGE_LOOP('',(#5181,#5182,#5183,#5184));
#8473=EDGE_LOOP('',(#5185,#5186,#5187,#5188,#5189,#5190,#5191,#5192,#5193,
#5194,#5195,#5196));
#8474=EDGE_LOOP('',(#5197,#5198,#5199,#5200,#5201,#5202,#5203,#5204,#5205,
#5206,#5207,#5208));
#8475=EDGE_LOOP('',(#5209,#5210,#5211,#5212));
#8476=EDGE_LOOP('',(#5213,#5214,#5215,#5216,#5217,#5218,#5219,#5220,#5221,
#5222,#5223,#5224));
#8477=EDGE_LOOP('',(#5225,#5226,#5227,#5228,#5229,#5230,#5231,#5232,#5233,
#5234,#5235,#5236));
#8478=EDGE_LOOP('',(#5237,#5238,#5239,#5240));
#8479=EDGE_LOOP('',(#5241,#5242,#5243,#5244,#5245,#5246,#5247,#5248,#5249,
#5250,#5251,#5252));
#8480=EDGE_LOOP('',(#5253,#5254,#5255,#5256,#5257,#5258,#5259,#5260,#5261,
#5262,#5263,#5264));
#8481=EDGE_LOOP('',(#5265,#5266,#5267,#5268));
#8482=EDGE_LOOP('',(#5269,#5270,#5271,#5272,#5273,#5274,#5275,#5276,#5277,
#5278,#5279,#5280));
#8483=EDGE_LOOP('',(#5281,#5282,#5283,#5284,#5285,#5286,#5287,#5288,#5289,
#5290,#5291,#5292));
#8484=EDGE_LOOP('',(#5293,#5294,#5295,#5296));
#8485=EDGE_LOOP('',(#5297,#5298,#5299,#5300,#5301,#5302,#5303,#5304,#5305,
#5306,#5307,#5308));
#8486=EDGE_LOOP('',(#5309,#5310,#5311,#5312,#5313,#5314,#5315,#5316,#5317,
#5318,#5319,#5320));
#8487=EDGE_LOOP('',(#5321,#5322,#5323,#5324));
#8488=EDGE_LOOP('',(#5325,#5326,#5327,#5328,#5329,#5330,#5331,#5332,#5333,
#5334,#5335,#5336));
#8489=EDGE_LOOP('',(#5337,#5338,#5339,#5340,#5341,#5342,#5343,#5344,#5345,
#5346,#5347,#5348));
#8490=EDGE_LOOP('',(#5349,#5350,#5351,#5352));
#8491=EDGE_LOOP('',(#5353,#5354,#5355,#5356,#5357,#5358,#5359,#5360,#5361,
#5362,#5363,#5364));
#8492=EDGE_LOOP('',(#5365,#5366,#5367,#5368,#5369,#5370));
#8493=EDGE_LOOP('',(#5371,#5372,#5373,#5374));
#8494=EDGE_LOOP('',(#5375,#5376,#5377,#5378));
#8495=EDGE_LOOP('',(#5379,#5380,#5381,#5382));
#8496=EDGE_LOOP('',(#5383,#5384,#5385,#5386,#5387,#5388));
#8497=EDGE_LOOP('',(#5389,#5390,#5391,#5392,#5393,#5394));
#8498=EDGE_LOOP('',(#5395,#5396,#5397,#5398));
#8499=EDGE_LOOP('',(#5399,#5400,#5401,#5402));
#8500=EDGE_LOOP('',(#5403,#5404,#5405,#5406));
#8501=EDGE_LOOP('',(#5407,#5408,#5409,#5410,#5411,#5412));
#8502=EDGE_LOOP('',(#5413,#5414,#5415,#5416,#5417,#5418));
#8503=EDGE_LOOP('',(#5419,#5420,#5421,#5422));
#8504=EDGE_LOOP('',(#5423,#5424,#5425,#5426));
#8505=EDGE_LOOP('',(#5427,#5428,#5429,#5430));
#8506=EDGE_LOOP('',(#5431,#5432,#5433,#5434,#5435,#5436));
#8507=EDGE_LOOP('',(#5437,#5438,#5439,#5440,#5441,#5442));
#8508=EDGE_LOOP('',(#5443,#5444,#5445,#5446));
#8509=EDGE_LOOP('',(#5447,#5448,#5449,#5450));
#8510=EDGE_LOOP('',(#5451,#5452,#5453,#5454));
#8511=EDGE_LOOP('',(#5455,#5456,#5457,#5458,#5459,#5460));
#8512=EDGE_LOOP('',(#5461,#5462,#5463,#5464,#5465,#5466));
#8513=EDGE_LOOP('',(#5467,#5468,#5469,#5470));
#8514=EDGE_LOOP('',(#5471,#5472,#5473,#5474));
#8515=EDGE_LOOP('',(#5475,#5476,#5477,#5478));
#8516=EDGE_LOOP('',(#5479,#5480,#5481,#5482,#5483,#5484));
#8517=EDGE_LOOP('',(#5485,#5486,#5487,#5488,#5489,#5490));
#8518=EDGE_LOOP('',(#5491,#5492,#5493,#5494));
#8519=EDGE_LOOP('',(#5495,#5496,#5497,#5498));
#8520=EDGE_LOOP('',(#5499,#5500,#5501,#5502));
#8521=EDGE_LOOP('',(#5503,#5504,#5505,#5506,#5507,#5508));
#8522=EDGE_LOOP('',(#5509,#5510,#5511,#5512,#5513,#5514));
#8523=EDGE_LOOP('',(#5515,#5516,#5517,#5518));
#8524=EDGE_LOOP('',(#5519,#5520,#5521,#5522));
#8525=EDGE_LOOP('',(#5523,#5524,#5525,#5526));
#8526=EDGE_LOOP('',(#5527,#5528,#5529,#5530,#5531,#5532));
#8527=EDGE_LOOP('',(#5533,#5534,#5535,#5536,#5537,#5538));
#8528=EDGE_LOOP('',(#5539,#5540,#5541,#5542));
#8529=EDGE_LOOP('',(#5543,#5544,#5545,#5546));
#8530=EDGE_LOOP('',(#5547,#5548,#5549,#5550));
#8531=EDGE_LOOP('',(#5551,#5552,#5553,#5554,#5555,#5556));
#8532=EDGE_LOOP('',(#5557,#5558,#5559,#5560,#5561,#5562));
#8533=EDGE_LOOP('',(#5563,#5564,#5565,#5566));
#8534=EDGE_LOOP('',(#5567,#5568,#5569,#5570));
#8535=EDGE_LOOP('',(#5571,#5572,#5573,#5574));
#8536=EDGE_LOOP('',(#5575,#5576,#5577,#5578,#5579,#5580));
#8537=FACE_BOUND('',#8047,.T.);
#8538=FACE_BOUND('',#8048,.T.);
#8539=FACE_BOUND('',#8049,.T.);
#8540=FACE_BOUND('',#8050,.T.);
#8541=FACE_BOUND('',#8051,.T.);
#8542=FACE_BOUND('',#8052,.T.);
#8543=FACE_BOUND('',#8053,.T.);
#8544=FACE_BOUND('',#8054,.T.);
#8545=FACE_BOUND('',#8055,.T.);
#8546=FACE_BOUND('',#8056,.T.);
#8547=FACE_BOUND('',#8057,.T.);
#8548=FACE_BOUND('',#8058,.T.);
#8549=FACE_BOUND('',#8059,.T.);
#8550=FACE_BOUND('',#8060,.T.);
#8551=FACE_BOUND('',#8061,.T.);
#8552=FACE_BOUND('',#8062,.T.);
#8553=FACE_BOUND('',#8063,.T.);
#8554=FACE_BOUND('',#8064,.T.);
#8555=FACE_BOUND('',#8065,.T.);
#8556=FACE_BOUND('',#8066,.T.);
#8557=FACE_BOUND('',#8067,.T.);
#8558=FACE_BOUND('',#8068,.T.);
#8559=FACE_BOUND('',#8069,.T.);
#8560=FACE_BOUND('',#8070,.T.);
#8561=FACE_BOUND('',#8071,.T.);
#8562=FACE_BOUND('',#8072,.T.);
#8563=FACE_BOUND('',#8073,.T.);
#8564=FACE_BOUND('',#8074,.T.);
#8565=FACE_BOUND('',#8075,.T.);
#8566=FACE_BOUND('',#8076,.T.);
#8567=FACE_BOUND('',#8077,.T.);
#8568=FACE_BOUND('',#8078,.T.);
#8569=FACE_BOUND('',#8079,.T.);
#8570=FACE_BOUND('',#8080,.T.);
#8571=FACE_BOUND('',#8081,.T.);
#8572=FACE_BOUND('',#8082,.T.);
#8573=FACE_BOUND('',#8083,.T.);
#8574=FACE_BOUND('',#8084,.T.);
#8575=FACE_BOUND('',#8085,.T.);
#8576=FACE_BOUND('',#8086,.T.);
#8577=FACE_BOUND('',#8087,.T.);
#8578=FACE_BOUND('',#8088,.T.);
#8579=FACE_BOUND('',#8089,.T.);
#8580=FACE_BOUND('',#8090,.T.);
#8581=FACE_BOUND('',#8091,.T.);
#8582=FACE_BOUND('',#8092,.T.);
#8583=FACE_BOUND('',#8093,.T.);
#8584=FACE_BOUND('',#8094,.T.);
#8585=FACE_BOUND('',#8095,.T.);
#8586=FACE_BOUND('',#8096,.T.);
#8587=FACE_BOUND('',#8097,.T.);
#8588=FACE_BOUND('',#8098,.T.);
#8589=FACE_BOUND('',#8099,.T.);
#8590=FACE_BOUND('',#8100,.T.);
#8591=FACE_BOUND('',#8101,.T.);
#8592=FACE_BOUND('',#8102,.T.);
#8593=FACE_BOUND('',#8103,.T.);
#8594=FACE_BOUND('',#8104,.T.);
#8595=FACE_BOUND('',#8105,.T.);
#8596=FACE_BOUND('',#8106,.T.);
#8597=FACE_BOUND('',#8107,.T.);
#8598=FACE_BOUND('',#8108,.T.);
#8599=FACE_BOUND('',#8109,.T.);
#8600=FACE_BOUND('',#8110,.T.);
#8601=FACE_BOUND('',#8111,.T.);
#8602=FACE_BOUND('',#8112,.T.);
#8603=FACE_BOUND('',#8113,.T.);
#8604=FACE_BOUND('',#8114,.T.);
#8605=FACE_BOUND('',#8115,.T.);
#8606=FACE_BOUND('',#8116,.T.);
#8607=FACE_BOUND('',#8117,.T.);
#8608=FACE_BOUND('',#8118,.T.);
#8609=FACE_BOUND('',#8119,.T.);
#8610=FACE_BOUND('',#8120,.T.);
#8611=FACE_BOUND('',#8121,.T.);
#8612=FACE_BOUND('',#8122,.T.);
#8613=FACE_BOUND('',#8123,.T.);
#8614=FACE_BOUND('',#8124,.T.);
#8615=FACE_BOUND('',#8125,.T.);
#8616=FACE_BOUND('',#8126,.T.);
#8617=FACE_BOUND('',#8127,.T.);
#8618=FACE_BOUND('',#8128,.T.);
#8619=FACE_BOUND('',#8129,.T.);
#8620=FACE_BOUND('',#8130,.T.);
#8621=FACE_BOUND('',#8131,.T.);
#8622=FACE_BOUND('',#8132,.T.);
#8623=FACE_BOUND('',#8133,.T.);
#8624=FACE_BOUND('',#8134,.T.);
#8625=FACE_BOUND('',#8135,.T.);
#8626=FACE_BOUND('',#8136,.T.);
#8627=FACE_BOUND('',#8137,.T.);
#8628=FACE_BOUND('',#8138,.T.);
#8629=FACE_BOUND('',#8139,.T.);
#8630=FACE_BOUND('',#8140,.T.);
#8631=FACE_BOUND('',#8141,.T.);
#8632=FACE_BOUND('',#8142,.T.);
#8633=FACE_BOUND('',#8143,.T.);
#8634=FACE_BOUND('',#8144,.T.);
#8635=FACE_BOUND('',#8145,.T.);
#8636=FACE_BOUND('',#8146,.T.);
#8637=FACE_BOUND('',#8147,.T.);
#8638=FACE_BOUND('',#8148,.T.);
#8639=FACE_BOUND('',#8149,.T.);
#8640=FACE_BOUND('',#8150,.T.);
#8641=FACE_BOUND('',#8151,.T.);
#8642=FACE_BOUND('',#8152,.T.);
#8643=FACE_BOUND('',#8153,.T.);
#8644=FACE_BOUND('',#8154,.T.);
#8645=FACE_BOUND('',#8155,.T.);
#8646=FACE_BOUND('',#8156,.T.);
#8647=FACE_BOUND('',#8157,.T.);
#8648=FACE_BOUND('',#8158,.T.);
#8649=FACE_BOUND('',#8159,.T.);
#8650=FACE_BOUND('',#8160,.T.);
#8651=FACE_BOUND('',#8161,.T.);
#8652=FACE_BOUND('',#8162,.T.);
#8653=FACE_BOUND('',#8163,.T.);
#8654=FACE_BOUND('',#8164,.T.);
#8655=FACE_BOUND('',#8165,.T.);
#8656=FACE_BOUND('',#8166,.T.);
#8657=FACE_BOUND('',#8167,.T.);
#8658=FACE_BOUND('',#8168,.T.);
#8659=FACE_BOUND('',#8169,.T.);
#8660=FACE_BOUND('',#8170,.T.);
#8661=FACE_BOUND('',#8171,.T.);
#8662=FACE_BOUND('',#8172,.T.);
#8663=FACE_BOUND('',#8173,.T.);
#8664=FACE_BOUND('',#8174,.T.);
#8665=FACE_BOUND('',#8175,.T.);
#8666=FACE_BOUND('',#8176,.T.);
#8667=FACE_BOUND('',#8177,.T.);
#8668=FACE_BOUND('',#8178,.T.);
#8669=FACE_BOUND('',#8179,.T.);
#8670=FACE_BOUND('',#8180,.T.);
#8671=FACE_BOUND('',#8181,.T.);
#8672=FACE_BOUND('',#8182,.T.);
#8673=FACE_BOUND('',#8183,.T.);
#8674=FACE_BOUND('',#8184,.T.);
#8675=FACE_BOUND('',#8185,.T.);
#8676=FACE_BOUND('',#8186,.T.);
#8677=FACE_BOUND('',#8187,.T.);
#8678=FACE_BOUND('',#8188,.T.);
#8679=FACE_BOUND('',#8189,.T.);
#8680=FACE_BOUND('',#8190,.T.);
#8681=FACE_BOUND('',#8191,.T.);
#8682=FACE_BOUND('',#8192,.T.);
#8683=FACE_BOUND('',#8193,.T.);
#8684=FACE_BOUND('',#8194,.T.);
#8685=FACE_BOUND('',#8195,.T.);
#8686=FACE_BOUND('',#8196,.T.);
#8687=FACE_BOUND('',#8197,.T.);
#8688=FACE_BOUND('',#8198,.T.);
#8689=FACE_BOUND('',#8199,.T.);
#8690=FACE_BOUND('',#8200,.T.);
#8691=FACE_BOUND('',#8201,.T.);
#8692=FACE_BOUND('',#8202,.T.);
#8693=FACE_BOUND('',#8203,.T.);
#8694=FACE_BOUND('',#8204,.T.);
#8695=FACE_BOUND('',#8205,.T.);
#8696=FACE_BOUND('',#8206,.T.);
#8697=FACE_BOUND('',#8207,.T.);
#8698=FACE_BOUND('',#8208,.T.);
#8699=FACE_BOUND('',#8209,.T.);
#8700=FACE_BOUND('',#8210,.T.);
#8701=FACE_BOUND('',#8211,.T.);
#8702=FACE_BOUND('',#8212,.T.);
#8703=FACE_BOUND('',#8213,.T.);
#8704=FACE_BOUND('',#8214,.T.);
#8705=FACE_BOUND('',#8215,.T.);
#8706=FACE_BOUND('',#8216,.T.);
#8707=FACE_BOUND('',#8217,.T.);
#8708=FACE_BOUND('',#8218,.T.);
#8709=FACE_BOUND('',#8219,.T.);
#8710=FACE_BOUND('',#8220,.T.);
#8711=FACE_BOUND('',#8221,.T.);
#8712=FACE_BOUND('',#8222,.T.);
#8713=FACE_BOUND('',#8223,.T.);
#8714=FACE_BOUND('',#8224,.T.);
#8715=FACE_BOUND('',#8225,.T.);
#8716=FACE_BOUND('',#8226,.T.);
#8717=FACE_BOUND('',#8227,.T.);
#8718=FACE_BOUND('',#8228,.T.);
#8719=FACE_BOUND('',#8229,.T.);
#8720=FACE_BOUND('',#8230,.T.);
#8721=FACE_BOUND('',#8231,.T.);
#8722=FACE_BOUND('',#8232,.T.);
#8723=FACE_BOUND('',#8233,.T.);
#8724=FACE_BOUND('',#8234,.T.);
#8725=FACE_BOUND('',#8235,.T.);
#8726=FACE_BOUND('',#8236,.T.);
#8727=FACE_BOUND('',#8237,.T.);
#8728=FACE_BOUND('',#8238,.T.);
#8729=FACE_BOUND('',#8239,.T.);
#8730=FACE_BOUND('',#8240,.T.);
#8731=FACE_BOUND('',#8241,.T.);
#8732=FACE_BOUND('',#8242,.T.);
#8733=FACE_BOUND('',#8243,.T.);
#8734=FACE_BOUND('',#8244,.T.);
#8735=FACE_BOUND('',#8245,.T.);
#8736=FACE_BOUND('',#8246,.T.);
#8737=FACE_BOUND('',#8247,.T.);
#8738=FACE_BOUND('',#8248,.T.);
#8739=FACE_BOUND('',#8249,.T.);
#8740=FACE_BOUND('',#8250,.T.);
#8741=FACE_BOUND('',#8251,.T.);
#8742=FACE_BOUND('',#8252,.T.);
#8743=FACE_BOUND('',#8253,.T.);
#8744=FACE_BOUND('',#8254,.T.);
#8745=FACE_BOUND('',#8255,.T.);
#8746=FACE_BOUND('',#8256,.T.);
#8747=FACE_BOUND('',#8257,.T.);
#8748=FACE_BOUND('',#8258,.T.);
#8749=FACE_BOUND('',#8259,.T.);
#8750=FACE_BOUND('',#8260,.T.);
#8751=FACE_BOUND('',#8261,.T.);
#8752=FACE_BOUND('',#8262,.T.);
#8753=FACE_BOUND('',#8263,.T.);
#8754=FACE_BOUND('',#8264,.T.);
#8755=FACE_BOUND('',#8265,.T.);
#8756=FACE_BOUND('',#8266,.T.);
#8757=FACE_BOUND('',#8267,.T.);
#8758=FACE_BOUND('',#8268,.T.);
#8759=FACE_BOUND('',#8269,.T.);
#8760=FACE_BOUND('',#8270,.T.);
#8761=FACE_BOUND('',#8271,.T.);
#8762=FACE_BOUND('',#8272,.T.);
#8763=FACE_BOUND('',#8273,.T.);
#8764=FACE_BOUND('',#8274,.T.);
#8765=FACE_BOUND('',#8275,.T.);
#8766=FACE_BOUND('',#8276,.T.);
#8767=FACE_BOUND('',#8277,.T.);
#8768=FACE_BOUND('',#8278,.T.);
#8769=FACE_BOUND('',#8279,.T.);
#8770=FACE_BOUND('',#8280,.T.);
#8771=FACE_BOUND('',#8281,.T.);
#8772=FACE_BOUND('',#8282,.T.);
#8773=FACE_BOUND('',#8283,.T.);
#8774=FACE_BOUND('',#8284,.T.);
#8775=FACE_BOUND('',#8285,.T.);
#8776=FACE_BOUND('',#8286,.T.);
#8777=FACE_BOUND('',#8287,.T.);
#8778=FACE_BOUND('',#8288,.T.);
#8779=FACE_BOUND('',#8289,.T.);
#8780=FACE_BOUND('',#8290,.T.);
#8781=FACE_BOUND('',#8291,.T.);
#8782=FACE_BOUND('',#8292,.T.);
#8783=FACE_BOUND('',#8293,.T.);
#8784=FACE_BOUND('',#8294,.T.);
#8785=FACE_BOUND('',#8295,.T.);
#8786=FACE_BOUND('',#8296,.T.);
#8787=FACE_BOUND('',#8297,.T.);
#8788=FACE_BOUND('',#8298,.T.);
#8789=FACE_BOUND('',#8299,.T.);
#8790=FACE_BOUND('',#8300,.T.);
#8791=FACE_BOUND('',#8301,.T.);
#8792=FACE_BOUND('',#8302,.T.);
#8793=FACE_BOUND('',#8303,.T.);
#8794=FACE_BOUND('',#8304,.T.);
#8795=FACE_BOUND('',#8305,.T.);
#8796=FACE_BOUND('',#8306,.T.);
#8797=FACE_BOUND('',#8307,.T.);
#8798=FACE_BOUND('',#8308,.T.);
#8799=FACE_BOUND('',#8309,.T.);
#8800=FACE_BOUND('',#8310,.T.);
#8801=FACE_BOUND('',#8311,.T.);
#8802=FACE_BOUND('',#8312,.T.);
#8803=FACE_BOUND('',#8313,.T.);
#8804=FACE_BOUND('',#8314,.T.);
#8805=FACE_BOUND('',#8315,.T.);
#8806=FACE_BOUND('',#8316,.T.);
#8807=FACE_BOUND('',#8317,.T.);
#8808=FACE_BOUND('',#8318,.T.);
#8809=FACE_BOUND('',#8319,.T.);
#8810=FACE_BOUND('',#8320,.T.);
#8811=FACE_BOUND('',#8321,.T.);
#8812=FACE_BOUND('',#8322,.T.);
#8813=FACE_BOUND('',#8323,.T.);
#8814=FACE_BOUND('',#8324,.T.);
#8815=FACE_BOUND('',#8325,.T.);
#8816=FACE_BOUND('',#8326,.T.);
#8817=FACE_BOUND('',#8327,.T.);
#8818=FACE_BOUND('',#8328,.T.);
#8819=FACE_BOUND('',#8329,.T.);
#8820=FACE_BOUND('',#8330,.T.);
#8821=FACE_BOUND('',#8331,.T.);
#8822=FACE_BOUND('',#8332,.T.);
#8823=FACE_BOUND('',#8333,.T.);
#8824=FACE_BOUND('',#8334,.T.);
#8825=FACE_BOUND('',#8335,.T.);
#8826=FACE_BOUND('',#8336,.T.);
#8827=FACE_BOUND('',#8337,.T.);
#8828=FACE_BOUND('',#8338,.T.);
#8829=FACE_BOUND('',#8339,.T.);
#8830=FACE_BOUND('',#8340,.T.);
#8831=FACE_BOUND('',#8341,.T.);
#8832=FACE_BOUND('',#8342,.T.);
#8833=FACE_BOUND('',#8343,.T.);
#8834=FACE_BOUND('',#8344,.T.);
#8835=FACE_BOUND('',#8345,.T.);
#8836=FACE_BOUND('',#8346,.T.);
#8837=FACE_BOUND('',#8347,.T.);
#8838=FACE_BOUND('',#8348,.T.);
#8839=FACE_BOUND('',#8349,.T.);
#8840=FACE_BOUND('',#8350,.T.);
#8841=FACE_BOUND('',#8351,.T.);
#8842=FACE_BOUND('',#8352,.T.);
#8843=FACE_BOUND('',#8353,.T.);
#8844=FACE_BOUND('',#8354,.T.);
#8845=FACE_BOUND('',#8355,.T.);
#8846=FACE_BOUND('',#8356,.T.);
#8847=FACE_BOUND('',#8357,.T.);
#8848=FACE_BOUND('',#8358,.T.);
#8849=FACE_BOUND('',#8359,.T.);
#8850=FACE_BOUND('',#8360,.T.);
#8851=FACE_BOUND('',#8361,.T.);
#8852=FACE_BOUND('',#8362,.T.);
#8853=FACE_BOUND('',#8363,.T.);
#8854=FACE_BOUND('',#8364,.T.);
#8855=FACE_BOUND('',#8365,.T.);
#8856=FACE_BOUND('',#8366,.T.);
#8857=FACE_BOUND('',#8367,.T.);
#8858=FACE_BOUND('',#8368,.T.);
#8859=FACE_BOUND('',#8369,.T.);
#8860=FACE_BOUND('',#8370,.T.);
#8861=FACE_BOUND('',#8371,.T.);
#8862=FACE_BOUND('',#8372,.T.);
#8863=FACE_BOUND('',#8373,.T.);
#8864=FACE_BOUND('',#8374,.T.);
#8865=FACE_BOUND('',#8375,.T.);
#8866=FACE_BOUND('',#8376,.T.);
#8867=FACE_BOUND('',#8377,.T.);
#8868=FACE_BOUND('',#8378,.T.);
#8869=FACE_BOUND('',#8379,.T.);
#8870=FACE_BOUND('',#8380,.T.);
#8871=FACE_BOUND('',#8381,.T.);
#8872=FACE_BOUND('',#8382,.T.);
#8873=FACE_BOUND('',#8383,.T.);
#8874=FACE_BOUND('',#8384,.T.);
#8875=FACE_BOUND('',#8385,.T.);
#8876=FACE_BOUND('',#8386,.T.);
#8877=FACE_BOUND('',#8387,.T.);
#8878=FACE_BOUND('',#8388,.T.);
#8879=FACE_BOUND('',#8389,.T.);
#8880=FACE_BOUND('',#8390,.T.);
#8881=FACE_BOUND('',#8391,.T.);
#8882=FACE_BOUND('',#8392,.T.);
#8883=FACE_BOUND('',#8393,.T.);
#8884=FACE_BOUND('',#8394,.T.);
#8885=FACE_BOUND('',#8395,.T.);
#8886=FACE_BOUND('',#8396,.T.);
#8887=FACE_BOUND('',#8397,.T.);
#8888=FACE_BOUND('',#8398,.T.);
#8889=FACE_BOUND('',#8399,.T.);
#8890=FACE_BOUND('',#8400,.T.);
#8891=FACE_BOUND('',#8401,.T.);
#8892=FACE_BOUND('',#8402,.T.);
#8893=FACE_BOUND('',#8403,.T.);
#8894=FACE_BOUND('',#8404,.T.);
#8895=FACE_BOUND('',#8405,.T.);
#8896=FACE_BOUND('',#8406,.T.);
#8897=FACE_BOUND('',#8407,.T.);
#8898=FACE_BOUND('',#8408,.T.);
#8899=FACE_BOUND('',#8409,.T.);
#8900=FACE_BOUND('',#8410,.T.);
#8901=FACE_BOUND('',#8411,.T.);
#8902=FACE_BOUND('',#8412,.T.);
#8903=FACE_BOUND('',#8413,.T.);
#8904=FACE_BOUND('',#8414,.T.);
#8905=FACE_BOUND('',#8415,.T.);
#8906=FACE_BOUND('',#8416,.T.);
#8907=FACE_BOUND('',#8417,.T.);
#8908=FACE_BOUND('',#8418,.T.);
#8909=FACE_BOUND('',#8419,.T.);
#8910=FACE_BOUND('',#8420,.T.);
#8911=FACE_BOUND('',#8421,.T.);
#8912=FACE_BOUND('',#8422,.T.);
#8913=FACE_BOUND('',#8423,.T.);
#8914=FACE_BOUND('',#8424,.T.);
#8915=FACE_BOUND('',#8425,.T.);
#8916=FACE_BOUND('',#8426,.T.);
#8917=FACE_BOUND('',#8427,.T.);
#8918=FACE_BOUND('',#8428,.T.);
#8919=FACE_BOUND('',#8429,.T.);
#8920=FACE_BOUND('',#8430,.T.);
#8921=FACE_BOUND('',#8431,.T.);
#8922=FACE_BOUND('',#8432,.T.);
#8923=FACE_BOUND('',#8433,.T.);
#8924=FACE_BOUND('',#8434,.T.);
#8925=FACE_BOUND('',#8435,.T.);
#8926=FACE_BOUND('',#8436,.T.);
#8927=FACE_BOUND('',#8437,.T.);
#8928=FACE_BOUND('',#8438,.T.);
#8929=FACE_BOUND('',#8439,.T.);
#8930=FACE_BOUND('',#8440,.T.);
#8931=FACE_BOUND('',#8441,.T.);
#8932=FACE_BOUND('',#8442,.T.);
#8933=FACE_BOUND('',#8443,.T.);
#8934=FACE_BOUND('',#8444,.T.);
#8935=FACE_BOUND('',#8445,.T.);
#8936=FACE_BOUND('',#8446,.T.);
#8937=FACE_BOUND('',#8447,.T.);
#8938=FACE_BOUND('',#8448,.T.);
#8939=FACE_BOUND('',#8449,.T.);
#8940=FACE_BOUND('',#8450,.T.);
#8941=FACE_BOUND('',#8451,.T.);
#8942=FACE_BOUND('',#8452,.T.);
#8943=FACE_BOUND('',#8453,.T.);
#8944=FACE_BOUND('',#8454,.T.);
#8945=FACE_BOUND('',#8455,.T.);
#8946=FACE_BOUND('',#8456,.T.);
#8947=FACE_BOUND('',#8457,.T.);
#8948=FACE_BOUND('',#8458,.T.);
#8949=FACE_BOUND('',#8459,.T.);
#8950=FACE_BOUND('',#8460,.T.);
#8951=FACE_BOUND('',#8461,.T.);
#8952=FACE_BOUND('',#8462,.T.);
#8953=FACE_BOUND('',#8463,.T.);
#8954=FACE_BOUND('',#8464,.T.);
#8955=FACE_BOUND('',#8465,.T.);
#8956=FACE_BOUND('',#8466,.T.);
#8957=FACE_BOUND('',#8467,.T.);
#8958=FACE_BOUND('',#8468,.T.);
#8959=FACE_BOUND('',#8469,.T.);
#8960=FACE_BOUND('',#8470,.T.);
#8961=FACE_BOUND('',#8471,.T.);
#8962=FACE_BOUND('',#8472,.T.);
#8963=FACE_BOUND('',#8473,.T.);
#8964=FACE_BOUND('',#8474,.T.);
#8965=FACE_BOUND('',#8475,.T.);
#8966=FACE_BOUND('',#8476,.T.);
#8967=FACE_BOUND('',#8477,.T.);
#8968=FACE_BOUND('',#8478,.T.);
#8969=FACE_BOUND('',#8479,.T.);
#8970=FACE_BOUND('',#8480,.T.);
#8971=FACE_BOUND('',#8481,.T.);
#8972=FACE_BOUND('',#8482,.T.);
#8973=FACE_BOUND('',#8483,.T.);
#8974=FACE_BOUND('',#8484,.T.);
#8975=FACE_BOUND('',#8485,.T.);
#8976=FACE_BOUND('',#8486,.T.);
#8977=FACE_BOUND('',#8487,.T.);
#8978=FACE_BOUND('',#8488,.T.);
#8979=FACE_BOUND('',#8489,.T.);
#8980=FACE_BOUND('',#8490,.T.);
#8981=FACE_BOUND('',#8491,.T.);
#8982=FACE_BOUND('',#8492,.T.);
#8983=FACE_BOUND('',#8493,.T.);
#8984=FACE_BOUND('',#8494,.T.);
#8985=FACE_BOUND('',#8495,.T.);
#8986=FACE_BOUND('',#8496,.T.);
#8987=FACE_BOUND('',#8497,.T.);
#8988=FACE_BOUND('',#8498,.T.);
#8989=FACE_BOUND('',#8499,.T.);
#8990=FACE_BOUND('',#8500,.T.);
#8991=FACE_BOUND('',#8501,.T.);
#8992=FACE_BOUND('',#8502,.T.);
#8993=FACE_BOUND('',#8503,.T.);
#8994=FACE_BOUND('',#8504,.T.);
#8995=FACE_BOUND('',#8505,.T.);
#8996=FACE_BOUND('',#8506,.T.);
#8997=FACE_BOUND('',#8507,.T.);
#8998=FACE_BOUND('',#8508,.T.);
#8999=FACE_BOUND('',#8509,.T.);
#9000=FACE_BOUND('',#8510,.T.);
#9001=FACE_BOUND('',#8511,.T.);
#9002=FACE_BOUND('',#8512,.T.);
#9003=FACE_BOUND('',#8513,.T.);
#9004=FACE_BOUND('',#8514,.T.);
#9005=FACE_BOUND('',#8515,.T.);
#9006=FACE_BOUND('',#8516,.T.);
#9007=FACE_BOUND('',#8517,.T.);
#9008=FACE_BOUND('',#8518,.T.);
#9009=FACE_BOUND('',#8519,.T.);
#9010=FACE_BOUND('',#8520,.T.);
#9011=FACE_BOUND('',#8521,.T.);
#9012=FACE_BOUND('',#8522,.T.);
#9013=FACE_BOUND('',#8523,.T.);
#9014=FACE_BOUND('',#8524,.T.);
#9015=FACE_BOUND('',#8525,.T.);
#9016=FACE_BOUND('',#8526,.T.);
#9017=FACE_BOUND('',#8527,.T.);
#9018=FACE_BOUND('',#8528,.T.);
#9019=FACE_BOUND('',#8529,.T.);
#9020=FACE_BOUND('',#8530,.T.);
#9021=FACE_BOUND('',#8531,.T.);
#9022=FACE_BOUND('',#8532,.T.);
#9023=FACE_BOUND('',#8533,.T.);
#9024=FACE_BOUND('',#8534,.T.);
#9025=FACE_BOUND('',#8535,.T.);
#9026=FACE_BOUND('',#8536,.T.);
#9027=CYLINDRICAL_SURFACE('',#9607,0.025);
#9028=CYLINDRICAL_SURFACE('',#9611,0.025);
#9029=CYLINDRICAL_SURFACE('',#9675,0.0100000000000016);
#9030=CYLINDRICAL_SURFACE('',#9677,0.00499999999999963);
#9031=CYLINDRICAL_SURFACE('',#9682,0.0100000000000016);
#9032=CYLINDRICAL_SURFACE('',#9684,0.00499999999999963);
#9033=CYLINDRICAL_SURFACE('',#9740,0.0159999999999951);
#9034=CYLINDRICAL_SURFACE('',#9743,0.0159999999999951);
#9035=CYLINDRICAL_SURFACE('',#9746,0.0159999999999951);
#9036=CYLINDRICAL_SURFACE('',#9749,0.0159999999999951);
#9037=CYLINDRICAL_SURFACE('',#9752,0.0159999999999951);
#9038=CYLINDRICAL_SURFACE('',#9755,0.0159999999999951);
#9039=CYLINDRICAL_SURFACE('',#9758,0.0159999999999951);
#9040=CYLINDRICAL_SURFACE('',#9761,0.0159999999999951);
#9041=CYLINDRICAL_SURFACE('',#9764,0.0159999999999951);
#9042=CYLINDRICAL_SURFACE('',#9776,0.0319999999999964);
#9043=CYLINDRICAL_SURFACE('',#9779,0.0319999999999964);
#9044=CYLINDRICAL_SURFACE('',#9782,0.0319999999999964);
#9045=CYLINDRICAL_SURFACE('',#9785,0.0319999999999964);
#9046=CYLINDRICAL_SURFACE('',#9788,0.0319999999999964);
#9047=CYLINDRICAL_SURFACE('',#9791,0.0319999999999964);
#9048=CYLINDRICAL_SURFACE('',#9794,0.0319999999999964);
#9049=CYLINDRICAL_SURFACE('',#9797,0.0319999999999964);
#9050=CYLINDRICAL_SURFACE('',#9800,0.0319999999999964);
#9051=CYLINDRICAL_SURFACE('',#9830,0.015999999999981);
#9052=CYLINDRICAL_SURFACE('',#9833,0.015999999999981);
#9053=CYLINDRICAL_SURFACE('',#9836,0.015999999999981);
#9054=CYLINDRICAL_SURFACE('',#9839,0.015999999999981);
#9055=CYLINDRICAL_SURFACE('',#9842,0.015999999999981);
#9056=CYLINDRICAL_SURFACE('',#9845,0.015999999999981);
#9057=CYLINDRICAL_SURFACE('',#9848,0.015999999999981);
#9058=CYLINDRICAL_SURFACE('',#9851,0.015999999999981);
#9059=CYLINDRICAL_SURFACE('',#9854,0.015999999999981);
#9060=CYLINDRICAL_SURFACE('',#9866,0.0319999999999966);
#9061=CYLINDRICAL_SURFACE('',#9869,0.0319999999999966);
#9062=CYLINDRICAL_SURFACE('',#9872,0.0319999999999966);
#9063=CYLINDRICAL_SURFACE('',#9875,0.0319999999999966);
#9064=CYLINDRICAL_SURFACE('',#9878,0.0319999999999966);
#9065=CYLINDRICAL_SURFACE('',#9881,0.0319999999999966);
#9066=CYLINDRICAL_SURFACE('',#9884,0.0319999999999966);
#9067=CYLINDRICAL_SURFACE('',#9887,0.0319999999999966);
#9068=CYLINDRICAL_SURFACE('',#9890,0.0319999999999966);
#9069=CYLINDRICAL_SURFACE('',#9893,0.0159999999999962);
#9070=CYLINDRICAL_SURFACE('',#9896,0.0159999999999962);
#9071=CYLINDRICAL_SURFACE('',#9899,0.0159999999999962);
#9072=CYLINDRICAL_SURFACE('',#9902,0.0159999999999962);
#9073=CYLINDRICAL_SURFACE('',#9905,0.0159999999999962);
#9074=CYLINDRICAL_SURFACE('',#9908,0.0159999999999962);
#9075=CYLINDRICAL_SURFACE('',#9911,0.0159999999999962);
#9076=CYLINDRICAL_SURFACE('',#9914,0.0159999999999962);
#9077=CYLINDRICAL_SURFACE('',#9917,0.0159999999999962);
#9078=CYLINDRICAL_SURFACE('',#9929,0.0319999999999936);
#9079=CYLINDRICAL_SURFACE('',#9932,0.0319999999999936);
#9080=CYLINDRICAL_SURFACE('',#9935,0.0319999999999936);
#9081=CYLINDRICAL_SURFACE('',#9938,0.0319999999999936);
#9082=CYLINDRICAL_SURFACE('',#9941,0.0319999999999936);
#9083=CYLINDRICAL_SURFACE('',#9944,0.0319999999999936);
#9084=CYLINDRICAL_SURFACE('',#9947,0.0319999999999936);
#9085=CYLINDRICAL_SURFACE('',#9950,0.0319999999999936);
#9086=CYLINDRICAL_SURFACE('',#9953,0.0319999999999936);
#9087=CYLINDRICAL_SURFACE('',#9983,0.0159999999999968);
#9088=CYLINDRICAL_SURFACE('',#9986,0.0159999999999968);
#9089=CYLINDRICAL_SURFACE('',#9989,0.0159999999999968);
#9090=CYLINDRICAL_SURFACE('',#9992,0.0159999999999968);
#9091=CYLINDRICAL_SURFACE('',#9995,0.0159999999999968);
#9092=CYLINDRICAL_SURFACE('',#9998,0.0159999999999968);
#9093=CYLINDRICAL_SURFACE('',#10001,0.0159999999999968);
#9094=CYLINDRICAL_SURFACE('',#10004,0.0159999999999968);
#9095=CYLINDRICAL_SURFACE('',#10007,0.0159999999999968);
#9096=CYLINDRICAL_SURFACE('',#10019,0.0319999999999936);
#9097=CYLINDRICAL_SURFACE('',#10022,0.0319999999999936);
#9098=CYLINDRICAL_SURFACE('',#10025,0.0319999999999936);
#9099=CYLINDRICAL_SURFACE('',#10028,0.0319999999999936);
#9100=CYLINDRICAL_SURFACE('',#10031,0.0319999999999936);
#9101=CYLINDRICAL_SURFACE('',#10034,0.0319999999999936);
#9102=CYLINDRICAL_SURFACE('',#10037,0.0319999999999936);
#9103=CYLINDRICAL_SURFACE('',#10040,0.0319999999999936);
#9104=CYLINDRICAL_SURFACE('',#10043,0.0319999999999936);
#9105=CYLINDRICAL_SURFACE('',#10056,0.0159999999999951);
#9106=CYLINDRICAL_SURFACE('',#10060,0.0319999999999964);
#9107=CYLINDRICAL_SURFACE('',#10066,0.015999999999981);
#9108=CYLINDRICAL_SURFACE('',#10070,0.0319999999999966);
#9109=CYLINDRICAL_SURFACE('',#10076,0.0159999999999962);
#9110=CYLINDRICAL_SURFACE('',#10080,0.0319999999999936);
#9111=CYLINDRICAL_SURFACE('',#10086,0.0159999999999968);
#9112=CYLINDRICAL_SURFACE('',#10090,0.0319999999999936);
#9113=ADVANCED_FACE('',(#8537,#8538),#9027,.T.);
#9114=ADVANCED_FACE('',(#8539,#8540),#9028,.T.);
#9115=ADVANCED_FACE('',(#8541),#33,.T.);
#9116=ADVANCED_FACE('',(#8542),#34,.F.);
#9117=ADVANCED_FACE('',(#8543,#8544),#35,.F.);
#9118=ADVANCED_FACE('',(#8545),#36,.F.);
#9119=ADVANCED_FACE('',(#8546),#37,.F.);
#9120=ADVANCED_FACE('',(#8547),#38,.F.);
#9121=ADVANCED_FACE('',(#8548,#8549),#39,.F.);
#9122=ADVANCED_FACE('',(#8550),#40,.F.);
#9123=ADVANCED_FACE('',(#8551),#41,.T.);
#9124=ADVANCED_FACE('',(#8552),#42,.T.);
#9125=ADVANCED_FACE('',(#8553),#43,.T.);
#9126=ADVANCED_FACE('',(#8554),#44,.T.);
#9127=ADVANCED_FACE('',(#8555),#45,.T.);
#9128=ADVANCED_FACE('',(#8556),#46,.T.);
#9129=ADVANCED_FACE('',(#8557),#47,.T.);
#9130=ADVANCED_FACE('',(#8558),#48,.T.);
#9131=ADVANCED_FACE('',(#8559),#49,.T.);
#9132=ADVANCED_FACE('',(#8560),#50,.T.);
#9133=ADVANCED_FACE('',(#8561),#51,.T.);
#9134=ADVANCED_FACE('',(#8562),#52,.T.);
#9135=ADVANCED_FACE('',(#8563),#53,.T.);
#9136=ADVANCED_FACE('',(#8564),#54,.T.);
#9137=ADVANCED_FACE('',(#8565),#55,.T.);
#9138=ADVANCED_FACE('',(#8566),#56,.T.);
#9139=ADVANCED_FACE('',(#8567),#57,.T.);
#9140=ADVANCED_FACE('',(#8568),#58,.T.);
#9141=ADVANCED_FACE('',(#8569),#59,.T.);
#9142=ADVANCED_FACE('',(#8570),#60,.T.);
#9143=ADVANCED_FACE('',(#8571),#61,.T.);
#9144=ADVANCED_FACE('',(#8572),#62,.T.);
#9145=ADVANCED_FACE('',(#8573),#63,.T.);
#9146=ADVANCED_FACE('',(#8574),#64,.T.);
#9147=ADVANCED_FACE('',(#8575),#65,.T.);
#9148=ADVANCED_FACE('',(#8576),#66,.T.);
#9149=ADVANCED_FACE('',(#8577),#67,.T.);
#9150=ADVANCED_FACE('',(#8578),#68,.T.);
#9151=ADVANCED_FACE('',(#8579),#69,.T.);
#9152=ADVANCED_FACE('',(#8580),#70,.T.);
#9153=ADVANCED_FACE('',(#8581),#71,.T.);
#9154=ADVANCED_FACE('',(#8582),#72,.T.);
#9155=ADVANCED_FACE('',(#8583),#73,.F.);
#9156=ADVANCED_FACE('',(#8584,#8585,#8586,#8587,#8588,#8589,#8590,#8591,
#8592),#74,.T.);
#9157=ADVANCED_FACE('',(#8593,#8594,#8595,#8596,#8597,#8598,#8599,#8600,
#8601),#75,.F.);
#9158=ADVANCED_FACE('',(#8602),#76,.T.);
#9159=ADVANCED_FACE('',(#8603),#77,.T.);
#9160=ADVANCED_FACE('',(#8604),#78,.T.);
#9161=ADVANCED_FACE('',(#8605),#79,.T.);
#9162=ADVANCED_FACE('',(#8606),#80,.T.);
#9163=ADVANCED_FACE('',(#8607),#81,.T.);
#9164=ADVANCED_FACE('',(#8608),#82,.T.);
#9165=ADVANCED_FACE('',(#8609),#83,.F.);
#9166=ADVANCED_FACE('',(#8610),#84,.F.);
#9167=ADVANCED_FACE('',(#8611),#85,.F.);
#9168=ADVANCED_FACE('',(#8612),#86,.F.);
#9169=ADVANCED_FACE('',(#8613),#87,.F.);
#9170=ADVANCED_FACE('',(#8614),#88,.T.);
#9171=ADVANCED_FACE('',(#8615,#8616),#31,.T.);
#9172=ADVANCED_FACE('',(#8617),#89,.F.);
#9173=ADVANCED_FACE('',(#8618),#90,.T.);
#9174=ADVANCED_FACE('',(#8619),#9029,.F.);
#9175=ADVANCED_FACE('',(#8620),#91,.T.);
#9176=ADVANCED_FACE('',(#8621),#9030,.F.);
#9177=ADVANCED_FACE('',(#8622,#8623),#32,.T.);
#9178=ADVANCED_FACE('',(#8624),#92,.F.);
#9179=ADVANCED_FACE('',(#8625),#93,.T.);
#9180=ADVANCED_FACE('',(#8626),#9031,.F.);
#9181=ADVANCED_FACE('',(#8627),#94,.T.);
#9182=ADVANCED_FACE('',(#8628),#9032,.F.);
#9183=ADVANCED_FACE('',(#8629),#95,.T.);
#9184=ADVANCED_FACE('',(#8630),#96,.T.);
#9185=ADVANCED_FACE('',(#8631),#97,.T.);
#9186=ADVANCED_FACE('',(#8632),#98,.T.);
#9187=ADVANCED_FACE('',(#8633),#99,.T.);
#9188=ADVANCED_FACE('',(#8634),#100,.T.);
#9189=ADVANCED_FACE('',(#8635),#101,.T.);
#9190=ADVANCED_FACE('',(#8636),#102,.T.);
#9191=ADVANCED_FACE('',(#8637),#103,.T.);
#9192=ADVANCED_FACE('',(#8638),#104,.T.);
#9193=ADVANCED_FACE('',(#8639),#105,.T.);
#9194=ADVANCED_FACE('',(#8640),#106,.T.);
#9195=ADVANCED_FACE('',(#8641),#107,.T.);
#9196=ADVANCED_FACE('',(#8642),#108,.T.);
#9197=ADVANCED_FACE('',(#8643),#109,.T.);
#9198=ADVANCED_FACE('',(#8644),#110,.T.);
#9199=ADVANCED_FACE('',(#8645),#111,.T.);
#9200=ADVANCED_FACE('',(#8646),#112,.T.);
#9201=ADVANCED_FACE('',(#8647),#113,.T.);
#9202=ADVANCED_FACE('',(#8648),#114,.T.);
#9203=ADVANCED_FACE('',(#8649),#115,.T.);
#9204=ADVANCED_FACE('',(#8650),#116,.T.);
#9205=ADVANCED_FACE('',(#8651),#117,.T.);
#9206=ADVANCED_FACE('',(#8652),#118,.T.);
#9207=ADVANCED_FACE('',(#8653),#119,.T.);
#9208=ADVANCED_FACE('',(#8654),#120,.T.);
#9209=ADVANCED_FACE('',(#8655),#121,.T.);
#9210=ADVANCED_FACE('',(#8656),#122,.T.);
#9211=ADVANCED_FACE('',(#8657),#123,.T.);
#9212=ADVANCED_FACE('',(#8658),#124,.T.);
#9213=ADVANCED_FACE('',(#8659),#125,.T.);
#9214=ADVANCED_FACE('',(#8660),#126,.T.);
#9215=ADVANCED_FACE('',(#8661),#127,.T.);
#9216=ADVANCED_FACE('',(#8662),#128,.T.);
#9217=ADVANCED_FACE('',(#8663),#129,.T.);
#9218=ADVANCED_FACE('',(#8664),#130,.T.);
#9219=ADVANCED_FACE('',(#8665),#131,.T.);
#9220=ADVANCED_FACE('',(#8666),#132,.T.);
#9221=ADVANCED_FACE('',(#8667),#133,.T.);
#9222=ADVANCED_FACE('',(#8668),#134,.T.);
#9223=ADVANCED_FACE('',(#8669),#135,.T.);
#9224=ADVANCED_FACE('',(#8670),#136,.T.);
#9225=ADVANCED_FACE('',(#8671),#137,.T.);
#9226=ADVANCED_FACE('',(#8672),#138,.T.);
#9227=ADVANCED_FACE('',(#8673),#139,.T.);
#9228=ADVANCED_FACE('',(#8674),#140,.T.);
#9229=ADVANCED_FACE('',(#8675),#141,.T.);
#9230=ADVANCED_FACE('',(#8676),#142,.T.);
#9231=ADVANCED_FACE('',(#8677),#143,.T.);
#9232=ADVANCED_FACE('',(#8678),#144,.T.);
#9233=ADVANCED_FACE('',(#8679),#145,.T.);
#9234=ADVANCED_FACE('',(#8680),#146,.T.);
#9235=ADVANCED_FACE('',(#8681),#147,.T.);
#9236=ADVANCED_FACE('',(#8682),#148,.T.);
#9237=ADVANCED_FACE('',(#8683),#9033,.F.);
#9238=ADVANCED_FACE('',(#8684),#9034,.F.);
#9239=ADVANCED_FACE('',(#8685),#9035,.F.);
#9240=ADVANCED_FACE('',(#8686),#9036,.F.);
#9241=ADVANCED_FACE('',(#8687),#9037,.F.);
#9242=ADVANCED_FACE('',(#8688),#9038,.F.);
#9243=ADVANCED_FACE('',(#8689),#9039,.F.);
#9244=ADVANCED_FACE('',(#8690),#9040,.F.);
#9245=ADVANCED_FACE('',(#8691),#9041,.F.);
#9246=ADVANCED_FACE('',(#8692),#149,.T.);
#9247=ADVANCED_FACE('',(#8693),#150,.T.);
#9248=ADVANCED_FACE('',(#8694),#151,.T.);
#9249=ADVANCED_FACE('',(#8695),#152,.T.);
#9250=ADVANCED_FACE('',(#8696),#153,.T.);
#9251=ADVANCED_FACE('',(#8697),#154,.T.);
#9252=ADVANCED_FACE('',(#8698),#155,.T.);
#9253=ADVANCED_FACE('',(#8699),#156,.T.);
#9254=ADVANCED_FACE('',(#8700),#157,.T.);
#9255=ADVANCED_FACE('',(#8701),#9042,.T.);
#9256=ADVANCED_FACE('',(#8702),#9043,.T.);
#9257=ADVANCED_FACE('',(#8703),#9044,.T.);
#9258=ADVANCED_FACE('',(#8704),#9045,.T.);
#9259=ADVANCED_FACE('',(#8705),#9046,.T.);
#9260=ADVANCED_FACE('',(#8706),#9047,.T.);
#9261=ADVANCED_FACE('',(#8707),#9048,.T.);
#9262=ADVANCED_FACE('',(#8708),#9049,.T.);
#9263=ADVANCED_FACE('',(#8709),#9050,.T.);
#9264=ADVANCED_FACE('',(#8710),#158,.T.);
#9265=ADVANCED_FACE('',(#8711),#159,.T.);
#9266=ADVANCED_FACE('',(#8712),#160,.T.);
#9267=ADVANCED_FACE('',(#8713),#161,.T.);
#9268=ADVANCED_FACE('',(#8714),#162,.T.);
#9269=ADVANCED_FACE('',(#8715),#163,.T.);
#9270=ADVANCED_FACE('',(#8716),#164,.T.);
#9271=ADVANCED_FACE('',(#8717),#165,.T.);
#9272=ADVANCED_FACE('',(#8718),#166,.T.);
#9273=ADVANCED_FACE('',(#8719),#167,.T.);
#9274=ADVANCED_FACE('',(#8720),#168,.T.);
#9275=ADVANCED_FACE('',(#8721),#169,.T.);
#9276=ADVANCED_FACE('',(#8722),#170,.T.);
#9277=ADVANCED_FACE('',(#8723),#171,.T.);
#9278=ADVANCED_FACE('',(#8724),#172,.T.);
#9279=ADVANCED_FACE('',(#8725),#173,.T.);
#9280=ADVANCED_FACE('',(#8726),#174,.T.);
#9281=ADVANCED_FACE('',(#8727),#175,.T.);
#9282=ADVANCED_FACE('',(#8728),#176,.T.);
#9283=ADVANCED_FACE('',(#8729),#177,.T.);
#9284=ADVANCED_FACE('',(#8730),#178,.T.);
#9285=ADVANCED_FACE('',(#8731),#179,.T.);
#9286=ADVANCED_FACE('',(#8732),#180,.T.);
#9287=ADVANCED_FACE('',(#8733),#181,.T.);
#9288=ADVANCED_FACE('',(#8734),#182,.T.);
#9289=ADVANCED_FACE('',(#8735),#183,.T.);
#9290=ADVANCED_FACE('',(#8736),#184,.T.);
#9291=ADVANCED_FACE('',(#8737),#9051,.F.);
#9292=ADVANCED_FACE('',(#8738),#9052,.F.);
#9293=ADVANCED_FACE('',(#8739),#9053,.F.);
#9294=ADVANCED_FACE('',(#8740),#9054,.F.);
#9295=ADVANCED_FACE('',(#8741),#9055,.F.);
#9296=ADVANCED_FACE('',(#8742),#9056,.F.);
#9297=ADVANCED_FACE('',(#8743),#9057,.F.);
#9298=ADVANCED_FACE('',(#8744),#9058,.F.);
#9299=ADVANCED_FACE('',(#8745),#9059,.F.);
#9300=ADVANCED_FACE('',(#8746),#185,.T.);
#9301=ADVANCED_FACE('',(#8747),#186,.T.);
#9302=ADVANCED_FACE('',(#8748),#187,.T.);
#9303=ADVANCED_FACE('',(#8749),#188,.T.);
#9304=ADVANCED_FACE('',(#8750),#189,.T.);
#9305=ADVANCED_FACE('',(#8751),#190,.T.);
#9306=ADVANCED_FACE('',(#8752),#191,.T.);
#9307=ADVANCED_FACE('',(#8753),#192,.T.);
#9308=ADVANCED_FACE('',(#8754),#193,.T.);
#9309=ADVANCED_FACE('',(#8755),#9060,.T.);
#9310=ADVANCED_FACE('',(#8756),#9061,.T.);
#9311=ADVANCED_FACE('',(#8757),#9062,.T.);
#9312=ADVANCED_FACE('',(#8758),#9063,.T.);
#9313=ADVANCED_FACE('',(#8759),#9064,.T.);
#9314=ADVANCED_FACE('',(#8760),#9065,.T.);
#9315=ADVANCED_FACE('',(#8761),#9066,.T.);
#9316=ADVANCED_FACE('',(#8762),#9067,.T.);
#9317=ADVANCED_FACE('',(#8763),#9068,.T.);
#9318=ADVANCED_FACE('',(#8764),#9069,.F.);
#9319=ADVANCED_FACE('',(#8765),#9070,.F.);
#9320=ADVANCED_FACE('',(#8766),#9071,.F.);
#9321=ADVANCED_FACE('',(#8767),#9072,.F.);
#9322=ADVANCED_FACE('',(#8768),#9073,.F.);
#9323=ADVANCED_FACE('',(#8769),#9074,.F.);
#9324=ADVANCED_FACE('',(#8770),#9075,.F.);
#9325=ADVANCED_FACE('',(#8771),#9076,.F.);
#9326=ADVANCED_FACE('',(#8772),#9077,.F.);
#9327=ADVANCED_FACE('',(#8773),#194,.T.);
#9328=ADVANCED_FACE('',(#8774),#195,.T.);
#9329=ADVANCED_FACE('',(#8775),#196,.T.);
#9330=ADVANCED_FACE('',(#8776),#197,.T.);
#9331=ADVANCED_FACE('',(#8777),#198,.T.);
#9332=ADVANCED_FACE('',(#8778),#199,.T.);
#9333=ADVANCED_FACE('',(#8779),#200,.T.);
#9334=ADVANCED_FACE('',(#8780),#201,.T.);
#9335=ADVANCED_FACE('',(#8781),#202,.T.);
#9336=ADVANCED_FACE('',(#8782),#9078,.T.);
#9337=ADVANCED_FACE('',(#8783),#9079,.T.);
#9338=ADVANCED_FACE('',(#8784),#9080,.T.);
#9339=ADVANCED_FACE('',(#8785),#9081,.T.);
#9340=ADVANCED_FACE('',(#8786),#9082,.T.);
#9341=ADVANCED_FACE('',(#8787),#9083,.T.);
#9342=ADVANCED_FACE('',(#8788),#9084,.T.);
#9343=ADVANCED_FACE('',(#8789),#9085,.T.);
#9344=ADVANCED_FACE('',(#8790),#9086,.T.);
#9345=ADVANCED_FACE('',(#8791),#203,.T.);
#9346=ADVANCED_FACE('',(#8792),#204,.T.);
#9347=ADVANCED_FACE('',(#8793),#205,.T.);
#9348=ADVANCED_FACE('',(#8794),#206,.T.);
#9349=ADVANCED_FACE('',(#8795),#207,.T.);
#9350=ADVANCED_FACE('',(#8796),#208,.T.);
#9351=ADVANCED_FACE('',(#8797),#209,.T.);
#9352=ADVANCED_FACE('',(#8798),#210,.T.);
#9353=ADVANCED_FACE('',(#8799),#211,.T.);
#9354=ADVANCED_FACE('',(#8800),#212,.T.);
#9355=ADVANCED_FACE('',(#8801),#213,.T.);
#9356=ADVANCED_FACE('',(#8802),#214,.T.);
#9357=ADVANCED_FACE('',(#8803),#215,.T.);
#9358=ADVANCED_FACE('',(#8804),#216,.T.);
#9359=ADVANCED_FACE('',(#8805),#217,.T.);
#9360=ADVANCED_FACE('',(#8806),#218,.T.);
#9361=ADVANCED_FACE('',(#8807),#219,.T.);
#9362=ADVANCED_FACE('',(#8808),#220,.T.);
#9363=ADVANCED_FACE('',(#8809),#221,.T.);
#9364=ADVANCED_FACE('',(#8810),#222,.T.);
#9365=ADVANCED_FACE('',(#8811),#223,.T.);
#9366=ADVANCED_FACE('',(#8812),#224,.T.);
#9367=ADVANCED_FACE('',(#8813),#225,.T.);
#9368=ADVANCED_FACE('',(#8814),#226,.T.);
#9369=ADVANCED_FACE('',(#8815),#227,.T.);
#9370=ADVANCED_FACE('',(#8816),#228,.T.);
#9371=ADVANCED_FACE('',(#8817),#229,.T.);
#9372=ADVANCED_FACE('',(#8818),#9087,.F.);
#9373=ADVANCED_FACE('',(#8819),#9088,.F.);
#9374=ADVANCED_FACE('',(#8820),#9089,.F.);
#9375=ADVANCED_FACE('',(#8821),#9090,.F.);
#9376=ADVANCED_FACE('',(#8822),#9091,.F.);
#9377=ADVANCED_FACE('',(#8823),#9092,.F.);
#9378=ADVANCED_FACE('',(#8824),#9093,.F.);
#9379=ADVANCED_FACE('',(#8825),#9094,.F.);
#9380=ADVANCED_FACE('',(#8826),#9095,.F.);
#9381=ADVANCED_FACE('',(#8827),#230,.T.);
#9382=ADVANCED_FACE('',(#8828),#231,.T.);
#9383=ADVANCED_FACE('',(#8829),#232,.T.);
#9384=ADVANCED_FACE('',(#8830),#233,.T.);
#9385=ADVANCED_FACE('',(#8831),#234,.T.);
#9386=ADVANCED_FACE('',(#8832),#235,.T.);
#9387=ADVANCED_FACE('',(#8833),#236,.T.);
#9388=ADVANCED_FACE('',(#8834),#237,.T.);
#9389=ADVANCED_FACE('',(#8835),#238,.T.);
#9390=ADVANCED_FACE('',(#8836),#9096,.T.);
#9391=ADVANCED_FACE('',(#8837),#9097,.T.);
#9392=ADVANCED_FACE('',(#8838),#9098,.T.);
#9393=ADVANCED_FACE('',(#8839),#9099,.T.);
#9394=ADVANCED_FACE('',(#8840),#9100,.T.);
#9395=ADVANCED_FACE('',(#8841),#9101,.T.);
#9396=ADVANCED_FACE('',(#8842),#9102,.T.);
#9397=ADVANCED_FACE('',(#8843),#9103,.T.);
#9398=ADVANCED_FACE('',(#8844),#9104,.T.);
#9399=ADVANCED_FACE('',(#8845),#239,.T.);
#9400=ADVANCED_FACE('',(#8846),#240,.T.);
#9401=ADVANCED_FACE('',(#8847),#241,.T.);
#9402=ADVANCED_FACE('',(#8848),#242,.T.);
#9403=ADVANCED_FACE('',(#8849),#243,.T.);
#9404=ADVANCED_FACE('',(#8850),#244,.T.);
#9405=ADVANCED_FACE('',(#8851),#245,.T.);
#9406=ADVANCED_FACE('',(#8852),#246,.T.);
#9407=ADVANCED_FACE('',(#8853),#247,.T.);
#9408=ADVANCED_FACE('',(#8854),#248,.T.);
#9409=ADVANCED_FACE('',(#8855),#9105,.F.);
#9410=ADVANCED_FACE('',(#8856),#249,.T.);
#9411=ADVANCED_FACE('',(#8857),#9106,.T.);
#9412=ADVANCED_FACE('',(#8858),#250,.T.);
#9413=ADVANCED_FACE('',(#8859),#251,.T.);
#9414=ADVANCED_FACE('',(#8860),#252,.T.);
#9415=ADVANCED_FACE('',(#8861),#9107,.F.);
#9416=ADVANCED_FACE('',(#8862),#253,.T.);
#9417=ADVANCED_FACE('',(#8863),#9108,.T.);
#9418=ADVANCED_FACE('',(#8864),#254,.T.);
#9419=ADVANCED_FACE('',(#8865),#255,.T.);
#9420=ADVANCED_FACE('',(#8866),#256,.T.);
#9421=ADVANCED_FACE('',(#8867),#9109,.F.);
#9422=ADVANCED_FACE('',(#8868),#257,.T.);
#9423=ADVANCED_FACE('',(#8869),#9110,.T.);
#9424=ADVANCED_FACE('',(#8870),#258,.T.);
#9425=ADVANCED_FACE('',(#8871),#259,.T.);
#9426=ADVANCED_FACE('',(#8872),#260,.T.);
#9427=ADVANCED_FACE('',(#8873),#9111,.F.);
#9428=ADVANCED_FACE('',(#8874),#261,.T.);
#9429=ADVANCED_FACE('',(#8875),#9112,.T.);
#9430=ADVANCED_FACE('',(#8876),#262,.T.);
#9431=ADVANCED_FACE('',(#8877),#263,.F.);
#9432=ADVANCED_FACE('',(#8878),#264,.T.);
#9433=ADVANCED_FACE('',(#8879),#265,.F.);
#9434=ADVANCED_FACE('',(#8880),#266,.F.);
#9435=ADVANCED_FACE('',(#8881),#267,.F.);
#9436=ADVANCED_FACE('',(#8882),#268,.F.);
#9437=ADVANCED_FACE('',(#8883),#269,.F.);
#9438=ADVANCED_FACE('',(#8884),#270,.F.);
#9439=ADVANCED_FACE('',(#8885),#271,.F.);
#9440=ADVANCED_FACE('',(#8886),#272,.F.);
#9441=ADVANCED_FACE('',(#8887),#273,.F.);
#9442=ADVANCED_FACE('',(#8888),#274,.F.);
#9443=ADVANCED_FACE('',(#8889),#275,.F.);
#9444=ADVANCED_FACE('',(#8890),#276,.F.);
#9445=ADVANCED_FACE('',(#8891),#277,.F.);
#9446=ADVANCED_FACE('',(#8892),#278,.F.);
#9447=ADVANCED_FACE('',(#8893),#279,.F.);
#9448=ADVANCED_FACE('',(#8894),#280,.F.);
#9449=ADVANCED_FACE('',(#8895),#281,.F.);
#9450=ADVANCED_FACE('',(#8896),#282,.F.);
#9451=ADVANCED_FACE('',(#8897),#283,.F.);
#9452=ADVANCED_FACE('',(#8898),#284,.F.);
#9453=ADVANCED_FACE('',(#8899),#285,.F.);
#9454=ADVANCED_FACE('',(#8900),#286,.F.);
#9455=ADVANCED_FACE('',(#8901),#287,.F.);
#9456=ADVANCED_FACE('',(#8902),#288,.F.);
#9457=ADVANCED_FACE('',(#8903),#289,.F.);
#9458=ADVANCED_FACE('',(#8904),#290,.F.);
#9459=ADVANCED_FACE('',(#8905),#291,.F.);
#9460=ADVANCED_FACE('',(#8906),#292,.F.);
#9461=ADVANCED_FACE('',(#8907),#293,.F.);
#9462=ADVANCED_FACE('',(#8908),#294,.F.);
#9463=ADVANCED_FACE('',(#8909),#295,.F.);
#9464=ADVANCED_FACE('',(#8910),#296,.F.);
#9465=ADVANCED_FACE('',(#8911),#297,.F.);
#9466=ADVANCED_FACE('',(#8912),#298,.F.);
#9467=ADVANCED_FACE('',(#8913),#299,.F.);
#9468=ADVANCED_FACE('',(#8914),#300,.F.);
#9469=ADVANCED_FACE('',(#8915),#301,.F.);
#9470=ADVANCED_FACE('',(#8916),#302,.F.);
#9471=ADVANCED_FACE('',(#8917),#303,.F.);
#9472=ADVANCED_FACE('',(#8918),#304,.F.);
#9473=ADVANCED_FACE('',(#8919),#305,.F.);
#9474=ADVANCED_FACE('',(#8920),#306,.F.);
#9475=ADVANCED_FACE('',(#8921),#307,.F.);
#9476=ADVANCED_FACE('',(#8922),#308,.F.);
#9477=ADVANCED_FACE('',(#8923),#309,.F.);
#9478=ADVANCED_FACE('',(#8924),#310,.F.);
#9479=ADVANCED_FACE('',(#8925),#311,.F.);
#9480=ADVANCED_FACE('',(#8926),#312,.F.);
#9481=ADVANCED_FACE('',(#8927),#313,.F.);
#9482=ADVANCED_FACE('',(#8928),#314,.F.);
#9483=ADVANCED_FACE('',(#8929),#315,.F.);
#9484=ADVANCED_FACE('',(#8930),#316,.F.);
#9485=ADVANCED_FACE('',(#8931),#317,.F.);
#9486=ADVANCED_FACE('',(#8932),#318,.F.);
#9487=ADVANCED_FACE('',(#8933),#319,.F.);
#9488=ADVANCED_FACE('',(#8934),#320,.F.);
#9489=ADVANCED_FACE('',(#8935),#321,.F.);
#9490=ADVANCED_FACE('',(#8936),#322,.F.);
#9491=ADVANCED_FACE('',(#8937),#323,.F.);
#9492=ADVANCED_FACE('',(#8938),#324,.F.);
#9493=ADVANCED_FACE('',(#8939),#325,.F.);
#9494=ADVANCED_FACE('',(#8940),#326,.F.);
#9495=ADVANCED_FACE('',(#8941),#327,.F.);
#9496=ADVANCED_FACE('',(#8942),#328,.F.);
#9497=ADVANCED_FACE('',(#8943),#329,.F.);
#9498=ADVANCED_FACE('',(#8944),#330,.F.);
#9499=ADVANCED_FACE('',(#8945),#331,.F.);
#9500=ADVANCED_FACE('',(#8946),#332,.F.);
#9501=ADVANCED_FACE('',(#8947),#333,.F.);
#9502=ADVANCED_FACE('',(#8948),#334,.F.);
#9503=ADVANCED_FACE('',(#8949),#335,.F.);
#9504=ADVANCED_FACE('',(#8950),#336,.F.);
#9505=ADVANCED_FACE('',(#8951),#337,.F.);
#9506=ADVANCED_FACE('',(#8952),#338,.F.);
#9507=ADVANCED_FACE('',(#8953),#339,.F.);
#9508=ADVANCED_FACE('',(#8954),#340,.F.);
#9509=ADVANCED_FACE('',(#8955),#341,.F.);
#9510=ADVANCED_FACE('',(#8956),#342,.F.);
#9511=ADVANCED_FACE('',(#8957),#343,.F.);
#9512=ADVANCED_FACE('',(#8958),#344,.F.);
#9513=ADVANCED_FACE('',(#8959),#345,.F.);
#9514=ADVANCED_FACE('',(#8960),#346,.F.);
#9515=ADVANCED_FACE('',(#8961),#347,.F.);
#9516=ADVANCED_FACE('',(#8962),#348,.F.);
#9517=ADVANCED_FACE('',(#8963),#349,.F.);
#9518=ADVANCED_FACE('',(#8964),#350,.F.);
#9519=ADVANCED_FACE('',(#8965),#351,.F.);
#9520=ADVANCED_FACE('',(#8966),#352,.F.);
#9521=ADVANCED_FACE('',(#8967),#353,.F.);
#9522=ADVANCED_FACE('',(#8968),#354,.F.);
#9523=ADVANCED_FACE('',(#8969),#355,.F.);
#9524=ADVANCED_FACE('',(#8970),#356,.F.);
#9525=ADVANCED_FACE('',(#8971),#357,.F.);
#9526=ADVANCED_FACE('',(#8972),#358,.F.);
#9527=ADVANCED_FACE('',(#8973),#359,.F.);
#9528=ADVANCED_FACE('',(#8974),#360,.F.);
#9529=ADVANCED_FACE('',(#8975),#361,.F.);
#9530=ADVANCED_FACE('',(#8976),#362,.F.);
#9531=ADVANCED_FACE('',(#8977),#363,.F.);
#9532=ADVANCED_FACE('',(#8978),#364,.F.);
#9533=ADVANCED_FACE('',(#8979),#365,.F.);
#9534=ADVANCED_FACE('',(#8980),#366,.F.);
#9535=ADVANCED_FACE('',(#8981),#367,.F.);
#9536=ADVANCED_FACE('',(#8982),#368,.F.);
#9537=ADVANCED_FACE('',(#8983),#369,.F.);
#9538=ADVANCED_FACE('',(#8984),#370,.F.);
#9539=ADVANCED_FACE('',(#8985),#371,.F.);
#9540=ADVANCED_FACE('',(#8986),#372,.F.);
#9541=ADVANCED_FACE('',(#8987),#373,.F.);
#9542=ADVANCED_FACE('',(#8988),#374,.F.);
#9543=ADVANCED_FACE('',(#8989),#375,.F.);
#9544=ADVANCED_FACE('',(#8990),#376,.F.);
#9545=ADVANCED_FACE('',(#8991),#377,.F.);
#9546=ADVANCED_FACE('',(#8992),#378,.F.);
#9547=ADVANCED_FACE('',(#8993),#379,.F.);
#9548=ADVANCED_FACE('',(#8994),#380,.F.);
#9549=ADVANCED_FACE('',(#8995),#381,.F.);
#9550=ADVANCED_FACE('',(#8996),#382,.F.);
#9551=ADVANCED_FACE('',(#8997),#383,.F.);
#9552=ADVANCED_FACE('',(#8998),#384,.F.);
#9553=ADVANCED_FACE('',(#8999),#385,.F.);
#9554=ADVANCED_FACE('',(#9000),#386,.F.);
#9555=ADVANCED_FACE('',(#9001),#387,.F.);
#9556=ADVANCED_FACE('',(#9002),#388,.F.);
#9557=ADVANCED_FACE('',(#9003),#389,.F.);
#9558=ADVANCED_FACE('',(#9004),#390,.F.);
#9559=ADVANCED_FACE('',(#9005),#391,.F.);
#9560=ADVANCED_FACE('',(#9006),#392,.F.);
#9561=ADVANCED_FACE('',(#9007),#393,.F.);
#9562=ADVANCED_FACE('',(#9008),#394,.F.);
#9563=ADVANCED_FACE('',(#9009),#395,.F.);
#9564=ADVANCED_FACE('',(#9010),#396,.F.);
#9565=ADVANCED_FACE('',(#9011),#397,.F.);
#9566=ADVANCED_FACE('',(#9012),#398,.F.);
#9567=ADVANCED_FACE('',(#9013),#399,.F.);
#9568=ADVANCED_FACE('',(#9014),#400,.F.);
#9569=ADVANCED_FACE('',(#9015),#401,.F.);
#9570=ADVANCED_FACE('',(#9016),#402,.F.);
#9571=ADVANCED_FACE('',(#9017),#403,.F.);
#9572=ADVANCED_FACE('',(#9018),#404,.F.);
#9573=ADVANCED_FACE('',(#9019),#405,.F.);
#9574=ADVANCED_FACE('',(#9020),#406,.F.);
#9575=ADVANCED_FACE('',(#9021),#407,.F.);
#9576=ADVANCED_FACE('',(#9022),#408,.F.);
#9577=ADVANCED_FACE('',(#9023),#409,.F.);
#9578=ADVANCED_FACE('',(#9024),#410,.F.);
#9579=ADVANCED_FACE('',(#9025),#411,.F.);
#9580=ADVANCED_FACE('',(#9026),#412,.F.);
#9581=CLOSED_SHELL('',(#9113,#9114,#9115,#9116,#9117,#9118,#9119,#9120,
#9121,#9122,#9123,#9124,#9125,#9126,#9127,#9128,#9129,#9130,#9131,#9132,
#9133,#9134,#9135,#9136,#9137,#9138,#9139,#9140,#9141,#9142,#9143,#9144,
#9145,#9146,#9147,#9148,#9149,#9150,#9151,#9152,#9153,#9154,#9155,#9156,
#9157,#9158,#9159,#9160,#9161,#9162,#9163,#9164,#9165,#9166,#9167,#9168,
#9169,#9170,#9171,#9172,#9173,#9174,#9175,#9176,#9177,#9178,#9179,#9180,
#9181,#9182));
#9582=CLOSED_SHELL('',(#9183,#9184,#9185,#9186,#9187,#9188,#9189,#9190,
#9191,#9192,#9193,#9194,#9195,#9196,#9197,#9198,#9199,#9200,#9201,#9202,
#9203,#9204,#9205,#9206,#9207,#9208,#9209,#9210,#9211,#9212,#9213,#9214,
#9215,#9216,#9217,#9218,#9219,#9220,#9221,#9222,#9223,#9224,#9225,#9226,
#9227,#9228,#9229,#9230,#9231,#9232,#9233,#9234,#9235,#9236,#9237,#9238,
#9239,#9240,#9241,#9242,#9243,#9244,#9245,#9246,#9247,#9248,#9249,#9250,
#9251,#9252,#9253,#9254,#9255,#9256,#9257,#9258,#9259,#9260,#9261,#9262,
#9263,#9264,#9265,#9266,#9267,#9268,#9269,#9270,#9271,#9272,#9273,#9274,
#9275,#9276,#9277,#9278,#9279,#9280,#9281,#9282,#9283,#9284,#9285,#9286,
#9287,#9288,#9289,#9290,#9291,#9292,#9293,#9294,#9295,#9296,#9297,#9298,
#9299,#9300,#9301,#9302,#9303,#9304,#9305,#9306,#9307,#9308,#9309,#9310,
#9311,#9312,#9313,#9314,#9315,#9316,#9317,#9318,#9319,#9320,#9321,#9322,
#9323,#9324,#9325,#9326,#9327,#9328,#9329,#9330,#9331,#9332,#9333,#9334,
#9335,#9336,#9337,#9338,#9339,#9340,#9341,#9342,#9343,#9344,#9345,#9346,
#9347,#9348,#9349,#9350,#9351,#9352,#9353,#9354,#9355,#9356,#9357,#9358,
#9359,#9360,#9361,#9362,#9363,#9364,#9365,#9366,#9367,#9368,#9369,#9370,
#9371,#9372,#9373,#9374,#9375,#9376,#9377,#9378,#9379,#9380,#9381,#9382,
#9383,#9384,#9385,#9386,#9387,#9388,#9389,#9390,#9391,#9392,#9393,#9394,
#9395,#9396,#9397,#9398,#9399,#9400,#9401,#9402,#9403,#9404,#9405,#9406,
#9407,#9408,#9409,#9410,#9411,#9412,#9413,#9414,#9415,#9416,#9417,#9418,
#9419,#9420,#9421,#9422,#9423,#9424,#9425,#9426,#9427,#9428,#9429,#9430,
#9431,#9432,#9433,#9434,#9435,#9436,#9437,#9438,#9439,#9440,#9441,#9442,
#9443,#9444,#9445,#9446,#9447,#9448,#9449,#9450,#9451,#9452,#9453,#9454,
#9455,#9456,#9457,#9458,#9459,#9460,#9461,#9462,#9463,#9464,#9465,#9466,
#9467,#9468,#9469,#9470,#9471,#9472,#9473,#9474,#9475,#9476,#9477,#9478,
#9479,#9480,#9481,#9482,#9483,#9484,#9485,#9486,#9487,#9488,#9489,#9490,
#9491,#9492,#9493,#9494,#9495,#9496,#9497,#9498,#9499,#9500,#9501,#9502,
#9503,#9504,#9505,#9506,#9507,#9508,#9509,#9510,#9511,#9512,#9513,#9514,
#9515,#9516,#9517,#9518,#9519,#9520,#9521,#9522,#9523,#9524,#9525,#9526,
#9527,#9528,#9529,#9530,#9531,#9532,#9533,#9534,#9535,#9536,#9537,#9538,
#9539,#9540,#9541,#9542,#9543,#9544,#9545,#9546,#9547,#9548,#9549,#9550,
#9551,#9552,#9553,#9554,#9555,#9556,#9557,#9558,#9559,#9560,#9561,#9562,
#9563,#9564,#9565,#9566,#9567,#9568,#9569,#9570,#9571,#9572,#9573,#9574,
#9575,#9576,#9577,#9578,#9579,#9580));
#9583=STYLED_ITEM('',(#9585),#9598);
#9584=STYLED_ITEM('',(#9586),#9599);
#9585=PRESENTATION_STYLE_ASSIGNMENT((#9587));
#9586=PRESENTATION_STYLE_ASSIGNMENT((#9588));
#9587=SURFACE_STYLE_USAGE(.BOTH.,#9589);
#9588=SURFACE_STYLE_USAGE(.BOTH.,#9590);
#9589=SURFACE_SIDE_STYLE('',(#9591));
#9590=SURFACE_SIDE_STYLE('',(#9592));
#9591=SURFACE_STYLE_FILL_AREA(#9593);
#9592=SURFACE_STYLE_FILL_AREA(#9594);
#9593=FILL_AREA_STYLE('',(#9595));
#9594=FILL_AREA_STYLE('',(#9596));
#9595=FILL_AREA_STYLE_COLOUR('',#9597);
#9596=FILL_AREA_STYLE_COLOUR('',#18);
#9597=COLOUR_RGB('',0.5,0.5,0.5);
#9598=MANIFOLD_SOLID_BREP('FSH-110-04-L-DH-SL-TR_body',#9581);
#9599=MANIFOLD_SOLID_BREP('FSH-110-04-L-DH-SL-TR_pins',#9582);
#9600=SHAPE_DEFINITION_REPRESENTATION(#15531,#9603);
#9601=SHAPE_DEFINITION_REPRESENTATION(#15532,#9604);
#9602=SHAPE_DEFINITION_REPRESENTATION(#15534,#9605);
#9603=SHAPE_REPRESENTATION('FSH-110-04-L-DH-SL-TR',(#9606,#9685,#10244),
#15519);
#9604=SHAPE_REPRESENTATION('FSH-110-04-L-DH-SL-TR_body',(#9606),#15520);
#9605=SHAPE_REPRESENTATION('FSH-110-04-L-DH-SL-TR_pins',(#9606),#15521);
#9606=AXIS2_PLACEMENT_3D('',#12725,#10245,#10246);
#9607=AXIS2_PLACEMENT_3D('',#12726,#10247,#10248);
#9608=AXIS2_PLACEMENT_3D('',#12727,#10249,#10250);
#9609=AXIS2_PLACEMENT_3D('',#12742,#10252,#10253);
#9610=AXIS2_PLACEMENT_3D('',#12756,#10255,#10256);
#9611=AXIS2_PLACEMENT_3D('',#12757,#10257,#10258);
#9612=AXIS2_PLACEMENT_3D('',#12758,#10259,#10260);
#9613=AXIS2_PLACEMENT_3D('',#12773,#10262,#10263);
#9614=AXIS2_PLACEMENT_3D('',#12787,#10265,#10266);
#9615=AXIS2_PLACEMENT_3D('',#12788,#10267,#10268);
#9616=AXIS2_PLACEMENT_3D('',#12797,#10273,#10274);
#9617=AXIS2_PLACEMENT_3D('',#12807,#10280,#10281);
#9618=AXIS2_PLACEMENT_3D('',#12814,#10286,#10287);
#9619=AXIS2_PLACEMENT_3D('',#12820,#10291,#10292);
#9620=AXIS2_PLACEMENT_3D('',#12826,#10296,#10297);
#9621=AXIS2_PLACEMENT_3D('',#12832,#10301,#10302);
#9622=AXIS2_PLACEMENT_3D('',#12839,#10307,#10308);
#9623=AXIS2_PLACEMENT_3D('',#12849,#10314,#10315);
#9624=AXIS2_PLACEMENT_3D('',#12858,#10320,#10321);
#9625=AXIS2_PLACEMENT_3D('',#12864,#10325,#10326);
#9626=AXIS2_PLACEMENT_3D('',#12870,#10330,#10331);
#9627=AXIS2_PLACEMENT_3D('',#12879,#10336,#10337);
#9628=AXIS2_PLACEMENT_3D('',#12885,#10341,#10342);
#9629=AXIS2_PLACEMENT_3D('',#12891,#10346,#10347);
#9630=AXIS2_PLACEMENT_3D('',#12900,#10352,#10353);
#9631=AXIS2_PLACEMENT_3D('',#12906,#10357,#10358);
#9632=AXIS2_PLACEMENT_3D('',#12912,#10362,#10363);
#9633=AXIS2_PLACEMENT_3D('',#12921,#10368,#10369);
#9634=AXIS2_PLACEMENT_3D('',#12927,#10373,#10374);
#9635=AXIS2_PLACEMENT_3D('',#12933,#10378,#10379);
#9636=AXIS2_PLACEMENT_3D('',#12942,#10384,#10385);
#9637=AXIS2_PLACEMENT_3D('',#12948,#10389,#10390);
#9638=AXIS2_PLACEMENT_3D('',#12954,#10394,#10395);
#9639=AXIS2_PLACEMENT_3D('',#12963,#10400,#10401);
#9640=AXIS2_PLACEMENT_3D('',#12969,#10405,#10406);
#9641=AXIS2_PLACEMENT_3D('',#12975,#10410,#10411);
#9642=AXIS2_PLACEMENT_3D('',#12984,#10416,#10417);
#9643=AXIS2_PLACEMENT_3D('',#12990,#10421,#10422);
#9644=AXIS2_PLACEMENT_3D('',#12996,#10426,#10427);
#9645=AXIS2_PLACEMENT_3D('',#13005,#10432,#10433);
#9646=AXIS2_PLACEMENT_3D('',#13011,#10437,#10438);
#9647=AXIS2_PLACEMENT_3D('',#13017,#10442,#10443);
#9648=AXIS2_PLACEMENT_3D('',#13020,#10446,#10447);
#9649=AXIS2_PLACEMENT_3D('',#13023,#10450,#10451);
#9650=AXIS2_PLACEMENT_3D('',#13026,#10454,#10455);
#9651=AXIS2_PLACEMENT_3D('',#13029,#10458,#10459);
#9652=AXIS2_PLACEMENT_3D('',#13032,#10462,#10463);
#9653=AXIS2_PLACEMENT_3D('',#13035,#10466,#10467);
#9654=AXIS2_PLACEMENT_3D('',#13038,#10470,#10471);
#9655=AXIS2_PLACEMENT_3D('',#13041,#10474,#10475);
#9656=AXIS2_PLACEMENT_3D('',#13050,#10480,#10481);
#9657=AXIS2_PLACEMENT_3D('',#13063,#10489,#10490);
#9658=AXIS2_PLACEMENT_3D('',#13070,#10495,#10496);
#9659=AXIS2_PLACEMENT_3D('',#13078,#10501,#10502);
#9660=AXIS2_PLACEMENT_3D('',#13080,#10504,#10505);
#9661=AXIS2_PLACEMENT_3D('',#13084,#10508,#10509);
#9662=AXIS2_PLACEMENT_3D('',#13092,#10514,#10515);
#9663=AXIS2_PLACEMENT_3D('',#13096,#10518,#10519);
#9664=AXIS2_PLACEMENT_3D('',#13098,#10521,#10522);
#9665=AXIS2_PLACEMENT_3D('',#13102,#10525,#10526);
#9666=AXIS2_PLACEMENT_3D('',#13106,#10529,#10530);
#9667=AXIS2_PLACEMENT_3D('',#13108,#10532,#10533);
#9668=AXIS2_PLACEMENT_3D('',#13109,#10534,#10535);
#9669=AXIS2_PLACEMENT_3D('',#13113,#10538,#10539);
#9670=AXIS2_PLACEMENT_3D('',#13115,#10541,#10542);
#9671=AXIS2_PLACEMENT_3D('',#13116,#10543,#10544);
#9672=AXIS2_PLACEMENT_3D('',#13117,#10545,#10546);
#9673=AXIS2_PLACEMENT_3D('',#13119,#10547,#10548);
#9674=AXIS2_PLACEMENT_3D('',#13120,#10549,#10550);
#9675=AXIS2_PLACEMENT_3D('',#13122,#10552,#10553);
#9676=AXIS2_PLACEMENT_3D('',#13124,#10555,#10556);
#9677=AXIS2_PLACEMENT_3D('',#13126,#10558,#10559);
#9678=AXIS2_PLACEMENT_3D('',#13127,#10560,#10561);
#9679=AXIS2_PLACEMENT_3D('',#13128,#10562,#10563);
#9680=AXIS2_PLACEMENT_3D('',#13130,#10564,#10565);
#9681=AXIS2_PLACEMENT_3D('',#13131,#10566,#10567);
#9682=AXIS2_PLACEMENT_3D('',#13133,#10569,#10570);
#9683=AXIS2_PLACEMENT_3D('',#13135,#10572,#10573);
#9684=AXIS2_PLACEMENT_3D('',#13137,#10575,#10576);
#9685=AXIS2_PLACEMENT_3D('',#13138,#10577,#10578);
#9686=AXIS2_PLACEMENT_3D('',#13139,#10579,#10580);
#9687=AXIS2_PLACEMENT_3D('',#13148,#10585,#10586);
#9688=AXIS2_PLACEMENT_3D('',#13157,#10591,#10592);
#9689=AXIS2_PLACEMENT_3D('',#13166,#10597,#10598);
#9690=AXIS2_PLACEMENT_3D('',#13175,#10603,#10604);
#9691=AXIS2_PLACEMENT_3D('',#13184,#10609,#10610);
#9692=AXIS2_PLACEMENT_3D('',#13193,#10615,#10616);
#9693=AXIS2_PLACEMENT_3D('',#13202,#10621,#10622);
#9694=AXIS2_PLACEMENT_3D('',#13211,#10627,#10628);
#9695=AXIS2_PLACEMENT_3D('',#13220,#10633,#10634);
#9696=AXIS2_PLACEMENT_3D('',#13226,#10638,#10639);
#9697=AXIS2_PLACEMENT_3D('',#13232,#10643,#10644);
#9698=AXIS2_PLACEMENT_3D('',#13238,#10648,#10649);
#9699=AXIS2_PLACEMENT_3D('',#13244,#10653,#10654);
#9700=AXIS2_PLACEMENT_3D('',#13250,#10658,#10659);
#9701=AXIS2_PLACEMENT_3D('',#13256,#10663,#10664);
#9702=AXIS2_PLACEMENT_3D('',#13262,#10668,#10669);
#9703=AXIS2_PLACEMENT_3D('',#13268,#10673,#10674);
#9704=AXIS2_PLACEMENT_3D('',#13274,#10678,#10679);
#9705=AXIS2_PLACEMENT_3D('',#13280,#10683,#10684);
#9706=AXIS2_PLACEMENT_3D('',#13286,#10688,#10689);
#9707=AXIS2_PLACEMENT_3D('',#13292,#10693,#10694);
#9708=AXIS2_PLACEMENT_3D('',#13298,#10698,#10699);
#9709=AXIS2_PLACEMENT_3D('',#13304,#10703,#10704);
#9710=AXIS2_PLACEMENT_3D('',#13310,#10708,#10709);
#9711=AXIS2_PLACEMENT_3D('',#13316,#10713,#10714);
#9712=AXIS2_PLACEMENT_3D('',#13322,#10718,#10719);
#9713=AXIS2_PLACEMENT_3D('',#13328,#10723,#10724);
#9714=AXIS2_PLACEMENT_3D('',#13337,#10729,#10730);
#9715=AXIS2_PLACEMENT_3D('',#13346,#10735,#10736);
#9716=AXIS2_PLACEMENT_3D('',#13355,#10741,#10742);
#9717=AXIS2_PLACEMENT_3D('',#13364,#10747,#10748);
#9718=AXIS2_PLACEMENT_3D('',#13373,#10753,#10754);
#9719=AXIS2_PLACEMENT_3D('',#13382,#10759,#10760);
#9720=AXIS2_PLACEMENT_3D('',#13391,#10765,#10766);
#9721=AXIS2_PLACEMENT_3D('',#13400,#10771,#10772);
#9722=AXIS2_PLACEMENT_3D('',#13409,#10777,#10778);
#9723=AXIS2_PLACEMENT_3D('',#13415,#10782,#10783);
#9724=AXIS2_PLACEMENT_3D('',#13421,#10787,#10788);
#9725=AXIS2_PLACEMENT_3D('',#13427,#10792,#10793);
#9726=AXIS2_PLACEMENT_3D('',#13433,#10797,#10798);
#9727=AXIS2_PLACEMENT_3D('',#13439,#10802,#10803);
#9728=AXIS2_PLACEMENT_3D('',#13445,#10807,#10808);
#9729=AXIS2_PLACEMENT_3D('',#13451,#10812,#10813);
#9730=AXIS2_PLACEMENT_3D('',#13457,#10817,#10818);
#9731=AXIS2_PLACEMENT_3D('',#13463,#10822,#10823);
#9732=AXIS2_PLACEMENT_3D('',#13469,#10827,#10828);
#9733=AXIS2_PLACEMENT_3D('',#13475,#10832,#10833);
#9734=AXIS2_PLACEMENT_3D('',#13481,#10837,#10838);
#9735=AXIS2_PLACEMENT_3D('',#13487,#10842,#10843);
#9736=AXIS2_PLACEMENT_3D('',#13493,#10847,#10848);
#9737=AXIS2_PLACEMENT_3D('',#13499,#10852,#10853);
#9738=AXIS2_PLACEMENT_3D('',#13505,#10857,#10858);
#9739=AXIS2_PLACEMENT_3D('',#13511,#10862,#10863);
#9740=AXIS2_PLACEMENT_3D('',#13517,#10867,#10868);
#9741=AXIS2_PLACEMENT_3D('',#13521,#10870,#10871);
#9742=AXIS2_PLACEMENT_3D('',#13525,#10873,#10874);
#9743=AXIS2_PLACEMENT_3D('',#13526,#10875,#10876);
#9744=AXIS2_PLACEMENT_3D('',#13530,#10878,#10879);
#9745=AXIS2_PLACEMENT_3D('',#13534,#10881,#10882);
#9746=AXIS2_PLACEMENT_3D('',#13535,#10883,#10884);
#9747=AXIS2_PLACEMENT_3D('',#13539,#10886,#10887);
#9748=AXIS2_PLACEMENT_3D('',#13543,#10889,#10890);
#9749=AXIS2_PLACEMENT_3D('',#13544,#10891,#10892);
#9750=AXIS2_PLACEMENT_3D('',#13548,#10894,#10895);
#9751=AXIS2_PLACEMENT_3D('',#13552,#10897,#10898);
#9752=AXIS2_PLACEMENT_3D('',#13553,#10899,#10900);
#9753=AXIS2_PLACEMENT_3D('',#13557,#10902,#10903);
#9754=AXIS2_PLACEMENT_3D('',#13561,#10905,#10906);
#9755=AXIS2_PLACEMENT_3D('',#13562,#10907,#10908);
#9756=AXIS2_PLACEMENT_3D('',#13566,#10910,#10911);
#9757=AXIS2_PLACEMENT_3D('',#13570,#10913,#10914);
#9758=AXIS2_PLACEMENT_3D('',#13571,#10915,#10916);
#9759=AXIS2_PLACEMENT_3D('',#13575,#10918,#10919);
#9760=AXIS2_PLACEMENT_3D('',#13579,#10921,#10922);
#9761=AXIS2_PLACEMENT_3D('',#13580,#10923,#10924);
#9762=AXIS2_PLACEMENT_3D('',#13584,#10926,#10927);
#9763=AXIS2_PLACEMENT_3D('',#13588,#10929,#10930);
#9764=AXIS2_PLACEMENT_3D('',#13589,#10931,#10932);
#9765=AXIS2_PLACEMENT_3D('',#13593,#10934,#10935);
#9766=AXIS2_PLACEMENT_3D('',#13597,#10937,#10938);
#9767=AXIS2_PLACEMENT_3D('',#13598,#10939,#10940);
#9768=AXIS2_PLACEMENT_3D('',#13604,#10944,#10945);
#9769=AXIS2_PLACEMENT_3D('',#13610,#10949,#10950);
#9770=AXIS2_PLACEMENT_3D('',#13616,#10954,#10955);
#9771=AXIS2_PLACEMENT_3D('',#13622,#10959,#10960);
#9772=AXIS2_PLACEMENT_3D('',#13628,#10964,#10965);
#9773=AXIS2_PLACEMENT_3D('',#13634,#10969,#10970);
#9774=AXIS2_PLACEMENT_3D('',#13640,#10974,#10975);
#9775=AXIS2_PLACEMENT_3D('',#13646,#10979,#10980);
#9776=AXIS2_PLACEMENT_3D('',#13652,#10984,#10985);
#9777=AXIS2_PLACEMENT_3D('',#13653,#10986,#10987);
#9778=AXIS2_PLACEMENT_3D('',#13655,#10988,#10989);
#9779=AXIS2_PLACEMENT_3D('',#13658,#10991,#10992);
#9780=AXIS2_PLACEMENT_3D('',#13659,#10993,#10994);
#9781=AXIS2_PLACEMENT_3D('',#13663,#10996,#10997);
#9782=AXIS2_PLACEMENT_3D('',#13664,#10998,#10999);
#9783=AXIS2_PLACEMENT_3D('',#13665,#11000,#11001);
#9784=AXIS2_PLACEMENT_3D('',#13669,#11003,#11004);
#9785=AXIS2_PLACEMENT_3D('',#13670,#11005,#11006);
#9786=AXIS2_PLACEMENT_3D('',#13671,#11007,#11008);
#9787=AXIS2_PLACEMENT_3D('',#13675,#11010,#11011);
#9788=AXIS2_PLACEMENT_3D('',#13676,#11012,#11013);
#9789=AXIS2_PLACEMENT_3D('',#13677,#11014,#11015);
#9790=AXIS2_PLACEMENT_3D('',#13681,#11017,#11018);
#9791=AXIS2_PLACEMENT_3D('',#13682,#11019,#11020);
#9792=AXIS2_PLACEMENT_3D('',#13683,#11021,#11022);
#9793=AXIS2_PLACEMENT_3D('',#13687,#11024,#11025);
#9794=AXIS2_PLACEMENT_3D('',#13688,#11026,#11027);
#9795=AXIS2_PLACEMENT_3D('',#13689,#11028,#11029);
#9796=AXIS2_PLACEMENT_3D('',#13693,#11031,#11032);
#9797=AXIS2_PLACEMENT_3D('',#13694,#11033,#11034);
#9798=AXIS2_PLACEMENT_3D('',#13695,#11035,#11036);
#9799=AXIS2_PLACEMENT_3D('',#13699,#11038,#11039);
#9800=AXIS2_PLACEMENT_3D('',#13700,#11040,#11041);
#9801=AXIS2_PLACEMENT_3D('',#13701,#11042,#11043);
#9802=AXIS2_PLACEMENT_3D('',#13705,#11045,#11046);
#9803=AXIS2_PLACEMENT_3D('',#13706,#11047,#11048);
#9804=AXIS2_PLACEMENT_3D('',#13712,#11052,#11053);
#9805=AXIS2_PLACEMENT_3D('',#13718,#11057,#11058);
#9806=AXIS2_PLACEMENT_3D('',#13724,#11062,#11063);
#9807=AXIS2_PLACEMENT_3D('',#13730,#11067,#11068);
#9808=AXIS2_PLACEMENT_3D('',#13736,#11072,#11073);
#9809=AXIS2_PLACEMENT_3D('',#13742,#11077,#11078);
#9810=AXIS2_PLACEMENT_3D('',#13748,#11082,#11083);
#9811=AXIS2_PLACEMENT_3D('',#13754,#11087,#11088);
#9812=AXIS2_PLACEMENT_3D('',#13760,#11092,#11093);
#9813=AXIS2_PLACEMENT_3D('',#13766,#11097,#11098);
#9814=AXIS2_PLACEMENT_3D('',#13772,#11102,#11103);
#9815=AXIS2_PLACEMENT_3D('',#13778,#11107,#11108);
#9816=AXIS2_PLACEMENT_3D('',#13784,#11112,#11113);
#9817=AXIS2_PLACEMENT_3D('',#13790,#11117,#11118);
#9818=AXIS2_PLACEMENT_3D('',#13796,#11122,#11123);
#9819=AXIS2_PLACEMENT_3D('',#13802,#11127,#11128);
#9820=AXIS2_PLACEMENT_3D('',#13808,#11132,#11133);
#9821=AXIS2_PLACEMENT_3D('',#13814,#11137,#11138);
#9822=AXIS2_PLACEMENT_3D('',#13820,#11142,#11143);
#9823=AXIS2_PLACEMENT_3D('',#13826,#11147,#11148);
#9824=AXIS2_PLACEMENT_3D('',#13832,#11152,#11153);
#9825=AXIS2_PLACEMENT_3D('',#13838,#11157,#11158);
#9826=AXIS2_PLACEMENT_3D('',#13844,#11162,#11163);
#9827=AXIS2_PLACEMENT_3D('',#13850,#11167,#11168);
#9828=AXIS2_PLACEMENT_3D('',#13856,#11172,#11173);
#9829=AXIS2_PLACEMENT_3D('',#13862,#11177,#11178);
#9830=AXIS2_PLACEMENT_3D('',#13868,#11182,#11183);
#9831=AXIS2_PLACEMENT_3D('',#13872,#11185,#11186);
#9832=AXIS2_PLACEMENT_3D('',#13873,#11187,#11188);
#9833=AXIS2_PLACEMENT_3D('',#13874,#11189,#11190);
#9834=AXIS2_PLACEMENT_3D('',#13875,#11191,#11192);
#9835=AXIS2_PLACEMENT_3D('',#13879,#11194,#11195);
#9836=AXIS2_PLACEMENT_3D('',#13880,#11196,#11197);
#9837=AXIS2_PLACEMENT_3D('',#13881,#11198,#11199);
#9838=AXIS2_PLACEMENT_3D('',#13885,#11201,#11202);
#9839=AXIS2_PLACEMENT_3D('',#13886,#11203,#11204);
#9840=AXIS2_PLACEMENT_3D('',#13887,#11205,#11206);
#9841=AXIS2_PLACEMENT_3D('',#13891,#11208,#11209);
#9842=AXIS2_PLACEMENT_3D('',#13892,#11210,#11211);
#9843=AXIS2_PLACEMENT_3D('',#13893,#11212,#11213);
#9844=AXIS2_PLACEMENT_3D('',#13897,#11215,#11216);
#9845=AXIS2_PLACEMENT_3D('',#13898,#11217,#11218);
#9846=AXIS2_PLACEMENT_3D('',#13899,#11219,#11220);
#9847=AXIS2_PLACEMENT_3D('',#13903,#11222,#11223);
#9848=AXIS2_PLACEMENT_3D('',#13904,#11224,#11225);
#9849=AXIS2_PLACEMENT_3D('',#13905,#11226,#11227);
#9850=AXIS2_PLACEMENT_3D('',#13909,#11229,#11230);
#9851=AXIS2_PLACEMENT_3D('',#13910,#11231,#11232);
#9852=AXIS2_PLACEMENT_3D('',#13911,#11233,#11234);
#9853=AXIS2_PLACEMENT_3D('',#13915,#11236,#11237);
#9854=AXIS2_PLACEMENT_3D('',#13916,#11238,#11239);
#9855=AXIS2_PLACEMENT_3D('',#13917,#11240,#11241);
#9856=AXIS2_PLACEMENT_3D('',#13921,#11243,#11244);
#9857=AXIS2_PLACEMENT_3D('',#13922,#11245,#11246);
#9858=AXIS2_PLACEMENT_3D('',#13928,#11250,#11251);
#9859=AXIS2_PLACEMENT_3D('',#13934,#11255,#11256);
#9860=AXIS2_PLACEMENT_3D('',#13940,#11260,#11261);
#9861=AXIS2_PLACEMENT_3D('',#13946,#11265,#11266);
#9862=AXIS2_PLACEMENT_3D('',#13952,#11270,#11271);
#9863=AXIS2_PLACEMENT_3D('',#13958,#11275,#11276);
#9864=AXIS2_PLACEMENT_3D('',#13964,#11280,#11281);
#9865=AXIS2_PLACEMENT_3D('',#13970,#11285,#11286);
#9866=AXIS2_PLACEMENT_3D('',#13976,#11290,#11291);
#9867=AXIS2_PLACEMENT_3D('',#13977,#11292,#11293);
#9868=AXIS2_PLACEMENT_3D('',#13979,#11294,#11295);
#9869=AXIS2_PLACEMENT_3D('',#13982,#11297,#11298);
#9870=AXIS2_PLACEMENT_3D('',#13983,#11299,#11300);
#9871=AXIS2_PLACEMENT_3D('',#13987,#11302,#11303);
#9872=AXIS2_PLACEMENT_3D('',#13988,#11304,#11305);
#9873=AXIS2_PLACEMENT_3D('',#13989,#11306,#11307);
#9874=AXIS2_PLACEMENT_3D('',#13993,#11309,#11310);
#9875=AXIS2_PLACEMENT_3D('',#13994,#11311,#11312);
#9876=AXIS2_PLACEMENT_3D('',#13995,#11313,#11314);
#9877=AXIS2_PLACEMENT_3D('',#13999,#11316,#11317);
#9878=AXIS2_PLACEMENT_3D('',#14000,#11318,#11319);
#9879=AXIS2_PLACEMENT_3D('',#14001,#11320,#11321);
#9880=AXIS2_PLACEMENT_3D('',#14005,#11323,#11324);
#9881=AXIS2_PLACEMENT_3D('',#14006,#11325,#11326);
#9882=AXIS2_PLACEMENT_3D('',#14007,#11327,#11328);
#9883=AXIS2_PLACEMENT_3D('',#14011,#11330,#11331);
#9884=AXIS2_PLACEMENT_3D('',#14012,#11332,#11333);
#9885=AXIS2_PLACEMENT_3D('',#14013,#11334,#11335);
#9886=AXIS2_PLACEMENT_3D('',#14017,#11337,#11338);
#9887=AXIS2_PLACEMENT_3D('',#14018,#11339,#11340);
#9888=AXIS2_PLACEMENT_3D('',#14019,#11341,#11342);
#9889=AXIS2_PLACEMENT_3D('',#14023,#11344,#11345);
#9890=AXIS2_PLACEMENT_3D('',#14024,#11346,#11347);
#9891=AXIS2_PLACEMENT_3D('',#14025,#11348,#11349);
#9892=AXIS2_PLACEMENT_3D('',#14029,#11351,#11352);
#9893=AXIS2_PLACEMENT_3D('',#14030,#11353,#11354);
#9894=AXIS2_PLACEMENT_3D('',#14034,#11356,#11357);
#9895=AXIS2_PLACEMENT_3D('',#14038,#11359,#11360);
#9896=AXIS2_PLACEMENT_3D('',#14039,#11361,#11362);
#9897=AXIS2_PLACEMENT_3D('',#14043,#11364,#11365);
#9898=AXIS2_PLACEMENT_3D('',#14047,#11367,#11368);
#9899=AXIS2_PLACEMENT_3D('',#14048,#11369,#11370);
#9900=AXIS2_PLACEMENT_3D('',#14052,#11372,#11373);
#9901=AXIS2_PLACEMENT_3D('',#14056,#11375,#11376);
#9902=AXIS2_PLACEMENT_3D('',#14057,#11377,#11378);
#9903=AXIS2_PLACEMENT_3D('',#14061,#11380,#11381);
#9904=AXIS2_PLACEMENT_3D('',#14065,#11383,#11384);
#9905=AXIS2_PLACEMENT_3D('',#14066,#11385,#11386);
#9906=AXIS2_PLACEMENT_3D('',#14070,#11388,#11389);
#9907=AXIS2_PLACEMENT_3D('',#14074,#11391,#11392);
#9908=AXIS2_PLACEMENT_3D('',#14075,#11393,#11394);
#9909=AXIS2_PLACEMENT_3D('',#14079,#11396,#11397);
#9910=AXIS2_PLACEMENT_3D('',#14083,#11399,#11400);
#9911=AXIS2_PLACEMENT_3D('',#14084,#11401,#11402);
#9912=AXIS2_PLACEMENT_3D('',#14088,#11404,#11405);
#9913=AXIS2_PLACEMENT_3D('',#14092,#11407,#11408);
#9914=AXIS2_PLACEMENT_3D('',#14093,#11409,#11410);
#9915=AXIS2_PLACEMENT_3D('',#14097,#11412,#11413);
#9916=AXIS2_PLACEMENT_3D('',#14101,#11415,#11416);
#9917=AXIS2_PLACEMENT_3D('',#14102,#11417,#11418);
#9918=AXIS2_PLACEMENT_3D('',#14106,#11420,#11421);
#9919=AXIS2_PLACEMENT_3D('',#14110,#11423,#11424);
#9920=AXIS2_PLACEMENT_3D('',#14111,#11425,#11426);
#9921=AXIS2_PLACEMENT_3D('',#14117,#11430,#11431);
#9922=AXIS2_PLACEMENT_3D('',#14123,#11435,#11436);
#9923=AXIS2_PLACEMENT_3D('',#14129,#11440,#11441);
#9924=AXIS2_PLACEMENT_3D('',#14135,#11445,#11446);
#9925=AXIS2_PLACEMENT_3D('',#14141,#11450,#11451);
#9926=AXIS2_PLACEMENT_3D('',#14147,#11455,#11456);
#9927=AXIS2_PLACEMENT_3D('',#14153,#11460,#11461);
#9928=AXIS2_PLACEMENT_3D('',#14159,#11465,#11466);
#9929=AXIS2_PLACEMENT_3D('',#14165,#11470,#11471);
#9930=AXIS2_PLACEMENT_3D('',#14166,#11472,#11473);
#9931=AXIS2_PLACEMENT_3D('',#14168,#11474,#11475);
#9932=AXIS2_PLACEMENT_3D('',#14171,#11477,#11478);
#9933=AXIS2_PLACEMENT_3D('',#14172,#11479,#11480);
#9934=AXIS2_PLACEMENT_3D('',#14176,#11482,#11483);
#9935=AXIS2_PLACEMENT_3D('',#14177,#11484,#11485);
#9936=AXIS2_PLACEMENT_3D('',#14178,#11486,#11487);
#9937=AXIS2_PLACEMENT_3D('',#14182,#11489,#11490);
#9938=AXIS2_PLACEMENT_3D('',#14183,#11491,#11492);
#9939=AXIS2_PLACEMENT_3D('',#14184,#11493,#11494);
#9940=AXIS2_PLACEMENT_3D('',#14188,#11496,#11497);
#9941=AXIS2_PLACEMENT_3D('',#14189,#11498,#11499);
#9942=AXIS2_PLACEMENT_3D('',#14190,#11500,#11501);
#9943=AXIS2_PLACEMENT_3D('',#14194,#11503,#11504);
#9944=AXIS2_PLACEMENT_3D('',#14195,#11505,#11506);
#9945=AXIS2_PLACEMENT_3D('',#14196,#11507,#11508);
#9946=AXIS2_PLACEMENT_3D('',#14200,#11510,#11511);
#9947=AXIS2_PLACEMENT_3D('',#14201,#11512,#11513);
#9948=AXIS2_PLACEMENT_3D('',#14202,#11514,#11515);
#9949=AXIS2_PLACEMENT_3D('',#14206,#11517,#11518);
#9950=AXIS2_PLACEMENT_3D('',#14207,#11519,#11520);
#9951=AXIS2_PLACEMENT_3D('',#14208,#11521,#11522);
#9952=AXIS2_PLACEMENT_3D('',#14212,#11524,#11525);
#9953=AXIS2_PLACEMENT_3D('',#14213,#11526,#11527);
#9954=AXIS2_PLACEMENT_3D('',#14214,#11528,#11529);
#9955=AXIS2_PLACEMENT_3D('',#14218,#11531,#11532);
#9956=AXIS2_PLACEMENT_3D('',#14219,#11533,#11534);
#9957=AXIS2_PLACEMENT_3D('',#14225,#11538,#11539);
#9958=AXIS2_PLACEMENT_3D('',#14231,#11543,#11544);
#9959=AXIS2_PLACEMENT_3D('',#14237,#11548,#11549);
#9960=AXIS2_PLACEMENT_3D('',#14243,#11553,#11554);
#9961=AXIS2_PLACEMENT_3D('',#14249,#11558,#11559);
#9962=AXIS2_PLACEMENT_3D('',#14255,#11563,#11564);
#9963=AXIS2_PLACEMENT_3D('',#14261,#11568,#11569);
#9964=AXIS2_PLACEMENT_3D('',#14267,#11573,#11574);
#9965=AXIS2_PLACEMENT_3D('',#14273,#11578,#11579);
#9966=AXIS2_PLACEMENT_3D('',#14279,#11583,#11584);
#9967=AXIS2_PLACEMENT_3D('',#14285,#11588,#11589);
#9968=AXIS2_PLACEMENT_3D('',#14291,#11593,#11594);
#9969=AXIS2_PLACEMENT_3D('',#14297,#11598,#11599);
#9970=AXIS2_PLACEMENT_3D('',#14303,#11603,#11604);
#9971=AXIS2_PLACEMENT_3D('',#14309,#11608,#11609);
#9972=AXIS2_PLACEMENT_3D('',#14315,#11613,#11614);
#9973=AXIS2_PLACEMENT_3D('',#14321,#11618,#11619);
#9974=AXIS2_PLACEMENT_3D('',#14327,#11623,#11624);
#9975=AXIS2_PLACEMENT_3D('',#14333,#11628,#11629);
#9976=AXIS2_PLACEMENT_3D('',#14339,#11633,#11634);
#9977=AXIS2_PLACEMENT_3D('',#14345,#11638,#11639);
#9978=AXIS2_PLACEMENT_3D('',#14351,#11643,#11644);
#9979=AXIS2_PLACEMENT_3D('',#14357,#11648,#11649);
#9980=AXIS2_PLACEMENT_3D('',#14363,#11653,#11654);
#9981=AXIS2_PLACEMENT_3D('',#14369,#11658,#11659);
#9982=AXIS2_PLACEMENT_3D('',#14375,#11663,#11664);
#9983=AXIS2_PLACEMENT_3D('',#14381,#11668,#11669);
#9984=AXIS2_PLACEMENT_3D('',#14385,#11671,#11672);
#9985=AXIS2_PLACEMENT_3D('',#14386,#11673,#11674);
#9986=AXIS2_PLACEMENT_3D('',#14387,#11675,#11676);
#9987=AXIS2_PLACEMENT_3D('',#14388,#11677,#11678);
#9988=AXIS2_PLACEMENT_3D('',#14392,#11680,#11681);
#9989=AXIS2_PLACEMENT_3D('',#14393,#11682,#11683);
#9990=AXIS2_PLACEMENT_3D('',#14394,#11684,#11685);
#9991=AXIS2_PLACEMENT_3D('',#14398,#11687,#11688);
#9992=AXIS2_PLACEMENT_3D('',#14399,#11689,#11690);
#9993=AXIS2_PLACEMENT_3D('',#14400,#11691,#11692);
#9994=AXIS2_PLACEMENT_3D('',#14404,#11694,#11695);
#9995=AXIS2_PLACEMENT_3D('',#14405,#11696,#11697);
#9996=AXIS2_PLACEMENT_3D('',#14406,#11698,#11699);
#9997=AXIS2_PLACEMENT_3D('',#14410,#11701,#11702);
#9998=AXIS2_PLACEMENT_3D('',#14411,#11703,#11704);
#9999=AXIS2_PLACEMENT_3D('',#14412,#11705,#11706);
#10000=AXIS2_PLACEMENT_3D('',#14416,#11708,#11709);
#10001=AXIS2_PLACEMENT_3D('',#14417,#11710,#11711);
#10002=AXIS2_PLACEMENT_3D('',#14418,#11712,#11713);
#10003=AXIS2_PLACEMENT_3D('',#14422,#11715,#11716);
#10004=AXIS2_PLACEMENT_3D('',#14423,#11717,#11718);
#10005=AXIS2_PLACEMENT_3D('',#14424,#11719,#11720);
#10006=AXIS2_PLACEMENT_3D('',#14428,#11722,#11723);
#10007=AXIS2_PLACEMENT_3D('',#14429,#11724,#11725);
#10008=AXIS2_PLACEMENT_3D('',#14430,#11726,#11727);
#10009=AXIS2_PLACEMENT_3D('',#14434,#11729,#11730);
#10010=AXIS2_PLACEMENT_3D('',#14435,#11731,#11732);
#10011=AXIS2_PLACEMENT_3D('',#14441,#11736,#11737);
#10012=AXIS2_PLACEMENT_3D('',#14447,#11741,#11742);
#10013=AXIS2_PLACEMENT_3D('',#14453,#11746,#11747);
#10014=AXIS2_PLACEMENT_3D('',#14459,#11751,#11752);
#10015=AXIS2_PLACEMENT_3D('',#14465,#11756,#11757);
#10016=AXIS2_PLACEMENT_3D('',#14471,#11761,#11762);
#10017=AXIS2_PLACEMENT_3D('',#14477,#11766,#11767);
#10018=AXIS2_PLACEMENT_3D('',#14483,#11771,#11772);
#10019=AXIS2_PLACEMENT_3D('',#14489,#11776,#11777);
#10020=AXIS2_PLACEMENT_3D('',#14490,#11778,#11779);
#10021=AXIS2_PLACEMENT_3D('',#14492,#11780,#11781);
#10022=AXIS2_PLACEMENT_3D('',#14495,#11783,#11784);
#10023=AXIS2_PLACEMENT_3D('',#14496,#11785,#11786);
#10024=AXIS2_PLACEMENT_3D('',#14500,#11788,#11789);
#10025=AXIS2_PLACEMENT_3D('',#14501,#11790,#11791);
#10026=AXIS2_PLACEMENT_3D('',#14502,#11792,#11793);
#10027=AXIS2_PLACEMENT_3D('',#14506,#11795,#11796);
#10028=AXIS2_PLACEMENT_3D('',#14507,#11797,#11798);
#10029=AXIS2_PLACEMENT_3D('',#14508,#11799,#11800);
#10030=AXIS2_PLACEMENT_3D('',#14512,#11802,#11803);
#10031=AXIS2_PLACEMENT_3D('',#14513,#11804,#11805);
#10032=AXIS2_PLACEMENT_3D('',#14514,#11806,#11807);
#10033=AXIS2_PLACEMENT_3D('',#14518,#11809,#11810);
#10034=AXIS2_PLACEMENT_3D('',#14519,#11811,#11812);
#10035=AXIS2_PLACEMENT_3D('',#14520,#11813,#11814);
#10036=AXIS2_PLACEMENT_3D('',#14524,#11816,#11817);
#10037=AXIS2_PLACEMENT_3D('',#14525,#11818,#11819);
#10038=AXIS2_PLACEMENT_3D('',#14526,#11820,#11821);
#10039=AXIS2_PLACEMENT_3D('',#14530,#11823,#11824);
#10040=AXIS2_PLACEMENT_3D('',#14531,#11825,#11826);
#10041=AXIS2_PLACEMENT_3D('',#14532,#11827,#11828);
#10042=AXIS2_PLACEMENT_3D('',#14536,#11830,#11831);
#10043=AXIS2_PLACEMENT_3D('',#14537,#11832,#11833);
#10044=AXIS2_PLACEMENT_3D('',#14538,#11834,#11835);
#10045=AXIS2_PLACEMENT_3D('',#14542,#11837,#11838);
#10046=AXIS2_PLACEMENT_3D('',#14543,#11839,#11840);
#10047=AXIS2_PLACEMENT_3D('',#14552,#11845,#11846);
#10048=AXIS2_PLACEMENT_3D('',#14558,#11850,#11851);
#10049=AXIS2_PLACEMENT_3D('',#14564,#11855,#11856);
#10050=AXIS2_PLACEMENT_3D('',#14655,#11907,#11908);
#10051=AXIS2_PLACEMENT_3D('',#14661,#11912,#11913);
#10052=AXIS2_PLACEMENT_3D('',#14752,#11964,#11965);
#10053=AXIS2_PLACEMENT_3D('',#14758,#11969,#11970);
#10054=AXIS2_PLACEMENT_3D('',#14764,#11974,#11975);
#10055=AXIS2_PLACEMENT_3D('',#14770,#11979,#11980);
#10056=AXIS2_PLACEMENT_3D('',#14906,#12058,#12059);
#10057=AXIS2_PLACEMENT_3D('',#14907,#12060,#12061);
#10058=AXIS2_PLACEMENT_3D('',#14911,#12063,#12064);
#10059=AXIS2_PLACEMENT_3D('',#14912,#12065,#12066);
#10060=AXIS2_PLACEMENT_3D('',#14918,#12070,#12071);
#10061=AXIS2_PLACEMENT_3D('',#14919,#12072,#12073);
#10062=AXIS2_PLACEMENT_3D('',#14923,#12075,#12076);
#10063=AXIS2_PLACEMENT_3D('',#14924,#12077,#12078);
#10064=AXIS2_PLACEMENT_3D('',#14930,#12082,#12083);
#10065=AXIS2_PLACEMENT_3D('',#14936,#12087,#12088);
#10066=AXIS2_PLACEMENT_3D('',#14942,#12092,#12093);
#10067=AXIS2_PLACEMENT_3D('',#14943,#12094,#12095);
#10068=AXIS2_PLACEMENT_3D('',#14947,#12097,#12098);
#10069=AXIS2_PLACEMENT_3D('',#14948,#12099,#12100);
#10070=AXIS2_PLACEMENT_3D('',#14954,#12104,#12105);
#10071=AXIS2_PLACEMENT_3D('',#14955,#12106,#12107);
#10072=AXIS2_PLACEMENT_3D('',#14959,#12109,#12110);
#10073=AXIS2_PLACEMENT_3D('',#14960,#12111,#12112);
#10074=AXIS2_PLACEMENT_3D('',#15011,#12143,#12144);
#10075=AXIS2_PLACEMENT_3D('',#15017,#12148,#12149);
#10076=AXIS2_PLACEMENT_3D('',#15068,#12180,#12181);
#10077=AXIS2_PLACEMENT_3D('',#15069,#12182,#12183);
#10078=AXIS2_PLACEMENT_3D('',#15073,#12185,#12186);
#10079=AXIS2_PLACEMENT_3D('',#15074,#12187,#12188);
#10080=AXIS2_PLACEMENT_3D('',#15080,#12192,#12193);
#10081=AXIS2_PLACEMENT_3D('',#15081,#12194,#12195);
#10082=AXIS2_PLACEMENT_3D('',#15085,#12197,#12198);
#10083=AXIS2_PLACEMENT_3D('',#15086,#12199,#12200);
#10084=AXIS2_PLACEMENT_3D('',#15092,#12204,#12205);
#10085=AXIS2_PLACEMENT_3D('',#15098,#12209,#12210);
#10086=AXIS2_PLACEMENT_3D('',#15104,#12214,#12215);
#10087=AXIS2_PLACEMENT_3D('',#15105,#12216,#12217);
#10088=AXIS2_PLACEMENT_3D('',#15109,#12219,#12220);
#10089=AXIS2_PLACEMENT_3D('',#15110,#12221,#12222);
#10090=AXIS2_PLACEMENT_3D('',#15116,#12226,#12227);
#10091=AXIS2_PLACEMENT_3D('',#15117,#12228,#12229);
#10092=AXIS2_PLACEMENT_3D('',#15121,#12231,#12232);
#10093=AXIS2_PLACEMENT_3D('',#15122,#12233,#12234);
#10094=AXIS2_PLACEMENT_3D('',#15255,#12311,#12312);
#10095=AXIS2_PLACEMENT_3D('',#15258,#12315,#12316);
#10096=AXIS2_PLACEMENT_3D('',#15261,#12319,#12320);
#10097=AXIS2_PLACEMENT_3D('',#15262,#12321,#12322);
#10098=AXIS2_PLACEMENT_3D('',#15263,#12323,#12324);
#10099=AXIS2_PLACEMENT_3D('',#15264,#12325,#12326);
#10100=AXIS2_PLACEMENT_3D('',#15265,#12327,#12328);
#10101=AXIS2_PLACEMENT_3D('',#15267,#12330,#12331);
#10102=AXIS2_PLACEMENT_3D('',#15269,#12333,#12334);
#10103=AXIS2_PLACEMENT_3D('',#15271,#12336,#12337);
#10104=AXIS2_PLACEMENT_3D('',#15273,#12339,#12340);
#10105=AXIS2_PLACEMENT_3D('',#15274,#12341,#12342);
#10106=AXIS2_PLACEMENT_3D('',#15276,#12344,#12345);
#10107=AXIS2_PLACEMENT_3D('',#15278,#12347,#12348);
#10108=AXIS2_PLACEMENT_3D('',#15280,#12350,#12351);
#10109=AXIS2_PLACEMENT_3D('',#15282,#12353,#12354);
#10110=AXIS2_PLACEMENT_3D('',#15283,#12355,#12356);
#10111=AXIS2_PLACEMENT_3D('',#15285,#12358,#12359);
#10112=AXIS2_PLACEMENT_3D('',#15287,#12361,#12362);
#10113=AXIS2_PLACEMENT_3D('',#15289,#12364,#12365);
#10114=AXIS2_PLACEMENT_3D('',#15291,#12367,#12368);
#10115=AXIS2_PLACEMENT_3D('',#15292,#12369,#12370);
#10116=AXIS2_PLACEMENT_3D('',#15294,#12372,#12373);
#10117=AXIS2_PLACEMENT_3D('',#15296,#12375,#12376);
#10118=AXIS2_PLACEMENT_3D('',#15298,#12378,#12379);
#10119=AXIS2_PLACEMENT_3D('',#15300,#12381,#12382);
#10120=AXIS2_PLACEMENT_3D('',#15301,#12383,#12384);
#10121=AXIS2_PLACEMENT_3D('',#15303,#12386,#12387);
#10122=AXIS2_PLACEMENT_3D('',#15305,#12389,#12390);
#10123=AXIS2_PLACEMENT_3D('',#15307,#12392,#12393);
#10124=AXIS2_PLACEMENT_3D('',#15309,#12395,#12396);
#10125=AXIS2_PLACEMENT_3D('',#15310,#12397,#12398);
#10126=AXIS2_PLACEMENT_3D('',#15312,#12400,#12401);
#10127=AXIS2_PLACEMENT_3D('',#15314,#12403,#12404);
#10128=AXIS2_PLACEMENT_3D('',#15316,#12406,#12407);
#10129=AXIS2_PLACEMENT_3D('',#15318,#12409,#12410);
#10130=AXIS2_PLACEMENT_3D('',#15319,#12411,#12412);
#10131=AXIS2_PLACEMENT_3D('',#15321,#12414,#12415);
#10132=AXIS2_PLACEMENT_3D('',#15323,#12417,#12418);
#10133=AXIS2_PLACEMENT_3D('',#15325,#12420,#12421);
#10134=AXIS2_PLACEMENT_3D('',#15327,#12423,#12424);
#10135=AXIS2_PLACEMENT_3D('',#15328,#12425,#12426);
#10136=AXIS2_PLACEMENT_3D('',#15330,#12428,#12429);
#10137=AXIS2_PLACEMENT_3D('',#15332,#12431,#12432);
#10138=AXIS2_PLACEMENT_3D('',#15334,#12434,#12435);
#10139=AXIS2_PLACEMENT_3D('',#15336,#12437,#12438);
#10140=AXIS2_PLACEMENT_3D('',#15337,#12439,#12440);
#10141=AXIS2_PLACEMENT_3D('',#15339,#12442,#12443);
#10142=AXIS2_PLACEMENT_3D('',#15341,#12445,#12446);
#10143=AXIS2_PLACEMENT_3D('',#15343,#12448,#12449);
#10144=AXIS2_PLACEMENT_3D('',#15345,#12451,#12452);
#10145=AXIS2_PLACEMENT_3D('',#15346,#12453,#12454);
#10146=AXIS2_PLACEMENT_3D('',#15348,#12456,#12457);
#10147=AXIS2_PLACEMENT_3D('',#15350,#12459,#12460);
#10148=AXIS2_PLACEMENT_3D('',#15351,#12461,#12462);
#10149=AXIS2_PLACEMENT_3D('',#15353,#12464,#12465);
#10150=AXIS2_PLACEMENT_3D('',#15355,#12467,#12468);
#10151=AXIS2_PLACEMENT_3D('',#15356,#12469,#12470);
#10152=AXIS2_PLACEMENT_3D('',#15358,#12472,#12473);
#10153=AXIS2_PLACEMENT_3D('',#15360,#12475,#12476);
#10154=AXIS2_PLACEMENT_3D('',#15361,#12477,#12478);
#10155=AXIS2_PLACEMENT_3D('',#15363,#12480,#12481);
#10156=AXIS2_PLACEMENT_3D('',#15365,#12483,#12484);
#10157=AXIS2_PLACEMENT_3D('',#15366,#12485,#12486);
#10158=AXIS2_PLACEMENT_3D('',#15368,#12488,#12489);
#10159=AXIS2_PLACEMENT_3D('',#15370,#12491,#12492);
#10160=AXIS2_PLACEMENT_3D('',#15371,#12493,#12494);
#10161=AXIS2_PLACEMENT_3D('',#15373,#12496,#12497);
#10162=AXIS2_PLACEMENT_3D('',#15375,#12499,#12500);
#10163=AXIS2_PLACEMENT_3D('',#15376,#12501,#12502);
#10164=AXIS2_PLACEMENT_3D('',#15378,#12504,#12505);
#10165=AXIS2_PLACEMENT_3D('',#15380,#12507,#12508);
#10166=AXIS2_PLACEMENT_3D('',#15381,#12509,#12510);
#10167=AXIS2_PLACEMENT_3D('',#15383,#12512,#12513);
#10168=AXIS2_PLACEMENT_3D('',#15385,#12515,#12516);
#10169=AXIS2_PLACEMENT_3D('',#15386,#12517,#12518);
#10170=AXIS2_PLACEMENT_3D('',#15388,#12520,#12521);
#10171=AXIS2_PLACEMENT_3D('',#15390,#12523,#12524);
#10172=AXIS2_PLACEMENT_3D('',#15391,#12525,#12526);
#10173=AXIS2_PLACEMENT_3D('',#15393,#12528,#12529);
#10174=AXIS2_PLACEMENT_3D('',#15395,#12531,#12532);
#10175=AXIS2_PLACEMENT_3D('',#15396,#12533,#12534);
#10176=AXIS2_PLACEMENT_3D('',#15398,#12536,#12537);
#10177=AXIS2_PLACEMENT_3D('',#15400,#12539,#12540);
#10178=AXIS2_PLACEMENT_3D('',#15401,#12541,#12542);
#10179=AXIS2_PLACEMENT_3D('',#15403,#12544,#12545);
#10180=AXIS2_PLACEMENT_3D('',#15405,#12547,#12548);
#10181=AXIS2_PLACEMENT_3D('',#15406,#12549,#12550);
#10182=AXIS2_PLACEMENT_3D('',#15408,#12552,#12553);
#10183=AXIS2_PLACEMENT_3D('',#15410,#12555,#12556);
#10184=AXIS2_PLACEMENT_3D('',#15411,#12557,#12558);
#10185=AXIS2_PLACEMENT_3D('',#15413,#12560,#12561);
#10186=AXIS2_PLACEMENT_3D('',#15415,#12563,#12564);
#10187=AXIS2_PLACEMENT_3D('',#15416,#12565,#12566);
#10188=AXIS2_PLACEMENT_3D('',#15418,#12568,#12569);
#10189=AXIS2_PLACEMENT_3D('',#15420,#12571,#12572);
#10190=AXIS2_PLACEMENT_3D('',#15421,#12573,#12574);
#10191=AXIS2_PLACEMENT_3D('',#15423,#12576,#12577);
#10192=AXIS2_PLACEMENT_3D('',#15425,#12579,#12580);
#10193=AXIS2_PLACEMENT_3D('',#15426,#12581,#12582);
#10194=AXIS2_PLACEMENT_3D('',#15428,#12584,#12585);
#10195=AXIS2_PLACEMENT_3D('',#15430,#12587,#12588);
#10196=AXIS2_PLACEMENT_3D('',#15431,#12589,#12590);
#10197=AXIS2_PLACEMENT_3D('',#15433,#12592,#12593);
#10198=AXIS2_PLACEMENT_3D('',#15435,#12595,#12596);
#10199=AXIS2_PLACEMENT_3D('',#15436,#12597,#12598);
#10200=AXIS2_PLACEMENT_3D('',#15438,#12600,#12601);
#10201=AXIS2_PLACEMENT_3D('',#15440,#12603,#12604);
#10202=AXIS2_PLACEMENT_3D('',#15442,#12606,#12607);
#10203=AXIS2_PLACEMENT_3D('',#15444,#12609,#12610);
#10204=AXIS2_PLACEMENT_3D('',#15445,#12611,#12612);
#10205=AXIS2_PLACEMENT_3D('',#15447,#12614,#12615);
#10206=AXIS2_PLACEMENT_3D('',#15449,#12617,#12618);
#10207=AXIS2_PLACEMENT_3D('',#15451,#12620,#12621);
#10208=AXIS2_PLACEMENT_3D('',#15453,#12623,#12624);
#10209=AXIS2_PLACEMENT_3D('',#15454,#12625,#12626);
#10210=AXIS2_PLACEMENT_3D('',#15456,#12628,#12629);
#10211=AXIS2_PLACEMENT_3D('',#15458,#12631,#12632);
#10212=AXIS2_PLACEMENT_3D('',#15460,#12634,#12635);
#10213=AXIS2_PLACEMENT_3D('',#15462,#12637,#12638);
#10214=AXIS2_PLACEMENT_3D('',#15463,#12639,#12640);
#10215=AXIS2_PLACEMENT_3D('',#15465,#12642,#12643);
#10216=AXIS2_PLACEMENT_3D('',#15467,#12645,#12646);
#10217=AXIS2_PLACEMENT_3D('',#15469,#12648,#12649);
#10218=AXIS2_PLACEMENT_3D('',#15471,#12651,#12652);
#10219=AXIS2_PLACEMENT_3D('',#15472,#12653,#12654);
#10220=AXIS2_PLACEMENT_3D('',#15474,#12656,#12657);
#10221=AXIS2_PLACEMENT_3D('',#15476,#12659,#12660);
#10222=AXIS2_PLACEMENT_3D('',#15478,#12662,#12663);
#10223=AXIS2_PLACEMENT_3D('',#15480,#12665,#12666);
#10224=AXIS2_PLACEMENT_3D('',#15481,#12667,#12668);
#10225=AXIS2_PLACEMENT_3D('',#15483,#12670,#12671);
#10226=AXIS2_PLACEMENT_3D('',#15485,#12673,#12674);
#10227=AXIS2_PLACEMENT_3D('',#15487,#12676,#12677);
#10228=AXIS2_PLACEMENT_3D('',#15489,#12679,#12680);
#10229=AXIS2_PLACEMENT_3D('',#15490,#12681,#12682);
#10230=AXIS2_PLACEMENT_3D('',#15492,#12684,#12685);
#10231=AXIS2_PLACEMENT_3D('',#15494,#12687,#12688);
#10232=AXIS2_PLACEMENT_3D('',#15496,#12690,#12691);
#10233=AXIS2_PLACEMENT_3D('',#15498,#12693,#12694);
#10234=AXIS2_PLACEMENT_3D('',#15499,#12695,#12696);
#10235=AXIS2_PLACEMENT_3D('',#15501,#12698,#12699);
#10236=AXIS2_PLACEMENT_3D('',#15503,#12701,#12702);
#10237=AXIS2_PLACEMENT_3D('',#15505,#12704,#12705);
#10238=AXIS2_PLACEMENT_3D('',#15507,#12707,#12708);
#10239=AXIS2_PLACEMENT_3D('',#15508,#12709,#12710);
#10240=AXIS2_PLACEMENT_3D('',#15510,#12712,#12713);
#10241=AXIS2_PLACEMENT_3D('',#15512,#12715,#12716);
#10242=AXIS2_PLACEMENT_3D('',#15514,#12718,#12719);
#10243=AXIS2_PLACEMENT_3D('',#15516,#12721,#12722);
#10244=AXIS2_PLACEMENT_3D('',#15517,#12723,#12724);
#10245=DIRECTION('',(0.,0.,1.));
#10246=DIRECTION('',(1.,0.,0.));
#10247=DIRECTION('',(0.,-1.,0.));
#10248=DIRECTION('',(0.,0.,-1.));
#10249=DIRECTION('',(0.,-1.,0.));
#10250=DIRECTION('',(0.,0.,-1.));
#10251=DIRECTION('',(0.,-1.,0.));
#10252=DIRECTION('',(0.,1.,0.));
#10253=DIRECTION('',(0.,0.,1.));
#10254=DIRECTION('',(0.,-1.,0.));
#10255=DIRECTION('',(0.,1.,0.));
#10256=DIRECTION('',(0.,0.,1.));
#10257=DIRECTION('',(0.,-1.,0.));
#10258=DIRECTION('',(0.,0.,-1.));
#10259=DIRECTION('',(0.,-1.,0.));
#10260=DIRECTION('',(0.,0.,-1.));
#10261=DIRECTION('',(0.,-1.,0.));
#10262=DIRECTION('',(0.,1.,0.));
#10263=DIRECTION('',(0.,0.,1.));
#10264=DIRECTION('',(0.,-1.,0.));
#10265=DIRECTION('',(9.00695296076254E-17,1.,0.));
#10266=DIRECTION('',(-1.,9.00695296076254E-17,0.));
#10267=DIRECTION('',(0.,-1.,0.));
#10268=DIRECTION('',(0.,0.,-1.));
#10269=DIRECTION('',(1.,0.,0.));
#10270=DIRECTION('',(0.,0.,-1.));
#10271=DIRECTION('',(1.,0.,0.));
#10272=DIRECTION('',(0.,0.,1.));
#10273=DIRECTION('',(1.,0.,0.));
#10274=DIRECTION('',(0.,0.,-1.));
#10275=DIRECTION('',(0.,-1.,0.));
#10276=DIRECTION('',(0.,-1.,0.));
#10277=DIRECTION('',(0.,0.,1.));
#10278=DIRECTION('',(0.,-1.,0.));
#10279=DIRECTION('',(0.,0.,-1.));
#10280=DIRECTION('',(9.00695296076254E-17,1.,0.));
#10281=DIRECTION('',(-1.,9.00695296076254E-17,0.));
#10282=DIRECTION('',(-1.,0.,0.));
#10283=DIRECTION('',(0.,0.,-1.));
#10284=DIRECTION('',(1.,-9.00695296076254E-17,0.));
#10285=DIRECTION('',(1.,-9.00695296076254E-17,0.));
#10286=DIRECTION('',(1.,0.,0.));
#10287=DIRECTION('',(0.,0.,-1.));
#10288=DIRECTION('',(0.,-1.,0.));
#10289=DIRECTION('',(0.,0.,-1.));
#10290=DIRECTION('',(0.,-1.,0.));
#10291=DIRECTION('',(0.,1.,0.));
#10292=DIRECTION('',(0.,0.,1.));
#10293=DIRECTION('',(1.,0.,0.));
#10294=DIRECTION('',(0.,0.,-1.));
#10295=DIRECTION('',(1.,0.,0.));
#10296=DIRECTION('',(-1.,0.,0.));
#10297=DIRECTION('',(0.,0.,1.));
#10298=DIRECTION('',(0.,1.,0.));
#10299=DIRECTION('',(0.,0.,-1.));
#10300=DIRECTION('',(0.,1.,0.));
#10301=DIRECTION('',(0.,1.,0.));
#10302=DIRECTION('',(0.,0.,1.));
#10303=DIRECTION('',(-1.,0.,0.));
#10304=DIRECTION('',(0.,0.,-1.));
#10305=DIRECTION('',(1.,0.,0.));
#10306=DIRECTION('',(1.,0.,0.));
#10307=DIRECTION('',(-1.,0.,0.));
#10308=DIRECTION('',(0.,0.,1.));
#10309=DIRECTION('',(0.,1.,0.));
#10310=DIRECTION('',(0.,0.,1.));
#10311=DIRECTION('',(0.,1.,0.));
#10312=DIRECTION('',(0.,0.,1.));
#10313=DIRECTION('',(0.,1.,0.));
#10314=DIRECTION('',(0.,-1.,0.));
#10315=DIRECTION('',(0.,0.,-1.));
#10316=DIRECTION('',(-1.,0.,0.));
#10317=DIRECTION('',(0.,0.,-1.));
#10318=DIRECTION('',(-1.,0.,0.));
#10319=DIRECTION('',(0.,0.,-1.));
#10320=DIRECTION('',(-1.,0.,0.));
#10321=DIRECTION('',(0.,0.,1.));
#10322=DIRECTION('',(0.,1.,0.));
#10323=DIRECTION('',(0.,0.,-1.));
#10324=DIRECTION('',(0.,1.,0.));
#10325=DIRECTION('',(0.,1.,0.));
#10326=DIRECTION('',(0.,0.,1.));
#10327=DIRECTION('',(1.,0.,0.));
#10328=DIRECTION('',(0.,0.,-1.));
#10329=DIRECTION('',(1.,0.,0.));
#10330=DIRECTION('',(0.,-1.,0.));
#10331=DIRECTION('',(0.,0.,-1.));
#10332=DIRECTION('',(-1.,0.,0.));
#10333=DIRECTION('',(0.,0.,-1.));
#10334=DIRECTION('',(-1.,0.,0.));
#10335=DIRECTION('',(0.,0.,-1.));
#10336=DIRECTION('',(-1.,0.,0.));
#10337=DIRECTION('',(0.,0.,1.));
#10338=DIRECTION('',(0.,1.,0.));
#10339=DIRECTION('',(0.,0.,-1.));
#10340=DIRECTION('',(0.,1.,0.));
#10341=DIRECTION('',(0.,1.,0.));
#10342=DIRECTION('',(0.,0.,1.));
#10343=DIRECTION('',(1.,0.,0.));
#10344=DIRECTION('',(0.,0.,-1.));
#10345=DIRECTION('',(1.,0.,0.));
#10346=DIRECTION('',(1.,0.,0.));
#10347=DIRECTION('',(0.,0.,-1.));
#10348=DIRECTION('',(0.,-1.,0.));
#10349=DIRECTION('',(0.,0.,-1.));
#10350=DIRECTION('',(0.,-1.,0.));
#10351=DIRECTION('',(0.,0.,-1.));
#10352=DIRECTION('',(0.,-1.,0.));
#10353=DIRECTION('',(0.,0.,-1.));
#10354=DIRECTION('',(-1.,0.,0.));
#10355=DIRECTION('',(0.,0.,-1.));
#10356=DIRECTION('',(-1.,0.,0.));
#10357=DIRECTION('',(-1.,0.,0.));
#10358=DIRECTION('',(0.,0.,1.));
#10359=DIRECTION('',(0.,1.,0.));
#10360=DIRECTION('',(0.,0.,-1.));
#10361=DIRECTION('',(0.,1.,0.));
#10362=DIRECTION('',(1.,0.,0.));
#10363=DIRECTION('',(0.,0.,-1.));
#10364=DIRECTION('',(0.,-1.,0.));
#10365=DIRECTION('',(0.,0.,-1.));
#10366=DIRECTION('',(0.,-1.,0.));
#10367=DIRECTION('',(0.,0.,-1.));
#10368=DIRECTION('',(0.,-1.,0.));
#10369=DIRECTION('',(0.,0.,-1.));
#10370=DIRECTION('',(-1.,0.,0.));
#10371=DIRECTION('',(0.,0.,-1.));
#10372=DIRECTION('',(-1.,0.,0.));
#10373=DIRECTION('',(-1.,0.,0.));
#10374=DIRECTION('',(0.,0.,1.));
#10375=DIRECTION('',(0.,1.,0.));
#10376=DIRECTION('',(0.,0.,-1.));
#10377=DIRECTION('',(0.,1.,0.));
#10378=DIRECTION('',(1.,0.,0.));
#10379=DIRECTION('',(0.,0.,-1.));
#10380=DIRECTION('',(0.,-1.,0.));
#10381=DIRECTION('',(0.,0.,-1.));
#10382=DIRECTION('',(0.,-1.,0.));
#10383=DIRECTION('',(0.,0.,-1.));
#10384=DIRECTION('',(0.,-1.,0.));
#10385=DIRECTION('',(0.,0.,-1.));
#10386=DIRECTION('',(-1.,0.,0.));
#10387=DIRECTION('',(0.,0.,-1.));
#10388=DIRECTION('',(-1.,0.,0.));
#10389=DIRECTION('',(-1.,0.,0.));
#10390=DIRECTION('',(0.,0.,1.));
#10391=DIRECTION('',(0.,1.,0.));
#10392=DIRECTION('',(0.,0.,-1.));
#10393=DIRECTION('',(0.,1.,0.));
#10394=DIRECTION('',(1.,0.,0.));
#10395=DIRECTION('',(0.,0.,-1.));
#10396=DIRECTION('',(0.,-1.,0.));
#10397=DIRECTION('',(0.,0.,-1.));
#10398=DIRECTION('',(0.,-1.,0.));
#10399=DIRECTION('',(0.,0.,-1.));
#10400=DIRECTION('',(0.,-1.,0.));
#10401=DIRECTION('',(0.,0.,-1.));
#10402=DIRECTION('',(-1.,0.,0.));
#10403=DIRECTION('',(0.,0.,-1.));
#10404=DIRECTION('',(-1.,0.,0.));
#10405=DIRECTION('',(-1.,0.,0.));
#10406=DIRECTION('',(0.,0.,1.));
#10407=DIRECTION('',(0.,1.,0.));
#10408=DIRECTION('',(0.,0.,-1.));
#10409=DIRECTION('',(0.,1.,0.));
#10410=DIRECTION('',(0.,-1.,0.));
#10411=DIRECTION('',(0.,0.,-1.));
#10412=DIRECTION('',(-1.,0.,0.));
#10413=DIRECTION('',(0.,0.,-1.));
#10414=DIRECTION('',(-1.,0.,0.));
#10415=DIRECTION('',(0.,0.,-1.));
#10416=DIRECTION('',(-1.,0.,0.));
#10417=DIRECTION('',(0.,0.,1.));
#10418=DIRECTION('',(0.,1.,0.));
#10419=DIRECTION('',(0.,0.,-1.));
#10420=DIRECTION('',(0.,1.,0.));
#10421=DIRECTION('',(0.,1.,0.));
#10422=DIRECTION('',(0.,0.,1.));
#10423=DIRECTION('',(1.,0.,0.));
#10424=DIRECTION('',(0.,0.,-1.));
#10425=DIRECTION('',(1.,0.,0.));
#10426=DIRECTION('',(0.,-1.,0.));
#10427=DIRECTION('',(0.,0.,-1.));
#10428=DIRECTION('',(-1.,0.,0.));
#10429=DIRECTION('',(0.,0.,-1.));
#10430=DIRECTION('',(-1.,0.,0.));
#10431=DIRECTION('',(0.,0.,-1.));
#10432=DIRECTION('',(-1.,0.,0.));
#10433=DIRECTION('',(0.,0.,1.));
#10434=DIRECTION('',(0.,1.,0.));
#10435=DIRECTION('',(0.,0.,-1.));
#10436=DIRECTION('',(0.,1.,0.));
#10437=DIRECTION('',(0.,1.,0.));
#10438=DIRECTION('',(0.,0.,1.));
#10439=DIRECTION('',(1.,0.,0.));
#10440=DIRECTION('',(0.,0.,-1.));
#10441=DIRECTION('',(1.,0.,0.));
#10442=DIRECTION('',(1.,0.,0.));
#10443=DIRECTION('',(0.,0.,-1.));
#10444=DIRECTION('',(0.,-1.,0.));
#10445=DIRECTION('',(0.,-1.,0.));
#10446=DIRECTION('',(1.,0.,0.));
#10447=DIRECTION('',(0.,0.,-1.));
#10448=DIRECTION('',(0.,-1.,0.));
#10449=DIRECTION('',(0.,-1.,0.));
#10450=DIRECTION('',(0.,1.,0.));
#10451=DIRECTION('',(0.,0.,1.));
#10452=DIRECTION('',(1.,0.,0.));
#10453=DIRECTION('',(1.,0.,0.));
#10454=DIRECTION('',(0.,1.,0.));
#10455=DIRECTION('',(0.,0.,1.));
#10456=DIRECTION('',(1.,0.,0.));
#10457=DIRECTION('',(1.,0.,0.));
#10458=DIRECTION('',(0.,1.,0.));
#10459=DIRECTION('',(0.,0.,1.));
#10460=DIRECTION('',(1.,0.,0.));
#10461=DIRECTION('',(1.,0.,0.));
#10462=DIRECTION('',(0.,1.,0.));
#10463=DIRECTION('',(0.,0.,1.));
#10464=DIRECTION('',(1.,0.,0.));
#10465=DIRECTION('',(1.,0.,0.));
#10466=DIRECTION('',(1.,0.,0.));
#10467=DIRECTION('',(0.,0.,-1.));
#10468=DIRECTION('',(0.,-1.,0.));
#10469=DIRECTION('',(0.,-1.,0.));
#10470=DIRECTION('',(1.,0.,0.));
#10471=DIRECTION('',(0.,0.,-1.));
#10472=DIRECTION('',(0.,-1.,0.));
#10473=DIRECTION('',(0.,-1.,0.));
#10474=DIRECTION('',(0.,-1.,0.));
#10475=DIRECTION('',(0.,0.,-1.));
#10476=DIRECTION('',(-1.,0.,0.));
#10477=DIRECTION('',(0.,0.,-1.));
#10478=DIRECTION('',(-1.,0.,0.));
#10479=DIRECTION('',(0.,0.,1.));
#10480=DIRECTION('',(0.,0.,1.));
#10481=DIRECTION('',(1.,0.,0.));
#10482=DIRECTION('',(0.,1.,-3.88046590009128E-16));
#10483=DIRECTION('',(1.,0.,0.));
#10484=DIRECTION('',(0.,1.,-3.88046590009128E-16));
#10485=DIRECTION('',(1.,0.,0.));
#10486=DIRECTION('',(0.,1.,-3.88046590009128E-16));
#10487=DIRECTION('',(1.,0.,0.));
#10488=DIRECTION('',(0.,-1.,3.88046590009128E-16));
#10489=DIRECTION('',(0.,0.,1.));
#10490=DIRECTION('',(1.,0.,0.));
#10491=DIRECTION('',(0.,-1.,0.));
#10492=DIRECTION('',(-1.,0.,0.));
#10493=DIRECTION('',(-1.,0.,0.));
#10494=DIRECTION('',(0.,1.,0.));
#10495=DIRECTION('',(1.,0.,0.));
#10496=DIRECTION('',(0.,0.,-1.));
#10497=DIRECTION('',(0.,0.,1.));
#10498=DIRECTION('',(0.,1.,0.));
#10499=DIRECTION('',(0.,0.499999999999974,0.866025403784454));
#10500=DIRECTION('',(0.,0.,1.));
#10501=DIRECTION('',(0.,1.,0.));
#10502=DIRECTION('',(0.,0.,1.));
#10503=DIRECTION('',(-1.,0.,0.));
#10504=DIRECTION('',(0.,0.,1.));
#10505=DIRECTION('',(1.,0.,0.));
#10506=DIRECTION('',(1.,0.,0.));
#10507=DIRECTION('',(0.,-1.,0.));
#10508=DIRECTION('',(-1.,0.,0.));
#10509=DIRECTION('',(0.,0.,1.));
#10510=DIRECTION('',(0.,0.,-1.));
#10511=DIRECTION('',(0.,-0.499999999999974,-0.866025403784454));
#10512=DIRECTION('',(0.,-1.,0.));
#10513=DIRECTION('',(0.,0.,1.));
#10514=DIRECTION('',(0.,-1.,0.));
#10515=DIRECTION('',(0.,0.,-1.));
#10516=DIRECTION('',(0.,0.,-1.));
#10517=DIRECTION('',(1.,0.,0.));
#10518=DIRECTION('',(0.,1.,0.));
#10519=DIRECTION('',(0.,0.,1.));
#10520=DIRECTION('',(-1.,0.,0.));
#10521=DIRECTION('',(0.,0.,1.));
#10522=DIRECTION('',(1.,0.,0.));
#10523=DIRECTION('',(-1.,0.,0.));
#10524=DIRECTION('',(0.,-1.,0.));
#10525=DIRECTION('',(1.,0.,0.));
#10526=DIRECTION('',(0.,0.,-1.));
#10527=DIRECTION('',(0.,0.499999999999974,0.866025403784454));
#10528=DIRECTION('',(0.,0.,1.));
#10529=DIRECTION('',(0.,0.866025403784454,-0.499999999999974));
#10530=DIRECTION('',(0.,0.499999999999974,0.866025403784454));
#10531=DIRECTION('',(1.,0.,0.));
#10532=DIRECTION('',(0.,1.,0.));
#10533=DIRECTION('',(0.,0.,1.));
#10534=DIRECTION('',(0.,1.,0.));
#10535=DIRECTION('',(0.,0.,1.));
#10536=DIRECTION('',(1.,0.,0.));
#10537=DIRECTION('',(0.,0.,1.));
#10538=DIRECTION('',(0.,0.866025403784454,-0.499999999999974));
#10539=DIRECTION('',(0.,0.499999999999974,0.866025403784454));
#10540=DIRECTION('',(0.,0.499999999999974,0.866025403784454));
#10541=DIRECTION('',(1.,0.,0.));
#10542=DIRECTION('',(0.,0.,-1.));
#10543=DIRECTION('',(0.,1.,0.));
#10544=DIRECTION('',(0.,0.,1.));
#10545=DIRECTION('',(0.,-1.,0.));
#10546=DIRECTION('',(0.,0.,-1.));
#10547=DIRECTION('',(0.,1.,0.));
#10548=DIRECTION('',(0.,0.,1.));
#10549=DIRECTION('',(0.,1.,0.));
#10550=DIRECTION('',(0.,0.,1.));
#10551=DIRECTION('',(-1.,0.,0.));
#10552=DIRECTION('',(-1.,0.,0.));
#10553=DIRECTION('',(0.,0.,1.));
#10554=DIRECTION('',(-1.,0.,0.));
#10555=DIRECTION('',(0.,0.,1.));
#10556=DIRECTION('',(1.,0.,0.));
#10557=DIRECTION('',(-1.,0.,0.));
#10558=DIRECTION('',(-1.,0.,0.));
#10559=DIRECTION('',(0.,0.,1.));
#10560=DIRECTION('',(0.,1.,0.));
#10561=DIRECTION('',(0.,0.,1.));
#10562=DIRECTION('',(0.,-1.,0.));
#10563=DIRECTION('',(0.,0.,-1.));
#10564=DIRECTION('',(0.,1.,0.));
#10565=DIRECTION('',(0.,0.,1.));
#10566=DIRECTION('',(0.,1.,0.));
#10567=DIRECTION('',(0.,0.,1.));
#10568=DIRECTION('',(-1.,0.,0.));
#10569=DIRECTION('',(-1.,0.,0.));
#10570=DIRECTION('',(0.,0.,1.));
#10571=DIRECTION('',(-1.,0.,0.));
#10572=DIRECTION('',(0.,0.,1.));
#10573=DIRECTION('',(1.,0.,0.));
#10574=DIRECTION('',(-1.,0.,0.));
#10575=DIRECTION('',(-1.,0.,0.));
#10576=DIRECTION('',(0.,0.,1.));
#10577=DIRECTION('',(0.,0.,1.));
#10578=DIRECTION('',(1.,0.,0.));
#10579=DIRECTION('',(0.,0.86602540378444,0.499999999999999));
#10580=DIRECTION('',(0.,-0.499999999999999,0.866025403784439));
#10581=DIRECTION('',(-0.251459440302202,-0.483933918495826,0.838198134340669));
#10582=DIRECTION('',(1.,0.,0.));
#10583=DIRECTION('',(-0.251459440302202,0.483933918495826,-0.838198134340669));
#10584=DIRECTION('',(1.,0.,0.));
#10585=DIRECTION('',(0.,0.86602540378444,0.499999999999999));
#10586=DIRECTION('',(0.,-0.499999999999999,0.866025403784439));
#10587=DIRECTION('',(-0.251459440302202,-0.483933918495826,0.838198134340669));
#10588=DIRECTION('',(1.,0.,0.));
#10589=DIRECTION('',(-0.251459440302199,0.483933918495826,-0.83819813434067));
#10590=DIRECTION('',(1.,0.,0.));
#10591=DIRECTION('',(0.,0.86602540378444,0.499999999999999));
#10592=DIRECTION('',(0.,-0.499999999999999,0.866025403784439));
#10593=DIRECTION('',(-0.251459440302202,-0.483933918495826,0.838198134340669));
#10594=DIRECTION('',(1.,0.,0.));
#10595=DIRECTION('',(-0.251459440302202,0.483933918495826,-0.838198134340669));
#10596=DIRECTION('',(1.,0.,0.));
#10597=DIRECTION('',(0.,0.86602540378444,0.499999999999999));
#10598=DIRECTION('',(0.,-0.499999999999999,0.866025403784439));
#10599=DIRECTION('',(-0.251459440302202,-0.483933918495826,0.838198134340669));
#10600=DIRECTION('',(1.,0.,0.));
#10601=DIRECTION('',(-0.251459440302201,0.483933918495826,-0.83819813434067));
#10602=DIRECTION('',(1.,0.,0.));
#10603=DIRECTION('',(0.,0.86602540378444,0.499999999999999));
#10604=DIRECTION('',(0.,-0.499999999999999,0.866025403784439));
#10605=DIRECTION('',(-0.251459440302201,-0.483933918495826,0.83819813434067));
#10606=DIRECTION('',(1.,0.,0.));
#10607=DIRECTION('',(-0.251459440302201,0.483933918495826,-0.83819813434067));
#10608=DIRECTION('',(1.,0.,0.));
#10609=DIRECTION('',(0.,0.86602540378444,0.499999999999999));
#10610=DIRECTION('',(0.,-0.499999999999999,0.866025403784439));
#10611=DIRECTION('',(-0.251459440302201,-0.483933918495826,0.83819813434067));
#10612=DIRECTION('',(1.,0.,0.));
#10613=DIRECTION('',(-0.251459440302201,0.483933918495826,-0.83819813434067));
#10614=DIRECTION('',(1.,0.,0.));
#10615=DIRECTION('',(0.,0.86602540378444,0.499999999999999));
#10616=DIRECTION('',(0.,-0.499999999999999,0.866025403784439));
#10617=DIRECTION('',(-0.251459440302202,-0.483933918495826,0.838198134340669));
#10618=DIRECTION('',(1.,0.,0.));
#10619=DIRECTION('',(-0.251459440302202,0.483933918495826,-0.838198134340669));
#10620=DIRECTION('',(1.,0.,0.));
#10621=DIRECTION('',(0.,0.86602540378444,0.499999999999999));
#10622=DIRECTION('',(0.,-0.499999999999999,0.866025403784439));
#10623=DIRECTION('',(-0.2514594403022,-0.483933918495826,0.83819813434067));
#10624=DIRECTION('',(1.,0.,0.));
#10625=DIRECTION('',(-0.251459440302202,0.483933918495826,-0.838198134340669));
#10626=DIRECTION('',(1.,0.,0.));
#10627=DIRECTION('',(0.,0.86602540378444,0.499999999999999));
#10628=DIRECTION('',(0.,-0.499999999999999,0.866025403784439));
#10629=DIRECTION('',(-0.251459440302202,-0.483933918495826,0.838198134340669));
#10630=DIRECTION('',(1.,0.,0.));
#10631=DIRECTION('',(-0.251459440302202,0.483933918495826,-0.838198134340669));
#10632=DIRECTION('',(1.,0.,0.));
#10633=DIRECTION('',(0.,0.,1.));
#10634=DIRECTION('',(1.,0.,0.));
#10635=DIRECTION('',(0.,-1.,0.));
#10636=DIRECTION('',(0.,-1.,0.));
#10637=DIRECTION('',(1.,0.,0.));
#10638=DIRECTION('',(0.,0.,1.));
#10639=DIRECTION('',(1.,0.,0.));
#10640=DIRECTION('',(0.,-1.,0.));
#10641=DIRECTION('',(0.,-1.,0.));
#10642=DIRECTION('',(1.,0.,0.));
#10643=DIRECTION('',(0.,0.,1.));
#10644=DIRECTION('',(1.,0.,0.));
#10645=DIRECTION('',(0.,-1.,0.));
#10646=DIRECTION('',(0.,-1.,0.));
#10647=DIRECTION('',(1.,0.,0.));
#10648=DIRECTION('',(0.,0.,1.));
#10649=DIRECTION('',(1.,0.,0.));
#10650=DIRECTION('',(0.,-1.,0.));
#10651=DIRECTION('',(0.,-1.,0.));
#10652=DIRECTION('',(1.,0.,0.));
#10653=DIRECTION('',(0.,0.,1.));
#10654=DIRECTION('',(1.,0.,0.));
#10655=DIRECTION('',(0.,-1.,0.));
#10656=DIRECTION('',(0.,-1.,0.));
#10657=DIRECTION('',(1.,0.,0.));
#10658=DIRECTION('',(0.,0.,1.));
#10659=DIRECTION('',(1.,0.,0.));
#10660=DIRECTION('',(0.,-1.,0.));
#10661=DIRECTION('',(0.,-1.,0.));
#10662=DIRECTION('',(1.,0.,0.));
#10663=DIRECTION('',(0.,0.,1.));
#10664=DIRECTION('',(1.,0.,0.));
#10665=DIRECTION('',(0.,-1.,0.));
#10666=DIRECTION('',(0.,-1.,0.));
#10667=DIRECTION('',(1.,0.,0.));
#10668=DIRECTION('',(0.,0.,1.));
#10669=DIRECTION('',(1.,0.,0.));
#10670=DIRECTION('',(0.,-1.,0.));
#10671=DIRECTION('',(0.,-1.,0.));
#10672=DIRECTION('',(1.,0.,0.));
#10673=DIRECTION('',(0.,0.,1.));
#10674=DIRECTION('',(1.,0.,0.));
#10675=DIRECTION('',(0.,-1.,0.));
#10676=DIRECTION('',(0.,-1.,0.));
#10677=DIRECTION('',(1.,0.,0.));
#10678=DIRECTION('',(0.,-0.866025403784439,0.5));
#10679=DIRECTION('',(0.,-0.5,-0.866025403784439));
#10680=DIRECTION('',(0.251459440302202,-0.483933918495827,-0.838198134340669));
#10681=DIRECTION('',(0.251459440302202,0.483933918495827,0.838198134340669));
#10682=DIRECTION('',(1.,0.,0.));
#10683=DIRECTION('',(0.,-0.866025403784439,0.5));
#10684=DIRECTION('',(0.,-0.5,-0.866025403784439));
#10685=DIRECTION('',(0.251459440302202,-0.483933918495827,-0.838198134340669));
#10686=DIRECTION('',(0.251459440302199,0.483933918495827,0.83819813434067));
#10687=DIRECTION('',(1.,0.,0.));
#10688=DIRECTION('',(0.,-0.866025403784439,0.5));
#10689=DIRECTION('',(0.,-0.5,-0.866025403784439));
#10690=DIRECTION('',(0.251459440302202,-0.483933918495827,-0.838198134340669));
#10691=DIRECTION('',(0.251459440302202,0.483933918495827,0.838198134340669));
#10692=DIRECTION('',(1.,0.,0.));
#10693=DIRECTION('',(0.,-0.866025403784439,0.5));
#10694=DIRECTION('',(0.,-0.5,-0.866025403784439));
#10695=DIRECTION('',(0.251459440302202,-0.483933918495827,-0.838198134340669));
#10696=DIRECTION('',(0.251459440302201,0.483933918495827,0.838198134340669));
#10697=DIRECTION('',(1.,0.,0.));
#10698=DIRECTION('',(0.,-0.866025403784439,0.5));
#10699=DIRECTION('',(0.,-0.5,-0.866025403784439));
#10700=DIRECTION('',(0.251459440302201,-0.483933918495827,-0.838198134340669));
#10701=DIRECTION('',(0.251459440302201,0.483933918495827,0.838198134340669));
#10702=DIRECTION('',(1.,0.,0.));
#10703=DIRECTION('',(0.,-0.866025403784439,0.5));
#10704=DIRECTION('',(0.,-0.5,-0.866025403784439));
#10705=DIRECTION('',(0.251459440302201,-0.483933918495827,-0.838198134340669));
#10706=DIRECTION('',(0.251459440302201,0.483933918495827,0.838198134340669));
#10707=DIRECTION('',(1.,0.,0.));
#10708=DIRECTION('',(0.,-0.866025403784439,0.5));
#10709=DIRECTION('',(0.,-0.5,-0.866025403784439));
#10710=DIRECTION('',(0.251459440302202,-0.483933918495827,-0.838198134340669));
#10711=DIRECTION('',(0.251459440302202,0.483933918495827,0.838198134340669));
#10712=DIRECTION('',(1.,0.,0.));
#10713=DIRECTION('',(0.,-0.866025403784439,0.5));
#10714=DIRECTION('',(0.,-0.5,-0.866025403784439));
#10715=DIRECTION('',(0.2514594403022,-0.483933918495827,-0.838198134340669));
#10716=DIRECTION('',(0.251459440302202,0.483933918495827,0.838198134340669));
#10717=DIRECTION('',(1.,0.,0.));
#10718=DIRECTION('',(0.,-0.866025403784439,0.5));
#10719=DIRECTION('',(0.,-0.5,-0.866025403784439));
#10720=DIRECTION('',(0.251459440302202,-0.483933918495827,-0.838198134340669));
#10721=DIRECTION('',(0.251459440302202,0.483933918495827,0.838198134340669));
#10722=DIRECTION('',(1.,0.,0.));
#10723=DIRECTION('',(0.,0.866025403784439,0.5));
#10724=DIRECTION('',(0.,-0.5,0.866025403784439));
#10725=DIRECTION('',(-0.251459440302202,-0.483933918495827,0.838198134340669));
#10726=DIRECTION('',(1.,0.,0.));
#10727=DIRECTION('',(-0.251459440302202,0.483933918495827,-0.838198134340669));
#10728=DIRECTION('',(1.,0.,0.));
#10729=DIRECTION('',(0.,0.866025403784439,0.5));
#10730=DIRECTION('',(0.,-0.5,0.866025403784439));
#10731=DIRECTION('',(-0.251459440302202,-0.483933918495827,0.838198134340669));
#10732=DIRECTION('',(1.,0.,0.));
#10733=DIRECTION('',(-0.251459440302199,0.483933918495827,-0.83819813434067));
#10734=DIRECTION('',(1.,0.,0.));
#10735=DIRECTION('',(0.,0.866025403784439,0.5));
#10736=DIRECTION('',(0.,-0.5,0.866025403784439));
#10737=DIRECTION('',(-0.251459440302202,-0.483933918495827,0.838198134340669));
#10738=DIRECTION('',(1.,0.,0.));
#10739=DIRECTION('',(-0.251459440302202,0.483933918495827,-0.838198134340669));
#10740=DIRECTION('',(1.,0.,0.));
#10741=DIRECTION('',(0.,0.866025403784439,0.5));
#10742=DIRECTION('',(0.,-0.5,0.866025403784439));
#10743=DIRECTION('',(-0.251459440302202,-0.483933918495827,0.838198134340669));
#10744=DIRECTION('',(1.,0.,0.));
#10745=DIRECTION('',(-0.251459440302201,0.483933918495827,-0.838198134340669));
#10746=DIRECTION('',(1.,0.,0.));
#10747=DIRECTION('',(0.,0.866025403784439,0.5));
#10748=DIRECTION('',(0.,-0.5,0.866025403784439));
#10749=DIRECTION('',(-0.251459440302201,-0.483933918495827,0.838198134340669));
#10750=DIRECTION('',(1.,0.,0.));
#10751=DIRECTION('',(-0.251459440302201,0.483933918495827,-0.838198134340669));
#10752=DIRECTION('',(1.,0.,0.));
#10753=DIRECTION('',(0.,0.866025403784439,0.5));
#10754=DIRECTION('',(0.,-0.5,0.866025403784439));
#10755=DIRECTION('',(-0.251459440302201,-0.483933918495827,0.838198134340669));
#10756=DIRECTION('',(1.,0.,0.));
#10757=DIRECTION('',(-0.251459440302201,0.483933918495827,-0.838198134340669));
#10758=DIRECTION('',(1.,0.,0.));
#10759=DIRECTION('',(0.,0.866025403784439,0.5));
#10760=DIRECTION('',(0.,-0.5,0.866025403784439));
#10761=DIRECTION('',(-0.251459440302202,-0.483933918495827,0.838198134340669));
#10762=DIRECTION('',(1.,0.,0.));
#10763=DIRECTION('',(-0.251459440302202,0.483933918495827,-0.838198134340669));
#10764=DIRECTION('',(1.,0.,0.));
#10765=DIRECTION('',(0.,0.866025403784439,0.5));
#10766=DIRECTION('',(0.,-0.5,0.866025403784439));
#10767=DIRECTION('',(-0.2514594403022,-0.483933918495827,0.838198134340669));
#10768=DIRECTION('',(1.,0.,0.));
#10769=DIRECTION('',(-0.251459440302202,0.483933918495827,-0.838198134340669));
#10770=DIRECTION('',(1.,0.,0.));
#10771=DIRECTION('',(0.,0.866025403784439,0.5));
#10772=DIRECTION('',(0.,-0.5,0.866025403784439));
#10773=DIRECTION('',(-0.251459440302202,-0.483933918495827,0.838198134340669));
#10774=DIRECTION('',(1.,0.,0.));
#10775=DIRECTION('',(-0.251459440302202,0.483933918495827,-0.838198134340669));
#10776=DIRECTION('',(1.,0.,0.));
#10777=DIRECTION('',(0.,0.,1.));
#10778=DIRECTION('',(1.,0.,0.));
#10779=DIRECTION('',(0.,-1.,0.));
#10780=DIRECTION('',(0.,-1.,0.));
#10781=DIRECTION('',(1.,0.,0.));
#10782=DIRECTION('',(0.,0.,1.));
#10783=DIRECTION('',(1.,0.,0.));
#10784=DIRECTION('',(0.,-1.,0.));
#10785=DIRECTION('',(0.,-1.,0.));
#10786=DIRECTION('',(1.,0.,0.));
#10787=DIRECTION('',(0.,0.,1.));
#10788=DIRECTION('',(1.,0.,0.));
#10789=DIRECTION('',(0.,-1.,0.));
#10790=DIRECTION('',(0.,-1.,0.));
#10791=DIRECTION('',(1.,0.,0.));
#10792=DIRECTION('',(0.,0.,1.));
#10793=DIRECTION('',(1.,0.,0.));
#10794=DIRECTION('',(0.,-1.,0.));
#10795=DIRECTION('',(0.,-1.,0.));
#10796=DIRECTION('',(1.,0.,0.));
#10797=DIRECTION('',(0.,0.,1.));
#10798=DIRECTION('',(1.,0.,0.));
#10799=DIRECTION('',(0.,-1.,0.));
#10800=DIRECTION('',(0.,-1.,0.));
#10801=DIRECTION('',(1.,0.,0.));
#10802=DIRECTION('',(0.,0.,1.));
#10803=DIRECTION('',(1.,0.,0.));
#10804=DIRECTION('',(0.,-1.,0.));
#10805=DIRECTION('',(0.,-1.,0.));
#10806=DIRECTION('',(1.,0.,0.));
#10807=DIRECTION('',(0.,0.,1.));
#10808=DIRECTION('',(1.,0.,0.));
#10809=DIRECTION('',(0.,-1.,0.));
#10810=DIRECTION('',(0.,-1.,0.));
#10811=DIRECTION('',(1.,0.,0.));
#10812=DIRECTION('',(0.,0.,1.));
#10813=DIRECTION('',(1.,0.,0.));
#10814=DIRECTION('',(0.,-1.,0.));
#10815=DIRECTION('',(0.,-1.,0.));
#10816=DIRECTION('',(1.,0.,0.));
#10817=DIRECTION('',(0.,0.,1.));
#10818=DIRECTION('',(1.,0.,0.));
#10819=DIRECTION('',(0.,-1.,0.));
#10820=DIRECTION('',(0.,-1.,0.));
#10821=DIRECTION('',(1.,0.,0.));
#10822=DIRECTION('',(0.,-0.866025403784438,0.5));
#10823=DIRECTION('',(0.,-0.5,-0.866025403784439));
#10824=DIRECTION('',(0.251459440302201,-0.483933918495827,-0.838198134340669));
#10825=DIRECTION('',(0.251459440302201,0.483933918495827,0.838198134340669));
#10826=DIRECTION('',(1.,0.,0.));
#10827=DIRECTION('',(0.,-0.866025403784438,0.5));
#10828=DIRECTION('',(0.,-0.5,-0.866025403784439));
#10829=DIRECTION('',(0.251459440302201,-0.483933918495827,-0.838198134340669));
#10830=DIRECTION('',(0.251459440302199,0.483933918495828,0.838198134340669));
#10831=DIRECTION('',(1.,0.,0.));
#10832=DIRECTION('',(0.,-0.866025403784438,0.5));
#10833=DIRECTION('',(0.,-0.5,-0.866025403784439));
#10834=DIRECTION('',(0.251459440302201,-0.483933918495827,-0.838198134340669));
#10835=DIRECTION('',(0.251459440302201,0.483933918495827,0.838198134340669));
#10836=DIRECTION('',(1.,0.,0.));
#10837=DIRECTION('',(0.,-0.866025403784438,0.5));
#10838=DIRECTION('',(0.,-0.5,-0.866025403784439));
#10839=DIRECTION('',(0.251459440302201,-0.483933918495827,-0.838198134340669));
#10840=DIRECTION('',(0.251459440302201,0.483933918495828,0.838198134340669));
#10841=DIRECTION('',(1.,0.,0.));
#10842=DIRECTION('',(0.,-0.866025403784438,0.5));
#10843=DIRECTION('',(0.,-0.5,-0.866025403784439));
#10844=DIRECTION('',(0.251459440302201,-0.483933918495827,-0.838198134340669));
#10845=DIRECTION('',(0.251459440302201,0.483933918495827,0.838198134340669));
#10846=DIRECTION('',(1.,0.,0.));
#10847=DIRECTION('',(0.,-0.866025403784438,0.5));
#10848=DIRECTION('',(0.,-0.5,-0.866025403784439));
#10849=DIRECTION('',(0.251459440302201,-0.483933918495827,-0.838198134340669));
#10850=DIRECTION('',(0.251459440302201,0.483933918495828,0.838198134340669));
#10851=DIRECTION('',(1.,0.,0.));
#10852=DIRECTION('',(0.,-0.866025403784438,0.5));
#10853=DIRECTION('',(0.,-0.5,-0.866025403784439));
#10854=DIRECTION('',(0.251459440302201,-0.483933918495827,-0.838198134340669));
#10855=DIRECTION('',(0.251459440302201,0.483933918495827,0.838198134340669));
#10856=DIRECTION('',(1.,0.,0.));
#10857=DIRECTION('',(0.,-0.866025403784438,0.5));
#10858=DIRECTION('',(0.,-0.5,-0.866025403784439));
#10859=DIRECTION('',(0.2514594403022,-0.483933918495828,-0.838198134340669));
#10860=DIRECTION('',(0.251459440302201,0.483933918495827,0.838198134340669));
#10861=DIRECTION('',(1.,0.,0.));
#10862=DIRECTION('',(0.,-0.866025403784438,0.5));
#10863=DIRECTION('',(0.,-0.5,-0.866025403784439));
#10864=DIRECTION('',(0.251459440302201,-0.483933918495827,-0.838198134340669));
#10865=DIRECTION('',(0.251459440302201,0.483933918495827,0.838198134340669));
#10866=DIRECTION('',(1.,0.,0.));
#10867=DIRECTION('',(1.,0.,0.));
#10868=DIRECTION('',(0.,0.,-1.));
#10869=DIRECTION('',(1.,0.,0.));
#10870=DIRECTION('',(-1.,0.,0.));
#10871=DIRECTION('',(0.,0.,1.));
#10872=DIRECTION('',(1.,0.,0.));
#10873=DIRECTION('',(1.,0.,0.));
#10874=DIRECTION('',(0.,0.,-1.));
#10875=DIRECTION('',(1.,0.,0.));
#10876=DIRECTION('',(0.,0.,-1.));
#10877=DIRECTION('',(1.,0.,0.));
#10878=DIRECTION('',(1.,0.,0.));
#10879=DIRECTION('',(0.,0.,-1.));
#10880=DIRECTION('',(1.,0.,0.));
#10881=DIRECTION('',(-1.,0.,0.));
#10882=DIRECTION('',(0.,0.,1.));
#10883=DIRECTION('',(1.,0.,0.));
#10884=DIRECTION('',(0.,0.,-1.));
#10885=DIRECTION('',(1.,0.,0.));
#10886=DIRECTION('',(1.,0.,0.));
#10887=DIRECTION('',(0.,0.,-1.));
#10888=DIRECTION('',(1.,0.,0.));
#10889=DIRECTION('',(-1.,0.,0.));
#10890=DIRECTION('',(0.,0.,1.));
#10891=DIRECTION('',(1.,0.,0.));
#10892=DIRECTION('',(0.,0.,-1.));
#10893=DIRECTION('',(1.,0.,0.));
#10894=DIRECTION('',(1.,0.,0.));
#10895=DIRECTION('',(0.,0.,-1.));
#10896=DIRECTION('',(1.,0.,0.));
#10897=DIRECTION('',(-1.,0.,0.));
#10898=DIRECTION('',(0.,0.,1.));
#10899=DIRECTION('',(1.,0.,0.));
#10900=DIRECTION('',(0.,0.,-1.));
#10901=DIRECTION('',(1.,0.,0.));
#10902=DIRECTION('',(1.,0.,0.));
#10903=DIRECTION('',(0.,0.,-1.));
#10904=DIRECTION('',(1.,0.,0.));
#10905=DIRECTION('',(-1.,0.,0.));
#10906=DIRECTION('',(0.,0.,1.));
#10907=DIRECTION('',(1.,0.,0.));
#10908=DIRECTION('',(0.,0.,-1.));
#10909=DIRECTION('',(1.,0.,0.));
#10910=DIRECTION('',(1.,0.,0.));
#10911=DIRECTION('',(0.,0.,-1.));
#10912=DIRECTION('',(1.,0.,0.));
#10913=DIRECTION('',(-1.,0.,0.));
#10914=DIRECTION('',(0.,0.,1.));
#10915=DIRECTION('',(1.,0.,0.));
#10916=DIRECTION('',(0.,0.,-1.));
#10917=DIRECTION('',(1.,0.,0.));
#10918=DIRECTION('',(1.,0.,0.));
#10919=DIRECTION('',(0.,0.,-1.));
#10920=DIRECTION('',(1.,0.,0.));
#10921=DIRECTION('',(-1.,0.,0.));
#10922=DIRECTION('',(0.,0.,1.));
#10923=DIRECTION('',(1.,0.,0.));
#10924=DIRECTION('',(0.,0.,-1.));
#10925=DIRECTION('',(1.,0.,0.));
#10926=DIRECTION('',(1.,0.,0.));
#10927=DIRECTION('',(0.,0.,-1.));
#10928=DIRECTION('',(1.,0.,0.));
#10929=DIRECTION('',(-1.,0.,0.));
#10930=DIRECTION('',(0.,0.,1.));
#10931=DIRECTION('',(1.,0.,0.));
#10932=DIRECTION('',(0.,0.,-1.));
#10933=DIRECTION('',(1.,0.,0.));
#10934=DIRECTION('',(1.,0.,0.));
#10935=DIRECTION('',(0.,0.,-1.));
#10936=DIRECTION('',(1.,0.,0.));
#10937=DIRECTION('',(-1.,0.,0.));
#10938=DIRECTION('',(0.,0.,1.));
#10939=DIRECTION('',(0.,-0.707106781186565,0.707106781186531));
#10940=DIRECTION('',(0.,-0.707106781186531,-0.707106781186565));
#10941=DIRECTION('',(0.,-0.707106781186531,-0.707106781186565));
#10942=DIRECTION('',(0.,-0.70710678118653,-0.707106781186565));
#10943=DIRECTION('',(1.,0.,0.));
#10944=DIRECTION('',(0.,-0.707106781186565,0.707106781186531));
#10945=DIRECTION('',(0.,-0.707106781186531,-0.707106781186565));
#10946=DIRECTION('',(0.,0.707106781186531,0.707106781186565));
#10947=DIRECTION('',(1.,0.,0.));
#10948=DIRECTION('',(0.,-0.707106781186531,-0.707106781186565));
#10949=DIRECTION('',(0.,-0.707106781186565,0.707106781186531));
#10950=DIRECTION('',(0.,-0.707106781186531,-0.707106781186565));
#10951=DIRECTION('',(0.,0.707106781186531,0.707106781186565));
#10952=DIRECTION('',(1.,0.,0.));
#10953=DIRECTION('',(0.,-0.707106781186531,-0.707106781186565));
#10954=DIRECTION('',(0.,-0.707106781186565,0.707106781186531));
#10955=DIRECTION('',(0.,-0.707106781186531,-0.707106781186565));
#10956=DIRECTION('',(0.,0.707106781186531,0.707106781186565));
#10957=DIRECTION('',(1.,0.,0.));
#10958=DIRECTION('',(0.,-0.707106781186531,-0.707106781186565));
#10959=DIRECTION('',(0.,-0.707106781186565,0.707106781186531));
#10960=DIRECTION('',(0.,-0.707106781186531,-0.707106781186565));
#10961=DIRECTION('',(0.,0.707106781186531,0.707106781186565));
#10962=DIRECTION('',(1.,0.,0.));
#10963=DIRECTION('',(0.,-0.707106781186531,-0.707106781186565));
#10964=DIRECTION('',(0.,-0.707106781186565,0.707106781186531));
#10965=DIRECTION('',(0.,-0.707106781186531,-0.707106781186565));
#10966=DIRECTION('',(0.,0.707106781186531,0.707106781186565));
#10967=DIRECTION('',(1.,0.,0.));
#10968=DIRECTION('',(0.,-0.707106781186531,-0.707106781186565));
#10969=DIRECTION('',(0.,-0.707106781186565,0.707106781186531));
#10970=DIRECTION('',(0.,-0.707106781186531,-0.707106781186565));
#10971=DIRECTION('',(0.,0.707106781186531,0.707106781186565));
#10972=DIRECTION('',(1.,0.,0.));
#10973=DIRECTION('',(0.,-0.707106781186531,-0.707106781186565));
#10974=DIRECTION('',(0.,-0.707106781186565,0.707106781186531));
#10975=DIRECTION('',(0.,-0.707106781186531,-0.707106781186565));
#10976=DIRECTION('',(0.,0.707106781186531,0.707106781186565));
#10977=DIRECTION('',(1.,0.,0.));
#10978=DIRECTION('',(0.,-0.707106781186531,-0.707106781186565));
#10979=DIRECTION('',(0.,-0.707106781186565,0.707106781186531));
#10980=DIRECTION('',(0.,-0.707106781186531,-0.707106781186565));
#10981=DIRECTION('',(0.,0.707106781186531,0.707106781186565));
#10982=DIRECTION('',(1.,0.,0.));
#10983=DIRECTION('',(0.,-0.707106781186531,-0.707106781186565));
#10984=DIRECTION('',(1.,0.,0.));
#10985=DIRECTION('',(0.,0.,-1.));
#10986=DIRECTION('',(-1.,0.,0.));
#10987=DIRECTION('',(0.,0.,1.));
#10988=DIRECTION('',(1.,0.,0.));
#10989=DIRECTION('',(0.,0.,-1.));
#10990=DIRECTION('',(1.,0.,0.));
#10991=DIRECTION('',(1.,0.,0.));
#10992=DIRECTION('',(0.,0.,-1.));
#10993=DIRECTION('',(1.,0.,0.));
#10994=DIRECTION('',(0.,0.,-1.));
#10995=DIRECTION('',(1.,0.,0.));
#10996=DIRECTION('',(-1.,0.,0.));
#10997=DIRECTION('',(0.,0.,1.));
#10998=DIRECTION('',(1.,0.,0.));
#10999=DIRECTION('',(0.,0.,-1.));
#11000=DIRECTION('',(1.,0.,0.));
#11001=DIRECTION('',(0.,0.,-1.));
#11002=DIRECTION('',(1.,0.,0.));
#11003=DIRECTION('',(-1.,0.,0.));
#11004=DIRECTION('',(0.,0.,1.));
#11005=DIRECTION('',(1.,0.,0.));
#11006=DIRECTION('',(0.,0.,-1.));
#11007=DIRECTION('',(1.,0.,0.));
#11008=DIRECTION('',(0.,0.,-1.));
#11009=DIRECTION('',(1.,0.,0.));
#11010=DIRECTION('',(-1.,0.,0.));
#11011=DIRECTION('',(0.,0.,1.));
#11012=DIRECTION('',(1.,0.,0.));
#11013=DIRECTION('',(0.,0.,-1.));
#11014=DIRECTION('',(1.,0.,0.));
#11015=DIRECTION('',(0.,0.,-1.));
#11016=DIRECTION('',(1.,0.,0.));
#11017=DIRECTION('',(-1.,0.,0.));
#11018=DIRECTION('',(0.,0.,1.));
#11019=DIRECTION('',(1.,0.,0.));
#11020=DIRECTION('',(0.,0.,-1.));
#11021=DIRECTION('',(1.,0.,0.));
#11022=DIRECTION('',(0.,0.,-1.));
#11023=DIRECTION('',(1.,0.,0.));
#11024=DIRECTION('',(-1.,0.,0.));
#11025=DIRECTION('',(0.,0.,1.));
#11026=DIRECTION('',(1.,0.,0.));
#11027=DIRECTION('',(0.,0.,-1.));
#11028=DIRECTION('',(1.,0.,0.));
#11029=DIRECTION('',(0.,0.,-1.));
#11030=DIRECTION('',(1.,0.,0.));
#11031=DIRECTION('',(-1.,0.,0.));
#11032=DIRECTION('',(0.,0.,1.));
#11033=DIRECTION('',(1.,0.,0.));
#11034=DIRECTION('',(0.,0.,-1.));
#11035=DIRECTION('',(1.,0.,0.));
#11036=DIRECTION('',(0.,0.,-1.));
#11037=DIRECTION('',(1.,0.,0.));
#11038=DIRECTION('',(-1.,0.,0.));
#11039=DIRECTION('',(0.,0.,1.));
#11040=DIRECTION('',(1.,0.,0.));
#11041=DIRECTION('',(0.,0.,-1.));
#11042=DIRECTION('',(1.,0.,0.));
#11043=DIRECTION('',(0.,0.,-1.));
#11044=DIRECTION('',(1.,0.,0.));
#11045=DIRECTION('',(-1.,0.,0.));
#11046=DIRECTION('',(0.,0.,1.));
#11047=DIRECTION('',(0.,-1.,0.));
#11048=DIRECTION('',(0.,0.,-1.));
#11049=DIRECTION('',(0.,0.,-1.));
#11050=DIRECTION('',(0.,0.,-1.));
#11051=DIRECTION('',(1.,0.,0.));
#11052=DIRECTION('',(0.,-1.,0.));
#11053=DIRECTION('',(0.,0.,-1.));
#11054=DIRECTION('',(0.,0.,1.));
#11055=DIRECTION('',(1.,0.,0.));
#11056=DIRECTION('',(0.,0.,-1.));
#11057=DIRECTION('',(0.,-1.,0.));
#11058=DIRECTION('',(0.,0.,-1.));
#11059=DIRECTION('',(0.,0.,1.));
#11060=DIRECTION('',(1.,0.,0.));
#11061=DIRECTION('',(0.,0.,-1.));
#11062=DIRECTION('',(0.,-1.,0.));
#11063=DIRECTION('',(0.,0.,-1.));
#11064=DIRECTION('',(0.,0.,1.));
#11065=DIRECTION('',(1.,0.,0.));
#11066=DIRECTION('',(0.,0.,-1.));
#11067=DIRECTION('',(0.,-1.,0.));
#11068=DIRECTION('',(0.,0.,-1.));
#11069=DIRECTION('',(0.,0.,1.));
#11070=DIRECTION('',(1.,0.,0.));
#11071=DIRECTION('',(0.,0.,-1.));
#11072=DIRECTION('',(0.,-1.,0.));
#11073=DIRECTION('',(0.,0.,-1.));
#11074=DIRECTION('',(0.,0.,1.));
#11075=DIRECTION('',(1.,0.,0.));
#11076=DIRECTION('',(0.,0.,-1.));
#11077=DIRECTION('',(0.,-1.,0.));
#11078=DIRECTION('',(0.,0.,-1.));
#11079=DIRECTION('',(0.,0.,1.));
#11080=DIRECTION('',(1.,0.,0.));
#11081=DIRECTION('',(0.,0.,-1.));
#11082=DIRECTION('',(0.,-1.,0.));
#11083=DIRECTION('',(0.,0.,-1.));
#11084=DIRECTION('',(0.,0.,1.));
#11085=DIRECTION('',(1.,0.,0.));
#11086=DIRECTION('',(0.,0.,-1.));
#11087=DIRECTION('',(0.,-1.,0.));
#11088=DIRECTION('',(0.,0.,-1.));
#11089=DIRECTION('',(0.,0.,1.));
#11090=DIRECTION('',(1.,0.,0.));
#11091=DIRECTION('',(0.,0.,-1.));
#11092=DIRECTION('',(0.,0.,-1.));
#11093=DIRECTION('',(-1.,0.,0.));
#11094=DIRECTION('',(0.,1.,0.));
#11095=DIRECTION('',(0.,1.,0.));
#11096=DIRECTION('',(1.,0.,0.));
#11097=DIRECTION('',(0.,0.,-1.));
#11098=DIRECTION('',(-1.,0.,0.));
#11099=DIRECTION('',(0.,-1.,0.));
#11100=DIRECTION('',(1.,0.,0.));
#11101=DIRECTION('',(0.,1.,0.));
#11102=DIRECTION('',(0.,0.,-1.));
#11103=DIRECTION('',(-1.,0.,0.));
#11104=DIRECTION('',(0.,-1.,0.));
#11105=DIRECTION('',(1.,0.,0.));
#11106=DIRECTION('',(0.,1.,0.));
#11107=DIRECTION('',(0.,0.,-1.));
#11108=DIRECTION('',(-1.,0.,0.));
#11109=DIRECTION('',(0.,-1.,0.));
#11110=DIRECTION('',(1.,0.,0.));
#11111=DIRECTION('',(0.,1.,0.));
#11112=DIRECTION('',(0.,0.,-1.));
#11113=DIRECTION('',(-1.,0.,0.));
#11114=DIRECTION('',(0.,-1.,0.));
#11115=DIRECTION('',(1.,0.,0.));
#11116=DIRECTION('',(0.,1.,0.));
#11117=DIRECTION('',(0.,0.,-1.));
#11118=DIRECTION('',(-1.,0.,0.));
#11119=DIRECTION('',(0.,-1.,0.));
#11120=DIRECTION('',(1.,0.,0.));
#11121=DIRECTION('',(0.,1.,0.));
#11122=DIRECTION('',(0.,0.,-1.));
#11123=DIRECTION('',(-1.,0.,0.));
#11124=DIRECTION('',(0.,-1.,0.));
#11125=DIRECTION('',(1.,0.,0.));
#11126=DIRECTION('',(0.,1.,0.));
#11127=DIRECTION('',(0.,0.,-1.));
#11128=DIRECTION('',(-1.,0.,0.));
#11129=DIRECTION('',(0.,-1.,0.));
#11130=DIRECTION('',(1.,0.,0.));
#11131=DIRECTION('',(0.,1.,0.));
#11132=DIRECTION('',(0.,0.,-1.));
#11133=DIRECTION('',(-1.,0.,0.));
#11134=DIRECTION('',(0.,-1.,0.));
#11135=DIRECTION('',(1.,0.,0.));
#11136=DIRECTION('',(0.,1.,0.));
#11137=DIRECTION('',(0.,1.,0.));
#11138=DIRECTION('',(0.,0.,1.));
#11139=DIRECTION('',(0.,0.,1.));
#11140=DIRECTION('',(0.,0.,1.));
#11141=DIRECTION('',(1.,0.,0.));
#11142=DIRECTION('',(0.,1.,0.));
#11143=DIRECTION('',(0.,0.,1.));
#11144=DIRECTION('',(0.,0.,-1.));
#11145=DIRECTION('',(1.,0.,0.));
#11146=DIRECTION('',(0.,0.,1.));
#11147=DIRECTION('',(0.,1.,0.));
#11148=DIRECTION('',(0.,0.,1.));
#11149=DIRECTION('',(0.,0.,-1.));
#11150=DIRECTION('',(1.,0.,0.));
#11151=DIRECTION('',(0.,0.,1.));
#11152=DIRECTION('',(0.,1.,0.));
#11153=DIRECTION('',(0.,0.,1.));
#11154=DIRECTION('',(0.,0.,-1.));
#11155=DIRECTION('',(1.,0.,0.));
#11156=DIRECTION('',(0.,0.,1.));
#11157=DIRECTION('',(0.,1.,0.));
#11158=DIRECTION('',(0.,0.,1.));
#11159=DIRECTION('',(0.,0.,-1.));
#11160=DIRECTION('',(1.,0.,0.));
#11161=DIRECTION('',(0.,0.,1.));
#11162=DIRECTION('',(0.,1.,0.));
#11163=DIRECTION('',(0.,0.,1.));
#11164=DIRECTION('',(0.,0.,-1.));
#11165=DIRECTION('',(1.,0.,0.));
#11166=DIRECTION('',(0.,0.,1.));
#11167=DIRECTION('',(0.,1.,0.));
#11168=DIRECTION('',(0.,0.,1.));
#11169=DIRECTION('',(0.,0.,-1.));
#11170=DIRECTION('',(1.,0.,0.));
#11171=DIRECTION('',(0.,0.,1.));
#11172=DIRECTION('',(0.,1.,0.));
#11173=DIRECTION('',(0.,0.,1.));
#11174=DIRECTION('',(0.,0.,-1.));
#11175=DIRECTION('',(1.,0.,0.));
#11176=DIRECTION('',(0.,0.,1.));
#11177=DIRECTION('',(0.,1.,0.));
#11178=DIRECTION('',(0.,0.,1.));
#11179=DIRECTION('',(0.,0.,-1.));
#11180=DIRECTION('',(1.,0.,0.));
#11181=DIRECTION('',(0.,0.,1.));
#11182=DIRECTION('',(1.,0.,0.));
#11183=DIRECTION('',(0.,0.,-1.));
#11184=DIRECTION('',(1.,0.,0.));
#11185=DIRECTION('',(-1.,0.,0.));
#11186=DIRECTION('',(0.,0.,1.));
#11187=DIRECTION('',(1.,0.,0.));
#11188=DIRECTION('',(0.,0.,-1.));
#11189=DIRECTION('',(1.,0.,0.));
#11190=DIRECTION('',(0.,0.,-1.));
#11191=DIRECTION('',(1.,0.,0.));
#11192=DIRECTION('',(0.,0.,-1.));
#11193=DIRECTION('',(1.,0.,0.));
#11194=DIRECTION('',(-1.,0.,0.));
#11195=DIRECTION('',(0.,0.,1.));
#11196=DIRECTION('',(1.,0.,0.));
#11197=DIRECTION('',(0.,0.,-1.));
#11198=DIRECTION('',(1.,0.,0.));
#11199=DIRECTION('',(0.,0.,-1.));
#11200=DIRECTION('',(1.,0.,0.));
#11201=DIRECTION('',(-1.,0.,0.));
#11202=DIRECTION('',(0.,0.,1.));
#11203=DIRECTION('',(1.,0.,0.));
#11204=DIRECTION('',(0.,0.,-1.));
#11205=DIRECTION('',(1.,0.,0.));
#11206=DIRECTION('',(0.,0.,-1.));
#11207=DIRECTION('',(1.,0.,0.));
#11208=DIRECTION('',(-1.,0.,0.));
#11209=DIRECTION('',(0.,0.,1.));
#11210=DIRECTION('',(1.,0.,0.));
#11211=DIRECTION('',(0.,0.,-1.));
#11212=DIRECTION('',(1.,0.,0.));
#11213=DIRECTION('',(0.,0.,-1.));
#11214=DIRECTION('',(1.,0.,0.));
#11215=DIRECTION('',(-1.,0.,0.));
#11216=DIRECTION('',(0.,0.,1.));
#11217=DIRECTION('',(1.,0.,0.));
#11218=DIRECTION('',(0.,0.,-1.));
#11219=DIRECTION('',(1.,0.,0.));
#11220=DIRECTION('',(0.,0.,-1.));
#11221=DIRECTION('',(1.,0.,0.));
#11222=DIRECTION('',(-1.,0.,0.));
#11223=DIRECTION('',(0.,0.,1.));
#11224=DIRECTION('',(1.,0.,0.));
#11225=DIRECTION('',(0.,0.,-1.));
#11226=DIRECTION('',(1.,0.,0.));
#11227=DIRECTION('',(0.,0.,-1.));
#11228=DIRECTION('',(1.,0.,0.));
#11229=DIRECTION('',(-1.,0.,0.));
#11230=DIRECTION('',(0.,0.,1.));
#11231=DIRECTION('',(1.,0.,0.));
#11232=DIRECTION('',(0.,0.,-1.));
#11233=DIRECTION('',(1.,0.,0.));
#11234=DIRECTION('',(0.,0.,-1.));
#11235=DIRECTION('',(1.,0.,0.));
#11236=DIRECTION('',(-1.,0.,0.));
#11237=DIRECTION('',(0.,0.,1.));
#11238=DIRECTION('',(1.,0.,0.));
#11239=DIRECTION('',(0.,0.,-1.));
#11240=DIRECTION('',(1.,0.,0.));
#11241=DIRECTION('',(0.,0.,-1.));
#11242=DIRECTION('',(1.,0.,0.));
#11243=DIRECTION('',(-1.,0.,0.));
#11244=DIRECTION('',(0.,0.,1.));
#11245=DIRECTION('',(0.,0.707106781186548,-0.707106781186547));
#11246=DIRECTION('',(0.,0.707106781186547,0.707106781186548));
#11247=DIRECTION('',(0.,0.707106781186547,0.707106781186548));
#11248=DIRECTION('',(0.,0.707106781186547,0.707106781186548));
#11249=DIRECTION('',(1.,0.,0.));
#11250=DIRECTION('',(0.,0.707106781186548,-0.707106781186547));
#11251=DIRECTION('',(0.,0.707106781186547,0.707106781186548));
#11252=DIRECTION('',(0.,-0.707106781186547,-0.707106781186548));
#11253=DIRECTION('',(1.,0.,0.));
#11254=DIRECTION('',(0.,0.707106781186547,0.707106781186548));
#11255=DIRECTION('',(0.,0.707106781186548,-0.707106781186547));
#11256=DIRECTION('',(0.,0.707106781186547,0.707106781186548));
#11257=DIRECTION('',(0.,-0.707106781186547,-0.707106781186548));
#11258=DIRECTION('',(1.,0.,0.));
#11259=DIRECTION('',(0.,0.707106781186547,0.707106781186548));
#11260=DIRECTION('',(0.,0.707106781186548,-0.707106781186547));
#11261=DIRECTION('',(0.,0.707106781186547,0.707106781186548));
#11262=DIRECTION('',(0.,-0.707106781186547,-0.707106781186548));
#11263=DIRECTION('',(1.,0.,0.));
#11264=DIRECTION('',(0.,0.707106781186547,0.707106781186548));
#11265=DIRECTION('',(0.,0.707106781186548,-0.707106781186547));
#11266=DIRECTION('',(0.,0.707106781186547,0.707106781186548));
#11267=DIRECTION('',(0.,-0.707106781186547,-0.707106781186548));
#11268=DIRECTION('',(1.,0.,0.));
#11269=DIRECTION('',(0.,0.707106781186547,0.707106781186548));
#11270=DIRECTION('',(0.,0.707106781186548,-0.707106781186547));
#11271=DIRECTION('',(0.,0.707106781186547,0.707106781186548));
#11272=DIRECTION('',(0.,-0.707106781186547,-0.707106781186548));
#11273=DIRECTION('',(1.,0.,0.));
#11274=DIRECTION('',(0.,0.707106781186547,0.707106781186548));
#11275=DIRECTION('',(0.,0.707106781186548,-0.707106781186547));
#11276=DIRECTION('',(0.,0.707106781186547,0.707106781186548));
#11277=DIRECTION('',(0.,-0.707106781186547,-0.707106781186548));
#11278=DIRECTION('',(1.,0.,0.));
#11279=DIRECTION('',(0.,0.707106781186547,0.707106781186548));
#11280=DIRECTION('',(0.,0.707106781186548,-0.707106781186547));
#11281=DIRECTION('',(0.,0.707106781186547,0.707106781186548));
#11282=DIRECTION('',(0.,-0.707106781186547,-0.707106781186548));
#11283=DIRECTION('',(1.,0.,0.));
#11284=DIRECTION('',(0.,0.707106781186547,0.707106781186548));
#11285=DIRECTION('',(0.,0.707106781186548,-0.707106781186547));
#11286=DIRECTION('',(0.,0.707106781186547,0.707106781186548));
#11287=DIRECTION('',(0.,-0.707106781186547,-0.707106781186548));
#11288=DIRECTION('',(1.,0.,0.));
#11289=DIRECTION('',(0.,0.707106781186547,0.707106781186548));
#11290=DIRECTION('',(1.,0.,0.));
#11291=DIRECTION('',(0.,0.,-1.));
#11292=DIRECTION('',(-1.,0.,0.));
#11293=DIRECTION('',(0.,0.,1.));
#11294=DIRECTION('',(1.,0.,0.));
#11295=DIRECTION('',(0.,0.,-1.));
#11296=DIRECTION('',(1.,0.,0.));
#11297=DIRECTION('',(1.,0.,0.));
#11298=DIRECTION('',(0.,0.,-1.));
#11299=DIRECTION('',(1.,0.,0.));
#11300=DIRECTION('',(0.,0.,-1.));
#11301=DIRECTION('',(1.,0.,0.));
#11302=DIRECTION('',(-1.,0.,0.));
#11303=DIRECTION('',(0.,0.,1.));
#11304=DIRECTION('',(1.,0.,0.));
#11305=DIRECTION('',(0.,0.,-1.));
#11306=DIRECTION('',(1.,0.,0.));
#11307=DIRECTION('',(0.,0.,-1.));
#11308=DIRECTION('',(1.,0.,0.));
#11309=DIRECTION('',(-1.,0.,0.));
#11310=DIRECTION('',(0.,0.,1.));
#11311=DIRECTION('',(1.,0.,0.));
#11312=DIRECTION('',(0.,0.,-1.));
#11313=DIRECTION('',(1.,0.,0.));
#11314=DIRECTION('',(0.,0.,-1.));
#11315=DIRECTION('',(1.,0.,0.));
#11316=DIRECTION('',(-1.,0.,0.));
#11317=DIRECTION('',(0.,0.,1.));
#11318=DIRECTION('',(1.,0.,0.));
#11319=DIRECTION('',(0.,0.,-1.));
#11320=DIRECTION('',(1.,0.,0.));
#11321=DIRECTION('',(0.,0.,-1.));
#11322=DIRECTION('',(1.,0.,0.));
#11323=DIRECTION('',(-1.,0.,0.));
#11324=DIRECTION('',(0.,0.,1.));
#11325=DIRECTION('',(1.,0.,0.));
#11326=DIRECTION('',(0.,0.,-1.));
#11327=DIRECTION('',(1.,0.,0.));
#11328=DIRECTION('',(0.,0.,-1.));
#11329=DIRECTION('',(1.,0.,0.));
#11330=DIRECTION('',(-1.,0.,0.));
#11331=DIRECTION('',(0.,0.,1.));
#11332=DIRECTION('',(1.,0.,0.));
#11333=DIRECTION('',(0.,0.,-1.));
#11334=DIRECTION('',(1.,0.,0.));
#11335=DIRECTION('',(0.,0.,-1.));
#11336=DIRECTION('',(1.,0.,0.));
#11337=DIRECTION('',(-1.,0.,0.));
#11338=DIRECTION('',(0.,0.,1.));
#11339=DIRECTION('',(1.,0.,0.));
#11340=DIRECTION('',(0.,0.,-1.));
#11341=DIRECTION('',(1.,0.,0.));
#11342=DIRECTION('',(0.,0.,-1.));
#11343=DIRECTION('',(1.,0.,0.));
#11344=DIRECTION('',(-1.,0.,0.));
#11345=DIRECTION('',(0.,0.,1.));
#11346=DIRECTION('',(1.,0.,0.));
#11347=DIRECTION('',(0.,0.,-1.));
#11348=DIRECTION('',(1.,0.,0.));
#11349=DIRECTION('',(0.,0.,-1.));
#11350=DIRECTION('',(1.,0.,0.));
#11351=DIRECTION('',(-1.,0.,0.));
#11352=DIRECTION('',(0.,0.,1.));
#11353=DIRECTION('',(1.,0.,0.));
#11354=DIRECTION('',(0.,0.,-1.));
#11355=DIRECTION('',(1.,0.,0.));
#11356=DIRECTION('',(-1.,0.,0.));
#11357=DIRECTION('',(0.,0.,1.));
#11358=DIRECTION('',(1.,0.,0.));
#11359=DIRECTION('',(1.,0.,0.));
#11360=DIRECTION('',(0.,0.,-1.));
#11361=DIRECTION('',(1.,0.,0.));
#11362=DIRECTION('',(0.,0.,-1.));
#11363=DIRECTION('',(1.,0.,0.));
#11364=DIRECTION('',(1.,0.,0.));
#11365=DIRECTION('',(0.,0.,-1.));
#11366=DIRECTION('',(1.,0.,0.));
#11367=DIRECTION('',(-1.,0.,0.));
#11368=DIRECTION('',(0.,0.,1.));
#11369=DIRECTION('',(1.,0.,0.));
#11370=DIRECTION('',(0.,0.,-1.));
#11371=DIRECTION('',(1.,0.,0.));
#11372=DIRECTION('',(1.,0.,0.));
#11373=DIRECTION('',(0.,0.,-1.));
#11374=DIRECTION('',(1.,0.,0.));
#11375=DIRECTION('',(-1.,0.,0.));
#11376=DIRECTION('',(0.,0.,1.));
#11377=DIRECTION('',(1.,0.,0.));
#11378=DIRECTION('',(0.,0.,-1.));
#11379=DIRECTION('',(1.,0.,0.));
#11380=DIRECTION('',(1.,0.,0.));
#11381=DIRECTION('',(0.,0.,-1.));
#11382=DIRECTION('',(1.,0.,0.));
#11383=DIRECTION('',(-1.,0.,0.));
#11384=DIRECTION('',(0.,0.,1.));
#11385=DIRECTION('',(1.,0.,0.));
#11386=DIRECTION('',(0.,0.,-1.));
#11387=DIRECTION('',(1.,0.,0.));
#11388=DIRECTION('',(1.,0.,0.));
#11389=DIRECTION('',(0.,0.,-1.));
#11390=DIRECTION('',(1.,0.,0.));
#11391=DIRECTION('',(-1.,0.,0.));
#11392=DIRECTION('',(0.,0.,1.));
#11393=DIRECTION('',(1.,0.,0.));
#11394=DIRECTION('',(0.,0.,-1.));
#11395=DIRECTION('',(1.,0.,0.));
#11396=DIRECTION('',(1.,0.,0.));
#11397=DIRECTION('',(0.,0.,-1.));
#11398=DIRECTION('',(1.,0.,0.));
#11399=DIRECTION('',(-1.,0.,0.));
#11400=DIRECTION('',(0.,0.,1.));
#11401=DIRECTION('',(1.,0.,0.));
#11402=DIRECTION('',(0.,0.,-1.));
#11403=DIRECTION('',(1.,0.,0.));
#11404=DIRECTION('',(1.,0.,0.));
#11405=DIRECTION('',(0.,0.,-1.));
#11406=DIRECTION('',(1.,0.,0.));
#11407=DIRECTION('',(-1.,0.,0.));
#11408=DIRECTION('',(0.,0.,1.));
#11409=DIRECTION('',(1.,0.,0.));
#11410=DIRECTION('',(0.,0.,-1.));
#11411=DIRECTION('',(1.,0.,0.));
#11412=DIRECTION('',(1.,0.,0.));
#11413=DIRECTION('',(0.,0.,-1.));
#11414=DIRECTION('',(1.,0.,0.));
#11415=DIRECTION('',(-1.,0.,0.));
#11416=DIRECTION('',(0.,0.,1.));
#11417=DIRECTION('',(1.,0.,0.));
#11418=DIRECTION('',(0.,0.,-1.));
#11419=DIRECTION('',(1.,0.,0.));
#11420=DIRECTION('',(1.,0.,0.));
#11421=DIRECTION('',(0.,0.,-1.));
#11422=DIRECTION('',(1.,0.,0.));
#11423=DIRECTION('',(-1.,0.,0.));
#11424=DIRECTION('',(0.,0.,1.));
#11425=DIRECTION('',(0.,-0.50000000000001,0.866025403784433));
#11426=DIRECTION('',(0.,-0.866025403784433,-0.50000000000001));
#11427=DIRECTION('',(0.,-0.866025403784433,-0.50000000000001));
#11428=DIRECTION('',(0.,-0.866025403784433,-0.50000000000001));
#11429=DIRECTION('',(1.,0.,0.));
#11430=DIRECTION('',(0.,-0.50000000000001,0.866025403784433));
#11431=DIRECTION('',(0.,-0.866025403784433,-0.50000000000001));
#11432=DIRECTION('',(0.,0.866025403784433,0.50000000000001));
#11433=DIRECTION('',(1.,0.,0.));
#11434=DIRECTION('',(0.,-0.866025403784433,-0.50000000000001));
#11435=DIRECTION('',(0.,-0.50000000000001,0.866025403784433));
#11436=DIRECTION('',(0.,-0.866025403784433,-0.50000000000001));
#11437=DIRECTION('',(0.,0.866025403784433,0.50000000000001));
#11438=DIRECTION('',(1.,0.,0.));
#11439=DIRECTION('',(0.,-0.866025403784433,-0.50000000000001));
#11440=DIRECTION('',(0.,-0.50000000000001,0.866025403784433));
#11441=DIRECTION('',(0.,-0.866025403784433,-0.50000000000001));
#11442=DIRECTION('',(0.,0.866025403784433,0.50000000000001));
#11443=DIRECTION('',(1.,0.,0.));
#11444=DIRECTION('',(0.,-0.866025403784433,-0.50000000000001));
#11445=DIRECTION('',(0.,-0.50000000000001,0.866025403784433));
#11446=DIRECTION('',(0.,-0.866025403784433,-0.50000000000001));
#11447=DIRECTION('',(0.,0.866025403784433,0.50000000000001));
#11448=DIRECTION('',(1.,0.,0.));
#11449=DIRECTION('',(0.,-0.866025403784433,-0.50000000000001));
#11450=DIRECTION('',(0.,-0.50000000000001,0.866025403784433));
#11451=DIRECTION('',(0.,-0.866025403784433,-0.50000000000001));
#11452=DIRECTION('',(0.,0.866025403784433,0.50000000000001));
#11453=DIRECTION('',(1.,0.,0.));
#11454=DIRECTION('',(0.,-0.866025403784433,-0.50000000000001));
#11455=DIRECTION('',(0.,-0.50000000000001,0.866025403784433));
#11456=DIRECTION('',(0.,-0.866025403784433,-0.50000000000001));
#11457=DIRECTION('',(0.,0.866025403784433,0.50000000000001));
#11458=DIRECTION('',(1.,0.,0.));
#11459=DIRECTION('',(0.,-0.866025403784433,-0.50000000000001));
#11460=DIRECTION('',(0.,-0.50000000000001,0.866025403784433));
#11461=DIRECTION('',(0.,-0.866025403784433,-0.50000000000001));
#11462=DIRECTION('',(0.,0.866025403784433,0.50000000000001));
#11463=DIRECTION('',(1.,0.,0.));
#11464=DIRECTION('',(0.,-0.866025403784433,-0.50000000000001));
#11465=DIRECTION('',(0.,-0.50000000000001,0.866025403784433));
#11466=DIRECTION('',(0.,-0.866025403784433,-0.50000000000001));
#11467=DIRECTION('',(0.,0.866025403784433,0.50000000000001));
#11468=DIRECTION('',(1.,0.,0.));
#11469=DIRECTION('',(0.,-0.866025403784433,-0.50000000000001));
#11470=DIRECTION('',(1.,0.,0.));
#11471=DIRECTION('',(0.,0.,-1.));
#11472=DIRECTION('',(-1.,0.,0.));
#11473=DIRECTION('',(0.,0.,1.));
#11474=DIRECTION('',(1.,0.,0.));
#11475=DIRECTION('',(0.,0.,-1.));
#11476=DIRECTION('',(1.,0.,0.));
#11477=DIRECTION('',(1.,0.,0.));
#11478=DIRECTION('',(0.,0.,-1.));
#11479=DIRECTION('',(1.,0.,0.));
#11480=DIRECTION('',(0.,0.,-1.));
#11481=DIRECTION('',(1.,0.,0.));
#11482=DIRECTION('',(-1.,0.,0.));
#11483=DIRECTION('',(0.,0.,1.));
#11484=DIRECTION('',(1.,0.,0.));
#11485=DIRECTION('',(0.,0.,-1.));
#11486=DIRECTION('',(1.,0.,0.));
#11487=DIRECTION('',(0.,0.,-1.));
#11488=DIRECTION('',(1.,0.,0.));
#11489=DIRECTION('',(-1.,0.,0.));
#11490=DIRECTION('',(0.,0.,1.));
#11491=DIRECTION('',(1.,0.,0.));
#11492=DIRECTION('',(0.,0.,-1.));
#11493=DIRECTION('',(1.,0.,0.));
#11494=DIRECTION('',(0.,0.,-1.));
#11495=DIRECTION('',(1.,0.,0.));
#11496=DIRECTION('',(-1.,0.,0.));
#11497=DIRECTION('',(0.,0.,1.));
#11498=DIRECTION('',(1.,0.,0.));
#11499=DIRECTION('',(0.,0.,-1.));
#11500=DIRECTION('',(1.,0.,0.));
#11501=DIRECTION('',(0.,0.,-1.));
#11502=DIRECTION('',(1.,0.,0.));
#11503=DIRECTION('',(-1.,0.,0.));
#11504=DIRECTION('',(0.,0.,1.));
#11505=DIRECTION('',(1.,0.,0.));
#11506=DIRECTION('',(0.,0.,-1.));
#11507=DIRECTION('',(1.,0.,0.));
#11508=DIRECTION('',(0.,0.,-1.));
#11509=DIRECTION('',(1.,0.,0.));
#11510=DIRECTION('',(-1.,0.,0.));
#11511=DIRECTION('',(0.,0.,1.));
#11512=DIRECTION('',(1.,0.,0.));
#11513=DIRECTION('',(0.,0.,-1.));
#11514=DIRECTION('',(1.,0.,0.));
#11515=DIRECTION('',(0.,0.,-1.));
#11516=DIRECTION('',(1.,0.,0.));
#11517=DIRECTION('',(-1.,0.,0.));
#11518=DIRECTION('',(0.,0.,1.));
#11519=DIRECTION('',(1.,0.,0.));
#11520=DIRECTION('',(0.,0.,-1.));
#11521=DIRECTION('',(1.,0.,0.));
#11522=DIRECTION('',(0.,0.,-1.));
#11523=DIRECTION('',(1.,0.,0.));
#11524=DIRECTION('',(-1.,0.,0.));
#11525=DIRECTION('',(0.,0.,1.));
#11526=DIRECTION('',(1.,0.,0.));
#11527=DIRECTION('',(0.,0.,-1.));
#11528=DIRECTION('',(1.,0.,0.));
#11529=DIRECTION('',(0.,0.,-1.));
#11530=DIRECTION('',(1.,0.,0.));
#11531=DIRECTION('',(-1.,0.,0.));
#11532=DIRECTION('',(0.,0.,1.));
#11533=DIRECTION('',(0.,-1.,0.));
#11534=DIRECTION('',(0.,0.,-1.));
#11535=DIRECTION('',(0.,0.,-1.));
#11536=DIRECTION('',(0.,0.,-1.));
#11537=DIRECTION('',(1.,0.,0.));
#11538=DIRECTION('',(0.,-1.,0.));
#11539=DIRECTION('',(0.,0.,-1.));
#11540=DIRECTION('',(0.,0.,1.));
#11541=DIRECTION('',(1.,0.,0.));
#11542=DIRECTION('',(0.,0.,-1.));
#11543=DIRECTION('',(0.,-1.,0.));
#11544=DIRECTION('',(0.,0.,-1.));
#11545=DIRECTION('',(0.,0.,1.));
#11546=DIRECTION('',(1.,0.,0.));
#11547=DIRECTION('',(0.,0.,-1.));
#11548=DIRECTION('',(0.,-1.,0.));
#11549=DIRECTION('',(0.,0.,-1.));
#11550=DIRECTION('',(0.,0.,1.));
#11551=DIRECTION('',(1.,0.,0.));
#11552=DIRECTION('',(0.,0.,-1.));
#11553=DIRECTION('',(0.,-1.,0.));
#11554=DIRECTION('',(0.,0.,-1.));
#11555=DIRECTION('',(0.,0.,1.));
#11556=DIRECTION('',(1.,0.,0.));
#11557=DIRECTION('',(0.,0.,-1.));
#11558=DIRECTION('',(0.,-1.,0.));
#11559=DIRECTION('',(0.,0.,-1.));
#11560=DIRECTION('',(0.,0.,1.));
#11561=DIRECTION('',(1.,0.,0.));
#11562=DIRECTION('',(0.,0.,-1.));
#11563=DIRECTION('',(0.,-1.,0.));
#11564=DIRECTION('',(0.,0.,-1.));
#11565=DIRECTION('',(0.,0.,1.));
#11566=DIRECTION('',(1.,0.,0.));
#11567=DIRECTION('',(0.,0.,-1.));
#11568=DIRECTION('',(0.,-1.,0.));
#11569=DIRECTION('',(0.,0.,-1.));
#11570=DIRECTION('',(0.,0.,1.));
#11571=DIRECTION('',(1.,0.,0.));
#11572=DIRECTION('',(0.,0.,-1.));
#11573=DIRECTION('',(0.,-1.,0.));
#11574=DIRECTION('',(0.,0.,-1.));
#11575=DIRECTION('',(0.,0.,1.));
#11576=DIRECTION('',(1.,0.,0.));
#11577=DIRECTION('',(0.,0.,-1.));
#11578=DIRECTION('',(0.,0.,-1.));
#11579=DIRECTION('',(-1.,0.,0.));
#11580=DIRECTION('',(0.,1.,0.));
#11581=DIRECTION('',(0.,1.,0.));
#11582=DIRECTION('',(1.,0.,0.));
#11583=DIRECTION('',(0.,0.,-1.));
#11584=DIRECTION('',(-1.,0.,0.));
#11585=DIRECTION('',(0.,-1.,0.));
#11586=DIRECTION('',(1.,0.,0.));
#11587=DIRECTION('',(0.,1.,0.));
#11588=DIRECTION('',(0.,0.,-1.));
#11589=DIRECTION('',(-1.,0.,0.));
#11590=DIRECTION('',(0.,-1.,0.));
#11591=DIRECTION('',(1.,0.,0.));
#11592=DIRECTION('',(0.,1.,0.));
#11593=DIRECTION('',(0.,0.,-1.));
#11594=DIRECTION('',(-1.,0.,0.));
#11595=DIRECTION('',(0.,-1.,0.));
#11596=DIRECTION('',(1.,0.,0.));
#11597=DIRECTION('',(0.,1.,0.));
#11598=DIRECTION('',(0.,0.,-1.));
#11599=DIRECTION('',(-1.,0.,0.));
#11600=DIRECTION('',(0.,-1.,0.));
#11601=DIRECTION('',(1.,0.,0.));
#11602=DIRECTION('',(0.,1.,0.));
#11603=DIRECTION('',(0.,0.,-1.));
#11604=DIRECTION('',(-1.,0.,0.));
#11605=DIRECTION('',(0.,-1.,0.));
#11606=DIRECTION('',(1.,0.,0.));
#11607=DIRECTION('',(0.,1.,0.));
#11608=DIRECTION('',(0.,0.,-1.));
#11609=DIRECTION('',(-1.,0.,0.));
#11610=DIRECTION('',(0.,-1.,0.));
#11611=DIRECTION('',(1.,0.,0.));
#11612=DIRECTION('',(0.,1.,0.));
#11613=DIRECTION('',(0.,0.,-1.));
#11614=DIRECTION('',(-1.,0.,0.));
#11615=DIRECTION('',(0.,-1.,0.));
#11616=DIRECTION('',(1.,0.,0.));
#11617=DIRECTION('',(0.,1.,0.));
#11618=DIRECTION('',(0.,0.,-1.));
#11619=DIRECTION('',(-1.,0.,0.));
#11620=DIRECTION('',(0.,-1.,0.));
#11621=DIRECTION('',(1.,0.,0.));
#11622=DIRECTION('',(0.,1.,0.));
#11623=DIRECTION('',(0.,1.,0.));
#11624=DIRECTION('',(0.,0.,1.));
#11625=DIRECTION('',(0.,0.,1.));
#11626=DIRECTION('',(0.,0.,1.));
#11627=DIRECTION('',(1.,0.,0.));
#11628=DIRECTION('',(0.,1.,0.));
#11629=DIRECTION('',(0.,0.,1.));
#11630=DIRECTION('',(0.,0.,-1.));
#11631=DIRECTION('',(1.,0.,0.));
#11632=DIRECTION('',(0.,0.,1.));
#11633=DIRECTION('',(0.,1.,0.));
#11634=DIRECTION('',(0.,0.,1.));
#11635=DIRECTION('',(0.,0.,-1.));
#11636=DIRECTION('',(1.,0.,0.));
#11637=DIRECTION('',(0.,0.,1.));
#11638=DIRECTION('',(0.,1.,0.));
#11639=DIRECTION('',(0.,0.,1.));
#11640=DIRECTION('',(0.,0.,-1.));
#11641=DIRECTION('',(1.,0.,0.));
#11642=DIRECTION('',(0.,0.,1.));
#11643=DIRECTION('',(0.,1.,0.));
#11644=DIRECTION('',(0.,0.,1.));
#11645=DIRECTION('',(0.,0.,-1.));
#11646=DIRECTION('',(1.,0.,0.));
#11647=DIRECTION('',(0.,0.,1.));
#11648=DIRECTION('',(0.,1.,0.));
#11649=DIRECTION('',(0.,0.,1.));
#11650=DIRECTION('',(0.,0.,-1.));
#11651=DIRECTION('',(1.,0.,0.));
#11652=DIRECTION('',(0.,0.,1.));
#11653=DIRECTION('',(0.,1.,0.));
#11654=DIRECTION('',(0.,0.,1.));
#11655=DIRECTION('',(0.,0.,-1.));
#11656=DIRECTION('',(1.,0.,0.));
#11657=DIRECTION('',(0.,0.,1.));
#11658=DIRECTION('',(0.,1.,0.));
#11659=DIRECTION('',(0.,0.,1.));
#11660=DIRECTION('',(0.,0.,-1.));
#11661=DIRECTION('',(1.,0.,0.));
#11662=DIRECTION('',(0.,0.,1.));
#11663=DIRECTION('',(0.,1.,0.));
#11664=DIRECTION('',(0.,0.,1.));
#11665=DIRECTION('',(0.,0.,-1.));
#11666=DIRECTION('',(1.,0.,0.));
#11667=DIRECTION('',(0.,0.,1.));
#11668=DIRECTION('',(1.,0.,0.));
#11669=DIRECTION('',(0.,0.,-1.));
#11670=DIRECTION('',(1.,0.,0.));
#11671=DIRECTION('',(-1.,0.,0.));
#11672=DIRECTION('',(0.,0.,1.));
#11673=DIRECTION('',(1.,0.,0.));
#11674=DIRECTION('',(0.,0.,-1.));
#11675=DIRECTION('',(1.,0.,0.));
#11676=DIRECTION('',(0.,0.,-1.));
#11677=DIRECTION('',(1.,0.,0.));
#11678=DIRECTION('',(0.,0.,-1.));
#11679=DIRECTION('',(1.,0.,0.));
#11680=DIRECTION('',(-1.,0.,0.));
#11681=DIRECTION('',(0.,0.,1.));
#11682=DIRECTION('',(1.,0.,0.));
#11683=DIRECTION('',(0.,0.,-1.));
#11684=DIRECTION('',(1.,0.,0.));
#11685=DIRECTION('',(0.,0.,-1.));
#11686=DIRECTION('',(1.,0.,0.));
#11687=DIRECTION('',(-1.,0.,0.));
#11688=DIRECTION('',(0.,0.,1.));
#11689=DIRECTION('',(1.,0.,0.));
#11690=DIRECTION('',(0.,0.,-1.));
#11691=DIRECTION('',(1.,0.,0.));
#11692=DIRECTION('',(0.,0.,-1.));
#11693=DIRECTION('',(1.,0.,0.));
#11694=DIRECTION('',(-1.,0.,0.));
#11695=DIRECTION('',(0.,0.,1.));
#11696=DIRECTION('',(1.,0.,0.));
#11697=DIRECTION('',(0.,0.,-1.));
#11698=DIRECTION('',(1.,0.,0.));
#11699=DIRECTION('',(0.,0.,-1.));
#11700=DIRECTION('',(1.,0.,0.));
#11701=DIRECTION('',(-1.,0.,0.));
#11702=DIRECTION('',(0.,0.,1.));
#11703=DIRECTION('',(1.,0.,0.));
#11704=DIRECTION('',(0.,0.,-1.));
#11705=DIRECTION('',(1.,0.,0.));
#11706=DIRECTION('',(0.,0.,-1.));
#11707=DIRECTION('',(1.,0.,0.));
#11708=DIRECTION('',(-1.,0.,0.));
#11709=DIRECTION('',(0.,0.,1.));
#11710=DIRECTION('',(1.,0.,0.));
#11711=DIRECTION('',(0.,0.,-1.));
#11712=DIRECTION('',(1.,0.,0.));
#11713=DIRECTION('',(0.,0.,-1.));
#11714=DIRECTION('',(1.,0.,0.));
#11715=DIRECTION('',(-1.,0.,0.));
#11716=DIRECTION('',(0.,0.,1.));
#11717=DIRECTION('',(1.,0.,0.));
#11718=DIRECTION('',(0.,0.,-1.));
#11719=DIRECTION('',(1.,0.,0.));
#11720=DIRECTION('',(0.,0.,-1.));
#11721=DIRECTION('',(1.,0.,0.));
#11722=DIRECTION('',(-1.,0.,0.));
#11723=DIRECTION('',(0.,0.,1.));
#11724=DIRECTION('',(1.,0.,0.));
#11725=DIRECTION('',(0.,0.,-1.));
#11726=DIRECTION('',(1.,0.,0.));
#11727=DIRECTION('',(0.,0.,-1.));
#11728=DIRECTION('',(1.,0.,0.));
#11729=DIRECTION('',(-1.,0.,0.));
#11730=DIRECTION('',(0.,0.,1.));
#11731=DIRECTION('',(0.,0.500000000000008,-0.866025403784434));
#11732=DIRECTION('',(0.,0.866025403784434,0.500000000000008));
#11733=DIRECTION('',(0.,0.866025403784434,0.500000000000008));
#11734=DIRECTION('',(0.,0.866025403784434,0.500000000000008));
#11735=DIRECTION('',(1.,0.,0.));
#11736=DIRECTION('',(0.,0.500000000000008,-0.866025403784434));
#11737=DIRECTION('',(0.,0.866025403784434,0.500000000000008));
#11738=DIRECTION('',(0.,-0.866025403784434,-0.500000000000008));
#11739=DIRECTION('',(1.,0.,0.));
#11740=DIRECTION('',(0.,0.866025403784434,0.500000000000008));
#11741=DIRECTION('',(0.,0.500000000000008,-0.866025403784434));
#11742=DIRECTION('',(0.,0.866025403784434,0.500000000000008));
#11743=DIRECTION('',(0.,-0.866025403784434,-0.500000000000008));
#11744=DIRECTION('',(1.,0.,0.));
#11745=DIRECTION('',(0.,0.866025403784434,0.500000000000008));
#11746=DIRECTION('',(0.,0.500000000000008,-0.866025403784434));
#11747=DIRECTION('',(0.,0.866025403784434,0.500000000000008));
#11748=DIRECTION('',(0.,-0.866025403784434,-0.500000000000008));
#11749=DIRECTION('',(1.,0.,0.));
#11750=DIRECTION('',(0.,0.866025403784434,0.500000000000008));
#11751=DIRECTION('',(0.,0.500000000000008,-0.866025403784434));
#11752=DIRECTION('',(0.,0.866025403784434,0.500000000000008));
#11753=DIRECTION('',(0.,-0.866025403784434,-0.500000000000008));
#11754=DIRECTION('',(1.,0.,0.));
#11755=DIRECTION('',(0.,0.866025403784434,0.500000000000008));
#11756=DIRECTION('',(0.,0.500000000000008,-0.866025403784434));
#11757=DIRECTION('',(0.,0.866025403784434,0.500000000000008));
#11758=DIRECTION('',(0.,-0.866025403784434,-0.500000000000008));
#11759=DIRECTION('',(1.,0.,0.));
#11760=DIRECTION('',(0.,0.866025403784434,0.500000000000008));
#11761=DIRECTION('',(0.,0.500000000000008,-0.866025403784434));
#11762=DIRECTION('',(0.,0.866025403784434,0.500000000000008));
#11763=DIRECTION('',(0.,-0.866025403784434,-0.500000000000008));
#11764=DIRECTION('',(1.,0.,0.));
#11765=DIRECTION('',(0.,0.866025403784434,0.500000000000008));
#11766=DIRECTION('',(0.,0.500000000000008,-0.866025403784434));
#11767=DIRECTION('',(0.,0.866025403784434,0.500000000000008));
#11768=DIRECTION('',(0.,-0.866025403784434,-0.500000000000008));
#11769=DIRECTION('',(1.,0.,0.));
#11770=DIRECTION('',(0.,0.866025403784434,0.500000000000008));
#11771=DIRECTION('',(0.,0.500000000000008,-0.866025403784434));
#11772=DIRECTION('',(0.,0.866025403784434,0.500000000000008));
#11773=DIRECTION('',(0.,-0.866025403784434,-0.500000000000008));
#11774=DIRECTION('',(1.,0.,0.));
#11775=DIRECTION('',(0.,0.866025403784434,0.500000000000008));
#11776=DIRECTION('',(1.,0.,0.));
#11777=DIRECTION('',(0.,0.,-1.));
#11778=DIRECTION('',(-1.,0.,0.));
#11779=DIRECTION('',(0.,0.,1.));
#11780=DIRECTION('',(1.,0.,0.));
#11781=DIRECTION('',(0.,0.,-1.));
#11782=DIRECTION('',(1.,0.,0.));
#11783=DIRECTION('',(1.,0.,0.));
#11784=DIRECTION('',(0.,0.,-1.));
#11785=DIRECTION('',(1.,0.,0.));
#11786=DIRECTION('',(0.,0.,-1.));
#11787=DIRECTION('',(1.,0.,0.));
#11788=DIRECTION('',(-1.,0.,0.));
#11789=DIRECTION('',(0.,0.,1.));
#11790=DIRECTION('',(1.,0.,0.));
#11791=DIRECTION('',(0.,0.,-1.));
#11792=DIRECTION('',(1.,0.,0.));
#11793=DIRECTION('',(0.,0.,-1.));
#11794=DIRECTION('',(1.,0.,0.));
#11795=DIRECTION('',(-1.,0.,0.));
#11796=DIRECTION('',(0.,0.,1.));
#11797=DIRECTION('',(1.,0.,0.));
#11798=DIRECTION('',(0.,0.,-1.));
#11799=DIRECTION('',(1.,0.,0.));
#11800=DIRECTION('',(0.,0.,-1.));
#11801=DIRECTION('',(1.,0.,0.));
#11802=DIRECTION('',(-1.,0.,0.));
#11803=DIRECTION('',(0.,0.,1.));
#11804=DIRECTION('',(1.,0.,0.));
#11805=DIRECTION('',(0.,0.,-1.));
#11806=DIRECTION('',(1.,0.,0.));
#11807=DIRECTION('',(0.,0.,-1.));
#11808=DIRECTION('',(1.,0.,0.));
#11809=DIRECTION('',(-1.,0.,0.));
#11810=DIRECTION('',(0.,0.,1.));
#11811=DIRECTION('',(1.,0.,0.));
#11812=DIRECTION('',(0.,0.,-1.));
#11813=DIRECTION('',(1.,0.,0.));
#11814=DIRECTION('',(0.,0.,-1.));
#11815=DIRECTION('',(1.,0.,0.));
#11816=DIRECTION('',(-1.,0.,0.));
#11817=DIRECTION('',(0.,0.,1.));
#11818=DIRECTION('',(1.,0.,0.));
#11819=DIRECTION('',(0.,0.,-1.));
#11820=DIRECTION('',(1.,0.,0.));
#11821=DIRECTION('',(0.,0.,-1.));
#11822=DIRECTION('',(1.,0.,0.));
#11823=DIRECTION('',(-1.,0.,0.));
#11824=DIRECTION('',(0.,0.,1.));
#11825=DIRECTION('',(1.,0.,0.));
#11826=DIRECTION('',(0.,0.,-1.));
#11827=DIRECTION('',(1.,0.,0.));
#11828=DIRECTION('',(0.,0.,-1.));
#11829=DIRECTION('',(1.,0.,0.));
#11830=DIRECTION('',(-1.,0.,0.));
#11831=DIRECTION('',(0.,0.,1.));
#11832=DIRECTION('',(1.,0.,0.));
#11833=DIRECTION('',(0.,0.,-1.));
#11834=DIRECTION('',(1.,0.,0.));
#11835=DIRECTION('',(0.,0.,-1.));
#11836=DIRECTION('',(1.,0.,0.));
#11837=DIRECTION('',(-1.,0.,0.));
#11838=DIRECTION('',(0.,0.,1.));
#11839=DIRECTION('',(0.,0.86602540378444,0.499999999999999));
#11840=DIRECTION('',(0.,-0.499999999999999,0.866025403784439));
#11841=DIRECTION('',(-0.251459440302202,-0.483933918495826,0.838198134340669));
#11842=DIRECTION('',(1.,0.,0.));
#11843=DIRECTION('',(-0.251459440302204,0.483933918495826,-0.838198134340669));
#11844=DIRECTION('',(1.,0.,0.));
#11845=DIRECTION('',(0.,0.,1.));
#11846=DIRECTION('',(1.,0.,0.));
#11847=DIRECTION('',(0.,-1.,0.));
#11848=DIRECTION('',(0.,-1.,0.));
#11849=DIRECTION('',(1.,0.,0.));
#11850=DIRECTION('',(0.,-0.866025403784439,0.5));
#11851=DIRECTION('',(0.,-0.5,-0.866025403784439));
#11852=DIRECTION('',(0.251459440302202,-0.483933918495827,-0.838198134340669));
#11853=DIRECTION('',(0.251459440302203,0.483933918495827,0.838198134340669));
#11854=DIRECTION('',(1.,0.,0.));
#11855=DIRECTION('',(0.,-1.,0.));
#11856=DIRECTION('',(0.,0.,-1.));
#11857=DIRECTION('',(0.287347885566346,0.,-0.957826285221151));
#11858=DIRECTION('',(0.287347885566346,0.,0.957826285221151));
#11859=DIRECTION('',(0.,0.,1.));
#11860=DIRECTION('',(1.,0.,3.7663345500886E-16));
#11861=DIRECTION('',(0.,0.,-1.));
#11862=DIRECTION('',(0.287347885566346,0.,-0.957826285221151));
#11863=DIRECTION('',(0.287347885566343,0.,0.957826285221152));
#11864=DIRECTION('',(0.,0.,1.));
#11865=DIRECTION('',(1.,0.,3.7663345500886E-16));
#11866=DIRECTION('',(0.,0.,-1.));
#11867=DIRECTION('',(0.287347885566346,0.,-0.957826285221151));
#11868=DIRECTION('',(0.287347885566346,0.,0.957826285221151));
#11869=DIRECTION('',(0.,0.,1.));
#11870=DIRECTION('',(1.,0.,3.7663345500886E-16));
#11871=DIRECTION('',(0.,0.,-1.));
#11872=DIRECTION('',(0.287347885566346,0.,-0.957826285221151));
#11873=DIRECTION('',(0.287347885566346,0.,0.957826285221152));
#11874=DIRECTION('',(0.,0.,1.));
#11875=DIRECTION('',(1.,0.,3.7663345500886E-16));
#11876=DIRECTION('',(0.,0.,-1.));
#11877=DIRECTION('',(0.287347885566346,0.,-0.957826285221151));
#11878=DIRECTION('',(0.287347885566346,0.,0.957826285221151));
#11879=DIRECTION('',(0.,0.,1.));
#11880=DIRECTION('',(1.,0.,3.7663345500886E-16));
#11881=DIRECTION('',(0.,0.,-1.));
#11882=DIRECTION('',(0.287347885566346,0.,-0.957826285221151));
#11883=DIRECTION('',(0.287347885566346,0.,0.957826285221152));
#11884=DIRECTION('',(0.,0.,1.));
#11885=DIRECTION('',(1.,0.,3.7663345500886E-16));
#11886=DIRECTION('',(0.,0.,-1.));
#11887=DIRECTION('',(0.287347885566346,0.,-0.957826285221151));
#11888=DIRECTION('',(0.287347885566346,0.,0.957826285221151));
#11889=DIRECTION('',(0.,0.,1.));
#11890=DIRECTION('',(1.,0.,3.7663345500886E-16));
#11891=DIRECTION('',(0.,0.,-1.));
#11892=DIRECTION('',(0.287347885566345,0.,-0.957826285221152));
#11893=DIRECTION('',(0.287347885566346,0.,0.957826285221151));
#11894=DIRECTION('',(0.,0.,1.));
#11895=DIRECTION('',(1.,0.,3.7663345500886E-16));
#11896=DIRECTION('',(0.,0.,-1.));
#11897=DIRECTION('',(0.287347885566346,0.,-0.957826285221151));
#11898=DIRECTION('',(0.287347885566346,0.,0.957826285221151));
#11899=DIRECTION('',(0.,0.,1.));
#11900=DIRECTION('',(1.,0.,3.7663345500886E-16));
#11901=DIRECTION('',(0.,0.,-1.));
#11902=DIRECTION('',(0.287347885566346,0.,-0.957826285221151));
#11903=DIRECTION('',(0.287347885566348,0.,0.957826285221151));
#11904=DIRECTION('',(0.,0.,-1.));
#11905=DIRECTION('',(1.,0.,0.));
#11906=DIRECTION('',(0.,0.,-1.));
#11907=DIRECTION('',(0.,7.84653031268458E-17,1.));
#11908=DIRECTION('',(0.,-1.,7.84653031268458E-17));
#11909=DIRECTION('',(0.,-1.,7.84653031268458E-17));
#11910=DIRECTION('',(0.,-1.,7.84653031268458E-17));
#11911=DIRECTION('',(1.,0.,0.));
#11912=DIRECTION('',(0.,1.,0.));
#11913=DIRECTION('',(0.,0.,1.));
#11914=DIRECTION('',(-0.287347885566346,0.,0.957826285221151));
#11915=DIRECTION('',(0.,0.,1.));
#11916=DIRECTION('',(0.,0.,1.));
#11917=DIRECTION('',(-0.287347885566348,0.,-0.957826285221151));
#11918=DIRECTION('',(1.,0.,0.));
#11919=DIRECTION('',(-0.287347885566346,0.,0.957826285221151));
#11920=DIRECTION('',(0.,0.,1.));
#11921=DIRECTION('',(-1.,0.,-3.7663345500886E-16));
#11922=DIRECTION('',(0.,0.,-1.));
#11923=DIRECTION('',(-0.287347885566346,0.,-0.957826285221151));
#11924=DIRECTION('',(-0.287347885566346,0.,0.957826285221151));
#11925=DIRECTION('',(0.,0.,1.));
#11926=DIRECTION('',(-1.,0.,-3.7663345500886E-16));
#11927=DIRECTION('',(0.,0.,-1.));
#11928=DIRECTION('',(-0.287347885566346,0.,-0.957826285221151));
#11929=DIRECTION('',(-0.287347885566345,0.,0.957826285221152));
#11930=DIRECTION('',(0.,0.,1.));
#11931=DIRECTION('',(-1.,0.,-3.7663345500886E-16));
#11932=DIRECTION('',(0.,0.,-1.));
#11933=DIRECTION('',(-0.287347885566346,0.,-0.957826285221151));
#11934=DIRECTION('',(-0.287347885566346,0.,0.957826285221151));
#11935=DIRECTION('',(0.,0.,1.));
#11936=DIRECTION('',(-1.,0.,-3.7663345500886E-16));
#11937=DIRECTION('',(0.,0.,-1.));
#11938=DIRECTION('',(-0.287347885566346,0.,-0.957826285221152));
#11939=DIRECTION('',(-0.287347885566346,0.,0.957826285221151));
#11940=DIRECTION('',(0.,0.,1.));
#11941=DIRECTION('',(-1.,0.,-3.7663345500886E-16));
#11942=DIRECTION('',(0.,0.,-1.));
#11943=DIRECTION('',(-0.287347885566346,0.,-0.957826285221151));
#11944=DIRECTION('',(-0.287347885566346,0.,0.957826285221151));
#11945=DIRECTION('',(0.,0.,1.));
#11946=DIRECTION('',(-1.,0.,-3.7663345500886E-16));
#11947=DIRECTION('',(0.,0.,-1.));
#11948=DIRECTION('',(-0.287347885566346,0.,-0.957826285221152));
#11949=DIRECTION('',(-0.287347885566346,0.,0.957826285221151));
#11950=DIRECTION('',(0.,0.,1.));
#11951=DIRECTION('',(-1.,0.,-3.7663345500886E-16));
#11952=DIRECTION('',(0.,0.,-1.));
#11953=DIRECTION('',(-0.287347885566346,0.,-0.957826285221151));
#11954=DIRECTION('',(-0.287347885566346,0.,0.957826285221151));
#11955=DIRECTION('',(0.,0.,1.));
#11956=DIRECTION('',(-1.,0.,-3.7663345500886E-16));
#11957=DIRECTION('',(0.,0.,-1.));
#11958=DIRECTION('',(-0.287347885566343,0.,-0.957826285221152));
#11959=DIRECTION('',(-0.287347885566346,0.,0.957826285221151));
#11960=DIRECTION('',(0.,0.,1.));
#11961=DIRECTION('',(-1.,0.,-3.7663345500886E-16));
#11962=DIRECTION('',(0.,0.,-1.));
#11963=DIRECTION('',(-0.287347885566346,0.,-0.957826285221151));
#11964=DIRECTION('',(0.,0.866025403784439,0.5));
#11965=DIRECTION('',(0.,-0.5,0.866025403784439));
#11966=DIRECTION('',(-0.251459440302202,-0.483933918495827,0.838198134340669));
#11967=DIRECTION('',(-0.251459440302203,0.483933918495827,-0.838198134340669));
#11968=DIRECTION('',(1.,0.,0.));
#11969=DIRECTION('',(0.,0.,1.));
#11970=DIRECTION('',(1.,0.,0.));
#11971=DIRECTION('',(0.,-1.,0.));
#11972=DIRECTION('',(0.,-1.,0.));
#11973=DIRECTION('',(1.,0.,0.));
#11974=DIRECTION('',(0.,-0.866025403784438,0.5));
#11975=DIRECTION('',(0.,-0.5,-0.866025403784439));
#11976=DIRECTION('',(0.251459440302201,-0.483933918495827,-0.838198134340669));
#11977=DIRECTION('',(0.251459440302203,0.483933918495827,0.838198134340668));
#11978=DIRECTION('',(1.,0.,0.));
#11979=DIRECTION('',(0.,-1.,0.));
#11980=DIRECTION('',(0.,0.,-1.));
#11981=DIRECTION('',(0.,0.,-1.));
#11982=DIRECTION('',(-1.,0.,-3.7663345500886E-16));
#11983=DIRECTION('',(0.,0.,1.));
#11984=DIRECTION('',(0.,0.,-1.));
#11985=DIRECTION('',(-1.,0.,-3.7663345500886E-16));
#11986=DIRECTION('',(0.,0.,1.));
#11987=DIRECTION('',(0.,0.,-1.));
#11988=DIRECTION('',(-1.,0.,-3.7663345500886E-16));
#11989=DIRECTION('',(0.,0.,1.));
#11990=DIRECTION('',(0.,0.,-1.));
#11991=DIRECTION('',(-1.,0.,-3.7663345500886E-16));
#11992=DIRECTION('',(0.,0.,1.));
#11993=DIRECTION('',(0.,0.,-1.));
#11994=DIRECTION('',(-1.,0.,-3.7663345500886E-16));
#11995=DIRECTION('',(0.,0.,1.));
#11996=DIRECTION('',(0.,0.,-1.));
#11997=DIRECTION('',(-1.,0.,-3.7663345500886E-16));
#11998=DIRECTION('',(0.,0.,1.));
#11999=DIRECTION('',(0.,0.,-1.));
#12000=DIRECTION('',(-1.,0.,-3.7663345500886E-16));
#12001=DIRECTION('',(0.,0.,1.));
#12002=DIRECTION('',(0.,0.,-1.));
#12003=DIRECTION('',(-1.,0.,-3.7663345500886E-16));
#12004=DIRECTION('',(0.,0.,1.));
#12005=DIRECTION('',(0.,0.,-1.));
#12006=DIRECTION('',(-1.,0.,-3.7663345500886E-16));
#12007=DIRECTION('',(0.,0.,1.));
#12008=DIRECTION('',(1.,0.,0.));
#12009=DIRECTION('',(0.,0.,-1.));
#12010=DIRECTION('',(0.287347885566346,0.,-0.957826285221151));
#12011=DIRECTION('',(0.287347885566346,0.,0.957826285221151));
#12012=DIRECTION('',(0.,0.,1.));
#12013=DIRECTION('',(1.,0.,3.7663345500886E-16));
#12014=DIRECTION('',(0.,0.,-1.));
#12015=DIRECTION('',(0.287347885566346,0.,-0.957826285221151));
#12016=DIRECTION('',(0.287347885566343,0.,0.957826285221152));
#12017=DIRECTION('',(0.,0.,1.));
#12018=DIRECTION('',(1.,0.,3.7663345500886E-16));
#12019=DIRECTION('',(0.,0.,-1.));
#12020=DIRECTION('',(0.287347885566346,0.,-0.957826285221151));
#12021=DIRECTION('',(0.287347885566346,0.,0.957826285221151));
#12022=DIRECTION('',(0.,0.,1.));
#12023=DIRECTION('',(1.,0.,3.7663345500886E-16));
#12024=DIRECTION('',(0.,0.,-1.));
#12025=DIRECTION('',(0.287347885566346,0.,-0.957826285221151));
#12026=DIRECTION('',(0.287347885566346,0.,0.957826285221152));
#12027=DIRECTION('',(0.,0.,1.));
#12028=DIRECTION('',(1.,0.,3.7663345500886E-16));
#12029=DIRECTION('',(0.,0.,-1.));
#12030=DIRECTION('',(0.287347885566346,0.,-0.957826285221151));
#12031=DIRECTION('',(0.287347885566346,0.,0.957826285221151));
#12032=DIRECTION('',(0.,0.,1.));
#12033=DIRECTION('',(1.,0.,3.7663345500886E-16));
#12034=DIRECTION('',(0.,0.,-1.));
#12035=DIRECTION('',(0.287347885566346,0.,-0.957826285221151));
#12036=DIRECTION('',(0.287347885566346,0.,0.957826285221152));
#12037=DIRECTION('',(0.,0.,1.));
#12038=DIRECTION('',(1.,0.,3.7663345500886E-16));
#12039=DIRECTION('',(0.,0.,-1.));
#12040=DIRECTION('',(0.287347885566346,0.,-0.957826285221151));
#12041=DIRECTION('',(0.287347885566346,0.,0.957826285221151));
#12042=DIRECTION('',(0.,0.,1.));
#12043=DIRECTION('',(1.,0.,3.7663345500886E-16));
#12044=DIRECTION('',(0.,0.,-1.));
#12045=DIRECTION('',(0.287347885566345,0.,-0.957826285221152));
#12046=DIRECTION('',(0.287347885566346,0.,0.957826285221151));
#12047=DIRECTION('',(0.,0.,1.));
#12048=DIRECTION('',(1.,0.,3.7663345500886E-16));
#12049=DIRECTION('',(0.,0.,-1.));
#12050=DIRECTION('',(0.287347885566346,0.,-0.957826285221151));
#12051=DIRECTION('',(0.287347885566346,0.,0.957826285221151));
#12052=DIRECTION('',(0.,0.,1.));
#12053=DIRECTION('',(1.,0.,3.7663345500886E-16));
#12054=DIRECTION('',(0.,0.,-1.));
#12055=DIRECTION('',(0.287347885566346,0.,-0.957826285221151));
#12056=DIRECTION('',(0.287347885566348,0.,0.957826285221151));
#12057=DIRECTION('',(0.,0.,-1.));
#12058=DIRECTION('',(1.,0.,0.));
#12059=DIRECTION('',(0.,0.,-1.));
#12060=DIRECTION('',(1.,0.,0.));
#12061=DIRECTION('',(0.,0.,-1.));
#12062=DIRECTION('',(1.,0.,0.));
#12063=DIRECTION('',(1.,0.,0.));
#12064=DIRECTION('',(0.,0.,-1.));
#12065=DIRECTION('',(0.,-0.707106781186565,0.707106781186531));
#12066=DIRECTION('',(0.,-0.707106781186531,-0.707106781186565));
#12067=DIRECTION('',(0.,0.707106781186531,0.707106781186565));
#12068=DIRECTION('',(1.,0.,0.));
#12069=DIRECTION('',(0.,-0.70710678118653,-0.707106781186565));
#12070=DIRECTION('',(1.,0.,0.));
#12071=DIRECTION('',(0.,0.,-1.));
#12072=DIRECTION('',(1.,0.,0.));
#12073=DIRECTION('',(0.,0.,-1.));
#12074=DIRECTION('',(1.,0.,0.));
#12075=DIRECTION('',(1.,0.,0.));
#12076=DIRECTION('',(0.,0.,-1.));
#12077=DIRECTION('',(0.,-1.,0.));
#12078=DIRECTION('',(0.,0.,-1.));
#12079=DIRECTION('',(0.,0.,1.));
#12080=DIRECTION('',(1.,0.,0.));
#12081=DIRECTION('',(0.,0.,-1.));
#12082=DIRECTION('',(0.,0.,-1.));
#12083=DIRECTION('',(-1.,0.,0.));
#12084=DIRECTION('',(0.,-1.,0.));
#12085=DIRECTION('',(1.,0.,0.));
#12086=DIRECTION('',(0.,1.,0.));
#12087=DIRECTION('',(0.,1.,0.));
#12088=DIRECTION('',(0.,0.,1.));
#12089=DIRECTION('',(0.,0.,-1.));
#12090=DIRECTION('',(1.,0.,0.));
#12091=DIRECTION('',(0.,0.,1.));
#12092=DIRECTION('',(1.,0.,0.));
#12093=DIRECTION('',(0.,0.,-1.));
#12094=DIRECTION('',(1.,0.,0.));
#12095=DIRECTION('',(0.,0.,-1.));
#12096=DIRECTION('',(1.,0.,0.));
#12097=DIRECTION('',(1.,0.,0.));
#12098=DIRECTION('',(0.,0.,-1.));
#12099=DIRECTION('',(0.,0.707106781186548,-0.707106781186547));
#12100=DIRECTION('',(0.,0.707106781186547,0.707106781186548));
#12101=DIRECTION('',(0.,-0.707106781186547,-0.707106781186548));
#12102=DIRECTION('',(1.,0.,0.));
#12103=DIRECTION('',(0.,0.707106781186547,0.707106781186548));
#12104=DIRECTION('',(1.,0.,0.));
#12105=DIRECTION('',(0.,0.,-1.));
#12106=DIRECTION('',(1.,0.,0.));
#12107=DIRECTION('',(0.,0.,-1.));
#12108=DIRECTION('',(1.,0.,0.));
#12109=DIRECTION('',(1.,0.,0.));
#12110=DIRECTION('',(0.,0.,-1.));
#12111=DIRECTION('',(0.,1.,0.));
#12112=DIRECTION('',(0.,0.,1.));
#12113=DIRECTION('',(0.,0.,1.));
#12114=DIRECTION('',(0.,0.,1.));
#12115=DIRECTION('',(1.,0.,0.));
#12116=DIRECTION('',(0.,0.,1.));
#12117=DIRECTION('',(0.,0.,-1.));
#12118=DIRECTION('',(1.,0.,3.7663345500886E-16));
#12119=DIRECTION('',(0.,0.,1.));
#12120=DIRECTION('',(0.,0.,-1.));
#12121=DIRECTION('',(1.,0.,3.7663345500886E-16));
#12122=DIRECTION('',(0.,0.,1.));
#12123=DIRECTION('',(0.,0.,-1.));
#12124=DIRECTION('',(1.,0.,3.7663345500886E-16));
#12125=DIRECTION('',(0.,0.,1.));
#12126=DIRECTION('',(0.,0.,-1.));
#12127=DIRECTION('',(1.,0.,3.7663345500886E-16));
#12128=DIRECTION('',(0.,0.,1.));
#12129=DIRECTION('',(0.,0.,-1.));
#12130=DIRECTION('',(1.,0.,3.7663345500886E-16));
#12131=DIRECTION('',(0.,0.,1.));
#12132=DIRECTION('',(0.,0.,-1.));
#12133=DIRECTION('',(1.,0.,3.7663345500886E-16));
#12134=DIRECTION('',(0.,0.,1.));
#12135=DIRECTION('',(0.,0.,-1.));
#12136=DIRECTION('',(1.,0.,3.7663345500886E-16));
#12137=DIRECTION('',(0.,0.,1.));
#12138=DIRECTION('',(0.,0.,-1.));
#12139=DIRECTION('',(1.,0.,3.7663345500886E-16));
#12140=DIRECTION('',(0.,0.,1.));
#12141=DIRECTION('',(0.,0.,-1.));
#12142=DIRECTION('',(1.,0.,3.7663345500886E-16));
#12143=DIRECTION('',(0.,-7.84653031268458E-17,-1.));
#12144=DIRECTION('',(0.,1.,-7.84653031268458E-17));
#12145=DIRECTION('',(0.,1.,-7.84653031268458E-17));
#12146=DIRECTION('',(0.,1.,-7.84653031268458E-17));
#12147=DIRECTION('',(1.,0.,0.));
#12148=DIRECTION('',(0.,-1.,0.));
#12149=DIRECTION('',(0.,0.,-1.));
#12150=DIRECTION('',(0.,0.,-1.));
#12151=DIRECTION('',(-1.,0.,-3.7663345500886E-16));
#12152=DIRECTION('',(0.,0.,1.));
#12153=DIRECTION('',(0.,0.,-1.));
#12154=DIRECTION('',(-1.,0.,-3.7663345500886E-16));
#12155=DIRECTION('',(0.,0.,1.));
#12156=DIRECTION('',(0.,0.,-1.));
#12157=DIRECTION('',(-1.,0.,-3.7663345500886E-16));
#12158=DIRECTION('',(0.,0.,1.));
#12159=DIRECTION('',(0.,0.,-1.));
#12160=DIRECTION('',(-1.,0.,-3.7663345500886E-16));
#12161=DIRECTION('',(0.,0.,1.));
#12162=DIRECTION('',(0.,0.,-1.));
#12163=DIRECTION('',(-1.,0.,-3.7663345500886E-16));
#12164=DIRECTION('',(0.,0.,1.));
#12165=DIRECTION('',(0.,0.,-1.));
#12166=DIRECTION('',(-1.,0.,-3.7663345500886E-16));
#12167=DIRECTION('',(0.,0.,1.));
#12168=DIRECTION('',(0.,0.,-1.));
#12169=DIRECTION('',(-1.,0.,-3.7663345500886E-16));
#12170=DIRECTION('',(0.,0.,1.));
#12171=DIRECTION('',(0.,0.,-1.));
#12172=DIRECTION('',(-1.,0.,-3.7663345500886E-16));
#12173=DIRECTION('',(0.,0.,1.));
#12174=DIRECTION('',(0.,0.,-1.));
#12175=DIRECTION('',(-1.,0.,-3.7663345500886E-16));
#12176=DIRECTION('',(0.,0.,1.));
#12177=DIRECTION('',(1.,0.,0.));
#12178=DIRECTION('',(0.,0.,-1.));
#12179=DIRECTION('',(0.,0.,-1.));
#12180=DIRECTION('',(1.,0.,0.));
#12181=DIRECTION('',(0.,0.,-1.));
#12182=DIRECTION('',(1.,0.,0.));
#12183=DIRECTION('',(0.,0.,-1.));
#12184=DIRECTION('',(1.,0.,0.));
#12185=DIRECTION('',(1.,0.,0.));
#12186=DIRECTION('',(0.,0.,-1.));
#12187=DIRECTION('',(0.,-0.50000000000001,0.866025403784433));
#12188=DIRECTION('',(0.,-0.866025403784433,-0.50000000000001));
#12189=DIRECTION('',(0.,0.866025403784433,0.50000000000001));
#12190=DIRECTION('',(1.,0.,0.));
#12191=DIRECTION('',(0.,-0.866025403784433,-0.50000000000001));
#12192=DIRECTION('',(1.,0.,0.));
#12193=DIRECTION('',(0.,0.,-1.));
#12194=DIRECTION('',(1.,0.,0.));
#12195=DIRECTION('',(0.,0.,-1.));
#12196=DIRECTION('',(1.,0.,0.));
#12197=DIRECTION('',(1.,0.,0.));
#12198=DIRECTION('',(0.,0.,-1.));
#12199=DIRECTION('',(0.,-1.,0.));
#12200=DIRECTION('',(0.,0.,-1.));
#12201=DIRECTION('',(0.,0.,1.));
#12202=DIRECTION('',(1.,0.,0.));
#12203=DIRECTION('',(0.,0.,-1.));
#12204=DIRECTION('',(0.,0.,-1.));
#12205=DIRECTION('',(-1.,0.,0.));
#12206=DIRECTION('',(0.,-1.,0.));
#12207=DIRECTION('',(1.,0.,0.));
#12208=DIRECTION('',(0.,1.,0.));
#12209=DIRECTION('',(0.,1.,0.));
#12210=DIRECTION('',(0.,0.,1.));
#12211=DIRECTION('',(0.,0.,-1.));
#12212=DIRECTION('',(1.,0.,0.));
#12213=DIRECTION('',(0.,0.,1.));
#12214=DIRECTION('',(1.,0.,0.));
#12215=DIRECTION('',(0.,0.,-1.));
#12216=DIRECTION('',(1.,0.,0.));
#12217=DIRECTION('',(0.,0.,-1.));
#12218=DIRECTION('',(1.,0.,0.));
#12219=DIRECTION('',(1.,0.,0.));
#12220=DIRECTION('',(0.,0.,-1.));
#12221=DIRECTION('',(0.,0.500000000000008,-0.866025403784434));
#12222=DIRECTION('',(0.,0.866025403784434,0.500000000000008));
#12223=DIRECTION('',(0.,-0.866025403784434,-0.500000000000008));
#12224=DIRECTION('',(1.,0.,0.));
#12225=DIRECTION('',(0.,0.866025403784434,0.500000000000008));
#12226=DIRECTION('',(1.,0.,0.));
#12227=DIRECTION('',(0.,0.,-1.));
#12228=DIRECTION('',(1.,0.,0.));
#12229=DIRECTION('',(0.,0.,-1.));
#12230=DIRECTION('',(1.,0.,0.));
#12231=DIRECTION('',(1.,0.,0.));
#12232=DIRECTION('',(0.,0.,-1.));
#12233=DIRECTION('',(0.,1.,0.));
#12234=DIRECTION('',(0.,0.,1.));
#12235=DIRECTION('',(0.,0.,1.));
#12236=DIRECTION('',(0.,0.,1.));
#12237=DIRECTION('',(-0.287347885566348,0.,-0.957826285221151));
#12238=DIRECTION('',(-0.287347885566346,0.,0.957826285221151));
#12239=DIRECTION('',(0.,0.,1.));
#12240=DIRECTION('',(-1.,0.,-3.7663345500886E-16));
#12241=DIRECTION('',(0.,0.,-1.));
#12242=DIRECTION('',(-0.287347885566346,0.,-0.957826285221151));
#12243=DIRECTION('',(-0.287347885566346,0.,0.957826285221151));
#12244=DIRECTION('',(0.,0.,1.));
#12245=DIRECTION('',(-1.,0.,-3.7663345500886E-16));
#12246=DIRECTION('',(0.,0.,-1.));
#12247=DIRECTION('',(-0.287347885566346,0.,-0.957826285221151));
#12248=DIRECTION('',(-0.287347885566345,0.,0.957826285221152));
#12249=DIRECTION('',(0.,0.,1.));
#12250=DIRECTION('',(-1.,0.,-3.7663345500886E-16));
#12251=DIRECTION('',(0.,0.,-1.));
#12252=DIRECTION('',(-0.287347885566346,0.,-0.957826285221151));
#12253=DIRECTION('',(-0.287347885566346,0.,0.957826285221151));
#12254=DIRECTION('',(0.,0.,1.));
#12255=DIRECTION('',(-1.,0.,-3.7663345500886E-16));
#12256=DIRECTION('',(0.,0.,-1.));
#12257=DIRECTION('',(-0.287347885566346,0.,-0.957826285221152));
#12258=DIRECTION('',(-0.287347885566346,0.,0.957826285221151));
#12259=DIRECTION('',(0.,0.,1.));
#12260=DIRECTION('',(-1.,0.,-3.7663345500886E-16));
#12261=DIRECTION('',(0.,0.,-1.));
#12262=DIRECTION('',(-0.287347885566346,0.,-0.957826285221151));
#12263=DIRECTION('',(-0.287347885566346,0.,0.957826285221151));
#12264=DIRECTION('',(0.,0.,1.));
#12265=DIRECTION('',(-1.,0.,-3.7663345500886E-16));
#12266=DIRECTION('',(0.,0.,-1.));
#12267=DIRECTION('',(-0.287347885566346,0.,-0.957826285221152));
#12268=DIRECTION('',(-0.287347885566346,0.,0.957826285221151));
#12269=DIRECTION('',(0.,0.,1.));
#12270=DIRECTION('',(-1.,0.,-3.7663345500886E-16));
#12271=DIRECTION('',(0.,0.,-1.));
#12272=DIRECTION('',(-0.287347885566346,0.,-0.957826285221151));
#12273=DIRECTION('',(-0.287347885566346,0.,0.957826285221151));
#12274=DIRECTION('',(0.,0.,1.));
#12275=DIRECTION('',(-1.,0.,-3.7663345500886E-16));
#12276=DIRECTION('',(0.,0.,-1.));
#12277=DIRECTION('',(-0.287347885566343,0.,-0.957826285221152));
#12278=DIRECTION('',(-0.287347885566346,0.,0.957826285221151));
#12279=DIRECTION('',(0.,0.,1.));
#12280=DIRECTION('',(-1.,0.,-3.7663345500886E-16));
#12281=DIRECTION('',(0.,0.,-1.));
#12282=DIRECTION('',(-0.287347885566346,0.,-0.957826285221151));
#12283=DIRECTION('',(-0.287347885566346,0.,0.957826285221151));
#12284=DIRECTION('',(0.,0.,1.));
#12285=DIRECTION('',(0.,0.,-1.));
#12286=DIRECTION('',(1.,0.,3.7663345500886E-16));
#12287=DIRECTION('',(0.,0.,1.));
#12288=DIRECTION('',(0.,0.,-1.));
#12289=DIRECTION('',(1.,0.,3.7663345500886E-16));
#12290=DIRECTION('',(0.,0.,1.));
#12291=DIRECTION('',(0.,0.,-1.));
#12292=DIRECTION('',(1.,0.,3.7663345500886E-16));
#12293=DIRECTION('',(0.,0.,1.));
#12294=DIRECTION('',(0.,0.,-1.));
#12295=DIRECTION('',(1.,0.,3.7663345500886E-16));
#12296=DIRECTION('',(0.,0.,1.));
#12297=DIRECTION('',(0.,0.,-1.));
#12298=DIRECTION('',(1.,0.,3.7663345500886E-16));
#12299=DIRECTION('',(0.,0.,1.));
#12300=DIRECTION('',(0.,0.,-1.));
#12301=DIRECTION('',(1.,0.,3.7663345500886E-16));
#12302=DIRECTION('',(0.,0.,1.));
#12303=DIRECTION('',(0.,0.,-1.));
#12304=DIRECTION('',(1.,0.,3.7663345500886E-16));
#12305=DIRECTION('',(0.,0.,1.));
#12306=DIRECTION('',(0.,0.,-1.));
#12307=DIRECTION('',(1.,0.,3.7663345500886E-16));
#12308=DIRECTION('',(0.,0.,1.));
#12309=DIRECTION('',(0.,0.,-1.));
#12310=DIRECTION('',(1.,0.,3.7663345500886E-16));
#12311=DIRECTION('',(1.,0.,0.));
#12312=DIRECTION('',(0.,0.,-1.));
#12313=DIRECTION('',(0.,1.,0.));
#12314=DIRECTION('',(0.,1.,0.));
#12315=DIRECTION('',(1.,0.,0.));
#12316=DIRECTION('',(0.,0.,-1.));
#12317=DIRECTION('',(0.,1.,0.));
#12318=DIRECTION('',(0.,1.,0.));
#12319=DIRECTION('',(-0.957826285221151,0.,-0.287347885566346));
#12320=DIRECTION('',(-0.287347885566346,0.,0.957826285221151));
#12321=DIRECTION('',(-0.957826285221151,0.,-0.287347885566346));
#12322=DIRECTION('',(-0.287347885566346,0.,0.957826285221151));
#12323=DIRECTION('',(0.957826285221151,0.,-0.287347885566348));
#12324=DIRECTION('',(-0.287347885566348,0.,-0.957826285221151));
#12325=DIRECTION('',(0.957826285221151,0.,-0.287347885566348));
#12326=DIRECTION('',(-0.287347885566348,0.,-0.957826285221151));
#12327=DIRECTION('',(-0.957826285221151,0.,-0.287347885566346));
#12328=DIRECTION('',(-0.287347885566346,0.,0.957826285221151));
#12329=DIRECTION('',(0.,-1.,0.));
#12330=DIRECTION('',(-1.,0.,0.));
#12331=DIRECTION('',(0.,0.,1.));
#12332=DIRECTION('',(0.,-1.,0.));
#12333=DIRECTION('',(3.7663345500886E-16,0.,-1.));
#12334=DIRECTION('',(-1.,0.,-3.7663345500886E-16));
#12335=DIRECTION('',(0.,-1.,0.));
#12336=DIRECTION('',(1.,0.,0.));
#12337=DIRECTION('',(0.,0.,-1.));
#12338=DIRECTION('',(0.,-1.,0.));
#12339=DIRECTION('',(0.957826285221151,0.,-0.287347885566346));
#12340=DIRECTION('',(-0.287347885566346,0.,-0.957826285221151));
#12341=DIRECTION('',(-0.957826285221151,0.,-0.287347885566346));
#12342=DIRECTION('',(-0.287347885566346,0.,0.957826285221151));
#12343=DIRECTION('',(0.,-1.,0.));
#12344=DIRECTION('',(-1.,0.,0.));
#12345=DIRECTION('',(0.,0.,1.));
#12346=DIRECTION('',(0.,-1.,0.));
#12347=DIRECTION('',(3.7663345500886E-16,0.,-1.));
#12348=DIRECTION('',(-1.,0.,-3.7663345500886E-16));
#12349=DIRECTION('',(0.,-1.,0.));
#12350=DIRECTION('',(1.,0.,0.));
#12351=DIRECTION('',(0.,0.,-1.));
#12352=DIRECTION('',(0.,-1.,0.));
#12353=DIRECTION('',(0.957826285221151,0.,-0.287347885566346));
#12354=DIRECTION('',(-0.287347885566346,0.,-0.957826285221151));
#12355=DIRECTION('',(-0.957826285221151,0.,-0.287347885566345));
#12356=DIRECTION('',(-0.287347885566345,0.,0.957826285221152));
#12357=DIRECTION('',(0.,-1.,0.));
#12358=DIRECTION('',(-1.,0.,0.));
#12359=DIRECTION('',(0.,0.,1.));
#12360=DIRECTION('',(0.,-1.,0.));
#12361=DIRECTION('',(3.7663345500886E-16,0.,-1.));
#12362=DIRECTION('',(-1.,0.,-3.7663345500886E-16));
#12363=DIRECTION('',(0.,-1.,0.));
#12364=DIRECTION('',(1.,0.,0.));
#12365=DIRECTION('',(0.,0.,-1.));
#12366=DIRECTION('',(0.,-1.,0.));
#12367=DIRECTION('',(0.957826285221151,0.,-0.287347885566346));
#12368=DIRECTION('',(-0.287347885566346,0.,-0.957826285221151));
#12369=DIRECTION('',(-0.957826285221151,0.,-0.287347885566346));
#12370=DIRECTION('',(-0.287347885566346,0.,0.957826285221151));
#12371=DIRECTION('',(0.,-1.,0.));
#12372=DIRECTION('',(-1.,0.,0.));
#12373=DIRECTION('',(0.,0.,1.));
#12374=DIRECTION('',(0.,-1.,0.));
#12375=DIRECTION('',(3.7663345500886E-16,0.,-1.));
#12376=DIRECTION('',(-1.,0.,-3.7663345500886E-16));
#12377=DIRECTION('',(0.,-1.,0.));
#12378=DIRECTION('',(1.,0.,0.));
#12379=DIRECTION('',(0.,0.,-1.));
#12380=DIRECTION('',(0.,-1.,0.));
#12381=DIRECTION('',(0.957826285221151,0.,-0.287347885566346));
#12382=DIRECTION('',(-0.287347885566346,0.,-0.957826285221152));
#12383=DIRECTION('',(-0.957826285221151,0.,-0.287347885566346));
#12384=DIRECTION('',(-0.287347885566346,0.,0.957826285221151));
#12385=DIRECTION('',(0.,-1.,0.));
#12386=DIRECTION('',(-1.,0.,0.));
#12387=DIRECTION('',(0.,0.,1.));
#12388=DIRECTION('',(0.,-1.,0.));
#12389=DIRECTION('',(3.7663345500886E-16,0.,-1.));
#12390=DIRECTION('',(-1.,0.,-3.7663345500886E-16));
#12391=DIRECTION('',(0.,-1.,0.));
#12392=DIRECTION('',(1.,0.,0.));
#12393=DIRECTION('',(0.,0.,-1.));
#12394=DIRECTION('',(0.,-1.,0.));
#12395=DIRECTION('',(0.957826285221151,0.,-0.287347885566346));
#12396=DIRECTION('',(-0.287347885566346,0.,-0.957826285221151));
#12397=DIRECTION('',(-0.957826285221151,0.,-0.287347885566346));
#12398=DIRECTION('',(-0.287347885566346,0.,0.957826285221151));
#12399=DIRECTION('',(0.,-1.,0.));
#12400=DIRECTION('',(-1.,0.,0.));
#12401=DIRECTION('',(0.,0.,1.));
#12402=DIRECTION('',(0.,-1.,0.));
#12403=DIRECTION('',(3.7663345500886E-16,0.,-1.));
#12404=DIRECTION('',(-1.,0.,-3.7663345500886E-16));
#12405=DIRECTION('',(0.,-1.,0.));
#12406=DIRECTION('',(1.,0.,0.));
#12407=DIRECTION('',(0.,0.,-1.));
#12408=DIRECTION('',(0.,-1.,0.));
#12409=DIRECTION('',(0.957826285221151,0.,-0.287347885566346));
#12410=DIRECTION('',(-0.287347885566346,0.,-0.957826285221152));
#12411=DIRECTION('',(-0.957826285221151,0.,-0.287347885566346));
#12412=DIRECTION('',(-0.287347885566346,0.,0.957826285221151));
#12413=DIRECTION('',(0.,-1.,0.));
#12414=DIRECTION('',(-1.,0.,0.));
#12415=DIRECTION('',(0.,0.,1.));
#12416=DIRECTION('',(0.,-1.,0.));
#12417=DIRECTION('',(3.7663345500886E-16,0.,-1.));
#12418=DIRECTION('',(-1.,0.,-3.7663345500886E-16));
#12419=DIRECTION('',(0.,-1.,0.));
#12420=DIRECTION('',(1.,0.,0.));
#12421=DIRECTION('',(0.,0.,-1.));
#12422=DIRECTION('',(0.,-1.,0.));
#12423=DIRECTION('',(0.957826285221151,0.,-0.287347885566346));
#12424=DIRECTION('',(-0.287347885566346,0.,-0.957826285221151));
#12425=DIRECTION('',(-0.957826285221151,0.,-0.287347885566346));
#12426=DIRECTION('',(-0.287347885566346,0.,0.957826285221151));
#12427=DIRECTION('',(0.,-1.,0.));
#12428=DIRECTION('',(-1.,0.,0.));
#12429=DIRECTION('',(0.,0.,1.));
#12430=DIRECTION('',(0.,-1.,0.));
#12431=DIRECTION('',(3.7663345500886E-16,0.,-1.));
#12432=DIRECTION('',(-1.,0.,-3.7663345500886E-16));
#12433=DIRECTION('',(0.,-1.,0.));
#12434=DIRECTION('',(1.,0.,0.));
#12435=DIRECTION('',(0.,0.,-1.));
#12436=DIRECTION('',(0.,-1.,0.));
#12437=DIRECTION('',(0.957826285221152,0.,-0.287347885566343));
#12438=DIRECTION('',(-0.287347885566343,0.,-0.957826285221152));
#12439=DIRECTION('',(-0.957826285221151,0.,-0.287347885566346));
#12440=DIRECTION('',(-0.287347885566346,0.,0.957826285221151));
#12441=DIRECTION('',(0.,-1.,0.));
#12442=DIRECTION('',(-1.,0.,0.));
#12443=DIRECTION('',(0.,0.,1.));
#12444=DIRECTION('',(0.,-1.,0.));
#12445=DIRECTION('',(3.7663345500886E-16,0.,-1.));
#12446=DIRECTION('',(-1.,0.,-3.7663345500886E-16));
#12447=DIRECTION('',(0.,-1.,0.));
#12448=DIRECTION('',(1.,0.,0.));
#12449=DIRECTION('',(0.,0.,-1.));
#12450=DIRECTION('',(0.,-1.,0.));
#12451=DIRECTION('',(0.957826285221151,0.,-0.287347885566346));
#12452=DIRECTION('',(-0.287347885566346,0.,-0.957826285221151));
#12453=DIRECTION('',(1.,0.,0.));
#12454=DIRECTION('',(0.,0.,-1.));
#12455=DIRECTION('',(0.,-1.,0.));
#12456=DIRECTION('',(-3.7663345500886E-16,0.,1.));
#12457=DIRECTION('',(1.,0.,3.7663345500886E-16));
#12458=DIRECTION('',(0.,-1.,0.));
#12459=DIRECTION('',(-1.,0.,0.));
#12460=DIRECTION('',(0.,0.,1.));
#12461=DIRECTION('',(1.,0.,0.));
#12462=DIRECTION('',(0.,0.,-1.));
#12463=DIRECTION('',(0.,-1.,0.));
#12464=DIRECTION('',(-3.7663345500886E-16,0.,1.));
#12465=DIRECTION('',(1.,0.,3.7663345500886E-16));
#12466=DIRECTION('',(0.,-1.,0.));
#12467=DIRECTION('',(-1.,0.,0.));
#12468=DIRECTION('',(0.,0.,1.));
#12469=DIRECTION('',(1.,0.,0.));
#12470=DIRECTION('',(0.,0.,-1.));
#12471=DIRECTION('',(0.,-1.,0.));
#12472=DIRECTION('',(-3.7663345500886E-16,0.,1.));
#12473=DIRECTION('',(1.,0.,3.7663345500886E-16));
#12474=DIRECTION('',(0.,-1.,0.));
#12475=DIRECTION('',(-1.,0.,0.));
#12476=DIRECTION('',(0.,0.,1.));
#12477=DIRECTION('',(1.,0.,0.));
#12478=DIRECTION('',(0.,0.,-1.));
#12479=DIRECTION('',(0.,-1.,0.));
#12480=DIRECTION('',(-3.7663345500886E-16,0.,1.));
#12481=DIRECTION('',(1.,0.,3.7663345500886E-16));
#12482=DIRECTION('',(0.,-1.,0.));
#12483=DIRECTION('',(-1.,0.,0.));
#12484=DIRECTION('',(0.,0.,1.));
#12485=DIRECTION('',(1.,0.,0.));
#12486=DIRECTION('',(0.,0.,-1.));
#12487=DIRECTION('',(0.,-1.,0.));
#12488=DIRECTION('',(-3.7663345500886E-16,0.,1.));
#12489=DIRECTION('',(1.,0.,3.7663345500886E-16));
#12490=DIRECTION('',(0.,-1.,0.));
#12491=DIRECTION('',(-1.,0.,0.));
#12492=DIRECTION('',(0.,0.,1.));
#12493=DIRECTION('',(1.,0.,0.));
#12494=DIRECTION('',(0.,0.,-1.));
#12495=DIRECTION('',(0.,-1.,0.));
#12496=DIRECTION('',(-3.7663345500886E-16,0.,1.));
#12497=DIRECTION('',(1.,0.,3.7663345500886E-16));
#12498=DIRECTION('',(0.,-1.,0.));
#12499=DIRECTION('',(-1.,0.,0.));
#12500=DIRECTION('',(0.,0.,1.));
#12501=DIRECTION('',(1.,0.,0.));
#12502=DIRECTION('',(0.,0.,-1.));
#12503=DIRECTION('',(0.,-1.,0.));
#12504=DIRECTION('',(-3.7663345500886E-16,0.,1.));
#12505=DIRECTION('',(1.,0.,3.7663345500886E-16));
#12506=DIRECTION('',(0.,-1.,0.));
#12507=DIRECTION('',(-1.,0.,0.));
#12508=DIRECTION('',(0.,0.,1.));
#12509=DIRECTION('',(1.,0.,0.));
#12510=DIRECTION('',(0.,0.,-1.));
#12511=DIRECTION('',(0.,-1.,0.));
#12512=DIRECTION('',(-3.7663345500886E-16,0.,1.));
#12513=DIRECTION('',(1.,0.,3.7663345500886E-16));
#12514=DIRECTION('',(0.,-1.,0.));
#12515=DIRECTION('',(-1.,0.,0.));
#12516=DIRECTION('',(0.,0.,1.));
#12517=DIRECTION('',(1.,0.,0.));
#12518=DIRECTION('',(0.,0.,-1.));
#12519=DIRECTION('',(0.,-1.,0.));
#12520=DIRECTION('',(-3.7663345500886E-16,0.,1.));
#12521=DIRECTION('',(1.,0.,3.7663345500886E-16));
#12522=DIRECTION('',(0.,-1.,0.));
#12523=DIRECTION('',(-1.,0.,0.));
#12524=DIRECTION('',(0.,0.,1.));
#12525=DIRECTION('',(1.,0.,0.));
#12526=DIRECTION('',(0.,0.,-1.));
#12527=DIRECTION('',(0.,-1.,0.));
#12528=DIRECTION('',(-3.7663345500886E-16,0.,1.));
#12529=DIRECTION('',(1.,0.,3.7663345500886E-16));
#12530=DIRECTION('',(0.,-1.,0.));
#12531=DIRECTION('',(-1.,0.,0.));
#12532=DIRECTION('',(0.,0.,1.));
#12533=DIRECTION('',(1.,0.,0.));
#12534=DIRECTION('',(0.,0.,-1.));
#12535=DIRECTION('',(0.,-1.,0.));
#12536=DIRECTION('',(-3.7663345500886E-16,0.,1.));
#12537=DIRECTION('',(1.,0.,3.7663345500886E-16));
#12538=DIRECTION('',(0.,-1.,0.));
#12539=DIRECTION('',(-1.,0.,0.));
#12540=DIRECTION('',(0.,0.,1.));
#12541=DIRECTION('',(1.,0.,0.));
#12542=DIRECTION('',(0.,0.,-1.));
#12543=DIRECTION('',(0.,-1.,0.));
#12544=DIRECTION('',(-3.7663345500886E-16,0.,1.));
#12545=DIRECTION('',(1.,0.,3.7663345500886E-16));
#12546=DIRECTION('',(0.,-1.,0.));
#12547=DIRECTION('',(-1.,0.,0.));
#12548=DIRECTION('',(0.,0.,1.));
#12549=DIRECTION('',(1.,0.,0.));
#12550=DIRECTION('',(0.,0.,-1.));
#12551=DIRECTION('',(0.,-1.,0.));
#12552=DIRECTION('',(-3.7663345500886E-16,0.,1.));
#12553=DIRECTION('',(1.,0.,3.7663345500886E-16));
#12554=DIRECTION('',(0.,-1.,0.));
#12555=DIRECTION('',(-1.,0.,0.));
#12556=DIRECTION('',(0.,0.,1.));
#12557=DIRECTION('',(1.,0.,0.));
#12558=DIRECTION('',(0.,0.,-1.));
#12559=DIRECTION('',(0.,-1.,0.));
#12560=DIRECTION('',(-3.7663345500886E-16,0.,1.));
#12561=DIRECTION('',(1.,0.,3.7663345500886E-16));
#12562=DIRECTION('',(0.,-1.,0.));
#12563=DIRECTION('',(-1.,0.,0.));
#12564=DIRECTION('',(0.,0.,1.));
#12565=DIRECTION('',(1.,0.,0.));
#12566=DIRECTION('',(0.,0.,-1.));
#12567=DIRECTION('',(0.,-1.,0.));
#12568=DIRECTION('',(-3.7663345500886E-16,0.,1.));
#12569=DIRECTION('',(1.,0.,3.7663345500886E-16));
#12570=DIRECTION('',(0.,-1.,0.));
#12571=DIRECTION('',(-1.,0.,0.));
#12572=DIRECTION('',(0.,0.,1.));
#12573=DIRECTION('',(1.,0.,0.));
#12574=DIRECTION('',(0.,0.,-1.));
#12575=DIRECTION('',(0.,-1.,0.));
#12576=DIRECTION('',(-3.7663345500886E-16,0.,1.));
#12577=DIRECTION('',(1.,0.,3.7663345500886E-16));
#12578=DIRECTION('',(0.,-1.,0.));
#12579=DIRECTION('',(-1.,0.,0.));
#12580=DIRECTION('',(0.,0.,1.));
#12581=DIRECTION('',(1.,0.,0.));
#12582=DIRECTION('',(0.,0.,-1.));
#12583=DIRECTION('',(0.,-1.,0.));
#12584=DIRECTION('',(-3.7663345500886E-16,0.,1.));
#12585=DIRECTION('',(1.,0.,3.7663345500886E-16));
#12586=DIRECTION('',(0.,-1.,0.));
#12587=DIRECTION('',(-1.,0.,0.));
#12588=DIRECTION('',(0.,0.,1.));
#12589=DIRECTION('',(1.,0.,0.));
#12590=DIRECTION('',(0.,0.,-1.));
#12591=DIRECTION('',(0.,-1.,0.));
#12592=DIRECTION('',(-3.7663345500886E-16,0.,1.));
#12593=DIRECTION('',(1.,0.,3.7663345500886E-16));
#12594=DIRECTION('',(0.,-1.,0.));
#12595=DIRECTION('',(-1.,0.,0.));
#12596=DIRECTION('',(0.,0.,1.));
#12597=DIRECTION('',(-0.957826285221151,0.,-0.287347885566346));
#12598=DIRECTION('',(-0.287347885566346,0.,0.957826285221151));
#12599=DIRECTION('',(0.,-1.,0.));
#12600=DIRECTION('',(-1.,0.,0.));
#12601=DIRECTION('',(0.,0.,1.));
#12602=DIRECTION('',(0.,-1.,0.));
#12603=DIRECTION('',(3.7663345500886E-16,0.,-1.));
#12604=DIRECTION('',(-1.,0.,-3.7663345500886E-16));
#12605=DIRECTION('',(0.,-1.,0.));
#12606=DIRECTION('',(1.,0.,0.));
#12607=DIRECTION('',(0.,0.,-1.));
#12608=DIRECTION('',(0.,-1.,0.));
#12609=DIRECTION('',(0.957826285221151,0.,-0.287347885566346));
#12610=DIRECTION('',(-0.287347885566346,0.,-0.957826285221151));
#12611=DIRECTION('',(-0.957826285221151,0.,-0.287347885566346));
#12612=DIRECTION('',(-0.287347885566346,0.,0.957826285221151));
#12613=DIRECTION('',(0.,-1.,0.));
#12614=DIRECTION('',(-1.,0.,0.));
#12615=DIRECTION('',(0.,0.,1.));
#12616=DIRECTION('',(0.,-1.,0.));
#12617=DIRECTION('',(3.7663345500886E-16,0.,-1.));
#12618=DIRECTION('',(-1.,0.,-3.7663345500886E-16));
#12619=DIRECTION('',(0.,-1.,0.));
#12620=DIRECTION('',(1.,0.,0.));
#12621=DIRECTION('',(0.,0.,-1.));
#12622=DIRECTION('',(0.,-1.,0.));
#12623=DIRECTION('',(0.957826285221151,0.,-0.287347885566346));
#12624=DIRECTION('',(-0.287347885566346,0.,-0.957826285221151));
#12625=DIRECTION('',(-0.957826285221151,0.,-0.287347885566345));
#12626=DIRECTION('',(-0.287347885566345,0.,0.957826285221152));
#12627=DIRECTION('',(0.,-1.,0.));
#12628=DIRECTION('',(-1.,0.,0.));
#12629=DIRECTION('',(0.,0.,1.));
#12630=DIRECTION('',(0.,-1.,0.));
#12631=DIRECTION('',(3.7663345500886E-16,0.,-1.));
#12632=DIRECTION('',(-1.,0.,-3.7663345500886E-16));
#12633=DIRECTION('',(0.,-1.,0.));
#12634=DIRECTION('',(1.,0.,0.));
#12635=DIRECTION('',(0.,0.,-1.));
#12636=DIRECTION('',(0.,-1.,0.));
#12637=DIRECTION('',(0.957826285221151,0.,-0.287347885566346));
#12638=DIRECTION('',(-0.287347885566346,0.,-0.957826285221151));
#12639=DIRECTION('',(-0.957826285221151,0.,-0.287347885566346));
#12640=DIRECTION('',(-0.287347885566346,0.,0.957826285221151));
#12641=DIRECTION('',(0.,-1.,0.));
#12642=DIRECTION('',(-1.,0.,0.));
#12643=DIRECTION('',(0.,0.,1.));
#12644=DIRECTION('',(0.,-1.,0.));
#12645=DIRECTION('',(3.7663345500886E-16,0.,-1.));
#12646=DIRECTION('',(-1.,0.,-3.7663345500886E-16));
#12647=DIRECTION('',(0.,-1.,0.));
#12648=DIRECTION('',(1.,0.,0.));
#12649=DIRECTION('',(0.,0.,-1.));
#12650=DIRECTION('',(0.,-1.,0.));
#12651=DIRECTION('',(0.957826285221151,0.,-0.287347885566346));
#12652=DIRECTION('',(-0.287347885566346,0.,-0.957826285221152));
#12653=DIRECTION('',(-0.957826285221151,0.,-0.287347885566346));
#12654=DIRECTION('',(-0.287347885566346,0.,0.957826285221151));
#12655=DIRECTION('',(0.,-1.,0.));
#12656=DIRECTION('',(-1.,0.,0.));
#12657=DIRECTION('',(0.,0.,1.));
#12658=DIRECTION('',(0.,-1.,0.));
#12659=DIRECTION('',(3.7663345500886E-16,0.,-1.));
#12660=DIRECTION('',(-1.,0.,-3.7663345500886E-16));
#12661=DIRECTION('',(0.,-1.,0.));
#12662=DIRECTION('',(1.,0.,0.));
#12663=DIRECTION('',(0.,0.,-1.));
#12664=DIRECTION('',(0.,-1.,0.));
#12665=DIRECTION('',(0.957826285221151,0.,-0.287347885566346));
#12666=DIRECTION('',(-0.287347885566346,0.,-0.957826285221151));
#12667=DIRECTION('',(-0.957826285221151,0.,-0.287347885566346));
#12668=DIRECTION('',(-0.287347885566346,0.,0.957826285221151));
#12669=DIRECTION('',(0.,-1.,0.));
#12670=DIRECTION('',(-1.,0.,0.));
#12671=DIRECTION('',(0.,0.,1.));
#12672=DIRECTION('',(0.,-1.,0.));
#12673=DIRECTION('',(3.7663345500886E-16,0.,-1.));
#12674=DIRECTION('',(-1.,0.,-3.7663345500886E-16));
#12675=DIRECTION('',(0.,-1.,0.));
#12676=DIRECTION('',(1.,0.,0.));
#12677=DIRECTION('',(0.,0.,-1.));
#12678=DIRECTION('',(0.,-1.,0.));
#12679=DIRECTION('',(0.957826285221151,0.,-0.287347885566346));
#12680=DIRECTION('',(-0.287347885566346,0.,-0.957826285221152));
#12681=DIRECTION('',(-0.957826285221151,0.,-0.287347885566346));
#12682=DIRECTION('',(-0.287347885566346,0.,0.957826285221151));
#12683=DIRECTION('',(0.,-1.,0.));
#12684=DIRECTION('',(-1.,0.,0.));
#12685=DIRECTION('',(0.,0.,1.));
#12686=DIRECTION('',(0.,-1.,0.));
#12687=DIRECTION('',(3.7663345500886E-16,0.,-1.));
#12688=DIRECTION('',(-1.,0.,-3.7663345500886E-16));
#12689=DIRECTION('',(0.,-1.,0.));
#12690=DIRECTION('',(1.,0.,0.));
#12691=DIRECTION('',(0.,0.,-1.));
#12692=DIRECTION('',(0.,-1.,0.));
#12693=DIRECTION('',(0.957826285221151,0.,-0.287347885566346));
#12694=DIRECTION('',(-0.287347885566346,0.,-0.957826285221151));
#12695=DIRECTION('',(-0.957826285221151,0.,-0.287347885566346));
#12696=DIRECTION('',(-0.287347885566346,0.,0.957826285221151));
#12697=DIRECTION('',(0.,-1.,0.));
#12698=DIRECTION('',(-1.,0.,0.));
#12699=DIRECTION('',(0.,0.,1.));
#12700=DIRECTION('',(0.,-1.,0.));
#12701=DIRECTION('',(3.7663345500886E-16,0.,-1.));
#12702=DIRECTION('',(-1.,0.,-3.7663345500886E-16));
#12703=DIRECTION('',(0.,-1.,0.));
#12704=DIRECTION('',(1.,0.,0.));
#12705=DIRECTION('',(0.,0.,-1.));
#12706=DIRECTION('',(0.,-1.,0.));
#12707=DIRECTION('',(0.957826285221152,0.,-0.287347885566343));
#12708=DIRECTION('',(-0.287347885566343,0.,-0.957826285221152));
#12709=DIRECTION('',(0.957826285221151,0.,-0.287347885566346));
#12710=DIRECTION('',(-0.287347885566346,0.,-0.957826285221151));
#12711=DIRECTION('',(0.,-1.,0.));
#12712=DIRECTION('',(1.,0.,0.));
#12713=DIRECTION('',(0.,0.,-1.));
#12714=DIRECTION('',(0.,-1.,0.));
#12715=DIRECTION('',(3.7663345500886E-16,0.,-1.));
#12716=DIRECTION('',(-1.,0.,-3.7663345500886E-16));
#12717=DIRECTION('',(0.,-1.,0.));
#12718=DIRECTION('',(-1.,0.,0.));
#12719=DIRECTION('',(0.,0.,1.));
#12720=DIRECTION('',(0.,-1.,0.));
#12721=DIRECTION('',(-0.957826285221151,0.,-0.287347885566346));
#12722=DIRECTION('',(-0.287347885566346,0.,0.957826285221151));
#12723=DIRECTION('',(0.,0.,1.));
#12724=DIRECTION('',(1.,0.,0.));
#12725=CARTESIAN_POINT('',(0.,0.,0.));
#12726=CARTESIAN_POINT('',(0.3,-0.1175,0.));
#12727=CARTESIAN_POINT('',(0.3,-0.1075,0.));
#12728=CARTESIAN_POINT('',(0.3,-0.1075,-0.025));
#12729=CARTESIAN_POINT('',(0.323685438564654,-0.0574999999999996,0.008));
#12730=CARTESIAN_POINT('',(0.323685438564654,-0.0547057952527753,0.008));
#12731=CARTESIAN_POINT('',(0.322803352639697,-0.0524999999999442,0.0106195106857742));
#12732=CARTESIAN_POINT('',(0.321354156504091,-0.0524999999999424,0.0129999999999957));
#12733=CARTESIAN_POINT('',(0.323685438564654,-0.0574999999999996,0.008));
#12734=CARTESIAN_POINT('',(0.321354156504063,-0.0525,0.0129999999999996));
#12735=CARTESIAN_POINT('',(0.323685438564654,-0.1175,0.008));
#12736=CARTESIAN_POINT('',(0.323685438564654,-0.0874999999999984,0.008));
#12737=CARTESIAN_POINT('',(0.317349351572896,-0.0975,0.0180000000000016));
#12738=CARTESIAN_POINT('',(0.321561368548174,-0.0975,0.0139402353702734));
#12739=CARTESIAN_POINT('',(0.323685438564654,-0.0933856355670238,0.00799999999999999));
#12740=CARTESIAN_POINT('',(0.323685438564654,-0.0874999999999984,0.008));
#12741=CARTESIAN_POINT('',(0.317349351572896,-0.0975,0.0180000000000016));
#12742=CARTESIAN_POINT('',(0.3,-0.0975,0.));
#12743=CARTESIAN_POINT('',(0.282650648427104,-0.0975,0.0180000000000016));
#12744=CARTESIAN_POINT('',(0.276314561435346,-0.0874999999999984,0.008));
#12745=CARTESIAN_POINT('',(0.276314561435346,-0.0933789469406737,0.00799999999999999));
#12746=CARTESIAN_POINT('',(0.27843817696613,-0.0975,0.0139397973129335));
#12747=CARTESIAN_POINT('',(0.282650648427104,-0.0975,0.0180000000000016));
#12748=CARTESIAN_POINT('',(0.276314561435346,-0.0874999999999984,0.008));
#12749=CARTESIAN_POINT('',(0.276314561435346,-0.1175,0.008));
#12750=CARTESIAN_POINT('',(0.276314561435346,-0.0574999999999996,0.008));
#12751=CARTESIAN_POINT('',(0.278645843495937,-0.0525,0.0129999999999996));
#12752=CARTESIAN_POINT('',(0.277195354449899,-0.0525,0.0106173869156509));
#12753=CARTESIAN_POINT('',(0.276314561435325,-0.0547006481261381,0.00799999999999834));
#12754=CARTESIAN_POINT('',(0.276314561435325,-0.0574999999999981,0.00799999999999752));
#12755=CARTESIAN_POINT('',(0.278645843495937,-0.0525,0.0129999999999996));
#12756=CARTESIAN_POINT('',(0.3,-0.0525,0.));
#12757=CARTESIAN_POINT('',(-0.3,-0.1175,0.));
#12758=CARTESIAN_POINT('',(-0.3,-0.1075,0.));
#12759=CARTESIAN_POINT('',(-0.3,-0.1075,-0.025));
#12760=CARTESIAN_POINT('',(-0.276314561435346,-0.0574999999999996,0.008));
#12761=CARTESIAN_POINT('',(-0.276314561435346,-0.0547057952527753,0.008));
#12762=CARTESIAN_POINT('',(-0.277196647360303,-0.0524999999999442,0.0106195106857742));
#12763=CARTESIAN_POINT('',(-0.278645843495909,-0.0524999999999424,0.0129999999999957));
#12764=CARTESIAN_POINT('',(-0.276314561435346,-0.0574999999999996,0.008));
#12765=CARTESIAN_POINT('',(-0.278645843495937,-0.0525,0.0129999999999996));
#12766=CARTESIAN_POINT('',(-0.276314561435346,-0.1175,0.008));
#12767=CARTESIAN_POINT('',(-0.276314561435346,-0.0874999999999984,0.008));
#12768=CARTESIAN_POINT('',(-0.282650648427104,-0.0975,0.0180000000000016));
#12769=CARTESIAN_POINT('',(-0.278438631451826,-0.0975,0.0139402353702734));
#12770=CARTESIAN_POINT('',(-0.276314561435346,-0.0933856355670238,0.00799999999999997));
#12771=CARTESIAN_POINT('',(-0.276314561435346,-0.0874999999999984,0.008));
#12772=CARTESIAN_POINT('',(-0.282650648427104,-0.0975,0.0180000000000016));
#12773=CARTESIAN_POINT('',(-0.3,-0.0975,0.));
#12774=CARTESIAN_POINT('',(-0.317349351572896,-0.0975,0.0180000000000016));
#12775=CARTESIAN_POINT('',(-0.323685438564654,-0.0874999999999984,0.008));
#12776=CARTESIAN_POINT('',(-0.323685438564654,-0.0933789469406737,0.00799999999999999));
#12777=CARTESIAN_POINT('',(-0.32156182303387,-0.0975,0.0139397973129335));
#12778=CARTESIAN_POINT('',(-0.317349351572896,-0.0975,0.0180000000000016));
#12779=CARTESIAN_POINT('',(-0.323685438564654,-0.0874999999999984,0.008));
#12780=CARTESIAN_POINT('',(-0.323685438564654,-0.1175,0.008));
#12781=CARTESIAN_POINT('',(-0.323685438564654,-0.0574999999999996,0.008));
#12782=CARTESIAN_POINT('',(-0.321354156504063,-0.0525,0.0129999999999996));
#12783=CARTESIAN_POINT('',(-0.322804645550101,-0.0525,0.0106173869156509));
#12784=CARTESIAN_POINT('',(-0.323685438564675,-0.0547006481261381,0.00799999999999834));
#12785=CARTESIAN_POINT('',(-0.323685438564675,-0.0574999999999981,0.00799999999999752));
#12786=CARTESIAN_POINT('',(-0.321354156504063,-0.0525,0.0129999999999996));
#12787=CARTESIAN_POINT('',(-0.3,-0.0525,0.));
#12788=CARTESIAN_POINT('',(-0.35,0.048,-0.0495));
#12789=CARTESIAN_POINT('',(0.,0.048,0.0495));
#12790=CARTESIAN_POINT('',(-0.35,0.048,0.0495));
#12791=CARTESIAN_POINT('',(-0.31,0.048,0.0495));
#12792=CARTESIAN_POINT('',(-0.31,0.048,0.2095));
#12793=CARTESIAN_POINT('',(-0.31,0.048,0.2095));
#12794=CARTESIAN_POINT('',(-0.35,0.048,0.2095));
#12795=CARTESIAN_POINT('',(-0.35,0.048,0.2095));
#12796=CARTESIAN_POINT('',(-0.35,0.048,-0.0495));
#12797=CARTESIAN_POINT('',(-0.35,0.0675,0.0495));
#12798=CARTESIAN_POINT('',(-0.35,0.0675,0.0495));
#12799=CARTESIAN_POINT('',(-0.35,-0.0525,0.0495));
#12800=CARTESIAN_POINT('',(-0.35,0.0875,0.2095));
#12801=CARTESIAN_POINT('',(-0.35,0.0875,0.2095));
#12802=CARTESIAN_POINT('',(-0.35,0.0875,-0.0495));
#12803=CARTESIAN_POINT('',(-0.35,0.0875,-0.0495));
#12804=CARTESIAN_POINT('',(-0.35,0.0675,-0.0495));
#12805=CARTESIAN_POINT('',(-0.35,-0.0525,-0.0495));
#12806=CARTESIAN_POINT('',(-0.35,-0.0525,0.0495));
#12807=CARTESIAN_POINT('',(-0.35,-0.0525,0.0495));
#12808=CARTESIAN_POINT('',(-0.27,-0.0525,0.0129999999999996));
#12809=CARTESIAN_POINT('',(-0.25521739130435,-0.0525,0.0495));
#12810=CARTESIAN_POINT('',(-0.25521739130435,-0.0525,0.0495));
#12811=CARTESIAN_POINT('',(-0.25521739130435,-0.0525,-0.0495));
#12812=CARTESIAN_POINT('',(-0.35,-0.0525,0.0495));
#12813=CARTESIAN_POINT('',(-0.35,-0.0525,-0.0495));
#12814=CARTESIAN_POINT('',(-0.25521739130435,-0.0525,0.0495));
#12815=CARTESIAN_POINT('',(-0.25521739130435,-0.0525,-0.0495));
#12816=CARTESIAN_POINT('',(-0.25521739130435,-0.0675,-0.0495));
#12817=CARTESIAN_POINT('',(-0.25521739130435,-0.0675,0.0495));
#12818=CARTESIAN_POINT('',(-0.25521739130435,-0.0675,0.0495));
#12819=CARTESIAN_POINT('',(-0.25521739130435,-0.0525,0.0495));
#12820=CARTESIAN_POINT('',(-0.25521739130435,-0.0675,0.0495));
#12821=CARTESIAN_POINT('',(-0.25521739130435,-0.0675,-0.0495));
#12822=CARTESIAN_POINT('',(0.25521739130435,-0.0675,-0.0495));
#12823=CARTESIAN_POINT('',(0.25521739130435,-0.0675,0.0495));
#12824=CARTESIAN_POINT('',(0.25521739130435,-0.0675,0.0495));
#12825=CARTESIAN_POINT('',(-0.25521739130435,-0.0675,0.0495));
#12826=CARTESIAN_POINT('',(0.25521739130435,-0.0675,0.0495));
#12827=CARTESIAN_POINT('',(0.25521739130435,-0.0675,-0.0495));
#12828=CARTESIAN_POINT('',(0.25521739130435,-0.0525,-0.0495));
#12829=CARTESIAN_POINT('',(0.25521739130435,-0.0525,0.0495));
#12830=CARTESIAN_POINT('',(0.25521739130435,-0.0525,0.0495));
#12831=CARTESIAN_POINT('',(0.25521739130435,-0.0675,0.0495));
#12832=CARTESIAN_POINT('',(0.25521739130435,-0.0525,0.0495));
#12833=CARTESIAN_POINT('',(0.33,-0.0525,0.0129999999999996));
#12834=CARTESIAN_POINT('',(0.35,-0.0525,0.0495));
#12835=CARTESIAN_POINT('',(0.35,-0.0525,0.0495));
#12836=CARTESIAN_POINT('',(0.35,-0.0525,-0.0495));
#12837=CARTESIAN_POINT('',(0.25521739130435,-0.0525,0.0495));
#12838=CARTESIAN_POINT('',(0.25521739130435,-0.0525,-0.0495));
#12839=CARTESIAN_POINT('',(0.35,-0.0525,0.0495));
#12840=CARTESIAN_POINT('',(0.35,-0.0525,-0.0495));
#12841=CARTESIAN_POINT('',(0.35,0.0875,-0.0495));
#12842=CARTESIAN_POINT('',(0.35,0.0875,-0.0495));
#12843=CARTESIAN_POINT('',(0.35,0.0875,0.2095));
#12844=CARTESIAN_POINT('',(0.35,0.048,0.2095));
#12845=CARTESIAN_POINT('',(0.35,0.048,0.2095));
#12846=CARTESIAN_POINT('',(0.35,0.048,-0.0495));
#12847=CARTESIAN_POINT('',(0.35,0.048,0.0495));
#12848=CARTESIAN_POINT('',(0.35,-0.0525,0.0495));
#12849=CARTESIAN_POINT('',(0.338,0.038,0.0495));
#12850=CARTESIAN_POINT('',(0.338,0.038,-0.0495));
#12851=CARTESIAN_POINT('',(0.338,0.038,-0.0495));
#12852=CARTESIAN_POINT('',(0.312,0.038,-0.0495));
#12853=CARTESIAN_POINT('',(0.338,0.038,0.0495));
#12854=CARTESIAN_POINT('',(0.338,0.038,0.0495));
#12855=CARTESIAN_POINT('',(0.338,0.038,0.0495));
#12856=CARTESIAN_POINT('',(0.312,0.038,0.0495));
#12857=CARTESIAN_POINT('',(0.312,0.038,0.0495));
#12858=CARTESIAN_POINT('',(0.338,0.012,0.0495));
#12859=CARTESIAN_POINT('',(0.338,0.012,-0.0495));
#12860=CARTESIAN_POINT('',(0.338,0.012,-0.0495));
#12861=CARTESIAN_POINT('',(0.338,0.012,0.0495));
#12862=CARTESIAN_POINT('',(0.338,0.012,0.0495));
#12863=CARTESIAN_POINT('',(0.338,0.012,0.0495));
#12864=CARTESIAN_POINT('',(0.312,0.012,0.0495));
#12865=CARTESIAN_POINT('',(0.312,0.012,-0.0495));
#12866=CARTESIAN_POINT('',(0.312,0.012,-0.0495));
#12867=CARTESIAN_POINT('',(0.312,0.012,0.0495));
#12868=CARTESIAN_POINT('',(0.312,0.012,0.0495));
#12869=CARTESIAN_POINT('',(0.312,0.012,0.0495));
#12870=CARTESIAN_POINT('',(0.338,-0.012,0.0495));
#12871=CARTESIAN_POINT('',(0.338,-0.012,-0.0495));
#12872=CARTESIAN_POINT('',(0.338,-0.012,-0.0495));
#12873=CARTESIAN_POINT('',(0.312,-0.012,-0.0495));
#12874=CARTESIAN_POINT('',(0.338,-0.012,0.0495));
#12875=CARTESIAN_POINT('',(0.338,-0.012,0.0495));
#12876=CARTESIAN_POINT('',(0.338,-0.012,0.0495));
#12877=CARTESIAN_POINT('',(0.312,-0.012,0.0495));
#12878=CARTESIAN_POINT('',(0.312,-0.012,0.0495));
#12879=CARTESIAN_POINT('',(0.338,-0.038,0.0495));
#12880=CARTESIAN_POINT('',(0.338,-0.038,-0.0495));
#12881=CARTESIAN_POINT('',(0.338,-0.038,-0.0495));
#12882=CARTESIAN_POINT('',(0.338,-0.038,0.0495));
#12883=CARTESIAN_POINT('',(0.338,-0.038,0.0495));
#12884=CARTESIAN_POINT('',(0.338,-0.038,0.0495));
#12885=CARTESIAN_POINT('',(0.312,-0.038,0.0495));
#12886=CARTESIAN_POINT('',(0.312,-0.038,-0.0495));
#12887=CARTESIAN_POINT('',(0.312,-0.038,-0.0495));
#12888=CARTESIAN_POINT('',(0.312,-0.038,0.0495));
#12889=CARTESIAN_POINT('',(0.312,-0.038,0.0495));
#12890=CARTESIAN_POINT('',(0.312,-0.038,0.0495));
#12891=CARTESIAN_POINT('',(0.262,0.038,0.0495));
#12892=CARTESIAN_POINT('',(0.262,0.038,-0.0495));
#12893=CARTESIAN_POINT('',(0.262,0.038,-0.0495));
#12894=CARTESIAN_POINT('',(0.262,0.012,-0.0495));
#12895=CARTESIAN_POINT('',(0.262,0.038,0.0495));
#12896=CARTESIAN_POINT('',(0.262,0.038,0.0495));
#12897=CARTESIAN_POINT('',(0.262,0.038,0.0495));
#12898=CARTESIAN_POINT('',(0.262,0.012,0.0495));
#12899=CARTESIAN_POINT('',(0.262,0.012,0.0495));
#12900=CARTESIAN_POINT('',(0.288,0.038,0.0495));
#12901=CARTESIAN_POINT('',(0.288,0.038,-0.0495));
#12902=CARTESIAN_POINT('',(0.288,0.038,-0.0495));
#12903=CARTESIAN_POINT('',(0.288,0.038,0.0495));
#12904=CARTESIAN_POINT('',(0.288,0.038,0.0495));
#12905=CARTESIAN_POINT('',(0.288,0.038,0.0495));
#12906=CARTESIAN_POINT('',(0.288,0.012,0.0495));
#12907=CARTESIAN_POINT('',(0.288,0.012,-0.0495));
#12908=CARTESIAN_POINT('',(0.288,0.012,-0.0495));
#12909=CARTESIAN_POINT('',(0.288,0.012,0.0495));
#12910=CARTESIAN_POINT('',(0.288,0.012,0.0495));
#12911=CARTESIAN_POINT('',(0.288,0.012,0.0495));
#12912=CARTESIAN_POINT('',(0.262,-0.012,0.0495));
#12913=CARTESIAN_POINT('',(0.262,-0.012,-0.0495));
#12914=CARTESIAN_POINT('',(0.262,-0.012,-0.0495));
#12915=CARTESIAN_POINT('',(0.262,-0.038,-0.0495));
#12916=CARTESIAN_POINT('',(0.262,-0.012,0.0495));
#12917=CARTESIAN_POINT('',(0.262,-0.012,0.0495));
#12918=CARTESIAN_POINT('',(0.262,-0.012,0.0495));
#12919=CARTESIAN_POINT('',(0.262,-0.038,0.0495));
#12920=CARTESIAN_POINT('',(0.262,-0.038,0.0495));
#12921=CARTESIAN_POINT('',(0.288,-0.012,0.0495));
#12922=CARTESIAN_POINT('',(0.288,-0.012,-0.0495));
#12923=CARTESIAN_POINT('',(0.288,-0.012,-0.0495));
#12924=CARTESIAN_POINT('',(0.288,-0.012,0.0495));
#12925=CARTESIAN_POINT('',(0.288,-0.012,0.0495));
#12926=CARTESIAN_POINT('',(0.288,-0.012,0.0495));
#12927=CARTESIAN_POINT('',(0.288,-0.038,0.0495));
#12928=CARTESIAN_POINT('',(0.288,-0.038,-0.0495));
#12929=CARTESIAN_POINT('',(0.288,-0.038,-0.0495));
#12930=CARTESIAN_POINT('',(0.288,-0.038,0.0495));
#12931=CARTESIAN_POINT('',(0.288,-0.038,0.0495));
#12932=CARTESIAN_POINT('',(0.288,-0.038,0.0495));
#12933=CARTESIAN_POINT('',(-0.288,0.038,0.0495));
#12934=CARTESIAN_POINT('',(-0.288,0.038,-0.0495));
#12935=CARTESIAN_POINT('',(-0.288,0.038,-0.0495));
#12936=CARTESIAN_POINT('',(-0.288,0.012,-0.0495));
#12937=CARTESIAN_POINT('',(-0.288,0.038,0.0495));
#12938=CARTESIAN_POINT('',(-0.288,0.038,0.0495));
#12939=CARTESIAN_POINT('',(-0.288,0.038,0.0495));
#12940=CARTESIAN_POINT('',(-0.288,0.012,0.0495));
#12941=CARTESIAN_POINT('',(-0.288,0.012,0.0495));
#12942=CARTESIAN_POINT('',(-0.262,0.038,0.0495));
#12943=CARTESIAN_POINT('',(-0.262,0.038,-0.0495));
#12944=CARTESIAN_POINT('',(-0.262,0.038,-0.0495));
#12945=CARTESIAN_POINT('',(-0.262,0.038,0.0495));
#12946=CARTESIAN_POINT('',(-0.262,0.038,0.0495));
#12947=CARTESIAN_POINT('',(-0.262,0.038,0.0495));
#12948=CARTESIAN_POINT('',(-0.262,0.012,0.0495));
#12949=CARTESIAN_POINT('',(-0.262,0.012,-0.0495));
#12950=CARTESIAN_POINT('',(-0.262,0.012,-0.0495));
#12951=CARTESIAN_POINT('',(-0.262,0.012,0.0495));
#12952=CARTESIAN_POINT('',(-0.262,0.012,0.0495));
#12953=CARTESIAN_POINT('',(-0.262,0.012,0.0495));
#12954=CARTESIAN_POINT('',(-0.288,-0.012,0.0495));
#12955=CARTESIAN_POINT('',(-0.288,-0.012,-0.0495));
#12956=CARTESIAN_POINT('',(-0.288,-0.012,-0.0495));
#12957=CARTESIAN_POINT('',(-0.288,-0.038,-0.0495));
#12958=CARTESIAN_POINT('',(-0.288,-0.012,0.0495));
#12959=CARTESIAN_POINT('',(-0.288,-0.012,0.0495));
#12960=CARTESIAN_POINT('',(-0.288,-0.012,0.0495));
#12961=CARTESIAN_POINT('',(-0.288,-0.038,0.0495));
#12962=CARTESIAN_POINT('',(-0.288,-0.038,0.0495));
#12963=CARTESIAN_POINT('',(-0.262,-0.012,0.0495));
#12964=CARTESIAN_POINT('',(-0.262,-0.012,-0.0495));
#12965=CARTESIAN_POINT('',(-0.262,-0.012,-0.0495));
#12966=CARTESIAN_POINT('',(-0.262,-0.012,0.0495));
#12967=CARTESIAN_POINT('',(-0.262,-0.012,0.0495));
#12968=CARTESIAN_POINT('',(-0.262,-0.012,0.0495));
#12969=CARTESIAN_POINT('',(-0.262,-0.038,0.0495));
#12970=CARTESIAN_POINT('',(-0.262,-0.038,-0.0495));
#12971=CARTESIAN_POINT('',(-0.262,-0.038,-0.0495));
#12972=CARTESIAN_POINT('',(-0.262,-0.038,0.0495));
#12973=CARTESIAN_POINT('',(-0.262,-0.038,0.0495));
#12974=CARTESIAN_POINT('',(-0.262,-0.038,0.0495));
#12975=CARTESIAN_POINT('',(-0.312,0.038,0.0495));
#12976=CARTESIAN_POINT('',(-0.312,0.038,-0.0495));
#12977=CARTESIAN_POINT('',(-0.312,0.038,-0.0495));
#12978=CARTESIAN_POINT('',(-0.338,0.038,-0.0495));
#12979=CARTESIAN_POINT('',(-0.312,0.038,0.0495));
#12980=CARTESIAN_POINT('',(-0.312,0.038,0.0495));
#12981=CARTESIAN_POINT('',(-0.312,0.038,0.0495));
#12982=CARTESIAN_POINT('',(-0.338,0.038,0.0495));
#12983=CARTESIAN_POINT('',(-0.338,0.038,0.0495));
#12984=CARTESIAN_POINT('',(-0.312,0.012,0.0495));
#12985=CARTESIAN_POINT('',(-0.312,0.012,-0.0495));
#12986=CARTESIAN_POINT('',(-0.312,0.012,-0.0495));
#12987=CARTESIAN_POINT('',(-0.312,0.012,0.0495));
#12988=CARTESIAN_POINT('',(-0.312,0.012,0.0495));
#12989=CARTESIAN_POINT('',(-0.312,0.012,0.0495));
#12990=CARTESIAN_POINT('',(-0.338,0.012,0.0495));
#12991=CARTESIAN_POINT('',(-0.338,0.012,-0.0495));
#12992=CARTESIAN_POINT('',(-0.338,0.012,-0.0495));
#12993=CARTESIAN_POINT('',(-0.338,0.012,0.0495));
#12994=CARTESIAN_POINT('',(-0.338,0.012,0.0495));
#12995=CARTESIAN_POINT('',(-0.338,0.012,0.0495));
#12996=CARTESIAN_POINT('',(-0.312,-0.012,0.0495));
#12997=CARTESIAN_POINT('',(-0.312,-0.012,-0.0495));
#12998=CARTESIAN_POINT('',(-0.312,-0.012,-0.0495));
#12999=CARTESIAN_POINT('',(-0.338,-0.012,-0.0495));
#13000=CARTESIAN_POINT('',(-0.312,-0.012,0.0495));
#13001=CARTESIAN_POINT('',(-0.312,-0.012,0.0495));
#13002=CARTESIAN_POINT('',(-0.312,-0.012,0.0495));
#13003=CARTESIAN_POINT('',(-0.338,-0.012,0.0495));
#13004=CARTESIAN_POINT('',(-0.338,-0.012,0.0495));
#13005=CARTESIAN_POINT('',(-0.312,-0.038,0.0495));
#13006=CARTESIAN_POINT('',(-0.312,-0.038,-0.0495));
#13007=CARTESIAN_POINT('',(-0.312,-0.038,-0.0495));
#13008=CARTESIAN_POINT('',(-0.312,-0.038,0.0495));
#13009=CARTESIAN_POINT('',(-0.312,-0.038,0.0495));
#13010=CARTESIAN_POINT('',(-0.312,-0.038,0.0495));
#13011=CARTESIAN_POINT('',(-0.338,-0.038,0.0495));
#13012=CARTESIAN_POINT('',(-0.338,-0.038,-0.0495));
#13013=CARTESIAN_POINT('',(-0.338,-0.038,-0.0495));
#13014=CARTESIAN_POINT('',(-0.338,-0.038,0.0495));
#13015=CARTESIAN_POINT('',(-0.338,-0.038,0.0495));
#13016=CARTESIAN_POINT('',(-0.338,-0.038,0.0495));
#13017=CARTESIAN_POINT('',(0.312,0.038,0.0495));
#13018=CARTESIAN_POINT('',(0.312,0.038,-0.0495));
#13019=CARTESIAN_POINT('',(0.312,0.038,0.0495));
#13020=CARTESIAN_POINT('',(0.312,-0.012,0.0495));
#13021=CARTESIAN_POINT('',(0.312,-0.012,-0.0495));
#13022=CARTESIAN_POINT('',(0.312,-0.012,0.0495));
#13023=CARTESIAN_POINT('',(0.262,0.012,0.0495));
#13024=CARTESIAN_POINT('',(0.262,0.012,-0.0495));
#13025=CARTESIAN_POINT('',(0.262,0.012,0.0495));
#13026=CARTESIAN_POINT('',(0.262,-0.038,0.0495));
#13027=CARTESIAN_POINT('',(0.262,-0.038,-0.0495));
#13028=CARTESIAN_POINT('',(0.262,-0.038,0.0495));
#13029=CARTESIAN_POINT('',(-0.288,0.012,0.0495));
#13030=CARTESIAN_POINT('',(-0.288,0.012,-0.0495));
#13031=CARTESIAN_POINT('',(-0.288,0.012,0.0495));
#13032=CARTESIAN_POINT('',(-0.288,-0.038,0.0495));
#13033=CARTESIAN_POINT('',(-0.288,-0.038,-0.0495));
#13034=CARTESIAN_POINT('',(-0.288,-0.038,0.0495));
#13035=CARTESIAN_POINT('',(-0.338,0.038,0.0495));
#13036=CARTESIAN_POINT('',(-0.338,0.038,-0.0495));
#13037=CARTESIAN_POINT('',(-0.338,0.038,0.0495));
#13038=CARTESIAN_POINT('',(-0.338,-0.012,0.0495));
#13039=CARTESIAN_POINT('',(-0.338,-0.012,-0.0495));
#13040=CARTESIAN_POINT('',(-0.338,-0.012,0.0495));
#13041=CARTESIAN_POINT('',(0.35,0.0675,0.0495));
#13042=CARTESIAN_POINT('',(0.35,0.0675,0.0495));
#13043=CARTESIAN_POINT('',(0.2,0.0675,0.0495));
#13044=CARTESIAN_POINT('',(-0.2,0.0675,0.0495));
#13045=CARTESIAN_POINT('',(0.2,0.0675,0.0495));
#13046=CARTESIAN_POINT('',(0.2,0.0675,-0.0495));
#13047=CARTESIAN_POINT('',(0.35,0.0675,-0.0495));
#13048=CARTESIAN_POINT('',(-0.2,0.0675,-0.0495));
#13049=CARTESIAN_POINT('',(-0.2,0.0675,0.0495));
#13050=CARTESIAN_POINT('',(0.,0.,0.0495));
#13051=CARTESIAN_POINT('',(-0.2,0.048,0.0495));
#13052=CARTESIAN_POINT('',(-0.2,0.07,0.0495));
#13053=CARTESIAN_POINT('',(-0.31,0.07,0.0495));
#13054=CARTESIAN_POINT('',(-0.31,0.07,0.0495));
#13055=CARTESIAN_POINT('',(-0.31,0.048,0.0495));
#13056=CARTESIAN_POINT('',(0.,0.048,0.0495));
#13057=CARTESIAN_POINT('',(0.31,0.048,0.0495));
#13058=CARTESIAN_POINT('',(0.31,0.048,0.0495));
#13059=CARTESIAN_POINT('',(0.31,0.07,0.0495));
#13060=CARTESIAN_POINT('',(-0.31,0.07,0.0495));
#13061=CARTESIAN_POINT('',(0.2,0.07,0.0495));
#13062=CARTESIAN_POINT('',(0.2,0.0875,0.0495));
#13063=CARTESIAN_POINT('',(0.,0.,-0.0495));
#13064=CARTESIAN_POINT('',(0.2,0.0875,-0.0495));
#13065=CARTESIAN_POINT('',(0.2,0.0875,-0.0495));
#13066=CARTESIAN_POINT('',(0.35,0.0875,-0.0495));
#13067=CARTESIAN_POINT('',(-0.2,0.0875,-0.0495));
#13068=CARTESIAN_POINT('',(-0.2,0.0875,-0.0495));
#13069=CARTESIAN_POINT('',(-0.2,0.048,-0.0495));
#13070=CARTESIAN_POINT('',(-0.2,0.048,-0.0495));
#13071=CARTESIAN_POINT('',(-0.2,0.0875,-0.0495));
#13072=CARTESIAN_POINT('',(-0.2,0.0875,0.2095));
#13073=CARTESIAN_POINT('',(-0.2,0.048,0.2095));
#13074=CARTESIAN_POINT('',(-0.2,0.08,0.2095));
#13075=CARTESIAN_POINT('',(-0.2,-0.0401502897900801,0.00139359353944269));
#13076=CARTESIAN_POINT('',(-0.2,0.07,0.19217949192431));
#13077=CARTESIAN_POINT('',(-0.2,0.07,-0.0495));
#13078=CARTESIAN_POINT('',(-0.2,0.0875,-0.0495));
#13079=CARTESIAN_POINT('',(-0.2,0.0875,0.2095));
#13080=CARTESIAN_POINT('',(0.,0.,0.2095));
#13081=CARTESIAN_POINT('',(-0.31,0.08,0.2095));
#13082=CARTESIAN_POINT('',(-0.31,0.08,0.2095));
#13083=CARTESIAN_POINT('',(-0.31,0.08,0.2095));
#13084=CARTESIAN_POINT('',(0.2,0.0875,-0.0495));
#13085=CARTESIAN_POINT('',(0.2,0.07,-0.0495));
#13086=CARTESIAN_POINT('',(0.2,0.07,0.19217949192431));
#13087=CARTESIAN_POINT('',(0.2,-0.0302752897900811,0.0184975952641847));
#13088=CARTESIAN_POINT('',(0.2,0.08,0.2095));
#13089=CARTESIAN_POINT('',(0.2,0.0875,0.2095));
#13090=CARTESIAN_POINT('',(0.2,0.0875,0.2095));
#13091=CARTESIAN_POINT('',(0.2,0.0875,-0.0495));
#13092=CARTESIAN_POINT('',(0.2,0.048,-0.0495));
#13093=CARTESIAN_POINT('',(0.31,0.048,0.2095));
#13094=CARTESIAN_POINT('',(0.31,0.048,0.2095));
#13095=CARTESIAN_POINT('',(0.2,0.048,0.2095));
#13096=CARTESIAN_POINT('',(0.35,0.0875,-0.0495));
#13097=CARTESIAN_POINT('',(0.35,0.0875,0.2095));
#13098=CARTESIAN_POINT('',(0.,0.,0.2095));
#13099=CARTESIAN_POINT('',(0.,0.08,0.2095));
#13100=CARTESIAN_POINT('',(0.31,0.08,0.2095));
#13101=CARTESIAN_POINT('',(0.31,0.08,0.2095));
#13102=CARTESIAN_POINT('',(0.31,0.,0.));
#13103=CARTESIAN_POINT('',(0.31,0.07,0.19217949192431));
#13104=CARTESIAN_POINT('',(0.31,0.07,0.19217949192431));
#13105=CARTESIAN_POINT('',(0.31,0.07,0.0495));
#13106=CARTESIAN_POINT('',(-0.31,0.07,0.19217949192431));
#13107=CARTESIAN_POINT('',(-0.31,0.07,0.19217949192431));
#13108=CARTESIAN_POINT('',(-0.31,0.07,0.0495));
#13109=CARTESIAN_POINT('',(-0.31,0.07,0.0495));
#13110=CARTESIAN_POINT('',(-0.31,0.07,0.19217949192431));
#13111=CARTESIAN_POINT('',(-0.31,0.07,0.19217949192431));
#13112=CARTESIAN_POINT('',(-0.31,0.07,0.0495));
#13113=CARTESIAN_POINT('',(-0.31,0.07,0.19217949192431));
#13114=CARTESIAN_POINT('',(-0.31,0.07,0.19217949192431));
#13115=CARTESIAN_POINT('',(-0.31,0.,0.));
#13116=CARTESIAN_POINT('',(-0.3,-0.1075,0.));
#13117=CARTESIAN_POINT('',(-0.3,-0.1175,0.));
#13118=CARTESIAN_POINT('',(-0.3,-0.1175,-0.015));
#13119=CARTESIAN_POINT('',(-0.3,-0.1175,-0.015));
#13120=CARTESIAN_POINT('',(-0.27,-0.0975,0.0495));
#13121=CARTESIAN_POINT('',(-0.27,-0.0975,0.0180000000000016));
#13122=CARTESIAN_POINT('',(-0.27,-0.0874999999999984,0.0180000000000016));
#13123=CARTESIAN_POINT('',(-0.27,-0.0874999999999984,0.008));
#13124=CARTESIAN_POINT('',(-0.27,-0.0874999999999984,0.008));
#13125=CARTESIAN_POINT('',(-0.27,-0.0574999999999996,0.008));
#13126=CARTESIAN_POINT('',(-0.27,-0.0574999999999996,0.0129999999999996));
#13127=CARTESIAN_POINT('',(0.3,-0.1075,0.));
#13128=CARTESIAN_POINT('',(0.3,-0.1175,0.));
#13129=CARTESIAN_POINT('',(0.3,-0.1175,-0.015));
#13130=CARTESIAN_POINT('',(0.3,-0.1175,-0.015));
#13131=CARTESIAN_POINT('',(0.33,-0.0975,0.0495));
#13132=CARTESIAN_POINT('',(0.33,-0.0975,0.0180000000000016));
#13133=CARTESIAN_POINT('',(0.33,-0.0874999999999984,0.0180000000000016));
#13134=CARTESIAN_POINT('',(0.33,-0.0874999999999984,0.008));
#13135=CARTESIAN_POINT('',(0.33,-0.0874999999999984,0.008));
#13136=CARTESIAN_POINT('',(0.33,-0.0574999999999996,0.008));
#13137=CARTESIAN_POINT('',(0.33,-0.0574999999999996,0.0129999999999996));
#13138=CARTESIAN_POINT('',(0.,0.,0.));
#13139=CARTESIAN_POINT('',(-0.233,0.033,0.1865));
#13140=CARTESIAN_POINT('',(0.202971896955503,-0.0236344107149337,0.284593676814989));
#13141=CARTESIAN_POINT('',(0.2324,0.033,0.1865));
#13142=CARTESIAN_POINT('',(0.23,0.028381197846483,0.1945));
#13143=CARTESIAN_POINT('',(-0.233,0.033,0.1865));
#13144=CARTESIAN_POINT('',(0.2176,0.033,0.1865));
#13145=CARTESIAN_POINT('',(0.189107728337236,0.0878334023810682,0.0915257611241213));
#13146=CARTESIAN_POINT('',(0.22,0.028381197846483,0.1945));
#13147=CARTESIAN_POINT('',(-0.233,0.028381197846483,0.1945));
#13148=CARTESIAN_POINT('',(-0.233,0.033,0.1865));
#13149=CARTESIAN_POINT('',(0.156133489461358,-0.0175499231005231,0.274055035128806));
#13150=CARTESIAN_POINT('',(0.1824,0.033,0.1865));
#13151=CARTESIAN_POINT('',(0.18,0.028381197846483,0.1945));
#13152=CARTESIAN_POINT('',(-0.233,0.033,0.1865));
#13153=CARTESIAN_POINT('',(0.1676,0.033,0.1865));
#13154=CARTESIAN_POINT('',(0.142269320843092,0.0817489147666571,0.102064402810305));
#13155=CARTESIAN_POINT('',(0.17,0.028381197846483,0.1945));
#13156=CARTESIAN_POINT('',(-0.233,0.028381197846483,0.1945));
#13157=CARTESIAN_POINT('',(-0.233,0.033,0.1865));
#13158=CARTESIAN_POINT('',(0.109295081967213,-0.0114654354861125,0.263516393442623));
#13159=CARTESIAN_POINT('',(0.1324,0.033,0.1865));
#13160=CARTESIAN_POINT('',(0.13,0.028381197846483,0.1945));
#13161=CARTESIAN_POINT('',(-0.233,0.033,0.1865));
#13162=CARTESIAN_POINT('',(0.1176,0.033,0.1865));
#13163=CARTESIAN_POINT('',(0.0954309133489459,0.075664427152247,0.112603044496487));
#13164=CARTESIAN_POINT('',(0.12,0.028381197846483,0.1945));
#13165=CARTESIAN_POINT('',(-0.233,0.028381197846483,0.1945));
#13166=CARTESIAN_POINT('',(-0.233,0.033,0.1865));
#13167=CARTESIAN_POINT('',(0.0624566744730677,-0.00538094787170195,0.252977751756441));
#13168=CARTESIAN_POINT('',(0.0824000000000001,0.033,0.1865));
#13169=CARTESIAN_POINT('',(0.08,0.028381197846483,0.1945));
#13170=CARTESIAN_POINT('',(-0.233,0.033,0.1865));
#13171=CARTESIAN_POINT('',(0.0676,0.033,0.1865));
#13172=CARTESIAN_POINT('',(0.0485925058548008,0.0695799395378363,0.12314168618267));
#13173=CARTESIAN_POINT('',(0.07,0.028381197846483,0.1945));
#13174=CARTESIAN_POINT('',(-0.233,0.028381197846483,0.1945));
#13175=CARTESIAN_POINT('',(-0.233,0.033,0.1865));
#13176=CARTESIAN_POINT('',(0.0156182669789226,0.000703539742708675,0.242439110070258));
#13177=CARTESIAN_POINT('',(0.0324,0.033,0.1865));
#13178=CARTESIAN_POINT('',(0.03,0.028381197846483,0.1945));
#13179=CARTESIAN_POINT('',(-0.233,0.033,0.1865));
#13180=CARTESIAN_POINT('',(0.0175999999999999,0.033,0.1865));
#13181=CARTESIAN_POINT('',(0.00175409836065561,0.0634954519234258,0.133680327868852));
#13182=CARTESIAN_POINT('',(0.02,0.028381197846483,0.1945));
#13183=CARTESIAN_POINT('',(-0.233,0.028381197846483,0.1945));
#13184=CARTESIAN_POINT('',(-0.233,0.033,0.1865));
#13185=CARTESIAN_POINT('',(-0.0312201405152226,0.00678802735711925,0.231900468384075));
#13186=CARTESIAN_POINT('',(-0.0176000000000001,0.033,0.1865));
#13187=CARTESIAN_POINT('',(-0.02,0.028381197846483,0.1945));
#13188=CARTESIAN_POINT('',(-0.233,0.033,0.1865));
#13189=CARTESIAN_POINT('',(-0.0324000000000001,0.033,0.1865));
#13190=CARTESIAN_POINT('',(-0.0450843091334896,0.0574109643090152,0.144218969555035));
#13191=CARTESIAN_POINT('',(-0.0300000000000001,0.028381197846483,0.1945));
#13192=CARTESIAN_POINT('',(-0.233,0.028381197846483,0.1945));
#13193=CARTESIAN_POINT('',(-0.233,0.033,0.1865));
#13194=CARTESIAN_POINT('',(-0.0780585480093678,0.0128725149715298,0.221361826697892));
#13195=CARTESIAN_POINT('',(-0.0676,0.033,0.1865));
#13196=CARTESIAN_POINT('',(-0.0700000000000001,0.028381197846483,0.1945));
#13197=CARTESIAN_POINT('',(-0.233,0.033,0.1865));
#13198=CARTESIAN_POINT('',(-0.0824000000000001,0.033,0.1865));
#13199=CARTESIAN_POINT('',(-0.0919227166276348,0.0513264766946047,0.154757611241218));
#13200=CARTESIAN_POINT('',(-0.0800000000000001,0.028381197846483,0.1945));
#13201=CARTESIAN_POINT('',(-0.233,0.028381197846483,0.1945));
#13202=CARTESIAN_POINT('',(-0.233,0.033,0.1865));
#13203=CARTESIAN_POINT('',(-0.124896955503513,0.0189570025859405,0.21082318501171));
#13204=CARTESIAN_POINT('',(-0.1176,0.033,0.1865));
#13205=CARTESIAN_POINT('',(-0.12,0.028381197846483,0.1945));
#13206=CARTESIAN_POINT('',(-0.233,0.033,0.1865));
#13207=CARTESIAN_POINT('',(-0.1324,0.033,0.1865));
#13208=CARTESIAN_POINT('',(-0.13876112412178,0.0452419890801941,0.1652962529274));
#13209=CARTESIAN_POINT('',(-0.13,0.028381197846483,0.1945));
#13210=CARTESIAN_POINT('',(-0.233,0.028381197846483,0.1945));
#13211=CARTESIAN_POINT('',(-0.233,0.033,0.1865));
#13212=CARTESIAN_POINT('',(-0.171735362997658,0.025041490200351,0.200284543325527));
#13213=CARTESIAN_POINT('',(-0.1676,0.033,0.1865));
#13214=CARTESIAN_POINT('',(-0.17,0.028381197846483,0.1945));
#13215=CARTESIAN_POINT('',(-0.233,0.033,0.1865));
#13216=CARTESIAN_POINT('',(-0.1824,0.033,0.1865));
#13217=CARTESIAN_POINT('',(-0.185599531615925,0.0391575014657835,0.175834894613583));
#13218=CARTESIAN_POINT('',(-0.18,0.028381197846483,0.1945));
#13219=CARTESIAN_POINT('',(-0.233,0.028381197846483,0.1945));
#13220=CARTESIAN_POINT('',(-0.233,0.028381197846483,0.1945));
#13221=CARTESIAN_POINT('',(0.23,0.5,0.1945));
#13222=CARTESIAN_POINT('',(0.23,0.021618802153517,0.1945));
#13223=CARTESIAN_POINT('',(0.22,0.5,0.1945));
#13224=CARTESIAN_POINT('',(0.22,0.0216188021535171,0.1945));
#13225=CARTESIAN_POINT('',(-0.233,0.021618802153517,0.1945));
#13226=CARTESIAN_POINT('',(-0.233,0.028381197846483,0.1945));
#13227=CARTESIAN_POINT('',(0.18,0.5,0.1945));
#13228=CARTESIAN_POINT('',(0.18,0.021618802153517,0.1945));
#13229=CARTESIAN_POINT('',(0.17,0.5,0.1945));
#13230=CARTESIAN_POINT('',(0.17,0.0216188021535171,0.1945));
#13231=CARTESIAN_POINT('',(-0.233,0.021618802153517,0.1945));
#13232=CARTESIAN_POINT('',(-0.233,0.028381197846483,0.1945));
#13233=CARTESIAN_POINT('',(0.13,0.5,0.1945));
#13234=CARTESIAN_POINT('',(0.13,0.021618802153517,0.1945));
#13235=CARTESIAN_POINT('',(0.12,0.5,0.1945));
#13236=CARTESIAN_POINT('',(0.12,0.0216188021535171,0.1945));
#13237=CARTESIAN_POINT('',(-0.233,0.021618802153517,0.1945));
#13238=CARTESIAN_POINT('',(-0.233,0.028381197846483,0.1945));
#13239=CARTESIAN_POINT('',(0.08,0.5,0.1945));
#13240=CARTESIAN_POINT('',(0.08,0.021618802153517,0.1945));
#13241=CARTESIAN_POINT('',(0.07,0.5,0.1945));
#13242=CARTESIAN_POINT('',(0.07,0.0216188021535171,0.1945));
#13243=CARTESIAN_POINT('',(-0.233,0.021618802153517,0.1945));
#13244=CARTESIAN_POINT('',(-0.233,0.028381197846483,0.1945));
#13245=CARTESIAN_POINT('',(0.03,0.5,0.1945));
#13246=CARTESIAN_POINT('',(0.03,0.021618802153517,0.1945));
#13247=CARTESIAN_POINT('',(0.02,0.5,0.1945));
#13248=CARTESIAN_POINT('',(0.02,0.0216188021535172,0.1945));
#13249=CARTESIAN_POINT('',(-0.233,0.021618802153517,0.1945));
#13250=CARTESIAN_POINT('',(-0.233,0.028381197846483,0.1945));
#13251=CARTESIAN_POINT('',(-0.02,0.5,0.1945));
#13252=CARTESIAN_POINT('',(-0.02,0.021618802153517,0.1945));
#13253=CARTESIAN_POINT('',(-0.0300000000000001,0.5,0.1945));
#13254=CARTESIAN_POINT('',(-0.03,0.0216188021535171,0.1945));
#13255=CARTESIAN_POINT('',(-0.233,0.021618802153517,0.1945));
#13256=CARTESIAN_POINT('',(-0.233,0.028381197846483,0.1945));
#13257=CARTESIAN_POINT('',(-0.0700000000000001,0.5,0.1945));
#13258=CARTESIAN_POINT('',(-0.0700000000000001,0.021618802153517,0.1945));
#13259=CARTESIAN_POINT('',(-0.0800000000000001,0.5,0.1945));
#13260=CARTESIAN_POINT('',(-0.0800000000000001,0.0216188021535171,0.1945));
#13261=CARTESIAN_POINT('',(-0.233,0.021618802153517,0.1945));
#13262=CARTESIAN_POINT('',(-0.233,0.028381197846483,0.1945));
#13263=CARTESIAN_POINT('',(-0.12,0.5,0.1945));
#13264=CARTESIAN_POINT('',(-0.12,0.021618802153517,0.1945));
#13265=CARTESIAN_POINT('',(-0.13,0.5,0.1945));
#13266=CARTESIAN_POINT('',(-0.13,0.0216188021535171,0.1945));
#13267=CARTESIAN_POINT('',(-0.233,0.021618802153517,0.1945));
#13268=CARTESIAN_POINT('',(-0.233,0.028381197846483,0.1945));
#13269=CARTESIAN_POINT('',(-0.17,0.5,0.1945));
#13270=CARTESIAN_POINT('',(-0.17,0.021618802153517,0.1945));
#13271=CARTESIAN_POINT('',(-0.18,0.5,0.1945));
#13272=CARTESIAN_POINT('',(-0.18,0.0216188021535171,0.1945));
#13273=CARTESIAN_POINT('',(-0.233,0.021618802153517,0.1945));
#13274=CARTESIAN_POINT('',(-0.233,0.021618802153517,0.1945));
#13275=CARTESIAN_POINT('',(0.200723653395784,0.0779611574629591,0.292087822014052));
#13276=CARTESIAN_POINT('',(0.2324,0.017,0.1865));
#13277=CARTESIAN_POINT('',(0.191355971896955,-0.033506655633043,0.0990199063231847));
#13278=CARTESIAN_POINT('',(0.2176,0.017,0.1865));
#13279=CARTESIAN_POINT('',(-0.233,0.017,0.1865));
#13280=CARTESIAN_POINT('',(-0.233,0.021618802153517,0.1945));
#13281=CARTESIAN_POINT('',(0.153885245901639,0.0718766698485485,0.281549180327869));
#13282=CARTESIAN_POINT('',(0.1824,0.017,0.1865));
#13283=CARTESIAN_POINT('',(0.144517564402811,-0.0274221680186319,0.109558548009368));
#13284=CARTESIAN_POINT('',(0.1676,0.017,0.1865));
#13285=CARTESIAN_POINT('',(-0.233,0.017,0.1865));
#13286=CARTESIAN_POINT('',(-0.233,0.021618802153517,0.1945));
#13287=CARTESIAN_POINT('',(0.107046838407494,0.0657921822341379,0.271010538641686));
#13288=CARTESIAN_POINT('',(0.1324,0.017,0.1865));
#13289=CARTESIAN_POINT('',(0.097679156908665,-0.0213376804042218,0.12009718969555));
#13290=CARTESIAN_POINT('',(0.1176,0.017,0.1865));
#13291=CARTESIAN_POINT('',(-0.233,0.017,0.1865));
#13292=CARTESIAN_POINT('',(-0.233,0.021618802153517,0.1945));
#13293=CARTESIAN_POINT('',(0.0602084309133488,0.0597076946197273,0.260471896955504));
#13294=CARTESIAN_POINT('',(0.0824,0.017,0.1865));
#13295=CARTESIAN_POINT('',(0.0508407494145199,-0.0152531927898111,0.130635831381733));
#13296=CARTESIAN_POINT('',(0.0676,0.017,0.1865));
#13297=CARTESIAN_POINT('',(-0.233,0.017,0.1865));
#13298=CARTESIAN_POINT('',(-0.233,0.021618802153517,0.1945));
#13299=CARTESIAN_POINT('',(0.0133700234192036,0.0536232070053167,0.249933255269321));
#13300=CARTESIAN_POINT('',(0.0323999999999999,0.017,0.1865));
#13301=CARTESIAN_POINT('',(0.00400234192037463,-0.00916870517540053,0.141174473067916));
#13302=CARTESIAN_POINT('',(0.0176,0.017,0.1865));
#13303=CARTESIAN_POINT('',(-0.233,0.017,0.1865));
#13304=CARTESIAN_POINT('',(-0.233,0.021618802153517,0.1945));
#13305=CARTESIAN_POINT('',(-0.0334683840749415,0.0475387193909061,0.239394613583138));
#13306=CARTESIAN_POINT('',(-0.0176,0.017,0.1865));
#13307=CARTESIAN_POINT('',(-0.0428360655737705,-0.00308421756098993,0.151713114754098));
#13308=CARTESIAN_POINT('',(-0.0324000000000001,0.017,0.1865));
#13309=CARTESIAN_POINT('',(-0.233,0.017,0.1865));
#13310=CARTESIAN_POINT('',(-0.233,0.021618802153517,0.1945));
#13311=CARTESIAN_POINT('',(-0.0803067915690868,0.0414542317764955,0.228855971896956));
#13312=CARTESIAN_POINT('',(-0.0676000000000001,0.017,0.1865));
#13313=CARTESIAN_POINT('',(-0.0896744730679158,0.00300027005342059,0.162251756440281));
#13314=CARTESIAN_POINT('',(-0.0824000000000001,0.017,0.1865));
#13315=CARTESIAN_POINT('',(-0.233,0.017,0.1865));
#13316=CARTESIAN_POINT('',(-0.233,0.021618802153517,0.1945));
#13317=CARTESIAN_POINT('',(-0.127145199063232,0.0353697441620849,0.218317330210773));
#13318=CARTESIAN_POINT('',(-0.1176,0.017,0.1865));
#13319=CARTESIAN_POINT('',(-0.136512880562061,0.00908475766783119,0.172790398126464));
#13320=CARTESIAN_POINT('',(-0.1324,0.017,0.1865));
#13321=CARTESIAN_POINT('',(-0.233,0.017,0.1865));
#13322=CARTESIAN_POINT('',(-0.233,0.021618802153517,0.1945));
#13323=CARTESIAN_POINT('',(-0.173983606557377,0.0292852565476743,0.20777868852459));
#13324=CARTESIAN_POINT('',(-0.1676,0.017,0.1865));
#13325=CARTESIAN_POINT('',(-0.183351288056206,0.0151692452822418,0.183329039812646));
#13326=CARTESIAN_POINT('',(-0.1824,0.017,0.1865));
#13327=CARTESIAN_POINT('',(-0.233,0.017,0.1865));
#13328=CARTESIAN_POINT('',(-0.233,-0.017,0.1865));
#13329=CARTESIAN_POINT('',(0.202971896955503,-0.0736344107149338,0.284593676814989));
#13330=CARTESIAN_POINT('',(0.2324,-0.017,0.1865));
#13331=CARTESIAN_POINT('',(0.23,-0.021618802153517,0.1945));
#13332=CARTESIAN_POINT('',(-0.233,-0.017,0.1865));
#13333=CARTESIAN_POINT('',(0.2176,-0.017,0.1865));
#13334=CARTESIAN_POINT('',(0.189107728337236,0.0378334023810682,0.0915257611241215));
#13335=CARTESIAN_POINT('',(0.22,-0.021618802153517,0.1945));
#13336=CARTESIAN_POINT('',(-0.233,-0.021618802153517,0.1945));
#13337=CARTESIAN_POINT('',(-0.233,-0.017,0.1865));
#13338=CARTESIAN_POINT('',(0.156133489461358,-0.0675499231005232,0.274055035128806));
#13339=CARTESIAN_POINT('',(0.1824,-0.017,0.1865));
#13340=CARTESIAN_POINT('',(0.18,-0.021618802153517,0.1945));
#13341=CARTESIAN_POINT('',(-0.233,-0.017,0.1865));
#13342=CARTESIAN_POINT('',(0.1676,-0.017,0.1865));
#13343=CARTESIAN_POINT('',(0.142269320843092,0.0317489147666572,0.102064402810305));
#13344=CARTESIAN_POINT('',(0.17,-0.021618802153517,0.1945));
#13345=CARTESIAN_POINT('',(-0.233,-0.021618802153517,0.1945));
#13346=CARTESIAN_POINT('',(-0.233,-0.017,0.1865));
#13347=CARTESIAN_POINT('',(0.109295081967213,-0.0614654354861126,0.263516393442623));
#13348=CARTESIAN_POINT('',(0.1324,-0.017,0.1865));
#13349=CARTESIAN_POINT('',(0.13,-0.021618802153517,0.1945));
#13350=CARTESIAN_POINT('',(-0.233,-0.017,0.1865));
#13351=CARTESIAN_POINT('',(0.1176,-0.017,0.1865));
#13352=CARTESIAN_POINT('',(0.095430913348946,0.0256644271522471,0.112603044496487));
#13353=CARTESIAN_POINT('',(0.12,-0.021618802153517,0.1945));
#13354=CARTESIAN_POINT('',(-0.233,-0.021618802153517,0.1945));
#13355=CARTESIAN_POINT('',(-0.233,-0.017,0.1865));
#13356=CARTESIAN_POINT('',(0.0624566744730677,-0.055380947871702,0.252977751756441));
#13357=CARTESIAN_POINT('',(0.0824,-0.017,0.1865));
#13358=CARTESIAN_POINT('',(0.08,-0.021618802153517,0.1945));
#13359=CARTESIAN_POINT('',(-0.233,-0.017,0.1865));
#13360=CARTESIAN_POINT('',(0.0676,-0.017,0.1865));
#13361=CARTESIAN_POINT('',(0.0485925058548009,0.0195799395378364,0.12314168618267));
#13362=CARTESIAN_POINT('',(0.07,-0.021618802153517,0.1945));
#13363=CARTESIAN_POINT('',(-0.233,-0.021618802153517,0.1945));
#13364=CARTESIAN_POINT('',(-0.233,-0.017,0.1865));
#13365=CARTESIAN_POINT('',(0.0156182669789226,-0.0492964602572914,0.242439110070258));
#13366=CARTESIAN_POINT('',(0.0323999999999999,-0.017,0.1865));
#13367=CARTESIAN_POINT('',(0.03,-0.021618802153517,0.1945));
#13368=CARTESIAN_POINT('',(-0.233,-0.017,0.1865));
#13369=CARTESIAN_POINT('',(0.0176,-0.017,0.1865));
#13370=CARTESIAN_POINT('',(0.00175409836065568,0.0134954519234258,0.133680327868852));
#13371=CARTESIAN_POINT('',(0.02,-0.021618802153517,0.1945));
#13372=CARTESIAN_POINT('',(-0.233,-0.021618802153517,0.1945));
#13373=CARTESIAN_POINT('',(-0.233,-0.017,0.1865));
#13374=CARTESIAN_POINT('',(-0.0312201405152226,-0.0432119726428808,0.231900468384075));
#13375=CARTESIAN_POINT('',(-0.0176000000000001,-0.017,0.1865));
#13376=CARTESIAN_POINT('',(-0.02,-0.021618802153517,0.1945));
#13377=CARTESIAN_POINT('',(-0.233,-0.017,0.1865));
#13378=CARTESIAN_POINT('',(-0.0324,-0.017,0.1865));
#13379=CARTESIAN_POINT('',(-0.0450843091334895,0.00741096430901522,0.144218969555035));
#13380=CARTESIAN_POINT('',(-0.0300000000000001,-0.021618802153517,0.1945));
#13381=CARTESIAN_POINT('',(-0.233,-0.021618802153517,0.1945));
#13382=CARTESIAN_POINT('',(-0.233,-0.017,0.1865));
#13383=CARTESIAN_POINT('',(-0.0780585480093678,-0.0371274850284702,0.221361826697892));
#13384=CARTESIAN_POINT('',(-0.0676000000000001,-0.017,0.1865));
#13385=CARTESIAN_POINT('',(-0.0700000000000001,-0.021618802153517,0.1945));
#13386=CARTESIAN_POINT('',(-0.233,-0.017,0.1865));
#13387=CARTESIAN_POINT('',(-0.0824000000000001,-0.017,0.1865));
#13388=CARTESIAN_POINT('',(-0.0919227166276348,0.00132647669460469,0.154757611241218));
#13389=CARTESIAN_POINT('',(-0.0800000000000001,-0.021618802153517,0.1945));
#13390=CARTESIAN_POINT('',(-0.233,-0.021618802153517,0.1945));
#13391=CARTESIAN_POINT('',(-0.233,-0.017,0.1865));
#13392=CARTESIAN_POINT('',(-0.124896955503513,-0.0310429974140596,0.21082318501171));
#13393=CARTESIAN_POINT('',(-0.1176,-0.017,0.1865));
#13394=CARTESIAN_POINT('',(-0.12,-0.021618802153517,0.1945));
#13395=CARTESIAN_POINT('',(-0.233,-0.017,0.1865));
#13396=CARTESIAN_POINT('',(-0.1324,-0.017,0.1865));
#13397=CARTESIAN_POINT('',(-0.13876112412178,-0.0047580109198059,0.1652962529274));
#13398=CARTESIAN_POINT('',(-0.13,-0.021618802153517,0.1945));
#13399=CARTESIAN_POINT('',(-0.233,-0.021618802153517,0.1945));
#13400=CARTESIAN_POINT('',(-0.233,-0.017,0.1865));
#13401=CARTESIAN_POINT('',(-0.171735362997658,-0.024958509799649,0.200284543325527));
#13402=CARTESIAN_POINT('',(-0.1676,-0.017,0.1865));
#13403=CARTESIAN_POINT('',(-0.17,-0.021618802153517,0.1945));
#13404=CARTESIAN_POINT('',(-0.233,-0.017,0.1865));
#13405=CARTESIAN_POINT('',(-0.1824,-0.017,0.1865));
#13406=CARTESIAN_POINT('',(-0.185599531615925,-0.0108424985342165,0.175834894613583));
#13407=CARTESIAN_POINT('',(-0.18,-0.021618802153517,0.1945));
#13408=CARTESIAN_POINT('',(-0.233,-0.021618802153517,0.1945));
#13409=CARTESIAN_POINT('',(-0.233,-0.021618802153517,0.1945));
#13410=CARTESIAN_POINT('',(0.23,0.5,0.1945));
#13411=CARTESIAN_POINT('',(0.23,-0.028381197846483,0.1945));
#13412=CARTESIAN_POINT('',(0.22,0.5,0.1945));
#13413=CARTESIAN_POINT('',(0.22,-0.0283811978464829,0.1945));
#13414=CARTESIAN_POINT('',(-0.233,-0.028381197846483,0.1945));
#13415=CARTESIAN_POINT('',(-0.233,-0.021618802153517,0.1945));
#13416=CARTESIAN_POINT('',(0.18,0.5,0.1945));
#13417=CARTESIAN_POINT('',(0.18,-0.028381197846483,0.1945));
#13418=CARTESIAN_POINT('',(0.17,0.5,0.1945));
#13419=CARTESIAN_POINT('',(0.17,-0.028381197846483,0.1945));
#13420=CARTESIAN_POINT('',(-0.233,-0.028381197846483,0.1945));
#13421=CARTESIAN_POINT('',(-0.233,-0.021618802153517,0.1945));
#13422=CARTESIAN_POINT('',(0.13,0.5,0.1945));
#13423=CARTESIAN_POINT('',(0.13,-0.028381197846483,0.1945));
#13424=CARTESIAN_POINT('',(0.12,0.5,0.1945));
#13425=CARTESIAN_POINT('',(0.12,-0.028381197846483,0.1945));
#13426=CARTESIAN_POINT('',(-0.233,-0.028381197846483,0.1945));
#13427=CARTESIAN_POINT('',(-0.233,-0.021618802153517,0.1945));
#13428=CARTESIAN_POINT('',(0.08,0.5,0.1945));
#13429=CARTESIAN_POINT('',(0.08,-0.028381197846483,0.1945));
#13430=CARTESIAN_POINT('',(0.07,0.5,0.1945));
#13431=CARTESIAN_POINT('',(0.07,-0.0283811978464829,0.1945));
#13432=CARTESIAN_POINT('',(-0.233,-0.028381197846483,0.1945));
#13433=CARTESIAN_POINT('',(-0.233,-0.021618802153517,0.1945));
#13434=CARTESIAN_POINT('',(0.03,0.5,0.1945));
#13435=CARTESIAN_POINT('',(0.03,-0.028381197846483,0.1945));
#13436=CARTESIAN_POINT('',(0.02,0.5,0.1945));
#13437=CARTESIAN_POINT('',(0.02,-0.0283811978464831,0.1945));
#13438=CARTESIAN_POINT('',(-0.233,-0.028381197846483,0.1945));
#13439=CARTESIAN_POINT('',(-0.233,-0.021618802153517,0.1945));
#13440=CARTESIAN_POINT('',(-0.02,0.5,0.1945));
#13441=CARTESIAN_POINT('',(-0.02,-0.028381197846483,0.1945));
#13442=CARTESIAN_POINT('',(-0.0300000000000001,0.5,0.1945));
#13443=CARTESIAN_POINT('',(-0.03,-0.0283811978464829,0.1945));
#13444=CARTESIAN_POINT('',(-0.233,-0.028381197846483,0.1945));
#13445=CARTESIAN_POINT('',(-0.233,-0.021618802153517,0.1945));
#13446=CARTESIAN_POINT('',(-0.0700000000000001,0.5,0.1945));
#13447=CARTESIAN_POINT('',(-0.0700000000000001,-0.028381197846483,0.1945));
#13448=CARTESIAN_POINT('',(-0.0800000000000001,0.5,0.1945));
#13449=CARTESIAN_POINT('',(-0.0800000000000001,-0.0283811978464829,0.1945));
#13450=CARTESIAN_POINT('',(-0.233,-0.028381197846483,0.1945));
#13451=CARTESIAN_POINT('',(-0.233,-0.021618802153517,0.1945));
#13452=CARTESIAN_POINT('',(-0.12,0.5,0.1945));
#13453=CARTESIAN_POINT('',(-0.12,-0.028381197846483,0.1945));
#13454=CARTESIAN_POINT('',(-0.13,0.5,0.1945));
#13455=CARTESIAN_POINT('',(-0.13,-0.0283811978464829,0.1945));
#13456=CARTESIAN_POINT('',(-0.233,-0.028381197846483,0.1945));
#13457=CARTESIAN_POINT('',(-0.233,-0.021618802153517,0.1945));
#13458=CARTESIAN_POINT('',(-0.17,0.5,0.1945));
#13459=CARTESIAN_POINT('',(-0.17,-0.028381197846483,0.1945));
#13460=CARTESIAN_POINT('',(-0.18,0.5,0.1945));
#13461=CARTESIAN_POINT('',(-0.18,-0.028381197846483,0.1945));
#13462=CARTESIAN_POINT('',(-0.233,-0.028381197846483,0.1945));
#13463=CARTESIAN_POINT('',(-0.233,-0.028381197846483,0.1945));
#13464=CARTESIAN_POINT('',(0.200723653395784,0.0279611574629591,0.292087822014052));
#13465=CARTESIAN_POINT('',(0.2324,-0.033,0.1865));
#13466=CARTESIAN_POINT('',(0.191355971896955,-0.083506655633043,0.0990199063231847));
#13467=CARTESIAN_POINT('',(0.2176,-0.033,0.1865));
#13468=CARTESIAN_POINT('',(-0.233,-0.033,0.1865));
#13469=CARTESIAN_POINT('',(-0.233,-0.028381197846483,0.1945));
#13470=CARTESIAN_POINT('',(0.153885245901639,0.0218766698485485,0.281549180327869));
#13471=CARTESIAN_POINT('',(0.1824,-0.033,0.1865));
#13472=CARTESIAN_POINT('',(0.144517564402811,-0.0774221680186319,0.109558548009368));
#13473=CARTESIAN_POINT('',(0.1676,-0.033,0.1865));
#13474=CARTESIAN_POINT('',(-0.233,-0.033,0.1865));
#13475=CARTESIAN_POINT('',(-0.233,-0.028381197846483,0.1945));
#13476=CARTESIAN_POINT('',(0.107046838407494,0.0157921822341379,0.271010538641686));
#13477=CARTESIAN_POINT('',(0.1324,-0.033,0.1865));
#13478=CARTESIAN_POINT('',(0.097679156908665,-0.0713376804042218,0.12009718969555));
#13479=CARTESIAN_POINT('',(0.1176,-0.033,0.1865));
#13480=CARTESIAN_POINT('',(-0.233,-0.033,0.1865));
#13481=CARTESIAN_POINT('',(-0.233,-0.028381197846483,0.1945));
#13482=CARTESIAN_POINT('',(0.0602084309133488,0.00970769461972733,0.260471896955504));
#13483=CARTESIAN_POINT('',(0.0824,-0.033,0.1865));
#13484=CARTESIAN_POINT('',(0.0508407494145199,-0.0652531927898111,0.130635831381733));
#13485=CARTESIAN_POINT('',(0.0676,-0.033,0.1865));
#13486=CARTESIAN_POINT('',(-0.233,-0.033,0.1865));
#13487=CARTESIAN_POINT('',(-0.233,-0.028381197846483,0.1945));
#13488=CARTESIAN_POINT('',(0.0133700234192036,0.00362320700531669,0.249933255269321));
#13489=CARTESIAN_POINT('',(0.0323999999999999,-0.033,0.1865));
#13490=CARTESIAN_POINT('',(0.00400234192037466,-0.0591687051754006,0.141174473067916));
#13491=CARTESIAN_POINT('',(0.0176,-0.033,0.1865));
#13492=CARTESIAN_POINT('',(-0.233,-0.033,0.1865));
#13493=CARTESIAN_POINT('',(-0.233,-0.028381197846483,0.1945));
#13494=CARTESIAN_POINT('',(-0.0334683840749416,-0.0024612806090939,0.239394613583138));
#13495=CARTESIAN_POINT('',(-0.0176000000000001,-0.033,0.1865));
#13496=CARTESIAN_POINT('',(-0.0428360655737705,-0.05308421756099,0.151713114754098));
#13497=CARTESIAN_POINT('',(-0.0324000000000001,-0.033,0.1865));
#13498=CARTESIAN_POINT('',(-0.233,-0.033,0.1865));
#13499=CARTESIAN_POINT('',(-0.233,-0.028381197846483,0.1945));
#13500=CARTESIAN_POINT('',(-0.0803067915690868,-0.00854576822350446,0.228855971896956));
#13501=CARTESIAN_POINT('',(-0.0676000000000001,-0.033,0.1865));
#13502=CARTESIAN_POINT('',(-0.0896744730679158,-0.0469997299465794,0.162251756440281));
#13503=CARTESIAN_POINT('',(-0.0824000000000001,-0.033,0.1865));
#13504=CARTESIAN_POINT('',(-0.233,-0.033,0.1865));
#13505=CARTESIAN_POINT('',(-0.233,-0.028381197846483,0.1945));
#13506=CARTESIAN_POINT('',(-0.127145199063232,-0.0146302558379151,0.218317330210773));
#13507=CARTESIAN_POINT('',(-0.1176,-0.033,0.1865));
#13508=CARTESIAN_POINT('',(-0.136512880562061,-0.0409152423321688,0.172790398126464));
#13509=CARTESIAN_POINT('',(-0.1324,-0.033,0.1865));
#13510=CARTESIAN_POINT('',(-0.233,-0.033,0.1865));
#13511=CARTESIAN_POINT('',(-0.233,-0.028381197846483,0.1945));
#13512=CARTESIAN_POINT('',(-0.173983606557377,-0.0207147434523257,0.20777868852459));
#13513=CARTESIAN_POINT('',(-0.1676,-0.033,0.1865));
#13514=CARTESIAN_POINT('',(-0.183351288056206,-0.0348307547177582,0.183329039812646));
#13515=CARTESIAN_POINT('',(-0.1824,-0.033,0.1865));
#13516=CARTESIAN_POINT('',(-0.233,-0.033,0.1865));
#13517=CARTESIAN_POINT('',(-0.233,-0.0489999999999951,-0.0521588745030475));
#13518=CARTESIAN_POINT('',(-0.233,-0.0376862915010135,-0.0634725830020285));
#13519=CARTESIAN_POINT('',(-0.233,-0.0376862915010135,-0.0634725830020285));
#13520=CARTESIAN_POINT('',(-0.217,-0.0376862915010135,-0.0634725830020285));
#13521=CARTESIAN_POINT('',(-0.217,-0.0489999999999951,-0.0521588745030475));
#13522=CARTESIAN_POINT('',(-0.217,-0.033,-0.0521588745030476));
#13523=CARTESIAN_POINT('',(-0.233,-0.033,-0.0521588745030476));
#13524=CARTESIAN_POINT('',(-0.233,-0.033,-0.0521588745030476));
#13525=CARTESIAN_POINT('',(-0.233,-0.0489999999999951,-0.0521588745030475));
#13526=CARTESIAN_POINT('',(-0.233,-0.0489999999999951,-0.0521588745030475));
#13527=CARTESIAN_POINT('',(-0.233,-0.033,-0.0521588745030476));
#13528=CARTESIAN_POINT('',(-0.183,-0.033,-0.0521588745030476));
#13529=CARTESIAN_POINT('',(-0.167,-0.033,-0.0521588745030476));
#13530=CARTESIAN_POINT('',(-0.183,-0.0489999999999951,-0.0521588745030475));
#13531=CARTESIAN_POINT('',(-0.183,-0.0376862915010135,-0.0634725830020285));
#13532=CARTESIAN_POINT('',(-0.233,-0.0376862915010135,-0.0634725830020285));
#13533=CARTESIAN_POINT('',(-0.167,-0.0376862915010135,-0.0634725830020285));
#13534=CARTESIAN_POINT('',(-0.167,-0.0489999999999951,-0.0521588745030475));
#13535=CARTESIAN_POINT('',(-0.233,-0.0489999999999951,-0.0521588745030475));
#13536=CARTESIAN_POINT('',(-0.233,-0.033,-0.0521588745030476));
#13537=CARTESIAN_POINT('',(-0.133,-0.033,-0.0521588745030476));
#13538=CARTESIAN_POINT('',(-0.117,-0.033,-0.0521588745030476));
#13539=CARTESIAN_POINT('',(-0.133,-0.0489999999999951,-0.0521588745030475));
#13540=CARTESIAN_POINT('',(-0.133,-0.0376862915010135,-0.0634725830020285));
#13541=CARTESIAN_POINT('',(-0.233,-0.0376862915010135,-0.0634725830020285));
#13542=CARTESIAN_POINT('',(-0.117,-0.0376862915010135,-0.0634725830020285));
#13543=CARTESIAN_POINT('',(-0.117,-0.0489999999999951,-0.0521588745030475));
#13544=CARTESIAN_POINT('',(-0.233,-0.0489999999999951,-0.0521588745030475));
#13545=CARTESIAN_POINT('',(-0.233,-0.033,-0.0521588745030476));
#13546=CARTESIAN_POINT('',(-0.0830000000000001,-0.033,-0.0521588745030476));
#13547=CARTESIAN_POINT('',(-0.0670000000000001,-0.033,-0.0521588745030476));
#13548=CARTESIAN_POINT('',(-0.0830000000000001,-0.0489999999999951,-0.0521588745030475));
#13549=CARTESIAN_POINT('',(-0.0830000000000001,-0.0376862915010135,-0.0634725830020285));
#13550=CARTESIAN_POINT('',(-0.233,-0.0376862915010135,-0.0634725830020285));
#13551=CARTESIAN_POINT('',(-0.0670000000000001,-0.0376862915010135,-0.0634725830020285));
#13552=CARTESIAN_POINT('',(-0.0670000000000001,-0.0489999999999951,-0.0521588745030475));
#13553=CARTESIAN_POINT('',(-0.233,-0.0489999999999951,-0.0521588745030475));
#13554=CARTESIAN_POINT('',(-0.233,-0.033,-0.0521588745030476));
#13555=CARTESIAN_POINT('',(-0.0330000000000001,-0.033,-0.0521588745030476));
#13556=CARTESIAN_POINT('',(-0.017,-0.033,-0.0521588745030476));
#13557=CARTESIAN_POINT('',(-0.0330000000000001,-0.0489999999999951,-0.0521588745030475));
#13558=CARTESIAN_POINT('',(-0.0330000000000001,-0.0376862915010135,-0.0634725830020285));
#13559=CARTESIAN_POINT('',(-0.233,-0.0376862915010135,-0.0634725830020285));
#13560=CARTESIAN_POINT('',(-0.017,-0.0376862915010135,-0.0634725830020285));
#13561=CARTESIAN_POINT('',(-0.017,-0.0489999999999951,-0.0521588745030475));
#13562=CARTESIAN_POINT('',(-0.233,-0.0489999999999951,-0.0521588745030475));
#13563=CARTESIAN_POINT('',(-0.233,-0.033,-0.0521588745030476));
#13564=CARTESIAN_POINT('',(0.0169999999999999,-0.033,-0.0521588745030476));
#13565=CARTESIAN_POINT('',(0.033,-0.033,-0.0521588745030476));
#13566=CARTESIAN_POINT('',(0.0169999999999999,-0.0489999999999951,-0.0521588745030475));
#13567=CARTESIAN_POINT('',(0.0169999999999999,-0.0376862915010135,-0.0634725830020285));
#13568=CARTESIAN_POINT('',(-0.233,-0.0376862915010135,-0.0634725830020285));
#13569=CARTESIAN_POINT('',(0.033,-0.0376862915010135,-0.0634725830020285));
#13570=CARTESIAN_POINT('',(0.033,-0.0489999999999951,-0.0521588745030475));
#13571=CARTESIAN_POINT('',(-0.233,-0.0489999999999951,-0.0521588745030475));
#13572=CARTESIAN_POINT('',(-0.233,-0.033,-0.0521588745030476));
#13573=CARTESIAN_POINT('',(0.067,-0.033,-0.0521588745030476));
#13574=CARTESIAN_POINT('',(0.083,-0.033,-0.0521588745030476));
#13575=CARTESIAN_POINT('',(0.067,-0.0489999999999951,-0.0521588745030475));
#13576=CARTESIAN_POINT('',(0.067,-0.0376862915010135,-0.0634725830020285));
#13577=CARTESIAN_POINT('',(-0.233,-0.0376862915010135,-0.0634725830020285));
#13578=CARTESIAN_POINT('',(0.083,-0.0376862915010135,-0.0634725830020285));
#13579=CARTESIAN_POINT('',(0.083,-0.0489999999999951,-0.0521588745030475));
#13580=CARTESIAN_POINT('',(-0.233,-0.0489999999999951,-0.0521588745030475));
#13581=CARTESIAN_POINT('',(-0.233,-0.033,-0.0521588745030476));
#13582=CARTESIAN_POINT('',(0.117,-0.033,-0.0521588745030476));
#13583=CARTESIAN_POINT('',(0.133,-0.033,-0.0521588745030476));
#13584=CARTESIAN_POINT('',(0.117,-0.0489999999999951,-0.0521588745030475));
#13585=CARTESIAN_POINT('',(0.117,-0.0376862915010135,-0.0634725830020285));
#13586=CARTESIAN_POINT('',(-0.233,-0.0376862915010135,-0.0634725830020285));
#13587=CARTESIAN_POINT('',(0.133,-0.0376862915010135,-0.0634725830020285));
#13588=CARTESIAN_POINT('',(0.133,-0.0489999999999951,-0.0521588745030475));
#13589=CARTESIAN_POINT('',(-0.233,-0.0489999999999951,-0.0521588745030475));
#13590=CARTESIAN_POINT('',(-0.233,-0.033,-0.0521588745030476));
#13591=CARTESIAN_POINT('',(0.167,-0.033,-0.0521588745030476));
#13592=CARTESIAN_POINT('',(0.183,-0.033,-0.0521588745030476));
#13593=CARTESIAN_POINT('',(0.167,-0.0489999999999951,-0.0521588745030475));
#13594=CARTESIAN_POINT('',(0.167,-0.0376862915010135,-0.0634725830020285));
#13595=CARTESIAN_POINT('',(-0.233,-0.0376862915010135,-0.0634725830020285));
#13596=CARTESIAN_POINT('',(0.183,-0.0376862915010135,-0.0634725830020285));
#13597=CARTESIAN_POINT('',(0.183,-0.0489999999999951,-0.0521588745030475));
#13598=CARTESIAN_POINT('',(-0.233,-0.0376862915010135,-0.0634725830020285));
#13599=CARTESIAN_POINT('',(-0.217,-0.0376862915010135,-0.0634725830020285));
#13600=CARTESIAN_POINT('',(-0.217,-0.0582756492761121,-0.0840619407771281));
#13601=CARTESIAN_POINT('',(-0.233,-0.0376862915010135,-0.0634725830020285));
#13602=CARTESIAN_POINT('',(-0.233,-0.0582756492761121,-0.0840619407771281));
#13603=CARTESIAN_POINT('',(-0.233,-0.0582756492761121,-0.0840619407771281));
#13604=CARTESIAN_POINT('',(-0.233,-0.0376862915010135,-0.0634725830020285));
#13605=CARTESIAN_POINT('',(-0.183,-0.0376862915010135,-0.0634725830020285));
#13606=CARTESIAN_POINT('',(-0.183,-0.0582756492761121,-0.0840619407771281));
#13607=CARTESIAN_POINT('',(-0.233,-0.0582756492761121,-0.0840619407771281));
#13608=CARTESIAN_POINT('',(-0.167,-0.0582756492761121,-0.0840619407771281));
#13609=CARTESIAN_POINT('',(-0.167,-0.0376862915010135,-0.0634725830020285));
#13610=CARTESIAN_POINT('',(-0.233,-0.0376862915010135,-0.0634725830020285));
#13611=CARTESIAN_POINT('',(-0.133,-0.0376862915010135,-0.0634725830020285));
#13612=CARTESIAN_POINT('',(-0.133,-0.0582756492761121,-0.0840619407771281));
#13613=CARTESIAN_POINT('',(-0.233,-0.0582756492761121,-0.0840619407771281));
#13614=CARTESIAN_POINT('',(-0.117,-0.0582756492761121,-0.0840619407771281));
#13615=CARTESIAN_POINT('',(-0.117,-0.0376862915010135,-0.0634725830020285));
#13616=CARTESIAN_POINT('',(-0.233,-0.0376862915010135,-0.0634725830020285));
#13617=CARTESIAN_POINT('',(-0.0830000000000001,-0.0376862915010135,-0.0634725830020285));
#13618=CARTESIAN_POINT('',(-0.0830000000000001,-0.0582756492761121,-0.0840619407771281));
#13619=CARTESIAN_POINT('',(-0.233,-0.0582756492761121,-0.0840619407771281));
#13620=CARTESIAN_POINT('',(-0.0670000000000001,-0.0582756492761121,-0.0840619407771281));
#13621=CARTESIAN_POINT('',(-0.0670000000000001,-0.0376862915010135,-0.0634725830020285));
#13622=CARTESIAN_POINT('',(-0.233,-0.0376862915010135,-0.0634725830020285));
#13623=CARTESIAN_POINT('',(-0.0330000000000001,-0.0376862915010135,-0.0634725830020285));
#13624=CARTESIAN_POINT('',(-0.0330000000000001,-0.0582756492761121,-0.0840619407771281));
#13625=CARTESIAN_POINT('',(-0.233,-0.0582756492761121,-0.0840619407771281));
#13626=CARTESIAN_POINT('',(-0.017,-0.0582756492761121,-0.0840619407771281));
#13627=CARTESIAN_POINT('',(-0.017,-0.0376862915010135,-0.0634725830020285));
#13628=CARTESIAN_POINT('',(-0.233,-0.0376862915010135,-0.0634725830020285));
#13629=CARTESIAN_POINT('',(0.0169999999999999,-0.0376862915010135,-0.0634725830020285));
#13630=CARTESIAN_POINT('',(0.0169999999999999,-0.0582756492761121,-0.0840619407771281));
#13631=CARTESIAN_POINT('',(-0.233,-0.0582756492761121,-0.0840619407771281));
#13632=CARTESIAN_POINT('',(0.033,-0.0582756492761121,-0.0840619407771281));
#13633=CARTESIAN_POINT('',(0.033,-0.0376862915010135,-0.0634725830020285));
#13634=CARTESIAN_POINT('',(-0.233,-0.0376862915010135,-0.0634725830020285));
#13635=CARTESIAN_POINT('',(0.067,-0.0376862915010135,-0.0634725830020285));
#13636=CARTESIAN_POINT('',(0.067,-0.0582756492761121,-0.0840619407771281));
#13637=CARTESIAN_POINT('',(-0.233,-0.0582756492761121,-0.0840619407771281));
#13638=CARTESIAN_POINT('',(0.083,-0.0582756492761121,-0.0840619407771281));
#13639=CARTESIAN_POINT('',(0.083,-0.0376862915010135,-0.0634725830020285));
#13640=CARTESIAN_POINT('',(-0.233,-0.0376862915010135,-0.0634725830020285));
#13641=CARTESIAN_POINT('',(0.117,-0.0376862915010135,-0.0634725830020285));
#13642=CARTESIAN_POINT('',(0.117,-0.0582756492761121,-0.0840619407771281));
#13643=CARTESIAN_POINT('',(-0.233,-0.0582756492761121,-0.0840619407771281));
#13644=CARTESIAN_POINT('',(0.133,-0.0582756492761121,-0.0840619407771281));
#13645=CARTESIAN_POINT('',(0.133,-0.0376862915010135,-0.0634725830020285));
#13646=CARTESIAN_POINT('',(-0.233,-0.0376862915010135,-0.0634725830020285));
#13647=CARTESIAN_POINT('',(0.167,-0.0376862915010135,-0.0634725830020285));
#13648=CARTESIAN_POINT('',(0.167,-0.0582756492761121,-0.0840619407771281));
#13649=CARTESIAN_POINT('',(-0.233,-0.0582756492761121,-0.0840619407771281));
#13650=CARTESIAN_POINT('',(0.183,-0.0582756492761121,-0.0840619407771281));
#13651=CARTESIAN_POINT('',(0.183,-0.0376862915010135,-0.0634725830020285));
#13652=CARTESIAN_POINT('',(-0.233,-0.0356482322781446,-0.106689357775095));
#13653=CARTESIAN_POINT('',(-0.217,-0.0356482322781446,-0.106689357775095));
#13654=CARTESIAN_POINT('',(-0.217,-0.067648232278141,-0.106689357775095));
#13655=CARTESIAN_POINT('',(-0.233,-0.0356482322781446,-0.106689357775095));
#13656=CARTESIAN_POINT('',(-0.233,-0.067648232278141,-0.106689357775095));
#13657=CARTESIAN_POINT('',(-0.233,-0.067648232278141,-0.106689357775095));
#13658=CARTESIAN_POINT('',(-0.233,-0.0356482322781446,-0.106689357775095));
#13659=CARTESIAN_POINT('',(-0.183,-0.0356482322781446,-0.106689357775095));
#13660=CARTESIAN_POINT('',(-0.183,-0.067648232278141,-0.106689357775095));
#13661=CARTESIAN_POINT('',(-0.233,-0.067648232278141,-0.106689357775095));
#13662=CARTESIAN_POINT('',(-0.167,-0.067648232278141,-0.106689357775095));
#13663=CARTESIAN_POINT('',(-0.167,-0.0356482322781446,-0.106689357775095));
#13664=CARTESIAN_POINT('',(-0.233,-0.0356482322781446,-0.106689357775095));
#13665=CARTESIAN_POINT('',(-0.133,-0.0356482322781446,-0.106689357775095));
#13666=CARTESIAN_POINT('',(-0.133,-0.067648232278141,-0.106689357775095));
#13667=CARTESIAN_POINT('',(-0.233,-0.067648232278141,-0.106689357775095));
#13668=CARTESIAN_POINT('',(-0.117,-0.067648232278141,-0.106689357775095));
#13669=CARTESIAN_POINT('',(-0.117,-0.0356482322781446,-0.106689357775095));
#13670=CARTESIAN_POINT('',(-0.233,-0.0356482322781446,-0.106689357775095));
#13671=CARTESIAN_POINT('',(-0.0830000000000001,-0.0356482322781446,-0.106689357775095));
#13672=CARTESIAN_POINT('',(-0.0830000000000001,-0.067648232278141,-0.106689357775095));
#13673=CARTESIAN_POINT('',(-0.233,-0.067648232278141,-0.106689357775095));
#13674=CARTESIAN_POINT('',(-0.0670000000000001,-0.067648232278141,-0.106689357775095));
#13675=CARTESIAN_POINT('',(-0.0670000000000001,-0.0356482322781446,-0.106689357775095));
#13676=CARTESIAN_POINT('',(-0.233,-0.0356482322781446,-0.106689357775095));
#13677=CARTESIAN_POINT('',(-0.0330000000000001,-0.0356482322781446,-0.106689357775095));
#13678=CARTESIAN_POINT('',(-0.0330000000000001,-0.067648232278141,-0.106689357775095));
#13679=CARTESIAN_POINT('',(-0.233,-0.067648232278141,-0.106689357775095));
#13680=CARTESIAN_POINT('',(-0.017,-0.067648232278141,-0.106689357775095));
#13681=CARTESIAN_POINT('',(-0.017,-0.0356482322781446,-0.106689357775095));
#13682=CARTESIAN_POINT('',(-0.233,-0.0356482322781446,-0.106689357775095));
#13683=CARTESIAN_POINT('',(0.0169999999999999,-0.0356482322781446,-0.106689357775095));
#13684=CARTESIAN_POINT('',(0.0169999999999999,-0.067648232278141,-0.106689357775095));
#13685=CARTESIAN_POINT('',(-0.233,-0.067648232278141,-0.106689357775095));
#13686=CARTESIAN_POINT('',(0.033,-0.067648232278141,-0.106689357775095));
#13687=CARTESIAN_POINT('',(0.033,-0.0356482322781446,-0.106689357775095));
#13688=CARTESIAN_POINT('',(-0.233,-0.0356482322781446,-0.106689357775095));
#13689=CARTESIAN_POINT('',(0.067,-0.0356482322781446,-0.106689357775095));
#13690=CARTESIAN_POINT('',(0.067,-0.067648232278141,-0.106689357775095));
#13691=CARTESIAN_POINT('',(-0.233,-0.067648232278141,-0.106689357775095));
#13692=CARTESIAN_POINT('',(0.083,-0.067648232278141,-0.106689357775095));
#13693=CARTESIAN_POINT('',(0.083,-0.0356482322781446,-0.106689357775095));
#13694=CARTESIAN_POINT('',(-0.233,-0.0356482322781446,-0.106689357775095));
#13695=CARTESIAN_POINT('',(0.117,-0.0356482322781446,-0.106689357775095));
#13696=CARTESIAN_POINT('',(0.117,-0.067648232278141,-0.106689357775095));
#13697=CARTESIAN_POINT('',(-0.233,-0.067648232278141,-0.106689357775095));
#13698=CARTESIAN_POINT('',(0.133,-0.067648232278141,-0.106689357775095));
#13699=CARTESIAN_POINT('',(0.133,-0.0356482322781446,-0.106689357775095));
#13700=CARTESIAN_POINT('',(-0.233,-0.0356482322781446,-0.106689357775095));
#13701=CARTESIAN_POINT('',(0.167,-0.0356482322781446,-0.106689357775095));
#13702=CARTESIAN_POINT('',(0.167,-0.067648232278141,-0.106689357775095));
#13703=CARTESIAN_POINT('',(-0.233,-0.067648232278141,-0.106689357775095));
#13704=CARTESIAN_POINT('',(0.183,-0.067648232278141,-0.106689357775095));
#13705=CARTESIAN_POINT('',(0.183,-0.0356482322781446,-0.106689357775095));
#13706=CARTESIAN_POINT('',(-0.233,-0.067648232278141,-0.106689357775095));
#13707=CARTESIAN_POINT('',(-0.217,-0.067648232278141,-0.106689357775095));
#13708=CARTESIAN_POINT('',(-0.217,-0.067648232278141,-0.13424823227814));
#13709=CARTESIAN_POINT('',(-0.233,-0.067648232278141,-0.106689357775095));
#13710=CARTESIAN_POINT('',(-0.233,-0.067648232278141,-0.13424823227814));
#13711=CARTESIAN_POINT('',(-0.233,-0.067648232278141,-0.13424823227814));
#13712=CARTESIAN_POINT('',(-0.233,-0.067648232278141,-0.106689357775095));
#13713=CARTESIAN_POINT('',(-0.183,-0.067648232278141,-0.106689357775095));
#13714=CARTESIAN_POINT('',(-0.183,-0.067648232278141,-0.13424823227814));
#13715=CARTESIAN_POINT('',(-0.233,-0.067648232278141,-0.13424823227814));
#13716=CARTESIAN_POINT('',(-0.167,-0.067648232278141,-0.13424823227814));
#13717=CARTESIAN_POINT('',(-0.167,-0.067648232278141,-0.106689357775095));
#13718=CARTESIAN_POINT('',(-0.233,-0.067648232278141,-0.106689357775095));
#13719=CARTESIAN_POINT('',(-0.133,-0.067648232278141,-0.106689357775095));
#13720=CARTESIAN_POINT('',(-0.133,-0.067648232278141,-0.13424823227814));
#13721=CARTESIAN_POINT('',(-0.233,-0.067648232278141,-0.13424823227814));
#13722=CARTESIAN_POINT('',(-0.117,-0.067648232278141,-0.13424823227814));
#13723=CARTESIAN_POINT('',(-0.117,-0.067648232278141,-0.106689357775095));
#13724=CARTESIAN_POINT('',(-0.233,-0.067648232278141,-0.106689357775095));
#13725=CARTESIAN_POINT('',(-0.0830000000000001,-0.067648232278141,-0.106689357775095));
#13726=CARTESIAN_POINT('',(-0.0830000000000001,-0.067648232278141,-0.13424823227814));
#13727=CARTESIAN_POINT('',(-0.233,-0.067648232278141,-0.13424823227814));
#13728=CARTESIAN_POINT('',(-0.0670000000000001,-0.067648232278141,-0.13424823227814));
#13729=CARTESIAN_POINT('',(-0.0670000000000001,-0.067648232278141,-0.106689357775095));
#13730=CARTESIAN_POINT('',(-0.233,-0.067648232278141,-0.106689357775095));
#13731=CARTESIAN_POINT('',(-0.0330000000000001,-0.067648232278141,-0.106689357775095));
#13732=CARTESIAN_POINT('',(-0.0330000000000001,-0.067648232278141,-0.13424823227814));
#13733=CARTESIAN_POINT('',(-0.233,-0.067648232278141,-0.13424823227814));
#13734=CARTESIAN_POINT('',(-0.017,-0.067648232278141,-0.13424823227814));
#13735=CARTESIAN_POINT('',(-0.017,-0.067648232278141,-0.106689357775095));
#13736=CARTESIAN_POINT('',(-0.233,-0.067648232278141,-0.106689357775095));
#13737=CARTESIAN_POINT('',(0.0169999999999999,-0.067648232278141,-0.106689357775095));
#13738=CARTESIAN_POINT('',(0.0169999999999999,-0.067648232278141,-0.13424823227814));
#13739=CARTESIAN_POINT('',(-0.233,-0.067648232278141,-0.13424823227814));
#13740=CARTESIAN_POINT('',(0.033,-0.067648232278141,-0.13424823227814));
#13741=CARTESIAN_POINT('',(0.033,-0.067648232278141,-0.106689357775095));
#13742=CARTESIAN_POINT('',(-0.233,-0.067648232278141,-0.106689357775095));
#13743=CARTESIAN_POINT('',(0.067,-0.067648232278141,-0.106689357775095));
#13744=CARTESIAN_POINT('',(0.067,-0.067648232278141,-0.13424823227814));
#13745=CARTESIAN_POINT('',(-0.233,-0.067648232278141,-0.13424823227814));
#13746=CARTESIAN_POINT('',(0.083,-0.067648232278141,-0.13424823227814));
#13747=CARTESIAN_POINT('',(0.083,-0.067648232278141,-0.106689357775095));
#13748=CARTESIAN_POINT('',(-0.233,-0.067648232278141,-0.106689357775095));
#13749=CARTESIAN_POINT('',(0.117,-0.067648232278141,-0.106689357775095));
#13750=CARTESIAN_POINT('',(0.117,-0.067648232278141,-0.13424823227814));
#13751=CARTESIAN_POINT('',(-0.233,-0.067648232278141,-0.13424823227814));
#13752=CARTESIAN_POINT('',(0.133,-0.067648232278141,-0.13424823227814));
#13753=CARTESIAN_POINT('',(0.133,-0.067648232278141,-0.106689357775095));
#13754=CARTESIAN_POINT('',(-0.233,-0.067648232278141,-0.106689357775095));
#13755=CARTESIAN_POINT('',(0.167,-0.067648232278141,-0.106689357775095));
#13756=CARTESIAN_POINT('',(0.167,-0.067648232278141,-0.13424823227814));
#13757=CARTESIAN_POINT('',(-0.233,-0.067648232278141,-0.13424823227814));
#13758=CARTESIAN_POINT('',(0.183,-0.067648232278141,-0.13424823227814));
#13759=CARTESIAN_POINT('',(0.183,-0.067648232278141,-0.106689357775095));
#13760=CARTESIAN_POINT('',(-0.233,-0.067648232278141,-0.13424823227814));
#13761=CARTESIAN_POINT('',(-0.217,-0.067648232278141,-0.13424823227814));
#13762=CARTESIAN_POINT('',(-0.217,-0.051648232278141,-0.13424823227814));
#13763=CARTESIAN_POINT('',(-0.233,-0.067648232278141,-0.13424823227814));
#13764=CARTESIAN_POINT('',(-0.233,-0.051648232278141,-0.13424823227814));
#13765=CARTESIAN_POINT('',(-0.233,-0.051648232278141,-0.13424823227814));
#13766=CARTESIAN_POINT('',(-0.233,-0.067648232278141,-0.13424823227814));
#13767=CARTESIAN_POINT('',(-0.183,-0.067648232278141,-0.13424823227814));
#13768=CARTESIAN_POINT('',(-0.183,-0.051648232278141,-0.13424823227814));
#13769=CARTESIAN_POINT('',(-0.233,-0.051648232278141,-0.13424823227814));
#13770=CARTESIAN_POINT('',(-0.167,-0.051648232278141,-0.13424823227814));
#13771=CARTESIAN_POINT('',(-0.167,-0.067648232278141,-0.13424823227814));
#13772=CARTESIAN_POINT('',(-0.233,-0.067648232278141,-0.13424823227814));
#13773=CARTESIAN_POINT('',(-0.133,-0.067648232278141,-0.13424823227814));
#13774=CARTESIAN_POINT('',(-0.133,-0.051648232278141,-0.13424823227814));
#13775=CARTESIAN_POINT('',(-0.233,-0.051648232278141,-0.13424823227814));
#13776=CARTESIAN_POINT('',(-0.117,-0.051648232278141,-0.13424823227814));
#13777=CARTESIAN_POINT('',(-0.117,-0.067648232278141,-0.13424823227814));
#13778=CARTESIAN_POINT('',(-0.233,-0.067648232278141,-0.13424823227814));
#13779=CARTESIAN_POINT('',(-0.0830000000000001,-0.067648232278141,-0.13424823227814));
#13780=CARTESIAN_POINT('',(-0.0830000000000001,-0.051648232278141,-0.13424823227814));
#13781=CARTESIAN_POINT('',(-0.233,-0.051648232278141,-0.13424823227814));
#13782=CARTESIAN_POINT('',(-0.0670000000000001,-0.051648232278141,-0.13424823227814));
#13783=CARTESIAN_POINT('',(-0.0670000000000001,-0.067648232278141,-0.13424823227814));
#13784=CARTESIAN_POINT('',(-0.233,-0.067648232278141,-0.13424823227814));
#13785=CARTESIAN_POINT('',(-0.0330000000000001,-0.067648232278141,-0.13424823227814));
#13786=CARTESIAN_POINT('',(-0.0330000000000001,-0.051648232278141,-0.13424823227814));
#13787=CARTESIAN_POINT('',(-0.233,-0.051648232278141,-0.13424823227814));
#13788=CARTESIAN_POINT('',(-0.017,-0.051648232278141,-0.13424823227814));
#13789=CARTESIAN_POINT('',(-0.017,-0.067648232278141,-0.13424823227814));
#13790=CARTESIAN_POINT('',(-0.233,-0.067648232278141,-0.13424823227814));
#13791=CARTESIAN_POINT('',(0.0169999999999999,-0.067648232278141,-0.13424823227814));
#13792=CARTESIAN_POINT('',(0.0169999999999999,-0.051648232278141,-0.13424823227814));
#13793=CARTESIAN_POINT('',(-0.233,-0.051648232278141,-0.13424823227814));
#13794=CARTESIAN_POINT('',(0.033,-0.051648232278141,-0.13424823227814));
#13795=CARTESIAN_POINT('',(0.033,-0.067648232278141,-0.13424823227814));
#13796=CARTESIAN_POINT('',(-0.233,-0.067648232278141,-0.13424823227814));
#13797=CARTESIAN_POINT('',(0.067,-0.067648232278141,-0.13424823227814));
#13798=CARTESIAN_POINT('',(0.067,-0.051648232278141,-0.13424823227814));
#13799=CARTESIAN_POINT('',(-0.233,-0.051648232278141,-0.13424823227814));
#13800=CARTESIAN_POINT('',(0.083,-0.051648232278141,-0.13424823227814));
#13801=CARTESIAN_POINT('',(0.083,-0.067648232278141,-0.13424823227814));
#13802=CARTESIAN_POINT('',(-0.233,-0.067648232278141,-0.13424823227814));
#13803=CARTESIAN_POINT('',(0.117,-0.067648232278141,-0.13424823227814));
#13804=CARTESIAN_POINT('',(0.117,-0.051648232278141,-0.13424823227814));
#13805=CARTESIAN_POINT('',(-0.233,-0.051648232278141,-0.13424823227814));
#13806=CARTESIAN_POINT('',(0.133,-0.051648232278141,-0.13424823227814));
#13807=CARTESIAN_POINT('',(0.133,-0.067648232278141,-0.13424823227814));
#13808=CARTESIAN_POINT('',(-0.233,-0.067648232278141,-0.13424823227814));
#13809=CARTESIAN_POINT('',(0.167,-0.067648232278141,-0.13424823227814));
#13810=CARTESIAN_POINT('',(0.167,-0.051648232278141,-0.13424823227814));
#13811=CARTESIAN_POINT('',(-0.233,-0.051648232278141,-0.13424823227814));
#13812=CARTESIAN_POINT('',(0.183,-0.051648232278141,-0.13424823227814));
#13813=CARTESIAN_POINT('',(0.183,-0.067648232278141,-0.13424823227814));
#13814=CARTESIAN_POINT('',(-0.233,-0.051648232278141,-0.13424823227814));
#13815=CARTESIAN_POINT('',(-0.217,-0.051648232278141,-0.13424823227814));
#13816=CARTESIAN_POINT('',(-0.217,-0.051648232278141,-0.106689357775087));
#13817=CARTESIAN_POINT('',(-0.233,-0.051648232278141,-0.13424823227814));
#13818=CARTESIAN_POINT('',(-0.233,-0.051648232278141,-0.106689357775087));
#13819=CARTESIAN_POINT('',(-0.233,-0.051648232278141,-0.106689357775087));
#13820=CARTESIAN_POINT('',(-0.233,-0.051648232278141,-0.13424823227814));
#13821=CARTESIAN_POINT('',(-0.183,-0.051648232278141,-0.13424823227814));
#13822=CARTESIAN_POINT('',(-0.183,-0.051648232278141,-0.106689357775087));
#13823=CARTESIAN_POINT('',(-0.233,-0.051648232278141,-0.106689357775087));
#13824=CARTESIAN_POINT('',(-0.167,-0.051648232278141,-0.106689357775087));
#13825=CARTESIAN_POINT('',(-0.167,-0.051648232278141,-0.13424823227814));
#13826=CARTESIAN_POINT('',(-0.233,-0.051648232278141,-0.13424823227814));
#13827=CARTESIAN_POINT('',(-0.133,-0.051648232278141,-0.13424823227814));
#13828=CARTESIAN_POINT('',(-0.133,-0.051648232278141,-0.106689357775087));
#13829=CARTESIAN_POINT('',(-0.233,-0.051648232278141,-0.106689357775087));
#13830=CARTESIAN_POINT('',(-0.117,-0.051648232278141,-0.106689357775087));
#13831=CARTESIAN_POINT('',(-0.117,-0.051648232278141,-0.13424823227814));
#13832=CARTESIAN_POINT('',(-0.233,-0.051648232278141,-0.13424823227814));
#13833=CARTESIAN_POINT('',(-0.0830000000000001,-0.051648232278141,-0.13424823227814));
#13834=CARTESIAN_POINT('',(-0.0830000000000001,-0.051648232278141,-0.106689357775087));
#13835=CARTESIAN_POINT('',(-0.233,-0.051648232278141,-0.106689357775087));
#13836=CARTESIAN_POINT('',(-0.0670000000000001,-0.051648232278141,-0.106689357775087));
#13837=CARTESIAN_POINT('',(-0.0670000000000001,-0.051648232278141,-0.13424823227814));
#13838=CARTESIAN_POINT('',(-0.233,-0.051648232278141,-0.13424823227814));
#13839=CARTESIAN_POINT('',(-0.0330000000000001,-0.051648232278141,-0.13424823227814));
#13840=CARTESIAN_POINT('',(-0.0330000000000001,-0.051648232278141,-0.106689357775087));
#13841=CARTESIAN_POINT('',(-0.233,-0.051648232278141,-0.106689357775087));
#13842=CARTESIAN_POINT('',(-0.017,-0.051648232278141,-0.106689357775087));
#13843=CARTESIAN_POINT('',(-0.017,-0.051648232278141,-0.13424823227814));
#13844=CARTESIAN_POINT('',(-0.233,-0.051648232278141,-0.13424823227814));
#13845=CARTESIAN_POINT('',(0.0169999999999999,-0.051648232278141,-0.13424823227814));
#13846=CARTESIAN_POINT('',(0.0169999999999999,-0.051648232278141,-0.106689357775087));
#13847=CARTESIAN_POINT('',(-0.233,-0.051648232278141,-0.106689357775087));
#13848=CARTESIAN_POINT('',(0.033,-0.051648232278141,-0.106689357775087));
#13849=CARTESIAN_POINT('',(0.033,-0.051648232278141,-0.13424823227814));
#13850=CARTESIAN_POINT('',(-0.233,-0.051648232278141,-0.13424823227814));
#13851=CARTESIAN_POINT('',(0.067,-0.051648232278141,-0.13424823227814));
#13852=CARTESIAN_POINT('',(0.067,-0.051648232278141,-0.106689357775087));
#13853=CARTESIAN_POINT('',(-0.233,-0.051648232278141,-0.106689357775087));
#13854=CARTESIAN_POINT('',(0.083,-0.051648232278141,-0.106689357775087));
#13855=CARTESIAN_POINT('',(0.083,-0.051648232278141,-0.13424823227814));
#13856=CARTESIAN_POINT('',(-0.233,-0.051648232278141,-0.13424823227814));
#13857=CARTESIAN_POINT('',(0.117,-0.051648232278141,-0.13424823227814));
#13858=CARTESIAN_POINT('',(0.117,-0.051648232278141,-0.106689357775087));
#13859=CARTESIAN_POINT('',(-0.233,-0.051648232278141,-0.106689357775087));
#13860=CARTESIAN_POINT('',(0.133,-0.051648232278141,-0.106689357775087));
#13861=CARTESIAN_POINT('',(0.133,-0.051648232278141,-0.13424823227814));
#13862=CARTESIAN_POINT('',(-0.233,-0.051648232278141,-0.13424823227814));
#13863=CARTESIAN_POINT('',(0.167,-0.051648232278141,-0.13424823227814));
#13864=CARTESIAN_POINT('',(0.167,-0.051648232278141,-0.106689357775087));
#13865=CARTESIAN_POINT('',(-0.233,-0.051648232278141,-0.106689357775087));
#13866=CARTESIAN_POINT('',(0.183,-0.051648232278141,-0.106689357775087));
#13867=CARTESIAN_POINT('',(0.183,-0.051648232278141,-0.13424823227814));
#13868=CARTESIAN_POINT('',(-0.233,-0.03564823227816,-0.106689357775087));
#13869=CARTESIAN_POINT('',(-0.233,-0.0469619407771313,-0.0953756492761153));
#13870=CARTESIAN_POINT('',(-0.233,-0.0469619407771313,-0.0953756492761153));
#13871=CARTESIAN_POINT('',(-0.217,-0.0469619407771313,-0.0953756492761153));
#13872=CARTESIAN_POINT('',(-0.217,-0.03564823227816,-0.106689357775087));
#13873=CARTESIAN_POINT('',(-0.233,-0.03564823227816,-0.106689357775087));
#13874=CARTESIAN_POINT('',(-0.233,-0.03564823227816,-0.106689357775087));
#13875=CARTESIAN_POINT('',(-0.183,-0.03564823227816,-0.106689357775087));
#13876=CARTESIAN_POINT('',(-0.183,-0.0469619407771313,-0.0953756492761153));
#13877=CARTESIAN_POINT('',(-0.233,-0.0469619407771313,-0.0953756492761153));
#13878=CARTESIAN_POINT('',(-0.167,-0.0469619407771313,-0.0953756492761153));
#13879=CARTESIAN_POINT('',(-0.167,-0.03564823227816,-0.106689357775087));
#13880=CARTESIAN_POINT('',(-0.233,-0.03564823227816,-0.106689357775087));
#13881=CARTESIAN_POINT('',(-0.133,-0.03564823227816,-0.106689357775087));
#13882=CARTESIAN_POINT('',(-0.133,-0.0469619407771313,-0.0953756492761153));
#13883=CARTESIAN_POINT('',(-0.233,-0.0469619407771313,-0.0953756492761153));
#13884=CARTESIAN_POINT('',(-0.117,-0.0469619407771313,-0.0953756492761153));
#13885=CARTESIAN_POINT('',(-0.117,-0.03564823227816,-0.106689357775087));
#13886=CARTESIAN_POINT('',(-0.233,-0.03564823227816,-0.106689357775087));
#13887=CARTESIAN_POINT('',(-0.0830000000000001,-0.03564823227816,-0.106689357775087));
#13888=CARTESIAN_POINT('',(-0.0830000000000001,-0.0469619407771313,-0.0953756492761153));
#13889=CARTESIAN_POINT('',(-0.233,-0.0469619407771313,-0.0953756492761153));
#13890=CARTESIAN_POINT('',(-0.0670000000000001,-0.0469619407771313,-0.0953756492761153));
#13891=CARTESIAN_POINT('',(-0.0670000000000001,-0.03564823227816,-0.106689357775087));
#13892=CARTESIAN_POINT('',(-0.233,-0.03564823227816,-0.106689357775087));
#13893=CARTESIAN_POINT('',(-0.0330000000000001,-0.03564823227816,-0.106689357775087));
#13894=CARTESIAN_POINT('',(-0.0330000000000001,-0.0469619407771313,-0.0953756492761153));
#13895=CARTESIAN_POINT('',(-0.233,-0.0469619407771313,-0.0953756492761153));
#13896=CARTESIAN_POINT('',(-0.017,-0.0469619407771313,-0.0953756492761153));
#13897=CARTESIAN_POINT('',(-0.017,-0.03564823227816,-0.106689357775087));
#13898=CARTESIAN_POINT('',(-0.233,-0.03564823227816,-0.106689357775087));
#13899=CARTESIAN_POINT('',(0.0169999999999999,-0.03564823227816,-0.106689357775087));
#13900=CARTESIAN_POINT('',(0.0169999999999999,-0.0469619407771313,-0.0953756492761153));
#13901=CARTESIAN_POINT('',(-0.233,-0.0469619407771313,-0.0953756492761153));
#13902=CARTESIAN_POINT('',(0.033,-0.0469619407771313,-0.0953756492761153));
#13903=CARTESIAN_POINT('',(0.033,-0.03564823227816,-0.106689357775087));
#13904=CARTESIAN_POINT('',(-0.233,-0.03564823227816,-0.106689357775087));
#13905=CARTESIAN_POINT('',(0.067,-0.03564823227816,-0.106689357775087));
#13906=CARTESIAN_POINT('',(0.067,-0.0469619407771313,-0.0953756492761153));
#13907=CARTESIAN_POINT('',(-0.233,-0.0469619407771313,-0.0953756492761153));
#13908=CARTESIAN_POINT('',(0.083,-0.0469619407771313,-0.0953756492761153));
#13909=CARTESIAN_POINT('',(0.083,-0.03564823227816,-0.106689357775087));
#13910=CARTESIAN_POINT('',(-0.233,-0.03564823227816,-0.106689357775087));
#13911=CARTESIAN_POINT('',(0.117,-0.03564823227816,-0.106689357775087));
#13912=CARTESIAN_POINT('',(0.117,-0.0469619407771313,-0.0953756492761153));
#13913=CARTESIAN_POINT('',(-0.233,-0.0469619407771313,-0.0953756492761153));
#13914=CARTESIAN_POINT('',(0.133,-0.0469619407771313,-0.0953756492761153));
#13915=CARTESIAN_POINT('',(0.133,-0.03564823227816,-0.106689357775087));
#13916=CARTESIAN_POINT('',(-0.233,-0.03564823227816,-0.106689357775087));
#13917=CARTESIAN_POINT('',(0.167,-0.03564823227816,-0.106689357775087));
#13918=CARTESIAN_POINT('',(0.167,-0.0469619407771313,-0.0953756492761153));
#13919=CARTESIAN_POINT('',(-0.233,-0.0469619407771313,-0.0953756492761153));
#13920=CARTESIAN_POINT('',(0.183,-0.0469619407771313,-0.0953756492761153));
#13921=CARTESIAN_POINT('',(0.183,-0.03564823227816,-0.106689357775087));
#13922=CARTESIAN_POINT('',(-0.233,-0.0469619407771313,-0.0953756492761153));
#13923=CARTESIAN_POINT('',(-0.217,-0.0469619407771313,-0.0953756492761153));
#13924=CARTESIAN_POINT('',(-0.217,-0.0263725830020295,-0.0747862915010135));
#13925=CARTESIAN_POINT('',(-0.233,-0.0469619407771313,-0.0953756492761153));
#13926=CARTESIAN_POINT('',(-0.233,-0.0263725830020295,-0.0747862915010135));
#13927=CARTESIAN_POINT('',(-0.233,-0.0263725830020295,-0.0747862915010135));
#13928=CARTESIAN_POINT('',(-0.233,-0.0469619407771313,-0.0953756492761153));
#13929=CARTESIAN_POINT('',(-0.183,-0.0469619407771313,-0.0953756492761153));
#13930=CARTESIAN_POINT('',(-0.183,-0.0263725830020295,-0.0747862915010135));
#13931=CARTESIAN_POINT('',(-0.233,-0.0263725830020295,-0.0747862915010135));
#13932=CARTESIAN_POINT('',(-0.167,-0.0263725830020295,-0.0747862915010135));
#13933=CARTESIAN_POINT('',(-0.167,-0.0469619407771313,-0.0953756492761153));
#13934=CARTESIAN_POINT('',(-0.233,-0.0469619407771313,-0.0953756492761153));
#13935=CARTESIAN_POINT('',(-0.133,-0.0469619407771313,-0.0953756492761153));
#13936=CARTESIAN_POINT('',(-0.133,-0.0263725830020295,-0.0747862915010135));
#13937=CARTESIAN_POINT('',(-0.233,-0.0263725830020295,-0.0747862915010135));
#13938=CARTESIAN_POINT('',(-0.117,-0.0263725830020295,-0.0747862915010135));
#13939=CARTESIAN_POINT('',(-0.117,-0.0469619407771313,-0.0953756492761153));
#13940=CARTESIAN_POINT('',(-0.233,-0.0469619407771313,-0.0953756492761153));
#13941=CARTESIAN_POINT('',(-0.0830000000000001,-0.0469619407771313,-0.0953756492761153));
#13942=CARTESIAN_POINT('',(-0.0830000000000001,-0.0263725830020295,-0.0747862915010135));
#13943=CARTESIAN_POINT('',(-0.233,-0.0263725830020295,-0.0747862915010135));
#13944=CARTESIAN_POINT('',(-0.0670000000000001,-0.0263725830020295,-0.0747862915010135));
#13945=CARTESIAN_POINT('',(-0.0670000000000001,-0.0469619407771313,-0.0953756492761153));
#13946=CARTESIAN_POINT('',(-0.233,-0.0469619407771313,-0.0953756492761153));
#13947=CARTESIAN_POINT('',(-0.0330000000000001,-0.0469619407771313,-0.0953756492761153));
#13948=CARTESIAN_POINT('',(-0.0330000000000001,-0.0263725830020295,-0.0747862915010135));
#13949=CARTESIAN_POINT('',(-0.233,-0.0263725830020295,-0.0747862915010135));
#13950=CARTESIAN_POINT('',(-0.017,-0.0263725830020295,-0.0747862915010135));
#13951=CARTESIAN_POINT('',(-0.017,-0.0469619407771313,-0.0953756492761153));
#13952=CARTESIAN_POINT('',(-0.233,-0.0469619407771313,-0.0953756492761153));
#13953=CARTESIAN_POINT('',(0.0169999999999999,-0.0469619407771313,-0.0953756492761153));
#13954=CARTESIAN_POINT('',(0.0169999999999999,-0.0263725830020295,-0.0747862915010135));
#13955=CARTESIAN_POINT('',(-0.233,-0.0263725830020295,-0.0747862915010135));
#13956=CARTESIAN_POINT('',(0.033,-0.0263725830020295,-0.0747862915010135));
#13957=CARTESIAN_POINT('',(0.033,-0.0469619407771313,-0.0953756492761153));
#13958=CARTESIAN_POINT('',(-0.233,-0.0469619407771313,-0.0953756492761153));
#13959=CARTESIAN_POINT('',(0.067,-0.0469619407771313,-0.0953756492761153));
#13960=CARTESIAN_POINT('',(0.067,-0.0263725830020295,-0.0747862915010135));
#13961=CARTESIAN_POINT('',(-0.233,-0.0263725830020295,-0.0747862915010135));
#13962=CARTESIAN_POINT('',(0.083,-0.0263725830020295,-0.0747862915010135));
#13963=CARTESIAN_POINT('',(0.083,-0.0469619407771313,-0.0953756492761153));
#13964=CARTESIAN_POINT('',(-0.233,-0.0469619407771313,-0.0953756492761153));
#13965=CARTESIAN_POINT('',(0.117,-0.0469619407771313,-0.0953756492761153));
#13966=CARTESIAN_POINT('',(0.117,-0.0263725830020295,-0.0747862915010135));
#13967=CARTESIAN_POINT('',(-0.233,-0.0263725830020295,-0.0747862915010135));
#13968=CARTESIAN_POINT('',(0.133,-0.0263725830020295,-0.0747862915010135));
#13969=CARTESIAN_POINT('',(0.133,-0.0469619407771313,-0.0953756492761153));
#13970=CARTESIAN_POINT('',(-0.233,-0.0469619407771313,-0.0953756492761153));
#13971=CARTESIAN_POINT('',(0.167,-0.0469619407771313,-0.0953756492761153));
#13972=CARTESIAN_POINT('',(0.167,-0.0263725830020295,-0.0747862915010135));
#13973=CARTESIAN_POINT('',(-0.233,-0.0263725830020295,-0.0747862915010135));
#13974=CARTESIAN_POINT('',(0.183,-0.0263725830020295,-0.0747862915010135));
#13975=CARTESIAN_POINT('',(0.183,-0.0469619407771313,-0.0953756492761153));
#13976=CARTESIAN_POINT('',(-0.233,-0.0489999999999966,-0.0521588745030464));
#13977=CARTESIAN_POINT('',(-0.217,-0.0489999999999966,-0.0521588745030464));
#13978=CARTESIAN_POINT('',(-0.217,-0.017,-0.0521588745030464));
#13979=CARTESIAN_POINT('',(-0.233,-0.0489999999999966,-0.0521588745030464));
#13980=CARTESIAN_POINT('',(-0.233,-0.017,-0.0521588745030464));
#13981=CARTESIAN_POINT('',(-0.233,-0.017,-0.0521588745030464));
#13982=CARTESIAN_POINT('',(-0.233,-0.0489999999999966,-0.0521588745030464));
#13983=CARTESIAN_POINT('',(-0.183,-0.0489999999999966,-0.0521588745030464));
#13984=CARTESIAN_POINT('',(-0.183,-0.017,-0.0521588745030464));
#13985=CARTESIAN_POINT('',(-0.233,-0.017,-0.0521588745030464));
#13986=CARTESIAN_POINT('',(-0.167,-0.017,-0.0521588745030464));
#13987=CARTESIAN_POINT('',(-0.167,-0.0489999999999966,-0.0521588745030464));
#13988=CARTESIAN_POINT('',(-0.233,-0.0489999999999966,-0.0521588745030464));
#13989=CARTESIAN_POINT('',(-0.133,-0.0489999999999966,-0.0521588745030464));
#13990=CARTESIAN_POINT('',(-0.133,-0.017,-0.0521588745030464));
#13991=CARTESIAN_POINT('',(-0.233,-0.017,-0.0521588745030464));
#13992=CARTESIAN_POINT('',(-0.117,-0.017,-0.0521588745030464));
#13993=CARTESIAN_POINT('',(-0.117,-0.0489999999999966,-0.0521588745030464));
#13994=CARTESIAN_POINT('',(-0.233,-0.0489999999999966,-0.0521588745030464));
#13995=CARTESIAN_POINT('',(-0.0830000000000001,-0.0489999999999966,-0.0521588745030464));
#13996=CARTESIAN_POINT('',(-0.0830000000000001,-0.017,-0.0521588745030464));
#13997=CARTESIAN_POINT('',(-0.233,-0.017,-0.0521588745030464));
#13998=CARTESIAN_POINT('',(-0.0670000000000001,-0.017,-0.0521588745030464));
#13999=CARTESIAN_POINT('',(-0.0670000000000001,-0.0489999999999966,-0.0521588745030464));
#14000=CARTESIAN_POINT('',(-0.233,-0.0489999999999966,-0.0521588745030464));
#14001=CARTESIAN_POINT('',(-0.0330000000000001,-0.0489999999999966,-0.0521588745030464));
#14002=CARTESIAN_POINT('',(-0.0330000000000001,-0.017,-0.0521588745030464));
#14003=CARTESIAN_POINT('',(-0.233,-0.017,-0.0521588745030464));
#14004=CARTESIAN_POINT('',(-0.017,-0.017,-0.0521588745030464));
#14005=CARTESIAN_POINT('',(-0.017,-0.0489999999999966,-0.0521588745030464));
#14006=CARTESIAN_POINT('',(-0.233,-0.0489999999999966,-0.0521588745030464));
#14007=CARTESIAN_POINT('',(0.0169999999999999,-0.0489999999999966,-0.0521588745030464));
#14008=CARTESIAN_POINT('',(0.0169999999999999,-0.017,-0.0521588745030464));
#14009=CARTESIAN_POINT('',(-0.233,-0.017,-0.0521588745030464));
#14010=CARTESIAN_POINT('',(0.033,-0.017,-0.0521588745030464));
#14011=CARTESIAN_POINT('',(0.033,-0.0489999999999966,-0.0521588745030464));
#14012=CARTESIAN_POINT('',(-0.233,-0.0489999999999966,-0.0521588745030464));
#14013=CARTESIAN_POINT('',(0.067,-0.0489999999999966,-0.0521588745030464));
#14014=CARTESIAN_POINT('',(0.067,-0.017,-0.0521588745030464));
#14015=CARTESIAN_POINT('',(-0.233,-0.017,-0.0521588745030464));
#14016=CARTESIAN_POINT('',(0.083,-0.017,-0.0521588745030464));
#14017=CARTESIAN_POINT('',(0.083,-0.0489999999999966,-0.0521588745030464));
#14018=CARTESIAN_POINT('',(-0.233,-0.0489999999999966,-0.0521588745030464));
#14019=CARTESIAN_POINT('',(0.117,-0.0489999999999966,-0.0521588745030464));
#14020=CARTESIAN_POINT('',(0.117,-0.017,-0.0521588745030464));
#14021=CARTESIAN_POINT('',(-0.233,-0.017,-0.0521588745030464));
#14022=CARTESIAN_POINT('',(0.133,-0.017,-0.0521588745030464));
#14023=CARTESIAN_POINT('',(0.133,-0.0489999999999966,-0.0521588745030464));
#14024=CARTESIAN_POINT('',(-0.233,-0.0489999999999966,-0.0521588745030464));
#14025=CARTESIAN_POINT('',(0.167,-0.0489999999999966,-0.0521588745030464));
#14026=CARTESIAN_POINT('',(0.167,-0.017,-0.0521588745030464));
#14027=CARTESIAN_POINT('',(-0.233,-0.017,-0.0521588745030464));
#14028=CARTESIAN_POINT('',(0.183,-0.017,-0.0521588745030464));
#14029=CARTESIAN_POINT('',(0.183,-0.0489999999999966,-0.0521588745030464));
#14030=CARTESIAN_POINT('',(-0.233,0.00100000000000375,-0.142893593539451));
#14031=CARTESIAN_POINT('',(-0.233,0.00900000000000202,-0.156749999999999));
#14032=CARTESIAN_POINT('',(-0.233,0.00900000000000202,-0.156749999999999));
#14033=CARTESIAN_POINT('',(-0.217,0.00900000000000202,-0.156749999999999));
#14034=CARTESIAN_POINT('',(-0.217,0.00100000000000375,-0.142893593539451));
#14035=CARTESIAN_POINT('',(-0.217,0.017,-0.142893593539451));
#14036=CARTESIAN_POINT('',(-0.233,0.017,-0.142893593539451));
#14037=CARTESIAN_POINT('',(-0.233,0.017,-0.142893593539451));
#14038=CARTESIAN_POINT('',(-0.233,0.00100000000000375,-0.142893593539451));
#14039=CARTESIAN_POINT('',(-0.233,0.00100000000000375,-0.142893593539451));
#14040=CARTESIAN_POINT('',(-0.233,0.017,-0.142893593539451));
#14041=CARTESIAN_POINT('',(-0.183,0.017,-0.142893593539451));
#14042=CARTESIAN_POINT('',(-0.167,0.017,-0.142893593539451));
#14043=CARTESIAN_POINT('',(-0.183,0.00100000000000375,-0.142893593539451));
#14044=CARTESIAN_POINT('',(-0.183,0.00900000000000202,-0.156749999999999));
#14045=CARTESIAN_POINT('',(-0.233,0.00900000000000202,-0.156749999999999));
#14046=CARTESIAN_POINT('',(-0.167,0.00900000000000202,-0.156749999999999));
#14047=CARTESIAN_POINT('',(-0.167,0.00100000000000375,-0.142893593539451));
#14048=CARTESIAN_POINT('',(-0.233,0.00100000000000375,-0.142893593539451));
#14049=CARTESIAN_POINT('',(-0.233,0.017,-0.142893593539451));
#14050=CARTESIAN_POINT('',(-0.133,0.017,-0.142893593539451));
#14051=CARTESIAN_POINT('',(-0.117,0.017,-0.142893593539451));
#14052=CARTESIAN_POINT('',(-0.133,0.00100000000000375,-0.142893593539451));
#14053=CARTESIAN_POINT('',(-0.133,0.00900000000000202,-0.156749999999999));
#14054=CARTESIAN_POINT('',(-0.233,0.00900000000000202,-0.156749999999999));
#14055=CARTESIAN_POINT('',(-0.117,0.00900000000000202,-0.156749999999999));
#14056=CARTESIAN_POINT('',(-0.117,0.00100000000000375,-0.142893593539451));
#14057=CARTESIAN_POINT('',(-0.233,0.00100000000000375,-0.142893593539451));
#14058=CARTESIAN_POINT('',(-0.233,0.017,-0.142893593539451));
#14059=CARTESIAN_POINT('',(-0.0830000000000001,0.017,-0.142893593539451));
#14060=CARTESIAN_POINT('',(-0.0670000000000001,0.017,-0.142893593539451));
#14061=CARTESIAN_POINT('',(-0.0830000000000001,0.00100000000000375,-0.142893593539451));
#14062=CARTESIAN_POINT('',(-0.0830000000000001,0.00900000000000202,-0.156749999999999));
#14063=CARTESIAN_POINT('',(-0.233,0.00900000000000202,-0.156749999999999));
#14064=CARTESIAN_POINT('',(-0.0670000000000001,0.00900000000000202,-0.156749999999999));
#14065=CARTESIAN_POINT('',(-0.0670000000000001,0.00100000000000375,-0.142893593539451));
#14066=CARTESIAN_POINT('',(-0.233,0.00100000000000375,-0.142893593539451));
#14067=CARTESIAN_POINT('',(-0.233,0.017,-0.142893593539451));
#14068=CARTESIAN_POINT('',(-0.0330000000000001,0.017,-0.142893593539451));
#14069=CARTESIAN_POINT('',(-0.017,0.017,-0.142893593539451));
#14070=CARTESIAN_POINT('',(-0.0330000000000001,0.00100000000000375,-0.142893593539451));
#14071=CARTESIAN_POINT('',(-0.0330000000000001,0.00900000000000202,-0.156749999999999));
#14072=CARTESIAN_POINT('',(-0.233,0.00900000000000202,-0.156749999999999));
#14073=CARTESIAN_POINT('',(-0.017,0.00900000000000202,-0.156749999999999));
#14074=CARTESIAN_POINT('',(-0.017,0.00100000000000375,-0.142893593539451));
#14075=CARTESIAN_POINT('',(-0.233,0.00100000000000375,-0.142893593539451));
#14076=CARTESIAN_POINT('',(-0.233,0.017,-0.142893593539451));
#14077=CARTESIAN_POINT('',(0.0169999999999999,0.017,-0.142893593539451));
#14078=CARTESIAN_POINT('',(0.033,0.017,-0.142893593539451));
#14079=CARTESIAN_POINT('',(0.0169999999999999,0.00100000000000375,-0.142893593539451));
#14080=CARTESIAN_POINT('',(0.0169999999999999,0.00900000000000202,-0.156749999999999));
#14081=CARTESIAN_POINT('',(-0.233,0.00900000000000202,-0.156749999999999));
#14082=CARTESIAN_POINT('',(0.033,0.00900000000000202,-0.156749999999999));
#14083=CARTESIAN_POINT('',(0.033,0.00100000000000375,-0.142893593539451));
#14084=CARTESIAN_POINT('',(-0.233,0.00100000000000375,-0.142893593539451));
#14085=CARTESIAN_POINT('',(-0.233,0.017,-0.142893593539451));
#14086=CARTESIAN_POINT('',(0.067,0.017,-0.142893593539451));
#14087=CARTESIAN_POINT('',(0.083,0.017,-0.142893593539451));
#14088=CARTESIAN_POINT('',(0.067,0.00100000000000375,-0.142893593539451));
#14089=CARTESIAN_POINT('',(0.067,0.00900000000000202,-0.156749999999999));
#14090=CARTESIAN_POINT('',(-0.233,0.00900000000000202,-0.156749999999999));
#14091=CARTESIAN_POINT('',(0.083,0.00900000000000202,-0.156749999999999));
#14092=CARTESIAN_POINT('',(0.083,0.00100000000000375,-0.142893593539451));
#14093=CARTESIAN_POINT('',(-0.233,0.00100000000000375,-0.142893593539451));
#14094=CARTESIAN_POINT('',(-0.233,0.017,-0.142893593539451));
#14095=CARTESIAN_POINT('',(0.117,0.017,-0.142893593539451));
#14096=CARTESIAN_POINT('',(0.133,0.017,-0.142893593539451));
#14097=CARTESIAN_POINT('',(0.117,0.00100000000000375,-0.142893593539451));
#14098=CARTESIAN_POINT('',(0.117,0.00900000000000202,-0.156749999999999));
#14099=CARTESIAN_POINT('',(-0.233,0.00900000000000202,-0.156749999999999));
#14100=CARTESIAN_POINT('',(0.133,0.00900000000000202,-0.156749999999999));
#14101=CARTESIAN_POINT('',(0.133,0.00100000000000375,-0.142893593539451));
#14102=CARTESIAN_POINT('',(-0.233,0.00100000000000375,-0.142893593539451));
#14103=CARTESIAN_POINT('',(-0.233,0.017,-0.142893593539451));
#14104=CARTESIAN_POINT('',(0.167,0.017,-0.142893593539451));
#14105=CARTESIAN_POINT('',(0.183,0.017,-0.142893593539451));
#14106=CARTESIAN_POINT('',(0.167,0.00100000000000375,-0.142893593539451));
#14107=CARTESIAN_POINT('',(0.167,0.00900000000000202,-0.156749999999999));
#14108=CARTESIAN_POINT('',(-0.233,0.00900000000000202,-0.156749999999999));
#14109=CARTESIAN_POINT('',(0.183,0.00900000000000202,-0.156749999999999));
#14110=CARTESIAN_POINT('',(0.183,0.00100000000000375,-0.142893593539451));
#14111=CARTESIAN_POINT('',(-0.233,0.00900000000000203,-0.156749999999999));
#14112=CARTESIAN_POINT('',(-0.217,0.00900000000000203,-0.156749999999999));
#14113=CARTESIAN_POINT('',(-0.217,-0.0515067589012895,-0.191683593539452));
#14114=CARTESIAN_POINT('',(-0.233,0.00900000000000203,-0.156749999999999));
#14115=CARTESIAN_POINT('',(-0.233,-0.0515067589012895,-0.191683593539452));
#14116=CARTESIAN_POINT('',(-0.233,-0.0515067589012895,-0.191683593539452));
#14117=CARTESIAN_POINT('',(-0.233,0.00900000000000203,-0.156749999999999));
#14118=CARTESIAN_POINT('',(-0.183,0.00900000000000203,-0.156749999999999));
#14119=CARTESIAN_POINT('',(-0.183,-0.0515067589012895,-0.191683593539452));
#14120=CARTESIAN_POINT('',(-0.233,-0.0515067589012895,-0.191683593539452));
#14121=CARTESIAN_POINT('',(-0.167,-0.0515067589012895,-0.191683593539452));
#14122=CARTESIAN_POINT('',(-0.167,0.00900000000000203,-0.156749999999999));
#14123=CARTESIAN_POINT('',(-0.233,0.00900000000000203,-0.156749999999999));
#14124=CARTESIAN_POINT('',(-0.133,0.00900000000000203,-0.156749999999999));
#14125=CARTESIAN_POINT('',(-0.133,-0.0515067589012895,-0.191683593539452));
#14126=CARTESIAN_POINT('',(-0.233,-0.0515067589012895,-0.191683593539452));
#14127=CARTESIAN_POINT('',(-0.117,-0.0515067589012895,-0.191683593539452));
#14128=CARTESIAN_POINT('',(-0.117,0.00900000000000203,-0.156749999999999));
#14129=CARTESIAN_POINT('',(-0.233,0.00900000000000203,-0.156749999999999));
#14130=CARTESIAN_POINT('',(-0.0830000000000001,0.00900000000000203,-0.156749999999999));
#14131=CARTESIAN_POINT('',(-0.0830000000000001,-0.0515067589012895,-0.191683593539452));
#14132=CARTESIAN_POINT('',(-0.233,-0.0515067589012895,-0.191683593539452));
#14133=CARTESIAN_POINT('',(-0.0670000000000001,-0.0515067589012895,-0.191683593539452));
#14134=CARTESIAN_POINT('',(-0.0670000000000001,0.00900000000000203,-0.156749999999999));
#14135=CARTESIAN_POINT('',(-0.233,0.00900000000000203,-0.156749999999999));
#14136=CARTESIAN_POINT('',(-0.0330000000000001,0.00900000000000203,-0.156749999999999));
#14137=CARTESIAN_POINT('',(-0.0330000000000001,-0.0515067589012895,-0.191683593539452));
#14138=CARTESIAN_POINT('',(-0.233,-0.0515067589012895,-0.191683593539452));
#14139=CARTESIAN_POINT('',(-0.017,-0.0515067589012895,-0.191683593539452));
#14140=CARTESIAN_POINT('',(-0.017,0.00900000000000203,-0.156749999999999));
#14141=CARTESIAN_POINT('',(-0.233,0.00900000000000203,-0.156749999999999));
#14142=CARTESIAN_POINT('',(0.0169999999999999,0.00900000000000203,-0.156749999999999));
#14143=CARTESIAN_POINT('',(0.0169999999999999,-0.0515067589012895,-0.191683593539452));
#14144=CARTESIAN_POINT('',(-0.233,-0.0515067589012895,-0.191683593539452));
#14145=CARTESIAN_POINT('',(0.033,-0.0515067589012895,-0.191683593539452));
#14146=CARTESIAN_POINT('',(0.033,0.00900000000000203,-0.156749999999999));
#14147=CARTESIAN_POINT('',(-0.233,0.00900000000000203,-0.156749999999999));
#14148=CARTESIAN_POINT('',(0.067,0.00900000000000203,-0.156749999999999));
#14149=CARTESIAN_POINT('',(0.067,-0.0515067589012895,-0.191683593539452));
#14150=CARTESIAN_POINT('',(-0.233,-0.0515067589012895,-0.191683593539452));
#14151=CARTESIAN_POINT('',(0.083,-0.0515067589012895,-0.191683593539452));
#14152=CARTESIAN_POINT('',(0.083,0.00900000000000203,-0.156749999999999));
#14153=CARTESIAN_POINT('',(-0.233,0.00900000000000203,-0.156749999999999));
#14154=CARTESIAN_POINT('',(0.117,0.00900000000000203,-0.156749999999999));
#14155=CARTESIAN_POINT('',(0.117,-0.0515067589012895,-0.191683593539452));
#14156=CARTESIAN_POINT('',(-0.233,-0.0515067589012895,-0.191683593539452));
#14157=CARTESIAN_POINT('',(0.133,-0.0515067589012895,-0.191683593539452));
#14158=CARTESIAN_POINT('',(0.133,0.00900000000000203,-0.156749999999999));
#14159=CARTESIAN_POINT('',(-0.233,0.00900000000000203,-0.156749999999999));
#14160=CARTESIAN_POINT('',(0.167,0.00900000000000203,-0.156749999999999));
#14161=CARTESIAN_POINT('',(0.167,-0.0515067589012895,-0.191683593539452));
#14162=CARTESIAN_POINT('',(-0.233,-0.0515067589012895,-0.191683593539452));
#14163=CARTESIAN_POINT('',(0.183,-0.0515067589012895,-0.191683593539452));
#14164=CARTESIAN_POINT('',(0.183,0.00900000000000203,-0.156749999999999));
#14165=CARTESIAN_POINT('',(-0.233,-0.0355067589012924,-0.219396406460548));
#14166=CARTESIAN_POINT('',(-0.217,-0.0355067589012924,-0.219396406460548));
#14167=CARTESIAN_POINT('',(-0.217,-0.067506758901286,-0.219396406460548));
#14168=CARTESIAN_POINT('',(-0.233,-0.0355067589012924,-0.219396406460548));
#14169=CARTESIAN_POINT('',(-0.233,-0.067506758901286,-0.219396406460548));
#14170=CARTESIAN_POINT('',(-0.233,-0.067506758901286,-0.219396406460548));
#14171=CARTESIAN_POINT('',(-0.233,-0.0355067589012924,-0.219396406460548));
#14172=CARTESIAN_POINT('',(-0.183,-0.0355067589012924,-0.219396406460548));
#14173=CARTESIAN_POINT('',(-0.183,-0.067506758901286,-0.219396406460548));
#14174=CARTESIAN_POINT('',(-0.233,-0.067506758901286,-0.219396406460548));
#14175=CARTESIAN_POINT('',(-0.167,-0.067506758901286,-0.219396406460548));
#14176=CARTESIAN_POINT('',(-0.167,-0.0355067589012924,-0.219396406460548));
#14177=CARTESIAN_POINT('',(-0.233,-0.0355067589012924,-0.219396406460548));
#14178=CARTESIAN_POINT('',(-0.133,-0.0355067589012924,-0.219396406460548));
#14179=CARTESIAN_POINT('',(-0.133,-0.067506758901286,-0.219396406460548));
#14180=CARTESIAN_POINT('',(-0.233,-0.067506758901286,-0.219396406460548));
#14181=CARTESIAN_POINT('',(-0.117,-0.067506758901286,-0.219396406460548));
#14182=CARTESIAN_POINT('',(-0.117,-0.0355067589012924,-0.219396406460548));
#14183=CARTESIAN_POINT('',(-0.233,-0.0355067589012924,-0.219396406460548));
#14184=CARTESIAN_POINT('',(-0.0830000000000001,-0.0355067589012924,-0.219396406460548));
#14185=CARTESIAN_POINT('',(-0.0830000000000001,-0.067506758901286,-0.219396406460548));
#14186=CARTESIAN_POINT('',(-0.233,-0.067506758901286,-0.219396406460548));
#14187=CARTESIAN_POINT('',(-0.0670000000000001,-0.067506758901286,-0.219396406460548));
#14188=CARTESIAN_POINT('',(-0.0670000000000001,-0.0355067589012924,-0.219396406460548));
#14189=CARTESIAN_POINT('',(-0.233,-0.0355067589012924,-0.219396406460548));
#14190=CARTESIAN_POINT('',(-0.0330000000000001,-0.0355067589012924,-0.219396406460548));
#14191=CARTESIAN_POINT('',(-0.0330000000000001,-0.067506758901286,-0.219396406460548));
#14192=CARTESIAN_POINT('',(-0.233,-0.067506758901286,-0.219396406460548));
#14193=CARTESIAN_POINT('',(-0.017,-0.067506758901286,-0.219396406460548));
#14194=CARTESIAN_POINT('',(-0.017,-0.0355067589012924,-0.219396406460548));
#14195=CARTESIAN_POINT('',(-0.233,-0.0355067589012924,-0.219396406460548));
#14196=CARTESIAN_POINT('',(0.0169999999999999,-0.0355067589012924,-0.219396406460548));
#14197=CARTESIAN_POINT('',(0.0169999999999999,-0.067506758901286,-0.219396406460548));
#14198=CARTESIAN_POINT('',(-0.233,-0.067506758901286,-0.219396406460548));
#14199=CARTESIAN_POINT('',(0.033,-0.067506758901286,-0.219396406460548));
#14200=CARTESIAN_POINT('',(0.033,-0.0355067589012924,-0.219396406460548));
#14201=CARTESIAN_POINT('',(-0.233,-0.0355067589012924,-0.219396406460548));
#14202=CARTESIAN_POINT('',(0.067,-0.0355067589012924,-0.219396406460548));
#14203=CARTESIAN_POINT('',(0.067,-0.067506758901286,-0.219396406460548));
#14204=CARTESIAN_POINT('',(-0.233,-0.067506758901286,-0.219396406460548));
#14205=CARTESIAN_POINT('',(0.083,-0.067506758901286,-0.219396406460548));
#14206=CARTESIAN_POINT('',(0.083,-0.0355067589012924,-0.219396406460548));
#14207=CARTESIAN_POINT('',(-0.233,-0.0355067589012924,-0.219396406460548));
#14208=CARTESIAN_POINT('',(0.117,-0.0355067589012924,-0.219396406460548));
#14209=CARTESIAN_POINT('',(0.117,-0.067506758901286,-0.219396406460548));
#14210=CARTESIAN_POINT('',(-0.233,-0.067506758901286,-0.219396406460548));
#14211=CARTESIAN_POINT('',(0.133,-0.067506758901286,-0.219396406460548));
#14212=CARTESIAN_POINT('',(0.133,-0.0355067589012924,-0.219396406460548));
#14213=CARTESIAN_POINT('',(-0.233,-0.0355067589012924,-0.219396406460548));
#14214=CARTESIAN_POINT('',(0.167,-0.0355067589012924,-0.219396406460548));
#14215=CARTESIAN_POINT('',(0.167,-0.067506758901286,-0.219396406460548));
#14216=CARTESIAN_POINT('',(-0.233,-0.067506758901286,-0.219396406460548));
#14217=CARTESIAN_POINT('',(0.183,-0.067506758901286,-0.219396406460548));
#14218=CARTESIAN_POINT('',(0.183,-0.0355067589012924,-0.219396406460548));
#14219=CARTESIAN_POINT('',(-0.233,-0.067506758901286,-0.219396406460548));
#14220=CARTESIAN_POINT('',(-0.217,-0.067506758901286,-0.219396406460548));
#14221=CARTESIAN_POINT('',(-0.217,-0.067506758901286,-0.25454));
#14222=CARTESIAN_POINT('',(-0.233,-0.067506758901286,-0.219396406460548));
#14223=CARTESIAN_POINT('',(-0.233,-0.067506758901286,-0.25454));
#14224=CARTESIAN_POINT('',(-0.233,-0.067506758901286,-0.25454));
#14225=CARTESIAN_POINT('',(-0.233,-0.067506758901286,-0.219396406460548));
#14226=CARTESIAN_POINT('',(-0.183,-0.067506758901286,-0.219396406460548));
#14227=CARTESIAN_POINT('',(-0.183,-0.067506758901286,-0.25454));
#14228=CARTESIAN_POINT('',(-0.233,-0.067506758901286,-0.25454));
#14229=CARTESIAN_POINT('',(-0.167,-0.067506758901286,-0.25454));
#14230=CARTESIAN_POINT('',(-0.167,-0.067506758901286,-0.219396406460548));
#14231=CARTESIAN_POINT('',(-0.233,-0.067506758901286,-0.219396406460548));
#14232=CARTESIAN_POINT('',(-0.133,-0.067506758901286,-0.219396406460548));
#14233=CARTESIAN_POINT('',(-0.133,-0.067506758901286,-0.25454));
#14234=CARTESIAN_POINT('',(-0.233,-0.067506758901286,-0.25454));
#14235=CARTESIAN_POINT('',(-0.117,-0.067506758901286,-0.25454));
#14236=CARTESIAN_POINT('',(-0.117,-0.067506758901286,-0.219396406460548));
#14237=CARTESIAN_POINT('',(-0.233,-0.067506758901286,-0.219396406460548));
#14238=CARTESIAN_POINT('',(-0.0830000000000001,-0.067506758901286,-0.219396406460548));
#14239=CARTESIAN_POINT('',(-0.0830000000000001,-0.067506758901286,-0.25454));
#14240=CARTESIAN_POINT('',(-0.233,-0.067506758901286,-0.25454));
#14241=CARTESIAN_POINT('',(-0.0670000000000001,-0.067506758901286,-0.25454));
#14242=CARTESIAN_POINT('',(-0.0670000000000001,-0.067506758901286,-0.219396406460548));
#14243=CARTESIAN_POINT('',(-0.233,-0.067506758901286,-0.219396406460548));
#14244=CARTESIAN_POINT('',(-0.0330000000000001,-0.067506758901286,-0.219396406460548));
#14245=CARTESIAN_POINT('',(-0.0330000000000001,-0.067506758901286,-0.25454));
#14246=CARTESIAN_POINT('',(-0.233,-0.067506758901286,-0.25454));
#14247=CARTESIAN_POINT('',(-0.017,-0.067506758901286,-0.25454));
#14248=CARTESIAN_POINT('',(-0.017,-0.067506758901286,-0.219396406460548));
#14249=CARTESIAN_POINT('',(-0.233,-0.067506758901286,-0.219396406460548));
#14250=CARTESIAN_POINT('',(0.0169999999999999,-0.067506758901286,-0.219396406460548));
#14251=CARTESIAN_POINT('',(0.0169999999999999,-0.067506758901286,-0.25454));
#14252=CARTESIAN_POINT('',(-0.233,-0.067506758901286,-0.25454));
#14253=CARTESIAN_POINT('',(0.033,-0.067506758901286,-0.25454));
#14254=CARTESIAN_POINT('',(0.033,-0.067506758901286,-0.219396406460548));
#14255=CARTESIAN_POINT('',(-0.233,-0.067506758901286,-0.219396406460548));
#14256=CARTESIAN_POINT('',(0.067,-0.067506758901286,-0.219396406460548));
#14257=CARTESIAN_POINT('',(0.067,-0.067506758901286,-0.25454));
#14258=CARTESIAN_POINT('',(-0.233,-0.067506758901286,-0.25454));
#14259=CARTESIAN_POINT('',(0.083,-0.067506758901286,-0.25454));
#14260=CARTESIAN_POINT('',(0.083,-0.067506758901286,-0.219396406460548));
#14261=CARTESIAN_POINT('',(-0.233,-0.067506758901286,-0.219396406460548));
#14262=CARTESIAN_POINT('',(0.117,-0.067506758901286,-0.219396406460548));
#14263=CARTESIAN_POINT('',(0.117,-0.067506758901286,-0.25454));
#14264=CARTESIAN_POINT('',(-0.233,-0.067506758901286,-0.25454));
#14265=CARTESIAN_POINT('',(0.133,-0.067506758901286,-0.25454));
#14266=CARTESIAN_POINT('',(0.133,-0.067506758901286,-0.219396406460548));
#14267=CARTESIAN_POINT('',(-0.233,-0.067506758901286,-0.219396406460548));
#14268=CARTESIAN_POINT('',(0.167,-0.067506758901286,-0.219396406460548));
#14269=CARTESIAN_POINT('',(0.167,-0.067506758901286,-0.25454));
#14270=CARTESIAN_POINT('',(-0.233,-0.067506758901286,-0.25454));
#14271=CARTESIAN_POINT('',(0.183,-0.067506758901286,-0.25454));
#14272=CARTESIAN_POINT('',(0.183,-0.067506758901286,-0.219396406460548));
#14273=CARTESIAN_POINT('',(-0.233,-0.067506758901286,-0.25454));
#14274=CARTESIAN_POINT('',(-0.217,-0.067506758901286,-0.25454));
#14275=CARTESIAN_POINT('',(-0.217,-0.051506758901286,-0.25454));
#14276=CARTESIAN_POINT('',(-0.233,-0.067506758901286,-0.25454));
#14277=CARTESIAN_POINT('',(-0.233,-0.051506758901286,-0.25454));
#14278=CARTESIAN_POINT('',(-0.233,-0.051506758901286,-0.25454));
#14279=CARTESIAN_POINT('',(-0.233,-0.067506758901286,-0.25454));
#14280=CARTESIAN_POINT('',(-0.183,-0.067506758901286,-0.25454));
#14281=CARTESIAN_POINT('',(-0.183,-0.051506758901286,-0.25454));
#14282=CARTESIAN_POINT('',(-0.233,-0.051506758901286,-0.25454));
#14283=CARTESIAN_POINT('',(-0.167,-0.051506758901286,-0.25454));
#14284=CARTESIAN_POINT('',(-0.167,-0.067506758901286,-0.25454));
#14285=CARTESIAN_POINT('',(-0.233,-0.067506758901286,-0.25454));
#14286=CARTESIAN_POINT('',(-0.133,-0.067506758901286,-0.25454));
#14287=CARTESIAN_POINT('',(-0.133,-0.051506758901286,-0.25454));
#14288=CARTESIAN_POINT('',(-0.233,-0.051506758901286,-0.25454));
#14289=CARTESIAN_POINT('',(-0.117,-0.051506758901286,-0.25454));
#14290=CARTESIAN_POINT('',(-0.117,-0.067506758901286,-0.25454));
#14291=CARTESIAN_POINT('',(-0.233,-0.067506758901286,-0.25454));
#14292=CARTESIAN_POINT('',(-0.0830000000000001,-0.067506758901286,-0.25454));
#14293=CARTESIAN_POINT('',(-0.0830000000000001,-0.051506758901286,-0.25454));
#14294=CARTESIAN_POINT('',(-0.233,-0.051506758901286,-0.25454));
#14295=CARTESIAN_POINT('',(-0.0670000000000001,-0.051506758901286,-0.25454));
#14296=CARTESIAN_POINT('',(-0.0670000000000001,-0.067506758901286,-0.25454));
#14297=CARTESIAN_POINT('',(-0.233,-0.067506758901286,-0.25454));
#14298=CARTESIAN_POINT('',(-0.0330000000000001,-0.067506758901286,-0.25454));
#14299=CARTESIAN_POINT('',(-0.0330000000000001,-0.051506758901286,-0.25454));
#14300=CARTESIAN_POINT('',(-0.233,-0.051506758901286,-0.25454));
#14301=CARTESIAN_POINT('',(-0.017,-0.051506758901286,-0.25454));
#14302=CARTESIAN_POINT('',(-0.017,-0.067506758901286,-0.25454));
#14303=CARTESIAN_POINT('',(-0.233,-0.067506758901286,-0.25454));
#14304=CARTESIAN_POINT('',(0.0169999999999999,-0.067506758901286,-0.25454));
#14305=CARTESIAN_POINT('',(0.0169999999999999,-0.051506758901286,-0.25454));
#14306=CARTESIAN_POINT('',(-0.233,-0.051506758901286,-0.25454));
#14307=CARTESIAN_POINT('',(0.033,-0.051506758901286,-0.25454));
#14308=CARTESIAN_POINT('',(0.033,-0.067506758901286,-0.25454));
#14309=CARTESIAN_POINT('',(-0.233,-0.067506758901286,-0.25454));
#14310=CARTESIAN_POINT('',(0.067,-0.067506758901286,-0.25454));
#14311=CARTESIAN_POINT('',(0.067,-0.051506758901286,-0.25454));
#14312=CARTESIAN_POINT('',(-0.233,-0.051506758901286,-0.25454));
#14313=CARTESIAN_POINT('',(0.083,-0.051506758901286,-0.25454));
#14314=CARTESIAN_POINT('',(0.083,-0.067506758901286,-0.25454));
#14315=CARTESIAN_POINT('',(-0.233,-0.067506758901286,-0.25454));
#14316=CARTESIAN_POINT('',(0.117,-0.067506758901286,-0.25454));
#14317=CARTESIAN_POINT('',(0.117,-0.051506758901286,-0.25454));
#14318=CARTESIAN_POINT('',(-0.233,-0.051506758901286,-0.25454));
#14319=CARTESIAN_POINT('',(0.133,-0.051506758901286,-0.25454));
#14320=CARTESIAN_POINT('',(0.133,-0.067506758901286,-0.25454));
#14321=CARTESIAN_POINT('',(-0.233,-0.067506758901286,-0.25454));
#14322=CARTESIAN_POINT('',(0.167,-0.067506758901286,-0.25454));
#14323=CARTESIAN_POINT('',(0.167,-0.051506758901286,-0.25454));
#14324=CARTESIAN_POINT('',(-0.233,-0.051506758901286,-0.25454));
#14325=CARTESIAN_POINT('',(0.183,-0.051506758901286,-0.25454));
#14326=CARTESIAN_POINT('',(0.183,-0.067506758901286,-0.25454));
#14327=CARTESIAN_POINT('',(-0.233,-0.051506758901286,-0.25454));
#14328=CARTESIAN_POINT('',(-0.217,-0.051506758901286,-0.25454));
#14329=CARTESIAN_POINT('',(-0.217,-0.051506758901286,-0.219396406460549));
#14330=CARTESIAN_POINT('',(-0.233,-0.051506758901286,-0.25454));
#14331=CARTESIAN_POINT('',(-0.233,-0.051506758901286,-0.219396406460549));
#14332=CARTESIAN_POINT('',(-0.233,-0.051506758901286,-0.219396406460549));
#14333=CARTESIAN_POINT('',(-0.233,-0.051506758901286,-0.25454));
#14334=CARTESIAN_POINT('',(-0.183,-0.051506758901286,-0.25454));
#14335=CARTESIAN_POINT('',(-0.183,-0.051506758901286,-0.219396406460549));
#14336=CARTESIAN_POINT('',(-0.233,-0.051506758901286,-0.219396406460549));
#14337=CARTESIAN_POINT('',(-0.167,-0.051506758901286,-0.219396406460549));
#14338=CARTESIAN_POINT('',(-0.167,-0.051506758901286,-0.25454));
#14339=CARTESIAN_POINT('',(-0.233,-0.051506758901286,-0.25454));
#14340=CARTESIAN_POINT('',(-0.133,-0.051506758901286,-0.25454));
#14341=CARTESIAN_POINT('',(-0.133,-0.051506758901286,-0.219396406460549));
#14342=CARTESIAN_POINT('',(-0.233,-0.051506758901286,-0.219396406460549));
#14343=CARTESIAN_POINT('',(-0.117,-0.051506758901286,-0.219396406460549));
#14344=CARTESIAN_POINT('',(-0.117,-0.051506758901286,-0.25454));
#14345=CARTESIAN_POINT('',(-0.233,-0.051506758901286,-0.25454));
#14346=CARTESIAN_POINT('',(-0.0830000000000001,-0.051506758901286,-0.25454));
#14347=CARTESIAN_POINT('',(-0.0830000000000001,-0.051506758901286,-0.219396406460549));
#14348=CARTESIAN_POINT('',(-0.233,-0.051506758901286,-0.219396406460549));
#14349=CARTESIAN_POINT('',(-0.0670000000000001,-0.051506758901286,-0.219396406460549));
#14350=CARTESIAN_POINT('',(-0.0670000000000001,-0.051506758901286,-0.25454));
#14351=CARTESIAN_POINT('',(-0.233,-0.051506758901286,-0.25454));
#14352=CARTESIAN_POINT('',(-0.0330000000000001,-0.051506758901286,-0.25454));
#14353=CARTESIAN_POINT('',(-0.0330000000000001,-0.051506758901286,-0.219396406460549));
#14354=CARTESIAN_POINT('',(-0.233,-0.051506758901286,-0.219396406460549));
#14355=CARTESIAN_POINT('',(-0.017,-0.051506758901286,-0.219396406460549));
#14356=CARTESIAN_POINT('',(-0.017,-0.051506758901286,-0.25454));
#14357=CARTESIAN_POINT('',(-0.233,-0.051506758901286,-0.25454));
#14358=CARTESIAN_POINT('',(0.0169999999999999,-0.051506758901286,-0.25454));
#14359=CARTESIAN_POINT('',(0.0169999999999999,-0.051506758901286,-0.219396406460549));
#14360=CARTESIAN_POINT('',(-0.233,-0.051506758901286,-0.219396406460549));
#14361=CARTESIAN_POINT('',(0.033,-0.051506758901286,-0.219396406460549));
#14362=CARTESIAN_POINT('',(0.033,-0.051506758901286,-0.25454));
#14363=CARTESIAN_POINT('',(-0.233,-0.051506758901286,-0.25454));
#14364=CARTESIAN_POINT('',(0.067,-0.051506758901286,-0.25454));
#14365=CARTESIAN_POINT('',(0.067,-0.051506758901286,-0.219396406460549));
#14366=CARTESIAN_POINT('',(-0.233,-0.051506758901286,-0.219396406460549));
#14367=CARTESIAN_POINT('',(0.083,-0.051506758901286,-0.219396406460549));
#14368=CARTESIAN_POINT('',(0.083,-0.051506758901286,-0.25454));
#14369=CARTESIAN_POINT('',(-0.233,-0.051506758901286,-0.25454));
#14370=CARTESIAN_POINT('',(0.117,-0.051506758901286,-0.25454));
#14371=CARTESIAN_POINT('',(0.117,-0.051506758901286,-0.219396406460549));
#14372=CARTESIAN_POINT('',(-0.233,-0.051506758901286,-0.219396406460549));
#14373=CARTESIAN_POINT('',(0.133,-0.051506758901286,-0.219396406460549));
#14374=CARTESIAN_POINT('',(0.133,-0.051506758901286,-0.25454));
#14375=CARTESIAN_POINT('',(-0.233,-0.051506758901286,-0.25454));
#14376=CARTESIAN_POINT('',(0.167,-0.051506758901286,-0.25454));
#14377=CARTESIAN_POINT('',(0.167,-0.051506758901286,-0.219396406460549));
#14378=CARTESIAN_POINT('',(-0.233,-0.051506758901286,-0.219396406460549));
#14379=CARTESIAN_POINT('',(0.183,-0.051506758901286,-0.219396406460549));
#14380=CARTESIAN_POINT('',(0.183,-0.051506758901286,-0.25454));
#14381=CARTESIAN_POINT('',(-0.233,-0.0355067589012891,-0.219396406460549));
#14382=CARTESIAN_POINT('',(-0.233,-0.0435067589012877,-0.205540000000001));
#14383=CARTESIAN_POINT('',(-0.233,-0.0435067589012877,-0.205540000000001));
#14384=CARTESIAN_POINT('',(-0.217,-0.0435067589012877,-0.205540000000001));
#14385=CARTESIAN_POINT('',(-0.217,-0.0355067589012891,-0.219396406460549));
#14386=CARTESIAN_POINT('',(-0.233,-0.0355067589012891,-0.219396406460549));
#14387=CARTESIAN_POINT('',(-0.233,-0.0355067589012891,-0.219396406460549));
#14388=CARTESIAN_POINT('',(-0.183,-0.0355067589012891,-0.219396406460549));
#14389=CARTESIAN_POINT('',(-0.183,-0.0435067589012877,-0.205540000000001));
#14390=CARTESIAN_POINT('',(-0.233,-0.0435067589012877,-0.205540000000001));
#14391=CARTESIAN_POINT('',(-0.167,-0.0435067589012877,-0.205540000000001));
#14392=CARTESIAN_POINT('',(-0.167,-0.0355067589012891,-0.219396406460549));
#14393=CARTESIAN_POINT('',(-0.233,-0.0355067589012891,-0.219396406460549));
#14394=CARTESIAN_POINT('',(-0.133,-0.0355067589012891,-0.219396406460549));
#14395=CARTESIAN_POINT('',(-0.133,-0.0435067589012877,-0.205540000000001));
#14396=CARTESIAN_POINT('',(-0.233,-0.0435067589012877,-0.205540000000001));
#14397=CARTESIAN_POINT('',(-0.117,-0.0435067589012877,-0.205540000000001));
#14398=CARTESIAN_POINT('',(-0.117,-0.0355067589012891,-0.219396406460549));
#14399=CARTESIAN_POINT('',(-0.233,-0.0355067589012891,-0.219396406460549));
#14400=CARTESIAN_POINT('',(-0.0830000000000001,-0.0355067589012891,-0.219396406460549));
#14401=CARTESIAN_POINT('',(-0.0830000000000001,-0.0435067589012877,-0.205540000000001));
#14402=CARTESIAN_POINT('',(-0.233,-0.0435067589012877,-0.205540000000001));
#14403=CARTESIAN_POINT('',(-0.0670000000000001,-0.0435067589012877,-0.205540000000001));
#14404=CARTESIAN_POINT('',(-0.0670000000000001,-0.0355067589012891,-0.219396406460549));
#14405=CARTESIAN_POINT('',(-0.233,-0.0355067589012891,-0.219396406460549));
#14406=CARTESIAN_POINT('',(-0.0330000000000001,-0.0355067589012891,-0.219396406460549));
#14407=CARTESIAN_POINT('',(-0.0330000000000001,-0.0435067589012877,-0.205540000000001));
#14408=CARTESIAN_POINT('',(-0.233,-0.0435067589012877,-0.205540000000001));
#14409=CARTESIAN_POINT('',(-0.017,-0.0435067589012877,-0.205540000000001));
#14410=CARTESIAN_POINT('',(-0.017,-0.0355067589012891,-0.219396406460549));
#14411=CARTESIAN_POINT('',(-0.233,-0.0355067589012891,-0.219396406460549));
#14412=CARTESIAN_POINT('',(0.0169999999999999,-0.0355067589012891,-0.219396406460549));
#14413=CARTESIAN_POINT('',(0.0169999999999999,-0.0435067589012877,-0.205540000000001));
#14414=CARTESIAN_POINT('',(-0.233,-0.0435067589012877,-0.205540000000001));
#14415=CARTESIAN_POINT('',(0.033,-0.0435067589012877,-0.205540000000001));
#14416=CARTESIAN_POINT('',(0.033,-0.0355067589012891,-0.219396406460549));
#14417=CARTESIAN_POINT('',(-0.233,-0.0355067589012891,-0.219396406460549));
#14418=CARTESIAN_POINT('',(0.067,-0.0355067589012891,-0.219396406460549));
#14419=CARTESIAN_POINT('',(0.067,-0.0435067589012877,-0.205540000000001));
#14420=CARTESIAN_POINT('',(-0.233,-0.0435067589012877,-0.205540000000001));
#14421=CARTESIAN_POINT('',(0.083,-0.0435067589012877,-0.205540000000001));
#14422=CARTESIAN_POINT('',(0.083,-0.0355067589012891,-0.219396406460549));
#14423=CARTESIAN_POINT('',(-0.233,-0.0355067589012891,-0.219396406460549));
#14424=CARTESIAN_POINT('',(0.117,-0.0355067589012891,-0.219396406460549));
#14425=CARTESIAN_POINT('',(0.117,-0.0435067589012877,-0.205540000000001));
#14426=CARTESIAN_POINT('',(-0.233,-0.0435067589012877,-0.205540000000001));
#14427=CARTESIAN_POINT('',(0.133,-0.0435067589012877,-0.205540000000001));
#14428=CARTESIAN_POINT('',(0.133,-0.0355067589012891,-0.219396406460549));
#14429=CARTESIAN_POINT('',(-0.233,-0.0355067589012891,-0.219396406460549));
#14430=CARTESIAN_POINT('',(0.167,-0.0355067589012891,-0.219396406460549));
#14431=CARTESIAN_POINT('',(0.167,-0.0435067589012877,-0.205540000000001));
#14432=CARTESIAN_POINT('',(-0.233,-0.0435067589012877,-0.205540000000001));
#14433=CARTESIAN_POINT('',(0.183,-0.0435067589012877,-0.205540000000001));
#14434=CARTESIAN_POINT('',(0.183,-0.0355067589012891,-0.219396406460549));
#14435=CARTESIAN_POINT('',(-0.233,-0.0435067589012877,-0.205540000000001));
#14436=CARTESIAN_POINT('',(-0.217,-0.0435067589012877,-0.205540000000001));
#14437=CARTESIAN_POINT('',(-0.217,0.0170000000000035,-0.170606406460548));
#14438=CARTESIAN_POINT('',(-0.233,-0.0435067589012877,-0.205540000000001));
#14439=CARTESIAN_POINT('',(-0.233,0.0170000000000035,-0.170606406460548));
#14440=CARTESIAN_POINT('',(-0.233,0.0170000000000035,-0.170606406460548));
#14441=CARTESIAN_POINT('',(-0.233,-0.0435067589012877,-0.205540000000001));
#14442=CARTESIAN_POINT('',(-0.183,-0.0435067589012877,-0.205540000000001));
#14443=CARTESIAN_POINT('',(-0.183,0.0170000000000035,-0.170606406460548));
#14444=CARTESIAN_POINT('',(-0.233,0.0170000000000035,-0.170606406460548));
#14445=CARTESIAN_POINT('',(-0.167,0.0170000000000035,-0.170606406460548));
#14446=CARTESIAN_POINT('',(-0.167,-0.0435067589012877,-0.205540000000001));
#14447=CARTESIAN_POINT('',(-0.233,-0.0435067589012877,-0.205540000000001));
#14448=CARTESIAN_POINT('',(-0.133,-0.0435067589012877,-0.205540000000001));
#14449=CARTESIAN_POINT('',(-0.133,0.0170000000000035,-0.170606406460548));
#14450=CARTESIAN_POINT('',(-0.233,0.0170000000000035,-0.170606406460548));
#14451=CARTESIAN_POINT('',(-0.117,0.0170000000000035,-0.170606406460548));
#14452=CARTESIAN_POINT('',(-0.117,-0.0435067589012877,-0.205540000000001));
#14453=CARTESIAN_POINT('',(-0.233,-0.0435067589012877,-0.205540000000001));
#14454=CARTESIAN_POINT('',(-0.0830000000000001,-0.0435067589012877,-0.205540000000001));
#14455=CARTESIAN_POINT('',(-0.0830000000000001,0.0170000000000035,-0.170606406460548));
#14456=CARTESIAN_POINT('',(-0.233,0.0170000000000035,-0.170606406460548));
#14457=CARTESIAN_POINT('',(-0.0670000000000001,0.0170000000000035,-0.170606406460548));
#14458=CARTESIAN_POINT('',(-0.0670000000000001,-0.0435067589012877,-0.205540000000001));
#14459=CARTESIAN_POINT('',(-0.233,-0.0435067589012877,-0.205540000000001));
#14460=CARTESIAN_POINT('',(-0.0330000000000001,-0.0435067589012877,-0.205540000000001));
#14461=CARTESIAN_POINT('',(-0.0330000000000001,0.0170000000000035,-0.170606406460548));
#14462=CARTESIAN_POINT('',(-0.233,0.0170000000000035,-0.170606406460548));
#14463=CARTESIAN_POINT('',(-0.017,0.0170000000000035,-0.170606406460548));
#14464=CARTESIAN_POINT('',(-0.017,-0.0435067589012877,-0.205540000000001));
#14465=CARTESIAN_POINT('',(-0.233,-0.0435067589012877,-0.205540000000001));
#14466=CARTESIAN_POINT('',(0.0169999999999999,-0.0435067589012877,-0.205540000000001));
#14467=CARTESIAN_POINT('',(0.0169999999999999,0.0170000000000035,-0.170606406460548));
#14468=CARTESIAN_POINT('',(-0.233,0.0170000000000035,-0.170606406460548));
#14469=CARTESIAN_POINT('',(0.033,0.0170000000000035,-0.170606406460548));
#14470=CARTESIAN_POINT('',(0.033,-0.0435067589012877,-0.205540000000001));
#14471=CARTESIAN_POINT('',(-0.233,-0.0435067589012877,-0.205540000000001));
#14472=CARTESIAN_POINT('',(0.067,-0.0435067589012877,-0.205540000000001));
#14473=CARTESIAN_POINT('',(0.067,0.0170000000000035,-0.170606406460548));
#14474=CARTESIAN_POINT('',(-0.233,0.0170000000000035,-0.170606406460548));
#14475=CARTESIAN_POINT('',(0.083,0.0170000000000035,-0.170606406460548));
#14476=CARTESIAN_POINT('',(0.083,-0.0435067589012877,-0.205540000000001));
#14477=CARTESIAN_POINT('',(-0.233,-0.0435067589012877,-0.205540000000001));
#14478=CARTESIAN_POINT('',(0.117,-0.0435067589012877,-0.205540000000001));
#14479=CARTESIAN_POINT('',(0.117,0.0170000000000035,-0.170606406460548));
#14480=CARTESIAN_POINT('',(-0.233,0.0170000000000035,-0.170606406460548));
#14481=CARTESIAN_POINT('',(0.133,0.0170000000000035,-0.170606406460548));
#14482=CARTESIAN_POINT('',(0.133,-0.0435067589012877,-0.205540000000001));
#14483=CARTESIAN_POINT('',(-0.233,-0.0435067589012877,-0.205540000000001));
#14484=CARTESIAN_POINT('',(0.167,-0.0435067589012877,-0.205540000000001));
#14485=CARTESIAN_POINT('',(0.167,0.0170000000000035,-0.170606406460548));
#14486=CARTESIAN_POINT('',(-0.233,0.0170000000000035,-0.170606406460548));
#14487=CARTESIAN_POINT('',(0.183,0.0170000000000035,-0.170606406460548));
#14488=CARTESIAN_POINT('',(0.183,-0.0435067589012877,-0.205540000000001));
#14489=CARTESIAN_POINT('',(-0.233,0.00100000000000642,-0.142893593539452));
#14490=CARTESIAN_POINT('',(-0.217,0.00100000000000642,-0.142893593539452));
#14491=CARTESIAN_POINT('',(-0.217,0.033,-0.142893593539452));
#14492=CARTESIAN_POINT('',(-0.233,0.00100000000000642,-0.142893593539452));
#14493=CARTESIAN_POINT('',(-0.233,0.033,-0.142893593539452));
#14494=CARTESIAN_POINT('',(-0.233,0.033,-0.142893593539452));
#14495=CARTESIAN_POINT('',(-0.233,0.00100000000000642,-0.142893593539452));
#14496=CARTESIAN_POINT('',(-0.183,0.00100000000000642,-0.142893593539452));
#14497=CARTESIAN_POINT('',(-0.183,0.033,-0.142893593539452));
#14498=CARTESIAN_POINT('',(-0.233,0.033,-0.142893593539452));
#14499=CARTESIAN_POINT('',(-0.167,0.033,-0.142893593539452));
#14500=CARTESIAN_POINT('',(-0.167,0.00100000000000642,-0.142893593539452));
#14501=CARTESIAN_POINT('',(-0.233,0.00100000000000642,-0.142893593539452));
#14502=CARTESIAN_POINT('',(-0.133,0.00100000000000642,-0.142893593539452));
#14503=CARTESIAN_POINT('',(-0.133,0.033,-0.142893593539452));
#14504=CARTESIAN_POINT('',(-0.233,0.033,-0.142893593539452));
#14505=CARTESIAN_POINT('',(-0.117,0.033,-0.142893593539452));
#14506=CARTESIAN_POINT('',(-0.117,0.00100000000000642,-0.142893593539452));
#14507=CARTESIAN_POINT('',(-0.233,0.00100000000000642,-0.142893593539452));
#14508=CARTESIAN_POINT('',(-0.0830000000000001,0.00100000000000642,-0.142893593539452));
#14509=CARTESIAN_POINT('',(-0.0830000000000001,0.033,-0.142893593539452));
#14510=CARTESIAN_POINT('',(-0.233,0.033,-0.142893593539452));
#14511=CARTESIAN_POINT('',(-0.0670000000000001,0.033,-0.142893593539452));
#14512=CARTESIAN_POINT('',(-0.0670000000000001,0.00100000000000642,-0.142893593539452));
#14513=CARTESIAN_POINT('',(-0.233,0.00100000000000642,-0.142893593539452));
#14514=CARTESIAN_POINT('',(-0.0330000000000001,0.00100000000000642,-0.142893593539452));
#14515=CARTESIAN_POINT('',(-0.0330000000000001,0.033,-0.142893593539452));
#14516=CARTESIAN_POINT('',(-0.233,0.033,-0.142893593539452));
#14517=CARTESIAN_POINT('',(-0.017,0.033,-0.142893593539452));
#14518=CARTESIAN_POINT('',(-0.017,0.00100000000000642,-0.142893593539452));
#14519=CARTESIAN_POINT('',(-0.233,0.00100000000000642,-0.142893593539452));
#14520=CARTESIAN_POINT('',(0.0169999999999999,0.00100000000000642,-0.142893593539452));
#14521=CARTESIAN_POINT('',(0.0169999999999999,0.033,-0.142893593539452));
#14522=CARTESIAN_POINT('',(-0.233,0.033,-0.142893593539452));
#14523=CARTESIAN_POINT('',(0.033,0.033,-0.142893593539452));
#14524=CARTESIAN_POINT('',(0.033,0.00100000000000642,-0.142893593539452));
#14525=CARTESIAN_POINT('',(-0.233,0.00100000000000642,-0.142893593539452));
#14526=CARTESIAN_POINT('',(0.067,0.00100000000000642,-0.142893593539452));
#14527=CARTESIAN_POINT('',(0.067,0.033,-0.142893593539452));
#14528=CARTESIAN_POINT('',(-0.233,0.033,-0.142893593539452));
#14529=CARTESIAN_POINT('',(0.083,0.033,-0.142893593539452));
#14530=CARTESIAN_POINT('',(0.083,0.00100000000000642,-0.142893593539452));
#14531=CARTESIAN_POINT('',(-0.233,0.00100000000000642,-0.142893593539452));
#14532=CARTESIAN_POINT('',(0.117,0.00100000000000642,-0.142893593539452));
#14533=CARTESIAN_POINT('',(0.117,0.033,-0.142893593539452));
#14534=CARTESIAN_POINT('',(-0.233,0.033,-0.142893593539452));
#14535=CARTESIAN_POINT('',(0.133,0.033,-0.142893593539452));
#14536=CARTESIAN_POINT('',(0.133,0.00100000000000642,-0.142893593539452));
#14537=CARTESIAN_POINT('',(-0.233,0.00100000000000642,-0.142893593539452));
#14538=CARTESIAN_POINT('',(0.167,0.00100000000000642,-0.142893593539452));
#14539=CARTESIAN_POINT('',(0.167,0.033,-0.142893593539452));
#14540=CARTESIAN_POINT('',(-0.233,0.033,-0.142893593539452));
#14541=CARTESIAN_POINT('',(0.183,0.033,-0.142893593539452));
#14542=CARTESIAN_POINT('',(0.183,0.00100000000000642,-0.142893593539452));
#14543=CARTESIAN_POINT('',(-0.233,0.033,0.1865));
#14544=CARTESIAN_POINT('',(-0.218573770491803,0.0311259778147616,0.189745901639344));
#14545=CARTESIAN_POINT('',(-0.2176,0.033,0.1865));
#14546=CARTESIAN_POINT('',(-0.22,0.028381197846483,0.1945));
#14547=CARTESIAN_POINT('',(-0.233,0.033,0.1865));
#14548=CARTESIAN_POINT('',(-0.2324,0.033,0.1865));
#14549=CARTESIAN_POINT('',(-0.23243793911007,0.0330730138513729,0.186373536299766));
#14550=CARTESIAN_POINT('',(-0.23,0.028381197846483,0.1945));
#14551=CARTESIAN_POINT('',(-0.233,0.028381197846483,0.1945));
#14552=CARTESIAN_POINT('',(-0.233,0.028381197846483,0.1945));
#14553=CARTESIAN_POINT('',(-0.22,0.5,0.1945));
#14554=CARTESIAN_POINT('',(-0.22,0.021618802153517,0.1945));
#14555=CARTESIAN_POINT('',(-0.23,0.5,0.1945));
#14556=CARTESIAN_POINT('',(-0.23,0.0216188021535172,0.1945));
#14557=CARTESIAN_POINT('',(-0.233,0.021618802153517,0.1945));
#14558=CARTESIAN_POINT('',(-0.233,0.021618802153517,0.1945));
#14559=CARTESIAN_POINT('',(-0.220822014051522,0.0232007689332637,0.197240046838407));
#14560=CARTESIAN_POINT('',(-0.2176,0.017,0.1865));
#14561=CARTESIAN_POINT('',(-0.230189695550351,0.0212537328966524,0.193867681498829));
#14562=CARTESIAN_POINT('',(-0.2324,0.017,0.1865));
#14563=CARTESIAN_POINT('',(-0.233,0.017,0.1865));
#14564=CARTESIAN_POINT('',(-0.233,0.017,0.1865));
#14565=CARTESIAN_POINT('',(0.19397247706422,0.017,0.314591743119266));
#14566=CARTESIAN_POINT('',(0.233,0.017,0.1845));
#14567=CARTESIAN_POINT('',(0.180394495412844,0.017,0.0624816513761464));
#14568=CARTESIAN_POINT('',(0.217,0.017,0.1845));
#14569=CARTESIAN_POINT('',(0.217,0.017,0.1865));
#14570=CARTESIAN_POINT('',(0.217,0.017,0.0061970306407116));
#14571=CARTESIAN_POINT('',(-0.233,0.017,0.00619703064071142));
#14572=CARTESIAN_POINT('',(0.183,0.017,0.00619703064071159));
#14573=CARTESIAN_POINT('',(0.183,0.017,0.1865));
#14574=CARTESIAN_POINT('',(0.183,0.017,0.1845));
#14575=CARTESIAN_POINT('',(0.148100917431193,0.017,0.300830275229358));
#14576=CARTESIAN_POINT('',(0.134522935779817,0.017,0.0762431192660558));
#14577=CARTESIAN_POINT('',(0.167,0.017,0.1845));
#14578=CARTESIAN_POINT('',(0.167,0.017,0.1865));
#14579=CARTESIAN_POINT('',(0.167,0.017,0.0061970306407116));
#14580=CARTESIAN_POINT('',(-0.233,0.017,0.00619703064071145));
#14581=CARTESIAN_POINT('',(0.133,0.017,0.00619703064071159));
#14582=CARTESIAN_POINT('',(0.133,0.017,0.1865));
#14583=CARTESIAN_POINT('',(0.133,0.017,0.1845));
#14584=CARTESIAN_POINT('',(0.102229357798165,0.017,0.28706880733945));
#14585=CARTESIAN_POINT('',(0.0886513761467889,0.017,0.090004587155963));
#14586=CARTESIAN_POINT('',(0.117,0.017,0.1845));
#14587=CARTESIAN_POINT('',(0.117,0.017,0.1865));
#14588=CARTESIAN_POINT('',(0.117,0.017,0.0061970306407116));
#14589=CARTESIAN_POINT('',(-0.233,0.017,0.00619703064071149));
#14590=CARTESIAN_POINT('',(0.083,0.017,0.00619703064071159));
#14591=CARTESIAN_POINT('',(0.083,0.017,0.1865));
#14592=CARTESIAN_POINT('',(0.083,0.017,0.1845));
#14593=CARTESIAN_POINT('',(0.0563577981651374,0.017,0.273307339449542));
#14594=CARTESIAN_POINT('',(0.0427798165137614,0.017,0.103766055045872));
#14595=CARTESIAN_POINT('',(0.067,0.017,0.1845));
#14596=CARTESIAN_POINT('',(0.067,0.017,0.1865));
#14597=CARTESIAN_POINT('',(0.067,0.017,0.0061970306407116));
#14598=CARTESIAN_POINT('',(-0.233,0.017,0.00619703064071149));
#14599=CARTESIAN_POINT('',(0.033,0.017,0.00619703064071159));
#14600=CARTESIAN_POINT('',(0.033,0.017,0.1865));
#14601=CARTESIAN_POINT('',(0.033,0.017,0.1845));
#14602=CARTESIAN_POINT('',(0.0104862385321099,0.017,0.259545871559633));
#14603=CARTESIAN_POINT('',(-0.00309174311926612,0.017,0.11752752293578));
#14604=CARTESIAN_POINT('',(0.017,0.017,0.1845));
#14605=CARTESIAN_POINT('',(0.0169999999999999,0.017,0.1865));
#14606=CARTESIAN_POINT('',(0.017,0.017,0.0061970306407116));
#14607=CARTESIAN_POINT('',(-0.233,0.017,0.00619703064071152));
#14608=CARTESIAN_POINT('',(-0.017,0.017,0.00619703064071159));
#14609=CARTESIAN_POINT('',(-0.017,0.017,0.1865));
#14610=CARTESIAN_POINT('',(-0.017,0.017,0.1845));
#14611=CARTESIAN_POINT('',(-0.0353853211009175,0.017,0.245784403669725));
#14612=CARTESIAN_POINT('',(-0.0489633027522936,0.017,0.131288990825688));
#14613=CARTESIAN_POINT('',(-0.0330000000000001,0.017,0.1845));
#14614=CARTESIAN_POINT('',(-0.0330000000000001,0.017,0.1865));
#14615=CARTESIAN_POINT('',(-0.0330000000000001,0.017,0.0061970306407116));
#14616=CARTESIAN_POINT('',(-0.233,0.017,0.00619703064071152));
#14617=CARTESIAN_POINT('',(-0.0670000000000001,0.017,0.00619703064071159));
#14618=CARTESIAN_POINT('',(-0.0670000000000001,0.017,0.1865));
#14619=CARTESIAN_POINT('',(-0.0670000000000001,0.017,0.1845));
#14620=CARTESIAN_POINT('',(-0.0812568807339451,0.017,0.232022935779817));
#14621=CARTESIAN_POINT('',(-0.0948348623853212,0.017,0.145050458715596));
#14622=CARTESIAN_POINT('',(-0.0830000000000001,0.017,0.1845));
#14623=CARTESIAN_POINT('',(-0.0830000000000001,0.017,0.1865));
#14624=CARTESIAN_POINT('',(-0.0830000000000001,0.017,0.0061970306407116));
#14625=CARTESIAN_POINT('',(-0.233,0.017,0.00619703064071155));
#14626=CARTESIAN_POINT('',(-0.117,0.017,0.00619703064071159));
#14627=CARTESIAN_POINT('',(-0.117,0.017,0.1865));
#14628=CARTESIAN_POINT('',(-0.117,0.017,0.1845));
#14629=CARTESIAN_POINT('',(-0.127128440366972,0.017,0.218261467889908));
#14630=CARTESIAN_POINT('',(-0.140706422018349,0.017,0.158811926605505));
#14631=CARTESIAN_POINT('',(-0.133,0.017,0.1845));
#14632=CARTESIAN_POINT('',(-0.133,0.017,0.1865));
#14633=CARTESIAN_POINT('',(-0.133,0.017,0.0061970306407116));
#14634=CARTESIAN_POINT('',(-0.233,0.017,0.00619703064071155));
#14635=CARTESIAN_POINT('',(-0.167,0.017,0.00619703064071159));
#14636=CARTESIAN_POINT('',(-0.167,0.017,0.1865));
#14637=CARTESIAN_POINT('',(-0.167,0.017,0.1845));
#14638=CARTESIAN_POINT('',(-0.173,0.017,0.2045));
#14639=CARTESIAN_POINT('',(-0.186577981651376,0.017,0.172573394495413));
#14640=CARTESIAN_POINT('',(-0.183,0.017,0.1845));
#14641=CARTESIAN_POINT('',(-0.183,0.017,0.1865));
#14642=CARTESIAN_POINT('',(-0.183,0.017,0.0061970306407116));
#14643=CARTESIAN_POINT('',(-0.233,0.017,0.00619703064071159));
#14644=CARTESIAN_POINT('',(-0.217,0.017,0.00619703064071159));
#14645=CARTESIAN_POINT('',(-0.217,0.017,0.1865));
#14646=CARTESIAN_POINT('',(-0.217,0.017,0.1845));
#14647=CARTESIAN_POINT('',(-0.218871559633028,0.017,0.190738532110092));
#14648=CARTESIAN_POINT('',(-0.232449541284404,0.017,0.186334862385321));
#14649=CARTESIAN_POINT('',(-0.233,0.017,0.1845));
#14650=CARTESIAN_POINT('',(-0.233,0.017,0.1865));
#14651=CARTESIAN_POINT('',(-0.233,0.017,0.00249021932304928));
#14652=CARTESIAN_POINT('',(-0.233,0.017,0.00249021932304928));
#14653=CARTESIAN_POINT('',(0.233,0.017,0.00249021932304928));
#14654=CARTESIAN_POINT('',(0.233,0.017,0.1865));
#14655=CARTESIAN_POINT('',(-0.233,0.017,0.0024902193230493));
#14656=CARTESIAN_POINT('',(0.233,0.017,0.0024902193230493));
#14657=CARTESIAN_POINT('',(0.233,-0.017,0.0024902193230493));
#14658=CARTESIAN_POINT('',(-0.233,0.017,0.0024902193230493));
#14659=CARTESIAN_POINT('',(-0.233,-0.017,0.0024902193230493));
#14660=CARTESIAN_POINT('',(-0.233,-0.017,0.0024902193230493));
#14661=CARTESIAN_POINT('',(-0.233,-0.017,0.0024902193230493));
#14662=CARTESIAN_POINT('',(0.244617370828518,-0.017,0.145775430571605));
#14663=CARTESIAN_POINT('',(0.233,-0.017,0.1845));
#14664=CARTESIAN_POINT('',(0.233,-0.017,0.0024902193230493));
#14665=CARTESIAN_POINT('',(-0.233,-0.017,0.0024902193230493));
#14666=CARTESIAN_POINT('',(-0.233,-0.017,0.1845));
#14667=CARTESIAN_POINT('',(-0.283094435048703,-0.017,0.0175185498376603));
#14668=CARTESIAN_POINT('',(-0.2324,-0.017,0.1865));
#14669=CARTESIAN_POINT('',(-0.233,-0.017,0.1865));
#14670=CARTESIAN_POINT('',(-0.2176,-0.017,0.1865));
#14671=CARTESIAN_POINT('',(-0.168226665868729,-0.017,0.0219222195624306));
#14672=CARTESIAN_POINT('',(-0.217,-0.017,0.1845));
#14673=CARTESIAN_POINT('',(-0.217,-0.017,0.0024902193230493));
#14674=CARTESIAN_POINT('',(-0.217,-0.017,0.00619703064071159));
#14675=CARTESIAN_POINT('',(-0.233,-0.017,0.00619703064071158));
#14676=CARTESIAN_POINT('',(-0.183,-0.017,0.0061970306407116));
#14677=CARTESIAN_POINT('',(-0.183,-0.017,0.0024902193230493));
#14678=CARTESIAN_POINT('',(-0.183,-0.017,0.1845));
#14679=CARTESIAN_POINT('',(-0.237222875415675,-0.017,0.00375708194775174));
#14680=CARTESIAN_POINT('',(-0.122355106235702,-0.017,0.0356836874523389));
#14681=CARTESIAN_POINT('',(-0.167,-0.017,0.1845));
#14682=CARTESIAN_POINT('',(-0.167,-0.017,0.0024902193230493));
#14683=CARTESIAN_POINT('',(-0.167,-0.017,0.00619703064071159));
#14684=CARTESIAN_POINT('',(-0.233,-0.017,0.00619703064071156));
#14685=CARTESIAN_POINT('',(-0.133,-0.017,0.0061970306407116));
#14686=CARTESIAN_POINT('',(-0.133,-0.017,0.0024902193230493));
#14687=CARTESIAN_POINT('',(-0.133,-0.017,0.1845));
#14688=CARTESIAN_POINT('',(-0.191351315782647,-0.017,-0.0100043859421566));
#14689=CARTESIAN_POINT('',(-0.0764835466026742,-0.017,0.0494451553422469));
#14690=CARTESIAN_POINT('',(-0.117,-0.017,0.1845));
#14691=CARTESIAN_POINT('',(-0.117,-0.017,0.0024902193230493));
#14692=CARTESIAN_POINT('',(-0.117,-0.017,0.00619703064071159));
#14693=CARTESIAN_POINT('',(-0.233,-0.017,0.00619703064071154));
#14694=CARTESIAN_POINT('',(-0.0830000000000001,-0.017,0.0061970306407116));
#14695=CARTESIAN_POINT('',(-0.0830000000000001,-0.017,0.0024902193230493));
#14696=CARTESIAN_POINT('',(-0.0830000000000001,-0.017,0.1845));
#14697=CARTESIAN_POINT('',(-0.14547975614962,-0.017,-0.0237658538320649));
#14698=CARTESIAN_POINT('',(-0.0306119869696466,-0.017,0.0632066232321555));
#14699=CARTESIAN_POINT('',(-0.0670000000000001,-0.017,0.1845));
#14700=CARTESIAN_POINT('',(-0.0670000000000001,-0.017,0.0024902193230493));
#14701=CARTESIAN_POINT('',(-0.0670000000000001,-0.017,0.00619703064071159));
#14702=CARTESIAN_POINT('',(-0.233,-0.017,0.00619703064071152));
#14703=CARTESIAN_POINT('',(-0.0330000000000001,-0.017,0.0061970306407116));
#14704=CARTESIAN_POINT('',(-0.0330000000000001,-0.017,0.0024902193230493));
#14705=CARTESIAN_POINT('',(-0.0330000000000001,-0.017,0.1845));
#14706=CARTESIAN_POINT('',(-0.099608196516592,-0.017,-0.0375273217219731));
#14707=CARTESIAN_POINT('',(0.0152595726633809,-0.017,0.0769680911220637));
#14708=CARTESIAN_POINT('',(-0.017,-0.017,0.1845));
#14709=CARTESIAN_POINT('',(-0.017,-0.017,0.0024902193230493));
#14710=CARTESIAN_POINT('',(-0.017,-0.017,0.00619703064071159));
#14711=CARTESIAN_POINT('',(-0.233,-0.017,0.00619703064071151));
#14712=CARTESIAN_POINT('',(0.017,-0.017,0.0061970306407116));
#14713=CARTESIAN_POINT('',(0.0169999999999999,-0.017,0.0024902193230493));
#14714=CARTESIAN_POINT('',(0.017,-0.017,0.1845));
#14715=CARTESIAN_POINT('',(-0.0537366368835645,-0.017,-0.0512887896118814));
#14716=CARTESIAN_POINT('',(0.0611311322964084,-0.017,0.090729559011972));
#14717=CARTESIAN_POINT('',(0.033,-0.017,0.1845));
#14718=CARTESIAN_POINT('',(0.033,-0.017,0.0024902193230493));
#14719=CARTESIAN_POINT('',(0.033,-0.017,0.00619703064071159));
#14720=CARTESIAN_POINT('',(-0.233,-0.017,0.00619703064071149));
#14721=CARTESIAN_POINT('',(0.067,-0.017,0.0061970306407116));
#14722=CARTESIAN_POINT('',(0.067,-0.017,0.0024902193230493));
#14723=CARTESIAN_POINT('',(0.067,-0.017,0.1845));
#14724=CARTESIAN_POINT('',(-0.00786507725053699,-0.017,-0.0650502575017897));
#14725=CARTESIAN_POINT('',(0.107002691929436,-0.017,0.10449102690188));
#14726=CARTESIAN_POINT('',(0.083,-0.017,0.1845));
#14727=CARTESIAN_POINT('',(0.083,-0.017,0.0024902193230493));
#14728=CARTESIAN_POINT('',(0.083,-0.017,0.00619703064071159));
#14729=CARTESIAN_POINT('',(-0.233,-0.017,0.00619703064071147));
#14730=CARTESIAN_POINT('',(0.117,-0.017,0.0061970306407116));
#14731=CARTESIAN_POINT('',(0.117,-0.017,0.0024902193230493));
#14732=CARTESIAN_POINT('',(0.117,-0.017,0.1845));
#14733=CARTESIAN_POINT('',(0.0380064823824903,-0.017,-0.0788117253916981));
#14734=CARTESIAN_POINT('',(0.152874251562463,-0.017,0.118252494791789));
#14735=CARTESIAN_POINT('',(0.133,-0.017,0.1845));
#14736=CARTESIAN_POINT('',(0.133,-0.017,0.0024902193230493));
#14737=CARTESIAN_POINT('',(0.133,-0.017,0.00619703064071159));
#14738=CARTESIAN_POINT('',(-0.233,-0.017,0.00619703064071145));
#14739=CARTESIAN_POINT('',(0.167,-0.017,0.0061970306407116));
#14740=CARTESIAN_POINT('',(0.167,-0.017,0.0024902193230493));
#14741=CARTESIAN_POINT('',(0.167,-0.017,0.1845));
#14742=CARTESIAN_POINT('',(0.0838780420155189,-0.017,-0.0925731932816056));
#14743=CARTESIAN_POINT('',(0.198745811195491,-0.017,0.132013962681697));
#14744=CARTESIAN_POINT('',(0.183,-0.017,0.1845));
#14745=CARTESIAN_POINT('',(0.183,-0.017,0.0024902193230493));
#14746=CARTESIAN_POINT('',(0.183,-0.017,0.00619703064071159));
#14747=CARTESIAN_POINT('',(-0.233,-0.017,0.00619703064071143));
#14748=CARTESIAN_POINT('',(0.217,-0.017,0.0061970306407116));
#14749=CARTESIAN_POINT('',(0.217,-0.017,0.0024902193230493));
#14750=CARTESIAN_POINT('',(0.217,-0.017,0.1845));
#14751=CARTESIAN_POINT('',(0.129749601648545,-0.017,-0.106334661171515));
#14752=CARTESIAN_POINT('',(-0.233,-0.017,0.1865));
#14753=CARTESIAN_POINT('',(-0.218573770491803,-0.0188740221852385,0.189745901639344));
#14754=CARTESIAN_POINT('',(-0.22,-0.021618802153517,0.1945));
#14755=CARTESIAN_POINT('',(-0.23243793911007,-0.0169269861486271,0.186373536299766));
#14756=CARTESIAN_POINT('',(-0.23,-0.021618802153517,0.1945));
#14757=CARTESIAN_POINT('',(-0.233,-0.021618802153517,0.1945));
#14758=CARTESIAN_POINT('',(-0.233,-0.021618802153517,0.1945));
#14759=CARTESIAN_POINT('',(-0.22,0.5,0.1945));
#14760=CARTESIAN_POINT('',(-0.22,-0.028381197846483,0.1945));
#14761=CARTESIAN_POINT('',(-0.23,0.5,0.1945));
#14762=CARTESIAN_POINT('',(-0.23,-0.0283811978464828,0.1945));
#14763=CARTESIAN_POINT('',(-0.233,-0.028381197846483,0.1945));
#14764=CARTESIAN_POINT('',(-0.233,-0.028381197846483,0.1945));
#14765=CARTESIAN_POINT('',(-0.220822014051522,-0.0267992310667363,0.197240046838407));
#14766=CARTESIAN_POINT('',(-0.2176,-0.033,0.1865));
#14767=CARTESIAN_POINT('',(-0.230189695550351,-0.0287462671033476,0.193867681498829));
#14768=CARTESIAN_POINT('',(-0.2324,-0.033,0.1865));
#14769=CARTESIAN_POINT('',(-0.233,-0.033,0.1865));
#14770=CARTESIAN_POINT('',(-0.233,-0.033,0.1865));
#14771=CARTESIAN_POINT('',(-0.217,-0.033,0.1865));
#14772=CARTESIAN_POINT('',(-0.217,-0.033,-0.0061970306407116));
#14773=CARTESIAN_POINT('',(-0.233,-0.033,-0.00619703064071162));
#14774=CARTESIAN_POINT('',(-0.183,-0.033,-0.00619703064071159));
#14775=CARTESIAN_POINT('',(-0.183,-0.033,0.1865));
#14776=CARTESIAN_POINT('',(-0.167,-0.033,0.1865));
#14777=CARTESIAN_POINT('',(-0.167,-0.033,-0.0061970306407116));
#14778=CARTESIAN_POINT('',(-0.233,-0.033,-0.00619703064071162));
#14779=CARTESIAN_POINT('',(-0.133,-0.033,-0.00619703064071159));
#14780=CARTESIAN_POINT('',(-0.133,-0.033,0.1865));
#14781=CARTESIAN_POINT('',(-0.117,-0.033,0.1865));
#14782=CARTESIAN_POINT('',(-0.117,-0.033,-0.0061970306407116));
#14783=CARTESIAN_POINT('',(-0.233,-0.033,-0.00619703064071166));
#14784=CARTESIAN_POINT('',(-0.0830000000000001,-0.033,-0.00619703064071159));
#14785=CARTESIAN_POINT('',(-0.0830000000000001,-0.033,0.1865));
#14786=CARTESIAN_POINT('',(-0.0670000000000001,-0.033,0.1865));
#14787=CARTESIAN_POINT('',(-0.0670000000000001,-0.033,-0.0061970306407116));
#14788=CARTESIAN_POINT('',(-0.233,-0.033,-0.00619703064071166));
#14789=CARTESIAN_POINT('',(-0.0330000000000001,-0.033,-0.00619703064071159));
#14790=CARTESIAN_POINT('',(-0.0330000000000001,-0.033,0.1865));
#14791=CARTESIAN_POINT('',(-0.017,-0.033,0.1865));
#14792=CARTESIAN_POINT('',(-0.017,-0.033,-0.0061970306407116));
#14793=CARTESIAN_POINT('',(-0.233,-0.033,-0.00619703064071169));
#14794=CARTESIAN_POINT('',(0.017,-0.033,-0.00619703064071159));
#14795=CARTESIAN_POINT('',(0.0169999999999999,-0.033,0.1865));
#14796=CARTESIAN_POINT('',(0.033,-0.033,0.1865));
#14797=CARTESIAN_POINT('',(0.033,-0.033,-0.0061970306407116));
#14798=CARTESIAN_POINT('',(-0.233,-0.033,-0.00619703064071169));
#14799=CARTESIAN_POINT('',(0.067,-0.033,-0.00619703064071159));
#14800=CARTESIAN_POINT('',(0.067,-0.033,0.1865));
#14801=CARTESIAN_POINT('',(0.083,-0.033,0.1865));
#14802=CARTESIAN_POINT('',(0.083,-0.033,-0.0061970306407116));
#14803=CARTESIAN_POINT('',(-0.233,-0.033,-0.00619703064071173));
#14804=CARTESIAN_POINT('',(0.117,-0.033,-0.00619703064071159));
#14805=CARTESIAN_POINT('',(0.117,-0.033,0.1865));
#14806=CARTESIAN_POINT('',(0.133,-0.033,0.1865));
#14807=CARTESIAN_POINT('',(0.133,-0.033,-0.0061970306407116));
#14808=CARTESIAN_POINT('',(-0.233,-0.033,-0.00619703064071173));
#14809=CARTESIAN_POINT('',(0.167,-0.033,-0.00619703064071159));
#14810=CARTESIAN_POINT('',(0.167,-0.033,0.1865));
#14811=CARTESIAN_POINT('',(0.183,-0.033,0.1865));
#14812=CARTESIAN_POINT('',(0.183,-0.033,-0.0061970306407116));
#14813=CARTESIAN_POINT('',(-0.233,-0.033,-0.00619703064071176));
#14814=CARTESIAN_POINT('',(0.217,-0.033,-0.00619703064071159));
#14815=CARTESIAN_POINT('',(0.217,-0.033,0.1865));
#14816=CARTESIAN_POINT('',(0.217,-0.033,-0.0521588745030476));
#14817=CARTESIAN_POINT('',(-0.233,-0.033,-0.0521588745030476));
#14818=CARTESIAN_POINT('',(0.233,-0.033,-0.0521588745030476));
#14819=CARTESIAN_POINT('',(0.233,-0.033,0.1865));
#14820=CARTESIAN_POINT('',(0.233,-0.033,0.1845));
#14821=CARTESIAN_POINT('',(0.19397247706422,-0.033,0.314591743119266));
#14822=CARTESIAN_POINT('',(0.180394495412844,-0.033,0.0624816513761464));
#14823=CARTESIAN_POINT('',(0.217,-0.033,0.1845));
#14824=CARTESIAN_POINT('',(0.217,-0.033,0.1865));
#14825=CARTESIAN_POINT('',(0.217,-0.033,0.0061970306407116));
#14826=CARTESIAN_POINT('',(-0.233,-0.033,0.00619703064071142));
#14827=CARTESIAN_POINT('',(0.183,-0.033,0.00619703064071159));
#14828=CARTESIAN_POINT('',(0.183,-0.033,0.1865));
#14829=CARTESIAN_POINT('',(0.183,-0.033,0.1845));
#14830=CARTESIAN_POINT('',(0.148100917431193,-0.033,0.300830275229358));
#14831=CARTESIAN_POINT('',(0.134522935779817,-0.033,0.0762431192660558));
#14832=CARTESIAN_POINT('',(0.167,-0.033,0.1845));
#14833=CARTESIAN_POINT('',(0.167,-0.033,0.1865));
#14834=CARTESIAN_POINT('',(0.167,-0.033,0.0061970306407116));
#14835=CARTESIAN_POINT('',(-0.233,-0.033,0.00619703064071145));
#14836=CARTESIAN_POINT('',(0.133,-0.033,0.00619703064071159));
#14837=CARTESIAN_POINT('',(0.133,-0.033,0.1865));
#14838=CARTESIAN_POINT('',(0.133,-0.033,0.1845));
#14839=CARTESIAN_POINT('',(0.102229357798165,-0.033,0.28706880733945));
#14840=CARTESIAN_POINT('',(0.0886513761467889,-0.033,0.090004587155963));
#14841=CARTESIAN_POINT('',(0.117,-0.033,0.1845));
#14842=CARTESIAN_POINT('',(0.117,-0.033,0.1865));
#14843=CARTESIAN_POINT('',(0.117,-0.033,0.0061970306407116));
#14844=CARTESIAN_POINT('',(-0.233,-0.033,0.00619703064071149));
#14845=CARTESIAN_POINT('',(0.083,-0.033,0.00619703064071159));
#14846=CARTESIAN_POINT('',(0.083,-0.033,0.1865));
#14847=CARTESIAN_POINT('',(0.083,-0.033,0.1845));
#14848=CARTESIAN_POINT('',(0.0563577981651374,-0.033,0.273307339449542));
#14849=CARTESIAN_POINT('',(0.0427798165137614,-0.033,0.103766055045872));
#14850=CARTESIAN_POINT('',(0.067,-0.033,0.1845));
#14851=CARTESIAN_POINT('',(0.067,-0.033,0.1865));
#14852=CARTESIAN_POINT('',(0.067,-0.033,0.0061970306407116));
#14853=CARTESIAN_POINT('',(-0.233,-0.033,0.00619703064071149));
#14854=CARTESIAN_POINT('',(0.033,-0.033,0.00619703064071159));
#14855=CARTESIAN_POINT('',(0.033,-0.033,0.1865));
#14856=CARTESIAN_POINT('',(0.033,-0.033,0.1845));
#14857=CARTESIAN_POINT('',(0.0104862385321099,-0.033,0.259545871559633));
#14858=CARTESIAN_POINT('',(-0.00309174311926612,-0.033,0.11752752293578));
#14859=CARTESIAN_POINT('',(0.017,-0.033,0.1845));
#14860=CARTESIAN_POINT('',(0.0169999999999999,-0.033,0.1865));
#14861=CARTESIAN_POINT('',(0.017,-0.033,0.0061970306407116));
#14862=CARTESIAN_POINT('',(-0.233,-0.033,0.00619703064071152));
#14863=CARTESIAN_POINT('',(-0.017,-0.033,0.00619703064071159));
#14864=CARTESIAN_POINT('',(-0.017,-0.033,0.1865));
#14865=CARTESIAN_POINT('',(-0.017,-0.033,0.1845));
#14866=CARTESIAN_POINT('',(-0.0353853211009175,-0.033,0.245784403669725));
#14867=CARTESIAN_POINT('',(-0.0489633027522936,-0.033,0.131288990825688));
#14868=CARTESIAN_POINT('',(-0.0330000000000001,-0.033,0.1845));
#14869=CARTESIAN_POINT('',(-0.0330000000000001,-0.033,0.1865));
#14870=CARTESIAN_POINT('',(-0.0330000000000001,-0.033,0.0061970306407116));
#14871=CARTESIAN_POINT('',(-0.233,-0.033,0.00619703064071152));
#14872=CARTESIAN_POINT('',(-0.0670000000000001,-0.033,0.00619703064071159));
#14873=CARTESIAN_POINT('',(-0.0670000000000001,-0.033,0.1865));
#14874=CARTESIAN_POINT('',(-0.0670000000000001,-0.033,0.1845));
#14875=CARTESIAN_POINT('',(-0.0812568807339451,-0.033,0.232022935779817));
#14876=CARTESIAN_POINT('',(-0.0948348623853212,-0.033,0.145050458715596));
#14877=CARTESIAN_POINT('',(-0.0830000000000001,-0.033,0.1845));
#14878=CARTESIAN_POINT('',(-0.0830000000000001,-0.033,0.1865));
#14879=CARTESIAN_POINT('',(-0.0830000000000001,-0.033,0.0061970306407116));
#14880=CARTESIAN_POINT('',(-0.233,-0.033,0.00619703064071155));
#14881=CARTESIAN_POINT('',(-0.117,-0.033,0.00619703064071159));
#14882=CARTESIAN_POINT('',(-0.117,-0.033,0.1865));
#14883=CARTESIAN_POINT('',(-0.117,-0.033,0.1845));
#14884=CARTESIAN_POINT('',(-0.127128440366972,-0.033,0.218261467889908));
#14885=CARTESIAN_POINT('',(-0.140706422018349,-0.033,0.158811926605505));
#14886=CARTESIAN_POINT('',(-0.133,-0.033,0.1845));
#14887=CARTESIAN_POINT('',(-0.133,-0.033,0.1865));
#14888=CARTESIAN_POINT('',(-0.133,-0.033,0.0061970306407116));
#14889=CARTESIAN_POINT('',(-0.233,-0.033,0.00619703064071155));
#14890=CARTESIAN_POINT('',(-0.167,-0.033,0.00619703064071159));
#14891=CARTESIAN_POINT('',(-0.167,-0.033,0.1865));
#14892=CARTESIAN_POINT('',(-0.167,-0.033,0.1845));
#14893=CARTESIAN_POINT('',(-0.173,-0.033,0.2045));
#14894=CARTESIAN_POINT('',(-0.186577981651376,-0.033,0.172573394495413));
#14895=CARTESIAN_POINT('',(-0.183,-0.033,0.1845));
#14896=CARTESIAN_POINT('',(-0.183,-0.033,0.1865));
#14897=CARTESIAN_POINT('',(-0.183,-0.033,0.0061970306407116));
#14898=CARTESIAN_POINT('',(-0.233,-0.033,0.00619703064071159));
#14899=CARTESIAN_POINT('',(-0.217,-0.033,0.00619703064071159));
#14900=CARTESIAN_POINT('',(-0.217,-0.033,0.1865));
#14901=CARTESIAN_POINT('',(-0.217,-0.033,0.1845));
#14902=CARTESIAN_POINT('',(-0.218871559633028,-0.033,0.190738532110092));
#14903=CARTESIAN_POINT('',(-0.232449541284404,-0.033,0.186334862385321));
#14904=CARTESIAN_POINT('',(-0.233,-0.033,0.1845));
#14905=CARTESIAN_POINT('',(-0.233,-0.033,0.1865));
#14906=CARTESIAN_POINT('',(-0.233,-0.0489999999999951,-0.0521588745030475));
#14907=CARTESIAN_POINT('',(0.217,-0.0489999999999951,-0.0521588745030475));
#14908=CARTESIAN_POINT('',(0.217,-0.0376862915010135,-0.0634725830020285));
#14909=CARTESIAN_POINT('',(-0.233,-0.0376862915010135,-0.0634725830020285));
#14910=CARTESIAN_POINT('',(0.233,-0.0376862915010135,-0.0634725830020285));
#14911=CARTESIAN_POINT('',(0.233,-0.0489999999999951,-0.0521588745030475));
#14912=CARTESIAN_POINT('',(-0.233,-0.0376862915010135,-0.0634725830020285));
#14913=CARTESIAN_POINT('',(0.217,-0.0376862915010135,-0.0634725830020285));
#14914=CARTESIAN_POINT('',(0.217,-0.0582756492761121,-0.0840619407771281));
#14915=CARTESIAN_POINT('',(-0.233,-0.0582756492761121,-0.0840619407771281));
#14916=CARTESIAN_POINT('',(0.233,-0.0582756492761121,-0.0840619407771281));
#14917=CARTESIAN_POINT('',(0.233,-0.0376862915010135,-0.0634725830020285));
#14918=CARTESIAN_POINT('',(-0.233,-0.0356482322781446,-0.106689357775095));
#14919=CARTESIAN_POINT('',(0.217,-0.0356482322781446,-0.106689357775095));
#14920=CARTESIAN_POINT('',(0.217,-0.067648232278141,-0.106689357775095));
#14921=CARTESIAN_POINT('',(-0.233,-0.067648232278141,-0.106689357775095));
#14922=CARTESIAN_POINT('',(0.233,-0.067648232278141,-0.106689357775095));
#14923=CARTESIAN_POINT('',(0.233,-0.0356482322781446,-0.106689357775095));
#14924=CARTESIAN_POINT('',(-0.233,-0.067648232278141,-0.106689357775095));
#14925=CARTESIAN_POINT('',(0.217,-0.067648232278141,-0.106689357775095));
#14926=CARTESIAN_POINT('',(0.217,-0.067648232278141,-0.13424823227814));
#14927=CARTESIAN_POINT('',(-0.233,-0.067648232278141,-0.13424823227814));
#14928=CARTESIAN_POINT('',(0.233,-0.067648232278141,-0.13424823227814));
#14929=CARTESIAN_POINT('',(0.233,-0.067648232278141,-0.106689357775095));
#14930=CARTESIAN_POINT('',(-0.233,-0.067648232278141,-0.13424823227814));
#14931=CARTESIAN_POINT('',(0.217,-0.067648232278141,-0.13424823227814));
#14932=CARTESIAN_POINT('',(0.217,-0.051648232278141,-0.13424823227814));
#14933=CARTESIAN_POINT('',(-0.233,-0.051648232278141,-0.13424823227814));
#14934=CARTESIAN_POINT('',(0.233,-0.051648232278141,-0.13424823227814));
#14935=CARTESIAN_POINT('',(0.233,-0.067648232278141,-0.13424823227814));
#14936=CARTESIAN_POINT('',(-0.233,-0.051648232278141,-0.13424823227814));
#14937=CARTESIAN_POINT('',(0.217,-0.051648232278141,-0.13424823227814));
#14938=CARTESIAN_POINT('',(0.217,-0.051648232278141,-0.106689357775087));
#14939=CARTESIAN_POINT('',(-0.233,-0.051648232278141,-0.106689357775087));
#14940=CARTESIAN_POINT('',(0.233,-0.051648232278141,-0.106689357775087));
#14941=CARTESIAN_POINT('',(0.233,-0.051648232278141,-0.13424823227814));
#14942=CARTESIAN_POINT('',(-0.233,-0.03564823227816,-0.106689357775087));
#14943=CARTESIAN_POINT('',(0.217,-0.03564823227816,-0.106689357775087));
#14944=CARTESIAN_POINT('',(0.217,-0.0469619407771313,-0.0953756492761153));
#14945=CARTESIAN_POINT('',(-0.233,-0.0469619407771313,-0.0953756492761153));
#14946=CARTESIAN_POINT('',(0.233,-0.0469619407771313,-0.0953756492761153));
#14947=CARTESIAN_POINT('',(0.233,-0.03564823227816,-0.106689357775087));
#14948=CARTESIAN_POINT('',(-0.233,-0.0469619407771313,-0.0953756492761153));
#14949=CARTESIAN_POINT('',(0.217,-0.0469619407771313,-0.0953756492761153));
#14950=CARTESIAN_POINT('',(0.217,-0.0263725830020295,-0.0747862915010135));
#14951=CARTESIAN_POINT('',(-0.233,-0.0263725830020295,-0.0747862915010135));
#14952=CARTESIAN_POINT('',(0.233,-0.0263725830020295,-0.0747862915010135));
#14953=CARTESIAN_POINT('',(0.233,-0.0469619407771313,-0.0953756492761153));
#14954=CARTESIAN_POINT('',(-0.233,-0.0489999999999966,-0.0521588745030464));
#14955=CARTESIAN_POINT('',(0.217,-0.0489999999999966,-0.0521588745030464));
#14956=CARTESIAN_POINT('',(0.217,-0.017,-0.0521588745030464));
#14957=CARTESIAN_POINT('',(-0.233,-0.017,-0.0521588745030464));
#14958=CARTESIAN_POINT('',(0.233,-0.017,-0.0521588745030464));
#14959=CARTESIAN_POINT('',(0.233,-0.0489999999999966,-0.0521588745030464));
#14960=CARTESIAN_POINT('',(-0.233,-0.017,-0.0521588745030464));
#14961=CARTESIAN_POINT('',(-0.217,-0.017,-0.0521588745030464));
#14962=CARTESIAN_POINT('',(-0.217,-0.017,-0.0061970306407116));
#14963=CARTESIAN_POINT('',(-0.233,-0.017,-0.0521588745030464));
#14964=CARTESIAN_POINT('',(-0.233,-0.017,-0.0024902193230493));
#14965=CARTESIAN_POINT('',(-0.233,-0.017,-0.0024902193230493));
#14966=CARTESIAN_POINT('',(0.233,-0.017,-0.0024902193230493));
#14967=CARTESIAN_POINT('',(0.233,-0.017,-0.0521588745030464));
#14968=CARTESIAN_POINT('',(0.217,-0.017,-0.0521588745030464));
#14969=CARTESIAN_POINT('',(0.217,-0.017,-0.00619703064071159));
#14970=CARTESIAN_POINT('',(-0.233,-0.017,-0.00619703064071176));
#14971=CARTESIAN_POINT('',(0.183,-0.017,-0.0061970306407116));
#14972=CARTESIAN_POINT('',(0.183,-0.017,-0.0521588745030464));
#14973=CARTESIAN_POINT('',(0.167,-0.017,-0.0521588745030464));
#14974=CARTESIAN_POINT('',(0.167,-0.017,-0.00619703064071159));
#14975=CARTESIAN_POINT('',(-0.233,-0.017,-0.00619703064071174));
#14976=CARTESIAN_POINT('',(0.133,-0.017,-0.0061970306407116));
#14977=CARTESIAN_POINT('',(0.133,-0.017,-0.0521588745030464));
#14978=CARTESIAN_POINT('',(0.117,-0.017,-0.0521588745030464));
#14979=CARTESIAN_POINT('',(0.117,-0.017,-0.00619703064071159));
#14980=CARTESIAN_POINT('',(-0.233,-0.017,-0.00619703064071172));
#14981=CARTESIAN_POINT('',(0.083,-0.017,-0.0061970306407116));
#14982=CARTESIAN_POINT('',(0.083,-0.017,-0.0521588745030464));
#14983=CARTESIAN_POINT('',(0.067,-0.017,-0.0521588745030464));
#14984=CARTESIAN_POINT('',(0.067,-0.017,-0.00619703064071159));
#14985=CARTESIAN_POINT('',(-0.233,-0.017,-0.0061970306407117));
#14986=CARTESIAN_POINT('',(0.033,-0.017,-0.0061970306407116));
#14987=CARTESIAN_POINT('',(0.033,-0.017,-0.0521588745030464));
#14988=CARTESIAN_POINT('',(0.0169999999999999,-0.017,-0.0521588745030464));
#14989=CARTESIAN_POINT('',(0.0169999999999999,-0.017,-0.00619703064071159));
#14990=CARTESIAN_POINT('',(-0.233,-0.017,-0.00619703064071168));
#14991=CARTESIAN_POINT('',(-0.017,-0.017,-0.0061970306407116));
#14992=CARTESIAN_POINT('',(-0.017,-0.017,-0.0521588745030464));
#14993=CARTESIAN_POINT('',(-0.0330000000000001,-0.017,-0.0521588745030464));
#14994=CARTESIAN_POINT('',(-0.0330000000000001,-0.017,-0.00619703064071159));
#14995=CARTESIAN_POINT('',(-0.233,-0.017,-0.00619703064071167));
#14996=CARTESIAN_POINT('',(-0.0670000000000001,-0.017,-0.0061970306407116));
#14997=CARTESIAN_POINT('',(-0.0670000000000001,-0.017,-0.0521588745030464));
#14998=CARTESIAN_POINT('',(-0.0830000000000001,-0.017,-0.0521588745030464));
#14999=CARTESIAN_POINT('',(-0.0830000000000001,-0.017,-0.00619703064071159));
#15000=CARTESIAN_POINT('',(-0.233,-0.017,-0.00619703064071165));
#15001=CARTESIAN_POINT('',(-0.117,-0.017,-0.0061970306407116));
#15002=CARTESIAN_POINT('',(-0.117,-0.017,-0.0521588745030464));
#15003=CARTESIAN_POINT('',(-0.133,-0.017,-0.0521588745030464));
#15004=CARTESIAN_POINT('',(-0.133,-0.017,-0.00619703064071159));
#15005=CARTESIAN_POINT('',(-0.233,-0.017,-0.00619703064071162));
#15006=CARTESIAN_POINT('',(-0.167,-0.017,-0.0061970306407116));
#15007=CARTESIAN_POINT('',(-0.167,-0.017,-0.0521588745030464));
#15008=CARTESIAN_POINT('',(-0.183,-0.017,-0.0521588745030464));
#15009=CARTESIAN_POINT('',(-0.183,-0.017,-0.00619703064071159));
#15010=CARTESIAN_POINT('',(-0.233,-0.017,-0.00619703064071161));
#15011=CARTESIAN_POINT('',(-0.233,-0.017,-0.0024902193230493));
#15012=CARTESIAN_POINT('',(0.233,-0.017,-0.0024902193230493));
#15013=CARTESIAN_POINT('',(0.233,0.017,-0.0024902193230493));
#15014=CARTESIAN_POINT('',(-0.233,-0.017,-0.0024902193230493));
#15015=CARTESIAN_POINT('',(-0.233,0.017,-0.0024902193230493));
#15016=CARTESIAN_POINT('',(-0.233,0.017,-0.0024902193230493));
#15017=CARTESIAN_POINT('',(-0.233,0.017,-0.0024902193230493));
#15018=CARTESIAN_POINT('',(-0.217,0.017,-0.0024902193230493));
#15019=CARTESIAN_POINT('',(-0.217,0.017,-0.0061970306407116));
#15020=CARTESIAN_POINT('',(-0.233,0.017,-0.00619703064071161));
#15021=CARTESIAN_POINT('',(-0.183,0.017,-0.00619703064071159));
#15022=CARTESIAN_POINT('',(-0.183,0.017,-0.0024902193230493));
#15023=CARTESIAN_POINT('',(-0.167,0.017,-0.0024902193230493));
#15024=CARTESIAN_POINT('',(-0.167,0.017,-0.0061970306407116));
#15025=CARTESIAN_POINT('',(-0.233,0.017,-0.00619703064071162));
#15026=CARTESIAN_POINT('',(-0.133,0.017,-0.00619703064071159));
#15027=CARTESIAN_POINT('',(-0.133,0.017,-0.0024902193230493));
#15028=CARTESIAN_POINT('',(-0.117,0.017,-0.0024902193230493));
#15029=CARTESIAN_POINT('',(-0.117,0.017,-0.0061970306407116));
#15030=CARTESIAN_POINT('',(-0.233,0.017,-0.00619703064071164));
#15031=CARTESIAN_POINT('',(-0.0830000000000001,0.017,-0.00619703064071159));
#15032=CARTESIAN_POINT('',(-0.0830000000000001,0.017,-0.0024902193230493));
#15033=CARTESIAN_POINT('',(-0.0670000000000001,0.017,-0.0024902193230493));
#15034=CARTESIAN_POINT('',(-0.0670000000000001,0.017,-0.0061970306407116));
#15035=CARTESIAN_POINT('',(-0.233,0.017,-0.00619703064071166));
#15036=CARTESIAN_POINT('',(-0.0330000000000001,0.017,-0.00619703064071159));
#15037=CARTESIAN_POINT('',(-0.0330000000000001,0.017,-0.0024902193230493));
#15038=CARTESIAN_POINT('',(-0.017,0.017,-0.0024902193230493));
#15039=CARTESIAN_POINT('',(-0.017,0.017,-0.0061970306407116));
#15040=CARTESIAN_POINT('',(-0.233,0.017,-0.00619703064071168));
#15041=CARTESIAN_POINT('',(0.017,0.017,-0.00619703064071159));
#15042=CARTESIAN_POINT('',(0.0169999999999999,0.017,-0.0024902193230493));
#15043=CARTESIAN_POINT('',(0.033,0.017,-0.0024902193230493));
#15044=CARTESIAN_POINT('',(0.033,0.017,-0.0061970306407116));
#15045=CARTESIAN_POINT('',(-0.233,0.017,-0.0061970306407117));
#15046=CARTESIAN_POINT('',(0.067,0.017,-0.00619703064071159));
#15047=CARTESIAN_POINT('',(0.067,0.017,-0.0024902193230493));
#15048=CARTESIAN_POINT('',(0.083,0.017,-0.0024902193230493));
#15049=CARTESIAN_POINT('',(0.083,0.017,-0.0061970306407116));
#15050=CARTESIAN_POINT('',(-0.233,0.017,-0.00619703064071172));
#15051=CARTESIAN_POINT('',(0.117,0.017,-0.00619703064071159));
#15052=CARTESIAN_POINT('',(0.117,0.017,-0.0024902193230493));
#15053=CARTESIAN_POINT('',(0.133,0.017,-0.0024902193230493));
#15054=CARTESIAN_POINT('',(0.133,0.017,-0.0061970306407116));
#15055=CARTESIAN_POINT('',(-0.233,0.017,-0.00619703064071174));
#15056=CARTESIAN_POINT('',(0.167,0.017,-0.00619703064071159));
#15057=CARTESIAN_POINT('',(0.167,0.017,-0.0024902193230493));
#15058=CARTESIAN_POINT('',(0.183,0.017,-0.0024902193230493));
#15059=CARTESIAN_POINT('',(0.183,0.017,-0.0061970306407116));
#15060=CARTESIAN_POINT('',(-0.233,0.017,-0.00619703064071176));
#15061=CARTESIAN_POINT('',(0.217,0.017,-0.00619703064071159));
#15062=CARTESIAN_POINT('',(0.217,0.017,-0.0024902193230493));
#15063=CARTESIAN_POINT('',(0.217,0.017,-0.142893593539451));
#15064=CARTESIAN_POINT('',(-0.233,0.017,-0.142893593539451));
#15065=CARTESIAN_POINT('',(0.233,0.017,-0.142893593539451));
#15066=CARTESIAN_POINT('',(0.233,0.017,-0.0024902193230493));
#15067=CARTESIAN_POINT('',(-0.233,0.017,-0.0024902193230493));
#15068=CARTESIAN_POINT('',(-0.233,0.00100000000000375,-0.142893593539451));
#15069=CARTESIAN_POINT('',(0.217,0.00100000000000375,-0.142893593539451));
#15070=CARTESIAN_POINT('',(0.217,0.00900000000000202,-0.156749999999999));
#15071=CARTESIAN_POINT('',(-0.233,0.00900000000000202,-0.156749999999999));
#15072=CARTESIAN_POINT('',(0.233,0.00900000000000202,-0.156749999999999));
#15073=CARTESIAN_POINT('',(0.233,0.00100000000000375,-0.142893593539451));
#15074=CARTESIAN_POINT('',(-0.233,0.00900000000000203,-0.156749999999999));
#15075=CARTESIAN_POINT('',(0.217,0.00900000000000203,-0.156749999999999));
#15076=CARTESIAN_POINT('',(0.217,-0.0515067589012895,-0.191683593539452));
#15077=CARTESIAN_POINT('',(-0.233,-0.0515067589012895,-0.191683593539452));
#15078=CARTESIAN_POINT('',(0.233,-0.0515067589012895,-0.191683593539452));
#15079=CARTESIAN_POINT('',(0.233,0.00900000000000203,-0.156749999999999));
#15080=CARTESIAN_POINT('',(-0.233,-0.0355067589012924,-0.219396406460548));
#15081=CARTESIAN_POINT('',(0.217,-0.0355067589012924,-0.219396406460548));
#15082=CARTESIAN_POINT('',(0.217,-0.067506758901286,-0.219396406460548));
#15083=CARTESIAN_POINT('',(-0.233,-0.067506758901286,-0.219396406460548));
#15084=CARTESIAN_POINT('',(0.233,-0.067506758901286,-0.219396406460548));
#15085=CARTESIAN_POINT('',(0.233,-0.0355067589012924,-0.219396406460548));
#15086=CARTESIAN_POINT('',(-0.233,-0.067506758901286,-0.219396406460548));
#15087=CARTESIAN_POINT('',(0.217,-0.067506758901286,-0.219396406460548));
#15088=CARTESIAN_POINT('',(0.217,-0.067506758901286,-0.25454));
#15089=CARTESIAN_POINT('',(-0.233,-0.067506758901286,-0.25454));
#15090=CARTESIAN_POINT('',(0.233,-0.067506758901286,-0.25454));
#15091=CARTESIAN_POINT('',(0.233,-0.067506758901286,-0.219396406460548));
#15092=CARTESIAN_POINT('',(-0.233,-0.067506758901286,-0.25454));
#15093=CARTESIAN_POINT('',(0.217,-0.067506758901286,-0.25454));
#15094=CARTESIAN_POINT('',(0.217,-0.051506758901286,-0.25454));
#15095=CARTESIAN_POINT('',(-0.233,-0.051506758901286,-0.25454));
#15096=CARTESIAN_POINT('',(0.233,-0.051506758901286,-0.25454));
#15097=CARTESIAN_POINT('',(0.233,-0.067506758901286,-0.25454));
#15098=CARTESIAN_POINT('',(-0.233,-0.051506758901286,-0.25454));
#15099=CARTESIAN_POINT('',(0.217,-0.051506758901286,-0.25454));
#15100=CARTESIAN_POINT('',(0.217,-0.051506758901286,-0.219396406460549));
#15101=CARTESIAN_POINT('',(-0.233,-0.051506758901286,-0.219396406460549));
#15102=CARTESIAN_POINT('',(0.233,-0.051506758901286,-0.219396406460549));
#15103=CARTESIAN_POINT('',(0.233,-0.051506758901286,-0.25454));
#15104=CARTESIAN_POINT('',(-0.233,-0.0355067589012891,-0.219396406460549));
#15105=CARTESIAN_POINT('',(0.217,-0.0355067589012891,-0.219396406460549));
#15106=CARTESIAN_POINT('',(0.217,-0.0435067589012877,-0.205540000000001));
#15107=CARTESIAN_POINT('',(-0.233,-0.0435067589012877,-0.205540000000001));
#15108=CARTESIAN_POINT('',(0.233,-0.0435067589012877,-0.205540000000001));
#15109=CARTESIAN_POINT('',(0.233,-0.0355067589012891,-0.219396406460549));
#15110=CARTESIAN_POINT('',(-0.233,-0.0435067589012877,-0.205540000000001));
#15111=CARTESIAN_POINT('',(0.217,-0.0435067589012877,-0.205540000000001));
#15112=CARTESIAN_POINT('',(0.217,0.0170000000000035,-0.170606406460548));
#15113=CARTESIAN_POINT('',(-0.233,0.0170000000000035,-0.170606406460548));
#15114=CARTESIAN_POINT('',(0.233,0.0170000000000035,-0.170606406460548));
#15115=CARTESIAN_POINT('',(0.233,-0.0435067589012877,-0.205540000000001));
#15116=CARTESIAN_POINT('',(-0.233,0.00100000000000642,-0.142893593539452));
#15117=CARTESIAN_POINT('',(0.217,0.00100000000000642,-0.142893593539452));
#15118=CARTESIAN_POINT('',(0.217,0.033,-0.142893593539452));
#15119=CARTESIAN_POINT('',(-0.233,0.033,-0.142893593539452));
#15120=CARTESIAN_POINT('',(0.233,0.033,-0.142893593539452));
#15121=CARTESIAN_POINT('',(0.233,0.00100000000000642,-0.142893593539452));
#15122=CARTESIAN_POINT('',(-0.233,0.033,-0.142893593539452));
#15123=CARTESIAN_POINT('',(-0.217,0.033,-0.142893593539452));
#15124=CARTESIAN_POINT('',(-0.217,0.033,-0.0061970306407116));
#15125=CARTESIAN_POINT('',(-0.233,0.033,-0.142893593539452));
#15126=CARTESIAN_POINT('',(-0.233,0.033,0.1845));
#15127=CARTESIAN_POINT('',(-0.323108328497098,0.033,-0.115861094990322));
#15128=CARTESIAN_POINT('',(-0.128212772420334,0.033,-0.111457425265552));
#15129=CARTESIAN_POINT('',(-0.217,0.033,0.1845));
#15130=CARTESIAN_POINT('',(-0.217,0.033,-0.142893593539452));
#15131=CARTESIAN_POINT('',(-0.217,0.033,0.00619703064071159));
#15132=CARTESIAN_POINT('',(-0.233,0.033,0.00619703064071159));
#15133=CARTESIAN_POINT('',(-0.183,0.033,0.0061970306407116));
#15134=CARTESIAN_POINT('',(-0.183,0.033,-0.142893593539452));
#15135=CARTESIAN_POINT('',(-0.183,0.033,0.1845));
#15136=CARTESIAN_POINT('',(-0.27723676886407,0.033,-0.129622562880231));
#15137=CARTESIAN_POINT('',(-0.0823412127873067,0.033,-0.0976959573756435));
#15138=CARTESIAN_POINT('',(-0.167,0.033,0.1845));
#15139=CARTESIAN_POINT('',(-0.167,0.033,-0.142893593539452));
#15140=CARTESIAN_POINT('',(-0.167,0.033,0.00619703064071159));
#15141=CARTESIAN_POINT('',(-0.233,0.033,0.00619703064071157));
#15142=CARTESIAN_POINT('',(-0.133,0.033,0.0061970306407116));
#15143=CARTESIAN_POINT('',(-0.133,0.033,-0.142893593539452));
#15144=CARTESIAN_POINT('',(-0.133,0.033,0.1845));
#15145=CARTESIAN_POINT('',(-0.231365209231042,0.033,-0.143384030770139));
#15146=CARTESIAN_POINT('',(-0.0364696531542795,0.033,-0.0839344894857357));
#15147=CARTESIAN_POINT('',(-0.117,0.033,0.1845));
#15148=CARTESIAN_POINT('',(-0.117,0.033,-0.142893593539452));
#15149=CARTESIAN_POINT('',(-0.117,0.033,0.00619703064071159));
#15150=CARTESIAN_POINT('',(-0.233,0.033,0.00619703064071154));
#15151=CARTESIAN_POINT('',(-0.0830000000000001,0.033,0.0061970306407116));
#15152=CARTESIAN_POINT('',(-0.0830000000000001,0.033,-0.142893593539452));
#15153=CARTESIAN_POINT('',(-0.0830000000000001,0.033,0.1845));
#15154=CARTESIAN_POINT('',(-0.185493649598015,0.033,-0.157145498660047));
#15155=CARTESIAN_POINT('',(0.00940190647874829,0.033,-0.0701730215958269));
#15156=CARTESIAN_POINT('',(-0.0670000000000001,0.033,0.1845));
#15157=CARTESIAN_POINT('',(-0.0670000000000001,0.033,-0.142893593539452));
#15158=CARTESIAN_POINT('',(-0.0670000000000001,0.033,0.00619703064071159));
#15159=CARTESIAN_POINT('',(-0.233,0.033,0.00619703064071152));
#15160=CARTESIAN_POINT('',(-0.0330000000000001,0.033,0.0061970306407116));
#15161=CARTESIAN_POINT('',(-0.0330000000000001,0.033,-0.142893593539452));
#15162=CARTESIAN_POINT('',(-0.0330000000000001,0.033,0.1845));
#15163=CARTESIAN_POINT('',(-0.139622089964987,0.033,-0.170906966549956));
#15164=CARTESIAN_POINT('',(0.0552734661117757,0.033,-0.0564115537059188));
#15165=CARTESIAN_POINT('',(-0.0170000000000001,0.033,0.1845));
#15166=CARTESIAN_POINT('',(-0.017,0.033,-0.142893593539452));
#15167=CARTESIAN_POINT('',(-0.017,0.033,0.00619703064071159));
#15168=CARTESIAN_POINT('',(-0.233,0.033,0.0061970306407115));
#15169=CARTESIAN_POINT('',(0.017,0.033,0.0061970306407116));
#15170=CARTESIAN_POINT('',(0.0169999999999999,0.033,-0.142893593539452));
#15171=CARTESIAN_POINT('',(0.017,0.033,0.1845));
#15172=CARTESIAN_POINT('',(-0.0937505303319594,0.033,-0.184668434439864));
#15173=CARTESIAN_POINT('',(0.101145025744803,0.033,-0.0426500858160105));
#15174=CARTESIAN_POINT('',(0.033,0.033,0.1845));
#15175=CARTESIAN_POINT('',(0.033,0.033,-0.142893593539452));
#15176=CARTESIAN_POINT('',(0.033,0.033,0.00619703064071159));
#15177=CARTESIAN_POINT('',(-0.233,0.033,0.00619703064071149));
#15178=CARTESIAN_POINT('',(0.067,0.033,0.0061970306407116));
#15179=CARTESIAN_POINT('',(0.067,0.033,-0.142893593539452));
#15180=CARTESIAN_POINT('',(0.067,0.033,0.1845));
#15181=CARTESIAN_POINT('',(-0.0478789706989317,0.033,-0.198429902329772));
#15182=CARTESIAN_POINT('',(0.147016585377831,0.033,-0.028888617926102));
#15183=CARTESIAN_POINT('',(0.0830000000000001,0.033,0.1845));
#15184=CARTESIAN_POINT('',(0.083,0.033,-0.142893593539452));
#15185=CARTESIAN_POINT('',(0.083,0.033,0.00619703064071159));
#15186=CARTESIAN_POINT('',(-0.233,0.033,0.00619703064071147));
#15187=CARTESIAN_POINT('',(0.117,0.033,0.0061970306407116));
#15188=CARTESIAN_POINT('',(0.117,0.033,-0.142893593539452));
#15189=CARTESIAN_POINT('',(0.117,0.033,0.1845));
#15190=CARTESIAN_POINT('',(-0.00200741106590457,0.033,-0.212191370219681));
#15191=CARTESIAN_POINT('',(0.192888145010858,0.033,-0.0151271500361937));
#15192=CARTESIAN_POINT('',(0.133,0.033,0.1845));
#15193=CARTESIAN_POINT('',(0.133,0.033,-0.142893593539452));
#15194=CARTESIAN_POINT('',(0.133,0.033,0.00619703064071159));
#15195=CARTESIAN_POINT('',(-0.233,0.033,0.00619703064071145));
#15196=CARTESIAN_POINT('',(0.167,0.033,0.0061970306407116));
#15197=CARTESIAN_POINT('',(0.167,0.033,-0.142893593539452));
#15198=CARTESIAN_POINT('',(0.167,0.033,0.1845));
#15199=CARTESIAN_POINT('',(0.0438641485671245,0.033,-0.225952838109588));
#15200=CARTESIAN_POINT('',(0.238759704643886,0.033,-0.00136568214628539));
#15201=CARTESIAN_POINT('',(0.183,0.033,0.1845));
#15202=CARTESIAN_POINT('',(0.183,0.033,-0.142893593539452));
#15203=CARTESIAN_POINT('',(0.183,0.033,0.00619703064071159));
#15204=CARTESIAN_POINT('',(-0.233,0.033,0.00619703064071143));
#15205=CARTESIAN_POINT('',(0.217,0.033,0.0061970306407116));
#15206=CARTESIAN_POINT('',(0.217,0.033,-0.142893593539452));
#15207=CARTESIAN_POINT('',(0.217,0.033,0.1845));
#15208=CARTESIAN_POINT('',(0.0897357082001504,0.033,-0.239714305999497));
#15209=CARTESIAN_POINT('',(0.284631264276913,0.033,0.0123957857436229));
#15210=CARTESIAN_POINT('',(0.233,0.033,0.1845));
#15211=CARTESIAN_POINT('',(0.233,0.033,-0.142893593539452));
#15212=CARTESIAN_POINT('',(0.217,0.033,-0.142893593539452));
#15213=CARTESIAN_POINT('',(0.217,0.033,-0.00619703064071159));
#15214=CARTESIAN_POINT('',(-0.233,0.033,-0.00619703064071176));
#15215=CARTESIAN_POINT('',(0.183,0.033,-0.0061970306407116));
#15216=CARTESIAN_POINT('',(0.183,0.033,-0.142893593539452));
#15217=CARTESIAN_POINT('',(0.167,0.033,-0.142893593539452));
#15218=CARTESIAN_POINT('',(0.167,0.033,-0.00619703064071159));
#15219=CARTESIAN_POINT('',(-0.233,0.033,-0.00619703064071174));
#15220=CARTESIAN_POINT('',(0.133,0.033,-0.0061970306407116));
#15221=CARTESIAN_POINT('',(0.133,0.033,-0.142893593539452));
#15222=CARTESIAN_POINT('',(0.117,0.033,-0.142893593539452));
#15223=CARTESIAN_POINT('',(0.117,0.033,-0.00619703064071159));
#15224=CARTESIAN_POINT('',(-0.233,0.033,-0.00619703064071173));
#15225=CARTESIAN_POINT('',(0.083,0.033,-0.0061970306407116));
#15226=CARTESIAN_POINT('',(0.083,0.033,-0.142893593539452));
#15227=CARTESIAN_POINT('',(0.067,0.033,-0.142893593539452));
#15228=CARTESIAN_POINT('',(0.067,0.033,-0.00619703064071159));
#15229=CARTESIAN_POINT('',(-0.233,0.033,-0.00619703064071171));
#15230=CARTESIAN_POINT('',(0.033,0.033,-0.0061970306407116));
#15231=CARTESIAN_POINT('',(0.033,0.033,-0.142893593539452));
#15232=CARTESIAN_POINT('',(0.0169999999999999,0.033,-0.142893593539452));
#15233=CARTESIAN_POINT('',(0.0169999999999999,0.033,-0.00619703064071159));
#15234=CARTESIAN_POINT('',(-0.233,0.033,-0.00619703064071169));
#15235=CARTESIAN_POINT('',(-0.017,0.033,-0.0061970306407116));
#15236=CARTESIAN_POINT('',(-0.017,0.033,-0.142893593539452));
#15237=CARTESIAN_POINT('',(-0.0330000000000001,0.033,-0.142893593539452));
#15238=CARTESIAN_POINT('',(-0.0330000000000001,0.033,-0.00619703064071159));
#15239=CARTESIAN_POINT('',(-0.233,0.033,-0.00619703064071166));
#15240=CARTESIAN_POINT('',(-0.0670000000000001,0.033,-0.0061970306407116));
#15241=CARTESIAN_POINT('',(-0.0670000000000001,0.033,-0.142893593539452));
#15242=CARTESIAN_POINT('',(-0.0830000000000001,0.033,-0.142893593539452));
#15243=CARTESIAN_POINT('',(-0.0830000000000001,0.033,-0.00619703064071159));
#15244=CARTESIAN_POINT('',(-0.233,0.033,-0.00619703064071164));
#15245=CARTESIAN_POINT('',(-0.117,0.033,-0.0061970306407116));
#15246=CARTESIAN_POINT('',(-0.117,0.033,-0.142893593539452));
#15247=CARTESIAN_POINT('',(-0.133,0.033,-0.142893593539452));
#15248=CARTESIAN_POINT('',(-0.133,0.033,-0.00619703064071159));
#15249=CARTESIAN_POINT('',(-0.233,0.033,-0.00619703064071162));
#15250=CARTESIAN_POINT('',(-0.167,0.033,-0.0061970306407116));
#15251=CARTESIAN_POINT('',(-0.167,0.033,-0.142893593539452));
#15252=CARTESIAN_POINT('',(-0.183,0.033,-0.142893593539452));
#15253=CARTESIAN_POINT('',(-0.183,0.033,-0.00619703064071159));
#15254=CARTESIAN_POINT('',(-0.233,0.033,-0.00619703064071161));
#15255=CARTESIAN_POINT('',(-0.233,-0.0489999999999951,-0.0521588745030475));
#15256=CARTESIAN_POINT('',(-0.233,-0.0489999999999951,0.1845));
#15257=CARTESIAN_POINT('',(-0.233,-0.0489999999999951,0.1845));
#15258=CARTESIAN_POINT('',(0.233,-0.0489999999999951,-0.0521588745030475));
#15259=CARTESIAN_POINT('',(0.233,-0.0489999999999951,0.1845));
#15260=CARTESIAN_POINT('',(0.233,-0.0489999999999951,0.1845));
#15261=CARTESIAN_POINT('',(0.23,0.5,0.1945));
#15262=CARTESIAN_POINT('',(0.23,0.5,0.1945));
#15263=CARTESIAN_POINT('',(-0.233,0.5,0.1845));
#15264=CARTESIAN_POINT('',(-0.233,0.5,0.1845));
#15265=CARTESIAN_POINT('',(-0.22,0.5,0.1945));
#15266=CARTESIAN_POINT('',(-0.217,0.5,0.1845));
#15267=CARTESIAN_POINT('',(-0.217,0.5,0.1845));
#15268=CARTESIAN_POINT('',(-0.217,0.5,0.00619703064071159));
#15269=CARTESIAN_POINT('',(-0.217,0.5,0.00619703064071159));
#15270=CARTESIAN_POINT('',(-0.183,0.5,0.0061970306407116));
#15271=CARTESIAN_POINT('',(-0.183,0.5,0.0061970306407116));
#15272=CARTESIAN_POINT('',(-0.183,0.5,0.1845));
#15273=CARTESIAN_POINT('',(-0.183,0.5,0.1845));
#15274=CARTESIAN_POINT('',(-0.17,0.5,0.1945));
#15275=CARTESIAN_POINT('',(-0.167,0.5,0.1845));
#15276=CARTESIAN_POINT('',(-0.167,0.5,0.1845));
#15277=CARTESIAN_POINT('',(-0.167,0.5,0.00619703064071159));
#15278=CARTESIAN_POINT('',(-0.167,0.5,0.00619703064071159));
#15279=CARTESIAN_POINT('',(-0.133,0.5,0.0061970306407116));
#15280=CARTESIAN_POINT('',(-0.133,0.5,0.0061970306407116));
#15281=CARTESIAN_POINT('',(-0.133,0.5,0.1845));
#15282=CARTESIAN_POINT('',(-0.133,0.5,0.1845));
#15283=CARTESIAN_POINT('',(-0.12,0.5,0.1945));
#15284=CARTESIAN_POINT('',(-0.117,0.5,0.1845));
#15285=CARTESIAN_POINT('',(-0.117,0.5,0.1845));
#15286=CARTESIAN_POINT('',(-0.117,0.5,0.00619703064071159));
#15287=CARTESIAN_POINT('',(-0.117,0.5,0.00619703064071159));
#15288=CARTESIAN_POINT('',(-0.0830000000000001,0.5,0.0061970306407116));
#15289=CARTESIAN_POINT('',(-0.0830000000000001,0.5,0.0061970306407116));
#15290=CARTESIAN_POINT('',(-0.0830000000000001,0.5,0.1845));
#15291=CARTESIAN_POINT('',(-0.0830000000000001,0.5,0.1845));
#15292=CARTESIAN_POINT('',(-0.0700000000000001,0.5,0.1945));
#15293=CARTESIAN_POINT('',(-0.0670000000000001,0.5,0.1845));
#15294=CARTESIAN_POINT('',(-0.0670000000000001,0.5,0.1845));
#15295=CARTESIAN_POINT('',(-0.0670000000000001,0.5,0.00619703064071159));
#15296=CARTESIAN_POINT('',(-0.0670000000000001,0.5,0.00619703064071159));
#15297=CARTESIAN_POINT('',(-0.0330000000000001,0.5,0.0061970306407116));
#15298=CARTESIAN_POINT('',(-0.0330000000000001,0.5,0.0061970306407116));
#15299=CARTESIAN_POINT('',(-0.0330000000000001,0.5,0.1845));
#15300=CARTESIAN_POINT('',(-0.0330000000000001,0.5,0.1845));
#15301=CARTESIAN_POINT('',(-0.02,0.5,0.1945));
#15302=CARTESIAN_POINT('',(-0.017,0.5,0.1845));
#15303=CARTESIAN_POINT('',(-0.017,0.5,0.1845));
#15304=CARTESIAN_POINT('',(-0.017,0.5,0.00619703064071159));
#15305=CARTESIAN_POINT('',(-0.017,0.5,0.00619703064071159));
#15306=CARTESIAN_POINT('',(0.017,0.5,0.0061970306407116));
#15307=CARTESIAN_POINT('',(0.017,0.5,0.0061970306407116));
#15308=CARTESIAN_POINT('',(0.017,0.5,0.1845));
#15309=CARTESIAN_POINT('',(0.017,0.5,0.1845));
#15310=CARTESIAN_POINT('',(0.03,0.5,0.1945));
#15311=CARTESIAN_POINT('',(0.033,0.5,0.1845));
#15312=CARTESIAN_POINT('',(0.033,0.5,0.1845));
#15313=CARTESIAN_POINT('',(0.033,0.5,0.00619703064071159));
#15314=CARTESIAN_POINT('',(0.033,0.5,0.00619703064071159));
#15315=CARTESIAN_POINT('',(0.067,0.5,0.0061970306407116));
#15316=CARTESIAN_POINT('',(0.067,0.5,0.0061970306407116));
#15317=CARTESIAN_POINT('',(0.067,0.5,0.1845));
#15318=CARTESIAN_POINT('',(0.067,0.5,0.1845));
#15319=CARTESIAN_POINT('',(0.08,0.5,0.1945));
#15320=CARTESIAN_POINT('',(0.083,0.5,0.1845));
#15321=CARTESIAN_POINT('',(0.083,0.5,0.1845));
#15322=CARTESIAN_POINT('',(0.083,0.5,0.00619703064071159));
#15323=CARTESIAN_POINT('',(0.083,0.5,0.00619703064071159));
#15324=CARTESIAN_POINT('',(0.117,0.5,0.0061970306407116));
#15325=CARTESIAN_POINT('',(0.117,0.5,0.0061970306407116));
#15326=CARTESIAN_POINT('',(0.117,0.5,0.1845));
#15327=CARTESIAN_POINT('',(0.117,0.5,0.1845));
#15328=CARTESIAN_POINT('',(0.13,0.5,0.1945));
#15329=CARTESIAN_POINT('',(0.133,0.5,0.1845));
#15330=CARTESIAN_POINT('',(0.133,0.5,0.1845));
#15331=CARTESIAN_POINT('',(0.133,0.5,0.00619703064071159));
#15332=CARTESIAN_POINT('',(0.133,0.5,0.00619703064071159));
#15333=CARTESIAN_POINT('',(0.167,0.5,0.0061970306407116));
#15334=CARTESIAN_POINT('',(0.167,0.5,0.0061970306407116));
#15335=CARTESIAN_POINT('',(0.167,0.5,0.1845));
#15336=CARTESIAN_POINT('',(0.167,0.5,0.1845));
#15337=CARTESIAN_POINT('',(0.18,0.5,0.1945));
#15338=CARTESIAN_POINT('',(0.183,0.5,0.1845));
#15339=CARTESIAN_POINT('',(0.183,0.5,0.1845));
#15340=CARTESIAN_POINT('',(0.183,0.5,0.00619703064071159));
#15341=CARTESIAN_POINT('',(0.183,0.5,0.00619703064071159));
#15342=CARTESIAN_POINT('',(0.217,0.5,0.0061970306407116));
#15343=CARTESIAN_POINT('',(0.217,0.5,0.0061970306407116));
#15344=CARTESIAN_POINT('',(0.217,0.5,0.1845));
#15345=CARTESIAN_POINT('',(0.217,0.5,0.1845));
#15346=CARTESIAN_POINT('',(0.217,0.5,-0.3));
#15347=CARTESIAN_POINT('',(0.217,0.5,-0.00619703064071159));
#15348=CARTESIAN_POINT('',(0.217,0.5,-0.00619703064071159));
#15349=CARTESIAN_POINT('',(0.183,0.5,-0.0061970306407116));
#15350=CARTESIAN_POINT('',(0.183,0.5,-0.0061970306407116));
#15351=CARTESIAN_POINT('',(0.167,0.5,-0.3));
#15352=CARTESIAN_POINT('',(0.167,0.5,-0.00619703064071159));
#15353=CARTESIAN_POINT('',(0.167,0.5,-0.00619703064071159));
#15354=CARTESIAN_POINT('',(0.133,0.5,-0.0061970306407116));
#15355=CARTESIAN_POINT('',(0.133,0.5,-0.0061970306407116));
#15356=CARTESIAN_POINT('',(0.117,0.5,-0.3));
#15357=CARTESIAN_POINT('',(0.117,0.5,-0.00619703064071159));
#15358=CARTESIAN_POINT('',(0.117,0.5,-0.00619703064071159));
#15359=CARTESIAN_POINT('',(0.083,0.5,-0.0061970306407116));
#15360=CARTESIAN_POINT('',(0.083,0.5,-0.0061970306407116));
#15361=CARTESIAN_POINT('',(0.067,0.5,-0.3));
#15362=CARTESIAN_POINT('',(0.067,0.5,-0.00619703064071159));
#15363=CARTESIAN_POINT('',(0.067,0.5,-0.00619703064071159));
#15364=CARTESIAN_POINT('',(0.033,0.5,-0.0061970306407116));
#15365=CARTESIAN_POINT('',(0.033,0.5,-0.0061970306407116));
#15366=CARTESIAN_POINT('',(0.017,0.5,-0.3));
#15367=CARTESIAN_POINT('',(0.017,0.5,-0.00619703064071159));
#15368=CARTESIAN_POINT('',(0.017,0.5,-0.00619703064071159));
#15369=CARTESIAN_POINT('',(-0.017,0.5,-0.0061970306407116));
#15370=CARTESIAN_POINT('',(-0.017,0.5,-0.0061970306407116));
#15371=CARTESIAN_POINT('',(-0.0330000000000001,0.5,-0.3));
#15372=CARTESIAN_POINT('',(-0.0330000000000001,0.5,-0.00619703064071159));
#15373=CARTESIAN_POINT('',(-0.0330000000000001,0.5,-0.00619703064071159));
#15374=CARTESIAN_POINT('',(-0.0670000000000001,0.5,-0.0061970306407116));
#15375=CARTESIAN_POINT('',(-0.0670000000000001,0.5,-0.0061970306407116));
#15376=CARTESIAN_POINT('',(-0.0830000000000001,0.5,-0.3));
#15377=CARTESIAN_POINT('',(-0.0830000000000001,0.5,-0.00619703064071159));
#15378=CARTESIAN_POINT('',(-0.0830000000000001,0.5,-0.00619703064071159));
#15379=CARTESIAN_POINT('',(-0.117,0.5,-0.0061970306407116));
#15380=CARTESIAN_POINT('',(-0.117,0.5,-0.0061970306407116));
#15381=CARTESIAN_POINT('',(-0.133,0.5,-0.3));
#15382=CARTESIAN_POINT('',(-0.133,0.5,-0.00619703064071159));
#15383=CARTESIAN_POINT('',(-0.133,0.5,-0.00619703064071159));
#15384=CARTESIAN_POINT('',(-0.167,0.5,-0.0061970306407116));
#15385=CARTESIAN_POINT('',(-0.167,0.5,-0.0061970306407116));
#15386=CARTESIAN_POINT('',(-0.183,0.5,-0.3));
#15387=CARTESIAN_POINT('',(-0.183,0.5,-0.00619703064071159));
#15388=CARTESIAN_POINT('',(-0.183,0.5,-0.00619703064071159));
#15389=CARTESIAN_POINT('',(-0.217,0.5,-0.0061970306407116));
#15390=CARTESIAN_POINT('',(-0.217,0.5,-0.0061970306407116));
#15391=CARTESIAN_POINT('',(0.217,0.5,-0.3));
#15392=CARTESIAN_POINT('',(0.217,0.5,-0.00619703064071159));
#15393=CARTESIAN_POINT('',(0.217,0.5,-0.00619703064071159));
#15394=CARTESIAN_POINT('',(0.183,0.5,-0.0061970306407116));
#15395=CARTESIAN_POINT('',(0.183,0.5,-0.0061970306407116));
#15396=CARTESIAN_POINT('',(0.167,0.5,-0.3));
#15397=CARTESIAN_POINT('',(0.167,0.5,-0.00619703064071159));
#15398=CARTESIAN_POINT('',(0.167,0.5,-0.00619703064071159));
#15399=CARTESIAN_POINT('',(0.133,0.5,-0.0061970306407116));
#15400=CARTESIAN_POINT('',(0.133,0.5,-0.0061970306407116));
#15401=CARTESIAN_POINT('',(0.117,0.5,-0.3));
#15402=CARTESIAN_POINT('',(0.117,0.5,-0.00619703064071159));
#15403=CARTESIAN_POINT('',(0.117,0.5,-0.00619703064071159));
#15404=CARTESIAN_POINT('',(0.083,0.5,-0.0061970306407116));
#15405=CARTESIAN_POINT('',(0.083,0.5,-0.0061970306407116));
#15406=CARTESIAN_POINT('',(0.067,0.5,-0.3));
#15407=CARTESIAN_POINT('',(0.067,0.5,-0.00619703064071159));
#15408=CARTESIAN_POINT('',(0.067,0.5,-0.00619703064071159));
#15409=CARTESIAN_POINT('',(0.033,0.5,-0.0061970306407116));
#15410=CARTESIAN_POINT('',(0.033,0.5,-0.0061970306407116));
#15411=CARTESIAN_POINT('',(0.017,0.5,-0.3));
#15412=CARTESIAN_POINT('',(0.017,0.5,-0.00619703064071159));
#15413=CARTESIAN_POINT('',(0.017,0.5,-0.00619703064071159));
#15414=CARTESIAN_POINT('',(-0.017,0.5,-0.0061970306407116));
#15415=CARTESIAN_POINT('',(-0.017,0.5,-0.0061970306407116));
#15416=CARTESIAN_POINT('',(-0.0330000000000001,0.5,-0.3));
#15417=CARTESIAN_POINT('',(-0.0330000000000001,0.5,-0.00619703064071159));
#15418=CARTESIAN_POINT('',(-0.0330000000000001,0.5,-0.00619703064071159));
#15419=CARTESIAN_POINT('',(-0.0670000000000001,0.5,-0.0061970306407116));
#15420=CARTESIAN_POINT('',(-0.0670000000000001,0.5,-0.0061970306407116));
#15421=CARTESIAN_POINT('',(-0.0830000000000001,0.5,-0.3));
#15422=CARTESIAN_POINT('',(-0.0830000000000001,0.5,-0.00619703064071159));
#15423=CARTESIAN_POINT('',(-0.0830000000000001,0.5,-0.00619703064071159));
#15424=CARTESIAN_POINT('',(-0.117,0.5,-0.0061970306407116));
#15425=CARTESIAN_POINT('',(-0.117,0.5,-0.0061970306407116));
#15426=CARTESIAN_POINT('',(-0.133,0.5,-0.3));
#15427=CARTESIAN_POINT('',(-0.133,0.5,-0.00619703064071159));
#15428=CARTESIAN_POINT('',(-0.133,0.5,-0.00619703064071159));
#15429=CARTESIAN_POINT('',(-0.167,0.5,-0.0061970306407116));
#15430=CARTESIAN_POINT('',(-0.167,0.5,-0.0061970306407116));
#15431=CARTESIAN_POINT('',(-0.183,0.5,-0.3));
#15432=CARTESIAN_POINT('',(-0.183,0.5,-0.00619703064071159));
#15433=CARTESIAN_POINT('',(-0.183,0.5,-0.00619703064071159));
#15434=CARTESIAN_POINT('',(-0.217,0.5,-0.0061970306407116));
#15435=CARTESIAN_POINT('',(-0.217,0.5,-0.0061970306407116));
#15436=CARTESIAN_POINT('',(-0.22,0.5,0.1945));
#15437=CARTESIAN_POINT('',(-0.217,0.5,0.1845));
#15438=CARTESIAN_POINT('',(-0.217,0.5,0.1845));
#15439=CARTESIAN_POINT('',(-0.217,0.5,0.00619703064071159));
#15440=CARTESIAN_POINT('',(-0.217,0.5,0.00619703064071159));
#15441=CARTESIAN_POINT('',(-0.183,0.5,0.0061970306407116));
#15442=CARTESIAN_POINT('',(-0.183,0.5,0.0061970306407116));
#15443=CARTESIAN_POINT('',(-0.183,0.5,0.1845));
#15444=CARTESIAN_POINT('',(-0.183,0.5,0.1845));
#15445=CARTESIAN_POINT('',(-0.17,0.5,0.1945));
#15446=CARTESIAN_POINT('',(-0.167,0.5,0.1845));
#15447=CARTESIAN_POINT('',(-0.167,0.5,0.1845));
#15448=CARTESIAN_POINT('',(-0.167,0.5,0.00619703064071159));
#15449=CARTESIAN_POINT('',(-0.167,0.5,0.00619703064071159));
#15450=CARTESIAN_POINT('',(-0.133,0.5,0.0061970306407116));
#15451=CARTESIAN_POINT('',(-0.133,0.5,0.0061970306407116));
#15452=CARTESIAN_POINT('',(-0.133,0.5,0.1845));
#15453=CARTESIAN_POINT('',(-0.133,0.5,0.1845));
#15454=CARTESIAN_POINT('',(-0.12,0.5,0.1945));
#15455=CARTESIAN_POINT('',(-0.117,0.5,0.1845));
#15456=CARTESIAN_POINT('',(-0.117,0.5,0.1845));
#15457=CARTESIAN_POINT('',(-0.117,0.5,0.00619703064071159));
#15458=CARTESIAN_POINT('',(-0.117,0.5,0.00619703064071159));
#15459=CARTESIAN_POINT('',(-0.0830000000000001,0.5,0.0061970306407116));
#15460=CARTESIAN_POINT('',(-0.0830000000000001,0.5,0.0061970306407116));
#15461=CARTESIAN_POINT('',(-0.0830000000000001,0.5,0.1845));
#15462=CARTESIAN_POINT('',(-0.0830000000000001,0.5,0.1845));
#15463=CARTESIAN_POINT('',(-0.0700000000000001,0.5,0.1945));
#15464=CARTESIAN_POINT('',(-0.0670000000000001,0.5,0.1845));
#15465=CARTESIAN_POINT('',(-0.0670000000000001,0.5,0.1845));
#15466=CARTESIAN_POINT('',(-0.0670000000000001,0.5,0.00619703064071159));
#15467=CARTESIAN_POINT('',(-0.0670000000000001,0.5,0.00619703064071159));
#15468=CARTESIAN_POINT('',(-0.0330000000000001,0.5,0.0061970306407116));
#15469=CARTESIAN_POINT('',(-0.0330000000000001,0.5,0.0061970306407116));
#15470=CARTESIAN_POINT('',(-0.0330000000000001,0.5,0.1845));
#15471=CARTESIAN_POINT('',(-0.0330000000000001,0.5,0.1845));
#15472=CARTESIAN_POINT('',(-0.02,0.5,0.1945));
#15473=CARTESIAN_POINT('',(-0.017,0.5,0.1845));
#15474=CARTESIAN_POINT('',(-0.017,0.5,0.1845));
#15475=CARTESIAN_POINT('',(-0.017,0.5,0.00619703064071159));
#15476=CARTESIAN_POINT('',(-0.017,0.5,0.00619703064071159));
#15477=CARTESIAN_POINT('',(0.017,0.5,0.0061970306407116));
#15478=CARTESIAN_POINT('',(0.017,0.5,0.0061970306407116));
#15479=CARTESIAN_POINT('',(0.017,0.5,0.1845));
#15480=CARTESIAN_POINT('',(0.017,0.5,0.1845));
#15481=CARTESIAN_POINT('',(0.03,0.5,0.1945));
#15482=CARTESIAN_POINT('',(0.033,0.5,0.1845));
#15483=CARTESIAN_POINT('',(0.033,0.5,0.1845));
#15484=CARTESIAN_POINT('',(0.033,0.5,0.00619703064071159));
#15485=CARTESIAN_POINT('',(0.033,0.5,0.00619703064071159));
#15486=CARTESIAN_POINT('',(0.067,0.5,0.0061970306407116));
#15487=CARTESIAN_POINT('',(0.067,0.5,0.0061970306407116));
#15488=CARTESIAN_POINT('',(0.067,0.5,0.1845));
#15489=CARTESIAN_POINT('',(0.067,0.5,0.1845));
#15490=CARTESIAN_POINT('',(0.08,0.5,0.1945));
#15491=CARTESIAN_POINT('',(0.083,0.5,0.1845));
#15492=CARTESIAN_POINT('',(0.083,0.5,0.1845));
#15493=CARTESIAN_POINT('',(0.083,0.5,0.00619703064071159));
#15494=CARTESIAN_POINT('',(0.083,0.5,0.00619703064071159));
#15495=CARTESIAN_POINT('',(0.117,0.5,0.0061970306407116));
#15496=CARTESIAN_POINT('',(0.117,0.5,0.0061970306407116));
#15497=CARTESIAN_POINT('',(0.117,0.5,0.1845));
#15498=CARTESIAN_POINT('',(0.117,0.5,0.1845));
#15499=CARTESIAN_POINT('',(0.13,0.5,0.1945));
#15500=CARTESIAN_POINT('',(0.133,0.5,0.1845));
#15501=CARTESIAN_POINT('',(0.133,0.5,0.1845));
#15502=CARTESIAN_POINT('',(0.133,0.5,0.00619703064071159));
#15503=CARTESIAN_POINT('',(0.133,0.5,0.00619703064071159));
#15504=CARTESIAN_POINT('',(0.167,0.5,0.0061970306407116));
#15505=CARTESIAN_POINT('',(0.167,0.5,0.0061970306407116));
#15506=CARTESIAN_POINT('',(0.167,0.5,0.1845));
#15507=CARTESIAN_POINT('',(0.167,0.5,0.1845));
#15508=CARTESIAN_POINT('',(0.217,0.5,0.1845));
#15509=CARTESIAN_POINT('',(0.217,0.5,0.1845));
#15510=CARTESIAN_POINT('',(0.217,0.5,0.0061970306407116));
#15511=CARTESIAN_POINT('',(0.217,0.5,0.0061970306407116));
#15512=CARTESIAN_POINT('',(0.183,0.5,0.00619703064071159));
#15513=CARTESIAN_POINT('',(0.183,0.5,0.00619703064071159));
#15514=CARTESIAN_POINT('',(0.183,0.5,0.1845));
#15515=CARTESIAN_POINT('',(0.183,0.5,0.1845));
#15516=CARTESIAN_POINT('',(0.18,0.5,0.1945));
#15517=CARTESIAN_POINT('',(0.,0.,0.));
#15518=MECHANICAL_DESIGN_GEOMETRIC_PRESENTATION_REPRESENTATION('',(#9583,
#9584),#15519);
#15519=(
GEOMETRIC_REPRESENTATION_CONTEXT(3)
GLOBAL_UNCERTAINTY_ASSIGNED_CONTEXT((#15522))
GLOBAL_UNIT_ASSIGNED_CONTEXT((#15527,#15526,#15525))
REPRESENTATION_CONTEXT('FSH-110-04-L-DH-SL-TR',
'TOP_LEVEL_ASSEMBLY_PART')
);
#15520=(
GEOMETRIC_REPRESENTATION_CONTEXT(3)
GLOBAL_UNCERTAINTY_ASSIGNED_CONTEXT((#15523))
GLOBAL_UNIT_ASSIGNED_CONTEXT((#15527,#15526,#15525))
REPRESENTATION_CONTEXT('FSH-110-04-L-DH-SL-TR_body','COMPONENT_PART')
);
#15521=(
GEOMETRIC_REPRESENTATION_CONTEXT(3)
GLOBAL_UNCERTAINTY_ASSIGNED_CONTEXT((#15524))
GLOBAL_UNIT_ASSIGNED_CONTEXT((#15527,#15526,#15525))
REPRESENTATION_CONTEXT('FSH-110-04-L-DH-SL-TR_pins','COMPONENT_PART')
);
#15522=UNCERTAINTY_MEASURE_WITH_UNIT(LENGTH_MEASURE(3.93700787401575E-7),
#15527,'DISTANCE_ACCURACY_VALUE','Maximum Tolerance applied to model');
#15523=UNCERTAINTY_MEASURE_WITH_UNIT(LENGTH_MEASURE(0.00078740157480315),
#15527,'DISTANCE_ACCURACY_VALUE','Maximum Tolerance applied to model');
#15524=UNCERTAINTY_MEASURE_WITH_UNIT(LENGTH_MEASURE(3.93700787401575E-7),
#15527,'DISTANCE_ACCURACY_VALUE','Maximum Tolerance applied to model');
#15525=(
NAMED_UNIT(*)
SI_UNIT($,.STERADIAN.)
SOLID_ANGLE_UNIT()
);
#15526=(
NAMED_UNIT(*)
PLANE_ANGLE_UNIT()
SI_UNIT($,.RADIAN.)
);
#15527=(
CONVERSION_BASED_UNIT('INCH',#15529)
LENGTH_UNIT()
NAMED_UNIT(#15528)
);
#15528=DIMENSIONAL_EXPONENTS(1.,0.,0.,0.,0.,0.,0.);
#15529=LENGTH_MEASURE_WITH_UNIT(LENGTH_MEASURE(25.4),#15530);
#15530=(
LENGTH_UNIT()
NAMED_UNIT(*)
SI_UNIT(.MILLI.,.METRE.)
);
#15531=PRODUCT_DEFINITION_SHAPE('','',#15536);
#15532=PRODUCT_DEFINITION_SHAPE('','',#15537);
#15533=PRODUCT_DEFINITION_SHAPE(' ','NAUO PRDDFN',#21);
#15534=PRODUCT_DEFINITION_SHAPE('','',#15538);
#15535=PRODUCT_DEFINITION_SHAPE(' ','NAUO PRDDFN',#22);
#15536=PRODUCT_DEFINITION('','',#15542,#15539);
#15537=PRODUCT_DEFINITION('','',#15543,#15540);
#15538=PRODUCT_DEFINITION('','',#15544,#15541);
#15539=PRODUCT_DEFINITION_CONTEXT('',#15558,'design');
#15540=PRODUCT_DEFINITION_CONTEXT('',#15558,'design');
#15541=PRODUCT_DEFINITION_CONTEXT('',#15558,'design');
#15542=PRODUCT_DEFINITION_FORMATION_WITH_SPECIFIED_SOURCE('','',#15548,
 .NOT_KNOWN.);
#15543=PRODUCT_DEFINITION_FORMATION_WITH_SPECIFIED_SOURCE('','',#15549,
 .NOT_KNOWN.);
#15544=PRODUCT_DEFINITION_FORMATION_WITH_SPECIFIED_SOURCE('','',#15550,
 .NOT_KNOWN.);
#15545=PRODUCT_RELATED_PRODUCT_CATEGORY('','',(#15548));
#15546=PRODUCT_RELATED_PRODUCT_CATEGORY('','',(#15549));
#15547=PRODUCT_RELATED_PRODUCT_CATEGORY('','',(#15550));
#15548=PRODUCT('FSH-110-04-L-DH-SL-TR','FSH-110-04-L-DH-SL-TR',
'FSH-110-04-L-DH-SL-TR',(#15554));
#15549=PRODUCT('FSH-110-04-L-DH-SL-TR_body',
'FSH-110-04-L-DH-SL-TR_body','FSH-110-04-L-DH-SL-TR_body',(#15555));
#15550=PRODUCT('FSH-110-04-L-DH-SL-TR_pins',
'FSH-110-04-L-DH-SL-TR_pins','FSH-110-04-L-DH-SL-TR_pins',(#15556));
#15551=PRODUCT_CATEGORY('','');
#15552=PRODUCT_CATEGORY('','');
#15553=PRODUCT_CATEGORY('','');
#15554=PRODUCT_CONTEXT('',#15558,'mechanical');
#15555=PRODUCT_CONTEXT('',#15558,'mechanical');
#15556=PRODUCT_CONTEXT('',#15558,'mechanical');
#15557=APPLICATION_PROTOCOL_DEFINITION('international standard',
'automotive_design',2010,#15558);
#15558=APPLICATION_CONTEXT(
'core data for automotive mechanical design processes');
ENDSEC;
END-ISO-10303-21;
