ISO-10303-21;
HEADER;
FILE_DESCRIPTION(('FreeCAD Model'),'2;1');
FILE_NAME('Open CASCADE Shape Model','2026-09-24T16:39:43',('Author'),(
    ''),'Open CASCADE STEP processor 7.8','FreeCAD','Unknown');
FILE_SCHEMA((
'AP242_MANAGED_MODEL_BASED_3D_ENGINEERING_MIM_LF. {1 0 10303 442 1 1 4 
}'));
ENDSEC;
DATA;
#1 = APPLICATION_PROTOCOL_DEFINITION('international standard',
  'ap242_managed_model_based_3d_engineering',2013,#2);
#2 = APPLICATION_CONTEXT('Managed model based 3d engineering');
#3 = SHAPE_DEFINITION_REPRESENTATION(#4,#10);
#4 = PRODUCT_DEFINITION_SHAPE('','',#5);
#5 = PRODUCT_DEFINITION('design','',#6,#9);
#6 = PRODUCT_DEFINITION_FORMATION('','',#7);
#7 = PRODUCT('kamioka_short_pcb','kamioka_short_pcb','',(#8));
#8 = PRODUCT_CONTEXT('',#2,'mechanical');
#9 = PRODUCT_DEFINITION_CONTEXT('part definition',#2,'design');
#10 = SHAPE_REPRESENTATION('',(#11,#15,#19),#23);
#11 = AXIS2_PLACEMENT_3D('',#12,#13,#14);
#12 = CARTESIAN_POINT('',(0.,0.,0.));
#13 = DIRECTION('',(0.,0.,1.));
#14 = DIRECTION('',(1.,0.,-0.));
#15 = AXIS2_PLACEMENT_3D('',#16,#17,#18);
#16 = CARTESIAN_POINT('',(0.,0.,0.));
#17 = DIRECTION('',(0.,0.,1.));
#18 = DIRECTION('',(1.,0.,0.));
#19 = AXIS2_PLACEMENT_3D('',#20,#21,#22);
#20 = CARTESIAN_POINT('',(0.,0.,0.));
#21 = DIRECTION('',(0.,0.,1.));
#22 = DIRECTION('',(1.,0.,0.));
#23 = ( GEOMETRIC_REPRESENTATION_CONTEXT(3) 
GLOBAL_UNCERTAINTY_ASSIGNED_CONTEXT((#27)) GLOBAL_UNIT_ASSIGNED_CONTEXT(
(#24,#25,#26)) REPRESENTATION_CONTEXT('Context #1',
  '3D Context with UNIT and UNCERTAINTY') );
#24 = ( LENGTH_UNIT() NAMED_UNIT(*) SI_UNIT(.MILLI.,.METRE.) );
#25 = ( NAMED_UNIT(*) PLANE_ANGLE_UNIT() SI_UNIT($,.RADIAN.) );
#26 = ( NAMED_UNIT(*) SI_UNIT($,.STERADIAN.) SOLID_ANGLE_UNIT() );
#27 = UNCERTAINTY_MEASURE_WITH_UNIT(LENGTH_MEASURE(1.E-07),#24,
  'distance_accuracy_value','confusion accuracy');
#28 = PRODUCT_RELATED_PRODUCT_CATEGORY('part',$,(#7));
#29 = SHAPE_DEFINITION_REPRESENTATION(#30,#36);
#30 = PRODUCT_DEFINITION_SHAPE('','',#31);
#31 = PRODUCT_DEFINITION('design','',#32,#35);
#32 = PRODUCT_DEFINITION_FORMATION('','',#33);
#33 = PRODUCT('Board_Geoms_93b0','Board_Geoms_93b0','',(#34));
#34 = PRODUCT_CONTEXT('',#2,'mechanical');
#35 = PRODUCT_DEFINITION_CONTEXT('part definition',#2,'design');
#36 = SHAPE_REPRESENTATION('',(#11,#37),#41);
#37 = AXIS2_PLACEMENT_3D('',#38,#39,#40);
#38 = CARTESIAN_POINT('',(0.,0.,0.));
#39 = DIRECTION('',(0.,0.,1.));
#40 = DIRECTION('',(1.,0.,0.));
#41 = ( GEOMETRIC_REPRESENTATION_CONTEXT(3) 
GLOBAL_UNCERTAINTY_ASSIGNED_CONTEXT((#45)) GLOBAL_UNIT_ASSIGNED_CONTEXT(
(#42,#43,#44)) REPRESENTATION_CONTEXT('Context #1',
  '3D Context with UNIT and UNCERTAINTY') );
#42 = ( LENGTH_UNIT() NAMED_UNIT(*) SI_UNIT(.MILLI.,.METRE.) );
#43 = ( NAMED_UNIT(*) PLANE_ANGLE_UNIT() SI_UNIT($,.RADIAN.) );
#44 = ( NAMED_UNIT(*) SI_UNIT($,.STERADIAN.) SOLID_ANGLE_UNIT() );
#45 = UNCERTAINTY_MEASURE_WITH_UNIT(LENGTH_MEASURE(1.E-07),#42,
  'distance_accuracy_value','confusion accuracy');
#46 = CONTEXT_DEPENDENT_SHAPE_REPRESENTATION(#47,#49);
#47 = ( REPRESENTATION_RELATIONSHIP('','',#36,#10) 
REPRESENTATION_RELATIONSHIP_WITH_TRANSFORMATION(#48) 
SHAPE_REPRESENTATION_RELATIONSHIP() );
#48 = ITEM_DEFINED_TRANSFORMATION('','',#11,#15);
#49 = PRODUCT_DEFINITION_SHAPE('Placement','Placement of an item',#50);
#50 = NEXT_ASSEMBLY_USAGE_OCCURRENCE('266','Board_Geoms_93b0','',#5,#31,
  $);
#51 = PRODUCT_RELATED_PRODUCT_CATEGORY('part',$,(#33));
#52 = SHAPE_DEFINITION_REPRESENTATION(#53,#59);
#53 = PRODUCT_DEFINITION_SHAPE('','',#54);
#54 = PRODUCT_DEFINITION('design','',#55,#58);
#55 = PRODUCT_DEFINITION_FORMATION('','',#56);
#56 = PRODUCT('Pcb_93b0','Pcb_93b0','',(#57));
#57 = PRODUCT_CONTEXT('',#2,'mechanical');
#58 = PRODUCT_DEFINITION_CONTEXT('part definition',#2,'design');
#59 = ADVANCED_BREP_SHAPE_REPRESENTATION('',(#11,#60),#2764);
#60 = MANIFOLD_SOLID_BREP('',#61);
#61 = CLOSED_SHELL('',(#62,#102,#133,#164,#186,#219,#252,#285,#318,#351,
    #384,#417,#450,#483,#516,#549,#582,#615,#648,#681,#714,#747,#780,
    #813,#846,#879,#912,#945,#978,#1011,#1044,#1077,#1110,#1143,#1176,
    #1209,#1249,#1280,#1311,#1333,#1366,#1399,#1432,#1465,#1498,#1531,
    #1564,#1597,#1630,#1663,#1696,#1729,#1762,#1795,#1828,#1861,#1894,
    #1927,#1960,#1993,#2026,#2059,#2092,#2125,#2158,#2191,#2224,#2257,
    #2290,#2323,#2356,#2560));
#62 = ADVANCED_FACE('',(#63),#97,.F.);
#63 = FACE_BOUND('',#64,.F.);
#64 = EDGE_LOOP('',(#65,#75,#83,#91));
#65 = ORIENTED_EDGE('',*,*,#66,.T.);
#66 = EDGE_CURVE('',#67,#69,#71,.T.);
#67 = VERTEX_POINT('',#68);
#68 = CARTESIAN_POINT('',(45.,-45.,0.));
#69 = VERTEX_POINT('',#70);
#70 = CARTESIAN_POINT('',(45.,-45.,-1.6));
#71 = LINE('',#72,#73);
#72 = CARTESIAN_POINT('',(45.,-45.,0.));
#73 = VECTOR('',#74,1.);
#74 = DIRECTION('',(0.,0.,-1.));
#75 = ORIENTED_EDGE('',*,*,#76,.T.);
#76 = EDGE_CURVE('',#69,#77,#79,.T.);
#77 = VERTEX_POINT('',#78);
#78 = CARTESIAN_POINT('',(310.,-45.,-1.6));
#79 = LINE('',#80,#81);
#80 = CARTESIAN_POINT('',(45.,-45.,-1.6));
#81 = VECTOR('',#82,1.);
#82 = DIRECTION('',(1.,0.,0.));
#83 = ORIENTED_EDGE('',*,*,#84,.F.);
#84 = EDGE_CURVE('',#85,#77,#87,.T.);
#85 = VERTEX_POINT('',#86);
#86 = CARTESIAN_POINT('',(310.,-45.,0.));
#87 = LINE('',#88,#89);
#88 = CARTESIAN_POINT('',(310.,-45.,0.));
#89 = VECTOR('',#90,1.);
#90 = DIRECTION('',(0.,0.,-1.));
#91 = ORIENTED_EDGE('',*,*,#92,.F.);
#92 = EDGE_CURVE('',#67,#85,#93,.T.);
#93 = LINE('',#94,#95);
#94 = CARTESIAN_POINT('',(45.,-45.,0.));
#95 = VECTOR('',#96,1.);
#96 = DIRECTION('',(1.,0.,0.));
#97 = PLANE('',#98);
#98 = AXIS2_PLACEMENT_3D('',#99,#100,#101);
#99 = CARTESIAN_POINT('',(45.,-45.,0.));
#100 = DIRECTION('',(0.,-1.,0.));
#101 = DIRECTION('',(1.,0.,0.));
#102 = ADVANCED_FACE('',(#103),#128,.F.);
#103 = FACE_BOUND('',#104,.F.);
#104 = EDGE_LOOP('',(#105,#115,#121,#122));
#105 = ORIENTED_EDGE('',*,*,#106,.T.);
#106 = EDGE_CURVE('',#107,#109,#111,.T.);
#107 = VERTEX_POINT('',#108);
#108 = CARTESIAN_POINT('',(45.,-75.,0.));
#109 = VERTEX_POINT('',#110);
#110 = CARTESIAN_POINT('',(45.,-75.,-1.6));
#111 = LINE('',#112,#113);
#112 = CARTESIAN_POINT('',(45.,-75.,0.));
#113 = VECTOR('',#114,1.);
#114 = DIRECTION('',(0.,0.,-1.));
#115 = ORIENTED_EDGE('',*,*,#116,.T.);
#116 = EDGE_CURVE('',#109,#69,#117,.T.);
#117 = LINE('',#118,#119);
#118 = CARTESIAN_POINT('',(45.,-75.,-1.6));
#119 = VECTOR('',#120,1.);
#120 = DIRECTION('',(0.,1.,0.));
#121 = ORIENTED_EDGE('',*,*,#66,.F.);
#122 = ORIENTED_EDGE('',*,*,#123,.F.);
#123 = EDGE_CURVE('',#107,#67,#124,.T.);
#124 = LINE('',#125,#126);
#125 = CARTESIAN_POINT('',(45.,-75.,0.));
#126 = VECTOR('',#127,1.);
#127 = DIRECTION('',(0.,1.,0.));
#128 = PLANE('',#129);
#129 = AXIS2_PLACEMENT_3D('',#130,#131,#132);
#130 = CARTESIAN_POINT('',(45.,-75.,0.));
#131 = DIRECTION('',(1.,-0.,0.));
#132 = DIRECTION('',(0.,1.,0.));
#133 = ADVANCED_FACE('',(#134),#159,.F.);
#134 = FACE_BOUND('',#135,.F.);
#135 = EDGE_LOOP('',(#136,#137,#145,#153));
#136 = ORIENTED_EDGE('',*,*,#84,.T.);
#137 = ORIENTED_EDGE('',*,*,#138,.T.);
#138 = EDGE_CURVE('',#77,#139,#141,.T.);
#139 = VERTEX_POINT('',#140);
#140 = CARTESIAN_POINT('',(310.,-75.,-1.6));
#141 = LINE('',#142,#143);
#142 = CARTESIAN_POINT('',(310.,-45.,-1.6));
#143 = VECTOR('',#144,1.);
#144 = DIRECTION('',(0.,-1.,0.));
#145 = ORIENTED_EDGE('',*,*,#146,.F.);
#146 = EDGE_CURVE('',#147,#139,#149,.T.);
#147 = VERTEX_POINT('',#148);
#148 = CARTESIAN_POINT('',(310.,-75.,0.));
#149 = LINE('',#150,#151);
#150 = CARTESIAN_POINT('',(310.,-75.,0.));
#151 = VECTOR('',#152,1.);
#152 = DIRECTION('',(0.,0.,-1.));
#153 = ORIENTED_EDGE('',*,*,#154,.F.);
#154 = EDGE_CURVE('',#85,#147,#155,.T.);
#155 = LINE('',#156,#157);
#156 = CARTESIAN_POINT('',(310.,-45.,0.));
#157 = VECTOR('',#158,1.);
#158 = DIRECTION('',(0.,-1.,0.));
#159 = PLANE('',#160);
#160 = AXIS2_PLACEMENT_3D('',#161,#162,#163);
#161 = CARTESIAN_POINT('',(310.,-45.,0.));
#162 = DIRECTION('',(-1.,-0.,-0.));
#163 = DIRECTION('',(0.,-1.,0.));
#164 = ADVANCED_FACE('',(#165),#181,.F.);
#165 = FACE_BOUND('',#166,.F.);
#166 = EDGE_LOOP('',(#167,#168,#174,#175));
#167 = ORIENTED_EDGE('',*,*,#146,.T.);
#168 = ORIENTED_EDGE('',*,*,#169,.T.);
#169 = EDGE_CURVE('',#139,#109,#170,.T.);
#170 = LINE('',#171,#172);
#171 = CARTESIAN_POINT('',(310.,-75.,-1.6));
#172 = VECTOR('',#173,1.);
#173 = DIRECTION('',(-1.,0.,0.));
#174 = ORIENTED_EDGE('',*,*,#106,.F.);
#175 = ORIENTED_EDGE('',*,*,#176,.F.);
#176 = EDGE_CURVE('',#147,#107,#177,.T.);
#177 = LINE('',#178,#179);
#178 = CARTESIAN_POINT('',(310.,-75.,0.));
#179 = VECTOR('',#180,1.);
#180 = DIRECTION('',(-1.,0.,0.));
#181 = PLANE('',#182);
#182 = AXIS2_PLACEMENT_3D('',#183,#184,#185);
#183 = CARTESIAN_POINT('',(310.,-75.,0.));
#184 = DIRECTION('',(0.,1.,0.));
#185 = DIRECTION('',(-1.,0.,0.));
#186 = ADVANCED_FACE('',(#187),#214,.F.);
#187 = FACE_BOUND('',#188,.F.);
#188 = EDGE_LOOP('',(#189,#199,#206,#207));
#189 = ORIENTED_EDGE('',*,*,#190,.T.);
#190 = EDGE_CURVE('',#191,#193,#195,.T.);
#191 = VERTEX_POINT('',#192);
#192 = CARTESIAN_POINT('',(299.8255,-69.22,0.));
#193 = VERTEX_POINT('',#194);
#194 = CARTESIAN_POINT('',(299.8255,-69.22,-1.6));
#195 = LINE('',#196,#197);
#196 = CARTESIAN_POINT('',(299.8255,-69.22,0.));
#197 = VECTOR('',#198,1.);
#198 = DIRECTION('',(0.,0.,-1.));
#199 = ORIENTED_EDGE('',*,*,#200,.T.);
#200 = EDGE_CURVE('',#193,#193,#201,.T.);
#201 = CIRCLE('',#202,0.3555);
#202 = AXIS2_PLACEMENT_3D('',#203,#204,#205);
#203 = CARTESIAN_POINT('',(299.47,-69.22,-1.6));
#204 = DIRECTION('',(0.,0.,1.));
#205 = DIRECTION('',(1.,0.,-0.));
#206 = ORIENTED_EDGE('',*,*,#190,.F.);
#207 = ORIENTED_EDGE('',*,*,#208,.F.);
#208 = EDGE_CURVE('',#191,#191,#209,.T.);
#209 = CIRCLE('',#210,0.3555);
#210 = AXIS2_PLACEMENT_3D('',#211,#212,#213);
#211 = CARTESIAN_POINT('',(299.47,-69.22,0.));
#212 = DIRECTION('',(0.,0.,1.));
#213 = DIRECTION('',(1.,0.,-0.));
#214 = CYLINDRICAL_SURFACE('',#215,0.3555);
#215 = AXIS2_PLACEMENT_3D('',#216,#217,#218);
#216 = CARTESIAN_POINT('',(299.47,-69.22,0.));
#217 = DIRECTION('',(0.,0.,1.));
#218 = DIRECTION('',(1.,0.,-0.));
#219 = ADVANCED_FACE('',(#220),#247,.F.);
#220 = FACE_BOUND('',#221,.F.);
#221 = EDGE_LOOP('',(#222,#232,#239,#240));
#222 = ORIENTED_EDGE('',*,*,#223,.T.);
#223 = EDGE_CURVE('',#224,#226,#228,.T.);
#224 = VERTEX_POINT('',#225);
#225 = CARTESIAN_POINT('',(297.2855,-69.22,0.));
#226 = VERTEX_POINT('',#227);
#227 = CARTESIAN_POINT('',(297.2855,-69.22,-1.6));
#228 = LINE('',#229,#230);
#229 = CARTESIAN_POINT('',(297.2855,-69.22,0.));
#230 = VECTOR('',#231,1.);
#231 = DIRECTION('',(0.,0.,-1.));
#232 = ORIENTED_EDGE('',*,*,#233,.T.);
#233 = EDGE_CURVE('',#226,#226,#234,.T.);
#234 = CIRCLE('',#235,0.3555);
#235 = AXIS2_PLACEMENT_3D('',#236,#237,#238);
#236 = CARTESIAN_POINT('',(296.93,-69.22,-1.6));
#237 = DIRECTION('',(0.,0.,1.));
#238 = DIRECTION('',(1.,0.,-0.));
#239 = ORIENTED_EDGE('',*,*,#223,.F.);
#240 = ORIENTED_EDGE('',*,*,#241,.F.);
#241 = EDGE_CURVE('',#224,#224,#242,.T.);
#242 = CIRCLE('',#243,0.3555);
#243 = AXIS2_PLACEMENT_3D('',#244,#245,#246);
#244 = CARTESIAN_POINT('',(296.93,-69.22,0.));
#245 = DIRECTION('',(0.,0.,1.));
#246 = DIRECTION('',(1.,0.,-0.));
#247 = CYLINDRICAL_SURFACE('',#248,0.3555);
#248 = AXIS2_PLACEMENT_3D('',#249,#250,#251);
#249 = CARTESIAN_POINT('',(296.93,-69.22,0.));
#250 = DIRECTION('',(0.,0.,1.));
#251 = DIRECTION('',(1.,0.,-0.));
#252 = ADVANCED_FACE('',(#253),#280,.F.);
#253 = FACE_BOUND('',#254,.F.);
#254 = EDGE_LOOP('',(#255,#265,#272,#273));
#255 = ORIENTED_EDGE('',*,*,#256,.T.);
#256 = EDGE_CURVE('',#257,#259,#261,.T.);
#257 = VERTEX_POINT('',#258);
#258 = CARTESIAN_POINT('',(294.7455,-69.22,0.));
#259 = VERTEX_POINT('',#260);
#260 = CARTESIAN_POINT('',(294.7455,-69.22,-1.6));
#261 = LINE('',#262,#263);
#262 = CARTESIAN_POINT('',(294.7455,-69.22,0.));
#263 = VECTOR('',#264,1.);
#264 = DIRECTION('',(0.,0.,-1.));
#265 = ORIENTED_EDGE('',*,*,#266,.T.);
#266 = EDGE_CURVE('',#259,#259,#267,.T.);
#267 = CIRCLE('',#268,0.3555);
#268 = AXIS2_PLACEMENT_3D('',#269,#270,#271);
#269 = CARTESIAN_POINT('',(294.39,-69.22,-1.6));
#270 = DIRECTION('',(0.,0.,1.));
#271 = DIRECTION('',(1.,0.,-0.));
#272 = ORIENTED_EDGE('',*,*,#256,.F.);
#273 = ORIENTED_EDGE('',*,*,#274,.F.);
#274 = EDGE_CURVE('',#257,#257,#275,.T.);
#275 = CIRCLE('',#276,0.3555);
#276 = AXIS2_PLACEMENT_3D('',#277,#278,#279);
#277 = CARTESIAN_POINT('',(294.39,-69.22,0.));
#278 = DIRECTION('',(0.,0.,1.));
#279 = DIRECTION('',(1.,0.,-0.));
#280 = CYLINDRICAL_SURFACE('',#281,0.3555);
#281 = AXIS2_PLACEMENT_3D('',#282,#283,#284);
#282 = CARTESIAN_POINT('',(294.39,-69.22,0.));
#283 = DIRECTION('',(0.,0.,1.));
#284 = DIRECTION('',(1.,0.,-0.));
#285 = ADVANCED_FACE('',(#286),#313,.F.);
#286 = FACE_BOUND('',#287,.F.);
#287 = EDGE_LOOP('',(#288,#298,#305,#306));
#288 = ORIENTED_EDGE('',*,*,#289,.T.);
#289 = EDGE_CURVE('',#290,#292,#294,.T.);
#290 = VERTEX_POINT('',#291);
#291 = CARTESIAN_POINT('',(292.2055,-69.22,0.));
#292 = VERTEX_POINT('',#293);
#293 = CARTESIAN_POINT('',(292.2055,-69.22,-1.6));
#294 = LINE('',#295,#296);
#295 = CARTESIAN_POINT('',(292.2055,-69.22,0.));
#296 = VECTOR('',#297,1.);
#297 = DIRECTION('',(0.,0.,-1.));
#298 = ORIENTED_EDGE('',*,*,#299,.T.);
#299 = EDGE_CURVE('',#292,#292,#300,.T.);
#300 = CIRCLE('',#301,0.3555);
#301 = AXIS2_PLACEMENT_3D('',#302,#303,#304);
#302 = CARTESIAN_POINT('',(291.85,-69.22,-1.6));
#303 = DIRECTION('',(0.,0.,1.));
#304 = DIRECTION('',(1.,0.,-0.));
#305 = ORIENTED_EDGE('',*,*,#289,.F.);
#306 = ORIENTED_EDGE('',*,*,#307,.F.);
#307 = EDGE_CURVE('',#290,#290,#308,.T.);
#308 = CIRCLE('',#309,0.3555);
#309 = AXIS2_PLACEMENT_3D('',#310,#311,#312);
#310 = CARTESIAN_POINT('',(291.85,-69.22,0.));
#311 = DIRECTION('',(0.,0.,1.));
#312 = DIRECTION('',(1.,0.,-0.));
#313 = CYLINDRICAL_SURFACE('',#314,0.3555);
#314 = AXIS2_PLACEMENT_3D('',#315,#316,#317);
#315 = CARTESIAN_POINT('',(291.85,-69.22,0.));
#316 = DIRECTION('',(0.,0.,1.));
#317 = DIRECTION('',(1.,0.,-0.));
#318 = ADVANCED_FACE('',(#319),#346,.F.);
#319 = FACE_BOUND('',#320,.F.);
#320 = EDGE_LOOP('',(#321,#331,#338,#339));
#321 = ORIENTED_EDGE('',*,*,#322,.T.);
#322 = EDGE_CURVE('',#323,#325,#327,.T.);
#323 = VERTEX_POINT('',#324);
#324 = CARTESIAN_POINT('',(289.6655,-69.22,0.));
#325 = VERTEX_POINT('',#326);
#326 = CARTESIAN_POINT('',(289.6655,-69.22,-1.6));
#327 = LINE('',#328,#329);
#328 = CARTESIAN_POINT('',(289.6655,-69.22,0.));
#329 = VECTOR('',#330,1.);
#330 = DIRECTION('',(0.,0.,-1.));
#331 = ORIENTED_EDGE('',*,*,#332,.T.);
#332 = EDGE_CURVE('',#325,#325,#333,.T.);
#333 = CIRCLE('',#334,0.3555);
#334 = AXIS2_PLACEMENT_3D('',#335,#336,#337);
#335 = CARTESIAN_POINT('',(289.31,-69.22,-1.6));
#336 = DIRECTION('',(0.,0.,1.));
#337 = DIRECTION('',(1.,0.,-0.));
#338 = ORIENTED_EDGE('',*,*,#322,.F.);
#339 = ORIENTED_EDGE('',*,*,#340,.F.);
#340 = EDGE_CURVE('',#323,#323,#341,.T.);
#341 = CIRCLE('',#342,0.3555);
#342 = AXIS2_PLACEMENT_3D('',#343,#344,#345);
#343 = CARTESIAN_POINT('',(289.31,-69.22,0.));
#344 = DIRECTION('',(0.,0.,1.));
#345 = DIRECTION('',(1.,0.,-0.));
#346 = CYLINDRICAL_SURFACE('',#347,0.3555);
#347 = AXIS2_PLACEMENT_3D('',#348,#349,#350);
#348 = CARTESIAN_POINT('',(289.31,-69.22,0.));
#349 = DIRECTION('',(0.,0.,1.));
#350 = DIRECTION('',(1.,0.,-0.));
#351 = ADVANCED_FACE('',(#352),#379,.F.);
#352 = FACE_BOUND('',#353,.F.);
#353 = EDGE_LOOP('',(#354,#364,#371,#372));
#354 = ORIENTED_EDGE('',*,*,#355,.T.);
#355 = EDGE_CURVE('',#356,#358,#360,.T.);
#356 = VERTEX_POINT('',#357);
#357 = CARTESIAN_POINT('',(287.1255,-69.22,0.));
#358 = VERTEX_POINT('',#359);
#359 = CARTESIAN_POINT('',(287.1255,-69.22,-1.6));
#360 = LINE('',#361,#362);
#361 = CARTESIAN_POINT('',(287.1255,-69.22,0.));
#362 = VECTOR('',#363,1.);
#363 = DIRECTION('',(0.,0.,-1.));
#364 = ORIENTED_EDGE('',*,*,#365,.T.);
#365 = EDGE_CURVE('',#358,#358,#366,.T.);
#366 = CIRCLE('',#367,0.3555);
#367 = AXIS2_PLACEMENT_3D('',#368,#369,#370);
#368 = CARTESIAN_POINT('',(286.77,-69.22,-1.6));
#369 = DIRECTION('',(0.,0.,1.));
#370 = DIRECTION('',(1.,0.,-0.));
#371 = ORIENTED_EDGE('',*,*,#355,.F.);
#372 = ORIENTED_EDGE('',*,*,#373,.F.);
#373 = EDGE_CURVE('',#356,#356,#374,.T.);
#374 = CIRCLE('',#375,0.3555);
#375 = AXIS2_PLACEMENT_3D('',#376,#377,#378);
#376 = CARTESIAN_POINT('',(286.77,-69.22,0.));
#377 = DIRECTION('',(0.,0.,1.));
#378 = DIRECTION('',(1.,0.,-0.));
#379 = CYLINDRICAL_SURFACE('',#380,0.3555);
#380 = AXIS2_PLACEMENT_3D('',#381,#382,#383);
#381 = CARTESIAN_POINT('',(286.77,-69.22,0.));
#382 = DIRECTION('',(0.,0.,1.));
#383 = DIRECTION('',(1.,0.,-0.));
#384 = ADVANCED_FACE('',(#385),#412,.F.);
#385 = FACE_BOUND('',#386,.F.);
#386 = EDGE_LOOP('',(#387,#397,#404,#405));
#387 = ORIENTED_EDGE('',*,*,#388,.T.);
#388 = EDGE_CURVE('',#389,#391,#393,.T.);
#389 = VERTEX_POINT('',#390);
#390 = CARTESIAN_POINT('',(284.5855,-69.22,0.));
#391 = VERTEX_POINT('',#392);
#392 = CARTESIAN_POINT('',(284.5855,-69.22,-1.6));
#393 = LINE('',#394,#395);
#394 = CARTESIAN_POINT('',(284.5855,-69.22,0.));
#395 = VECTOR('',#396,1.);
#396 = DIRECTION('',(0.,0.,-1.));
#397 = ORIENTED_EDGE('',*,*,#398,.T.);
#398 = EDGE_CURVE('',#391,#391,#399,.T.);
#399 = CIRCLE('',#400,0.3555);
#400 = AXIS2_PLACEMENT_3D('',#401,#402,#403);
#401 = CARTESIAN_POINT('',(284.23,-69.22,-1.6));
#402 = DIRECTION('',(0.,0.,1.));
#403 = DIRECTION('',(1.,0.,-0.));
#404 = ORIENTED_EDGE('',*,*,#388,.F.);
#405 = ORIENTED_EDGE('',*,*,#406,.F.);
#406 = EDGE_CURVE('',#389,#389,#407,.T.);
#407 = CIRCLE('',#408,0.3555);
#408 = AXIS2_PLACEMENT_3D('',#409,#410,#411);
#409 = CARTESIAN_POINT('',(284.23,-69.22,0.));
#410 = DIRECTION('',(0.,0.,1.));
#411 = DIRECTION('',(1.,0.,-0.));
#412 = CYLINDRICAL_SURFACE('',#413,0.3555);
#413 = AXIS2_PLACEMENT_3D('',#414,#415,#416);
#414 = CARTESIAN_POINT('',(284.23,-69.22,0.));
#415 = DIRECTION('',(0.,0.,1.));
#416 = DIRECTION('',(1.,0.,-0.));
#417 = ADVANCED_FACE('',(#418),#445,.F.);
#418 = FACE_BOUND('',#419,.F.);
#419 = EDGE_LOOP('',(#420,#430,#437,#438));
#420 = ORIENTED_EDGE('',*,*,#421,.T.);
#421 = EDGE_CURVE('',#422,#424,#426,.T.);
#422 = VERTEX_POINT('',#423);
#423 = CARTESIAN_POINT('',(282.0455,-69.22,0.));
#424 = VERTEX_POINT('',#425);
#425 = CARTESIAN_POINT('',(282.0455,-69.22,-1.6));
#426 = LINE('',#427,#428);
#427 = CARTESIAN_POINT('',(282.0455,-69.22,0.));
#428 = VECTOR('',#429,1.);
#429 = DIRECTION('',(0.,0.,-1.));
#430 = ORIENTED_EDGE('',*,*,#431,.T.);
#431 = EDGE_CURVE('',#424,#424,#432,.T.);
#432 = CIRCLE('',#433,0.3555);
#433 = AXIS2_PLACEMENT_3D('',#434,#435,#436);
#434 = CARTESIAN_POINT('',(281.69,-69.22,-1.6));
#435 = DIRECTION('',(0.,0.,1.));
#436 = DIRECTION('',(1.,0.,-0.));
#437 = ORIENTED_EDGE('',*,*,#421,.F.);
#438 = ORIENTED_EDGE('',*,*,#439,.F.);
#439 = EDGE_CURVE('',#422,#422,#440,.T.);
#440 = CIRCLE('',#441,0.3555);
#441 = AXIS2_PLACEMENT_3D('',#442,#443,#444);
#442 = CARTESIAN_POINT('',(281.69,-69.22,0.));
#443 = DIRECTION('',(0.,0.,1.));
#444 = DIRECTION('',(1.,0.,-0.));
#445 = CYLINDRICAL_SURFACE('',#446,0.3555);
#446 = AXIS2_PLACEMENT_3D('',#447,#448,#449);
#447 = CARTESIAN_POINT('',(281.69,-69.22,0.));
#448 = DIRECTION('',(0.,0.,1.));
#449 = DIRECTION('',(1.,0.,-0.));
#450 = ADVANCED_FACE('',(#451),#478,.F.);
#451 = FACE_BOUND('',#452,.F.);
#452 = EDGE_LOOP('',(#453,#463,#470,#471));
#453 = ORIENTED_EDGE('',*,*,#454,.T.);
#454 = EDGE_CURVE('',#455,#457,#459,.T.);
#455 = VERTEX_POINT('',#456);
#456 = CARTESIAN_POINT('',(279.5055,-69.22,0.));
#457 = VERTEX_POINT('',#458);
#458 = CARTESIAN_POINT('',(279.5055,-69.22,-1.6));
#459 = LINE('',#460,#461);
#460 = CARTESIAN_POINT('',(279.5055,-69.22,0.));
#461 = VECTOR('',#462,1.);
#462 = DIRECTION('',(0.,0.,-1.));
#463 = ORIENTED_EDGE('',*,*,#464,.T.);
#464 = EDGE_CURVE('',#457,#457,#465,.T.);
#465 = CIRCLE('',#466,0.3555);
#466 = AXIS2_PLACEMENT_3D('',#467,#468,#469);
#467 = CARTESIAN_POINT('',(279.15,-69.22,-1.6));
#468 = DIRECTION('',(0.,0.,1.));
#469 = DIRECTION('',(1.,0.,-0.));
#470 = ORIENTED_EDGE('',*,*,#454,.F.);
#471 = ORIENTED_EDGE('',*,*,#472,.F.);
#472 = EDGE_CURVE('',#455,#455,#473,.T.);
#473 = CIRCLE('',#474,0.3555);
#474 = AXIS2_PLACEMENT_3D('',#475,#476,#477);
#475 = CARTESIAN_POINT('',(279.15,-69.22,0.));
#476 = DIRECTION('',(0.,0.,1.));
#477 = DIRECTION('',(1.,0.,-0.));
#478 = CYLINDRICAL_SURFACE('',#479,0.3555);
#479 = AXIS2_PLACEMENT_3D('',#480,#481,#482);
#480 = CARTESIAN_POINT('',(279.15,-69.22,0.));
#481 = DIRECTION('',(0.,0.,1.));
#482 = DIRECTION('',(1.,0.,-0.));
#483 = ADVANCED_FACE('',(#484),#511,.F.);
#484 = FACE_BOUND('',#485,.F.);
#485 = EDGE_LOOP('',(#486,#496,#503,#504));
#486 = ORIENTED_EDGE('',*,*,#487,.T.);
#487 = EDGE_CURVE('',#488,#490,#492,.T.);
#488 = VERTEX_POINT('',#489);
#489 = CARTESIAN_POINT('',(276.9655,-69.22,0.));
#490 = VERTEX_POINT('',#491);
#491 = CARTESIAN_POINT('',(276.9655,-69.22,-1.6));
#492 = LINE('',#493,#494);
#493 = CARTESIAN_POINT('',(276.9655,-69.22,0.));
#494 = VECTOR('',#495,1.);
#495 = DIRECTION('',(0.,0.,-1.));
#496 = ORIENTED_EDGE('',*,*,#497,.T.);
#497 = EDGE_CURVE('',#490,#490,#498,.T.);
#498 = CIRCLE('',#499,0.3555);
#499 = AXIS2_PLACEMENT_3D('',#500,#501,#502);
#500 = CARTESIAN_POINT('',(276.61,-69.22,-1.6));
#501 = DIRECTION('',(0.,0.,1.));
#502 = DIRECTION('',(1.,0.,-0.));
#503 = ORIENTED_EDGE('',*,*,#487,.F.);
#504 = ORIENTED_EDGE('',*,*,#505,.F.);
#505 = EDGE_CURVE('',#488,#488,#506,.T.);
#506 = CIRCLE('',#507,0.3555);
#507 = AXIS2_PLACEMENT_3D('',#508,#509,#510);
#508 = CARTESIAN_POINT('',(276.61,-69.22,0.));
#509 = DIRECTION('',(0.,0.,1.));
#510 = DIRECTION('',(1.,0.,-0.));
#511 = CYLINDRICAL_SURFACE('',#512,0.3555);
#512 = AXIS2_PLACEMENT_3D('',#513,#514,#515);
#513 = CARTESIAN_POINT('',(276.61,-69.22,0.));
#514 = DIRECTION('',(0.,0.,1.));
#515 = DIRECTION('',(1.,0.,-0.));
#516 = ADVANCED_FACE('',(#517),#544,.F.);
#517 = FACE_BOUND('',#518,.F.);
#518 = EDGE_LOOP('',(#519,#529,#536,#537));
#519 = ORIENTED_EDGE('',*,*,#520,.T.);
#520 = EDGE_CURVE('',#521,#523,#525,.T.);
#521 = VERTEX_POINT('',#522);
#522 = CARTESIAN_POINT('',(274.4255,-69.22,0.));
#523 = VERTEX_POINT('',#524);
#524 = CARTESIAN_POINT('',(274.4255,-69.22,-1.6));
#525 = LINE('',#526,#527);
#526 = CARTESIAN_POINT('',(274.4255,-69.22,0.));
#527 = VECTOR('',#528,1.);
#528 = DIRECTION('',(0.,0.,-1.));
#529 = ORIENTED_EDGE('',*,*,#530,.T.);
#530 = EDGE_CURVE('',#523,#523,#531,.T.);
#531 = CIRCLE('',#532,0.3555);
#532 = AXIS2_PLACEMENT_3D('',#533,#534,#535);
#533 = CARTESIAN_POINT('',(274.07,-69.22,-1.6));
#534 = DIRECTION('',(0.,0.,1.));
#535 = DIRECTION('',(1.,0.,-0.));
#536 = ORIENTED_EDGE('',*,*,#520,.F.);
#537 = ORIENTED_EDGE('',*,*,#538,.F.);
#538 = EDGE_CURVE('',#521,#521,#539,.T.);
#539 = CIRCLE('',#540,0.3555);
#540 = AXIS2_PLACEMENT_3D('',#541,#542,#543);
#541 = CARTESIAN_POINT('',(274.07,-69.22,0.));
#542 = DIRECTION('',(0.,0.,1.));
#543 = DIRECTION('',(1.,0.,-0.));
#544 = CYLINDRICAL_SURFACE('',#545,0.3555);
#545 = AXIS2_PLACEMENT_3D('',#546,#547,#548);
#546 = CARTESIAN_POINT('',(274.07,-69.22,0.));
#547 = DIRECTION('',(0.,0.,1.));
#548 = DIRECTION('',(1.,0.,-0.));
#549 = ADVANCED_FACE('',(#550),#577,.F.);
#550 = FACE_BOUND('',#551,.F.);
#551 = EDGE_LOOP('',(#552,#562,#569,#570));
#552 = ORIENTED_EDGE('',*,*,#553,.T.);
#553 = EDGE_CURVE('',#554,#556,#558,.T.);
#554 = VERTEX_POINT('',#555);
#555 = CARTESIAN_POINT('',(305.87,-67.95,0.));
#556 = VERTEX_POINT('',#557);
#557 = CARTESIAN_POINT('',(305.87,-67.95,-1.6));
#558 = LINE('',#559,#560);
#559 = CARTESIAN_POINT('',(305.87,-67.95,0.));
#560 = VECTOR('',#561,1.);
#561 = DIRECTION('',(0.,0.,-1.));
#562 = ORIENTED_EDGE('',*,*,#563,.T.);
#563 = EDGE_CURVE('',#556,#556,#564,.T.);
#564 = CIRCLE('',#565,1.32);
#565 = AXIS2_PLACEMENT_3D('',#566,#567,#568);
#566 = CARTESIAN_POINT('',(304.55,-67.95,-1.6));
#567 = DIRECTION('',(0.,0.,1.));
#568 = DIRECTION('',(1.,0.,-0.));
#569 = ORIENTED_EDGE('',*,*,#553,.F.);
#570 = ORIENTED_EDGE('',*,*,#571,.F.);
#571 = EDGE_CURVE('',#554,#554,#572,.T.);
#572 = CIRCLE('',#573,1.32);
#573 = AXIS2_PLACEMENT_3D('',#574,#575,#576);
#574 = CARTESIAN_POINT('',(304.55,-67.95,0.));
#575 = DIRECTION('',(0.,0.,1.));
#576 = DIRECTION('',(1.,0.,-0.));
#577 = CYLINDRICAL_SURFACE('',#578,1.32);
#578 = AXIS2_PLACEMENT_3D('',#579,#580,#581);
#579 = CARTESIAN_POINT('',(304.55,-67.95,0.));
#580 = DIRECTION('',(0.,0.,1.));
#581 = DIRECTION('',(1.,0.,-0.));
#582 = ADVANCED_FACE('',(#583),#610,.F.);
#583 = FACE_BOUND('',#584,.F.);
#584 = EDGE_LOOP('',(#585,#595,#602,#603));
#585 = ORIENTED_EDGE('',*,*,#586,.T.);
#586 = EDGE_CURVE('',#587,#589,#591,.T.);
#587 = VERTEX_POINT('',#588);
#588 = CARTESIAN_POINT('',(271.8855,-69.22,0.));
#589 = VERTEX_POINT('',#590);
#590 = CARTESIAN_POINT('',(271.8855,-69.22,-1.6));
#591 = LINE('',#592,#593);
#592 = CARTESIAN_POINT('',(271.8855,-69.22,0.));
#593 = VECTOR('',#594,1.);
#594 = DIRECTION('',(0.,0.,-1.));
#595 = ORIENTED_EDGE('',*,*,#596,.T.);
#596 = EDGE_CURVE('',#589,#589,#597,.T.);
#597 = CIRCLE('',#598,0.3555);
#598 = AXIS2_PLACEMENT_3D('',#599,#600,#601);
#599 = CARTESIAN_POINT('',(271.53,-69.22,-1.6));
#600 = DIRECTION('',(0.,0.,1.));
#601 = DIRECTION('',(1.,0.,-0.));
#602 = ORIENTED_EDGE('',*,*,#586,.F.);
#603 = ORIENTED_EDGE('',*,*,#604,.F.);
#604 = EDGE_CURVE('',#587,#587,#605,.T.);
#605 = CIRCLE('',#606,0.3555);
#606 = AXIS2_PLACEMENT_3D('',#607,#608,#609);
#607 = CARTESIAN_POINT('',(271.53,-69.22,0.));
#608 = DIRECTION('',(0.,0.,1.));
#609 = DIRECTION('',(1.,0.,-0.));
#610 = CYLINDRICAL_SURFACE('',#611,0.3555);
#611 = AXIS2_PLACEMENT_3D('',#612,#613,#614);
#612 = CARTESIAN_POINT('',(271.53,-69.22,0.));
#613 = DIRECTION('',(0.,0.,1.));
#614 = DIRECTION('',(1.,0.,-0.));
#615 = ADVANCED_FACE('',(#616),#643,.F.);
#616 = FACE_BOUND('',#617,.F.);
#617 = EDGE_LOOP('',(#618,#628,#635,#636));
#618 = ORIENTED_EDGE('',*,*,#619,.T.);
#619 = EDGE_CURVE('',#620,#622,#624,.T.);
#620 = VERTEX_POINT('',#621);
#621 = CARTESIAN_POINT('',(267.77,-67.95,0.));
#622 = VERTEX_POINT('',#623);
#623 = CARTESIAN_POINT('',(267.77,-67.95,-1.6));
#624 = LINE('',#625,#626);
#625 = CARTESIAN_POINT('',(267.77,-67.95,0.));
#626 = VECTOR('',#627,1.);
#627 = DIRECTION('',(0.,0.,-1.));
#628 = ORIENTED_EDGE('',*,*,#629,.T.);
#629 = EDGE_CURVE('',#622,#622,#630,.T.);
#630 = CIRCLE('',#631,1.32);
#631 = AXIS2_PLACEMENT_3D('',#632,#633,#634);
#632 = CARTESIAN_POINT('',(266.45,-67.95,-1.6));
#633 = DIRECTION('',(0.,0.,1.));
#634 = DIRECTION('',(1.,0.,-0.));
#635 = ORIENTED_EDGE('',*,*,#619,.F.);
#636 = ORIENTED_EDGE('',*,*,#637,.F.);
#637 = EDGE_CURVE('',#620,#620,#638,.T.);
#638 = CIRCLE('',#639,1.32);
#639 = AXIS2_PLACEMENT_3D('',#640,#641,#642);
#640 = CARTESIAN_POINT('',(266.45,-67.95,0.));
#641 = DIRECTION('',(0.,0.,1.));
#642 = DIRECTION('',(1.,0.,-0.));
#643 = CYLINDRICAL_SURFACE('',#644,1.32);
#644 = AXIS2_PLACEMENT_3D('',#645,#646,#647);
#645 = CARTESIAN_POINT('',(266.45,-67.95,0.));
#646 = DIRECTION('',(0.,0.,1.));
#647 = DIRECTION('',(1.,0.,-0.));
#648 = ADVANCED_FACE('',(#649),#676,.F.);
#649 = FACE_BOUND('',#650,.F.);
#650 = EDGE_LOOP('',(#651,#661,#668,#669));
#651 = ORIENTED_EDGE('',*,*,#652,.T.);
#652 = EDGE_CURVE('',#653,#655,#657,.T.);
#653 = VERTEX_POINT('',#654);
#654 = CARTESIAN_POINT('',(249.125,-68.,0.));
#655 = VERTEX_POINT('',#656);
#656 = CARTESIAN_POINT('',(249.125,-68.,-1.6));
#657 = LINE('',#658,#659);
#658 = CARTESIAN_POINT('',(249.125,-68.,0.));
#659 = VECTOR('',#660,1.);
#660 = DIRECTION('',(0.,0.,-1.));
#661 = ORIENTED_EDGE('',*,*,#662,.T.);
#662 = EDGE_CURVE('',#655,#655,#663,.T.);
#663 = CIRCLE('',#664,1.1);
#664 = AXIS2_PLACEMENT_3D('',#665,#666,#667);
#665 = CARTESIAN_POINT('',(248.025,-68.,-1.6));
#666 = DIRECTION('',(0.,0.,1.));
#667 = DIRECTION('',(1.,0.,-0.));
#668 = ORIENTED_EDGE('',*,*,#652,.F.);
#669 = ORIENTED_EDGE('',*,*,#670,.F.);
#670 = EDGE_CURVE('',#653,#653,#671,.T.);
#671 = CIRCLE('',#672,1.1);
#672 = AXIS2_PLACEMENT_3D('',#673,#674,#675);
#673 = CARTESIAN_POINT('',(248.025,-68.,0.));
#674 = DIRECTION('',(0.,0.,1.));
#675 = DIRECTION('',(1.,0.,-0.));
#676 = CYLINDRICAL_SURFACE('',#677,1.1);
#677 = AXIS2_PLACEMENT_3D('',#678,#679,#680);
#678 = CARTESIAN_POINT('',(248.025,-68.,0.));
#679 = DIRECTION('',(0.,0.,1.));
#680 = DIRECTION('',(1.,0.,-0.));
#681 = ADVANCED_FACE('',(#682),#709,.F.);
#682 = FACE_BOUND('',#683,.F.);
#683 = EDGE_LOOP('',(#684,#694,#701,#702));
#684 = ORIENTED_EDGE('',*,*,#685,.T.);
#685 = EDGE_CURVE('',#686,#688,#690,.T.);
#686 = VERTEX_POINT('',#687);
#687 = CARTESIAN_POINT('',(301.0955,-66.68,0.));
#688 = VERTEX_POINT('',#689);
#689 = CARTESIAN_POINT('',(301.0955,-66.68,-1.6));
#690 = LINE('',#691,#692);
#691 = CARTESIAN_POINT('',(301.0955,-66.68,0.));
#692 = VECTOR('',#693,1.);
#693 = DIRECTION('',(0.,0.,-1.));
#694 = ORIENTED_EDGE('',*,*,#695,.T.);
#695 = EDGE_CURVE('',#688,#688,#696,.T.);
#696 = CIRCLE('',#697,0.3555);
#697 = AXIS2_PLACEMENT_3D('',#698,#699,#700);
#698 = CARTESIAN_POINT('',(300.74,-66.68,-1.6));
#699 = DIRECTION('',(0.,0.,1.));
#700 = DIRECTION('',(1.,0.,-0.));
#701 = ORIENTED_EDGE('',*,*,#685,.F.);
#702 = ORIENTED_EDGE('',*,*,#703,.F.);
#703 = EDGE_CURVE('',#686,#686,#704,.T.);
#704 = CIRCLE('',#705,0.3555);
#705 = AXIS2_PLACEMENT_3D('',#706,#707,#708);
#706 = CARTESIAN_POINT('',(300.74,-66.68,0.));
#707 = DIRECTION('',(0.,0.,1.));
#708 = DIRECTION('',(1.,0.,-0.));
#709 = CYLINDRICAL_SURFACE('',#710,0.3555);
#710 = AXIS2_PLACEMENT_3D('',#711,#712,#713);
#711 = CARTESIAN_POINT('',(300.74,-66.68,0.));
#712 = DIRECTION('',(0.,0.,1.));
#713 = DIRECTION('',(1.,0.,-0.));
#714 = ADVANCED_FACE('',(#715),#742,.F.);
#715 = FACE_BOUND('',#716,.F.);
#716 = EDGE_LOOP('',(#717,#727,#734,#735));
#717 = ORIENTED_EDGE('',*,*,#718,.T.);
#718 = EDGE_CURVE('',#719,#721,#723,.T.);
#719 = VERTEX_POINT('',#720);
#720 = CARTESIAN_POINT('',(298.5555,-66.68,0.));
#721 = VERTEX_POINT('',#722);
#722 = CARTESIAN_POINT('',(298.5555,-66.68,-1.6));
#723 = LINE('',#724,#725);
#724 = CARTESIAN_POINT('',(298.5555,-66.68,0.));
#725 = VECTOR('',#726,1.);
#726 = DIRECTION('',(0.,0.,-1.));
#727 = ORIENTED_EDGE('',*,*,#728,.T.);
#728 = EDGE_CURVE('',#721,#721,#729,.T.);
#729 = CIRCLE('',#730,0.3555);
#730 = AXIS2_PLACEMENT_3D('',#731,#732,#733);
#731 = CARTESIAN_POINT('',(298.2,-66.68,-1.6));
#732 = DIRECTION('',(0.,0.,1.));
#733 = DIRECTION('',(1.,0.,-0.));
#734 = ORIENTED_EDGE('',*,*,#718,.F.);
#735 = ORIENTED_EDGE('',*,*,#736,.F.);
#736 = EDGE_CURVE('',#719,#719,#737,.T.);
#737 = CIRCLE('',#738,0.3555);
#738 = AXIS2_PLACEMENT_3D('',#739,#740,#741);
#739 = CARTESIAN_POINT('',(298.2,-66.68,0.));
#740 = DIRECTION('',(0.,0.,1.));
#741 = DIRECTION('',(1.,0.,-0.));
#742 = CYLINDRICAL_SURFACE('',#743,0.3555);
#743 = AXIS2_PLACEMENT_3D('',#744,#745,#746);
#744 = CARTESIAN_POINT('',(298.2,-66.68,0.));
#745 = DIRECTION('',(0.,0.,1.));
#746 = DIRECTION('',(1.,0.,-0.));
#747 = ADVANCED_FACE('',(#748),#775,.F.);
#748 = FACE_BOUND('',#749,.F.);
#749 = EDGE_LOOP('',(#750,#760,#767,#768));
#750 = ORIENTED_EDGE('',*,*,#751,.T.);
#751 = EDGE_CURVE('',#752,#754,#756,.T.);
#752 = VERTEX_POINT('',#753);
#753 = CARTESIAN_POINT('',(296.0155,-66.68,0.));
#754 = VERTEX_POINT('',#755);
#755 = CARTESIAN_POINT('',(296.0155,-66.68,-1.6));
#756 = LINE('',#757,#758);
#757 = CARTESIAN_POINT('',(296.0155,-66.68,0.));
#758 = VECTOR('',#759,1.);
#759 = DIRECTION('',(0.,0.,-1.));
#760 = ORIENTED_EDGE('',*,*,#761,.T.);
#761 = EDGE_CURVE('',#754,#754,#762,.T.);
#762 = CIRCLE('',#763,0.3555);
#763 = AXIS2_PLACEMENT_3D('',#764,#765,#766);
#764 = CARTESIAN_POINT('',(295.66,-66.68,-1.6));
#765 = DIRECTION('',(0.,0.,1.));
#766 = DIRECTION('',(1.,0.,-0.));
#767 = ORIENTED_EDGE('',*,*,#751,.F.);
#768 = ORIENTED_EDGE('',*,*,#769,.F.);
#769 = EDGE_CURVE('',#752,#752,#770,.T.);
#770 = CIRCLE('',#771,0.3555);
#771 = AXIS2_PLACEMENT_3D('',#772,#773,#774);
#772 = CARTESIAN_POINT('',(295.66,-66.68,0.));
#773 = DIRECTION('',(0.,0.,1.));
#774 = DIRECTION('',(1.,0.,-0.));
#775 = CYLINDRICAL_SURFACE('',#776,0.3555);
#776 = AXIS2_PLACEMENT_3D('',#777,#778,#779);
#777 = CARTESIAN_POINT('',(295.66,-66.68,0.));
#778 = DIRECTION('',(0.,0.,1.));
#779 = DIRECTION('',(1.,0.,-0.));
#780 = ADVANCED_FACE('',(#781),#808,.F.);
#781 = FACE_BOUND('',#782,.F.);
#782 = EDGE_LOOP('',(#783,#793,#800,#801));
#783 = ORIENTED_EDGE('',*,*,#784,.T.);
#784 = EDGE_CURVE('',#785,#787,#789,.T.);
#785 = VERTEX_POINT('',#786);
#786 = CARTESIAN_POINT('',(293.4755,-66.68,0.));
#787 = VERTEX_POINT('',#788);
#788 = CARTESIAN_POINT('',(293.4755,-66.68,-1.6));
#789 = LINE('',#790,#791);
#790 = CARTESIAN_POINT('',(293.4755,-66.68,0.));
#791 = VECTOR('',#792,1.);
#792 = DIRECTION('',(0.,0.,-1.));
#793 = ORIENTED_EDGE('',*,*,#794,.T.);
#794 = EDGE_CURVE('',#787,#787,#795,.T.);
#795 = CIRCLE('',#796,0.3555);
#796 = AXIS2_PLACEMENT_3D('',#797,#798,#799);
#797 = CARTESIAN_POINT('',(293.12,-66.68,-1.6));
#798 = DIRECTION('',(0.,0.,1.));
#799 = DIRECTION('',(1.,0.,-0.));
#800 = ORIENTED_EDGE('',*,*,#784,.F.);
#801 = ORIENTED_EDGE('',*,*,#802,.F.);
#802 = EDGE_CURVE('',#785,#785,#803,.T.);
#803 = CIRCLE('',#804,0.3555);
#804 = AXIS2_PLACEMENT_3D('',#805,#806,#807);
#805 = CARTESIAN_POINT('',(293.12,-66.68,0.));
#806 = DIRECTION('',(0.,0.,1.));
#807 = DIRECTION('',(1.,0.,-0.));
#808 = CYLINDRICAL_SURFACE('',#809,0.3555);
#809 = AXIS2_PLACEMENT_3D('',#810,#811,#812);
#810 = CARTESIAN_POINT('',(293.12,-66.68,0.));
#811 = DIRECTION('',(0.,0.,1.));
#812 = DIRECTION('',(1.,0.,-0.));
#813 = ADVANCED_FACE('',(#814),#841,.F.);
#814 = FACE_BOUND('',#815,.F.);
#815 = EDGE_LOOP('',(#816,#826,#833,#834));
#816 = ORIENTED_EDGE('',*,*,#817,.T.);
#817 = EDGE_CURVE('',#818,#820,#822,.T.);
#818 = VERTEX_POINT('',#819);
#819 = CARTESIAN_POINT('',(290.9355,-66.68,0.));
#820 = VERTEX_POINT('',#821);
#821 = CARTESIAN_POINT('',(290.9355,-66.68,-1.6));
#822 = LINE('',#823,#824);
#823 = CARTESIAN_POINT('',(290.9355,-66.68,0.));
#824 = VECTOR('',#825,1.);
#825 = DIRECTION('',(0.,0.,-1.));
#826 = ORIENTED_EDGE('',*,*,#827,.T.);
#827 = EDGE_CURVE('',#820,#820,#828,.T.);
#828 = CIRCLE('',#829,0.3555);
#829 = AXIS2_PLACEMENT_3D('',#830,#831,#832);
#830 = CARTESIAN_POINT('',(290.58,-66.68,-1.6));
#831 = DIRECTION('',(0.,0.,1.));
#832 = DIRECTION('',(1.,0.,-0.));
#833 = ORIENTED_EDGE('',*,*,#817,.F.);
#834 = ORIENTED_EDGE('',*,*,#835,.F.);
#835 = EDGE_CURVE('',#818,#818,#836,.T.);
#836 = CIRCLE('',#837,0.3555);
#837 = AXIS2_PLACEMENT_3D('',#838,#839,#840);
#838 = CARTESIAN_POINT('',(290.58,-66.68,0.));
#839 = DIRECTION('',(0.,0.,1.));
#840 = DIRECTION('',(1.,0.,-0.));
#841 = CYLINDRICAL_SURFACE('',#842,0.3555);
#842 = AXIS2_PLACEMENT_3D('',#843,#844,#845);
#843 = CARTESIAN_POINT('',(290.58,-66.68,0.));
#844 = DIRECTION('',(0.,0.,1.));
#845 = DIRECTION('',(1.,0.,-0.));
#846 = ADVANCED_FACE('',(#847),#874,.F.);
#847 = FACE_BOUND('',#848,.F.);
#848 = EDGE_LOOP('',(#849,#859,#866,#867));
#849 = ORIENTED_EDGE('',*,*,#850,.T.);
#850 = EDGE_CURVE('',#851,#853,#855,.T.);
#851 = VERTEX_POINT('',#852);
#852 = CARTESIAN_POINT('',(288.3955,-66.68,0.));
#853 = VERTEX_POINT('',#854);
#854 = CARTESIAN_POINT('',(288.3955,-66.68,-1.6));
#855 = LINE('',#856,#857);
#856 = CARTESIAN_POINT('',(288.3955,-66.68,0.));
#857 = VECTOR('',#858,1.);
#858 = DIRECTION('',(0.,0.,-1.));
#859 = ORIENTED_EDGE('',*,*,#860,.T.);
#860 = EDGE_CURVE('',#853,#853,#861,.T.);
#861 = CIRCLE('',#862,0.3555);
#862 = AXIS2_PLACEMENT_3D('',#863,#864,#865);
#863 = CARTESIAN_POINT('',(288.04,-66.68,-1.6));
#864 = DIRECTION('',(0.,0.,1.));
#865 = DIRECTION('',(1.,0.,-0.));
#866 = ORIENTED_EDGE('',*,*,#850,.F.);
#867 = ORIENTED_EDGE('',*,*,#868,.F.);
#868 = EDGE_CURVE('',#851,#851,#869,.T.);
#869 = CIRCLE('',#870,0.3555);
#870 = AXIS2_PLACEMENT_3D('',#871,#872,#873);
#871 = CARTESIAN_POINT('',(288.04,-66.68,0.));
#872 = DIRECTION('',(0.,0.,1.));
#873 = DIRECTION('',(1.,0.,-0.));
#874 = CYLINDRICAL_SURFACE('',#875,0.3555);
#875 = AXIS2_PLACEMENT_3D('',#876,#877,#878);
#876 = CARTESIAN_POINT('',(288.04,-66.68,0.));
#877 = DIRECTION('',(0.,0.,1.));
#878 = DIRECTION('',(1.,0.,-0.));
#879 = ADVANCED_FACE('',(#880),#907,.F.);
#880 = FACE_BOUND('',#881,.F.);
#881 = EDGE_LOOP('',(#882,#892,#899,#900));
#882 = ORIENTED_EDGE('',*,*,#883,.T.);
#883 = EDGE_CURVE('',#884,#886,#888,.T.);
#884 = VERTEX_POINT('',#885);
#885 = CARTESIAN_POINT('',(285.8555,-66.68,0.));
#886 = VERTEX_POINT('',#887);
#887 = CARTESIAN_POINT('',(285.8555,-66.68,-1.6));
#888 = LINE('',#889,#890);
#889 = CARTESIAN_POINT('',(285.8555,-66.68,0.));
#890 = VECTOR('',#891,1.);
#891 = DIRECTION('',(0.,0.,-1.));
#892 = ORIENTED_EDGE('',*,*,#893,.T.);
#893 = EDGE_CURVE('',#886,#886,#894,.T.);
#894 = CIRCLE('',#895,0.3555);
#895 = AXIS2_PLACEMENT_3D('',#896,#897,#898);
#896 = CARTESIAN_POINT('',(285.5,-66.68,-1.6));
#897 = DIRECTION('',(0.,0.,1.));
#898 = DIRECTION('',(1.,0.,-0.));
#899 = ORIENTED_EDGE('',*,*,#883,.F.);
#900 = ORIENTED_EDGE('',*,*,#901,.F.);
#901 = EDGE_CURVE('',#884,#884,#902,.T.);
#902 = CIRCLE('',#903,0.3555);
#903 = AXIS2_PLACEMENT_3D('',#904,#905,#906);
#904 = CARTESIAN_POINT('',(285.5,-66.68,0.));
#905 = DIRECTION('',(0.,0.,1.));
#906 = DIRECTION('',(1.,0.,-0.));
#907 = CYLINDRICAL_SURFACE('',#908,0.3555);
#908 = AXIS2_PLACEMENT_3D('',#909,#910,#911);
#909 = CARTESIAN_POINT('',(285.5,-66.68,0.));
#910 = DIRECTION('',(0.,0.,1.));
#911 = DIRECTION('',(1.,0.,-0.));
#912 = ADVANCED_FACE('',(#913),#940,.F.);
#913 = FACE_BOUND('',#914,.F.);
#914 = EDGE_LOOP('',(#915,#925,#932,#933));
#915 = ORIENTED_EDGE('',*,*,#916,.T.);
#916 = EDGE_CURVE('',#917,#919,#921,.T.);
#917 = VERTEX_POINT('',#918);
#918 = CARTESIAN_POINT('',(283.3155,-66.68,0.));
#919 = VERTEX_POINT('',#920);
#920 = CARTESIAN_POINT('',(283.3155,-66.68,-1.6));
#921 = LINE('',#922,#923);
#922 = CARTESIAN_POINT('',(283.3155,-66.68,0.));
#923 = VECTOR('',#924,1.);
#924 = DIRECTION('',(0.,0.,-1.));
#925 = ORIENTED_EDGE('',*,*,#926,.T.);
#926 = EDGE_CURVE('',#919,#919,#927,.T.);
#927 = CIRCLE('',#928,0.3555);
#928 = AXIS2_PLACEMENT_3D('',#929,#930,#931);
#929 = CARTESIAN_POINT('',(282.96,-66.68,-1.6));
#930 = DIRECTION('',(0.,0.,1.));
#931 = DIRECTION('',(1.,0.,-0.));
#932 = ORIENTED_EDGE('',*,*,#916,.F.);
#933 = ORIENTED_EDGE('',*,*,#934,.F.);
#934 = EDGE_CURVE('',#917,#917,#935,.T.);
#935 = CIRCLE('',#936,0.3555);
#936 = AXIS2_PLACEMENT_3D('',#937,#938,#939);
#937 = CARTESIAN_POINT('',(282.96,-66.68,0.));
#938 = DIRECTION('',(0.,0.,1.));
#939 = DIRECTION('',(1.,0.,-0.));
#940 = CYLINDRICAL_SURFACE('',#941,0.3555);
#941 = AXIS2_PLACEMENT_3D('',#942,#943,#944);
#942 = CARTESIAN_POINT('',(282.96,-66.68,0.));
#943 = DIRECTION('',(0.,0.,1.));
#944 = DIRECTION('',(1.,0.,-0.));
#945 = ADVANCED_FACE('',(#946),#973,.F.);
#946 = FACE_BOUND('',#947,.F.);
#947 = EDGE_LOOP('',(#948,#958,#965,#966));
#948 = ORIENTED_EDGE('',*,*,#949,.T.);
#949 = EDGE_CURVE('',#950,#952,#954,.T.);
#950 = VERTEX_POINT('',#951);
#951 = CARTESIAN_POINT('',(280.7755,-66.68,0.));
#952 = VERTEX_POINT('',#953);
#953 = CARTESIAN_POINT('',(280.7755,-66.68,-1.6));
#954 = LINE('',#955,#956);
#955 = CARTESIAN_POINT('',(280.7755,-66.68,0.));
#956 = VECTOR('',#957,1.);
#957 = DIRECTION('',(0.,0.,-1.));
#958 = ORIENTED_EDGE('',*,*,#959,.T.);
#959 = EDGE_CURVE('',#952,#952,#960,.T.);
#960 = CIRCLE('',#961,0.3555);
#961 = AXIS2_PLACEMENT_3D('',#962,#963,#964);
#962 = CARTESIAN_POINT('',(280.42,-66.68,-1.6));
#963 = DIRECTION('',(0.,0.,1.));
#964 = DIRECTION('',(1.,0.,-0.));
#965 = ORIENTED_EDGE('',*,*,#949,.F.);
#966 = ORIENTED_EDGE('',*,*,#967,.F.);
#967 = EDGE_CURVE('',#950,#950,#968,.T.);
#968 = CIRCLE('',#969,0.3555);
#969 = AXIS2_PLACEMENT_3D('',#970,#971,#972);
#970 = CARTESIAN_POINT('',(280.42,-66.68,0.));
#971 = DIRECTION('',(0.,0.,1.));
#972 = DIRECTION('',(1.,0.,-0.));
#973 = CYLINDRICAL_SURFACE('',#974,0.3555);
#974 = AXIS2_PLACEMENT_3D('',#975,#976,#977);
#975 = CARTESIAN_POINT('',(280.42,-66.68,0.));
#976 = DIRECTION('',(0.,0.,1.));
#977 = DIRECTION('',(1.,0.,-0.));
#978 = ADVANCED_FACE('',(#979),#1006,.F.);
#979 = FACE_BOUND('',#980,.F.);
#980 = EDGE_LOOP('',(#981,#991,#998,#999));
#981 = ORIENTED_EDGE('',*,*,#982,.T.);
#982 = EDGE_CURVE('',#983,#985,#987,.T.);
#983 = VERTEX_POINT('',#984);
#984 = CARTESIAN_POINT('',(278.2355,-66.68,0.));
#985 = VERTEX_POINT('',#986);
#986 = CARTESIAN_POINT('',(278.2355,-66.68,-1.6));
#987 = LINE('',#988,#989);
#988 = CARTESIAN_POINT('',(278.2355,-66.68,0.));
#989 = VECTOR('',#990,1.);
#990 = DIRECTION('',(0.,0.,-1.));
#991 = ORIENTED_EDGE('',*,*,#992,.T.);
#992 = EDGE_CURVE('',#985,#985,#993,.T.);
#993 = CIRCLE('',#994,0.3555);
#994 = AXIS2_PLACEMENT_3D('',#995,#996,#997);
#995 = CARTESIAN_POINT('',(277.88,-66.68,-1.6));
#996 = DIRECTION('',(0.,0.,1.));
#997 = DIRECTION('',(1.,0.,-0.));
#998 = ORIENTED_EDGE('',*,*,#982,.F.);
#999 = ORIENTED_EDGE('',*,*,#1000,.F.);
#1000 = EDGE_CURVE('',#983,#983,#1001,.T.);
#1001 = CIRCLE('',#1002,0.3555);
#1002 = AXIS2_PLACEMENT_3D('',#1003,#1004,#1005);
#1003 = CARTESIAN_POINT('',(277.88,-66.68,0.));
#1004 = DIRECTION('',(0.,0.,1.));
#1005 = DIRECTION('',(1.,0.,-0.));
#1006 = CYLINDRICAL_SURFACE('',#1007,0.3555);
#1007 = AXIS2_PLACEMENT_3D('',#1008,#1009,#1010);
#1008 = CARTESIAN_POINT('',(277.88,-66.68,0.));
#1009 = DIRECTION('',(0.,0.,1.));
#1010 = DIRECTION('',(1.,0.,-0.));
#1011 = ADVANCED_FACE('',(#1012),#1039,.F.);
#1012 = FACE_BOUND('',#1013,.F.);
#1013 = EDGE_LOOP('',(#1014,#1024,#1031,#1032));
#1014 = ORIENTED_EDGE('',*,*,#1015,.T.);
#1015 = EDGE_CURVE('',#1016,#1018,#1020,.T.);
#1016 = VERTEX_POINT('',#1017);
#1017 = CARTESIAN_POINT('',(275.6955,-66.68,0.));
#1018 = VERTEX_POINT('',#1019);
#1019 = CARTESIAN_POINT('',(275.6955,-66.68,-1.6));
#1020 = LINE('',#1021,#1022);
#1021 = CARTESIAN_POINT('',(275.6955,-66.68,0.));
#1022 = VECTOR('',#1023,1.);
#1023 = DIRECTION('',(0.,0.,-1.));
#1024 = ORIENTED_EDGE('',*,*,#1025,.T.);
#1025 = EDGE_CURVE('',#1018,#1018,#1026,.T.);
#1026 = CIRCLE('',#1027,0.3555);
#1027 = AXIS2_PLACEMENT_3D('',#1028,#1029,#1030);
#1028 = CARTESIAN_POINT('',(275.34,-66.68,-1.6));
#1029 = DIRECTION('',(0.,0.,1.));
#1030 = DIRECTION('',(1.,0.,-0.));
#1031 = ORIENTED_EDGE('',*,*,#1015,.F.);
#1032 = ORIENTED_EDGE('',*,*,#1033,.F.);
#1033 = EDGE_CURVE('',#1016,#1016,#1034,.T.);
#1034 = CIRCLE('',#1035,0.3555);
#1035 = AXIS2_PLACEMENT_3D('',#1036,#1037,#1038);
#1036 = CARTESIAN_POINT('',(275.34,-66.68,0.));
#1037 = DIRECTION('',(0.,0.,1.));
#1038 = DIRECTION('',(1.,0.,-0.));
#1039 = CYLINDRICAL_SURFACE('',#1040,0.3555);
#1040 = AXIS2_PLACEMENT_3D('',#1041,#1042,#1043);
#1041 = CARTESIAN_POINT('',(275.34,-66.68,0.));
#1042 = DIRECTION('',(0.,0.,1.));
#1043 = DIRECTION('',(1.,0.,-0.));
#1044 = ADVANCED_FACE('',(#1045),#1072,.F.);
#1045 = FACE_BOUND('',#1046,.F.);
#1046 = EDGE_LOOP('',(#1047,#1057,#1064,#1065));
#1047 = ORIENTED_EDGE('',*,*,#1048,.T.);
#1048 = EDGE_CURVE('',#1049,#1051,#1053,.T.);
#1049 = VERTEX_POINT('',#1050);
#1050 = CARTESIAN_POINT('',(273.1555,-66.68,0.));
#1051 = VERTEX_POINT('',#1052);
#1052 = CARTESIAN_POINT('',(273.1555,-66.68,-1.6));
#1053 = LINE('',#1054,#1055);
#1054 = CARTESIAN_POINT('',(273.1555,-66.68,0.));
#1055 = VECTOR('',#1056,1.);
#1056 = DIRECTION('',(0.,0.,-1.));
#1057 = ORIENTED_EDGE('',*,*,#1058,.T.);
#1058 = EDGE_CURVE('',#1051,#1051,#1059,.T.);
#1059 = CIRCLE('',#1060,0.3555);
#1060 = AXIS2_PLACEMENT_3D('',#1061,#1062,#1063);
#1061 = CARTESIAN_POINT('',(272.8,-66.68,-1.6));
#1062 = DIRECTION('',(0.,0.,1.));
#1063 = DIRECTION('',(1.,0.,-0.));
#1064 = ORIENTED_EDGE('',*,*,#1048,.F.);
#1065 = ORIENTED_EDGE('',*,*,#1066,.F.);
#1066 = EDGE_CURVE('',#1049,#1049,#1067,.T.);
#1067 = CIRCLE('',#1068,0.3555);
#1068 = AXIS2_PLACEMENT_3D('',#1069,#1070,#1071);
#1069 = CARTESIAN_POINT('',(272.8,-66.68,0.));
#1070 = DIRECTION('',(0.,0.,1.));
#1071 = DIRECTION('',(1.,0.,-0.));
#1072 = CYLINDRICAL_SURFACE('',#1073,0.3555);
#1073 = AXIS2_PLACEMENT_3D('',#1074,#1075,#1076);
#1074 = CARTESIAN_POINT('',(272.8,-66.68,0.));
#1075 = DIRECTION('',(0.,0.,1.));
#1076 = DIRECTION('',(1.,0.,-0.));
#1077 = ADVANCED_FACE('',(#1078),#1105,.F.);
#1078 = FACE_BOUND('',#1079,.F.);
#1079 = EDGE_LOOP('',(#1080,#1090,#1097,#1098));
#1080 = ORIENTED_EDGE('',*,*,#1081,.T.);
#1081 = EDGE_CURVE('',#1082,#1084,#1086,.T.);
#1082 = VERTEX_POINT('',#1083);
#1083 = CARTESIAN_POINT('',(270.6155,-66.68,0.));
#1084 = VERTEX_POINT('',#1085);
#1085 = CARTESIAN_POINT('',(270.6155,-66.68,-1.6));
#1086 = LINE('',#1087,#1088);
#1087 = CARTESIAN_POINT('',(270.6155,-66.68,0.));
#1088 = VECTOR('',#1089,1.);
#1089 = DIRECTION('',(0.,0.,-1.));
#1090 = ORIENTED_EDGE('',*,*,#1091,.T.);
#1091 = EDGE_CURVE('',#1084,#1084,#1092,.T.);
#1092 = CIRCLE('',#1093,0.3555);
#1093 = AXIS2_PLACEMENT_3D('',#1094,#1095,#1096);
#1094 = CARTESIAN_POINT('',(270.26,-66.68,-1.6));
#1095 = DIRECTION('',(0.,0.,1.));
#1096 = DIRECTION('',(1.,0.,-0.));
#1097 = ORIENTED_EDGE('',*,*,#1081,.F.);
#1098 = ORIENTED_EDGE('',*,*,#1099,.F.);
#1099 = EDGE_CURVE('',#1082,#1082,#1100,.T.);
#1100 = CIRCLE('',#1101,0.3555);
#1101 = AXIS2_PLACEMENT_3D('',#1102,#1103,#1104);
#1102 = CARTESIAN_POINT('',(270.26,-66.68,0.));
#1103 = DIRECTION('',(0.,0.,1.));
#1104 = DIRECTION('',(1.,0.,-0.));
#1105 = CYLINDRICAL_SURFACE('',#1106,0.3555);
#1106 = AXIS2_PLACEMENT_3D('',#1107,#1108,#1109);
#1107 = CARTESIAN_POINT('',(270.26,-66.68,0.));
#1108 = DIRECTION('',(0.,0.,1.));
#1109 = DIRECTION('',(1.,0.,-0.));
#1110 = ADVANCED_FACE('',(#1111),#1138,.F.);
#1111 = FACE_BOUND('',#1112,.F.);
#1112 = EDGE_LOOP('',(#1113,#1123,#1130,#1131));
#1113 = ORIENTED_EDGE('',*,*,#1114,.T.);
#1114 = EDGE_CURVE('',#1115,#1117,#1119,.T.);
#1115 = VERTEX_POINT('',#1116);
#1116 = CARTESIAN_POINT('',(149.125,-68.,0.));
#1117 = VERTEX_POINT('',#1118);
#1118 = CARTESIAN_POINT('',(149.125,-68.,-1.6));
#1119 = LINE('',#1120,#1121);
#1120 = CARTESIAN_POINT('',(149.125,-68.,0.));
#1121 = VECTOR('',#1122,1.);
#1122 = DIRECTION('',(0.,0.,-1.));
#1123 = ORIENTED_EDGE('',*,*,#1124,.T.);
#1124 = EDGE_CURVE('',#1117,#1117,#1125,.T.);
#1125 = CIRCLE('',#1126,1.1);
#1126 = AXIS2_PLACEMENT_3D('',#1127,#1128,#1129);
#1127 = CARTESIAN_POINT('',(148.025,-68.,-1.6));
#1128 = DIRECTION('',(0.,0.,1.));
#1129 = DIRECTION('',(1.,0.,-0.));
#1130 = ORIENTED_EDGE('',*,*,#1114,.F.);
#1131 = ORIENTED_EDGE('',*,*,#1132,.F.);
#1132 = EDGE_CURVE('',#1115,#1115,#1133,.T.);
#1133 = CIRCLE('',#1134,1.1);
#1134 = AXIS2_PLACEMENT_3D('',#1135,#1136,#1137);
#1135 = CARTESIAN_POINT('',(148.025,-68.,0.));
#1136 = DIRECTION('',(0.,0.,1.));
#1137 = DIRECTION('',(1.,0.,-0.));
#1138 = CYLINDRICAL_SURFACE('',#1139,1.1);
#1139 = AXIS2_PLACEMENT_3D('',#1140,#1141,#1142);
#1140 = CARTESIAN_POINT('',(148.025,-68.,0.));
#1141 = DIRECTION('',(0.,0.,1.));
#1142 = DIRECTION('',(1.,0.,-0.));
#1143 = ADVANCED_FACE('',(#1144),#1171,.F.);
#1144 = FACE_BOUND('',#1145,.F.);
#1145 = EDGE_LOOP('',(#1146,#1156,#1163,#1164));
#1146 = ORIENTED_EDGE('',*,*,#1147,.T.);
#1147 = EDGE_CURVE('',#1148,#1150,#1152,.T.);
#1148 = VERTEX_POINT('',#1149);
#1149 = CARTESIAN_POINT('',(71.825,-67.,0.));
#1150 = VERTEX_POINT('',#1151);
#1151 = CARTESIAN_POINT('',(71.825,-67.,-1.6));
#1152 = LINE('',#1153,#1154);
#1153 = CARTESIAN_POINT('',(71.825,-67.,0.));
#1154 = VECTOR('',#1155,1.);
#1155 = DIRECTION('',(0.,0.,-1.));
#1156 = ORIENTED_EDGE('',*,*,#1157,.T.);
#1157 = EDGE_CURVE('',#1150,#1150,#1158,.T.);
#1158 = CIRCLE('',#1159,1.1);
#1159 = AXIS2_PLACEMENT_3D('',#1160,#1161,#1162);
#1160 = CARTESIAN_POINT('',(70.725,-67.,-1.6));
#1161 = DIRECTION('',(0.,0.,1.));
#1162 = DIRECTION('',(1.,0.,-0.));
#1163 = ORIENTED_EDGE('',*,*,#1147,.F.);
#1164 = ORIENTED_EDGE('',*,*,#1165,.F.);
#1165 = EDGE_CURVE('',#1148,#1148,#1166,.T.);
#1166 = CIRCLE('',#1167,1.1);
#1167 = AXIS2_PLACEMENT_3D('',#1168,#1169,#1170);
#1168 = CARTESIAN_POINT('',(70.725,-67.,0.));
#1169 = DIRECTION('',(0.,0.,1.));
#1170 = DIRECTION('',(1.,0.,-0.));
#1171 = CYLINDRICAL_SURFACE('',#1172,1.1);
#1172 = AXIS2_PLACEMENT_3D('',#1173,#1174,#1175);
#1173 = CARTESIAN_POINT('',(70.725,-67.,0.));
#1174 = DIRECTION('',(0.,0.,1.));
#1175 = DIRECTION('',(1.,0.,-0.));
#1176 = ADVANCED_FACE('',(#1177),#1204,.F.);
#1177 = FACE_BOUND('',#1178,.F.);
#1178 = EDGE_LOOP('',(#1179,#1189,#1196,#1197));
#1179 = ORIENTED_EDGE('',*,*,#1180,.T.);
#1180 = EDGE_CURVE('',#1181,#1183,#1185,.T.);
#1181 = VERTEX_POINT('',#1182);
#1182 = CARTESIAN_POINT('',(50.35,-67.,0.));
#1183 = VERTEX_POINT('',#1184);
#1184 = CARTESIAN_POINT('',(50.35,-67.,-1.6));
#1185 = LINE('',#1186,#1187);
#1186 = CARTESIAN_POINT('',(50.35,-67.,0.));
#1187 = VECTOR('',#1188,1.);
#1188 = DIRECTION('',(0.,0.,-1.));
#1189 = ORIENTED_EDGE('',*,*,#1190,.T.);
#1190 = EDGE_CURVE('',#1183,#1183,#1191,.T.);
#1191 = CIRCLE('',#1192,1.1);
#1192 = AXIS2_PLACEMENT_3D('',#1193,#1194,#1195);
#1193 = CARTESIAN_POINT('',(49.25,-67.,-1.6));
#1194 = DIRECTION('',(0.,0.,1.));
#1195 = DIRECTION('',(1.,0.,-0.));
#1196 = ORIENTED_EDGE('',*,*,#1180,.F.);
#1197 = ORIENTED_EDGE('',*,*,#1198,.F.);
#1198 = EDGE_CURVE('',#1181,#1181,#1199,.T.);
#1199 = CIRCLE('',#1200,1.1);
#1200 = AXIS2_PLACEMENT_3D('',#1201,#1202,#1203);
#1201 = CARTESIAN_POINT('',(49.25,-67.,0.));
#1202 = DIRECTION('',(0.,0.,1.));
#1203 = DIRECTION('',(1.,0.,-0.));
#1204 = CYLINDRICAL_SURFACE('',#1205,1.1);
#1205 = AXIS2_PLACEMENT_3D('',#1206,#1207,#1208);
#1206 = CARTESIAN_POINT('',(49.25,-67.,0.));
#1207 = DIRECTION('',(0.,0.,1.));
#1208 = DIRECTION('',(1.,0.,-0.));
#1209 = ADVANCED_FACE('',(#1210),#1244,.T.);
#1210 = FACE_BOUND('',#1211,.T.);
#1211 = EDGE_LOOP('',(#1212,#1222,#1230,#1238));
#1212 = ORIENTED_EDGE('',*,*,#1213,.T.);
#1213 = EDGE_CURVE('',#1214,#1216,#1218,.T.);
#1214 = VERTEX_POINT('',#1215);
#1215 = CARTESIAN_POINT('',(54.,-54.,0.));
#1216 = VERTEX_POINT('',#1217);
#1217 = CARTESIAN_POINT('',(54.,-54.,-1.6));
#1218 = LINE('',#1219,#1220);
#1219 = CARTESIAN_POINT('',(54.,-54.,0.));
#1220 = VECTOR('',#1221,1.);
#1221 = DIRECTION('',(0.,0.,-1.));
#1222 = ORIENTED_EDGE('',*,*,#1223,.T.);
#1223 = EDGE_CURVE('',#1216,#1224,#1226,.T.);
#1224 = VERTEX_POINT('',#1225);
#1225 = CARTESIAN_POINT('',(66.,-54.,-1.6));
#1226 = LINE('',#1227,#1228);
#1227 = CARTESIAN_POINT('',(54.,-54.,-1.6));
#1228 = VECTOR('',#1229,1.);
#1229 = DIRECTION('',(1.,0.,0.));
#1230 = ORIENTED_EDGE('',*,*,#1231,.F.);
#1231 = EDGE_CURVE('',#1232,#1224,#1234,.T.);
#1232 = VERTEX_POINT('',#1233);
#1233 = CARTESIAN_POINT('',(66.,-54.,0.));
#1234 = LINE('',#1235,#1236);
#1235 = CARTESIAN_POINT('',(66.,-54.,0.));
#1236 = VECTOR('',#1237,1.);
#1237 = DIRECTION('',(0.,0.,-1.));
#1238 = ORIENTED_EDGE('',*,*,#1239,.F.);
#1239 = EDGE_CURVE('',#1214,#1232,#1240,.T.);
#1240 = LINE('',#1241,#1242);
#1241 = CARTESIAN_POINT('',(54.,-54.,0.));
#1242 = VECTOR('',#1243,1.);
#1243 = DIRECTION('',(1.,0.,0.));
#1244 = PLANE('',#1245);
#1245 = AXIS2_PLACEMENT_3D('',#1246,#1247,#1248);
#1246 = CARTESIAN_POINT('',(54.,-54.,0.));
#1247 = DIRECTION('',(0.,-1.,0.));
#1248 = DIRECTION('',(1.,0.,0.));
#1249 = ADVANCED_FACE('',(#1250),#1275,.T.);
#1250 = FACE_BOUND('',#1251,.T.);
#1251 = EDGE_LOOP('',(#1252,#1262,#1268,#1269));
#1252 = ORIENTED_EDGE('',*,*,#1253,.T.);
#1253 = EDGE_CURVE('',#1254,#1256,#1258,.T.);
#1254 = VERTEX_POINT('',#1255);
#1255 = CARTESIAN_POINT('',(54.,-66.,0.));
#1256 = VERTEX_POINT('',#1257);
#1257 = CARTESIAN_POINT('',(54.,-66.,-1.6));
#1258 = LINE('',#1259,#1260);
#1259 = CARTESIAN_POINT('',(54.,-66.,0.));
#1260 = VECTOR('',#1261,1.);
#1261 = DIRECTION('',(0.,0.,-1.));
#1262 = ORIENTED_EDGE('',*,*,#1263,.T.);
#1263 = EDGE_CURVE('',#1256,#1216,#1264,.T.);
#1264 = LINE('',#1265,#1266);
#1265 = CARTESIAN_POINT('',(54.,-66.,-1.6));
#1266 = VECTOR('',#1267,1.);
#1267 = DIRECTION('',(0.,1.,0.));
#1268 = ORIENTED_EDGE('',*,*,#1213,.F.);
#1269 = ORIENTED_EDGE('',*,*,#1270,.F.);
#1270 = EDGE_CURVE('',#1254,#1214,#1271,.T.);
#1271 = LINE('',#1272,#1273);
#1272 = CARTESIAN_POINT('',(54.,-66.,0.));
#1273 = VECTOR('',#1274,1.);
#1274 = DIRECTION('',(0.,1.,0.));
#1275 = PLANE('',#1276);
#1276 = AXIS2_PLACEMENT_3D('',#1277,#1278,#1279);
#1277 = CARTESIAN_POINT('',(54.,-66.,0.));
#1278 = DIRECTION('',(1.,-0.,0.));
#1279 = DIRECTION('',(0.,1.,0.));
#1280 = ADVANCED_FACE('',(#1281),#1306,.T.);
#1281 = FACE_BOUND('',#1282,.T.);
#1282 = EDGE_LOOP('',(#1283,#1284,#1292,#1300));
#1283 = ORIENTED_EDGE('',*,*,#1231,.T.);
#1284 = ORIENTED_EDGE('',*,*,#1285,.T.);
#1285 = EDGE_CURVE('',#1224,#1286,#1288,.T.);
#1286 = VERTEX_POINT('',#1287);
#1287 = CARTESIAN_POINT('',(66.,-66.,-1.6));
#1288 = LINE('',#1289,#1290);
#1289 = CARTESIAN_POINT('',(66.,-54.,-1.6));
#1290 = VECTOR('',#1291,1.);
#1291 = DIRECTION('',(0.,-1.,0.));
#1292 = ORIENTED_EDGE('',*,*,#1293,.F.);
#1293 = EDGE_CURVE('',#1294,#1286,#1296,.T.);
#1294 = VERTEX_POINT('',#1295);
#1295 = CARTESIAN_POINT('',(66.,-66.,0.));
#1296 = LINE('',#1297,#1298);
#1297 = CARTESIAN_POINT('',(66.,-66.,0.));
#1298 = VECTOR('',#1299,1.);
#1299 = DIRECTION('',(0.,0.,-1.));
#1300 = ORIENTED_EDGE('',*,*,#1301,.F.);
#1301 = EDGE_CURVE('',#1232,#1294,#1302,.T.);
#1302 = LINE('',#1303,#1304);
#1303 = CARTESIAN_POINT('',(66.,-54.,0.));
#1304 = VECTOR('',#1305,1.);
#1305 = DIRECTION('',(0.,-1.,0.));
#1306 = PLANE('',#1307);
#1307 = AXIS2_PLACEMENT_3D('',#1308,#1309,#1310);
#1308 = CARTESIAN_POINT('',(66.,-54.,0.));
#1309 = DIRECTION('',(-1.,-0.,-0.));
#1310 = DIRECTION('',(0.,-1.,0.));
#1311 = ADVANCED_FACE('',(#1312),#1328,.T.);
#1312 = FACE_BOUND('',#1313,.T.);
#1313 = EDGE_LOOP('',(#1314,#1315,#1321,#1322));
#1314 = ORIENTED_EDGE('',*,*,#1293,.T.);
#1315 = ORIENTED_EDGE('',*,*,#1316,.T.);
#1316 = EDGE_CURVE('',#1286,#1256,#1317,.T.);
#1317 = LINE('',#1318,#1319);
#1318 = CARTESIAN_POINT('',(66.,-66.,-1.6));
#1319 = VECTOR('',#1320,1.);
#1320 = DIRECTION('',(-1.,0.,0.));
#1321 = ORIENTED_EDGE('',*,*,#1253,.F.);
#1322 = ORIENTED_EDGE('',*,*,#1323,.F.);
#1323 = EDGE_CURVE('',#1294,#1254,#1324,.T.);
#1324 = LINE('',#1325,#1326);
#1325 = CARTESIAN_POINT('',(66.,-66.,0.));
#1326 = VECTOR('',#1327,1.);
#1327 = DIRECTION('',(-1.,0.,0.));
#1328 = PLANE('',#1329);
#1329 = AXIS2_PLACEMENT_3D('',#1330,#1331,#1332);
#1330 = CARTESIAN_POINT('',(66.,-66.,0.));
#1331 = DIRECTION('',(0.,1.,0.));
#1332 = DIRECTION('',(-1.,0.,0.));
#1333 = ADVANCED_FACE('',(#1334),#1361,.F.);
#1334 = FACE_BOUND('',#1335,.F.);
#1335 = EDGE_LOOP('',(#1336,#1346,#1353,#1354));
#1336 = ORIENTED_EDGE('',*,*,#1337,.T.);
#1337 = EDGE_CURVE('',#1338,#1340,#1342,.T.);
#1338 = VERTEX_POINT('',#1339);
#1339 = CARTESIAN_POINT('',(301.0955,-53.31,0.));
#1340 = VERTEX_POINT('',#1341);
#1341 = CARTESIAN_POINT('',(301.0955,-53.31,-1.6));
#1342 = LINE('',#1343,#1344);
#1343 = CARTESIAN_POINT('',(301.0955,-53.31,0.));
#1344 = VECTOR('',#1345,1.);
#1345 = DIRECTION('',(0.,0.,-1.));
#1346 = ORIENTED_EDGE('',*,*,#1347,.T.);
#1347 = EDGE_CURVE('',#1340,#1340,#1348,.T.);
#1348 = CIRCLE('',#1349,0.3555);
#1349 = AXIS2_PLACEMENT_3D('',#1350,#1351,#1352);
#1350 = CARTESIAN_POINT('',(300.74,-53.31,-1.6));
#1351 = DIRECTION('',(0.,0.,1.));
#1352 = DIRECTION('',(1.,0.,-0.));
#1353 = ORIENTED_EDGE('',*,*,#1337,.F.);
#1354 = ORIENTED_EDGE('',*,*,#1355,.F.);
#1355 = EDGE_CURVE('',#1338,#1338,#1356,.T.);
#1356 = CIRCLE('',#1357,0.3555);
#1357 = AXIS2_PLACEMENT_3D('',#1358,#1359,#1360);
#1358 = CARTESIAN_POINT('',(300.74,-53.31,0.));
#1359 = DIRECTION('',(0.,0.,1.));
#1360 = DIRECTION('',(1.,0.,-0.));
#1361 = CYLINDRICAL_SURFACE('',#1362,0.3555);
#1362 = AXIS2_PLACEMENT_3D('',#1363,#1364,#1365);
#1363 = CARTESIAN_POINT('',(300.74,-53.31,0.));
#1364 = DIRECTION('',(0.,0.,1.));
#1365 = DIRECTION('',(1.,0.,-0.));
#1366 = ADVANCED_FACE('',(#1367),#1394,.F.);
#1367 = FACE_BOUND('',#1368,.F.);
#1368 = EDGE_LOOP('',(#1369,#1379,#1386,#1387));
#1369 = ORIENTED_EDGE('',*,*,#1370,.T.);
#1370 = EDGE_CURVE('',#1371,#1373,#1375,.T.);
#1371 = VERTEX_POINT('',#1372);
#1372 = CARTESIAN_POINT('',(298.5555,-53.31,0.));
#1373 = VERTEX_POINT('',#1374);
#1374 = CARTESIAN_POINT('',(298.5555,-53.31,-1.6));
#1375 = LINE('',#1376,#1377);
#1376 = CARTESIAN_POINT('',(298.5555,-53.31,0.));
#1377 = VECTOR('',#1378,1.);
#1378 = DIRECTION('',(0.,0.,-1.));
#1379 = ORIENTED_EDGE('',*,*,#1380,.T.);
#1380 = EDGE_CURVE('',#1373,#1373,#1381,.T.);
#1381 = CIRCLE('',#1382,0.3555);
#1382 = AXIS2_PLACEMENT_3D('',#1383,#1384,#1385);
#1383 = CARTESIAN_POINT('',(298.2,-53.31,-1.6));
#1384 = DIRECTION('',(0.,0.,1.));
#1385 = DIRECTION('',(1.,0.,-0.));
#1386 = ORIENTED_EDGE('',*,*,#1370,.F.);
#1387 = ORIENTED_EDGE('',*,*,#1388,.F.);
#1388 = EDGE_CURVE('',#1371,#1371,#1389,.T.);
#1389 = CIRCLE('',#1390,0.3555);
#1390 = AXIS2_PLACEMENT_3D('',#1391,#1392,#1393);
#1391 = CARTESIAN_POINT('',(298.2,-53.31,0.));
#1392 = DIRECTION('',(0.,0.,1.));
#1393 = DIRECTION('',(1.,0.,-0.));
#1394 = CYLINDRICAL_SURFACE('',#1395,0.3555);
#1395 = AXIS2_PLACEMENT_3D('',#1396,#1397,#1398);
#1396 = CARTESIAN_POINT('',(298.2,-53.31,0.));
#1397 = DIRECTION('',(0.,0.,1.));
#1398 = DIRECTION('',(1.,0.,-0.));
#1399 = ADVANCED_FACE('',(#1400),#1427,.F.);
#1400 = FACE_BOUND('',#1401,.F.);
#1401 = EDGE_LOOP('',(#1402,#1412,#1419,#1420));
#1402 = ORIENTED_EDGE('',*,*,#1403,.T.);
#1403 = EDGE_CURVE('',#1404,#1406,#1408,.T.);
#1404 = VERTEX_POINT('',#1405);
#1405 = CARTESIAN_POINT('',(296.0155,-53.31,0.));
#1406 = VERTEX_POINT('',#1407);
#1407 = CARTESIAN_POINT('',(296.0155,-53.31,-1.6));
#1408 = LINE('',#1409,#1410);
#1409 = CARTESIAN_POINT('',(296.0155,-53.31,0.));
#1410 = VECTOR('',#1411,1.);
#1411 = DIRECTION('',(0.,0.,-1.));
#1412 = ORIENTED_EDGE('',*,*,#1413,.T.);
#1413 = EDGE_CURVE('',#1406,#1406,#1414,.T.);
#1414 = CIRCLE('',#1415,0.3555);
#1415 = AXIS2_PLACEMENT_3D('',#1416,#1417,#1418);
#1416 = CARTESIAN_POINT('',(295.66,-53.31,-1.6));
#1417 = DIRECTION('',(0.,0.,1.));
#1418 = DIRECTION('',(1.,0.,-0.));
#1419 = ORIENTED_EDGE('',*,*,#1403,.F.);
#1420 = ORIENTED_EDGE('',*,*,#1421,.F.);
#1421 = EDGE_CURVE('',#1404,#1404,#1422,.T.);
#1422 = CIRCLE('',#1423,0.3555);
#1423 = AXIS2_PLACEMENT_3D('',#1424,#1425,#1426);
#1424 = CARTESIAN_POINT('',(295.66,-53.31,0.));
#1425 = DIRECTION('',(0.,0.,1.));
#1426 = DIRECTION('',(1.,0.,-0.));
#1427 = CYLINDRICAL_SURFACE('',#1428,0.3555);
#1428 = AXIS2_PLACEMENT_3D('',#1429,#1430,#1431);
#1429 = CARTESIAN_POINT('',(295.66,-53.31,0.));
#1430 = DIRECTION('',(0.,0.,1.));
#1431 = DIRECTION('',(1.,0.,-0.));
#1432 = ADVANCED_FACE('',(#1433),#1460,.F.);
#1433 = FACE_BOUND('',#1434,.F.);
#1434 = EDGE_LOOP('',(#1435,#1445,#1452,#1453));
#1435 = ORIENTED_EDGE('',*,*,#1436,.T.);
#1436 = EDGE_CURVE('',#1437,#1439,#1441,.T.);
#1437 = VERTEX_POINT('',#1438);
#1438 = CARTESIAN_POINT('',(293.4755,-53.31,0.));
#1439 = VERTEX_POINT('',#1440);
#1440 = CARTESIAN_POINT('',(293.4755,-53.31,-1.6));
#1441 = LINE('',#1442,#1443);
#1442 = CARTESIAN_POINT('',(293.4755,-53.31,0.));
#1443 = VECTOR('',#1444,1.);
#1444 = DIRECTION('',(0.,0.,-1.));
#1445 = ORIENTED_EDGE('',*,*,#1446,.T.);
#1446 = EDGE_CURVE('',#1439,#1439,#1447,.T.);
#1447 = CIRCLE('',#1448,0.3555);
#1448 = AXIS2_PLACEMENT_3D('',#1449,#1450,#1451);
#1449 = CARTESIAN_POINT('',(293.12,-53.31,-1.6));
#1450 = DIRECTION('',(0.,0.,1.));
#1451 = DIRECTION('',(1.,0.,-0.));
#1452 = ORIENTED_EDGE('',*,*,#1436,.F.);
#1453 = ORIENTED_EDGE('',*,*,#1454,.F.);
#1454 = EDGE_CURVE('',#1437,#1437,#1455,.T.);
#1455 = CIRCLE('',#1456,0.3555);
#1456 = AXIS2_PLACEMENT_3D('',#1457,#1458,#1459);
#1457 = CARTESIAN_POINT('',(293.12,-53.31,0.));
#1458 = DIRECTION('',(0.,0.,1.));
#1459 = DIRECTION('',(1.,0.,-0.));
#1460 = CYLINDRICAL_SURFACE('',#1461,0.3555);
#1461 = AXIS2_PLACEMENT_3D('',#1462,#1463,#1464);
#1462 = CARTESIAN_POINT('',(293.12,-53.31,0.));
#1463 = DIRECTION('',(0.,0.,1.));
#1464 = DIRECTION('',(1.,0.,-0.));
#1465 = ADVANCED_FACE('',(#1466),#1493,.F.);
#1466 = FACE_BOUND('',#1467,.F.);
#1467 = EDGE_LOOP('',(#1468,#1478,#1485,#1486));
#1468 = ORIENTED_EDGE('',*,*,#1469,.T.);
#1469 = EDGE_CURVE('',#1470,#1472,#1474,.T.);
#1470 = VERTEX_POINT('',#1471);
#1471 = CARTESIAN_POINT('',(290.9355,-53.31,0.));
#1472 = VERTEX_POINT('',#1473);
#1473 = CARTESIAN_POINT('',(290.9355,-53.31,-1.6));
#1474 = LINE('',#1475,#1476);
#1475 = CARTESIAN_POINT('',(290.9355,-53.31,0.));
#1476 = VECTOR('',#1477,1.);
#1477 = DIRECTION('',(0.,0.,-1.));
#1478 = ORIENTED_EDGE('',*,*,#1479,.T.);
#1479 = EDGE_CURVE('',#1472,#1472,#1480,.T.);
#1480 = CIRCLE('',#1481,0.3555);
#1481 = AXIS2_PLACEMENT_3D('',#1482,#1483,#1484);
#1482 = CARTESIAN_POINT('',(290.58,-53.31,-1.6));
#1483 = DIRECTION('',(0.,0.,1.));
#1484 = DIRECTION('',(1.,0.,-0.));
#1485 = ORIENTED_EDGE('',*,*,#1469,.F.);
#1486 = ORIENTED_EDGE('',*,*,#1487,.F.);
#1487 = EDGE_CURVE('',#1470,#1470,#1488,.T.);
#1488 = CIRCLE('',#1489,0.3555);
#1489 = AXIS2_PLACEMENT_3D('',#1490,#1491,#1492);
#1490 = CARTESIAN_POINT('',(290.58,-53.31,0.));
#1491 = DIRECTION('',(0.,0.,1.));
#1492 = DIRECTION('',(1.,0.,-0.));
#1493 = CYLINDRICAL_SURFACE('',#1494,0.3555);
#1494 = AXIS2_PLACEMENT_3D('',#1495,#1496,#1497);
#1495 = CARTESIAN_POINT('',(290.58,-53.31,0.));
#1496 = DIRECTION('',(0.,0.,1.));
#1497 = DIRECTION('',(1.,0.,-0.));
#1498 = ADVANCED_FACE('',(#1499),#1526,.F.);
#1499 = FACE_BOUND('',#1500,.F.);
#1500 = EDGE_LOOP('',(#1501,#1511,#1518,#1519));
#1501 = ORIENTED_EDGE('',*,*,#1502,.T.);
#1502 = EDGE_CURVE('',#1503,#1505,#1507,.T.);
#1503 = VERTEX_POINT('',#1504);
#1504 = CARTESIAN_POINT('',(288.3955,-53.31,0.));
#1505 = VERTEX_POINT('',#1506);
#1506 = CARTESIAN_POINT('',(288.3955,-53.31,-1.6));
#1507 = LINE('',#1508,#1509);
#1508 = CARTESIAN_POINT('',(288.3955,-53.31,0.));
#1509 = VECTOR('',#1510,1.);
#1510 = DIRECTION('',(0.,0.,-1.));
#1511 = ORIENTED_EDGE('',*,*,#1512,.T.);
#1512 = EDGE_CURVE('',#1505,#1505,#1513,.T.);
#1513 = CIRCLE('',#1514,0.3555);
#1514 = AXIS2_PLACEMENT_3D('',#1515,#1516,#1517);
#1515 = CARTESIAN_POINT('',(288.04,-53.31,-1.6));
#1516 = DIRECTION('',(0.,0.,1.));
#1517 = DIRECTION('',(1.,0.,-0.));
#1518 = ORIENTED_EDGE('',*,*,#1502,.F.);
#1519 = ORIENTED_EDGE('',*,*,#1520,.F.);
#1520 = EDGE_CURVE('',#1503,#1503,#1521,.T.);
#1521 = CIRCLE('',#1522,0.3555);
#1522 = AXIS2_PLACEMENT_3D('',#1523,#1524,#1525);
#1523 = CARTESIAN_POINT('',(288.04,-53.31,0.));
#1524 = DIRECTION('',(0.,0.,1.));
#1525 = DIRECTION('',(1.,0.,-0.));
#1526 = CYLINDRICAL_SURFACE('',#1527,0.3555);
#1527 = AXIS2_PLACEMENT_3D('',#1528,#1529,#1530);
#1528 = CARTESIAN_POINT('',(288.04,-53.31,0.));
#1529 = DIRECTION('',(0.,0.,1.));
#1530 = DIRECTION('',(1.,0.,-0.));
#1531 = ADVANCED_FACE('',(#1532),#1559,.F.);
#1532 = FACE_BOUND('',#1533,.F.);
#1533 = EDGE_LOOP('',(#1534,#1544,#1551,#1552));
#1534 = ORIENTED_EDGE('',*,*,#1535,.T.);
#1535 = EDGE_CURVE('',#1536,#1538,#1540,.T.);
#1536 = VERTEX_POINT('',#1537);
#1537 = CARTESIAN_POINT('',(285.8555,-53.31,0.));
#1538 = VERTEX_POINT('',#1539);
#1539 = CARTESIAN_POINT('',(285.8555,-53.31,-1.6));
#1540 = LINE('',#1541,#1542);
#1541 = CARTESIAN_POINT('',(285.8555,-53.31,0.));
#1542 = VECTOR('',#1543,1.);
#1543 = DIRECTION('',(0.,0.,-1.));
#1544 = ORIENTED_EDGE('',*,*,#1545,.T.);
#1545 = EDGE_CURVE('',#1538,#1538,#1546,.T.);
#1546 = CIRCLE('',#1547,0.3555);
#1547 = AXIS2_PLACEMENT_3D('',#1548,#1549,#1550);
#1548 = CARTESIAN_POINT('',(285.5,-53.31,-1.6));
#1549 = DIRECTION('',(0.,0.,1.));
#1550 = DIRECTION('',(1.,0.,-0.));
#1551 = ORIENTED_EDGE('',*,*,#1535,.F.);
#1552 = ORIENTED_EDGE('',*,*,#1553,.F.);
#1553 = EDGE_CURVE('',#1536,#1536,#1554,.T.);
#1554 = CIRCLE('',#1555,0.3555);
#1555 = AXIS2_PLACEMENT_3D('',#1556,#1557,#1558);
#1556 = CARTESIAN_POINT('',(285.5,-53.31,0.));
#1557 = DIRECTION('',(0.,0.,1.));
#1558 = DIRECTION('',(1.,0.,-0.));
#1559 = CYLINDRICAL_SURFACE('',#1560,0.3555);
#1560 = AXIS2_PLACEMENT_3D('',#1561,#1562,#1563);
#1561 = CARTESIAN_POINT('',(285.5,-53.31,0.));
#1562 = DIRECTION('',(0.,0.,1.));
#1563 = DIRECTION('',(1.,0.,-0.));
#1564 = ADVANCED_FACE('',(#1565),#1592,.F.);
#1565 = FACE_BOUND('',#1566,.F.);
#1566 = EDGE_LOOP('',(#1567,#1577,#1584,#1585));
#1567 = ORIENTED_EDGE('',*,*,#1568,.T.);
#1568 = EDGE_CURVE('',#1569,#1571,#1573,.T.);
#1569 = VERTEX_POINT('',#1570);
#1570 = CARTESIAN_POINT('',(283.3155,-53.31,0.));
#1571 = VERTEX_POINT('',#1572);
#1572 = CARTESIAN_POINT('',(283.3155,-53.31,-1.6));
#1573 = LINE('',#1574,#1575);
#1574 = CARTESIAN_POINT('',(283.3155,-53.31,0.));
#1575 = VECTOR('',#1576,1.);
#1576 = DIRECTION('',(0.,0.,-1.));
#1577 = ORIENTED_EDGE('',*,*,#1578,.T.);
#1578 = EDGE_CURVE('',#1571,#1571,#1579,.T.);
#1579 = CIRCLE('',#1580,0.3555);
#1580 = AXIS2_PLACEMENT_3D('',#1581,#1582,#1583);
#1581 = CARTESIAN_POINT('',(282.96,-53.31,-1.6));
#1582 = DIRECTION('',(0.,0.,1.));
#1583 = DIRECTION('',(1.,0.,-0.));
#1584 = ORIENTED_EDGE('',*,*,#1568,.F.);
#1585 = ORIENTED_EDGE('',*,*,#1586,.F.);
#1586 = EDGE_CURVE('',#1569,#1569,#1587,.T.);
#1587 = CIRCLE('',#1588,0.3555);
#1588 = AXIS2_PLACEMENT_3D('',#1589,#1590,#1591);
#1589 = CARTESIAN_POINT('',(282.96,-53.31,0.));
#1590 = DIRECTION('',(0.,0.,1.));
#1591 = DIRECTION('',(1.,0.,-0.));
#1592 = CYLINDRICAL_SURFACE('',#1593,0.3555);
#1593 = AXIS2_PLACEMENT_3D('',#1594,#1595,#1596);
#1594 = CARTESIAN_POINT('',(282.96,-53.31,0.));
#1595 = DIRECTION('',(0.,0.,1.));
#1596 = DIRECTION('',(1.,0.,-0.));
#1597 = ADVANCED_FACE('',(#1598),#1625,.F.);
#1598 = FACE_BOUND('',#1599,.F.);
#1599 = EDGE_LOOP('',(#1600,#1610,#1617,#1618));
#1600 = ORIENTED_EDGE('',*,*,#1601,.T.);
#1601 = EDGE_CURVE('',#1602,#1604,#1606,.T.);
#1602 = VERTEX_POINT('',#1603);
#1603 = CARTESIAN_POINT('',(280.7755,-53.31,0.));
#1604 = VERTEX_POINT('',#1605);
#1605 = CARTESIAN_POINT('',(280.7755,-53.31,-1.6));
#1606 = LINE('',#1607,#1608);
#1607 = CARTESIAN_POINT('',(280.7755,-53.31,0.));
#1608 = VECTOR('',#1609,1.);
#1609 = DIRECTION('',(0.,0.,-1.));
#1610 = ORIENTED_EDGE('',*,*,#1611,.T.);
#1611 = EDGE_CURVE('',#1604,#1604,#1612,.T.);
#1612 = CIRCLE('',#1613,0.3555);
#1613 = AXIS2_PLACEMENT_3D('',#1614,#1615,#1616);
#1614 = CARTESIAN_POINT('',(280.42,-53.31,-1.6));
#1615 = DIRECTION('',(0.,0.,1.));
#1616 = DIRECTION('',(1.,0.,-0.));
#1617 = ORIENTED_EDGE('',*,*,#1601,.F.);
#1618 = ORIENTED_EDGE('',*,*,#1619,.F.);
#1619 = EDGE_CURVE('',#1602,#1602,#1620,.T.);
#1620 = CIRCLE('',#1621,0.3555);
#1621 = AXIS2_PLACEMENT_3D('',#1622,#1623,#1624);
#1622 = CARTESIAN_POINT('',(280.42,-53.31,0.));
#1623 = DIRECTION('',(0.,0.,1.));
#1624 = DIRECTION('',(1.,0.,-0.));
#1625 = CYLINDRICAL_SURFACE('',#1626,0.3555);
#1626 = AXIS2_PLACEMENT_3D('',#1627,#1628,#1629);
#1627 = CARTESIAN_POINT('',(280.42,-53.31,0.));
#1628 = DIRECTION('',(0.,0.,1.));
#1629 = DIRECTION('',(1.,0.,-0.));
#1630 = ADVANCED_FACE('',(#1631),#1658,.F.);
#1631 = FACE_BOUND('',#1632,.F.);
#1632 = EDGE_LOOP('',(#1633,#1643,#1650,#1651));
#1633 = ORIENTED_EDGE('',*,*,#1634,.T.);
#1634 = EDGE_CURVE('',#1635,#1637,#1639,.T.);
#1635 = VERTEX_POINT('',#1636);
#1636 = CARTESIAN_POINT('',(278.2355,-53.31,0.));
#1637 = VERTEX_POINT('',#1638);
#1638 = CARTESIAN_POINT('',(278.2355,-53.31,-1.6));
#1639 = LINE('',#1640,#1641);
#1640 = CARTESIAN_POINT('',(278.2355,-53.31,0.));
#1641 = VECTOR('',#1642,1.);
#1642 = DIRECTION('',(0.,0.,-1.));
#1643 = ORIENTED_EDGE('',*,*,#1644,.T.);
#1644 = EDGE_CURVE('',#1637,#1637,#1645,.T.);
#1645 = CIRCLE('',#1646,0.3555);
#1646 = AXIS2_PLACEMENT_3D('',#1647,#1648,#1649);
#1647 = CARTESIAN_POINT('',(277.88,-53.31,-1.6));
#1648 = DIRECTION('',(0.,0.,1.));
#1649 = DIRECTION('',(1.,0.,-0.));
#1650 = ORIENTED_EDGE('',*,*,#1634,.F.);
#1651 = ORIENTED_EDGE('',*,*,#1652,.F.);
#1652 = EDGE_CURVE('',#1635,#1635,#1653,.T.);
#1653 = CIRCLE('',#1654,0.3555);
#1654 = AXIS2_PLACEMENT_3D('',#1655,#1656,#1657);
#1655 = CARTESIAN_POINT('',(277.88,-53.31,0.));
#1656 = DIRECTION('',(0.,0.,1.));
#1657 = DIRECTION('',(1.,0.,-0.));
#1658 = CYLINDRICAL_SURFACE('',#1659,0.3555);
#1659 = AXIS2_PLACEMENT_3D('',#1660,#1661,#1662);
#1660 = CARTESIAN_POINT('',(277.88,-53.31,0.));
#1661 = DIRECTION('',(0.,0.,1.));
#1662 = DIRECTION('',(1.,0.,-0.));
#1663 = ADVANCED_FACE('',(#1664),#1691,.F.);
#1664 = FACE_BOUND('',#1665,.F.);
#1665 = EDGE_LOOP('',(#1666,#1676,#1683,#1684));
#1666 = ORIENTED_EDGE('',*,*,#1667,.T.);
#1667 = EDGE_CURVE('',#1668,#1670,#1672,.T.);
#1668 = VERTEX_POINT('',#1669);
#1669 = CARTESIAN_POINT('',(275.6955,-53.31,0.));
#1670 = VERTEX_POINT('',#1671);
#1671 = CARTESIAN_POINT('',(275.6955,-53.31,-1.6));
#1672 = LINE('',#1673,#1674);
#1673 = CARTESIAN_POINT('',(275.6955,-53.31,0.));
#1674 = VECTOR('',#1675,1.);
#1675 = DIRECTION('',(0.,0.,-1.));
#1676 = ORIENTED_EDGE('',*,*,#1677,.T.);
#1677 = EDGE_CURVE('',#1670,#1670,#1678,.T.);
#1678 = CIRCLE('',#1679,0.3555);
#1679 = AXIS2_PLACEMENT_3D('',#1680,#1681,#1682);
#1680 = CARTESIAN_POINT('',(275.34,-53.31,-1.6));
#1681 = DIRECTION('',(0.,0.,1.));
#1682 = DIRECTION('',(1.,0.,-0.));
#1683 = ORIENTED_EDGE('',*,*,#1667,.F.);
#1684 = ORIENTED_EDGE('',*,*,#1685,.F.);
#1685 = EDGE_CURVE('',#1668,#1668,#1686,.T.);
#1686 = CIRCLE('',#1687,0.3555);
#1687 = AXIS2_PLACEMENT_3D('',#1688,#1689,#1690);
#1688 = CARTESIAN_POINT('',(275.34,-53.31,0.));
#1689 = DIRECTION('',(0.,0.,1.));
#1690 = DIRECTION('',(1.,0.,-0.));
#1691 = CYLINDRICAL_SURFACE('',#1692,0.3555);
#1692 = AXIS2_PLACEMENT_3D('',#1693,#1694,#1695);
#1693 = CARTESIAN_POINT('',(275.34,-53.31,0.));
#1694 = DIRECTION('',(0.,0.,1.));
#1695 = DIRECTION('',(1.,0.,-0.));
#1696 = ADVANCED_FACE('',(#1697),#1724,.F.);
#1697 = FACE_BOUND('',#1698,.F.);
#1698 = EDGE_LOOP('',(#1699,#1709,#1716,#1717));
#1699 = ORIENTED_EDGE('',*,*,#1700,.T.);
#1700 = EDGE_CURVE('',#1701,#1703,#1705,.T.);
#1701 = VERTEX_POINT('',#1702);
#1702 = CARTESIAN_POINT('',(273.1555,-53.31,0.));
#1703 = VERTEX_POINT('',#1704);
#1704 = CARTESIAN_POINT('',(273.1555,-53.31,-1.6));
#1705 = LINE('',#1706,#1707);
#1706 = CARTESIAN_POINT('',(273.1555,-53.31,0.));
#1707 = VECTOR('',#1708,1.);
#1708 = DIRECTION('',(0.,0.,-1.));
#1709 = ORIENTED_EDGE('',*,*,#1710,.T.);
#1710 = EDGE_CURVE('',#1703,#1703,#1711,.T.);
#1711 = CIRCLE('',#1712,0.3555);
#1712 = AXIS2_PLACEMENT_3D('',#1713,#1714,#1715);
#1713 = CARTESIAN_POINT('',(272.8,-53.31,-1.6));
#1714 = DIRECTION('',(0.,0.,1.));
#1715 = DIRECTION('',(1.,0.,-0.));
#1716 = ORIENTED_EDGE('',*,*,#1700,.F.);
#1717 = ORIENTED_EDGE('',*,*,#1718,.F.);
#1718 = EDGE_CURVE('',#1701,#1701,#1719,.T.);
#1719 = CIRCLE('',#1720,0.3555);
#1720 = AXIS2_PLACEMENT_3D('',#1721,#1722,#1723);
#1721 = CARTESIAN_POINT('',(272.8,-53.31,0.));
#1722 = DIRECTION('',(0.,0.,1.));
#1723 = DIRECTION('',(1.,0.,-0.));
#1724 = CYLINDRICAL_SURFACE('',#1725,0.3555);
#1725 = AXIS2_PLACEMENT_3D('',#1726,#1727,#1728);
#1726 = CARTESIAN_POINT('',(272.8,-53.31,0.));
#1727 = DIRECTION('',(0.,0.,1.));
#1728 = DIRECTION('',(1.,0.,-0.));
#1729 = ADVANCED_FACE('',(#1730),#1757,.F.);
#1730 = FACE_BOUND('',#1731,.F.);
#1731 = EDGE_LOOP('',(#1732,#1742,#1749,#1750));
#1732 = ORIENTED_EDGE('',*,*,#1733,.T.);
#1733 = EDGE_CURVE('',#1734,#1736,#1738,.T.);
#1734 = VERTEX_POINT('',#1735);
#1735 = CARTESIAN_POINT('',(270.6155,-53.31,0.));
#1736 = VERTEX_POINT('',#1737);
#1737 = CARTESIAN_POINT('',(270.6155,-53.31,-1.6));
#1738 = LINE('',#1739,#1740);
#1739 = CARTESIAN_POINT('',(270.6155,-53.31,0.));
#1740 = VECTOR('',#1741,1.);
#1741 = DIRECTION('',(0.,0.,-1.));
#1742 = ORIENTED_EDGE('',*,*,#1743,.T.);
#1743 = EDGE_CURVE('',#1736,#1736,#1744,.T.);
#1744 = CIRCLE('',#1745,0.3555);
#1745 = AXIS2_PLACEMENT_3D('',#1746,#1747,#1748);
#1746 = CARTESIAN_POINT('',(270.26,-53.31,-1.6));
#1747 = DIRECTION('',(0.,0.,1.));
#1748 = DIRECTION('',(1.,0.,-0.));
#1749 = ORIENTED_EDGE('',*,*,#1733,.F.);
#1750 = ORIENTED_EDGE('',*,*,#1751,.F.);
#1751 = EDGE_CURVE('',#1734,#1734,#1752,.T.);
#1752 = CIRCLE('',#1753,0.3555);
#1753 = AXIS2_PLACEMENT_3D('',#1754,#1755,#1756);
#1754 = CARTESIAN_POINT('',(270.26,-53.31,0.));
#1755 = DIRECTION('',(0.,0.,1.));
#1756 = DIRECTION('',(1.,0.,-0.));
#1757 = CYLINDRICAL_SURFACE('',#1758,0.3555);
#1758 = AXIS2_PLACEMENT_3D('',#1759,#1760,#1761);
#1759 = CARTESIAN_POINT('',(270.26,-53.31,0.));
#1760 = DIRECTION('',(0.,0.,1.));
#1761 = DIRECTION('',(1.,0.,-0.));
#1762 = ADVANCED_FACE('',(#1763),#1790,.F.);
#1763 = FACE_BOUND('',#1764,.F.);
#1764 = EDGE_LOOP('',(#1765,#1775,#1782,#1783));
#1765 = ORIENTED_EDGE('',*,*,#1766,.T.);
#1766 = EDGE_CURVE('',#1767,#1769,#1771,.T.);
#1767 = VERTEX_POINT('',#1768);
#1768 = CARTESIAN_POINT('',(305.87,-52.04,0.));
#1769 = VERTEX_POINT('',#1770);
#1770 = CARTESIAN_POINT('',(305.87,-52.04,-1.6));
#1771 = LINE('',#1772,#1773);
#1772 = CARTESIAN_POINT('',(305.87,-52.04,0.));
#1773 = VECTOR('',#1774,1.);
#1774 = DIRECTION('',(0.,0.,-1.));
#1775 = ORIENTED_EDGE('',*,*,#1776,.T.);
#1776 = EDGE_CURVE('',#1769,#1769,#1777,.T.);
#1777 = CIRCLE('',#1778,1.32);
#1778 = AXIS2_PLACEMENT_3D('',#1779,#1780,#1781);
#1779 = CARTESIAN_POINT('',(304.55,-52.04,-1.6));
#1780 = DIRECTION('',(0.,0.,1.));
#1781 = DIRECTION('',(1.,0.,-0.));
#1782 = ORIENTED_EDGE('',*,*,#1766,.F.);
#1783 = ORIENTED_EDGE('',*,*,#1784,.F.);
#1784 = EDGE_CURVE('',#1767,#1767,#1785,.T.);
#1785 = CIRCLE('',#1786,1.32);
#1786 = AXIS2_PLACEMENT_3D('',#1787,#1788,#1789);
#1787 = CARTESIAN_POINT('',(304.55,-52.04,0.));
#1788 = DIRECTION('',(0.,0.,1.));
#1789 = DIRECTION('',(1.,0.,-0.));
#1790 = CYLINDRICAL_SURFACE('',#1791,1.32);
#1791 = AXIS2_PLACEMENT_3D('',#1792,#1793,#1794);
#1792 = CARTESIAN_POINT('',(304.55,-52.04,0.));
#1793 = DIRECTION('',(0.,0.,1.));
#1794 = DIRECTION('',(1.,0.,-0.));
#1795 = ADVANCED_FACE('',(#1796),#1823,.F.);
#1796 = FACE_BOUND('',#1797,.F.);
#1797 = EDGE_LOOP('',(#1798,#1808,#1815,#1816));
#1798 = ORIENTED_EDGE('',*,*,#1799,.T.);
#1799 = EDGE_CURVE('',#1800,#1802,#1804,.T.);
#1800 = VERTEX_POINT('',#1801);
#1801 = CARTESIAN_POINT('',(299.8255,-50.77,0.));
#1802 = VERTEX_POINT('',#1803);
#1803 = CARTESIAN_POINT('',(299.8255,-50.77,-1.6));
#1804 = LINE('',#1805,#1806);
#1805 = CARTESIAN_POINT('',(299.8255,-50.77,0.));
#1806 = VECTOR('',#1807,1.);
#1807 = DIRECTION('',(0.,0.,-1.));
#1808 = ORIENTED_EDGE('',*,*,#1809,.T.);
#1809 = EDGE_CURVE('',#1802,#1802,#1810,.T.);
#1810 = CIRCLE('',#1811,0.3555);
#1811 = AXIS2_PLACEMENT_3D('',#1812,#1813,#1814);
#1812 = CARTESIAN_POINT('',(299.47,-50.77,-1.6));
#1813 = DIRECTION('',(0.,0.,1.));
#1814 = DIRECTION('',(1.,0.,-0.));
#1815 = ORIENTED_EDGE('',*,*,#1799,.F.);
#1816 = ORIENTED_EDGE('',*,*,#1817,.F.);
#1817 = EDGE_CURVE('',#1800,#1800,#1818,.T.);
#1818 = CIRCLE('',#1819,0.3555);
#1819 = AXIS2_PLACEMENT_3D('',#1820,#1821,#1822);
#1820 = CARTESIAN_POINT('',(299.47,-50.77,0.));
#1821 = DIRECTION('',(0.,0.,1.));
#1822 = DIRECTION('',(1.,0.,-0.));
#1823 = CYLINDRICAL_SURFACE('',#1824,0.3555);
#1824 = AXIS2_PLACEMENT_3D('',#1825,#1826,#1827);
#1825 = CARTESIAN_POINT('',(299.47,-50.77,0.));
#1826 = DIRECTION('',(0.,0.,1.));
#1827 = DIRECTION('',(1.,0.,-0.));
#1828 = ADVANCED_FACE('',(#1829),#1856,.F.);
#1829 = FACE_BOUND('',#1830,.F.);
#1830 = EDGE_LOOP('',(#1831,#1841,#1848,#1849));
#1831 = ORIENTED_EDGE('',*,*,#1832,.T.);
#1832 = EDGE_CURVE('',#1833,#1835,#1837,.T.);
#1833 = VERTEX_POINT('',#1834);
#1834 = CARTESIAN_POINT('',(297.2855,-50.77,0.));
#1835 = VERTEX_POINT('',#1836);
#1836 = CARTESIAN_POINT('',(297.2855,-50.77,-1.6));
#1837 = LINE('',#1838,#1839);
#1838 = CARTESIAN_POINT('',(297.2855,-50.77,0.));
#1839 = VECTOR('',#1840,1.);
#1840 = DIRECTION('',(0.,0.,-1.));
#1841 = ORIENTED_EDGE('',*,*,#1842,.T.);
#1842 = EDGE_CURVE('',#1835,#1835,#1843,.T.);
#1843 = CIRCLE('',#1844,0.3555);
#1844 = AXIS2_PLACEMENT_3D('',#1845,#1846,#1847);
#1845 = CARTESIAN_POINT('',(296.93,-50.77,-1.6));
#1846 = DIRECTION('',(0.,0.,1.));
#1847 = DIRECTION('',(1.,0.,-0.));
#1848 = ORIENTED_EDGE('',*,*,#1832,.F.);
#1849 = ORIENTED_EDGE('',*,*,#1850,.F.);
#1850 = EDGE_CURVE('',#1833,#1833,#1851,.T.);
#1851 = CIRCLE('',#1852,0.3555);
#1852 = AXIS2_PLACEMENT_3D('',#1853,#1854,#1855);
#1853 = CARTESIAN_POINT('',(296.93,-50.77,0.));
#1854 = DIRECTION('',(0.,0.,1.));
#1855 = DIRECTION('',(1.,0.,-0.));
#1856 = CYLINDRICAL_SURFACE('',#1857,0.3555);
#1857 = AXIS2_PLACEMENT_3D('',#1858,#1859,#1860);
#1858 = CARTESIAN_POINT('',(296.93,-50.77,0.));
#1859 = DIRECTION('',(0.,0.,1.));
#1860 = DIRECTION('',(1.,0.,-0.));
#1861 = ADVANCED_FACE('',(#1862),#1889,.F.);
#1862 = FACE_BOUND('',#1863,.F.);
#1863 = EDGE_LOOP('',(#1864,#1874,#1881,#1882));
#1864 = ORIENTED_EDGE('',*,*,#1865,.T.);
#1865 = EDGE_CURVE('',#1866,#1868,#1870,.T.);
#1866 = VERTEX_POINT('',#1867);
#1867 = CARTESIAN_POINT('',(294.7455,-50.77,0.));
#1868 = VERTEX_POINT('',#1869);
#1869 = CARTESIAN_POINT('',(294.7455,-50.77,-1.6));
#1870 = LINE('',#1871,#1872);
#1871 = CARTESIAN_POINT('',(294.7455,-50.77,0.));
#1872 = VECTOR('',#1873,1.);
#1873 = DIRECTION('',(0.,0.,-1.));
#1874 = ORIENTED_EDGE('',*,*,#1875,.T.);
#1875 = EDGE_CURVE('',#1868,#1868,#1876,.T.);
#1876 = CIRCLE('',#1877,0.3555);
#1877 = AXIS2_PLACEMENT_3D('',#1878,#1879,#1880);
#1878 = CARTESIAN_POINT('',(294.39,-50.77,-1.6));
#1879 = DIRECTION('',(0.,0.,1.));
#1880 = DIRECTION('',(1.,0.,-0.));
#1881 = ORIENTED_EDGE('',*,*,#1865,.F.);
#1882 = ORIENTED_EDGE('',*,*,#1883,.F.);
#1883 = EDGE_CURVE('',#1866,#1866,#1884,.T.);
#1884 = CIRCLE('',#1885,0.3555);
#1885 = AXIS2_PLACEMENT_3D('',#1886,#1887,#1888);
#1886 = CARTESIAN_POINT('',(294.39,-50.77,0.));
#1887 = DIRECTION('',(0.,0.,1.));
#1888 = DIRECTION('',(1.,0.,-0.));
#1889 = CYLINDRICAL_SURFACE('',#1890,0.3555);
#1890 = AXIS2_PLACEMENT_3D('',#1891,#1892,#1893);
#1891 = CARTESIAN_POINT('',(294.39,-50.77,0.));
#1892 = DIRECTION('',(0.,0.,1.));
#1893 = DIRECTION('',(1.,0.,-0.));
#1894 = ADVANCED_FACE('',(#1895),#1922,.F.);
#1895 = FACE_BOUND('',#1896,.F.);
#1896 = EDGE_LOOP('',(#1897,#1907,#1914,#1915));
#1897 = ORIENTED_EDGE('',*,*,#1898,.T.);
#1898 = EDGE_CURVE('',#1899,#1901,#1903,.T.);
#1899 = VERTEX_POINT('',#1900);
#1900 = CARTESIAN_POINT('',(292.2055,-50.77,0.));
#1901 = VERTEX_POINT('',#1902);
#1902 = CARTESIAN_POINT('',(292.2055,-50.77,-1.6));
#1903 = LINE('',#1904,#1905);
#1904 = CARTESIAN_POINT('',(292.2055,-50.77,0.));
#1905 = VECTOR('',#1906,1.);
#1906 = DIRECTION('',(0.,0.,-1.));
#1907 = ORIENTED_EDGE('',*,*,#1908,.T.);
#1908 = EDGE_CURVE('',#1901,#1901,#1909,.T.);
#1909 = CIRCLE('',#1910,0.3555);
#1910 = AXIS2_PLACEMENT_3D('',#1911,#1912,#1913);
#1911 = CARTESIAN_POINT('',(291.85,-50.77,-1.6));
#1912 = DIRECTION('',(0.,0.,1.));
#1913 = DIRECTION('',(1.,0.,-0.));
#1914 = ORIENTED_EDGE('',*,*,#1898,.F.);
#1915 = ORIENTED_EDGE('',*,*,#1916,.F.);
#1916 = EDGE_CURVE('',#1899,#1899,#1917,.T.);
#1917 = CIRCLE('',#1918,0.3555);
#1918 = AXIS2_PLACEMENT_3D('',#1919,#1920,#1921);
#1919 = CARTESIAN_POINT('',(291.85,-50.77,0.));
#1920 = DIRECTION('',(0.,0.,1.));
#1921 = DIRECTION('',(1.,0.,-0.));
#1922 = CYLINDRICAL_SURFACE('',#1923,0.3555);
#1923 = AXIS2_PLACEMENT_3D('',#1924,#1925,#1926);
#1924 = CARTESIAN_POINT('',(291.85,-50.77,0.));
#1925 = DIRECTION('',(0.,0.,1.));
#1926 = DIRECTION('',(1.,0.,-0.));
#1927 = ADVANCED_FACE('',(#1928),#1955,.F.);
#1928 = FACE_BOUND('',#1929,.F.);
#1929 = EDGE_LOOP('',(#1930,#1940,#1947,#1948));
#1930 = ORIENTED_EDGE('',*,*,#1931,.T.);
#1931 = EDGE_CURVE('',#1932,#1934,#1936,.T.);
#1932 = VERTEX_POINT('',#1933);
#1933 = CARTESIAN_POINT('',(289.6655,-50.77,0.));
#1934 = VERTEX_POINT('',#1935);
#1935 = CARTESIAN_POINT('',(289.6655,-50.77,-1.6));
#1936 = LINE('',#1937,#1938);
#1937 = CARTESIAN_POINT('',(289.6655,-50.77,0.));
#1938 = VECTOR('',#1939,1.);
#1939 = DIRECTION('',(0.,0.,-1.));
#1940 = ORIENTED_EDGE('',*,*,#1941,.T.);
#1941 = EDGE_CURVE('',#1934,#1934,#1942,.T.);
#1942 = CIRCLE('',#1943,0.3555);
#1943 = AXIS2_PLACEMENT_3D('',#1944,#1945,#1946);
#1944 = CARTESIAN_POINT('',(289.31,-50.77,-1.6));
#1945 = DIRECTION('',(0.,0.,1.));
#1946 = DIRECTION('',(1.,0.,-0.));
#1947 = ORIENTED_EDGE('',*,*,#1931,.F.);
#1948 = ORIENTED_EDGE('',*,*,#1949,.F.);
#1949 = EDGE_CURVE('',#1932,#1932,#1950,.T.);
#1950 = CIRCLE('',#1951,0.3555);
#1951 = AXIS2_PLACEMENT_3D('',#1952,#1953,#1954);
#1952 = CARTESIAN_POINT('',(289.31,-50.77,0.));
#1953 = DIRECTION('',(0.,0.,1.));
#1954 = DIRECTION('',(1.,0.,-0.));
#1955 = CYLINDRICAL_SURFACE('',#1956,0.3555);
#1956 = AXIS2_PLACEMENT_3D('',#1957,#1958,#1959);
#1957 = CARTESIAN_POINT('',(289.31,-50.77,0.));
#1958 = DIRECTION('',(0.,0.,1.));
#1959 = DIRECTION('',(1.,0.,-0.));
#1960 = ADVANCED_FACE('',(#1961),#1988,.F.);
#1961 = FACE_BOUND('',#1962,.F.);
#1962 = EDGE_LOOP('',(#1963,#1973,#1980,#1981));
#1963 = ORIENTED_EDGE('',*,*,#1964,.T.);
#1964 = EDGE_CURVE('',#1965,#1967,#1969,.T.);
#1965 = VERTEX_POINT('',#1966);
#1966 = CARTESIAN_POINT('',(287.1255,-50.77,0.));
#1967 = VERTEX_POINT('',#1968);
#1968 = CARTESIAN_POINT('',(287.1255,-50.77,-1.6));
#1969 = LINE('',#1970,#1971);
#1970 = CARTESIAN_POINT('',(287.1255,-50.77,0.));
#1971 = VECTOR('',#1972,1.);
#1972 = DIRECTION('',(0.,0.,-1.));
#1973 = ORIENTED_EDGE('',*,*,#1974,.T.);
#1974 = EDGE_CURVE('',#1967,#1967,#1975,.T.);
#1975 = CIRCLE('',#1976,0.3555);
#1976 = AXIS2_PLACEMENT_3D('',#1977,#1978,#1979);
#1977 = CARTESIAN_POINT('',(286.77,-50.77,-1.6));
#1978 = DIRECTION('',(0.,0.,1.));
#1979 = DIRECTION('',(1.,0.,-0.));
#1980 = ORIENTED_EDGE('',*,*,#1964,.F.);
#1981 = ORIENTED_EDGE('',*,*,#1982,.F.);
#1982 = EDGE_CURVE('',#1965,#1965,#1983,.T.);
#1983 = CIRCLE('',#1984,0.3555);
#1984 = AXIS2_PLACEMENT_3D('',#1985,#1986,#1987);
#1985 = CARTESIAN_POINT('',(286.77,-50.77,0.));
#1986 = DIRECTION('',(0.,0.,1.));
#1987 = DIRECTION('',(1.,0.,-0.));
#1988 = CYLINDRICAL_SURFACE('',#1989,0.3555);
#1989 = AXIS2_PLACEMENT_3D('',#1990,#1991,#1992);
#1990 = CARTESIAN_POINT('',(286.77,-50.77,0.));
#1991 = DIRECTION('',(0.,0.,1.));
#1992 = DIRECTION('',(1.,0.,-0.));
#1993 = ADVANCED_FACE('',(#1994),#2021,.F.);
#1994 = FACE_BOUND('',#1995,.F.);
#1995 = EDGE_LOOP('',(#1996,#2006,#2013,#2014));
#1996 = ORIENTED_EDGE('',*,*,#1997,.T.);
#1997 = EDGE_CURVE('',#1998,#2000,#2002,.T.);
#1998 = VERTEX_POINT('',#1999);
#1999 = CARTESIAN_POINT('',(284.5855,-50.77,0.));
#2000 = VERTEX_POINT('',#2001);
#2001 = CARTESIAN_POINT('',(284.5855,-50.77,-1.6));
#2002 = LINE('',#2003,#2004);
#2003 = CARTESIAN_POINT('',(284.5855,-50.77,0.));
#2004 = VECTOR('',#2005,1.);
#2005 = DIRECTION('',(0.,0.,-1.));
#2006 = ORIENTED_EDGE('',*,*,#2007,.T.);
#2007 = EDGE_CURVE('',#2000,#2000,#2008,.T.);
#2008 = CIRCLE('',#2009,0.3555);
#2009 = AXIS2_PLACEMENT_3D('',#2010,#2011,#2012);
#2010 = CARTESIAN_POINT('',(284.23,-50.77,-1.6));
#2011 = DIRECTION('',(0.,0.,1.));
#2012 = DIRECTION('',(1.,0.,-0.));
#2013 = ORIENTED_EDGE('',*,*,#1997,.F.);
#2014 = ORIENTED_EDGE('',*,*,#2015,.F.);
#2015 = EDGE_CURVE('',#1998,#1998,#2016,.T.);
#2016 = CIRCLE('',#2017,0.3555);
#2017 = AXIS2_PLACEMENT_3D('',#2018,#2019,#2020);
#2018 = CARTESIAN_POINT('',(284.23,-50.77,0.));
#2019 = DIRECTION('',(0.,0.,1.));
#2020 = DIRECTION('',(1.,0.,-0.));
#2021 = CYLINDRICAL_SURFACE('',#2022,0.3555);
#2022 = AXIS2_PLACEMENT_3D('',#2023,#2024,#2025);
#2023 = CARTESIAN_POINT('',(284.23,-50.77,0.));
#2024 = DIRECTION('',(0.,0.,1.));
#2025 = DIRECTION('',(1.,0.,-0.));
#2026 = ADVANCED_FACE('',(#2027),#2054,.F.);
#2027 = FACE_BOUND('',#2028,.F.);
#2028 = EDGE_LOOP('',(#2029,#2039,#2046,#2047));
#2029 = ORIENTED_EDGE('',*,*,#2030,.T.);
#2030 = EDGE_CURVE('',#2031,#2033,#2035,.T.);
#2031 = VERTEX_POINT('',#2032);
#2032 = CARTESIAN_POINT('',(282.0455,-50.77,0.));
#2033 = VERTEX_POINT('',#2034);
#2034 = CARTESIAN_POINT('',(282.0455,-50.77,-1.6));
#2035 = LINE('',#2036,#2037);
#2036 = CARTESIAN_POINT('',(282.0455,-50.77,0.));
#2037 = VECTOR('',#2038,1.);
#2038 = DIRECTION('',(0.,0.,-1.));
#2039 = ORIENTED_EDGE('',*,*,#2040,.T.);
#2040 = EDGE_CURVE('',#2033,#2033,#2041,.T.);
#2041 = CIRCLE('',#2042,0.3555);
#2042 = AXIS2_PLACEMENT_3D('',#2043,#2044,#2045);
#2043 = CARTESIAN_POINT('',(281.69,-50.77,-1.6));
#2044 = DIRECTION('',(0.,0.,1.));
#2045 = DIRECTION('',(1.,0.,-0.));
#2046 = ORIENTED_EDGE('',*,*,#2030,.F.);
#2047 = ORIENTED_EDGE('',*,*,#2048,.F.);
#2048 = EDGE_CURVE('',#2031,#2031,#2049,.T.);
#2049 = CIRCLE('',#2050,0.3555);
#2050 = AXIS2_PLACEMENT_3D('',#2051,#2052,#2053);
#2051 = CARTESIAN_POINT('',(281.69,-50.77,0.));
#2052 = DIRECTION('',(0.,0.,1.));
#2053 = DIRECTION('',(1.,0.,-0.));
#2054 = CYLINDRICAL_SURFACE('',#2055,0.3555);
#2055 = AXIS2_PLACEMENT_3D('',#2056,#2057,#2058);
#2056 = CARTESIAN_POINT('',(281.69,-50.77,0.));
#2057 = DIRECTION('',(0.,0.,1.));
#2058 = DIRECTION('',(1.,0.,-0.));
#2059 = ADVANCED_FACE('',(#2060),#2087,.F.);
#2060 = FACE_BOUND('',#2061,.F.);
#2061 = EDGE_LOOP('',(#2062,#2072,#2079,#2080));
#2062 = ORIENTED_EDGE('',*,*,#2063,.T.);
#2063 = EDGE_CURVE('',#2064,#2066,#2068,.T.);
#2064 = VERTEX_POINT('',#2065);
#2065 = CARTESIAN_POINT('',(279.5055,-50.77,0.));
#2066 = VERTEX_POINT('',#2067);
#2067 = CARTESIAN_POINT('',(279.5055,-50.77,-1.6));
#2068 = LINE('',#2069,#2070);
#2069 = CARTESIAN_POINT('',(279.5055,-50.77,0.));
#2070 = VECTOR('',#2071,1.);
#2071 = DIRECTION('',(0.,0.,-1.));
#2072 = ORIENTED_EDGE('',*,*,#2073,.T.);
#2073 = EDGE_CURVE('',#2066,#2066,#2074,.T.);
#2074 = CIRCLE('',#2075,0.3555);
#2075 = AXIS2_PLACEMENT_3D('',#2076,#2077,#2078);
#2076 = CARTESIAN_POINT('',(279.15,-50.77,-1.6));
#2077 = DIRECTION('',(0.,0.,1.));
#2078 = DIRECTION('',(1.,0.,-0.));
#2079 = ORIENTED_EDGE('',*,*,#2063,.F.);
#2080 = ORIENTED_EDGE('',*,*,#2081,.F.);
#2081 = EDGE_CURVE('',#2064,#2064,#2082,.T.);
#2082 = CIRCLE('',#2083,0.3555);
#2083 = AXIS2_PLACEMENT_3D('',#2084,#2085,#2086);
#2084 = CARTESIAN_POINT('',(279.15,-50.77,0.));
#2085 = DIRECTION('',(0.,0.,1.));
#2086 = DIRECTION('',(1.,0.,-0.));
#2087 = CYLINDRICAL_SURFACE('',#2088,0.3555);
#2088 = AXIS2_PLACEMENT_3D('',#2089,#2090,#2091);
#2089 = CARTESIAN_POINT('',(279.15,-50.77,0.));
#2090 = DIRECTION('',(0.,0.,1.));
#2091 = DIRECTION('',(1.,0.,-0.));
#2092 = ADVANCED_FACE('',(#2093),#2120,.F.);
#2093 = FACE_BOUND('',#2094,.F.);
#2094 = EDGE_LOOP('',(#2095,#2105,#2112,#2113));
#2095 = ORIENTED_EDGE('',*,*,#2096,.T.);
#2096 = EDGE_CURVE('',#2097,#2099,#2101,.T.);
#2097 = VERTEX_POINT('',#2098);
#2098 = CARTESIAN_POINT('',(276.9655,-50.77,0.));
#2099 = VERTEX_POINT('',#2100);
#2100 = CARTESIAN_POINT('',(276.9655,-50.77,-1.6));
#2101 = LINE('',#2102,#2103);
#2102 = CARTESIAN_POINT('',(276.9655,-50.77,0.));
#2103 = VECTOR('',#2104,1.);
#2104 = DIRECTION('',(0.,0.,-1.));
#2105 = ORIENTED_EDGE('',*,*,#2106,.T.);
#2106 = EDGE_CURVE('',#2099,#2099,#2107,.T.);
#2107 = CIRCLE('',#2108,0.3555);
#2108 = AXIS2_PLACEMENT_3D('',#2109,#2110,#2111);
#2109 = CARTESIAN_POINT('',(276.61,-50.77,-1.6));
#2110 = DIRECTION('',(0.,0.,1.));
#2111 = DIRECTION('',(1.,0.,-0.));
#2112 = ORIENTED_EDGE('',*,*,#2096,.F.);
#2113 = ORIENTED_EDGE('',*,*,#2114,.F.);
#2114 = EDGE_CURVE('',#2097,#2097,#2115,.T.);
#2115 = CIRCLE('',#2116,0.3555);
#2116 = AXIS2_PLACEMENT_3D('',#2117,#2118,#2119);
#2117 = CARTESIAN_POINT('',(276.61,-50.77,0.));
#2118 = DIRECTION('',(0.,0.,1.));
#2119 = DIRECTION('',(1.,0.,-0.));
#2120 = CYLINDRICAL_SURFACE('',#2121,0.3555);
#2121 = AXIS2_PLACEMENT_3D('',#2122,#2123,#2124);
#2122 = CARTESIAN_POINT('',(276.61,-50.77,0.));
#2123 = DIRECTION('',(0.,0.,1.));
#2124 = DIRECTION('',(1.,0.,-0.));
#2125 = ADVANCED_FACE('',(#2126),#2153,.F.);
#2126 = FACE_BOUND('',#2127,.F.);
#2127 = EDGE_LOOP('',(#2128,#2138,#2145,#2146));
#2128 = ORIENTED_EDGE('',*,*,#2129,.T.);
#2129 = EDGE_CURVE('',#2130,#2132,#2134,.T.);
#2130 = VERTEX_POINT('',#2131);
#2131 = CARTESIAN_POINT('',(274.4255,-50.77,0.));
#2132 = VERTEX_POINT('',#2133);
#2133 = CARTESIAN_POINT('',(274.4255,-50.77,-1.6));
#2134 = LINE('',#2135,#2136);
#2135 = CARTESIAN_POINT('',(274.4255,-50.77,0.));
#2136 = VECTOR('',#2137,1.);
#2137 = DIRECTION('',(0.,0.,-1.));
#2138 = ORIENTED_EDGE('',*,*,#2139,.T.);
#2139 = EDGE_CURVE('',#2132,#2132,#2140,.T.);
#2140 = CIRCLE('',#2141,0.3555);
#2141 = AXIS2_PLACEMENT_3D('',#2142,#2143,#2144);
#2142 = CARTESIAN_POINT('',(274.07,-50.77,-1.6));
#2143 = DIRECTION('',(0.,0.,1.));
#2144 = DIRECTION('',(1.,0.,-0.));
#2145 = ORIENTED_EDGE('',*,*,#2129,.F.);
#2146 = ORIENTED_EDGE('',*,*,#2147,.F.);
#2147 = EDGE_CURVE('',#2130,#2130,#2148,.T.);
#2148 = CIRCLE('',#2149,0.3555);
#2149 = AXIS2_PLACEMENT_3D('',#2150,#2151,#2152);
#2150 = CARTESIAN_POINT('',(274.07,-50.77,0.));
#2151 = DIRECTION('',(0.,0.,1.));
#2152 = DIRECTION('',(1.,0.,-0.));
#2153 = CYLINDRICAL_SURFACE('',#2154,0.3555);
#2154 = AXIS2_PLACEMENT_3D('',#2155,#2156,#2157);
#2155 = CARTESIAN_POINT('',(274.07,-50.77,0.));
#2156 = DIRECTION('',(0.,0.,1.));
#2157 = DIRECTION('',(1.,0.,-0.));
#2158 = ADVANCED_FACE('',(#2159),#2186,.F.);
#2159 = FACE_BOUND('',#2160,.F.);
#2160 = EDGE_LOOP('',(#2161,#2171,#2178,#2179));
#2161 = ORIENTED_EDGE('',*,*,#2162,.T.);
#2162 = EDGE_CURVE('',#2163,#2165,#2167,.T.);
#2163 = VERTEX_POINT('',#2164);
#2164 = CARTESIAN_POINT('',(267.77,-52.04,0.));
#2165 = VERTEX_POINT('',#2166);
#2166 = CARTESIAN_POINT('',(267.77,-52.04,-1.6));
#2167 = LINE('',#2168,#2169);
#2168 = CARTESIAN_POINT('',(267.77,-52.04,0.));
#2169 = VECTOR('',#2170,1.);
#2170 = DIRECTION('',(0.,0.,-1.));
#2171 = ORIENTED_EDGE('',*,*,#2172,.T.);
#2172 = EDGE_CURVE('',#2165,#2165,#2173,.T.);
#2173 = CIRCLE('',#2174,1.32);
#2174 = AXIS2_PLACEMENT_3D('',#2175,#2176,#2177);
#2175 = CARTESIAN_POINT('',(266.45,-52.04,-1.6));
#2176 = DIRECTION('',(0.,0.,1.));
#2177 = DIRECTION('',(1.,0.,-0.));
#2178 = ORIENTED_EDGE('',*,*,#2162,.F.);
#2179 = ORIENTED_EDGE('',*,*,#2180,.F.);
#2180 = EDGE_CURVE('',#2163,#2163,#2181,.T.);
#2181 = CIRCLE('',#2182,1.32);
#2182 = AXIS2_PLACEMENT_3D('',#2183,#2184,#2185);
#2183 = CARTESIAN_POINT('',(266.45,-52.04,0.));
#2184 = DIRECTION('',(0.,0.,1.));
#2185 = DIRECTION('',(1.,0.,-0.));
#2186 = CYLINDRICAL_SURFACE('',#2187,1.32);
#2187 = AXIS2_PLACEMENT_3D('',#2188,#2189,#2190);
#2188 = CARTESIAN_POINT('',(266.45,-52.04,0.));
#2189 = DIRECTION('',(0.,0.,1.));
#2190 = DIRECTION('',(1.,0.,-0.));
#2191 = ADVANCED_FACE('',(#2192),#2219,.F.);
#2192 = FACE_BOUND('',#2193,.F.);
#2193 = EDGE_LOOP('',(#2194,#2204,#2211,#2212));
#2194 = ORIENTED_EDGE('',*,*,#2195,.T.);
#2195 = EDGE_CURVE('',#2196,#2198,#2200,.T.);
#2196 = VERTEX_POINT('',#2197);
#2197 = CARTESIAN_POINT('',(249.125,-52.,0.));
#2198 = VERTEX_POINT('',#2199);
#2199 = CARTESIAN_POINT('',(249.125,-52.,-1.6));
#2200 = LINE('',#2201,#2202);
#2201 = CARTESIAN_POINT('',(249.125,-52.,0.));
#2202 = VECTOR('',#2203,1.);
#2203 = DIRECTION('',(0.,0.,-1.));
#2204 = ORIENTED_EDGE('',*,*,#2205,.T.);
#2205 = EDGE_CURVE('',#2198,#2198,#2206,.T.);
#2206 = CIRCLE('',#2207,1.1);
#2207 = AXIS2_PLACEMENT_3D('',#2208,#2209,#2210);
#2208 = CARTESIAN_POINT('',(248.025,-52.,-1.6));
#2209 = DIRECTION('',(0.,0.,1.));
#2210 = DIRECTION('',(1.,0.,-0.));
#2211 = ORIENTED_EDGE('',*,*,#2195,.F.);
#2212 = ORIENTED_EDGE('',*,*,#2213,.F.);
#2213 = EDGE_CURVE('',#2196,#2196,#2214,.T.);
#2214 = CIRCLE('',#2215,1.1);
#2215 = AXIS2_PLACEMENT_3D('',#2216,#2217,#2218);
#2216 = CARTESIAN_POINT('',(248.025,-52.,0.));
#2217 = DIRECTION('',(0.,0.,1.));
#2218 = DIRECTION('',(1.,0.,-0.));
#2219 = CYLINDRICAL_SURFACE('',#2220,1.1);
#2220 = AXIS2_PLACEMENT_3D('',#2221,#2222,#2223);
#2221 = CARTESIAN_POINT('',(248.025,-52.,0.));
#2222 = DIRECTION('',(0.,0.,1.));
#2223 = DIRECTION('',(1.,0.,-0.));
#2224 = ADVANCED_FACE('',(#2225),#2252,.F.);
#2225 = FACE_BOUND('',#2226,.F.);
#2226 = EDGE_LOOP('',(#2227,#2237,#2244,#2245));
#2227 = ORIENTED_EDGE('',*,*,#2228,.T.);
#2228 = EDGE_CURVE('',#2229,#2231,#2233,.T.);
#2229 = VERTEX_POINT('',#2230);
#2230 = CARTESIAN_POINT('',(271.8855,-50.77,0.));
#2231 = VERTEX_POINT('',#2232);
#2232 = CARTESIAN_POINT('',(271.8855,-50.77,-1.6));
#2233 = LINE('',#2234,#2235);
#2234 = CARTESIAN_POINT('',(271.8855,-50.77,0.));
#2235 = VECTOR('',#2236,1.);
#2236 = DIRECTION('',(0.,0.,-1.));
#2237 = ORIENTED_EDGE('',*,*,#2238,.T.);
#2238 = EDGE_CURVE('',#2231,#2231,#2239,.T.);
#2239 = CIRCLE('',#2240,0.3555);
#2240 = AXIS2_PLACEMENT_3D('',#2241,#2242,#2243);
#2241 = CARTESIAN_POINT('',(271.53,-50.77,-1.6));
#2242 = DIRECTION('',(0.,0.,1.));
#2243 = DIRECTION('',(1.,0.,-0.));
#2244 = ORIENTED_EDGE('',*,*,#2228,.F.);
#2245 = ORIENTED_EDGE('',*,*,#2246,.F.);
#2246 = EDGE_CURVE('',#2229,#2229,#2247,.T.);
#2247 = CIRCLE('',#2248,0.3555);
#2248 = AXIS2_PLACEMENT_3D('',#2249,#2250,#2251);
#2249 = CARTESIAN_POINT('',(271.53,-50.77,0.));
#2250 = DIRECTION('',(0.,0.,1.));
#2251 = DIRECTION('',(1.,0.,-0.));
#2252 = CYLINDRICAL_SURFACE('',#2253,0.3555);
#2253 = AXIS2_PLACEMENT_3D('',#2254,#2255,#2256);
#2254 = CARTESIAN_POINT('',(271.53,-50.77,0.));
#2255 = DIRECTION('',(0.,0.,1.));
#2256 = DIRECTION('',(1.,0.,-0.));
#2257 = ADVANCED_FACE('',(#2258),#2285,.F.);
#2258 = FACE_BOUND('',#2259,.F.);
#2259 = EDGE_LOOP('',(#2260,#2270,#2277,#2278));
#2260 = ORIENTED_EDGE('',*,*,#2261,.T.);
#2261 = EDGE_CURVE('',#2262,#2264,#2266,.T.);
#2262 = VERTEX_POINT('',#2263);
#2263 = CARTESIAN_POINT('',(149.125,-52.,0.));
#2264 = VERTEX_POINT('',#2265);
#2265 = CARTESIAN_POINT('',(149.125,-52.,-1.6));
#2266 = LINE('',#2267,#2268);
#2267 = CARTESIAN_POINT('',(149.125,-52.,0.));
#2268 = VECTOR('',#2269,1.);
#2269 = DIRECTION('',(0.,0.,-1.));
#2270 = ORIENTED_EDGE('',*,*,#2271,.T.);
#2271 = EDGE_CURVE('',#2264,#2264,#2272,.T.);
#2272 = CIRCLE('',#2273,1.1);
#2273 = AXIS2_PLACEMENT_3D('',#2274,#2275,#2276);
#2274 = CARTESIAN_POINT('',(148.025,-52.,-1.6));
#2275 = DIRECTION('',(0.,0.,1.));
#2276 = DIRECTION('',(1.,0.,-0.));
#2277 = ORIENTED_EDGE('',*,*,#2261,.F.);
#2278 = ORIENTED_EDGE('',*,*,#2279,.F.);
#2279 = EDGE_CURVE('',#2262,#2262,#2280,.T.);
#2280 = CIRCLE('',#2281,1.1);
#2281 = AXIS2_PLACEMENT_3D('',#2282,#2283,#2284);
#2282 = CARTESIAN_POINT('',(148.025,-52.,0.));
#2283 = DIRECTION('',(0.,0.,1.));
#2284 = DIRECTION('',(1.,0.,-0.));
#2285 = CYLINDRICAL_SURFACE('',#2286,1.1);
#2286 = AXIS2_PLACEMENT_3D('',#2287,#2288,#2289);
#2287 = CARTESIAN_POINT('',(148.025,-52.,0.));
#2288 = DIRECTION('',(0.,0.,1.));
#2289 = DIRECTION('',(1.,0.,-0.));
#2290 = ADVANCED_FACE('',(#2291),#2318,.F.);
#2291 = FACE_BOUND('',#2292,.F.);
#2292 = EDGE_LOOP('',(#2293,#2303,#2310,#2311));
#2293 = ORIENTED_EDGE('',*,*,#2294,.T.);
#2294 = EDGE_CURVE('',#2295,#2297,#2299,.T.);
#2295 = VERTEX_POINT('',#2296);
#2296 = CARTESIAN_POINT('',(71.825,-53.,0.));
#2297 = VERTEX_POINT('',#2298);
#2298 = CARTESIAN_POINT('',(71.825,-53.,-1.6));
#2299 = LINE('',#2300,#2301);
#2300 = CARTESIAN_POINT('',(71.825,-53.,0.));
#2301 = VECTOR('',#2302,1.);
#2302 = DIRECTION('',(0.,0.,-1.));
#2303 = ORIENTED_EDGE('',*,*,#2304,.T.);
#2304 = EDGE_CURVE('',#2297,#2297,#2305,.T.);
#2305 = CIRCLE('',#2306,1.1);
#2306 = AXIS2_PLACEMENT_3D('',#2307,#2308,#2309);
#2307 = CARTESIAN_POINT('',(70.725,-53.,-1.6));
#2308 = DIRECTION('',(0.,0.,1.));
#2309 = DIRECTION('',(1.,0.,-0.));
#2310 = ORIENTED_EDGE('',*,*,#2294,.F.);
#2311 = ORIENTED_EDGE('',*,*,#2312,.F.);
#2312 = EDGE_CURVE('',#2295,#2295,#2313,.T.);
#2313 = CIRCLE('',#2314,1.1);
#2314 = AXIS2_PLACEMENT_3D('',#2315,#2316,#2317);
#2315 = CARTESIAN_POINT('',(70.725,-53.,0.));
#2316 = DIRECTION('',(0.,0.,1.));
#2317 = DIRECTION('',(1.,0.,-0.));
#2318 = CYLINDRICAL_SURFACE('',#2319,1.1);
#2319 = AXIS2_PLACEMENT_3D('',#2320,#2321,#2322);
#2320 = CARTESIAN_POINT('',(70.725,-53.,0.));
#2321 = DIRECTION('',(0.,0.,1.));
#2322 = DIRECTION('',(1.,0.,-0.));
#2323 = ADVANCED_FACE('',(#2324),#2351,.F.);
#2324 = FACE_BOUND('',#2325,.F.);
#2325 = EDGE_LOOP('',(#2326,#2336,#2343,#2344));
#2326 = ORIENTED_EDGE('',*,*,#2327,.T.);
#2327 = EDGE_CURVE('',#2328,#2330,#2332,.T.);
#2328 = VERTEX_POINT('',#2329);
#2329 = CARTESIAN_POINT('',(50.35,-53.,0.));
#2330 = VERTEX_POINT('',#2331);
#2331 = CARTESIAN_POINT('',(50.35,-53.,-1.6));
#2332 = LINE('',#2333,#2334);
#2333 = CARTESIAN_POINT('',(50.35,-53.,0.));
#2334 = VECTOR('',#2335,1.);
#2335 = DIRECTION('',(0.,0.,-1.));
#2336 = ORIENTED_EDGE('',*,*,#2337,.T.);
#2337 = EDGE_CURVE('',#2330,#2330,#2338,.T.);
#2338 = CIRCLE('',#2339,1.1);
#2339 = AXIS2_PLACEMENT_3D('',#2340,#2341,#2342);
#2340 = CARTESIAN_POINT('',(49.25,-53.,-1.6));
#2341 = DIRECTION('',(0.,0.,1.));
#2342 = DIRECTION('',(1.,0.,-0.));
#2343 = ORIENTED_EDGE('',*,*,#2327,.F.);
#2344 = ORIENTED_EDGE('',*,*,#2345,.F.);
#2345 = EDGE_CURVE('',#2328,#2328,#2346,.T.);
#2346 = CIRCLE('',#2347,1.1);
#2347 = AXIS2_PLACEMENT_3D('',#2348,#2349,#2350);
#2348 = CARTESIAN_POINT('',(49.25,-53.,0.));
#2349 = DIRECTION('',(0.,0.,1.));
#2350 = DIRECTION('',(1.,0.,-0.));
#2351 = CYLINDRICAL_SURFACE('',#2352,1.1);
#2352 = AXIS2_PLACEMENT_3D('',#2353,#2354,#2355);
#2353 = CARTESIAN_POINT('',(49.25,-53.,0.));
#2354 = DIRECTION('',(0.,0.,1.));
#2355 = DIRECTION('',(1.,0.,-0.));
#2356 = ADVANCED_FACE('',(#2357,#2363,#2366,#2369,#2372,#2375,#2378,
    #2381,#2384,#2387,#2390,#2393,#2396,#2399,#2402,#2405,#2408,#2411,
    #2414,#2417,#2420,#2423,#2426,#2429,#2432,#2435,#2438,#2441,#2444,
    #2447,#2450,#2453,#2456,#2462,#2465,#2468,#2471,#2474,#2477,#2480,
    #2483,#2486,#2489,#2492,#2495,#2498,#2501,#2504,#2507,#2510,#2513,
    #2516,#2519,#2522,#2525,#2528,#2531,#2534,#2537,#2540,#2543,#2546,
    #2549,#2552),#2555,.F.);
#2357 = FACE_BOUND('',#2358,.F.);
#2358 = EDGE_LOOP('',(#2359,#2360,#2361,#2362));
#2359 = ORIENTED_EDGE('',*,*,#92,.T.);
#2360 = ORIENTED_EDGE('',*,*,#154,.T.);
#2361 = ORIENTED_EDGE('',*,*,#176,.T.);
#2362 = ORIENTED_EDGE('',*,*,#123,.T.);
#2363 = FACE_BOUND('',#2364,.F.);
#2364 = EDGE_LOOP('',(#2365));
#2365 = ORIENTED_EDGE('',*,*,#208,.T.);
#2366 = FACE_BOUND('',#2367,.F.);
#2367 = EDGE_LOOP('',(#2368));
#2368 = ORIENTED_EDGE('',*,*,#241,.T.);
#2369 = FACE_BOUND('',#2370,.F.);
#2370 = EDGE_LOOP('',(#2371));
#2371 = ORIENTED_EDGE('',*,*,#274,.T.);
#2372 = FACE_BOUND('',#2373,.F.);
#2373 = EDGE_LOOP('',(#2374));
#2374 = ORIENTED_EDGE('',*,*,#307,.T.);
#2375 = FACE_BOUND('',#2376,.F.);
#2376 = EDGE_LOOP('',(#2377));
#2377 = ORIENTED_EDGE('',*,*,#340,.T.);
#2378 = FACE_BOUND('',#2379,.F.);
#2379 = EDGE_LOOP('',(#2380));
#2380 = ORIENTED_EDGE('',*,*,#373,.T.);
#2381 = FACE_BOUND('',#2382,.F.);
#2382 = EDGE_LOOP('',(#2383));
#2383 = ORIENTED_EDGE('',*,*,#406,.T.);
#2384 = FACE_BOUND('',#2385,.F.);
#2385 = EDGE_LOOP('',(#2386));
#2386 = ORIENTED_EDGE('',*,*,#439,.T.);
#2387 = FACE_BOUND('',#2388,.F.);
#2388 = EDGE_LOOP('',(#2389));
#2389 = ORIENTED_EDGE('',*,*,#472,.T.);
#2390 = FACE_BOUND('',#2391,.F.);
#2391 = EDGE_LOOP('',(#2392));
#2392 = ORIENTED_EDGE('',*,*,#505,.T.);
#2393 = FACE_BOUND('',#2394,.F.);
#2394 = EDGE_LOOP('',(#2395));
#2395 = ORIENTED_EDGE('',*,*,#538,.T.);
#2396 = FACE_BOUND('',#2397,.F.);
#2397 = EDGE_LOOP('',(#2398));
#2398 = ORIENTED_EDGE('',*,*,#571,.T.);
#2399 = FACE_BOUND('',#2400,.F.);
#2400 = EDGE_LOOP('',(#2401));
#2401 = ORIENTED_EDGE('',*,*,#604,.T.);
#2402 = FACE_BOUND('',#2403,.F.);
#2403 = EDGE_LOOP('',(#2404));
#2404 = ORIENTED_EDGE('',*,*,#637,.T.);
#2405 = FACE_BOUND('',#2406,.F.);
#2406 = EDGE_LOOP('',(#2407));
#2407 = ORIENTED_EDGE('',*,*,#670,.T.);
#2408 = FACE_BOUND('',#2409,.F.);
#2409 = EDGE_LOOP('',(#2410));
#2410 = ORIENTED_EDGE('',*,*,#703,.T.);
#2411 = FACE_BOUND('',#2412,.F.);
#2412 = EDGE_LOOP('',(#2413));
#2413 = ORIENTED_EDGE('',*,*,#736,.T.);
#2414 = FACE_BOUND('',#2415,.F.);
#2415 = EDGE_LOOP('',(#2416));
#2416 = ORIENTED_EDGE('',*,*,#769,.T.);
#2417 = FACE_BOUND('',#2418,.F.);
#2418 = EDGE_LOOP('',(#2419));
#2419 = ORIENTED_EDGE('',*,*,#802,.T.);
#2420 = FACE_BOUND('',#2421,.F.);
#2421 = EDGE_LOOP('',(#2422));
#2422 = ORIENTED_EDGE('',*,*,#835,.T.);
#2423 = FACE_BOUND('',#2424,.F.);
#2424 = EDGE_LOOP('',(#2425));
#2425 = ORIENTED_EDGE('',*,*,#868,.T.);
#2426 = FACE_BOUND('',#2427,.F.);
#2427 = EDGE_LOOP('',(#2428));
#2428 = ORIENTED_EDGE('',*,*,#901,.T.);
#2429 = FACE_BOUND('',#2430,.F.);
#2430 = EDGE_LOOP('',(#2431));
#2431 = ORIENTED_EDGE('',*,*,#934,.T.);
#2432 = FACE_BOUND('',#2433,.F.);
#2433 = EDGE_LOOP('',(#2434));
#2434 = ORIENTED_EDGE('',*,*,#967,.T.);
#2435 = FACE_BOUND('',#2436,.F.);
#2436 = EDGE_LOOP('',(#2437));
#2437 = ORIENTED_EDGE('',*,*,#1000,.T.);
#2438 = FACE_BOUND('',#2439,.F.);
#2439 = EDGE_LOOP('',(#2440));
#2440 = ORIENTED_EDGE('',*,*,#1033,.T.);
#2441 = FACE_BOUND('',#2442,.F.);
#2442 = EDGE_LOOP('',(#2443));
#2443 = ORIENTED_EDGE('',*,*,#1066,.T.);
#2444 = FACE_BOUND('',#2445,.F.);
#2445 = EDGE_LOOP('',(#2446));
#2446 = ORIENTED_EDGE('',*,*,#1099,.T.);
#2447 = FACE_BOUND('',#2448,.F.);
#2448 = EDGE_LOOP('',(#2449));
#2449 = ORIENTED_EDGE('',*,*,#1132,.T.);
#2450 = FACE_BOUND('',#2451,.F.);
#2451 = EDGE_LOOP('',(#2452));
#2452 = ORIENTED_EDGE('',*,*,#1165,.T.);
#2453 = FACE_BOUND('',#2454,.F.);
#2454 = EDGE_LOOP('',(#2455));
#2455 = ORIENTED_EDGE('',*,*,#1198,.T.);
#2456 = FACE_BOUND('',#2457,.F.);
#2457 = EDGE_LOOP('',(#2458,#2459,#2460,#2461));
#2458 = ORIENTED_EDGE('',*,*,#1239,.F.);
#2459 = ORIENTED_EDGE('',*,*,#1270,.F.);
#2460 = ORIENTED_EDGE('',*,*,#1323,.F.);
#2461 = ORIENTED_EDGE('',*,*,#1301,.F.);
#2462 = FACE_BOUND('',#2463,.F.);
#2463 = EDGE_LOOP('',(#2464));
#2464 = ORIENTED_EDGE('',*,*,#1355,.T.);
#2465 = FACE_BOUND('',#2466,.F.);
#2466 = EDGE_LOOP('',(#2467));
#2467 = ORIENTED_EDGE('',*,*,#1388,.T.);
#2468 = FACE_BOUND('',#2469,.F.);
#2469 = EDGE_LOOP('',(#2470));
#2470 = ORIENTED_EDGE('',*,*,#1421,.T.);
#2471 = FACE_BOUND('',#2472,.F.);
#2472 = EDGE_LOOP('',(#2473));
#2473 = ORIENTED_EDGE('',*,*,#1454,.T.);
#2474 = FACE_BOUND('',#2475,.F.);
#2475 = EDGE_LOOP('',(#2476));
#2476 = ORIENTED_EDGE('',*,*,#1487,.T.);
#2477 = FACE_BOUND('',#2478,.F.);
#2478 = EDGE_LOOP('',(#2479));
#2479 = ORIENTED_EDGE('',*,*,#1520,.T.);
#2480 = FACE_BOUND('',#2481,.F.);
#2481 = EDGE_LOOP('',(#2482));
#2482 = ORIENTED_EDGE('',*,*,#1553,.T.);
#2483 = FACE_BOUND('',#2484,.F.);
#2484 = EDGE_LOOP('',(#2485));
#2485 = ORIENTED_EDGE('',*,*,#1586,.T.);
#2486 = FACE_BOUND('',#2487,.F.);
#2487 = EDGE_LOOP('',(#2488));
#2488 = ORIENTED_EDGE('',*,*,#1619,.T.);
#2489 = FACE_BOUND('',#2490,.F.);
#2490 = EDGE_LOOP('',(#2491));
#2491 = ORIENTED_EDGE('',*,*,#1652,.T.);
#2492 = FACE_BOUND('',#2493,.F.);
#2493 = EDGE_LOOP('',(#2494));
#2494 = ORIENTED_EDGE('',*,*,#1685,.T.);
#2495 = FACE_BOUND('',#2496,.F.);
#2496 = EDGE_LOOP('',(#2497));
#2497 = ORIENTED_EDGE('',*,*,#1718,.T.);
#2498 = FACE_BOUND('',#2499,.F.);
#2499 = EDGE_LOOP('',(#2500));
#2500 = ORIENTED_EDGE('',*,*,#1751,.T.);
#2501 = FACE_BOUND('',#2502,.F.);
#2502 = EDGE_LOOP('',(#2503));
#2503 = ORIENTED_EDGE('',*,*,#1784,.T.);
#2504 = FACE_BOUND('',#2505,.F.);
#2505 = EDGE_LOOP('',(#2506));
#2506 = ORIENTED_EDGE('',*,*,#1817,.T.);
#2507 = FACE_BOUND('',#2508,.F.);
#2508 = EDGE_LOOP('',(#2509));
#2509 = ORIENTED_EDGE('',*,*,#1850,.T.);
#2510 = FACE_BOUND('',#2511,.F.);
#2511 = EDGE_LOOP('',(#2512));
#2512 = ORIENTED_EDGE('',*,*,#1883,.T.);
#2513 = FACE_BOUND('',#2514,.F.);
#2514 = EDGE_LOOP('',(#2515));
#2515 = ORIENTED_EDGE('',*,*,#1916,.T.);
#2516 = FACE_BOUND('',#2517,.F.);
#2517 = EDGE_LOOP('',(#2518));
#2518 = ORIENTED_EDGE('',*,*,#1949,.T.);
#2519 = FACE_BOUND('',#2520,.F.);
#2520 = EDGE_LOOP('',(#2521));
#2521 = ORIENTED_EDGE('',*,*,#1982,.T.);
#2522 = FACE_BOUND('',#2523,.F.);
#2523 = EDGE_LOOP('',(#2524));
#2524 = ORIENTED_EDGE('',*,*,#2015,.T.);
#2525 = FACE_BOUND('',#2526,.F.);
#2526 = EDGE_LOOP('',(#2527));
#2527 = ORIENTED_EDGE('',*,*,#2048,.T.);
#2528 = FACE_BOUND('',#2529,.F.);
#2529 = EDGE_LOOP('',(#2530));
#2530 = ORIENTED_EDGE('',*,*,#2081,.T.);
#2531 = FACE_BOUND('',#2532,.F.);
#2532 = EDGE_LOOP('',(#2533));
#2533 = ORIENTED_EDGE('',*,*,#2114,.T.);
#2534 = FACE_BOUND('',#2535,.F.);
#2535 = EDGE_LOOP('',(#2536));
#2536 = ORIENTED_EDGE('',*,*,#2147,.T.);
#2537 = FACE_BOUND('',#2538,.F.);
#2538 = EDGE_LOOP('',(#2539));
#2539 = ORIENTED_EDGE('',*,*,#2180,.T.);
#2540 = FACE_BOUND('',#2541,.F.);
#2541 = EDGE_LOOP('',(#2542));
#2542 = ORIENTED_EDGE('',*,*,#2213,.T.);
#2543 = FACE_BOUND('',#2544,.F.);
#2544 = EDGE_LOOP('',(#2545));
#2545 = ORIENTED_EDGE('',*,*,#2246,.T.);
#2546 = FACE_BOUND('',#2547,.F.);
#2547 = EDGE_LOOP('',(#2548));
#2548 = ORIENTED_EDGE('',*,*,#2279,.T.);
#2549 = FACE_BOUND('',#2550,.F.);
#2550 = EDGE_LOOP('',(#2551));
#2551 = ORIENTED_EDGE('',*,*,#2312,.T.);
#2552 = FACE_BOUND('',#2553,.F.);
#2553 = EDGE_LOOP('',(#2554));
#2554 = ORIENTED_EDGE('',*,*,#2345,.T.);
#2555 = PLANE('',#2556);
#2556 = AXIS2_PLACEMENT_3D('',#2557,#2558,#2559);
#2557 = CARTESIAN_POINT('',(177.5,-60.,0.));
#2558 = DIRECTION('',(-0.,-0.,-1.));
#2559 = DIRECTION('',(-1.,0.,0.));
#2560 = ADVANCED_FACE('',(#2561,#2567,#2570,#2573,#2576,#2579,#2582,
    #2585,#2588,#2591,#2594,#2597,#2600,#2603,#2606,#2609,#2612,#2615,
    #2618,#2621,#2624,#2627,#2630,#2633,#2636,#2639,#2642,#2645,#2648,
    #2651,#2654,#2657,#2660,#2666,#2669,#2672,#2675,#2678,#2681,#2684,
    #2687,#2690,#2693,#2696,#2699,#2702,#2705,#2708,#2711,#2714,#2717,
    #2720,#2723,#2726,#2729,#2732,#2735,#2738,#2741,#2744,#2747,#2750,
    #2753,#2756),#2759,.T.);
#2561 = FACE_BOUND('',#2562,.T.);
#2562 = EDGE_LOOP('',(#2563,#2564,#2565,#2566));
#2563 = ORIENTED_EDGE('',*,*,#76,.T.);
#2564 = ORIENTED_EDGE('',*,*,#138,.T.);
#2565 = ORIENTED_EDGE('',*,*,#169,.T.);
#2566 = ORIENTED_EDGE('',*,*,#116,.T.);
#2567 = FACE_BOUND('',#2568,.T.);
#2568 = EDGE_LOOP('',(#2569));
#2569 = ORIENTED_EDGE('',*,*,#200,.T.);
#2570 = FACE_BOUND('',#2571,.T.);
#2571 = EDGE_LOOP('',(#2572));
#2572 = ORIENTED_EDGE('',*,*,#233,.T.);
#2573 = FACE_BOUND('',#2574,.T.);
#2574 = EDGE_LOOP('',(#2575));
#2575 = ORIENTED_EDGE('',*,*,#266,.T.);
#2576 = FACE_BOUND('',#2577,.T.);
#2577 = EDGE_LOOP('',(#2578));
#2578 = ORIENTED_EDGE('',*,*,#299,.T.);
#2579 = FACE_BOUND('',#2580,.T.);
#2580 = EDGE_LOOP('',(#2581));
#2581 = ORIENTED_EDGE('',*,*,#332,.T.);
#2582 = FACE_BOUND('',#2583,.T.);
#2583 = EDGE_LOOP('',(#2584));
#2584 = ORIENTED_EDGE('',*,*,#365,.T.);
#2585 = FACE_BOUND('',#2586,.T.);
#2586 = EDGE_LOOP('',(#2587));
#2587 = ORIENTED_EDGE('',*,*,#398,.T.);
#2588 = FACE_BOUND('',#2589,.T.);
#2589 = EDGE_LOOP('',(#2590));
#2590 = ORIENTED_EDGE('',*,*,#431,.T.);
#2591 = FACE_BOUND('',#2592,.T.);
#2592 = EDGE_LOOP('',(#2593));
#2593 = ORIENTED_EDGE('',*,*,#464,.T.);
#2594 = FACE_BOUND('',#2595,.T.);
#2595 = EDGE_LOOP('',(#2596));
#2596 = ORIENTED_EDGE('',*,*,#497,.T.);
#2597 = FACE_BOUND('',#2598,.T.);
#2598 = EDGE_LOOP('',(#2599));
#2599 = ORIENTED_EDGE('',*,*,#530,.T.);
#2600 = FACE_BOUND('',#2601,.T.);
#2601 = EDGE_LOOP('',(#2602));
#2602 = ORIENTED_EDGE('',*,*,#563,.T.);
#2603 = FACE_BOUND('',#2604,.T.);
#2604 = EDGE_LOOP('',(#2605));
#2605 = ORIENTED_EDGE('',*,*,#596,.T.);
#2606 = FACE_BOUND('',#2607,.T.);
#2607 = EDGE_LOOP('',(#2608));
#2608 = ORIENTED_EDGE('',*,*,#629,.T.);
#2609 = FACE_BOUND('',#2610,.T.);
#2610 = EDGE_LOOP('',(#2611));
#2611 = ORIENTED_EDGE('',*,*,#662,.T.);
#2612 = FACE_BOUND('',#2613,.T.);
#2613 = EDGE_LOOP('',(#2614));
#2614 = ORIENTED_EDGE('',*,*,#695,.T.);
#2615 = FACE_BOUND('',#2616,.T.);
#2616 = EDGE_LOOP('',(#2617));
#2617 = ORIENTED_EDGE('',*,*,#728,.T.);
#2618 = FACE_BOUND('',#2619,.T.);
#2619 = EDGE_LOOP('',(#2620));
#2620 = ORIENTED_EDGE('',*,*,#761,.T.);
#2621 = FACE_BOUND('',#2622,.T.);
#2622 = EDGE_LOOP('',(#2623));
#2623 = ORIENTED_EDGE('',*,*,#794,.T.);
#2624 = FACE_BOUND('',#2625,.T.);
#2625 = EDGE_LOOP('',(#2626));
#2626 = ORIENTED_EDGE('',*,*,#827,.T.);
#2627 = FACE_BOUND('',#2628,.T.);
#2628 = EDGE_LOOP('',(#2629));
#2629 = ORIENTED_EDGE('',*,*,#860,.T.);
#2630 = FACE_BOUND('',#2631,.T.);
#2631 = EDGE_LOOP('',(#2632));
#2632 = ORIENTED_EDGE('',*,*,#893,.T.);
#2633 = FACE_BOUND('',#2634,.T.);
#2634 = EDGE_LOOP('',(#2635));
#2635 = ORIENTED_EDGE('',*,*,#926,.T.);
#2636 = FACE_BOUND('',#2637,.T.);
#2637 = EDGE_LOOP('',(#2638));
#2638 = ORIENTED_EDGE('',*,*,#959,.T.);
#2639 = FACE_BOUND('',#2640,.T.);
#2640 = EDGE_LOOP('',(#2641));
#2641 = ORIENTED_EDGE('',*,*,#992,.T.);
#2642 = FACE_BOUND('',#2643,.T.);
#2643 = EDGE_LOOP('',(#2644));
#2644 = ORIENTED_EDGE('',*,*,#1025,.T.);
#2645 = FACE_BOUND('',#2646,.T.);
#2646 = EDGE_LOOP('',(#2647));
#2647 = ORIENTED_EDGE('',*,*,#1058,.T.);
#2648 = FACE_BOUND('',#2649,.T.);
#2649 = EDGE_LOOP('',(#2650));
#2650 = ORIENTED_EDGE('',*,*,#1091,.T.);
#2651 = FACE_BOUND('',#2652,.T.);
#2652 = EDGE_LOOP('',(#2653));
#2653 = ORIENTED_EDGE('',*,*,#1124,.T.);
#2654 = FACE_BOUND('',#2655,.T.);
#2655 = EDGE_LOOP('',(#2656));
#2656 = ORIENTED_EDGE('',*,*,#1157,.T.);
#2657 = FACE_BOUND('',#2658,.T.);
#2658 = EDGE_LOOP('',(#2659));
#2659 = ORIENTED_EDGE('',*,*,#1190,.T.);
#2660 = FACE_BOUND('',#2661,.T.);
#2661 = EDGE_LOOP('',(#2662,#2663,#2664,#2665));
#2662 = ORIENTED_EDGE('',*,*,#1223,.F.);
#2663 = ORIENTED_EDGE('',*,*,#1263,.F.);
#2664 = ORIENTED_EDGE('',*,*,#1316,.F.);
#2665 = ORIENTED_EDGE('',*,*,#1285,.F.);
#2666 = FACE_BOUND('',#2667,.T.);
#2667 = EDGE_LOOP('',(#2668));
#2668 = ORIENTED_EDGE('',*,*,#1347,.T.);
#2669 = FACE_BOUND('',#2670,.T.);
#2670 = EDGE_LOOP('',(#2671));
#2671 = ORIENTED_EDGE('',*,*,#1380,.T.);
#2672 = FACE_BOUND('',#2673,.T.);
#2673 = EDGE_LOOP('',(#2674));
#2674 = ORIENTED_EDGE('',*,*,#1413,.T.);
#2675 = FACE_BOUND('',#2676,.T.);
#2676 = EDGE_LOOP('',(#2677));
#2677 = ORIENTED_EDGE('',*,*,#1446,.T.);
#2678 = FACE_BOUND('',#2679,.T.);
#2679 = EDGE_LOOP('',(#2680));
#2680 = ORIENTED_EDGE('',*,*,#1479,.T.);
#2681 = FACE_BOUND('',#2682,.T.);
#2682 = EDGE_LOOP('',(#2683));
#2683 = ORIENTED_EDGE('',*,*,#1512,.T.);
#2684 = FACE_BOUND('',#2685,.T.);
#2685 = EDGE_LOOP('',(#2686));
#2686 = ORIENTED_EDGE('',*,*,#1545,.T.);
#2687 = FACE_BOUND('',#2688,.T.);
#2688 = EDGE_LOOP('',(#2689));
#2689 = ORIENTED_EDGE('',*,*,#1578,.T.);
#2690 = FACE_BOUND('',#2691,.T.);
#2691 = EDGE_LOOP('',(#2692));
#2692 = ORIENTED_EDGE('',*,*,#1611,.T.);
#2693 = FACE_BOUND('',#2694,.T.);
#2694 = EDGE_LOOP('',(#2695));
#2695 = ORIENTED_EDGE('',*,*,#1644,.T.);
#2696 = FACE_BOUND('',#2697,.T.);
#2697 = EDGE_LOOP('',(#2698));
#2698 = ORIENTED_EDGE('',*,*,#1677,.T.);
#2699 = FACE_BOUND('',#2700,.T.);
#2700 = EDGE_LOOP('',(#2701));
#2701 = ORIENTED_EDGE('',*,*,#1710,.T.);
#2702 = FACE_BOUND('',#2703,.T.);
#2703 = EDGE_LOOP('',(#2704));
#2704 = ORIENTED_EDGE('',*,*,#1743,.T.);
#2705 = FACE_BOUND('',#2706,.T.);
#2706 = EDGE_LOOP('',(#2707));
#2707 = ORIENTED_EDGE('',*,*,#1776,.T.);
#2708 = FACE_BOUND('',#2709,.T.);
#2709 = EDGE_LOOP('',(#2710));
#2710 = ORIENTED_EDGE('',*,*,#1809,.T.);
#2711 = FACE_BOUND('',#2712,.T.);
#2712 = EDGE_LOOP('',(#2713));
#2713 = ORIENTED_EDGE('',*,*,#1842,.T.);
#2714 = FACE_BOUND('',#2715,.T.);
#2715 = EDGE_LOOP('',(#2716));
#2716 = ORIENTED_EDGE('',*,*,#1875,.T.);
#2717 = FACE_BOUND('',#2718,.T.);
#2718 = EDGE_LOOP('',(#2719));
#2719 = ORIENTED_EDGE('',*,*,#1908,.T.);
#2720 = FACE_BOUND('',#2721,.T.);
#2721 = EDGE_LOOP('',(#2722));
#2722 = ORIENTED_EDGE('',*,*,#1941,.T.);
#2723 = FACE_BOUND('',#2724,.T.);
#2724 = EDGE_LOOP('',(#2725));
#2725 = ORIENTED_EDGE('',*,*,#1974,.T.);
#2726 = FACE_BOUND('',#2727,.T.);
#2727 = EDGE_LOOP('',(#2728));
#2728 = ORIENTED_EDGE('',*,*,#2007,.T.);
#2729 = FACE_BOUND('',#2730,.T.);
#2730 = EDGE_LOOP('',(#2731));
#2731 = ORIENTED_EDGE('',*,*,#2040,.T.);
#2732 = FACE_BOUND('',#2733,.T.);
#2733 = EDGE_LOOP('',(#2734));
#2734 = ORIENTED_EDGE('',*,*,#2073,.T.);
#2735 = FACE_BOUND('',#2736,.T.);
#2736 = EDGE_LOOP('',(#2737));
#2737 = ORIENTED_EDGE('',*,*,#2106,.T.);
#2738 = FACE_BOUND('',#2739,.T.);
#2739 = EDGE_LOOP('',(#2740));
#2740 = ORIENTED_EDGE('',*,*,#2139,.T.);
#2741 = FACE_BOUND('',#2742,.T.);
#2742 = EDGE_LOOP('',(#2743));
#2743 = ORIENTED_EDGE('',*,*,#2172,.T.);
#2744 = FACE_BOUND('',#2745,.T.);
#2745 = EDGE_LOOP('',(#2746));
#2746 = ORIENTED_EDGE('',*,*,#2205,.T.);
#2747 = FACE_BOUND('',#2748,.T.);
#2748 = EDGE_LOOP('',(#2749));
#2749 = ORIENTED_EDGE('',*,*,#2238,.T.);
#2750 = FACE_BOUND('',#2751,.T.);
#2751 = EDGE_LOOP('',(#2752));
#2752 = ORIENTED_EDGE('',*,*,#2271,.T.);
#2753 = FACE_BOUND('',#2754,.T.);
#2754 = EDGE_LOOP('',(#2755));
#2755 = ORIENTED_EDGE('',*,*,#2304,.T.);
#2756 = FACE_BOUND('',#2757,.T.);
#2757 = EDGE_LOOP('',(#2758));
#2758 = ORIENTED_EDGE('',*,*,#2337,.T.);
#2759 = PLANE('',#2760);
#2760 = AXIS2_PLACEMENT_3D('',#2761,#2762,#2763);
#2761 = CARTESIAN_POINT('',(177.5,-60.,-1.6));
#2762 = DIRECTION('',(-0.,-0.,-1.));
#2763 = DIRECTION('',(-1.,0.,0.));
#2764 = ( GEOMETRIC_REPRESENTATION_CONTEXT(3) 
GLOBAL_UNCERTAINTY_ASSIGNED_CONTEXT((#2768)) 
GLOBAL_UNIT_ASSIGNED_CONTEXT((#2765,#2766,#2767)) REPRESENTATION_CONTEXT
('Context #1','3D Context with UNIT and UNCERTAINTY') );
#2765 = ( LENGTH_UNIT() NAMED_UNIT(*) SI_UNIT(.MILLI.,.METRE.) );
#2766 = ( NAMED_UNIT(*) PLANE_ANGLE_UNIT() SI_UNIT($,.RADIAN.) );
#2767 = ( NAMED_UNIT(*) SI_UNIT($,.STERADIAN.) SOLID_ANGLE_UNIT() );
#2768 = UNCERTAINTY_MEASURE_WITH_UNIT(LENGTH_MEASURE(1.E-07),#2765,
  'distance_accuracy_value','confusion accuracy');
#2769 = CONTEXT_DEPENDENT_SHAPE_REPRESENTATION(#2770,#2772);
#2770 = ( REPRESENTATION_RELATIONSHIP('','',#59,#36) 
REPRESENTATION_RELATIONSHIP_WITH_TRANSFORMATION(#2771) 
SHAPE_REPRESENTATION_RELATIONSHIP() );
#2771 = ITEM_DEFINED_TRANSFORMATION('','',#11,#37);
#2772 = PRODUCT_DEFINITION_SHAPE('Placement','Placement of an item',
  #2773);
#2773 = NEXT_ASSEMBLY_USAGE_OCCURRENCE('265','Pcb_93b0','',#31,#54,$);
#2774 = PRODUCT_RELATED_PRODUCT_CATEGORY('part',$,(#56));
#2775 = SHAPE_DEFINITION_REPRESENTATION(#2776,#2782);
#2776 = PRODUCT_DEFINITION_SHAPE('','',#2777);
#2777 = PRODUCT_DEFINITION('design','',#2778,#2781);
#2778 = PRODUCT_DEFINITION_FORMATION('','',#2779);
#2779 = PRODUCT('Step_Models_93b0','Step_Models_93b0','',(#2780));
#2780 = PRODUCT_CONTEXT('',#2,'mechanical');
#2781 = PRODUCT_DEFINITION_CONTEXT('part definition',#2,'design');
#2782 = SHAPE_REPRESENTATION('',(#11,#2783),#2787);
#2783 = AXIS2_PLACEMENT_3D('',#2784,#2785,#2786);
#2784 = CARTESIAN_POINT('',(0.,0.,0.));
#2785 = DIRECTION('',(0.,0.,1.));
#2786 = DIRECTION('',(1.,0.,0.));
#2787 = ( GEOMETRIC_REPRESENTATION_CONTEXT(3) 
GLOBAL_UNCERTAINTY_ASSIGNED_CONTEXT((#2791)) 
GLOBAL_UNIT_ASSIGNED_CONTEXT((#2788,#2789,#2790)) REPRESENTATION_CONTEXT
('Context #1','3D Context with UNIT and UNCERTAINTY') );
#2788 = ( LENGTH_UNIT() NAMED_UNIT(*) SI_UNIT(.MILLI.,.METRE.) );
#2789 = ( NAMED_UNIT(*) PLANE_ANGLE_UNIT() SI_UNIT($,.RADIAN.) );
#2790 = ( NAMED_UNIT(*) SI_UNIT($,.STERADIAN.) SOLID_ANGLE_UNIT() );
#2791 = UNCERTAINTY_MEASURE_WITH_UNIT(LENGTH_MEASURE(1.E-07),#2788,
  'distance_accuracy_value','confusion accuracy');
#2792 = CONTEXT_DEPENDENT_SHAPE_REPRESENTATION(#2793,#2795);
#2793 = ( REPRESENTATION_RELATIONSHIP('','',#2782,#10) 
REPRESENTATION_RELATIONSHIP_WITH_TRANSFORMATION(#2794) 
SHAPE_REPRESENTATION_RELATIONSHIP() );
#2794 = ITEM_DEFINED_TRANSFORMATION('','',#11,#19);
#2795 = PRODUCT_DEFINITION_SHAPE('Placement','Placement of an item',
  #2796);
#2796 = NEXT_ASSEMBLY_USAGE_OCCURRENCE('328','Step_Models_93b0','',#5,
  #2777,$);
#2797 = PRODUCT_RELATED_PRODUCT_CATEGORY('part',$,(#2779));
#2798 = SHAPE_DEFINITION_REPRESENTATION(#2799,#2805);
#2799 = PRODUCT_DEFINITION_SHAPE('','',#2800);
#2800 = PRODUCT_DEFINITION('design','',#2801,#2804);
#2801 = PRODUCT_DEFINITION_FORMATION('','',#2802);
#2802 = PRODUCT('Bot_93b0','Bot_93b0','',(#2803));
#2803 = PRODUCT_CONTEXT('',#2,'mechanical');
#2804 = PRODUCT_DEFINITION_CONTEXT('part definition',#2,'design');
#2805 = SHAPE_REPRESENTATION('',(#11,#2806,#2810),#2814);
#2806 = AXIS2_PLACEMENT_3D('',#2807,#2808,#2809);
#2807 = CARTESIAN_POINT('',(300.74,-66.68,-1.6));
#2808 = DIRECTION('',(0.,0.,-1.));
#2809 = DIRECTION('',(-1.,0.,0.));
#2810 = AXIS2_PLACEMENT_3D('',#2811,#2812,#2813);
#2811 = CARTESIAN_POINT('',(270.26,-53.31,-1.6));
#2812 = DIRECTION('',(0.,0.,-1.));
#2813 = DIRECTION('',(1.,0.,0.));
#2814 = ( GEOMETRIC_REPRESENTATION_CONTEXT(3) 
GLOBAL_UNCERTAINTY_ASSIGNED_CONTEXT((#2818)) 
GLOBAL_UNIT_ASSIGNED_CONTEXT((#2815,#2816,#2817)) REPRESENTATION_CONTEXT
('Context #1','3D Context with UNIT and UNCERTAINTY') );
#2815 = ( LENGTH_UNIT() NAMED_UNIT(*) SI_UNIT(.MILLI.,.METRE.) );
#2816 = ( NAMED_UNIT(*) PLANE_ANGLE_UNIT() SI_UNIT($,.RADIAN.) );
#2817 = ( NAMED_UNIT(*) SI_UNIT($,.STERADIAN.) SOLID_ANGLE_UNIT() );
#2818 = UNCERTAINTY_MEASURE_WITH_UNIT(LENGTH_MEASURE(1.E-07),#2815,
  'distance_accuracy_value','confusion accuracy');
#2819 = CONTEXT_DEPENDENT_SHAPE_REPRESENTATION(#2820,#2822);
#2820 = ( REPRESENTATION_RELATIONSHIP('','',#2805,#2782) 
REPRESENTATION_RELATIONSHIP_WITH_TRANSFORMATION(#2821) 
SHAPE_REPRESENTATION_RELATIONSHIP() );
#2821 = ITEM_DEFINED_TRANSFORMATION('','',#11,#2783);
#2822 = PRODUCT_DEFINITION_SHAPE('Placement','Placement of an item',
  #2823);
#2823 = NEXT_ASSEMBLY_USAGE_OCCURRENCE('327','Bot_93b0','',#2777,#2800,$
  );
#2824 = PRODUCT_RELATED_PRODUCT_CATEGORY('part',$,(#2802));
#2825 = SHAPE_DEFINITION_REPRESENTATION(#2826,#2832);
#2826 = PRODUCT_DEFINITION_SHAPE('','',#2827);
#2827 = PRODUCT_DEFINITION('design','',#2828,#2831);
#2828 = PRODUCT_DEFINITION_FORMATION('','',#2829);
#2829 = PRODUCT('J1_ASSEMBLY_814afa29ee73','J1_ASSEMBLY_814afa29ee73',''
  ,(#2830));
#2830 = PRODUCT_CONTEXT('',#2,'mechanical');
#2831 = PRODUCT_DEFINITION_CONTEXT('part definition',#2,'design');
#2832 = SHAPE_REPRESENTATION('',(#11,#2833,#2837),#2841);
#2833 = AXIS2_PLACEMENT_3D('',#2834,#2835,#2836);
#2834 = CARTESIAN_POINT('',(0.,0.,0.1));
#2835 = DIRECTION('',(0.,0.,1.));
#2836 = DIRECTION('',(1.,0.,0.));
#2837 = AXIS2_PLACEMENT_3D('',#2838,#2839,#2840);
#2838 = CARTESIAN_POINT('',(0.,0.,0.));
#2839 = DIRECTION('',(0.,0.,1.));
#2840 = DIRECTION('',(1.,0.,0.));
#2841 = ( GEOMETRIC_REPRESENTATION_CONTEXT(3) 
GLOBAL_UNCERTAINTY_ASSIGNED_CONTEXT((#2845)) 
GLOBAL_UNIT_ASSIGNED_CONTEXT((#2842,#2843,#2844)) REPRESENTATION_CONTEXT
('Context #1','3D Context with UNIT and UNCERTAINTY') );
#2842 = ( LENGTH_UNIT() NAMED_UNIT(*) SI_UNIT(.MILLI.,.METRE.) );
#2843 = ( NAMED_UNIT(*) PLANE_ANGLE_UNIT() SI_UNIT($,.RADIAN.) );
#2844 = ( NAMED_UNIT(*) SI_UNIT($,.STERADIAN.) SOLID_ANGLE_UNIT() );
#2845 = UNCERTAINTY_MEASURE_WITH_UNIT(LENGTH_MEASURE(1.E-07),#2842,
  'distance_accuracy_value','confusion accuracy');
#2846 = CONTEXT_DEPENDENT_SHAPE_REPRESENTATION(#2847,#2849);
#2847 = ( REPRESENTATION_RELATIONSHIP('','',#2832,#2805) 
REPRESENTATION_RELATIONSHIP_WITH_TRANSFORMATION(#2848) 
SHAPE_REPRESENTATION_RELATIONSHIP() );
#2848 = ITEM_DEFINED_TRANSFORMATION('','',#11,#2806);
#2849 = PRODUCT_DEFINITION_SHAPE('Placement','Placement of an item',
  #2850);
#2850 = NEXT_ASSEMBLY_USAGE_OCCURRENCE('296','J1_ASSEMBLY_814afa29ee73',
  '',#2800,#2827,$);
#2851 = PRODUCT_RELATED_PRODUCT_CATEGORY('part',$,(#2829));
#2852 = SHAPE_DEFINITION_REPRESENTATION(#2853,#2859);
#2853 = PRODUCT_DEFINITION_SHAPE('','',#2854);
#2854 = PRODUCT_DEFINITION('design','',#2855,#2858);
#2855 = PRODUCT_DEFINITION_FORMATION('','',#2856);
#2856 = PRODUCT('Body','Body','',(#2857));
#2857 = PRODUCT_CONTEXT('',#2,'mechanical');
#2858 = PRODUCT_DEFINITION_CONTEXT('part definition',#2,'design');
#2859 = ADVANCED_BREP_SHAPE_REPRESENTATION('',(#11,#2860),#3010);
#2860 = MANIFOLD_SOLID_BREP('',#2861);
#2861 = CLOSED_SHELL('',(#2862,#2902,#2933,#2964,#2986,#2998));
#2862 = ADVANCED_FACE('',(#2863),#2897,.F.);
#2863 = FACE_BOUND('',#2864,.F.);
#2864 = EDGE_LOOP('',(#2865,#2875,#2883,#2891));
#2865 = ORIENTED_EDGE('',*,*,#2866,.T.);
#2866 = EDGE_CURVE('',#2867,#2869,#2871,.T.);
#2867 = VERTEX_POINT('',#2868);
#2868 = CARTESIAN_POINT('',(-6.86,-5.18,0.));
#2869 = VERTEX_POINT('',#2870);
#2870 = CARTESIAN_POINT('',(-6.86,-5.18,13.74));
#2871 = LINE('',#2872,#2873);
#2872 = CARTESIAN_POINT('',(-6.86,-5.18,0.));
#2873 = VECTOR('',#2874,1.);
#2874 = DIRECTION('',(0.,0.,1.));
#2875 = ORIENTED_EDGE('',*,*,#2876,.T.);
#2876 = EDGE_CURVE('',#2869,#2877,#2879,.T.);
#2877 = VERTEX_POINT('',#2878);
#2878 = CARTESIAN_POINT('',(37.34,-5.18,13.74));
#2879 = LINE('',#2880,#2881);
#2880 = CARTESIAN_POINT('',(-6.86,-5.18,13.74));
#2881 = VECTOR('',#2882,1.);
#2882 = DIRECTION('',(1.,0.,0.));
#2883 = ORIENTED_EDGE('',*,*,#2884,.F.);
#2884 = EDGE_CURVE('',#2885,#2877,#2887,.T.);
#2885 = VERTEX_POINT('',#2886);
#2886 = CARTESIAN_POINT('',(37.34,-5.18,0.));
#2887 = LINE('',#2888,#2889);
#2888 = CARTESIAN_POINT('',(37.34,-5.18,0.));
#2889 = VECTOR('',#2890,1.);
#2890 = DIRECTION('',(0.,0.,1.));
#2891 = ORIENTED_EDGE('',*,*,#2892,.F.);
#2892 = EDGE_CURVE('',#2867,#2885,#2893,.T.);
#2893 = LINE('',#2894,#2895);
#2894 = CARTESIAN_POINT('',(-6.86,-5.18,0.));
#2895 = VECTOR('',#2896,1.);
#2896 = DIRECTION('',(1.,0.,0.));
#2897 = PLANE('',#2898);
#2898 = AXIS2_PLACEMENT_3D('',#2899,#2900,#2901);
#2899 = CARTESIAN_POINT('',(-6.86,-5.18,0.));
#2900 = DIRECTION('',(0.,1.,0.));
#2901 = DIRECTION('',(1.,0.,0.));
#2902 = ADVANCED_FACE('',(#2903),#2928,.F.);
#2903 = FACE_BOUND('',#2904,.F.);
#2904 = EDGE_LOOP('',(#2905,#2906,#2914,#2922));
#2905 = ORIENTED_EDGE('',*,*,#2884,.T.);
#2906 = ORIENTED_EDGE('',*,*,#2907,.T.);
#2907 = EDGE_CURVE('',#2877,#2908,#2910,.T.);
#2908 = VERTEX_POINT('',#2909);
#2909 = CARTESIAN_POINT('',(37.34,2.64,13.74));
#2910 = LINE('',#2911,#2912);
#2911 = CARTESIAN_POINT('',(37.34,-5.18,13.74));
#2912 = VECTOR('',#2913,1.);
#2913 = DIRECTION('',(0.,1.,0.));
#2914 = ORIENTED_EDGE('',*,*,#2915,.F.);
#2915 = EDGE_CURVE('',#2916,#2908,#2918,.T.);
#2916 = VERTEX_POINT('',#2917);
#2917 = CARTESIAN_POINT('',(37.34,2.64,0.));
#2918 = LINE('',#2919,#2920);
#2919 = CARTESIAN_POINT('',(37.34,2.64,0.));
#2920 = VECTOR('',#2921,1.);
#2921 = DIRECTION('',(0.,0.,1.));
#2922 = ORIENTED_EDGE('',*,*,#2923,.F.);
#2923 = EDGE_CURVE('',#2885,#2916,#2924,.T.);
#2924 = LINE('',#2925,#2926);
#2925 = CARTESIAN_POINT('',(37.34,-5.18,0.));
#2926 = VECTOR('',#2927,1.);
#2927 = DIRECTION('',(0.,1.,0.));
#2928 = PLANE('',#2929);
#2929 = AXIS2_PLACEMENT_3D('',#2930,#2931,#2932);
#2930 = CARTESIAN_POINT('',(37.34,-5.18,0.));
#2931 = DIRECTION('',(-1.,0.,0.));
#2932 = DIRECTION('',(0.,1.,0.));
#2933 = ADVANCED_FACE('',(#2934),#2959,.F.);
#2934 = FACE_BOUND('',#2935,.F.);
#2935 = EDGE_LOOP('',(#2936,#2937,#2945,#2953));
#2936 = ORIENTED_EDGE('',*,*,#2915,.T.);
#2937 = ORIENTED_EDGE('',*,*,#2938,.T.);
#2938 = EDGE_CURVE('',#2908,#2939,#2941,.T.);
#2939 = VERTEX_POINT('',#2940);
#2940 = CARTESIAN_POINT('',(-6.86,2.64,13.74));
#2941 = LINE('',#2942,#2943);
#2942 = CARTESIAN_POINT('',(37.34,2.64,13.74));
#2943 = VECTOR('',#2944,1.);
#2944 = DIRECTION('',(-1.,0.,0.));
#2945 = ORIENTED_EDGE('',*,*,#2946,.F.);
#2946 = EDGE_CURVE('',#2947,#2939,#2949,.T.);
#2947 = VERTEX_POINT('',#2948);
#2948 = CARTESIAN_POINT('',(-6.86,2.64,0.));
#2949 = LINE('',#2950,#2951);
#2950 = CARTESIAN_POINT('',(-6.86,2.64,0.));
#2951 = VECTOR('',#2952,1.);
#2952 = DIRECTION('',(0.,0.,1.));
#2953 = ORIENTED_EDGE('',*,*,#2954,.F.);
#2954 = EDGE_CURVE('',#2916,#2947,#2955,.T.);
#2955 = LINE('',#2956,#2957);
#2956 = CARTESIAN_POINT('',(37.34,2.64,0.));
#2957 = VECTOR('',#2958,1.);
#2958 = DIRECTION('',(-1.,0.,0.));
#2959 = PLANE('',#2960);
#2960 = AXIS2_PLACEMENT_3D('',#2961,#2962,#2963);
#2961 = CARTESIAN_POINT('',(37.34,2.64,0.));
#2962 = DIRECTION('',(0.,-1.,0.));
#2963 = DIRECTION('',(-1.,0.,0.));
#2964 = ADVANCED_FACE('',(#2965),#2981,.F.);
#2965 = FACE_BOUND('',#2966,.F.);
#2966 = EDGE_LOOP('',(#2967,#2968,#2974,#2975));
#2967 = ORIENTED_EDGE('',*,*,#2946,.T.);
#2968 = ORIENTED_EDGE('',*,*,#2969,.T.);
#2969 = EDGE_CURVE('',#2939,#2869,#2970,.T.);
#2970 = LINE('',#2971,#2972);
#2971 = CARTESIAN_POINT('',(-6.86,2.64,13.74));
#2972 = VECTOR('',#2973,1.);
#2973 = DIRECTION('',(0.,-1.,0.));
#2974 = ORIENTED_EDGE('',*,*,#2866,.F.);
#2975 = ORIENTED_EDGE('',*,*,#2976,.F.);
#2976 = EDGE_CURVE('',#2947,#2867,#2977,.T.);
#2977 = LINE('',#2978,#2979);
#2978 = CARTESIAN_POINT('',(-6.86,2.64,0.));
#2979 = VECTOR('',#2980,1.);
#2980 = DIRECTION('',(0.,-1.,0.));
#2981 = PLANE('',#2982);
#2982 = AXIS2_PLACEMENT_3D('',#2983,#2984,#2985);
#2983 = CARTESIAN_POINT('',(-6.86,2.64,0.));
#2984 = DIRECTION('',(1.,0.,-0.));
#2985 = DIRECTION('',(0.,-1.,0.));
#2986 = ADVANCED_FACE('',(#2987),#2993,.F.);
#2987 = FACE_BOUND('',#2988,.F.);
#2988 = EDGE_LOOP('',(#2989,#2990,#2991,#2992));
#2989 = ORIENTED_EDGE('',*,*,#2892,.T.);
#2990 = ORIENTED_EDGE('',*,*,#2923,.T.);
#2991 = ORIENTED_EDGE('',*,*,#2954,.T.);
#2992 = ORIENTED_EDGE('',*,*,#2976,.T.);
#2993 = PLANE('',#2994);
#2994 = AXIS2_PLACEMENT_3D('',#2995,#2996,#2997);
#2995 = CARTESIAN_POINT('',(15.24,-1.27,1.387778780781E-17));
#2996 = DIRECTION('',(-1.125763431249E-34,0.,1.));
#2997 = DIRECTION('',(1.,0.,1.125763431249E-34));
#2998 = ADVANCED_FACE('',(#2999),#3005,.T.);
#2999 = FACE_BOUND('',#3000,.T.);
#3000 = EDGE_LOOP('',(#3001,#3002,#3003,#3004));
#3001 = ORIENTED_EDGE('',*,*,#2876,.T.);
#3002 = ORIENTED_EDGE('',*,*,#2907,.T.);
#3003 = ORIENTED_EDGE('',*,*,#2938,.T.);
#3004 = ORIENTED_EDGE('',*,*,#2969,.T.);
#3005 = PLANE('',#3006);
#3006 = AXIS2_PLACEMENT_3D('',#3007,#3008,#3009);
#3007 = CARTESIAN_POINT('',(15.24,-1.27,13.74));
#3008 = DIRECTION('',(-1.125763431249E-34,0.,1.));
#3009 = DIRECTION('',(1.,0.,1.125763431249E-34));
#3010 = ( GEOMETRIC_REPRESENTATION_CONTEXT(3) 
GLOBAL_UNCERTAINTY_ASSIGNED_CONTEXT((#3014)) 
GLOBAL_UNIT_ASSIGNED_CONTEXT((#3011,#3012,#3013)) REPRESENTATION_CONTEXT
('Context #1','3D Context with UNIT and UNCERTAINTY') );
#3011 = ( LENGTH_UNIT() NAMED_UNIT(*) SI_UNIT(.MILLI.,.METRE.) );
#3012 = ( NAMED_UNIT(*) PLANE_ANGLE_UNIT() SI_UNIT($,.RADIAN.) );
#3013 = ( NAMED_UNIT(*) SI_UNIT($,.STERADIAN.) SOLID_ANGLE_UNIT() );
#3014 = UNCERTAINTY_MEASURE_WITH_UNIT(LENGTH_MEASURE(1.E-07),#3011,
  'distance_accuracy_value','confusion accuracy');
#3015 = CONTEXT_DEPENDENT_SHAPE_REPRESENTATION(#3016,#3018);
#3016 = ( REPRESENTATION_RELATIONSHIP('','',#2859,#2832) 
REPRESENTATION_RELATIONSHIP_WITH_TRANSFORMATION(#3017) 
SHAPE_REPRESENTATION_RELATIONSHIP() );
#3017 = ITEM_DEFINED_TRANSFORMATION('','',#11,#2833);
#3018 = PRODUCT_DEFINITION_SHAPE('Placement','Placement of an item',
  #3019);
#3019 = NEXT_ASSEMBLY_USAGE_OCCURRENCE('267','Body','',#2827,#2854,$);
#3020 = PRODUCT_RELATED_PRODUCT_CATEGORY('part',$,(#2856));
#3021 = SHAPE_DEFINITION_REPRESENTATION(#3022,#3028);
#3022 = PRODUCT_DEFINITION_SHAPE('','',#3023);
#3023 = PRODUCT_DEFINITION('design','',#3024,#3027);
#3024 = PRODUCT_DEFINITION_FORMATION('','',#3025);
#3025 = PRODUCT('Leads027','Leads027','',(#3026));
#3026 = PRODUCT_CONTEXT('',#2,'mechanical');
#3027 = PRODUCT_DEFINITION_CONTEXT('part definition',#2,'design');
#3028 = SHAPE_REPRESENTATION('',(#11,#3029,#3033,#3037,#3041,#3045,#3049
    ,#3053,#3057,#3061,#3065,#3069,#3073,#3077,#3081,#3085,#3089,#3093,
    #3097,#3101,#3105,#3109,#3113,#3117,#3121,#3125,#3129,#3133),#3137);
#3029 = AXIS2_PLACEMENT_3D('',#3030,#3031,#3032);
#3030 = CARTESIAN_POINT('',(0.,0.,0.));
#3031 = DIRECTION('',(0.,0.,1.));
#3032 = DIRECTION('',(1.,0.,0.));
#3033 = AXIS2_PLACEMENT_3D('',#3034,#3035,#3036);
#3034 = CARTESIAN_POINT('',(0.,0.,0.));
#3035 = DIRECTION('',(0.,0.,1.));
#3036 = DIRECTION('',(1.,0.,0.));
#3037 = AXIS2_PLACEMENT_3D('',#3038,#3039,#3040);
#3038 = CARTESIAN_POINT('',(0.,0.,0.));
#3039 = DIRECTION('',(0.,0.,1.));
#3040 = DIRECTION('',(1.,0.,0.));
#3041 = AXIS2_PLACEMENT_3D('',#3042,#3043,#3044);
#3042 = CARTESIAN_POINT('',(0.,0.,0.));
#3043 = DIRECTION('',(0.,0.,1.));
#3044 = DIRECTION('',(1.,0.,0.));
#3045 = AXIS2_PLACEMENT_3D('',#3046,#3047,#3048);
#3046 = CARTESIAN_POINT('',(0.,0.,0.));
#3047 = DIRECTION('',(0.,0.,1.));
#3048 = DIRECTION('',(1.,0.,0.));
#3049 = AXIS2_PLACEMENT_3D('',#3050,#3051,#3052);
#3050 = CARTESIAN_POINT('',(0.,0.,0.));
#3051 = DIRECTION('',(0.,0.,1.));
#3052 = DIRECTION('',(1.,0.,0.));
#3053 = AXIS2_PLACEMENT_3D('',#3054,#3055,#3056);
#3054 = CARTESIAN_POINT('',(0.,0.,0.));
#3055 = DIRECTION('',(0.,0.,1.));
#3056 = DIRECTION('',(1.,0.,0.));
#3057 = AXIS2_PLACEMENT_3D('',#3058,#3059,#3060);
#3058 = CARTESIAN_POINT('',(0.,0.,0.));
#3059 = DIRECTION('',(0.,0.,1.));
#3060 = DIRECTION('',(1.,0.,0.));
#3061 = AXIS2_PLACEMENT_3D('',#3062,#3063,#3064);
#3062 = CARTESIAN_POINT('',(0.,0.,0.));
#3063 = DIRECTION('',(0.,0.,1.));
#3064 = DIRECTION('',(1.,0.,0.));
#3065 = AXIS2_PLACEMENT_3D('',#3066,#3067,#3068);
#3066 = CARTESIAN_POINT('',(0.,0.,0.));
#3067 = DIRECTION('',(0.,0.,1.));
#3068 = DIRECTION('',(1.,0.,0.));
#3069 = AXIS2_PLACEMENT_3D('',#3070,#3071,#3072);
#3070 = CARTESIAN_POINT('',(0.,0.,0.));
#3071 = DIRECTION('',(0.,0.,1.));
#3072 = DIRECTION('',(1.,0.,0.));
#3073 = AXIS2_PLACEMENT_3D('',#3074,#3075,#3076);
#3074 = CARTESIAN_POINT('',(0.,0.,0.));
#3075 = DIRECTION('',(0.,0.,1.));
#3076 = DIRECTION('',(1.,0.,0.));
#3077 = AXIS2_PLACEMENT_3D('',#3078,#3079,#3080);
#3078 = CARTESIAN_POINT('',(0.,0.,0.));
#3079 = DIRECTION('',(0.,0.,1.));
#3080 = DIRECTION('',(1.,0.,0.));
#3081 = AXIS2_PLACEMENT_3D('',#3082,#3083,#3084);
#3082 = CARTESIAN_POINT('',(0.,0.,0.));
#3083 = DIRECTION('',(0.,0.,1.));
#3084 = DIRECTION('',(1.,0.,0.));
#3085 = AXIS2_PLACEMENT_3D('',#3086,#3087,#3088);
#3086 = CARTESIAN_POINT('',(0.,0.,0.));
#3087 = DIRECTION('',(0.,0.,1.));
#3088 = DIRECTION('',(1.,0.,0.));
#3089 = AXIS2_PLACEMENT_3D('',#3090,#3091,#3092);
#3090 = CARTESIAN_POINT('',(0.,0.,0.));
#3091 = DIRECTION('',(0.,0.,1.));
#3092 = DIRECTION('',(1.,0.,0.));
#3093 = AXIS2_PLACEMENT_3D('',#3094,#3095,#3096);
#3094 = CARTESIAN_POINT('',(0.,0.,0.));
#3095 = DIRECTION('',(0.,0.,1.));
#3096 = DIRECTION('',(1.,0.,0.));
#3097 = AXIS2_PLACEMENT_3D('',#3098,#3099,#3100);
#3098 = CARTESIAN_POINT('',(0.,0.,0.));
#3099 = DIRECTION('',(0.,0.,1.));
#3100 = DIRECTION('',(1.,0.,0.));
#3101 = AXIS2_PLACEMENT_3D('',#3102,#3103,#3104);
#3102 = CARTESIAN_POINT('',(0.,0.,0.));
#3103 = DIRECTION('',(0.,0.,1.));
#3104 = DIRECTION('',(1.,0.,0.));
#3105 = AXIS2_PLACEMENT_3D('',#3106,#3107,#3108);
#3106 = CARTESIAN_POINT('',(0.,0.,0.));
#3107 = DIRECTION('',(0.,0.,1.));
#3108 = DIRECTION('',(1.,0.,0.));
#3109 = AXIS2_PLACEMENT_3D('',#3110,#3111,#3112);
#3110 = CARTESIAN_POINT('',(0.,0.,0.));
#3111 = DIRECTION('',(0.,0.,1.));
#3112 = DIRECTION('',(1.,0.,0.));
#3113 = AXIS2_PLACEMENT_3D('',#3114,#3115,#3116);
#3114 = CARTESIAN_POINT('',(0.,0.,0.));
#3115 = DIRECTION('',(0.,0.,1.));
#3116 = DIRECTION('',(1.,0.,0.));
#3117 = AXIS2_PLACEMENT_3D('',#3118,#3119,#3120);
#3118 = CARTESIAN_POINT('',(0.,0.,0.));
#3119 = DIRECTION('',(0.,0.,1.));
#3120 = DIRECTION('',(1.,0.,0.));
#3121 = AXIS2_PLACEMENT_3D('',#3122,#3123,#3124);
#3122 = CARTESIAN_POINT('',(0.,0.,0.));
#3123 = DIRECTION('',(0.,0.,1.));
#3124 = DIRECTION('',(1.,0.,0.));
#3125 = AXIS2_PLACEMENT_3D('',#3126,#3127,#3128);
#3126 = CARTESIAN_POINT('',(0.,0.,0.));
#3127 = DIRECTION('',(0.,0.,1.));
#3128 = DIRECTION('',(1.,0.,0.));
#3129 = AXIS2_PLACEMENT_3D('',#3130,#3131,#3132);
#3130 = CARTESIAN_POINT('',(0.,0.,0.));
#3131 = DIRECTION('',(0.,0.,1.));
#3132 = DIRECTION('',(1.,0.,0.));
#3133 = AXIS2_PLACEMENT_3D('',#3134,#3135,#3136);
#3134 = CARTESIAN_POINT('',(0.,0.,0.));
#3135 = DIRECTION('',(0.,0.,1.));
#3136 = DIRECTION('',(1.,0.,0.));
#3137 = ( GEOMETRIC_REPRESENTATION_CONTEXT(3) 
GLOBAL_UNCERTAINTY_ASSIGNED_CONTEXT((#3141)) 
GLOBAL_UNIT_ASSIGNED_CONTEXT((#3138,#3139,#3140)) REPRESENTATION_CONTEXT
('Context #1','3D Context with UNIT and UNCERTAINTY') );
#3138 = ( LENGTH_UNIT() NAMED_UNIT(*) SI_UNIT(.MILLI.,.METRE.) );
#3139 = ( NAMED_UNIT(*) PLANE_ANGLE_UNIT() SI_UNIT($,.RADIAN.) );
#3140 = ( NAMED_UNIT(*) SI_UNIT($,.STERADIAN.) SOLID_ANGLE_UNIT() );
#3141 = UNCERTAINTY_MEASURE_WITH_UNIT(LENGTH_MEASURE(1.E-07),#3138,
  'distance_accuracy_value','confusion accuracy');
#3142 = CONTEXT_DEPENDENT_SHAPE_REPRESENTATION(#3143,#3145);
#3143 = ( REPRESENTATION_RELATIONSHIP('','',#3028,#2832) 
REPRESENTATION_RELATIONSHIP_WITH_TRANSFORMATION(#3144) 
SHAPE_REPRESENTATION_RELATIONSHIP() );
#3144 = ITEM_DEFINED_TRANSFORMATION('','',#11,#2837);
#3145 = PRODUCT_DEFINITION_SHAPE('Placement','Placement of an item',
  #3146);
#3146 = NEXT_ASSEMBLY_USAGE_OCCURRENCE('295','Leads027','',#2827,#3023,$
  );
#3147 = PRODUCT_RELATED_PRODUCT_CATEGORY('part',$,(#3025));
#3148 = SHAPE_DEFINITION_REPRESENTATION(#3149,#3155);
#3149 = PRODUCT_DEFINITION_SHAPE('','',#3150);
#3150 = PRODUCT_DEFINITION('design','',#3151,#3154);
#3151 = PRODUCT_DEFINITION_FORMATION('','',#3152);
#3152 = PRODUCT('Leads','Leads','',(#3153));
#3153 = PRODUCT_CONTEXT('',#2,'mechanical');
#3154 = PRODUCT_DEFINITION_CONTEXT('part definition',#2,'design');
#3155 = ADVANCED_BREP_SHAPE_REPRESENTATION('',(#11,#3156),#3209);
#3156 = MANIFOLD_SOLID_BREP('',#3157);
#3157 = CLOSED_SHELL('',(#3158,#3191,#3200));
#3158 = ADVANCED_FACE('',(#3159),#3186,.T.);
#3159 = FACE_BOUND('',#3160,.T.);
#3160 = EDGE_LOOP('',(#3161,#3170,#3178,#3185));
#3161 = ORIENTED_EDGE('',*,*,#3162,.F.);
#3162 = EDGE_CURVE('',#3163,#3163,#3165,.T.);
#3163 = VERTEX_POINT('',#3164);
#3164 = CARTESIAN_POINT('',(0.2555,-6.257945143643E-17,0.1));
#3165 = CIRCLE('',#3166,0.2555);
#3166 = AXIS2_PLACEMENT_3D('',#3167,#3168,#3169);
#3167 = CARTESIAN_POINT('',(0.,0.,0.1));
#3168 = DIRECTION('',(0.,0.,1.));
#3169 = DIRECTION('',(1.,0.,-0.));
#3170 = ORIENTED_EDGE('',*,*,#3171,.F.);
#3171 = EDGE_CURVE('',#3172,#3163,#3174,.T.);
#3172 = VERTEX_POINT('',#3173);
#3173 = CARTESIAN_POINT('',(0.2555,-6.257945143643E-17,-5.));
#3174 = LINE('',#3175,#3176);
#3175 = CARTESIAN_POINT('',(0.2555,-6.257945143643E-17,-5.));
#3176 = VECTOR('',#3177,1.);
#3177 = DIRECTION('',(0.,0.,1.));
#3178 = ORIENTED_EDGE('',*,*,#3179,.T.);
#3179 = EDGE_CURVE('',#3172,#3172,#3180,.T.);
#3180 = CIRCLE('',#3181,0.2555);
#3181 = AXIS2_PLACEMENT_3D('',#3182,#3183,#3184);
#3182 = CARTESIAN_POINT('',(0.,0.,-5.));
#3183 = DIRECTION('',(0.,0.,1.));
#3184 = DIRECTION('',(1.,0.,-0.));
#3185 = ORIENTED_EDGE('',*,*,#3171,.T.);
#3186 = CYLINDRICAL_SURFACE('',#3187,0.2555);
#3187 = AXIS2_PLACEMENT_3D('',#3188,#3189,#3190);
#3188 = CARTESIAN_POINT('',(0.,0.,-5.));
#3189 = DIRECTION('',(0.,0.,1.));
#3190 = DIRECTION('',(1.,0.,-0.));
#3191 = ADVANCED_FACE('',(#3192),#3195,.T.);
#3192 = FACE_BOUND('',#3193,.T.);
#3193 = EDGE_LOOP('',(#3194));
#3194 = ORIENTED_EDGE('',*,*,#3162,.T.);
#3195 = PLANE('',#3196);
#3196 = AXIS2_PLACEMENT_3D('',#3197,#3198,#3199);
#3197 = CARTESIAN_POINT('',(0.,0.,0.1));
#3198 = DIRECTION('',(0.,0.,1.));
#3199 = DIRECTION('',(1.,0.,-0.));
#3200 = ADVANCED_FACE('',(#3201),#3204,.F.);
#3201 = FACE_BOUND('',#3202,.T.);
#3202 = EDGE_LOOP('',(#3203));
#3203 = ORIENTED_EDGE('',*,*,#3179,.F.);
#3204 = PLANE('',#3205);
#3205 = AXIS2_PLACEMENT_3D('',#3206,#3207,#3208);
#3206 = CARTESIAN_POINT('',(0.,0.,-5.));
#3207 = DIRECTION('',(0.,0.,1.));
#3208 = DIRECTION('',(1.,0.,-0.));
#3209 = ( GEOMETRIC_REPRESENTATION_CONTEXT(3) 
GLOBAL_UNCERTAINTY_ASSIGNED_CONTEXT((#3213)) 
GLOBAL_UNIT_ASSIGNED_CONTEXT((#3210,#3211,#3212)) REPRESENTATION_CONTEXT
('Context #1','3D Context with UNIT and UNCERTAINTY') );
#3210 = ( LENGTH_UNIT() NAMED_UNIT(*) SI_UNIT(.MILLI.,.METRE.) );
#3211 = ( NAMED_UNIT(*) PLANE_ANGLE_UNIT() SI_UNIT($,.RADIAN.) );
#3212 = ( NAMED_UNIT(*) SI_UNIT($,.STERADIAN.) SOLID_ANGLE_UNIT() );
#3213 = UNCERTAINTY_MEASURE_WITH_UNIT(LENGTH_MEASURE(1.E-07),#3210,
  'distance_accuracy_value','confusion accuracy');
#3214 = CONTEXT_DEPENDENT_SHAPE_REPRESENTATION(#3215,#3217);
#3215 = ( REPRESENTATION_RELATIONSHIP('','',#3155,#3028) 
REPRESENTATION_RELATIONSHIP_WITH_TRANSFORMATION(#3216) 
SHAPE_REPRESENTATION_RELATIONSHIP() );
#3216 = ITEM_DEFINED_TRANSFORMATION('','',#11,#3029);
#3217 = PRODUCT_DEFINITION_SHAPE('Placement','Placement of an item',
  #3218);
#3218 = NEXT_ASSEMBLY_USAGE_OCCURRENCE('268','Leads','',#3023,#3150,$);
#3219 = PRODUCT_RELATED_PRODUCT_CATEGORY('part',$,(#3152));
#3220 = SHAPE_DEFINITION_REPRESENTATION(#3221,#3227);
#3221 = PRODUCT_DEFINITION_SHAPE('','',#3222);
#3222 = PRODUCT_DEFINITION('design','',#3223,#3226);
#3223 = PRODUCT_DEFINITION_FORMATION('','',#3224);
#3224 = PRODUCT('Leads001','Leads001','',(#3225));
#3225 = PRODUCT_CONTEXT('',#2,'mechanical');
#3226 = PRODUCT_DEFINITION_CONTEXT('part definition',#2,'design');
#3227 = ADVANCED_BREP_SHAPE_REPRESENTATION('',(#11,#3228),#3281);
#3228 = MANIFOLD_SOLID_BREP('',#3229);
#3229 = CLOSED_SHELL('',(#3230,#3263,#3272));
#3230 = ADVANCED_FACE('',(#3231),#3258,.T.);
#3231 = FACE_BOUND('',#3232,.T.);
#3232 = EDGE_LOOP('',(#3233,#3242,#3250,#3257));
#3233 = ORIENTED_EDGE('',*,*,#3234,.F.);
#3234 = EDGE_CURVE('',#3235,#3235,#3237,.T.);
#3235 = VERTEX_POINT('',#3236);
#3236 = CARTESIAN_POINT('',(2.7955,-6.257945143643E-17,0.1));
#3237 = CIRCLE('',#3238,0.2555);
#3238 = AXIS2_PLACEMENT_3D('',#3239,#3240,#3241);
#3239 = CARTESIAN_POINT('',(2.54,0.,0.1));
#3240 = DIRECTION('',(0.,0.,1.));
#3241 = DIRECTION('',(1.,0.,-0.));
#3242 = ORIENTED_EDGE('',*,*,#3243,.F.);
#3243 = EDGE_CURVE('',#3244,#3235,#3246,.T.);
#3244 = VERTEX_POINT('',#3245);
#3245 = CARTESIAN_POINT('',(2.7955,-6.257945143643E-17,-5.));
#3246 = LINE('',#3247,#3248);
#3247 = CARTESIAN_POINT('',(2.7955,-6.257945143643E-17,-5.));
#3248 = VECTOR('',#3249,1.);
#3249 = DIRECTION('',(0.,0.,1.));
#3250 = ORIENTED_EDGE('',*,*,#3251,.T.);
#3251 = EDGE_CURVE('',#3244,#3244,#3252,.T.);
#3252 = CIRCLE('',#3253,0.2555);
#3253 = AXIS2_PLACEMENT_3D('',#3254,#3255,#3256);
#3254 = CARTESIAN_POINT('',(2.54,0.,-5.));
#3255 = DIRECTION('',(0.,0.,1.));
#3256 = DIRECTION('',(1.,0.,-0.));
#3257 = ORIENTED_EDGE('',*,*,#3243,.T.);
#3258 = CYLINDRICAL_SURFACE('',#3259,0.2555);
#3259 = AXIS2_PLACEMENT_3D('',#3260,#3261,#3262);
#3260 = CARTESIAN_POINT('',(2.54,0.,-5.));
#3261 = DIRECTION('',(0.,0.,1.));
#3262 = DIRECTION('',(1.,0.,-0.));
#3263 = ADVANCED_FACE('',(#3264),#3267,.T.);
#3264 = FACE_BOUND('',#3265,.T.);
#3265 = EDGE_LOOP('',(#3266));
#3266 = ORIENTED_EDGE('',*,*,#3234,.T.);
#3267 = PLANE('',#3268);
#3268 = AXIS2_PLACEMENT_3D('',#3269,#3270,#3271);
#3269 = CARTESIAN_POINT('',(2.54,0.,0.1));
#3270 = DIRECTION('',(0.,0.,1.));
#3271 = DIRECTION('',(1.,0.,-0.));
#3272 = ADVANCED_FACE('',(#3273),#3276,.F.);
#3273 = FACE_BOUND('',#3274,.T.);
#3274 = EDGE_LOOP('',(#3275));
#3275 = ORIENTED_EDGE('',*,*,#3251,.F.);
#3276 = PLANE('',#3277);
#3277 = AXIS2_PLACEMENT_3D('',#3278,#3279,#3280);
#3278 = CARTESIAN_POINT('',(2.54,0.,-5.));
#3279 = DIRECTION('',(0.,0.,1.));
#3280 = DIRECTION('',(1.,0.,-0.));
#3281 = ( GEOMETRIC_REPRESENTATION_CONTEXT(3) 
GLOBAL_UNCERTAINTY_ASSIGNED_CONTEXT((#3285)) 
GLOBAL_UNIT_ASSIGNED_CONTEXT((#3282,#3283,#3284)) REPRESENTATION_CONTEXT
('Context #1','3D Context with UNIT and UNCERTAINTY') );
#3282 = ( LENGTH_UNIT() NAMED_UNIT(*) SI_UNIT(.MILLI.,.METRE.) );
#3283 = ( NAMED_UNIT(*) PLANE_ANGLE_UNIT() SI_UNIT($,.RADIAN.) );
#3284 = ( NAMED_UNIT(*) SI_UNIT($,.STERADIAN.) SOLID_ANGLE_UNIT() );
#3285 = UNCERTAINTY_MEASURE_WITH_UNIT(LENGTH_MEASURE(1.E-07),#3282,
  'distance_accuracy_value','confusion accuracy');
#3286 = CONTEXT_DEPENDENT_SHAPE_REPRESENTATION(#3287,#3289);
#3287 = ( REPRESENTATION_RELATIONSHIP('','',#3227,#3028) 
REPRESENTATION_RELATIONSHIP_WITH_TRANSFORMATION(#3288) 
SHAPE_REPRESENTATION_RELATIONSHIP() );
#3288 = ITEM_DEFINED_TRANSFORMATION('','',#11,#3033);
#3289 = PRODUCT_DEFINITION_SHAPE('Placement','Placement of an item',
  #3290);
#3290 = NEXT_ASSEMBLY_USAGE_OCCURRENCE('269','Leads001','',#3023,#3222,$
  );
#3291 = PRODUCT_RELATED_PRODUCT_CATEGORY('part',$,(#3224));
#3292 = SHAPE_DEFINITION_REPRESENTATION(#3293,#3299);
#3293 = PRODUCT_DEFINITION_SHAPE('','',#3294);
#3294 = PRODUCT_DEFINITION('design','',#3295,#3298);
#3295 = PRODUCT_DEFINITION_FORMATION('','',#3296);
#3296 = PRODUCT('Leads002','Leads002','',(#3297));
#3297 = PRODUCT_CONTEXT('',#2,'mechanical');
#3298 = PRODUCT_DEFINITION_CONTEXT('part definition',#2,'design');
#3299 = ADVANCED_BREP_SHAPE_REPRESENTATION('',(#11,#3300),#3353);
#3300 = MANIFOLD_SOLID_BREP('',#3301);
#3301 = CLOSED_SHELL('',(#3302,#3335,#3344));
#3302 = ADVANCED_FACE('',(#3303),#3330,.T.);
#3303 = FACE_BOUND('',#3304,.T.);
#3304 = EDGE_LOOP('',(#3305,#3314,#3322,#3329));
#3305 = ORIENTED_EDGE('',*,*,#3306,.F.);
#3306 = EDGE_CURVE('',#3307,#3307,#3309,.T.);
#3307 = VERTEX_POINT('',#3308);
#3308 = CARTESIAN_POINT('',(5.3355,-6.257945143643E-17,0.1));
#3309 = CIRCLE('',#3310,0.2555);
#3310 = AXIS2_PLACEMENT_3D('',#3311,#3312,#3313);
#3311 = CARTESIAN_POINT('',(5.08,0.,0.1));
#3312 = DIRECTION('',(0.,0.,1.));
#3313 = DIRECTION('',(1.,0.,-0.));
#3314 = ORIENTED_EDGE('',*,*,#3315,.F.);
#3315 = EDGE_CURVE('',#3316,#3307,#3318,.T.);
#3316 = VERTEX_POINT('',#3317);
#3317 = CARTESIAN_POINT('',(5.3355,-6.257945143643E-17,-5.));
#3318 = LINE('',#3319,#3320);
#3319 = CARTESIAN_POINT('',(5.3355,-6.257945143643E-17,-5.));
#3320 = VECTOR('',#3321,1.);
#3321 = DIRECTION('',(0.,0.,1.));
#3322 = ORIENTED_EDGE('',*,*,#3323,.T.);
#3323 = EDGE_CURVE('',#3316,#3316,#3324,.T.);
#3324 = CIRCLE('',#3325,0.2555);
#3325 = AXIS2_PLACEMENT_3D('',#3326,#3327,#3328);
#3326 = CARTESIAN_POINT('',(5.08,0.,-5.));
#3327 = DIRECTION('',(0.,0.,1.));
#3328 = DIRECTION('',(1.,0.,-0.));
#3329 = ORIENTED_EDGE('',*,*,#3315,.T.);
#3330 = CYLINDRICAL_SURFACE('',#3331,0.2555);
#3331 = AXIS2_PLACEMENT_3D('',#3332,#3333,#3334);
#3332 = CARTESIAN_POINT('',(5.08,0.,-5.));
#3333 = DIRECTION('',(0.,0.,1.));
#3334 = DIRECTION('',(1.,0.,-0.));
#3335 = ADVANCED_FACE('',(#3336),#3339,.T.);
#3336 = FACE_BOUND('',#3337,.T.);
#3337 = EDGE_LOOP('',(#3338));
#3338 = ORIENTED_EDGE('',*,*,#3306,.T.);
#3339 = PLANE('',#3340);
#3340 = AXIS2_PLACEMENT_3D('',#3341,#3342,#3343);
#3341 = CARTESIAN_POINT('',(5.08,0.,0.1));
#3342 = DIRECTION('',(0.,0.,1.));
#3343 = DIRECTION('',(1.,0.,-0.));
#3344 = ADVANCED_FACE('',(#3345),#3348,.F.);
#3345 = FACE_BOUND('',#3346,.T.);
#3346 = EDGE_LOOP('',(#3347));
#3347 = ORIENTED_EDGE('',*,*,#3323,.F.);
#3348 = PLANE('',#3349);
#3349 = AXIS2_PLACEMENT_3D('',#3350,#3351,#3352);
#3350 = CARTESIAN_POINT('',(5.08,0.,-5.));
#3351 = DIRECTION('',(0.,0.,1.));
#3352 = DIRECTION('',(1.,0.,-0.));
#3353 = ( GEOMETRIC_REPRESENTATION_CONTEXT(3) 
GLOBAL_UNCERTAINTY_ASSIGNED_CONTEXT((#3357)) 
GLOBAL_UNIT_ASSIGNED_CONTEXT((#3354,#3355,#3356)) REPRESENTATION_CONTEXT
('Context #1','3D Context with UNIT and UNCERTAINTY') );
#3354 = ( LENGTH_UNIT() NAMED_UNIT(*) SI_UNIT(.MILLI.,.METRE.) );
#3355 = ( NAMED_UNIT(*) PLANE_ANGLE_UNIT() SI_UNIT($,.RADIAN.) );
#3356 = ( NAMED_UNIT(*) SI_UNIT($,.STERADIAN.) SOLID_ANGLE_UNIT() );
#3357 = UNCERTAINTY_MEASURE_WITH_UNIT(LENGTH_MEASURE(1.E-07),#3354,
  'distance_accuracy_value','confusion accuracy');
#3358 = CONTEXT_DEPENDENT_SHAPE_REPRESENTATION(#3359,#3361);
#3359 = ( REPRESENTATION_RELATIONSHIP('','',#3299,#3028) 
REPRESENTATION_RELATIONSHIP_WITH_TRANSFORMATION(#3360) 
SHAPE_REPRESENTATION_RELATIONSHIP() );
#3360 = ITEM_DEFINED_TRANSFORMATION('','',#11,#3037);
#3361 = PRODUCT_DEFINITION_SHAPE('Placement','Placement of an item',
  #3362);
#3362 = NEXT_ASSEMBLY_USAGE_OCCURRENCE('270','Leads002','',#3023,#3294,$
  );
#3363 = PRODUCT_RELATED_PRODUCT_CATEGORY('part',$,(#3296));
#3364 = SHAPE_DEFINITION_REPRESENTATION(#3365,#3371);
#3365 = PRODUCT_DEFINITION_SHAPE('','',#3366);
#3366 = PRODUCT_DEFINITION('design','',#3367,#3370);
#3367 = PRODUCT_DEFINITION_FORMATION('','',#3368);
#3368 = PRODUCT('Leads003','Leads003','',(#3369));
#3369 = PRODUCT_CONTEXT('',#2,'mechanical');
#3370 = PRODUCT_DEFINITION_CONTEXT('part definition',#2,'design');
#3371 = ADVANCED_BREP_SHAPE_REPRESENTATION('',(#11,#3372),#3425);
#3372 = MANIFOLD_SOLID_BREP('',#3373);
#3373 = CLOSED_SHELL('',(#3374,#3407,#3416));
#3374 = ADVANCED_FACE('',(#3375),#3402,.T.);
#3375 = FACE_BOUND('',#3376,.T.);
#3376 = EDGE_LOOP('',(#3377,#3386,#3394,#3401));
#3377 = ORIENTED_EDGE('',*,*,#3378,.F.);
#3378 = EDGE_CURVE('',#3379,#3379,#3381,.T.);
#3379 = VERTEX_POINT('',#3380);
#3380 = CARTESIAN_POINT('',(7.8755,-6.257945143643E-17,0.1));
#3381 = CIRCLE('',#3382,0.2555);
#3382 = AXIS2_PLACEMENT_3D('',#3383,#3384,#3385);
#3383 = CARTESIAN_POINT('',(7.62,0.,0.1));
#3384 = DIRECTION('',(0.,0.,1.));
#3385 = DIRECTION('',(1.,0.,-0.));
#3386 = ORIENTED_EDGE('',*,*,#3387,.F.);
#3387 = EDGE_CURVE('',#3388,#3379,#3390,.T.);
#3388 = VERTEX_POINT('',#3389);
#3389 = CARTESIAN_POINT('',(7.8755,-6.257945143643E-17,-5.));
#3390 = LINE('',#3391,#3392);
#3391 = CARTESIAN_POINT('',(7.8755,-6.257945143643E-17,-5.));
#3392 = VECTOR('',#3393,1.);
#3393 = DIRECTION('',(0.,0.,1.));
#3394 = ORIENTED_EDGE('',*,*,#3395,.T.);
#3395 = EDGE_CURVE('',#3388,#3388,#3396,.T.);
#3396 = CIRCLE('',#3397,0.2555);
#3397 = AXIS2_PLACEMENT_3D('',#3398,#3399,#3400);
#3398 = CARTESIAN_POINT('',(7.62,0.,-5.));
#3399 = DIRECTION('',(0.,0.,1.));
#3400 = DIRECTION('',(1.,0.,-0.));
#3401 = ORIENTED_EDGE('',*,*,#3387,.T.);
#3402 = CYLINDRICAL_SURFACE('',#3403,0.2555);
#3403 = AXIS2_PLACEMENT_3D('',#3404,#3405,#3406);
#3404 = CARTESIAN_POINT('',(7.62,0.,-5.));
#3405 = DIRECTION('',(0.,0.,1.));
#3406 = DIRECTION('',(1.,0.,-0.));
#3407 = ADVANCED_FACE('',(#3408),#3411,.T.);
#3408 = FACE_BOUND('',#3409,.T.);
#3409 = EDGE_LOOP('',(#3410));
#3410 = ORIENTED_EDGE('',*,*,#3378,.T.);
#3411 = PLANE('',#3412);
#3412 = AXIS2_PLACEMENT_3D('',#3413,#3414,#3415);
#3413 = CARTESIAN_POINT('',(7.62,0.,0.1));
#3414 = DIRECTION('',(0.,0.,1.));
#3415 = DIRECTION('',(1.,0.,-0.));
#3416 = ADVANCED_FACE('',(#3417),#3420,.F.);
#3417 = FACE_BOUND('',#3418,.T.);
#3418 = EDGE_LOOP('',(#3419));
#3419 = ORIENTED_EDGE('',*,*,#3395,.F.);
#3420 = PLANE('',#3421);
#3421 = AXIS2_PLACEMENT_3D('',#3422,#3423,#3424);
#3422 = CARTESIAN_POINT('',(7.62,0.,-5.));
#3423 = DIRECTION('',(0.,0.,1.));
#3424 = DIRECTION('',(1.,0.,-0.));
#3425 = ( GEOMETRIC_REPRESENTATION_CONTEXT(3) 
GLOBAL_UNCERTAINTY_ASSIGNED_CONTEXT((#3429)) 
GLOBAL_UNIT_ASSIGNED_CONTEXT((#3426,#3427,#3428)) REPRESENTATION_CONTEXT
('Context #1','3D Context with UNIT and UNCERTAINTY') );
#3426 = ( LENGTH_UNIT() NAMED_UNIT(*) SI_UNIT(.MILLI.,.METRE.) );
#3427 = ( NAMED_UNIT(*) PLANE_ANGLE_UNIT() SI_UNIT($,.RADIAN.) );
#3428 = ( NAMED_UNIT(*) SI_UNIT($,.STERADIAN.) SOLID_ANGLE_UNIT() );
#3429 = UNCERTAINTY_MEASURE_WITH_UNIT(LENGTH_MEASURE(1.E-07),#3426,
  'distance_accuracy_value','confusion accuracy');
#3430 = CONTEXT_DEPENDENT_SHAPE_REPRESENTATION(#3431,#3433);
#3431 = ( REPRESENTATION_RELATIONSHIP('','',#3371,#3028) 
REPRESENTATION_RELATIONSHIP_WITH_TRANSFORMATION(#3432) 
SHAPE_REPRESENTATION_RELATIONSHIP() );
#3432 = ITEM_DEFINED_TRANSFORMATION('','',#11,#3041);
#3433 = PRODUCT_DEFINITION_SHAPE('Placement','Placement of an item',
  #3434);
#3434 = NEXT_ASSEMBLY_USAGE_OCCURRENCE('271','Leads003','',#3023,#3366,$
  );
#3435 = PRODUCT_RELATED_PRODUCT_CATEGORY('part',$,(#3368));
#3436 = SHAPE_DEFINITION_REPRESENTATION(#3437,#3443);
#3437 = PRODUCT_DEFINITION_SHAPE('','',#3438);
#3438 = PRODUCT_DEFINITION('design','',#3439,#3442);
#3439 = PRODUCT_DEFINITION_FORMATION('','',#3440);
#3440 = PRODUCT('Leads004','Leads004','',(#3441));
#3441 = PRODUCT_CONTEXT('',#2,'mechanical');
#3442 = PRODUCT_DEFINITION_CONTEXT('part definition',#2,'design');
#3443 = ADVANCED_BREP_SHAPE_REPRESENTATION('',(#11,#3444),#3497);
#3444 = MANIFOLD_SOLID_BREP('',#3445);
#3445 = CLOSED_SHELL('',(#3446,#3479,#3488));
#3446 = ADVANCED_FACE('',(#3447),#3474,.T.);
#3447 = FACE_BOUND('',#3448,.T.);
#3448 = EDGE_LOOP('',(#3449,#3458,#3466,#3473));
#3449 = ORIENTED_EDGE('',*,*,#3450,.F.);
#3450 = EDGE_CURVE('',#3451,#3451,#3453,.T.);
#3451 = VERTEX_POINT('',#3452);
#3452 = CARTESIAN_POINT('',(10.4155,-6.257945143643E-17,0.1));
#3453 = CIRCLE('',#3454,0.2555);
#3454 = AXIS2_PLACEMENT_3D('',#3455,#3456,#3457);
#3455 = CARTESIAN_POINT('',(10.16,0.,0.1));
#3456 = DIRECTION('',(0.,0.,1.));
#3457 = DIRECTION('',(1.,0.,-0.));
#3458 = ORIENTED_EDGE('',*,*,#3459,.F.);
#3459 = EDGE_CURVE('',#3460,#3451,#3462,.T.);
#3460 = VERTEX_POINT('',#3461);
#3461 = CARTESIAN_POINT('',(10.4155,-6.257945143643E-17,-5.));
#3462 = LINE('',#3463,#3464);
#3463 = CARTESIAN_POINT('',(10.4155,-6.257945143643E-17,-5.));
#3464 = VECTOR('',#3465,1.);
#3465 = DIRECTION('',(0.,0.,1.));
#3466 = ORIENTED_EDGE('',*,*,#3467,.T.);
#3467 = EDGE_CURVE('',#3460,#3460,#3468,.T.);
#3468 = CIRCLE('',#3469,0.2555);
#3469 = AXIS2_PLACEMENT_3D('',#3470,#3471,#3472);
#3470 = CARTESIAN_POINT('',(10.16,0.,-5.));
#3471 = DIRECTION('',(0.,0.,1.));
#3472 = DIRECTION('',(1.,0.,-0.));
#3473 = ORIENTED_EDGE('',*,*,#3459,.T.);
#3474 = CYLINDRICAL_SURFACE('',#3475,0.2555);
#3475 = AXIS2_PLACEMENT_3D('',#3476,#3477,#3478);
#3476 = CARTESIAN_POINT('',(10.16,0.,-5.));
#3477 = DIRECTION('',(0.,0.,1.));
#3478 = DIRECTION('',(1.,0.,-0.));
#3479 = ADVANCED_FACE('',(#3480),#3483,.T.);
#3480 = FACE_BOUND('',#3481,.T.);
#3481 = EDGE_LOOP('',(#3482));
#3482 = ORIENTED_EDGE('',*,*,#3450,.T.);
#3483 = PLANE('',#3484);
#3484 = AXIS2_PLACEMENT_3D('',#3485,#3486,#3487);
#3485 = CARTESIAN_POINT('',(10.16,0.,0.1));
#3486 = DIRECTION('',(0.,0.,1.));
#3487 = DIRECTION('',(1.,0.,-0.));
#3488 = ADVANCED_FACE('',(#3489),#3492,.F.);
#3489 = FACE_BOUND('',#3490,.T.);
#3490 = EDGE_LOOP('',(#3491));
#3491 = ORIENTED_EDGE('',*,*,#3467,.F.);
#3492 = PLANE('',#3493);
#3493 = AXIS2_PLACEMENT_3D('',#3494,#3495,#3496);
#3494 = CARTESIAN_POINT('',(10.16,0.,-5.));
#3495 = DIRECTION('',(0.,0.,1.));
#3496 = DIRECTION('',(1.,0.,-0.));
#3497 = ( GEOMETRIC_REPRESENTATION_CONTEXT(3) 
GLOBAL_UNCERTAINTY_ASSIGNED_CONTEXT((#3501)) 
GLOBAL_UNIT_ASSIGNED_CONTEXT((#3498,#3499,#3500)) REPRESENTATION_CONTEXT
('Context #1','3D Context with UNIT and UNCERTAINTY') );
#3498 = ( LENGTH_UNIT() NAMED_UNIT(*) SI_UNIT(.MILLI.,.METRE.) );
#3499 = ( NAMED_UNIT(*) PLANE_ANGLE_UNIT() SI_UNIT($,.RADIAN.) );
#3500 = ( NAMED_UNIT(*) SI_UNIT($,.STERADIAN.) SOLID_ANGLE_UNIT() );
#3501 = UNCERTAINTY_MEASURE_WITH_UNIT(LENGTH_MEASURE(1.E-07),#3498,
  'distance_accuracy_value','confusion accuracy');
#3502 = CONTEXT_DEPENDENT_SHAPE_REPRESENTATION(#3503,#3505);
#3503 = ( REPRESENTATION_RELATIONSHIP('','',#3443,#3028) 
REPRESENTATION_RELATIONSHIP_WITH_TRANSFORMATION(#3504) 
SHAPE_REPRESENTATION_RELATIONSHIP() );
#3504 = ITEM_DEFINED_TRANSFORMATION('','',#11,#3045);
#3505 = PRODUCT_DEFINITION_SHAPE('Placement','Placement of an item',
  #3506);
#3506 = NEXT_ASSEMBLY_USAGE_OCCURRENCE('272','Leads004','',#3023,#3438,$
  );
#3507 = PRODUCT_RELATED_PRODUCT_CATEGORY('part',$,(#3440));
#3508 = SHAPE_DEFINITION_REPRESENTATION(#3509,#3515);
#3509 = PRODUCT_DEFINITION_SHAPE('','',#3510);
#3510 = PRODUCT_DEFINITION('design','',#3511,#3514);
#3511 = PRODUCT_DEFINITION_FORMATION('','',#3512);
#3512 = PRODUCT('Leads005','Leads005','',(#3513));
#3513 = PRODUCT_CONTEXT('',#2,'mechanical');
#3514 = PRODUCT_DEFINITION_CONTEXT('part definition',#2,'design');
#3515 = ADVANCED_BREP_SHAPE_REPRESENTATION('',(#11,#3516),#3569);
#3516 = MANIFOLD_SOLID_BREP('',#3517);
#3517 = CLOSED_SHELL('',(#3518,#3551,#3560));
#3518 = ADVANCED_FACE('',(#3519),#3546,.T.);
#3519 = FACE_BOUND('',#3520,.T.);
#3520 = EDGE_LOOP('',(#3521,#3530,#3538,#3545));
#3521 = ORIENTED_EDGE('',*,*,#3522,.F.);
#3522 = EDGE_CURVE('',#3523,#3523,#3525,.T.);
#3523 = VERTEX_POINT('',#3524);
#3524 = CARTESIAN_POINT('',(12.9555,-6.257945143643E-17,0.1));
#3525 = CIRCLE('',#3526,0.2555);
#3526 = AXIS2_PLACEMENT_3D('',#3527,#3528,#3529);
#3527 = CARTESIAN_POINT('',(12.7,0.,0.1));
#3528 = DIRECTION('',(0.,0.,1.));
#3529 = DIRECTION('',(1.,0.,-0.));
#3530 = ORIENTED_EDGE('',*,*,#3531,.F.);
#3531 = EDGE_CURVE('',#3532,#3523,#3534,.T.);
#3532 = VERTEX_POINT('',#3533);
#3533 = CARTESIAN_POINT('',(12.9555,-6.257945143643E-17,-5.));
#3534 = LINE('',#3535,#3536);
#3535 = CARTESIAN_POINT('',(12.9555,-6.257945143643E-17,-5.));
#3536 = VECTOR('',#3537,1.);
#3537 = DIRECTION('',(0.,0.,1.));
#3538 = ORIENTED_EDGE('',*,*,#3539,.T.);
#3539 = EDGE_CURVE('',#3532,#3532,#3540,.T.);
#3540 = CIRCLE('',#3541,0.2555);
#3541 = AXIS2_PLACEMENT_3D('',#3542,#3543,#3544);
#3542 = CARTESIAN_POINT('',(12.7,0.,-5.));
#3543 = DIRECTION('',(0.,0.,1.));
#3544 = DIRECTION('',(1.,0.,-0.));
#3545 = ORIENTED_EDGE('',*,*,#3531,.T.);
#3546 = CYLINDRICAL_SURFACE('',#3547,0.2555);
#3547 = AXIS2_PLACEMENT_3D('',#3548,#3549,#3550);
#3548 = CARTESIAN_POINT('',(12.7,0.,-5.));
#3549 = DIRECTION('',(0.,0.,1.));
#3550 = DIRECTION('',(1.,0.,-0.));
#3551 = ADVANCED_FACE('',(#3552),#3555,.T.);
#3552 = FACE_BOUND('',#3553,.T.);
#3553 = EDGE_LOOP('',(#3554));
#3554 = ORIENTED_EDGE('',*,*,#3522,.T.);
#3555 = PLANE('',#3556);
#3556 = AXIS2_PLACEMENT_3D('',#3557,#3558,#3559);
#3557 = CARTESIAN_POINT('',(12.7,0.,0.1));
#3558 = DIRECTION('',(0.,0.,1.));
#3559 = DIRECTION('',(1.,0.,-0.));
#3560 = ADVANCED_FACE('',(#3561),#3564,.F.);
#3561 = FACE_BOUND('',#3562,.T.);
#3562 = EDGE_LOOP('',(#3563));
#3563 = ORIENTED_EDGE('',*,*,#3539,.F.);
#3564 = PLANE('',#3565);
#3565 = AXIS2_PLACEMENT_3D('',#3566,#3567,#3568);
#3566 = CARTESIAN_POINT('',(12.7,0.,-5.));
#3567 = DIRECTION('',(0.,0.,1.));
#3568 = DIRECTION('',(1.,0.,-0.));
#3569 = ( GEOMETRIC_REPRESENTATION_CONTEXT(3) 
GLOBAL_UNCERTAINTY_ASSIGNED_CONTEXT((#3573)) 
GLOBAL_UNIT_ASSIGNED_CONTEXT((#3570,#3571,#3572)) REPRESENTATION_CONTEXT
('Context #1','3D Context with UNIT and UNCERTAINTY') );
#3570 = ( LENGTH_UNIT() NAMED_UNIT(*) SI_UNIT(.MILLI.,.METRE.) );
#3571 = ( NAMED_UNIT(*) PLANE_ANGLE_UNIT() SI_UNIT($,.RADIAN.) );
#3572 = ( NAMED_UNIT(*) SI_UNIT($,.STERADIAN.) SOLID_ANGLE_UNIT() );
#3573 = UNCERTAINTY_MEASURE_WITH_UNIT(LENGTH_MEASURE(1.E-07),#3570,
  'distance_accuracy_value','confusion accuracy');
#3574 = CONTEXT_DEPENDENT_SHAPE_REPRESENTATION(#3575,#3577);
#3575 = ( REPRESENTATION_RELATIONSHIP('','',#3515,#3028) 
REPRESENTATION_RELATIONSHIP_WITH_TRANSFORMATION(#3576) 
SHAPE_REPRESENTATION_RELATIONSHIP() );
#3576 = ITEM_DEFINED_TRANSFORMATION('','',#11,#3049);
#3577 = PRODUCT_DEFINITION_SHAPE('Placement','Placement of an item',
  #3578);
#3578 = NEXT_ASSEMBLY_USAGE_OCCURRENCE('273','Leads005','',#3023,#3510,$
  );
#3579 = PRODUCT_RELATED_PRODUCT_CATEGORY('part',$,(#3512));
#3580 = SHAPE_DEFINITION_REPRESENTATION(#3581,#3587);
#3581 = PRODUCT_DEFINITION_SHAPE('','',#3582);
#3582 = PRODUCT_DEFINITION('design','',#3583,#3586);
#3583 = PRODUCT_DEFINITION_FORMATION('','',#3584);
#3584 = PRODUCT('Leads006','Leads006','',(#3585));
#3585 = PRODUCT_CONTEXT('',#2,'mechanical');
#3586 = PRODUCT_DEFINITION_CONTEXT('part definition',#2,'design');
#3587 = ADVANCED_BREP_SHAPE_REPRESENTATION('',(#11,#3588),#3641);
#3588 = MANIFOLD_SOLID_BREP('',#3589);
#3589 = CLOSED_SHELL('',(#3590,#3623,#3632));
#3590 = ADVANCED_FACE('',(#3591),#3618,.T.);
#3591 = FACE_BOUND('',#3592,.T.);
#3592 = EDGE_LOOP('',(#3593,#3602,#3610,#3617));
#3593 = ORIENTED_EDGE('',*,*,#3594,.F.);
#3594 = EDGE_CURVE('',#3595,#3595,#3597,.T.);
#3595 = VERTEX_POINT('',#3596);
#3596 = CARTESIAN_POINT('',(15.4955,-6.257945143643E-17,0.1));
#3597 = CIRCLE('',#3598,0.2555);
#3598 = AXIS2_PLACEMENT_3D('',#3599,#3600,#3601);
#3599 = CARTESIAN_POINT('',(15.24,0.,0.1));
#3600 = DIRECTION('',(0.,0.,1.));
#3601 = DIRECTION('',(1.,0.,-0.));
#3602 = ORIENTED_EDGE('',*,*,#3603,.F.);
#3603 = EDGE_CURVE('',#3604,#3595,#3606,.T.);
#3604 = VERTEX_POINT('',#3605);
#3605 = CARTESIAN_POINT('',(15.4955,-6.257945143643E-17,-5.));
#3606 = LINE('',#3607,#3608);
#3607 = CARTESIAN_POINT('',(15.4955,-6.257945143643E-17,-5.));
#3608 = VECTOR('',#3609,1.);
#3609 = DIRECTION('',(0.,0.,1.));
#3610 = ORIENTED_EDGE('',*,*,#3611,.T.);
#3611 = EDGE_CURVE('',#3604,#3604,#3612,.T.);
#3612 = CIRCLE('',#3613,0.2555);
#3613 = AXIS2_PLACEMENT_3D('',#3614,#3615,#3616);
#3614 = CARTESIAN_POINT('',(15.24,0.,-5.));
#3615 = DIRECTION('',(0.,0.,1.));
#3616 = DIRECTION('',(1.,0.,-0.));
#3617 = ORIENTED_EDGE('',*,*,#3603,.T.);
#3618 = CYLINDRICAL_SURFACE('',#3619,0.2555);
#3619 = AXIS2_PLACEMENT_3D('',#3620,#3621,#3622);
#3620 = CARTESIAN_POINT('',(15.24,0.,-5.));
#3621 = DIRECTION('',(0.,0.,1.));
#3622 = DIRECTION('',(1.,0.,-0.));
#3623 = ADVANCED_FACE('',(#3624),#3627,.T.);
#3624 = FACE_BOUND('',#3625,.T.);
#3625 = EDGE_LOOP('',(#3626));
#3626 = ORIENTED_EDGE('',*,*,#3594,.T.);
#3627 = PLANE('',#3628);
#3628 = AXIS2_PLACEMENT_3D('',#3629,#3630,#3631);
#3629 = CARTESIAN_POINT('',(15.24,0.,0.1));
#3630 = DIRECTION('',(0.,0.,1.));
#3631 = DIRECTION('',(1.,0.,-0.));
#3632 = ADVANCED_FACE('',(#3633),#3636,.F.);
#3633 = FACE_BOUND('',#3634,.T.);
#3634 = EDGE_LOOP('',(#3635));
#3635 = ORIENTED_EDGE('',*,*,#3611,.F.);
#3636 = PLANE('',#3637);
#3637 = AXIS2_PLACEMENT_3D('',#3638,#3639,#3640);
#3638 = CARTESIAN_POINT('',(15.24,0.,-5.));
#3639 = DIRECTION('',(0.,0.,1.));
#3640 = DIRECTION('',(1.,0.,-0.));
#3641 = ( GEOMETRIC_REPRESENTATION_CONTEXT(3) 
GLOBAL_UNCERTAINTY_ASSIGNED_CONTEXT((#3645)) 
GLOBAL_UNIT_ASSIGNED_CONTEXT((#3642,#3643,#3644)) REPRESENTATION_CONTEXT
('Context #1','3D Context with UNIT and UNCERTAINTY') );
#3642 = ( LENGTH_UNIT() NAMED_UNIT(*) SI_UNIT(.MILLI.,.METRE.) );
#3643 = ( NAMED_UNIT(*) PLANE_ANGLE_UNIT() SI_UNIT($,.RADIAN.) );
#3644 = ( NAMED_UNIT(*) SI_UNIT($,.STERADIAN.) SOLID_ANGLE_UNIT() );
#3645 = UNCERTAINTY_MEASURE_WITH_UNIT(LENGTH_MEASURE(1.E-07),#3642,
  'distance_accuracy_value','confusion accuracy');
#3646 = CONTEXT_DEPENDENT_SHAPE_REPRESENTATION(#3647,#3649);
#3647 = ( REPRESENTATION_RELATIONSHIP('','',#3587,#3028) 
REPRESENTATION_RELATIONSHIP_WITH_TRANSFORMATION(#3648) 
SHAPE_REPRESENTATION_RELATIONSHIP() );
#3648 = ITEM_DEFINED_TRANSFORMATION('','',#11,#3053);
#3649 = PRODUCT_DEFINITION_SHAPE('Placement','Placement of an item',
  #3650);
#3650 = NEXT_ASSEMBLY_USAGE_OCCURRENCE('274','Leads006','',#3023,#3582,$
  );
#3651 = PRODUCT_RELATED_PRODUCT_CATEGORY('part',$,(#3584));
#3652 = SHAPE_DEFINITION_REPRESENTATION(#3653,#3659);
#3653 = PRODUCT_DEFINITION_SHAPE('','',#3654);
#3654 = PRODUCT_DEFINITION('design','',#3655,#3658);
#3655 = PRODUCT_DEFINITION_FORMATION('','',#3656);
#3656 = PRODUCT('Leads007','Leads007','',(#3657));
#3657 = PRODUCT_CONTEXT('',#2,'mechanical');
#3658 = PRODUCT_DEFINITION_CONTEXT('part definition',#2,'design');
#3659 = ADVANCED_BREP_SHAPE_REPRESENTATION('',(#11,#3660),#3713);
#3660 = MANIFOLD_SOLID_BREP('',#3661);
#3661 = CLOSED_SHELL('',(#3662,#3695,#3704));
#3662 = ADVANCED_FACE('',(#3663),#3690,.T.);
#3663 = FACE_BOUND('',#3664,.T.);
#3664 = EDGE_LOOP('',(#3665,#3674,#3682,#3689));
#3665 = ORIENTED_EDGE('',*,*,#3666,.F.);
#3666 = EDGE_CURVE('',#3667,#3667,#3669,.T.);
#3667 = VERTEX_POINT('',#3668);
#3668 = CARTESIAN_POINT('',(18.0355,-6.257945143643E-17,0.1));
#3669 = CIRCLE('',#3670,0.2555);
#3670 = AXIS2_PLACEMENT_3D('',#3671,#3672,#3673);
#3671 = CARTESIAN_POINT('',(17.78,0.,0.1));
#3672 = DIRECTION('',(0.,0.,1.));
#3673 = DIRECTION('',(1.,0.,-0.));
#3674 = ORIENTED_EDGE('',*,*,#3675,.F.);
#3675 = EDGE_CURVE('',#3676,#3667,#3678,.T.);
#3676 = VERTEX_POINT('',#3677);
#3677 = CARTESIAN_POINT('',(18.0355,-6.257945143643E-17,-5.));
#3678 = LINE('',#3679,#3680);
#3679 = CARTESIAN_POINT('',(18.0355,-6.257945143643E-17,-5.));
#3680 = VECTOR('',#3681,1.);
#3681 = DIRECTION('',(0.,0.,1.));
#3682 = ORIENTED_EDGE('',*,*,#3683,.T.);
#3683 = EDGE_CURVE('',#3676,#3676,#3684,.T.);
#3684 = CIRCLE('',#3685,0.2555);
#3685 = AXIS2_PLACEMENT_3D('',#3686,#3687,#3688);
#3686 = CARTESIAN_POINT('',(17.78,0.,-5.));
#3687 = DIRECTION('',(0.,0.,1.));
#3688 = DIRECTION('',(1.,0.,-0.));
#3689 = ORIENTED_EDGE('',*,*,#3675,.T.);
#3690 = CYLINDRICAL_SURFACE('',#3691,0.2555);
#3691 = AXIS2_PLACEMENT_3D('',#3692,#3693,#3694);
#3692 = CARTESIAN_POINT('',(17.78,0.,-5.));
#3693 = DIRECTION('',(0.,0.,1.));
#3694 = DIRECTION('',(1.,0.,-0.));
#3695 = ADVANCED_FACE('',(#3696),#3699,.T.);
#3696 = FACE_BOUND('',#3697,.T.);
#3697 = EDGE_LOOP('',(#3698));
#3698 = ORIENTED_EDGE('',*,*,#3666,.T.);
#3699 = PLANE('',#3700);
#3700 = AXIS2_PLACEMENT_3D('',#3701,#3702,#3703);
#3701 = CARTESIAN_POINT('',(17.78,0.,0.1));
#3702 = DIRECTION('',(0.,0.,1.));
#3703 = DIRECTION('',(1.,0.,-0.));
#3704 = ADVANCED_FACE('',(#3705),#3708,.F.);
#3705 = FACE_BOUND('',#3706,.T.);
#3706 = EDGE_LOOP('',(#3707));
#3707 = ORIENTED_EDGE('',*,*,#3683,.F.);
#3708 = PLANE('',#3709);
#3709 = AXIS2_PLACEMENT_3D('',#3710,#3711,#3712);
#3710 = CARTESIAN_POINT('',(17.78,0.,-5.));
#3711 = DIRECTION('',(0.,0.,1.));
#3712 = DIRECTION('',(1.,0.,-0.));
#3713 = ( GEOMETRIC_REPRESENTATION_CONTEXT(3) 
GLOBAL_UNCERTAINTY_ASSIGNED_CONTEXT((#3717)) 
GLOBAL_UNIT_ASSIGNED_CONTEXT((#3714,#3715,#3716)) REPRESENTATION_CONTEXT
('Context #1','3D Context with UNIT and UNCERTAINTY') );
#3714 = ( LENGTH_UNIT() NAMED_UNIT(*) SI_UNIT(.MILLI.,.METRE.) );
#3715 = ( NAMED_UNIT(*) PLANE_ANGLE_UNIT() SI_UNIT($,.RADIAN.) );
#3716 = ( NAMED_UNIT(*) SI_UNIT($,.STERADIAN.) SOLID_ANGLE_UNIT() );
#3717 = UNCERTAINTY_MEASURE_WITH_UNIT(LENGTH_MEASURE(1.E-07),#3714,
  'distance_accuracy_value','confusion accuracy');
#3718 = CONTEXT_DEPENDENT_SHAPE_REPRESENTATION(#3719,#3721);
#3719 = ( REPRESENTATION_RELATIONSHIP('','',#3659,#3028) 
REPRESENTATION_RELATIONSHIP_WITH_TRANSFORMATION(#3720) 
SHAPE_REPRESENTATION_RELATIONSHIP() );
#3720 = ITEM_DEFINED_TRANSFORMATION('','',#11,#3057);
#3721 = PRODUCT_DEFINITION_SHAPE('Placement','Placement of an item',
  #3722);
#3722 = NEXT_ASSEMBLY_USAGE_OCCURRENCE('275','Leads007','',#3023,#3654,$
  );
#3723 = PRODUCT_RELATED_PRODUCT_CATEGORY('part',$,(#3656));
#3724 = SHAPE_DEFINITION_REPRESENTATION(#3725,#3731);
#3725 = PRODUCT_DEFINITION_SHAPE('','',#3726);
#3726 = PRODUCT_DEFINITION('design','',#3727,#3730);
#3727 = PRODUCT_DEFINITION_FORMATION('','',#3728);
#3728 = PRODUCT('Leads008','Leads008','',(#3729));
#3729 = PRODUCT_CONTEXT('',#2,'mechanical');
#3730 = PRODUCT_DEFINITION_CONTEXT('part definition',#2,'design');
#3731 = ADVANCED_BREP_SHAPE_REPRESENTATION('',(#11,#3732),#3785);
#3732 = MANIFOLD_SOLID_BREP('',#3733);
#3733 = CLOSED_SHELL('',(#3734,#3767,#3776));
#3734 = ADVANCED_FACE('',(#3735),#3762,.T.);
#3735 = FACE_BOUND('',#3736,.T.);
#3736 = EDGE_LOOP('',(#3737,#3746,#3754,#3761));
#3737 = ORIENTED_EDGE('',*,*,#3738,.F.);
#3738 = EDGE_CURVE('',#3739,#3739,#3741,.T.);
#3739 = VERTEX_POINT('',#3740);
#3740 = CARTESIAN_POINT('',(20.5755,-6.257945143643E-17,0.1));
#3741 = CIRCLE('',#3742,0.2555);
#3742 = AXIS2_PLACEMENT_3D('',#3743,#3744,#3745);
#3743 = CARTESIAN_POINT('',(20.32,0.,0.1));
#3744 = DIRECTION('',(0.,0.,1.));
#3745 = DIRECTION('',(1.,0.,-0.));
#3746 = ORIENTED_EDGE('',*,*,#3747,.F.);
#3747 = EDGE_CURVE('',#3748,#3739,#3750,.T.);
#3748 = VERTEX_POINT('',#3749);
#3749 = CARTESIAN_POINT('',(20.5755,-6.257945143643E-17,-5.));
#3750 = LINE('',#3751,#3752);
#3751 = CARTESIAN_POINT('',(20.5755,-6.257945143643E-17,-5.));
#3752 = VECTOR('',#3753,1.);
#3753 = DIRECTION('',(0.,0.,1.));
#3754 = ORIENTED_EDGE('',*,*,#3755,.T.);
#3755 = EDGE_CURVE('',#3748,#3748,#3756,.T.);
#3756 = CIRCLE('',#3757,0.2555);
#3757 = AXIS2_PLACEMENT_3D('',#3758,#3759,#3760);
#3758 = CARTESIAN_POINT('',(20.32,0.,-5.));
#3759 = DIRECTION('',(0.,0.,1.));
#3760 = DIRECTION('',(1.,0.,-0.));
#3761 = ORIENTED_EDGE('',*,*,#3747,.T.);
#3762 = CYLINDRICAL_SURFACE('',#3763,0.2555);
#3763 = AXIS2_PLACEMENT_3D('',#3764,#3765,#3766);
#3764 = CARTESIAN_POINT('',(20.32,0.,-5.));
#3765 = DIRECTION('',(0.,0.,1.));
#3766 = DIRECTION('',(1.,0.,-0.));
#3767 = ADVANCED_FACE('',(#3768),#3771,.T.);
#3768 = FACE_BOUND('',#3769,.T.);
#3769 = EDGE_LOOP('',(#3770));
#3770 = ORIENTED_EDGE('',*,*,#3738,.T.);
#3771 = PLANE('',#3772);
#3772 = AXIS2_PLACEMENT_3D('',#3773,#3774,#3775);
#3773 = CARTESIAN_POINT('',(20.32,0.,0.1));
#3774 = DIRECTION('',(0.,0.,1.));
#3775 = DIRECTION('',(1.,0.,-0.));
#3776 = ADVANCED_FACE('',(#3777),#3780,.F.);
#3777 = FACE_BOUND('',#3778,.T.);
#3778 = EDGE_LOOP('',(#3779));
#3779 = ORIENTED_EDGE('',*,*,#3755,.F.);
#3780 = PLANE('',#3781);
#3781 = AXIS2_PLACEMENT_3D('',#3782,#3783,#3784);
#3782 = CARTESIAN_POINT('',(20.32,0.,-5.));
#3783 = DIRECTION('',(0.,0.,1.));
#3784 = DIRECTION('',(1.,0.,-0.));
#3785 = ( GEOMETRIC_REPRESENTATION_CONTEXT(3) 
GLOBAL_UNCERTAINTY_ASSIGNED_CONTEXT((#3789)) 
GLOBAL_UNIT_ASSIGNED_CONTEXT((#3786,#3787,#3788)) REPRESENTATION_CONTEXT
('Context #1','3D Context with UNIT and UNCERTAINTY') );
#3786 = ( LENGTH_UNIT() NAMED_UNIT(*) SI_UNIT(.MILLI.,.METRE.) );
#3787 = ( NAMED_UNIT(*) PLANE_ANGLE_UNIT() SI_UNIT($,.RADIAN.) );
#3788 = ( NAMED_UNIT(*) SI_UNIT($,.STERADIAN.) SOLID_ANGLE_UNIT() );
#3789 = UNCERTAINTY_MEASURE_WITH_UNIT(LENGTH_MEASURE(1.E-07),#3786,
  'distance_accuracy_value','confusion accuracy');
#3790 = CONTEXT_DEPENDENT_SHAPE_REPRESENTATION(#3791,#3793);
#3791 = ( REPRESENTATION_RELATIONSHIP('','',#3731,#3028) 
REPRESENTATION_RELATIONSHIP_WITH_TRANSFORMATION(#3792) 
SHAPE_REPRESENTATION_RELATIONSHIP() );
#3792 = ITEM_DEFINED_TRANSFORMATION('','',#11,#3061);
#3793 = PRODUCT_DEFINITION_SHAPE('Placement','Placement of an item',
  #3794);
#3794 = NEXT_ASSEMBLY_USAGE_OCCURRENCE('276','Leads008','',#3023,#3726,$
  );
#3795 = PRODUCT_RELATED_PRODUCT_CATEGORY('part',$,(#3728));
#3796 = SHAPE_DEFINITION_REPRESENTATION(#3797,#3803);
#3797 = PRODUCT_DEFINITION_SHAPE('','',#3798);
#3798 = PRODUCT_DEFINITION('design','',#3799,#3802);
#3799 = PRODUCT_DEFINITION_FORMATION('','',#3800);
#3800 = PRODUCT('Leads009','Leads009','',(#3801));
#3801 = PRODUCT_CONTEXT('',#2,'mechanical');
#3802 = PRODUCT_DEFINITION_CONTEXT('part definition',#2,'design');
#3803 = ADVANCED_BREP_SHAPE_REPRESENTATION('',(#11,#3804),#3857);
#3804 = MANIFOLD_SOLID_BREP('',#3805);
#3805 = CLOSED_SHELL('',(#3806,#3839,#3848));
#3806 = ADVANCED_FACE('',(#3807),#3834,.T.);
#3807 = FACE_BOUND('',#3808,.T.);
#3808 = EDGE_LOOP('',(#3809,#3818,#3826,#3833));
#3809 = ORIENTED_EDGE('',*,*,#3810,.F.);
#3810 = EDGE_CURVE('',#3811,#3811,#3813,.T.);
#3811 = VERTEX_POINT('',#3812);
#3812 = CARTESIAN_POINT('',(23.1155,-6.257945143643E-17,0.1));
#3813 = CIRCLE('',#3814,0.2555);
#3814 = AXIS2_PLACEMENT_3D('',#3815,#3816,#3817);
#3815 = CARTESIAN_POINT('',(22.86,0.,0.1));
#3816 = DIRECTION('',(0.,0.,1.));
#3817 = DIRECTION('',(1.,0.,-0.));
#3818 = ORIENTED_EDGE('',*,*,#3819,.F.);
#3819 = EDGE_CURVE('',#3820,#3811,#3822,.T.);
#3820 = VERTEX_POINT('',#3821);
#3821 = CARTESIAN_POINT('',(23.1155,-6.257945143643E-17,-5.));
#3822 = LINE('',#3823,#3824);
#3823 = CARTESIAN_POINT('',(23.1155,-6.257945143643E-17,-5.));
#3824 = VECTOR('',#3825,1.);
#3825 = DIRECTION('',(0.,0.,1.));
#3826 = ORIENTED_EDGE('',*,*,#3827,.T.);
#3827 = EDGE_CURVE('',#3820,#3820,#3828,.T.);
#3828 = CIRCLE('',#3829,0.2555);
#3829 = AXIS2_PLACEMENT_3D('',#3830,#3831,#3832);
#3830 = CARTESIAN_POINT('',(22.86,0.,-5.));
#3831 = DIRECTION('',(0.,0.,1.));
#3832 = DIRECTION('',(1.,0.,-0.));
#3833 = ORIENTED_EDGE('',*,*,#3819,.T.);
#3834 = CYLINDRICAL_SURFACE('',#3835,0.2555);
#3835 = AXIS2_PLACEMENT_3D('',#3836,#3837,#3838);
#3836 = CARTESIAN_POINT('',(22.86,0.,-5.));
#3837 = DIRECTION('',(0.,0.,1.));
#3838 = DIRECTION('',(1.,0.,-0.));
#3839 = ADVANCED_FACE('',(#3840),#3843,.T.);
#3840 = FACE_BOUND('',#3841,.T.);
#3841 = EDGE_LOOP('',(#3842));
#3842 = ORIENTED_EDGE('',*,*,#3810,.T.);
#3843 = PLANE('',#3844);
#3844 = AXIS2_PLACEMENT_3D('',#3845,#3846,#3847);
#3845 = CARTESIAN_POINT('',(22.86,0.,0.1));
#3846 = DIRECTION('',(0.,0.,1.));
#3847 = DIRECTION('',(1.,0.,-0.));
#3848 = ADVANCED_FACE('',(#3849),#3852,.F.);
#3849 = FACE_BOUND('',#3850,.T.);
#3850 = EDGE_LOOP('',(#3851));
#3851 = ORIENTED_EDGE('',*,*,#3827,.F.);
#3852 = PLANE('',#3853);
#3853 = AXIS2_PLACEMENT_3D('',#3854,#3855,#3856);
#3854 = CARTESIAN_POINT('',(22.86,0.,-5.));
#3855 = DIRECTION('',(0.,0.,1.));
#3856 = DIRECTION('',(1.,0.,-0.));
#3857 = ( GEOMETRIC_REPRESENTATION_CONTEXT(3) 
GLOBAL_UNCERTAINTY_ASSIGNED_CONTEXT((#3861)) 
GLOBAL_UNIT_ASSIGNED_CONTEXT((#3858,#3859,#3860)) REPRESENTATION_CONTEXT
('Context #1','3D Context with UNIT and UNCERTAINTY') );
#3858 = ( LENGTH_UNIT() NAMED_UNIT(*) SI_UNIT(.MILLI.,.METRE.) );
#3859 = ( NAMED_UNIT(*) PLANE_ANGLE_UNIT() SI_UNIT($,.RADIAN.) );
#3860 = ( NAMED_UNIT(*) SI_UNIT($,.STERADIAN.) SOLID_ANGLE_UNIT() );
#3861 = UNCERTAINTY_MEASURE_WITH_UNIT(LENGTH_MEASURE(1.E-07),#3858,
  'distance_accuracy_value','confusion accuracy');
#3862 = CONTEXT_DEPENDENT_SHAPE_REPRESENTATION(#3863,#3865);
#3863 = ( REPRESENTATION_RELATIONSHIP('','',#3803,#3028) 
REPRESENTATION_RELATIONSHIP_WITH_TRANSFORMATION(#3864) 
SHAPE_REPRESENTATION_RELATIONSHIP() );
#3864 = ITEM_DEFINED_TRANSFORMATION('','',#11,#3065);
#3865 = PRODUCT_DEFINITION_SHAPE('Placement','Placement of an item',
  #3866);
#3866 = NEXT_ASSEMBLY_USAGE_OCCURRENCE('277','Leads009','',#3023,#3798,$
  );
#3867 = PRODUCT_RELATED_PRODUCT_CATEGORY('part',$,(#3800));
#3868 = SHAPE_DEFINITION_REPRESENTATION(#3869,#3875);
#3869 = PRODUCT_DEFINITION_SHAPE('','',#3870);
#3870 = PRODUCT_DEFINITION('design','',#3871,#3874);
#3871 = PRODUCT_DEFINITION_FORMATION('','',#3872);
#3872 = PRODUCT('Leads010','Leads010','',(#3873));
#3873 = PRODUCT_CONTEXT('',#2,'mechanical');
#3874 = PRODUCT_DEFINITION_CONTEXT('part definition',#2,'design');
#3875 = ADVANCED_BREP_SHAPE_REPRESENTATION('',(#11,#3876),#3929);
#3876 = MANIFOLD_SOLID_BREP('',#3877);
#3877 = CLOSED_SHELL('',(#3878,#3911,#3920));
#3878 = ADVANCED_FACE('',(#3879),#3906,.T.);
#3879 = FACE_BOUND('',#3880,.T.);
#3880 = EDGE_LOOP('',(#3881,#3890,#3898,#3905));
#3881 = ORIENTED_EDGE('',*,*,#3882,.F.);
#3882 = EDGE_CURVE('',#3883,#3883,#3885,.T.);
#3883 = VERTEX_POINT('',#3884);
#3884 = CARTESIAN_POINT('',(25.6555,-6.257945143643E-17,0.1));
#3885 = CIRCLE('',#3886,0.2555);
#3886 = AXIS2_PLACEMENT_3D('',#3887,#3888,#3889);
#3887 = CARTESIAN_POINT('',(25.4,0.,0.1));
#3888 = DIRECTION('',(0.,0.,1.));
#3889 = DIRECTION('',(1.,0.,-0.));
#3890 = ORIENTED_EDGE('',*,*,#3891,.F.);
#3891 = EDGE_CURVE('',#3892,#3883,#3894,.T.);
#3892 = VERTEX_POINT('',#3893);
#3893 = CARTESIAN_POINT('',(25.6555,-6.257945143643E-17,-5.));
#3894 = LINE('',#3895,#3896);
#3895 = CARTESIAN_POINT('',(25.6555,-6.257945143643E-17,-5.));
#3896 = VECTOR('',#3897,1.);
#3897 = DIRECTION('',(0.,0.,1.));
#3898 = ORIENTED_EDGE('',*,*,#3899,.T.);
#3899 = EDGE_CURVE('',#3892,#3892,#3900,.T.);
#3900 = CIRCLE('',#3901,0.2555);
#3901 = AXIS2_PLACEMENT_3D('',#3902,#3903,#3904);
#3902 = CARTESIAN_POINT('',(25.4,0.,-5.));
#3903 = DIRECTION('',(0.,0.,1.));
#3904 = DIRECTION('',(1.,0.,-0.));
#3905 = ORIENTED_EDGE('',*,*,#3891,.T.);
#3906 = CYLINDRICAL_SURFACE('',#3907,0.2555);
#3907 = AXIS2_PLACEMENT_3D('',#3908,#3909,#3910);
#3908 = CARTESIAN_POINT('',(25.4,0.,-5.));
#3909 = DIRECTION('',(0.,0.,1.));
#3910 = DIRECTION('',(1.,0.,-0.));
#3911 = ADVANCED_FACE('',(#3912),#3915,.T.);
#3912 = FACE_BOUND('',#3913,.T.);
#3913 = EDGE_LOOP('',(#3914));
#3914 = ORIENTED_EDGE('',*,*,#3882,.T.);
#3915 = PLANE('',#3916);
#3916 = AXIS2_PLACEMENT_3D('',#3917,#3918,#3919);
#3917 = CARTESIAN_POINT('',(25.4,0.,0.1));
#3918 = DIRECTION('',(0.,0.,1.));
#3919 = DIRECTION('',(1.,0.,-0.));
#3920 = ADVANCED_FACE('',(#3921),#3924,.F.);
#3921 = FACE_BOUND('',#3922,.T.);
#3922 = EDGE_LOOP('',(#3923));
#3923 = ORIENTED_EDGE('',*,*,#3899,.F.);
#3924 = PLANE('',#3925);
#3925 = AXIS2_PLACEMENT_3D('',#3926,#3927,#3928);
#3926 = CARTESIAN_POINT('',(25.4,0.,-5.));
#3927 = DIRECTION('',(0.,0.,1.));
#3928 = DIRECTION('',(1.,0.,-0.));
#3929 = ( GEOMETRIC_REPRESENTATION_CONTEXT(3) 
GLOBAL_UNCERTAINTY_ASSIGNED_CONTEXT((#3933)) 
GLOBAL_UNIT_ASSIGNED_CONTEXT((#3930,#3931,#3932)) REPRESENTATION_CONTEXT
('Context #1','3D Context with UNIT and UNCERTAINTY') );
#3930 = ( LENGTH_UNIT() NAMED_UNIT(*) SI_UNIT(.MILLI.,.METRE.) );
#3931 = ( NAMED_UNIT(*) PLANE_ANGLE_UNIT() SI_UNIT($,.RADIAN.) );
#3932 = ( NAMED_UNIT(*) SI_UNIT($,.STERADIAN.) SOLID_ANGLE_UNIT() );
#3933 = UNCERTAINTY_MEASURE_WITH_UNIT(LENGTH_MEASURE(1.E-07),#3930,
  'distance_accuracy_value','confusion accuracy');
#3934 = CONTEXT_DEPENDENT_SHAPE_REPRESENTATION(#3935,#3937);
#3935 = ( REPRESENTATION_RELATIONSHIP('','',#3875,#3028) 
REPRESENTATION_RELATIONSHIP_WITH_TRANSFORMATION(#3936) 
SHAPE_REPRESENTATION_RELATIONSHIP() );
#3936 = ITEM_DEFINED_TRANSFORMATION('','',#11,#3069);
#3937 = PRODUCT_DEFINITION_SHAPE('Placement','Placement of an item',
  #3938);
#3938 = NEXT_ASSEMBLY_USAGE_OCCURRENCE('278','Leads010','',#3023,#3870,$
  );
#3939 = PRODUCT_RELATED_PRODUCT_CATEGORY('part',$,(#3872));
#3940 = SHAPE_DEFINITION_REPRESENTATION(#3941,#3947);
#3941 = PRODUCT_DEFINITION_SHAPE('','',#3942);
#3942 = PRODUCT_DEFINITION('design','',#3943,#3946);
#3943 = PRODUCT_DEFINITION_FORMATION('','',#3944);
#3944 = PRODUCT('Leads011','Leads011','',(#3945));
#3945 = PRODUCT_CONTEXT('',#2,'mechanical');
#3946 = PRODUCT_DEFINITION_CONTEXT('part definition',#2,'design');
#3947 = ADVANCED_BREP_SHAPE_REPRESENTATION('',(#11,#3948),#4001);
#3948 = MANIFOLD_SOLID_BREP('',#3949);
#3949 = CLOSED_SHELL('',(#3950,#3983,#3992));
#3950 = ADVANCED_FACE('',(#3951),#3978,.T.);
#3951 = FACE_BOUND('',#3952,.T.);
#3952 = EDGE_LOOP('',(#3953,#3962,#3970,#3977));
#3953 = ORIENTED_EDGE('',*,*,#3954,.F.);
#3954 = EDGE_CURVE('',#3955,#3955,#3957,.T.);
#3955 = VERTEX_POINT('',#3956);
#3956 = CARTESIAN_POINT('',(28.1955,-6.257945143643E-17,0.1));
#3957 = CIRCLE('',#3958,0.2555);
#3958 = AXIS2_PLACEMENT_3D('',#3959,#3960,#3961);
#3959 = CARTESIAN_POINT('',(27.94,0.,0.1));
#3960 = DIRECTION('',(0.,0.,1.));
#3961 = DIRECTION('',(1.,0.,-0.));
#3962 = ORIENTED_EDGE('',*,*,#3963,.F.);
#3963 = EDGE_CURVE('',#3964,#3955,#3966,.T.);
#3964 = VERTEX_POINT('',#3965);
#3965 = CARTESIAN_POINT('',(28.1955,-6.257945143643E-17,-5.));
#3966 = LINE('',#3967,#3968);
#3967 = CARTESIAN_POINT('',(28.1955,-6.257945143643E-17,-5.));
#3968 = VECTOR('',#3969,1.);
#3969 = DIRECTION('',(0.,0.,1.));
#3970 = ORIENTED_EDGE('',*,*,#3971,.T.);
#3971 = EDGE_CURVE('',#3964,#3964,#3972,.T.);
#3972 = CIRCLE('',#3973,0.2555);
#3973 = AXIS2_PLACEMENT_3D('',#3974,#3975,#3976);
#3974 = CARTESIAN_POINT('',(27.94,0.,-5.));
#3975 = DIRECTION('',(0.,0.,1.));
#3976 = DIRECTION('',(1.,0.,-0.));
#3977 = ORIENTED_EDGE('',*,*,#3963,.T.);
#3978 = CYLINDRICAL_SURFACE('',#3979,0.2555);
#3979 = AXIS2_PLACEMENT_3D('',#3980,#3981,#3982);
#3980 = CARTESIAN_POINT('',(27.94,0.,-5.));
#3981 = DIRECTION('',(0.,0.,1.));
#3982 = DIRECTION('',(1.,0.,-0.));
#3983 = ADVANCED_FACE('',(#3984),#3987,.T.);
#3984 = FACE_BOUND('',#3985,.T.);
#3985 = EDGE_LOOP('',(#3986));
#3986 = ORIENTED_EDGE('',*,*,#3954,.T.);
#3987 = PLANE('',#3988);
#3988 = AXIS2_PLACEMENT_3D('',#3989,#3990,#3991);
#3989 = CARTESIAN_POINT('',(27.94,0.,0.1));
#3990 = DIRECTION('',(0.,0.,1.));
#3991 = DIRECTION('',(1.,0.,-0.));
#3992 = ADVANCED_FACE('',(#3993),#3996,.F.);
#3993 = FACE_BOUND('',#3994,.T.);
#3994 = EDGE_LOOP('',(#3995));
#3995 = ORIENTED_EDGE('',*,*,#3971,.F.);
#3996 = PLANE('',#3997);
#3997 = AXIS2_PLACEMENT_3D('',#3998,#3999,#4000);
#3998 = CARTESIAN_POINT('',(27.94,0.,-5.));
#3999 = DIRECTION('',(0.,0.,1.));
#4000 = DIRECTION('',(1.,0.,-0.));
#4001 = ( GEOMETRIC_REPRESENTATION_CONTEXT(3) 
GLOBAL_UNCERTAINTY_ASSIGNED_CONTEXT((#4005)) 
GLOBAL_UNIT_ASSIGNED_CONTEXT((#4002,#4003,#4004)) REPRESENTATION_CONTEXT
('Context #1','3D Context with UNIT and UNCERTAINTY') );
#4002 = ( LENGTH_UNIT() NAMED_UNIT(*) SI_UNIT(.MILLI.,.METRE.) );
#4003 = ( NAMED_UNIT(*) PLANE_ANGLE_UNIT() SI_UNIT($,.RADIAN.) );
#4004 = ( NAMED_UNIT(*) SI_UNIT($,.STERADIAN.) SOLID_ANGLE_UNIT() );
#4005 = UNCERTAINTY_MEASURE_WITH_UNIT(LENGTH_MEASURE(1.E-07),#4002,
  'distance_accuracy_value','confusion accuracy');
#4006 = CONTEXT_DEPENDENT_SHAPE_REPRESENTATION(#4007,#4009);
#4007 = ( REPRESENTATION_RELATIONSHIP('','',#3947,#3028) 
REPRESENTATION_RELATIONSHIP_WITH_TRANSFORMATION(#4008) 
SHAPE_REPRESENTATION_RELATIONSHIP() );
#4008 = ITEM_DEFINED_TRANSFORMATION('','',#11,#3073);
#4009 = PRODUCT_DEFINITION_SHAPE('Placement','Placement of an item',
  #4010);
#4010 = NEXT_ASSEMBLY_USAGE_OCCURRENCE('279','Leads011','',#3023,#3942,$
  );
#4011 = PRODUCT_RELATED_PRODUCT_CATEGORY('part',$,(#3944));
#4012 = SHAPE_DEFINITION_REPRESENTATION(#4013,#4019);
#4013 = PRODUCT_DEFINITION_SHAPE('','',#4014);
#4014 = PRODUCT_DEFINITION('design','',#4015,#4018);
#4015 = PRODUCT_DEFINITION_FORMATION('','',#4016);
#4016 = PRODUCT('Leads012','Leads012','',(#4017));
#4017 = PRODUCT_CONTEXT('',#2,'mechanical');
#4018 = PRODUCT_DEFINITION_CONTEXT('part definition',#2,'design');
#4019 = ADVANCED_BREP_SHAPE_REPRESENTATION('',(#11,#4020),#4073);
#4020 = MANIFOLD_SOLID_BREP('',#4021);
#4021 = CLOSED_SHELL('',(#4022,#4055,#4064));
#4022 = ADVANCED_FACE('',(#4023),#4050,.T.);
#4023 = FACE_BOUND('',#4024,.T.);
#4024 = EDGE_LOOP('',(#4025,#4034,#4042,#4049));
#4025 = ORIENTED_EDGE('',*,*,#4026,.F.);
#4026 = EDGE_CURVE('',#4027,#4027,#4029,.T.);
#4027 = VERTEX_POINT('',#4028);
#4028 = CARTESIAN_POINT('',(30.7355,-6.257945143643E-17,0.1));
#4029 = CIRCLE('',#4030,0.2555);
#4030 = AXIS2_PLACEMENT_3D('',#4031,#4032,#4033);
#4031 = CARTESIAN_POINT('',(30.48,0.,0.1));
#4032 = DIRECTION('',(0.,0.,1.));
#4033 = DIRECTION('',(1.,0.,-0.));
#4034 = ORIENTED_EDGE('',*,*,#4035,.F.);
#4035 = EDGE_CURVE('',#4036,#4027,#4038,.T.);
#4036 = VERTEX_POINT('',#4037);
#4037 = CARTESIAN_POINT('',(30.7355,-6.257945143643E-17,-5.));
#4038 = LINE('',#4039,#4040);
#4039 = CARTESIAN_POINT('',(30.7355,-6.257945143643E-17,-5.));
#4040 = VECTOR('',#4041,1.);
#4041 = DIRECTION('',(0.,0.,1.));
#4042 = ORIENTED_EDGE('',*,*,#4043,.T.);
#4043 = EDGE_CURVE('',#4036,#4036,#4044,.T.);
#4044 = CIRCLE('',#4045,0.2555);
#4045 = AXIS2_PLACEMENT_3D('',#4046,#4047,#4048);
#4046 = CARTESIAN_POINT('',(30.48,0.,-5.));
#4047 = DIRECTION('',(0.,0.,1.));
#4048 = DIRECTION('',(1.,0.,-0.));
#4049 = ORIENTED_EDGE('',*,*,#4035,.T.);
#4050 = CYLINDRICAL_SURFACE('',#4051,0.2555);
#4051 = AXIS2_PLACEMENT_3D('',#4052,#4053,#4054);
#4052 = CARTESIAN_POINT('',(30.48,0.,-5.));
#4053 = DIRECTION('',(0.,0.,1.));
#4054 = DIRECTION('',(1.,0.,-0.));
#4055 = ADVANCED_FACE('',(#4056),#4059,.T.);
#4056 = FACE_BOUND('',#4057,.T.);
#4057 = EDGE_LOOP('',(#4058));
#4058 = ORIENTED_EDGE('',*,*,#4026,.T.);
#4059 = PLANE('',#4060);
#4060 = AXIS2_PLACEMENT_3D('',#4061,#4062,#4063);
#4061 = CARTESIAN_POINT('',(30.48,0.,0.1));
#4062 = DIRECTION('',(0.,0.,1.));
#4063 = DIRECTION('',(1.,0.,-0.));
#4064 = ADVANCED_FACE('',(#4065),#4068,.F.);
#4065 = FACE_BOUND('',#4066,.T.);
#4066 = EDGE_LOOP('',(#4067));
#4067 = ORIENTED_EDGE('',*,*,#4043,.F.);
#4068 = PLANE('',#4069);
#4069 = AXIS2_PLACEMENT_3D('',#4070,#4071,#4072);
#4070 = CARTESIAN_POINT('',(30.48,0.,-5.));
#4071 = DIRECTION('',(0.,0.,1.));
#4072 = DIRECTION('',(1.,0.,-0.));
#4073 = ( GEOMETRIC_REPRESENTATION_CONTEXT(3) 
GLOBAL_UNCERTAINTY_ASSIGNED_CONTEXT((#4077)) 
GLOBAL_UNIT_ASSIGNED_CONTEXT((#4074,#4075,#4076)) REPRESENTATION_CONTEXT
('Context #1','3D Context with UNIT and UNCERTAINTY') );
#4074 = ( LENGTH_UNIT() NAMED_UNIT(*) SI_UNIT(.MILLI.,.METRE.) );
#4075 = ( NAMED_UNIT(*) PLANE_ANGLE_UNIT() SI_UNIT($,.RADIAN.) );
#4076 = ( NAMED_UNIT(*) SI_UNIT($,.STERADIAN.) SOLID_ANGLE_UNIT() );
#4077 = UNCERTAINTY_MEASURE_WITH_UNIT(LENGTH_MEASURE(1.E-07),#4074,
  'distance_accuracy_value','confusion accuracy');
#4078 = CONTEXT_DEPENDENT_SHAPE_REPRESENTATION(#4079,#4081);
#4079 = ( REPRESENTATION_RELATIONSHIP('','',#4019,#3028) 
REPRESENTATION_RELATIONSHIP_WITH_TRANSFORMATION(#4080) 
SHAPE_REPRESENTATION_RELATIONSHIP() );
#4080 = ITEM_DEFINED_TRANSFORMATION('','',#11,#3077);
#4081 = PRODUCT_DEFINITION_SHAPE('Placement','Placement of an item',
  #4082);
#4082 = NEXT_ASSEMBLY_USAGE_OCCURRENCE('280','Leads012','',#3023,#4014,$
  );
#4083 = PRODUCT_RELATED_PRODUCT_CATEGORY('part',$,(#4016));
#4084 = SHAPE_DEFINITION_REPRESENTATION(#4085,#4091);
#4085 = PRODUCT_DEFINITION_SHAPE('','',#4086);
#4086 = PRODUCT_DEFINITION('design','',#4087,#4090);
#4087 = PRODUCT_DEFINITION_FORMATION('','',#4088);
#4088 = PRODUCT('Leads013','Leads013','',(#4089));
#4089 = PRODUCT_CONTEXT('',#2,'mechanical');
#4090 = PRODUCT_DEFINITION_CONTEXT('part definition',#2,'design');
#4091 = ADVANCED_BREP_SHAPE_REPRESENTATION('',(#11,#4092),#4145);
#4092 = MANIFOLD_SOLID_BREP('',#4093);
#4093 = CLOSED_SHELL('',(#4094,#4127,#4136));
#4094 = ADVANCED_FACE('',(#4095),#4122,.T.);
#4095 = FACE_BOUND('',#4096,.T.);
#4096 = EDGE_LOOP('',(#4097,#4106,#4114,#4121));
#4097 = ORIENTED_EDGE('',*,*,#4098,.F.);
#4098 = EDGE_CURVE('',#4099,#4099,#4101,.T.);
#4099 = VERTEX_POINT('',#4100);
#4100 = CARTESIAN_POINT('',(1.5255,-2.54,0.1));
#4101 = CIRCLE('',#4102,0.2555);
#4102 = AXIS2_PLACEMENT_3D('',#4103,#4104,#4105);
#4103 = CARTESIAN_POINT('',(1.27,-2.54,0.1));
#4104 = DIRECTION('',(0.,0.,1.));
#4105 = DIRECTION('',(1.,0.,-0.));
#4106 = ORIENTED_EDGE('',*,*,#4107,.F.);
#4107 = EDGE_CURVE('',#4108,#4099,#4110,.T.);
#4108 = VERTEX_POINT('',#4109);
#4109 = CARTESIAN_POINT('',(1.5255,-2.54,-5.));
#4110 = LINE('',#4111,#4112);
#4111 = CARTESIAN_POINT('',(1.5255,-2.54,-5.));
#4112 = VECTOR('',#4113,1.);
#4113 = DIRECTION('',(0.,0.,1.));
#4114 = ORIENTED_EDGE('',*,*,#4115,.T.);
#4115 = EDGE_CURVE('',#4108,#4108,#4116,.T.);
#4116 = CIRCLE('',#4117,0.2555);
#4117 = AXIS2_PLACEMENT_3D('',#4118,#4119,#4120);
#4118 = CARTESIAN_POINT('',(1.27,-2.54,-5.));
#4119 = DIRECTION('',(0.,0.,1.));
#4120 = DIRECTION('',(1.,0.,-0.));
#4121 = ORIENTED_EDGE('',*,*,#4107,.T.);
#4122 = CYLINDRICAL_SURFACE('',#4123,0.2555);
#4123 = AXIS2_PLACEMENT_3D('',#4124,#4125,#4126);
#4124 = CARTESIAN_POINT('',(1.27,-2.54,-5.));
#4125 = DIRECTION('',(0.,0.,1.));
#4126 = DIRECTION('',(1.,0.,-0.));
#4127 = ADVANCED_FACE('',(#4128),#4131,.T.);
#4128 = FACE_BOUND('',#4129,.T.);
#4129 = EDGE_LOOP('',(#4130));
#4130 = ORIENTED_EDGE('',*,*,#4098,.T.);
#4131 = PLANE('',#4132);
#4132 = AXIS2_PLACEMENT_3D('',#4133,#4134,#4135);
#4133 = CARTESIAN_POINT('',(1.27,-2.54,0.1));
#4134 = DIRECTION('',(0.,0.,1.));
#4135 = DIRECTION('',(1.,0.,-0.));
#4136 = ADVANCED_FACE('',(#4137),#4140,.F.);
#4137 = FACE_BOUND('',#4138,.T.);
#4138 = EDGE_LOOP('',(#4139));
#4139 = ORIENTED_EDGE('',*,*,#4115,.F.);
#4140 = PLANE('',#4141);
#4141 = AXIS2_PLACEMENT_3D('',#4142,#4143,#4144);
#4142 = CARTESIAN_POINT('',(1.27,-2.54,-5.));
#4143 = DIRECTION('',(0.,0.,1.));
#4144 = DIRECTION('',(1.,0.,-0.));
#4145 = ( GEOMETRIC_REPRESENTATION_CONTEXT(3) 
GLOBAL_UNCERTAINTY_ASSIGNED_CONTEXT((#4149)) 
GLOBAL_UNIT_ASSIGNED_CONTEXT((#4146,#4147,#4148)) REPRESENTATION_CONTEXT
('Context #1','3D Context with UNIT and UNCERTAINTY') );
#4146 = ( LENGTH_UNIT() NAMED_UNIT(*) SI_UNIT(.MILLI.,.METRE.) );
#4147 = ( NAMED_UNIT(*) PLANE_ANGLE_UNIT() SI_UNIT($,.RADIAN.) );
#4148 = ( NAMED_UNIT(*) SI_UNIT($,.STERADIAN.) SOLID_ANGLE_UNIT() );
#4149 = UNCERTAINTY_MEASURE_WITH_UNIT(LENGTH_MEASURE(1.E-07),#4146,
  'distance_accuracy_value','confusion accuracy');
#4150 = CONTEXT_DEPENDENT_SHAPE_REPRESENTATION(#4151,#4153);
#4151 = ( REPRESENTATION_RELATIONSHIP('','',#4091,#3028) 
REPRESENTATION_RELATIONSHIP_WITH_TRANSFORMATION(#4152) 
SHAPE_REPRESENTATION_RELATIONSHIP() );
#4152 = ITEM_DEFINED_TRANSFORMATION('','',#11,#3081);
#4153 = PRODUCT_DEFINITION_SHAPE('Placement','Placement of an item',
  #4154);
#4154 = NEXT_ASSEMBLY_USAGE_OCCURRENCE('281','Leads013','',#3023,#4086,$
  );
#4155 = PRODUCT_RELATED_PRODUCT_CATEGORY('part',$,(#4088));
#4156 = SHAPE_DEFINITION_REPRESENTATION(#4157,#4163);
#4157 = PRODUCT_DEFINITION_SHAPE('','',#4158);
#4158 = PRODUCT_DEFINITION('design','',#4159,#4162);
#4159 = PRODUCT_DEFINITION_FORMATION('','',#4160);
#4160 = PRODUCT('Leads014','Leads014','',(#4161));
#4161 = PRODUCT_CONTEXT('',#2,'mechanical');
#4162 = PRODUCT_DEFINITION_CONTEXT('part definition',#2,'design');
#4163 = ADVANCED_BREP_SHAPE_REPRESENTATION('',(#11,#4164),#4217);
#4164 = MANIFOLD_SOLID_BREP('',#4165);
#4165 = CLOSED_SHELL('',(#4166,#4199,#4208));
#4166 = ADVANCED_FACE('',(#4167),#4194,.T.);
#4167 = FACE_BOUND('',#4168,.T.);
#4168 = EDGE_LOOP('',(#4169,#4178,#4186,#4193));
#4169 = ORIENTED_EDGE('',*,*,#4170,.F.);
#4170 = EDGE_CURVE('',#4171,#4171,#4173,.T.);
#4171 = VERTEX_POINT('',#4172);
#4172 = CARTESIAN_POINT('',(4.0655,-2.54,0.1));
#4173 = CIRCLE('',#4174,0.2555);
#4174 = AXIS2_PLACEMENT_3D('',#4175,#4176,#4177);
#4175 = CARTESIAN_POINT('',(3.81,-2.54,0.1));
#4176 = DIRECTION('',(0.,0.,1.));
#4177 = DIRECTION('',(1.,0.,-0.));
#4178 = ORIENTED_EDGE('',*,*,#4179,.F.);
#4179 = EDGE_CURVE('',#4180,#4171,#4182,.T.);
#4180 = VERTEX_POINT('',#4181);
#4181 = CARTESIAN_POINT('',(4.0655,-2.54,-5.));
#4182 = LINE('',#4183,#4184);
#4183 = CARTESIAN_POINT('',(4.0655,-2.54,-5.));
#4184 = VECTOR('',#4185,1.);
#4185 = DIRECTION('',(0.,0.,1.));
#4186 = ORIENTED_EDGE('',*,*,#4187,.T.);
#4187 = EDGE_CURVE('',#4180,#4180,#4188,.T.);
#4188 = CIRCLE('',#4189,0.2555);
#4189 = AXIS2_PLACEMENT_3D('',#4190,#4191,#4192);
#4190 = CARTESIAN_POINT('',(3.81,-2.54,-5.));
#4191 = DIRECTION('',(0.,0.,1.));
#4192 = DIRECTION('',(1.,0.,-0.));
#4193 = ORIENTED_EDGE('',*,*,#4179,.T.);
#4194 = CYLINDRICAL_SURFACE('',#4195,0.2555);
#4195 = AXIS2_PLACEMENT_3D('',#4196,#4197,#4198);
#4196 = CARTESIAN_POINT('',(3.81,-2.54,-5.));
#4197 = DIRECTION('',(0.,0.,1.));
#4198 = DIRECTION('',(1.,0.,-0.));
#4199 = ADVANCED_FACE('',(#4200),#4203,.T.);
#4200 = FACE_BOUND('',#4201,.T.);
#4201 = EDGE_LOOP('',(#4202));
#4202 = ORIENTED_EDGE('',*,*,#4170,.T.);
#4203 = PLANE('',#4204);
#4204 = AXIS2_PLACEMENT_3D('',#4205,#4206,#4207);
#4205 = CARTESIAN_POINT('',(3.81,-2.54,0.1));
#4206 = DIRECTION('',(0.,0.,1.));
#4207 = DIRECTION('',(1.,0.,-0.));
#4208 = ADVANCED_FACE('',(#4209),#4212,.F.);
#4209 = FACE_BOUND('',#4210,.T.);
#4210 = EDGE_LOOP('',(#4211));
#4211 = ORIENTED_EDGE('',*,*,#4187,.F.);
#4212 = PLANE('',#4213);
#4213 = AXIS2_PLACEMENT_3D('',#4214,#4215,#4216);
#4214 = CARTESIAN_POINT('',(3.81,-2.54,-5.));
#4215 = DIRECTION('',(0.,0.,1.));
#4216 = DIRECTION('',(1.,0.,-0.));
#4217 = ( GEOMETRIC_REPRESENTATION_CONTEXT(3) 
GLOBAL_UNCERTAINTY_ASSIGNED_CONTEXT((#4221)) 
GLOBAL_UNIT_ASSIGNED_CONTEXT((#4218,#4219,#4220)) REPRESENTATION_CONTEXT
('Context #1','3D Context with UNIT and UNCERTAINTY') );
#4218 = ( LENGTH_UNIT() NAMED_UNIT(*) SI_UNIT(.MILLI.,.METRE.) );
#4219 = ( NAMED_UNIT(*) PLANE_ANGLE_UNIT() SI_UNIT($,.RADIAN.) );
#4220 = ( NAMED_UNIT(*) SI_UNIT($,.STERADIAN.) SOLID_ANGLE_UNIT() );
#4221 = UNCERTAINTY_MEASURE_WITH_UNIT(LENGTH_MEASURE(1.E-07),#4218,
  'distance_accuracy_value','confusion accuracy');
#4222 = CONTEXT_DEPENDENT_SHAPE_REPRESENTATION(#4223,#4225);
#4223 = ( REPRESENTATION_RELATIONSHIP('','',#4163,#3028) 
REPRESENTATION_RELATIONSHIP_WITH_TRANSFORMATION(#4224) 
SHAPE_REPRESENTATION_RELATIONSHIP() );
#4224 = ITEM_DEFINED_TRANSFORMATION('','',#11,#3085);
#4225 = PRODUCT_DEFINITION_SHAPE('Placement','Placement of an item',
  #4226);
#4226 = NEXT_ASSEMBLY_USAGE_OCCURRENCE('282','Leads014','',#3023,#4158,$
  );
#4227 = PRODUCT_RELATED_PRODUCT_CATEGORY('part',$,(#4160));
#4228 = SHAPE_DEFINITION_REPRESENTATION(#4229,#4235);
#4229 = PRODUCT_DEFINITION_SHAPE('','',#4230);
#4230 = PRODUCT_DEFINITION('design','',#4231,#4234);
#4231 = PRODUCT_DEFINITION_FORMATION('','',#4232);
#4232 = PRODUCT('Leads015','Leads015','',(#4233));
#4233 = PRODUCT_CONTEXT('',#2,'mechanical');
#4234 = PRODUCT_DEFINITION_CONTEXT('part definition',#2,'design');
#4235 = ADVANCED_BREP_SHAPE_REPRESENTATION('',(#11,#4236),#4289);
#4236 = MANIFOLD_SOLID_BREP('',#4237);
#4237 = CLOSED_SHELL('',(#4238,#4271,#4280));
#4238 = ADVANCED_FACE('',(#4239),#4266,.T.);
#4239 = FACE_BOUND('',#4240,.T.);
#4240 = EDGE_LOOP('',(#4241,#4250,#4258,#4265));
#4241 = ORIENTED_EDGE('',*,*,#4242,.F.);
#4242 = EDGE_CURVE('',#4243,#4243,#4245,.T.);
#4243 = VERTEX_POINT('',#4244);
#4244 = CARTESIAN_POINT('',(6.6055,-2.54,0.1));
#4245 = CIRCLE('',#4246,0.2555);
#4246 = AXIS2_PLACEMENT_3D('',#4247,#4248,#4249);
#4247 = CARTESIAN_POINT('',(6.35,-2.54,0.1));
#4248 = DIRECTION('',(0.,0.,1.));
#4249 = DIRECTION('',(1.,0.,-0.));
#4250 = ORIENTED_EDGE('',*,*,#4251,.F.);
#4251 = EDGE_CURVE('',#4252,#4243,#4254,.T.);
#4252 = VERTEX_POINT('',#4253);
#4253 = CARTESIAN_POINT('',(6.6055,-2.54,-5.));
#4254 = LINE('',#4255,#4256);
#4255 = CARTESIAN_POINT('',(6.6055,-2.54,-5.));
#4256 = VECTOR('',#4257,1.);
#4257 = DIRECTION('',(0.,0.,1.));
#4258 = ORIENTED_EDGE('',*,*,#4259,.T.);
#4259 = EDGE_CURVE('',#4252,#4252,#4260,.T.);
#4260 = CIRCLE('',#4261,0.2555);
#4261 = AXIS2_PLACEMENT_3D('',#4262,#4263,#4264);
#4262 = CARTESIAN_POINT('',(6.35,-2.54,-5.));
#4263 = DIRECTION('',(0.,0.,1.));
#4264 = DIRECTION('',(1.,0.,-0.));
#4265 = ORIENTED_EDGE('',*,*,#4251,.T.);
#4266 = CYLINDRICAL_SURFACE('',#4267,0.2555);
#4267 = AXIS2_PLACEMENT_3D('',#4268,#4269,#4270);
#4268 = CARTESIAN_POINT('',(6.35,-2.54,-5.));
#4269 = DIRECTION('',(0.,0.,1.));
#4270 = DIRECTION('',(1.,0.,-0.));
#4271 = ADVANCED_FACE('',(#4272),#4275,.T.);
#4272 = FACE_BOUND('',#4273,.T.);
#4273 = EDGE_LOOP('',(#4274));
#4274 = ORIENTED_EDGE('',*,*,#4242,.T.);
#4275 = PLANE('',#4276);
#4276 = AXIS2_PLACEMENT_3D('',#4277,#4278,#4279);
#4277 = CARTESIAN_POINT('',(6.35,-2.54,0.1));
#4278 = DIRECTION('',(0.,0.,1.));
#4279 = DIRECTION('',(1.,0.,-0.));
#4280 = ADVANCED_FACE('',(#4281),#4284,.F.);
#4281 = FACE_BOUND('',#4282,.T.);
#4282 = EDGE_LOOP('',(#4283));
#4283 = ORIENTED_EDGE('',*,*,#4259,.F.);
#4284 = PLANE('',#4285);
#4285 = AXIS2_PLACEMENT_3D('',#4286,#4287,#4288);
#4286 = CARTESIAN_POINT('',(6.35,-2.54,-5.));
#4287 = DIRECTION('',(0.,0.,1.));
#4288 = DIRECTION('',(1.,0.,-0.));
#4289 = ( GEOMETRIC_REPRESENTATION_CONTEXT(3) 
GLOBAL_UNCERTAINTY_ASSIGNED_CONTEXT((#4293)) 
GLOBAL_UNIT_ASSIGNED_CONTEXT((#4290,#4291,#4292)) REPRESENTATION_CONTEXT
('Context #1','3D Context with UNIT and UNCERTAINTY') );
#4290 = ( LENGTH_UNIT() NAMED_UNIT(*) SI_UNIT(.MILLI.,.METRE.) );
#4291 = ( NAMED_UNIT(*) PLANE_ANGLE_UNIT() SI_UNIT($,.RADIAN.) );
#4292 = ( NAMED_UNIT(*) SI_UNIT($,.STERADIAN.) SOLID_ANGLE_UNIT() );
#4293 = UNCERTAINTY_MEASURE_WITH_UNIT(LENGTH_MEASURE(1.E-07),#4290,
  'distance_accuracy_value','confusion accuracy');
#4294 = CONTEXT_DEPENDENT_SHAPE_REPRESENTATION(#4295,#4297);
#4295 = ( REPRESENTATION_RELATIONSHIP('','',#4235,#3028) 
REPRESENTATION_RELATIONSHIP_WITH_TRANSFORMATION(#4296) 
SHAPE_REPRESENTATION_RELATIONSHIP() );
#4296 = ITEM_DEFINED_TRANSFORMATION('','',#11,#3089);
#4297 = PRODUCT_DEFINITION_SHAPE('Placement','Placement of an item',
  #4298);
#4298 = NEXT_ASSEMBLY_USAGE_OCCURRENCE('283','Leads015','',#3023,#4230,$
  );
#4299 = PRODUCT_RELATED_PRODUCT_CATEGORY('part',$,(#4232));
#4300 = SHAPE_DEFINITION_REPRESENTATION(#4301,#4307);
#4301 = PRODUCT_DEFINITION_SHAPE('','',#4302);
#4302 = PRODUCT_DEFINITION('design','',#4303,#4306);
#4303 = PRODUCT_DEFINITION_FORMATION('','',#4304);
#4304 = PRODUCT('Leads016','Leads016','',(#4305));
#4305 = PRODUCT_CONTEXT('',#2,'mechanical');
#4306 = PRODUCT_DEFINITION_CONTEXT('part definition',#2,'design');
#4307 = ADVANCED_BREP_SHAPE_REPRESENTATION('',(#11,#4308),#4361);
#4308 = MANIFOLD_SOLID_BREP('',#4309);
#4309 = CLOSED_SHELL('',(#4310,#4343,#4352));
#4310 = ADVANCED_FACE('',(#4311),#4338,.T.);
#4311 = FACE_BOUND('',#4312,.T.);
#4312 = EDGE_LOOP('',(#4313,#4322,#4330,#4337));
#4313 = ORIENTED_EDGE('',*,*,#4314,.F.);
#4314 = EDGE_CURVE('',#4315,#4315,#4317,.T.);
#4315 = VERTEX_POINT('',#4316);
#4316 = CARTESIAN_POINT('',(9.1455,-2.54,0.1));
#4317 = CIRCLE('',#4318,0.2555);
#4318 = AXIS2_PLACEMENT_3D('',#4319,#4320,#4321);
#4319 = CARTESIAN_POINT('',(8.89,-2.54,0.1));
#4320 = DIRECTION('',(0.,0.,1.));
#4321 = DIRECTION('',(1.,0.,-0.));
#4322 = ORIENTED_EDGE('',*,*,#4323,.F.);
#4323 = EDGE_CURVE('',#4324,#4315,#4326,.T.);
#4324 = VERTEX_POINT('',#4325);
#4325 = CARTESIAN_POINT('',(9.1455,-2.54,-5.));
#4326 = LINE('',#4327,#4328);
#4327 = CARTESIAN_POINT('',(9.1455,-2.54,-5.));
#4328 = VECTOR('',#4329,1.);
#4329 = DIRECTION('',(0.,0.,1.));
#4330 = ORIENTED_EDGE('',*,*,#4331,.T.);
#4331 = EDGE_CURVE('',#4324,#4324,#4332,.T.);
#4332 = CIRCLE('',#4333,0.2555);
#4333 = AXIS2_PLACEMENT_3D('',#4334,#4335,#4336);
#4334 = CARTESIAN_POINT('',(8.89,-2.54,-5.));
#4335 = DIRECTION('',(0.,0.,1.));
#4336 = DIRECTION('',(1.,0.,-0.));
#4337 = ORIENTED_EDGE('',*,*,#4323,.T.);
#4338 = CYLINDRICAL_SURFACE('',#4339,0.2555);
#4339 = AXIS2_PLACEMENT_3D('',#4340,#4341,#4342);
#4340 = CARTESIAN_POINT('',(8.89,-2.54,-5.));
#4341 = DIRECTION('',(0.,0.,1.));
#4342 = DIRECTION('',(1.,0.,-0.));
#4343 = ADVANCED_FACE('',(#4344),#4347,.T.);
#4344 = FACE_BOUND('',#4345,.T.);
#4345 = EDGE_LOOP('',(#4346));
#4346 = ORIENTED_EDGE('',*,*,#4314,.T.);
#4347 = PLANE('',#4348);
#4348 = AXIS2_PLACEMENT_3D('',#4349,#4350,#4351);
#4349 = CARTESIAN_POINT('',(8.89,-2.54,0.1));
#4350 = DIRECTION('',(0.,0.,1.));
#4351 = DIRECTION('',(1.,0.,-0.));
#4352 = ADVANCED_FACE('',(#4353),#4356,.F.);
#4353 = FACE_BOUND('',#4354,.T.);
#4354 = EDGE_LOOP('',(#4355));
#4355 = ORIENTED_EDGE('',*,*,#4331,.F.);
#4356 = PLANE('',#4357);
#4357 = AXIS2_PLACEMENT_3D('',#4358,#4359,#4360);
#4358 = CARTESIAN_POINT('',(8.89,-2.54,-5.));
#4359 = DIRECTION('',(0.,0.,1.));
#4360 = DIRECTION('',(1.,0.,-0.));
#4361 = ( GEOMETRIC_REPRESENTATION_CONTEXT(3) 
GLOBAL_UNCERTAINTY_ASSIGNED_CONTEXT((#4365)) 
GLOBAL_UNIT_ASSIGNED_CONTEXT((#4362,#4363,#4364)) REPRESENTATION_CONTEXT
('Context #1','3D Context with UNIT and UNCERTAINTY') );
#4362 = ( LENGTH_UNIT() NAMED_UNIT(*) SI_UNIT(.MILLI.,.METRE.) );
#4363 = ( NAMED_UNIT(*) PLANE_ANGLE_UNIT() SI_UNIT($,.RADIAN.) );
#4364 = ( NAMED_UNIT(*) SI_UNIT($,.STERADIAN.) SOLID_ANGLE_UNIT() );
#4365 = UNCERTAINTY_MEASURE_WITH_UNIT(LENGTH_MEASURE(1.E-07),#4362,
  'distance_accuracy_value','confusion accuracy');
#4366 = CONTEXT_DEPENDENT_SHAPE_REPRESENTATION(#4367,#4369);
#4367 = ( REPRESENTATION_RELATIONSHIP('','',#4307,#3028) 
REPRESENTATION_RELATIONSHIP_WITH_TRANSFORMATION(#4368) 
SHAPE_REPRESENTATION_RELATIONSHIP() );
#4368 = ITEM_DEFINED_TRANSFORMATION('','',#11,#3093);
#4369 = PRODUCT_DEFINITION_SHAPE('Placement','Placement of an item',
  #4370);
#4370 = NEXT_ASSEMBLY_USAGE_OCCURRENCE('284','Leads016','',#3023,#4302,$
  );
#4371 = PRODUCT_RELATED_PRODUCT_CATEGORY('part',$,(#4304));
#4372 = SHAPE_DEFINITION_REPRESENTATION(#4373,#4379);
#4373 = PRODUCT_DEFINITION_SHAPE('','',#4374);
#4374 = PRODUCT_DEFINITION('design','',#4375,#4378);
#4375 = PRODUCT_DEFINITION_FORMATION('','',#4376);
#4376 = PRODUCT('Leads017','Leads017','',(#4377));
#4377 = PRODUCT_CONTEXT('',#2,'mechanical');
#4378 = PRODUCT_DEFINITION_CONTEXT('part definition',#2,'design');
#4379 = ADVANCED_BREP_SHAPE_REPRESENTATION('',(#11,#4380),#4433);
#4380 = MANIFOLD_SOLID_BREP('',#4381);
#4381 = CLOSED_SHELL('',(#4382,#4415,#4424));
#4382 = ADVANCED_FACE('',(#4383),#4410,.T.);
#4383 = FACE_BOUND('',#4384,.T.);
#4384 = EDGE_LOOP('',(#4385,#4394,#4402,#4409));
#4385 = ORIENTED_EDGE('',*,*,#4386,.F.);
#4386 = EDGE_CURVE('',#4387,#4387,#4389,.T.);
#4387 = VERTEX_POINT('',#4388);
#4388 = CARTESIAN_POINT('',(11.6855,-2.54,0.1));
#4389 = CIRCLE('',#4390,0.2555);
#4390 = AXIS2_PLACEMENT_3D('',#4391,#4392,#4393);
#4391 = CARTESIAN_POINT('',(11.43,-2.54,0.1));
#4392 = DIRECTION('',(0.,0.,1.));
#4393 = DIRECTION('',(1.,0.,-0.));
#4394 = ORIENTED_EDGE('',*,*,#4395,.F.);
#4395 = EDGE_CURVE('',#4396,#4387,#4398,.T.);
#4396 = VERTEX_POINT('',#4397);
#4397 = CARTESIAN_POINT('',(11.6855,-2.54,-5.));
#4398 = LINE('',#4399,#4400);
#4399 = CARTESIAN_POINT('',(11.6855,-2.54,-5.));
#4400 = VECTOR('',#4401,1.);
#4401 = DIRECTION('',(0.,0.,1.));
#4402 = ORIENTED_EDGE('',*,*,#4403,.T.);
#4403 = EDGE_CURVE('',#4396,#4396,#4404,.T.);
#4404 = CIRCLE('',#4405,0.2555);
#4405 = AXIS2_PLACEMENT_3D('',#4406,#4407,#4408);
#4406 = CARTESIAN_POINT('',(11.43,-2.54,-5.));
#4407 = DIRECTION('',(0.,0.,1.));
#4408 = DIRECTION('',(1.,0.,-0.));
#4409 = ORIENTED_EDGE('',*,*,#4395,.T.);
#4410 = CYLINDRICAL_SURFACE('',#4411,0.2555);
#4411 = AXIS2_PLACEMENT_3D('',#4412,#4413,#4414);
#4412 = CARTESIAN_POINT('',(11.43,-2.54,-5.));
#4413 = DIRECTION('',(0.,0.,1.));
#4414 = DIRECTION('',(1.,0.,-0.));
#4415 = ADVANCED_FACE('',(#4416),#4419,.T.);
#4416 = FACE_BOUND('',#4417,.T.);
#4417 = EDGE_LOOP('',(#4418));
#4418 = ORIENTED_EDGE('',*,*,#4386,.T.);
#4419 = PLANE('',#4420);
#4420 = AXIS2_PLACEMENT_3D('',#4421,#4422,#4423);
#4421 = CARTESIAN_POINT('',(11.43,-2.54,0.1));
#4422 = DIRECTION('',(0.,0.,1.));
#4423 = DIRECTION('',(1.,0.,-0.));
#4424 = ADVANCED_FACE('',(#4425),#4428,.F.);
#4425 = FACE_BOUND('',#4426,.T.);
#4426 = EDGE_LOOP('',(#4427));
#4427 = ORIENTED_EDGE('',*,*,#4403,.F.);
#4428 = PLANE('',#4429);
#4429 = AXIS2_PLACEMENT_3D('',#4430,#4431,#4432);
#4430 = CARTESIAN_POINT('',(11.43,-2.54,-5.));
#4431 = DIRECTION('',(0.,0.,1.));
#4432 = DIRECTION('',(1.,0.,-0.));
#4433 = ( GEOMETRIC_REPRESENTATION_CONTEXT(3) 
GLOBAL_UNCERTAINTY_ASSIGNED_CONTEXT((#4437)) 
GLOBAL_UNIT_ASSIGNED_CONTEXT((#4434,#4435,#4436)) REPRESENTATION_CONTEXT
('Context #1','3D Context with UNIT and UNCERTAINTY') );
#4434 = ( LENGTH_UNIT() NAMED_UNIT(*) SI_UNIT(.MILLI.,.METRE.) );
#4435 = ( NAMED_UNIT(*) PLANE_ANGLE_UNIT() SI_UNIT($,.RADIAN.) );
#4436 = ( NAMED_UNIT(*) SI_UNIT($,.STERADIAN.) SOLID_ANGLE_UNIT() );
#4437 = UNCERTAINTY_MEASURE_WITH_UNIT(LENGTH_MEASURE(1.E-07),#4434,
  'distance_accuracy_value','confusion accuracy');
#4438 = CONTEXT_DEPENDENT_SHAPE_REPRESENTATION(#4439,#4441);
#4439 = ( REPRESENTATION_RELATIONSHIP('','',#4379,#3028) 
REPRESENTATION_RELATIONSHIP_WITH_TRANSFORMATION(#4440) 
SHAPE_REPRESENTATION_RELATIONSHIP() );
#4440 = ITEM_DEFINED_TRANSFORMATION('','',#11,#3097);
#4441 = PRODUCT_DEFINITION_SHAPE('Placement','Placement of an item',
  #4442);
#4442 = NEXT_ASSEMBLY_USAGE_OCCURRENCE('285','Leads017','',#3023,#4374,$
  );
#4443 = PRODUCT_RELATED_PRODUCT_CATEGORY('part',$,(#4376));
#4444 = SHAPE_DEFINITION_REPRESENTATION(#4445,#4451);
#4445 = PRODUCT_DEFINITION_SHAPE('','',#4446);
#4446 = PRODUCT_DEFINITION('design','',#4447,#4450);
#4447 = PRODUCT_DEFINITION_FORMATION('','',#4448);
#4448 = PRODUCT('Leads018','Leads018','',(#4449));
#4449 = PRODUCT_CONTEXT('',#2,'mechanical');
#4450 = PRODUCT_DEFINITION_CONTEXT('part definition',#2,'design');
#4451 = ADVANCED_BREP_SHAPE_REPRESENTATION('',(#11,#4452),#4505);
#4452 = MANIFOLD_SOLID_BREP('',#4453);
#4453 = CLOSED_SHELL('',(#4454,#4487,#4496));
#4454 = ADVANCED_FACE('',(#4455),#4482,.T.);
#4455 = FACE_BOUND('',#4456,.T.);
#4456 = EDGE_LOOP('',(#4457,#4466,#4474,#4481));
#4457 = ORIENTED_EDGE('',*,*,#4458,.F.);
#4458 = EDGE_CURVE('',#4459,#4459,#4461,.T.);
#4459 = VERTEX_POINT('',#4460);
#4460 = CARTESIAN_POINT('',(14.2255,-2.54,0.1));
#4461 = CIRCLE('',#4462,0.2555);
#4462 = AXIS2_PLACEMENT_3D('',#4463,#4464,#4465);
#4463 = CARTESIAN_POINT('',(13.97,-2.54,0.1));
#4464 = DIRECTION('',(0.,0.,1.));
#4465 = DIRECTION('',(1.,0.,-0.));
#4466 = ORIENTED_EDGE('',*,*,#4467,.F.);
#4467 = EDGE_CURVE('',#4468,#4459,#4470,.T.);
#4468 = VERTEX_POINT('',#4469);
#4469 = CARTESIAN_POINT('',(14.2255,-2.54,-5.));
#4470 = LINE('',#4471,#4472);
#4471 = CARTESIAN_POINT('',(14.2255,-2.54,-5.));
#4472 = VECTOR('',#4473,1.);
#4473 = DIRECTION('',(0.,0.,1.));
#4474 = ORIENTED_EDGE('',*,*,#4475,.T.);
#4475 = EDGE_CURVE('',#4468,#4468,#4476,.T.);
#4476 = CIRCLE('',#4477,0.2555);
#4477 = AXIS2_PLACEMENT_3D('',#4478,#4479,#4480);
#4478 = CARTESIAN_POINT('',(13.97,-2.54,-5.));
#4479 = DIRECTION('',(0.,0.,1.));
#4480 = DIRECTION('',(1.,0.,-0.));
#4481 = ORIENTED_EDGE('',*,*,#4467,.T.);
#4482 = CYLINDRICAL_SURFACE('',#4483,0.2555);
#4483 = AXIS2_PLACEMENT_3D('',#4484,#4485,#4486);
#4484 = CARTESIAN_POINT('',(13.97,-2.54,-5.));
#4485 = DIRECTION('',(0.,0.,1.));
#4486 = DIRECTION('',(1.,0.,-0.));
#4487 = ADVANCED_FACE('',(#4488),#4491,.T.);
#4488 = FACE_BOUND('',#4489,.T.);
#4489 = EDGE_LOOP('',(#4490));
#4490 = ORIENTED_EDGE('',*,*,#4458,.T.);
#4491 = PLANE('',#4492);
#4492 = AXIS2_PLACEMENT_3D('',#4493,#4494,#4495);
#4493 = CARTESIAN_POINT('',(13.97,-2.54,0.1));
#4494 = DIRECTION('',(0.,0.,1.));
#4495 = DIRECTION('',(1.,0.,-0.));
#4496 = ADVANCED_FACE('',(#4497),#4500,.F.);
#4497 = FACE_BOUND('',#4498,.T.);
#4498 = EDGE_LOOP('',(#4499));
#4499 = ORIENTED_EDGE('',*,*,#4475,.F.);
#4500 = PLANE('',#4501);
#4501 = AXIS2_PLACEMENT_3D('',#4502,#4503,#4504);
#4502 = CARTESIAN_POINT('',(13.97,-2.54,-5.));
#4503 = DIRECTION('',(0.,0.,1.));
#4504 = DIRECTION('',(1.,0.,-0.));
#4505 = ( GEOMETRIC_REPRESENTATION_CONTEXT(3) 
GLOBAL_UNCERTAINTY_ASSIGNED_CONTEXT((#4509)) 
GLOBAL_UNIT_ASSIGNED_CONTEXT((#4506,#4507,#4508)) REPRESENTATION_CONTEXT
('Context #1','3D Context with UNIT and UNCERTAINTY') );
#4506 = ( LENGTH_UNIT() NAMED_UNIT(*) SI_UNIT(.MILLI.,.METRE.) );
#4507 = ( NAMED_UNIT(*) PLANE_ANGLE_UNIT() SI_UNIT($,.RADIAN.) );
#4508 = ( NAMED_UNIT(*) SI_UNIT($,.STERADIAN.) SOLID_ANGLE_UNIT() );
#4509 = UNCERTAINTY_MEASURE_WITH_UNIT(LENGTH_MEASURE(1.E-07),#4506,
  'distance_accuracy_value','confusion accuracy');
#4510 = CONTEXT_DEPENDENT_SHAPE_REPRESENTATION(#4511,#4513);
#4511 = ( REPRESENTATION_RELATIONSHIP('','',#4451,#3028) 
REPRESENTATION_RELATIONSHIP_WITH_TRANSFORMATION(#4512) 
SHAPE_REPRESENTATION_RELATIONSHIP() );
#4512 = ITEM_DEFINED_TRANSFORMATION('','',#11,#3101);
#4513 = PRODUCT_DEFINITION_SHAPE('Placement','Placement of an item',
  #4514);
#4514 = NEXT_ASSEMBLY_USAGE_OCCURRENCE('286','Leads018','',#3023,#4446,$
  );
#4515 = PRODUCT_RELATED_PRODUCT_CATEGORY('part',$,(#4448));
#4516 = SHAPE_DEFINITION_REPRESENTATION(#4517,#4523);
#4517 = PRODUCT_DEFINITION_SHAPE('','',#4518);
#4518 = PRODUCT_DEFINITION('design','',#4519,#4522);
#4519 = PRODUCT_DEFINITION_FORMATION('','',#4520);
#4520 = PRODUCT('Leads019','Leads019','',(#4521));
#4521 = PRODUCT_CONTEXT('',#2,'mechanical');
#4522 = PRODUCT_DEFINITION_CONTEXT('part definition',#2,'design');
#4523 = ADVANCED_BREP_SHAPE_REPRESENTATION('',(#11,#4524),#4577);
#4524 = MANIFOLD_SOLID_BREP('',#4525);
#4525 = CLOSED_SHELL('',(#4526,#4559,#4568));
#4526 = ADVANCED_FACE('',(#4527),#4554,.T.);
#4527 = FACE_BOUND('',#4528,.T.);
#4528 = EDGE_LOOP('',(#4529,#4538,#4546,#4553));
#4529 = ORIENTED_EDGE('',*,*,#4530,.F.);
#4530 = EDGE_CURVE('',#4531,#4531,#4533,.T.);
#4531 = VERTEX_POINT('',#4532);
#4532 = CARTESIAN_POINT('',(16.7655,-2.54,0.1));
#4533 = CIRCLE('',#4534,0.2555);
#4534 = AXIS2_PLACEMENT_3D('',#4535,#4536,#4537);
#4535 = CARTESIAN_POINT('',(16.51,-2.54,0.1));
#4536 = DIRECTION('',(0.,0.,1.));
#4537 = DIRECTION('',(1.,0.,-0.));
#4538 = ORIENTED_EDGE('',*,*,#4539,.F.);
#4539 = EDGE_CURVE('',#4540,#4531,#4542,.T.);
#4540 = VERTEX_POINT('',#4541);
#4541 = CARTESIAN_POINT('',(16.7655,-2.54,-5.));
#4542 = LINE('',#4543,#4544);
#4543 = CARTESIAN_POINT('',(16.7655,-2.54,-5.));
#4544 = VECTOR('',#4545,1.);
#4545 = DIRECTION('',(0.,0.,1.));
#4546 = ORIENTED_EDGE('',*,*,#4547,.T.);
#4547 = EDGE_CURVE('',#4540,#4540,#4548,.T.);
#4548 = CIRCLE('',#4549,0.2555);
#4549 = AXIS2_PLACEMENT_3D('',#4550,#4551,#4552);
#4550 = CARTESIAN_POINT('',(16.51,-2.54,-5.));
#4551 = DIRECTION('',(0.,0.,1.));
#4552 = DIRECTION('',(1.,0.,-0.));
#4553 = ORIENTED_EDGE('',*,*,#4539,.T.);
#4554 = CYLINDRICAL_SURFACE('',#4555,0.2555);
#4555 = AXIS2_PLACEMENT_3D('',#4556,#4557,#4558);
#4556 = CARTESIAN_POINT('',(16.51,-2.54,-5.));
#4557 = DIRECTION('',(0.,0.,1.));
#4558 = DIRECTION('',(1.,0.,-0.));
#4559 = ADVANCED_FACE('',(#4560),#4563,.T.);
#4560 = FACE_BOUND('',#4561,.T.);
#4561 = EDGE_LOOP('',(#4562));
#4562 = ORIENTED_EDGE('',*,*,#4530,.T.);
#4563 = PLANE('',#4564);
#4564 = AXIS2_PLACEMENT_3D('',#4565,#4566,#4567);
#4565 = CARTESIAN_POINT('',(16.51,-2.54,0.1));
#4566 = DIRECTION('',(0.,0.,1.));
#4567 = DIRECTION('',(1.,0.,-0.));
#4568 = ADVANCED_FACE('',(#4569),#4572,.F.);
#4569 = FACE_BOUND('',#4570,.T.);
#4570 = EDGE_LOOP('',(#4571));
#4571 = ORIENTED_EDGE('',*,*,#4547,.F.);
#4572 = PLANE('',#4573);
#4573 = AXIS2_PLACEMENT_3D('',#4574,#4575,#4576);
#4574 = CARTESIAN_POINT('',(16.51,-2.54,-5.));
#4575 = DIRECTION('',(0.,0.,1.));
#4576 = DIRECTION('',(1.,0.,-0.));
#4577 = ( GEOMETRIC_REPRESENTATION_CONTEXT(3) 
GLOBAL_UNCERTAINTY_ASSIGNED_CONTEXT((#4581)) 
GLOBAL_UNIT_ASSIGNED_CONTEXT((#4578,#4579,#4580)) REPRESENTATION_CONTEXT
('Context #1','3D Context with UNIT and UNCERTAINTY') );
#4578 = ( LENGTH_UNIT() NAMED_UNIT(*) SI_UNIT(.MILLI.,.METRE.) );
#4579 = ( NAMED_UNIT(*) PLANE_ANGLE_UNIT() SI_UNIT($,.RADIAN.) );
#4580 = ( NAMED_UNIT(*) SI_UNIT($,.STERADIAN.) SOLID_ANGLE_UNIT() );
#4581 = UNCERTAINTY_MEASURE_WITH_UNIT(LENGTH_MEASURE(1.E-07),#4578,
  'distance_accuracy_value','confusion accuracy');
#4582 = CONTEXT_DEPENDENT_SHAPE_REPRESENTATION(#4583,#4585);
#4583 = ( REPRESENTATION_RELATIONSHIP('','',#4523,#3028) 
REPRESENTATION_RELATIONSHIP_WITH_TRANSFORMATION(#4584) 
SHAPE_REPRESENTATION_RELATIONSHIP() );
#4584 = ITEM_DEFINED_TRANSFORMATION('','',#11,#3105);
#4585 = PRODUCT_DEFINITION_SHAPE('Placement','Placement of an item',
  #4586);
#4586 = NEXT_ASSEMBLY_USAGE_OCCURRENCE('287','Leads019','',#3023,#4518,$
  );
#4587 = PRODUCT_RELATED_PRODUCT_CATEGORY('part',$,(#4520));
#4588 = SHAPE_DEFINITION_REPRESENTATION(#4589,#4595);
#4589 = PRODUCT_DEFINITION_SHAPE('','',#4590);
#4590 = PRODUCT_DEFINITION('design','',#4591,#4594);
#4591 = PRODUCT_DEFINITION_FORMATION('','',#4592);
#4592 = PRODUCT('Leads020','Leads020','',(#4593));
#4593 = PRODUCT_CONTEXT('',#2,'mechanical');
#4594 = PRODUCT_DEFINITION_CONTEXT('part definition',#2,'design');
#4595 = ADVANCED_BREP_SHAPE_REPRESENTATION('',(#11,#4596),#4649);
#4596 = MANIFOLD_SOLID_BREP('',#4597);
#4597 = CLOSED_SHELL('',(#4598,#4631,#4640));
#4598 = ADVANCED_FACE('',(#4599),#4626,.T.);
#4599 = FACE_BOUND('',#4600,.T.);
#4600 = EDGE_LOOP('',(#4601,#4610,#4618,#4625));
#4601 = ORIENTED_EDGE('',*,*,#4602,.F.);
#4602 = EDGE_CURVE('',#4603,#4603,#4605,.T.);
#4603 = VERTEX_POINT('',#4604);
#4604 = CARTESIAN_POINT('',(19.3055,-2.54,0.1));
#4605 = CIRCLE('',#4606,0.2555);
#4606 = AXIS2_PLACEMENT_3D('',#4607,#4608,#4609);
#4607 = CARTESIAN_POINT('',(19.05,-2.54,0.1));
#4608 = DIRECTION('',(0.,0.,1.));
#4609 = DIRECTION('',(1.,0.,-0.));
#4610 = ORIENTED_EDGE('',*,*,#4611,.F.);
#4611 = EDGE_CURVE('',#4612,#4603,#4614,.T.);
#4612 = VERTEX_POINT('',#4613);
#4613 = CARTESIAN_POINT('',(19.3055,-2.54,-5.));
#4614 = LINE('',#4615,#4616);
#4615 = CARTESIAN_POINT('',(19.3055,-2.54,-5.));
#4616 = VECTOR('',#4617,1.);
#4617 = DIRECTION('',(0.,0.,1.));
#4618 = ORIENTED_EDGE('',*,*,#4619,.T.);
#4619 = EDGE_CURVE('',#4612,#4612,#4620,.T.);
#4620 = CIRCLE('',#4621,0.2555);
#4621 = AXIS2_PLACEMENT_3D('',#4622,#4623,#4624);
#4622 = CARTESIAN_POINT('',(19.05,-2.54,-5.));
#4623 = DIRECTION('',(0.,0.,1.));
#4624 = DIRECTION('',(1.,0.,-0.));
#4625 = ORIENTED_EDGE('',*,*,#4611,.T.);
#4626 = CYLINDRICAL_SURFACE('',#4627,0.2555);
#4627 = AXIS2_PLACEMENT_3D('',#4628,#4629,#4630);
#4628 = CARTESIAN_POINT('',(19.05,-2.54,-5.));
#4629 = DIRECTION('',(0.,0.,1.));
#4630 = DIRECTION('',(1.,0.,-0.));
#4631 = ADVANCED_FACE('',(#4632),#4635,.T.);
#4632 = FACE_BOUND('',#4633,.T.);
#4633 = EDGE_LOOP('',(#4634));
#4634 = ORIENTED_EDGE('',*,*,#4602,.T.);
#4635 = PLANE('',#4636);
#4636 = AXIS2_PLACEMENT_3D('',#4637,#4638,#4639);
#4637 = CARTESIAN_POINT('',(19.05,-2.54,0.1));
#4638 = DIRECTION('',(0.,0.,1.));
#4639 = DIRECTION('',(1.,0.,-0.));
#4640 = ADVANCED_FACE('',(#4641),#4644,.F.);
#4641 = FACE_BOUND('',#4642,.T.);
#4642 = EDGE_LOOP('',(#4643));
#4643 = ORIENTED_EDGE('',*,*,#4619,.F.);
#4644 = PLANE('',#4645);
#4645 = AXIS2_PLACEMENT_3D('',#4646,#4647,#4648);
#4646 = CARTESIAN_POINT('',(19.05,-2.54,-5.));
#4647 = DIRECTION('',(0.,0.,1.));
#4648 = DIRECTION('',(1.,0.,-0.));
#4649 = ( GEOMETRIC_REPRESENTATION_CONTEXT(3) 
GLOBAL_UNCERTAINTY_ASSIGNED_CONTEXT((#4653)) 
GLOBAL_UNIT_ASSIGNED_CONTEXT((#4650,#4651,#4652)) REPRESENTATION_CONTEXT
('Context #1','3D Context with UNIT and UNCERTAINTY') );
#4650 = ( LENGTH_UNIT() NAMED_UNIT(*) SI_UNIT(.MILLI.,.METRE.) );
#4651 = ( NAMED_UNIT(*) PLANE_ANGLE_UNIT() SI_UNIT($,.RADIAN.) );
#4652 = ( NAMED_UNIT(*) SI_UNIT($,.STERADIAN.) SOLID_ANGLE_UNIT() );
#4653 = UNCERTAINTY_MEASURE_WITH_UNIT(LENGTH_MEASURE(1.E-07),#4650,
  'distance_accuracy_value','confusion accuracy');
#4654 = CONTEXT_DEPENDENT_SHAPE_REPRESENTATION(#4655,#4657);
#4655 = ( REPRESENTATION_RELATIONSHIP('','',#4595,#3028) 
REPRESENTATION_RELATIONSHIP_WITH_TRANSFORMATION(#4656) 
SHAPE_REPRESENTATION_RELATIONSHIP() );
#4656 = ITEM_DEFINED_TRANSFORMATION('','',#11,#3109);
#4657 = PRODUCT_DEFINITION_SHAPE('Placement','Placement of an item',
  #4658);
#4658 = NEXT_ASSEMBLY_USAGE_OCCURRENCE('288','Leads020','',#3023,#4590,$
  );
#4659 = PRODUCT_RELATED_PRODUCT_CATEGORY('part',$,(#4592));
#4660 = SHAPE_DEFINITION_REPRESENTATION(#4661,#4667);
#4661 = PRODUCT_DEFINITION_SHAPE('','',#4662);
#4662 = PRODUCT_DEFINITION('design','',#4663,#4666);
#4663 = PRODUCT_DEFINITION_FORMATION('','',#4664);
#4664 = PRODUCT('Leads021','Leads021','',(#4665));
#4665 = PRODUCT_CONTEXT('',#2,'mechanical');
#4666 = PRODUCT_DEFINITION_CONTEXT('part definition',#2,'design');
#4667 = ADVANCED_BREP_SHAPE_REPRESENTATION('',(#11,#4668),#4721);
#4668 = MANIFOLD_SOLID_BREP('',#4669);
#4669 = CLOSED_SHELL('',(#4670,#4703,#4712));
#4670 = ADVANCED_FACE('',(#4671),#4698,.T.);
#4671 = FACE_BOUND('',#4672,.T.);
#4672 = EDGE_LOOP('',(#4673,#4682,#4690,#4697));
#4673 = ORIENTED_EDGE('',*,*,#4674,.F.);
#4674 = EDGE_CURVE('',#4675,#4675,#4677,.T.);
#4675 = VERTEX_POINT('',#4676);
#4676 = CARTESIAN_POINT('',(21.8455,-2.54,0.1));
#4677 = CIRCLE('',#4678,0.2555);
#4678 = AXIS2_PLACEMENT_3D('',#4679,#4680,#4681);
#4679 = CARTESIAN_POINT('',(21.59,-2.54,0.1));
#4680 = DIRECTION('',(0.,0.,1.));
#4681 = DIRECTION('',(1.,0.,-0.));
#4682 = ORIENTED_EDGE('',*,*,#4683,.F.);
#4683 = EDGE_CURVE('',#4684,#4675,#4686,.T.);
#4684 = VERTEX_POINT('',#4685);
#4685 = CARTESIAN_POINT('',(21.8455,-2.54,-5.));
#4686 = LINE('',#4687,#4688);
#4687 = CARTESIAN_POINT('',(21.8455,-2.54,-5.));
#4688 = VECTOR('',#4689,1.);
#4689 = DIRECTION('',(0.,0.,1.));
#4690 = ORIENTED_EDGE('',*,*,#4691,.T.);
#4691 = EDGE_CURVE('',#4684,#4684,#4692,.T.);
#4692 = CIRCLE('',#4693,0.2555);
#4693 = AXIS2_PLACEMENT_3D('',#4694,#4695,#4696);
#4694 = CARTESIAN_POINT('',(21.59,-2.54,-5.));
#4695 = DIRECTION('',(0.,0.,1.));
#4696 = DIRECTION('',(1.,0.,-0.));
#4697 = ORIENTED_EDGE('',*,*,#4683,.T.);
#4698 = CYLINDRICAL_SURFACE('',#4699,0.2555);
#4699 = AXIS2_PLACEMENT_3D('',#4700,#4701,#4702);
#4700 = CARTESIAN_POINT('',(21.59,-2.54,-5.));
#4701 = DIRECTION('',(0.,0.,1.));
#4702 = DIRECTION('',(1.,0.,-0.));
#4703 = ADVANCED_FACE('',(#4704),#4707,.T.);
#4704 = FACE_BOUND('',#4705,.T.);
#4705 = EDGE_LOOP('',(#4706));
#4706 = ORIENTED_EDGE('',*,*,#4674,.T.);
#4707 = PLANE('',#4708);
#4708 = AXIS2_PLACEMENT_3D('',#4709,#4710,#4711);
#4709 = CARTESIAN_POINT('',(21.59,-2.54,0.1));
#4710 = DIRECTION('',(0.,0.,1.));
#4711 = DIRECTION('',(1.,0.,-0.));
#4712 = ADVANCED_FACE('',(#4713),#4716,.F.);
#4713 = FACE_BOUND('',#4714,.T.);
#4714 = EDGE_LOOP('',(#4715));
#4715 = ORIENTED_EDGE('',*,*,#4691,.F.);
#4716 = PLANE('',#4717);
#4717 = AXIS2_PLACEMENT_3D('',#4718,#4719,#4720);
#4718 = CARTESIAN_POINT('',(21.59,-2.54,-5.));
#4719 = DIRECTION('',(0.,0.,1.));
#4720 = DIRECTION('',(1.,0.,-0.));
#4721 = ( GEOMETRIC_REPRESENTATION_CONTEXT(3) 
GLOBAL_UNCERTAINTY_ASSIGNED_CONTEXT((#4725)) 
GLOBAL_UNIT_ASSIGNED_CONTEXT((#4722,#4723,#4724)) REPRESENTATION_CONTEXT
('Context #1','3D Context with UNIT and UNCERTAINTY') );
#4722 = ( LENGTH_UNIT() NAMED_UNIT(*) SI_UNIT(.MILLI.,.METRE.) );
#4723 = ( NAMED_UNIT(*) PLANE_ANGLE_UNIT() SI_UNIT($,.RADIAN.) );
#4724 = ( NAMED_UNIT(*) SI_UNIT($,.STERADIAN.) SOLID_ANGLE_UNIT() );
#4725 = UNCERTAINTY_MEASURE_WITH_UNIT(LENGTH_MEASURE(1.E-07),#4722,
  'distance_accuracy_value','confusion accuracy');
#4726 = CONTEXT_DEPENDENT_SHAPE_REPRESENTATION(#4727,#4729);
#4727 = ( REPRESENTATION_RELATIONSHIP('','',#4667,#3028) 
REPRESENTATION_RELATIONSHIP_WITH_TRANSFORMATION(#4728) 
SHAPE_REPRESENTATION_RELATIONSHIP() );
#4728 = ITEM_DEFINED_TRANSFORMATION('','',#11,#3113);
#4729 = PRODUCT_DEFINITION_SHAPE('Placement','Placement of an item',
  #4730);
#4730 = NEXT_ASSEMBLY_USAGE_OCCURRENCE('289','Leads021','',#3023,#4662,$
  );
#4731 = PRODUCT_RELATED_PRODUCT_CATEGORY('part',$,(#4664));
#4732 = SHAPE_DEFINITION_REPRESENTATION(#4733,#4739);
#4733 = PRODUCT_DEFINITION_SHAPE('','',#4734);
#4734 = PRODUCT_DEFINITION('design','',#4735,#4738);
#4735 = PRODUCT_DEFINITION_FORMATION('','',#4736);
#4736 = PRODUCT('Leads022','Leads022','',(#4737));
#4737 = PRODUCT_CONTEXT('',#2,'mechanical');
#4738 = PRODUCT_DEFINITION_CONTEXT('part definition',#2,'design');
#4739 = ADVANCED_BREP_SHAPE_REPRESENTATION('',(#11,#4740),#4793);
#4740 = MANIFOLD_SOLID_BREP('',#4741);
#4741 = CLOSED_SHELL('',(#4742,#4775,#4784));
#4742 = ADVANCED_FACE('',(#4743),#4770,.T.);
#4743 = FACE_BOUND('',#4744,.T.);
#4744 = EDGE_LOOP('',(#4745,#4754,#4762,#4769));
#4745 = ORIENTED_EDGE('',*,*,#4746,.F.);
#4746 = EDGE_CURVE('',#4747,#4747,#4749,.T.);
#4747 = VERTEX_POINT('',#4748);
#4748 = CARTESIAN_POINT('',(24.3855,-2.54,0.1));
#4749 = CIRCLE('',#4750,0.2555);
#4750 = AXIS2_PLACEMENT_3D('',#4751,#4752,#4753);
#4751 = CARTESIAN_POINT('',(24.13,-2.54,0.1));
#4752 = DIRECTION('',(0.,0.,1.));
#4753 = DIRECTION('',(1.,0.,-0.));
#4754 = ORIENTED_EDGE('',*,*,#4755,.F.);
#4755 = EDGE_CURVE('',#4756,#4747,#4758,.T.);
#4756 = VERTEX_POINT('',#4757);
#4757 = CARTESIAN_POINT('',(24.3855,-2.54,-5.));
#4758 = LINE('',#4759,#4760);
#4759 = CARTESIAN_POINT('',(24.3855,-2.54,-5.));
#4760 = VECTOR('',#4761,1.);
#4761 = DIRECTION('',(0.,0.,1.));
#4762 = ORIENTED_EDGE('',*,*,#4763,.T.);
#4763 = EDGE_CURVE('',#4756,#4756,#4764,.T.);
#4764 = CIRCLE('',#4765,0.2555);
#4765 = AXIS2_PLACEMENT_3D('',#4766,#4767,#4768);
#4766 = CARTESIAN_POINT('',(24.13,-2.54,-5.));
#4767 = DIRECTION('',(0.,0.,1.));
#4768 = DIRECTION('',(1.,0.,-0.));
#4769 = ORIENTED_EDGE('',*,*,#4755,.T.);
#4770 = CYLINDRICAL_SURFACE('',#4771,0.2555);
#4771 = AXIS2_PLACEMENT_3D('',#4772,#4773,#4774);
#4772 = CARTESIAN_POINT('',(24.13,-2.54,-5.));
#4773 = DIRECTION('',(0.,0.,1.));
#4774 = DIRECTION('',(1.,0.,-0.));
#4775 = ADVANCED_FACE('',(#4776),#4779,.T.);
#4776 = FACE_BOUND('',#4777,.T.);
#4777 = EDGE_LOOP('',(#4778));
#4778 = ORIENTED_EDGE('',*,*,#4746,.T.);
#4779 = PLANE('',#4780);
#4780 = AXIS2_PLACEMENT_3D('',#4781,#4782,#4783);
#4781 = CARTESIAN_POINT('',(24.13,-2.54,0.1));
#4782 = DIRECTION('',(0.,0.,1.));
#4783 = DIRECTION('',(1.,0.,-0.));
#4784 = ADVANCED_FACE('',(#4785),#4788,.F.);
#4785 = FACE_BOUND('',#4786,.T.);
#4786 = EDGE_LOOP('',(#4787));
#4787 = ORIENTED_EDGE('',*,*,#4763,.F.);
#4788 = PLANE('',#4789);
#4789 = AXIS2_PLACEMENT_3D('',#4790,#4791,#4792);
#4790 = CARTESIAN_POINT('',(24.13,-2.54,-5.));
#4791 = DIRECTION('',(0.,0.,1.));
#4792 = DIRECTION('',(1.,0.,-0.));
#4793 = ( GEOMETRIC_REPRESENTATION_CONTEXT(3) 
GLOBAL_UNCERTAINTY_ASSIGNED_CONTEXT((#4797)) 
GLOBAL_UNIT_ASSIGNED_CONTEXT((#4794,#4795,#4796)) REPRESENTATION_CONTEXT
('Context #1','3D Context with UNIT and UNCERTAINTY') );
#4794 = ( LENGTH_UNIT() NAMED_UNIT(*) SI_UNIT(.MILLI.,.METRE.) );
#4795 = ( NAMED_UNIT(*) PLANE_ANGLE_UNIT() SI_UNIT($,.RADIAN.) );
#4796 = ( NAMED_UNIT(*) SI_UNIT($,.STERADIAN.) SOLID_ANGLE_UNIT() );
#4797 = UNCERTAINTY_MEASURE_WITH_UNIT(LENGTH_MEASURE(1.E-07),#4794,
  'distance_accuracy_value','confusion accuracy');
#4798 = CONTEXT_DEPENDENT_SHAPE_REPRESENTATION(#4799,#4801);
#4799 = ( REPRESENTATION_RELATIONSHIP('','',#4739,#3028) 
REPRESENTATION_RELATIONSHIP_WITH_TRANSFORMATION(#4800) 
SHAPE_REPRESENTATION_RELATIONSHIP() );
#4800 = ITEM_DEFINED_TRANSFORMATION('','',#11,#3117);
#4801 = PRODUCT_DEFINITION_SHAPE('Placement','Placement of an item',
  #4802);
#4802 = NEXT_ASSEMBLY_USAGE_OCCURRENCE('290','Leads022','',#3023,#4734,$
  );
#4803 = PRODUCT_RELATED_PRODUCT_CATEGORY('part',$,(#4736));
#4804 = SHAPE_DEFINITION_REPRESENTATION(#4805,#4811);
#4805 = PRODUCT_DEFINITION_SHAPE('','',#4806);
#4806 = PRODUCT_DEFINITION('design','',#4807,#4810);
#4807 = PRODUCT_DEFINITION_FORMATION('','',#4808);
#4808 = PRODUCT('Leads023','Leads023','',(#4809));
#4809 = PRODUCT_CONTEXT('',#2,'mechanical');
#4810 = PRODUCT_DEFINITION_CONTEXT('part definition',#2,'design');
#4811 = ADVANCED_BREP_SHAPE_REPRESENTATION('',(#11,#4812),#4865);
#4812 = MANIFOLD_SOLID_BREP('',#4813);
#4813 = CLOSED_SHELL('',(#4814,#4847,#4856));
#4814 = ADVANCED_FACE('',(#4815),#4842,.T.);
#4815 = FACE_BOUND('',#4816,.T.);
#4816 = EDGE_LOOP('',(#4817,#4826,#4834,#4841));
#4817 = ORIENTED_EDGE('',*,*,#4818,.F.);
#4818 = EDGE_CURVE('',#4819,#4819,#4821,.T.);
#4819 = VERTEX_POINT('',#4820);
#4820 = CARTESIAN_POINT('',(26.9255,-2.54,0.1));
#4821 = CIRCLE('',#4822,0.2555);
#4822 = AXIS2_PLACEMENT_3D('',#4823,#4824,#4825);
#4823 = CARTESIAN_POINT('',(26.67,-2.54,0.1));
#4824 = DIRECTION('',(0.,0.,1.));
#4825 = DIRECTION('',(1.,0.,-0.));
#4826 = ORIENTED_EDGE('',*,*,#4827,.F.);
#4827 = EDGE_CURVE('',#4828,#4819,#4830,.T.);
#4828 = VERTEX_POINT('',#4829);
#4829 = CARTESIAN_POINT('',(26.9255,-2.54,-5.));
#4830 = LINE('',#4831,#4832);
#4831 = CARTESIAN_POINT('',(26.9255,-2.54,-5.));
#4832 = VECTOR('',#4833,1.);
#4833 = DIRECTION('',(0.,0.,1.));
#4834 = ORIENTED_EDGE('',*,*,#4835,.T.);
#4835 = EDGE_CURVE('',#4828,#4828,#4836,.T.);
#4836 = CIRCLE('',#4837,0.2555);
#4837 = AXIS2_PLACEMENT_3D('',#4838,#4839,#4840);
#4838 = CARTESIAN_POINT('',(26.67,-2.54,-5.));
#4839 = DIRECTION('',(0.,0.,1.));
#4840 = DIRECTION('',(1.,0.,-0.));
#4841 = ORIENTED_EDGE('',*,*,#4827,.T.);
#4842 = CYLINDRICAL_SURFACE('',#4843,0.2555);
#4843 = AXIS2_PLACEMENT_3D('',#4844,#4845,#4846);
#4844 = CARTESIAN_POINT('',(26.67,-2.54,-5.));
#4845 = DIRECTION('',(0.,0.,1.));
#4846 = DIRECTION('',(1.,0.,-0.));
#4847 = ADVANCED_FACE('',(#4848),#4851,.T.);
#4848 = FACE_BOUND('',#4849,.T.);
#4849 = EDGE_LOOP('',(#4850));
#4850 = ORIENTED_EDGE('',*,*,#4818,.T.);
#4851 = PLANE('',#4852);
#4852 = AXIS2_PLACEMENT_3D('',#4853,#4854,#4855);
#4853 = CARTESIAN_POINT('',(26.67,-2.54,0.1));
#4854 = DIRECTION('',(0.,0.,1.));
#4855 = DIRECTION('',(1.,0.,-0.));
#4856 = ADVANCED_FACE('',(#4857),#4860,.F.);
#4857 = FACE_BOUND('',#4858,.T.);
#4858 = EDGE_LOOP('',(#4859));
#4859 = ORIENTED_EDGE('',*,*,#4835,.F.);
#4860 = PLANE('',#4861);
#4861 = AXIS2_PLACEMENT_3D('',#4862,#4863,#4864);
#4862 = CARTESIAN_POINT('',(26.67,-2.54,-5.));
#4863 = DIRECTION('',(0.,0.,1.));
#4864 = DIRECTION('',(1.,0.,-0.));
#4865 = ( GEOMETRIC_REPRESENTATION_CONTEXT(3) 
GLOBAL_UNCERTAINTY_ASSIGNED_CONTEXT((#4869)) 
GLOBAL_UNIT_ASSIGNED_CONTEXT((#4866,#4867,#4868)) REPRESENTATION_CONTEXT
('Context #1','3D Context with UNIT and UNCERTAINTY') );
#4866 = ( LENGTH_UNIT() NAMED_UNIT(*) SI_UNIT(.MILLI.,.METRE.) );
#4867 = ( NAMED_UNIT(*) PLANE_ANGLE_UNIT() SI_UNIT($,.RADIAN.) );
#4868 = ( NAMED_UNIT(*) SI_UNIT($,.STERADIAN.) SOLID_ANGLE_UNIT() );
#4869 = UNCERTAINTY_MEASURE_WITH_UNIT(LENGTH_MEASURE(1.E-07),#4866,
  'distance_accuracy_value','confusion accuracy');
#4870 = CONTEXT_DEPENDENT_SHAPE_REPRESENTATION(#4871,#4873);
#4871 = ( REPRESENTATION_RELATIONSHIP('','',#4811,#3028) 
REPRESENTATION_RELATIONSHIP_WITH_TRANSFORMATION(#4872) 
SHAPE_REPRESENTATION_RELATIONSHIP() );
#4872 = ITEM_DEFINED_TRANSFORMATION('','',#11,#3121);
#4873 = PRODUCT_DEFINITION_SHAPE('Placement','Placement of an item',
  #4874);
#4874 = NEXT_ASSEMBLY_USAGE_OCCURRENCE('291','Leads023','',#3023,#4806,$
  );
#4875 = PRODUCT_RELATED_PRODUCT_CATEGORY('part',$,(#4808));
#4876 = SHAPE_DEFINITION_REPRESENTATION(#4877,#4883);
#4877 = PRODUCT_DEFINITION_SHAPE('','',#4878);
#4878 = PRODUCT_DEFINITION('design','',#4879,#4882);
#4879 = PRODUCT_DEFINITION_FORMATION('','',#4880);
#4880 = PRODUCT('Leads024','Leads024','',(#4881));
#4881 = PRODUCT_CONTEXT('',#2,'mechanical');
#4882 = PRODUCT_DEFINITION_CONTEXT('part definition',#2,'design');
#4883 = ADVANCED_BREP_SHAPE_REPRESENTATION('',(#11,#4884),#4937);
#4884 = MANIFOLD_SOLID_BREP('',#4885);
#4885 = CLOSED_SHELL('',(#4886,#4919,#4928));
#4886 = ADVANCED_FACE('',(#4887),#4914,.T.);
#4887 = FACE_BOUND('',#4888,.T.);
#4888 = EDGE_LOOP('',(#4889,#4898,#4906,#4913));
#4889 = ORIENTED_EDGE('',*,*,#4890,.F.);
#4890 = EDGE_CURVE('',#4891,#4891,#4893,.T.);
#4891 = VERTEX_POINT('',#4892);
#4892 = CARTESIAN_POINT('',(29.4655,-2.54,0.1));
#4893 = CIRCLE('',#4894,0.2555);
#4894 = AXIS2_PLACEMENT_3D('',#4895,#4896,#4897);
#4895 = CARTESIAN_POINT('',(29.21,-2.54,0.1));
#4896 = DIRECTION('',(0.,0.,1.));
#4897 = DIRECTION('',(1.,0.,-0.));
#4898 = ORIENTED_EDGE('',*,*,#4899,.F.);
#4899 = EDGE_CURVE('',#4900,#4891,#4902,.T.);
#4900 = VERTEX_POINT('',#4901);
#4901 = CARTESIAN_POINT('',(29.4655,-2.54,-5.));
#4902 = LINE('',#4903,#4904);
#4903 = CARTESIAN_POINT('',(29.4655,-2.54,-5.));
#4904 = VECTOR('',#4905,1.);
#4905 = DIRECTION('',(0.,0.,1.));
#4906 = ORIENTED_EDGE('',*,*,#4907,.T.);
#4907 = EDGE_CURVE('',#4900,#4900,#4908,.T.);
#4908 = CIRCLE('',#4909,0.2555);
#4909 = AXIS2_PLACEMENT_3D('',#4910,#4911,#4912);
#4910 = CARTESIAN_POINT('',(29.21,-2.54,-5.));
#4911 = DIRECTION('',(0.,0.,1.));
#4912 = DIRECTION('',(1.,0.,-0.));
#4913 = ORIENTED_EDGE('',*,*,#4899,.T.);
#4914 = CYLINDRICAL_SURFACE('',#4915,0.2555);
#4915 = AXIS2_PLACEMENT_3D('',#4916,#4917,#4918);
#4916 = CARTESIAN_POINT('',(29.21,-2.54,-5.));
#4917 = DIRECTION('',(0.,0.,1.));
#4918 = DIRECTION('',(1.,0.,-0.));
#4919 = ADVANCED_FACE('',(#4920),#4923,.T.);
#4920 = FACE_BOUND('',#4921,.T.);
#4921 = EDGE_LOOP('',(#4922));
#4922 = ORIENTED_EDGE('',*,*,#4890,.T.);
#4923 = PLANE('',#4924);
#4924 = AXIS2_PLACEMENT_3D('',#4925,#4926,#4927);
#4925 = CARTESIAN_POINT('',(29.21,-2.54,0.1));
#4926 = DIRECTION('',(0.,0.,1.));
#4927 = DIRECTION('',(1.,0.,-0.));
#4928 = ADVANCED_FACE('',(#4929),#4932,.F.);
#4929 = FACE_BOUND('',#4930,.T.);
#4930 = EDGE_LOOP('',(#4931));
#4931 = ORIENTED_EDGE('',*,*,#4907,.F.);
#4932 = PLANE('',#4933);
#4933 = AXIS2_PLACEMENT_3D('',#4934,#4935,#4936);
#4934 = CARTESIAN_POINT('',(29.21,-2.54,-5.));
#4935 = DIRECTION('',(0.,0.,1.));
#4936 = DIRECTION('',(1.,0.,-0.));
#4937 = ( GEOMETRIC_REPRESENTATION_CONTEXT(3) 
GLOBAL_UNCERTAINTY_ASSIGNED_CONTEXT((#4941)) 
GLOBAL_UNIT_ASSIGNED_CONTEXT((#4938,#4939,#4940)) REPRESENTATION_CONTEXT
('Context #1','3D Context with UNIT and UNCERTAINTY') );
#4938 = ( LENGTH_UNIT() NAMED_UNIT(*) SI_UNIT(.MILLI.,.METRE.) );
#4939 = ( NAMED_UNIT(*) PLANE_ANGLE_UNIT() SI_UNIT($,.RADIAN.) );
#4940 = ( NAMED_UNIT(*) SI_UNIT($,.STERADIAN.) SOLID_ANGLE_UNIT() );
#4941 = UNCERTAINTY_MEASURE_WITH_UNIT(LENGTH_MEASURE(1.E-07),#4938,
  'distance_accuracy_value','confusion accuracy');
#4942 = CONTEXT_DEPENDENT_SHAPE_REPRESENTATION(#4943,#4945);
#4943 = ( REPRESENTATION_RELATIONSHIP('','',#4883,#3028) 
REPRESENTATION_RELATIONSHIP_WITH_TRANSFORMATION(#4944) 
SHAPE_REPRESENTATION_RELATIONSHIP() );
#4944 = ITEM_DEFINED_TRANSFORMATION('','',#11,#3125);
#4945 = PRODUCT_DEFINITION_SHAPE('Placement','Placement of an item',
  #4946);
#4946 = NEXT_ASSEMBLY_USAGE_OCCURRENCE('292','Leads024','',#3023,#4878,$
  );
#4947 = PRODUCT_RELATED_PRODUCT_CATEGORY('part',$,(#4880));
#4948 = SHAPE_DEFINITION_REPRESENTATION(#4949,#4955);
#4949 = PRODUCT_DEFINITION_SHAPE('','',#4950);
#4950 = PRODUCT_DEFINITION('design','',#4951,#4954);
#4951 = PRODUCT_DEFINITION_FORMATION('','',#4952);
#4952 = PRODUCT('Leads025','Leads025','',(#4953));
#4953 = PRODUCT_CONTEXT('',#2,'mechanical');
#4954 = PRODUCT_DEFINITION_CONTEXT('part definition',#2,'design');
#4955 = ADVANCED_BREP_SHAPE_REPRESENTATION('',(#11,#4956),#5009);
#4956 = MANIFOLD_SOLID_BREP('',#4957);
#4957 = CLOSED_SHELL('',(#4958,#4991,#5000));
#4958 = ADVANCED_FACE('',(#4959),#4986,.T.);
#4959 = FACE_BOUND('',#4960,.T.);
#4960 = EDGE_LOOP('',(#4961,#4970,#4978,#4985));
#4961 = ORIENTED_EDGE('',*,*,#4962,.F.);
#4962 = EDGE_CURVE('',#4963,#4963,#4965,.T.);
#4963 = VERTEX_POINT('',#4964);
#4964 = CARTESIAN_POINT('',(-2.59,-1.27,0.1));
#4965 = CIRCLE('',#4966,1.22);
#4966 = AXIS2_PLACEMENT_3D('',#4967,#4968,#4969);
#4967 = CARTESIAN_POINT('',(-3.81,-1.27,0.1));
#4968 = DIRECTION('',(0.,0.,1.));
#4969 = DIRECTION('',(1.,0.,-0.));
#4970 = ORIENTED_EDGE('',*,*,#4971,.F.);
#4971 = EDGE_CURVE('',#4972,#4963,#4974,.T.);
#4972 = VERTEX_POINT('',#4973);
#4973 = CARTESIAN_POINT('',(-2.59,-1.27,-5.));
#4974 = LINE('',#4975,#4976);
#4975 = CARTESIAN_POINT('',(-2.59,-1.27,-5.));
#4976 = VECTOR('',#4977,1.);
#4977 = DIRECTION('',(0.,0.,1.));
#4978 = ORIENTED_EDGE('',*,*,#4979,.T.);
#4979 = EDGE_CURVE('',#4972,#4972,#4980,.T.);
#4980 = CIRCLE('',#4981,1.22);
#4981 = AXIS2_PLACEMENT_3D('',#4982,#4983,#4984);
#4982 = CARTESIAN_POINT('',(-3.81,-1.27,-5.));
#4983 = DIRECTION('',(0.,0.,1.));
#4984 = DIRECTION('',(1.,0.,-0.));
#4985 = ORIENTED_EDGE('',*,*,#4971,.T.);
#4986 = CYLINDRICAL_SURFACE('',#4987,1.22);
#4987 = AXIS2_PLACEMENT_3D('',#4988,#4989,#4990);
#4988 = CARTESIAN_POINT('',(-3.81,-1.27,-5.));
#4989 = DIRECTION('',(0.,0.,1.));
#4990 = DIRECTION('',(1.,0.,-0.));
#4991 = ADVANCED_FACE('',(#4992),#4995,.T.);
#4992 = FACE_BOUND('',#4993,.T.);
#4993 = EDGE_LOOP('',(#4994));
#4994 = ORIENTED_EDGE('',*,*,#4962,.T.);
#4995 = PLANE('',#4996);
#4996 = AXIS2_PLACEMENT_3D('',#4997,#4998,#4999);
#4997 = CARTESIAN_POINT('',(-3.81,-1.27,0.1));
#4998 = DIRECTION('',(0.,0.,1.));
#4999 = DIRECTION('',(1.,0.,-0.));
#5000 = ADVANCED_FACE('',(#5001),#5004,.F.);
#5001 = FACE_BOUND('',#5002,.T.);
#5002 = EDGE_LOOP('',(#5003));
#5003 = ORIENTED_EDGE('',*,*,#4979,.F.);
#5004 = PLANE('',#5005);
#5005 = AXIS2_PLACEMENT_3D('',#5006,#5007,#5008);
#5006 = CARTESIAN_POINT('',(-3.81,-1.27,-5.));
#5007 = DIRECTION('',(0.,0.,1.));
#5008 = DIRECTION('',(1.,0.,-0.));
#5009 = ( GEOMETRIC_REPRESENTATION_CONTEXT(3) 
GLOBAL_UNCERTAINTY_ASSIGNED_CONTEXT((#5013)) 
GLOBAL_UNIT_ASSIGNED_CONTEXT((#5010,#5011,#5012)) REPRESENTATION_CONTEXT
('Context #1','3D Context with UNIT and UNCERTAINTY') );
#5010 = ( LENGTH_UNIT() NAMED_UNIT(*) SI_UNIT(.MILLI.,.METRE.) );
#5011 = ( NAMED_UNIT(*) PLANE_ANGLE_UNIT() SI_UNIT($,.RADIAN.) );
#5012 = ( NAMED_UNIT(*) SI_UNIT($,.STERADIAN.) SOLID_ANGLE_UNIT() );
#5013 = UNCERTAINTY_MEASURE_WITH_UNIT(LENGTH_MEASURE(1.E-07),#5010,
  'distance_accuracy_value','confusion accuracy');
#5014 = CONTEXT_DEPENDENT_SHAPE_REPRESENTATION(#5015,#5017);
#5015 = ( REPRESENTATION_RELATIONSHIP('','',#4955,#3028) 
REPRESENTATION_RELATIONSHIP_WITH_TRANSFORMATION(#5016) 
SHAPE_REPRESENTATION_RELATIONSHIP() );
#5016 = ITEM_DEFINED_TRANSFORMATION('','',#11,#3129);
#5017 = PRODUCT_DEFINITION_SHAPE('Placement','Placement of an item',
  #5018);
#5018 = NEXT_ASSEMBLY_USAGE_OCCURRENCE('293','Leads025','',#3023,#4950,$
  );
#5019 = PRODUCT_RELATED_PRODUCT_CATEGORY('part',$,(#4952));
#5020 = SHAPE_DEFINITION_REPRESENTATION(#5021,#5027);
#5021 = PRODUCT_DEFINITION_SHAPE('','',#5022);
#5022 = PRODUCT_DEFINITION('design','',#5023,#5026);
#5023 = PRODUCT_DEFINITION_FORMATION('','',#5024);
#5024 = PRODUCT('Leads026','Leads026','',(#5025));
#5025 = PRODUCT_CONTEXT('',#2,'mechanical');
#5026 = PRODUCT_DEFINITION_CONTEXT('part definition',#2,'design');
#5027 = ADVANCED_BREP_SHAPE_REPRESENTATION('',(#11,#5028),#5081);
#5028 = MANIFOLD_SOLID_BREP('',#5029);
#5029 = CLOSED_SHELL('',(#5030,#5063,#5072));
#5030 = ADVANCED_FACE('',(#5031),#5058,.T.);
#5031 = FACE_BOUND('',#5032,.T.);
#5032 = EDGE_LOOP('',(#5033,#5042,#5050,#5057));
#5033 = ORIENTED_EDGE('',*,*,#5034,.F.);
#5034 = EDGE_CURVE('',#5035,#5035,#5037,.T.);
#5035 = VERTEX_POINT('',#5036);
#5036 = CARTESIAN_POINT('',(35.51,-1.27,0.1));
#5037 = CIRCLE('',#5038,1.22);
#5038 = AXIS2_PLACEMENT_3D('',#5039,#5040,#5041);
#5039 = CARTESIAN_POINT('',(34.29,-1.27,0.1));
#5040 = DIRECTION('',(0.,0.,1.));
#5041 = DIRECTION('',(1.,0.,-0.));
#5042 = ORIENTED_EDGE('',*,*,#5043,.F.);
#5043 = EDGE_CURVE('',#5044,#5035,#5046,.T.);
#5044 = VERTEX_POINT('',#5045);
#5045 = CARTESIAN_POINT('',(35.51,-1.27,-5.));
#5046 = LINE('',#5047,#5048);
#5047 = CARTESIAN_POINT('',(35.51,-1.27,-5.));
#5048 = VECTOR('',#5049,1.);
#5049 = DIRECTION('',(0.,0.,1.));
#5050 = ORIENTED_EDGE('',*,*,#5051,.T.);
#5051 = EDGE_CURVE('',#5044,#5044,#5052,.T.);
#5052 = CIRCLE('',#5053,1.22);
#5053 = AXIS2_PLACEMENT_3D('',#5054,#5055,#5056);
#5054 = CARTESIAN_POINT('',(34.29,-1.27,-5.));
#5055 = DIRECTION('',(0.,0.,1.));
#5056 = DIRECTION('',(1.,0.,-0.));
#5057 = ORIENTED_EDGE('',*,*,#5043,.T.);
#5058 = CYLINDRICAL_SURFACE('',#5059,1.22);
#5059 = AXIS2_PLACEMENT_3D('',#5060,#5061,#5062);
#5060 = CARTESIAN_POINT('',(34.29,-1.27,-5.));
#5061 = DIRECTION('',(0.,0.,1.));
#5062 = DIRECTION('',(1.,0.,-0.));
#5063 = ADVANCED_FACE('',(#5064),#5067,.T.);
#5064 = FACE_BOUND('',#5065,.T.);
#5065 = EDGE_LOOP('',(#5066));
#5066 = ORIENTED_EDGE('',*,*,#5034,.T.);
#5067 = PLANE('',#5068);
#5068 = AXIS2_PLACEMENT_3D('',#5069,#5070,#5071);
#5069 = CARTESIAN_POINT('',(34.29,-1.27,0.1));
#5070 = DIRECTION('',(0.,0.,1.));
#5071 = DIRECTION('',(1.,0.,-0.));
#5072 = ADVANCED_FACE('',(#5073),#5076,.F.);
#5073 = FACE_BOUND('',#5074,.T.);
#5074 = EDGE_LOOP('',(#5075));
#5075 = ORIENTED_EDGE('',*,*,#5051,.F.);
#5076 = PLANE('',#5077);
#5077 = AXIS2_PLACEMENT_3D('',#5078,#5079,#5080);
#5078 = CARTESIAN_POINT('',(34.29,-1.27,-5.));
#5079 = DIRECTION('',(0.,0.,1.));
#5080 = DIRECTION('',(1.,0.,-0.));
#5081 = ( GEOMETRIC_REPRESENTATION_CONTEXT(3) 
GLOBAL_UNCERTAINTY_ASSIGNED_CONTEXT((#5085)) 
GLOBAL_UNIT_ASSIGNED_CONTEXT((#5082,#5083,#5084)) REPRESENTATION_CONTEXT
('Context #1','3D Context with UNIT and UNCERTAINTY') );
#5082 = ( LENGTH_UNIT() NAMED_UNIT(*) SI_UNIT(.MILLI.,.METRE.) );
#5083 = ( NAMED_UNIT(*) PLANE_ANGLE_UNIT() SI_UNIT($,.RADIAN.) );
#5084 = ( NAMED_UNIT(*) SI_UNIT($,.STERADIAN.) SOLID_ANGLE_UNIT() );
#5085 = UNCERTAINTY_MEASURE_WITH_UNIT(LENGTH_MEASURE(1.E-07),#5082,
  'distance_accuracy_value','confusion accuracy');
#5086 = CONTEXT_DEPENDENT_SHAPE_REPRESENTATION(#5087,#5089);
#5087 = ( REPRESENTATION_RELATIONSHIP('','',#5027,#3028) 
REPRESENTATION_RELATIONSHIP_WITH_TRANSFORMATION(#5088) 
SHAPE_REPRESENTATION_RELATIONSHIP() );
#5088 = ITEM_DEFINED_TRANSFORMATION('','',#11,#3133);
#5089 = PRODUCT_DEFINITION_SHAPE('Placement','Placement of an item',
  #5090);
#5090 = NEXT_ASSEMBLY_USAGE_OCCURRENCE('294','Leads026','',#3023,#5022,$
  );
#5091 = PRODUCT_RELATED_PRODUCT_CATEGORY('part',$,(#5024));
#5092 = SHAPE_DEFINITION_REPRESENTATION(#5093,#5099);
#5093 = PRODUCT_DEFINITION_SHAPE('','',#5094);
#5094 = PRODUCT_DEFINITION('design','',#5095,#5098);
#5095 = PRODUCT_DEFINITION_FORMATION('','',#5096);
#5096 = PRODUCT('J2_ASSEMBLY_b898d254b886','J2_ASSEMBLY_b898d254b886',''
  ,(#5097));
#5097 = PRODUCT_CONTEXT('',#2,'mechanical');
#5098 = PRODUCT_DEFINITION_CONTEXT('part definition',#2,'design');
#5099 = SHAPE_REPRESENTATION('',(#11,#5100,#5104),#5108);
#5100 = AXIS2_PLACEMENT_3D('',#5101,#5102,#5103);
#5101 = CARTESIAN_POINT('',(0.,0.,0.1));
#5102 = DIRECTION('',(0.,0.,1.));
#5103 = DIRECTION('',(1.,0.,0.));
#5104 = AXIS2_PLACEMENT_3D('',#5105,#5106,#5107);
#5105 = CARTESIAN_POINT('',(0.,0.,0.));
#5106 = DIRECTION('',(0.,0.,1.));
#5107 = DIRECTION('',(1.,0.,0.));
#5108 = ( GEOMETRIC_REPRESENTATION_CONTEXT(3) 
GLOBAL_UNCERTAINTY_ASSIGNED_CONTEXT((#5112)) 
GLOBAL_UNIT_ASSIGNED_CONTEXT((#5109,#5110,#5111)) REPRESENTATION_CONTEXT
('Context #1','3D Context with UNIT and UNCERTAINTY') );
#5109 = ( LENGTH_UNIT() NAMED_UNIT(*) SI_UNIT(.MILLI.,.METRE.) );
#5110 = ( NAMED_UNIT(*) PLANE_ANGLE_UNIT() SI_UNIT($,.RADIAN.) );
#5111 = ( NAMED_UNIT(*) SI_UNIT($,.STERADIAN.) SOLID_ANGLE_UNIT() );
#5112 = UNCERTAINTY_MEASURE_WITH_UNIT(LENGTH_MEASURE(1.E-07),#5109,
  'distance_accuracy_value','confusion accuracy');
#5113 = CONTEXT_DEPENDENT_SHAPE_REPRESENTATION(#5114,#5116);
#5114 = ( REPRESENTATION_RELATIONSHIP('','',#5099,#2805) 
REPRESENTATION_RELATIONSHIP_WITH_TRANSFORMATION(#5115) 
SHAPE_REPRESENTATION_RELATIONSHIP() );
#5115 = ITEM_DEFINED_TRANSFORMATION('','',#11,#2810);
#5116 = PRODUCT_DEFINITION_SHAPE('Placement','Placement of an item',
  #5117);
#5117 = NEXT_ASSEMBLY_USAGE_OCCURRENCE('326','J2_ASSEMBLY_b898d254b886',
  '',#2800,#5094,$);
#5118 = PRODUCT_RELATED_PRODUCT_CATEGORY('part',$,(#5096));
#5119 = SHAPE_DEFINITION_REPRESENTATION(#5120,#5126);
#5120 = PRODUCT_DEFINITION_SHAPE('','',#5121);
#5121 = PRODUCT_DEFINITION('design','',#5122,#5125);
#5122 = PRODUCT_DEFINITION_FORMATION('','',#5123);
#5123 = PRODUCT('Body001','Body001','',(#5124));
#5124 = PRODUCT_CONTEXT('',#2,'mechanical');
#5125 = PRODUCT_DEFINITION_CONTEXT('part definition',#2,'design');
#5126 = ADVANCED_BREP_SHAPE_REPRESENTATION('',(#11,#5127),#5277);
#5127 = MANIFOLD_SOLID_BREP('',#5128);
#5128 = CLOSED_SHELL('',(#5129,#5169,#5200,#5231,#5253,#5265));
#5129 = ADVANCED_FACE('',(#5130),#5164,.F.);
#5130 = FACE_BOUND('',#5131,.F.);
#5131 = EDGE_LOOP('',(#5132,#5142,#5150,#5158));
#5132 = ORIENTED_EDGE('',*,*,#5133,.T.);
#5133 = EDGE_CURVE('',#5134,#5136,#5138,.T.);
#5134 = VERTEX_POINT('',#5135);
#5135 = CARTESIAN_POINT('',(-6.86,-5.18,0.));
#5136 = VERTEX_POINT('',#5137);
#5137 = CARTESIAN_POINT('',(-6.86,-5.18,13.74));
#5138 = LINE('',#5139,#5140);
#5139 = CARTESIAN_POINT('',(-6.86,-5.18,0.));
#5140 = VECTOR('',#5141,1.);
#5141 = DIRECTION('',(0.,0.,1.));
#5142 = ORIENTED_EDGE('',*,*,#5143,.T.);
#5143 = EDGE_CURVE('',#5136,#5144,#5146,.T.);
#5144 = VERTEX_POINT('',#5145);
#5145 = CARTESIAN_POINT('',(37.34,-5.18,13.74));
#5146 = LINE('',#5147,#5148);
#5147 = CARTESIAN_POINT('',(-6.86,-5.18,13.74));
#5148 = VECTOR('',#5149,1.);
#5149 = DIRECTION('',(1.,0.,0.));
#5150 = ORIENTED_EDGE('',*,*,#5151,.F.);
#5151 = EDGE_CURVE('',#5152,#5144,#5154,.T.);
#5152 = VERTEX_POINT('',#5153);
#5153 = CARTESIAN_POINT('',(37.34,-5.18,0.));
#5154 = LINE('',#5155,#5156);
#5155 = CARTESIAN_POINT('',(37.34,-5.18,0.));
#5156 = VECTOR('',#5157,1.);
#5157 = DIRECTION('',(0.,0.,1.));
#5158 = ORIENTED_EDGE('',*,*,#5159,.F.);
#5159 = EDGE_CURVE('',#5134,#5152,#5160,.T.);
#5160 = LINE('',#5161,#5162);
#5161 = CARTESIAN_POINT('',(-6.86,-5.18,0.));
#5162 = VECTOR('',#5163,1.);
#5163 = DIRECTION('',(1.,0.,0.));
#5164 = PLANE('',#5165);
#5165 = AXIS2_PLACEMENT_3D('',#5166,#5167,#5168);
#5166 = CARTESIAN_POINT('',(-6.86,-5.18,0.));
#5167 = DIRECTION('',(0.,1.,0.));
#5168 = DIRECTION('',(1.,0.,0.));
#5169 = ADVANCED_FACE('',(#5170),#5195,.F.);
#5170 = FACE_BOUND('',#5171,.F.);
#5171 = EDGE_LOOP('',(#5172,#5173,#5181,#5189));
#5172 = ORIENTED_EDGE('',*,*,#5151,.T.);
#5173 = ORIENTED_EDGE('',*,*,#5174,.T.);
#5174 = EDGE_CURVE('',#5144,#5175,#5177,.T.);
#5175 = VERTEX_POINT('',#5176);
#5176 = CARTESIAN_POINT('',(37.34,2.64,13.74));
#5177 = LINE('',#5178,#5179);
#5178 = CARTESIAN_POINT('',(37.34,-5.18,13.74));
#5179 = VECTOR('',#5180,1.);
#5180 = DIRECTION('',(0.,1.,0.));
#5181 = ORIENTED_EDGE('',*,*,#5182,.F.);
#5182 = EDGE_CURVE('',#5183,#5175,#5185,.T.);
#5183 = VERTEX_POINT('',#5184);
#5184 = CARTESIAN_POINT('',(37.34,2.64,0.));
#5185 = LINE('',#5186,#5187);
#5186 = CARTESIAN_POINT('',(37.34,2.64,0.));
#5187 = VECTOR('',#5188,1.);
#5188 = DIRECTION('',(0.,0.,1.));
#5189 = ORIENTED_EDGE('',*,*,#5190,.F.);
#5190 = EDGE_CURVE('',#5152,#5183,#5191,.T.);
#5191 = LINE('',#5192,#5193);
#5192 = CARTESIAN_POINT('',(37.34,-5.18,0.));
#5193 = VECTOR('',#5194,1.);
#5194 = DIRECTION('',(0.,1.,0.));
#5195 = PLANE('',#5196);
#5196 = AXIS2_PLACEMENT_3D('',#5197,#5198,#5199);
#5197 = CARTESIAN_POINT('',(37.34,-5.18,0.));
#5198 = DIRECTION('',(-1.,0.,0.));
#5199 = DIRECTION('',(0.,1.,0.));
#5200 = ADVANCED_FACE('',(#5201),#5226,.F.);
#5201 = FACE_BOUND('',#5202,.F.);
#5202 = EDGE_LOOP('',(#5203,#5204,#5212,#5220));
#5203 = ORIENTED_EDGE('',*,*,#5182,.T.);
#5204 = ORIENTED_EDGE('',*,*,#5205,.T.);
#5205 = EDGE_CURVE('',#5175,#5206,#5208,.T.);
#5206 = VERTEX_POINT('',#5207);
#5207 = CARTESIAN_POINT('',(-6.86,2.64,13.74));
#5208 = LINE('',#5209,#5210);
#5209 = CARTESIAN_POINT('',(37.34,2.64,13.74));
#5210 = VECTOR('',#5211,1.);
#5211 = DIRECTION('',(-1.,0.,0.));
#5212 = ORIENTED_EDGE('',*,*,#5213,.F.);
#5213 = EDGE_CURVE('',#5214,#5206,#5216,.T.);
#5214 = VERTEX_POINT('',#5215);
#5215 = CARTESIAN_POINT('',(-6.86,2.64,0.));
#5216 = LINE('',#5217,#5218);
#5217 = CARTESIAN_POINT('',(-6.86,2.64,0.));
#5218 = VECTOR('',#5219,1.);
#5219 = DIRECTION('',(0.,0.,1.));
#5220 = ORIENTED_EDGE('',*,*,#5221,.F.);
#5221 = EDGE_CURVE('',#5183,#5214,#5222,.T.);
#5222 = LINE('',#5223,#5224);
#5223 = CARTESIAN_POINT('',(37.34,2.64,0.));
#5224 = VECTOR('',#5225,1.);
#5225 = DIRECTION('',(-1.,0.,0.));
#5226 = PLANE('',#5227);
#5227 = AXIS2_PLACEMENT_3D('',#5228,#5229,#5230);
#5228 = CARTESIAN_POINT('',(37.34,2.64,0.));
#5229 = DIRECTION('',(0.,-1.,0.));
#5230 = DIRECTION('',(-1.,0.,0.));
#5231 = ADVANCED_FACE('',(#5232),#5248,.F.);
#5232 = FACE_BOUND('',#5233,.F.);
#5233 = EDGE_LOOP('',(#5234,#5235,#5241,#5242));
#5234 = ORIENTED_EDGE('',*,*,#5213,.T.);
#5235 = ORIENTED_EDGE('',*,*,#5236,.T.);
#5236 = EDGE_CURVE('',#5206,#5136,#5237,.T.);
#5237 = LINE('',#5238,#5239);
#5238 = CARTESIAN_POINT('',(-6.86,2.64,13.74));
#5239 = VECTOR('',#5240,1.);
#5240 = DIRECTION('',(0.,-1.,0.));
#5241 = ORIENTED_EDGE('',*,*,#5133,.F.);
#5242 = ORIENTED_EDGE('',*,*,#5243,.F.);
#5243 = EDGE_CURVE('',#5214,#5134,#5244,.T.);
#5244 = LINE('',#5245,#5246);
#5245 = CARTESIAN_POINT('',(-6.86,2.64,0.));
#5246 = VECTOR('',#5247,1.);
#5247 = DIRECTION('',(0.,-1.,0.));
#5248 = PLANE('',#5249);
#5249 = AXIS2_PLACEMENT_3D('',#5250,#5251,#5252);
#5250 = CARTESIAN_POINT('',(-6.86,2.64,0.));
#5251 = DIRECTION('',(1.,0.,-0.));
#5252 = DIRECTION('',(0.,-1.,0.));
#5253 = ADVANCED_FACE('',(#5254),#5260,.F.);
#5254 = FACE_BOUND('',#5255,.F.);
#5255 = EDGE_LOOP('',(#5256,#5257,#5258,#5259));
#5256 = ORIENTED_EDGE('',*,*,#5159,.T.);
#5257 = ORIENTED_EDGE('',*,*,#5190,.T.);
#5258 = ORIENTED_EDGE('',*,*,#5221,.T.);
#5259 = ORIENTED_EDGE('',*,*,#5243,.T.);
#5260 = PLANE('',#5261);
#5261 = AXIS2_PLACEMENT_3D('',#5262,#5263,#5264);
#5262 = CARTESIAN_POINT('',(15.24,-1.27,1.E-17));
#5263 = DIRECTION('',(-0.,0.,1.));
#5264 = DIRECTION('',(1.,0.,0.));
#5265 = ADVANCED_FACE('',(#5266),#5272,.T.);
#5266 = FACE_BOUND('',#5267,.T.);
#5267 = EDGE_LOOP('',(#5268,#5269,#5270,#5271));
#5268 = ORIENTED_EDGE('',*,*,#5143,.T.);
#5269 = ORIENTED_EDGE('',*,*,#5174,.T.);
#5270 = ORIENTED_EDGE('',*,*,#5205,.T.);
#5271 = ORIENTED_EDGE('',*,*,#5236,.T.);
#5272 = PLANE('',#5273);
#5273 = AXIS2_PLACEMENT_3D('',#5274,#5275,#5276);
#5274 = CARTESIAN_POINT('',(15.24,-1.27,13.74));
#5275 = DIRECTION('',(-0.,0.,1.));
#5276 = DIRECTION('',(1.,0.,0.));
#5277 = ( GEOMETRIC_REPRESENTATION_CONTEXT(3) 
GLOBAL_UNCERTAINTY_ASSIGNED_CONTEXT((#5281)) 
GLOBAL_UNIT_ASSIGNED_CONTEXT((#5278,#5279,#5280)) REPRESENTATION_CONTEXT
('Context #1','3D Context with UNIT and UNCERTAINTY') );
#5278 = ( LENGTH_UNIT() NAMED_UNIT(*) SI_UNIT(.MILLI.,.METRE.) );
#5279 = ( NAMED_UNIT(*) PLANE_ANGLE_UNIT() SI_UNIT($,.RADIAN.) );
#5280 = ( NAMED_UNIT(*) SI_UNIT($,.STERADIAN.) SOLID_ANGLE_UNIT() );
#5281 = UNCERTAINTY_MEASURE_WITH_UNIT(LENGTH_MEASURE(1.E-07),#5278,
  'distance_accuracy_value','confusion accuracy');
#5282 = CONTEXT_DEPENDENT_SHAPE_REPRESENTATION(#5283,#5285);
#5283 = ( REPRESENTATION_RELATIONSHIP('','',#5126,#5099) 
REPRESENTATION_RELATIONSHIP_WITH_TRANSFORMATION(#5284) 
SHAPE_REPRESENTATION_RELATIONSHIP() );
#5284 = ITEM_DEFINED_TRANSFORMATION('','',#11,#5100);
#5285 = PRODUCT_DEFINITION_SHAPE('Placement','Placement of an item',
  #5286);
#5286 = NEXT_ASSEMBLY_USAGE_OCCURRENCE('297','Body001','',#5094,#5121,$
  );
#5287 = PRODUCT_RELATED_PRODUCT_CATEGORY('part',$,(#5123));
#5288 = SHAPE_DEFINITION_REPRESENTATION(#5289,#5295);
#5289 = PRODUCT_DEFINITION_SHAPE('','',#5290);
#5290 = PRODUCT_DEFINITION('design','',#5291,#5294);
#5291 = PRODUCT_DEFINITION_FORMATION('','',#5292);
#5292 = PRODUCT('Leads055','Leads055','',(#5293));
#5293 = PRODUCT_CONTEXT('',#2,'mechanical');
#5294 = PRODUCT_DEFINITION_CONTEXT('part definition',#2,'design');
#5295 = SHAPE_REPRESENTATION('',(#11,#5296,#5300,#5304,#5308,#5312,#5316
    ,#5320,#5324,#5328,#5332,#5336,#5340,#5344,#5348,#5352,#5356,#5360,
    #5364,#5368,#5372,#5376,#5380,#5384,#5388,#5392,#5396,#5400),#5404);
#5296 = AXIS2_PLACEMENT_3D('',#5297,#5298,#5299);
#5297 = CARTESIAN_POINT('',(0.,0.,0.));
#5298 = DIRECTION('',(0.,0.,1.));
#5299 = DIRECTION('',(1.,0.,0.));
#5300 = AXIS2_PLACEMENT_3D('',#5301,#5302,#5303);
#5301 = CARTESIAN_POINT('',(0.,0.,0.));
#5302 = DIRECTION('',(0.,0.,1.));
#5303 = DIRECTION('',(1.,0.,0.));
#5304 = AXIS2_PLACEMENT_3D('',#5305,#5306,#5307);
#5305 = CARTESIAN_POINT('',(0.,0.,0.));
#5306 = DIRECTION('',(0.,0.,1.));
#5307 = DIRECTION('',(1.,0.,0.));
#5308 = AXIS2_PLACEMENT_3D('',#5309,#5310,#5311);
#5309 = CARTESIAN_POINT('',(0.,0.,0.));
#5310 = DIRECTION('',(0.,0.,1.));
#5311 = DIRECTION('',(1.,0.,0.));
#5312 = AXIS2_PLACEMENT_3D('',#5313,#5314,#5315);
#5313 = CARTESIAN_POINT('',(0.,0.,0.));
#5314 = DIRECTION('',(0.,0.,1.));
#5315 = DIRECTION('',(1.,0.,0.));
#5316 = AXIS2_PLACEMENT_3D('',#5317,#5318,#5319);
#5317 = CARTESIAN_POINT('',(0.,0.,0.));
#5318 = DIRECTION('',(0.,0.,1.));
#5319 = DIRECTION('',(1.,0.,0.));
#5320 = AXIS2_PLACEMENT_3D('',#5321,#5322,#5323);
#5321 = CARTESIAN_POINT('',(0.,0.,0.));
#5322 = DIRECTION('',(0.,0.,1.));
#5323 = DIRECTION('',(1.,0.,0.));
#5324 = AXIS2_PLACEMENT_3D('',#5325,#5326,#5327);
#5325 = CARTESIAN_POINT('',(0.,0.,0.));
#5326 = DIRECTION('',(0.,0.,1.));
#5327 = DIRECTION('',(1.,0.,0.));
#5328 = AXIS2_PLACEMENT_3D('',#5329,#5330,#5331);
#5329 = CARTESIAN_POINT('',(0.,0.,0.));
#5330 = DIRECTION('',(0.,0.,1.));
#5331 = DIRECTION('',(1.,0.,0.));
#5332 = AXIS2_PLACEMENT_3D('',#5333,#5334,#5335);
#5333 = CARTESIAN_POINT('',(0.,0.,0.));
#5334 = DIRECTION('',(0.,0.,1.));
#5335 = DIRECTION('',(1.,0.,0.));
#5336 = AXIS2_PLACEMENT_3D('',#5337,#5338,#5339);
#5337 = CARTESIAN_POINT('',(0.,0.,0.));
#5338 = DIRECTION('',(0.,0.,1.));
#5339 = DIRECTION('',(1.,0.,0.));
#5340 = AXIS2_PLACEMENT_3D('',#5341,#5342,#5343);
#5341 = CARTESIAN_POINT('',(0.,0.,0.));
#5342 = DIRECTION('',(0.,0.,1.));
#5343 = DIRECTION('',(1.,0.,0.));
#5344 = AXIS2_PLACEMENT_3D('',#5345,#5346,#5347);
#5345 = CARTESIAN_POINT('',(0.,0.,0.));
#5346 = DIRECTION('',(0.,0.,1.));
#5347 = DIRECTION('',(1.,0.,0.));
#5348 = AXIS2_PLACEMENT_3D('',#5349,#5350,#5351);
#5349 = CARTESIAN_POINT('',(0.,0.,0.));
#5350 = DIRECTION('',(0.,0.,1.));
#5351 = DIRECTION('',(1.,0.,0.));
#5352 = AXIS2_PLACEMENT_3D('',#5353,#5354,#5355);
#5353 = CARTESIAN_POINT('',(0.,0.,0.));
#5354 = DIRECTION('',(0.,0.,1.));
#5355 = DIRECTION('',(1.,0.,0.));
#5356 = AXIS2_PLACEMENT_3D('',#5357,#5358,#5359);
#5357 = CARTESIAN_POINT('',(0.,0.,0.));
#5358 = DIRECTION('',(0.,0.,1.));
#5359 = DIRECTION('',(1.,0.,0.));
#5360 = AXIS2_PLACEMENT_3D('',#5361,#5362,#5363);
#5361 = CARTESIAN_POINT('',(0.,0.,0.));
#5362 = DIRECTION('',(0.,0.,1.));
#5363 = DIRECTION('',(1.,0.,0.));
#5364 = AXIS2_PLACEMENT_3D('',#5365,#5366,#5367);
#5365 = CARTESIAN_POINT('',(0.,0.,0.));
#5366 = DIRECTION('',(0.,0.,1.));
#5367 = DIRECTION('',(1.,0.,0.));
#5368 = AXIS2_PLACEMENT_3D('',#5369,#5370,#5371);
#5369 = CARTESIAN_POINT('',(0.,0.,0.));
#5370 = DIRECTION('',(0.,0.,1.));
#5371 = DIRECTION('',(1.,0.,0.));
#5372 = AXIS2_PLACEMENT_3D('',#5373,#5374,#5375);
#5373 = CARTESIAN_POINT('',(0.,0.,0.));
#5374 = DIRECTION('',(0.,0.,1.));
#5375 = DIRECTION('',(1.,0.,0.));
#5376 = AXIS2_PLACEMENT_3D('',#5377,#5378,#5379);
#5377 = CARTESIAN_POINT('',(0.,0.,0.));
#5378 = DIRECTION('',(0.,0.,1.));
#5379 = DIRECTION('',(1.,0.,0.));
#5380 = AXIS2_PLACEMENT_3D('',#5381,#5382,#5383);
#5381 = CARTESIAN_POINT('',(0.,0.,0.));
#5382 = DIRECTION('',(0.,0.,1.));
#5383 = DIRECTION('',(1.,0.,0.));
#5384 = AXIS2_PLACEMENT_3D('',#5385,#5386,#5387);
#5385 = CARTESIAN_POINT('',(0.,0.,0.));
#5386 = DIRECTION('',(0.,0.,1.));
#5387 = DIRECTION('',(1.,0.,0.));
#5388 = AXIS2_PLACEMENT_3D('',#5389,#5390,#5391);
#5389 = CARTESIAN_POINT('',(0.,0.,0.));
#5390 = DIRECTION('',(0.,0.,1.));
#5391 = DIRECTION('',(1.,0.,0.));
#5392 = AXIS2_PLACEMENT_3D('',#5393,#5394,#5395);
#5393 = CARTESIAN_POINT('',(0.,0.,0.));
#5394 = DIRECTION('',(0.,0.,1.));
#5395 = DIRECTION('',(1.,0.,0.));
#5396 = AXIS2_PLACEMENT_3D('',#5397,#5398,#5399);
#5397 = CARTESIAN_POINT('',(0.,0.,0.));
#5398 = DIRECTION('',(0.,0.,1.));
#5399 = DIRECTION('',(1.,0.,0.));
#5400 = AXIS2_PLACEMENT_3D('',#5401,#5402,#5403);
#5401 = CARTESIAN_POINT('',(0.,0.,0.));
#5402 = DIRECTION('',(0.,0.,1.));
#5403 = DIRECTION('',(1.,0.,0.));
#5404 = ( GEOMETRIC_REPRESENTATION_CONTEXT(3) 
GLOBAL_UNCERTAINTY_ASSIGNED_CONTEXT((#5408)) 
GLOBAL_UNIT_ASSIGNED_CONTEXT((#5405,#5406,#5407)) REPRESENTATION_CONTEXT
('Context #1','3D Context with UNIT and UNCERTAINTY') );
#5405 = ( LENGTH_UNIT() NAMED_UNIT(*) SI_UNIT(.MILLI.,.METRE.) );
#5406 = ( NAMED_UNIT(*) PLANE_ANGLE_UNIT() SI_UNIT($,.RADIAN.) );
#5407 = ( NAMED_UNIT(*) SI_UNIT($,.STERADIAN.) SOLID_ANGLE_UNIT() );
#5408 = UNCERTAINTY_MEASURE_WITH_UNIT(LENGTH_MEASURE(1.E-07),#5405,
  'distance_accuracy_value','confusion accuracy');
#5409 = CONTEXT_DEPENDENT_SHAPE_REPRESENTATION(#5410,#5412);
#5410 = ( REPRESENTATION_RELATIONSHIP('','',#5295,#5099) 
REPRESENTATION_RELATIONSHIP_WITH_TRANSFORMATION(#5411) 
SHAPE_REPRESENTATION_RELATIONSHIP() );
#5411 = ITEM_DEFINED_TRANSFORMATION('','',#11,#5104);
#5412 = PRODUCT_DEFINITION_SHAPE('Placement','Placement of an item',
  #5413);
#5413 = NEXT_ASSEMBLY_USAGE_OCCURRENCE('325','Leads055','',#5094,#5290,$
  );
#5414 = PRODUCT_RELATED_PRODUCT_CATEGORY('part',$,(#5292));
#5415 = SHAPE_DEFINITION_REPRESENTATION(#5416,#5422);
#5416 = PRODUCT_DEFINITION_SHAPE('','',#5417);
#5417 = PRODUCT_DEFINITION('design','',#5418,#5421);
#5418 = PRODUCT_DEFINITION_FORMATION('','',#5419);
#5419 = PRODUCT('Leads028','Leads028','',(#5420));
#5420 = PRODUCT_CONTEXT('',#2,'mechanical');
#5421 = PRODUCT_DEFINITION_CONTEXT('part definition',#2,'design');
#5422 = ADVANCED_BREP_SHAPE_REPRESENTATION('',(#11,#5423),#5476);
#5423 = MANIFOLD_SOLID_BREP('',#5424);
#5424 = CLOSED_SHELL('',(#5425,#5458,#5467));
#5425 = ADVANCED_FACE('',(#5426),#5453,.T.);
#5426 = FACE_BOUND('',#5427,.T.);
#5427 = EDGE_LOOP('',(#5428,#5437,#5445,#5452));
#5428 = ORIENTED_EDGE('',*,*,#5429,.F.);
#5429 = EDGE_CURVE('',#5430,#5430,#5432,.T.);
#5430 = VERTEX_POINT('',#5431);
#5431 = CARTESIAN_POINT('',(0.2555,-0.,0.1));
#5432 = CIRCLE('',#5433,0.2555);
#5433 = AXIS2_PLACEMENT_3D('',#5434,#5435,#5436);
#5434 = CARTESIAN_POINT('',(0.,0.,0.1));
#5435 = DIRECTION('',(0.,0.,1.));
#5436 = DIRECTION('',(1.,0.,-0.));
#5437 = ORIENTED_EDGE('',*,*,#5438,.F.);
#5438 = EDGE_CURVE('',#5439,#5430,#5441,.T.);
#5439 = VERTEX_POINT('',#5440);
#5440 = CARTESIAN_POINT('',(0.2555,-0.,-5.));
#5441 = LINE('',#5442,#5443);
#5442 = CARTESIAN_POINT('',(0.2555,-6.E-17,-5.));
#5443 = VECTOR('',#5444,1.);
#5444 = DIRECTION('',(0.,0.,1.));
#5445 = ORIENTED_EDGE('',*,*,#5446,.T.);
#5446 = EDGE_CURVE('',#5439,#5439,#5447,.T.);
#5447 = CIRCLE('',#5448,0.2555);
#5448 = AXIS2_PLACEMENT_3D('',#5449,#5450,#5451);
#5449 = CARTESIAN_POINT('',(0.,0.,-5.));
#5450 = DIRECTION('',(0.,0.,1.));
#5451 = DIRECTION('',(1.,0.,-0.));
#5452 = ORIENTED_EDGE('',*,*,#5438,.T.);
#5453 = CYLINDRICAL_SURFACE('',#5454,0.2555);
#5454 = AXIS2_PLACEMENT_3D('',#5455,#5456,#5457);
#5455 = CARTESIAN_POINT('',(0.,0.,-5.));
#5456 = DIRECTION('',(0.,0.,1.));
#5457 = DIRECTION('',(1.,0.,-0.));
#5458 = ADVANCED_FACE('',(#5459),#5462,.T.);
#5459 = FACE_BOUND('',#5460,.T.);
#5460 = EDGE_LOOP('',(#5461));
#5461 = ORIENTED_EDGE('',*,*,#5429,.T.);
#5462 = PLANE('',#5463);
#5463 = AXIS2_PLACEMENT_3D('',#5464,#5465,#5466);
#5464 = CARTESIAN_POINT('',(0.,0.,0.1));
#5465 = DIRECTION('',(0.,0.,1.));
#5466 = DIRECTION('',(1.,0.,-0.));
#5467 = ADVANCED_FACE('',(#5468),#5471,.F.);
#5468 = FACE_BOUND('',#5469,.T.);
#5469 = EDGE_LOOP('',(#5470));
#5470 = ORIENTED_EDGE('',*,*,#5446,.F.);
#5471 = PLANE('',#5472);
#5472 = AXIS2_PLACEMENT_3D('',#5473,#5474,#5475);
#5473 = CARTESIAN_POINT('',(0.,0.,-5.));
#5474 = DIRECTION('',(0.,0.,1.));
#5475 = DIRECTION('',(1.,0.,-0.));
#5476 = ( GEOMETRIC_REPRESENTATION_CONTEXT(3) 
GLOBAL_UNCERTAINTY_ASSIGNED_CONTEXT((#5480)) 
GLOBAL_UNIT_ASSIGNED_CONTEXT((#5477,#5478,#5479)) REPRESENTATION_CONTEXT
('Context #1','3D Context with UNIT and UNCERTAINTY') );
#5477 = ( LENGTH_UNIT() NAMED_UNIT(*) SI_UNIT(.MILLI.,.METRE.) );
#5478 = ( NAMED_UNIT(*) PLANE_ANGLE_UNIT() SI_UNIT($,.RADIAN.) );
#5479 = ( NAMED_UNIT(*) SI_UNIT($,.STERADIAN.) SOLID_ANGLE_UNIT() );
#5480 = UNCERTAINTY_MEASURE_WITH_UNIT(LENGTH_MEASURE(1.E-07),#5477,
  'distance_accuracy_value','confusion accuracy');
#5481 = CONTEXT_DEPENDENT_SHAPE_REPRESENTATION(#5482,#5484);
#5482 = ( REPRESENTATION_RELATIONSHIP('','',#5422,#5295) 
REPRESENTATION_RELATIONSHIP_WITH_TRANSFORMATION(#5483) 
SHAPE_REPRESENTATION_RELATIONSHIP() );
#5483 = ITEM_DEFINED_TRANSFORMATION('','',#11,#5296);
#5484 = PRODUCT_DEFINITION_SHAPE('Placement','Placement of an item',
  #5485);
#5485 = NEXT_ASSEMBLY_USAGE_OCCURRENCE('298','Leads028','',#5290,#5417,$
  );
#5486 = PRODUCT_RELATED_PRODUCT_CATEGORY('part',$,(#5419));
#5487 = SHAPE_DEFINITION_REPRESENTATION(#5488,#5494);
#5488 = PRODUCT_DEFINITION_SHAPE('','',#5489);
#5489 = PRODUCT_DEFINITION('design','',#5490,#5493);
#5490 = PRODUCT_DEFINITION_FORMATION('','',#5491);
#5491 = PRODUCT('Leads029','Leads029','',(#5492));
#5492 = PRODUCT_CONTEXT('',#2,'mechanical');
#5493 = PRODUCT_DEFINITION_CONTEXT('part definition',#2,'design');
#5494 = ADVANCED_BREP_SHAPE_REPRESENTATION('',(#11,#5495),#5548);
#5495 = MANIFOLD_SOLID_BREP('',#5496);
#5496 = CLOSED_SHELL('',(#5497,#5530,#5539));
#5497 = ADVANCED_FACE('',(#5498),#5525,.T.);
#5498 = FACE_BOUND('',#5499,.T.);
#5499 = EDGE_LOOP('',(#5500,#5509,#5517,#5524));
#5500 = ORIENTED_EDGE('',*,*,#5501,.F.);
#5501 = EDGE_CURVE('',#5502,#5502,#5504,.T.);
#5502 = VERTEX_POINT('',#5503);
#5503 = CARTESIAN_POINT('',(2.7955,-0.,0.1));
#5504 = CIRCLE('',#5505,0.2555);
#5505 = AXIS2_PLACEMENT_3D('',#5506,#5507,#5508);
#5506 = CARTESIAN_POINT('',(2.54,0.,0.1));
#5507 = DIRECTION('',(0.,0.,1.));
#5508 = DIRECTION('',(1.,0.,-0.));
#5509 = ORIENTED_EDGE('',*,*,#5510,.F.);
#5510 = EDGE_CURVE('',#5511,#5502,#5513,.T.);
#5511 = VERTEX_POINT('',#5512);
#5512 = CARTESIAN_POINT('',(2.7955,-0.,-5.));
#5513 = LINE('',#5514,#5515);
#5514 = CARTESIAN_POINT('',(2.7955,-6.E-17,-5.));
#5515 = VECTOR('',#5516,1.);
#5516 = DIRECTION('',(0.,0.,1.));
#5517 = ORIENTED_EDGE('',*,*,#5518,.T.);
#5518 = EDGE_CURVE('',#5511,#5511,#5519,.T.);
#5519 = CIRCLE('',#5520,0.2555);
#5520 = AXIS2_PLACEMENT_3D('',#5521,#5522,#5523);
#5521 = CARTESIAN_POINT('',(2.54,0.,-5.));
#5522 = DIRECTION('',(0.,0.,1.));
#5523 = DIRECTION('',(1.,0.,-0.));
#5524 = ORIENTED_EDGE('',*,*,#5510,.T.);
#5525 = CYLINDRICAL_SURFACE('',#5526,0.2555);
#5526 = AXIS2_PLACEMENT_3D('',#5527,#5528,#5529);
#5527 = CARTESIAN_POINT('',(2.54,0.,-5.));
#5528 = DIRECTION('',(0.,0.,1.));
#5529 = DIRECTION('',(1.,0.,-0.));
#5530 = ADVANCED_FACE('',(#5531),#5534,.T.);
#5531 = FACE_BOUND('',#5532,.T.);
#5532 = EDGE_LOOP('',(#5533));
#5533 = ORIENTED_EDGE('',*,*,#5501,.T.);
#5534 = PLANE('',#5535);
#5535 = AXIS2_PLACEMENT_3D('',#5536,#5537,#5538);
#5536 = CARTESIAN_POINT('',(2.54,0.,0.1));
#5537 = DIRECTION('',(0.,0.,1.));
#5538 = DIRECTION('',(1.,0.,-0.));
#5539 = ADVANCED_FACE('',(#5540),#5543,.F.);
#5540 = FACE_BOUND('',#5541,.T.);
#5541 = EDGE_LOOP('',(#5542));
#5542 = ORIENTED_EDGE('',*,*,#5518,.F.);
#5543 = PLANE('',#5544);
#5544 = AXIS2_PLACEMENT_3D('',#5545,#5546,#5547);
#5545 = CARTESIAN_POINT('',(2.54,0.,-5.));
#5546 = DIRECTION('',(0.,0.,1.));
#5547 = DIRECTION('',(1.,0.,-0.));
#5548 = ( GEOMETRIC_REPRESENTATION_CONTEXT(3) 
GLOBAL_UNCERTAINTY_ASSIGNED_CONTEXT((#5552)) 
GLOBAL_UNIT_ASSIGNED_CONTEXT((#5549,#5550,#5551)) REPRESENTATION_CONTEXT
('Context #1','3D Context with UNIT and UNCERTAINTY') );
#5549 = ( LENGTH_UNIT() NAMED_UNIT(*) SI_UNIT(.MILLI.,.METRE.) );
#5550 = ( NAMED_UNIT(*) PLANE_ANGLE_UNIT() SI_UNIT($,.RADIAN.) );
#5551 = ( NAMED_UNIT(*) SI_UNIT($,.STERADIAN.) SOLID_ANGLE_UNIT() );
#5552 = UNCERTAINTY_MEASURE_WITH_UNIT(LENGTH_MEASURE(1.E-07),#5549,
  'distance_accuracy_value','confusion accuracy');
#5553 = CONTEXT_DEPENDENT_SHAPE_REPRESENTATION(#5554,#5556);
#5554 = ( REPRESENTATION_RELATIONSHIP('','',#5494,#5295) 
REPRESENTATION_RELATIONSHIP_WITH_TRANSFORMATION(#5555) 
SHAPE_REPRESENTATION_RELATIONSHIP() );
#5555 = ITEM_DEFINED_TRANSFORMATION('','',#11,#5300);
#5556 = PRODUCT_DEFINITION_SHAPE('Placement','Placement of an item',
  #5557);
#5557 = NEXT_ASSEMBLY_USAGE_OCCURRENCE('299','Leads029','',#5290,#5489,$
  );
#5558 = PRODUCT_RELATED_PRODUCT_CATEGORY('part',$,(#5491));
#5559 = SHAPE_DEFINITION_REPRESENTATION(#5560,#5566);
#5560 = PRODUCT_DEFINITION_SHAPE('','',#5561);
#5561 = PRODUCT_DEFINITION('design','',#5562,#5565);
#5562 = PRODUCT_DEFINITION_FORMATION('','',#5563);
#5563 = PRODUCT('Leads030','Leads030','',(#5564));
#5564 = PRODUCT_CONTEXT('',#2,'mechanical');
#5565 = PRODUCT_DEFINITION_CONTEXT('part definition',#2,'design');
#5566 = ADVANCED_BREP_SHAPE_REPRESENTATION('',(#11,#5567),#5620);
#5567 = MANIFOLD_SOLID_BREP('',#5568);
#5568 = CLOSED_SHELL('',(#5569,#5602,#5611));
#5569 = ADVANCED_FACE('',(#5570),#5597,.T.);
#5570 = FACE_BOUND('',#5571,.T.);
#5571 = EDGE_LOOP('',(#5572,#5581,#5589,#5596));
#5572 = ORIENTED_EDGE('',*,*,#5573,.F.);
#5573 = EDGE_CURVE('',#5574,#5574,#5576,.T.);
#5574 = VERTEX_POINT('',#5575);
#5575 = CARTESIAN_POINT('',(5.3355,-0.,0.1));
#5576 = CIRCLE('',#5577,0.2555);
#5577 = AXIS2_PLACEMENT_3D('',#5578,#5579,#5580);
#5578 = CARTESIAN_POINT('',(5.08,0.,0.1));
#5579 = DIRECTION('',(0.,0.,1.));
#5580 = DIRECTION('',(1.,0.,-0.));
#5581 = ORIENTED_EDGE('',*,*,#5582,.F.);
#5582 = EDGE_CURVE('',#5583,#5574,#5585,.T.);
#5583 = VERTEX_POINT('',#5584);
#5584 = CARTESIAN_POINT('',(5.3355,-0.,-5.));
#5585 = LINE('',#5586,#5587);
#5586 = CARTESIAN_POINT('',(5.3355,-6.E-17,-5.));
#5587 = VECTOR('',#5588,1.);
#5588 = DIRECTION('',(0.,0.,1.));
#5589 = ORIENTED_EDGE('',*,*,#5590,.T.);
#5590 = EDGE_CURVE('',#5583,#5583,#5591,.T.);
#5591 = CIRCLE('',#5592,0.2555);
#5592 = AXIS2_PLACEMENT_3D('',#5593,#5594,#5595);
#5593 = CARTESIAN_POINT('',(5.08,0.,-5.));
#5594 = DIRECTION('',(0.,0.,1.));
#5595 = DIRECTION('',(1.,0.,-0.));
#5596 = ORIENTED_EDGE('',*,*,#5582,.T.);
#5597 = CYLINDRICAL_SURFACE('',#5598,0.2555);
#5598 = AXIS2_PLACEMENT_3D('',#5599,#5600,#5601);
#5599 = CARTESIAN_POINT('',(5.08,0.,-5.));
#5600 = DIRECTION('',(0.,0.,1.));
#5601 = DIRECTION('',(1.,0.,-0.));
#5602 = ADVANCED_FACE('',(#5603),#5606,.T.);
#5603 = FACE_BOUND('',#5604,.T.);
#5604 = EDGE_LOOP('',(#5605));
#5605 = ORIENTED_EDGE('',*,*,#5573,.T.);
#5606 = PLANE('',#5607);
#5607 = AXIS2_PLACEMENT_3D('',#5608,#5609,#5610);
#5608 = CARTESIAN_POINT('',(5.08,0.,0.1));
#5609 = DIRECTION('',(0.,0.,1.));
#5610 = DIRECTION('',(1.,0.,-0.));
#5611 = ADVANCED_FACE('',(#5612),#5615,.F.);
#5612 = FACE_BOUND('',#5613,.T.);
#5613 = EDGE_LOOP('',(#5614));
#5614 = ORIENTED_EDGE('',*,*,#5590,.F.);
#5615 = PLANE('',#5616);
#5616 = AXIS2_PLACEMENT_3D('',#5617,#5618,#5619);
#5617 = CARTESIAN_POINT('',(5.08,0.,-5.));
#5618 = DIRECTION('',(0.,0.,1.));
#5619 = DIRECTION('',(1.,0.,-0.));
#5620 = ( GEOMETRIC_REPRESENTATION_CONTEXT(3) 
GLOBAL_UNCERTAINTY_ASSIGNED_CONTEXT((#5624)) 
GLOBAL_UNIT_ASSIGNED_CONTEXT((#5621,#5622,#5623)) REPRESENTATION_CONTEXT
('Context #1','3D Context with UNIT and UNCERTAINTY') );
#5621 = ( LENGTH_UNIT() NAMED_UNIT(*) SI_UNIT(.MILLI.,.METRE.) );
#5622 = ( NAMED_UNIT(*) PLANE_ANGLE_UNIT() SI_UNIT($,.RADIAN.) );
#5623 = ( NAMED_UNIT(*) SI_UNIT($,.STERADIAN.) SOLID_ANGLE_UNIT() );
#5624 = UNCERTAINTY_MEASURE_WITH_UNIT(LENGTH_MEASURE(1.E-07),#5621,
  'distance_accuracy_value','confusion accuracy');
#5625 = CONTEXT_DEPENDENT_SHAPE_REPRESENTATION(#5626,#5628);
#5626 = ( REPRESENTATION_RELATIONSHIP('','',#5566,#5295) 
REPRESENTATION_RELATIONSHIP_WITH_TRANSFORMATION(#5627) 
SHAPE_REPRESENTATION_RELATIONSHIP() );
#5627 = ITEM_DEFINED_TRANSFORMATION('','',#11,#5304);
#5628 = PRODUCT_DEFINITION_SHAPE('Placement','Placement of an item',
  #5629);
#5629 = NEXT_ASSEMBLY_USAGE_OCCURRENCE('300','Leads030','',#5290,#5561,$
  );
#5630 = PRODUCT_RELATED_PRODUCT_CATEGORY('part',$,(#5563));
#5631 = SHAPE_DEFINITION_REPRESENTATION(#5632,#5638);
#5632 = PRODUCT_DEFINITION_SHAPE('','',#5633);
#5633 = PRODUCT_DEFINITION('design','',#5634,#5637);
#5634 = PRODUCT_DEFINITION_FORMATION('','',#5635);
#5635 = PRODUCT('Leads031','Leads031','',(#5636));
#5636 = PRODUCT_CONTEXT('',#2,'mechanical');
#5637 = PRODUCT_DEFINITION_CONTEXT('part definition',#2,'design');
#5638 = ADVANCED_BREP_SHAPE_REPRESENTATION('',(#11,#5639),#5692);
#5639 = MANIFOLD_SOLID_BREP('',#5640);
#5640 = CLOSED_SHELL('',(#5641,#5674,#5683));
#5641 = ADVANCED_FACE('',(#5642),#5669,.T.);
#5642 = FACE_BOUND('',#5643,.T.);
#5643 = EDGE_LOOP('',(#5644,#5653,#5661,#5668));
#5644 = ORIENTED_EDGE('',*,*,#5645,.F.);
#5645 = EDGE_CURVE('',#5646,#5646,#5648,.T.);
#5646 = VERTEX_POINT('',#5647);
#5647 = CARTESIAN_POINT('',(7.8755,-0.,0.1));
#5648 = CIRCLE('',#5649,0.2555);
#5649 = AXIS2_PLACEMENT_3D('',#5650,#5651,#5652);
#5650 = CARTESIAN_POINT('',(7.62,0.,0.1));
#5651 = DIRECTION('',(0.,0.,1.));
#5652 = DIRECTION('',(1.,0.,-0.));
#5653 = ORIENTED_EDGE('',*,*,#5654,.F.);
#5654 = EDGE_CURVE('',#5655,#5646,#5657,.T.);
#5655 = VERTEX_POINT('',#5656);
#5656 = CARTESIAN_POINT('',(7.8755,-0.,-5.));
#5657 = LINE('',#5658,#5659);
#5658 = CARTESIAN_POINT('',(7.8755,-6.E-17,-5.));
#5659 = VECTOR('',#5660,1.);
#5660 = DIRECTION('',(0.,0.,1.));
#5661 = ORIENTED_EDGE('',*,*,#5662,.T.);
#5662 = EDGE_CURVE('',#5655,#5655,#5663,.T.);
#5663 = CIRCLE('',#5664,0.2555);
#5664 = AXIS2_PLACEMENT_3D('',#5665,#5666,#5667);
#5665 = CARTESIAN_POINT('',(7.62,0.,-5.));
#5666 = DIRECTION('',(0.,0.,1.));
#5667 = DIRECTION('',(1.,0.,-0.));
#5668 = ORIENTED_EDGE('',*,*,#5654,.T.);
#5669 = CYLINDRICAL_SURFACE('',#5670,0.2555);
#5670 = AXIS2_PLACEMENT_3D('',#5671,#5672,#5673);
#5671 = CARTESIAN_POINT('',(7.62,0.,-5.));
#5672 = DIRECTION('',(0.,0.,1.));
#5673 = DIRECTION('',(1.,0.,-0.));
#5674 = ADVANCED_FACE('',(#5675),#5678,.T.);
#5675 = FACE_BOUND('',#5676,.T.);
#5676 = EDGE_LOOP('',(#5677));
#5677 = ORIENTED_EDGE('',*,*,#5645,.T.);
#5678 = PLANE('',#5679);
#5679 = AXIS2_PLACEMENT_3D('',#5680,#5681,#5682);
#5680 = CARTESIAN_POINT('',(7.62,0.,0.1));
#5681 = DIRECTION('',(0.,0.,1.));
#5682 = DIRECTION('',(1.,0.,-0.));
#5683 = ADVANCED_FACE('',(#5684),#5687,.F.);
#5684 = FACE_BOUND('',#5685,.T.);
#5685 = EDGE_LOOP('',(#5686));
#5686 = ORIENTED_EDGE('',*,*,#5662,.F.);
#5687 = PLANE('',#5688);
#5688 = AXIS2_PLACEMENT_3D('',#5689,#5690,#5691);
#5689 = CARTESIAN_POINT('',(7.62,0.,-5.));
#5690 = DIRECTION('',(0.,0.,1.));
#5691 = DIRECTION('',(1.,0.,-0.));
#5692 = ( GEOMETRIC_REPRESENTATION_CONTEXT(3) 
GLOBAL_UNCERTAINTY_ASSIGNED_CONTEXT((#5696)) 
GLOBAL_UNIT_ASSIGNED_CONTEXT((#5693,#5694,#5695)) REPRESENTATION_CONTEXT
('Context #1','3D Context with UNIT and UNCERTAINTY') );
#5693 = ( LENGTH_UNIT() NAMED_UNIT(*) SI_UNIT(.MILLI.,.METRE.) );
#5694 = ( NAMED_UNIT(*) PLANE_ANGLE_UNIT() SI_UNIT($,.RADIAN.) );
#5695 = ( NAMED_UNIT(*) SI_UNIT($,.STERADIAN.) SOLID_ANGLE_UNIT() );
#5696 = UNCERTAINTY_MEASURE_WITH_UNIT(LENGTH_MEASURE(1.E-07),#5693,
  'distance_accuracy_value','confusion accuracy');
#5697 = CONTEXT_DEPENDENT_SHAPE_REPRESENTATION(#5698,#5700);
#5698 = ( REPRESENTATION_RELATIONSHIP('','',#5638,#5295) 
REPRESENTATION_RELATIONSHIP_WITH_TRANSFORMATION(#5699) 
SHAPE_REPRESENTATION_RELATIONSHIP() );
#5699 = ITEM_DEFINED_TRANSFORMATION('','',#11,#5308);
#5700 = PRODUCT_DEFINITION_SHAPE('Placement','Placement of an item',
  #5701);
#5701 = NEXT_ASSEMBLY_USAGE_OCCURRENCE('301','Leads031','',#5290,#5633,$
  );
#5702 = PRODUCT_RELATED_PRODUCT_CATEGORY('part',$,(#5635));
#5703 = SHAPE_DEFINITION_REPRESENTATION(#5704,#5710);
#5704 = PRODUCT_DEFINITION_SHAPE('','',#5705);
#5705 = PRODUCT_DEFINITION('design','',#5706,#5709);
#5706 = PRODUCT_DEFINITION_FORMATION('','',#5707);
#5707 = PRODUCT('Leads032','Leads032','',(#5708));
#5708 = PRODUCT_CONTEXT('',#2,'mechanical');
#5709 = PRODUCT_DEFINITION_CONTEXT('part definition',#2,'design');
#5710 = ADVANCED_BREP_SHAPE_REPRESENTATION('',(#11,#5711),#5764);
#5711 = MANIFOLD_SOLID_BREP('',#5712);
#5712 = CLOSED_SHELL('',(#5713,#5746,#5755));
#5713 = ADVANCED_FACE('',(#5714),#5741,.T.);
#5714 = FACE_BOUND('',#5715,.T.);
#5715 = EDGE_LOOP('',(#5716,#5725,#5733,#5740));
#5716 = ORIENTED_EDGE('',*,*,#5717,.F.);
#5717 = EDGE_CURVE('',#5718,#5718,#5720,.T.);
#5718 = VERTEX_POINT('',#5719);
#5719 = CARTESIAN_POINT('',(10.4155,-0.,0.1));
#5720 = CIRCLE('',#5721,0.2555);
#5721 = AXIS2_PLACEMENT_3D('',#5722,#5723,#5724);
#5722 = CARTESIAN_POINT('',(10.16,0.,0.1));
#5723 = DIRECTION('',(0.,0.,1.));
#5724 = DIRECTION('',(1.,0.,-0.));
#5725 = ORIENTED_EDGE('',*,*,#5726,.F.);
#5726 = EDGE_CURVE('',#5727,#5718,#5729,.T.);
#5727 = VERTEX_POINT('',#5728);
#5728 = CARTESIAN_POINT('',(10.4155,-0.,-5.));
#5729 = LINE('',#5730,#5731);
#5730 = CARTESIAN_POINT('',(10.4155,-6.E-17,-5.));
#5731 = VECTOR('',#5732,1.);
#5732 = DIRECTION('',(0.,0.,1.));
#5733 = ORIENTED_EDGE('',*,*,#5734,.T.);
#5734 = EDGE_CURVE('',#5727,#5727,#5735,.T.);
#5735 = CIRCLE('',#5736,0.2555);
#5736 = AXIS2_PLACEMENT_3D('',#5737,#5738,#5739);
#5737 = CARTESIAN_POINT('',(10.16,0.,-5.));
#5738 = DIRECTION('',(0.,0.,1.));
#5739 = DIRECTION('',(1.,0.,-0.));
#5740 = ORIENTED_EDGE('',*,*,#5726,.T.);
#5741 = CYLINDRICAL_SURFACE('',#5742,0.2555);
#5742 = AXIS2_PLACEMENT_3D('',#5743,#5744,#5745);
#5743 = CARTESIAN_POINT('',(10.16,0.,-5.));
#5744 = DIRECTION('',(0.,0.,1.));
#5745 = DIRECTION('',(1.,0.,-0.));
#5746 = ADVANCED_FACE('',(#5747),#5750,.T.);
#5747 = FACE_BOUND('',#5748,.T.);
#5748 = EDGE_LOOP('',(#5749));
#5749 = ORIENTED_EDGE('',*,*,#5717,.T.);
#5750 = PLANE('',#5751);
#5751 = AXIS2_PLACEMENT_3D('',#5752,#5753,#5754);
#5752 = CARTESIAN_POINT('',(10.16,0.,0.1));
#5753 = DIRECTION('',(0.,0.,1.));
#5754 = DIRECTION('',(1.,0.,-0.));
#5755 = ADVANCED_FACE('',(#5756),#5759,.F.);
#5756 = FACE_BOUND('',#5757,.T.);
#5757 = EDGE_LOOP('',(#5758));
#5758 = ORIENTED_EDGE('',*,*,#5734,.F.);
#5759 = PLANE('',#5760);
#5760 = AXIS2_PLACEMENT_3D('',#5761,#5762,#5763);
#5761 = CARTESIAN_POINT('',(10.16,0.,-5.));
#5762 = DIRECTION('',(0.,0.,1.));
#5763 = DIRECTION('',(1.,0.,-0.));
#5764 = ( GEOMETRIC_REPRESENTATION_CONTEXT(3) 
GLOBAL_UNCERTAINTY_ASSIGNED_CONTEXT((#5768)) 
GLOBAL_UNIT_ASSIGNED_CONTEXT((#5765,#5766,#5767)) REPRESENTATION_CONTEXT
('Context #1','3D Context with UNIT and UNCERTAINTY') );
#5765 = ( LENGTH_UNIT() NAMED_UNIT(*) SI_UNIT(.MILLI.,.METRE.) );
#5766 = ( NAMED_UNIT(*) PLANE_ANGLE_UNIT() SI_UNIT($,.RADIAN.) );
#5767 = ( NAMED_UNIT(*) SI_UNIT($,.STERADIAN.) SOLID_ANGLE_UNIT() );
#5768 = UNCERTAINTY_MEASURE_WITH_UNIT(LENGTH_MEASURE(1.E-07),#5765,
  'distance_accuracy_value','confusion accuracy');
#5769 = CONTEXT_DEPENDENT_SHAPE_REPRESENTATION(#5770,#5772);
#5770 = ( REPRESENTATION_RELATIONSHIP('','',#5710,#5295) 
REPRESENTATION_RELATIONSHIP_WITH_TRANSFORMATION(#5771) 
SHAPE_REPRESENTATION_RELATIONSHIP() );
#5771 = ITEM_DEFINED_TRANSFORMATION('','',#11,#5312);
#5772 = PRODUCT_DEFINITION_SHAPE('Placement','Placement of an item',
  #5773);
#5773 = NEXT_ASSEMBLY_USAGE_OCCURRENCE('302','Leads032','',#5290,#5705,$
  );
#5774 = PRODUCT_RELATED_PRODUCT_CATEGORY('part',$,(#5707));
#5775 = SHAPE_DEFINITION_REPRESENTATION(#5776,#5782);
#5776 = PRODUCT_DEFINITION_SHAPE('','',#5777);
#5777 = PRODUCT_DEFINITION('design','',#5778,#5781);
#5778 = PRODUCT_DEFINITION_FORMATION('','',#5779);
#5779 = PRODUCT('Leads033','Leads033','',(#5780));
#5780 = PRODUCT_CONTEXT('',#2,'mechanical');
#5781 = PRODUCT_DEFINITION_CONTEXT('part definition',#2,'design');
#5782 = ADVANCED_BREP_SHAPE_REPRESENTATION('',(#11,#5783),#5836);
#5783 = MANIFOLD_SOLID_BREP('',#5784);
#5784 = CLOSED_SHELL('',(#5785,#5818,#5827));
#5785 = ADVANCED_FACE('',(#5786),#5813,.T.);
#5786 = FACE_BOUND('',#5787,.T.);
#5787 = EDGE_LOOP('',(#5788,#5797,#5805,#5812));
#5788 = ORIENTED_EDGE('',*,*,#5789,.F.);
#5789 = EDGE_CURVE('',#5790,#5790,#5792,.T.);
#5790 = VERTEX_POINT('',#5791);
#5791 = CARTESIAN_POINT('',(12.9555,-0.,0.1));
#5792 = CIRCLE('',#5793,0.2555);
#5793 = AXIS2_PLACEMENT_3D('',#5794,#5795,#5796);
#5794 = CARTESIAN_POINT('',(12.7,0.,0.1));
#5795 = DIRECTION('',(0.,0.,1.));
#5796 = DIRECTION('',(1.,0.,-0.));
#5797 = ORIENTED_EDGE('',*,*,#5798,.F.);
#5798 = EDGE_CURVE('',#5799,#5790,#5801,.T.);
#5799 = VERTEX_POINT('',#5800);
#5800 = CARTESIAN_POINT('',(12.9555,-0.,-5.));
#5801 = LINE('',#5802,#5803);
#5802 = CARTESIAN_POINT('',(12.9555,-6.E-17,-5.));
#5803 = VECTOR('',#5804,1.);
#5804 = DIRECTION('',(0.,0.,1.));
#5805 = ORIENTED_EDGE('',*,*,#5806,.T.);
#5806 = EDGE_CURVE('',#5799,#5799,#5807,.T.);
#5807 = CIRCLE('',#5808,0.2555);
#5808 = AXIS2_PLACEMENT_3D('',#5809,#5810,#5811);
#5809 = CARTESIAN_POINT('',(12.7,0.,-5.));
#5810 = DIRECTION('',(0.,0.,1.));
#5811 = DIRECTION('',(1.,0.,-0.));
#5812 = ORIENTED_EDGE('',*,*,#5798,.T.);
#5813 = CYLINDRICAL_SURFACE('',#5814,0.2555);
#5814 = AXIS2_PLACEMENT_3D('',#5815,#5816,#5817);
#5815 = CARTESIAN_POINT('',(12.7,0.,-5.));
#5816 = DIRECTION('',(0.,0.,1.));
#5817 = DIRECTION('',(1.,0.,-0.));
#5818 = ADVANCED_FACE('',(#5819),#5822,.T.);
#5819 = FACE_BOUND('',#5820,.T.);
#5820 = EDGE_LOOP('',(#5821));
#5821 = ORIENTED_EDGE('',*,*,#5789,.T.);
#5822 = PLANE('',#5823);
#5823 = AXIS2_PLACEMENT_3D('',#5824,#5825,#5826);
#5824 = CARTESIAN_POINT('',(12.7,0.,0.1));
#5825 = DIRECTION('',(0.,0.,1.));
#5826 = DIRECTION('',(1.,0.,-0.));
#5827 = ADVANCED_FACE('',(#5828),#5831,.F.);
#5828 = FACE_BOUND('',#5829,.T.);
#5829 = EDGE_LOOP('',(#5830));
#5830 = ORIENTED_EDGE('',*,*,#5806,.F.);
#5831 = PLANE('',#5832);
#5832 = AXIS2_PLACEMENT_3D('',#5833,#5834,#5835);
#5833 = CARTESIAN_POINT('',(12.7,0.,-5.));
#5834 = DIRECTION('',(0.,0.,1.));
#5835 = DIRECTION('',(1.,0.,-0.));
#5836 = ( GEOMETRIC_REPRESENTATION_CONTEXT(3) 
GLOBAL_UNCERTAINTY_ASSIGNED_CONTEXT((#5840)) 
GLOBAL_UNIT_ASSIGNED_CONTEXT((#5837,#5838,#5839)) REPRESENTATION_CONTEXT
('Context #1','3D Context with UNIT and UNCERTAINTY') );
#5837 = ( LENGTH_UNIT() NAMED_UNIT(*) SI_UNIT(.MILLI.,.METRE.) );
#5838 = ( NAMED_UNIT(*) PLANE_ANGLE_UNIT() SI_UNIT($,.RADIAN.) );
#5839 = ( NAMED_UNIT(*) SI_UNIT($,.STERADIAN.) SOLID_ANGLE_UNIT() );
#5840 = UNCERTAINTY_MEASURE_WITH_UNIT(LENGTH_MEASURE(1.E-07),#5837,
  'distance_accuracy_value','confusion accuracy');
#5841 = CONTEXT_DEPENDENT_SHAPE_REPRESENTATION(#5842,#5844);
#5842 = ( REPRESENTATION_RELATIONSHIP('','',#5782,#5295) 
REPRESENTATION_RELATIONSHIP_WITH_TRANSFORMATION(#5843) 
SHAPE_REPRESENTATION_RELATIONSHIP() );
#5843 = ITEM_DEFINED_TRANSFORMATION('','',#11,#5316);
#5844 = PRODUCT_DEFINITION_SHAPE('Placement','Placement of an item',
  #5845);
#5845 = NEXT_ASSEMBLY_USAGE_OCCURRENCE('303','Leads033','',#5290,#5777,$
  );
#5846 = PRODUCT_RELATED_PRODUCT_CATEGORY('part',$,(#5779));
#5847 = SHAPE_DEFINITION_REPRESENTATION(#5848,#5854);
#5848 = PRODUCT_DEFINITION_SHAPE('','',#5849);
#5849 = PRODUCT_DEFINITION('design','',#5850,#5853);
#5850 = PRODUCT_DEFINITION_FORMATION('','',#5851);
#5851 = PRODUCT('Leads034','Leads034','',(#5852));
#5852 = PRODUCT_CONTEXT('',#2,'mechanical');
#5853 = PRODUCT_DEFINITION_CONTEXT('part definition',#2,'design');
#5854 = ADVANCED_BREP_SHAPE_REPRESENTATION('',(#11,#5855),#5908);
#5855 = MANIFOLD_SOLID_BREP('',#5856);
#5856 = CLOSED_SHELL('',(#5857,#5890,#5899));
#5857 = ADVANCED_FACE('',(#5858),#5885,.T.);
#5858 = FACE_BOUND('',#5859,.T.);
#5859 = EDGE_LOOP('',(#5860,#5869,#5877,#5884));
#5860 = ORIENTED_EDGE('',*,*,#5861,.F.);
#5861 = EDGE_CURVE('',#5862,#5862,#5864,.T.);
#5862 = VERTEX_POINT('',#5863);
#5863 = CARTESIAN_POINT('',(15.4955,-0.,0.1));
#5864 = CIRCLE('',#5865,0.2555);
#5865 = AXIS2_PLACEMENT_3D('',#5866,#5867,#5868);
#5866 = CARTESIAN_POINT('',(15.24,0.,0.1));
#5867 = DIRECTION('',(0.,0.,1.));
#5868 = DIRECTION('',(1.,0.,-0.));
#5869 = ORIENTED_EDGE('',*,*,#5870,.F.);
#5870 = EDGE_CURVE('',#5871,#5862,#5873,.T.);
#5871 = VERTEX_POINT('',#5872);
#5872 = CARTESIAN_POINT('',(15.4955,-0.,-5.));
#5873 = LINE('',#5874,#5875);
#5874 = CARTESIAN_POINT('',(15.4955,-6.E-17,-5.));
#5875 = VECTOR('',#5876,1.);
#5876 = DIRECTION('',(0.,0.,1.));
#5877 = ORIENTED_EDGE('',*,*,#5878,.T.);
#5878 = EDGE_CURVE('',#5871,#5871,#5879,.T.);
#5879 = CIRCLE('',#5880,0.2555);
#5880 = AXIS2_PLACEMENT_3D('',#5881,#5882,#5883);
#5881 = CARTESIAN_POINT('',(15.24,0.,-5.));
#5882 = DIRECTION('',(0.,0.,1.));
#5883 = DIRECTION('',(1.,0.,-0.));
#5884 = ORIENTED_EDGE('',*,*,#5870,.T.);
#5885 = CYLINDRICAL_SURFACE('',#5886,0.2555);
#5886 = AXIS2_PLACEMENT_3D('',#5887,#5888,#5889);
#5887 = CARTESIAN_POINT('',(15.24,0.,-5.));
#5888 = DIRECTION('',(0.,0.,1.));
#5889 = DIRECTION('',(1.,0.,-0.));
#5890 = ADVANCED_FACE('',(#5891),#5894,.T.);
#5891 = FACE_BOUND('',#5892,.T.);
#5892 = EDGE_LOOP('',(#5893));
#5893 = ORIENTED_EDGE('',*,*,#5861,.T.);
#5894 = PLANE('',#5895);
#5895 = AXIS2_PLACEMENT_3D('',#5896,#5897,#5898);
#5896 = CARTESIAN_POINT('',(15.24,0.,0.1));
#5897 = DIRECTION('',(0.,0.,1.));
#5898 = DIRECTION('',(1.,0.,-0.));
#5899 = ADVANCED_FACE('',(#5900),#5903,.F.);
#5900 = FACE_BOUND('',#5901,.T.);
#5901 = EDGE_LOOP('',(#5902));
#5902 = ORIENTED_EDGE('',*,*,#5878,.F.);
#5903 = PLANE('',#5904);
#5904 = AXIS2_PLACEMENT_3D('',#5905,#5906,#5907);
#5905 = CARTESIAN_POINT('',(15.24,0.,-5.));
#5906 = DIRECTION('',(0.,0.,1.));
#5907 = DIRECTION('',(1.,0.,-0.));
#5908 = ( GEOMETRIC_REPRESENTATION_CONTEXT(3) 
GLOBAL_UNCERTAINTY_ASSIGNED_CONTEXT((#5912)) 
GLOBAL_UNIT_ASSIGNED_CONTEXT((#5909,#5910,#5911)) REPRESENTATION_CONTEXT
('Context #1','3D Context with UNIT and UNCERTAINTY') );
#5909 = ( LENGTH_UNIT() NAMED_UNIT(*) SI_UNIT(.MILLI.,.METRE.) );
#5910 = ( NAMED_UNIT(*) PLANE_ANGLE_UNIT() SI_UNIT($,.RADIAN.) );
#5911 = ( NAMED_UNIT(*) SI_UNIT($,.STERADIAN.) SOLID_ANGLE_UNIT() );
#5912 = UNCERTAINTY_MEASURE_WITH_UNIT(LENGTH_MEASURE(1.E-07),#5909,
  'distance_accuracy_value','confusion accuracy');
#5913 = CONTEXT_DEPENDENT_SHAPE_REPRESENTATION(#5914,#5916);
#5914 = ( REPRESENTATION_RELATIONSHIP('','',#5854,#5295) 
REPRESENTATION_RELATIONSHIP_WITH_TRANSFORMATION(#5915) 
SHAPE_REPRESENTATION_RELATIONSHIP() );
#5915 = ITEM_DEFINED_TRANSFORMATION('','',#11,#5320);
#5916 = PRODUCT_DEFINITION_SHAPE('Placement','Placement of an item',
  #5917);
#5917 = NEXT_ASSEMBLY_USAGE_OCCURRENCE('304','Leads034','',#5290,#5849,$
  );
#5918 = PRODUCT_RELATED_PRODUCT_CATEGORY('part',$,(#5851));
#5919 = SHAPE_DEFINITION_REPRESENTATION(#5920,#5926);
#5920 = PRODUCT_DEFINITION_SHAPE('','',#5921);
#5921 = PRODUCT_DEFINITION('design','',#5922,#5925);
#5922 = PRODUCT_DEFINITION_FORMATION('','',#5923);
#5923 = PRODUCT('Leads035','Leads035','',(#5924));
#5924 = PRODUCT_CONTEXT('',#2,'mechanical');
#5925 = PRODUCT_DEFINITION_CONTEXT('part definition',#2,'design');
#5926 = ADVANCED_BREP_SHAPE_REPRESENTATION('',(#11,#5927),#5980);
#5927 = MANIFOLD_SOLID_BREP('',#5928);
#5928 = CLOSED_SHELL('',(#5929,#5962,#5971));
#5929 = ADVANCED_FACE('',(#5930),#5957,.T.);
#5930 = FACE_BOUND('',#5931,.T.);
#5931 = EDGE_LOOP('',(#5932,#5941,#5949,#5956));
#5932 = ORIENTED_EDGE('',*,*,#5933,.F.);
#5933 = EDGE_CURVE('',#5934,#5934,#5936,.T.);
#5934 = VERTEX_POINT('',#5935);
#5935 = CARTESIAN_POINT('',(18.0355,-0.,0.1));
#5936 = CIRCLE('',#5937,0.2555);
#5937 = AXIS2_PLACEMENT_3D('',#5938,#5939,#5940);
#5938 = CARTESIAN_POINT('',(17.78,0.,0.1));
#5939 = DIRECTION('',(0.,0.,1.));
#5940 = DIRECTION('',(1.,0.,-0.));
#5941 = ORIENTED_EDGE('',*,*,#5942,.F.);
#5942 = EDGE_CURVE('',#5943,#5934,#5945,.T.);
#5943 = VERTEX_POINT('',#5944);
#5944 = CARTESIAN_POINT('',(18.0355,-0.,-5.));
#5945 = LINE('',#5946,#5947);
#5946 = CARTESIAN_POINT('',(18.0355,-6.E-17,-5.));
#5947 = VECTOR('',#5948,1.);
#5948 = DIRECTION('',(0.,0.,1.));
#5949 = ORIENTED_EDGE('',*,*,#5950,.T.);
#5950 = EDGE_CURVE('',#5943,#5943,#5951,.T.);
#5951 = CIRCLE('',#5952,0.2555);
#5952 = AXIS2_PLACEMENT_3D('',#5953,#5954,#5955);
#5953 = CARTESIAN_POINT('',(17.78,0.,-5.));
#5954 = DIRECTION('',(0.,0.,1.));
#5955 = DIRECTION('',(1.,0.,-0.));
#5956 = ORIENTED_EDGE('',*,*,#5942,.T.);
#5957 = CYLINDRICAL_SURFACE('',#5958,0.2555);
#5958 = AXIS2_PLACEMENT_3D('',#5959,#5960,#5961);
#5959 = CARTESIAN_POINT('',(17.78,0.,-5.));
#5960 = DIRECTION('',(0.,0.,1.));
#5961 = DIRECTION('',(1.,0.,-0.));
#5962 = ADVANCED_FACE('',(#5963),#5966,.T.);
#5963 = FACE_BOUND('',#5964,.T.);
#5964 = EDGE_LOOP('',(#5965));
#5965 = ORIENTED_EDGE('',*,*,#5933,.T.);
#5966 = PLANE('',#5967);
#5967 = AXIS2_PLACEMENT_3D('',#5968,#5969,#5970);
#5968 = CARTESIAN_POINT('',(17.78,0.,0.1));
#5969 = DIRECTION('',(0.,0.,1.));
#5970 = DIRECTION('',(1.,0.,-0.));
#5971 = ADVANCED_FACE('',(#5972),#5975,.F.);
#5972 = FACE_BOUND('',#5973,.T.);
#5973 = EDGE_LOOP('',(#5974));
#5974 = ORIENTED_EDGE('',*,*,#5950,.F.);
#5975 = PLANE('',#5976);
#5976 = AXIS2_PLACEMENT_3D('',#5977,#5978,#5979);
#5977 = CARTESIAN_POINT('',(17.78,0.,-5.));
#5978 = DIRECTION('',(0.,0.,1.));
#5979 = DIRECTION('',(1.,0.,-0.));
#5980 = ( GEOMETRIC_REPRESENTATION_CONTEXT(3) 
GLOBAL_UNCERTAINTY_ASSIGNED_CONTEXT((#5984)) 
GLOBAL_UNIT_ASSIGNED_CONTEXT((#5981,#5982,#5983)) REPRESENTATION_CONTEXT
('Context #1','3D Context with UNIT and UNCERTAINTY') );
#5981 = ( LENGTH_UNIT() NAMED_UNIT(*) SI_UNIT(.MILLI.,.METRE.) );
#5982 = ( NAMED_UNIT(*) PLANE_ANGLE_UNIT() SI_UNIT($,.RADIAN.) );
#5983 = ( NAMED_UNIT(*) SI_UNIT($,.STERADIAN.) SOLID_ANGLE_UNIT() );
#5984 = UNCERTAINTY_MEASURE_WITH_UNIT(LENGTH_MEASURE(1.E-07),#5981,
  'distance_accuracy_value','confusion accuracy');
#5985 = CONTEXT_DEPENDENT_SHAPE_REPRESENTATION(#5986,#5988);
#5986 = ( REPRESENTATION_RELATIONSHIP('','',#5926,#5295) 
REPRESENTATION_RELATIONSHIP_WITH_TRANSFORMATION(#5987) 
SHAPE_REPRESENTATION_RELATIONSHIP() );
#5987 = ITEM_DEFINED_TRANSFORMATION('','',#11,#5324);
#5988 = PRODUCT_DEFINITION_SHAPE('Placement','Placement of an item',
  #5989);
#5989 = NEXT_ASSEMBLY_USAGE_OCCURRENCE('305','Leads035','',#5290,#5921,$
  );
#5990 = PRODUCT_RELATED_PRODUCT_CATEGORY('part',$,(#5923));
#5991 = SHAPE_DEFINITION_REPRESENTATION(#5992,#5998);
#5992 = PRODUCT_DEFINITION_SHAPE('','',#5993);
#5993 = PRODUCT_DEFINITION('design','',#5994,#5997);
#5994 = PRODUCT_DEFINITION_FORMATION('','',#5995);
#5995 = PRODUCT('Leads036','Leads036','',(#5996));
#5996 = PRODUCT_CONTEXT('',#2,'mechanical');
#5997 = PRODUCT_DEFINITION_CONTEXT('part definition',#2,'design');
#5998 = ADVANCED_BREP_SHAPE_REPRESENTATION('',(#11,#5999),#6052);
#5999 = MANIFOLD_SOLID_BREP('',#6000);
#6000 = CLOSED_SHELL('',(#6001,#6034,#6043));
#6001 = ADVANCED_FACE('',(#6002),#6029,.T.);
#6002 = FACE_BOUND('',#6003,.T.);
#6003 = EDGE_LOOP('',(#6004,#6013,#6021,#6028));
#6004 = ORIENTED_EDGE('',*,*,#6005,.F.);
#6005 = EDGE_CURVE('',#6006,#6006,#6008,.T.);
#6006 = VERTEX_POINT('',#6007);
#6007 = CARTESIAN_POINT('',(20.5755,-0.,0.1));
#6008 = CIRCLE('',#6009,0.2555);
#6009 = AXIS2_PLACEMENT_3D('',#6010,#6011,#6012);
#6010 = CARTESIAN_POINT('',(20.32,0.,0.1));
#6011 = DIRECTION('',(0.,0.,1.));
#6012 = DIRECTION('',(1.,0.,-0.));
#6013 = ORIENTED_EDGE('',*,*,#6014,.F.);
#6014 = EDGE_CURVE('',#6015,#6006,#6017,.T.);
#6015 = VERTEX_POINT('',#6016);
#6016 = CARTESIAN_POINT('',(20.5755,-0.,-5.));
#6017 = LINE('',#6018,#6019);
#6018 = CARTESIAN_POINT('',(20.5755,-6.E-17,-5.));
#6019 = VECTOR('',#6020,1.);
#6020 = DIRECTION('',(0.,0.,1.));
#6021 = ORIENTED_EDGE('',*,*,#6022,.T.);
#6022 = EDGE_CURVE('',#6015,#6015,#6023,.T.);
#6023 = CIRCLE('',#6024,0.2555);
#6024 = AXIS2_PLACEMENT_3D('',#6025,#6026,#6027);
#6025 = CARTESIAN_POINT('',(20.32,0.,-5.));
#6026 = DIRECTION('',(0.,0.,1.));
#6027 = DIRECTION('',(1.,0.,-0.));
#6028 = ORIENTED_EDGE('',*,*,#6014,.T.);
#6029 = CYLINDRICAL_SURFACE('',#6030,0.2555);
#6030 = AXIS2_PLACEMENT_3D('',#6031,#6032,#6033);
#6031 = CARTESIAN_POINT('',(20.32,0.,-5.));
#6032 = DIRECTION('',(0.,0.,1.));
#6033 = DIRECTION('',(1.,0.,-0.));
#6034 = ADVANCED_FACE('',(#6035),#6038,.T.);
#6035 = FACE_BOUND('',#6036,.T.);
#6036 = EDGE_LOOP('',(#6037));
#6037 = ORIENTED_EDGE('',*,*,#6005,.T.);
#6038 = PLANE('',#6039);
#6039 = AXIS2_PLACEMENT_3D('',#6040,#6041,#6042);
#6040 = CARTESIAN_POINT('',(20.32,0.,0.1));
#6041 = DIRECTION('',(0.,0.,1.));
#6042 = DIRECTION('',(1.,0.,-0.));
#6043 = ADVANCED_FACE('',(#6044),#6047,.F.);
#6044 = FACE_BOUND('',#6045,.T.);
#6045 = EDGE_LOOP('',(#6046));
#6046 = ORIENTED_EDGE('',*,*,#6022,.F.);
#6047 = PLANE('',#6048);
#6048 = AXIS2_PLACEMENT_3D('',#6049,#6050,#6051);
#6049 = CARTESIAN_POINT('',(20.32,0.,-5.));
#6050 = DIRECTION('',(0.,0.,1.));
#6051 = DIRECTION('',(1.,0.,-0.));
#6052 = ( GEOMETRIC_REPRESENTATION_CONTEXT(3) 
GLOBAL_UNCERTAINTY_ASSIGNED_CONTEXT((#6056)) 
GLOBAL_UNIT_ASSIGNED_CONTEXT((#6053,#6054,#6055)) REPRESENTATION_CONTEXT
('Context #1','3D Context with UNIT and UNCERTAINTY') );
#6053 = ( LENGTH_UNIT() NAMED_UNIT(*) SI_UNIT(.MILLI.,.METRE.) );
#6054 = ( NAMED_UNIT(*) PLANE_ANGLE_UNIT() SI_UNIT($,.RADIAN.) );
#6055 = ( NAMED_UNIT(*) SI_UNIT($,.STERADIAN.) SOLID_ANGLE_UNIT() );
#6056 = UNCERTAINTY_MEASURE_WITH_UNIT(LENGTH_MEASURE(1.E-07),#6053,
  'distance_accuracy_value','confusion accuracy');
#6057 = CONTEXT_DEPENDENT_SHAPE_REPRESENTATION(#6058,#6060);
#6058 = ( REPRESENTATION_RELATIONSHIP('','',#5998,#5295) 
REPRESENTATION_RELATIONSHIP_WITH_TRANSFORMATION(#6059) 
SHAPE_REPRESENTATION_RELATIONSHIP() );
#6059 = ITEM_DEFINED_TRANSFORMATION('','',#11,#5328);
#6060 = PRODUCT_DEFINITION_SHAPE('Placement','Placement of an item',
  #6061);
#6061 = NEXT_ASSEMBLY_USAGE_OCCURRENCE('306','Leads036','',#5290,#5993,$
  );
#6062 = PRODUCT_RELATED_PRODUCT_CATEGORY('part',$,(#5995));
#6063 = SHAPE_DEFINITION_REPRESENTATION(#6064,#6070);
#6064 = PRODUCT_DEFINITION_SHAPE('','',#6065);
#6065 = PRODUCT_DEFINITION('design','',#6066,#6069);
#6066 = PRODUCT_DEFINITION_FORMATION('','',#6067);
#6067 = PRODUCT('Leads037','Leads037','',(#6068));
#6068 = PRODUCT_CONTEXT('',#2,'mechanical');
#6069 = PRODUCT_DEFINITION_CONTEXT('part definition',#2,'design');
#6070 = ADVANCED_BREP_SHAPE_REPRESENTATION('',(#11,#6071),#6124);
#6071 = MANIFOLD_SOLID_BREP('',#6072);
#6072 = CLOSED_SHELL('',(#6073,#6106,#6115));
#6073 = ADVANCED_FACE('',(#6074),#6101,.T.);
#6074 = FACE_BOUND('',#6075,.T.);
#6075 = EDGE_LOOP('',(#6076,#6085,#6093,#6100));
#6076 = ORIENTED_EDGE('',*,*,#6077,.F.);
#6077 = EDGE_CURVE('',#6078,#6078,#6080,.T.);
#6078 = VERTEX_POINT('',#6079);
#6079 = CARTESIAN_POINT('',(23.1155,-0.,0.1));
#6080 = CIRCLE('',#6081,0.2555);
#6081 = AXIS2_PLACEMENT_3D('',#6082,#6083,#6084);
#6082 = CARTESIAN_POINT('',(22.86,0.,0.1));
#6083 = DIRECTION('',(0.,0.,1.));
#6084 = DIRECTION('',(1.,0.,-0.));
#6085 = ORIENTED_EDGE('',*,*,#6086,.F.);
#6086 = EDGE_CURVE('',#6087,#6078,#6089,.T.);
#6087 = VERTEX_POINT('',#6088);
#6088 = CARTESIAN_POINT('',(23.1155,-0.,-5.));
#6089 = LINE('',#6090,#6091);
#6090 = CARTESIAN_POINT('',(23.1155,-6.E-17,-5.));
#6091 = VECTOR('',#6092,1.);
#6092 = DIRECTION('',(0.,0.,1.));
#6093 = ORIENTED_EDGE('',*,*,#6094,.T.);
#6094 = EDGE_CURVE('',#6087,#6087,#6095,.T.);
#6095 = CIRCLE('',#6096,0.2555);
#6096 = AXIS2_PLACEMENT_3D('',#6097,#6098,#6099);
#6097 = CARTESIAN_POINT('',(22.86,0.,-5.));
#6098 = DIRECTION('',(0.,0.,1.));
#6099 = DIRECTION('',(1.,0.,-0.));
#6100 = ORIENTED_EDGE('',*,*,#6086,.T.);
#6101 = CYLINDRICAL_SURFACE('',#6102,0.2555);
#6102 = AXIS2_PLACEMENT_3D('',#6103,#6104,#6105);
#6103 = CARTESIAN_POINT('',(22.86,0.,-5.));
#6104 = DIRECTION('',(0.,0.,1.));
#6105 = DIRECTION('',(1.,0.,-0.));
#6106 = ADVANCED_FACE('',(#6107),#6110,.T.);
#6107 = FACE_BOUND('',#6108,.T.);
#6108 = EDGE_LOOP('',(#6109));
#6109 = ORIENTED_EDGE('',*,*,#6077,.T.);
#6110 = PLANE('',#6111);
#6111 = AXIS2_PLACEMENT_3D('',#6112,#6113,#6114);
#6112 = CARTESIAN_POINT('',(22.86,0.,0.1));
#6113 = DIRECTION('',(0.,0.,1.));
#6114 = DIRECTION('',(1.,0.,-0.));
#6115 = ADVANCED_FACE('',(#6116),#6119,.F.);
#6116 = FACE_BOUND('',#6117,.T.);
#6117 = EDGE_LOOP('',(#6118));
#6118 = ORIENTED_EDGE('',*,*,#6094,.F.);
#6119 = PLANE('',#6120);
#6120 = AXIS2_PLACEMENT_3D('',#6121,#6122,#6123);
#6121 = CARTESIAN_POINT('',(22.86,0.,-5.));
#6122 = DIRECTION('',(0.,0.,1.));
#6123 = DIRECTION('',(1.,0.,-0.));
#6124 = ( GEOMETRIC_REPRESENTATION_CONTEXT(3) 
GLOBAL_UNCERTAINTY_ASSIGNED_CONTEXT((#6128)) 
GLOBAL_UNIT_ASSIGNED_CONTEXT((#6125,#6126,#6127)) REPRESENTATION_CONTEXT
('Context #1','3D Context with UNIT and UNCERTAINTY') );
#6125 = ( LENGTH_UNIT() NAMED_UNIT(*) SI_UNIT(.MILLI.,.METRE.) );
#6126 = ( NAMED_UNIT(*) PLANE_ANGLE_UNIT() SI_UNIT($,.RADIAN.) );
#6127 = ( NAMED_UNIT(*) SI_UNIT($,.STERADIAN.) SOLID_ANGLE_UNIT() );
#6128 = UNCERTAINTY_MEASURE_WITH_UNIT(LENGTH_MEASURE(1.E-07),#6125,
  'distance_accuracy_value','confusion accuracy');
#6129 = CONTEXT_DEPENDENT_SHAPE_REPRESENTATION(#6130,#6132);
#6130 = ( REPRESENTATION_RELATIONSHIP('','',#6070,#5295) 
REPRESENTATION_RELATIONSHIP_WITH_TRANSFORMATION(#6131) 
SHAPE_REPRESENTATION_RELATIONSHIP() );
#6131 = ITEM_DEFINED_TRANSFORMATION('','',#11,#5332);
#6132 = PRODUCT_DEFINITION_SHAPE('Placement','Placement of an item',
  #6133);
#6133 = NEXT_ASSEMBLY_USAGE_OCCURRENCE('307','Leads037','',#5290,#6065,$
  );
#6134 = PRODUCT_RELATED_PRODUCT_CATEGORY('part',$,(#6067));
#6135 = SHAPE_DEFINITION_REPRESENTATION(#6136,#6142);
#6136 = PRODUCT_DEFINITION_SHAPE('','',#6137);
#6137 = PRODUCT_DEFINITION('design','',#6138,#6141);
#6138 = PRODUCT_DEFINITION_FORMATION('','',#6139);
#6139 = PRODUCT('Leads038','Leads038','',(#6140));
#6140 = PRODUCT_CONTEXT('',#2,'mechanical');
#6141 = PRODUCT_DEFINITION_CONTEXT('part definition',#2,'design');
#6142 = ADVANCED_BREP_SHAPE_REPRESENTATION('',(#11,#6143),#6196);
#6143 = MANIFOLD_SOLID_BREP('',#6144);
#6144 = CLOSED_SHELL('',(#6145,#6178,#6187));
#6145 = ADVANCED_FACE('',(#6146),#6173,.T.);
#6146 = FACE_BOUND('',#6147,.T.);
#6147 = EDGE_LOOP('',(#6148,#6157,#6165,#6172));
#6148 = ORIENTED_EDGE('',*,*,#6149,.F.);
#6149 = EDGE_CURVE('',#6150,#6150,#6152,.T.);
#6150 = VERTEX_POINT('',#6151);
#6151 = CARTESIAN_POINT('',(25.6555,-0.,0.1));
#6152 = CIRCLE('',#6153,0.2555);
#6153 = AXIS2_PLACEMENT_3D('',#6154,#6155,#6156);
#6154 = CARTESIAN_POINT('',(25.4,0.,0.1));
#6155 = DIRECTION('',(0.,0.,1.));
#6156 = DIRECTION('',(1.,0.,-0.));
#6157 = ORIENTED_EDGE('',*,*,#6158,.F.);
#6158 = EDGE_CURVE('',#6159,#6150,#6161,.T.);
#6159 = VERTEX_POINT('',#6160);
#6160 = CARTESIAN_POINT('',(25.6555,-0.,-5.));
#6161 = LINE('',#6162,#6163);
#6162 = CARTESIAN_POINT('',(25.6555,-6.E-17,-5.));
#6163 = VECTOR('',#6164,1.);
#6164 = DIRECTION('',(0.,0.,1.));
#6165 = ORIENTED_EDGE('',*,*,#6166,.T.);
#6166 = EDGE_CURVE('',#6159,#6159,#6167,.T.);
#6167 = CIRCLE('',#6168,0.2555);
#6168 = AXIS2_PLACEMENT_3D('',#6169,#6170,#6171);
#6169 = CARTESIAN_POINT('',(25.4,0.,-5.));
#6170 = DIRECTION('',(0.,0.,1.));
#6171 = DIRECTION('',(1.,0.,-0.));
#6172 = ORIENTED_EDGE('',*,*,#6158,.T.);
#6173 = CYLINDRICAL_SURFACE('',#6174,0.2555);
#6174 = AXIS2_PLACEMENT_3D('',#6175,#6176,#6177);
#6175 = CARTESIAN_POINT('',(25.4,0.,-5.));
#6176 = DIRECTION('',(0.,0.,1.));
#6177 = DIRECTION('',(1.,0.,-0.));
#6178 = ADVANCED_FACE('',(#6179),#6182,.T.);
#6179 = FACE_BOUND('',#6180,.T.);
#6180 = EDGE_LOOP('',(#6181));
#6181 = ORIENTED_EDGE('',*,*,#6149,.T.);
#6182 = PLANE('',#6183);
#6183 = AXIS2_PLACEMENT_3D('',#6184,#6185,#6186);
#6184 = CARTESIAN_POINT('',(25.4,0.,0.1));
#6185 = DIRECTION('',(0.,0.,1.));
#6186 = DIRECTION('',(1.,0.,-0.));
#6187 = ADVANCED_FACE('',(#6188),#6191,.F.);
#6188 = FACE_BOUND('',#6189,.T.);
#6189 = EDGE_LOOP('',(#6190));
#6190 = ORIENTED_EDGE('',*,*,#6166,.F.);
#6191 = PLANE('',#6192);
#6192 = AXIS2_PLACEMENT_3D('',#6193,#6194,#6195);
#6193 = CARTESIAN_POINT('',(25.4,0.,-5.));
#6194 = DIRECTION('',(0.,0.,1.));
#6195 = DIRECTION('',(1.,0.,-0.));
#6196 = ( GEOMETRIC_REPRESENTATION_CONTEXT(3) 
GLOBAL_UNCERTAINTY_ASSIGNED_CONTEXT((#6200)) 
GLOBAL_UNIT_ASSIGNED_CONTEXT((#6197,#6198,#6199)) REPRESENTATION_CONTEXT
('Context #1','3D Context with UNIT and UNCERTAINTY') );
#6197 = ( LENGTH_UNIT() NAMED_UNIT(*) SI_UNIT(.MILLI.,.METRE.) );
#6198 = ( NAMED_UNIT(*) PLANE_ANGLE_UNIT() SI_UNIT($,.RADIAN.) );
#6199 = ( NAMED_UNIT(*) SI_UNIT($,.STERADIAN.) SOLID_ANGLE_UNIT() );
#6200 = UNCERTAINTY_MEASURE_WITH_UNIT(LENGTH_MEASURE(1.E-07),#6197,
  'distance_accuracy_value','confusion accuracy');
#6201 = CONTEXT_DEPENDENT_SHAPE_REPRESENTATION(#6202,#6204);
#6202 = ( REPRESENTATION_RELATIONSHIP('','',#6142,#5295) 
REPRESENTATION_RELATIONSHIP_WITH_TRANSFORMATION(#6203) 
SHAPE_REPRESENTATION_RELATIONSHIP() );
#6203 = ITEM_DEFINED_TRANSFORMATION('','',#11,#5336);
#6204 = PRODUCT_DEFINITION_SHAPE('Placement','Placement of an item',
  #6205);
#6205 = NEXT_ASSEMBLY_USAGE_OCCURRENCE('308','Leads038','',#5290,#6137,$
  );
#6206 = PRODUCT_RELATED_PRODUCT_CATEGORY('part',$,(#6139));
#6207 = SHAPE_DEFINITION_REPRESENTATION(#6208,#6214);
#6208 = PRODUCT_DEFINITION_SHAPE('','',#6209);
#6209 = PRODUCT_DEFINITION('design','',#6210,#6213);
#6210 = PRODUCT_DEFINITION_FORMATION('','',#6211);
#6211 = PRODUCT('Leads039','Leads039','',(#6212));
#6212 = PRODUCT_CONTEXT('',#2,'mechanical');
#6213 = PRODUCT_DEFINITION_CONTEXT('part definition',#2,'design');
#6214 = ADVANCED_BREP_SHAPE_REPRESENTATION('',(#11,#6215),#6268);
#6215 = MANIFOLD_SOLID_BREP('',#6216);
#6216 = CLOSED_SHELL('',(#6217,#6250,#6259));
#6217 = ADVANCED_FACE('',(#6218),#6245,.T.);
#6218 = FACE_BOUND('',#6219,.T.);
#6219 = EDGE_LOOP('',(#6220,#6229,#6237,#6244));
#6220 = ORIENTED_EDGE('',*,*,#6221,.F.);
#6221 = EDGE_CURVE('',#6222,#6222,#6224,.T.);
#6222 = VERTEX_POINT('',#6223);
#6223 = CARTESIAN_POINT('',(28.1955,-0.,0.1));
#6224 = CIRCLE('',#6225,0.2555);
#6225 = AXIS2_PLACEMENT_3D('',#6226,#6227,#6228);
#6226 = CARTESIAN_POINT('',(27.94,0.,0.1));
#6227 = DIRECTION('',(0.,0.,1.));
#6228 = DIRECTION('',(1.,0.,-0.));
#6229 = ORIENTED_EDGE('',*,*,#6230,.F.);
#6230 = EDGE_CURVE('',#6231,#6222,#6233,.T.);
#6231 = VERTEX_POINT('',#6232);
#6232 = CARTESIAN_POINT('',(28.1955,-0.,-5.));
#6233 = LINE('',#6234,#6235);
#6234 = CARTESIAN_POINT('',(28.1955,-6.E-17,-5.));
#6235 = VECTOR('',#6236,1.);
#6236 = DIRECTION('',(0.,0.,1.));
#6237 = ORIENTED_EDGE('',*,*,#6238,.T.);
#6238 = EDGE_CURVE('',#6231,#6231,#6239,.T.);
#6239 = CIRCLE('',#6240,0.2555);
#6240 = AXIS2_PLACEMENT_3D('',#6241,#6242,#6243);
#6241 = CARTESIAN_POINT('',(27.94,0.,-5.));
#6242 = DIRECTION('',(0.,0.,1.));
#6243 = DIRECTION('',(1.,0.,-0.));
#6244 = ORIENTED_EDGE('',*,*,#6230,.T.);
#6245 = CYLINDRICAL_SURFACE('',#6246,0.2555);
#6246 = AXIS2_PLACEMENT_3D('',#6247,#6248,#6249);
#6247 = CARTESIAN_POINT('',(27.94,0.,-5.));
#6248 = DIRECTION('',(0.,0.,1.));
#6249 = DIRECTION('',(1.,0.,-0.));
#6250 = ADVANCED_FACE('',(#6251),#6254,.T.);
#6251 = FACE_BOUND('',#6252,.T.);
#6252 = EDGE_LOOP('',(#6253));
#6253 = ORIENTED_EDGE('',*,*,#6221,.T.);
#6254 = PLANE('',#6255);
#6255 = AXIS2_PLACEMENT_3D('',#6256,#6257,#6258);
#6256 = CARTESIAN_POINT('',(27.94,0.,0.1));
#6257 = DIRECTION('',(0.,0.,1.));
#6258 = DIRECTION('',(1.,0.,-0.));
#6259 = ADVANCED_FACE('',(#6260),#6263,.F.);
#6260 = FACE_BOUND('',#6261,.T.);
#6261 = EDGE_LOOP('',(#6262));
#6262 = ORIENTED_EDGE('',*,*,#6238,.F.);
#6263 = PLANE('',#6264);
#6264 = AXIS2_PLACEMENT_3D('',#6265,#6266,#6267);
#6265 = CARTESIAN_POINT('',(27.94,0.,-5.));
#6266 = DIRECTION('',(0.,0.,1.));
#6267 = DIRECTION('',(1.,0.,-0.));
#6268 = ( GEOMETRIC_REPRESENTATION_CONTEXT(3) 
GLOBAL_UNCERTAINTY_ASSIGNED_CONTEXT((#6272)) 
GLOBAL_UNIT_ASSIGNED_CONTEXT((#6269,#6270,#6271)) REPRESENTATION_CONTEXT
('Context #1','3D Context with UNIT and UNCERTAINTY') );
#6269 = ( LENGTH_UNIT() NAMED_UNIT(*) SI_UNIT(.MILLI.,.METRE.) );
#6270 = ( NAMED_UNIT(*) PLANE_ANGLE_UNIT() SI_UNIT($,.RADIAN.) );
#6271 = ( NAMED_UNIT(*) SI_UNIT($,.STERADIAN.) SOLID_ANGLE_UNIT() );
#6272 = UNCERTAINTY_MEASURE_WITH_UNIT(LENGTH_MEASURE(1.E-07),#6269,
  'distance_accuracy_value','confusion accuracy');
#6273 = CONTEXT_DEPENDENT_SHAPE_REPRESENTATION(#6274,#6276);
#6274 = ( REPRESENTATION_RELATIONSHIP('','',#6214,#5295) 
REPRESENTATION_RELATIONSHIP_WITH_TRANSFORMATION(#6275) 
SHAPE_REPRESENTATION_RELATIONSHIP() );
#6275 = ITEM_DEFINED_TRANSFORMATION('','',#11,#5340);
#6276 = PRODUCT_DEFINITION_SHAPE('Placement','Placement of an item',
  #6277);
#6277 = NEXT_ASSEMBLY_USAGE_OCCURRENCE('309','Leads039','',#5290,#6209,$
  );
#6278 = PRODUCT_RELATED_PRODUCT_CATEGORY('part',$,(#6211));
#6279 = SHAPE_DEFINITION_REPRESENTATION(#6280,#6286);
#6280 = PRODUCT_DEFINITION_SHAPE('','',#6281);
#6281 = PRODUCT_DEFINITION('design','',#6282,#6285);
#6282 = PRODUCT_DEFINITION_FORMATION('','',#6283);
#6283 = PRODUCT('Leads040','Leads040','',(#6284));
#6284 = PRODUCT_CONTEXT('',#2,'mechanical');
#6285 = PRODUCT_DEFINITION_CONTEXT('part definition',#2,'design');
#6286 = ADVANCED_BREP_SHAPE_REPRESENTATION('',(#11,#6287),#6340);
#6287 = MANIFOLD_SOLID_BREP('',#6288);
#6288 = CLOSED_SHELL('',(#6289,#6322,#6331));
#6289 = ADVANCED_FACE('',(#6290),#6317,.T.);
#6290 = FACE_BOUND('',#6291,.T.);
#6291 = EDGE_LOOP('',(#6292,#6301,#6309,#6316));
#6292 = ORIENTED_EDGE('',*,*,#6293,.F.);
#6293 = EDGE_CURVE('',#6294,#6294,#6296,.T.);
#6294 = VERTEX_POINT('',#6295);
#6295 = CARTESIAN_POINT('',(30.7355,-0.,0.1));
#6296 = CIRCLE('',#6297,0.2555);
#6297 = AXIS2_PLACEMENT_3D('',#6298,#6299,#6300);
#6298 = CARTESIAN_POINT('',(30.48,0.,0.1));
#6299 = DIRECTION('',(0.,0.,1.));
#6300 = DIRECTION('',(1.,0.,-0.));
#6301 = ORIENTED_EDGE('',*,*,#6302,.F.);
#6302 = EDGE_CURVE('',#6303,#6294,#6305,.T.);
#6303 = VERTEX_POINT('',#6304);
#6304 = CARTESIAN_POINT('',(30.7355,-0.,-5.));
#6305 = LINE('',#6306,#6307);
#6306 = CARTESIAN_POINT('',(30.7355,-6.E-17,-5.));
#6307 = VECTOR('',#6308,1.);
#6308 = DIRECTION('',(0.,0.,1.));
#6309 = ORIENTED_EDGE('',*,*,#6310,.T.);
#6310 = EDGE_CURVE('',#6303,#6303,#6311,.T.);
#6311 = CIRCLE('',#6312,0.2555);
#6312 = AXIS2_PLACEMENT_3D('',#6313,#6314,#6315);
#6313 = CARTESIAN_POINT('',(30.48,0.,-5.));
#6314 = DIRECTION('',(0.,0.,1.));
#6315 = DIRECTION('',(1.,0.,-0.));
#6316 = ORIENTED_EDGE('',*,*,#6302,.T.);
#6317 = CYLINDRICAL_SURFACE('',#6318,0.2555);
#6318 = AXIS2_PLACEMENT_3D('',#6319,#6320,#6321);
#6319 = CARTESIAN_POINT('',(30.48,0.,-5.));
#6320 = DIRECTION('',(0.,0.,1.));
#6321 = DIRECTION('',(1.,0.,-0.));
#6322 = ADVANCED_FACE('',(#6323),#6326,.T.);
#6323 = FACE_BOUND('',#6324,.T.);
#6324 = EDGE_LOOP('',(#6325));
#6325 = ORIENTED_EDGE('',*,*,#6293,.T.);
#6326 = PLANE('',#6327);
#6327 = AXIS2_PLACEMENT_3D('',#6328,#6329,#6330);
#6328 = CARTESIAN_POINT('',(30.48,0.,0.1));
#6329 = DIRECTION('',(0.,0.,1.));
#6330 = DIRECTION('',(1.,0.,-0.));
#6331 = ADVANCED_FACE('',(#6332),#6335,.F.);
#6332 = FACE_BOUND('',#6333,.T.);
#6333 = EDGE_LOOP('',(#6334));
#6334 = ORIENTED_EDGE('',*,*,#6310,.F.);
#6335 = PLANE('',#6336);
#6336 = AXIS2_PLACEMENT_3D('',#6337,#6338,#6339);
#6337 = CARTESIAN_POINT('',(30.48,0.,-5.));
#6338 = DIRECTION('',(0.,0.,1.));
#6339 = DIRECTION('',(1.,0.,-0.));
#6340 = ( GEOMETRIC_REPRESENTATION_CONTEXT(3) 
GLOBAL_UNCERTAINTY_ASSIGNED_CONTEXT((#6344)) 
GLOBAL_UNIT_ASSIGNED_CONTEXT((#6341,#6342,#6343)) REPRESENTATION_CONTEXT
('Context #1','3D Context with UNIT and UNCERTAINTY') );
#6341 = ( LENGTH_UNIT() NAMED_UNIT(*) SI_UNIT(.MILLI.,.METRE.) );
#6342 = ( NAMED_UNIT(*) PLANE_ANGLE_UNIT() SI_UNIT($,.RADIAN.) );
#6343 = ( NAMED_UNIT(*) SI_UNIT($,.STERADIAN.) SOLID_ANGLE_UNIT() );
#6344 = UNCERTAINTY_MEASURE_WITH_UNIT(LENGTH_MEASURE(1.E-07),#6341,
  'distance_accuracy_value','confusion accuracy');
#6345 = CONTEXT_DEPENDENT_SHAPE_REPRESENTATION(#6346,#6348);
#6346 = ( REPRESENTATION_RELATIONSHIP('','',#6286,#5295) 
REPRESENTATION_RELATIONSHIP_WITH_TRANSFORMATION(#6347) 
SHAPE_REPRESENTATION_RELATIONSHIP() );
#6347 = ITEM_DEFINED_TRANSFORMATION('','',#11,#5344);
#6348 = PRODUCT_DEFINITION_SHAPE('Placement','Placement of an item',
  #6349);
#6349 = NEXT_ASSEMBLY_USAGE_OCCURRENCE('310','Leads040','',#5290,#6281,$
  );
#6350 = PRODUCT_RELATED_PRODUCT_CATEGORY('part',$,(#6283));
#6351 = SHAPE_DEFINITION_REPRESENTATION(#6352,#6358);
#6352 = PRODUCT_DEFINITION_SHAPE('','',#6353);
#6353 = PRODUCT_DEFINITION('design','',#6354,#6357);
#6354 = PRODUCT_DEFINITION_FORMATION('','',#6355);
#6355 = PRODUCT('Leads041','Leads041','',(#6356));
#6356 = PRODUCT_CONTEXT('',#2,'mechanical');
#6357 = PRODUCT_DEFINITION_CONTEXT('part definition',#2,'design');
#6358 = ADVANCED_BREP_SHAPE_REPRESENTATION('',(#11,#6359),#6412);
#6359 = MANIFOLD_SOLID_BREP('',#6360);
#6360 = CLOSED_SHELL('',(#6361,#6394,#6403));
#6361 = ADVANCED_FACE('',(#6362),#6389,.T.);
#6362 = FACE_BOUND('',#6363,.T.);
#6363 = EDGE_LOOP('',(#6364,#6373,#6381,#6388));
#6364 = ORIENTED_EDGE('',*,*,#6365,.F.);
#6365 = EDGE_CURVE('',#6366,#6366,#6368,.T.);
#6366 = VERTEX_POINT('',#6367);
#6367 = CARTESIAN_POINT('',(1.5255,-2.54,0.1));
#6368 = CIRCLE('',#6369,0.2555);
#6369 = AXIS2_PLACEMENT_3D('',#6370,#6371,#6372);
#6370 = CARTESIAN_POINT('',(1.27,-2.54,0.1));
#6371 = DIRECTION('',(0.,0.,1.));
#6372 = DIRECTION('',(1.,0.,-0.));
#6373 = ORIENTED_EDGE('',*,*,#6374,.F.);
#6374 = EDGE_CURVE('',#6375,#6366,#6377,.T.);
#6375 = VERTEX_POINT('',#6376);
#6376 = CARTESIAN_POINT('',(1.5255,-2.54,-5.));
#6377 = LINE('',#6378,#6379);
#6378 = CARTESIAN_POINT('',(1.5255,-2.54,-5.));
#6379 = VECTOR('',#6380,1.);
#6380 = DIRECTION('',(0.,0.,1.));
#6381 = ORIENTED_EDGE('',*,*,#6382,.T.);
#6382 = EDGE_CURVE('',#6375,#6375,#6383,.T.);
#6383 = CIRCLE('',#6384,0.2555);
#6384 = AXIS2_PLACEMENT_3D('',#6385,#6386,#6387);
#6385 = CARTESIAN_POINT('',(1.27,-2.54,-5.));
#6386 = DIRECTION('',(0.,0.,1.));
#6387 = DIRECTION('',(1.,0.,-0.));
#6388 = ORIENTED_EDGE('',*,*,#6374,.T.);
#6389 = CYLINDRICAL_SURFACE('',#6390,0.2555);
#6390 = AXIS2_PLACEMENT_3D('',#6391,#6392,#6393);
#6391 = CARTESIAN_POINT('',(1.27,-2.54,-5.));
#6392 = DIRECTION('',(0.,0.,1.));
#6393 = DIRECTION('',(1.,0.,-0.));
#6394 = ADVANCED_FACE('',(#6395),#6398,.T.);
#6395 = FACE_BOUND('',#6396,.T.);
#6396 = EDGE_LOOP('',(#6397));
#6397 = ORIENTED_EDGE('',*,*,#6365,.T.);
#6398 = PLANE('',#6399);
#6399 = AXIS2_PLACEMENT_3D('',#6400,#6401,#6402);
#6400 = CARTESIAN_POINT('',(1.27,-2.54,0.1));
#6401 = DIRECTION('',(0.,0.,1.));
#6402 = DIRECTION('',(1.,0.,-0.));
#6403 = ADVANCED_FACE('',(#6404),#6407,.F.);
#6404 = FACE_BOUND('',#6405,.T.);
#6405 = EDGE_LOOP('',(#6406));
#6406 = ORIENTED_EDGE('',*,*,#6382,.F.);
#6407 = PLANE('',#6408);
#6408 = AXIS2_PLACEMENT_3D('',#6409,#6410,#6411);
#6409 = CARTESIAN_POINT('',(1.27,-2.54,-5.));
#6410 = DIRECTION('',(0.,0.,1.));
#6411 = DIRECTION('',(1.,0.,-0.));
#6412 = ( GEOMETRIC_REPRESENTATION_CONTEXT(3) 
GLOBAL_UNCERTAINTY_ASSIGNED_CONTEXT((#6416)) 
GLOBAL_UNIT_ASSIGNED_CONTEXT((#6413,#6414,#6415)) REPRESENTATION_CONTEXT
('Context #1','3D Context with UNIT and UNCERTAINTY') );
#6413 = ( LENGTH_UNIT() NAMED_UNIT(*) SI_UNIT(.MILLI.,.METRE.) );
#6414 = ( NAMED_UNIT(*) PLANE_ANGLE_UNIT() SI_UNIT($,.RADIAN.) );
#6415 = ( NAMED_UNIT(*) SI_UNIT($,.STERADIAN.) SOLID_ANGLE_UNIT() );
#6416 = UNCERTAINTY_MEASURE_WITH_UNIT(LENGTH_MEASURE(1.E-07),#6413,
  'distance_accuracy_value','confusion accuracy');
#6417 = CONTEXT_DEPENDENT_SHAPE_REPRESENTATION(#6418,#6420);
#6418 = ( REPRESENTATION_RELATIONSHIP('','',#6358,#5295) 
REPRESENTATION_RELATIONSHIP_WITH_TRANSFORMATION(#6419) 
SHAPE_REPRESENTATION_RELATIONSHIP() );
#6419 = ITEM_DEFINED_TRANSFORMATION('','',#11,#5348);
#6420 = PRODUCT_DEFINITION_SHAPE('Placement','Placement of an item',
  #6421);
#6421 = NEXT_ASSEMBLY_USAGE_OCCURRENCE('311','Leads041','',#5290,#6353,$
  );
#6422 = PRODUCT_RELATED_PRODUCT_CATEGORY('part',$,(#6355));
#6423 = SHAPE_DEFINITION_REPRESENTATION(#6424,#6430);
#6424 = PRODUCT_DEFINITION_SHAPE('','',#6425);
#6425 = PRODUCT_DEFINITION('design','',#6426,#6429);
#6426 = PRODUCT_DEFINITION_FORMATION('','',#6427);
#6427 = PRODUCT('Leads042','Leads042','',(#6428));
#6428 = PRODUCT_CONTEXT('',#2,'mechanical');
#6429 = PRODUCT_DEFINITION_CONTEXT('part definition',#2,'design');
#6430 = ADVANCED_BREP_SHAPE_REPRESENTATION('',(#11,#6431),#6484);
#6431 = MANIFOLD_SOLID_BREP('',#6432);
#6432 = CLOSED_SHELL('',(#6433,#6466,#6475));
#6433 = ADVANCED_FACE('',(#6434),#6461,.T.);
#6434 = FACE_BOUND('',#6435,.T.);
#6435 = EDGE_LOOP('',(#6436,#6445,#6453,#6460));
#6436 = ORIENTED_EDGE('',*,*,#6437,.F.);
#6437 = EDGE_CURVE('',#6438,#6438,#6440,.T.);
#6438 = VERTEX_POINT('',#6439);
#6439 = CARTESIAN_POINT('',(4.0655,-2.54,0.1));
#6440 = CIRCLE('',#6441,0.2555);
#6441 = AXIS2_PLACEMENT_3D('',#6442,#6443,#6444);
#6442 = CARTESIAN_POINT('',(3.81,-2.54,0.1));
#6443 = DIRECTION('',(0.,0.,1.));
#6444 = DIRECTION('',(1.,0.,-0.));
#6445 = ORIENTED_EDGE('',*,*,#6446,.F.);
#6446 = EDGE_CURVE('',#6447,#6438,#6449,.T.);
#6447 = VERTEX_POINT('',#6448);
#6448 = CARTESIAN_POINT('',(4.0655,-2.54,-5.));
#6449 = LINE('',#6450,#6451);
#6450 = CARTESIAN_POINT('',(4.0655,-2.54,-5.));
#6451 = VECTOR('',#6452,1.);
#6452 = DIRECTION('',(0.,0.,1.));
#6453 = ORIENTED_EDGE('',*,*,#6454,.T.);
#6454 = EDGE_CURVE('',#6447,#6447,#6455,.T.);
#6455 = CIRCLE('',#6456,0.2555);
#6456 = AXIS2_PLACEMENT_3D('',#6457,#6458,#6459);
#6457 = CARTESIAN_POINT('',(3.81,-2.54,-5.));
#6458 = DIRECTION('',(0.,0.,1.));
#6459 = DIRECTION('',(1.,0.,-0.));
#6460 = ORIENTED_EDGE('',*,*,#6446,.T.);
#6461 = CYLINDRICAL_SURFACE('',#6462,0.2555);
#6462 = AXIS2_PLACEMENT_3D('',#6463,#6464,#6465);
#6463 = CARTESIAN_POINT('',(3.81,-2.54,-5.));
#6464 = DIRECTION('',(0.,0.,1.));
#6465 = DIRECTION('',(1.,0.,-0.));
#6466 = ADVANCED_FACE('',(#6467),#6470,.T.);
#6467 = FACE_BOUND('',#6468,.T.);
#6468 = EDGE_LOOP('',(#6469));
#6469 = ORIENTED_EDGE('',*,*,#6437,.T.);
#6470 = PLANE('',#6471);
#6471 = AXIS2_PLACEMENT_3D('',#6472,#6473,#6474);
#6472 = CARTESIAN_POINT('',(3.81,-2.54,0.1));
#6473 = DIRECTION('',(0.,0.,1.));
#6474 = DIRECTION('',(1.,0.,-0.));
#6475 = ADVANCED_FACE('',(#6476),#6479,.F.);
#6476 = FACE_BOUND('',#6477,.T.);
#6477 = EDGE_LOOP('',(#6478));
#6478 = ORIENTED_EDGE('',*,*,#6454,.F.);
#6479 = PLANE('',#6480);
#6480 = AXIS2_PLACEMENT_3D('',#6481,#6482,#6483);
#6481 = CARTESIAN_POINT('',(3.81,-2.54,-5.));
#6482 = DIRECTION('',(0.,0.,1.));
#6483 = DIRECTION('',(1.,0.,-0.));
#6484 = ( GEOMETRIC_REPRESENTATION_CONTEXT(3) 
GLOBAL_UNCERTAINTY_ASSIGNED_CONTEXT((#6488)) 
GLOBAL_UNIT_ASSIGNED_CONTEXT((#6485,#6486,#6487)) REPRESENTATION_CONTEXT
('Context #1','3D Context with UNIT and UNCERTAINTY') );
#6485 = ( LENGTH_UNIT() NAMED_UNIT(*) SI_UNIT(.MILLI.,.METRE.) );
#6486 = ( NAMED_UNIT(*) PLANE_ANGLE_UNIT() SI_UNIT($,.RADIAN.) );
#6487 = ( NAMED_UNIT(*) SI_UNIT($,.STERADIAN.) SOLID_ANGLE_UNIT() );
#6488 = UNCERTAINTY_MEASURE_WITH_UNIT(LENGTH_MEASURE(1.E-07),#6485,
  'distance_accuracy_value','confusion accuracy');
#6489 = CONTEXT_DEPENDENT_SHAPE_REPRESENTATION(#6490,#6492);
#6490 = ( REPRESENTATION_RELATIONSHIP('','',#6430,#5295) 
REPRESENTATION_RELATIONSHIP_WITH_TRANSFORMATION(#6491) 
SHAPE_REPRESENTATION_RELATIONSHIP() );
#6491 = ITEM_DEFINED_TRANSFORMATION('','',#11,#5352);
#6492 = PRODUCT_DEFINITION_SHAPE('Placement','Placement of an item',
  #6493);
#6493 = NEXT_ASSEMBLY_USAGE_OCCURRENCE('312','Leads042','',#5290,#6425,$
  );
#6494 = PRODUCT_RELATED_PRODUCT_CATEGORY('part',$,(#6427));
#6495 = SHAPE_DEFINITION_REPRESENTATION(#6496,#6502);
#6496 = PRODUCT_DEFINITION_SHAPE('','',#6497);
#6497 = PRODUCT_DEFINITION('design','',#6498,#6501);
#6498 = PRODUCT_DEFINITION_FORMATION('','',#6499);
#6499 = PRODUCT('Leads043','Leads043','',(#6500));
#6500 = PRODUCT_CONTEXT('',#2,'mechanical');
#6501 = PRODUCT_DEFINITION_CONTEXT('part definition',#2,'design');
#6502 = ADVANCED_BREP_SHAPE_REPRESENTATION('',(#11,#6503),#6556);
#6503 = MANIFOLD_SOLID_BREP('',#6504);
#6504 = CLOSED_SHELL('',(#6505,#6538,#6547));
#6505 = ADVANCED_FACE('',(#6506),#6533,.T.);
#6506 = FACE_BOUND('',#6507,.T.);
#6507 = EDGE_LOOP('',(#6508,#6517,#6525,#6532));
#6508 = ORIENTED_EDGE('',*,*,#6509,.F.);
#6509 = EDGE_CURVE('',#6510,#6510,#6512,.T.);
#6510 = VERTEX_POINT('',#6511);
#6511 = CARTESIAN_POINT('',(6.6055,-2.54,0.1));
#6512 = CIRCLE('',#6513,0.2555);
#6513 = AXIS2_PLACEMENT_3D('',#6514,#6515,#6516);
#6514 = CARTESIAN_POINT('',(6.35,-2.54,0.1));
#6515 = DIRECTION('',(0.,0.,1.));
#6516 = DIRECTION('',(1.,0.,-0.));
#6517 = ORIENTED_EDGE('',*,*,#6518,.F.);
#6518 = EDGE_CURVE('',#6519,#6510,#6521,.T.);
#6519 = VERTEX_POINT('',#6520);
#6520 = CARTESIAN_POINT('',(6.6055,-2.54,-5.));
#6521 = LINE('',#6522,#6523);
#6522 = CARTESIAN_POINT('',(6.6055,-2.54,-5.));
#6523 = VECTOR('',#6524,1.);
#6524 = DIRECTION('',(0.,0.,1.));
#6525 = ORIENTED_EDGE('',*,*,#6526,.T.);
#6526 = EDGE_CURVE('',#6519,#6519,#6527,.T.);
#6527 = CIRCLE('',#6528,0.2555);
#6528 = AXIS2_PLACEMENT_3D('',#6529,#6530,#6531);
#6529 = CARTESIAN_POINT('',(6.35,-2.54,-5.));
#6530 = DIRECTION('',(0.,0.,1.));
#6531 = DIRECTION('',(1.,0.,-0.));
#6532 = ORIENTED_EDGE('',*,*,#6518,.T.);
#6533 = CYLINDRICAL_SURFACE('',#6534,0.2555);
#6534 = AXIS2_PLACEMENT_3D('',#6535,#6536,#6537);
#6535 = CARTESIAN_POINT('',(6.35,-2.54,-5.));
#6536 = DIRECTION('',(0.,0.,1.));
#6537 = DIRECTION('',(1.,0.,-0.));
#6538 = ADVANCED_FACE('',(#6539),#6542,.T.);
#6539 = FACE_BOUND('',#6540,.T.);
#6540 = EDGE_LOOP('',(#6541));
#6541 = ORIENTED_EDGE('',*,*,#6509,.T.);
#6542 = PLANE('',#6543);
#6543 = AXIS2_PLACEMENT_3D('',#6544,#6545,#6546);
#6544 = CARTESIAN_POINT('',(6.35,-2.54,0.1));
#6545 = DIRECTION('',(0.,0.,1.));
#6546 = DIRECTION('',(1.,0.,-0.));
#6547 = ADVANCED_FACE('',(#6548),#6551,.F.);
#6548 = FACE_BOUND('',#6549,.T.);
#6549 = EDGE_LOOP('',(#6550));
#6550 = ORIENTED_EDGE('',*,*,#6526,.F.);
#6551 = PLANE('',#6552);
#6552 = AXIS2_PLACEMENT_3D('',#6553,#6554,#6555);
#6553 = CARTESIAN_POINT('',(6.35,-2.54,-5.));
#6554 = DIRECTION('',(0.,0.,1.));
#6555 = DIRECTION('',(1.,0.,-0.));
#6556 = ( GEOMETRIC_REPRESENTATION_CONTEXT(3) 
GLOBAL_UNCERTAINTY_ASSIGNED_CONTEXT((#6560)) 
GLOBAL_UNIT_ASSIGNED_CONTEXT((#6557,#6558,#6559)) REPRESENTATION_CONTEXT
('Context #1','3D Context with UNIT and UNCERTAINTY') );
#6557 = ( LENGTH_UNIT() NAMED_UNIT(*) SI_UNIT(.MILLI.,.METRE.) );
#6558 = ( NAMED_UNIT(*) PLANE_ANGLE_UNIT() SI_UNIT($,.RADIAN.) );
#6559 = ( NAMED_UNIT(*) SI_UNIT($,.STERADIAN.) SOLID_ANGLE_UNIT() );
#6560 = UNCERTAINTY_MEASURE_WITH_UNIT(LENGTH_MEASURE(1.E-07),#6557,
  'distance_accuracy_value','confusion accuracy');
#6561 = CONTEXT_DEPENDENT_SHAPE_REPRESENTATION(#6562,#6564);
#6562 = ( REPRESENTATION_RELATIONSHIP('','',#6502,#5295) 
REPRESENTATION_RELATIONSHIP_WITH_TRANSFORMATION(#6563) 
SHAPE_REPRESENTATION_RELATIONSHIP() );
#6563 = ITEM_DEFINED_TRANSFORMATION('','',#11,#5356);
#6564 = PRODUCT_DEFINITION_SHAPE('Placement','Placement of an item',
  #6565);
#6565 = NEXT_ASSEMBLY_USAGE_OCCURRENCE('313','Leads043','',#5290,#6497,$
  );
#6566 = PRODUCT_RELATED_PRODUCT_CATEGORY('part',$,(#6499));
#6567 = SHAPE_DEFINITION_REPRESENTATION(#6568,#6574);
#6568 = PRODUCT_DEFINITION_SHAPE('','',#6569);
#6569 = PRODUCT_DEFINITION('design','',#6570,#6573);
#6570 = PRODUCT_DEFINITION_FORMATION('','',#6571);
#6571 = PRODUCT('Leads044','Leads044','',(#6572));
#6572 = PRODUCT_CONTEXT('',#2,'mechanical');
#6573 = PRODUCT_DEFINITION_CONTEXT('part definition',#2,'design');
#6574 = ADVANCED_BREP_SHAPE_REPRESENTATION('',(#11,#6575),#6628);
#6575 = MANIFOLD_SOLID_BREP('',#6576);
#6576 = CLOSED_SHELL('',(#6577,#6610,#6619));
#6577 = ADVANCED_FACE('',(#6578),#6605,.T.);
#6578 = FACE_BOUND('',#6579,.T.);
#6579 = EDGE_LOOP('',(#6580,#6589,#6597,#6604));
#6580 = ORIENTED_EDGE('',*,*,#6581,.F.);
#6581 = EDGE_CURVE('',#6582,#6582,#6584,.T.);
#6582 = VERTEX_POINT('',#6583);
#6583 = CARTESIAN_POINT('',(9.1455,-2.54,0.1));
#6584 = CIRCLE('',#6585,0.2555);
#6585 = AXIS2_PLACEMENT_3D('',#6586,#6587,#6588);
#6586 = CARTESIAN_POINT('',(8.89,-2.54,0.1));
#6587 = DIRECTION('',(0.,0.,1.));
#6588 = DIRECTION('',(1.,0.,-0.));
#6589 = ORIENTED_EDGE('',*,*,#6590,.F.);
#6590 = EDGE_CURVE('',#6591,#6582,#6593,.T.);
#6591 = VERTEX_POINT('',#6592);
#6592 = CARTESIAN_POINT('',(9.1455,-2.54,-5.));
#6593 = LINE('',#6594,#6595);
#6594 = CARTESIAN_POINT('',(9.1455,-2.54,-5.));
#6595 = VECTOR('',#6596,1.);
#6596 = DIRECTION('',(0.,0.,1.));
#6597 = ORIENTED_EDGE('',*,*,#6598,.T.);
#6598 = EDGE_CURVE('',#6591,#6591,#6599,.T.);
#6599 = CIRCLE('',#6600,0.2555);
#6600 = AXIS2_PLACEMENT_3D('',#6601,#6602,#6603);
#6601 = CARTESIAN_POINT('',(8.89,-2.54,-5.));
#6602 = DIRECTION('',(0.,0.,1.));
#6603 = DIRECTION('',(1.,0.,-0.));
#6604 = ORIENTED_EDGE('',*,*,#6590,.T.);
#6605 = CYLINDRICAL_SURFACE('',#6606,0.2555);
#6606 = AXIS2_PLACEMENT_3D('',#6607,#6608,#6609);
#6607 = CARTESIAN_POINT('',(8.89,-2.54,-5.));
#6608 = DIRECTION('',(0.,0.,1.));
#6609 = DIRECTION('',(1.,0.,-0.));
#6610 = ADVANCED_FACE('',(#6611),#6614,.T.);
#6611 = FACE_BOUND('',#6612,.T.);
#6612 = EDGE_LOOP('',(#6613));
#6613 = ORIENTED_EDGE('',*,*,#6581,.T.);
#6614 = PLANE('',#6615);
#6615 = AXIS2_PLACEMENT_3D('',#6616,#6617,#6618);
#6616 = CARTESIAN_POINT('',(8.89,-2.54,0.1));
#6617 = DIRECTION('',(0.,0.,1.));
#6618 = DIRECTION('',(1.,0.,-0.));
#6619 = ADVANCED_FACE('',(#6620),#6623,.F.);
#6620 = FACE_BOUND('',#6621,.T.);
#6621 = EDGE_LOOP('',(#6622));
#6622 = ORIENTED_EDGE('',*,*,#6598,.F.);
#6623 = PLANE('',#6624);
#6624 = AXIS2_PLACEMENT_3D('',#6625,#6626,#6627);
#6625 = CARTESIAN_POINT('',(8.89,-2.54,-5.));
#6626 = DIRECTION('',(0.,0.,1.));
#6627 = DIRECTION('',(1.,0.,-0.));
#6628 = ( GEOMETRIC_REPRESENTATION_CONTEXT(3) 
GLOBAL_UNCERTAINTY_ASSIGNED_CONTEXT((#6632)) 
GLOBAL_UNIT_ASSIGNED_CONTEXT((#6629,#6630,#6631)) REPRESENTATION_CONTEXT
('Context #1','3D Context with UNIT and UNCERTAINTY') );
#6629 = ( LENGTH_UNIT() NAMED_UNIT(*) SI_UNIT(.MILLI.,.METRE.) );
#6630 = ( NAMED_UNIT(*) PLANE_ANGLE_UNIT() SI_UNIT($,.RADIAN.) );
#6631 = ( NAMED_UNIT(*) SI_UNIT($,.STERADIAN.) SOLID_ANGLE_UNIT() );
#6632 = UNCERTAINTY_MEASURE_WITH_UNIT(LENGTH_MEASURE(1.E-07),#6629,
  'distance_accuracy_value','confusion accuracy');
#6633 = CONTEXT_DEPENDENT_SHAPE_REPRESENTATION(#6634,#6636);
#6634 = ( REPRESENTATION_RELATIONSHIP('','',#6574,#5295) 
REPRESENTATION_RELATIONSHIP_WITH_TRANSFORMATION(#6635) 
SHAPE_REPRESENTATION_RELATIONSHIP() );
#6635 = ITEM_DEFINED_TRANSFORMATION('','',#11,#5360);
#6636 = PRODUCT_DEFINITION_SHAPE('Placement','Placement of an item',
  #6637);
#6637 = NEXT_ASSEMBLY_USAGE_OCCURRENCE('314','Leads044','',#5290,#6569,$
  );
#6638 = PRODUCT_RELATED_PRODUCT_CATEGORY('part',$,(#6571));
#6639 = SHAPE_DEFINITION_REPRESENTATION(#6640,#6646);
#6640 = PRODUCT_DEFINITION_SHAPE('','',#6641);
#6641 = PRODUCT_DEFINITION('design','',#6642,#6645);
#6642 = PRODUCT_DEFINITION_FORMATION('','',#6643);
#6643 = PRODUCT('Leads045','Leads045','',(#6644));
#6644 = PRODUCT_CONTEXT('',#2,'mechanical');
#6645 = PRODUCT_DEFINITION_CONTEXT('part definition',#2,'design');
#6646 = ADVANCED_BREP_SHAPE_REPRESENTATION('',(#11,#6647),#6700);
#6647 = MANIFOLD_SOLID_BREP('',#6648);
#6648 = CLOSED_SHELL('',(#6649,#6682,#6691));
#6649 = ADVANCED_FACE('',(#6650),#6677,.T.);
#6650 = FACE_BOUND('',#6651,.T.);
#6651 = EDGE_LOOP('',(#6652,#6661,#6669,#6676));
#6652 = ORIENTED_EDGE('',*,*,#6653,.F.);
#6653 = EDGE_CURVE('',#6654,#6654,#6656,.T.);
#6654 = VERTEX_POINT('',#6655);
#6655 = CARTESIAN_POINT('',(11.6855,-2.54,0.1));
#6656 = CIRCLE('',#6657,0.2555);
#6657 = AXIS2_PLACEMENT_3D('',#6658,#6659,#6660);
#6658 = CARTESIAN_POINT('',(11.43,-2.54,0.1));
#6659 = DIRECTION('',(0.,0.,1.));
#6660 = DIRECTION('',(1.,0.,-0.));
#6661 = ORIENTED_EDGE('',*,*,#6662,.F.);
#6662 = EDGE_CURVE('',#6663,#6654,#6665,.T.);
#6663 = VERTEX_POINT('',#6664);
#6664 = CARTESIAN_POINT('',(11.6855,-2.54,-5.));
#6665 = LINE('',#6666,#6667);
#6666 = CARTESIAN_POINT('',(11.6855,-2.54,-5.));
#6667 = VECTOR('',#6668,1.);
#6668 = DIRECTION('',(0.,0.,1.));
#6669 = ORIENTED_EDGE('',*,*,#6670,.T.);
#6670 = EDGE_CURVE('',#6663,#6663,#6671,.T.);
#6671 = CIRCLE('',#6672,0.2555);
#6672 = AXIS2_PLACEMENT_3D('',#6673,#6674,#6675);
#6673 = CARTESIAN_POINT('',(11.43,-2.54,-5.));
#6674 = DIRECTION('',(0.,0.,1.));
#6675 = DIRECTION('',(1.,0.,-0.));
#6676 = ORIENTED_EDGE('',*,*,#6662,.T.);
#6677 = CYLINDRICAL_SURFACE('',#6678,0.2555);
#6678 = AXIS2_PLACEMENT_3D('',#6679,#6680,#6681);
#6679 = CARTESIAN_POINT('',(11.43,-2.54,-5.));
#6680 = DIRECTION('',(0.,0.,1.));
#6681 = DIRECTION('',(1.,0.,-0.));
#6682 = ADVANCED_FACE('',(#6683),#6686,.T.);
#6683 = FACE_BOUND('',#6684,.T.);
#6684 = EDGE_LOOP('',(#6685));
#6685 = ORIENTED_EDGE('',*,*,#6653,.T.);
#6686 = PLANE('',#6687);
#6687 = AXIS2_PLACEMENT_3D('',#6688,#6689,#6690);
#6688 = CARTESIAN_POINT('',(11.43,-2.54,0.1));
#6689 = DIRECTION('',(0.,0.,1.));
#6690 = DIRECTION('',(1.,0.,-0.));
#6691 = ADVANCED_FACE('',(#6692),#6695,.F.);
#6692 = FACE_BOUND('',#6693,.T.);
#6693 = EDGE_LOOP('',(#6694));
#6694 = ORIENTED_EDGE('',*,*,#6670,.F.);
#6695 = PLANE('',#6696);
#6696 = AXIS2_PLACEMENT_3D('',#6697,#6698,#6699);
#6697 = CARTESIAN_POINT('',(11.43,-2.54,-5.));
#6698 = DIRECTION('',(0.,0.,1.));
#6699 = DIRECTION('',(1.,0.,-0.));
#6700 = ( GEOMETRIC_REPRESENTATION_CONTEXT(3) 
GLOBAL_UNCERTAINTY_ASSIGNED_CONTEXT((#6704)) 
GLOBAL_UNIT_ASSIGNED_CONTEXT((#6701,#6702,#6703)) REPRESENTATION_CONTEXT
('Context #1','3D Context with UNIT and UNCERTAINTY') );
#6701 = ( LENGTH_UNIT() NAMED_UNIT(*) SI_UNIT(.MILLI.,.METRE.) );
#6702 = ( NAMED_UNIT(*) PLANE_ANGLE_UNIT() SI_UNIT($,.RADIAN.) );
#6703 = ( NAMED_UNIT(*) SI_UNIT($,.STERADIAN.) SOLID_ANGLE_UNIT() );
#6704 = UNCERTAINTY_MEASURE_WITH_UNIT(LENGTH_MEASURE(1.E-07),#6701,
  'distance_accuracy_value','confusion accuracy');
#6705 = CONTEXT_DEPENDENT_SHAPE_REPRESENTATION(#6706,#6708);
#6706 = ( REPRESENTATION_RELATIONSHIP('','',#6646,#5295) 
REPRESENTATION_RELATIONSHIP_WITH_TRANSFORMATION(#6707) 
SHAPE_REPRESENTATION_RELATIONSHIP() );
#6707 = ITEM_DEFINED_TRANSFORMATION('','',#11,#5364);
#6708 = PRODUCT_DEFINITION_SHAPE('Placement','Placement of an item',
  #6709);
#6709 = NEXT_ASSEMBLY_USAGE_OCCURRENCE('315','Leads045','',#5290,#6641,$
  );
#6710 = PRODUCT_RELATED_PRODUCT_CATEGORY('part',$,(#6643));
#6711 = SHAPE_DEFINITION_REPRESENTATION(#6712,#6718);
#6712 = PRODUCT_DEFINITION_SHAPE('','',#6713);
#6713 = PRODUCT_DEFINITION('design','',#6714,#6717);
#6714 = PRODUCT_DEFINITION_FORMATION('','',#6715);
#6715 = PRODUCT('Leads046','Leads046','',(#6716));
#6716 = PRODUCT_CONTEXT('',#2,'mechanical');
#6717 = PRODUCT_DEFINITION_CONTEXT('part definition',#2,'design');
#6718 = ADVANCED_BREP_SHAPE_REPRESENTATION('',(#11,#6719),#6772);
#6719 = MANIFOLD_SOLID_BREP('',#6720);
#6720 = CLOSED_SHELL('',(#6721,#6754,#6763));
#6721 = ADVANCED_FACE('',(#6722),#6749,.T.);
#6722 = FACE_BOUND('',#6723,.T.);
#6723 = EDGE_LOOP('',(#6724,#6733,#6741,#6748));
#6724 = ORIENTED_EDGE('',*,*,#6725,.F.);
#6725 = EDGE_CURVE('',#6726,#6726,#6728,.T.);
#6726 = VERTEX_POINT('',#6727);
#6727 = CARTESIAN_POINT('',(14.2255,-2.54,0.1));
#6728 = CIRCLE('',#6729,0.2555);
#6729 = AXIS2_PLACEMENT_3D('',#6730,#6731,#6732);
#6730 = CARTESIAN_POINT('',(13.97,-2.54,0.1));
#6731 = DIRECTION('',(0.,0.,1.));
#6732 = DIRECTION('',(1.,0.,-0.));
#6733 = ORIENTED_EDGE('',*,*,#6734,.F.);
#6734 = EDGE_CURVE('',#6735,#6726,#6737,.T.);
#6735 = VERTEX_POINT('',#6736);
#6736 = CARTESIAN_POINT('',(14.2255,-2.54,-5.));
#6737 = LINE('',#6738,#6739);
#6738 = CARTESIAN_POINT('',(14.2255,-2.54,-5.));
#6739 = VECTOR('',#6740,1.);
#6740 = DIRECTION('',(0.,0.,1.));
#6741 = ORIENTED_EDGE('',*,*,#6742,.T.);
#6742 = EDGE_CURVE('',#6735,#6735,#6743,.T.);
#6743 = CIRCLE('',#6744,0.2555);
#6744 = AXIS2_PLACEMENT_3D('',#6745,#6746,#6747);
#6745 = CARTESIAN_POINT('',(13.97,-2.54,-5.));
#6746 = DIRECTION('',(0.,0.,1.));
#6747 = DIRECTION('',(1.,0.,-0.));
#6748 = ORIENTED_EDGE('',*,*,#6734,.T.);
#6749 = CYLINDRICAL_SURFACE('',#6750,0.2555);
#6750 = AXIS2_PLACEMENT_3D('',#6751,#6752,#6753);
#6751 = CARTESIAN_POINT('',(13.97,-2.54,-5.));
#6752 = DIRECTION('',(0.,0.,1.));
#6753 = DIRECTION('',(1.,0.,-0.));
#6754 = ADVANCED_FACE('',(#6755),#6758,.T.);
#6755 = FACE_BOUND('',#6756,.T.);
#6756 = EDGE_LOOP('',(#6757));
#6757 = ORIENTED_EDGE('',*,*,#6725,.T.);
#6758 = PLANE('',#6759);
#6759 = AXIS2_PLACEMENT_3D('',#6760,#6761,#6762);
#6760 = CARTESIAN_POINT('',(13.97,-2.54,0.1));
#6761 = DIRECTION('',(0.,0.,1.));
#6762 = DIRECTION('',(1.,0.,-0.));
#6763 = ADVANCED_FACE('',(#6764),#6767,.F.);
#6764 = FACE_BOUND('',#6765,.T.);
#6765 = EDGE_LOOP('',(#6766));
#6766 = ORIENTED_EDGE('',*,*,#6742,.F.);
#6767 = PLANE('',#6768);
#6768 = AXIS2_PLACEMENT_3D('',#6769,#6770,#6771);
#6769 = CARTESIAN_POINT('',(13.97,-2.54,-5.));
#6770 = DIRECTION('',(0.,0.,1.));
#6771 = DIRECTION('',(1.,0.,-0.));
#6772 = ( GEOMETRIC_REPRESENTATION_CONTEXT(3) 
GLOBAL_UNCERTAINTY_ASSIGNED_CONTEXT((#6776)) 
GLOBAL_UNIT_ASSIGNED_CONTEXT((#6773,#6774,#6775)) REPRESENTATION_CONTEXT
('Context #1','3D Context with UNIT and UNCERTAINTY') );
#6773 = ( LENGTH_UNIT() NAMED_UNIT(*) SI_UNIT(.MILLI.,.METRE.) );
#6774 = ( NAMED_UNIT(*) PLANE_ANGLE_UNIT() SI_UNIT($,.RADIAN.) );
#6775 = ( NAMED_UNIT(*) SI_UNIT($,.STERADIAN.) SOLID_ANGLE_UNIT() );
#6776 = UNCERTAINTY_MEASURE_WITH_UNIT(LENGTH_MEASURE(1.E-07),#6773,
  'distance_accuracy_value','confusion accuracy');
#6777 = CONTEXT_DEPENDENT_SHAPE_REPRESENTATION(#6778,#6780);
#6778 = ( REPRESENTATION_RELATIONSHIP('','',#6718,#5295) 
REPRESENTATION_RELATIONSHIP_WITH_TRANSFORMATION(#6779) 
SHAPE_REPRESENTATION_RELATIONSHIP() );
#6779 = ITEM_DEFINED_TRANSFORMATION('','',#11,#5368);
#6780 = PRODUCT_DEFINITION_SHAPE('Placement','Placement of an item',
  #6781);
#6781 = NEXT_ASSEMBLY_USAGE_OCCURRENCE('316','Leads046','',#5290,#6713,$
  );
#6782 = PRODUCT_RELATED_PRODUCT_CATEGORY('part',$,(#6715));
#6783 = SHAPE_DEFINITION_REPRESENTATION(#6784,#6790);
#6784 = PRODUCT_DEFINITION_SHAPE('','',#6785);
#6785 = PRODUCT_DEFINITION('design','',#6786,#6789);
#6786 = PRODUCT_DEFINITION_FORMATION('','',#6787);
#6787 = PRODUCT('Leads047','Leads047','',(#6788));
#6788 = PRODUCT_CONTEXT('',#2,'mechanical');
#6789 = PRODUCT_DEFINITION_CONTEXT('part definition',#2,'design');
#6790 = ADVANCED_BREP_SHAPE_REPRESENTATION('',(#11,#6791),#6844);
#6791 = MANIFOLD_SOLID_BREP('',#6792);
#6792 = CLOSED_SHELL('',(#6793,#6826,#6835));
#6793 = ADVANCED_FACE('',(#6794),#6821,.T.);
#6794 = FACE_BOUND('',#6795,.T.);
#6795 = EDGE_LOOP('',(#6796,#6805,#6813,#6820));
#6796 = ORIENTED_EDGE('',*,*,#6797,.F.);
#6797 = EDGE_CURVE('',#6798,#6798,#6800,.T.);
#6798 = VERTEX_POINT('',#6799);
#6799 = CARTESIAN_POINT('',(16.7655,-2.54,0.1));
#6800 = CIRCLE('',#6801,0.2555);
#6801 = AXIS2_PLACEMENT_3D('',#6802,#6803,#6804);
#6802 = CARTESIAN_POINT('',(16.51,-2.54,0.1));
#6803 = DIRECTION('',(0.,0.,1.));
#6804 = DIRECTION('',(1.,0.,-0.));
#6805 = ORIENTED_EDGE('',*,*,#6806,.F.);
#6806 = EDGE_CURVE('',#6807,#6798,#6809,.T.);
#6807 = VERTEX_POINT('',#6808);
#6808 = CARTESIAN_POINT('',(16.7655,-2.54,-5.));
#6809 = LINE('',#6810,#6811);
#6810 = CARTESIAN_POINT('',(16.7655,-2.54,-5.));
#6811 = VECTOR('',#6812,1.);
#6812 = DIRECTION('',(0.,0.,1.));
#6813 = ORIENTED_EDGE('',*,*,#6814,.T.);
#6814 = EDGE_CURVE('',#6807,#6807,#6815,.T.);
#6815 = CIRCLE('',#6816,0.2555);
#6816 = AXIS2_PLACEMENT_3D('',#6817,#6818,#6819);
#6817 = CARTESIAN_POINT('',(16.51,-2.54,-5.));
#6818 = DIRECTION('',(0.,0.,1.));
#6819 = DIRECTION('',(1.,0.,-0.));
#6820 = ORIENTED_EDGE('',*,*,#6806,.T.);
#6821 = CYLINDRICAL_SURFACE('',#6822,0.2555);
#6822 = AXIS2_PLACEMENT_3D('',#6823,#6824,#6825);
#6823 = CARTESIAN_POINT('',(16.51,-2.54,-5.));
#6824 = DIRECTION('',(0.,0.,1.));
#6825 = DIRECTION('',(1.,0.,-0.));
#6826 = ADVANCED_FACE('',(#6827),#6830,.T.);
#6827 = FACE_BOUND('',#6828,.T.);
#6828 = EDGE_LOOP('',(#6829));
#6829 = ORIENTED_EDGE('',*,*,#6797,.T.);
#6830 = PLANE('',#6831);
#6831 = AXIS2_PLACEMENT_3D('',#6832,#6833,#6834);
#6832 = CARTESIAN_POINT('',(16.51,-2.54,0.1));
#6833 = DIRECTION('',(0.,0.,1.));
#6834 = DIRECTION('',(1.,0.,-0.));
#6835 = ADVANCED_FACE('',(#6836),#6839,.F.);
#6836 = FACE_BOUND('',#6837,.T.);
#6837 = EDGE_LOOP('',(#6838));
#6838 = ORIENTED_EDGE('',*,*,#6814,.F.);
#6839 = PLANE('',#6840);
#6840 = AXIS2_PLACEMENT_3D('',#6841,#6842,#6843);
#6841 = CARTESIAN_POINT('',(16.51,-2.54,-5.));
#6842 = DIRECTION('',(0.,0.,1.));
#6843 = DIRECTION('',(1.,0.,-0.));
#6844 = ( GEOMETRIC_REPRESENTATION_CONTEXT(3) 
GLOBAL_UNCERTAINTY_ASSIGNED_CONTEXT((#6848)) 
GLOBAL_UNIT_ASSIGNED_CONTEXT((#6845,#6846,#6847)) REPRESENTATION_CONTEXT
('Context #1','3D Context with UNIT and UNCERTAINTY') );
#6845 = ( LENGTH_UNIT() NAMED_UNIT(*) SI_UNIT(.MILLI.,.METRE.) );
#6846 = ( NAMED_UNIT(*) PLANE_ANGLE_UNIT() SI_UNIT($,.RADIAN.) );
#6847 = ( NAMED_UNIT(*) SI_UNIT($,.STERADIAN.) SOLID_ANGLE_UNIT() );
#6848 = UNCERTAINTY_MEASURE_WITH_UNIT(LENGTH_MEASURE(1.E-07),#6845,
  'distance_accuracy_value','confusion accuracy');
#6849 = CONTEXT_DEPENDENT_SHAPE_REPRESENTATION(#6850,#6852);
#6850 = ( REPRESENTATION_RELATIONSHIP('','',#6790,#5295) 
REPRESENTATION_RELATIONSHIP_WITH_TRANSFORMATION(#6851) 
SHAPE_REPRESENTATION_RELATIONSHIP() );
#6851 = ITEM_DEFINED_TRANSFORMATION('','',#11,#5372);
#6852 = PRODUCT_DEFINITION_SHAPE('Placement','Placement of an item',
  #6853);
#6853 = NEXT_ASSEMBLY_USAGE_OCCURRENCE('317','Leads047','',#5290,#6785,$
  );
#6854 = PRODUCT_RELATED_PRODUCT_CATEGORY('part',$,(#6787));
#6855 = SHAPE_DEFINITION_REPRESENTATION(#6856,#6862);
#6856 = PRODUCT_DEFINITION_SHAPE('','',#6857);
#6857 = PRODUCT_DEFINITION('design','',#6858,#6861);
#6858 = PRODUCT_DEFINITION_FORMATION('','',#6859);
#6859 = PRODUCT('Leads048','Leads048','',(#6860));
#6860 = PRODUCT_CONTEXT('',#2,'mechanical');
#6861 = PRODUCT_DEFINITION_CONTEXT('part definition',#2,'design');
#6862 = ADVANCED_BREP_SHAPE_REPRESENTATION('',(#11,#6863),#6916);
#6863 = MANIFOLD_SOLID_BREP('',#6864);
#6864 = CLOSED_SHELL('',(#6865,#6898,#6907));
#6865 = ADVANCED_FACE('',(#6866),#6893,.T.);
#6866 = FACE_BOUND('',#6867,.T.);
#6867 = EDGE_LOOP('',(#6868,#6877,#6885,#6892));
#6868 = ORIENTED_EDGE('',*,*,#6869,.F.);
#6869 = EDGE_CURVE('',#6870,#6870,#6872,.T.);
#6870 = VERTEX_POINT('',#6871);
#6871 = CARTESIAN_POINT('',(19.3055,-2.54,0.1));
#6872 = CIRCLE('',#6873,0.2555);
#6873 = AXIS2_PLACEMENT_3D('',#6874,#6875,#6876);
#6874 = CARTESIAN_POINT('',(19.05,-2.54,0.1));
#6875 = DIRECTION('',(0.,0.,1.));
#6876 = DIRECTION('',(1.,0.,-0.));
#6877 = ORIENTED_EDGE('',*,*,#6878,.F.);
#6878 = EDGE_CURVE('',#6879,#6870,#6881,.T.);
#6879 = VERTEX_POINT('',#6880);
#6880 = CARTESIAN_POINT('',(19.3055,-2.54,-5.));
#6881 = LINE('',#6882,#6883);
#6882 = CARTESIAN_POINT('',(19.3055,-2.54,-5.));
#6883 = VECTOR('',#6884,1.);
#6884 = DIRECTION('',(0.,0.,1.));
#6885 = ORIENTED_EDGE('',*,*,#6886,.T.);
#6886 = EDGE_CURVE('',#6879,#6879,#6887,.T.);
#6887 = CIRCLE('',#6888,0.2555);
#6888 = AXIS2_PLACEMENT_3D('',#6889,#6890,#6891);
#6889 = CARTESIAN_POINT('',(19.05,-2.54,-5.));
#6890 = DIRECTION('',(0.,0.,1.));
#6891 = DIRECTION('',(1.,0.,-0.));
#6892 = ORIENTED_EDGE('',*,*,#6878,.T.);
#6893 = CYLINDRICAL_SURFACE('',#6894,0.2555);
#6894 = AXIS2_PLACEMENT_3D('',#6895,#6896,#6897);
#6895 = CARTESIAN_POINT('',(19.05,-2.54,-5.));
#6896 = DIRECTION('',(0.,0.,1.));
#6897 = DIRECTION('',(1.,0.,-0.));
#6898 = ADVANCED_FACE('',(#6899),#6902,.T.);
#6899 = FACE_BOUND('',#6900,.T.);
#6900 = EDGE_LOOP('',(#6901));
#6901 = ORIENTED_EDGE('',*,*,#6869,.T.);
#6902 = PLANE('',#6903);
#6903 = AXIS2_PLACEMENT_3D('',#6904,#6905,#6906);
#6904 = CARTESIAN_POINT('',(19.05,-2.54,0.1));
#6905 = DIRECTION('',(0.,0.,1.));
#6906 = DIRECTION('',(1.,0.,-0.));
#6907 = ADVANCED_FACE('',(#6908),#6911,.F.);
#6908 = FACE_BOUND('',#6909,.T.);
#6909 = EDGE_LOOP('',(#6910));
#6910 = ORIENTED_EDGE('',*,*,#6886,.F.);
#6911 = PLANE('',#6912);
#6912 = AXIS2_PLACEMENT_3D('',#6913,#6914,#6915);
#6913 = CARTESIAN_POINT('',(19.05,-2.54,-5.));
#6914 = DIRECTION('',(0.,0.,1.));
#6915 = DIRECTION('',(1.,0.,-0.));
#6916 = ( GEOMETRIC_REPRESENTATION_CONTEXT(3) 
GLOBAL_UNCERTAINTY_ASSIGNED_CONTEXT((#6920)) 
GLOBAL_UNIT_ASSIGNED_CONTEXT((#6917,#6918,#6919)) REPRESENTATION_CONTEXT
('Context #1','3D Context with UNIT and UNCERTAINTY') );
#6917 = ( LENGTH_UNIT() NAMED_UNIT(*) SI_UNIT(.MILLI.,.METRE.) );
#6918 = ( NAMED_UNIT(*) PLANE_ANGLE_UNIT() SI_UNIT($,.RADIAN.) );
#6919 = ( NAMED_UNIT(*) SI_UNIT($,.STERADIAN.) SOLID_ANGLE_UNIT() );
#6920 = UNCERTAINTY_MEASURE_WITH_UNIT(LENGTH_MEASURE(1.E-07),#6917,
  'distance_accuracy_value','confusion accuracy');
#6921 = CONTEXT_DEPENDENT_SHAPE_REPRESENTATION(#6922,#6924);
#6922 = ( REPRESENTATION_RELATIONSHIP('','',#6862,#5295) 
REPRESENTATION_RELATIONSHIP_WITH_TRANSFORMATION(#6923) 
SHAPE_REPRESENTATION_RELATIONSHIP() );
#6923 = ITEM_DEFINED_TRANSFORMATION('','',#11,#5376);
#6924 = PRODUCT_DEFINITION_SHAPE('Placement','Placement of an item',
  #6925);
#6925 = NEXT_ASSEMBLY_USAGE_OCCURRENCE('318','Leads048','',#5290,#6857,$
  );
#6926 = PRODUCT_RELATED_PRODUCT_CATEGORY('part',$,(#6859));
#6927 = SHAPE_DEFINITION_REPRESENTATION(#6928,#6934);
#6928 = PRODUCT_DEFINITION_SHAPE('','',#6929);
#6929 = PRODUCT_DEFINITION('design','',#6930,#6933);
#6930 = PRODUCT_DEFINITION_FORMATION('','',#6931);
#6931 = PRODUCT('Leads049','Leads049','',(#6932));
#6932 = PRODUCT_CONTEXT('',#2,'mechanical');
#6933 = PRODUCT_DEFINITION_CONTEXT('part definition',#2,'design');
#6934 = ADVANCED_BREP_SHAPE_REPRESENTATION('',(#11,#6935),#6988);
#6935 = MANIFOLD_SOLID_BREP('',#6936);
#6936 = CLOSED_SHELL('',(#6937,#6970,#6979));
#6937 = ADVANCED_FACE('',(#6938),#6965,.T.);
#6938 = FACE_BOUND('',#6939,.T.);
#6939 = EDGE_LOOP('',(#6940,#6949,#6957,#6964));
#6940 = ORIENTED_EDGE('',*,*,#6941,.F.);
#6941 = EDGE_CURVE('',#6942,#6942,#6944,.T.);
#6942 = VERTEX_POINT('',#6943);
#6943 = CARTESIAN_POINT('',(21.8455,-2.54,0.1));
#6944 = CIRCLE('',#6945,0.2555);
#6945 = AXIS2_PLACEMENT_3D('',#6946,#6947,#6948);
#6946 = CARTESIAN_POINT('',(21.59,-2.54,0.1));
#6947 = DIRECTION('',(0.,0.,1.));
#6948 = DIRECTION('',(1.,0.,-0.));
#6949 = ORIENTED_EDGE('',*,*,#6950,.F.);
#6950 = EDGE_CURVE('',#6951,#6942,#6953,.T.);
#6951 = VERTEX_POINT('',#6952);
#6952 = CARTESIAN_POINT('',(21.8455,-2.54,-5.));
#6953 = LINE('',#6954,#6955);
#6954 = CARTESIAN_POINT('',(21.8455,-2.54,-5.));
#6955 = VECTOR('',#6956,1.);
#6956 = DIRECTION('',(0.,0.,1.));
#6957 = ORIENTED_EDGE('',*,*,#6958,.T.);
#6958 = EDGE_CURVE('',#6951,#6951,#6959,.T.);
#6959 = CIRCLE('',#6960,0.2555);
#6960 = AXIS2_PLACEMENT_3D('',#6961,#6962,#6963);
#6961 = CARTESIAN_POINT('',(21.59,-2.54,-5.));
#6962 = DIRECTION('',(0.,0.,1.));
#6963 = DIRECTION('',(1.,0.,-0.));
#6964 = ORIENTED_EDGE('',*,*,#6950,.T.);
#6965 = CYLINDRICAL_SURFACE('',#6966,0.2555);
#6966 = AXIS2_PLACEMENT_3D('',#6967,#6968,#6969);
#6967 = CARTESIAN_POINT('',(21.59,-2.54,-5.));
#6968 = DIRECTION('',(0.,0.,1.));
#6969 = DIRECTION('',(1.,0.,-0.));
#6970 = ADVANCED_FACE('',(#6971),#6974,.T.);
#6971 = FACE_BOUND('',#6972,.T.);
#6972 = EDGE_LOOP('',(#6973));
#6973 = ORIENTED_EDGE('',*,*,#6941,.T.);
#6974 = PLANE('',#6975);
#6975 = AXIS2_PLACEMENT_3D('',#6976,#6977,#6978);
#6976 = CARTESIAN_POINT('',(21.59,-2.54,0.1));
#6977 = DIRECTION('',(0.,0.,1.));
#6978 = DIRECTION('',(1.,0.,-0.));
#6979 = ADVANCED_FACE('',(#6980),#6983,.F.);
#6980 = FACE_BOUND('',#6981,.T.);
#6981 = EDGE_LOOP('',(#6982));
#6982 = ORIENTED_EDGE('',*,*,#6958,.F.);
#6983 = PLANE('',#6984);
#6984 = AXIS2_PLACEMENT_3D('',#6985,#6986,#6987);
#6985 = CARTESIAN_POINT('',(21.59,-2.54,-5.));
#6986 = DIRECTION('',(0.,0.,1.));
#6987 = DIRECTION('',(1.,0.,-0.));
#6988 = ( GEOMETRIC_REPRESENTATION_CONTEXT(3) 
GLOBAL_UNCERTAINTY_ASSIGNED_CONTEXT((#6992)) 
GLOBAL_UNIT_ASSIGNED_CONTEXT((#6989,#6990,#6991)) REPRESENTATION_CONTEXT
('Context #1','3D Context with UNIT and UNCERTAINTY') );
#6989 = ( LENGTH_UNIT() NAMED_UNIT(*) SI_UNIT(.MILLI.,.METRE.) );
#6990 = ( NAMED_UNIT(*) PLANE_ANGLE_UNIT() SI_UNIT($,.RADIAN.) );
#6991 = ( NAMED_UNIT(*) SI_UNIT($,.STERADIAN.) SOLID_ANGLE_UNIT() );
#6992 = UNCERTAINTY_MEASURE_WITH_UNIT(LENGTH_MEASURE(1.E-07),#6989,
  'distance_accuracy_value','confusion accuracy');
#6993 = CONTEXT_DEPENDENT_SHAPE_REPRESENTATION(#6994,#6996);
#6994 = ( REPRESENTATION_RELATIONSHIP('','',#6934,#5295) 
REPRESENTATION_RELATIONSHIP_WITH_TRANSFORMATION(#6995) 
SHAPE_REPRESENTATION_RELATIONSHIP() );
#6995 = ITEM_DEFINED_TRANSFORMATION('','',#11,#5380);
#6996 = PRODUCT_DEFINITION_SHAPE('Placement','Placement of an item',
  #6997);
#6997 = NEXT_ASSEMBLY_USAGE_OCCURRENCE('319','Leads049','',#5290,#6929,$
  );
#6998 = PRODUCT_RELATED_PRODUCT_CATEGORY('part',$,(#6931));
#6999 = SHAPE_DEFINITION_REPRESENTATION(#7000,#7006);
#7000 = PRODUCT_DEFINITION_SHAPE('','',#7001);
#7001 = PRODUCT_DEFINITION('design','',#7002,#7005);
#7002 = PRODUCT_DEFINITION_FORMATION('','',#7003);
#7003 = PRODUCT('Leads050','Leads050','',(#7004));
#7004 = PRODUCT_CONTEXT('',#2,'mechanical');
#7005 = PRODUCT_DEFINITION_CONTEXT('part definition',#2,'design');
#7006 = ADVANCED_BREP_SHAPE_REPRESENTATION('',(#11,#7007),#7060);
#7007 = MANIFOLD_SOLID_BREP('',#7008);
#7008 = CLOSED_SHELL('',(#7009,#7042,#7051));
#7009 = ADVANCED_FACE('',(#7010),#7037,.T.);
#7010 = FACE_BOUND('',#7011,.T.);
#7011 = EDGE_LOOP('',(#7012,#7021,#7029,#7036));
#7012 = ORIENTED_EDGE('',*,*,#7013,.F.);
#7013 = EDGE_CURVE('',#7014,#7014,#7016,.T.);
#7014 = VERTEX_POINT('',#7015);
#7015 = CARTESIAN_POINT('',(24.3855,-2.54,0.1));
#7016 = CIRCLE('',#7017,0.2555);
#7017 = AXIS2_PLACEMENT_3D('',#7018,#7019,#7020);
#7018 = CARTESIAN_POINT('',(24.13,-2.54,0.1));
#7019 = DIRECTION('',(0.,0.,1.));
#7020 = DIRECTION('',(1.,0.,-0.));
#7021 = ORIENTED_EDGE('',*,*,#7022,.F.);
#7022 = EDGE_CURVE('',#7023,#7014,#7025,.T.);
#7023 = VERTEX_POINT('',#7024);
#7024 = CARTESIAN_POINT('',(24.3855,-2.54,-5.));
#7025 = LINE('',#7026,#7027);
#7026 = CARTESIAN_POINT('',(24.3855,-2.54,-5.));
#7027 = VECTOR('',#7028,1.);
#7028 = DIRECTION('',(0.,0.,1.));
#7029 = ORIENTED_EDGE('',*,*,#7030,.T.);
#7030 = EDGE_CURVE('',#7023,#7023,#7031,.T.);
#7031 = CIRCLE('',#7032,0.2555);
#7032 = AXIS2_PLACEMENT_3D('',#7033,#7034,#7035);
#7033 = CARTESIAN_POINT('',(24.13,-2.54,-5.));
#7034 = DIRECTION('',(0.,0.,1.));
#7035 = DIRECTION('',(1.,0.,-0.));
#7036 = ORIENTED_EDGE('',*,*,#7022,.T.);
#7037 = CYLINDRICAL_SURFACE('',#7038,0.2555);
#7038 = AXIS2_PLACEMENT_3D('',#7039,#7040,#7041);
#7039 = CARTESIAN_POINT('',(24.13,-2.54,-5.));
#7040 = DIRECTION('',(0.,0.,1.));
#7041 = DIRECTION('',(1.,0.,-0.));
#7042 = ADVANCED_FACE('',(#7043),#7046,.T.);
#7043 = FACE_BOUND('',#7044,.T.);
#7044 = EDGE_LOOP('',(#7045));
#7045 = ORIENTED_EDGE('',*,*,#7013,.T.);
#7046 = PLANE('',#7047);
#7047 = AXIS2_PLACEMENT_3D('',#7048,#7049,#7050);
#7048 = CARTESIAN_POINT('',(24.13,-2.54,0.1));
#7049 = DIRECTION('',(0.,0.,1.));
#7050 = DIRECTION('',(1.,0.,-0.));
#7051 = ADVANCED_FACE('',(#7052),#7055,.F.);
#7052 = FACE_BOUND('',#7053,.T.);
#7053 = EDGE_LOOP('',(#7054));
#7054 = ORIENTED_EDGE('',*,*,#7030,.F.);
#7055 = PLANE('',#7056);
#7056 = AXIS2_PLACEMENT_3D('',#7057,#7058,#7059);
#7057 = CARTESIAN_POINT('',(24.13,-2.54,-5.));
#7058 = DIRECTION('',(0.,0.,1.));
#7059 = DIRECTION('',(1.,0.,-0.));
#7060 = ( GEOMETRIC_REPRESENTATION_CONTEXT(3) 
GLOBAL_UNCERTAINTY_ASSIGNED_CONTEXT((#7064)) 
GLOBAL_UNIT_ASSIGNED_CONTEXT((#7061,#7062,#7063)) REPRESENTATION_CONTEXT
('Context #1','3D Context with UNIT and UNCERTAINTY') );
#7061 = ( LENGTH_UNIT() NAMED_UNIT(*) SI_UNIT(.MILLI.,.METRE.) );
#7062 = ( NAMED_UNIT(*) PLANE_ANGLE_UNIT() SI_UNIT($,.RADIAN.) );
#7063 = ( NAMED_UNIT(*) SI_UNIT($,.STERADIAN.) SOLID_ANGLE_UNIT() );
#7064 = UNCERTAINTY_MEASURE_WITH_UNIT(LENGTH_MEASURE(1.E-07),#7061,
  'distance_accuracy_value','confusion accuracy');
#7065 = CONTEXT_DEPENDENT_SHAPE_REPRESENTATION(#7066,#7068);
#7066 = ( REPRESENTATION_RELATIONSHIP('','',#7006,#5295) 
REPRESENTATION_RELATIONSHIP_WITH_TRANSFORMATION(#7067) 
SHAPE_REPRESENTATION_RELATIONSHIP() );
#7067 = ITEM_DEFINED_TRANSFORMATION('','',#11,#5384);
#7068 = PRODUCT_DEFINITION_SHAPE('Placement','Placement of an item',
  #7069);
#7069 = NEXT_ASSEMBLY_USAGE_OCCURRENCE('320','Leads050','',#5290,#7001,$
  );
#7070 = PRODUCT_RELATED_PRODUCT_CATEGORY('part',$,(#7003));
#7071 = SHAPE_DEFINITION_REPRESENTATION(#7072,#7078);
#7072 = PRODUCT_DEFINITION_SHAPE('','',#7073);
#7073 = PRODUCT_DEFINITION('design','',#7074,#7077);
#7074 = PRODUCT_DEFINITION_FORMATION('','',#7075);
#7075 = PRODUCT('Leads051','Leads051','',(#7076));
#7076 = PRODUCT_CONTEXT('',#2,'mechanical');
#7077 = PRODUCT_DEFINITION_CONTEXT('part definition',#2,'design');
#7078 = ADVANCED_BREP_SHAPE_REPRESENTATION('',(#11,#7079),#7132);
#7079 = MANIFOLD_SOLID_BREP('',#7080);
#7080 = CLOSED_SHELL('',(#7081,#7114,#7123));
#7081 = ADVANCED_FACE('',(#7082),#7109,.T.);
#7082 = FACE_BOUND('',#7083,.T.);
#7083 = EDGE_LOOP('',(#7084,#7093,#7101,#7108));
#7084 = ORIENTED_EDGE('',*,*,#7085,.F.);
#7085 = EDGE_CURVE('',#7086,#7086,#7088,.T.);
#7086 = VERTEX_POINT('',#7087);
#7087 = CARTESIAN_POINT('',(26.9255,-2.54,0.1));
#7088 = CIRCLE('',#7089,0.2555);
#7089 = AXIS2_PLACEMENT_3D('',#7090,#7091,#7092);
#7090 = CARTESIAN_POINT('',(26.67,-2.54,0.1));
#7091 = DIRECTION('',(0.,0.,1.));
#7092 = DIRECTION('',(1.,0.,-0.));
#7093 = ORIENTED_EDGE('',*,*,#7094,.F.);
#7094 = EDGE_CURVE('',#7095,#7086,#7097,.T.);
#7095 = VERTEX_POINT('',#7096);
#7096 = CARTESIAN_POINT('',(26.9255,-2.54,-5.));
#7097 = LINE('',#7098,#7099);
#7098 = CARTESIAN_POINT('',(26.9255,-2.54,-5.));
#7099 = VECTOR('',#7100,1.);
#7100 = DIRECTION('',(0.,0.,1.));
#7101 = ORIENTED_EDGE('',*,*,#7102,.T.);
#7102 = EDGE_CURVE('',#7095,#7095,#7103,.T.);
#7103 = CIRCLE('',#7104,0.2555);
#7104 = AXIS2_PLACEMENT_3D('',#7105,#7106,#7107);
#7105 = CARTESIAN_POINT('',(26.67,-2.54,-5.));
#7106 = DIRECTION('',(0.,0.,1.));
#7107 = DIRECTION('',(1.,0.,-0.));
#7108 = ORIENTED_EDGE('',*,*,#7094,.T.);
#7109 = CYLINDRICAL_SURFACE('',#7110,0.2555);
#7110 = AXIS2_PLACEMENT_3D('',#7111,#7112,#7113);
#7111 = CARTESIAN_POINT('',(26.67,-2.54,-5.));
#7112 = DIRECTION('',(0.,0.,1.));
#7113 = DIRECTION('',(1.,0.,-0.));
#7114 = ADVANCED_FACE('',(#7115),#7118,.T.);
#7115 = FACE_BOUND('',#7116,.T.);
#7116 = EDGE_LOOP('',(#7117));
#7117 = ORIENTED_EDGE('',*,*,#7085,.T.);
#7118 = PLANE('',#7119);
#7119 = AXIS2_PLACEMENT_3D('',#7120,#7121,#7122);
#7120 = CARTESIAN_POINT('',(26.67,-2.54,0.1));
#7121 = DIRECTION('',(0.,0.,1.));
#7122 = DIRECTION('',(1.,0.,-0.));
#7123 = ADVANCED_FACE('',(#7124),#7127,.F.);
#7124 = FACE_BOUND('',#7125,.T.);
#7125 = EDGE_LOOP('',(#7126));
#7126 = ORIENTED_EDGE('',*,*,#7102,.F.);
#7127 = PLANE('',#7128);
#7128 = AXIS2_PLACEMENT_3D('',#7129,#7130,#7131);
#7129 = CARTESIAN_POINT('',(26.67,-2.54,-5.));
#7130 = DIRECTION('',(0.,0.,1.));
#7131 = DIRECTION('',(1.,0.,-0.));
#7132 = ( GEOMETRIC_REPRESENTATION_CONTEXT(3) 
GLOBAL_UNCERTAINTY_ASSIGNED_CONTEXT((#7136)) 
GLOBAL_UNIT_ASSIGNED_CONTEXT((#7133,#7134,#7135)) REPRESENTATION_CONTEXT
('Context #1','3D Context with UNIT and UNCERTAINTY') );
#7133 = ( LENGTH_UNIT() NAMED_UNIT(*) SI_UNIT(.MILLI.,.METRE.) );
#7134 = ( NAMED_UNIT(*) PLANE_ANGLE_UNIT() SI_UNIT($,.RADIAN.) );
#7135 = ( NAMED_UNIT(*) SI_UNIT($,.STERADIAN.) SOLID_ANGLE_UNIT() );
#7136 = UNCERTAINTY_MEASURE_WITH_UNIT(LENGTH_MEASURE(1.E-07),#7133,
  'distance_accuracy_value','confusion accuracy');
#7137 = CONTEXT_DEPENDENT_SHAPE_REPRESENTATION(#7138,#7140);
#7138 = ( REPRESENTATION_RELATIONSHIP('','',#7078,#5295) 
REPRESENTATION_RELATIONSHIP_WITH_TRANSFORMATION(#7139) 
SHAPE_REPRESENTATION_RELATIONSHIP() );
#7139 = ITEM_DEFINED_TRANSFORMATION('','',#11,#5388);
#7140 = PRODUCT_DEFINITION_SHAPE('Placement','Placement of an item',
  #7141);
#7141 = NEXT_ASSEMBLY_USAGE_OCCURRENCE('321','Leads051','',#5290,#7073,$
  );
#7142 = PRODUCT_RELATED_PRODUCT_CATEGORY('part',$,(#7075));
#7143 = SHAPE_DEFINITION_REPRESENTATION(#7144,#7150);
#7144 = PRODUCT_DEFINITION_SHAPE('','',#7145);
#7145 = PRODUCT_DEFINITION('design','',#7146,#7149);
#7146 = PRODUCT_DEFINITION_FORMATION('','',#7147);
#7147 = PRODUCT('Leads052','Leads052','',(#7148));
#7148 = PRODUCT_CONTEXT('',#2,'mechanical');
#7149 = PRODUCT_DEFINITION_CONTEXT('part definition',#2,'design');
#7150 = ADVANCED_BREP_SHAPE_REPRESENTATION('',(#11,#7151),#7204);
#7151 = MANIFOLD_SOLID_BREP('',#7152);
#7152 = CLOSED_SHELL('',(#7153,#7186,#7195));
#7153 = ADVANCED_FACE('',(#7154),#7181,.T.);
#7154 = FACE_BOUND('',#7155,.T.);
#7155 = EDGE_LOOP('',(#7156,#7165,#7173,#7180));
#7156 = ORIENTED_EDGE('',*,*,#7157,.F.);
#7157 = EDGE_CURVE('',#7158,#7158,#7160,.T.);
#7158 = VERTEX_POINT('',#7159);
#7159 = CARTESIAN_POINT('',(29.4655,-2.54,0.1));
#7160 = CIRCLE('',#7161,0.2555);
#7161 = AXIS2_PLACEMENT_3D('',#7162,#7163,#7164);
#7162 = CARTESIAN_POINT('',(29.21,-2.54,0.1));
#7163 = DIRECTION('',(0.,0.,1.));
#7164 = DIRECTION('',(1.,0.,-0.));
#7165 = ORIENTED_EDGE('',*,*,#7166,.F.);
#7166 = EDGE_CURVE('',#7167,#7158,#7169,.T.);
#7167 = VERTEX_POINT('',#7168);
#7168 = CARTESIAN_POINT('',(29.4655,-2.54,-5.));
#7169 = LINE('',#7170,#7171);
#7170 = CARTESIAN_POINT('',(29.4655,-2.54,-5.));
#7171 = VECTOR('',#7172,1.);
#7172 = DIRECTION('',(0.,0.,1.));
#7173 = ORIENTED_EDGE('',*,*,#7174,.T.);
#7174 = EDGE_CURVE('',#7167,#7167,#7175,.T.);
#7175 = CIRCLE('',#7176,0.2555);
#7176 = AXIS2_PLACEMENT_3D('',#7177,#7178,#7179);
#7177 = CARTESIAN_POINT('',(29.21,-2.54,-5.));
#7178 = DIRECTION('',(0.,0.,1.));
#7179 = DIRECTION('',(1.,0.,-0.));
#7180 = ORIENTED_EDGE('',*,*,#7166,.T.);
#7181 = CYLINDRICAL_SURFACE('',#7182,0.2555);
#7182 = AXIS2_PLACEMENT_3D('',#7183,#7184,#7185);
#7183 = CARTESIAN_POINT('',(29.21,-2.54,-5.));
#7184 = DIRECTION('',(0.,0.,1.));
#7185 = DIRECTION('',(1.,0.,-0.));
#7186 = ADVANCED_FACE('',(#7187),#7190,.T.);
#7187 = FACE_BOUND('',#7188,.T.);
#7188 = EDGE_LOOP('',(#7189));
#7189 = ORIENTED_EDGE('',*,*,#7157,.T.);
#7190 = PLANE('',#7191);
#7191 = AXIS2_PLACEMENT_3D('',#7192,#7193,#7194);
#7192 = CARTESIAN_POINT('',(29.21,-2.54,0.1));
#7193 = DIRECTION('',(0.,0.,1.));
#7194 = DIRECTION('',(1.,0.,-0.));
#7195 = ADVANCED_FACE('',(#7196),#7199,.F.);
#7196 = FACE_BOUND('',#7197,.T.);
#7197 = EDGE_LOOP('',(#7198));
#7198 = ORIENTED_EDGE('',*,*,#7174,.F.);
#7199 = PLANE('',#7200);
#7200 = AXIS2_PLACEMENT_3D('',#7201,#7202,#7203);
#7201 = CARTESIAN_POINT('',(29.21,-2.54,-5.));
#7202 = DIRECTION('',(0.,0.,1.));
#7203 = DIRECTION('',(1.,0.,-0.));
#7204 = ( GEOMETRIC_REPRESENTATION_CONTEXT(3) 
GLOBAL_UNCERTAINTY_ASSIGNED_CONTEXT((#7208)) 
GLOBAL_UNIT_ASSIGNED_CONTEXT((#7205,#7206,#7207)) REPRESENTATION_CONTEXT
('Context #1','3D Context with UNIT and UNCERTAINTY') );
#7205 = ( LENGTH_UNIT() NAMED_UNIT(*) SI_UNIT(.MILLI.,.METRE.) );
#7206 = ( NAMED_UNIT(*) PLANE_ANGLE_UNIT() SI_UNIT($,.RADIAN.) );
#7207 = ( NAMED_UNIT(*) SI_UNIT($,.STERADIAN.) SOLID_ANGLE_UNIT() );
#7208 = UNCERTAINTY_MEASURE_WITH_UNIT(LENGTH_MEASURE(1.E-07),#7205,
  'distance_accuracy_value','confusion accuracy');
#7209 = CONTEXT_DEPENDENT_SHAPE_REPRESENTATION(#7210,#7212);
#7210 = ( REPRESENTATION_RELATIONSHIP('','',#7150,#5295) 
REPRESENTATION_RELATIONSHIP_WITH_TRANSFORMATION(#7211) 
SHAPE_REPRESENTATION_RELATIONSHIP() );
#7211 = ITEM_DEFINED_TRANSFORMATION('','',#11,#5392);
#7212 = PRODUCT_DEFINITION_SHAPE('Placement','Placement of an item',
  #7213);
#7213 = NEXT_ASSEMBLY_USAGE_OCCURRENCE('322','Leads052','',#5290,#7145,$
  );
#7214 = PRODUCT_RELATED_PRODUCT_CATEGORY('part',$,(#7147));
#7215 = SHAPE_DEFINITION_REPRESENTATION(#7216,#7222);
#7216 = PRODUCT_DEFINITION_SHAPE('','',#7217);
#7217 = PRODUCT_DEFINITION('design','',#7218,#7221);
#7218 = PRODUCT_DEFINITION_FORMATION('','',#7219);
#7219 = PRODUCT('Leads053','Leads053','',(#7220));
#7220 = PRODUCT_CONTEXT('',#2,'mechanical');
#7221 = PRODUCT_DEFINITION_CONTEXT('part definition',#2,'design');
#7222 = ADVANCED_BREP_SHAPE_REPRESENTATION('',(#11,#7223),#7276);
#7223 = MANIFOLD_SOLID_BREP('',#7224);
#7224 = CLOSED_SHELL('',(#7225,#7258,#7267));
#7225 = ADVANCED_FACE('',(#7226),#7253,.T.);
#7226 = FACE_BOUND('',#7227,.T.);
#7227 = EDGE_LOOP('',(#7228,#7237,#7245,#7252));
#7228 = ORIENTED_EDGE('',*,*,#7229,.F.);
#7229 = EDGE_CURVE('',#7230,#7230,#7232,.T.);
#7230 = VERTEX_POINT('',#7231);
#7231 = CARTESIAN_POINT('',(-2.59,-1.27,0.1));
#7232 = CIRCLE('',#7233,1.22);
#7233 = AXIS2_PLACEMENT_3D('',#7234,#7235,#7236);
#7234 = CARTESIAN_POINT('',(-3.81,-1.27,0.1));
#7235 = DIRECTION('',(0.,0.,1.));
#7236 = DIRECTION('',(1.,0.,-0.));
#7237 = ORIENTED_EDGE('',*,*,#7238,.F.);
#7238 = EDGE_CURVE('',#7239,#7230,#7241,.T.);
#7239 = VERTEX_POINT('',#7240);
#7240 = CARTESIAN_POINT('',(-2.59,-1.27,-5.));
#7241 = LINE('',#7242,#7243);
#7242 = CARTESIAN_POINT('',(-2.59,-1.27,-5.));
#7243 = VECTOR('',#7244,1.);
#7244 = DIRECTION('',(0.,0.,1.));
#7245 = ORIENTED_EDGE('',*,*,#7246,.T.);
#7246 = EDGE_CURVE('',#7239,#7239,#7247,.T.);
#7247 = CIRCLE('',#7248,1.22);
#7248 = AXIS2_PLACEMENT_3D('',#7249,#7250,#7251);
#7249 = CARTESIAN_POINT('',(-3.81,-1.27,-5.));
#7250 = DIRECTION('',(0.,0.,1.));
#7251 = DIRECTION('',(1.,0.,-0.));
#7252 = ORIENTED_EDGE('',*,*,#7238,.T.);
#7253 = CYLINDRICAL_SURFACE('',#7254,1.22);
#7254 = AXIS2_PLACEMENT_3D('',#7255,#7256,#7257);
#7255 = CARTESIAN_POINT('',(-3.81,-1.27,-5.));
#7256 = DIRECTION('',(0.,0.,1.));
#7257 = DIRECTION('',(1.,0.,-0.));
#7258 = ADVANCED_FACE('',(#7259),#7262,.T.);
#7259 = FACE_BOUND('',#7260,.T.);
#7260 = EDGE_LOOP('',(#7261));
#7261 = ORIENTED_EDGE('',*,*,#7229,.T.);
#7262 = PLANE('',#7263);
#7263 = AXIS2_PLACEMENT_3D('',#7264,#7265,#7266);
#7264 = CARTESIAN_POINT('',(-3.81,-1.27,0.1));
#7265 = DIRECTION('',(0.,0.,1.));
#7266 = DIRECTION('',(1.,0.,-0.));
#7267 = ADVANCED_FACE('',(#7268),#7271,.F.);
#7268 = FACE_BOUND('',#7269,.T.);
#7269 = EDGE_LOOP('',(#7270));
#7270 = ORIENTED_EDGE('',*,*,#7246,.F.);
#7271 = PLANE('',#7272);
#7272 = AXIS2_PLACEMENT_3D('',#7273,#7274,#7275);
#7273 = CARTESIAN_POINT('',(-3.81,-1.27,-5.));
#7274 = DIRECTION('',(0.,0.,1.));
#7275 = DIRECTION('',(1.,0.,-0.));
#7276 = ( GEOMETRIC_REPRESENTATION_CONTEXT(3) 
GLOBAL_UNCERTAINTY_ASSIGNED_CONTEXT((#7280)) 
GLOBAL_UNIT_ASSIGNED_CONTEXT((#7277,#7278,#7279)) REPRESENTATION_CONTEXT
('Context #1','3D Context with UNIT and UNCERTAINTY') );
#7277 = ( LENGTH_UNIT() NAMED_UNIT(*) SI_UNIT(.MILLI.,.METRE.) );
#7278 = ( NAMED_UNIT(*) PLANE_ANGLE_UNIT() SI_UNIT($,.RADIAN.) );
#7279 = ( NAMED_UNIT(*) SI_UNIT($,.STERADIAN.) SOLID_ANGLE_UNIT() );
#7280 = UNCERTAINTY_MEASURE_WITH_UNIT(LENGTH_MEASURE(1.E-07),#7277,
  'distance_accuracy_value','confusion accuracy');
#7281 = CONTEXT_DEPENDENT_SHAPE_REPRESENTATION(#7282,#7284);
#7282 = ( REPRESENTATION_RELATIONSHIP('','',#7222,#5295) 
REPRESENTATION_RELATIONSHIP_WITH_TRANSFORMATION(#7283) 
SHAPE_REPRESENTATION_RELATIONSHIP() );
#7283 = ITEM_DEFINED_TRANSFORMATION('','',#11,#5396);
#7284 = PRODUCT_DEFINITION_SHAPE('Placement','Placement of an item',
  #7285);
#7285 = NEXT_ASSEMBLY_USAGE_OCCURRENCE('323','Leads053','',#5290,#7217,$
  );
#7286 = PRODUCT_RELATED_PRODUCT_CATEGORY('part',$,(#7219));
#7287 = SHAPE_DEFINITION_REPRESENTATION(#7288,#7294);
#7288 = PRODUCT_DEFINITION_SHAPE('','',#7289);
#7289 = PRODUCT_DEFINITION('design','',#7290,#7293);
#7290 = PRODUCT_DEFINITION_FORMATION('','',#7291);
#7291 = PRODUCT('Leads054','Leads054','',(#7292));
#7292 = PRODUCT_CONTEXT('',#2,'mechanical');
#7293 = PRODUCT_DEFINITION_CONTEXT('part definition',#2,'design');
#7294 = ADVANCED_BREP_SHAPE_REPRESENTATION('',(#11,#7295),#7348);
#7295 = MANIFOLD_SOLID_BREP('',#7296);
#7296 = CLOSED_SHELL('',(#7297,#7330,#7339));
#7297 = ADVANCED_FACE('',(#7298),#7325,.T.);
#7298 = FACE_BOUND('',#7299,.T.);
#7299 = EDGE_LOOP('',(#7300,#7309,#7317,#7324));
#7300 = ORIENTED_EDGE('',*,*,#7301,.F.);
#7301 = EDGE_CURVE('',#7302,#7302,#7304,.T.);
#7302 = VERTEX_POINT('',#7303);
#7303 = CARTESIAN_POINT('',(35.51,-1.27,0.1));
#7304 = CIRCLE('',#7305,1.22);
#7305 = AXIS2_PLACEMENT_3D('',#7306,#7307,#7308);
#7306 = CARTESIAN_POINT('',(34.29,-1.27,0.1));
#7307 = DIRECTION('',(0.,0.,1.));
#7308 = DIRECTION('',(1.,0.,-0.));
#7309 = ORIENTED_EDGE('',*,*,#7310,.F.);
#7310 = EDGE_CURVE('',#7311,#7302,#7313,.T.);
#7311 = VERTEX_POINT('',#7312);
#7312 = CARTESIAN_POINT('',(35.51,-1.27,-5.));
#7313 = LINE('',#7314,#7315);
#7314 = CARTESIAN_POINT('',(35.51,-1.27,-5.));
#7315 = VECTOR('',#7316,1.);
#7316 = DIRECTION('',(0.,0.,1.));
#7317 = ORIENTED_EDGE('',*,*,#7318,.T.);
#7318 = EDGE_CURVE('',#7311,#7311,#7319,.T.);
#7319 = CIRCLE('',#7320,1.22);
#7320 = AXIS2_PLACEMENT_3D('',#7321,#7322,#7323);
#7321 = CARTESIAN_POINT('',(34.29,-1.27,-5.));
#7322 = DIRECTION('',(0.,0.,1.));
#7323 = DIRECTION('',(1.,0.,-0.));
#7324 = ORIENTED_EDGE('',*,*,#7310,.T.);
#7325 = CYLINDRICAL_SURFACE('',#7326,1.22);
#7326 = AXIS2_PLACEMENT_3D('',#7327,#7328,#7329);
#7327 = CARTESIAN_POINT('',(34.29,-1.27,-5.));
#7328 = DIRECTION('',(0.,0.,1.));
#7329 = DIRECTION('',(1.,0.,-0.));
#7330 = ADVANCED_FACE('',(#7331),#7334,.T.);
#7331 = FACE_BOUND('',#7332,.T.);
#7332 = EDGE_LOOP('',(#7333));
#7333 = ORIENTED_EDGE('',*,*,#7301,.T.);
#7334 = PLANE('',#7335);
#7335 = AXIS2_PLACEMENT_3D('',#7336,#7337,#7338);
#7336 = CARTESIAN_POINT('',(34.29,-1.27,0.1));
#7337 = DIRECTION('',(0.,0.,1.));
#7338 = DIRECTION('',(1.,0.,-0.));
#7339 = ADVANCED_FACE('',(#7340),#7343,.F.);
#7340 = FACE_BOUND('',#7341,.T.);
#7341 = EDGE_LOOP('',(#7342));
#7342 = ORIENTED_EDGE('',*,*,#7318,.F.);
#7343 = PLANE('',#7344);
#7344 = AXIS2_PLACEMENT_3D('',#7345,#7346,#7347);
#7345 = CARTESIAN_POINT('',(34.29,-1.27,-5.));
#7346 = DIRECTION('',(0.,0.,1.));
#7347 = DIRECTION('',(1.,0.,-0.));
#7348 = ( GEOMETRIC_REPRESENTATION_CONTEXT(3) 
GLOBAL_UNCERTAINTY_ASSIGNED_CONTEXT((#7352)) 
GLOBAL_UNIT_ASSIGNED_CONTEXT((#7349,#7350,#7351)) REPRESENTATION_CONTEXT
('Context #1','3D Context with UNIT and UNCERTAINTY') );
#7349 = ( LENGTH_UNIT() NAMED_UNIT(*) SI_UNIT(.MILLI.,.METRE.) );
#7350 = ( NAMED_UNIT(*) PLANE_ANGLE_UNIT() SI_UNIT($,.RADIAN.) );
#7351 = ( NAMED_UNIT(*) SI_UNIT($,.STERADIAN.) SOLID_ANGLE_UNIT() );
#7352 = UNCERTAINTY_MEASURE_WITH_UNIT(LENGTH_MEASURE(1.E-07),#7349,
  'distance_accuracy_value','confusion accuracy');
#7353 = CONTEXT_DEPENDENT_SHAPE_REPRESENTATION(#7354,#7356);
#7354 = ( REPRESENTATION_RELATIONSHIP('','',#7294,#5295) 
REPRESENTATION_RELATIONSHIP_WITH_TRANSFORMATION(#7355) 
SHAPE_REPRESENTATION_RELATIONSHIP() );
#7355 = ITEM_DEFINED_TRANSFORMATION('','',#11,#5400);
#7356 = PRODUCT_DEFINITION_SHAPE('Placement','Placement of an item',
  #7357);
#7357 = NEXT_ASSEMBLY_USAGE_OCCURRENCE('324','Leads054','',#5290,#7289,$
  );
#7358 = PRODUCT_RELATED_PRODUCT_CATEGORY('part',$,(#7291));
#7359 = MECHANICAL_DESIGN_GEOMETRIC_PRESENTATION_REPRESENTATION('',(
    #7360),#6988);
#7360 = STYLED_ITEM('color',(#7361),#6935);
#7361 = PRESENTATION_STYLE_ASSIGNMENT((#7362,#7368));
#7362 = SURFACE_STYLE_USAGE(.BOTH.,#7363);
#7363 = SURFACE_SIDE_STYLE('',(#7364));
#7364 = SURFACE_STYLE_FILL_AREA(#7365);
#7365 = FILL_AREA_STYLE('',(#7366));
#7366 = FILL_AREA_STYLE_COLOUR('',#7367);
#7367 = COLOUR_RGB('',0.733333345324,0.772549044697,0.796078452645);
#7368 = CURVE_STYLE('',#7369,POSITIVE_LENGTH_MEASURE(0.1),#7370);
#7369 = DRAUGHTING_PRE_DEFINED_CURVE_FONT('continuous');
#7370 = COLOUR_RGB('',9.803921802644E-02,9.803921802644E-02,
  9.803921802644E-02);
#7371 = MECHANICAL_DESIGN_GEOMETRIC_PRESENTATION_REPRESENTATION('',(
    #7372),#5908);
#7372 = STYLED_ITEM('color',(#7373),#5855);
#7373 = PRESENTATION_STYLE_ASSIGNMENT((#7374,#7379));
#7374 = SURFACE_STYLE_USAGE(.BOTH.,#7375);
#7375 = SURFACE_SIDE_STYLE('',(#7376));
#7376 = SURFACE_STYLE_FILL_AREA(#7377);
#7377 = FILL_AREA_STYLE('',(#7378));
#7378 = FILL_AREA_STYLE_COLOUR('',#7367);
#7379 = CURVE_STYLE('',#7380,POSITIVE_LENGTH_MEASURE(0.1),#7370);
#7380 = DRAUGHTING_PRE_DEFINED_CURVE_FONT('continuous');
#7381 = MECHANICAL_DESIGN_GEOMETRIC_PRESENTATION_REPRESENTATION('',(
    #7382),#3010);
#7382 = STYLED_ITEM('color',(#7383),#2860);
#7383 = PRESENTATION_STYLE_ASSIGNMENT((#7384,#7390));
#7384 = SURFACE_STYLE_USAGE(.BOTH.,#7385);
#7385 = SURFACE_SIDE_STYLE('',(#7386));
#7386 = SURFACE_STYLE_FILL_AREA(#7387);
#7387 = FILL_AREA_STYLE('',(#7388));
#7388 = FILL_AREA_STYLE_COLOUR('',#7389);
#7389 = COLOUR_RGB('',0.300000011149,0.300000011149,0.300000011149);
#7390 = CURVE_STYLE('',#7391,POSITIVE_LENGTH_MEASURE(0.1),#7370);
#7391 = DRAUGHTING_PRE_DEFINED_CURVE_FONT('continuous');
#7392 = MECHANICAL_DESIGN_GEOMETRIC_PRESENTATION_REPRESENTATION('',(
    #7393),#3569);
#7393 = STYLED_ITEM('color',(#7394),#3516);
#7394 = PRESENTATION_STYLE_ASSIGNMENT((#7395,#7401));
#7395 = SURFACE_STYLE_USAGE(.BOTH.,#7396);
#7396 = SURFACE_SIDE_STYLE('',(#7397));
#7397 = SURFACE_STYLE_FILL_AREA(#7398);
#7398 = FILL_AREA_STYLE('',(#7399));
#7399 = FILL_AREA_STYLE_COLOUR('',#7400);
#7400 = COLOUR_RGB('',0.734000028196,0.773000013638,0.796999989372);
#7401 = CURVE_STYLE('',#7402,POSITIVE_LENGTH_MEASURE(0.1),#7370);
#7402 = DRAUGHTING_PRE_DEFINED_CURVE_FONT('continuous');
#7403 = MECHANICAL_DESIGN_GEOMETRIC_PRESENTATION_REPRESENTATION('',(
    #7404),#6412);
#7404 = STYLED_ITEM('color',(#7405),#6359);
#7405 = PRESENTATION_STYLE_ASSIGNMENT((#7406,#7411));
#7406 = SURFACE_STYLE_USAGE(.BOTH.,#7407);
#7407 = SURFACE_SIDE_STYLE('',(#7408));
#7408 = SURFACE_STYLE_FILL_AREA(#7409);
#7409 = FILL_AREA_STYLE('',(#7410));
#7410 = FILL_AREA_STYLE_COLOUR('',#7367);
#7411 = CURVE_STYLE('',#7412,POSITIVE_LENGTH_MEASURE(0.1),#7370);
#7412 = DRAUGHTING_PRE_DEFINED_CURVE_FONT('continuous');
#7413 = MECHANICAL_DESIGN_GEOMETRIC_PRESENTATION_REPRESENTATION('',(
    #7414),#5476);
#7414 = STYLED_ITEM('color',(#7415),#5423);
#7415 = PRESENTATION_STYLE_ASSIGNMENT((#7416,#7421));
#7416 = SURFACE_STYLE_USAGE(.BOTH.,#7417);
#7417 = SURFACE_SIDE_STYLE('',(#7418));
#7418 = SURFACE_STYLE_FILL_AREA(#7419);
#7419 = FILL_AREA_STYLE('',(#7420));
#7420 = FILL_AREA_STYLE_COLOUR('',#7367);
#7421 = CURVE_STYLE('',#7422,POSITIVE_LENGTH_MEASURE(0.1),#7370);
#7422 = DRAUGHTING_PRE_DEFINED_CURVE_FONT('continuous');
#7423 = MECHANICAL_DESIGN_GEOMETRIC_PRESENTATION_REPRESENTATION('',(
    #7424),#7204);
#7424 = STYLED_ITEM('color',(#7425),#7151);
#7425 = PRESENTATION_STYLE_ASSIGNMENT((#7426,#7431));
#7426 = SURFACE_STYLE_USAGE(.BOTH.,#7427);
#7427 = SURFACE_SIDE_STYLE('',(#7428));
#7428 = SURFACE_STYLE_FILL_AREA(#7429);
#7429 = FILL_AREA_STYLE('',(#7430));
#7430 = FILL_AREA_STYLE_COLOUR('',#7367);
#7431 = CURVE_STYLE('',#7432,POSITIVE_LENGTH_MEASURE(0.1),#7370);
#7432 = DRAUGHTING_PRE_DEFINED_CURVE_FONT('continuous');
#7433 = MECHANICAL_DESIGN_GEOMETRIC_PRESENTATION_REPRESENTATION('',(
    #7434),#6484);
#7434 = STYLED_ITEM('color',(#7435),#6431);
#7435 = PRESENTATION_STYLE_ASSIGNMENT((#7436,#7441));
#7436 = SURFACE_STYLE_USAGE(.BOTH.,#7437);
#7437 = SURFACE_SIDE_STYLE('',(#7438));
#7438 = SURFACE_STYLE_FILL_AREA(#7439);
#7439 = FILL_AREA_STYLE('',(#7440));
#7440 = FILL_AREA_STYLE_COLOUR('',#7367);
#7441 = CURVE_STYLE('',#7442,POSITIVE_LENGTH_MEASURE(0.1),#7370);
#7442 = DRAUGHTING_PRE_DEFINED_CURVE_FONT('continuous');
#7443 = MECHANICAL_DESIGN_GEOMETRIC_PRESENTATION_REPRESENTATION('',(
    #7444),#6340);
#7444 = STYLED_ITEM('color',(#7445),#6287);
#7445 = PRESENTATION_STYLE_ASSIGNMENT((#7446,#7451));
#7446 = SURFACE_STYLE_USAGE(.BOTH.,#7447);
#7447 = SURFACE_SIDE_STYLE('',(#7448));
#7448 = SURFACE_STYLE_FILL_AREA(#7449);
#7449 = FILL_AREA_STYLE('',(#7450));
#7450 = FILL_AREA_STYLE_COLOUR('',#7367);
#7451 = CURVE_STYLE('',#7452,POSITIVE_LENGTH_MEASURE(0.1),#7370);
#7452 = DRAUGHTING_PRE_DEFINED_CURVE_FONT('continuous');
#7453 = MECHANICAL_DESIGN_GEOMETRIC_PRESENTATION_REPRESENTATION('',(
    #7454),#4937);
#7454 = STYLED_ITEM('color',(#7455),#4884);
#7455 = PRESENTATION_STYLE_ASSIGNMENT((#7456,#7461));
#7456 = SURFACE_STYLE_USAGE(.BOTH.,#7457);
#7457 = SURFACE_SIDE_STYLE('',(#7458));
#7458 = SURFACE_STYLE_FILL_AREA(#7459);
#7459 = FILL_AREA_STYLE('',(#7460));
#7460 = FILL_AREA_STYLE_COLOUR('',#7400);
#7461 = CURVE_STYLE('',#7462,POSITIVE_LENGTH_MEASURE(0.1),#7370);
#7462 = DRAUGHTING_PRE_DEFINED_CURVE_FONT('continuous');
#7463 = MECHANICAL_DESIGN_GEOMETRIC_PRESENTATION_REPRESENTATION('',(
    #7464),#2764);
#7464 = STYLED_ITEM('color',(#7465),#60);
#7465 = PRESENTATION_STYLE_ASSIGNMENT((#7466,#7472));
#7466 = SURFACE_STYLE_USAGE(.BOTH.,#7467);
#7467 = SURFACE_SIDE_STYLE('',(#7468));
#7468 = SURFACE_STYLE_FILL_AREA(#7469);
#7469 = FILL_AREA_STYLE('',(#7470));
#7470 = FILL_AREA_STYLE_COLOUR('',#7471);
#7471 = COLOUR_RGB('',0.199999998682,0.600000020288,0.399999997426);
#7472 = CURVE_STYLE('',#7473,POSITIVE_LENGTH_MEASURE(0.1),#7370);
#7473 = DRAUGHTING_PRE_DEFINED_CURVE_FONT('continuous');
#7474 = MECHANICAL_DESIGN_GEOMETRIC_PRESENTATION_REPRESENTATION('',(
    #7475),#7132);
#7475 = STYLED_ITEM('color',(#7476),#7079);
#7476 = PRESENTATION_STYLE_ASSIGNMENT((#7477,#7482));
#7477 = SURFACE_STYLE_USAGE(.BOTH.,#7478);
#7478 = SURFACE_SIDE_STYLE('',(#7479));
#7479 = SURFACE_STYLE_FILL_AREA(#7480);
#7480 = FILL_AREA_STYLE('',(#7481));
#7481 = FILL_AREA_STYLE_COLOUR('',#7367);
#7482 = CURVE_STYLE('',#7483,POSITIVE_LENGTH_MEASURE(0.1),#7370);
#7483 = DRAUGHTING_PRE_DEFINED_CURVE_FONT('continuous');
#7484 = MECHANICAL_DESIGN_GEOMETRIC_PRESENTATION_REPRESENTATION('',(
    #7485),#6196);
#7485 = STYLED_ITEM('color',(#7486),#6143);
#7486 = PRESENTATION_STYLE_ASSIGNMENT((#7487,#7492));
#7487 = SURFACE_STYLE_USAGE(.BOTH.,#7488);
#7488 = SURFACE_SIDE_STYLE('',(#7489));
#7489 = SURFACE_STYLE_FILL_AREA(#7490);
#7490 = FILL_AREA_STYLE('',(#7491));
#7491 = FILL_AREA_STYLE_COLOUR('',#7367);
#7492 = CURVE_STYLE('',#7493,POSITIVE_LENGTH_MEASURE(0.1),#7370);
#7493 = DRAUGHTING_PRE_DEFINED_CURVE_FONT('continuous');
#7494 = MECHANICAL_DESIGN_GEOMETRIC_PRESENTATION_REPRESENTATION('',(
    #7495),#3281);
#7495 = STYLED_ITEM('color',(#7496),#3228);
#7496 = PRESENTATION_STYLE_ASSIGNMENT((#7497,#7502));
#7497 = SURFACE_STYLE_USAGE(.BOTH.,#7498);
#7498 = SURFACE_SIDE_STYLE('',(#7499));
#7499 = SURFACE_STYLE_FILL_AREA(#7500);
#7500 = FILL_AREA_STYLE('',(#7501));
#7501 = FILL_AREA_STYLE_COLOUR('',#7400);
#7502 = CURVE_STYLE('',#7503,POSITIVE_LENGTH_MEASURE(0.1),#7370);
#7503 = DRAUGHTING_PRE_DEFINED_CURVE_FONT('continuous');
#7504 = MECHANICAL_DESIGN_GEOMETRIC_PRESENTATION_REPRESENTATION('',(
    #7505),#6700);
#7505 = STYLED_ITEM('color',(#7506),#6647);
#7506 = PRESENTATION_STYLE_ASSIGNMENT((#7507,#7512));
#7507 = SURFACE_STYLE_USAGE(.BOTH.,#7508);
#7508 = SURFACE_SIDE_STYLE('',(#7509));
#7509 = SURFACE_STYLE_FILL_AREA(#7510);
#7510 = FILL_AREA_STYLE('',(#7511));
#7511 = FILL_AREA_STYLE_COLOUR('',#7367);
#7512 = CURVE_STYLE('',#7513,POSITIVE_LENGTH_MEASURE(0.1),#7370);
#7513 = DRAUGHTING_PRE_DEFINED_CURVE_FONT('continuous');
#7514 = MECHANICAL_DESIGN_GEOMETRIC_PRESENTATION_REPRESENTATION('',(
    #7515),#6268);
#7515 = STYLED_ITEM('color',(#7516),#6215);
#7516 = PRESENTATION_STYLE_ASSIGNMENT((#7517,#7522));
#7517 = SURFACE_STYLE_USAGE(.BOTH.,#7518);
#7518 = SURFACE_SIDE_STYLE('',(#7519));
#7519 = SURFACE_STYLE_FILL_AREA(#7520);
#7520 = FILL_AREA_STYLE('',(#7521));
#7521 = FILL_AREA_STYLE_COLOUR('',#7367);
#7522 = CURVE_STYLE('',#7523,POSITIVE_LENGTH_MEASURE(0.1),#7370);
#7523 = DRAUGHTING_PRE_DEFINED_CURVE_FONT('continuous');
#7524 = MECHANICAL_DESIGN_GEOMETRIC_PRESENTATION_REPRESENTATION('',(
    #7525),#3785);
#7525 = STYLED_ITEM('color',(#7526),#3732);
#7526 = PRESENTATION_STYLE_ASSIGNMENT((#7527,#7532));
#7527 = SURFACE_STYLE_USAGE(.BOTH.,#7528);
#7528 = SURFACE_SIDE_STYLE('',(#7529));
#7529 = SURFACE_STYLE_FILL_AREA(#7530);
#7530 = FILL_AREA_STYLE('',(#7531));
#7531 = FILL_AREA_STYLE_COLOUR('',#7400);
#7532 = CURVE_STYLE('',#7533,POSITIVE_LENGTH_MEASURE(0.1),#7370);
#7533 = DRAUGHTING_PRE_DEFINED_CURVE_FONT('continuous');
#7534 = MECHANICAL_DESIGN_GEOMETRIC_PRESENTATION_REPRESENTATION('',(
    #7535),#6772);
#7535 = STYLED_ITEM('color',(#7536),#6719);
#7536 = PRESENTATION_STYLE_ASSIGNMENT((#7537,#7542));
#7537 = SURFACE_STYLE_USAGE(.BOTH.,#7538);
#7538 = SURFACE_SIDE_STYLE('',(#7539));
#7539 = SURFACE_STYLE_FILL_AREA(#7540);
#7540 = FILL_AREA_STYLE('',(#7541));
#7541 = FILL_AREA_STYLE_COLOUR('',#7367);
#7542 = CURVE_STYLE('',#7543,POSITIVE_LENGTH_MEASURE(0.1),#7370);
#7543 = DRAUGHTING_PRE_DEFINED_CURVE_FONT('continuous');
#7544 = MECHANICAL_DESIGN_GEOMETRIC_PRESENTATION_REPRESENTATION('',(
    #7545),#5692);
#7545 = STYLED_ITEM('color',(#7546),#5639);
#7546 = PRESENTATION_STYLE_ASSIGNMENT((#7547,#7552));
#7547 = SURFACE_STYLE_USAGE(.BOTH.,#7548);
#7548 = SURFACE_SIDE_STYLE('',(#7549));
#7549 = SURFACE_STYLE_FILL_AREA(#7550);
#7550 = FILL_AREA_STYLE('',(#7551));
#7551 = FILL_AREA_STYLE_COLOUR('',#7367);
#7552 = CURVE_STYLE('',#7553,POSITIVE_LENGTH_MEASURE(0.1),#7370);
#7553 = DRAUGHTING_PRE_DEFINED_CURVE_FONT('continuous');
#7554 = MECHANICAL_DESIGN_GEOMETRIC_PRESENTATION_REPRESENTATION('',(
    #7555),#3209);
#7555 = STYLED_ITEM('color',(#7556),#3156);
#7556 = PRESENTATION_STYLE_ASSIGNMENT((#7557,#7562));
#7557 = SURFACE_STYLE_USAGE(.BOTH.,#7558);
#7558 = SURFACE_SIDE_STYLE('',(#7559));
#7559 = SURFACE_STYLE_FILL_AREA(#7560);
#7560 = FILL_AREA_STYLE('',(#7561));
#7561 = FILL_AREA_STYLE_COLOUR('',#7400);
#7562 = CURVE_STYLE('',#7563,POSITIVE_LENGTH_MEASURE(0.1),#7370);
#7563 = DRAUGHTING_PRE_DEFINED_CURVE_FONT('continuous');
#7564 = MECHANICAL_DESIGN_GEOMETRIC_PRESENTATION_REPRESENTATION('',(
    #7565),#5764);
#7565 = STYLED_ITEM('color',(#7566),#5711);
#7566 = PRESENTATION_STYLE_ASSIGNMENT((#7567,#7572));
#7567 = SURFACE_STYLE_USAGE(.BOTH.,#7568);
#7568 = SURFACE_SIDE_STYLE('',(#7569));
#7569 = SURFACE_STYLE_FILL_AREA(#7570);
#7570 = FILL_AREA_STYLE('',(#7571));
#7571 = FILL_AREA_STYLE_COLOUR('',#7367);
#7572 = CURVE_STYLE('',#7573,POSITIVE_LENGTH_MEASURE(0.1),#7370);
#7573 = DRAUGHTING_PRE_DEFINED_CURVE_FONT('continuous');
#7574 = MECHANICAL_DESIGN_GEOMETRIC_PRESENTATION_REPRESENTATION('',(
    #7575),#4793);
#7575 = STYLED_ITEM('color',(#7576),#4740);
#7576 = PRESENTATION_STYLE_ASSIGNMENT((#7577,#7582));
#7577 = SURFACE_STYLE_USAGE(.BOTH.,#7578);
#7578 = SURFACE_SIDE_STYLE('',(#7579));
#7579 = SURFACE_STYLE_FILL_AREA(#7580);
#7580 = FILL_AREA_STYLE('',(#7581));
#7581 = FILL_AREA_STYLE_COLOUR('',#7400);
#7582 = CURVE_STYLE('',#7583,POSITIVE_LENGTH_MEASURE(0.1),#7370);
#7583 = DRAUGHTING_PRE_DEFINED_CURVE_FONT('continuous');
#7584 = MECHANICAL_DESIGN_GEOMETRIC_PRESENTATION_REPRESENTATION('',(
    #7585),#7348);
#7585 = STYLED_ITEM('color',(#7586),#7295);
#7586 = PRESENTATION_STYLE_ASSIGNMENT((#7587,#7592));
#7587 = SURFACE_STYLE_USAGE(.BOTH.,#7588);
#7588 = SURFACE_SIDE_STYLE('',(#7589));
#7589 = SURFACE_STYLE_FILL_AREA(#7590);
#7590 = FILL_AREA_STYLE('',(#7591));
#7591 = FILL_AREA_STYLE_COLOUR('',#7367);
#7592 = CURVE_STYLE('',#7593,POSITIVE_LENGTH_MEASURE(0.1),#7370);
#7593 = DRAUGHTING_PRE_DEFINED_CURVE_FONT('continuous');
#7594 = MECHANICAL_DESIGN_GEOMETRIC_PRESENTATION_REPRESENTATION('',(
    #7595),#5980);
#7595 = STYLED_ITEM('color',(#7596),#5927);
#7596 = PRESENTATION_STYLE_ASSIGNMENT((#7597,#7602));
#7597 = SURFACE_STYLE_USAGE(.BOTH.,#7598);
#7598 = SURFACE_SIDE_STYLE('',(#7599));
#7599 = SURFACE_STYLE_FILL_AREA(#7600);
#7600 = FILL_AREA_STYLE('',(#7601));
#7601 = FILL_AREA_STYLE_COLOUR('',#7367);
#7602 = CURVE_STYLE('',#7603,POSITIVE_LENGTH_MEASURE(0.1),#7370);
#7603 = DRAUGHTING_PRE_DEFINED_CURVE_FONT('continuous');
#7604 = MECHANICAL_DESIGN_GEOMETRIC_PRESENTATION_REPRESENTATION('',(
    #7605),#5620);
#7605 = STYLED_ITEM('color',(#7606),#5567);
#7606 = PRESENTATION_STYLE_ASSIGNMENT((#7607,#7612));
#7607 = SURFACE_STYLE_USAGE(.BOTH.,#7608);
#7608 = SURFACE_SIDE_STYLE('',(#7609));
#7609 = SURFACE_STYLE_FILL_AREA(#7610);
#7610 = FILL_AREA_STYLE('',(#7611));
#7611 = FILL_AREA_STYLE_COLOUR('',#7367);
#7612 = CURVE_STYLE('',#7613,POSITIVE_LENGTH_MEASURE(0.1),#7370);
#7613 = DRAUGHTING_PRE_DEFINED_CURVE_FONT('continuous');
#7614 = MECHANICAL_DESIGN_GEOMETRIC_PRESENTATION_REPRESENTATION('',(
    #7615),#7276);
#7615 = STYLED_ITEM('color',(#7616),#7223);
#7616 = PRESENTATION_STYLE_ASSIGNMENT((#7617,#7622));
#7617 = SURFACE_STYLE_USAGE(.BOTH.,#7618);
#7618 = SURFACE_SIDE_STYLE('',(#7619));
#7619 = SURFACE_STYLE_FILL_AREA(#7620);
#7620 = FILL_AREA_STYLE('',(#7621));
#7621 = FILL_AREA_STYLE_COLOUR('',#7367);
#7622 = CURVE_STYLE('',#7623,POSITIVE_LENGTH_MEASURE(0.1),#7370);
#7623 = DRAUGHTING_PRE_DEFINED_CURVE_FONT('continuous');
#7624 = MECHANICAL_DESIGN_GEOMETRIC_PRESENTATION_REPRESENTATION('',(
    #7625),#6844);
#7625 = STYLED_ITEM('color',(#7626),#6791);
#7626 = PRESENTATION_STYLE_ASSIGNMENT((#7627,#7632));
#7627 = SURFACE_STYLE_USAGE(.BOTH.,#7628);
#7628 = SURFACE_SIDE_STYLE('',(#7629));
#7629 = SURFACE_STYLE_FILL_AREA(#7630);
#7630 = FILL_AREA_STYLE('',(#7631));
#7631 = FILL_AREA_STYLE_COLOUR('',#7367);
#7632 = CURVE_STYLE('',#7633,POSITIVE_LENGTH_MEASURE(0.1),#7370);
#7633 = DRAUGHTING_PRE_DEFINED_CURVE_FONT('continuous');
#7634 = MECHANICAL_DESIGN_GEOMETRIC_PRESENTATION_REPRESENTATION('',(
    #7635),#6916);
#7635 = STYLED_ITEM('color',(#7636),#6863);
#7636 = PRESENTATION_STYLE_ASSIGNMENT((#7637,#7642));
#7637 = SURFACE_STYLE_USAGE(.BOTH.,#7638);
#7638 = SURFACE_SIDE_STYLE('',(#7639));
#7639 = SURFACE_STYLE_FILL_AREA(#7640);
#7640 = FILL_AREA_STYLE('',(#7641));
#7641 = FILL_AREA_STYLE_COLOUR('',#7367);
#7642 = CURVE_STYLE('',#7643,POSITIVE_LENGTH_MEASURE(0.1),#7370);
#7643 = DRAUGHTING_PRE_DEFINED_CURVE_FONT('continuous');
#7644 = MECHANICAL_DESIGN_GEOMETRIC_PRESENTATION_REPRESENTATION('',(
    #7645),#4145);
#7645 = STYLED_ITEM('color',(#7646),#4092);
#7646 = PRESENTATION_STYLE_ASSIGNMENT((#7647,#7652));
#7647 = SURFACE_STYLE_USAGE(.BOTH.,#7648);
#7648 = SURFACE_SIDE_STYLE('',(#7649));
#7649 = SURFACE_STYLE_FILL_AREA(#7650);
#7650 = FILL_AREA_STYLE('',(#7651));
#7651 = FILL_AREA_STYLE_COLOUR('',#7400);
#7652 = CURVE_STYLE('',#7653,POSITIVE_LENGTH_MEASURE(0.1),#7370);
#7653 = DRAUGHTING_PRE_DEFINED_CURVE_FONT('continuous');
#7654 = MECHANICAL_DESIGN_GEOMETRIC_PRESENTATION_REPRESENTATION('',(
    #7655),#3713);
#7655 = STYLED_ITEM('color',(#7656),#3660);
#7656 = PRESENTATION_STYLE_ASSIGNMENT((#7657,#7662));
#7657 = SURFACE_STYLE_USAGE(.BOTH.,#7658);
#7658 = SURFACE_SIDE_STYLE('',(#7659));
#7659 = SURFACE_STYLE_FILL_AREA(#7660);
#7660 = FILL_AREA_STYLE('',(#7661));
#7661 = FILL_AREA_STYLE_COLOUR('',#7400);
#7662 = CURVE_STYLE('',#7663,POSITIVE_LENGTH_MEASURE(0.1),#7370);
#7663 = DRAUGHTING_PRE_DEFINED_CURVE_FONT('continuous');
#7664 = MECHANICAL_DESIGN_GEOMETRIC_PRESENTATION_REPRESENTATION('',(
    #7665),#6628);
#7665 = STYLED_ITEM('color',(#7666),#6575);
#7666 = PRESENTATION_STYLE_ASSIGNMENT((#7667,#7672));
#7667 = SURFACE_STYLE_USAGE(.BOTH.,#7668);
#7668 = SURFACE_SIDE_STYLE('',(#7669));
#7669 = SURFACE_STYLE_FILL_AREA(#7670);
#7670 = FILL_AREA_STYLE('',(#7671));
#7671 = FILL_AREA_STYLE_COLOUR('',#7367);
#7672 = CURVE_STYLE('',#7673,POSITIVE_LENGTH_MEASURE(0.1),#7370);
#7673 = DRAUGHTING_PRE_DEFINED_CURVE_FONT('continuous');
#7674 = MECHANICAL_DESIGN_GEOMETRIC_PRESENTATION_REPRESENTATION('',(
    #7675),#5548);
#7675 = STYLED_ITEM('color',(#7676),#5495);
#7676 = PRESENTATION_STYLE_ASSIGNMENT((#7677,#7682));
#7677 = SURFACE_STYLE_USAGE(.BOTH.,#7678);
#7678 = SURFACE_SIDE_STYLE('',(#7679));
#7679 = SURFACE_STYLE_FILL_AREA(#7680);
#7680 = FILL_AREA_STYLE('',(#7681));
#7681 = FILL_AREA_STYLE_COLOUR('',#7367);
#7682 = CURVE_STYLE('',#7683,POSITIVE_LENGTH_MEASURE(0.1),#7370);
#7683 = DRAUGHTING_PRE_DEFINED_CURVE_FONT('continuous');
#7684 = MECHANICAL_DESIGN_GEOMETRIC_PRESENTATION_REPRESENTATION('',(
    #7685),#5009);
#7685 = STYLED_ITEM('color',(#7686),#4956);
#7686 = PRESENTATION_STYLE_ASSIGNMENT((#7687,#7692));
#7687 = SURFACE_STYLE_USAGE(.BOTH.,#7688);
#7688 = SURFACE_SIDE_STYLE('',(#7689));
#7689 = SURFACE_STYLE_FILL_AREA(#7690);
#7690 = FILL_AREA_STYLE('',(#7691));
#7691 = FILL_AREA_STYLE_COLOUR('',#7400);
#7692 = CURVE_STYLE('',#7693,POSITIVE_LENGTH_MEASURE(0.1),#7370);
#7693 = DRAUGHTING_PRE_DEFINED_CURVE_FONT('continuous');
#7694 = MECHANICAL_DESIGN_GEOMETRIC_PRESENTATION_REPRESENTATION('',(
    #7695),#4361);
#7695 = STYLED_ITEM('color',(#7696),#4308);
#7696 = PRESENTATION_STYLE_ASSIGNMENT((#7697,#7702));
#7697 = SURFACE_STYLE_USAGE(.BOTH.,#7698);
#7698 = SURFACE_SIDE_STYLE('',(#7699));
#7699 = SURFACE_STYLE_FILL_AREA(#7700);
#7700 = FILL_AREA_STYLE('',(#7701));
#7701 = FILL_AREA_STYLE_COLOUR('',#7400);
#7702 = CURVE_STYLE('',#7703,POSITIVE_LENGTH_MEASURE(0.1),#7370);
#7703 = DRAUGHTING_PRE_DEFINED_CURVE_FONT('continuous');
#7704 = MECHANICAL_DESIGN_GEOMETRIC_PRESENTATION_REPRESENTATION('',(
    #7705),#6124);
#7705 = STYLED_ITEM('color',(#7706),#6071);
#7706 = PRESENTATION_STYLE_ASSIGNMENT((#7707,#7712));
#7707 = SURFACE_STYLE_USAGE(.BOTH.,#7708);
#7708 = SURFACE_SIDE_STYLE('',(#7709));
#7709 = SURFACE_STYLE_FILL_AREA(#7710);
#7710 = FILL_AREA_STYLE('',(#7711));
#7711 = FILL_AREA_STYLE_COLOUR('',#7367);
#7712 = CURVE_STYLE('',#7713,POSITIVE_LENGTH_MEASURE(0.1),#7370);
#7713 = DRAUGHTING_PRE_DEFINED_CURVE_FONT('continuous');
#7714 = MECHANICAL_DESIGN_GEOMETRIC_PRESENTATION_REPRESENTATION('',(
    #7715),#3641);
#7715 = STYLED_ITEM('color',(#7716),#3588);
#7716 = PRESENTATION_STYLE_ASSIGNMENT((#7717,#7722));
#7717 = SURFACE_STYLE_USAGE(.BOTH.,#7718);
#7718 = SURFACE_SIDE_STYLE('',(#7719));
#7719 = SURFACE_STYLE_FILL_AREA(#7720);
#7720 = FILL_AREA_STYLE('',(#7721));
#7721 = FILL_AREA_STYLE_COLOUR('',#7400);
#7722 = CURVE_STYLE('',#7723,POSITIVE_LENGTH_MEASURE(0.1),#7370);
#7723 = DRAUGHTING_PRE_DEFINED_CURVE_FONT('continuous');
#7724 = MECHANICAL_DESIGN_GEOMETRIC_PRESENTATION_REPRESENTATION('',(
    #7725),#4505);
#7725 = STYLED_ITEM('color',(#7726),#4452);
#7726 = PRESENTATION_STYLE_ASSIGNMENT((#7727,#7732));
#7727 = SURFACE_STYLE_USAGE(.BOTH.,#7728);
#7728 = SURFACE_SIDE_STYLE('',(#7729));
#7729 = SURFACE_STYLE_FILL_AREA(#7730);
#7730 = FILL_AREA_STYLE('',(#7731));
#7731 = FILL_AREA_STYLE_COLOUR('',#7400);
#7732 = CURVE_STYLE('',#7733,POSITIVE_LENGTH_MEASURE(0.1),#7370);
#7733 = DRAUGHTING_PRE_DEFINED_CURVE_FONT('continuous');
#7734 = MECHANICAL_DESIGN_GEOMETRIC_PRESENTATION_REPRESENTATION('',(
    #7735),#4721);
#7735 = STYLED_ITEM('color',(#7736),#4668);
#7736 = PRESENTATION_STYLE_ASSIGNMENT((#7737,#7742));
#7737 = SURFACE_STYLE_USAGE(.BOTH.,#7738);
#7738 = SURFACE_SIDE_STYLE('',(#7739));
#7739 = SURFACE_STYLE_FILL_AREA(#7740);
#7740 = FILL_AREA_STYLE('',(#7741));
#7741 = FILL_AREA_STYLE_COLOUR('',#7400);
#7742 = CURVE_STYLE('',#7743,POSITIVE_LENGTH_MEASURE(0.1),#7370);
#7743 = DRAUGHTING_PRE_DEFINED_CURVE_FONT('continuous');
#7744 = MECHANICAL_DESIGN_GEOMETRIC_PRESENTATION_REPRESENTATION('',(
    #7745),#4865);
#7745 = STYLED_ITEM('color',(#7746),#4812);
#7746 = PRESENTATION_STYLE_ASSIGNMENT((#7747,#7752));
#7747 = SURFACE_STYLE_USAGE(.BOTH.,#7748);
#7748 = SURFACE_SIDE_STYLE('',(#7749));
#7749 = SURFACE_STYLE_FILL_AREA(#7750);
#7750 = FILL_AREA_STYLE('',(#7751));
#7751 = FILL_AREA_STYLE_COLOUR('',#7400);
#7752 = CURVE_STYLE('',#7753,POSITIVE_LENGTH_MEASURE(0.1),#7370);
#7753 = DRAUGHTING_PRE_DEFINED_CURVE_FONT('continuous');
#7754 = MECHANICAL_DESIGN_GEOMETRIC_PRESENTATION_REPRESENTATION('',(
    #7755),#6052);
#7755 = STYLED_ITEM('color',(#7756),#5999);
#7756 = PRESENTATION_STYLE_ASSIGNMENT((#7757,#7762));
#7757 = SURFACE_STYLE_USAGE(.BOTH.,#7758);
#7758 = SURFACE_SIDE_STYLE('',(#7759));
#7759 = SURFACE_STYLE_FILL_AREA(#7760);
#7760 = FILL_AREA_STYLE('',(#7761));
#7761 = FILL_AREA_STYLE_COLOUR('',#7367);
#7762 = CURVE_STYLE('',#7763,POSITIVE_LENGTH_MEASURE(0.1),#7370);
#7763 = DRAUGHTING_PRE_DEFINED_CURVE_FONT('continuous');
#7764 = MECHANICAL_DESIGN_GEOMETRIC_PRESENTATION_REPRESENTATION('',(
    #7765),#5836);
#7765 = STYLED_ITEM('color',(#7766),#5783);
#7766 = PRESENTATION_STYLE_ASSIGNMENT((#7767,#7772));
#7767 = SURFACE_STYLE_USAGE(.BOTH.,#7768);
#7768 = SURFACE_SIDE_STYLE('',(#7769));
#7769 = SURFACE_STYLE_FILL_AREA(#7770);
#7770 = FILL_AREA_STYLE('',(#7771));
#7771 = FILL_AREA_STYLE_COLOUR('',#7367);
#7772 = CURVE_STYLE('',#7773,POSITIVE_LENGTH_MEASURE(0.1),#7370);
#7773 = DRAUGHTING_PRE_DEFINED_CURVE_FONT('continuous');
#7774 = MECHANICAL_DESIGN_GEOMETRIC_PRESENTATION_REPRESENTATION('',(
    #7775),#4289);
#7775 = STYLED_ITEM('color',(#7776),#4236);
#7776 = PRESENTATION_STYLE_ASSIGNMENT((#7777,#7782));
#7777 = SURFACE_STYLE_USAGE(.BOTH.,#7778);
#7778 = SURFACE_SIDE_STYLE('',(#7779));
#7779 = SURFACE_STYLE_FILL_AREA(#7780);
#7780 = FILL_AREA_STYLE('',(#7781));
#7781 = FILL_AREA_STYLE_COLOUR('',#7400);
#7782 = CURVE_STYLE('',#7783,POSITIVE_LENGTH_MEASURE(0.1),#7370);
#7783 = DRAUGHTING_PRE_DEFINED_CURVE_FONT('continuous');
#7784 = MECHANICAL_DESIGN_GEOMETRIC_PRESENTATION_REPRESENTATION('',(
    #7785),#4073);
#7785 = STYLED_ITEM('color',(#7786),#4020);
#7786 = PRESENTATION_STYLE_ASSIGNMENT((#7787,#7792));
#7787 = SURFACE_STYLE_USAGE(.BOTH.,#7788);
#7788 = SURFACE_SIDE_STYLE('',(#7789));
#7789 = SURFACE_STYLE_FILL_AREA(#7790);
#7790 = FILL_AREA_STYLE('',(#7791));
#7791 = FILL_AREA_STYLE_COLOUR('',#7400);
#7792 = CURVE_STYLE('',#7793,POSITIVE_LENGTH_MEASURE(0.1),#7370);
#7793 = DRAUGHTING_PRE_DEFINED_CURVE_FONT('continuous');
#7794 = MECHANICAL_DESIGN_GEOMETRIC_PRESENTATION_REPRESENTATION('',(
    #7795),#4649);
#7795 = STYLED_ITEM('color',(#7796),#4596);
#7796 = PRESENTATION_STYLE_ASSIGNMENT((#7797,#7802));
#7797 = SURFACE_STYLE_USAGE(.BOTH.,#7798);
#7798 = SURFACE_SIDE_STYLE('',(#7799));
#7799 = SURFACE_STYLE_FILL_AREA(#7800);
#7800 = FILL_AREA_STYLE('',(#7801));
#7801 = FILL_AREA_STYLE_COLOUR('',#7400);
#7802 = CURVE_STYLE('',#7803,POSITIVE_LENGTH_MEASURE(0.1),#7370);
#7803 = DRAUGHTING_PRE_DEFINED_CURVE_FONT('continuous');
#7804 = MECHANICAL_DESIGN_GEOMETRIC_PRESENTATION_REPRESENTATION('',(
    #7805),#3929);
#7805 = STYLED_ITEM('color',(#7806),#3876);
#7806 = PRESENTATION_STYLE_ASSIGNMENT((#7807,#7812));
#7807 = SURFACE_STYLE_USAGE(.BOTH.,#7808);
#7808 = SURFACE_SIDE_STYLE('',(#7809));
#7809 = SURFACE_STYLE_FILL_AREA(#7810);
#7810 = FILL_AREA_STYLE('',(#7811));
#7811 = FILL_AREA_STYLE_COLOUR('',#7400);
#7812 = CURVE_STYLE('',#7813,POSITIVE_LENGTH_MEASURE(0.1),#7370);
#7813 = DRAUGHTING_PRE_DEFINED_CURVE_FONT('continuous');
#7814 = MECHANICAL_DESIGN_GEOMETRIC_PRESENTATION_REPRESENTATION('',(
    #7815),#3497);
#7815 = STYLED_ITEM('color',(#7816),#3444);
#7816 = PRESENTATION_STYLE_ASSIGNMENT((#7817,#7822));
#7817 = SURFACE_STYLE_USAGE(.BOTH.,#7818);
#7818 = SURFACE_SIDE_STYLE('',(#7819));
#7819 = SURFACE_STYLE_FILL_AREA(#7820);
#7820 = FILL_AREA_STYLE('',(#7821));
#7821 = FILL_AREA_STYLE_COLOUR('',#7400);
#7822 = CURVE_STYLE('',#7823,POSITIVE_LENGTH_MEASURE(0.1),#7370);
#7823 = DRAUGHTING_PRE_DEFINED_CURVE_FONT('continuous');
#7824 = MECHANICAL_DESIGN_GEOMETRIC_PRESENTATION_REPRESENTATION('',(
    #7825),#3353);
#7825 = STYLED_ITEM('color',(#7826),#3300);
#7826 = PRESENTATION_STYLE_ASSIGNMENT((#7827,#7832));
#7827 = SURFACE_STYLE_USAGE(.BOTH.,#7828);
#7828 = SURFACE_SIDE_STYLE('',(#7829));
#7829 = SURFACE_STYLE_FILL_AREA(#7830);
#7830 = FILL_AREA_STYLE('',(#7831));
#7831 = FILL_AREA_STYLE_COLOUR('',#7400);
#7832 = CURVE_STYLE('',#7833,POSITIVE_LENGTH_MEASURE(0.1),#7370);
#7833 = DRAUGHTING_PRE_DEFINED_CURVE_FONT('continuous');
#7834 = MECHANICAL_DESIGN_GEOMETRIC_PRESENTATION_REPRESENTATION('',(
    #7835),#5081);
#7835 = STYLED_ITEM('color',(#7836),#5028);
#7836 = PRESENTATION_STYLE_ASSIGNMENT((#7837,#7842));
#7837 = SURFACE_STYLE_USAGE(.BOTH.,#7838);
#7838 = SURFACE_SIDE_STYLE('',(#7839));
#7839 = SURFACE_STYLE_FILL_AREA(#7840);
#7840 = FILL_AREA_STYLE('',(#7841));
#7841 = FILL_AREA_STYLE_COLOUR('',#7400);
#7842 = CURVE_STYLE('',#7843,POSITIVE_LENGTH_MEASURE(0.1),#7370);
#7843 = DRAUGHTING_PRE_DEFINED_CURVE_FONT('continuous');
#7844 = MECHANICAL_DESIGN_GEOMETRIC_PRESENTATION_REPRESENTATION('',(
    #7845),#3425);
#7845 = STYLED_ITEM('color',(#7846),#3372);
#7846 = PRESENTATION_STYLE_ASSIGNMENT((#7847,#7852));
#7847 = SURFACE_STYLE_USAGE(.BOTH.,#7848);
#7848 = SURFACE_SIDE_STYLE('',(#7849));
#7849 = SURFACE_STYLE_FILL_AREA(#7850);
#7850 = FILL_AREA_STYLE('',(#7851));
#7851 = FILL_AREA_STYLE_COLOUR('',#7400);
#7852 = CURVE_STYLE('',#7853,POSITIVE_LENGTH_MEASURE(0.1),#7370);
#7853 = DRAUGHTING_PRE_DEFINED_CURVE_FONT('continuous');
#7854 = MECHANICAL_DESIGN_GEOMETRIC_PRESENTATION_REPRESENTATION('',(
    #7855),#4217);
#7855 = STYLED_ITEM('color',(#7856),#4164);
#7856 = PRESENTATION_STYLE_ASSIGNMENT((#7857,#7862));
#7857 = SURFACE_STYLE_USAGE(.BOTH.,#7858);
#7858 = SURFACE_SIDE_STYLE('',(#7859));
#7859 = SURFACE_STYLE_FILL_AREA(#7860);
#7860 = FILL_AREA_STYLE('',(#7861));
#7861 = FILL_AREA_STYLE_COLOUR('',#7400);
#7862 = CURVE_STYLE('',#7863,POSITIVE_LENGTH_MEASURE(0.1),#7370);
#7863 = DRAUGHTING_PRE_DEFINED_CURVE_FONT('continuous');
#7864 = MECHANICAL_DESIGN_GEOMETRIC_PRESENTATION_REPRESENTATION('',(
    #7865),#4001);
#7865 = STYLED_ITEM('color',(#7866),#3948);
#7866 = PRESENTATION_STYLE_ASSIGNMENT((#7867,#7872));
#7867 = SURFACE_STYLE_USAGE(.BOTH.,#7868);
#7868 = SURFACE_SIDE_STYLE('',(#7869));
#7869 = SURFACE_STYLE_FILL_AREA(#7870);
#7870 = FILL_AREA_STYLE('',(#7871));
#7871 = FILL_AREA_STYLE_COLOUR('',#7400);
#7872 = CURVE_STYLE('',#7873,POSITIVE_LENGTH_MEASURE(0.1),#7370);
#7873 = DRAUGHTING_PRE_DEFINED_CURVE_FONT('continuous');
#7874 = MECHANICAL_DESIGN_GEOMETRIC_PRESENTATION_REPRESENTATION('',(
    #7875),#4433);
#7875 = STYLED_ITEM('color',(#7876),#4380);
#7876 = PRESENTATION_STYLE_ASSIGNMENT((#7877,#7882));
#7877 = SURFACE_STYLE_USAGE(.BOTH.,#7878);
#7878 = SURFACE_SIDE_STYLE('',(#7879));
#7879 = SURFACE_STYLE_FILL_AREA(#7880);
#7880 = FILL_AREA_STYLE('',(#7881));
#7881 = FILL_AREA_STYLE_COLOUR('',#7400);
#7882 = CURVE_STYLE('',#7883,POSITIVE_LENGTH_MEASURE(0.1),#7370);
#7883 = DRAUGHTING_PRE_DEFINED_CURVE_FONT('continuous');
#7884 = MECHANICAL_DESIGN_GEOMETRIC_PRESENTATION_REPRESENTATION('',(
    #7885),#5277);
#7885 = STYLED_ITEM('color',(#7886),#5127);
#7886 = PRESENTATION_STYLE_ASSIGNMENT((#7887,#7893));
#7887 = SURFACE_STYLE_USAGE(.BOTH.,#7888);
#7888 = SURFACE_SIDE_STYLE('',(#7889));
#7889 = SURFACE_STYLE_FILL_AREA(#7890);
#7890 = FILL_AREA_STYLE('',(#7891));
#7891 = FILL_AREA_STYLE_COLOUR('',#7892);
#7892 = COLOUR_RGB('',0.301960791261,0.301960791261,0.301960791261);
#7893 = CURVE_STYLE('',#7894,POSITIVE_LENGTH_MEASURE(0.1),#7370);
#7894 = DRAUGHTING_PRE_DEFINED_CURVE_FONT('continuous');
#7895 = MECHANICAL_DESIGN_GEOMETRIC_PRESENTATION_REPRESENTATION('',(
    #7896),#6556);
#7896 = STYLED_ITEM('color',(#7897),#6503);
#7897 = PRESENTATION_STYLE_ASSIGNMENT((#7898,#7903));
#7898 = SURFACE_STYLE_USAGE(.BOTH.,#7899);
#7899 = SURFACE_SIDE_STYLE('',(#7900));
#7900 = SURFACE_STYLE_FILL_AREA(#7901);
#7901 = FILL_AREA_STYLE('',(#7902));
#7902 = FILL_AREA_STYLE_COLOUR('',#7367);
#7903 = CURVE_STYLE('',#7904,POSITIVE_LENGTH_MEASURE(0.1),#7370);
#7904 = DRAUGHTING_PRE_DEFINED_CURVE_FONT('continuous');
#7905 = MECHANICAL_DESIGN_GEOMETRIC_PRESENTATION_REPRESENTATION('',(
    #7906),#3857);
#7906 = STYLED_ITEM('color',(#7907),#3804);
#7907 = PRESENTATION_STYLE_ASSIGNMENT((#7908,#7913));
#7908 = SURFACE_STYLE_USAGE(.BOTH.,#7909);
#7909 = SURFACE_SIDE_STYLE('',(#7910));
#7910 = SURFACE_STYLE_FILL_AREA(#7911);
#7911 = FILL_AREA_STYLE('',(#7912));
#7912 = FILL_AREA_STYLE_COLOUR('',#7400);
#7913 = CURVE_STYLE('',#7914,POSITIVE_LENGTH_MEASURE(0.1),#7370);
#7914 = DRAUGHTING_PRE_DEFINED_CURVE_FONT('continuous');
#7915 = MECHANICAL_DESIGN_GEOMETRIC_PRESENTATION_REPRESENTATION('',(
    #7916),#4577);
#7916 = STYLED_ITEM('color',(#7917),#4524);
#7917 = PRESENTATION_STYLE_ASSIGNMENT((#7918,#7923));
#7918 = SURFACE_STYLE_USAGE(.BOTH.,#7919);
#7919 = SURFACE_SIDE_STYLE('',(#7920));
#7920 = SURFACE_STYLE_FILL_AREA(#7921);
#7921 = FILL_AREA_STYLE('',(#7922));
#7922 = FILL_AREA_STYLE_COLOUR('',#7400);
#7923 = CURVE_STYLE('',#7924,POSITIVE_LENGTH_MEASURE(0.1),#7370);
#7924 = DRAUGHTING_PRE_DEFINED_CURVE_FONT('continuous');
#7925 = MECHANICAL_DESIGN_GEOMETRIC_PRESENTATION_REPRESENTATION('',(
    #7926),#7060);
#7926 = STYLED_ITEM('color',(#7927),#7007);
#7927 = PRESENTATION_STYLE_ASSIGNMENT((#7928,#7933));
#7928 = SURFACE_STYLE_USAGE(.BOTH.,#7929);
#7929 = SURFACE_SIDE_STYLE('',(#7930));
#7930 = SURFACE_STYLE_FILL_AREA(#7931);
#7931 = FILL_AREA_STYLE('',(#7932));
#7932 = FILL_AREA_STYLE_COLOUR('',#7367);
#7933 = CURVE_STYLE('',#7934,POSITIVE_LENGTH_MEASURE(0.1),#7370);
#7934 = DRAUGHTING_PRE_DEFINED_CURVE_FONT('continuous');
ENDSEC;
END-ISO-10303-21;
