ISO-10303-21;
HEADER;
FILE_DESCRIPTION(('FreeCAD Model'),'2;1');
FILE_NAME('Open CASCADE Shape Model','2026-09-23T13:45:42',('Author'),(
    ''),'Open CASCADE STEP processor 7.8','FreeCAD','Unknown');
FILE_SCHEMA((
'AP242_MANAGED_MODEL_BASED_3D_ENGINEERING_MIM_LF. {1 0 10303 442 1 1 4 
}'));
ENDSEC;
DATA;
#1 = APPLICATION_PROTOCOL_DEFINITION('international standard',
  'ap242_managed_model_based_3d_engineering',2013,#2);
#2 = APPLICATION_CONTEXT('Managed model based 3d engineering');
#3 = SHAPE_DEFINITION_REPRESENTATION(#4,#10);
#4 = PRODUCT_DEFINITION_SHAPE('','',#5);
#5 = PRODUCT_DEFINITION('design','',#6,#9);
#6 = PRODUCT_DEFINITION_FORMATION('','',#7);
#7 = PRODUCT('kamioka_short_pcb','kamioka_short_pcb','',(#8));
#8 = PRODUCT_CONTEXT('',#2,'mechanical');
#9 = PRODUCT_DEFINITION_CONTEXT('part definition',#2,'design');
#10 = SHAPE_REPRESENTATION('',(#11,#15,#19,#23),#27);
#11 = AXIS2_PLACEMENT_3D('',#12,#13,#14);
#12 = CARTESIAN_POINT('',(0.,0.,0.));
#13 = DIRECTION('',(0.,0.,1.));
#14 = DIRECTION('',(1.,0.,-0.));
#15 = AXIS2_PLACEMENT_3D('',#16,#17,#18);
#16 = CARTESIAN_POINT('',(0.,0.,0.));
#17 = DIRECTION('',(0.,0.,1.));
#18 = DIRECTION('',(1.,0.,0.));
#19 = AXIS2_PLACEMENT_3D('',#20,#21,#22);
#20 = CARTESIAN_POINT('',(0.,0.,0.));
#21 = DIRECTION('',(0.,0.,1.));
#22 = DIRECTION('',(1.,0.,0.));
#23 = AXIS2_PLACEMENT_3D('',#24,#25,#26);
#24 = CARTESIAN_POINT('',(0.,0.,0.));
#25 = DIRECTION('',(0.,0.,1.));
#26 = DIRECTION('',(1.,0.,0.));
#27 = ( GEOMETRIC_REPRESENTATION_CONTEXT(3) 
GLOBAL_UNCERTAINTY_ASSIGNED_CONTEXT((#31)) GLOBAL_UNIT_ASSIGNED_CONTEXT(
(#28,#29,#30)) REPRESENTATION_CONTEXT('Context #1',
  '3D Context with UNIT and UNCERTAINTY') );
#28 = ( LENGTH_UNIT() NAMED_UNIT(*) SI_UNIT(.MILLI.,.METRE.) );
#29 = ( NAMED_UNIT(*) PLANE_ANGLE_UNIT() SI_UNIT($,.RADIAN.) );
#30 = ( NAMED_UNIT(*) SI_UNIT($,.STERADIAN.) SOLID_ANGLE_UNIT() );
#31 = UNCERTAINTY_MEASURE_WITH_UNIT(LENGTH_MEASURE(1.E-07),#28,
  'distance_accuracy_value','confusion accuracy');
#32 = PRODUCT_RELATED_PRODUCT_CATEGORY('part',$,(#7));
#33 = SHAPE_DEFINITION_REPRESENTATION(#34,#40);
#34 = PRODUCT_DEFINITION_SHAPE('','',#35);
#35 = PRODUCT_DEFINITION('design','',#36,#39);
#36 = PRODUCT_DEFINITION_FORMATION('','',#37);
#37 = PRODUCT('Local_CS_93b0','Local_CS_93b0','',(#38));
#38 = PRODUCT_CONTEXT('',#2,'mechanical');
#39 = PRODUCT_DEFINITION_CONTEXT('part definition',#2,'design');
#40 = MANIFOLD_SURFACE_SHAPE_REPRESENTATION('',(#11),#41);
#41 = ( GEOMETRIC_REPRESENTATION_CONTEXT(3) 
GLOBAL_UNCERTAINTY_ASSIGNED_CONTEXT((#45)) GLOBAL_UNIT_ASSIGNED_CONTEXT(
(#42,#43,#44)) REPRESENTATION_CONTEXT('Context #1',
  '3D Context with UNIT and UNCERTAINTY') );
#42 = ( LENGTH_UNIT() NAMED_UNIT(*) SI_UNIT(.MILLI.,.METRE.) );
#43 = ( NAMED_UNIT(*) PLANE_ANGLE_UNIT() SI_UNIT($,.RADIAN.) );
#44 = ( NAMED_UNIT(*) SI_UNIT($,.STERADIAN.) SOLID_ANGLE_UNIT() );
#45 = UNCERTAINTY_MEASURE_WITH_UNIT(LENGTH_MEASURE(1.E-07),#42,
  'distance_accuracy_value','confusion accuracy');
#46 = CONTEXT_DEPENDENT_SHAPE_REPRESENTATION(#47,#49);
#47 = ( REPRESENTATION_RELATIONSHIP('','',#40,#10) 
REPRESENTATION_RELATIONSHIP_WITH_TRANSFORMATION(#48) 
SHAPE_REPRESENTATION_RELATIONSHIP() );
#48 = ITEM_DEFINED_TRANSFORMATION('','',#11,#15);
#49 = PRODUCT_DEFINITION_SHAPE('Placement','Placement of an item',#50);
#50 = NEXT_ASSEMBLY_USAGE_OCCURRENCE('199','Local_CS_93b0','',#5,#35,$);
#51 = PRODUCT_RELATED_PRODUCT_CATEGORY('part',$,(#37));
#52 = SHAPE_DEFINITION_REPRESENTATION(#53,#59);
#53 = PRODUCT_DEFINITION_SHAPE('','',#54);
#54 = PRODUCT_DEFINITION('design','',#55,#58);
#55 = PRODUCT_DEFINITION_FORMATION('','',#56);
#56 = PRODUCT('Board_Geoms_93b0','Board_Geoms_93b0','',(#57));
#57 = PRODUCT_CONTEXT('',#2,'mechanical');
#58 = PRODUCT_DEFINITION_CONTEXT('part definition',#2,'design');
#59 = SHAPE_REPRESENTATION('',(#11,#60,#64),#68);
#60 = AXIS2_PLACEMENT_3D('',#61,#62,#63);
#61 = CARTESIAN_POINT('',(0.,0.,0.));
#62 = DIRECTION('',(0.,0.,1.));
#63 = DIRECTION('',(1.,0.,0.));
#64 = AXIS2_PLACEMENT_3D('',#65,#66,#67);
#65 = CARTESIAN_POINT('',(0.,0.,0.));
#66 = DIRECTION('',(0.,0.,1.));
#67 = DIRECTION('',(1.,0.,0.));
#68 = ( GEOMETRIC_REPRESENTATION_CONTEXT(3) 
GLOBAL_UNCERTAINTY_ASSIGNED_CONTEXT((#72)) GLOBAL_UNIT_ASSIGNED_CONTEXT(
(#69,#70,#71)) REPRESENTATION_CONTEXT('Context #1',
  '3D Context with UNIT and UNCERTAINTY') );
#69 = ( LENGTH_UNIT() NAMED_UNIT(*) SI_UNIT(.MILLI.,.METRE.) );
#70 = ( NAMED_UNIT(*) PLANE_ANGLE_UNIT() SI_UNIT($,.RADIAN.) );
#71 = ( NAMED_UNIT(*) SI_UNIT($,.STERADIAN.) SOLID_ANGLE_UNIT() );
#72 = UNCERTAINTY_MEASURE_WITH_UNIT(LENGTH_MEASURE(1.E-07),#69,
  'distance_accuracy_value','confusion accuracy');
#73 = CONTEXT_DEPENDENT_SHAPE_REPRESENTATION(#74,#76);
#74 = ( REPRESENTATION_RELATIONSHIP('','',#59,#10) 
REPRESENTATION_RELATIONSHIP_WITH_TRANSFORMATION(#75) 
SHAPE_REPRESENTATION_RELATIONSHIP() );
#75 = ITEM_DEFINED_TRANSFORMATION('','',#11,#19);
#76 = PRODUCT_DEFINITION_SHAPE('Placement','Placement of an item',#77);
#77 = NEXT_ASSEMBLY_USAGE_OCCURRENCE('202','Board_Geoms_93b0','',#5,#54,
  $);
#78 = PRODUCT_RELATED_PRODUCT_CATEGORY('part',$,(#56));
#79 = SHAPE_DEFINITION_REPRESENTATION(#80,#86);
#80 = PRODUCT_DEFINITION_SHAPE('','',#81);
#81 = PRODUCT_DEFINITION('design','',#82,#85);
#82 = PRODUCT_DEFINITION_FORMATION('','',#83);
#83 = PRODUCT('Pcb_93b0','Pcb_93b0','',(#84));
#84 = PRODUCT_CONTEXT('',#2,'mechanical');
#85 = PRODUCT_DEFINITION_CONTEXT('part definition',#2,'design');
#86 = ADVANCED_BREP_SHAPE_REPRESENTATION('',(#11,#87),#2791);
#87 = MANIFOLD_SOLID_BREP('',#88);
#88 = CLOSED_SHELL('',(#89,#129,#160,#191,#213,#246,#279,#312,#345,#378,
    #411,#444,#477,#510,#543,#576,#609,#642,#675,#708,#741,#774,#807,
    #840,#873,#906,#939,#972,#1005,#1038,#1071,#1104,#1137,#1170,#1203,
    #1236,#1276,#1307,#1338,#1360,#1393,#1426,#1459,#1492,#1525,#1558,
    #1591,#1624,#1657,#1690,#1723,#1756,#1789,#1822,#1855,#1888,#1921,
    #1954,#1987,#2020,#2053,#2086,#2119,#2152,#2185,#2218,#2251,#2284,
    #2317,#2350,#2383,#2587));
#89 = ADVANCED_FACE('',(#90),#124,.F.);
#90 = FACE_BOUND('',#91,.F.);
#91 = EDGE_LOOP('',(#92,#102,#110,#118));
#92 = ORIENTED_EDGE('',*,*,#93,.T.);
#93 = EDGE_CURVE('',#94,#96,#98,.T.);
#94 = VERTEX_POINT('',#95);
#95 = CARTESIAN_POINT('',(45.,-45.,0.));
#96 = VERTEX_POINT('',#97);
#97 = CARTESIAN_POINT('',(45.,-45.,-1.6));
#98 = LINE('',#99,#100);
#99 = CARTESIAN_POINT('',(45.,-45.,0.));
#100 = VECTOR('',#101,1.);
#101 = DIRECTION('',(0.,0.,-1.));
#102 = ORIENTED_EDGE('',*,*,#103,.T.);
#103 = EDGE_CURVE('',#96,#104,#106,.T.);
#104 = VERTEX_POINT('',#105);
#105 = CARTESIAN_POINT('',(351.,-45.,-1.6));
#106 = LINE('',#107,#108);
#107 = CARTESIAN_POINT('',(45.,-45.,-1.6));
#108 = VECTOR('',#109,1.);
#109 = DIRECTION('',(1.,0.,0.));
#110 = ORIENTED_EDGE('',*,*,#111,.F.);
#111 = EDGE_CURVE('',#112,#104,#114,.T.);
#112 = VERTEX_POINT('',#113);
#113 = CARTESIAN_POINT('',(351.,-45.,0.));
#114 = LINE('',#115,#116);
#115 = CARTESIAN_POINT('',(351.,-45.,0.));
#116 = VECTOR('',#117,1.);
#117 = DIRECTION('',(0.,0.,-1.));
#118 = ORIENTED_EDGE('',*,*,#119,.F.);
#119 = EDGE_CURVE('',#94,#112,#120,.T.);
#120 = LINE('',#121,#122);
#121 = CARTESIAN_POINT('',(45.,-45.,0.));
#122 = VECTOR('',#123,1.);
#123 = DIRECTION('',(1.,0.,0.));
#124 = PLANE('',#125);
#125 = AXIS2_PLACEMENT_3D('',#126,#127,#128);
#126 = CARTESIAN_POINT('',(45.,-45.,0.));
#127 = DIRECTION('',(0.,-1.,0.));
#128 = DIRECTION('',(1.,0.,0.));
#129 = ADVANCED_FACE('',(#130),#155,.F.);
#130 = FACE_BOUND('',#131,.F.);
#131 = EDGE_LOOP('',(#132,#142,#148,#149));
#132 = ORIENTED_EDGE('',*,*,#133,.T.);
#133 = EDGE_CURVE('',#134,#136,#138,.T.);
#134 = VERTEX_POINT('',#135);
#135 = CARTESIAN_POINT('',(45.,-75.,0.));
#136 = VERTEX_POINT('',#137);
#137 = CARTESIAN_POINT('',(45.,-75.,-1.6));
#138 = LINE('',#139,#140);
#139 = CARTESIAN_POINT('',(45.,-75.,0.));
#140 = VECTOR('',#141,1.);
#141 = DIRECTION('',(0.,0.,-1.));
#142 = ORIENTED_EDGE('',*,*,#143,.T.);
#143 = EDGE_CURVE('',#136,#96,#144,.T.);
#144 = LINE('',#145,#146);
#145 = CARTESIAN_POINT('',(45.,-75.,-1.6));
#146 = VECTOR('',#147,1.);
#147 = DIRECTION('',(0.,1.,0.));
#148 = ORIENTED_EDGE('',*,*,#93,.F.);
#149 = ORIENTED_EDGE('',*,*,#150,.F.);
#150 = EDGE_CURVE('',#134,#94,#151,.T.);
#151 = LINE('',#152,#153);
#152 = CARTESIAN_POINT('',(45.,-75.,0.));
#153 = VECTOR('',#154,1.);
#154 = DIRECTION('',(0.,1.,0.));
#155 = PLANE('',#156);
#156 = AXIS2_PLACEMENT_3D('',#157,#158,#159);
#157 = CARTESIAN_POINT('',(45.,-75.,0.));
#158 = DIRECTION('',(1.,-0.,0.));
#159 = DIRECTION('',(0.,1.,0.));
#160 = ADVANCED_FACE('',(#161),#186,.F.);
#161 = FACE_BOUND('',#162,.F.);
#162 = EDGE_LOOP('',(#163,#164,#172,#180));
#163 = ORIENTED_EDGE('',*,*,#111,.T.);
#164 = ORIENTED_EDGE('',*,*,#165,.T.);
#165 = EDGE_CURVE('',#104,#166,#168,.T.);
#166 = VERTEX_POINT('',#167);
#167 = CARTESIAN_POINT('',(351.,-75.,-1.6));
#168 = LINE('',#169,#170);
#169 = CARTESIAN_POINT('',(351.,-45.,-1.6));
#170 = VECTOR('',#171,1.);
#171 = DIRECTION('',(0.,-1.,0.));
#172 = ORIENTED_EDGE('',*,*,#173,.F.);
#173 = EDGE_CURVE('',#174,#166,#176,.T.);
#174 = VERTEX_POINT('',#175);
#175 = CARTESIAN_POINT('',(351.,-75.,0.));
#176 = LINE('',#177,#178);
#177 = CARTESIAN_POINT('',(351.,-75.,0.));
#178 = VECTOR('',#179,1.);
#179 = DIRECTION('',(0.,0.,-1.));
#180 = ORIENTED_EDGE('',*,*,#181,.F.);
#181 = EDGE_CURVE('',#112,#174,#182,.T.);
#182 = LINE('',#183,#184);
#183 = CARTESIAN_POINT('',(351.,-45.,0.));
#184 = VECTOR('',#185,1.);
#185 = DIRECTION('',(0.,-1.,0.));
#186 = PLANE('',#187);
#187 = AXIS2_PLACEMENT_3D('',#188,#189,#190);
#188 = CARTESIAN_POINT('',(351.,-45.,0.));
#189 = DIRECTION('',(-1.,-0.,-0.));
#190 = DIRECTION('',(0.,-1.,0.));
#191 = ADVANCED_FACE('',(#192),#208,.F.);
#192 = FACE_BOUND('',#193,.F.);
#193 = EDGE_LOOP('',(#194,#195,#201,#202));
#194 = ORIENTED_EDGE('',*,*,#173,.T.);
#195 = ORIENTED_EDGE('',*,*,#196,.T.);
#196 = EDGE_CURVE('',#166,#136,#197,.T.);
#197 = LINE('',#198,#199);
#198 = CARTESIAN_POINT('',(351.,-75.,-1.6));
#199 = VECTOR('',#200,1.);
#200 = DIRECTION('',(-1.,0.,0.));
#201 = ORIENTED_EDGE('',*,*,#133,.F.);
#202 = ORIENTED_EDGE('',*,*,#203,.F.);
#203 = EDGE_CURVE('',#174,#134,#204,.T.);
#204 = LINE('',#205,#206);
#205 = CARTESIAN_POINT('',(351.,-75.,0.));
#206 = VECTOR('',#207,1.);
#207 = DIRECTION('',(-1.,0.,0.));
#208 = PLANE('',#209);
#209 = AXIS2_PLACEMENT_3D('',#210,#211,#212);
#210 = CARTESIAN_POINT('',(351.,-75.,0.));
#211 = DIRECTION('',(0.,1.,0.));
#212 = DIRECTION('',(-1.,0.,0.));
#213 = ADVANCED_FACE('',(#214),#241,.F.);
#214 = FACE_BOUND('',#215,.F.);
#215 = EDGE_LOOP('',(#216,#226,#233,#234));
#216 = ORIENTED_EDGE('',*,*,#217,.T.);
#217 = EDGE_CURVE('',#218,#220,#222,.T.);
#218 = VERTEX_POINT('',#219);
#219 = CARTESIAN_POINT('',(340.8255,-69.22,0.));
#220 = VERTEX_POINT('',#221);
#221 = CARTESIAN_POINT('',(340.8255,-69.22,-1.6));
#222 = LINE('',#223,#224);
#223 = CARTESIAN_POINT('',(340.8255,-69.22,0.));
#224 = VECTOR('',#225,1.);
#225 = DIRECTION('',(0.,0.,-1.));
#226 = ORIENTED_EDGE('',*,*,#227,.T.);
#227 = EDGE_CURVE('',#220,#220,#228,.T.);
#228 = CIRCLE('',#229,0.3555);
#229 = AXIS2_PLACEMENT_3D('',#230,#231,#232);
#230 = CARTESIAN_POINT('',(340.47,-69.22,-1.6));
#231 = DIRECTION('',(0.,0.,1.));
#232 = DIRECTION('',(1.,0.,-0.));
#233 = ORIENTED_EDGE('',*,*,#217,.F.);
#234 = ORIENTED_EDGE('',*,*,#235,.F.);
#235 = EDGE_CURVE('',#218,#218,#236,.T.);
#236 = CIRCLE('',#237,0.3555);
#237 = AXIS2_PLACEMENT_3D('',#238,#239,#240);
#238 = CARTESIAN_POINT('',(340.47,-69.22,0.));
#239 = DIRECTION('',(0.,0.,1.));
#240 = DIRECTION('',(1.,0.,-0.));
#241 = CYLINDRICAL_SURFACE('',#242,0.3555);
#242 = AXIS2_PLACEMENT_3D('',#243,#244,#245);
#243 = CARTESIAN_POINT('',(340.47,-69.22,0.));
#244 = DIRECTION('',(0.,0.,1.));
#245 = DIRECTION('',(1.,0.,-0.));
#246 = ADVANCED_FACE('',(#247),#274,.F.);
#247 = FACE_BOUND('',#248,.F.);
#248 = EDGE_LOOP('',(#249,#259,#266,#267));
#249 = ORIENTED_EDGE('',*,*,#250,.T.);
#250 = EDGE_CURVE('',#251,#253,#255,.T.);
#251 = VERTEX_POINT('',#252);
#252 = CARTESIAN_POINT('',(338.2855,-69.22,0.));
#253 = VERTEX_POINT('',#254);
#254 = CARTESIAN_POINT('',(338.2855,-69.22,-1.6));
#255 = LINE('',#256,#257);
#256 = CARTESIAN_POINT('',(338.2855,-69.22,0.));
#257 = VECTOR('',#258,1.);
#258 = DIRECTION('',(0.,0.,-1.));
#259 = ORIENTED_EDGE('',*,*,#260,.T.);
#260 = EDGE_CURVE('',#253,#253,#261,.T.);
#261 = CIRCLE('',#262,0.3555);
#262 = AXIS2_PLACEMENT_3D('',#263,#264,#265);
#263 = CARTESIAN_POINT('',(337.93,-69.22,-1.6));
#264 = DIRECTION('',(0.,0.,1.));
#265 = DIRECTION('',(1.,0.,-0.));
#266 = ORIENTED_EDGE('',*,*,#250,.F.);
#267 = ORIENTED_EDGE('',*,*,#268,.F.);
#268 = EDGE_CURVE('',#251,#251,#269,.T.);
#269 = CIRCLE('',#270,0.3555);
#270 = AXIS2_PLACEMENT_3D('',#271,#272,#273);
#271 = CARTESIAN_POINT('',(337.93,-69.22,0.));
#272 = DIRECTION('',(0.,0.,1.));
#273 = DIRECTION('',(1.,0.,-0.));
#274 = CYLINDRICAL_SURFACE('',#275,0.3555);
#275 = AXIS2_PLACEMENT_3D('',#276,#277,#278);
#276 = CARTESIAN_POINT('',(337.93,-69.22,0.));
#277 = DIRECTION('',(0.,0.,1.));
#278 = DIRECTION('',(1.,0.,-0.));
#279 = ADVANCED_FACE('',(#280),#307,.F.);
#280 = FACE_BOUND('',#281,.F.);
#281 = EDGE_LOOP('',(#282,#292,#299,#300));
#282 = ORIENTED_EDGE('',*,*,#283,.T.);
#283 = EDGE_CURVE('',#284,#286,#288,.T.);
#284 = VERTEX_POINT('',#285);
#285 = CARTESIAN_POINT('',(335.7455,-69.22,0.));
#286 = VERTEX_POINT('',#287);
#287 = CARTESIAN_POINT('',(335.7455,-69.22,-1.6));
#288 = LINE('',#289,#290);
#289 = CARTESIAN_POINT('',(335.7455,-69.22,0.));
#290 = VECTOR('',#291,1.);
#291 = DIRECTION('',(0.,0.,-1.));
#292 = ORIENTED_EDGE('',*,*,#293,.T.);
#293 = EDGE_CURVE('',#286,#286,#294,.T.);
#294 = CIRCLE('',#295,0.3555);
#295 = AXIS2_PLACEMENT_3D('',#296,#297,#298);
#296 = CARTESIAN_POINT('',(335.39,-69.22,-1.6));
#297 = DIRECTION('',(0.,0.,1.));
#298 = DIRECTION('',(1.,0.,-0.));
#299 = ORIENTED_EDGE('',*,*,#283,.F.);
#300 = ORIENTED_EDGE('',*,*,#301,.F.);
#301 = EDGE_CURVE('',#284,#284,#302,.T.);
#302 = CIRCLE('',#303,0.3555);
#303 = AXIS2_PLACEMENT_3D('',#304,#305,#306);
#304 = CARTESIAN_POINT('',(335.39,-69.22,0.));
#305 = DIRECTION('',(0.,0.,1.));
#306 = DIRECTION('',(1.,0.,-0.));
#307 = CYLINDRICAL_SURFACE('',#308,0.3555);
#308 = AXIS2_PLACEMENT_3D('',#309,#310,#311);
#309 = CARTESIAN_POINT('',(335.39,-69.22,0.));
#310 = DIRECTION('',(0.,0.,1.));
#311 = DIRECTION('',(1.,0.,-0.));
#312 = ADVANCED_FACE('',(#313),#340,.F.);
#313 = FACE_BOUND('',#314,.F.);
#314 = EDGE_LOOP('',(#315,#325,#332,#333));
#315 = ORIENTED_EDGE('',*,*,#316,.T.);
#316 = EDGE_CURVE('',#317,#319,#321,.T.);
#317 = VERTEX_POINT('',#318);
#318 = CARTESIAN_POINT('',(333.2055,-69.22,0.));
#319 = VERTEX_POINT('',#320);
#320 = CARTESIAN_POINT('',(333.2055,-69.22,-1.6));
#321 = LINE('',#322,#323);
#322 = CARTESIAN_POINT('',(333.2055,-69.22,0.));
#323 = VECTOR('',#324,1.);
#324 = DIRECTION('',(0.,0.,-1.));
#325 = ORIENTED_EDGE('',*,*,#326,.T.);
#326 = EDGE_CURVE('',#319,#319,#327,.T.);
#327 = CIRCLE('',#328,0.3555);
#328 = AXIS2_PLACEMENT_3D('',#329,#330,#331);
#329 = CARTESIAN_POINT('',(332.85,-69.22,-1.6));
#330 = DIRECTION('',(0.,0.,1.));
#331 = DIRECTION('',(1.,0.,-0.));
#332 = ORIENTED_EDGE('',*,*,#316,.F.);
#333 = ORIENTED_EDGE('',*,*,#334,.F.);
#334 = EDGE_CURVE('',#317,#317,#335,.T.);
#335 = CIRCLE('',#336,0.3555);
#336 = AXIS2_PLACEMENT_3D('',#337,#338,#339);
#337 = CARTESIAN_POINT('',(332.85,-69.22,0.));
#338 = DIRECTION('',(0.,0.,1.));
#339 = DIRECTION('',(1.,0.,-0.));
#340 = CYLINDRICAL_SURFACE('',#341,0.3555);
#341 = AXIS2_PLACEMENT_3D('',#342,#343,#344);
#342 = CARTESIAN_POINT('',(332.85,-69.22,0.));
#343 = DIRECTION('',(0.,0.,1.));
#344 = DIRECTION('',(1.,0.,-0.));
#345 = ADVANCED_FACE('',(#346),#373,.F.);
#346 = FACE_BOUND('',#347,.F.);
#347 = EDGE_LOOP('',(#348,#358,#365,#366));
#348 = ORIENTED_EDGE('',*,*,#349,.T.);
#349 = EDGE_CURVE('',#350,#352,#354,.T.);
#350 = VERTEX_POINT('',#351);
#351 = CARTESIAN_POINT('',(330.6655,-69.22,0.));
#352 = VERTEX_POINT('',#353);
#353 = CARTESIAN_POINT('',(330.6655,-69.22,-1.6));
#354 = LINE('',#355,#356);
#355 = CARTESIAN_POINT('',(330.6655,-69.22,0.));
#356 = VECTOR('',#357,1.);
#357 = DIRECTION('',(0.,0.,-1.));
#358 = ORIENTED_EDGE('',*,*,#359,.T.);
#359 = EDGE_CURVE('',#352,#352,#360,.T.);
#360 = CIRCLE('',#361,0.3555);
#361 = AXIS2_PLACEMENT_3D('',#362,#363,#364);
#362 = CARTESIAN_POINT('',(330.31,-69.22,-1.6));
#363 = DIRECTION('',(0.,0.,1.));
#364 = DIRECTION('',(1.,0.,-0.));
#365 = ORIENTED_EDGE('',*,*,#349,.F.);
#366 = ORIENTED_EDGE('',*,*,#367,.F.);
#367 = EDGE_CURVE('',#350,#350,#368,.T.);
#368 = CIRCLE('',#369,0.3555);
#369 = AXIS2_PLACEMENT_3D('',#370,#371,#372);
#370 = CARTESIAN_POINT('',(330.31,-69.22,0.));
#371 = DIRECTION('',(0.,0.,1.));
#372 = DIRECTION('',(1.,0.,-0.));
#373 = CYLINDRICAL_SURFACE('',#374,0.3555);
#374 = AXIS2_PLACEMENT_3D('',#375,#376,#377);
#375 = CARTESIAN_POINT('',(330.31,-69.22,0.));
#376 = DIRECTION('',(0.,0.,1.));
#377 = DIRECTION('',(1.,0.,-0.));
#378 = ADVANCED_FACE('',(#379),#406,.F.);
#379 = FACE_BOUND('',#380,.F.);
#380 = EDGE_LOOP('',(#381,#391,#398,#399));
#381 = ORIENTED_EDGE('',*,*,#382,.T.);
#382 = EDGE_CURVE('',#383,#385,#387,.T.);
#383 = VERTEX_POINT('',#384);
#384 = CARTESIAN_POINT('',(328.1255,-69.22,0.));
#385 = VERTEX_POINT('',#386);
#386 = CARTESIAN_POINT('',(328.1255,-69.22,-1.6));
#387 = LINE('',#388,#389);
#388 = CARTESIAN_POINT('',(328.1255,-69.22,0.));
#389 = VECTOR('',#390,1.);
#390 = DIRECTION('',(0.,0.,-1.));
#391 = ORIENTED_EDGE('',*,*,#392,.T.);
#392 = EDGE_CURVE('',#385,#385,#393,.T.);
#393 = CIRCLE('',#394,0.3555);
#394 = AXIS2_PLACEMENT_3D('',#395,#396,#397);
#395 = CARTESIAN_POINT('',(327.77,-69.22,-1.6));
#396 = DIRECTION('',(0.,0.,1.));
#397 = DIRECTION('',(1.,0.,-0.));
#398 = ORIENTED_EDGE('',*,*,#382,.F.);
#399 = ORIENTED_EDGE('',*,*,#400,.F.);
#400 = EDGE_CURVE('',#383,#383,#401,.T.);
#401 = CIRCLE('',#402,0.3555);
#402 = AXIS2_PLACEMENT_3D('',#403,#404,#405);
#403 = CARTESIAN_POINT('',(327.77,-69.22,0.));
#404 = DIRECTION('',(0.,0.,1.));
#405 = DIRECTION('',(1.,0.,-0.));
#406 = CYLINDRICAL_SURFACE('',#407,0.3555);
#407 = AXIS2_PLACEMENT_3D('',#408,#409,#410);
#408 = CARTESIAN_POINT('',(327.77,-69.22,0.));
#409 = DIRECTION('',(0.,0.,1.));
#410 = DIRECTION('',(1.,0.,-0.));
#411 = ADVANCED_FACE('',(#412),#439,.F.);
#412 = FACE_BOUND('',#413,.F.);
#413 = EDGE_LOOP('',(#414,#424,#431,#432));
#414 = ORIENTED_EDGE('',*,*,#415,.T.);
#415 = EDGE_CURVE('',#416,#418,#420,.T.);
#416 = VERTEX_POINT('',#417);
#417 = CARTESIAN_POINT('',(325.5855,-69.22,0.));
#418 = VERTEX_POINT('',#419);
#419 = CARTESIAN_POINT('',(325.5855,-69.22,-1.6));
#420 = LINE('',#421,#422);
#421 = CARTESIAN_POINT('',(325.5855,-69.22,0.));
#422 = VECTOR('',#423,1.);
#423 = DIRECTION('',(0.,0.,-1.));
#424 = ORIENTED_EDGE('',*,*,#425,.T.);
#425 = EDGE_CURVE('',#418,#418,#426,.T.);
#426 = CIRCLE('',#427,0.3555);
#427 = AXIS2_PLACEMENT_3D('',#428,#429,#430);
#428 = CARTESIAN_POINT('',(325.23,-69.22,-1.6));
#429 = DIRECTION('',(0.,0.,1.));
#430 = DIRECTION('',(1.,0.,-0.));
#431 = ORIENTED_EDGE('',*,*,#415,.F.);
#432 = ORIENTED_EDGE('',*,*,#433,.F.);
#433 = EDGE_CURVE('',#416,#416,#434,.T.);
#434 = CIRCLE('',#435,0.3555);
#435 = AXIS2_PLACEMENT_3D('',#436,#437,#438);
#436 = CARTESIAN_POINT('',(325.23,-69.22,0.));
#437 = DIRECTION('',(0.,0.,1.));
#438 = DIRECTION('',(1.,0.,-0.));
#439 = CYLINDRICAL_SURFACE('',#440,0.3555);
#440 = AXIS2_PLACEMENT_3D('',#441,#442,#443);
#441 = CARTESIAN_POINT('',(325.23,-69.22,0.));
#442 = DIRECTION('',(0.,0.,1.));
#443 = DIRECTION('',(1.,0.,-0.));
#444 = ADVANCED_FACE('',(#445),#472,.F.);
#445 = FACE_BOUND('',#446,.F.);
#446 = EDGE_LOOP('',(#447,#457,#464,#465));
#447 = ORIENTED_EDGE('',*,*,#448,.T.);
#448 = EDGE_CURVE('',#449,#451,#453,.T.);
#449 = VERTEX_POINT('',#450);
#450 = CARTESIAN_POINT('',(323.0455,-69.22,0.));
#451 = VERTEX_POINT('',#452);
#452 = CARTESIAN_POINT('',(323.0455,-69.22,-1.6));
#453 = LINE('',#454,#455);
#454 = CARTESIAN_POINT('',(323.0455,-69.22,0.));
#455 = VECTOR('',#456,1.);
#456 = DIRECTION('',(0.,0.,-1.));
#457 = ORIENTED_EDGE('',*,*,#458,.T.);
#458 = EDGE_CURVE('',#451,#451,#459,.T.);
#459 = CIRCLE('',#460,0.3555);
#460 = AXIS2_PLACEMENT_3D('',#461,#462,#463);
#461 = CARTESIAN_POINT('',(322.69,-69.22,-1.6));
#462 = DIRECTION('',(0.,0.,1.));
#463 = DIRECTION('',(1.,0.,-0.));
#464 = ORIENTED_EDGE('',*,*,#448,.F.);
#465 = ORIENTED_EDGE('',*,*,#466,.F.);
#466 = EDGE_CURVE('',#449,#449,#467,.T.);
#467 = CIRCLE('',#468,0.3555);
#468 = AXIS2_PLACEMENT_3D('',#469,#470,#471);
#469 = CARTESIAN_POINT('',(322.69,-69.22,0.));
#470 = DIRECTION('',(0.,0.,1.));
#471 = DIRECTION('',(1.,0.,-0.));
#472 = CYLINDRICAL_SURFACE('',#473,0.3555);
#473 = AXIS2_PLACEMENT_3D('',#474,#475,#476);
#474 = CARTESIAN_POINT('',(322.69,-69.22,0.));
#475 = DIRECTION('',(0.,0.,1.));
#476 = DIRECTION('',(1.,0.,-0.));
#477 = ADVANCED_FACE('',(#478),#505,.F.);
#478 = FACE_BOUND('',#479,.F.);
#479 = EDGE_LOOP('',(#480,#490,#497,#498));
#480 = ORIENTED_EDGE('',*,*,#481,.T.);
#481 = EDGE_CURVE('',#482,#484,#486,.T.);
#482 = VERTEX_POINT('',#483);
#483 = CARTESIAN_POINT('',(320.5055,-69.22,0.));
#484 = VERTEX_POINT('',#485);
#485 = CARTESIAN_POINT('',(320.5055,-69.22,-1.6));
#486 = LINE('',#487,#488);
#487 = CARTESIAN_POINT('',(320.5055,-69.22,0.));
#488 = VECTOR('',#489,1.);
#489 = DIRECTION('',(0.,0.,-1.));
#490 = ORIENTED_EDGE('',*,*,#491,.T.);
#491 = EDGE_CURVE('',#484,#484,#492,.T.);
#492 = CIRCLE('',#493,0.3555);
#493 = AXIS2_PLACEMENT_3D('',#494,#495,#496);
#494 = CARTESIAN_POINT('',(320.15,-69.22,-1.6));
#495 = DIRECTION('',(0.,0.,1.));
#496 = DIRECTION('',(1.,0.,-0.));
#497 = ORIENTED_EDGE('',*,*,#481,.F.);
#498 = ORIENTED_EDGE('',*,*,#499,.F.);
#499 = EDGE_CURVE('',#482,#482,#500,.T.);
#500 = CIRCLE('',#501,0.3555);
#501 = AXIS2_PLACEMENT_3D('',#502,#503,#504);
#502 = CARTESIAN_POINT('',(320.15,-69.22,0.));
#503 = DIRECTION('',(0.,0.,1.));
#504 = DIRECTION('',(1.,0.,-0.));
#505 = CYLINDRICAL_SURFACE('',#506,0.3555);
#506 = AXIS2_PLACEMENT_3D('',#507,#508,#509);
#507 = CARTESIAN_POINT('',(320.15,-69.22,0.));
#508 = DIRECTION('',(0.,0.,1.));
#509 = DIRECTION('',(1.,0.,-0.));
#510 = ADVANCED_FACE('',(#511),#538,.F.);
#511 = FACE_BOUND('',#512,.F.);
#512 = EDGE_LOOP('',(#513,#523,#530,#531));
#513 = ORIENTED_EDGE('',*,*,#514,.T.);
#514 = EDGE_CURVE('',#515,#517,#519,.T.);
#515 = VERTEX_POINT('',#516);
#516 = CARTESIAN_POINT('',(317.9655,-69.22,0.));
#517 = VERTEX_POINT('',#518);
#518 = CARTESIAN_POINT('',(317.9655,-69.22,-1.6));
#519 = LINE('',#520,#521);
#520 = CARTESIAN_POINT('',(317.9655,-69.22,0.));
#521 = VECTOR('',#522,1.);
#522 = DIRECTION('',(0.,0.,-1.));
#523 = ORIENTED_EDGE('',*,*,#524,.T.);
#524 = EDGE_CURVE('',#517,#517,#525,.T.);
#525 = CIRCLE('',#526,0.3555);
#526 = AXIS2_PLACEMENT_3D('',#527,#528,#529);
#527 = CARTESIAN_POINT('',(317.61,-69.22,-1.6));
#528 = DIRECTION('',(0.,0.,1.));
#529 = DIRECTION('',(1.,0.,-0.));
#530 = ORIENTED_EDGE('',*,*,#514,.F.);
#531 = ORIENTED_EDGE('',*,*,#532,.F.);
#532 = EDGE_CURVE('',#515,#515,#533,.T.);
#533 = CIRCLE('',#534,0.3555);
#534 = AXIS2_PLACEMENT_3D('',#535,#536,#537);
#535 = CARTESIAN_POINT('',(317.61,-69.22,0.));
#536 = DIRECTION('',(0.,0.,1.));
#537 = DIRECTION('',(1.,0.,-0.));
#538 = CYLINDRICAL_SURFACE('',#539,0.3555);
#539 = AXIS2_PLACEMENT_3D('',#540,#541,#542);
#540 = CARTESIAN_POINT('',(317.61,-69.22,0.));
#541 = DIRECTION('',(0.,0.,1.));
#542 = DIRECTION('',(1.,0.,-0.));
#543 = ADVANCED_FACE('',(#544),#571,.F.);
#544 = FACE_BOUND('',#545,.F.);
#545 = EDGE_LOOP('',(#546,#556,#563,#564));
#546 = ORIENTED_EDGE('',*,*,#547,.T.);
#547 = EDGE_CURVE('',#548,#550,#552,.T.);
#548 = VERTEX_POINT('',#549);
#549 = CARTESIAN_POINT('',(315.4255,-69.22,0.));
#550 = VERTEX_POINT('',#551);
#551 = CARTESIAN_POINT('',(315.4255,-69.22,-1.6));
#552 = LINE('',#553,#554);
#553 = CARTESIAN_POINT('',(315.4255,-69.22,0.));
#554 = VECTOR('',#555,1.);
#555 = DIRECTION('',(0.,0.,-1.));
#556 = ORIENTED_EDGE('',*,*,#557,.T.);
#557 = EDGE_CURVE('',#550,#550,#558,.T.);
#558 = CIRCLE('',#559,0.3555);
#559 = AXIS2_PLACEMENT_3D('',#560,#561,#562);
#560 = CARTESIAN_POINT('',(315.07,-69.22,-1.6));
#561 = DIRECTION('',(0.,0.,1.));
#562 = DIRECTION('',(1.,0.,-0.));
#563 = ORIENTED_EDGE('',*,*,#547,.F.);
#564 = ORIENTED_EDGE('',*,*,#565,.F.);
#565 = EDGE_CURVE('',#548,#548,#566,.T.);
#566 = CIRCLE('',#567,0.3555);
#567 = AXIS2_PLACEMENT_3D('',#568,#569,#570);
#568 = CARTESIAN_POINT('',(315.07,-69.22,0.));
#569 = DIRECTION('',(0.,0.,1.));
#570 = DIRECTION('',(1.,0.,-0.));
#571 = CYLINDRICAL_SURFACE('',#572,0.3555);
#572 = AXIS2_PLACEMENT_3D('',#573,#574,#575);
#573 = CARTESIAN_POINT('',(315.07,-69.22,0.));
#574 = DIRECTION('',(0.,0.,1.));
#575 = DIRECTION('',(1.,0.,-0.));
#576 = ADVANCED_FACE('',(#577),#604,.F.);
#577 = FACE_BOUND('',#578,.F.);
#578 = EDGE_LOOP('',(#579,#589,#596,#597));
#579 = ORIENTED_EDGE('',*,*,#580,.T.);
#580 = EDGE_CURVE('',#581,#583,#585,.T.);
#581 = VERTEX_POINT('',#582);
#582 = CARTESIAN_POINT('',(312.8855,-69.22,0.));
#583 = VERTEX_POINT('',#584);
#584 = CARTESIAN_POINT('',(312.8855,-69.22,-1.6));
#585 = LINE('',#586,#587);
#586 = CARTESIAN_POINT('',(312.8855,-69.22,0.));
#587 = VECTOR('',#588,1.);
#588 = DIRECTION('',(0.,0.,-1.));
#589 = ORIENTED_EDGE('',*,*,#590,.T.);
#590 = EDGE_CURVE('',#583,#583,#591,.T.);
#591 = CIRCLE('',#592,0.3555);
#592 = AXIS2_PLACEMENT_3D('',#593,#594,#595);
#593 = CARTESIAN_POINT('',(312.53,-69.22,-1.6));
#594 = DIRECTION('',(0.,0.,1.));
#595 = DIRECTION('',(1.,0.,-0.));
#596 = ORIENTED_EDGE('',*,*,#580,.F.);
#597 = ORIENTED_EDGE('',*,*,#598,.F.);
#598 = EDGE_CURVE('',#581,#581,#599,.T.);
#599 = CIRCLE('',#600,0.3555);
#600 = AXIS2_PLACEMENT_3D('',#601,#602,#603);
#601 = CARTESIAN_POINT('',(312.53,-69.22,0.));
#602 = DIRECTION('',(0.,0.,1.));
#603 = DIRECTION('',(1.,0.,-0.));
#604 = CYLINDRICAL_SURFACE('',#605,0.3555);
#605 = AXIS2_PLACEMENT_3D('',#606,#607,#608);
#606 = CARTESIAN_POINT('',(312.53,-69.22,0.));
#607 = DIRECTION('',(0.,0.,1.));
#608 = DIRECTION('',(1.,0.,-0.));
#609 = ADVANCED_FACE('',(#610),#637,.F.);
#610 = FACE_BOUND('',#611,.F.);
#611 = EDGE_LOOP('',(#612,#622,#629,#630));
#612 = ORIENTED_EDGE('',*,*,#613,.T.);
#613 = EDGE_CURVE('',#614,#616,#618,.T.);
#614 = VERTEX_POINT('',#615);
#615 = CARTESIAN_POINT('',(346.87,-67.95,0.));
#616 = VERTEX_POINT('',#617);
#617 = CARTESIAN_POINT('',(346.87,-67.95,-1.6));
#618 = LINE('',#619,#620);
#619 = CARTESIAN_POINT('',(346.87,-67.95,0.));
#620 = VECTOR('',#621,1.);
#621 = DIRECTION('',(0.,0.,-1.));
#622 = ORIENTED_EDGE('',*,*,#623,.T.);
#623 = EDGE_CURVE('',#616,#616,#624,.T.);
#624 = CIRCLE('',#625,1.32);
#625 = AXIS2_PLACEMENT_3D('',#626,#627,#628);
#626 = CARTESIAN_POINT('',(345.55,-67.95,-1.6));
#627 = DIRECTION('',(0.,0.,1.));
#628 = DIRECTION('',(1.,0.,-0.));
#629 = ORIENTED_EDGE('',*,*,#613,.F.);
#630 = ORIENTED_EDGE('',*,*,#631,.F.);
#631 = EDGE_CURVE('',#614,#614,#632,.T.);
#632 = CIRCLE('',#633,1.32);
#633 = AXIS2_PLACEMENT_3D('',#634,#635,#636);
#634 = CARTESIAN_POINT('',(345.55,-67.95,0.));
#635 = DIRECTION('',(0.,0.,1.));
#636 = DIRECTION('',(1.,0.,-0.));
#637 = CYLINDRICAL_SURFACE('',#638,1.32);
#638 = AXIS2_PLACEMENT_3D('',#639,#640,#641);
#639 = CARTESIAN_POINT('',(345.55,-67.95,0.));
#640 = DIRECTION('',(0.,0.,1.));
#641 = DIRECTION('',(1.,0.,-0.));
#642 = ADVANCED_FACE('',(#643),#670,.F.);
#643 = FACE_BOUND('',#644,.F.);
#644 = EDGE_LOOP('',(#645,#655,#662,#663));
#645 = ORIENTED_EDGE('',*,*,#646,.T.);
#646 = EDGE_CURVE('',#647,#649,#651,.T.);
#647 = VERTEX_POINT('',#648);
#648 = CARTESIAN_POINT('',(308.77,-67.95,0.));
#649 = VERTEX_POINT('',#650);
#650 = CARTESIAN_POINT('',(308.77,-67.95,-1.6));
#651 = LINE('',#652,#653);
#652 = CARTESIAN_POINT('',(308.77,-67.95,0.));
#653 = VECTOR('',#654,1.);
#654 = DIRECTION('',(0.,0.,-1.));
#655 = ORIENTED_EDGE('',*,*,#656,.T.);
#656 = EDGE_CURVE('',#649,#649,#657,.T.);
#657 = CIRCLE('',#658,1.32);
#658 = AXIS2_PLACEMENT_3D('',#659,#660,#661);
#659 = CARTESIAN_POINT('',(307.45,-67.95,-1.6));
#660 = DIRECTION('',(0.,0.,1.));
#661 = DIRECTION('',(1.,0.,-0.));
#662 = ORIENTED_EDGE('',*,*,#646,.F.);
#663 = ORIENTED_EDGE('',*,*,#664,.F.);
#664 = EDGE_CURVE('',#647,#647,#665,.T.);
#665 = CIRCLE('',#666,1.32);
#666 = AXIS2_PLACEMENT_3D('',#667,#668,#669);
#667 = CARTESIAN_POINT('',(307.45,-67.95,0.));
#668 = DIRECTION('',(0.,0.,1.));
#669 = DIRECTION('',(1.,0.,-0.));
#670 = CYLINDRICAL_SURFACE('',#671,1.32);
#671 = AXIS2_PLACEMENT_3D('',#672,#673,#674);
#672 = CARTESIAN_POINT('',(307.45,-67.95,0.));
#673 = DIRECTION('',(0.,0.,1.));
#674 = DIRECTION('',(1.,0.,-0.));
#675 = ADVANCED_FACE('',(#676),#703,.F.);
#676 = FACE_BOUND('',#677,.F.);
#677 = EDGE_LOOP('',(#678,#688,#695,#696));
#678 = ORIENTED_EDGE('',*,*,#679,.T.);
#679 = EDGE_CURVE('',#680,#682,#684,.T.);
#680 = VERTEX_POINT('',#681);
#681 = CARTESIAN_POINT('',(342.0955,-66.68,0.));
#682 = VERTEX_POINT('',#683);
#683 = CARTESIAN_POINT('',(342.0955,-66.68,-1.6));
#684 = LINE('',#685,#686);
#685 = CARTESIAN_POINT('',(342.0955,-66.68,0.));
#686 = VECTOR('',#687,1.);
#687 = DIRECTION('',(0.,0.,-1.));
#688 = ORIENTED_EDGE('',*,*,#689,.T.);
#689 = EDGE_CURVE('',#682,#682,#690,.T.);
#690 = CIRCLE('',#691,0.3555);
#691 = AXIS2_PLACEMENT_3D('',#692,#693,#694);
#692 = CARTESIAN_POINT('',(341.74,-66.68,-1.6));
#693 = DIRECTION('',(0.,0.,1.));
#694 = DIRECTION('',(1.,0.,-0.));
#695 = ORIENTED_EDGE('',*,*,#679,.F.);
#696 = ORIENTED_EDGE('',*,*,#697,.F.);
#697 = EDGE_CURVE('',#680,#680,#698,.T.);
#698 = CIRCLE('',#699,0.3555);
#699 = AXIS2_PLACEMENT_3D('',#700,#701,#702);
#700 = CARTESIAN_POINT('',(341.74,-66.68,0.));
#701 = DIRECTION('',(0.,0.,1.));
#702 = DIRECTION('',(1.,0.,-0.));
#703 = CYLINDRICAL_SURFACE('',#704,0.3555);
#704 = AXIS2_PLACEMENT_3D('',#705,#706,#707);
#705 = CARTESIAN_POINT('',(341.74,-66.68,0.));
#706 = DIRECTION('',(0.,0.,1.));
#707 = DIRECTION('',(1.,0.,-0.));
#708 = ADVANCED_FACE('',(#709),#736,.F.);
#709 = FACE_BOUND('',#710,.F.);
#710 = EDGE_LOOP('',(#711,#721,#728,#729));
#711 = ORIENTED_EDGE('',*,*,#712,.T.);
#712 = EDGE_CURVE('',#713,#715,#717,.T.);
#713 = VERTEX_POINT('',#714);
#714 = CARTESIAN_POINT('',(339.5555,-66.68,0.));
#715 = VERTEX_POINT('',#716);
#716 = CARTESIAN_POINT('',(339.5555,-66.68,-1.6));
#717 = LINE('',#718,#719);
#718 = CARTESIAN_POINT('',(339.5555,-66.68,0.));
#719 = VECTOR('',#720,1.);
#720 = DIRECTION('',(0.,0.,-1.));
#721 = ORIENTED_EDGE('',*,*,#722,.T.);
#722 = EDGE_CURVE('',#715,#715,#723,.T.);
#723 = CIRCLE('',#724,0.3555);
#724 = AXIS2_PLACEMENT_3D('',#725,#726,#727);
#725 = CARTESIAN_POINT('',(339.2,-66.68,-1.6));
#726 = DIRECTION('',(0.,0.,1.));
#727 = DIRECTION('',(1.,0.,-0.));
#728 = ORIENTED_EDGE('',*,*,#712,.F.);
#729 = ORIENTED_EDGE('',*,*,#730,.F.);
#730 = EDGE_CURVE('',#713,#713,#731,.T.);
#731 = CIRCLE('',#732,0.3555);
#732 = AXIS2_PLACEMENT_3D('',#733,#734,#735);
#733 = CARTESIAN_POINT('',(339.2,-66.68,0.));
#734 = DIRECTION('',(0.,0.,1.));
#735 = DIRECTION('',(1.,0.,-0.));
#736 = CYLINDRICAL_SURFACE('',#737,0.3555);
#737 = AXIS2_PLACEMENT_3D('',#738,#739,#740);
#738 = CARTESIAN_POINT('',(339.2,-66.68,0.));
#739 = DIRECTION('',(0.,0.,1.));
#740 = DIRECTION('',(1.,0.,-0.));
#741 = ADVANCED_FACE('',(#742),#769,.F.);
#742 = FACE_BOUND('',#743,.F.);
#743 = EDGE_LOOP('',(#744,#754,#761,#762));
#744 = ORIENTED_EDGE('',*,*,#745,.T.);
#745 = EDGE_CURVE('',#746,#748,#750,.T.);
#746 = VERTEX_POINT('',#747);
#747 = CARTESIAN_POINT('',(337.0155,-66.68,0.));
#748 = VERTEX_POINT('',#749);
#749 = CARTESIAN_POINT('',(337.0155,-66.68,-1.6));
#750 = LINE('',#751,#752);
#751 = CARTESIAN_POINT('',(337.0155,-66.68,0.));
#752 = VECTOR('',#753,1.);
#753 = DIRECTION('',(0.,0.,-1.));
#754 = ORIENTED_EDGE('',*,*,#755,.T.);
#755 = EDGE_CURVE('',#748,#748,#756,.T.);
#756 = CIRCLE('',#757,0.3555);
#757 = AXIS2_PLACEMENT_3D('',#758,#759,#760);
#758 = CARTESIAN_POINT('',(336.66,-66.68,-1.6));
#759 = DIRECTION('',(0.,0.,1.));
#760 = DIRECTION('',(1.,0.,-0.));
#761 = ORIENTED_EDGE('',*,*,#745,.F.);
#762 = ORIENTED_EDGE('',*,*,#763,.F.);
#763 = EDGE_CURVE('',#746,#746,#764,.T.);
#764 = CIRCLE('',#765,0.3555);
#765 = AXIS2_PLACEMENT_3D('',#766,#767,#768);
#766 = CARTESIAN_POINT('',(336.66,-66.68,0.));
#767 = DIRECTION('',(0.,0.,1.));
#768 = DIRECTION('',(1.,0.,-0.));
#769 = CYLINDRICAL_SURFACE('',#770,0.3555);
#770 = AXIS2_PLACEMENT_3D('',#771,#772,#773);
#771 = CARTESIAN_POINT('',(336.66,-66.68,0.));
#772 = DIRECTION('',(0.,0.,1.));
#773 = DIRECTION('',(1.,0.,-0.));
#774 = ADVANCED_FACE('',(#775),#802,.F.);
#775 = FACE_BOUND('',#776,.F.);
#776 = EDGE_LOOP('',(#777,#787,#794,#795));
#777 = ORIENTED_EDGE('',*,*,#778,.T.);
#778 = EDGE_CURVE('',#779,#781,#783,.T.);
#779 = VERTEX_POINT('',#780);
#780 = CARTESIAN_POINT('',(334.4755,-66.68,0.));
#781 = VERTEX_POINT('',#782);
#782 = CARTESIAN_POINT('',(334.4755,-66.68,-1.6));
#783 = LINE('',#784,#785);
#784 = CARTESIAN_POINT('',(334.4755,-66.68,0.));
#785 = VECTOR('',#786,1.);
#786 = DIRECTION('',(0.,0.,-1.));
#787 = ORIENTED_EDGE('',*,*,#788,.T.);
#788 = EDGE_CURVE('',#781,#781,#789,.T.);
#789 = CIRCLE('',#790,0.3555);
#790 = AXIS2_PLACEMENT_3D('',#791,#792,#793);
#791 = CARTESIAN_POINT('',(334.12,-66.68,-1.6));
#792 = DIRECTION('',(0.,0.,1.));
#793 = DIRECTION('',(1.,0.,-0.));
#794 = ORIENTED_EDGE('',*,*,#778,.F.);
#795 = ORIENTED_EDGE('',*,*,#796,.F.);
#796 = EDGE_CURVE('',#779,#779,#797,.T.);
#797 = CIRCLE('',#798,0.3555);
#798 = AXIS2_PLACEMENT_3D('',#799,#800,#801);
#799 = CARTESIAN_POINT('',(334.12,-66.68,0.));
#800 = DIRECTION('',(0.,0.,1.));
#801 = DIRECTION('',(1.,0.,-0.));
#802 = CYLINDRICAL_SURFACE('',#803,0.3555);
#803 = AXIS2_PLACEMENT_3D('',#804,#805,#806);
#804 = CARTESIAN_POINT('',(334.12,-66.68,0.));
#805 = DIRECTION('',(0.,0.,1.));
#806 = DIRECTION('',(1.,0.,-0.));
#807 = ADVANCED_FACE('',(#808),#835,.F.);
#808 = FACE_BOUND('',#809,.F.);
#809 = EDGE_LOOP('',(#810,#820,#827,#828));
#810 = ORIENTED_EDGE('',*,*,#811,.T.);
#811 = EDGE_CURVE('',#812,#814,#816,.T.);
#812 = VERTEX_POINT('',#813);
#813 = CARTESIAN_POINT('',(331.9355,-66.68,0.));
#814 = VERTEX_POINT('',#815);
#815 = CARTESIAN_POINT('',(331.9355,-66.68,-1.6));
#816 = LINE('',#817,#818);
#817 = CARTESIAN_POINT('',(331.9355,-66.68,0.));
#818 = VECTOR('',#819,1.);
#819 = DIRECTION('',(0.,0.,-1.));
#820 = ORIENTED_EDGE('',*,*,#821,.T.);
#821 = EDGE_CURVE('',#814,#814,#822,.T.);
#822 = CIRCLE('',#823,0.3555);
#823 = AXIS2_PLACEMENT_3D('',#824,#825,#826);
#824 = CARTESIAN_POINT('',(331.58,-66.68,-1.6));
#825 = DIRECTION('',(0.,0.,1.));
#826 = DIRECTION('',(1.,0.,-0.));
#827 = ORIENTED_EDGE('',*,*,#811,.F.);
#828 = ORIENTED_EDGE('',*,*,#829,.F.);
#829 = EDGE_CURVE('',#812,#812,#830,.T.);
#830 = CIRCLE('',#831,0.3555);
#831 = AXIS2_PLACEMENT_3D('',#832,#833,#834);
#832 = CARTESIAN_POINT('',(331.58,-66.68,0.));
#833 = DIRECTION('',(0.,0.,1.));
#834 = DIRECTION('',(1.,0.,-0.));
#835 = CYLINDRICAL_SURFACE('',#836,0.3555);
#836 = AXIS2_PLACEMENT_3D('',#837,#838,#839);
#837 = CARTESIAN_POINT('',(331.58,-66.68,0.));
#838 = DIRECTION('',(0.,0.,1.));
#839 = DIRECTION('',(1.,0.,-0.));
#840 = ADVANCED_FACE('',(#841),#868,.F.);
#841 = FACE_BOUND('',#842,.F.);
#842 = EDGE_LOOP('',(#843,#853,#860,#861));
#843 = ORIENTED_EDGE('',*,*,#844,.T.);
#844 = EDGE_CURVE('',#845,#847,#849,.T.);
#845 = VERTEX_POINT('',#846);
#846 = CARTESIAN_POINT('',(329.3955,-66.68,0.));
#847 = VERTEX_POINT('',#848);
#848 = CARTESIAN_POINT('',(329.3955,-66.68,-1.6));
#849 = LINE('',#850,#851);
#850 = CARTESIAN_POINT('',(329.3955,-66.68,0.));
#851 = VECTOR('',#852,1.);
#852 = DIRECTION('',(0.,0.,-1.));
#853 = ORIENTED_EDGE('',*,*,#854,.T.);
#854 = EDGE_CURVE('',#847,#847,#855,.T.);
#855 = CIRCLE('',#856,0.3555);
#856 = AXIS2_PLACEMENT_3D('',#857,#858,#859);
#857 = CARTESIAN_POINT('',(329.04,-66.68,-1.6));
#858 = DIRECTION('',(0.,0.,1.));
#859 = DIRECTION('',(1.,0.,-0.));
#860 = ORIENTED_EDGE('',*,*,#844,.F.);
#861 = ORIENTED_EDGE('',*,*,#862,.F.);
#862 = EDGE_CURVE('',#845,#845,#863,.T.);
#863 = CIRCLE('',#864,0.3555);
#864 = AXIS2_PLACEMENT_3D('',#865,#866,#867);
#865 = CARTESIAN_POINT('',(329.04,-66.68,0.));
#866 = DIRECTION('',(0.,0.,1.));
#867 = DIRECTION('',(1.,0.,-0.));
#868 = CYLINDRICAL_SURFACE('',#869,0.3555);
#869 = AXIS2_PLACEMENT_3D('',#870,#871,#872);
#870 = CARTESIAN_POINT('',(329.04,-66.68,0.));
#871 = DIRECTION('',(0.,0.,1.));
#872 = DIRECTION('',(1.,0.,-0.));
#873 = ADVANCED_FACE('',(#874),#901,.F.);
#874 = FACE_BOUND('',#875,.F.);
#875 = EDGE_LOOP('',(#876,#886,#893,#894));
#876 = ORIENTED_EDGE('',*,*,#877,.T.);
#877 = EDGE_CURVE('',#878,#880,#882,.T.);
#878 = VERTEX_POINT('',#879);
#879 = CARTESIAN_POINT('',(326.8555,-66.68,0.));
#880 = VERTEX_POINT('',#881);
#881 = CARTESIAN_POINT('',(326.8555,-66.68,-1.6));
#882 = LINE('',#883,#884);
#883 = CARTESIAN_POINT('',(326.8555,-66.68,0.));
#884 = VECTOR('',#885,1.);
#885 = DIRECTION('',(0.,0.,-1.));
#886 = ORIENTED_EDGE('',*,*,#887,.T.);
#887 = EDGE_CURVE('',#880,#880,#888,.T.);
#888 = CIRCLE('',#889,0.3555);
#889 = AXIS2_PLACEMENT_3D('',#890,#891,#892);
#890 = CARTESIAN_POINT('',(326.5,-66.68,-1.6));
#891 = DIRECTION('',(0.,0.,1.));
#892 = DIRECTION('',(1.,0.,-0.));
#893 = ORIENTED_EDGE('',*,*,#877,.F.);
#894 = ORIENTED_EDGE('',*,*,#895,.F.);
#895 = EDGE_CURVE('',#878,#878,#896,.T.);
#896 = CIRCLE('',#897,0.3555);
#897 = AXIS2_PLACEMENT_3D('',#898,#899,#900);
#898 = CARTESIAN_POINT('',(326.5,-66.68,0.));
#899 = DIRECTION('',(0.,0.,1.));
#900 = DIRECTION('',(1.,0.,-0.));
#901 = CYLINDRICAL_SURFACE('',#902,0.3555);
#902 = AXIS2_PLACEMENT_3D('',#903,#904,#905);
#903 = CARTESIAN_POINT('',(326.5,-66.68,0.));
#904 = DIRECTION('',(0.,0.,1.));
#905 = DIRECTION('',(1.,0.,-0.));
#906 = ADVANCED_FACE('',(#907),#934,.F.);
#907 = FACE_BOUND('',#908,.F.);
#908 = EDGE_LOOP('',(#909,#919,#926,#927));
#909 = ORIENTED_EDGE('',*,*,#910,.T.);
#910 = EDGE_CURVE('',#911,#913,#915,.T.);
#911 = VERTEX_POINT('',#912);
#912 = CARTESIAN_POINT('',(324.3155,-66.68,0.));
#913 = VERTEX_POINT('',#914);
#914 = CARTESIAN_POINT('',(324.3155,-66.68,-1.6));
#915 = LINE('',#916,#917);
#916 = CARTESIAN_POINT('',(324.3155,-66.68,0.));
#917 = VECTOR('',#918,1.);
#918 = DIRECTION('',(0.,0.,-1.));
#919 = ORIENTED_EDGE('',*,*,#920,.T.);
#920 = EDGE_CURVE('',#913,#913,#921,.T.);
#921 = CIRCLE('',#922,0.3555);
#922 = AXIS2_PLACEMENT_3D('',#923,#924,#925);
#923 = CARTESIAN_POINT('',(323.96,-66.68,-1.6));
#924 = DIRECTION('',(0.,0.,1.));
#925 = DIRECTION('',(1.,0.,-0.));
#926 = ORIENTED_EDGE('',*,*,#910,.F.);
#927 = ORIENTED_EDGE('',*,*,#928,.F.);
#928 = EDGE_CURVE('',#911,#911,#929,.T.);
#929 = CIRCLE('',#930,0.3555);
#930 = AXIS2_PLACEMENT_3D('',#931,#932,#933);
#931 = CARTESIAN_POINT('',(323.96,-66.68,0.));
#932 = DIRECTION('',(0.,0.,1.));
#933 = DIRECTION('',(1.,0.,-0.));
#934 = CYLINDRICAL_SURFACE('',#935,0.3555);
#935 = AXIS2_PLACEMENT_3D('',#936,#937,#938);
#936 = CARTESIAN_POINT('',(323.96,-66.68,0.));
#937 = DIRECTION('',(0.,0.,1.));
#938 = DIRECTION('',(1.,0.,-0.));
#939 = ADVANCED_FACE('',(#940),#967,.F.);
#940 = FACE_BOUND('',#941,.F.);
#941 = EDGE_LOOP('',(#942,#952,#959,#960));
#942 = ORIENTED_EDGE('',*,*,#943,.T.);
#943 = EDGE_CURVE('',#944,#946,#948,.T.);
#944 = VERTEX_POINT('',#945);
#945 = CARTESIAN_POINT('',(321.7755,-66.68,0.));
#946 = VERTEX_POINT('',#947);
#947 = CARTESIAN_POINT('',(321.7755,-66.68,-1.6));
#948 = LINE('',#949,#950);
#949 = CARTESIAN_POINT('',(321.7755,-66.68,0.));
#950 = VECTOR('',#951,1.);
#951 = DIRECTION('',(0.,0.,-1.));
#952 = ORIENTED_EDGE('',*,*,#953,.T.);
#953 = EDGE_CURVE('',#946,#946,#954,.T.);
#954 = CIRCLE('',#955,0.3555);
#955 = AXIS2_PLACEMENT_3D('',#956,#957,#958);
#956 = CARTESIAN_POINT('',(321.42,-66.68,-1.6));
#957 = DIRECTION('',(0.,0.,1.));
#958 = DIRECTION('',(1.,0.,-0.));
#959 = ORIENTED_EDGE('',*,*,#943,.F.);
#960 = ORIENTED_EDGE('',*,*,#961,.F.);
#961 = EDGE_CURVE('',#944,#944,#962,.T.);
#962 = CIRCLE('',#963,0.3555);
#963 = AXIS2_PLACEMENT_3D('',#964,#965,#966);
#964 = CARTESIAN_POINT('',(321.42,-66.68,0.));
#965 = DIRECTION('',(0.,0.,1.));
#966 = DIRECTION('',(1.,0.,-0.));
#967 = CYLINDRICAL_SURFACE('',#968,0.3555);
#968 = AXIS2_PLACEMENT_3D('',#969,#970,#971);
#969 = CARTESIAN_POINT('',(321.42,-66.68,0.));
#970 = DIRECTION('',(0.,0.,1.));
#971 = DIRECTION('',(1.,0.,-0.));
#972 = ADVANCED_FACE('',(#973),#1000,.F.);
#973 = FACE_BOUND('',#974,.F.);
#974 = EDGE_LOOP('',(#975,#985,#992,#993));
#975 = ORIENTED_EDGE('',*,*,#976,.T.);
#976 = EDGE_CURVE('',#977,#979,#981,.T.);
#977 = VERTEX_POINT('',#978);
#978 = CARTESIAN_POINT('',(319.2355,-66.68,0.));
#979 = VERTEX_POINT('',#980);
#980 = CARTESIAN_POINT('',(319.2355,-66.68,-1.6));
#981 = LINE('',#982,#983);
#982 = CARTESIAN_POINT('',(319.2355,-66.68,0.));
#983 = VECTOR('',#984,1.);
#984 = DIRECTION('',(0.,0.,-1.));
#985 = ORIENTED_EDGE('',*,*,#986,.T.);
#986 = EDGE_CURVE('',#979,#979,#987,.T.);
#987 = CIRCLE('',#988,0.3555);
#988 = AXIS2_PLACEMENT_3D('',#989,#990,#991);
#989 = CARTESIAN_POINT('',(318.88,-66.68,-1.6));
#990 = DIRECTION('',(0.,0.,1.));
#991 = DIRECTION('',(1.,0.,-0.));
#992 = ORIENTED_EDGE('',*,*,#976,.F.);
#993 = ORIENTED_EDGE('',*,*,#994,.F.);
#994 = EDGE_CURVE('',#977,#977,#995,.T.);
#995 = CIRCLE('',#996,0.3555);
#996 = AXIS2_PLACEMENT_3D('',#997,#998,#999);
#997 = CARTESIAN_POINT('',(318.88,-66.68,0.));
#998 = DIRECTION('',(0.,0.,1.));
#999 = DIRECTION('',(1.,0.,-0.));
#1000 = CYLINDRICAL_SURFACE('',#1001,0.3555);
#1001 = AXIS2_PLACEMENT_3D('',#1002,#1003,#1004);
#1002 = CARTESIAN_POINT('',(318.88,-66.68,0.));
#1003 = DIRECTION('',(0.,0.,1.));
#1004 = DIRECTION('',(1.,0.,-0.));
#1005 = ADVANCED_FACE('',(#1006),#1033,.F.);
#1006 = FACE_BOUND('',#1007,.F.);
#1007 = EDGE_LOOP('',(#1008,#1018,#1025,#1026));
#1008 = ORIENTED_EDGE('',*,*,#1009,.T.);
#1009 = EDGE_CURVE('',#1010,#1012,#1014,.T.);
#1010 = VERTEX_POINT('',#1011);
#1011 = CARTESIAN_POINT('',(316.6955,-66.68,0.));
#1012 = VERTEX_POINT('',#1013);
#1013 = CARTESIAN_POINT('',(316.6955,-66.68,-1.6));
#1014 = LINE('',#1015,#1016);
#1015 = CARTESIAN_POINT('',(316.6955,-66.68,0.));
#1016 = VECTOR('',#1017,1.);
#1017 = DIRECTION('',(0.,0.,-1.));
#1018 = ORIENTED_EDGE('',*,*,#1019,.T.);
#1019 = EDGE_CURVE('',#1012,#1012,#1020,.T.);
#1020 = CIRCLE('',#1021,0.3555);
#1021 = AXIS2_PLACEMENT_3D('',#1022,#1023,#1024);
#1022 = CARTESIAN_POINT('',(316.34,-66.68,-1.6));
#1023 = DIRECTION('',(0.,0.,1.));
#1024 = DIRECTION('',(1.,0.,-0.));
#1025 = ORIENTED_EDGE('',*,*,#1009,.F.);
#1026 = ORIENTED_EDGE('',*,*,#1027,.F.);
#1027 = EDGE_CURVE('',#1010,#1010,#1028,.T.);
#1028 = CIRCLE('',#1029,0.3555);
#1029 = AXIS2_PLACEMENT_3D('',#1030,#1031,#1032);
#1030 = CARTESIAN_POINT('',(316.34,-66.68,0.));
#1031 = DIRECTION('',(0.,0.,1.));
#1032 = DIRECTION('',(1.,0.,-0.));
#1033 = CYLINDRICAL_SURFACE('',#1034,0.3555);
#1034 = AXIS2_PLACEMENT_3D('',#1035,#1036,#1037);
#1035 = CARTESIAN_POINT('',(316.34,-66.68,0.));
#1036 = DIRECTION('',(0.,0.,1.));
#1037 = DIRECTION('',(1.,0.,-0.));
#1038 = ADVANCED_FACE('',(#1039),#1066,.F.);
#1039 = FACE_BOUND('',#1040,.F.);
#1040 = EDGE_LOOP('',(#1041,#1051,#1058,#1059));
#1041 = ORIENTED_EDGE('',*,*,#1042,.T.);
#1042 = EDGE_CURVE('',#1043,#1045,#1047,.T.);
#1043 = VERTEX_POINT('',#1044);
#1044 = CARTESIAN_POINT('',(314.1555,-66.68,0.));
#1045 = VERTEX_POINT('',#1046);
#1046 = CARTESIAN_POINT('',(314.1555,-66.68,-1.6));
#1047 = LINE('',#1048,#1049);
#1048 = CARTESIAN_POINT('',(314.1555,-66.68,0.));
#1049 = VECTOR('',#1050,1.);
#1050 = DIRECTION('',(0.,0.,-1.));
#1051 = ORIENTED_EDGE('',*,*,#1052,.T.);
#1052 = EDGE_CURVE('',#1045,#1045,#1053,.T.);
#1053 = CIRCLE('',#1054,0.3555);
#1054 = AXIS2_PLACEMENT_3D('',#1055,#1056,#1057);
#1055 = CARTESIAN_POINT('',(313.8,-66.68,-1.6));
#1056 = DIRECTION('',(0.,0.,1.));
#1057 = DIRECTION('',(1.,0.,-0.));
#1058 = ORIENTED_EDGE('',*,*,#1042,.F.);
#1059 = ORIENTED_EDGE('',*,*,#1060,.F.);
#1060 = EDGE_CURVE('',#1043,#1043,#1061,.T.);
#1061 = CIRCLE('',#1062,0.3555);
#1062 = AXIS2_PLACEMENT_3D('',#1063,#1064,#1065);
#1063 = CARTESIAN_POINT('',(313.8,-66.68,0.));
#1064 = DIRECTION('',(0.,0.,1.));
#1065 = DIRECTION('',(1.,0.,-0.));
#1066 = CYLINDRICAL_SURFACE('',#1067,0.3555);
#1067 = AXIS2_PLACEMENT_3D('',#1068,#1069,#1070);
#1068 = CARTESIAN_POINT('',(313.8,-66.68,0.));
#1069 = DIRECTION('',(0.,0.,1.));
#1070 = DIRECTION('',(1.,0.,-0.));
#1071 = ADVANCED_FACE('',(#1072),#1099,.F.);
#1072 = FACE_BOUND('',#1073,.F.);
#1073 = EDGE_LOOP('',(#1074,#1084,#1091,#1092));
#1074 = ORIENTED_EDGE('',*,*,#1075,.T.);
#1075 = EDGE_CURVE('',#1076,#1078,#1080,.T.);
#1076 = VERTEX_POINT('',#1077);
#1077 = CARTESIAN_POINT('',(311.6155,-66.68,0.));
#1078 = VERTEX_POINT('',#1079);
#1079 = CARTESIAN_POINT('',(311.6155,-66.68,-1.6));
#1080 = LINE('',#1081,#1082);
#1081 = CARTESIAN_POINT('',(311.6155,-66.68,0.));
#1082 = VECTOR('',#1083,1.);
#1083 = DIRECTION('',(0.,0.,-1.));
#1084 = ORIENTED_EDGE('',*,*,#1085,.T.);
#1085 = EDGE_CURVE('',#1078,#1078,#1086,.T.);
#1086 = CIRCLE('',#1087,0.3555);
#1087 = AXIS2_PLACEMENT_3D('',#1088,#1089,#1090);
#1088 = CARTESIAN_POINT('',(311.26,-66.68,-1.6));
#1089 = DIRECTION('',(0.,0.,1.));
#1090 = DIRECTION('',(1.,0.,-0.));
#1091 = ORIENTED_EDGE('',*,*,#1075,.F.);
#1092 = ORIENTED_EDGE('',*,*,#1093,.F.);
#1093 = EDGE_CURVE('',#1076,#1076,#1094,.T.);
#1094 = CIRCLE('',#1095,0.3555);
#1095 = AXIS2_PLACEMENT_3D('',#1096,#1097,#1098);
#1096 = CARTESIAN_POINT('',(311.26,-66.68,0.));
#1097 = DIRECTION('',(0.,0.,1.));
#1098 = DIRECTION('',(1.,0.,-0.));
#1099 = CYLINDRICAL_SURFACE('',#1100,0.3555);
#1100 = AXIS2_PLACEMENT_3D('',#1101,#1102,#1103);
#1101 = CARTESIAN_POINT('',(311.26,-66.68,0.));
#1102 = DIRECTION('',(0.,0.,1.));
#1103 = DIRECTION('',(1.,0.,-0.));
#1104 = ADVANCED_FACE('',(#1105),#1132,.F.);
#1105 = FACE_BOUND('',#1106,.F.);
#1106 = EDGE_LOOP('',(#1107,#1117,#1124,#1125));
#1107 = ORIENTED_EDGE('',*,*,#1108,.T.);
#1108 = EDGE_CURVE('',#1109,#1111,#1113,.T.);
#1109 = VERTEX_POINT('',#1110);
#1110 = CARTESIAN_POINT('',(249.125,-68.,0.));
#1111 = VERTEX_POINT('',#1112);
#1112 = CARTESIAN_POINT('',(249.125,-68.,-1.6));
#1113 = LINE('',#1114,#1115);
#1114 = CARTESIAN_POINT('',(249.125,-68.,0.));
#1115 = VECTOR('',#1116,1.);
#1116 = DIRECTION('',(0.,0.,-1.));
#1117 = ORIENTED_EDGE('',*,*,#1118,.T.);
#1118 = EDGE_CURVE('',#1111,#1111,#1119,.T.);
#1119 = CIRCLE('',#1120,1.1);
#1120 = AXIS2_PLACEMENT_3D('',#1121,#1122,#1123);
#1121 = CARTESIAN_POINT('',(248.025,-68.,-1.6));
#1122 = DIRECTION('',(0.,0.,1.));
#1123 = DIRECTION('',(1.,0.,-0.));
#1124 = ORIENTED_EDGE('',*,*,#1108,.F.);
#1125 = ORIENTED_EDGE('',*,*,#1126,.F.);
#1126 = EDGE_CURVE('',#1109,#1109,#1127,.T.);
#1127 = CIRCLE('',#1128,1.1);
#1128 = AXIS2_PLACEMENT_3D('',#1129,#1130,#1131);
#1129 = CARTESIAN_POINT('',(248.025,-68.,0.));
#1130 = DIRECTION('',(0.,0.,1.));
#1131 = DIRECTION('',(1.,0.,-0.));
#1132 = CYLINDRICAL_SURFACE('',#1133,1.1);
#1133 = AXIS2_PLACEMENT_3D('',#1134,#1135,#1136);
#1134 = CARTESIAN_POINT('',(248.025,-68.,0.));
#1135 = DIRECTION('',(0.,0.,1.));
#1136 = DIRECTION('',(1.,0.,-0.));
#1137 = ADVANCED_FACE('',(#1138),#1165,.F.);
#1138 = FACE_BOUND('',#1139,.F.);
#1139 = EDGE_LOOP('',(#1140,#1150,#1157,#1158));
#1140 = ORIENTED_EDGE('',*,*,#1141,.T.);
#1141 = EDGE_CURVE('',#1142,#1144,#1146,.T.);
#1142 = VERTEX_POINT('',#1143);
#1143 = CARTESIAN_POINT('',(149.125,-68.,0.));
#1144 = VERTEX_POINT('',#1145);
#1145 = CARTESIAN_POINT('',(149.125,-68.,-1.6));
#1146 = LINE('',#1147,#1148);
#1147 = CARTESIAN_POINT('',(149.125,-68.,0.));
#1148 = VECTOR('',#1149,1.);
#1149 = DIRECTION('',(0.,0.,-1.));
#1150 = ORIENTED_EDGE('',*,*,#1151,.T.);
#1151 = EDGE_CURVE('',#1144,#1144,#1152,.T.);
#1152 = CIRCLE('',#1153,1.1);
#1153 = AXIS2_PLACEMENT_3D('',#1154,#1155,#1156);
#1154 = CARTESIAN_POINT('',(148.025,-68.,-1.6));
#1155 = DIRECTION('',(0.,0.,1.));
#1156 = DIRECTION('',(1.,0.,-0.));
#1157 = ORIENTED_EDGE('',*,*,#1141,.F.);
#1158 = ORIENTED_EDGE('',*,*,#1159,.F.);
#1159 = EDGE_CURVE('',#1142,#1142,#1160,.T.);
#1160 = CIRCLE('',#1161,1.1);
#1161 = AXIS2_PLACEMENT_3D('',#1162,#1163,#1164);
#1162 = CARTESIAN_POINT('',(148.025,-68.,0.));
#1163 = DIRECTION('',(0.,0.,1.));
#1164 = DIRECTION('',(1.,0.,-0.));
#1165 = CYLINDRICAL_SURFACE('',#1166,1.1);
#1166 = AXIS2_PLACEMENT_3D('',#1167,#1168,#1169);
#1167 = CARTESIAN_POINT('',(148.025,-68.,0.));
#1168 = DIRECTION('',(0.,0.,1.));
#1169 = DIRECTION('',(1.,0.,-0.));
#1170 = ADVANCED_FACE('',(#1171),#1198,.F.);
#1171 = FACE_BOUND('',#1172,.F.);
#1172 = EDGE_LOOP('',(#1173,#1183,#1190,#1191));
#1173 = ORIENTED_EDGE('',*,*,#1174,.T.);
#1174 = EDGE_CURVE('',#1175,#1177,#1179,.T.);
#1175 = VERTEX_POINT('',#1176);
#1176 = CARTESIAN_POINT('',(71.825,-67.,0.));
#1177 = VERTEX_POINT('',#1178);
#1178 = CARTESIAN_POINT('',(71.825,-67.,-1.6));
#1179 = LINE('',#1180,#1181);
#1180 = CARTESIAN_POINT('',(71.825,-67.,0.));
#1181 = VECTOR('',#1182,1.);
#1182 = DIRECTION('',(0.,0.,-1.));
#1183 = ORIENTED_EDGE('',*,*,#1184,.T.);
#1184 = EDGE_CURVE('',#1177,#1177,#1185,.T.);
#1185 = CIRCLE('',#1186,1.1);
#1186 = AXIS2_PLACEMENT_3D('',#1187,#1188,#1189);
#1187 = CARTESIAN_POINT('',(70.725,-67.,-1.6));
#1188 = DIRECTION('',(0.,0.,1.));
#1189 = DIRECTION('',(1.,0.,-0.));
#1190 = ORIENTED_EDGE('',*,*,#1174,.F.);
#1191 = ORIENTED_EDGE('',*,*,#1192,.F.);
#1192 = EDGE_CURVE('',#1175,#1175,#1193,.T.);
#1193 = CIRCLE('',#1194,1.1);
#1194 = AXIS2_PLACEMENT_3D('',#1195,#1196,#1197);
#1195 = CARTESIAN_POINT('',(70.725,-67.,0.));
#1196 = DIRECTION('',(0.,0.,1.));
#1197 = DIRECTION('',(1.,0.,-0.));
#1198 = CYLINDRICAL_SURFACE('',#1199,1.1);
#1199 = AXIS2_PLACEMENT_3D('',#1200,#1201,#1202);
#1200 = CARTESIAN_POINT('',(70.725,-67.,0.));
#1201 = DIRECTION('',(0.,0.,1.));
#1202 = DIRECTION('',(1.,0.,-0.));
#1203 = ADVANCED_FACE('',(#1204),#1231,.F.);
#1204 = FACE_BOUND('',#1205,.F.);
#1205 = EDGE_LOOP('',(#1206,#1216,#1223,#1224));
#1206 = ORIENTED_EDGE('',*,*,#1207,.T.);
#1207 = EDGE_CURVE('',#1208,#1210,#1212,.T.);
#1208 = VERTEX_POINT('',#1209);
#1209 = CARTESIAN_POINT('',(50.35,-67.,0.));
#1210 = VERTEX_POINT('',#1211);
#1211 = CARTESIAN_POINT('',(50.35,-67.,-1.6));
#1212 = LINE('',#1213,#1214);
#1213 = CARTESIAN_POINT('',(50.35,-67.,0.));
#1214 = VECTOR('',#1215,1.);
#1215 = DIRECTION('',(0.,0.,-1.));
#1216 = ORIENTED_EDGE('',*,*,#1217,.T.);
#1217 = EDGE_CURVE('',#1210,#1210,#1218,.T.);
#1218 = CIRCLE('',#1219,1.1);
#1219 = AXIS2_PLACEMENT_3D('',#1220,#1221,#1222);
#1220 = CARTESIAN_POINT('',(49.25,-67.,-1.6));
#1221 = DIRECTION('',(0.,0.,1.));
#1222 = DIRECTION('',(1.,0.,-0.));
#1223 = ORIENTED_EDGE('',*,*,#1207,.F.);
#1224 = ORIENTED_EDGE('',*,*,#1225,.F.);
#1225 = EDGE_CURVE('',#1208,#1208,#1226,.T.);
#1226 = CIRCLE('',#1227,1.1);
#1227 = AXIS2_PLACEMENT_3D('',#1228,#1229,#1230);
#1228 = CARTESIAN_POINT('',(49.25,-67.,0.));
#1229 = DIRECTION('',(0.,0.,1.));
#1230 = DIRECTION('',(1.,0.,-0.));
#1231 = CYLINDRICAL_SURFACE('',#1232,1.1);
#1232 = AXIS2_PLACEMENT_3D('',#1233,#1234,#1235);
#1233 = CARTESIAN_POINT('',(49.25,-67.,0.));
#1234 = DIRECTION('',(0.,0.,1.));
#1235 = DIRECTION('',(1.,0.,-0.));
#1236 = ADVANCED_FACE('',(#1237),#1271,.T.);
#1237 = FACE_BOUND('',#1238,.T.);
#1238 = EDGE_LOOP('',(#1239,#1249,#1257,#1265));
#1239 = ORIENTED_EDGE('',*,*,#1240,.T.);
#1240 = EDGE_CURVE('',#1241,#1243,#1245,.T.);
#1241 = VERTEX_POINT('',#1242);
#1242 = CARTESIAN_POINT('',(54.,-54.,0.));
#1243 = VERTEX_POINT('',#1244);
#1244 = CARTESIAN_POINT('',(54.,-54.,-1.6));
#1245 = LINE('',#1246,#1247);
#1246 = CARTESIAN_POINT('',(54.,-54.,0.));
#1247 = VECTOR('',#1248,1.);
#1248 = DIRECTION('',(0.,0.,-1.));
#1249 = ORIENTED_EDGE('',*,*,#1250,.T.);
#1250 = EDGE_CURVE('',#1243,#1251,#1253,.T.);
#1251 = VERTEX_POINT('',#1252);
#1252 = CARTESIAN_POINT('',(66.,-54.,-1.6));
#1253 = LINE('',#1254,#1255);
#1254 = CARTESIAN_POINT('',(54.,-54.,-1.6));
#1255 = VECTOR('',#1256,1.);
#1256 = DIRECTION('',(1.,0.,0.));
#1257 = ORIENTED_EDGE('',*,*,#1258,.F.);
#1258 = EDGE_CURVE('',#1259,#1251,#1261,.T.);
#1259 = VERTEX_POINT('',#1260);
#1260 = CARTESIAN_POINT('',(66.,-54.,0.));
#1261 = LINE('',#1262,#1263);
#1262 = CARTESIAN_POINT('',(66.,-54.,0.));
#1263 = VECTOR('',#1264,1.);
#1264 = DIRECTION('',(0.,0.,-1.));
#1265 = ORIENTED_EDGE('',*,*,#1266,.F.);
#1266 = EDGE_CURVE('',#1241,#1259,#1267,.T.);
#1267 = LINE('',#1268,#1269);
#1268 = CARTESIAN_POINT('',(54.,-54.,0.));
#1269 = VECTOR('',#1270,1.);
#1270 = DIRECTION('',(1.,0.,0.));
#1271 = PLANE('',#1272);
#1272 = AXIS2_PLACEMENT_3D('',#1273,#1274,#1275);
#1273 = CARTESIAN_POINT('',(54.,-54.,0.));
#1274 = DIRECTION('',(0.,-1.,0.));
#1275 = DIRECTION('',(1.,0.,0.));
#1276 = ADVANCED_FACE('',(#1277),#1302,.T.);
#1277 = FACE_BOUND('',#1278,.T.);
#1278 = EDGE_LOOP('',(#1279,#1289,#1295,#1296));
#1279 = ORIENTED_EDGE('',*,*,#1280,.T.);
#1280 = EDGE_CURVE('',#1281,#1283,#1285,.T.);
#1281 = VERTEX_POINT('',#1282);
#1282 = CARTESIAN_POINT('',(54.,-66.,0.));
#1283 = VERTEX_POINT('',#1284);
#1284 = CARTESIAN_POINT('',(54.,-66.,-1.6));
#1285 = LINE('',#1286,#1287);
#1286 = CARTESIAN_POINT('',(54.,-66.,0.));
#1287 = VECTOR('',#1288,1.);
#1288 = DIRECTION('',(0.,0.,-1.));
#1289 = ORIENTED_EDGE('',*,*,#1290,.T.);
#1290 = EDGE_CURVE('',#1283,#1243,#1291,.T.);
#1291 = LINE('',#1292,#1293);
#1292 = CARTESIAN_POINT('',(54.,-66.,-1.6));
#1293 = VECTOR('',#1294,1.);
#1294 = DIRECTION('',(0.,1.,0.));
#1295 = ORIENTED_EDGE('',*,*,#1240,.F.);
#1296 = ORIENTED_EDGE('',*,*,#1297,.F.);
#1297 = EDGE_CURVE('',#1281,#1241,#1298,.T.);
#1298 = LINE('',#1299,#1300);
#1299 = CARTESIAN_POINT('',(54.,-66.,0.));
#1300 = VECTOR('',#1301,1.);
#1301 = DIRECTION('',(0.,1.,0.));
#1302 = PLANE('',#1303);
#1303 = AXIS2_PLACEMENT_3D('',#1304,#1305,#1306);
#1304 = CARTESIAN_POINT('',(54.,-66.,0.));
#1305 = DIRECTION('',(1.,-0.,0.));
#1306 = DIRECTION('',(0.,1.,0.));
#1307 = ADVANCED_FACE('',(#1308),#1333,.T.);
#1308 = FACE_BOUND('',#1309,.T.);
#1309 = EDGE_LOOP('',(#1310,#1311,#1319,#1327));
#1310 = ORIENTED_EDGE('',*,*,#1258,.T.);
#1311 = ORIENTED_EDGE('',*,*,#1312,.T.);
#1312 = EDGE_CURVE('',#1251,#1313,#1315,.T.);
#1313 = VERTEX_POINT('',#1314);
#1314 = CARTESIAN_POINT('',(66.,-66.,-1.6));
#1315 = LINE('',#1316,#1317);
#1316 = CARTESIAN_POINT('',(66.,-54.,-1.6));
#1317 = VECTOR('',#1318,1.);
#1318 = DIRECTION('',(0.,-1.,0.));
#1319 = ORIENTED_EDGE('',*,*,#1320,.F.);
#1320 = EDGE_CURVE('',#1321,#1313,#1323,.T.);
#1321 = VERTEX_POINT('',#1322);
#1322 = CARTESIAN_POINT('',(66.,-66.,0.));
#1323 = LINE('',#1324,#1325);
#1324 = CARTESIAN_POINT('',(66.,-66.,0.));
#1325 = VECTOR('',#1326,1.);
#1326 = DIRECTION('',(0.,0.,-1.));
#1327 = ORIENTED_EDGE('',*,*,#1328,.F.);
#1328 = EDGE_CURVE('',#1259,#1321,#1329,.T.);
#1329 = LINE('',#1330,#1331);
#1330 = CARTESIAN_POINT('',(66.,-54.,0.));
#1331 = VECTOR('',#1332,1.);
#1332 = DIRECTION('',(0.,-1.,0.));
#1333 = PLANE('',#1334);
#1334 = AXIS2_PLACEMENT_3D('',#1335,#1336,#1337);
#1335 = CARTESIAN_POINT('',(66.,-54.,0.));
#1336 = DIRECTION('',(-1.,-0.,-0.));
#1337 = DIRECTION('',(0.,-1.,0.));
#1338 = ADVANCED_FACE('',(#1339),#1355,.T.);
#1339 = FACE_BOUND('',#1340,.T.);
#1340 = EDGE_LOOP('',(#1341,#1342,#1348,#1349));
#1341 = ORIENTED_EDGE('',*,*,#1320,.T.);
#1342 = ORIENTED_EDGE('',*,*,#1343,.T.);
#1343 = EDGE_CURVE('',#1313,#1283,#1344,.T.);
#1344 = LINE('',#1345,#1346);
#1345 = CARTESIAN_POINT('',(66.,-66.,-1.6));
#1346 = VECTOR('',#1347,1.);
#1347 = DIRECTION('',(-1.,0.,0.));
#1348 = ORIENTED_EDGE('',*,*,#1280,.F.);
#1349 = ORIENTED_EDGE('',*,*,#1350,.F.);
#1350 = EDGE_CURVE('',#1321,#1281,#1351,.T.);
#1351 = LINE('',#1352,#1353);
#1352 = CARTESIAN_POINT('',(66.,-66.,0.));
#1353 = VECTOR('',#1354,1.);
#1354 = DIRECTION('',(-1.,0.,0.));
#1355 = PLANE('',#1356);
#1356 = AXIS2_PLACEMENT_3D('',#1357,#1358,#1359);
#1357 = CARTESIAN_POINT('',(66.,-66.,0.));
#1358 = DIRECTION('',(0.,1.,0.));
#1359 = DIRECTION('',(-1.,0.,0.));
#1360 = ADVANCED_FACE('',(#1361),#1388,.F.);
#1361 = FACE_BOUND('',#1362,.F.);
#1362 = EDGE_LOOP('',(#1363,#1373,#1380,#1381));
#1363 = ORIENTED_EDGE('',*,*,#1364,.T.);
#1364 = EDGE_CURVE('',#1365,#1367,#1369,.T.);
#1365 = VERTEX_POINT('',#1366);
#1366 = CARTESIAN_POINT('',(342.0955,-53.31,0.));
#1367 = VERTEX_POINT('',#1368);
#1368 = CARTESIAN_POINT('',(342.0955,-53.31,-1.6));
#1369 = LINE('',#1370,#1371);
#1370 = CARTESIAN_POINT('',(342.0955,-53.31,0.));
#1371 = VECTOR('',#1372,1.);
#1372 = DIRECTION('',(0.,0.,-1.));
#1373 = ORIENTED_EDGE('',*,*,#1374,.T.);
#1374 = EDGE_CURVE('',#1367,#1367,#1375,.T.);
#1375 = CIRCLE('',#1376,0.3555);
#1376 = AXIS2_PLACEMENT_3D('',#1377,#1378,#1379);
#1377 = CARTESIAN_POINT('',(341.74,-53.31,-1.6));
#1378 = DIRECTION('',(0.,0.,1.));
#1379 = DIRECTION('',(1.,0.,-0.));
#1380 = ORIENTED_EDGE('',*,*,#1364,.F.);
#1381 = ORIENTED_EDGE('',*,*,#1382,.F.);
#1382 = EDGE_CURVE('',#1365,#1365,#1383,.T.);
#1383 = CIRCLE('',#1384,0.3555);
#1384 = AXIS2_PLACEMENT_3D('',#1385,#1386,#1387);
#1385 = CARTESIAN_POINT('',(341.74,-53.31,0.));
#1386 = DIRECTION('',(0.,0.,1.));
#1387 = DIRECTION('',(1.,0.,-0.));
#1388 = CYLINDRICAL_SURFACE('',#1389,0.3555);
#1389 = AXIS2_PLACEMENT_3D('',#1390,#1391,#1392);
#1390 = CARTESIAN_POINT('',(341.74,-53.31,0.));
#1391 = DIRECTION('',(0.,0.,1.));
#1392 = DIRECTION('',(1.,0.,-0.));
#1393 = ADVANCED_FACE('',(#1394),#1421,.F.);
#1394 = FACE_BOUND('',#1395,.F.);
#1395 = EDGE_LOOP('',(#1396,#1406,#1413,#1414));
#1396 = ORIENTED_EDGE('',*,*,#1397,.T.);
#1397 = EDGE_CURVE('',#1398,#1400,#1402,.T.);
#1398 = VERTEX_POINT('',#1399);
#1399 = CARTESIAN_POINT('',(339.5555,-53.31,0.));
#1400 = VERTEX_POINT('',#1401);
#1401 = CARTESIAN_POINT('',(339.5555,-53.31,-1.6));
#1402 = LINE('',#1403,#1404);
#1403 = CARTESIAN_POINT('',(339.5555,-53.31,0.));
#1404 = VECTOR('',#1405,1.);
#1405 = DIRECTION('',(0.,0.,-1.));
#1406 = ORIENTED_EDGE('',*,*,#1407,.T.);
#1407 = EDGE_CURVE('',#1400,#1400,#1408,.T.);
#1408 = CIRCLE('',#1409,0.3555);
#1409 = AXIS2_PLACEMENT_3D('',#1410,#1411,#1412);
#1410 = CARTESIAN_POINT('',(339.2,-53.31,-1.6));
#1411 = DIRECTION('',(0.,0.,1.));
#1412 = DIRECTION('',(1.,0.,-0.));
#1413 = ORIENTED_EDGE('',*,*,#1397,.F.);
#1414 = ORIENTED_EDGE('',*,*,#1415,.F.);
#1415 = EDGE_CURVE('',#1398,#1398,#1416,.T.);
#1416 = CIRCLE('',#1417,0.3555);
#1417 = AXIS2_PLACEMENT_3D('',#1418,#1419,#1420);
#1418 = CARTESIAN_POINT('',(339.2,-53.31,0.));
#1419 = DIRECTION('',(0.,0.,1.));
#1420 = DIRECTION('',(1.,0.,-0.));
#1421 = CYLINDRICAL_SURFACE('',#1422,0.3555);
#1422 = AXIS2_PLACEMENT_3D('',#1423,#1424,#1425);
#1423 = CARTESIAN_POINT('',(339.2,-53.31,0.));
#1424 = DIRECTION('',(0.,0.,1.));
#1425 = DIRECTION('',(1.,0.,-0.));
#1426 = ADVANCED_FACE('',(#1427),#1454,.F.);
#1427 = FACE_BOUND('',#1428,.F.);
#1428 = EDGE_LOOP('',(#1429,#1439,#1446,#1447));
#1429 = ORIENTED_EDGE('',*,*,#1430,.T.);
#1430 = EDGE_CURVE('',#1431,#1433,#1435,.T.);
#1431 = VERTEX_POINT('',#1432);
#1432 = CARTESIAN_POINT('',(337.0155,-53.31,0.));
#1433 = VERTEX_POINT('',#1434);
#1434 = CARTESIAN_POINT('',(337.0155,-53.31,-1.6));
#1435 = LINE('',#1436,#1437);
#1436 = CARTESIAN_POINT('',(337.0155,-53.31,0.));
#1437 = VECTOR('',#1438,1.);
#1438 = DIRECTION('',(0.,0.,-1.));
#1439 = ORIENTED_EDGE('',*,*,#1440,.T.);
#1440 = EDGE_CURVE('',#1433,#1433,#1441,.T.);
#1441 = CIRCLE('',#1442,0.3555);
#1442 = AXIS2_PLACEMENT_3D('',#1443,#1444,#1445);
#1443 = CARTESIAN_POINT('',(336.66,-53.31,-1.6));
#1444 = DIRECTION('',(0.,0.,1.));
#1445 = DIRECTION('',(1.,0.,-0.));
#1446 = ORIENTED_EDGE('',*,*,#1430,.F.);
#1447 = ORIENTED_EDGE('',*,*,#1448,.F.);
#1448 = EDGE_CURVE('',#1431,#1431,#1449,.T.);
#1449 = CIRCLE('',#1450,0.3555);
#1450 = AXIS2_PLACEMENT_3D('',#1451,#1452,#1453);
#1451 = CARTESIAN_POINT('',(336.66,-53.31,0.));
#1452 = DIRECTION('',(0.,0.,1.));
#1453 = DIRECTION('',(1.,0.,-0.));
#1454 = CYLINDRICAL_SURFACE('',#1455,0.3555);
#1455 = AXIS2_PLACEMENT_3D('',#1456,#1457,#1458);
#1456 = CARTESIAN_POINT('',(336.66,-53.31,0.));
#1457 = DIRECTION('',(0.,0.,1.));
#1458 = DIRECTION('',(1.,0.,-0.));
#1459 = ADVANCED_FACE('',(#1460),#1487,.F.);
#1460 = FACE_BOUND('',#1461,.F.);
#1461 = EDGE_LOOP('',(#1462,#1472,#1479,#1480));
#1462 = ORIENTED_EDGE('',*,*,#1463,.T.);
#1463 = EDGE_CURVE('',#1464,#1466,#1468,.T.);
#1464 = VERTEX_POINT('',#1465);
#1465 = CARTESIAN_POINT('',(334.4755,-53.31,0.));
#1466 = VERTEX_POINT('',#1467);
#1467 = CARTESIAN_POINT('',(334.4755,-53.31,-1.6));
#1468 = LINE('',#1469,#1470);
#1469 = CARTESIAN_POINT('',(334.4755,-53.31,0.));
#1470 = VECTOR('',#1471,1.);
#1471 = DIRECTION('',(0.,0.,-1.));
#1472 = ORIENTED_EDGE('',*,*,#1473,.T.);
#1473 = EDGE_CURVE('',#1466,#1466,#1474,.T.);
#1474 = CIRCLE('',#1475,0.3555);
#1475 = AXIS2_PLACEMENT_3D('',#1476,#1477,#1478);
#1476 = CARTESIAN_POINT('',(334.12,-53.31,-1.6));
#1477 = DIRECTION('',(0.,0.,1.));
#1478 = DIRECTION('',(1.,0.,-0.));
#1479 = ORIENTED_EDGE('',*,*,#1463,.F.);
#1480 = ORIENTED_EDGE('',*,*,#1481,.F.);
#1481 = EDGE_CURVE('',#1464,#1464,#1482,.T.);
#1482 = CIRCLE('',#1483,0.3555);
#1483 = AXIS2_PLACEMENT_3D('',#1484,#1485,#1486);
#1484 = CARTESIAN_POINT('',(334.12,-53.31,0.));
#1485 = DIRECTION('',(0.,0.,1.));
#1486 = DIRECTION('',(1.,0.,-0.));
#1487 = CYLINDRICAL_SURFACE('',#1488,0.3555);
#1488 = AXIS2_PLACEMENT_3D('',#1489,#1490,#1491);
#1489 = CARTESIAN_POINT('',(334.12,-53.31,0.));
#1490 = DIRECTION('',(0.,0.,1.));
#1491 = DIRECTION('',(1.,0.,-0.));
#1492 = ADVANCED_FACE('',(#1493),#1520,.F.);
#1493 = FACE_BOUND('',#1494,.F.);
#1494 = EDGE_LOOP('',(#1495,#1505,#1512,#1513));
#1495 = ORIENTED_EDGE('',*,*,#1496,.T.);
#1496 = EDGE_CURVE('',#1497,#1499,#1501,.T.);
#1497 = VERTEX_POINT('',#1498);
#1498 = CARTESIAN_POINT('',(331.9355,-53.31,0.));
#1499 = VERTEX_POINT('',#1500);
#1500 = CARTESIAN_POINT('',(331.9355,-53.31,-1.6));
#1501 = LINE('',#1502,#1503);
#1502 = CARTESIAN_POINT('',(331.9355,-53.31,0.));
#1503 = VECTOR('',#1504,1.);
#1504 = DIRECTION('',(0.,0.,-1.));
#1505 = ORIENTED_EDGE('',*,*,#1506,.T.);
#1506 = EDGE_CURVE('',#1499,#1499,#1507,.T.);
#1507 = CIRCLE('',#1508,0.3555);
#1508 = AXIS2_PLACEMENT_3D('',#1509,#1510,#1511);
#1509 = CARTESIAN_POINT('',(331.58,-53.31,-1.6));
#1510 = DIRECTION('',(0.,0.,1.));
#1511 = DIRECTION('',(1.,0.,-0.));
#1512 = ORIENTED_EDGE('',*,*,#1496,.F.);
#1513 = ORIENTED_EDGE('',*,*,#1514,.F.);
#1514 = EDGE_CURVE('',#1497,#1497,#1515,.T.);
#1515 = CIRCLE('',#1516,0.3555);
#1516 = AXIS2_PLACEMENT_3D('',#1517,#1518,#1519);
#1517 = CARTESIAN_POINT('',(331.58,-53.31,0.));
#1518 = DIRECTION('',(0.,0.,1.));
#1519 = DIRECTION('',(1.,0.,-0.));
#1520 = CYLINDRICAL_SURFACE('',#1521,0.3555);
#1521 = AXIS2_PLACEMENT_3D('',#1522,#1523,#1524);
#1522 = CARTESIAN_POINT('',(331.58,-53.31,0.));
#1523 = DIRECTION('',(0.,0.,1.));
#1524 = DIRECTION('',(1.,0.,-0.));
#1525 = ADVANCED_FACE('',(#1526),#1553,.F.);
#1526 = FACE_BOUND('',#1527,.F.);
#1527 = EDGE_LOOP('',(#1528,#1538,#1545,#1546));
#1528 = ORIENTED_EDGE('',*,*,#1529,.T.);
#1529 = EDGE_CURVE('',#1530,#1532,#1534,.T.);
#1530 = VERTEX_POINT('',#1531);
#1531 = CARTESIAN_POINT('',(329.3955,-53.31,0.));
#1532 = VERTEX_POINT('',#1533);
#1533 = CARTESIAN_POINT('',(329.3955,-53.31,-1.6));
#1534 = LINE('',#1535,#1536);
#1535 = CARTESIAN_POINT('',(329.3955,-53.31,0.));
#1536 = VECTOR('',#1537,1.);
#1537 = DIRECTION('',(0.,0.,-1.));
#1538 = ORIENTED_EDGE('',*,*,#1539,.T.);
#1539 = EDGE_CURVE('',#1532,#1532,#1540,.T.);
#1540 = CIRCLE('',#1541,0.3555);
#1541 = AXIS2_PLACEMENT_3D('',#1542,#1543,#1544);
#1542 = CARTESIAN_POINT('',(329.04,-53.31,-1.6));
#1543 = DIRECTION('',(0.,0.,1.));
#1544 = DIRECTION('',(1.,0.,-0.));
#1545 = ORIENTED_EDGE('',*,*,#1529,.F.);
#1546 = ORIENTED_EDGE('',*,*,#1547,.F.);
#1547 = EDGE_CURVE('',#1530,#1530,#1548,.T.);
#1548 = CIRCLE('',#1549,0.3555);
#1549 = AXIS2_PLACEMENT_3D('',#1550,#1551,#1552);
#1550 = CARTESIAN_POINT('',(329.04,-53.31,0.));
#1551 = DIRECTION('',(0.,0.,1.));
#1552 = DIRECTION('',(1.,0.,-0.));
#1553 = CYLINDRICAL_SURFACE('',#1554,0.3555);
#1554 = AXIS2_PLACEMENT_3D('',#1555,#1556,#1557);
#1555 = CARTESIAN_POINT('',(329.04,-53.31,0.));
#1556 = DIRECTION('',(0.,0.,1.));
#1557 = DIRECTION('',(1.,0.,-0.));
#1558 = ADVANCED_FACE('',(#1559),#1586,.F.);
#1559 = FACE_BOUND('',#1560,.F.);
#1560 = EDGE_LOOP('',(#1561,#1571,#1578,#1579));
#1561 = ORIENTED_EDGE('',*,*,#1562,.T.);
#1562 = EDGE_CURVE('',#1563,#1565,#1567,.T.);
#1563 = VERTEX_POINT('',#1564);
#1564 = CARTESIAN_POINT('',(326.8555,-53.31,0.));
#1565 = VERTEX_POINT('',#1566);
#1566 = CARTESIAN_POINT('',(326.8555,-53.31,-1.6));
#1567 = LINE('',#1568,#1569);
#1568 = CARTESIAN_POINT('',(326.8555,-53.31,0.));
#1569 = VECTOR('',#1570,1.);
#1570 = DIRECTION('',(0.,0.,-1.));
#1571 = ORIENTED_EDGE('',*,*,#1572,.T.);
#1572 = EDGE_CURVE('',#1565,#1565,#1573,.T.);
#1573 = CIRCLE('',#1574,0.3555);
#1574 = AXIS2_PLACEMENT_3D('',#1575,#1576,#1577);
#1575 = CARTESIAN_POINT('',(326.5,-53.31,-1.6));
#1576 = DIRECTION('',(0.,0.,1.));
#1577 = DIRECTION('',(1.,0.,-0.));
#1578 = ORIENTED_EDGE('',*,*,#1562,.F.);
#1579 = ORIENTED_EDGE('',*,*,#1580,.F.);
#1580 = EDGE_CURVE('',#1563,#1563,#1581,.T.);
#1581 = CIRCLE('',#1582,0.3555);
#1582 = AXIS2_PLACEMENT_3D('',#1583,#1584,#1585);
#1583 = CARTESIAN_POINT('',(326.5,-53.31,0.));
#1584 = DIRECTION('',(0.,0.,1.));
#1585 = DIRECTION('',(1.,0.,-0.));
#1586 = CYLINDRICAL_SURFACE('',#1587,0.3555);
#1587 = AXIS2_PLACEMENT_3D('',#1588,#1589,#1590);
#1588 = CARTESIAN_POINT('',(326.5,-53.31,0.));
#1589 = DIRECTION('',(0.,0.,1.));
#1590 = DIRECTION('',(1.,0.,-0.));
#1591 = ADVANCED_FACE('',(#1592),#1619,.F.);
#1592 = FACE_BOUND('',#1593,.F.);
#1593 = EDGE_LOOP('',(#1594,#1604,#1611,#1612));
#1594 = ORIENTED_EDGE('',*,*,#1595,.T.);
#1595 = EDGE_CURVE('',#1596,#1598,#1600,.T.);
#1596 = VERTEX_POINT('',#1597);
#1597 = CARTESIAN_POINT('',(324.3155,-53.31,0.));
#1598 = VERTEX_POINT('',#1599);
#1599 = CARTESIAN_POINT('',(324.3155,-53.31,-1.6));
#1600 = LINE('',#1601,#1602);
#1601 = CARTESIAN_POINT('',(324.3155,-53.31,0.));
#1602 = VECTOR('',#1603,1.);
#1603 = DIRECTION('',(0.,0.,-1.));
#1604 = ORIENTED_EDGE('',*,*,#1605,.T.);
#1605 = EDGE_CURVE('',#1598,#1598,#1606,.T.);
#1606 = CIRCLE('',#1607,0.3555);
#1607 = AXIS2_PLACEMENT_3D('',#1608,#1609,#1610);
#1608 = CARTESIAN_POINT('',(323.96,-53.31,-1.6));
#1609 = DIRECTION('',(0.,0.,1.));
#1610 = DIRECTION('',(1.,0.,-0.));
#1611 = ORIENTED_EDGE('',*,*,#1595,.F.);
#1612 = ORIENTED_EDGE('',*,*,#1613,.F.);
#1613 = EDGE_CURVE('',#1596,#1596,#1614,.T.);
#1614 = CIRCLE('',#1615,0.3555);
#1615 = AXIS2_PLACEMENT_3D('',#1616,#1617,#1618);
#1616 = CARTESIAN_POINT('',(323.96,-53.31,0.));
#1617 = DIRECTION('',(0.,0.,1.));
#1618 = DIRECTION('',(1.,0.,-0.));
#1619 = CYLINDRICAL_SURFACE('',#1620,0.3555);
#1620 = AXIS2_PLACEMENT_3D('',#1621,#1622,#1623);
#1621 = CARTESIAN_POINT('',(323.96,-53.31,0.));
#1622 = DIRECTION('',(0.,0.,1.));
#1623 = DIRECTION('',(1.,0.,-0.));
#1624 = ADVANCED_FACE('',(#1625),#1652,.F.);
#1625 = FACE_BOUND('',#1626,.F.);
#1626 = EDGE_LOOP('',(#1627,#1637,#1644,#1645));
#1627 = ORIENTED_EDGE('',*,*,#1628,.T.);
#1628 = EDGE_CURVE('',#1629,#1631,#1633,.T.);
#1629 = VERTEX_POINT('',#1630);
#1630 = CARTESIAN_POINT('',(321.7755,-53.31,0.));
#1631 = VERTEX_POINT('',#1632);
#1632 = CARTESIAN_POINT('',(321.7755,-53.31,-1.6));
#1633 = LINE('',#1634,#1635);
#1634 = CARTESIAN_POINT('',(321.7755,-53.31,0.));
#1635 = VECTOR('',#1636,1.);
#1636 = DIRECTION('',(0.,0.,-1.));
#1637 = ORIENTED_EDGE('',*,*,#1638,.T.);
#1638 = EDGE_CURVE('',#1631,#1631,#1639,.T.);
#1639 = CIRCLE('',#1640,0.3555);
#1640 = AXIS2_PLACEMENT_3D('',#1641,#1642,#1643);
#1641 = CARTESIAN_POINT('',(321.42,-53.31,-1.6));
#1642 = DIRECTION('',(0.,0.,1.));
#1643 = DIRECTION('',(1.,0.,-0.));
#1644 = ORIENTED_EDGE('',*,*,#1628,.F.);
#1645 = ORIENTED_EDGE('',*,*,#1646,.F.);
#1646 = EDGE_CURVE('',#1629,#1629,#1647,.T.);
#1647 = CIRCLE('',#1648,0.3555);
#1648 = AXIS2_PLACEMENT_3D('',#1649,#1650,#1651);
#1649 = CARTESIAN_POINT('',(321.42,-53.31,0.));
#1650 = DIRECTION('',(0.,0.,1.));
#1651 = DIRECTION('',(1.,0.,-0.));
#1652 = CYLINDRICAL_SURFACE('',#1653,0.3555);
#1653 = AXIS2_PLACEMENT_3D('',#1654,#1655,#1656);
#1654 = CARTESIAN_POINT('',(321.42,-53.31,0.));
#1655 = DIRECTION('',(0.,0.,1.));
#1656 = DIRECTION('',(1.,0.,-0.));
#1657 = ADVANCED_FACE('',(#1658),#1685,.F.);
#1658 = FACE_BOUND('',#1659,.F.);
#1659 = EDGE_LOOP('',(#1660,#1670,#1677,#1678));
#1660 = ORIENTED_EDGE('',*,*,#1661,.T.);
#1661 = EDGE_CURVE('',#1662,#1664,#1666,.T.);
#1662 = VERTEX_POINT('',#1663);
#1663 = CARTESIAN_POINT('',(319.2355,-53.31,0.));
#1664 = VERTEX_POINT('',#1665);
#1665 = CARTESIAN_POINT('',(319.2355,-53.31,-1.6));
#1666 = LINE('',#1667,#1668);
#1667 = CARTESIAN_POINT('',(319.2355,-53.31,0.));
#1668 = VECTOR('',#1669,1.);
#1669 = DIRECTION('',(0.,0.,-1.));
#1670 = ORIENTED_EDGE('',*,*,#1671,.T.);
#1671 = EDGE_CURVE('',#1664,#1664,#1672,.T.);
#1672 = CIRCLE('',#1673,0.3555);
#1673 = AXIS2_PLACEMENT_3D('',#1674,#1675,#1676);
#1674 = CARTESIAN_POINT('',(318.88,-53.31,-1.6));
#1675 = DIRECTION('',(0.,0.,1.));
#1676 = DIRECTION('',(1.,0.,-0.));
#1677 = ORIENTED_EDGE('',*,*,#1661,.F.);
#1678 = ORIENTED_EDGE('',*,*,#1679,.F.);
#1679 = EDGE_CURVE('',#1662,#1662,#1680,.T.);
#1680 = CIRCLE('',#1681,0.3555);
#1681 = AXIS2_PLACEMENT_3D('',#1682,#1683,#1684);
#1682 = CARTESIAN_POINT('',(318.88,-53.31,0.));
#1683 = DIRECTION('',(0.,0.,1.));
#1684 = DIRECTION('',(1.,0.,-0.));
#1685 = CYLINDRICAL_SURFACE('',#1686,0.3555);
#1686 = AXIS2_PLACEMENT_3D('',#1687,#1688,#1689);
#1687 = CARTESIAN_POINT('',(318.88,-53.31,0.));
#1688 = DIRECTION('',(0.,0.,1.));
#1689 = DIRECTION('',(1.,0.,-0.));
#1690 = ADVANCED_FACE('',(#1691),#1718,.F.);
#1691 = FACE_BOUND('',#1692,.F.);
#1692 = EDGE_LOOP('',(#1693,#1703,#1710,#1711));
#1693 = ORIENTED_EDGE('',*,*,#1694,.T.);
#1694 = EDGE_CURVE('',#1695,#1697,#1699,.T.);
#1695 = VERTEX_POINT('',#1696);
#1696 = CARTESIAN_POINT('',(316.6955,-53.31,0.));
#1697 = VERTEX_POINT('',#1698);
#1698 = CARTESIAN_POINT('',(316.6955,-53.31,-1.6));
#1699 = LINE('',#1700,#1701);
#1700 = CARTESIAN_POINT('',(316.6955,-53.31,0.));
#1701 = VECTOR('',#1702,1.);
#1702 = DIRECTION('',(0.,0.,-1.));
#1703 = ORIENTED_EDGE('',*,*,#1704,.T.);
#1704 = EDGE_CURVE('',#1697,#1697,#1705,.T.);
#1705 = CIRCLE('',#1706,0.3555);
#1706 = AXIS2_PLACEMENT_3D('',#1707,#1708,#1709);
#1707 = CARTESIAN_POINT('',(316.34,-53.31,-1.6));
#1708 = DIRECTION('',(0.,0.,1.));
#1709 = DIRECTION('',(1.,0.,-0.));
#1710 = ORIENTED_EDGE('',*,*,#1694,.F.);
#1711 = ORIENTED_EDGE('',*,*,#1712,.F.);
#1712 = EDGE_CURVE('',#1695,#1695,#1713,.T.);
#1713 = CIRCLE('',#1714,0.3555);
#1714 = AXIS2_PLACEMENT_3D('',#1715,#1716,#1717);
#1715 = CARTESIAN_POINT('',(316.34,-53.31,0.));
#1716 = DIRECTION('',(0.,0.,1.));
#1717 = DIRECTION('',(1.,0.,-0.));
#1718 = CYLINDRICAL_SURFACE('',#1719,0.3555);
#1719 = AXIS2_PLACEMENT_3D('',#1720,#1721,#1722);
#1720 = CARTESIAN_POINT('',(316.34,-53.31,0.));
#1721 = DIRECTION('',(0.,0.,1.));
#1722 = DIRECTION('',(1.,0.,-0.));
#1723 = ADVANCED_FACE('',(#1724),#1751,.F.);
#1724 = FACE_BOUND('',#1725,.F.);
#1725 = EDGE_LOOP('',(#1726,#1736,#1743,#1744));
#1726 = ORIENTED_EDGE('',*,*,#1727,.T.);
#1727 = EDGE_CURVE('',#1728,#1730,#1732,.T.);
#1728 = VERTEX_POINT('',#1729);
#1729 = CARTESIAN_POINT('',(314.1555,-53.31,0.));
#1730 = VERTEX_POINT('',#1731);
#1731 = CARTESIAN_POINT('',(314.1555,-53.31,-1.6));
#1732 = LINE('',#1733,#1734);
#1733 = CARTESIAN_POINT('',(314.1555,-53.31,0.));
#1734 = VECTOR('',#1735,1.);
#1735 = DIRECTION('',(0.,0.,-1.));
#1736 = ORIENTED_EDGE('',*,*,#1737,.T.);
#1737 = EDGE_CURVE('',#1730,#1730,#1738,.T.);
#1738 = CIRCLE('',#1739,0.3555);
#1739 = AXIS2_PLACEMENT_3D('',#1740,#1741,#1742);
#1740 = CARTESIAN_POINT('',(313.8,-53.31,-1.6));
#1741 = DIRECTION('',(0.,0.,1.));
#1742 = DIRECTION('',(1.,0.,-0.));
#1743 = ORIENTED_EDGE('',*,*,#1727,.F.);
#1744 = ORIENTED_EDGE('',*,*,#1745,.F.);
#1745 = EDGE_CURVE('',#1728,#1728,#1746,.T.);
#1746 = CIRCLE('',#1747,0.3555);
#1747 = AXIS2_PLACEMENT_3D('',#1748,#1749,#1750);
#1748 = CARTESIAN_POINT('',(313.8,-53.31,0.));
#1749 = DIRECTION('',(0.,0.,1.));
#1750 = DIRECTION('',(1.,0.,-0.));
#1751 = CYLINDRICAL_SURFACE('',#1752,0.3555);
#1752 = AXIS2_PLACEMENT_3D('',#1753,#1754,#1755);
#1753 = CARTESIAN_POINT('',(313.8,-53.31,0.));
#1754 = DIRECTION('',(0.,0.,1.));
#1755 = DIRECTION('',(1.,0.,-0.));
#1756 = ADVANCED_FACE('',(#1757),#1784,.F.);
#1757 = FACE_BOUND('',#1758,.F.);
#1758 = EDGE_LOOP('',(#1759,#1769,#1776,#1777));
#1759 = ORIENTED_EDGE('',*,*,#1760,.T.);
#1760 = EDGE_CURVE('',#1761,#1763,#1765,.T.);
#1761 = VERTEX_POINT('',#1762);
#1762 = CARTESIAN_POINT('',(311.6155,-53.31,0.));
#1763 = VERTEX_POINT('',#1764);
#1764 = CARTESIAN_POINT('',(311.6155,-53.31,-1.6));
#1765 = LINE('',#1766,#1767);
#1766 = CARTESIAN_POINT('',(311.6155,-53.31,0.));
#1767 = VECTOR('',#1768,1.);
#1768 = DIRECTION('',(0.,0.,-1.));
#1769 = ORIENTED_EDGE('',*,*,#1770,.T.);
#1770 = EDGE_CURVE('',#1763,#1763,#1771,.T.);
#1771 = CIRCLE('',#1772,0.3555);
#1772 = AXIS2_PLACEMENT_3D('',#1773,#1774,#1775);
#1773 = CARTESIAN_POINT('',(311.26,-53.31,-1.6));
#1774 = DIRECTION('',(0.,0.,1.));
#1775 = DIRECTION('',(1.,0.,-0.));
#1776 = ORIENTED_EDGE('',*,*,#1760,.F.);
#1777 = ORIENTED_EDGE('',*,*,#1778,.F.);
#1778 = EDGE_CURVE('',#1761,#1761,#1779,.T.);
#1779 = CIRCLE('',#1780,0.3555);
#1780 = AXIS2_PLACEMENT_3D('',#1781,#1782,#1783);
#1781 = CARTESIAN_POINT('',(311.26,-53.31,0.));
#1782 = DIRECTION('',(0.,0.,1.));
#1783 = DIRECTION('',(1.,0.,-0.));
#1784 = CYLINDRICAL_SURFACE('',#1785,0.3555);
#1785 = AXIS2_PLACEMENT_3D('',#1786,#1787,#1788);
#1786 = CARTESIAN_POINT('',(311.26,-53.31,0.));
#1787 = DIRECTION('',(0.,0.,1.));
#1788 = DIRECTION('',(1.,0.,-0.));
#1789 = ADVANCED_FACE('',(#1790),#1817,.F.);
#1790 = FACE_BOUND('',#1791,.F.);
#1791 = EDGE_LOOP('',(#1792,#1802,#1809,#1810));
#1792 = ORIENTED_EDGE('',*,*,#1793,.T.);
#1793 = EDGE_CURVE('',#1794,#1796,#1798,.T.);
#1794 = VERTEX_POINT('',#1795);
#1795 = CARTESIAN_POINT('',(346.87,-52.04,0.));
#1796 = VERTEX_POINT('',#1797);
#1797 = CARTESIAN_POINT('',(346.87,-52.04,-1.6));
#1798 = LINE('',#1799,#1800);
#1799 = CARTESIAN_POINT('',(346.87,-52.04,0.));
#1800 = VECTOR('',#1801,1.);
#1801 = DIRECTION('',(0.,0.,-1.));
#1802 = ORIENTED_EDGE('',*,*,#1803,.T.);
#1803 = EDGE_CURVE('',#1796,#1796,#1804,.T.);
#1804 = CIRCLE('',#1805,1.32);
#1805 = AXIS2_PLACEMENT_3D('',#1806,#1807,#1808);
#1806 = CARTESIAN_POINT('',(345.55,-52.04,-1.6));
#1807 = DIRECTION('',(0.,0.,1.));
#1808 = DIRECTION('',(1.,0.,-0.));
#1809 = ORIENTED_EDGE('',*,*,#1793,.F.);
#1810 = ORIENTED_EDGE('',*,*,#1811,.F.);
#1811 = EDGE_CURVE('',#1794,#1794,#1812,.T.);
#1812 = CIRCLE('',#1813,1.32);
#1813 = AXIS2_PLACEMENT_3D('',#1814,#1815,#1816);
#1814 = CARTESIAN_POINT('',(345.55,-52.04,0.));
#1815 = DIRECTION('',(0.,0.,1.));
#1816 = DIRECTION('',(1.,0.,-0.));
#1817 = CYLINDRICAL_SURFACE('',#1818,1.32);
#1818 = AXIS2_PLACEMENT_3D('',#1819,#1820,#1821);
#1819 = CARTESIAN_POINT('',(345.55,-52.04,0.));
#1820 = DIRECTION('',(0.,0.,1.));
#1821 = DIRECTION('',(1.,0.,-0.));
#1822 = ADVANCED_FACE('',(#1823),#1850,.F.);
#1823 = FACE_BOUND('',#1824,.F.);
#1824 = EDGE_LOOP('',(#1825,#1835,#1842,#1843));
#1825 = ORIENTED_EDGE('',*,*,#1826,.T.);
#1826 = EDGE_CURVE('',#1827,#1829,#1831,.T.);
#1827 = VERTEX_POINT('',#1828);
#1828 = CARTESIAN_POINT('',(340.8255,-50.77,0.));
#1829 = VERTEX_POINT('',#1830);
#1830 = CARTESIAN_POINT('',(340.8255,-50.77,-1.6));
#1831 = LINE('',#1832,#1833);
#1832 = CARTESIAN_POINT('',(340.8255,-50.77,0.));
#1833 = VECTOR('',#1834,1.);
#1834 = DIRECTION('',(0.,0.,-1.));
#1835 = ORIENTED_EDGE('',*,*,#1836,.T.);
#1836 = EDGE_CURVE('',#1829,#1829,#1837,.T.);
#1837 = CIRCLE('',#1838,0.3555);
#1838 = AXIS2_PLACEMENT_3D('',#1839,#1840,#1841);
#1839 = CARTESIAN_POINT('',(340.47,-50.77,-1.6));
#1840 = DIRECTION('',(0.,0.,1.));
#1841 = DIRECTION('',(1.,0.,-0.));
#1842 = ORIENTED_EDGE('',*,*,#1826,.F.);
#1843 = ORIENTED_EDGE('',*,*,#1844,.F.);
#1844 = EDGE_CURVE('',#1827,#1827,#1845,.T.);
#1845 = CIRCLE('',#1846,0.3555);
#1846 = AXIS2_PLACEMENT_3D('',#1847,#1848,#1849);
#1847 = CARTESIAN_POINT('',(340.47,-50.77,0.));
#1848 = DIRECTION('',(0.,0.,1.));
#1849 = DIRECTION('',(1.,0.,-0.));
#1850 = CYLINDRICAL_SURFACE('',#1851,0.3555);
#1851 = AXIS2_PLACEMENT_3D('',#1852,#1853,#1854);
#1852 = CARTESIAN_POINT('',(340.47,-50.77,0.));
#1853 = DIRECTION('',(0.,0.,1.));
#1854 = DIRECTION('',(1.,0.,-0.));
#1855 = ADVANCED_FACE('',(#1856),#1883,.F.);
#1856 = FACE_BOUND('',#1857,.F.);
#1857 = EDGE_LOOP('',(#1858,#1868,#1875,#1876));
#1858 = ORIENTED_EDGE('',*,*,#1859,.T.);
#1859 = EDGE_CURVE('',#1860,#1862,#1864,.T.);
#1860 = VERTEX_POINT('',#1861);
#1861 = CARTESIAN_POINT('',(338.2855,-50.77,0.));
#1862 = VERTEX_POINT('',#1863);
#1863 = CARTESIAN_POINT('',(338.2855,-50.77,-1.6));
#1864 = LINE('',#1865,#1866);
#1865 = CARTESIAN_POINT('',(338.2855,-50.77,0.));
#1866 = VECTOR('',#1867,1.);
#1867 = DIRECTION('',(0.,0.,-1.));
#1868 = ORIENTED_EDGE('',*,*,#1869,.T.);
#1869 = EDGE_CURVE('',#1862,#1862,#1870,.T.);
#1870 = CIRCLE('',#1871,0.3555);
#1871 = AXIS2_PLACEMENT_3D('',#1872,#1873,#1874);
#1872 = CARTESIAN_POINT('',(337.93,-50.77,-1.6));
#1873 = DIRECTION('',(0.,0.,1.));
#1874 = DIRECTION('',(1.,0.,-0.));
#1875 = ORIENTED_EDGE('',*,*,#1859,.F.);
#1876 = ORIENTED_EDGE('',*,*,#1877,.F.);
#1877 = EDGE_CURVE('',#1860,#1860,#1878,.T.);
#1878 = CIRCLE('',#1879,0.3555);
#1879 = AXIS2_PLACEMENT_3D('',#1880,#1881,#1882);
#1880 = CARTESIAN_POINT('',(337.93,-50.77,0.));
#1881 = DIRECTION('',(0.,0.,1.));
#1882 = DIRECTION('',(1.,0.,-0.));
#1883 = CYLINDRICAL_SURFACE('',#1884,0.3555);
#1884 = AXIS2_PLACEMENT_3D('',#1885,#1886,#1887);
#1885 = CARTESIAN_POINT('',(337.93,-50.77,0.));
#1886 = DIRECTION('',(0.,0.,1.));
#1887 = DIRECTION('',(1.,0.,-0.));
#1888 = ADVANCED_FACE('',(#1889),#1916,.F.);
#1889 = FACE_BOUND('',#1890,.F.);
#1890 = EDGE_LOOP('',(#1891,#1901,#1908,#1909));
#1891 = ORIENTED_EDGE('',*,*,#1892,.T.);
#1892 = EDGE_CURVE('',#1893,#1895,#1897,.T.);
#1893 = VERTEX_POINT('',#1894);
#1894 = CARTESIAN_POINT('',(335.7455,-50.77,0.));
#1895 = VERTEX_POINT('',#1896);
#1896 = CARTESIAN_POINT('',(335.7455,-50.77,-1.6));
#1897 = LINE('',#1898,#1899);
#1898 = CARTESIAN_POINT('',(335.7455,-50.77,0.));
#1899 = VECTOR('',#1900,1.);
#1900 = DIRECTION('',(0.,0.,-1.));
#1901 = ORIENTED_EDGE('',*,*,#1902,.T.);
#1902 = EDGE_CURVE('',#1895,#1895,#1903,.T.);
#1903 = CIRCLE('',#1904,0.3555);
#1904 = AXIS2_PLACEMENT_3D('',#1905,#1906,#1907);
#1905 = CARTESIAN_POINT('',(335.39,-50.77,-1.6));
#1906 = DIRECTION('',(0.,0.,1.));
#1907 = DIRECTION('',(1.,0.,-0.));
#1908 = ORIENTED_EDGE('',*,*,#1892,.F.);
#1909 = ORIENTED_EDGE('',*,*,#1910,.F.);
#1910 = EDGE_CURVE('',#1893,#1893,#1911,.T.);
#1911 = CIRCLE('',#1912,0.3555);
#1912 = AXIS2_PLACEMENT_3D('',#1913,#1914,#1915);
#1913 = CARTESIAN_POINT('',(335.39,-50.77,0.));
#1914 = DIRECTION('',(0.,0.,1.));
#1915 = DIRECTION('',(1.,0.,-0.));
#1916 = CYLINDRICAL_SURFACE('',#1917,0.3555);
#1917 = AXIS2_PLACEMENT_3D('',#1918,#1919,#1920);
#1918 = CARTESIAN_POINT('',(335.39,-50.77,0.));
#1919 = DIRECTION('',(0.,0.,1.));
#1920 = DIRECTION('',(1.,0.,-0.));
#1921 = ADVANCED_FACE('',(#1922),#1949,.F.);
#1922 = FACE_BOUND('',#1923,.F.);
#1923 = EDGE_LOOP('',(#1924,#1934,#1941,#1942));
#1924 = ORIENTED_EDGE('',*,*,#1925,.T.);
#1925 = EDGE_CURVE('',#1926,#1928,#1930,.T.);
#1926 = VERTEX_POINT('',#1927);
#1927 = CARTESIAN_POINT('',(333.2055,-50.77,0.));
#1928 = VERTEX_POINT('',#1929);
#1929 = CARTESIAN_POINT('',(333.2055,-50.77,-1.6));
#1930 = LINE('',#1931,#1932);
#1931 = CARTESIAN_POINT('',(333.2055,-50.77,0.));
#1932 = VECTOR('',#1933,1.);
#1933 = DIRECTION('',(0.,0.,-1.));
#1934 = ORIENTED_EDGE('',*,*,#1935,.T.);
#1935 = EDGE_CURVE('',#1928,#1928,#1936,.T.);
#1936 = CIRCLE('',#1937,0.3555);
#1937 = AXIS2_PLACEMENT_3D('',#1938,#1939,#1940);
#1938 = CARTESIAN_POINT('',(332.85,-50.77,-1.6));
#1939 = DIRECTION('',(0.,0.,1.));
#1940 = DIRECTION('',(1.,0.,-0.));
#1941 = ORIENTED_EDGE('',*,*,#1925,.F.);
#1942 = ORIENTED_EDGE('',*,*,#1943,.F.);
#1943 = EDGE_CURVE('',#1926,#1926,#1944,.T.);
#1944 = CIRCLE('',#1945,0.3555);
#1945 = AXIS2_PLACEMENT_3D('',#1946,#1947,#1948);
#1946 = CARTESIAN_POINT('',(332.85,-50.77,0.));
#1947 = DIRECTION('',(0.,0.,1.));
#1948 = DIRECTION('',(1.,0.,-0.));
#1949 = CYLINDRICAL_SURFACE('',#1950,0.3555);
#1950 = AXIS2_PLACEMENT_3D('',#1951,#1952,#1953);
#1951 = CARTESIAN_POINT('',(332.85,-50.77,0.));
#1952 = DIRECTION('',(0.,0.,1.));
#1953 = DIRECTION('',(1.,0.,-0.));
#1954 = ADVANCED_FACE('',(#1955),#1982,.F.);
#1955 = FACE_BOUND('',#1956,.F.);
#1956 = EDGE_LOOP('',(#1957,#1967,#1974,#1975));
#1957 = ORIENTED_EDGE('',*,*,#1958,.T.);
#1958 = EDGE_CURVE('',#1959,#1961,#1963,.T.);
#1959 = VERTEX_POINT('',#1960);
#1960 = CARTESIAN_POINT('',(330.6655,-50.77,0.));
#1961 = VERTEX_POINT('',#1962);
#1962 = CARTESIAN_POINT('',(330.6655,-50.77,-1.6));
#1963 = LINE('',#1964,#1965);
#1964 = CARTESIAN_POINT('',(330.6655,-50.77,0.));
#1965 = VECTOR('',#1966,1.);
#1966 = DIRECTION('',(0.,0.,-1.));
#1967 = ORIENTED_EDGE('',*,*,#1968,.T.);
#1968 = EDGE_CURVE('',#1961,#1961,#1969,.T.);
#1969 = CIRCLE('',#1970,0.3555);
#1970 = AXIS2_PLACEMENT_3D('',#1971,#1972,#1973);
#1971 = CARTESIAN_POINT('',(330.31,-50.77,-1.6));
#1972 = DIRECTION('',(0.,0.,1.));
#1973 = DIRECTION('',(1.,0.,-0.));
#1974 = ORIENTED_EDGE('',*,*,#1958,.F.);
#1975 = ORIENTED_EDGE('',*,*,#1976,.F.);
#1976 = EDGE_CURVE('',#1959,#1959,#1977,.T.);
#1977 = CIRCLE('',#1978,0.3555);
#1978 = AXIS2_PLACEMENT_3D('',#1979,#1980,#1981);
#1979 = CARTESIAN_POINT('',(330.31,-50.77,0.));
#1980 = DIRECTION('',(0.,0.,1.));
#1981 = DIRECTION('',(1.,0.,-0.));
#1982 = CYLINDRICAL_SURFACE('',#1983,0.3555);
#1983 = AXIS2_PLACEMENT_3D('',#1984,#1985,#1986);
#1984 = CARTESIAN_POINT('',(330.31,-50.77,0.));
#1985 = DIRECTION('',(0.,0.,1.));
#1986 = DIRECTION('',(1.,0.,-0.));
#1987 = ADVANCED_FACE('',(#1988),#2015,.F.);
#1988 = FACE_BOUND('',#1989,.F.);
#1989 = EDGE_LOOP('',(#1990,#2000,#2007,#2008));
#1990 = ORIENTED_EDGE('',*,*,#1991,.T.);
#1991 = EDGE_CURVE('',#1992,#1994,#1996,.T.);
#1992 = VERTEX_POINT('',#1993);
#1993 = CARTESIAN_POINT('',(328.1255,-50.77,0.));
#1994 = VERTEX_POINT('',#1995);
#1995 = CARTESIAN_POINT('',(328.1255,-50.77,-1.6));
#1996 = LINE('',#1997,#1998);
#1997 = CARTESIAN_POINT('',(328.1255,-50.77,0.));
#1998 = VECTOR('',#1999,1.);
#1999 = DIRECTION('',(0.,0.,-1.));
#2000 = ORIENTED_EDGE('',*,*,#2001,.T.);
#2001 = EDGE_CURVE('',#1994,#1994,#2002,.T.);
#2002 = CIRCLE('',#2003,0.3555);
#2003 = AXIS2_PLACEMENT_3D('',#2004,#2005,#2006);
#2004 = CARTESIAN_POINT('',(327.77,-50.77,-1.6));
#2005 = DIRECTION('',(0.,0.,1.));
#2006 = DIRECTION('',(1.,0.,-0.));
#2007 = ORIENTED_EDGE('',*,*,#1991,.F.);
#2008 = ORIENTED_EDGE('',*,*,#2009,.F.);
#2009 = EDGE_CURVE('',#1992,#1992,#2010,.T.);
#2010 = CIRCLE('',#2011,0.3555);
#2011 = AXIS2_PLACEMENT_3D('',#2012,#2013,#2014);
#2012 = CARTESIAN_POINT('',(327.77,-50.77,0.));
#2013 = DIRECTION('',(0.,0.,1.));
#2014 = DIRECTION('',(1.,0.,-0.));
#2015 = CYLINDRICAL_SURFACE('',#2016,0.3555);
#2016 = AXIS2_PLACEMENT_3D('',#2017,#2018,#2019);
#2017 = CARTESIAN_POINT('',(327.77,-50.77,0.));
#2018 = DIRECTION('',(0.,0.,1.));
#2019 = DIRECTION('',(1.,0.,-0.));
#2020 = ADVANCED_FACE('',(#2021),#2048,.F.);
#2021 = FACE_BOUND('',#2022,.F.);
#2022 = EDGE_LOOP('',(#2023,#2033,#2040,#2041));
#2023 = ORIENTED_EDGE('',*,*,#2024,.T.);
#2024 = EDGE_CURVE('',#2025,#2027,#2029,.T.);
#2025 = VERTEX_POINT('',#2026);
#2026 = CARTESIAN_POINT('',(325.5855,-50.77,0.));
#2027 = VERTEX_POINT('',#2028);
#2028 = CARTESIAN_POINT('',(325.5855,-50.77,-1.6));
#2029 = LINE('',#2030,#2031);
#2030 = CARTESIAN_POINT('',(325.5855,-50.77,0.));
#2031 = VECTOR('',#2032,1.);
#2032 = DIRECTION('',(0.,0.,-1.));
#2033 = ORIENTED_EDGE('',*,*,#2034,.T.);
#2034 = EDGE_CURVE('',#2027,#2027,#2035,.T.);
#2035 = CIRCLE('',#2036,0.3555);
#2036 = AXIS2_PLACEMENT_3D('',#2037,#2038,#2039);
#2037 = CARTESIAN_POINT('',(325.23,-50.77,-1.6));
#2038 = DIRECTION('',(0.,0.,1.));
#2039 = DIRECTION('',(1.,0.,-0.));
#2040 = ORIENTED_EDGE('',*,*,#2024,.F.);
#2041 = ORIENTED_EDGE('',*,*,#2042,.F.);
#2042 = EDGE_CURVE('',#2025,#2025,#2043,.T.);
#2043 = CIRCLE('',#2044,0.3555);
#2044 = AXIS2_PLACEMENT_3D('',#2045,#2046,#2047);
#2045 = CARTESIAN_POINT('',(325.23,-50.77,0.));
#2046 = DIRECTION('',(0.,0.,1.));
#2047 = DIRECTION('',(1.,0.,-0.));
#2048 = CYLINDRICAL_SURFACE('',#2049,0.3555);
#2049 = AXIS2_PLACEMENT_3D('',#2050,#2051,#2052);
#2050 = CARTESIAN_POINT('',(325.23,-50.77,0.));
#2051 = DIRECTION('',(0.,0.,1.));
#2052 = DIRECTION('',(1.,0.,-0.));
#2053 = ADVANCED_FACE('',(#2054),#2081,.F.);
#2054 = FACE_BOUND('',#2055,.F.);
#2055 = EDGE_LOOP('',(#2056,#2066,#2073,#2074));
#2056 = ORIENTED_EDGE('',*,*,#2057,.T.);
#2057 = EDGE_CURVE('',#2058,#2060,#2062,.T.);
#2058 = VERTEX_POINT('',#2059);
#2059 = CARTESIAN_POINT('',(323.0455,-50.77,0.));
#2060 = VERTEX_POINT('',#2061);
#2061 = CARTESIAN_POINT('',(323.0455,-50.77,-1.6));
#2062 = LINE('',#2063,#2064);
#2063 = CARTESIAN_POINT('',(323.0455,-50.77,0.));
#2064 = VECTOR('',#2065,1.);
#2065 = DIRECTION('',(0.,0.,-1.));
#2066 = ORIENTED_EDGE('',*,*,#2067,.T.);
#2067 = EDGE_CURVE('',#2060,#2060,#2068,.T.);
#2068 = CIRCLE('',#2069,0.3555);
#2069 = AXIS2_PLACEMENT_3D('',#2070,#2071,#2072);
#2070 = CARTESIAN_POINT('',(322.69,-50.77,-1.6));
#2071 = DIRECTION('',(0.,0.,1.));
#2072 = DIRECTION('',(1.,0.,-0.));
#2073 = ORIENTED_EDGE('',*,*,#2057,.F.);
#2074 = ORIENTED_EDGE('',*,*,#2075,.F.);
#2075 = EDGE_CURVE('',#2058,#2058,#2076,.T.);
#2076 = CIRCLE('',#2077,0.3555);
#2077 = AXIS2_PLACEMENT_3D('',#2078,#2079,#2080);
#2078 = CARTESIAN_POINT('',(322.69,-50.77,0.));
#2079 = DIRECTION('',(0.,0.,1.));
#2080 = DIRECTION('',(1.,0.,-0.));
#2081 = CYLINDRICAL_SURFACE('',#2082,0.3555);
#2082 = AXIS2_PLACEMENT_3D('',#2083,#2084,#2085);
#2083 = CARTESIAN_POINT('',(322.69,-50.77,0.));
#2084 = DIRECTION('',(0.,0.,1.));
#2085 = DIRECTION('',(1.,0.,-0.));
#2086 = ADVANCED_FACE('',(#2087),#2114,.F.);
#2087 = FACE_BOUND('',#2088,.F.);
#2088 = EDGE_LOOP('',(#2089,#2099,#2106,#2107));
#2089 = ORIENTED_EDGE('',*,*,#2090,.T.);
#2090 = EDGE_CURVE('',#2091,#2093,#2095,.T.);
#2091 = VERTEX_POINT('',#2092);
#2092 = CARTESIAN_POINT('',(320.5055,-50.77,0.));
#2093 = VERTEX_POINT('',#2094);
#2094 = CARTESIAN_POINT('',(320.5055,-50.77,-1.6));
#2095 = LINE('',#2096,#2097);
#2096 = CARTESIAN_POINT('',(320.5055,-50.77,0.));
#2097 = VECTOR('',#2098,1.);
#2098 = DIRECTION('',(0.,0.,-1.));
#2099 = ORIENTED_EDGE('',*,*,#2100,.T.);
#2100 = EDGE_CURVE('',#2093,#2093,#2101,.T.);
#2101 = CIRCLE('',#2102,0.3555);
#2102 = AXIS2_PLACEMENT_3D('',#2103,#2104,#2105);
#2103 = CARTESIAN_POINT('',(320.15,-50.77,-1.6));
#2104 = DIRECTION('',(0.,0.,1.));
#2105 = DIRECTION('',(1.,0.,-0.));
#2106 = ORIENTED_EDGE('',*,*,#2090,.F.);
#2107 = ORIENTED_EDGE('',*,*,#2108,.F.);
#2108 = EDGE_CURVE('',#2091,#2091,#2109,.T.);
#2109 = CIRCLE('',#2110,0.3555);
#2110 = AXIS2_PLACEMENT_3D('',#2111,#2112,#2113);
#2111 = CARTESIAN_POINT('',(320.15,-50.77,0.));
#2112 = DIRECTION('',(0.,0.,1.));
#2113 = DIRECTION('',(1.,0.,-0.));
#2114 = CYLINDRICAL_SURFACE('',#2115,0.3555);
#2115 = AXIS2_PLACEMENT_3D('',#2116,#2117,#2118);
#2116 = CARTESIAN_POINT('',(320.15,-50.77,0.));
#2117 = DIRECTION('',(0.,0.,1.));
#2118 = DIRECTION('',(1.,0.,-0.));
#2119 = ADVANCED_FACE('',(#2120),#2147,.F.);
#2120 = FACE_BOUND('',#2121,.F.);
#2121 = EDGE_LOOP('',(#2122,#2132,#2139,#2140));
#2122 = ORIENTED_EDGE('',*,*,#2123,.T.);
#2123 = EDGE_CURVE('',#2124,#2126,#2128,.T.);
#2124 = VERTEX_POINT('',#2125);
#2125 = CARTESIAN_POINT('',(317.9655,-50.77,0.));
#2126 = VERTEX_POINT('',#2127);
#2127 = CARTESIAN_POINT('',(317.9655,-50.77,-1.6));
#2128 = LINE('',#2129,#2130);
#2129 = CARTESIAN_POINT('',(317.9655,-50.77,0.));
#2130 = VECTOR('',#2131,1.);
#2131 = DIRECTION('',(0.,0.,-1.));
#2132 = ORIENTED_EDGE('',*,*,#2133,.T.);
#2133 = EDGE_CURVE('',#2126,#2126,#2134,.T.);
#2134 = CIRCLE('',#2135,0.3555);
#2135 = AXIS2_PLACEMENT_3D('',#2136,#2137,#2138);
#2136 = CARTESIAN_POINT('',(317.61,-50.77,-1.6));
#2137 = DIRECTION('',(0.,0.,1.));
#2138 = DIRECTION('',(1.,0.,-0.));
#2139 = ORIENTED_EDGE('',*,*,#2123,.F.);
#2140 = ORIENTED_EDGE('',*,*,#2141,.F.);
#2141 = EDGE_CURVE('',#2124,#2124,#2142,.T.);
#2142 = CIRCLE('',#2143,0.3555);
#2143 = AXIS2_PLACEMENT_3D('',#2144,#2145,#2146);
#2144 = CARTESIAN_POINT('',(317.61,-50.77,0.));
#2145 = DIRECTION('',(0.,0.,1.));
#2146 = DIRECTION('',(1.,0.,-0.));
#2147 = CYLINDRICAL_SURFACE('',#2148,0.3555);
#2148 = AXIS2_PLACEMENT_3D('',#2149,#2150,#2151);
#2149 = CARTESIAN_POINT('',(317.61,-50.77,0.));
#2150 = DIRECTION('',(0.,0.,1.));
#2151 = DIRECTION('',(1.,0.,-0.));
#2152 = ADVANCED_FACE('',(#2153),#2180,.F.);
#2153 = FACE_BOUND('',#2154,.F.);
#2154 = EDGE_LOOP('',(#2155,#2165,#2172,#2173));
#2155 = ORIENTED_EDGE('',*,*,#2156,.T.);
#2156 = EDGE_CURVE('',#2157,#2159,#2161,.T.);
#2157 = VERTEX_POINT('',#2158);
#2158 = CARTESIAN_POINT('',(315.4255,-50.77,0.));
#2159 = VERTEX_POINT('',#2160);
#2160 = CARTESIAN_POINT('',(315.4255,-50.77,-1.6));
#2161 = LINE('',#2162,#2163);
#2162 = CARTESIAN_POINT('',(315.4255,-50.77,0.));
#2163 = VECTOR('',#2164,1.);
#2164 = DIRECTION('',(0.,0.,-1.));
#2165 = ORIENTED_EDGE('',*,*,#2166,.T.);
#2166 = EDGE_CURVE('',#2159,#2159,#2167,.T.);
#2167 = CIRCLE('',#2168,0.3555);
#2168 = AXIS2_PLACEMENT_3D('',#2169,#2170,#2171);
#2169 = CARTESIAN_POINT('',(315.07,-50.77,-1.6));
#2170 = DIRECTION('',(0.,0.,1.));
#2171 = DIRECTION('',(1.,0.,-0.));
#2172 = ORIENTED_EDGE('',*,*,#2156,.F.);
#2173 = ORIENTED_EDGE('',*,*,#2174,.F.);
#2174 = EDGE_CURVE('',#2157,#2157,#2175,.T.);
#2175 = CIRCLE('',#2176,0.3555);
#2176 = AXIS2_PLACEMENT_3D('',#2177,#2178,#2179);
#2177 = CARTESIAN_POINT('',(315.07,-50.77,0.));
#2178 = DIRECTION('',(0.,0.,1.));
#2179 = DIRECTION('',(1.,0.,-0.));
#2180 = CYLINDRICAL_SURFACE('',#2181,0.3555);
#2181 = AXIS2_PLACEMENT_3D('',#2182,#2183,#2184);
#2182 = CARTESIAN_POINT('',(315.07,-50.77,0.));
#2183 = DIRECTION('',(0.,0.,1.));
#2184 = DIRECTION('',(1.,0.,-0.));
#2185 = ADVANCED_FACE('',(#2186),#2213,.F.);
#2186 = FACE_BOUND('',#2187,.F.);
#2187 = EDGE_LOOP('',(#2188,#2198,#2205,#2206));
#2188 = ORIENTED_EDGE('',*,*,#2189,.T.);
#2189 = EDGE_CURVE('',#2190,#2192,#2194,.T.);
#2190 = VERTEX_POINT('',#2191);
#2191 = CARTESIAN_POINT('',(312.8855,-50.77,0.));
#2192 = VERTEX_POINT('',#2193);
#2193 = CARTESIAN_POINT('',(312.8855,-50.77,-1.6));
#2194 = LINE('',#2195,#2196);
#2195 = CARTESIAN_POINT('',(312.8855,-50.77,0.));
#2196 = VECTOR('',#2197,1.);
#2197 = DIRECTION('',(0.,0.,-1.));
#2198 = ORIENTED_EDGE('',*,*,#2199,.T.);
#2199 = EDGE_CURVE('',#2192,#2192,#2200,.T.);
#2200 = CIRCLE('',#2201,0.3555);
#2201 = AXIS2_PLACEMENT_3D('',#2202,#2203,#2204);
#2202 = CARTESIAN_POINT('',(312.53,-50.77,-1.6));
#2203 = DIRECTION('',(0.,0.,1.));
#2204 = DIRECTION('',(1.,0.,-0.));
#2205 = ORIENTED_EDGE('',*,*,#2189,.F.);
#2206 = ORIENTED_EDGE('',*,*,#2207,.F.);
#2207 = EDGE_CURVE('',#2190,#2190,#2208,.T.);
#2208 = CIRCLE('',#2209,0.3555);
#2209 = AXIS2_PLACEMENT_3D('',#2210,#2211,#2212);
#2210 = CARTESIAN_POINT('',(312.53,-50.77,0.));
#2211 = DIRECTION('',(0.,0.,1.));
#2212 = DIRECTION('',(1.,0.,-0.));
#2213 = CYLINDRICAL_SURFACE('',#2214,0.3555);
#2214 = AXIS2_PLACEMENT_3D('',#2215,#2216,#2217);
#2215 = CARTESIAN_POINT('',(312.53,-50.77,0.));
#2216 = DIRECTION('',(0.,0.,1.));
#2217 = DIRECTION('',(1.,0.,-0.));
#2218 = ADVANCED_FACE('',(#2219),#2246,.F.);
#2219 = FACE_BOUND('',#2220,.F.);
#2220 = EDGE_LOOP('',(#2221,#2231,#2238,#2239));
#2221 = ORIENTED_EDGE('',*,*,#2222,.T.);
#2222 = EDGE_CURVE('',#2223,#2225,#2227,.T.);
#2223 = VERTEX_POINT('',#2224);
#2224 = CARTESIAN_POINT('',(308.77,-52.04,0.));
#2225 = VERTEX_POINT('',#2226);
#2226 = CARTESIAN_POINT('',(308.77,-52.04,-1.6));
#2227 = LINE('',#2228,#2229);
#2228 = CARTESIAN_POINT('',(308.77,-52.04,0.));
#2229 = VECTOR('',#2230,1.);
#2230 = DIRECTION('',(0.,0.,-1.));
#2231 = ORIENTED_EDGE('',*,*,#2232,.T.);
#2232 = EDGE_CURVE('',#2225,#2225,#2233,.T.);
#2233 = CIRCLE('',#2234,1.32);
#2234 = AXIS2_PLACEMENT_3D('',#2235,#2236,#2237);
#2235 = CARTESIAN_POINT('',(307.45,-52.04,-1.6));
#2236 = DIRECTION('',(0.,0.,1.));
#2237 = DIRECTION('',(1.,0.,-0.));
#2238 = ORIENTED_EDGE('',*,*,#2222,.F.);
#2239 = ORIENTED_EDGE('',*,*,#2240,.F.);
#2240 = EDGE_CURVE('',#2223,#2223,#2241,.T.);
#2241 = CIRCLE('',#2242,1.32);
#2242 = AXIS2_PLACEMENT_3D('',#2243,#2244,#2245);
#2243 = CARTESIAN_POINT('',(307.45,-52.04,0.));
#2244 = DIRECTION('',(0.,0.,1.));
#2245 = DIRECTION('',(1.,0.,-0.));
#2246 = CYLINDRICAL_SURFACE('',#2247,1.32);
#2247 = AXIS2_PLACEMENT_3D('',#2248,#2249,#2250);
#2248 = CARTESIAN_POINT('',(307.45,-52.04,0.));
#2249 = DIRECTION('',(0.,0.,1.));
#2250 = DIRECTION('',(1.,0.,-0.));
#2251 = ADVANCED_FACE('',(#2252),#2279,.F.);
#2252 = FACE_BOUND('',#2253,.F.);
#2253 = EDGE_LOOP('',(#2254,#2264,#2271,#2272));
#2254 = ORIENTED_EDGE('',*,*,#2255,.T.);
#2255 = EDGE_CURVE('',#2256,#2258,#2260,.T.);
#2256 = VERTEX_POINT('',#2257);
#2257 = CARTESIAN_POINT('',(249.125,-52.,0.));
#2258 = VERTEX_POINT('',#2259);
#2259 = CARTESIAN_POINT('',(249.125,-52.,-1.6));
#2260 = LINE('',#2261,#2262);
#2261 = CARTESIAN_POINT('',(249.125,-52.,0.));
#2262 = VECTOR('',#2263,1.);
#2263 = DIRECTION('',(0.,0.,-1.));
#2264 = ORIENTED_EDGE('',*,*,#2265,.T.);
#2265 = EDGE_CURVE('',#2258,#2258,#2266,.T.);
#2266 = CIRCLE('',#2267,1.1);
#2267 = AXIS2_PLACEMENT_3D('',#2268,#2269,#2270);
#2268 = CARTESIAN_POINT('',(248.025,-52.,-1.6));
#2269 = DIRECTION('',(0.,0.,1.));
#2270 = DIRECTION('',(1.,0.,-0.));
#2271 = ORIENTED_EDGE('',*,*,#2255,.F.);
#2272 = ORIENTED_EDGE('',*,*,#2273,.F.);
#2273 = EDGE_CURVE('',#2256,#2256,#2274,.T.);
#2274 = CIRCLE('',#2275,1.1);
#2275 = AXIS2_PLACEMENT_3D('',#2276,#2277,#2278);
#2276 = CARTESIAN_POINT('',(248.025,-52.,0.));
#2277 = DIRECTION('',(0.,0.,1.));
#2278 = DIRECTION('',(1.,0.,-0.));
#2279 = CYLINDRICAL_SURFACE('',#2280,1.1);
#2280 = AXIS2_PLACEMENT_3D('',#2281,#2282,#2283);
#2281 = CARTESIAN_POINT('',(248.025,-52.,0.));
#2282 = DIRECTION('',(0.,0.,1.));
#2283 = DIRECTION('',(1.,0.,-0.));
#2284 = ADVANCED_FACE('',(#2285),#2312,.F.);
#2285 = FACE_BOUND('',#2286,.F.);
#2286 = EDGE_LOOP('',(#2287,#2297,#2304,#2305));
#2287 = ORIENTED_EDGE('',*,*,#2288,.T.);
#2288 = EDGE_CURVE('',#2289,#2291,#2293,.T.);
#2289 = VERTEX_POINT('',#2290);
#2290 = CARTESIAN_POINT('',(149.125,-52.,0.));
#2291 = VERTEX_POINT('',#2292);
#2292 = CARTESIAN_POINT('',(149.125,-52.,-1.6));
#2293 = LINE('',#2294,#2295);
#2294 = CARTESIAN_POINT('',(149.125,-52.,0.));
#2295 = VECTOR('',#2296,1.);
#2296 = DIRECTION('',(0.,0.,-1.));
#2297 = ORIENTED_EDGE('',*,*,#2298,.T.);
#2298 = EDGE_CURVE('',#2291,#2291,#2299,.T.);
#2299 = CIRCLE('',#2300,1.1);
#2300 = AXIS2_PLACEMENT_3D('',#2301,#2302,#2303);
#2301 = CARTESIAN_POINT('',(148.025,-52.,-1.6));
#2302 = DIRECTION('',(0.,0.,1.));
#2303 = DIRECTION('',(1.,0.,-0.));
#2304 = ORIENTED_EDGE('',*,*,#2288,.F.);
#2305 = ORIENTED_EDGE('',*,*,#2306,.F.);
#2306 = EDGE_CURVE('',#2289,#2289,#2307,.T.);
#2307 = CIRCLE('',#2308,1.1);
#2308 = AXIS2_PLACEMENT_3D('',#2309,#2310,#2311);
#2309 = CARTESIAN_POINT('',(148.025,-52.,0.));
#2310 = DIRECTION('',(0.,0.,1.));
#2311 = DIRECTION('',(1.,0.,-0.));
#2312 = CYLINDRICAL_SURFACE('',#2313,1.1);
#2313 = AXIS2_PLACEMENT_3D('',#2314,#2315,#2316);
#2314 = CARTESIAN_POINT('',(148.025,-52.,0.));
#2315 = DIRECTION('',(0.,0.,1.));
#2316 = DIRECTION('',(1.,0.,-0.));
#2317 = ADVANCED_FACE('',(#2318),#2345,.F.);
#2318 = FACE_BOUND('',#2319,.F.);
#2319 = EDGE_LOOP('',(#2320,#2330,#2337,#2338));
#2320 = ORIENTED_EDGE('',*,*,#2321,.T.);
#2321 = EDGE_CURVE('',#2322,#2324,#2326,.T.);
#2322 = VERTEX_POINT('',#2323);
#2323 = CARTESIAN_POINT('',(71.825,-53.,0.));
#2324 = VERTEX_POINT('',#2325);
#2325 = CARTESIAN_POINT('',(71.825,-53.,-1.6));
#2326 = LINE('',#2327,#2328);
#2327 = CARTESIAN_POINT('',(71.825,-53.,0.));
#2328 = VECTOR('',#2329,1.);
#2329 = DIRECTION('',(0.,0.,-1.));
#2330 = ORIENTED_EDGE('',*,*,#2331,.T.);
#2331 = EDGE_CURVE('',#2324,#2324,#2332,.T.);
#2332 = CIRCLE('',#2333,1.1);
#2333 = AXIS2_PLACEMENT_3D('',#2334,#2335,#2336);
#2334 = CARTESIAN_POINT('',(70.725,-53.,-1.6));
#2335 = DIRECTION('',(0.,0.,1.));
#2336 = DIRECTION('',(1.,0.,-0.));
#2337 = ORIENTED_EDGE('',*,*,#2321,.F.);
#2338 = ORIENTED_EDGE('',*,*,#2339,.F.);
#2339 = EDGE_CURVE('',#2322,#2322,#2340,.T.);
#2340 = CIRCLE('',#2341,1.1);
#2341 = AXIS2_PLACEMENT_3D('',#2342,#2343,#2344);
#2342 = CARTESIAN_POINT('',(70.725,-53.,0.));
#2343 = DIRECTION('',(0.,0.,1.));
#2344 = DIRECTION('',(1.,0.,-0.));
#2345 = CYLINDRICAL_SURFACE('',#2346,1.1);
#2346 = AXIS2_PLACEMENT_3D('',#2347,#2348,#2349);
#2347 = CARTESIAN_POINT('',(70.725,-53.,0.));
#2348 = DIRECTION('',(0.,0.,1.));
#2349 = DIRECTION('',(1.,0.,-0.));
#2350 = ADVANCED_FACE('',(#2351),#2378,.F.);
#2351 = FACE_BOUND('',#2352,.F.);
#2352 = EDGE_LOOP('',(#2353,#2363,#2370,#2371));
#2353 = ORIENTED_EDGE('',*,*,#2354,.T.);
#2354 = EDGE_CURVE('',#2355,#2357,#2359,.T.);
#2355 = VERTEX_POINT('',#2356);
#2356 = CARTESIAN_POINT('',(50.35,-53.,0.));
#2357 = VERTEX_POINT('',#2358);
#2358 = CARTESIAN_POINT('',(50.35,-53.,-1.6));
#2359 = LINE('',#2360,#2361);
#2360 = CARTESIAN_POINT('',(50.35,-53.,0.));
#2361 = VECTOR('',#2362,1.);
#2362 = DIRECTION('',(0.,0.,-1.));
#2363 = ORIENTED_EDGE('',*,*,#2364,.T.);
#2364 = EDGE_CURVE('',#2357,#2357,#2365,.T.);
#2365 = CIRCLE('',#2366,1.1);
#2366 = AXIS2_PLACEMENT_3D('',#2367,#2368,#2369);
#2367 = CARTESIAN_POINT('',(49.25,-53.,-1.6));
#2368 = DIRECTION('',(0.,0.,1.));
#2369 = DIRECTION('',(1.,0.,-0.));
#2370 = ORIENTED_EDGE('',*,*,#2354,.F.);
#2371 = ORIENTED_EDGE('',*,*,#2372,.F.);
#2372 = EDGE_CURVE('',#2355,#2355,#2373,.T.);
#2373 = CIRCLE('',#2374,1.1);
#2374 = AXIS2_PLACEMENT_3D('',#2375,#2376,#2377);
#2375 = CARTESIAN_POINT('',(49.25,-53.,0.));
#2376 = DIRECTION('',(0.,0.,1.));
#2377 = DIRECTION('',(1.,0.,-0.));
#2378 = CYLINDRICAL_SURFACE('',#2379,1.1);
#2379 = AXIS2_PLACEMENT_3D('',#2380,#2381,#2382);
#2380 = CARTESIAN_POINT('',(49.25,-53.,0.));
#2381 = DIRECTION('',(0.,0.,1.));
#2382 = DIRECTION('',(1.,0.,-0.));
#2383 = ADVANCED_FACE('',(#2384,#2390,#2393,#2396,#2399,#2402,#2405,
    #2408,#2411,#2414,#2417,#2420,#2423,#2426,#2429,#2432,#2435,#2438,
    #2441,#2444,#2447,#2450,#2453,#2456,#2459,#2462,#2465,#2468,#2471,
    #2474,#2477,#2480,#2483,#2489,#2492,#2495,#2498,#2501,#2504,#2507,
    #2510,#2513,#2516,#2519,#2522,#2525,#2528,#2531,#2534,#2537,#2540,
    #2543,#2546,#2549,#2552,#2555,#2558,#2561,#2564,#2567,#2570,#2573,
    #2576,#2579),#2582,.F.);
#2384 = FACE_BOUND('',#2385,.F.);
#2385 = EDGE_LOOP('',(#2386,#2387,#2388,#2389));
#2386 = ORIENTED_EDGE('',*,*,#119,.T.);
#2387 = ORIENTED_EDGE('',*,*,#181,.T.);
#2388 = ORIENTED_EDGE('',*,*,#203,.T.);
#2389 = ORIENTED_EDGE('',*,*,#150,.T.);
#2390 = FACE_BOUND('',#2391,.F.);
#2391 = EDGE_LOOP('',(#2392));
#2392 = ORIENTED_EDGE('',*,*,#235,.T.);
#2393 = FACE_BOUND('',#2394,.F.);
#2394 = EDGE_LOOP('',(#2395));
#2395 = ORIENTED_EDGE('',*,*,#268,.T.);
#2396 = FACE_BOUND('',#2397,.F.);
#2397 = EDGE_LOOP('',(#2398));
#2398 = ORIENTED_EDGE('',*,*,#301,.T.);
#2399 = FACE_BOUND('',#2400,.F.);
#2400 = EDGE_LOOP('',(#2401));
#2401 = ORIENTED_EDGE('',*,*,#334,.T.);
#2402 = FACE_BOUND('',#2403,.F.);
#2403 = EDGE_LOOP('',(#2404));
#2404 = ORIENTED_EDGE('',*,*,#367,.T.);
#2405 = FACE_BOUND('',#2406,.F.);
#2406 = EDGE_LOOP('',(#2407));
#2407 = ORIENTED_EDGE('',*,*,#400,.T.);
#2408 = FACE_BOUND('',#2409,.F.);
#2409 = EDGE_LOOP('',(#2410));
#2410 = ORIENTED_EDGE('',*,*,#433,.T.);
#2411 = FACE_BOUND('',#2412,.F.);
#2412 = EDGE_LOOP('',(#2413));
#2413 = ORIENTED_EDGE('',*,*,#466,.T.);
#2414 = FACE_BOUND('',#2415,.F.);
#2415 = EDGE_LOOP('',(#2416));
#2416 = ORIENTED_EDGE('',*,*,#499,.T.);
#2417 = FACE_BOUND('',#2418,.F.);
#2418 = EDGE_LOOP('',(#2419));
#2419 = ORIENTED_EDGE('',*,*,#532,.T.);
#2420 = FACE_BOUND('',#2421,.F.);
#2421 = EDGE_LOOP('',(#2422));
#2422 = ORIENTED_EDGE('',*,*,#565,.T.);
#2423 = FACE_BOUND('',#2424,.F.);
#2424 = EDGE_LOOP('',(#2425));
#2425 = ORIENTED_EDGE('',*,*,#598,.T.);
#2426 = FACE_BOUND('',#2427,.F.);
#2427 = EDGE_LOOP('',(#2428));
#2428 = ORIENTED_EDGE('',*,*,#631,.T.);
#2429 = FACE_BOUND('',#2430,.F.);
#2430 = EDGE_LOOP('',(#2431));
#2431 = ORIENTED_EDGE('',*,*,#664,.T.);
#2432 = FACE_BOUND('',#2433,.F.);
#2433 = EDGE_LOOP('',(#2434));
#2434 = ORIENTED_EDGE('',*,*,#697,.T.);
#2435 = FACE_BOUND('',#2436,.F.);
#2436 = EDGE_LOOP('',(#2437));
#2437 = ORIENTED_EDGE('',*,*,#730,.T.);
#2438 = FACE_BOUND('',#2439,.F.);
#2439 = EDGE_LOOP('',(#2440));
#2440 = ORIENTED_EDGE('',*,*,#763,.T.);
#2441 = FACE_BOUND('',#2442,.F.);
#2442 = EDGE_LOOP('',(#2443));
#2443 = ORIENTED_EDGE('',*,*,#796,.T.);
#2444 = FACE_BOUND('',#2445,.F.);
#2445 = EDGE_LOOP('',(#2446));
#2446 = ORIENTED_EDGE('',*,*,#829,.T.);
#2447 = FACE_BOUND('',#2448,.F.);
#2448 = EDGE_LOOP('',(#2449));
#2449 = ORIENTED_EDGE('',*,*,#862,.T.);
#2450 = FACE_BOUND('',#2451,.F.);
#2451 = EDGE_LOOP('',(#2452));
#2452 = ORIENTED_EDGE('',*,*,#895,.T.);
#2453 = FACE_BOUND('',#2454,.F.);
#2454 = EDGE_LOOP('',(#2455));
#2455 = ORIENTED_EDGE('',*,*,#928,.T.);
#2456 = FACE_BOUND('',#2457,.F.);
#2457 = EDGE_LOOP('',(#2458));
#2458 = ORIENTED_EDGE('',*,*,#961,.T.);
#2459 = FACE_BOUND('',#2460,.F.);
#2460 = EDGE_LOOP('',(#2461));
#2461 = ORIENTED_EDGE('',*,*,#994,.T.);
#2462 = FACE_BOUND('',#2463,.F.);
#2463 = EDGE_LOOP('',(#2464));
#2464 = ORIENTED_EDGE('',*,*,#1027,.T.);
#2465 = FACE_BOUND('',#2466,.F.);
#2466 = EDGE_LOOP('',(#2467));
#2467 = ORIENTED_EDGE('',*,*,#1060,.T.);
#2468 = FACE_BOUND('',#2469,.F.);
#2469 = EDGE_LOOP('',(#2470));
#2470 = ORIENTED_EDGE('',*,*,#1093,.T.);
#2471 = FACE_BOUND('',#2472,.F.);
#2472 = EDGE_LOOP('',(#2473));
#2473 = ORIENTED_EDGE('',*,*,#1126,.T.);
#2474 = FACE_BOUND('',#2475,.F.);
#2475 = EDGE_LOOP('',(#2476));
#2476 = ORIENTED_EDGE('',*,*,#1159,.T.);
#2477 = FACE_BOUND('',#2478,.F.);
#2478 = EDGE_LOOP('',(#2479));
#2479 = ORIENTED_EDGE('',*,*,#1192,.T.);
#2480 = FACE_BOUND('',#2481,.F.);
#2481 = EDGE_LOOP('',(#2482));
#2482 = ORIENTED_EDGE('',*,*,#1225,.T.);
#2483 = FACE_BOUND('',#2484,.F.);
#2484 = EDGE_LOOP('',(#2485,#2486,#2487,#2488));
#2485 = ORIENTED_EDGE('',*,*,#1266,.F.);
#2486 = ORIENTED_EDGE('',*,*,#1297,.F.);
#2487 = ORIENTED_EDGE('',*,*,#1350,.F.);
#2488 = ORIENTED_EDGE('',*,*,#1328,.F.);
#2489 = FACE_BOUND('',#2490,.F.);
#2490 = EDGE_LOOP('',(#2491));
#2491 = ORIENTED_EDGE('',*,*,#1382,.T.);
#2492 = FACE_BOUND('',#2493,.F.);
#2493 = EDGE_LOOP('',(#2494));
#2494 = ORIENTED_EDGE('',*,*,#1415,.T.);
#2495 = FACE_BOUND('',#2496,.F.);
#2496 = EDGE_LOOP('',(#2497));
#2497 = ORIENTED_EDGE('',*,*,#1448,.T.);
#2498 = FACE_BOUND('',#2499,.F.);
#2499 = EDGE_LOOP('',(#2500));
#2500 = ORIENTED_EDGE('',*,*,#1481,.T.);
#2501 = FACE_BOUND('',#2502,.F.);
#2502 = EDGE_LOOP('',(#2503));
#2503 = ORIENTED_EDGE('',*,*,#1514,.T.);
#2504 = FACE_BOUND('',#2505,.F.);
#2505 = EDGE_LOOP('',(#2506));
#2506 = ORIENTED_EDGE('',*,*,#1547,.T.);
#2507 = FACE_BOUND('',#2508,.F.);
#2508 = EDGE_LOOP('',(#2509));
#2509 = ORIENTED_EDGE('',*,*,#1580,.T.);
#2510 = FACE_BOUND('',#2511,.F.);
#2511 = EDGE_LOOP('',(#2512));
#2512 = ORIENTED_EDGE('',*,*,#1613,.T.);
#2513 = FACE_BOUND('',#2514,.F.);
#2514 = EDGE_LOOP('',(#2515));
#2515 = ORIENTED_EDGE('',*,*,#1646,.T.);
#2516 = FACE_BOUND('',#2517,.F.);
#2517 = EDGE_LOOP('',(#2518));
#2518 = ORIENTED_EDGE('',*,*,#1679,.T.);
#2519 = FACE_BOUND('',#2520,.F.);
#2520 = EDGE_LOOP('',(#2521));
#2521 = ORIENTED_EDGE('',*,*,#1712,.T.);
#2522 = FACE_BOUND('',#2523,.F.);
#2523 = EDGE_LOOP('',(#2524));
#2524 = ORIENTED_EDGE('',*,*,#1745,.T.);
#2525 = FACE_BOUND('',#2526,.F.);
#2526 = EDGE_LOOP('',(#2527));
#2527 = ORIENTED_EDGE('',*,*,#1778,.T.);
#2528 = FACE_BOUND('',#2529,.F.);
#2529 = EDGE_LOOP('',(#2530));
#2530 = ORIENTED_EDGE('',*,*,#1811,.T.);
#2531 = FACE_BOUND('',#2532,.F.);
#2532 = EDGE_LOOP('',(#2533));
#2533 = ORIENTED_EDGE('',*,*,#1844,.T.);
#2534 = FACE_BOUND('',#2535,.F.);
#2535 = EDGE_LOOP('',(#2536));
#2536 = ORIENTED_EDGE('',*,*,#1877,.T.);
#2537 = FACE_BOUND('',#2538,.F.);
#2538 = EDGE_LOOP('',(#2539));
#2539 = ORIENTED_EDGE('',*,*,#1910,.T.);
#2540 = FACE_BOUND('',#2541,.F.);
#2541 = EDGE_LOOP('',(#2542));
#2542 = ORIENTED_EDGE('',*,*,#1943,.T.);
#2543 = FACE_BOUND('',#2544,.F.);
#2544 = EDGE_LOOP('',(#2545));
#2545 = ORIENTED_EDGE('',*,*,#1976,.T.);
#2546 = FACE_BOUND('',#2547,.F.);
#2547 = EDGE_LOOP('',(#2548));
#2548 = ORIENTED_EDGE('',*,*,#2009,.T.);
#2549 = FACE_BOUND('',#2550,.F.);
#2550 = EDGE_LOOP('',(#2551));
#2551 = ORIENTED_EDGE('',*,*,#2042,.T.);
#2552 = FACE_BOUND('',#2553,.F.);
#2553 = EDGE_LOOP('',(#2554));
#2554 = ORIENTED_EDGE('',*,*,#2075,.T.);
#2555 = FACE_BOUND('',#2556,.F.);
#2556 = EDGE_LOOP('',(#2557));
#2557 = ORIENTED_EDGE('',*,*,#2108,.T.);
#2558 = FACE_BOUND('',#2559,.F.);
#2559 = EDGE_LOOP('',(#2560));
#2560 = ORIENTED_EDGE('',*,*,#2141,.T.);
#2561 = FACE_BOUND('',#2562,.F.);
#2562 = EDGE_LOOP('',(#2563));
#2563 = ORIENTED_EDGE('',*,*,#2174,.T.);
#2564 = FACE_BOUND('',#2565,.F.);
#2565 = EDGE_LOOP('',(#2566));
#2566 = ORIENTED_EDGE('',*,*,#2207,.T.);
#2567 = FACE_BOUND('',#2568,.F.);
#2568 = EDGE_LOOP('',(#2569));
#2569 = ORIENTED_EDGE('',*,*,#2240,.T.);
#2570 = FACE_BOUND('',#2571,.F.);
#2571 = EDGE_LOOP('',(#2572));
#2572 = ORIENTED_EDGE('',*,*,#2273,.T.);
#2573 = FACE_BOUND('',#2574,.F.);
#2574 = EDGE_LOOP('',(#2575));
#2575 = ORIENTED_EDGE('',*,*,#2306,.T.);
#2576 = FACE_BOUND('',#2577,.F.);
#2577 = EDGE_LOOP('',(#2578));
#2578 = ORIENTED_EDGE('',*,*,#2339,.T.);
#2579 = FACE_BOUND('',#2580,.F.);
#2580 = EDGE_LOOP('',(#2581));
#2581 = ORIENTED_EDGE('',*,*,#2372,.T.);
#2582 = PLANE('',#2583);
#2583 = AXIS2_PLACEMENT_3D('',#2584,#2585,#2586);
#2584 = CARTESIAN_POINT('',(198.,-60.,0.));
#2585 = DIRECTION('',(-0.,-0.,-1.));
#2586 = DIRECTION('',(-1.,0.,0.));
#2587 = ADVANCED_FACE('',(#2588,#2594,#2597,#2600,#2603,#2606,#2609,
    #2612,#2615,#2618,#2621,#2624,#2627,#2630,#2633,#2636,#2639,#2642,
    #2645,#2648,#2651,#2654,#2657,#2660,#2663,#2666,#2669,#2672,#2675,
    #2678,#2681,#2684,#2687,#2693,#2696,#2699,#2702,#2705,#2708,#2711,
    #2714,#2717,#2720,#2723,#2726,#2729,#2732,#2735,#2738,#2741,#2744,
    #2747,#2750,#2753,#2756,#2759,#2762,#2765,#2768,#2771,#2774,#2777,
    #2780,#2783),#2786,.T.);
#2588 = FACE_BOUND('',#2589,.T.);
#2589 = EDGE_LOOP('',(#2590,#2591,#2592,#2593));
#2590 = ORIENTED_EDGE('',*,*,#103,.T.);
#2591 = ORIENTED_EDGE('',*,*,#165,.T.);
#2592 = ORIENTED_EDGE('',*,*,#196,.T.);
#2593 = ORIENTED_EDGE('',*,*,#143,.T.);
#2594 = FACE_BOUND('',#2595,.T.);
#2595 = EDGE_LOOP('',(#2596));
#2596 = ORIENTED_EDGE('',*,*,#227,.T.);
#2597 = FACE_BOUND('',#2598,.T.);
#2598 = EDGE_LOOP('',(#2599));
#2599 = ORIENTED_EDGE('',*,*,#260,.T.);
#2600 = FACE_BOUND('',#2601,.T.);
#2601 = EDGE_LOOP('',(#2602));
#2602 = ORIENTED_EDGE('',*,*,#293,.T.);
#2603 = FACE_BOUND('',#2604,.T.);
#2604 = EDGE_LOOP('',(#2605));
#2605 = ORIENTED_EDGE('',*,*,#326,.T.);
#2606 = FACE_BOUND('',#2607,.T.);
#2607 = EDGE_LOOP('',(#2608));
#2608 = ORIENTED_EDGE('',*,*,#359,.T.);
#2609 = FACE_BOUND('',#2610,.T.);
#2610 = EDGE_LOOP('',(#2611));
#2611 = ORIENTED_EDGE('',*,*,#392,.T.);
#2612 = FACE_BOUND('',#2613,.T.);
#2613 = EDGE_LOOP('',(#2614));
#2614 = ORIENTED_EDGE('',*,*,#425,.T.);
#2615 = FACE_BOUND('',#2616,.T.);
#2616 = EDGE_LOOP('',(#2617));
#2617 = ORIENTED_EDGE('',*,*,#458,.T.);
#2618 = FACE_BOUND('',#2619,.T.);
#2619 = EDGE_LOOP('',(#2620));
#2620 = ORIENTED_EDGE('',*,*,#491,.T.);
#2621 = FACE_BOUND('',#2622,.T.);
#2622 = EDGE_LOOP('',(#2623));
#2623 = ORIENTED_EDGE('',*,*,#524,.T.);
#2624 = FACE_BOUND('',#2625,.T.);
#2625 = EDGE_LOOP('',(#2626));
#2626 = ORIENTED_EDGE('',*,*,#557,.T.);
#2627 = FACE_BOUND('',#2628,.T.);
#2628 = EDGE_LOOP('',(#2629));
#2629 = ORIENTED_EDGE('',*,*,#590,.T.);
#2630 = FACE_BOUND('',#2631,.T.);
#2631 = EDGE_LOOP('',(#2632));
#2632 = ORIENTED_EDGE('',*,*,#623,.T.);
#2633 = FACE_BOUND('',#2634,.T.);
#2634 = EDGE_LOOP('',(#2635));
#2635 = ORIENTED_EDGE('',*,*,#656,.T.);
#2636 = FACE_BOUND('',#2637,.T.);
#2637 = EDGE_LOOP('',(#2638));
#2638 = ORIENTED_EDGE('',*,*,#689,.T.);
#2639 = FACE_BOUND('',#2640,.T.);
#2640 = EDGE_LOOP('',(#2641));
#2641 = ORIENTED_EDGE('',*,*,#722,.T.);
#2642 = FACE_BOUND('',#2643,.T.);
#2643 = EDGE_LOOP('',(#2644));
#2644 = ORIENTED_EDGE('',*,*,#755,.T.);
#2645 = FACE_BOUND('',#2646,.T.);
#2646 = EDGE_LOOP('',(#2647));
#2647 = ORIENTED_EDGE('',*,*,#788,.T.);
#2648 = FACE_BOUND('',#2649,.T.);
#2649 = EDGE_LOOP('',(#2650));
#2650 = ORIENTED_EDGE('',*,*,#821,.T.);
#2651 = FACE_BOUND('',#2652,.T.);
#2652 = EDGE_LOOP('',(#2653));
#2653 = ORIENTED_EDGE('',*,*,#854,.T.);
#2654 = FACE_BOUND('',#2655,.T.);
#2655 = EDGE_LOOP('',(#2656));
#2656 = ORIENTED_EDGE('',*,*,#887,.T.);
#2657 = FACE_BOUND('',#2658,.T.);
#2658 = EDGE_LOOP('',(#2659));
#2659 = ORIENTED_EDGE('',*,*,#920,.T.);
#2660 = FACE_BOUND('',#2661,.T.);
#2661 = EDGE_LOOP('',(#2662));
#2662 = ORIENTED_EDGE('',*,*,#953,.T.);
#2663 = FACE_BOUND('',#2664,.T.);
#2664 = EDGE_LOOP('',(#2665));
#2665 = ORIENTED_EDGE('',*,*,#986,.T.);
#2666 = FACE_BOUND('',#2667,.T.);
#2667 = EDGE_LOOP('',(#2668));
#2668 = ORIENTED_EDGE('',*,*,#1019,.T.);
#2669 = FACE_BOUND('',#2670,.T.);
#2670 = EDGE_LOOP('',(#2671));
#2671 = ORIENTED_EDGE('',*,*,#1052,.T.);
#2672 = FACE_BOUND('',#2673,.T.);
#2673 = EDGE_LOOP('',(#2674));
#2674 = ORIENTED_EDGE('',*,*,#1085,.T.);
#2675 = FACE_BOUND('',#2676,.T.);
#2676 = EDGE_LOOP('',(#2677));
#2677 = ORIENTED_EDGE('',*,*,#1118,.T.);
#2678 = FACE_BOUND('',#2679,.T.);
#2679 = EDGE_LOOP('',(#2680));
#2680 = ORIENTED_EDGE('',*,*,#1151,.T.);
#2681 = FACE_BOUND('',#2682,.T.);
#2682 = EDGE_LOOP('',(#2683));
#2683 = ORIENTED_EDGE('',*,*,#1184,.T.);
#2684 = FACE_BOUND('',#2685,.T.);
#2685 = EDGE_LOOP('',(#2686));
#2686 = ORIENTED_EDGE('',*,*,#1217,.T.);
#2687 = FACE_BOUND('',#2688,.T.);
#2688 = EDGE_LOOP('',(#2689,#2690,#2691,#2692));
#2689 = ORIENTED_EDGE('',*,*,#1250,.F.);
#2690 = ORIENTED_EDGE('',*,*,#1290,.F.);
#2691 = ORIENTED_EDGE('',*,*,#1343,.F.);
#2692 = ORIENTED_EDGE('',*,*,#1312,.F.);
#2693 = FACE_BOUND('',#2694,.T.);
#2694 = EDGE_LOOP('',(#2695));
#2695 = ORIENTED_EDGE('',*,*,#1374,.T.);
#2696 = FACE_BOUND('',#2697,.T.);
#2697 = EDGE_LOOP('',(#2698));
#2698 = ORIENTED_EDGE('',*,*,#1407,.T.);
#2699 = FACE_BOUND('',#2700,.T.);
#2700 = EDGE_LOOP('',(#2701));
#2701 = ORIENTED_EDGE('',*,*,#1440,.T.);
#2702 = FACE_BOUND('',#2703,.T.);
#2703 = EDGE_LOOP('',(#2704));
#2704 = ORIENTED_EDGE('',*,*,#1473,.T.);
#2705 = FACE_BOUND('',#2706,.T.);
#2706 = EDGE_LOOP('',(#2707));
#2707 = ORIENTED_EDGE('',*,*,#1506,.T.);
#2708 = FACE_BOUND('',#2709,.T.);
#2709 = EDGE_LOOP('',(#2710));
#2710 = ORIENTED_EDGE('',*,*,#1539,.T.);
#2711 = FACE_BOUND('',#2712,.T.);
#2712 = EDGE_LOOP('',(#2713));
#2713 = ORIENTED_EDGE('',*,*,#1572,.T.);
#2714 = FACE_BOUND('',#2715,.T.);
#2715 = EDGE_LOOP('',(#2716));
#2716 = ORIENTED_EDGE('',*,*,#1605,.T.);
#2717 = FACE_BOUND('',#2718,.T.);
#2718 = EDGE_LOOP('',(#2719));
#2719 = ORIENTED_EDGE('',*,*,#1638,.T.);
#2720 = FACE_BOUND('',#2721,.T.);
#2721 = EDGE_LOOP('',(#2722));
#2722 = ORIENTED_EDGE('',*,*,#1671,.T.);
#2723 = FACE_BOUND('',#2724,.T.);
#2724 = EDGE_LOOP('',(#2725));
#2725 = ORIENTED_EDGE('',*,*,#1704,.T.);
#2726 = FACE_BOUND('',#2727,.T.);
#2727 = EDGE_LOOP('',(#2728));
#2728 = ORIENTED_EDGE('',*,*,#1737,.T.);
#2729 = FACE_BOUND('',#2730,.T.);
#2730 = EDGE_LOOP('',(#2731));
#2731 = ORIENTED_EDGE('',*,*,#1770,.T.);
#2732 = FACE_BOUND('',#2733,.T.);
#2733 = EDGE_LOOP('',(#2734));
#2734 = ORIENTED_EDGE('',*,*,#1803,.T.);
#2735 = FACE_BOUND('',#2736,.T.);
#2736 = EDGE_LOOP('',(#2737));
#2737 = ORIENTED_EDGE('',*,*,#1836,.T.);
#2738 = FACE_BOUND('',#2739,.T.);
#2739 = EDGE_LOOP('',(#2740));
#2740 = ORIENTED_EDGE('',*,*,#1869,.T.);
#2741 = FACE_BOUND('',#2742,.T.);
#2742 = EDGE_LOOP('',(#2743));
#2743 = ORIENTED_EDGE('',*,*,#1902,.T.);
#2744 = FACE_BOUND('',#2745,.T.);
#2745 = EDGE_LOOP('',(#2746));
#2746 = ORIENTED_EDGE('',*,*,#1935,.T.);
#2747 = FACE_BOUND('',#2748,.T.);
#2748 = EDGE_LOOP('',(#2749));
#2749 = ORIENTED_EDGE('',*,*,#1968,.T.);
#2750 = FACE_BOUND('',#2751,.T.);
#2751 = EDGE_LOOP('',(#2752));
#2752 = ORIENTED_EDGE('',*,*,#2001,.T.);
#2753 = FACE_BOUND('',#2754,.T.);
#2754 = EDGE_LOOP('',(#2755));
#2755 = ORIENTED_EDGE('',*,*,#2034,.T.);
#2756 = FACE_BOUND('',#2757,.T.);
#2757 = EDGE_LOOP('',(#2758));
#2758 = ORIENTED_EDGE('',*,*,#2067,.T.);
#2759 = FACE_BOUND('',#2760,.T.);
#2760 = EDGE_LOOP('',(#2761));
#2761 = ORIENTED_EDGE('',*,*,#2100,.T.);
#2762 = FACE_BOUND('',#2763,.T.);
#2763 = EDGE_LOOP('',(#2764));
#2764 = ORIENTED_EDGE('',*,*,#2133,.T.);
#2765 = FACE_BOUND('',#2766,.T.);
#2766 = EDGE_LOOP('',(#2767));
#2767 = ORIENTED_EDGE('',*,*,#2166,.T.);
#2768 = FACE_BOUND('',#2769,.T.);
#2769 = EDGE_LOOP('',(#2770));
#2770 = ORIENTED_EDGE('',*,*,#2199,.T.);
#2771 = FACE_BOUND('',#2772,.T.);
#2772 = EDGE_LOOP('',(#2773));
#2773 = ORIENTED_EDGE('',*,*,#2232,.T.);
#2774 = FACE_BOUND('',#2775,.T.);
#2775 = EDGE_LOOP('',(#2776));
#2776 = ORIENTED_EDGE('',*,*,#2265,.T.);
#2777 = FACE_BOUND('',#2778,.T.);
#2778 = EDGE_LOOP('',(#2779));
#2779 = ORIENTED_EDGE('',*,*,#2298,.T.);
#2780 = FACE_BOUND('',#2781,.T.);
#2781 = EDGE_LOOP('',(#2782));
#2782 = ORIENTED_EDGE('',*,*,#2331,.T.);
#2783 = FACE_BOUND('',#2784,.T.);
#2784 = EDGE_LOOP('',(#2785));
#2785 = ORIENTED_EDGE('',*,*,#2364,.T.);
#2786 = PLANE('',#2787);
#2787 = AXIS2_PLACEMENT_3D('',#2788,#2789,#2790);
#2788 = CARTESIAN_POINT('',(198.,-60.,-1.6));
#2789 = DIRECTION('',(-0.,-0.,-1.));
#2790 = DIRECTION('',(-1.,0.,0.));
#2791 = ( GEOMETRIC_REPRESENTATION_CONTEXT(3) 
GLOBAL_UNCERTAINTY_ASSIGNED_CONTEXT((#2795)) 
GLOBAL_UNIT_ASSIGNED_CONTEXT((#2792,#2793,#2794)) REPRESENTATION_CONTEXT
('Context #1','3D Context with UNIT and UNCERTAINTY') );
#2792 = ( LENGTH_UNIT() NAMED_UNIT(*) SI_UNIT(.MILLI.,.METRE.) );
#2793 = ( NAMED_UNIT(*) PLANE_ANGLE_UNIT() SI_UNIT($,.RADIAN.) );
#2794 = ( NAMED_UNIT(*) SI_UNIT($,.STERADIAN.) SOLID_ANGLE_UNIT() );
#2795 = UNCERTAINTY_MEASURE_WITH_UNIT(LENGTH_MEASURE(1.E-07),#2792,
  'distance_accuracy_value','confusion accuracy');
#2796 = CONTEXT_DEPENDENT_SHAPE_REPRESENTATION(#2797,#2799);
#2797 = ( REPRESENTATION_RELATIONSHIP('','',#86,#59) 
REPRESENTATION_RELATIONSHIP_WITH_TRANSFORMATION(#2798) 
SHAPE_REPRESENTATION_RELATIONSHIP() );
#2798 = ITEM_DEFINED_TRANSFORMATION('','',#11,#60);
#2799 = PRODUCT_DEFINITION_SHAPE('Placement','Placement of an item',
  #2800);
#2800 = NEXT_ASSEMBLY_USAGE_OCCURRENCE('200','Pcb_93b0','',#54,#81,$);
#2801 = PRODUCT_RELATED_PRODUCT_CATEGORY('part',$,(#83));
#2802 = SHAPE_DEFINITION_REPRESENTATION(#2803,#2809);
#2803 = PRODUCT_DEFINITION_SHAPE('','',#2804);
#2804 = PRODUCT_DEFINITION('design','',#2805,#2808);
#2805 = PRODUCT_DEFINITION_FORMATION('','',#2806);
#2806 = PRODUCT('PCB_Sketch_93b0','PCB_Sketch_93b0','',(#2807));
#2807 = PRODUCT_CONTEXT('',#2,'mechanical');
#2808 = PRODUCT_DEFINITION_CONTEXT('part definition',#2,'design');
#2809 = SHAPE_REPRESENTATION('',(#11,#2810,#2839),#2868);
#2810 = GEOMETRIC_CURVE_SET('',(#2811,#2818,#2825,#2832));
#2811 = TRIMMED_CURVE('',#2812,(#2816,PARAMETER_VALUE(0.)),(#2817,
    PARAMETER_VALUE(12.)),.T.,.PARAMETER.);
#2812 = LINE('',#2813,#2814);
#2813 = CARTESIAN_POINT('',(54.,-54.,0.));
#2814 = VECTOR('',#2815,1.);
#2815 = DIRECTION('',(1.,0.,0.));
#2816 = CARTESIAN_POINT('',(54.,-54.,0.));
#2817 = CARTESIAN_POINT('',(66.,-54.,0.));
#2818 = TRIMMED_CURVE('',#2819,(#2823,PARAMETER_VALUE(0.)),(#2824,
    PARAMETER_VALUE(12.)),.T.,.PARAMETER.);
#2819 = LINE('',#2820,#2821);
#2820 = CARTESIAN_POINT('',(66.,-54.,0.));
#2821 = VECTOR('',#2822,1.);
#2822 = DIRECTION('',(0.,-1.,0.));
#2823 = CARTESIAN_POINT('',(66.,-54.,0.));
#2824 = CARTESIAN_POINT('',(66.,-66.,0.));
#2825 = TRIMMED_CURVE('',#2826,(#2830,PARAMETER_VALUE(0.)),(#2831,
    PARAMETER_VALUE(12.)),.T.,.PARAMETER.);
#2826 = LINE('',#2827,#2828);
#2827 = CARTESIAN_POINT('',(66.,-66.,0.));
#2828 = VECTOR('',#2829,1.);
#2829 = DIRECTION('',(-1.,0.,0.));
#2830 = CARTESIAN_POINT('',(66.,-66.,0.));
#2831 = CARTESIAN_POINT('',(54.,-66.,0.));
#2832 = TRIMMED_CURVE('',#2833,(#2837,PARAMETER_VALUE(0.)),(#2838,
    PARAMETER_VALUE(12.)),.T.,.PARAMETER.);
#2833 = LINE('',#2834,#2835);
#2834 = CARTESIAN_POINT('',(54.,-66.,0.));
#2835 = VECTOR('',#2836,1.);
#2836 = DIRECTION('',(0.,1.,0.));
#2837 = CARTESIAN_POINT('',(54.,-66.,0.));
#2838 = CARTESIAN_POINT('',(54.,-54.,0.));
#2839 = GEOMETRIC_CURVE_SET('',(#2840,#2847,#2854,#2861));
#2840 = TRIMMED_CURVE('',#2841,(#2845,PARAMETER_VALUE(0.)),(#2846,
    PARAMETER_VALUE(306.)),.T.,.PARAMETER.);
#2841 = LINE('',#2842,#2843);
#2842 = CARTESIAN_POINT('',(45.,-45.,0.));
#2843 = VECTOR('',#2844,1.);
#2844 = DIRECTION('',(1.,0.,0.));
#2845 = CARTESIAN_POINT('',(45.,-45.,0.));
#2846 = CARTESIAN_POINT('',(351.,-45.,0.));
#2847 = TRIMMED_CURVE('',#2848,(#2852,PARAMETER_VALUE(0.)),(#2853,
    PARAMETER_VALUE(30.)),.T.,.PARAMETER.);
#2848 = LINE('',#2849,#2850);
#2849 = CARTESIAN_POINT('',(351.,-45.,0.));
#2850 = VECTOR('',#2851,1.);
#2851 = DIRECTION('',(0.,-1.,0.));
#2852 = CARTESIAN_POINT('',(351.,-45.,0.));
#2853 = CARTESIAN_POINT('',(351.,-75.,0.));
#2854 = TRIMMED_CURVE('',#2855,(#2859,PARAMETER_VALUE(0.)),(#2860,
    PARAMETER_VALUE(306.)),.T.,.PARAMETER.);
#2855 = LINE('',#2856,#2857);
#2856 = CARTESIAN_POINT('',(351.,-75.,0.));
#2857 = VECTOR('',#2858,1.);
#2858 = DIRECTION('',(-1.,0.,0.));
#2859 = CARTESIAN_POINT('',(351.,-75.,0.));
#2860 = CARTESIAN_POINT('',(45.,-75.,0.));
#2861 = TRIMMED_CURVE('',#2862,(#2866,PARAMETER_VALUE(0.)),(#2867,
    PARAMETER_VALUE(30.)),.T.,.PARAMETER.);
#2862 = LINE('',#2863,#2864);
#2863 = CARTESIAN_POINT('',(45.,-75.,0.));
#2864 = VECTOR('',#2865,1.);
#2865 = DIRECTION('',(0.,1.,0.));
#2866 = CARTESIAN_POINT('',(45.,-75.,0.));
#2867 = CARTESIAN_POINT('',(45.,-45.,0.));
#2868 = ( GEOMETRIC_REPRESENTATION_CONTEXT(3) 
GLOBAL_UNCERTAINTY_ASSIGNED_CONTEXT((#2872)) 
GLOBAL_UNIT_ASSIGNED_CONTEXT((#2869,#2870,#2871)) REPRESENTATION_CONTEXT
('Context #1','3D Context with UNIT and UNCERTAINTY') );
#2869 = ( LENGTH_UNIT() NAMED_UNIT(*) SI_UNIT(.MILLI.,.METRE.) );
#2870 = ( NAMED_UNIT(*) PLANE_ANGLE_UNIT() SI_UNIT($,.RADIAN.) );
#2871 = ( NAMED_UNIT(*) SI_UNIT($,.STERADIAN.) SOLID_ANGLE_UNIT() );
#2872 = UNCERTAINTY_MEASURE_WITH_UNIT(LENGTH_MEASURE(1.E-07),#2869,
  'distance_accuracy_value','confusion accuracy');
#2873 = CONTEXT_DEPENDENT_SHAPE_REPRESENTATION(#2874,#2876);
#2874 = ( REPRESENTATION_RELATIONSHIP('','',#2809,#59) 
REPRESENTATION_RELATIONSHIP_WITH_TRANSFORMATION(#2875) 
SHAPE_REPRESENTATION_RELATIONSHIP() );
#2875 = ITEM_DEFINED_TRANSFORMATION('','',#11,#64);
#2876 = PRODUCT_DEFINITION_SHAPE('Placement','Placement of an item',
  #2877);
#2877 = NEXT_ASSEMBLY_USAGE_OCCURRENCE('201','PCB_Sketch_93b0','',#54,
  #2804,$);
#2878 = PRODUCT_RELATED_PRODUCT_CATEGORY('part',$,(#2806));
#2879 = SHAPE_DEFINITION_REPRESENTATION(#2880,#2886);
#2880 = PRODUCT_DEFINITION_SHAPE('','',#2881);
#2881 = PRODUCT_DEFINITION('design','',#2882,#2885);
#2882 = PRODUCT_DEFINITION_FORMATION('','',#2883);
#2883 = PRODUCT('Step_Models_93b0','Step_Models_93b0','',(#2884));
#2884 = PRODUCT_CONTEXT('',#2,'mechanical');
#2885 = PRODUCT_DEFINITION_CONTEXT('part definition',#2,'design');
#2886 = SHAPE_REPRESENTATION('',(#11,#2887),#2891);
#2887 = AXIS2_PLACEMENT_3D('',#2888,#2889,#2890);
#2888 = CARTESIAN_POINT('',(0.,0.,0.));
#2889 = DIRECTION('',(0.,0.,1.));
#2890 = DIRECTION('',(1.,0.,0.));
#2891 = ( GEOMETRIC_REPRESENTATION_CONTEXT(3) 
GLOBAL_UNCERTAINTY_ASSIGNED_CONTEXT((#2895)) 
GLOBAL_UNIT_ASSIGNED_CONTEXT((#2892,#2893,#2894)) REPRESENTATION_CONTEXT
('Context #1','3D Context with UNIT and UNCERTAINTY') );
#2892 = ( LENGTH_UNIT() NAMED_UNIT(*) SI_UNIT(.MILLI.,.METRE.) );
#2893 = ( NAMED_UNIT(*) PLANE_ANGLE_UNIT() SI_UNIT($,.RADIAN.) );
#2894 = ( NAMED_UNIT(*) SI_UNIT($,.STERADIAN.) SOLID_ANGLE_UNIT() );
#2895 = UNCERTAINTY_MEASURE_WITH_UNIT(LENGTH_MEASURE(1.E-07),#2892,
  'distance_accuracy_value','confusion accuracy');
#2896 = CONTEXT_DEPENDENT_SHAPE_REPRESENTATION(#2897,#2899);
#2897 = ( REPRESENTATION_RELATIONSHIP('','',#2886,#10) 
REPRESENTATION_RELATIONSHIP_WITH_TRANSFORMATION(#2898) 
SHAPE_REPRESENTATION_RELATIONSHIP() );
#2898 = ITEM_DEFINED_TRANSFORMATION('','',#11,#23);
#2899 = PRODUCT_DEFINITION_SHAPE('Placement','Placement of an item',
  #2900);
#2900 = NEXT_ASSEMBLY_USAGE_OCCURRENCE('264','Step_Models_93b0','',#5,
  #2881,$);
#2901 = PRODUCT_RELATED_PRODUCT_CATEGORY('part',$,(#2883));
#2902 = SHAPE_DEFINITION_REPRESENTATION(#2903,#2909);
#2903 = PRODUCT_DEFINITION_SHAPE('','',#2904);
#2904 = PRODUCT_DEFINITION('design','',#2905,#2908);
#2905 = PRODUCT_DEFINITION_FORMATION('','',#2906);
#2906 = PRODUCT('Bot_93b0','Bot_93b0','',(#2907));
#2907 = PRODUCT_CONTEXT('',#2,'mechanical');
#2908 = PRODUCT_DEFINITION_CONTEXT('part definition',#2,'design');
#2909 = SHAPE_REPRESENTATION('',(#11,#2910,#2914),#2918);
#2910 = AXIS2_PLACEMENT_3D('',#2911,#2912,#2913);
#2911 = CARTESIAN_POINT('',(341.74,-66.68,-1.6));
#2912 = DIRECTION('',(0.,0.,-1.));
#2913 = DIRECTION('',(-1.,0.,0.));
#2914 = AXIS2_PLACEMENT_3D('',#2915,#2916,#2917);
#2915 = CARTESIAN_POINT('',(311.26,-53.31,-1.6));
#2916 = DIRECTION('',(0.,0.,-1.));
#2917 = DIRECTION('',(1.,0.,0.));
#2918 = ( GEOMETRIC_REPRESENTATION_CONTEXT(3) 
GLOBAL_UNCERTAINTY_ASSIGNED_CONTEXT((#2922)) 
GLOBAL_UNIT_ASSIGNED_CONTEXT((#2919,#2920,#2921)) REPRESENTATION_CONTEXT
('Context #1','3D Context with UNIT and UNCERTAINTY') );
#2919 = ( LENGTH_UNIT() NAMED_UNIT(*) SI_UNIT(.MILLI.,.METRE.) );
#2920 = ( NAMED_UNIT(*) PLANE_ANGLE_UNIT() SI_UNIT($,.RADIAN.) );
#2921 = ( NAMED_UNIT(*) SI_UNIT($,.STERADIAN.) SOLID_ANGLE_UNIT() );
#2922 = UNCERTAINTY_MEASURE_WITH_UNIT(LENGTH_MEASURE(1.E-07),#2919,
  'distance_accuracy_value','confusion accuracy');
#2923 = CONTEXT_DEPENDENT_SHAPE_REPRESENTATION(#2924,#2926);
#2924 = ( REPRESENTATION_RELATIONSHIP('','',#2909,#2886) 
REPRESENTATION_RELATIONSHIP_WITH_TRANSFORMATION(#2925) 
SHAPE_REPRESENTATION_RELATIONSHIP() );
#2925 = ITEM_DEFINED_TRANSFORMATION('','',#11,#2887);
#2926 = PRODUCT_DEFINITION_SHAPE('Placement','Placement of an item',
  #2927);
#2927 = NEXT_ASSEMBLY_USAGE_OCCURRENCE('263','Bot_93b0','',#2881,#2904,$
  );
#2928 = PRODUCT_RELATED_PRODUCT_CATEGORY('part',$,(#2906));
#2929 = SHAPE_DEFINITION_REPRESENTATION(#2930,#2936);
#2930 = PRODUCT_DEFINITION_SHAPE('','',#2931);
#2931 = PRODUCT_DEFINITION('design','',#2932,#2935);
#2932 = PRODUCT_DEFINITION_FORMATION('','',#2933);
#2933 = PRODUCT('J1_ASSEMBLY_814afa29ee73','J1_ASSEMBLY_814afa29ee73',''
  ,(#2934));
#2934 = PRODUCT_CONTEXT('',#2,'mechanical');
#2935 = PRODUCT_DEFINITION_CONTEXT('part definition',#2,'design');
#2936 = SHAPE_REPRESENTATION('',(#11,#2937,#2941),#2945);
#2937 = AXIS2_PLACEMENT_3D('',#2938,#2939,#2940);
#2938 = CARTESIAN_POINT('',(0.,0.,0.1));
#2939 = DIRECTION('',(0.,0.,1.));
#2940 = DIRECTION('',(1.,0.,0.));
#2941 = AXIS2_PLACEMENT_3D('',#2942,#2943,#2944);
#2942 = CARTESIAN_POINT('',(0.,0.,0.));
#2943 = DIRECTION('',(0.,0.,1.));
#2944 = DIRECTION('',(1.,0.,0.));
#2945 = ( GEOMETRIC_REPRESENTATION_CONTEXT(3) 
GLOBAL_UNCERTAINTY_ASSIGNED_CONTEXT((#2949)) 
GLOBAL_UNIT_ASSIGNED_CONTEXT((#2946,#2947,#2948)) REPRESENTATION_CONTEXT
('Context #1','3D Context with UNIT and UNCERTAINTY') );
#2946 = ( LENGTH_UNIT() NAMED_UNIT(*) SI_UNIT(.MILLI.,.METRE.) );
#2947 = ( NAMED_UNIT(*) PLANE_ANGLE_UNIT() SI_UNIT($,.RADIAN.) );
#2948 = ( NAMED_UNIT(*) SI_UNIT($,.STERADIAN.) SOLID_ANGLE_UNIT() );
#2949 = UNCERTAINTY_MEASURE_WITH_UNIT(LENGTH_MEASURE(1.E-07),#2946,
  'distance_accuracy_value','confusion accuracy');
#2950 = CONTEXT_DEPENDENT_SHAPE_REPRESENTATION(#2951,#2953);
#2951 = ( REPRESENTATION_RELATIONSHIP('','',#2936,#2909) 
REPRESENTATION_RELATIONSHIP_WITH_TRANSFORMATION(#2952) 
SHAPE_REPRESENTATION_RELATIONSHIP() );
#2952 = ITEM_DEFINED_TRANSFORMATION('','',#11,#2910);
#2953 = PRODUCT_DEFINITION_SHAPE('Placement','Placement of an item',
  #2954);
#2954 = NEXT_ASSEMBLY_USAGE_OCCURRENCE('232','J1_ASSEMBLY_814afa29ee73',
  '',#2904,#2931,$);
#2955 = PRODUCT_RELATED_PRODUCT_CATEGORY('part',$,(#2933));
#2956 = SHAPE_DEFINITION_REPRESENTATION(#2957,#2963);
#2957 = PRODUCT_DEFINITION_SHAPE('','',#2958);
#2958 = PRODUCT_DEFINITION('design','',#2959,#2962);
#2959 = PRODUCT_DEFINITION_FORMATION('','',#2960);
#2960 = PRODUCT('Body','Body','',(#2961));
#2961 = PRODUCT_CONTEXT('',#2,'mechanical');
#2962 = PRODUCT_DEFINITION_CONTEXT('part definition',#2,'design');
#2963 = ADVANCED_BREP_SHAPE_REPRESENTATION('',(#11,#2964),#3114);
#2964 = MANIFOLD_SOLID_BREP('',#2965);
#2965 = CLOSED_SHELL('',(#2966,#3006,#3037,#3068,#3090,#3102));
#2966 = ADVANCED_FACE('',(#2967),#3001,.F.);
#2967 = FACE_BOUND('',#2968,.F.);
#2968 = EDGE_LOOP('',(#2969,#2979,#2987,#2995));
#2969 = ORIENTED_EDGE('',*,*,#2970,.T.);
#2970 = EDGE_CURVE('',#2971,#2973,#2975,.T.);
#2971 = VERTEX_POINT('',#2972);
#2972 = CARTESIAN_POINT('',(-6.86,-5.18,0.));
#2973 = VERTEX_POINT('',#2974);
#2974 = CARTESIAN_POINT('',(-6.86,-5.18,13.74));
#2975 = LINE('',#2976,#2977);
#2976 = CARTESIAN_POINT('',(-6.86,-5.18,0.));
#2977 = VECTOR('',#2978,1.);
#2978 = DIRECTION('',(0.,0.,1.));
#2979 = ORIENTED_EDGE('',*,*,#2980,.T.);
#2980 = EDGE_CURVE('',#2973,#2981,#2983,.T.);
#2981 = VERTEX_POINT('',#2982);
#2982 = CARTESIAN_POINT('',(37.34,-5.18,13.74));
#2983 = LINE('',#2984,#2985);
#2984 = CARTESIAN_POINT('',(-6.86,-5.18,13.74));
#2985 = VECTOR('',#2986,1.);
#2986 = DIRECTION('',(1.,0.,0.));
#2987 = ORIENTED_EDGE('',*,*,#2988,.F.);
#2988 = EDGE_CURVE('',#2989,#2981,#2991,.T.);
#2989 = VERTEX_POINT('',#2990);
#2990 = CARTESIAN_POINT('',(37.34,-5.18,0.));
#2991 = LINE('',#2992,#2993);
#2992 = CARTESIAN_POINT('',(37.34,-5.18,0.));
#2993 = VECTOR('',#2994,1.);
#2994 = DIRECTION('',(0.,0.,1.));
#2995 = ORIENTED_EDGE('',*,*,#2996,.F.);
#2996 = EDGE_CURVE('',#2971,#2989,#2997,.T.);
#2997 = LINE('',#2998,#2999);
#2998 = CARTESIAN_POINT('',(-6.86,-5.18,0.));
#2999 = VECTOR('',#3000,1.);
#3000 = DIRECTION('',(1.,0.,0.));
#3001 = PLANE('',#3002);
#3002 = AXIS2_PLACEMENT_3D('',#3003,#3004,#3005);
#3003 = CARTESIAN_POINT('',(-6.86,-5.18,0.));
#3004 = DIRECTION('',(0.,1.,0.));
#3005 = DIRECTION('',(1.,0.,0.));
#3006 = ADVANCED_FACE('',(#3007),#3032,.F.);
#3007 = FACE_BOUND('',#3008,.F.);
#3008 = EDGE_LOOP('',(#3009,#3010,#3018,#3026));
#3009 = ORIENTED_EDGE('',*,*,#2988,.T.);
#3010 = ORIENTED_EDGE('',*,*,#3011,.T.);
#3011 = EDGE_CURVE('',#2981,#3012,#3014,.T.);
#3012 = VERTEX_POINT('',#3013);
#3013 = CARTESIAN_POINT('',(37.34,2.64,13.74));
#3014 = LINE('',#3015,#3016);
#3015 = CARTESIAN_POINT('',(37.34,-5.18,13.74));
#3016 = VECTOR('',#3017,1.);
#3017 = DIRECTION('',(0.,1.,0.));
#3018 = ORIENTED_EDGE('',*,*,#3019,.F.);
#3019 = EDGE_CURVE('',#3020,#3012,#3022,.T.);
#3020 = VERTEX_POINT('',#3021);
#3021 = CARTESIAN_POINT('',(37.34,2.64,0.));
#3022 = LINE('',#3023,#3024);
#3023 = CARTESIAN_POINT('',(37.34,2.64,0.));
#3024 = VECTOR('',#3025,1.);
#3025 = DIRECTION('',(0.,0.,1.));
#3026 = ORIENTED_EDGE('',*,*,#3027,.F.);
#3027 = EDGE_CURVE('',#2989,#3020,#3028,.T.);
#3028 = LINE('',#3029,#3030);
#3029 = CARTESIAN_POINT('',(37.34,-5.18,0.));
#3030 = VECTOR('',#3031,1.);
#3031 = DIRECTION('',(0.,1.,0.));
#3032 = PLANE('',#3033);
#3033 = AXIS2_PLACEMENT_3D('',#3034,#3035,#3036);
#3034 = CARTESIAN_POINT('',(37.34,-5.18,0.));
#3035 = DIRECTION('',(-1.,0.,0.));
#3036 = DIRECTION('',(0.,1.,0.));
#3037 = ADVANCED_FACE('',(#3038),#3063,.F.);
#3038 = FACE_BOUND('',#3039,.F.);
#3039 = EDGE_LOOP('',(#3040,#3041,#3049,#3057));
#3040 = ORIENTED_EDGE('',*,*,#3019,.T.);
#3041 = ORIENTED_EDGE('',*,*,#3042,.T.);
#3042 = EDGE_CURVE('',#3012,#3043,#3045,.T.);
#3043 = VERTEX_POINT('',#3044);
#3044 = CARTESIAN_POINT('',(-6.86,2.64,13.74));
#3045 = LINE('',#3046,#3047);
#3046 = CARTESIAN_POINT('',(37.34,2.64,13.74));
#3047 = VECTOR('',#3048,1.);
#3048 = DIRECTION('',(-1.,0.,0.));
#3049 = ORIENTED_EDGE('',*,*,#3050,.F.);
#3050 = EDGE_CURVE('',#3051,#3043,#3053,.T.);
#3051 = VERTEX_POINT('',#3052);
#3052 = CARTESIAN_POINT('',(-6.86,2.64,0.));
#3053 = LINE('',#3054,#3055);
#3054 = CARTESIAN_POINT('',(-6.86,2.64,0.));
#3055 = VECTOR('',#3056,1.);
#3056 = DIRECTION('',(0.,0.,1.));
#3057 = ORIENTED_EDGE('',*,*,#3058,.F.);
#3058 = EDGE_CURVE('',#3020,#3051,#3059,.T.);
#3059 = LINE('',#3060,#3061);
#3060 = CARTESIAN_POINT('',(37.34,2.64,0.));
#3061 = VECTOR('',#3062,1.);
#3062 = DIRECTION('',(-1.,0.,0.));
#3063 = PLANE('',#3064);
#3064 = AXIS2_PLACEMENT_3D('',#3065,#3066,#3067);
#3065 = CARTESIAN_POINT('',(37.34,2.64,0.));
#3066 = DIRECTION('',(0.,-1.,0.));
#3067 = DIRECTION('',(-1.,0.,0.));
#3068 = ADVANCED_FACE('',(#3069),#3085,.F.);
#3069 = FACE_BOUND('',#3070,.F.);
#3070 = EDGE_LOOP('',(#3071,#3072,#3078,#3079));
#3071 = ORIENTED_EDGE('',*,*,#3050,.T.);
#3072 = ORIENTED_EDGE('',*,*,#3073,.T.);
#3073 = EDGE_CURVE('',#3043,#2973,#3074,.T.);
#3074 = LINE('',#3075,#3076);
#3075 = CARTESIAN_POINT('',(-6.86,2.64,13.74));
#3076 = VECTOR('',#3077,1.);
#3077 = DIRECTION('',(0.,-1.,0.));
#3078 = ORIENTED_EDGE('',*,*,#2970,.F.);
#3079 = ORIENTED_EDGE('',*,*,#3080,.F.);
#3080 = EDGE_CURVE('',#3051,#2971,#3081,.T.);
#3081 = LINE('',#3082,#3083);
#3082 = CARTESIAN_POINT('',(-6.86,2.64,0.));
#3083 = VECTOR('',#3084,1.);
#3084 = DIRECTION('',(0.,-1.,0.));
#3085 = PLANE('',#3086);
#3086 = AXIS2_PLACEMENT_3D('',#3087,#3088,#3089);
#3087 = CARTESIAN_POINT('',(-6.86,2.64,0.));
#3088 = DIRECTION('',(1.,0.,-0.));
#3089 = DIRECTION('',(0.,-1.,0.));
#3090 = ADVANCED_FACE('',(#3091),#3097,.F.);
#3091 = FACE_BOUND('',#3092,.F.);
#3092 = EDGE_LOOP('',(#3093,#3094,#3095,#3096));
#3093 = ORIENTED_EDGE('',*,*,#2996,.T.);
#3094 = ORIENTED_EDGE('',*,*,#3027,.T.);
#3095 = ORIENTED_EDGE('',*,*,#3058,.T.);
#3096 = ORIENTED_EDGE('',*,*,#3080,.T.);
#3097 = PLANE('',#3098);
#3098 = AXIS2_PLACEMENT_3D('',#3099,#3100,#3101);
#3099 = CARTESIAN_POINT('',(15.24,-1.27,1.387778780781E-17));
#3100 = DIRECTION('',(-1.125763431249E-34,0.,1.));
#3101 = DIRECTION('',(1.,0.,1.125763431249E-34));
#3102 = ADVANCED_FACE('',(#3103),#3109,.T.);
#3103 = FACE_BOUND('',#3104,.T.);
#3104 = EDGE_LOOP('',(#3105,#3106,#3107,#3108));
#3105 = ORIENTED_EDGE('',*,*,#2980,.T.);
#3106 = ORIENTED_EDGE('',*,*,#3011,.T.);
#3107 = ORIENTED_EDGE('',*,*,#3042,.T.);
#3108 = ORIENTED_EDGE('',*,*,#3073,.T.);
#3109 = PLANE('',#3110);
#3110 = AXIS2_PLACEMENT_3D('',#3111,#3112,#3113);
#3111 = CARTESIAN_POINT('',(15.24,-1.27,13.74));
#3112 = DIRECTION('',(-1.125763431249E-34,0.,1.));
#3113 = DIRECTION('',(1.,0.,1.125763431249E-34));
#3114 = ( GEOMETRIC_REPRESENTATION_CONTEXT(3) 
GLOBAL_UNCERTAINTY_ASSIGNED_CONTEXT((#3118)) 
GLOBAL_UNIT_ASSIGNED_CONTEXT((#3115,#3116,#3117)) REPRESENTATION_CONTEXT
('Context #1','3D Context with UNIT and UNCERTAINTY') );
#3115 = ( LENGTH_UNIT() NAMED_UNIT(*) SI_UNIT(.MILLI.,.METRE.) );
#3116 = ( NAMED_UNIT(*) PLANE_ANGLE_UNIT() SI_UNIT($,.RADIAN.) );
#3117 = ( NAMED_UNIT(*) SI_UNIT($,.STERADIAN.) SOLID_ANGLE_UNIT() );
#3118 = UNCERTAINTY_MEASURE_WITH_UNIT(LENGTH_MEASURE(1.E-07),#3115,
  'distance_accuracy_value','confusion accuracy');
#3119 = CONTEXT_DEPENDENT_SHAPE_REPRESENTATION(#3120,#3122);
#3120 = ( REPRESENTATION_RELATIONSHIP('','',#2963,#2936) 
REPRESENTATION_RELATIONSHIP_WITH_TRANSFORMATION(#3121) 
SHAPE_REPRESENTATION_RELATIONSHIP() );
#3121 = ITEM_DEFINED_TRANSFORMATION('','',#11,#2937);
#3122 = PRODUCT_DEFINITION_SHAPE('Placement','Placement of an item',
  #3123);
#3123 = NEXT_ASSEMBLY_USAGE_OCCURRENCE('203','Body','',#2931,#2958,$);
#3124 = PRODUCT_RELATED_PRODUCT_CATEGORY('part',$,(#2960));
#3125 = SHAPE_DEFINITION_REPRESENTATION(#3126,#3132);
#3126 = PRODUCT_DEFINITION_SHAPE('','',#3127);
#3127 = PRODUCT_DEFINITION('design','',#3128,#3131);
#3128 = PRODUCT_DEFINITION_FORMATION('','',#3129);
#3129 = PRODUCT('Leads027','Leads027','',(#3130));
#3130 = PRODUCT_CONTEXT('',#2,'mechanical');
#3131 = PRODUCT_DEFINITION_CONTEXT('part definition',#2,'design');
#3132 = SHAPE_REPRESENTATION('',(#11,#3133,#3137,#3141,#3145,#3149,#3153
    ,#3157,#3161,#3165,#3169,#3173,#3177,#3181,#3185,#3189,#3193,#3197,
    #3201,#3205,#3209,#3213,#3217,#3221,#3225,#3229,#3233,#3237),#3241);
#3133 = AXIS2_PLACEMENT_3D('',#3134,#3135,#3136);
#3134 = CARTESIAN_POINT('',(0.,0.,0.));
#3135 = DIRECTION('',(0.,0.,1.));
#3136 = DIRECTION('',(1.,0.,0.));
#3137 = AXIS2_PLACEMENT_3D('',#3138,#3139,#3140);
#3138 = CARTESIAN_POINT('',(0.,0.,0.));
#3139 = DIRECTION('',(0.,0.,1.));
#3140 = DIRECTION('',(1.,0.,0.));
#3141 = AXIS2_PLACEMENT_3D('',#3142,#3143,#3144);
#3142 = CARTESIAN_POINT('',(0.,0.,0.));
#3143 = DIRECTION('',(0.,0.,1.));
#3144 = DIRECTION('',(1.,0.,0.));
#3145 = AXIS2_PLACEMENT_3D('',#3146,#3147,#3148);
#3146 = CARTESIAN_POINT('',(0.,0.,0.));
#3147 = DIRECTION('',(0.,0.,1.));
#3148 = DIRECTION('',(1.,0.,0.));
#3149 = AXIS2_PLACEMENT_3D('',#3150,#3151,#3152);
#3150 = CARTESIAN_POINT('',(0.,0.,0.));
#3151 = DIRECTION('',(0.,0.,1.));
#3152 = DIRECTION('',(1.,0.,0.));
#3153 = AXIS2_PLACEMENT_3D('',#3154,#3155,#3156);
#3154 = CARTESIAN_POINT('',(0.,0.,0.));
#3155 = DIRECTION('',(0.,0.,1.));
#3156 = DIRECTION('',(1.,0.,0.));
#3157 = AXIS2_PLACEMENT_3D('',#3158,#3159,#3160);
#3158 = CARTESIAN_POINT('',(0.,0.,0.));
#3159 = DIRECTION('',(0.,0.,1.));
#3160 = DIRECTION('',(1.,0.,0.));
#3161 = AXIS2_PLACEMENT_3D('',#3162,#3163,#3164);
#3162 = CARTESIAN_POINT('',(0.,0.,0.));
#3163 = DIRECTION('',(0.,0.,1.));
#3164 = DIRECTION('',(1.,0.,0.));
#3165 = AXIS2_PLACEMENT_3D('',#3166,#3167,#3168);
#3166 = CARTESIAN_POINT('',(0.,0.,0.));
#3167 = DIRECTION('',(0.,0.,1.));
#3168 = DIRECTION('',(1.,0.,0.));
#3169 = AXIS2_PLACEMENT_3D('',#3170,#3171,#3172);
#3170 = CARTESIAN_POINT('',(0.,0.,0.));
#3171 = DIRECTION('',(0.,0.,1.));
#3172 = DIRECTION('',(1.,0.,0.));
#3173 = AXIS2_PLACEMENT_3D('',#3174,#3175,#3176);
#3174 = CARTESIAN_POINT('',(0.,0.,0.));
#3175 = DIRECTION('',(0.,0.,1.));
#3176 = DIRECTION('',(1.,0.,0.));
#3177 = AXIS2_PLACEMENT_3D('',#3178,#3179,#3180);
#3178 = CARTESIAN_POINT('',(0.,0.,0.));
#3179 = DIRECTION('',(0.,0.,1.));
#3180 = DIRECTION('',(1.,0.,0.));
#3181 = AXIS2_PLACEMENT_3D('',#3182,#3183,#3184);
#3182 = CARTESIAN_POINT('',(0.,0.,0.));
#3183 = DIRECTION('',(0.,0.,1.));
#3184 = DIRECTION('',(1.,0.,0.));
#3185 = AXIS2_PLACEMENT_3D('',#3186,#3187,#3188);
#3186 = CARTESIAN_POINT('',(0.,0.,0.));
#3187 = DIRECTION('',(0.,0.,1.));
#3188 = DIRECTION('',(1.,0.,0.));
#3189 = AXIS2_PLACEMENT_3D('',#3190,#3191,#3192);
#3190 = CARTESIAN_POINT('',(0.,0.,0.));
#3191 = DIRECTION('',(0.,0.,1.));
#3192 = DIRECTION('',(1.,0.,0.));
#3193 = AXIS2_PLACEMENT_3D('',#3194,#3195,#3196);
#3194 = CARTESIAN_POINT('',(0.,0.,0.));
#3195 = DIRECTION('',(0.,0.,1.));
#3196 = DIRECTION('',(1.,0.,0.));
#3197 = AXIS2_PLACEMENT_3D('',#3198,#3199,#3200);
#3198 = CARTESIAN_POINT('',(0.,0.,0.));
#3199 = DIRECTION('',(0.,0.,1.));
#3200 = DIRECTION('',(1.,0.,0.));
#3201 = AXIS2_PLACEMENT_3D('',#3202,#3203,#3204);
#3202 = CARTESIAN_POINT('',(0.,0.,0.));
#3203 = DIRECTION('',(0.,0.,1.));
#3204 = DIRECTION('',(1.,0.,0.));
#3205 = AXIS2_PLACEMENT_3D('',#3206,#3207,#3208);
#3206 = CARTESIAN_POINT('',(0.,0.,0.));
#3207 = DIRECTION('',(0.,0.,1.));
#3208 = DIRECTION('',(1.,0.,0.));
#3209 = AXIS2_PLACEMENT_3D('',#3210,#3211,#3212);
#3210 = CARTESIAN_POINT('',(0.,0.,0.));
#3211 = DIRECTION('',(0.,0.,1.));
#3212 = DIRECTION('',(1.,0.,0.));
#3213 = AXIS2_PLACEMENT_3D('',#3214,#3215,#3216);
#3214 = CARTESIAN_POINT('',(0.,0.,0.));
#3215 = DIRECTION('',(0.,0.,1.));
#3216 = DIRECTION('',(1.,0.,0.));
#3217 = AXIS2_PLACEMENT_3D('',#3218,#3219,#3220);
#3218 = CARTESIAN_POINT('',(0.,0.,0.));
#3219 = DIRECTION('',(0.,0.,1.));
#3220 = DIRECTION('',(1.,0.,0.));
#3221 = AXIS2_PLACEMENT_3D('',#3222,#3223,#3224);
#3222 = CARTESIAN_POINT('',(0.,0.,0.));
#3223 = DIRECTION('',(0.,0.,1.));
#3224 = DIRECTION('',(1.,0.,0.));
#3225 = AXIS2_PLACEMENT_3D('',#3226,#3227,#3228);
#3226 = CARTESIAN_POINT('',(0.,0.,0.));
#3227 = DIRECTION('',(0.,0.,1.));
#3228 = DIRECTION('',(1.,0.,0.));
#3229 = AXIS2_PLACEMENT_3D('',#3230,#3231,#3232);
#3230 = CARTESIAN_POINT('',(0.,0.,0.));
#3231 = DIRECTION('',(0.,0.,1.));
#3232 = DIRECTION('',(1.,0.,0.));
#3233 = AXIS2_PLACEMENT_3D('',#3234,#3235,#3236);
#3234 = CARTESIAN_POINT('',(0.,0.,0.));
#3235 = DIRECTION('',(0.,0.,1.));
#3236 = DIRECTION('',(1.,0.,0.));
#3237 = AXIS2_PLACEMENT_3D('',#3238,#3239,#3240);
#3238 = CARTESIAN_POINT('',(0.,0.,0.));
#3239 = DIRECTION('',(0.,0.,1.));
#3240 = DIRECTION('',(1.,0.,0.));
#3241 = ( GEOMETRIC_REPRESENTATION_CONTEXT(3) 
GLOBAL_UNCERTAINTY_ASSIGNED_CONTEXT((#3245)) 
GLOBAL_UNIT_ASSIGNED_CONTEXT((#3242,#3243,#3244)) REPRESENTATION_CONTEXT
('Context #1','3D Context with UNIT and UNCERTAINTY') );
#3242 = ( LENGTH_UNIT() NAMED_UNIT(*) SI_UNIT(.MILLI.,.METRE.) );
#3243 = ( NAMED_UNIT(*) PLANE_ANGLE_UNIT() SI_UNIT($,.RADIAN.) );
#3244 = ( NAMED_UNIT(*) SI_UNIT($,.STERADIAN.) SOLID_ANGLE_UNIT() );
#3245 = UNCERTAINTY_MEASURE_WITH_UNIT(LENGTH_MEASURE(1.E-07),#3242,
  'distance_accuracy_value','confusion accuracy');
#3246 = CONTEXT_DEPENDENT_SHAPE_REPRESENTATION(#3247,#3249);
#3247 = ( REPRESENTATION_RELATIONSHIP('','',#3132,#2936) 
REPRESENTATION_RELATIONSHIP_WITH_TRANSFORMATION(#3248) 
SHAPE_REPRESENTATION_RELATIONSHIP() );
#3248 = ITEM_DEFINED_TRANSFORMATION('','',#11,#2941);
#3249 = PRODUCT_DEFINITION_SHAPE('Placement','Placement of an item',
  #3250);
#3250 = NEXT_ASSEMBLY_USAGE_OCCURRENCE('231','Leads027','',#2931,#3127,$
  );
#3251 = PRODUCT_RELATED_PRODUCT_CATEGORY('part',$,(#3129));
#3252 = SHAPE_DEFINITION_REPRESENTATION(#3253,#3259);
#3253 = PRODUCT_DEFINITION_SHAPE('','',#3254);
#3254 = PRODUCT_DEFINITION('design','',#3255,#3258);
#3255 = PRODUCT_DEFINITION_FORMATION('','',#3256);
#3256 = PRODUCT('Leads','Leads','',(#3257));
#3257 = PRODUCT_CONTEXT('',#2,'mechanical');
#3258 = PRODUCT_DEFINITION_CONTEXT('part definition',#2,'design');
#3259 = ADVANCED_BREP_SHAPE_REPRESENTATION('',(#11,#3260),#3313);
#3260 = MANIFOLD_SOLID_BREP('',#3261);
#3261 = CLOSED_SHELL('',(#3262,#3295,#3304));
#3262 = ADVANCED_FACE('',(#3263),#3290,.T.);
#3263 = FACE_BOUND('',#3264,.T.);
#3264 = EDGE_LOOP('',(#3265,#3274,#3282,#3289));
#3265 = ORIENTED_EDGE('',*,*,#3266,.F.);
#3266 = EDGE_CURVE('',#3267,#3267,#3269,.T.);
#3267 = VERTEX_POINT('',#3268);
#3268 = CARTESIAN_POINT('',(0.2555,-6.257945143643E-17,0.1));
#3269 = CIRCLE('',#3270,0.2555);
#3270 = AXIS2_PLACEMENT_3D('',#3271,#3272,#3273);
#3271 = CARTESIAN_POINT('',(0.,0.,0.1));
#3272 = DIRECTION('',(0.,0.,1.));
#3273 = DIRECTION('',(1.,0.,-0.));
#3274 = ORIENTED_EDGE('',*,*,#3275,.F.);
#3275 = EDGE_CURVE('',#3276,#3267,#3278,.T.);
#3276 = VERTEX_POINT('',#3277);
#3277 = CARTESIAN_POINT('',(0.2555,-6.257945143643E-17,-5.));
#3278 = LINE('',#3279,#3280);
#3279 = CARTESIAN_POINT('',(0.2555,-6.257945143643E-17,-5.));
#3280 = VECTOR('',#3281,1.);
#3281 = DIRECTION('',(0.,0.,1.));
#3282 = ORIENTED_EDGE('',*,*,#3283,.T.);
#3283 = EDGE_CURVE('',#3276,#3276,#3284,.T.);
#3284 = CIRCLE('',#3285,0.2555);
#3285 = AXIS2_PLACEMENT_3D('',#3286,#3287,#3288);
#3286 = CARTESIAN_POINT('',(0.,0.,-5.));
#3287 = DIRECTION('',(0.,0.,1.));
#3288 = DIRECTION('',(1.,0.,-0.));
#3289 = ORIENTED_EDGE('',*,*,#3275,.T.);
#3290 = CYLINDRICAL_SURFACE('',#3291,0.2555);
#3291 = AXIS2_PLACEMENT_3D('',#3292,#3293,#3294);
#3292 = CARTESIAN_POINT('',(0.,0.,-5.));
#3293 = DIRECTION('',(0.,0.,1.));
#3294 = DIRECTION('',(1.,0.,-0.));
#3295 = ADVANCED_FACE('',(#3296),#3299,.T.);
#3296 = FACE_BOUND('',#3297,.T.);
#3297 = EDGE_LOOP('',(#3298));
#3298 = ORIENTED_EDGE('',*,*,#3266,.T.);
#3299 = PLANE('',#3300);
#3300 = AXIS2_PLACEMENT_3D('',#3301,#3302,#3303);
#3301 = CARTESIAN_POINT('',(0.,0.,0.1));
#3302 = DIRECTION('',(0.,0.,1.));
#3303 = DIRECTION('',(1.,0.,-0.));
#3304 = ADVANCED_FACE('',(#3305),#3308,.F.);
#3305 = FACE_BOUND('',#3306,.T.);
#3306 = EDGE_LOOP('',(#3307));
#3307 = ORIENTED_EDGE('',*,*,#3283,.F.);
#3308 = PLANE('',#3309);
#3309 = AXIS2_PLACEMENT_3D('',#3310,#3311,#3312);
#3310 = CARTESIAN_POINT('',(0.,0.,-5.));
#3311 = DIRECTION('',(0.,0.,1.));
#3312 = DIRECTION('',(1.,0.,-0.));
#3313 = ( GEOMETRIC_REPRESENTATION_CONTEXT(3) 
GLOBAL_UNCERTAINTY_ASSIGNED_CONTEXT((#3317)) 
GLOBAL_UNIT_ASSIGNED_CONTEXT((#3314,#3315,#3316)) REPRESENTATION_CONTEXT
('Context #1','3D Context with UNIT and UNCERTAINTY') );
#3314 = ( LENGTH_UNIT() NAMED_UNIT(*) SI_UNIT(.MILLI.,.METRE.) );
#3315 = ( NAMED_UNIT(*) PLANE_ANGLE_UNIT() SI_UNIT($,.RADIAN.) );
#3316 = ( NAMED_UNIT(*) SI_UNIT($,.STERADIAN.) SOLID_ANGLE_UNIT() );
#3317 = UNCERTAINTY_MEASURE_WITH_UNIT(LENGTH_MEASURE(1.E-07),#3314,
  'distance_accuracy_value','confusion accuracy');
#3318 = CONTEXT_DEPENDENT_SHAPE_REPRESENTATION(#3319,#3321);
#3319 = ( REPRESENTATION_RELATIONSHIP('','',#3259,#3132) 
REPRESENTATION_RELATIONSHIP_WITH_TRANSFORMATION(#3320) 
SHAPE_REPRESENTATION_RELATIONSHIP() );
#3320 = ITEM_DEFINED_TRANSFORMATION('','',#11,#3133);
#3321 = PRODUCT_DEFINITION_SHAPE('Placement','Placement of an item',
  #3322);
#3322 = NEXT_ASSEMBLY_USAGE_OCCURRENCE('204','Leads','',#3127,#3254,$);
#3323 = PRODUCT_RELATED_PRODUCT_CATEGORY('part',$,(#3256));
#3324 = SHAPE_DEFINITION_REPRESENTATION(#3325,#3331);
#3325 = PRODUCT_DEFINITION_SHAPE('','',#3326);
#3326 = PRODUCT_DEFINITION('design','',#3327,#3330);
#3327 = PRODUCT_DEFINITION_FORMATION('','',#3328);
#3328 = PRODUCT('Leads001','Leads001','',(#3329));
#3329 = PRODUCT_CONTEXT('',#2,'mechanical');
#3330 = PRODUCT_DEFINITION_CONTEXT('part definition',#2,'design');
#3331 = ADVANCED_BREP_SHAPE_REPRESENTATION('',(#11,#3332),#3385);
#3332 = MANIFOLD_SOLID_BREP('',#3333);
#3333 = CLOSED_SHELL('',(#3334,#3367,#3376));
#3334 = ADVANCED_FACE('',(#3335),#3362,.T.);
#3335 = FACE_BOUND('',#3336,.T.);
#3336 = EDGE_LOOP('',(#3337,#3346,#3354,#3361));
#3337 = ORIENTED_EDGE('',*,*,#3338,.F.);
#3338 = EDGE_CURVE('',#3339,#3339,#3341,.T.);
#3339 = VERTEX_POINT('',#3340);
#3340 = CARTESIAN_POINT('',(2.7955,-6.257945143643E-17,0.1));
#3341 = CIRCLE('',#3342,0.2555);
#3342 = AXIS2_PLACEMENT_3D('',#3343,#3344,#3345);
#3343 = CARTESIAN_POINT('',(2.54,0.,0.1));
#3344 = DIRECTION('',(0.,0.,1.));
#3345 = DIRECTION('',(1.,0.,-0.));
#3346 = ORIENTED_EDGE('',*,*,#3347,.F.);
#3347 = EDGE_CURVE('',#3348,#3339,#3350,.T.);
#3348 = VERTEX_POINT('',#3349);
#3349 = CARTESIAN_POINT('',(2.7955,-6.257945143643E-17,-5.));
#3350 = LINE('',#3351,#3352);
#3351 = CARTESIAN_POINT('',(2.7955,-6.257945143643E-17,-5.));
#3352 = VECTOR('',#3353,1.);
#3353 = DIRECTION('',(0.,0.,1.));
#3354 = ORIENTED_EDGE('',*,*,#3355,.T.);
#3355 = EDGE_CURVE('',#3348,#3348,#3356,.T.);
#3356 = CIRCLE('',#3357,0.2555);
#3357 = AXIS2_PLACEMENT_3D('',#3358,#3359,#3360);
#3358 = CARTESIAN_POINT('',(2.54,0.,-5.));
#3359 = DIRECTION('',(0.,0.,1.));
#3360 = DIRECTION('',(1.,0.,-0.));
#3361 = ORIENTED_EDGE('',*,*,#3347,.T.);
#3362 = CYLINDRICAL_SURFACE('',#3363,0.2555);
#3363 = AXIS2_PLACEMENT_3D('',#3364,#3365,#3366);
#3364 = CARTESIAN_POINT('',(2.54,0.,-5.));
#3365 = DIRECTION('',(0.,0.,1.));
#3366 = DIRECTION('',(1.,0.,-0.));
#3367 = ADVANCED_FACE('',(#3368),#3371,.T.);
#3368 = FACE_BOUND('',#3369,.T.);
#3369 = EDGE_LOOP('',(#3370));
#3370 = ORIENTED_EDGE('',*,*,#3338,.T.);
#3371 = PLANE('',#3372);
#3372 = AXIS2_PLACEMENT_3D('',#3373,#3374,#3375);
#3373 = CARTESIAN_POINT('',(2.54,0.,0.1));
#3374 = DIRECTION('',(0.,0.,1.));
#3375 = DIRECTION('',(1.,0.,-0.));
#3376 = ADVANCED_FACE('',(#3377),#3380,.F.);
#3377 = FACE_BOUND('',#3378,.T.);
#3378 = EDGE_LOOP('',(#3379));
#3379 = ORIENTED_EDGE('',*,*,#3355,.F.);
#3380 = PLANE('',#3381);
#3381 = AXIS2_PLACEMENT_3D('',#3382,#3383,#3384);
#3382 = CARTESIAN_POINT('',(2.54,0.,-5.));
#3383 = DIRECTION('',(0.,0.,1.));
#3384 = DIRECTION('',(1.,0.,-0.));
#3385 = ( GEOMETRIC_REPRESENTATION_CONTEXT(3) 
GLOBAL_UNCERTAINTY_ASSIGNED_CONTEXT((#3389)) 
GLOBAL_UNIT_ASSIGNED_CONTEXT((#3386,#3387,#3388)) REPRESENTATION_CONTEXT
('Context #1','3D Context with UNIT and UNCERTAINTY') );
#3386 = ( LENGTH_UNIT() NAMED_UNIT(*) SI_UNIT(.MILLI.,.METRE.) );
#3387 = ( NAMED_UNIT(*) PLANE_ANGLE_UNIT() SI_UNIT($,.RADIAN.) );
#3388 = ( NAMED_UNIT(*) SI_UNIT($,.STERADIAN.) SOLID_ANGLE_UNIT() );
#3389 = UNCERTAINTY_MEASURE_WITH_UNIT(LENGTH_MEASURE(1.E-07),#3386,
  'distance_accuracy_value','confusion accuracy');
#3390 = CONTEXT_DEPENDENT_SHAPE_REPRESENTATION(#3391,#3393);
#3391 = ( REPRESENTATION_RELATIONSHIP('','',#3331,#3132) 
REPRESENTATION_RELATIONSHIP_WITH_TRANSFORMATION(#3392) 
SHAPE_REPRESENTATION_RELATIONSHIP() );
#3392 = ITEM_DEFINED_TRANSFORMATION('','',#11,#3137);
#3393 = PRODUCT_DEFINITION_SHAPE('Placement','Placement of an item',
  #3394);
#3394 = NEXT_ASSEMBLY_USAGE_OCCURRENCE('205','Leads001','',#3127,#3326,$
  );
#3395 = PRODUCT_RELATED_PRODUCT_CATEGORY('part',$,(#3328));
#3396 = SHAPE_DEFINITION_REPRESENTATION(#3397,#3403);
#3397 = PRODUCT_DEFINITION_SHAPE('','',#3398);
#3398 = PRODUCT_DEFINITION('design','',#3399,#3402);
#3399 = PRODUCT_DEFINITION_FORMATION('','',#3400);
#3400 = PRODUCT('Leads002','Leads002','',(#3401));
#3401 = PRODUCT_CONTEXT('',#2,'mechanical');
#3402 = PRODUCT_DEFINITION_CONTEXT('part definition',#2,'design');
#3403 = ADVANCED_BREP_SHAPE_REPRESENTATION('',(#11,#3404),#3457);
#3404 = MANIFOLD_SOLID_BREP('',#3405);
#3405 = CLOSED_SHELL('',(#3406,#3439,#3448));
#3406 = ADVANCED_FACE('',(#3407),#3434,.T.);
#3407 = FACE_BOUND('',#3408,.T.);
#3408 = EDGE_LOOP('',(#3409,#3418,#3426,#3433));
#3409 = ORIENTED_EDGE('',*,*,#3410,.F.);
#3410 = EDGE_CURVE('',#3411,#3411,#3413,.T.);
#3411 = VERTEX_POINT('',#3412);
#3412 = CARTESIAN_POINT('',(5.3355,-6.257945143643E-17,0.1));
#3413 = CIRCLE('',#3414,0.2555);
#3414 = AXIS2_PLACEMENT_3D('',#3415,#3416,#3417);
#3415 = CARTESIAN_POINT('',(5.08,0.,0.1));
#3416 = DIRECTION('',(0.,0.,1.));
#3417 = DIRECTION('',(1.,0.,-0.));
#3418 = ORIENTED_EDGE('',*,*,#3419,.F.);
#3419 = EDGE_CURVE('',#3420,#3411,#3422,.T.);
#3420 = VERTEX_POINT('',#3421);
#3421 = CARTESIAN_POINT('',(5.3355,-6.257945143643E-17,-5.));
#3422 = LINE('',#3423,#3424);
#3423 = CARTESIAN_POINT('',(5.3355,-6.257945143643E-17,-5.));
#3424 = VECTOR('',#3425,1.);
#3425 = DIRECTION('',(0.,0.,1.));
#3426 = ORIENTED_EDGE('',*,*,#3427,.T.);
#3427 = EDGE_CURVE('',#3420,#3420,#3428,.T.);
#3428 = CIRCLE('',#3429,0.2555);
#3429 = AXIS2_PLACEMENT_3D('',#3430,#3431,#3432);
#3430 = CARTESIAN_POINT('',(5.08,0.,-5.));
#3431 = DIRECTION('',(0.,0.,1.));
#3432 = DIRECTION('',(1.,0.,-0.));
#3433 = ORIENTED_EDGE('',*,*,#3419,.T.);
#3434 = CYLINDRICAL_SURFACE('',#3435,0.2555);
#3435 = AXIS2_PLACEMENT_3D('',#3436,#3437,#3438);
#3436 = CARTESIAN_POINT('',(5.08,0.,-5.));
#3437 = DIRECTION('',(0.,0.,1.));
#3438 = DIRECTION('',(1.,0.,-0.));
#3439 = ADVANCED_FACE('',(#3440),#3443,.T.);
#3440 = FACE_BOUND('',#3441,.T.);
#3441 = EDGE_LOOP('',(#3442));
#3442 = ORIENTED_EDGE('',*,*,#3410,.T.);
#3443 = PLANE('',#3444);
#3444 = AXIS2_PLACEMENT_3D('',#3445,#3446,#3447);
#3445 = CARTESIAN_POINT('',(5.08,0.,0.1));
#3446 = DIRECTION('',(0.,0.,1.));
#3447 = DIRECTION('',(1.,0.,-0.));
#3448 = ADVANCED_FACE('',(#3449),#3452,.F.);
#3449 = FACE_BOUND('',#3450,.T.);
#3450 = EDGE_LOOP('',(#3451));
#3451 = ORIENTED_EDGE('',*,*,#3427,.F.);
#3452 = PLANE('',#3453);
#3453 = AXIS2_PLACEMENT_3D('',#3454,#3455,#3456);
#3454 = CARTESIAN_POINT('',(5.08,0.,-5.));
#3455 = DIRECTION('',(0.,0.,1.));
#3456 = DIRECTION('',(1.,0.,-0.));
#3457 = ( GEOMETRIC_REPRESENTATION_CONTEXT(3) 
GLOBAL_UNCERTAINTY_ASSIGNED_CONTEXT((#3461)) 
GLOBAL_UNIT_ASSIGNED_CONTEXT((#3458,#3459,#3460)) REPRESENTATION_CONTEXT
('Context #1','3D Context with UNIT and UNCERTAINTY') );
#3458 = ( LENGTH_UNIT() NAMED_UNIT(*) SI_UNIT(.MILLI.,.METRE.) );
#3459 = ( NAMED_UNIT(*) PLANE_ANGLE_UNIT() SI_UNIT($,.RADIAN.) );
#3460 = ( NAMED_UNIT(*) SI_UNIT($,.STERADIAN.) SOLID_ANGLE_UNIT() );
#3461 = UNCERTAINTY_MEASURE_WITH_UNIT(LENGTH_MEASURE(1.E-07),#3458,
  'distance_accuracy_value','confusion accuracy');
#3462 = CONTEXT_DEPENDENT_SHAPE_REPRESENTATION(#3463,#3465);
#3463 = ( REPRESENTATION_RELATIONSHIP('','',#3403,#3132) 
REPRESENTATION_RELATIONSHIP_WITH_TRANSFORMATION(#3464) 
SHAPE_REPRESENTATION_RELATIONSHIP() );
#3464 = ITEM_DEFINED_TRANSFORMATION('','',#11,#3141);
#3465 = PRODUCT_DEFINITION_SHAPE('Placement','Placement of an item',
  #3466);
#3466 = NEXT_ASSEMBLY_USAGE_OCCURRENCE('206','Leads002','',#3127,#3398,$
  );
#3467 = PRODUCT_RELATED_PRODUCT_CATEGORY('part',$,(#3400));
#3468 = SHAPE_DEFINITION_REPRESENTATION(#3469,#3475);
#3469 = PRODUCT_DEFINITION_SHAPE('','',#3470);
#3470 = PRODUCT_DEFINITION('design','',#3471,#3474);
#3471 = PRODUCT_DEFINITION_FORMATION('','',#3472);
#3472 = PRODUCT('Leads003','Leads003','',(#3473));
#3473 = PRODUCT_CONTEXT('',#2,'mechanical');
#3474 = PRODUCT_DEFINITION_CONTEXT('part definition',#2,'design');
#3475 = ADVANCED_BREP_SHAPE_REPRESENTATION('',(#11,#3476),#3529);
#3476 = MANIFOLD_SOLID_BREP('',#3477);
#3477 = CLOSED_SHELL('',(#3478,#3511,#3520));
#3478 = ADVANCED_FACE('',(#3479),#3506,.T.);
#3479 = FACE_BOUND('',#3480,.T.);
#3480 = EDGE_LOOP('',(#3481,#3490,#3498,#3505));
#3481 = ORIENTED_EDGE('',*,*,#3482,.F.);
#3482 = EDGE_CURVE('',#3483,#3483,#3485,.T.);
#3483 = VERTEX_POINT('',#3484);
#3484 = CARTESIAN_POINT('',(7.8755,-6.257945143643E-17,0.1));
#3485 = CIRCLE('',#3486,0.2555);
#3486 = AXIS2_PLACEMENT_3D('',#3487,#3488,#3489);
#3487 = CARTESIAN_POINT('',(7.62,0.,0.1));
#3488 = DIRECTION('',(0.,0.,1.));
#3489 = DIRECTION('',(1.,0.,-0.));
#3490 = ORIENTED_EDGE('',*,*,#3491,.F.);
#3491 = EDGE_CURVE('',#3492,#3483,#3494,.T.);
#3492 = VERTEX_POINT('',#3493);
#3493 = CARTESIAN_POINT('',(7.8755,-6.257945143643E-17,-5.));
#3494 = LINE('',#3495,#3496);
#3495 = CARTESIAN_POINT('',(7.8755,-6.257945143643E-17,-5.));
#3496 = VECTOR('',#3497,1.);
#3497 = DIRECTION('',(0.,0.,1.));
#3498 = ORIENTED_EDGE('',*,*,#3499,.T.);
#3499 = EDGE_CURVE('',#3492,#3492,#3500,.T.);
#3500 = CIRCLE('',#3501,0.2555);
#3501 = AXIS2_PLACEMENT_3D('',#3502,#3503,#3504);
#3502 = CARTESIAN_POINT('',(7.62,0.,-5.));
#3503 = DIRECTION('',(0.,0.,1.));
#3504 = DIRECTION('',(1.,0.,-0.));
#3505 = ORIENTED_EDGE('',*,*,#3491,.T.);
#3506 = CYLINDRICAL_SURFACE('',#3507,0.2555);
#3507 = AXIS2_PLACEMENT_3D('',#3508,#3509,#3510);
#3508 = CARTESIAN_POINT('',(7.62,0.,-5.));
#3509 = DIRECTION('',(0.,0.,1.));
#3510 = DIRECTION('',(1.,0.,-0.));
#3511 = ADVANCED_FACE('',(#3512),#3515,.T.);
#3512 = FACE_BOUND('',#3513,.T.);
#3513 = EDGE_LOOP('',(#3514));
#3514 = ORIENTED_EDGE('',*,*,#3482,.T.);
#3515 = PLANE('',#3516);
#3516 = AXIS2_PLACEMENT_3D('',#3517,#3518,#3519);
#3517 = CARTESIAN_POINT('',(7.62,0.,0.1));
#3518 = DIRECTION('',(0.,0.,1.));
#3519 = DIRECTION('',(1.,0.,-0.));
#3520 = ADVANCED_FACE('',(#3521),#3524,.F.);
#3521 = FACE_BOUND('',#3522,.T.);
#3522 = EDGE_LOOP('',(#3523));
#3523 = ORIENTED_EDGE('',*,*,#3499,.F.);
#3524 = PLANE('',#3525);
#3525 = AXIS2_PLACEMENT_3D('',#3526,#3527,#3528);
#3526 = CARTESIAN_POINT('',(7.62,0.,-5.));
#3527 = DIRECTION('',(0.,0.,1.));
#3528 = DIRECTION('',(1.,0.,-0.));
#3529 = ( GEOMETRIC_REPRESENTATION_CONTEXT(3) 
GLOBAL_UNCERTAINTY_ASSIGNED_CONTEXT((#3533)) 
GLOBAL_UNIT_ASSIGNED_CONTEXT((#3530,#3531,#3532)) REPRESENTATION_CONTEXT
('Context #1','3D Context with UNIT and UNCERTAINTY') );
#3530 = ( LENGTH_UNIT() NAMED_UNIT(*) SI_UNIT(.MILLI.,.METRE.) );
#3531 = ( NAMED_UNIT(*) PLANE_ANGLE_UNIT() SI_UNIT($,.RADIAN.) );
#3532 = ( NAMED_UNIT(*) SI_UNIT($,.STERADIAN.) SOLID_ANGLE_UNIT() );
#3533 = UNCERTAINTY_MEASURE_WITH_UNIT(LENGTH_MEASURE(1.E-07),#3530,
  'distance_accuracy_value','confusion accuracy');
#3534 = CONTEXT_DEPENDENT_SHAPE_REPRESENTATION(#3535,#3537);
#3535 = ( REPRESENTATION_RELATIONSHIP('','',#3475,#3132) 
REPRESENTATION_RELATIONSHIP_WITH_TRANSFORMATION(#3536) 
SHAPE_REPRESENTATION_RELATIONSHIP() );
#3536 = ITEM_DEFINED_TRANSFORMATION('','',#11,#3145);
#3537 = PRODUCT_DEFINITION_SHAPE('Placement','Placement of an item',
  #3538);
#3538 = NEXT_ASSEMBLY_USAGE_OCCURRENCE('207','Leads003','',#3127,#3470,$
  );
#3539 = PRODUCT_RELATED_PRODUCT_CATEGORY('part',$,(#3472));
#3540 = SHAPE_DEFINITION_REPRESENTATION(#3541,#3547);
#3541 = PRODUCT_DEFINITION_SHAPE('','',#3542);
#3542 = PRODUCT_DEFINITION('design','',#3543,#3546);
#3543 = PRODUCT_DEFINITION_FORMATION('','',#3544);
#3544 = PRODUCT('Leads004','Leads004','',(#3545));
#3545 = PRODUCT_CONTEXT('',#2,'mechanical');
#3546 = PRODUCT_DEFINITION_CONTEXT('part definition',#2,'design');
#3547 = ADVANCED_BREP_SHAPE_REPRESENTATION('',(#11,#3548),#3601);
#3548 = MANIFOLD_SOLID_BREP('',#3549);
#3549 = CLOSED_SHELL('',(#3550,#3583,#3592));
#3550 = ADVANCED_FACE('',(#3551),#3578,.T.);
#3551 = FACE_BOUND('',#3552,.T.);
#3552 = EDGE_LOOP('',(#3553,#3562,#3570,#3577));
#3553 = ORIENTED_EDGE('',*,*,#3554,.F.);
#3554 = EDGE_CURVE('',#3555,#3555,#3557,.T.);
#3555 = VERTEX_POINT('',#3556);
#3556 = CARTESIAN_POINT('',(10.4155,-6.257945143643E-17,0.1));
#3557 = CIRCLE('',#3558,0.2555);
#3558 = AXIS2_PLACEMENT_3D('',#3559,#3560,#3561);
#3559 = CARTESIAN_POINT('',(10.16,0.,0.1));
#3560 = DIRECTION('',(0.,0.,1.));
#3561 = DIRECTION('',(1.,0.,-0.));
#3562 = ORIENTED_EDGE('',*,*,#3563,.F.);
#3563 = EDGE_CURVE('',#3564,#3555,#3566,.T.);
#3564 = VERTEX_POINT('',#3565);
#3565 = CARTESIAN_POINT('',(10.4155,-6.257945143643E-17,-5.));
#3566 = LINE('',#3567,#3568);
#3567 = CARTESIAN_POINT('',(10.4155,-6.257945143643E-17,-5.));
#3568 = VECTOR('',#3569,1.);
#3569 = DIRECTION('',(0.,0.,1.));
#3570 = ORIENTED_EDGE('',*,*,#3571,.T.);
#3571 = EDGE_CURVE('',#3564,#3564,#3572,.T.);
#3572 = CIRCLE('',#3573,0.2555);
#3573 = AXIS2_PLACEMENT_3D('',#3574,#3575,#3576);
#3574 = CARTESIAN_POINT('',(10.16,0.,-5.));
#3575 = DIRECTION('',(0.,0.,1.));
#3576 = DIRECTION('',(1.,0.,-0.));
#3577 = ORIENTED_EDGE('',*,*,#3563,.T.);
#3578 = CYLINDRICAL_SURFACE('',#3579,0.2555);
#3579 = AXIS2_PLACEMENT_3D('',#3580,#3581,#3582);
#3580 = CARTESIAN_POINT('',(10.16,0.,-5.));
#3581 = DIRECTION('',(0.,0.,1.));
#3582 = DIRECTION('',(1.,0.,-0.));
#3583 = ADVANCED_FACE('',(#3584),#3587,.T.);
#3584 = FACE_BOUND('',#3585,.T.);
#3585 = EDGE_LOOP('',(#3586));
#3586 = ORIENTED_EDGE('',*,*,#3554,.T.);
#3587 = PLANE('',#3588);
#3588 = AXIS2_PLACEMENT_3D('',#3589,#3590,#3591);
#3589 = CARTESIAN_POINT('',(10.16,0.,0.1));
#3590 = DIRECTION('',(0.,0.,1.));
#3591 = DIRECTION('',(1.,0.,-0.));
#3592 = ADVANCED_FACE('',(#3593),#3596,.F.);
#3593 = FACE_BOUND('',#3594,.T.);
#3594 = EDGE_LOOP('',(#3595));
#3595 = ORIENTED_EDGE('',*,*,#3571,.F.);
#3596 = PLANE('',#3597);
#3597 = AXIS2_PLACEMENT_3D('',#3598,#3599,#3600);
#3598 = CARTESIAN_POINT('',(10.16,0.,-5.));
#3599 = DIRECTION('',(0.,0.,1.));
#3600 = DIRECTION('',(1.,0.,-0.));
#3601 = ( GEOMETRIC_REPRESENTATION_CONTEXT(3) 
GLOBAL_UNCERTAINTY_ASSIGNED_CONTEXT((#3605)) 
GLOBAL_UNIT_ASSIGNED_CONTEXT((#3602,#3603,#3604)) REPRESENTATION_CONTEXT
('Context #1','3D Context with UNIT and UNCERTAINTY') );
#3602 = ( LENGTH_UNIT() NAMED_UNIT(*) SI_UNIT(.MILLI.,.METRE.) );
#3603 = ( NAMED_UNIT(*) PLANE_ANGLE_UNIT() SI_UNIT($,.RADIAN.) );
#3604 = ( NAMED_UNIT(*) SI_UNIT($,.STERADIAN.) SOLID_ANGLE_UNIT() );
#3605 = UNCERTAINTY_MEASURE_WITH_UNIT(LENGTH_MEASURE(1.E-07),#3602,
  'distance_accuracy_value','confusion accuracy');
#3606 = CONTEXT_DEPENDENT_SHAPE_REPRESENTATION(#3607,#3609);
#3607 = ( REPRESENTATION_RELATIONSHIP('','',#3547,#3132) 
REPRESENTATION_RELATIONSHIP_WITH_TRANSFORMATION(#3608) 
SHAPE_REPRESENTATION_RELATIONSHIP() );
#3608 = ITEM_DEFINED_TRANSFORMATION('','',#11,#3149);
#3609 = PRODUCT_DEFINITION_SHAPE('Placement','Placement of an item',
  #3610);
#3610 = NEXT_ASSEMBLY_USAGE_OCCURRENCE('208','Leads004','',#3127,#3542,$
  );
#3611 = PRODUCT_RELATED_PRODUCT_CATEGORY('part',$,(#3544));
#3612 = SHAPE_DEFINITION_REPRESENTATION(#3613,#3619);
#3613 = PRODUCT_DEFINITION_SHAPE('','',#3614);
#3614 = PRODUCT_DEFINITION('design','',#3615,#3618);
#3615 = PRODUCT_DEFINITION_FORMATION('','',#3616);
#3616 = PRODUCT('Leads005','Leads005','',(#3617));
#3617 = PRODUCT_CONTEXT('',#2,'mechanical');
#3618 = PRODUCT_DEFINITION_CONTEXT('part definition',#2,'design');
#3619 = ADVANCED_BREP_SHAPE_REPRESENTATION('',(#11,#3620),#3673);
#3620 = MANIFOLD_SOLID_BREP('',#3621);
#3621 = CLOSED_SHELL('',(#3622,#3655,#3664));
#3622 = ADVANCED_FACE('',(#3623),#3650,.T.);
#3623 = FACE_BOUND('',#3624,.T.);
#3624 = EDGE_LOOP('',(#3625,#3634,#3642,#3649));
#3625 = ORIENTED_EDGE('',*,*,#3626,.F.);
#3626 = EDGE_CURVE('',#3627,#3627,#3629,.T.);
#3627 = VERTEX_POINT('',#3628);
#3628 = CARTESIAN_POINT('',(12.9555,-6.257945143643E-17,0.1));
#3629 = CIRCLE('',#3630,0.2555);
#3630 = AXIS2_PLACEMENT_3D('',#3631,#3632,#3633);
#3631 = CARTESIAN_POINT('',(12.7,0.,0.1));
#3632 = DIRECTION('',(0.,0.,1.));
#3633 = DIRECTION('',(1.,0.,-0.));
#3634 = ORIENTED_EDGE('',*,*,#3635,.F.);
#3635 = EDGE_CURVE('',#3636,#3627,#3638,.T.);
#3636 = VERTEX_POINT('',#3637);
#3637 = CARTESIAN_POINT('',(12.9555,-6.257945143643E-17,-5.));
#3638 = LINE('',#3639,#3640);
#3639 = CARTESIAN_POINT('',(12.9555,-6.257945143643E-17,-5.));
#3640 = VECTOR('',#3641,1.);
#3641 = DIRECTION('',(0.,0.,1.));
#3642 = ORIENTED_EDGE('',*,*,#3643,.T.);
#3643 = EDGE_CURVE('',#3636,#3636,#3644,.T.);
#3644 = CIRCLE('',#3645,0.2555);
#3645 = AXIS2_PLACEMENT_3D('',#3646,#3647,#3648);
#3646 = CARTESIAN_POINT('',(12.7,0.,-5.));
#3647 = DIRECTION('',(0.,0.,1.));
#3648 = DIRECTION('',(1.,0.,-0.));
#3649 = ORIENTED_EDGE('',*,*,#3635,.T.);
#3650 = CYLINDRICAL_SURFACE('',#3651,0.2555);
#3651 = AXIS2_PLACEMENT_3D('',#3652,#3653,#3654);
#3652 = CARTESIAN_POINT('',(12.7,0.,-5.));
#3653 = DIRECTION('',(0.,0.,1.));
#3654 = DIRECTION('',(1.,0.,-0.));
#3655 = ADVANCED_FACE('',(#3656),#3659,.T.);
#3656 = FACE_BOUND('',#3657,.T.);
#3657 = EDGE_LOOP('',(#3658));
#3658 = ORIENTED_EDGE('',*,*,#3626,.T.);
#3659 = PLANE('',#3660);
#3660 = AXIS2_PLACEMENT_3D('',#3661,#3662,#3663);
#3661 = CARTESIAN_POINT('',(12.7,0.,0.1));
#3662 = DIRECTION('',(0.,0.,1.));
#3663 = DIRECTION('',(1.,0.,-0.));
#3664 = ADVANCED_FACE('',(#3665),#3668,.F.);
#3665 = FACE_BOUND('',#3666,.T.);
#3666 = EDGE_LOOP('',(#3667));
#3667 = ORIENTED_EDGE('',*,*,#3643,.F.);
#3668 = PLANE('',#3669);
#3669 = AXIS2_PLACEMENT_3D('',#3670,#3671,#3672);
#3670 = CARTESIAN_POINT('',(12.7,0.,-5.));
#3671 = DIRECTION('',(0.,0.,1.));
#3672 = DIRECTION('',(1.,0.,-0.));
#3673 = ( GEOMETRIC_REPRESENTATION_CONTEXT(3) 
GLOBAL_UNCERTAINTY_ASSIGNED_CONTEXT((#3677)) 
GLOBAL_UNIT_ASSIGNED_CONTEXT((#3674,#3675,#3676)) REPRESENTATION_CONTEXT
('Context #1','3D Context with UNIT and UNCERTAINTY') );
#3674 = ( LENGTH_UNIT() NAMED_UNIT(*) SI_UNIT(.MILLI.,.METRE.) );
#3675 = ( NAMED_UNIT(*) PLANE_ANGLE_UNIT() SI_UNIT($,.RADIAN.) );
#3676 = ( NAMED_UNIT(*) SI_UNIT($,.STERADIAN.) SOLID_ANGLE_UNIT() );
#3677 = UNCERTAINTY_MEASURE_WITH_UNIT(LENGTH_MEASURE(1.E-07),#3674,
  'distance_accuracy_value','confusion accuracy');
#3678 = CONTEXT_DEPENDENT_SHAPE_REPRESENTATION(#3679,#3681);
#3679 = ( REPRESENTATION_RELATIONSHIP('','',#3619,#3132) 
REPRESENTATION_RELATIONSHIP_WITH_TRANSFORMATION(#3680) 
SHAPE_REPRESENTATION_RELATIONSHIP() );
#3680 = ITEM_DEFINED_TRANSFORMATION('','',#11,#3153);
#3681 = PRODUCT_DEFINITION_SHAPE('Placement','Placement of an item',
  #3682);
#3682 = NEXT_ASSEMBLY_USAGE_OCCURRENCE('209','Leads005','',#3127,#3614,$
  );
#3683 = PRODUCT_RELATED_PRODUCT_CATEGORY('part',$,(#3616));
#3684 = SHAPE_DEFINITION_REPRESENTATION(#3685,#3691);
#3685 = PRODUCT_DEFINITION_SHAPE('','',#3686);
#3686 = PRODUCT_DEFINITION('design','',#3687,#3690);
#3687 = PRODUCT_DEFINITION_FORMATION('','',#3688);
#3688 = PRODUCT('Leads006','Leads006','',(#3689));
#3689 = PRODUCT_CONTEXT('',#2,'mechanical');
#3690 = PRODUCT_DEFINITION_CONTEXT('part definition',#2,'design');
#3691 = ADVANCED_BREP_SHAPE_REPRESENTATION('',(#11,#3692),#3745);
#3692 = MANIFOLD_SOLID_BREP('',#3693);
#3693 = CLOSED_SHELL('',(#3694,#3727,#3736));
#3694 = ADVANCED_FACE('',(#3695),#3722,.T.);
#3695 = FACE_BOUND('',#3696,.T.);
#3696 = EDGE_LOOP('',(#3697,#3706,#3714,#3721));
#3697 = ORIENTED_EDGE('',*,*,#3698,.F.);
#3698 = EDGE_CURVE('',#3699,#3699,#3701,.T.);
#3699 = VERTEX_POINT('',#3700);
#3700 = CARTESIAN_POINT('',(15.4955,-6.257945143643E-17,0.1));
#3701 = CIRCLE('',#3702,0.2555);
#3702 = AXIS2_PLACEMENT_3D('',#3703,#3704,#3705);
#3703 = CARTESIAN_POINT('',(15.24,0.,0.1));
#3704 = DIRECTION('',(0.,0.,1.));
#3705 = DIRECTION('',(1.,0.,-0.));
#3706 = ORIENTED_EDGE('',*,*,#3707,.F.);
#3707 = EDGE_CURVE('',#3708,#3699,#3710,.T.);
#3708 = VERTEX_POINT('',#3709);
#3709 = CARTESIAN_POINT('',(15.4955,-6.257945143643E-17,-5.));
#3710 = LINE('',#3711,#3712);
#3711 = CARTESIAN_POINT('',(15.4955,-6.257945143643E-17,-5.));
#3712 = VECTOR('',#3713,1.);
#3713 = DIRECTION('',(0.,0.,1.));
#3714 = ORIENTED_EDGE('',*,*,#3715,.T.);
#3715 = EDGE_CURVE('',#3708,#3708,#3716,.T.);
#3716 = CIRCLE('',#3717,0.2555);
#3717 = AXIS2_PLACEMENT_3D('',#3718,#3719,#3720);
#3718 = CARTESIAN_POINT('',(15.24,0.,-5.));
#3719 = DIRECTION('',(0.,0.,1.));
#3720 = DIRECTION('',(1.,0.,-0.));
#3721 = ORIENTED_EDGE('',*,*,#3707,.T.);
#3722 = CYLINDRICAL_SURFACE('',#3723,0.2555);
#3723 = AXIS2_PLACEMENT_3D('',#3724,#3725,#3726);
#3724 = CARTESIAN_POINT('',(15.24,0.,-5.));
#3725 = DIRECTION('',(0.,0.,1.));
#3726 = DIRECTION('',(1.,0.,-0.));
#3727 = ADVANCED_FACE('',(#3728),#3731,.T.);
#3728 = FACE_BOUND('',#3729,.T.);
#3729 = EDGE_LOOP('',(#3730));
#3730 = ORIENTED_EDGE('',*,*,#3698,.T.);
#3731 = PLANE('',#3732);
#3732 = AXIS2_PLACEMENT_3D('',#3733,#3734,#3735);
#3733 = CARTESIAN_POINT('',(15.24,0.,0.1));
#3734 = DIRECTION('',(0.,0.,1.));
#3735 = DIRECTION('',(1.,0.,-0.));
#3736 = ADVANCED_FACE('',(#3737),#3740,.F.);
#3737 = FACE_BOUND('',#3738,.T.);
#3738 = EDGE_LOOP('',(#3739));
#3739 = ORIENTED_EDGE('',*,*,#3715,.F.);
#3740 = PLANE('',#3741);
#3741 = AXIS2_PLACEMENT_3D('',#3742,#3743,#3744);
#3742 = CARTESIAN_POINT('',(15.24,0.,-5.));
#3743 = DIRECTION('',(0.,0.,1.));
#3744 = DIRECTION('',(1.,0.,-0.));
#3745 = ( GEOMETRIC_REPRESENTATION_CONTEXT(3) 
GLOBAL_UNCERTAINTY_ASSIGNED_CONTEXT((#3749)) 
GLOBAL_UNIT_ASSIGNED_CONTEXT((#3746,#3747,#3748)) REPRESENTATION_CONTEXT
('Context #1','3D Context with UNIT and UNCERTAINTY') );
#3746 = ( LENGTH_UNIT() NAMED_UNIT(*) SI_UNIT(.MILLI.,.METRE.) );
#3747 = ( NAMED_UNIT(*) PLANE_ANGLE_UNIT() SI_UNIT($,.RADIAN.) );
#3748 = ( NAMED_UNIT(*) SI_UNIT($,.STERADIAN.) SOLID_ANGLE_UNIT() );
#3749 = UNCERTAINTY_MEASURE_WITH_UNIT(LENGTH_MEASURE(1.E-07),#3746,
  'distance_accuracy_value','confusion accuracy');
#3750 = CONTEXT_DEPENDENT_SHAPE_REPRESENTATION(#3751,#3753);
#3751 = ( REPRESENTATION_RELATIONSHIP('','',#3691,#3132) 
REPRESENTATION_RELATIONSHIP_WITH_TRANSFORMATION(#3752) 
SHAPE_REPRESENTATION_RELATIONSHIP() );
#3752 = ITEM_DEFINED_TRANSFORMATION('','',#11,#3157);
#3753 = PRODUCT_DEFINITION_SHAPE('Placement','Placement of an item',
  #3754);
#3754 = NEXT_ASSEMBLY_USAGE_OCCURRENCE('210','Leads006','',#3127,#3686,$
  );
#3755 = PRODUCT_RELATED_PRODUCT_CATEGORY('part',$,(#3688));
#3756 = SHAPE_DEFINITION_REPRESENTATION(#3757,#3763);
#3757 = PRODUCT_DEFINITION_SHAPE('','',#3758);
#3758 = PRODUCT_DEFINITION('design','',#3759,#3762);
#3759 = PRODUCT_DEFINITION_FORMATION('','',#3760);
#3760 = PRODUCT('Leads007','Leads007','',(#3761));
#3761 = PRODUCT_CONTEXT('',#2,'mechanical');
#3762 = PRODUCT_DEFINITION_CONTEXT('part definition',#2,'design');
#3763 = ADVANCED_BREP_SHAPE_REPRESENTATION('',(#11,#3764),#3817);
#3764 = MANIFOLD_SOLID_BREP('',#3765);
#3765 = CLOSED_SHELL('',(#3766,#3799,#3808));
#3766 = ADVANCED_FACE('',(#3767),#3794,.T.);
#3767 = FACE_BOUND('',#3768,.T.);
#3768 = EDGE_LOOP('',(#3769,#3778,#3786,#3793));
#3769 = ORIENTED_EDGE('',*,*,#3770,.F.);
#3770 = EDGE_CURVE('',#3771,#3771,#3773,.T.);
#3771 = VERTEX_POINT('',#3772);
#3772 = CARTESIAN_POINT('',(18.0355,-6.257945143643E-17,0.1));
#3773 = CIRCLE('',#3774,0.2555);
#3774 = AXIS2_PLACEMENT_3D('',#3775,#3776,#3777);
#3775 = CARTESIAN_POINT('',(17.78,0.,0.1));
#3776 = DIRECTION('',(0.,0.,1.));
#3777 = DIRECTION('',(1.,0.,-0.));
#3778 = ORIENTED_EDGE('',*,*,#3779,.F.);
#3779 = EDGE_CURVE('',#3780,#3771,#3782,.T.);
#3780 = VERTEX_POINT('',#3781);
#3781 = CARTESIAN_POINT('',(18.0355,-6.257945143643E-17,-5.));
#3782 = LINE('',#3783,#3784);
#3783 = CARTESIAN_POINT('',(18.0355,-6.257945143643E-17,-5.));
#3784 = VECTOR('',#3785,1.);
#3785 = DIRECTION('',(0.,0.,1.));
#3786 = ORIENTED_EDGE('',*,*,#3787,.T.);
#3787 = EDGE_CURVE('',#3780,#3780,#3788,.T.);
#3788 = CIRCLE('',#3789,0.2555);
#3789 = AXIS2_PLACEMENT_3D('',#3790,#3791,#3792);
#3790 = CARTESIAN_POINT('',(17.78,0.,-5.));
#3791 = DIRECTION('',(0.,0.,1.));
#3792 = DIRECTION('',(1.,0.,-0.));
#3793 = ORIENTED_EDGE('',*,*,#3779,.T.);
#3794 = CYLINDRICAL_SURFACE('',#3795,0.2555);
#3795 = AXIS2_PLACEMENT_3D('',#3796,#3797,#3798);
#3796 = CARTESIAN_POINT('',(17.78,0.,-5.));
#3797 = DIRECTION('',(0.,0.,1.));
#3798 = DIRECTION('',(1.,0.,-0.));
#3799 = ADVANCED_FACE('',(#3800),#3803,.T.);
#3800 = FACE_BOUND('',#3801,.T.);
#3801 = EDGE_LOOP('',(#3802));
#3802 = ORIENTED_EDGE('',*,*,#3770,.T.);
#3803 = PLANE('',#3804);
#3804 = AXIS2_PLACEMENT_3D('',#3805,#3806,#3807);
#3805 = CARTESIAN_POINT('',(17.78,0.,0.1));
#3806 = DIRECTION('',(0.,0.,1.));
#3807 = DIRECTION('',(1.,0.,-0.));
#3808 = ADVANCED_FACE('',(#3809),#3812,.F.);
#3809 = FACE_BOUND('',#3810,.T.);
#3810 = EDGE_LOOP('',(#3811));
#3811 = ORIENTED_EDGE('',*,*,#3787,.F.);
#3812 = PLANE('',#3813);
#3813 = AXIS2_PLACEMENT_3D('',#3814,#3815,#3816);
#3814 = CARTESIAN_POINT('',(17.78,0.,-5.));
#3815 = DIRECTION('',(0.,0.,1.));
#3816 = DIRECTION('',(1.,0.,-0.));
#3817 = ( GEOMETRIC_REPRESENTATION_CONTEXT(3) 
GLOBAL_UNCERTAINTY_ASSIGNED_CONTEXT((#3821)) 
GLOBAL_UNIT_ASSIGNED_CONTEXT((#3818,#3819,#3820)) REPRESENTATION_CONTEXT
('Context #1','3D Context with UNIT and UNCERTAINTY') );
#3818 = ( LENGTH_UNIT() NAMED_UNIT(*) SI_UNIT(.MILLI.,.METRE.) );
#3819 = ( NAMED_UNIT(*) PLANE_ANGLE_UNIT() SI_UNIT($,.RADIAN.) );
#3820 = ( NAMED_UNIT(*) SI_UNIT($,.STERADIAN.) SOLID_ANGLE_UNIT() );
#3821 = UNCERTAINTY_MEASURE_WITH_UNIT(LENGTH_MEASURE(1.E-07),#3818,
  'distance_accuracy_value','confusion accuracy');
#3822 = CONTEXT_DEPENDENT_SHAPE_REPRESENTATION(#3823,#3825);
#3823 = ( REPRESENTATION_RELATIONSHIP('','',#3763,#3132) 
REPRESENTATION_RELATIONSHIP_WITH_TRANSFORMATION(#3824) 
SHAPE_REPRESENTATION_RELATIONSHIP() );
#3824 = ITEM_DEFINED_TRANSFORMATION('','',#11,#3161);
#3825 = PRODUCT_DEFINITION_SHAPE('Placement','Placement of an item',
  #3826);
#3826 = NEXT_ASSEMBLY_USAGE_OCCURRENCE('211','Leads007','',#3127,#3758,$
  );
#3827 = PRODUCT_RELATED_PRODUCT_CATEGORY('part',$,(#3760));
#3828 = SHAPE_DEFINITION_REPRESENTATION(#3829,#3835);
#3829 = PRODUCT_DEFINITION_SHAPE('','',#3830);
#3830 = PRODUCT_DEFINITION('design','',#3831,#3834);
#3831 = PRODUCT_DEFINITION_FORMATION('','',#3832);
#3832 = PRODUCT('Leads008','Leads008','',(#3833));
#3833 = PRODUCT_CONTEXT('',#2,'mechanical');
#3834 = PRODUCT_DEFINITION_CONTEXT('part definition',#2,'design');
#3835 = ADVANCED_BREP_SHAPE_REPRESENTATION('',(#11,#3836),#3889);
#3836 = MANIFOLD_SOLID_BREP('',#3837);
#3837 = CLOSED_SHELL('',(#3838,#3871,#3880));
#3838 = ADVANCED_FACE('',(#3839),#3866,.T.);
#3839 = FACE_BOUND('',#3840,.T.);
#3840 = EDGE_LOOP('',(#3841,#3850,#3858,#3865));
#3841 = ORIENTED_EDGE('',*,*,#3842,.F.);
#3842 = EDGE_CURVE('',#3843,#3843,#3845,.T.);
#3843 = VERTEX_POINT('',#3844);
#3844 = CARTESIAN_POINT('',(20.5755,-6.257945143643E-17,0.1));
#3845 = CIRCLE('',#3846,0.2555);
#3846 = AXIS2_PLACEMENT_3D('',#3847,#3848,#3849);
#3847 = CARTESIAN_POINT('',(20.32,0.,0.1));
#3848 = DIRECTION('',(0.,0.,1.));
#3849 = DIRECTION('',(1.,0.,-0.));
#3850 = ORIENTED_EDGE('',*,*,#3851,.F.);
#3851 = EDGE_CURVE('',#3852,#3843,#3854,.T.);
#3852 = VERTEX_POINT('',#3853);
#3853 = CARTESIAN_POINT('',(20.5755,-6.257945143643E-17,-5.));
#3854 = LINE('',#3855,#3856);
#3855 = CARTESIAN_POINT('',(20.5755,-6.257945143643E-17,-5.));
#3856 = VECTOR('',#3857,1.);
#3857 = DIRECTION('',(0.,0.,1.));
#3858 = ORIENTED_EDGE('',*,*,#3859,.T.);
#3859 = EDGE_CURVE('',#3852,#3852,#3860,.T.);
#3860 = CIRCLE('',#3861,0.2555);
#3861 = AXIS2_PLACEMENT_3D('',#3862,#3863,#3864);
#3862 = CARTESIAN_POINT('',(20.32,0.,-5.));
#3863 = DIRECTION('',(0.,0.,1.));
#3864 = DIRECTION('',(1.,0.,-0.));
#3865 = ORIENTED_EDGE('',*,*,#3851,.T.);
#3866 = CYLINDRICAL_SURFACE('',#3867,0.2555);
#3867 = AXIS2_PLACEMENT_3D('',#3868,#3869,#3870);
#3868 = CARTESIAN_POINT('',(20.32,0.,-5.));
#3869 = DIRECTION('',(0.,0.,1.));
#3870 = DIRECTION('',(1.,0.,-0.));
#3871 = ADVANCED_FACE('',(#3872),#3875,.T.);
#3872 = FACE_BOUND('',#3873,.T.);
#3873 = EDGE_LOOP('',(#3874));
#3874 = ORIENTED_EDGE('',*,*,#3842,.T.);
#3875 = PLANE('',#3876);
#3876 = AXIS2_PLACEMENT_3D('',#3877,#3878,#3879);
#3877 = CARTESIAN_POINT('',(20.32,0.,0.1));
#3878 = DIRECTION('',(0.,0.,1.));
#3879 = DIRECTION('',(1.,0.,-0.));
#3880 = ADVANCED_FACE('',(#3881),#3884,.F.);
#3881 = FACE_BOUND('',#3882,.T.);
#3882 = EDGE_LOOP('',(#3883));
#3883 = ORIENTED_EDGE('',*,*,#3859,.F.);
#3884 = PLANE('',#3885);
#3885 = AXIS2_PLACEMENT_3D('',#3886,#3887,#3888);
#3886 = CARTESIAN_POINT('',(20.32,0.,-5.));
#3887 = DIRECTION('',(0.,0.,1.));
#3888 = DIRECTION('',(1.,0.,-0.));
#3889 = ( GEOMETRIC_REPRESENTATION_CONTEXT(3) 
GLOBAL_UNCERTAINTY_ASSIGNED_CONTEXT((#3893)) 
GLOBAL_UNIT_ASSIGNED_CONTEXT((#3890,#3891,#3892)) REPRESENTATION_CONTEXT
('Context #1','3D Context with UNIT and UNCERTAINTY') );
#3890 = ( LENGTH_UNIT() NAMED_UNIT(*) SI_UNIT(.MILLI.,.METRE.) );
#3891 = ( NAMED_UNIT(*) PLANE_ANGLE_UNIT() SI_UNIT($,.RADIAN.) );
#3892 = ( NAMED_UNIT(*) SI_UNIT($,.STERADIAN.) SOLID_ANGLE_UNIT() );
#3893 = UNCERTAINTY_MEASURE_WITH_UNIT(LENGTH_MEASURE(1.E-07),#3890,
  'distance_accuracy_value','confusion accuracy');
#3894 = CONTEXT_DEPENDENT_SHAPE_REPRESENTATION(#3895,#3897);
#3895 = ( REPRESENTATION_RELATIONSHIP('','',#3835,#3132) 
REPRESENTATION_RELATIONSHIP_WITH_TRANSFORMATION(#3896) 
SHAPE_REPRESENTATION_RELATIONSHIP() );
#3896 = ITEM_DEFINED_TRANSFORMATION('','',#11,#3165);
#3897 = PRODUCT_DEFINITION_SHAPE('Placement','Placement of an item',
  #3898);
#3898 = NEXT_ASSEMBLY_USAGE_OCCURRENCE('212','Leads008','',#3127,#3830,$
  );
#3899 = PRODUCT_RELATED_PRODUCT_CATEGORY('part',$,(#3832));
#3900 = SHAPE_DEFINITION_REPRESENTATION(#3901,#3907);
#3901 = PRODUCT_DEFINITION_SHAPE('','',#3902);
#3902 = PRODUCT_DEFINITION('design','',#3903,#3906);
#3903 = PRODUCT_DEFINITION_FORMATION('','',#3904);
#3904 = PRODUCT('Leads009','Leads009','',(#3905));
#3905 = PRODUCT_CONTEXT('',#2,'mechanical');
#3906 = PRODUCT_DEFINITION_CONTEXT('part definition',#2,'design');
#3907 = ADVANCED_BREP_SHAPE_REPRESENTATION('',(#11,#3908),#3961);
#3908 = MANIFOLD_SOLID_BREP('',#3909);
#3909 = CLOSED_SHELL('',(#3910,#3943,#3952));
#3910 = ADVANCED_FACE('',(#3911),#3938,.T.);
#3911 = FACE_BOUND('',#3912,.T.);
#3912 = EDGE_LOOP('',(#3913,#3922,#3930,#3937));
#3913 = ORIENTED_EDGE('',*,*,#3914,.F.);
#3914 = EDGE_CURVE('',#3915,#3915,#3917,.T.);
#3915 = VERTEX_POINT('',#3916);
#3916 = CARTESIAN_POINT('',(23.1155,-6.257945143643E-17,0.1));
#3917 = CIRCLE('',#3918,0.2555);
#3918 = AXIS2_PLACEMENT_3D('',#3919,#3920,#3921);
#3919 = CARTESIAN_POINT('',(22.86,0.,0.1));
#3920 = DIRECTION('',(0.,0.,1.));
#3921 = DIRECTION('',(1.,0.,-0.));
#3922 = ORIENTED_EDGE('',*,*,#3923,.F.);
#3923 = EDGE_CURVE('',#3924,#3915,#3926,.T.);
#3924 = VERTEX_POINT('',#3925);
#3925 = CARTESIAN_POINT('',(23.1155,-6.257945143643E-17,-5.));
#3926 = LINE('',#3927,#3928);
#3927 = CARTESIAN_POINT('',(23.1155,-6.257945143643E-17,-5.));
#3928 = VECTOR('',#3929,1.);
#3929 = DIRECTION('',(0.,0.,1.));
#3930 = ORIENTED_EDGE('',*,*,#3931,.T.);
#3931 = EDGE_CURVE('',#3924,#3924,#3932,.T.);
#3932 = CIRCLE('',#3933,0.2555);
#3933 = AXIS2_PLACEMENT_3D('',#3934,#3935,#3936);
#3934 = CARTESIAN_POINT('',(22.86,0.,-5.));
#3935 = DIRECTION('',(0.,0.,1.));
#3936 = DIRECTION('',(1.,0.,-0.));
#3937 = ORIENTED_EDGE('',*,*,#3923,.T.);
#3938 = CYLINDRICAL_SURFACE('',#3939,0.2555);
#3939 = AXIS2_PLACEMENT_3D('',#3940,#3941,#3942);
#3940 = CARTESIAN_POINT('',(22.86,0.,-5.));
#3941 = DIRECTION('',(0.,0.,1.));
#3942 = DIRECTION('',(1.,0.,-0.));
#3943 = ADVANCED_FACE('',(#3944),#3947,.T.);
#3944 = FACE_BOUND('',#3945,.T.);
#3945 = EDGE_LOOP('',(#3946));
#3946 = ORIENTED_EDGE('',*,*,#3914,.T.);
#3947 = PLANE('',#3948);
#3948 = AXIS2_PLACEMENT_3D('',#3949,#3950,#3951);
#3949 = CARTESIAN_POINT('',(22.86,0.,0.1));
#3950 = DIRECTION('',(0.,0.,1.));
#3951 = DIRECTION('',(1.,0.,-0.));
#3952 = ADVANCED_FACE('',(#3953),#3956,.F.);
#3953 = FACE_BOUND('',#3954,.T.);
#3954 = EDGE_LOOP('',(#3955));
#3955 = ORIENTED_EDGE('',*,*,#3931,.F.);
#3956 = PLANE('',#3957);
#3957 = AXIS2_PLACEMENT_3D('',#3958,#3959,#3960);
#3958 = CARTESIAN_POINT('',(22.86,0.,-5.));
#3959 = DIRECTION('',(0.,0.,1.));
#3960 = DIRECTION('',(1.,0.,-0.));
#3961 = ( GEOMETRIC_REPRESENTATION_CONTEXT(3) 
GLOBAL_UNCERTAINTY_ASSIGNED_CONTEXT((#3965)) 
GLOBAL_UNIT_ASSIGNED_CONTEXT((#3962,#3963,#3964)) REPRESENTATION_CONTEXT
('Context #1','3D Context with UNIT and UNCERTAINTY') );
#3962 = ( LENGTH_UNIT() NAMED_UNIT(*) SI_UNIT(.MILLI.,.METRE.) );
#3963 = ( NAMED_UNIT(*) PLANE_ANGLE_UNIT() SI_UNIT($,.RADIAN.) );
#3964 = ( NAMED_UNIT(*) SI_UNIT($,.STERADIAN.) SOLID_ANGLE_UNIT() );
#3965 = UNCERTAINTY_MEASURE_WITH_UNIT(LENGTH_MEASURE(1.E-07),#3962,
  'distance_accuracy_value','confusion accuracy');
#3966 = CONTEXT_DEPENDENT_SHAPE_REPRESENTATION(#3967,#3969);
#3967 = ( REPRESENTATION_RELATIONSHIP('','',#3907,#3132) 
REPRESENTATION_RELATIONSHIP_WITH_TRANSFORMATION(#3968) 
SHAPE_REPRESENTATION_RELATIONSHIP() );
#3968 = ITEM_DEFINED_TRANSFORMATION('','',#11,#3169);
#3969 = PRODUCT_DEFINITION_SHAPE('Placement','Placement of an item',
  #3970);
#3970 = NEXT_ASSEMBLY_USAGE_OCCURRENCE('213','Leads009','',#3127,#3902,$
  );
#3971 = PRODUCT_RELATED_PRODUCT_CATEGORY('part',$,(#3904));
#3972 = SHAPE_DEFINITION_REPRESENTATION(#3973,#3979);
#3973 = PRODUCT_DEFINITION_SHAPE('','',#3974);
#3974 = PRODUCT_DEFINITION('design','',#3975,#3978);
#3975 = PRODUCT_DEFINITION_FORMATION('','',#3976);
#3976 = PRODUCT('Leads010','Leads010','',(#3977));
#3977 = PRODUCT_CONTEXT('',#2,'mechanical');
#3978 = PRODUCT_DEFINITION_CONTEXT('part definition',#2,'design');
#3979 = ADVANCED_BREP_SHAPE_REPRESENTATION('',(#11,#3980),#4033);
#3980 = MANIFOLD_SOLID_BREP('',#3981);
#3981 = CLOSED_SHELL('',(#3982,#4015,#4024));
#3982 = ADVANCED_FACE('',(#3983),#4010,.T.);
#3983 = FACE_BOUND('',#3984,.T.);
#3984 = EDGE_LOOP('',(#3985,#3994,#4002,#4009));
#3985 = ORIENTED_EDGE('',*,*,#3986,.F.);
#3986 = EDGE_CURVE('',#3987,#3987,#3989,.T.);
#3987 = VERTEX_POINT('',#3988);
#3988 = CARTESIAN_POINT('',(25.6555,-6.257945143643E-17,0.1));
#3989 = CIRCLE('',#3990,0.2555);
#3990 = AXIS2_PLACEMENT_3D('',#3991,#3992,#3993);
#3991 = CARTESIAN_POINT('',(25.4,0.,0.1));
#3992 = DIRECTION('',(0.,0.,1.));
#3993 = DIRECTION('',(1.,0.,-0.));
#3994 = ORIENTED_EDGE('',*,*,#3995,.F.);
#3995 = EDGE_CURVE('',#3996,#3987,#3998,.T.);
#3996 = VERTEX_POINT('',#3997);
#3997 = CARTESIAN_POINT('',(25.6555,-6.257945143643E-17,-5.));
#3998 = LINE('',#3999,#4000);
#3999 = CARTESIAN_POINT('',(25.6555,-6.257945143643E-17,-5.));
#4000 = VECTOR('',#4001,1.);
#4001 = DIRECTION('',(0.,0.,1.));
#4002 = ORIENTED_EDGE('',*,*,#4003,.T.);
#4003 = EDGE_CURVE('',#3996,#3996,#4004,.T.);
#4004 = CIRCLE('',#4005,0.2555);
#4005 = AXIS2_PLACEMENT_3D('',#4006,#4007,#4008);
#4006 = CARTESIAN_POINT('',(25.4,0.,-5.));
#4007 = DIRECTION('',(0.,0.,1.));
#4008 = DIRECTION('',(1.,0.,-0.));
#4009 = ORIENTED_EDGE('',*,*,#3995,.T.);
#4010 = CYLINDRICAL_SURFACE('',#4011,0.2555);
#4011 = AXIS2_PLACEMENT_3D('',#4012,#4013,#4014);
#4012 = CARTESIAN_POINT('',(25.4,0.,-5.));
#4013 = DIRECTION('',(0.,0.,1.));
#4014 = DIRECTION('',(1.,0.,-0.));
#4015 = ADVANCED_FACE('',(#4016),#4019,.T.);
#4016 = FACE_BOUND('',#4017,.T.);
#4017 = EDGE_LOOP('',(#4018));
#4018 = ORIENTED_EDGE('',*,*,#3986,.T.);
#4019 = PLANE('',#4020);
#4020 = AXIS2_PLACEMENT_3D('',#4021,#4022,#4023);
#4021 = CARTESIAN_POINT('',(25.4,0.,0.1));
#4022 = DIRECTION('',(0.,0.,1.));
#4023 = DIRECTION('',(1.,0.,-0.));
#4024 = ADVANCED_FACE('',(#4025),#4028,.F.);
#4025 = FACE_BOUND('',#4026,.T.);
#4026 = EDGE_LOOP('',(#4027));
#4027 = ORIENTED_EDGE('',*,*,#4003,.F.);
#4028 = PLANE('',#4029);
#4029 = AXIS2_PLACEMENT_3D('',#4030,#4031,#4032);
#4030 = CARTESIAN_POINT('',(25.4,0.,-5.));
#4031 = DIRECTION('',(0.,0.,1.));
#4032 = DIRECTION('',(1.,0.,-0.));
#4033 = ( GEOMETRIC_REPRESENTATION_CONTEXT(3) 
GLOBAL_UNCERTAINTY_ASSIGNED_CONTEXT((#4037)) 
GLOBAL_UNIT_ASSIGNED_CONTEXT((#4034,#4035,#4036)) REPRESENTATION_CONTEXT
('Context #1','3D Context with UNIT and UNCERTAINTY') );
#4034 = ( LENGTH_UNIT() NAMED_UNIT(*) SI_UNIT(.MILLI.,.METRE.) );
#4035 = ( NAMED_UNIT(*) PLANE_ANGLE_UNIT() SI_UNIT($,.RADIAN.) );
#4036 = ( NAMED_UNIT(*) SI_UNIT($,.STERADIAN.) SOLID_ANGLE_UNIT() );
#4037 = UNCERTAINTY_MEASURE_WITH_UNIT(LENGTH_MEASURE(1.E-07),#4034,
  'distance_accuracy_value','confusion accuracy');
#4038 = CONTEXT_DEPENDENT_SHAPE_REPRESENTATION(#4039,#4041);
#4039 = ( REPRESENTATION_RELATIONSHIP('','',#3979,#3132) 
REPRESENTATION_RELATIONSHIP_WITH_TRANSFORMATION(#4040) 
SHAPE_REPRESENTATION_RELATIONSHIP() );
#4040 = ITEM_DEFINED_TRANSFORMATION('','',#11,#3173);
#4041 = PRODUCT_DEFINITION_SHAPE('Placement','Placement of an item',
  #4042);
#4042 = NEXT_ASSEMBLY_USAGE_OCCURRENCE('214','Leads010','',#3127,#3974,$
  );
#4043 = PRODUCT_RELATED_PRODUCT_CATEGORY('part',$,(#3976));
#4044 = SHAPE_DEFINITION_REPRESENTATION(#4045,#4051);
#4045 = PRODUCT_DEFINITION_SHAPE('','',#4046);
#4046 = PRODUCT_DEFINITION('design','',#4047,#4050);
#4047 = PRODUCT_DEFINITION_FORMATION('','',#4048);
#4048 = PRODUCT('Leads011','Leads011','',(#4049));
#4049 = PRODUCT_CONTEXT('',#2,'mechanical');
#4050 = PRODUCT_DEFINITION_CONTEXT('part definition',#2,'design');
#4051 = ADVANCED_BREP_SHAPE_REPRESENTATION('',(#11,#4052),#4105);
#4052 = MANIFOLD_SOLID_BREP('',#4053);
#4053 = CLOSED_SHELL('',(#4054,#4087,#4096));
#4054 = ADVANCED_FACE('',(#4055),#4082,.T.);
#4055 = FACE_BOUND('',#4056,.T.);
#4056 = EDGE_LOOP('',(#4057,#4066,#4074,#4081));
#4057 = ORIENTED_EDGE('',*,*,#4058,.F.);
#4058 = EDGE_CURVE('',#4059,#4059,#4061,.T.);
#4059 = VERTEX_POINT('',#4060);
#4060 = CARTESIAN_POINT('',(28.1955,-6.257945143643E-17,0.1));
#4061 = CIRCLE('',#4062,0.2555);
#4062 = AXIS2_PLACEMENT_3D('',#4063,#4064,#4065);
#4063 = CARTESIAN_POINT('',(27.94,0.,0.1));
#4064 = DIRECTION('',(0.,0.,1.));
#4065 = DIRECTION('',(1.,0.,-0.));
#4066 = ORIENTED_EDGE('',*,*,#4067,.F.);
#4067 = EDGE_CURVE('',#4068,#4059,#4070,.T.);
#4068 = VERTEX_POINT('',#4069);
#4069 = CARTESIAN_POINT('',(28.1955,-6.257945143643E-17,-5.));
#4070 = LINE('',#4071,#4072);
#4071 = CARTESIAN_POINT('',(28.1955,-6.257945143643E-17,-5.));
#4072 = VECTOR('',#4073,1.);
#4073 = DIRECTION('',(0.,0.,1.));
#4074 = ORIENTED_EDGE('',*,*,#4075,.T.);
#4075 = EDGE_CURVE('',#4068,#4068,#4076,.T.);
#4076 = CIRCLE('',#4077,0.2555);
#4077 = AXIS2_PLACEMENT_3D('',#4078,#4079,#4080);
#4078 = CARTESIAN_POINT('',(27.94,0.,-5.));
#4079 = DIRECTION('',(0.,0.,1.));
#4080 = DIRECTION('',(1.,0.,-0.));
#4081 = ORIENTED_EDGE('',*,*,#4067,.T.);
#4082 = CYLINDRICAL_SURFACE('',#4083,0.2555);
#4083 = AXIS2_PLACEMENT_3D('',#4084,#4085,#4086);
#4084 = CARTESIAN_POINT('',(27.94,0.,-5.));
#4085 = DIRECTION('',(0.,0.,1.));
#4086 = DIRECTION('',(1.,0.,-0.));
#4087 = ADVANCED_FACE('',(#4088),#4091,.T.);
#4088 = FACE_BOUND('',#4089,.T.);
#4089 = EDGE_LOOP('',(#4090));
#4090 = ORIENTED_EDGE('',*,*,#4058,.T.);
#4091 = PLANE('',#4092);
#4092 = AXIS2_PLACEMENT_3D('',#4093,#4094,#4095);
#4093 = CARTESIAN_POINT('',(27.94,0.,0.1));
#4094 = DIRECTION('',(0.,0.,1.));
#4095 = DIRECTION('',(1.,0.,-0.));
#4096 = ADVANCED_FACE('',(#4097),#4100,.F.);
#4097 = FACE_BOUND('',#4098,.T.);
#4098 = EDGE_LOOP('',(#4099));
#4099 = ORIENTED_EDGE('',*,*,#4075,.F.);
#4100 = PLANE('',#4101);
#4101 = AXIS2_PLACEMENT_3D('',#4102,#4103,#4104);
#4102 = CARTESIAN_POINT('',(27.94,0.,-5.));
#4103 = DIRECTION('',(0.,0.,1.));
#4104 = DIRECTION('',(1.,0.,-0.));
#4105 = ( GEOMETRIC_REPRESENTATION_CONTEXT(3) 
GLOBAL_UNCERTAINTY_ASSIGNED_CONTEXT((#4109)) 
GLOBAL_UNIT_ASSIGNED_CONTEXT((#4106,#4107,#4108)) REPRESENTATION_CONTEXT
('Context #1','3D Context with UNIT and UNCERTAINTY') );
#4106 = ( LENGTH_UNIT() NAMED_UNIT(*) SI_UNIT(.MILLI.,.METRE.) );
#4107 = ( NAMED_UNIT(*) PLANE_ANGLE_UNIT() SI_UNIT($,.RADIAN.) );
#4108 = ( NAMED_UNIT(*) SI_UNIT($,.STERADIAN.) SOLID_ANGLE_UNIT() );
#4109 = UNCERTAINTY_MEASURE_WITH_UNIT(LENGTH_MEASURE(1.E-07),#4106,
  'distance_accuracy_value','confusion accuracy');
#4110 = CONTEXT_DEPENDENT_SHAPE_REPRESENTATION(#4111,#4113);
#4111 = ( REPRESENTATION_RELATIONSHIP('','',#4051,#3132) 
REPRESENTATION_RELATIONSHIP_WITH_TRANSFORMATION(#4112) 
SHAPE_REPRESENTATION_RELATIONSHIP() );
#4112 = ITEM_DEFINED_TRANSFORMATION('','',#11,#3177);
#4113 = PRODUCT_DEFINITION_SHAPE('Placement','Placement of an item',
  #4114);
#4114 = NEXT_ASSEMBLY_USAGE_OCCURRENCE('215','Leads011','',#3127,#4046,$
  );
#4115 = PRODUCT_RELATED_PRODUCT_CATEGORY('part',$,(#4048));
#4116 = SHAPE_DEFINITION_REPRESENTATION(#4117,#4123);
#4117 = PRODUCT_DEFINITION_SHAPE('','',#4118);
#4118 = PRODUCT_DEFINITION('design','',#4119,#4122);
#4119 = PRODUCT_DEFINITION_FORMATION('','',#4120);
#4120 = PRODUCT('Leads012','Leads012','',(#4121));
#4121 = PRODUCT_CONTEXT('',#2,'mechanical');
#4122 = PRODUCT_DEFINITION_CONTEXT('part definition',#2,'design');
#4123 = ADVANCED_BREP_SHAPE_REPRESENTATION('',(#11,#4124),#4177);
#4124 = MANIFOLD_SOLID_BREP('',#4125);
#4125 = CLOSED_SHELL('',(#4126,#4159,#4168));
#4126 = ADVANCED_FACE('',(#4127),#4154,.T.);
#4127 = FACE_BOUND('',#4128,.T.);
#4128 = EDGE_LOOP('',(#4129,#4138,#4146,#4153));
#4129 = ORIENTED_EDGE('',*,*,#4130,.F.);
#4130 = EDGE_CURVE('',#4131,#4131,#4133,.T.);
#4131 = VERTEX_POINT('',#4132);
#4132 = CARTESIAN_POINT('',(30.7355,-6.257945143643E-17,0.1));
#4133 = CIRCLE('',#4134,0.2555);
#4134 = AXIS2_PLACEMENT_3D('',#4135,#4136,#4137);
#4135 = CARTESIAN_POINT('',(30.48,0.,0.1));
#4136 = DIRECTION('',(0.,0.,1.));
#4137 = DIRECTION('',(1.,0.,-0.));
#4138 = ORIENTED_EDGE('',*,*,#4139,.F.);
#4139 = EDGE_CURVE('',#4140,#4131,#4142,.T.);
#4140 = VERTEX_POINT('',#4141);
#4141 = CARTESIAN_POINT('',(30.7355,-6.257945143643E-17,-5.));
#4142 = LINE('',#4143,#4144);
#4143 = CARTESIAN_POINT('',(30.7355,-6.257945143643E-17,-5.));
#4144 = VECTOR('',#4145,1.);
#4145 = DIRECTION('',(0.,0.,1.));
#4146 = ORIENTED_EDGE('',*,*,#4147,.T.);
#4147 = EDGE_CURVE('',#4140,#4140,#4148,.T.);
#4148 = CIRCLE('',#4149,0.2555);
#4149 = AXIS2_PLACEMENT_3D('',#4150,#4151,#4152);
#4150 = CARTESIAN_POINT('',(30.48,0.,-5.));
#4151 = DIRECTION('',(0.,0.,1.));
#4152 = DIRECTION('',(1.,0.,-0.));
#4153 = ORIENTED_EDGE('',*,*,#4139,.T.);
#4154 = CYLINDRICAL_SURFACE('',#4155,0.2555);
#4155 = AXIS2_PLACEMENT_3D('',#4156,#4157,#4158);
#4156 = CARTESIAN_POINT('',(30.48,0.,-5.));
#4157 = DIRECTION('',(0.,0.,1.));
#4158 = DIRECTION('',(1.,0.,-0.));
#4159 = ADVANCED_FACE('',(#4160),#4163,.T.);
#4160 = FACE_BOUND('',#4161,.T.);
#4161 = EDGE_LOOP('',(#4162));
#4162 = ORIENTED_EDGE('',*,*,#4130,.T.);
#4163 = PLANE('',#4164);
#4164 = AXIS2_PLACEMENT_3D('',#4165,#4166,#4167);
#4165 = CARTESIAN_POINT('',(30.48,0.,0.1));
#4166 = DIRECTION('',(0.,0.,1.));
#4167 = DIRECTION('',(1.,0.,-0.));
#4168 = ADVANCED_FACE('',(#4169),#4172,.F.);
#4169 = FACE_BOUND('',#4170,.T.);
#4170 = EDGE_LOOP('',(#4171));
#4171 = ORIENTED_EDGE('',*,*,#4147,.F.);
#4172 = PLANE('',#4173);
#4173 = AXIS2_PLACEMENT_3D('',#4174,#4175,#4176);
#4174 = CARTESIAN_POINT('',(30.48,0.,-5.));
#4175 = DIRECTION('',(0.,0.,1.));
#4176 = DIRECTION('',(1.,0.,-0.));
#4177 = ( GEOMETRIC_REPRESENTATION_CONTEXT(3) 
GLOBAL_UNCERTAINTY_ASSIGNED_CONTEXT((#4181)) 
GLOBAL_UNIT_ASSIGNED_CONTEXT((#4178,#4179,#4180)) REPRESENTATION_CONTEXT
('Context #1','3D Context with UNIT and UNCERTAINTY') );
#4178 = ( LENGTH_UNIT() NAMED_UNIT(*) SI_UNIT(.MILLI.,.METRE.) );
#4179 = ( NAMED_UNIT(*) PLANE_ANGLE_UNIT() SI_UNIT($,.RADIAN.) );
#4180 = ( NAMED_UNIT(*) SI_UNIT($,.STERADIAN.) SOLID_ANGLE_UNIT() );
#4181 = UNCERTAINTY_MEASURE_WITH_UNIT(LENGTH_MEASURE(1.E-07),#4178,
  'distance_accuracy_value','confusion accuracy');
#4182 = CONTEXT_DEPENDENT_SHAPE_REPRESENTATION(#4183,#4185);
#4183 = ( REPRESENTATION_RELATIONSHIP('','',#4123,#3132) 
REPRESENTATION_RELATIONSHIP_WITH_TRANSFORMATION(#4184) 
SHAPE_REPRESENTATION_RELATIONSHIP() );
#4184 = ITEM_DEFINED_TRANSFORMATION('','',#11,#3181);
#4185 = PRODUCT_DEFINITION_SHAPE('Placement','Placement of an item',
  #4186);
#4186 = NEXT_ASSEMBLY_USAGE_OCCURRENCE('216','Leads012','',#3127,#4118,$
  );
#4187 = PRODUCT_RELATED_PRODUCT_CATEGORY('part',$,(#4120));
#4188 = SHAPE_DEFINITION_REPRESENTATION(#4189,#4195);
#4189 = PRODUCT_DEFINITION_SHAPE('','',#4190);
#4190 = PRODUCT_DEFINITION('design','',#4191,#4194);
#4191 = PRODUCT_DEFINITION_FORMATION('','',#4192);
#4192 = PRODUCT('Leads013','Leads013','',(#4193));
#4193 = PRODUCT_CONTEXT('',#2,'mechanical');
#4194 = PRODUCT_DEFINITION_CONTEXT('part definition',#2,'design');
#4195 = ADVANCED_BREP_SHAPE_REPRESENTATION('',(#11,#4196),#4249);
#4196 = MANIFOLD_SOLID_BREP('',#4197);
#4197 = CLOSED_SHELL('',(#4198,#4231,#4240));
#4198 = ADVANCED_FACE('',(#4199),#4226,.T.);
#4199 = FACE_BOUND('',#4200,.T.);
#4200 = EDGE_LOOP('',(#4201,#4210,#4218,#4225));
#4201 = ORIENTED_EDGE('',*,*,#4202,.F.);
#4202 = EDGE_CURVE('',#4203,#4203,#4205,.T.);
#4203 = VERTEX_POINT('',#4204);
#4204 = CARTESIAN_POINT('',(1.5255,-2.54,0.1));
#4205 = CIRCLE('',#4206,0.2555);
#4206 = AXIS2_PLACEMENT_3D('',#4207,#4208,#4209);
#4207 = CARTESIAN_POINT('',(1.27,-2.54,0.1));
#4208 = DIRECTION('',(0.,0.,1.));
#4209 = DIRECTION('',(1.,0.,-0.));
#4210 = ORIENTED_EDGE('',*,*,#4211,.F.);
#4211 = EDGE_CURVE('',#4212,#4203,#4214,.T.);
#4212 = VERTEX_POINT('',#4213);
#4213 = CARTESIAN_POINT('',(1.5255,-2.54,-5.));
#4214 = LINE('',#4215,#4216);
#4215 = CARTESIAN_POINT('',(1.5255,-2.54,-5.));
#4216 = VECTOR('',#4217,1.);
#4217 = DIRECTION('',(0.,0.,1.));
#4218 = ORIENTED_EDGE('',*,*,#4219,.T.);
#4219 = EDGE_CURVE('',#4212,#4212,#4220,.T.);
#4220 = CIRCLE('',#4221,0.2555);
#4221 = AXIS2_PLACEMENT_3D('',#4222,#4223,#4224);
#4222 = CARTESIAN_POINT('',(1.27,-2.54,-5.));
#4223 = DIRECTION('',(0.,0.,1.));
#4224 = DIRECTION('',(1.,0.,-0.));
#4225 = ORIENTED_EDGE('',*,*,#4211,.T.);
#4226 = CYLINDRICAL_SURFACE('',#4227,0.2555);
#4227 = AXIS2_PLACEMENT_3D('',#4228,#4229,#4230);
#4228 = CARTESIAN_POINT('',(1.27,-2.54,-5.));
#4229 = DIRECTION('',(0.,0.,1.));
#4230 = DIRECTION('',(1.,0.,-0.));
#4231 = ADVANCED_FACE('',(#4232),#4235,.T.);
#4232 = FACE_BOUND('',#4233,.T.);
#4233 = EDGE_LOOP('',(#4234));
#4234 = ORIENTED_EDGE('',*,*,#4202,.T.);
#4235 = PLANE('',#4236);
#4236 = AXIS2_PLACEMENT_3D('',#4237,#4238,#4239);
#4237 = CARTESIAN_POINT('',(1.27,-2.54,0.1));
#4238 = DIRECTION('',(0.,0.,1.));
#4239 = DIRECTION('',(1.,0.,-0.));
#4240 = ADVANCED_FACE('',(#4241),#4244,.F.);
#4241 = FACE_BOUND('',#4242,.T.);
#4242 = EDGE_LOOP('',(#4243));
#4243 = ORIENTED_EDGE('',*,*,#4219,.F.);
#4244 = PLANE('',#4245);
#4245 = AXIS2_PLACEMENT_3D('',#4246,#4247,#4248);
#4246 = CARTESIAN_POINT('',(1.27,-2.54,-5.));
#4247 = DIRECTION('',(0.,0.,1.));
#4248 = DIRECTION('',(1.,0.,-0.));
#4249 = ( GEOMETRIC_REPRESENTATION_CONTEXT(3) 
GLOBAL_UNCERTAINTY_ASSIGNED_CONTEXT((#4253)) 
GLOBAL_UNIT_ASSIGNED_CONTEXT((#4250,#4251,#4252)) REPRESENTATION_CONTEXT
('Context #1','3D Context with UNIT and UNCERTAINTY') );
#4250 = ( LENGTH_UNIT() NAMED_UNIT(*) SI_UNIT(.MILLI.,.METRE.) );
#4251 = ( NAMED_UNIT(*) PLANE_ANGLE_UNIT() SI_UNIT($,.RADIAN.) );
#4252 = ( NAMED_UNIT(*) SI_UNIT($,.STERADIAN.) SOLID_ANGLE_UNIT() );
#4253 = UNCERTAINTY_MEASURE_WITH_UNIT(LENGTH_MEASURE(1.E-07),#4250,
  'distance_accuracy_value','confusion accuracy');
#4254 = CONTEXT_DEPENDENT_SHAPE_REPRESENTATION(#4255,#4257);
#4255 = ( REPRESENTATION_RELATIONSHIP('','',#4195,#3132) 
REPRESENTATION_RELATIONSHIP_WITH_TRANSFORMATION(#4256) 
SHAPE_REPRESENTATION_RELATIONSHIP() );
#4256 = ITEM_DEFINED_TRANSFORMATION('','',#11,#3185);
#4257 = PRODUCT_DEFINITION_SHAPE('Placement','Placement of an item',
  #4258);
#4258 = NEXT_ASSEMBLY_USAGE_OCCURRENCE('217','Leads013','',#3127,#4190,$
  );
#4259 = PRODUCT_RELATED_PRODUCT_CATEGORY('part',$,(#4192));
#4260 = SHAPE_DEFINITION_REPRESENTATION(#4261,#4267);
#4261 = PRODUCT_DEFINITION_SHAPE('','',#4262);
#4262 = PRODUCT_DEFINITION('design','',#4263,#4266);
#4263 = PRODUCT_DEFINITION_FORMATION('','',#4264);
#4264 = PRODUCT('Leads014','Leads014','',(#4265));
#4265 = PRODUCT_CONTEXT('',#2,'mechanical');
#4266 = PRODUCT_DEFINITION_CONTEXT('part definition',#2,'design');
#4267 = ADVANCED_BREP_SHAPE_REPRESENTATION('',(#11,#4268),#4321);
#4268 = MANIFOLD_SOLID_BREP('',#4269);
#4269 = CLOSED_SHELL('',(#4270,#4303,#4312));
#4270 = ADVANCED_FACE('',(#4271),#4298,.T.);
#4271 = FACE_BOUND('',#4272,.T.);
#4272 = EDGE_LOOP('',(#4273,#4282,#4290,#4297));
#4273 = ORIENTED_EDGE('',*,*,#4274,.F.);
#4274 = EDGE_CURVE('',#4275,#4275,#4277,.T.);
#4275 = VERTEX_POINT('',#4276);
#4276 = CARTESIAN_POINT('',(4.0655,-2.54,0.1));
#4277 = CIRCLE('',#4278,0.2555);
#4278 = AXIS2_PLACEMENT_3D('',#4279,#4280,#4281);
#4279 = CARTESIAN_POINT('',(3.81,-2.54,0.1));
#4280 = DIRECTION('',(0.,0.,1.));
#4281 = DIRECTION('',(1.,0.,-0.));
#4282 = ORIENTED_EDGE('',*,*,#4283,.F.);
#4283 = EDGE_CURVE('',#4284,#4275,#4286,.T.);
#4284 = VERTEX_POINT('',#4285);
#4285 = CARTESIAN_POINT('',(4.0655,-2.54,-5.));
#4286 = LINE('',#4287,#4288);
#4287 = CARTESIAN_POINT('',(4.0655,-2.54,-5.));
#4288 = VECTOR('',#4289,1.);
#4289 = DIRECTION('',(0.,0.,1.));
#4290 = ORIENTED_EDGE('',*,*,#4291,.T.);
#4291 = EDGE_CURVE('',#4284,#4284,#4292,.T.);
#4292 = CIRCLE('',#4293,0.2555);
#4293 = AXIS2_PLACEMENT_3D('',#4294,#4295,#4296);
#4294 = CARTESIAN_POINT('',(3.81,-2.54,-5.));
#4295 = DIRECTION('',(0.,0.,1.));
#4296 = DIRECTION('',(1.,0.,-0.));
#4297 = ORIENTED_EDGE('',*,*,#4283,.T.);
#4298 = CYLINDRICAL_SURFACE('',#4299,0.2555);
#4299 = AXIS2_PLACEMENT_3D('',#4300,#4301,#4302);
#4300 = CARTESIAN_POINT('',(3.81,-2.54,-5.));
#4301 = DIRECTION('',(0.,0.,1.));
#4302 = DIRECTION('',(1.,0.,-0.));
#4303 = ADVANCED_FACE('',(#4304),#4307,.T.);
#4304 = FACE_BOUND('',#4305,.T.);
#4305 = EDGE_LOOP('',(#4306));
#4306 = ORIENTED_EDGE('',*,*,#4274,.T.);
#4307 = PLANE('',#4308);
#4308 = AXIS2_PLACEMENT_3D('',#4309,#4310,#4311);
#4309 = CARTESIAN_POINT('',(3.81,-2.54,0.1));
#4310 = DIRECTION('',(0.,0.,1.));
#4311 = DIRECTION('',(1.,0.,-0.));
#4312 = ADVANCED_FACE('',(#4313),#4316,.F.);
#4313 = FACE_BOUND('',#4314,.T.);
#4314 = EDGE_LOOP('',(#4315));
#4315 = ORIENTED_EDGE('',*,*,#4291,.F.);
#4316 = PLANE('',#4317);
#4317 = AXIS2_PLACEMENT_3D('',#4318,#4319,#4320);
#4318 = CARTESIAN_POINT('',(3.81,-2.54,-5.));
#4319 = DIRECTION('',(0.,0.,1.));
#4320 = DIRECTION('',(1.,0.,-0.));
#4321 = ( GEOMETRIC_REPRESENTATION_CONTEXT(3) 
GLOBAL_UNCERTAINTY_ASSIGNED_CONTEXT((#4325)) 
GLOBAL_UNIT_ASSIGNED_CONTEXT((#4322,#4323,#4324)) REPRESENTATION_CONTEXT
('Context #1','3D Context with UNIT and UNCERTAINTY') );
#4322 = ( LENGTH_UNIT() NAMED_UNIT(*) SI_UNIT(.MILLI.,.METRE.) );
#4323 = ( NAMED_UNIT(*) PLANE_ANGLE_UNIT() SI_UNIT($,.RADIAN.) );
#4324 = ( NAMED_UNIT(*) SI_UNIT($,.STERADIAN.) SOLID_ANGLE_UNIT() );
#4325 = UNCERTAINTY_MEASURE_WITH_UNIT(LENGTH_MEASURE(1.E-07),#4322,
  'distance_accuracy_value','confusion accuracy');
#4326 = CONTEXT_DEPENDENT_SHAPE_REPRESENTATION(#4327,#4329);
#4327 = ( REPRESENTATION_RELATIONSHIP('','',#4267,#3132) 
REPRESENTATION_RELATIONSHIP_WITH_TRANSFORMATION(#4328) 
SHAPE_REPRESENTATION_RELATIONSHIP() );
#4328 = ITEM_DEFINED_TRANSFORMATION('','',#11,#3189);
#4329 = PRODUCT_DEFINITION_SHAPE('Placement','Placement of an item',
  #4330);
#4330 = NEXT_ASSEMBLY_USAGE_OCCURRENCE('218','Leads014','',#3127,#4262,$
  );
#4331 = PRODUCT_RELATED_PRODUCT_CATEGORY('part',$,(#4264));
#4332 = SHAPE_DEFINITION_REPRESENTATION(#4333,#4339);
#4333 = PRODUCT_DEFINITION_SHAPE('','',#4334);
#4334 = PRODUCT_DEFINITION('design','',#4335,#4338);
#4335 = PRODUCT_DEFINITION_FORMATION('','',#4336);
#4336 = PRODUCT('Leads015','Leads015','',(#4337));
#4337 = PRODUCT_CONTEXT('',#2,'mechanical');
#4338 = PRODUCT_DEFINITION_CONTEXT('part definition',#2,'design');
#4339 = ADVANCED_BREP_SHAPE_REPRESENTATION('',(#11,#4340),#4393);
#4340 = MANIFOLD_SOLID_BREP('',#4341);
#4341 = CLOSED_SHELL('',(#4342,#4375,#4384));
#4342 = ADVANCED_FACE('',(#4343),#4370,.T.);
#4343 = FACE_BOUND('',#4344,.T.);
#4344 = EDGE_LOOP('',(#4345,#4354,#4362,#4369));
#4345 = ORIENTED_EDGE('',*,*,#4346,.F.);
#4346 = EDGE_CURVE('',#4347,#4347,#4349,.T.);
#4347 = VERTEX_POINT('',#4348);
#4348 = CARTESIAN_POINT('',(6.6055,-2.54,0.1));
#4349 = CIRCLE('',#4350,0.2555);
#4350 = AXIS2_PLACEMENT_3D('',#4351,#4352,#4353);
#4351 = CARTESIAN_POINT('',(6.35,-2.54,0.1));
#4352 = DIRECTION('',(0.,0.,1.));
#4353 = DIRECTION('',(1.,0.,-0.));
#4354 = ORIENTED_EDGE('',*,*,#4355,.F.);
#4355 = EDGE_CURVE('',#4356,#4347,#4358,.T.);
#4356 = VERTEX_POINT('',#4357);
#4357 = CARTESIAN_POINT('',(6.6055,-2.54,-5.));
#4358 = LINE('',#4359,#4360);
#4359 = CARTESIAN_POINT('',(6.6055,-2.54,-5.));
#4360 = VECTOR('',#4361,1.);
#4361 = DIRECTION('',(0.,0.,1.));
#4362 = ORIENTED_EDGE('',*,*,#4363,.T.);
#4363 = EDGE_CURVE('',#4356,#4356,#4364,.T.);
#4364 = CIRCLE('',#4365,0.2555);
#4365 = AXIS2_PLACEMENT_3D('',#4366,#4367,#4368);
#4366 = CARTESIAN_POINT('',(6.35,-2.54,-5.));
#4367 = DIRECTION('',(0.,0.,1.));
#4368 = DIRECTION('',(1.,0.,-0.));
#4369 = ORIENTED_EDGE('',*,*,#4355,.T.);
#4370 = CYLINDRICAL_SURFACE('',#4371,0.2555);
#4371 = AXIS2_PLACEMENT_3D('',#4372,#4373,#4374);
#4372 = CARTESIAN_POINT('',(6.35,-2.54,-5.));
#4373 = DIRECTION('',(0.,0.,1.));
#4374 = DIRECTION('',(1.,0.,-0.));
#4375 = ADVANCED_FACE('',(#4376),#4379,.T.);
#4376 = FACE_BOUND('',#4377,.T.);
#4377 = EDGE_LOOP('',(#4378));
#4378 = ORIENTED_EDGE('',*,*,#4346,.T.);
#4379 = PLANE('',#4380);
#4380 = AXIS2_PLACEMENT_3D('',#4381,#4382,#4383);
#4381 = CARTESIAN_POINT('',(6.35,-2.54,0.1));
#4382 = DIRECTION('',(0.,0.,1.));
#4383 = DIRECTION('',(1.,0.,-0.));
#4384 = ADVANCED_FACE('',(#4385),#4388,.F.);
#4385 = FACE_BOUND('',#4386,.T.);
#4386 = EDGE_LOOP('',(#4387));
#4387 = ORIENTED_EDGE('',*,*,#4363,.F.);
#4388 = PLANE('',#4389);
#4389 = AXIS2_PLACEMENT_3D('',#4390,#4391,#4392);
#4390 = CARTESIAN_POINT('',(6.35,-2.54,-5.));
#4391 = DIRECTION('',(0.,0.,1.));
#4392 = DIRECTION('',(1.,0.,-0.));
#4393 = ( GEOMETRIC_REPRESENTATION_CONTEXT(3) 
GLOBAL_UNCERTAINTY_ASSIGNED_CONTEXT((#4397)) 
GLOBAL_UNIT_ASSIGNED_CONTEXT((#4394,#4395,#4396)) REPRESENTATION_CONTEXT
('Context #1','3D Context with UNIT and UNCERTAINTY') );
#4394 = ( LENGTH_UNIT() NAMED_UNIT(*) SI_UNIT(.MILLI.,.METRE.) );
#4395 = ( NAMED_UNIT(*) PLANE_ANGLE_UNIT() SI_UNIT($,.RADIAN.) );
#4396 = ( NAMED_UNIT(*) SI_UNIT($,.STERADIAN.) SOLID_ANGLE_UNIT() );
#4397 = UNCERTAINTY_MEASURE_WITH_UNIT(LENGTH_MEASURE(1.E-07),#4394,
  'distance_accuracy_value','confusion accuracy');
#4398 = CONTEXT_DEPENDENT_SHAPE_REPRESENTATION(#4399,#4401);
#4399 = ( REPRESENTATION_RELATIONSHIP('','',#4339,#3132) 
REPRESENTATION_RELATIONSHIP_WITH_TRANSFORMATION(#4400) 
SHAPE_REPRESENTATION_RELATIONSHIP() );
#4400 = ITEM_DEFINED_TRANSFORMATION('','',#11,#3193);
#4401 = PRODUCT_DEFINITION_SHAPE('Placement','Placement of an item',
  #4402);
#4402 = NEXT_ASSEMBLY_USAGE_OCCURRENCE('219','Leads015','',#3127,#4334,$
  );
#4403 = PRODUCT_RELATED_PRODUCT_CATEGORY('part',$,(#4336));
#4404 = SHAPE_DEFINITION_REPRESENTATION(#4405,#4411);
#4405 = PRODUCT_DEFINITION_SHAPE('','',#4406);
#4406 = PRODUCT_DEFINITION('design','',#4407,#4410);
#4407 = PRODUCT_DEFINITION_FORMATION('','',#4408);
#4408 = PRODUCT('Leads016','Leads016','',(#4409));
#4409 = PRODUCT_CONTEXT('',#2,'mechanical');
#4410 = PRODUCT_DEFINITION_CONTEXT('part definition',#2,'design');
#4411 = ADVANCED_BREP_SHAPE_REPRESENTATION('',(#11,#4412),#4465);
#4412 = MANIFOLD_SOLID_BREP('',#4413);
#4413 = CLOSED_SHELL('',(#4414,#4447,#4456));
#4414 = ADVANCED_FACE('',(#4415),#4442,.T.);
#4415 = FACE_BOUND('',#4416,.T.);
#4416 = EDGE_LOOP('',(#4417,#4426,#4434,#4441));
#4417 = ORIENTED_EDGE('',*,*,#4418,.F.);
#4418 = EDGE_CURVE('',#4419,#4419,#4421,.T.);
#4419 = VERTEX_POINT('',#4420);
#4420 = CARTESIAN_POINT('',(9.1455,-2.54,0.1));
#4421 = CIRCLE('',#4422,0.2555);
#4422 = AXIS2_PLACEMENT_3D('',#4423,#4424,#4425);
#4423 = CARTESIAN_POINT('',(8.89,-2.54,0.1));
#4424 = DIRECTION('',(0.,0.,1.));
#4425 = DIRECTION('',(1.,0.,-0.));
#4426 = ORIENTED_EDGE('',*,*,#4427,.F.);
#4427 = EDGE_CURVE('',#4428,#4419,#4430,.T.);
#4428 = VERTEX_POINT('',#4429);
#4429 = CARTESIAN_POINT('',(9.1455,-2.54,-5.));
#4430 = LINE('',#4431,#4432);
#4431 = CARTESIAN_POINT('',(9.1455,-2.54,-5.));
#4432 = VECTOR('',#4433,1.);
#4433 = DIRECTION('',(0.,0.,1.));
#4434 = ORIENTED_EDGE('',*,*,#4435,.T.);
#4435 = EDGE_CURVE('',#4428,#4428,#4436,.T.);
#4436 = CIRCLE('',#4437,0.2555);
#4437 = AXIS2_PLACEMENT_3D('',#4438,#4439,#4440);
#4438 = CARTESIAN_POINT('',(8.89,-2.54,-5.));
#4439 = DIRECTION('',(0.,0.,1.));
#4440 = DIRECTION('',(1.,0.,-0.));
#4441 = ORIENTED_EDGE('',*,*,#4427,.T.);
#4442 = CYLINDRICAL_SURFACE('',#4443,0.2555);
#4443 = AXIS2_PLACEMENT_3D('',#4444,#4445,#4446);
#4444 = CARTESIAN_POINT('',(8.89,-2.54,-5.));
#4445 = DIRECTION('',(0.,0.,1.));
#4446 = DIRECTION('',(1.,0.,-0.));
#4447 = ADVANCED_FACE('',(#4448),#4451,.T.);
#4448 = FACE_BOUND('',#4449,.T.);
#4449 = EDGE_LOOP('',(#4450));
#4450 = ORIENTED_EDGE('',*,*,#4418,.T.);
#4451 = PLANE('',#4452);
#4452 = AXIS2_PLACEMENT_3D('',#4453,#4454,#4455);
#4453 = CARTESIAN_POINT('',(8.89,-2.54,0.1));
#4454 = DIRECTION('',(0.,0.,1.));
#4455 = DIRECTION('',(1.,0.,-0.));
#4456 = ADVANCED_FACE('',(#4457),#4460,.F.);
#4457 = FACE_BOUND('',#4458,.T.);
#4458 = EDGE_LOOP('',(#4459));
#4459 = ORIENTED_EDGE('',*,*,#4435,.F.);
#4460 = PLANE('',#4461);
#4461 = AXIS2_PLACEMENT_3D('',#4462,#4463,#4464);
#4462 = CARTESIAN_POINT('',(8.89,-2.54,-5.));
#4463 = DIRECTION('',(0.,0.,1.));
#4464 = DIRECTION('',(1.,0.,-0.));
#4465 = ( GEOMETRIC_REPRESENTATION_CONTEXT(3) 
GLOBAL_UNCERTAINTY_ASSIGNED_CONTEXT((#4469)) 
GLOBAL_UNIT_ASSIGNED_CONTEXT((#4466,#4467,#4468)) REPRESENTATION_CONTEXT
('Context #1','3D Context with UNIT and UNCERTAINTY') );
#4466 = ( LENGTH_UNIT() NAMED_UNIT(*) SI_UNIT(.MILLI.,.METRE.) );
#4467 = ( NAMED_UNIT(*) PLANE_ANGLE_UNIT() SI_UNIT($,.RADIAN.) );
#4468 = ( NAMED_UNIT(*) SI_UNIT($,.STERADIAN.) SOLID_ANGLE_UNIT() );
#4469 = UNCERTAINTY_MEASURE_WITH_UNIT(LENGTH_MEASURE(1.E-07),#4466,
  'distance_accuracy_value','confusion accuracy');
#4470 = CONTEXT_DEPENDENT_SHAPE_REPRESENTATION(#4471,#4473);
#4471 = ( REPRESENTATION_RELATIONSHIP('','',#4411,#3132) 
REPRESENTATION_RELATIONSHIP_WITH_TRANSFORMATION(#4472) 
SHAPE_REPRESENTATION_RELATIONSHIP() );
#4472 = ITEM_DEFINED_TRANSFORMATION('','',#11,#3197);
#4473 = PRODUCT_DEFINITION_SHAPE('Placement','Placement of an item',
  #4474);
#4474 = NEXT_ASSEMBLY_USAGE_OCCURRENCE('220','Leads016','',#3127,#4406,$
  );
#4475 = PRODUCT_RELATED_PRODUCT_CATEGORY('part',$,(#4408));
#4476 = SHAPE_DEFINITION_REPRESENTATION(#4477,#4483);
#4477 = PRODUCT_DEFINITION_SHAPE('','',#4478);
#4478 = PRODUCT_DEFINITION('design','',#4479,#4482);
#4479 = PRODUCT_DEFINITION_FORMATION('','',#4480);
#4480 = PRODUCT('Leads017','Leads017','',(#4481));
#4481 = PRODUCT_CONTEXT('',#2,'mechanical');
#4482 = PRODUCT_DEFINITION_CONTEXT('part definition',#2,'design');
#4483 = ADVANCED_BREP_SHAPE_REPRESENTATION('',(#11,#4484),#4537);
#4484 = MANIFOLD_SOLID_BREP('',#4485);
#4485 = CLOSED_SHELL('',(#4486,#4519,#4528));
#4486 = ADVANCED_FACE('',(#4487),#4514,.T.);
#4487 = FACE_BOUND('',#4488,.T.);
#4488 = EDGE_LOOP('',(#4489,#4498,#4506,#4513));
#4489 = ORIENTED_EDGE('',*,*,#4490,.F.);
#4490 = EDGE_CURVE('',#4491,#4491,#4493,.T.);
#4491 = VERTEX_POINT('',#4492);
#4492 = CARTESIAN_POINT('',(11.6855,-2.54,0.1));
#4493 = CIRCLE('',#4494,0.2555);
#4494 = AXIS2_PLACEMENT_3D('',#4495,#4496,#4497);
#4495 = CARTESIAN_POINT('',(11.43,-2.54,0.1));
#4496 = DIRECTION('',(0.,0.,1.));
#4497 = DIRECTION('',(1.,0.,-0.));
#4498 = ORIENTED_EDGE('',*,*,#4499,.F.);
#4499 = EDGE_CURVE('',#4500,#4491,#4502,.T.);
#4500 = VERTEX_POINT('',#4501);
#4501 = CARTESIAN_POINT('',(11.6855,-2.54,-5.));
#4502 = LINE('',#4503,#4504);
#4503 = CARTESIAN_POINT('',(11.6855,-2.54,-5.));
#4504 = VECTOR('',#4505,1.);
#4505 = DIRECTION('',(0.,0.,1.));
#4506 = ORIENTED_EDGE('',*,*,#4507,.T.);
#4507 = EDGE_CURVE('',#4500,#4500,#4508,.T.);
#4508 = CIRCLE('',#4509,0.2555);
#4509 = AXIS2_PLACEMENT_3D('',#4510,#4511,#4512);
#4510 = CARTESIAN_POINT('',(11.43,-2.54,-5.));
#4511 = DIRECTION('',(0.,0.,1.));
#4512 = DIRECTION('',(1.,0.,-0.));
#4513 = ORIENTED_EDGE('',*,*,#4499,.T.);
#4514 = CYLINDRICAL_SURFACE('',#4515,0.2555);
#4515 = AXIS2_PLACEMENT_3D('',#4516,#4517,#4518);
#4516 = CARTESIAN_POINT('',(11.43,-2.54,-5.));
#4517 = DIRECTION('',(0.,0.,1.));
#4518 = DIRECTION('',(1.,0.,-0.));
#4519 = ADVANCED_FACE('',(#4520),#4523,.T.);
#4520 = FACE_BOUND('',#4521,.T.);
#4521 = EDGE_LOOP('',(#4522));
#4522 = ORIENTED_EDGE('',*,*,#4490,.T.);
#4523 = PLANE('',#4524);
#4524 = AXIS2_PLACEMENT_3D('',#4525,#4526,#4527);
#4525 = CARTESIAN_POINT('',(11.43,-2.54,0.1));
#4526 = DIRECTION('',(0.,0.,1.));
#4527 = DIRECTION('',(1.,0.,-0.));
#4528 = ADVANCED_FACE('',(#4529),#4532,.F.);
#4529 = FACE_BOUND('',#4530,.T.);
#4530 = EDGE_LOOP('',(#4531));
#4531 = ORIENTED_EDGE('',*,*,#4507,.F.);
#4532 = PLANE('',#4533);
#4533 = AXIS2_PLACEMENT_3D('',#4534,#4535,#4536);
#4534 = CARTESIAN_POINT('',(11.43,-2.54,-5.));
#4535 = DIRECTION('',(0.,0.,1.));
#4536 = DIRECTION('',(1.,0.,-0.));
#4537 = ( GEOMETRIC_REPRESENTATION_CONTEXT(3) 
GLOBAL_UNCERTAINTY_ASSIGNED_CONTEXT((#4541)) 
GLOBAL_UNIT_ASSIGNED_CONTEXT((#4538,#4539,#4540)) REPRESENTATION_CONTEXT
('Context #1','3D Context with UNIT and UNCERTAINTY') );
#4538 = ( LENGTH_UNIT() NAMED_UNIT(*) SI_UNIT(.MILLI.,.METRE.) );
#4539 = ( NAMED_UNIT(*) PLANE_ANGLE_UNIT() SI_UNIT($,.RADIAN.) );
#4540 = ( NAMED_UNIT(*) SI_UNIT($,.STERADIAN.) SOLID_ANGLE_UNIT() );
#4541 = UNCERTAINTY_MEASURE_WITH_UNIT(LENGTH_MEASURE(1.E-07),#4538,
  'distance_accuracy_value','confusion accuracy');
#4542 = CONTEXT_DEPENDENT_SHAPE_REPRESENTATION(#4543,#4545);
#4543 = ( REPRESENTATION_RELATIONSHIP('','',#4483,#3132) 
REPRESENTATION_RELATIONSHIP_WITH_TRANSFORMATION(#4544) 
SHAPE_REPRESENTATION_RELATIONSHIP() );
#4544 = ITEM_DEFINED_TRANSFORMATION('','',#11,#3201);
#4545 = PRODUCT_DEFINITION_SHAPE('Placement','Placement of an item',
  #4546);
#4546 = NEXT_ASSEMBLY_USAGE_OCCURRENCE('221','Leads017','',#3127,#4478,$
  );
#4547 = PRODUCT_RELATED_PRODUCT_CATEGORY('part',$,(#4480));
#4548 = SHAPE_DEFINITION_REPRESENTATION(#4549,#4555);
#4549 = PRODUCT_DEFINITION_SHAPE('','',#4550);
#4550 = PRODUCT_DEFINITION('design','',#4551,#4554);
#4551 = PRODUCT_DEFINITION_FORMATION('','',#4552);
#4552 = PRODUCT('Leads018','Leads018','',(#4553));
#4553 = PRODUCT_CONTEXT('',#2,'mechanical');
#4554 = PRODUCT_DEFINITION_CONTEXT('part definition',#2,'design');
#4555 = ADVANCED_BREP_SHAPE_REPRESENTATION('',(#11,#4556),#4609);
#4556 = MANIFOLD_SOLID_BREP('',#4557);
#4557 = CLOSED_SHELL('',(#4558,#4591,#4600));
#4558 = ADVANCED_FACE('',(#4559),#4586,.T.);
#4559 = FACE_BOUND('',#4560,.T.);
#4560 = EDGE_LOOP('',(#4561,#4570,#4578,#4585));
#4561 = ORIENTED_EDGE('',*,*,#4562,.F.);
#4562 = EDGE_CURVE('',#4563,#4563,#4565,.T.);
#4563 = VERTEX_POINT('',#4564);
#4564 = CARTESIAN_POINT('',(14.2255,-2.54,0.1));
#4565 = CIRCLE('',#4566,0.2555);
#4566 = AXIS2_PLACEMENT_3D('',#4567,#4568,#4569);
#4567 = CARTESIAN_POINT('',(13.97,-2.54,0.1));
#4568 = DIRECTION('',(0.,0.,1.));
#4569 = DIRECTION('',(1.,0.,-0.));
#4570 = ORIENTED_EDGE('',*,*,#4571,.F.);
#4571 = EDGE_CURVE('',#4572,#4563,#4574,.T.);
#4572 = VERTEX_POINT('',#4573);
#4573 = CARTESIAN_POINT('',(14.2255,-2.54,-5.));
#4574 = LINE('',#4575,#4576);
#4575 = CARTESIAN_POINT('',(14.2255,-2.54,-5.));
#4576 = VECTOR('',#4577,1.);
#4577 = DIRECTION('',(0.,0.,1.));
#4578 = ORIENTED_EDGE('',*,*,#4579,.T.);
#4579 = EDGE_CURVE('',#4572,#4572,#4580,.T.);
#4580 = CIRCLE('',#4581,0.2555);
#4581 = AXIS2_PLACEMENT_3D('',#4582,#4583,#4584);
#4582 = CARTESIAN_POINT('',(13.97,-2.54,-5.));
#4583 = DIRECTION('',(0.,0.,1.));
#4584 = DIRECTION('',(1.,0.,-0.));
#4585 = ORIENTED_EDGE('',*,*,#4571,.T.);
#4586 = CYLINDRICAL_SURFACE('',#4587,0.2555);
#4587 = AXIS2_PLACEMENT_3D('',#4588,#4589,#4590);
#4588 = CARTESIAN_POINT('',(13.97,-2.54,-5.));
#4589 = DIRECTION('',(0.,0.,1.));
#4590 = DIRECTION('',(1.,0.,-0.));
#4591 = ADVANCED_FACE('',(#4592),#4595,.T.);
#4592 = FACE_BOUND('',#4593,.T.);
#4593 = EDGE_LOOP('',(#4594));
#4594 = ORIENTED_EDGE('',*,*,#4562,.T.);
#4595 = PLANE('',#4596);
#4596 = AXIS2_PLACEMENT_3D('',#4597,#4598,#4599);
#4597 = CARTESIAN_POINT('',(13.97,-2.54,0.1));
#4598 = DIRECTION('',(0.,0.,1.));
#4599 = DIRECTION('',(1.,0.,-0.));
#4600 = ADVANCED_FACE('',(#4601),#4604,.F.);
#4601 = FACE_BOUND('',#4602,.T.);
#4602 = EDGE_LOOP('',(#4603));
#4603 = ORIENTED_EDGE('',*,*,#4579,.F.);
#4604 = PLANE('',#4605);
#4605 = AXIS2_PLACEMENT_3D('',#4606,#4607,#4608);
#4606 = CARTESIAN_POINT('',(13.97,-2.54,-5.));
#4607 = DIRECTION('',(0.,0.,1.));
#4608 = DIRECTION('',(1.,0.,-0.));
#4609 = ( GEOMETRIC_REPRESENTATION_CONTEXT(3) 
GLOBAL_UNCERTAINTY_ASSIGNED_CONTEXT((#4613)) 
GLOBAL_UNIT_ASSIGNED_CONTEXT((#4610,#4611,#4612)) REPRESENTATION_CONTEXT
('Context #1','3D Context with UNIT and UNCERTAINTY') );
#4610 = ( LENGTH_UNIT() NAMED_UNIT(*) SI_UNIT(.MILLI.,.METRE.) );
#4611 = ( NAMED_UNIT(*) PLANE_ANGLE_UNIT() SI_UNIT($,.RADIAN.) );
#4612 = ( NAMED_UNIT(*) SI_UNIT($,.STERADIAN.) SOLID_ANGLE_UNIT() );
#4613 = UNCERTAINTY_MEASURE_WITH_UNIT(LENGTH_MEASURE(1.E-07),#4610,
  'distance_accuracy_value','confusion accuracy');
#4614 = CONTEXT_DEPENDENT_SHAPE_REPRESENTATION(#4615,#4617);
#4615 = ( REPRESENTATION_RELATIONSHIP('','',#4555,#3132) 
REPRESENTATION_RELATIONSHIP_WITH_TRANSFORMATION(#4616) 
SHAPE_REPRESENTATION_RELATIONSHIP() );
#4616 = ITEM_DEFINED_TRANSFORMATION('','',#11,#3205);
#4617 = PRODUCT_DEFINITION_SHAPE('Placement','Placement of an item',
  #4618);
#4618 = NEXT_ASSEMBLY_USAGE_OCCURRENCE('222','Leads018','',#3127,#4550,$
  );
#4619 = PRODUCT_RELATED_PRODUCT_CATEGORY('part',$,(#4552));
#4620 = SHAPE_DEFINITION_REPRESENTATION(#4621,#4627);
#4621 = PRODUCT_DEFINITION_SHAPE('','',#4622);
#4622 = PRODUCT_DEFINITION('design','',#4623,#4626);
#4623 = PRODUCT_DEFINITION_FORMATION('','',#4624);
#4624 = PRODUCT('Leads019','Leads019','',(#4625));
#4625 = PRODUCT_CONTEXT('',#2,'mechanical');
#4626 = PRODUCT_DEFINITION_CONTEXT('part definition',#2,'design');
#4627 = ADVANCED_BREP_SHAPE_REPRESENTATION('',(#11,#4628),#4681);
#4628 = MANIFOLD_SOLID_BREP('',#4629);
#4629 = CLOSED_SHELL('',(#4630,#4663,#4672));
#4630 = ADVANCED_FACE('',(#4631),#4658,.T.);
#4631 = FACE_BOUND('',#4632,.T.);
#4632 = EDGE_LOOP('',(#4633,#4642,#4650,#4657));
#4633 = ORIENTED_EDGE('',*,*,#4634,.F.);
#4634 = EDGE_CURVE('',#4635,#4635,#4637,.T.);
#4635 = VERTEX_POINT('',#4636);
#4636 = CARTESIAN_POINT('',(16.7655,-2.54,0.1));
#4637 = CIRCLE('',#4638,0.2555);
#4638 = AXIS2_PLACEMENT_3D('',#4639,#4640,#4641);
#4639 = CARTESIAN_POINT('',(16.51,-2.54,0.1));
#4640 = DIRECTION('',(0.,0.,1.));
#4641 = DIRECTION('',(1.,0.,-0.));
#4642 = ORIENTED_EDGE('',*,*,#4643,.F.);
#4643 = EDGE_CURVE('',#4644,#4635,#4646,.T.);
#4644 = VERTEX_POINT('',#4645);
#4645 = CARTESIAN_POINT('',(16.7655,-2.54,-5.));
#4646 = LINE('',#4647,#4648);
#4647 = CARTESIAN_POINT('',(16.7655,-2.54,-5.));
#4648 = VECTOR('',#4649,1.);
#4649 = DIRECTION('',(0.,0.,1.));
#4650 = ORIENTED_EDGE('',*,*,#4651,.T.);
#4651 = EDGE_CURVE('',#4644,#4644,#4652,.T.);
#4652 = CIRCLE('',#4653,0.2555);
#4653 = AXIS2_PLACEMENT_3D('',#4654,#4655,#4656);
#4654 = CARTESIAN_POINT('',(16.51,-2.54,-5.));
#4655 = DIRECTION('',(0.,0.,1.));
#4656 = DIRECTION('',(1.,0.,-0.));
#4657 = ORIENTED_EDGE('',*,*,#4643,.T.);
#4658 = CYLINDRICAL_SURFACE('',#4659,0.2555);
#4659 = AXIS2_PLACEMENT_3D('',#4660,#4661,#4662);
#4660 = CARTESIAN_POINT('',(16.51,-2.54,-5.));
#4661 = DIRECTION('',(0.,0.,1.));
#4662 = DIRECTION('',(1.,0.,-0.));
#4663 = ADVANCED_FACE('',(#4664),#4667,.T.);
#4664 = FACE_BOUND('',#4665,.T.);
#4665 = EDGE_LOOP('',(#4666));
#4666 = ORIENTED_EDGE('',*,*,#4634,.T.);
#4667 = PLANE('',#4668);
#4668 = AXIS2_PLACEMENT_3D('',#4669,#4670,#4671);
#4669 = CARTESIAN_POINT('',(16.51,-2.54,0.1));
#4670 = DIRECTION('',(0.,0.,1.));
#4671 = DIRECTION('',(1.,0.,-0.));
#4672 = ADVANCED_FACE('',(#4673),#4676,.F.);
#4673 = FACE_BOUND('',#4674,.T.);
#4674 = EDGE_LOOP('',(#4675));
#4675 = ORIENTED_EDGE('',*,*,#4651,.F.);
#4676 = PLANE('',#4677);
#4677 = AXIS2_PLACEMENT_3D('',#4678,#4679,#4680);
#4678 = CARTESIAN_POINT('',(16.51,-2.54,-5.));
#4679 = DIRECTION('',(0.,0.,1.));
#4680 = DIRECTION('',(1.,0.,-0.));
#4681 = ( GEOMETRIC_REPRESENTATION_CONTEXT(3) 
GLOBAL_UNCERTAINTY_ASSIGNED_CONTEXT((#4685)) 
GLOBAL_UNIT_ASSIGNED_CONTEXT((#4682,#4683,#4684)) REPRESENTATION_CONTEXT
('Context #1','3D Context with UNIT and UNCERTAINTY') );
#4682 = ( LENGTH_UNIT() NAMED_UNIT(*) SI_UNIT(.MILLI.,.METRE.) );
#4683 = ( NAMED_UNIT(*) PLANE_ANGLE_UNIT() SI_UNIT($,.RADIAN.) );
#4684 = ( NAMED_UNIT(*) SI_UNIT($,.STERADIAN.) SOLID_ANGLE_UNIT() );
#4685 = UNCERTAINTY_MEASURE_WITH_UNIT(LENGTH_MEASURE(1.E-07),#4682,
  'distance_accuracy_value','confusion accuracy');
#4686 = CONTEXT_DEPENDENT_SHAPE_REPRESENTATION(#4687,#4689);
#4687 = ( REPRESENTATION_RELATIONSHIP('','',#4627,#3132) 
REPRESENTATION_RELATIONSHIP_WITH_TRANSFORMATION(#4688) 
SHAPE_REPRESENTATION_RELATIONSHIP() );
#4688 = ITEM_DEFINED_TRANSFORMATION('','',#11,#3209);
#4689 = PRODUCT_DEFINITION_SHAPE('Placement','Placement of an item',
  #4690);
#4690 = NEXT_ASSEMBLY_USAGE_OCCURRENCE('223','Leads019','',#3127,#4622,$
  );
#4691 = PRODUCT_RELATED_PRODUCT_CATEGORY('part',$,(#4624));
#4692 = SHAPE_DEFINITION_REPRESENTATION(#4693,#4699);
#4693 = PRODUCT_DEFINITION_SHAPE('','',#4694);
#4694 = PRODUCT_DEFINITION('design','',#4695,#4698);
#4695 = PRODUCT_DEFINITION_FORMATION('','',#4696);
#4696 = PRODUCT('Leads020','Leads020','',(#4697));
#4697 = PRODUCT_CONTEXT('',#2,'mechanical');
#4698 = PRODUCT_DEFINITION_CONTEXT('part definition',#2,'design');
#4699 = ADVANCED_BREP_SHAPE_REPRESENTATION('',(#11,#4700),#4753);
#4700 = MANIFOLD_SOLID_BREP('',#4701);
#4701 = CLOSED_SHELL('',(#4702,#4735,#4744));
#4702 = ADVANCED_FACE('',(#4703),#4730,.T.);
#4703 = FACE_BOUND('',#4704,.T.);
#4704 = EDGE_LOOP('',(#4705,#4714,#4722,#4729));
#4705 = ORIENTED_EDGE('',*,*,#4706,.F.);
#4706 = EDGE_CURVE('',#4707,#4707,#4709,.T.);
#4707 = VERTEX_POINT('',#4708);
#4708 = CARTESIAN_POINT('',(19.3055,-2.54,0.1));
#4709 = CIRCLE('',#4710,0.2555);
#4710 = AXIS2_PLACEMENT_3D('',#4711,#4712,#4713);
#4711 = CARTESIAN_POINT('',(19.05,-2.54,0.1));
#4712 = DIRECTION('',(0.,0.,1.));
#4713 = DIRECTION('',(1.,0.,-0.));
#4714 = ORIENTED_EDGE('',*,*,#4715,.F.);
#4715 = EDGE_CURVE('',#4716,#4707,#4718,.T.);
#4716 = VERTEX_POINT('',#4717);
#4717 = CARTESIAN_POINT('',(19.3055,-2.54,-5.));
#4718 = LINE('',#4719,#4720);
#4719 = CARTESIAN_POINT('',(19.3055,-2.54,-5.));
#4720 = VECTOR('',#4721,1.);
#4721 = DIRECTION('',(0.,0.,1.));
#4722 = ORIENTED_EDGE('',*,*,#4723,.T.);
#4723 = EDGE_CURVE('',#4716,#4716,#4724,.T.);
#4724 = CIRCLE('',#4725,0.2555);
#4725 = AXIS2_PLACEMENT_3D('',#4726,#4727,#4728);
#4726 = CARTESIAN_POINT('',(19.05,-2.54,-5.));
#4727 = DIRECTION('',(0.,0.,1.));
#4728 = DIRECTION('',(1.,0.,-0.));
#4729 = ORIENTED_EDGE('',*,*,#4715,.T.);
#4730 = CYLINDRICAL_SURFACE('',#4731,0.2555);
#4731 = AXIS2_PLACEMENT_3D('',#4732,#4733,#4734);
#4732 = CARTESIAN_POINT('',(19.05,-2.54,-5.));
#4733 = DIRECTION('',(0.,0.,1.));
#4734 = DIRECTION('',(1.,0.,-0.));
#4735 = ADVANCED_FACE('',(#4736),#4739,.T.);
#4736 = FACE_BOUND('',#4737,.T.);
#4737 = EDGE_LOOP('',(#4738));
#4738 = ORIENTED_EDGE('',*,*,#4706,.T.);
#4739 = PLANE('',#4740);
#4740 = AXIS2_PLACEMENT_3D('',#4741,#4742,#4743);
#4741 = CARTESIAN_POINT('',(19.05,-2.54,0.1));
#4742 = DIRECTION('',(0.,0.,1.));
#4743 = DIRECTION('',(1.,0.,-0.));
#4744 = ADVANCED_FACE('',(#4745),#4748,.F.);
#4745 = FACE_BOUND('',#4746,.T.);
#4746 = EDGE_LOOP('',(#4747));
#4747 = ORIENTED_EDGE('',*,*,#4723,.F.);
#4748 = PLANE('',#4749);
#4749 = AXIS2_PLACEMENT_3D('',#4750,#4751,#4752);
#4750 = CARTESIAN_POINT('',(19.05,-2.54,-5.));
#4751 = DIRECTION('',(0.,0.,1.));
#4752 = DIRECTION('',(1.,0.,-0.));
#4753 = ( GEOMETRIC_REPRESENTATION_CONTEXT(3) 
GLOBAL_UNCERTAINTY_ASSIGNED_CONTEXT((#4757)) 
GLOBAL_UNIT_ASSIGNED_CONTEXT((#4754,#4755,#4756)) REPRESENTATION_CONTEXT
('Context #1','3D Context with UNIT and UNCERTAINTY') );
#4754 = ( LENGTH_UNIT() NAMED_UNIT(*) SI_UNIT(.MILLI.,.METRE.) );
#4755 = ( NAMED_UNIT(*) PLANE_ANGLE_UNIT() SI_UNIT($,.RADIAN.) );
#4756 = ( NAMED_UNIT(*) SI_UNIT($,.STERADIAN.) SOLID_ANGLE_UNIT() );
#4757 = UNCERTAINTY_MEASURE_WITH_UNIT(LENGTH_MEASURE(1.E-07),#4754,
  'distance_accuracy_value','confusion accuracy');
#4758 = CONTEXT_DEPENDENT_SHAPE_REPRESENTATION(#4759,#4761);
#4759 = ( REPRESENTATION_RELATIONSHIP('','',#4699,#3132) 
REPRESENTATION_RELATIONSHIP_WITH_TRANSFORMATION(#4760) 
SHAPE_REPRESENTATION_RELATIONSHIP() );
#4760 = ITEM_DEFINED_TRANSFORMATION('','',#11,#3213);
#4761 = PRODUCT_DEFINITION_SHAPE('Placement','Placement of an item',
  #4762);
#4762 = NEXT_ASSEMBLY_USAGE_OCCURRENCE('224','Leads020','',#3127,#4694,$
  );
#4763 = PRODUCT_RELATED_PRODUCT_CATEGORY('part',$,(#4696));
#4764 = SHAPE_DEFINITION_REPRESENTATION(#4765,#4771);
#4765 = PRODUCT_DEFINITION_SHAPE('','',#4766);
#4766 = PRODUCT_DEFINITION('design','',#4767,#4770);
#4767 = PRODUCT_DEFINITION_FORMATION('','',#4768);
#4768 = PRODUCT('Leads021','Leads021','',(#4769));
#4769 = PRODUCT_CONTEXT('',#2,'mechanical');
#4770 = PRODUCT_DEFINITION_CONTEXT('part definition',#2,'design');
#4771 = ADVANCED_BREP_SHAPE_REPRESENTATION('',(#11,#4772),#4825);
#4772 = MANIFOLD_SOLID_BREP('',#4773);
#4773 = CLOSED_SHELL('',(#4774,#4807,#4816));
#4774 = ADVANCED_FACE('',(#4775),#4802,.T.);
#4775 = FACE_BOUND('',#4776,.T.);
#4776 = EDGE_LOOP('',(#4777,#4786,#4794,#4801));
#4777 = ORIENTED_EDGE('',*,*,#4778,.F.);
#4778 = EDGE_CURVE('',#4779,#4779,#4781,.T.);
#4779 = VERTEX_POINT('',#4780);
#4780 = CARTESIAN_POINT('',(21.8455,-2.54,0.1));
#4781 = CIRCLE('',#4782,0.2555);
#4782 = AXIS2_PLACEMENT_3D('',#4783,#4784,#4785);
#4783 = CARTESIAN_POINT('',(21.59,-2.54,0.1));
#4784 = DIRECTION('',(0.,0.,1.));
#4785 = DIRECTION('',(1.,0.,-0.));
#4786 = ORIENTED_EDGE('',*,*,#4787,.F.);
#4787 = EDGE_CURVE('',#4788,#4779,#4790,.T.);
#4788 = VERTEX_POINT('',#4789);
#4789 = CARTESIAN_POINT('',(21.8455,-2.54,-5.));
#4790 = LINE('',#4791,#4792);
#4791 = CARTESIAN_POINT('',(21.8455,-2.54,-5.));
#4792 = VECTOR('',#4793,1.);
#4793 = DIRECTION('',(0.,0.,1.));
#4794 = ORIENTED_EDGE('',*,*,#4795,.T.);
#4795 = EDGE_CURVE('',#4788,#4788,#4796,.T.);
#4796 = CIRCLE('',#4797,0.2555);
#4797 = AXIS2_PLACEMENT_3D('',#4798,#4799,#4800);
#4798 = CARTESIAN_POINT('',(21.59,-2.54,-5.));
#4799 = DIRECTION('',(0.,0.,1.));
#4800 = DIRECTION('',(1.,0.,-0.));
#4801 = ORIENTED_EDGE('',*,*,#4787,.T.);
#4802 = CYLINDRICAL_SURFACE('',#4803,0.2555);
#4803 = AXIS2_PLACEMENT_3D('',#4804,#4805,#4806);
#4804 = CARTESIAN_POINT('',(21.59,-2.54,-5.));
#4805 = DIRECTION('',(0.,0.,1.));
#4806 = DIRECTION('',(1.,0.,-0.));
#4807 = ADVANCED_FACE('',(#4808),#4811,.T.);
#4808 = FACE_BOUND('',#4809,.T.);
#4809 = EDGE_LOOP('',(#4810));
#4810 = ORIENTED_EDGE('',*,*,#4778,.T.);
#4811 = PLANE('',#4812);
#4812 = AXIS2_PLACEMENT_3D('',#4813,#4814,#4815);
#4813 = CARTESIAN_POINT('',(21.59,-2.54,0.1));
#4814 = DIRECTION('',(0.,0.,1.));
#4815 = DIRECTION('',(1.,0.,-0.));
#4816 = ADVANCED_FACE('',(#4817),#4820,.F.);
#4817 = FACE_BOUND('',#4818,.T.);
#4818 = EDGE_LOOP('',(#4819));
#4819 = ORIENTED_EDGE('',*,*,#4795,.F.);
#4820 = PLANE('',#4821);
#4821 = AXIS2_PLACEMENT_3D('',#4822,#4823,#4824);
#4822 = CARTESIAN_POINT('',(21.59,-2.54,-5.));
#4823 = DIRECTION('',(0.,0.,1.));
#4824 = DIRECTION('',(1.,0.,-0.));
#4825 = ( GEOMETRIC_REPRESENTATION_CONTEXT(3) 
GLOBAL_UNCERTAINTY_ASSIGNED_CONTEXT((#4829)) 
GLOBAL_UNIT_ASSIGNED_CONTEXT((#4826,#4827,#4828)) REPRESENTATION_CONTEXT
('Context #1','3D Context with UNIT and UNCERTAINTY') );
#4826 = ( LENGTH_UNIT() NAMED_UNIT(*) SI_UNIT(.MILLI.,.METRE.) );
#4827 = ( NAMED_UNIT(*) PLANE_ANGLE_UNIT() SI_UNIT($,.RADIAN.) );
#4828 = ( NAMED_UNIT(*) SI_UNIT($,.STERADIAN.) SOLID_ANGLE_UNIT() );
#4829 = UNCERTAINTY_MEASURE_WITH_UNIT(LENGTH_MEASURE(1.E-07),#4826,
  'distance_accuracy_value','confusion accuracy');
#4830 = CONTEXT_DEPENDENT_SHAPE_REPRESENTATION(#4831,#4833);
#4831 = ( REPRESENTATION_RELATIONSHIP('','',#4771,#3132) 
REPRESENTATION_RELATIONSHIP_WITH_TRANSFORMATION(#4832) 
SHAPE_REPRESENTATION_RELATIONSHIP() );
#4832 = ITEM_DEFINED_TRANSFORMATION('','',#11,#3217);
#4833 = PRODUCT_DEFINITION_SHAPE('Placement','Placement of an item',
  #4834);
#4834 = NEXT_ASSEMBLY_USAGE_OCCURRENCE('225','Leads021','',#3127,#4766,$
  );
#4835 = PRODUCT_RELATED_PRODUCT_CATEGORY('part',$,(#4768));
#4836 = SHAPE_DEFINITION_REPRESENTATION(#4837,#4843);
#4837 = PRODUCT_DEFINITION_SHAPE('','',#4838);
#4838 = PRODUCT_DEFINITION('design','',#4839,#4842);
#4839 = PRODUCT_DEFINITION_FORMATION('','',#4840);
#4840 = PRODUCT('Leads022','Leads022','',(#4841));
#4841 = PRODUCT_CONTEXT('',#2,'mechanical');
#4842 = PRODUCT_DEFINITION_CONTEXT('part definition',#2,'design');
#4843 = ADVANCED_BREP_SHAPE_REPRESENTATION('',(#11,#4844),#4897);
#4844 = MANIFOLD_SOLID_BREP('',#4845);
#4845 = CLOSED_SHELL('',(#4846,#4879,#4888));
#4846 = ADVANCED_FACE('',(#4847),#4874,.T.);
#4847 = FACE_BOUND('',#4848,.T.);
#4848 = EDGE_LOOP('',(#4849,#4858,#4866,#4873));
#4849 = ORIENTED_EDGE('',*,*,#4850,.F.);
#4850 = EDGE_CURVE('',#4851,#4851,#4853,.T.);
#4851 = VERTEX_POINT('',#4852);
#4852 = CARTESIAN_POINT('',(24.3855,-2.54,0.1));
#4853 = CIRCLE('',#4854,0.2555);
#4854 = AXIS2_PLACEMENT_3D('',#4855,#4856,#4857);
#4855 = CARTESIAN_POINT('',(24.13,-2.54,0.1));
#4856 = DIRECTION('',(0.,0.,1.));
#4857 = DIRECTION('',(1.,0.,-0.));
#4858 = ORIENTED_EDGE('',*,*,#4859,.F.);
#4859 = EDGE_CURVE('',#4860,#4851,#4862,.T.);
#4860 = VERTEX_POINT('',#4861);
#4861 = CARTESIAN_POINT('',(24.3855,-2.54,-5.));
#4862 = LINE('',#4863,#4864);
#4863 = CARTESIAN_POINT('',(24.3855,-2.54,-5.));
#4864 = VECTOR('',#4865,1.);
#4865 = DIRECTION('',(0.,0.,1.));
#4866 = ORIENTED_EDGE('',*,*,#4867,.T.);
#4867 = EDGE_CURVE('',#4860,#4860,#4868,.T.);
#4868 = CIRCLE('',#4869,0.2555);
#4869 = AXIS2_PLACEMENT_3D('',#4870,#4871,#4872);
#4870 = CARTESIAN_POINT('',(24.13,-2.54,-5.));
#4871 = DIRECTION('',(0.,0.,1.));
#4872 = DIRECTION('',(1.,0.,-0.));
#4873 = ORIENTED_EDGE('',*,*,#4859,.T.);
#4874 = CYLINDRICAL_SURFACE('',#4875,0.2555);
#4875 = AXIS2_PLACEMENT_3D('',#4876,#4877,#4878);
#4876 = CARTESIAN_POINT('',(24.13,-2.54,-5.));
#4877 = DIRECTION('',(0.,0.,1.));
#4878 = DIRECTION('',(1.,0.,-0.));
#4879 = ADVANCED_FACE('',(#4880),#4883,.T.);
#4880 = FACE_BOUND('',#4881,.T.);
#4881 = EDGE_LOOP('',(#4882));
#4882 = ORIENTED_EDGE('',*,*,#4850,.T.);
#4883 = PLANE('',#4884);
#4884 = AXIS2_PLACEMENT_3D('',#4885,#4886,#4887);
#4885 = CARTESIAN_POINT('',(24.13,-2.54,0.1));
#4886 = DIRECTION('',(0.,0.,1.));
#4887 = DIRECTION('',(1.,0.,-0.));
#4888 = ADVANCED_FACE('',(#4889),#4892,.F.);
#4889 = FACE_BOUND('',#4890,.T.);
#4890 = EDGE_LOOP('',(#4891));
#4891 = ORIENTED_EDGE('',*,*,#4867,.F.);
#4892 = PLANE('',#4893);
#4893 = AXIS2_PLACEMENT_3D('',#4894,#4895,#4896);
#4894 = CARTESIAN_POINT('',(24.13,-2.54,-5.));
#4895 = DIRECTION('',(0.,0.,1.));
#4896 = DIRECTION('',(1.,0.,-0.));
#4897 = ( GEOMETRIC_REPRESENTATION_CONTEXT(3) 
GLOBAL_UNCERTAINTY_ASSIGNED_CONTEXT((#4901)) 
GLOBAL_UNIT_ASSIGNED_CONTEXT((#4898,#4899,#4900)) REPRESENTATION_CONTEXT
('Context #1','3D Context with UNIT and UNCERTAINTY') );
#4898 = ( LENGTH_UNIT() NAMED_UNIT(*) SI_UNIT(.MILLI.,.METRE.) );
#4899 = ( NAMED_UNIT(*) PLANE_ANGLE_UNIT() SI_UNIT($,.RADIAN.) );
#4900 = ( NAMED_UNIT(*) SI_UNIT($,.STERADIAN.) SOLID_ANGLE_UNIT() );
#4901 = UNCERTAINTY_MEASURE_WITH_UNIT(LENGTH_MEASURE(1.E-07),#4898,
  'distance_accuracy_value','confusion accuracy');
#4902 = CONTEXT_DEPENDENT_SHAPE_REPRESENTATION(#4903,#4905);
#4903 = ( REPRESENTATION_RELATIONSHIP('','',#4843,#3132) 
REPRESENTATION_RELATIONSHIP_WITH_TRANSFORMATION(#4904) 
SHAPE_REPRESENTATION_RELATIONSHIP() );
#4904 = ITEM_DEFINED_TRANSFORMATION('','',#11,#3221);
#4905 = PRODUCT_DEFINITION_SHAPE('Placement','Placement of an item',
  #4906);
#4906 = NEXT_ASSEMBLY_USAGE_OCCURRENCE('226','Leads022','',#3127,#4838,$
  );
#4907 = PRODUCT_RELATED_PRODUCT_CATEGORY('part',$,(#4840));
#4908 = SHAPE_DEFINITION_REPRESENTATION(#4909,#4915);
#4909 = PRODUCT_DEFINITION_SHAPE('','',#4910);
#4910 = PRODUCT_DEFINITION('design','',#4911,#4914);
#4911 = PRODUCT_DEFINITION_FORMATION('','',#4912);
#4912 = PRODUCT('Leads023','Leads023','',(#4913));
#4913 = PRODUCT_CONTEXT('',#2,'mechanical');
#4914 = PRODUCT_DEFINITION_CONTEXT('part definition',#2,'design');
#4915 = ADVANCED_BREP_SHAPE_REPRESENTATION('',(#11,#4916),#4969);
#4916 = MANIFOLD_SOLID_BREP('',#4917);
#4917 = CLOSED_SHELL('',(#4918,#4951,#4960));
#4918 = ADVANCED_FACE('',(#4919),#4946,.T.);
#4919 = FACE_BOUND('',#4920,.T.);
#4920 = EDGE_LOOP('',(#4921,#4930,#4938,#4945));
#4921 = ORIENTED_EDGE('',*,*,#4922,.F.);
#4922 = EDGE_CURVE('',#4923,#4923,#4925,.T.);
#4923 = VERTEX_POINT('',#4924);
#4924 = CARTESIAN_POINT('',(26.9255,-2.54,0.1));
#4925 = CIRCLE('',#4926,0.2555);
#4926 = AXIS2_PLACEMENT_3D('',#4927,#4928,#4929);
#4927 = CARTESIAN_POINT('',(26.67,-2.54,0.1));
#4928 = DIRECTION('',(0.,0.,1.));
#4929 = DIRECTION('',(1.,0.,-0.));
#4930 = ORIENTED_EDGE('',*,*,#4931,.F.);
#4931 = EDGE_CURVE('',#4932,#4923,#4934,.T.);
#4932 = VERTEX_POINT('',#4933);
#4933 = CARTESIAN_POINT('',(26.9255,-2.54,-5.));
#4934 = LINE('',#4935,#4936);
#4935 = CARTESIAN_POINT('',(26.9255,-2.54,-5.));
#4936 = VECTOR('',#4937,1.);
#4937 = DIRECTION('',(0.,0.,1.));
#4938 = ORIENTED_EDGE('',*,*,#4939,.T.);
#4939 = EDGE_CURVE('',#4932,#4932,#4940,.T.);
#4940 = CIRCLE('',#4941,0.2555);
#4941 = AXIS2_PLACEMENT_3D('',#4942,#4943,#4944);
#4942 = CARTESIAN_POINT('',(26.67,-2.54,-5.));
#4943 = DIRECTION('',(0.,0.,1.));
#4944 = DIRECTION('',(1.,0.,-0.));
#4945 = ORIENTED_EDGE('',*,*,#4931,.T.);
#4946 = CYLINDRICAL_SURFACE('',#4947,0.2555);
#4947 = AXIS2_PLACEMENT_3D('',#4948,#4949,#4950);
#4948 = CARTESIAN_POINT('',(26.67,-2.54,-5.));
#4949 = DIRECTION('',(0.,0.,1.));
#4950 = DIRECTION('',(1.,0.,-0.));
#4951 = ADVANCED_FACE('',(#4952),#4955,.T.);
#4952 = FACE_BOUND('',#4953,.T.);
#4953 = EDGE_LOOP('',(#4954));
#4954 = ORIENTED_EDGE('',*,*,#4922,.T.);
#4955 = PLANE('',#4956);
#4956 = AXIS2_PLACEMENT_3D('',#4957,#4958,#4959);
#4957 = CARTESIAN_POINT('',(26.67,-2.54,0.1));
#4958 = DIRECTION('',(0.,0.,1.));
#4959 = DIRECTION('',(1.,0.,-0.));
#4960 = ADVANCED_FACE('',(#4961),#4964,.F.);
#4961 = FACE_BOUND('',#4962,.T.);
#4962 = EDGE_LOOP('',(#4963));
#4963 = ORIENTED_EDGE('',*,*,#4939,.F.);
#4964 = PLANE('',#4965);
#4965 = AXIS2_PLACEMENT_3D('',#4966,#4967,#4968);
#4966 = CARTESIAN_POINT('',(26.67,-2.54,-5.));
#4967 = DIRECTION('',(0.,0.,1.));
#4968 = DIRECTION('',(1.,0.,-0.));
#4969 = ( GEOMETRIC_REPRESENTATION_CONTEXT(3) 
GLOBAL_UNCERTAINTY_ASSIGNED_CONTEXT((#4973)) 
GLOBAL_UNIT_ASSIGNED_CONTEXT((#4970,#4971,#4972)) REPRESENTATION_CONTEXT
('Context #1','3D Context with UNIT and UNCERTAINTY') );
#4970 = ( LENGTH_UNIT() NAMED_UNIT(*) SI_UNIT(.MILLI.,.METRE.) );
#4971 = ( NAMED_UNIT(*) PLANE_ANGLE_UNIT() SI_UNIT($,.RADIAN.) );
#4972 = ( NAMED_UNIT(*) SI_UNIT($,.STERADIAN.) SOLID_ANGLE_UNIT() );
#4973 = UNCERTAINTY_MEASURE_WITH_UNIT(LENGTH_MEASURE(1.E-07),#4970,
  'distance_accuracy_value','confusion accuracy');
#4974 = CONTEXT_DEPENDENT_SHAPE_REPRESENTATION(#4975,#4977);
#4975 = ( REPRESENTATION_RELATIONSHIP('','',#4915,#3132) 
REPRESENTATION_RELATIONSHIP_WITH_TRANSFORMATION(#4976) 
SHAPE_REPRESENTATION_RELATIONSHIP() );
#4976 = ITEM_DEFINED_TRANSFORMATION('','',#11,#3225);
#4977 = PRODUCT_DEFINITION_SHAPE('Placement','Placement of an item',
  #4978);
#4978 = NEXT_ASSEMBLY_USAGE_OCCURRENCE('227','Leads023','',#3127,#4910,$
  );
#4979 = PRODUCT_RELATED_PRODUCT_CATEGORY('part',$,(#4912));
#4980 = SHAPE_DEFINITION_REPRESENTATION(#4981,#4987);
#4981 = PRODUCT_DEFINITION_SHAPE('','',#4982);
#4982 = PRODUCT_DEFINITION('design','',#4983,#4986);
#4983 = PRODUCT_DEFINITION_FORMATION('','',#4984);
#4984 = PRODUCT('Leads024','Leads024','',(#4985));
#4985 = PRODUCT_CONTEXT('',#2,'mechanical');
#4986 = PRODUCT_DEFINITION_CONTEXT('part definition',#2,'design');
#4987 = ADVANCED_BREP_SHAPE_REPRESENTATION('',(#11,#4988),#5041);
#4988 = MANIFOLD_SOLID_BREP('',#4989);
#4989 = CLOSED_SHELL('',(#4990,#5023,#5032));
#4990 = ADVANCED_FACE('',(#4991),#5018,.T.);
#4991 = FACE_BOUND('',#4992,.T.);
#4992 = EDGE_LOOP('',(#4993,#5002,#5010,#5017));
#4993 = ORIENTED_EDGE('',*,*,#4994,.F.);
#4994 = EDGE_CURVE('',#4995,#4995,#4997,.T.);
#4995 = VERTEX_POINT('',#4996);
#4996 = CARTESIAN_POINT('',(29.4655,-2.54,0.1));
#4997 = CIRCLE('',#4998,0.2555);
#4998 = AXIS2_PLACEMENT_3D('',#4999,#5000,#5001);
#4999 = CARTESIAN_POINT('',(29.21,-2.54,0.1));
#5000 = DIRECTION('',(0.,0.,1.));
#5001 = DIRECTION('',(1.,0.,-0.));
#5002 = ORIENTED_EDGE('',*,*,#5003,.F.);
#5003 = EDGE_CURVE('',#5004,#4995,#5006,.T.);
#5004 = VERTEX_POINT('',#5005);
#5005 = CARTESIAN_POINT('',(29.4655,-2.54,-5.));
#5006 = LINE('',#5007,#5008);
#5007 = CARTESIAN_POINT('',(29.4655,-2.54,-5.));
#5008 = VECTOR('',#5009,1.);
#5009 = DIRECTION('',(0.,0.,1.));
#5010 = ORIENTED_EDGE('',*,*,#5011,.T.);
#5011 = EDGE_CURVE('',#5004,#5004,#5012,.T.);
#5012 = CIRCLE('',#5013,0.2555);
#5013 = AXIS2_PLACEMENT_3D('',#5014,#5015,#5016);
#5014 = CARTESIAN_POINT('',(29.21,-2.54,-5.));
#5015 = DIRECTION('',(0.,0.,1.));
#5016 = DIRECTION('',(1.,0.,-0.));
#5017 = ORIENTED_EDGE('',*,*,#5003,.T.);
#5018 = CYLINDRICAL_SURFACE('',#5019,0.2555);
#5019 = AXIS2_PLACEMENT_3D('',#5020,#5021,#5022);
#5020 = CARTESIAN_POINT('',(29.21,-2.54,-5.));
#5021 = DIRECTION('',(0.,0.,1.));
#5022 = DIRECTION('',(1.,0.,-0.));
#5023 = ADVANCED_FACE('',(#5024),#5027,.T.);
#5024 = FACE_BOUND('',#5025,.T.);
#5025 = EDGE_LOOP('',(#5026));
#5026 = ORIENTED_EDGE('',*,*,#4994,.T.);
#5027 = PLANE('',#5028);
#5028 = AXIS2_PLACEMENT_3D('',#5029,#5030,#5031);
#5029 = CARTESIAN_POINT('',(29.21,-2.54,0.1));
#5030 = DIRECTION('',(0.,0.,1.));
#5031 = DIRECTION('',(1.,0.,-0.));
#5032 = ADVANCED_FACE('',(#5033),#5036,.F.);
#5033 = FACE_BOUND('',#5034,.T.);
#5034 = EDGE_LOOP('',(#5035));
#5035 = ORIENTED_EDGE('',*,*,#5011,.F.);
#5036 = PLANE('',#5037);
#5037 = AXIS2_PLACEMENT_3D('',#5038,#5039,#5040);
#5038 = CARTESIAN_POINT('',(29.21,-2.54,-5.));
#5039 = DIRECTION('',(0.,0.,1.));
#5040 = DIRECTION('',(1.,0.,-0.));
#5041 = ( GEOMETRIC_REPRESENTATION_CONTEXT(3) 
GLOBAL_UNCERTAINTY_ASSIGNED_CONTEXT((#5045)) 
GLOBAL_UNIT_ASSIGNED_CONTEXT((#5042,#5043,#5044)) REPRESENTATION_CONTEXT
('Context #1','3D Context with UNIT and UNCERTAINTY') );
#5042 = ( LENGTH_UNIT() NAMED_UNIT(*) SI_UNIT(.MILLI.,.METRE.) );
#5043 = ( NAMED_UNIT(*) PLANE_ANGLE_UNIT() SI_UNIT($,.RADIAN.) );
#5044 = ( NAMED_UNIT(*) SI_UNIT($,.STERADIAN.) SOLID_ANGLE_UNIT() );
#5045 = UNCERTAINTY_MEASURE_WITH_UNIT(LENGTH_MEASURE(1.E-07),#5042,
  'distance_accuracy_value','confusion accuracy');
#5046 = CONTEXT_DEPENDENT_SHAPE_REPRESENTATION(#5047,#5049);
#5047 = ( REPRESENTATION_RELATIONSHIP('','',#4987,#3132) 
REPRESENTATION_RELATIONSHIP_WITH_TRANSFORMATION(#5048) 
SHAPE_REPRESENTATION_RELATIONSHIP() );
#5048 = ITEM_DEFINED_TRANSFORMATION('','',#11,#3229);
#5049 = PRODUCT_DEFINITION_SHAPE('Placement','Placement of an item',
  #5050);
#5050 = NEXT_ASSEMBLY_USAGE_OCCURRENCE('228','Leads024','',#3127,#4982,$
  );
#5051 = PRODUCT_RELATED_PRODUCT_CATEGORY('part',$,(#4984));
#5052 = SHAPE_DEFINITION_REPRESENTATION(#5053,#5059);
#5053 = PRODUCT_DEFINITION_SHAPE('','',#5054);
#5054 = PRODUCT_DEFINITION('design','',#5055,#5058);
#5055 = PRODUCT_DEFINITION_FORMATION('','',#5056);
#5056 = PRODUCT('Leads025','Leads025','',(#5057));
#5057 = PRODUCT_CONTEXT('',#2,'mechanical');
#5058 = PRODUCT_DEFINITION_CONTEXT('part definition',#2,'design');
#5059 = ADVANCED_BREP_SHAPE_REPRESENTATION('',(#11,#5060),#5113);
#5060 = MANIFOLD_SOLID_BREP('',#5061);
#5061 = CLOSED_SHELL('',(#5062,#5095,#5104));
#5062 = ADVANCED_FACE('',(#5063),#5090,.T.);
#5063 = FACE_BOUND('',#5064,.T.);
#5064 = EDGE_LOOP('',(#5065,#5074,#5082,#5089));
#5065 = ORIENTED_EDGE('',*,*,#5066,.F.);
#5066 = EDGE_CURVE('',#5067,#5067,#5069,.T.);
#5067 = VERTEX_POINT('',#5068);
#5068 = CARTESIAN_POINT('',(-2.59,-1.27,0.1));
#5069 = CIRCLE('',#5070,1.22);
#5070 = AXIS2_PLACEMENT_3D('',#5071,#5072,#5073);
#5071 = CARTESIAN_POINT('',(-3.81,-1.27,0.1));
#5072 = DIRECTION('',(0.,0.,1.));
#5073 = DIRECTION('',(1.,0.,-0.));
#5074 = ORIENTED_EDGE('',*,*,#5075,.F.);
#5075 = EDGE_CURVE('',#5076,#5067,#5078,.T.);
#5076 = VERTEX_POINT('',#5077);
#5077 = CARTESIAN_POINT('',(-2.59,-1.27,-5.));
#5078 = LINE('',#5079,#5080);
#5079 = CARTESIAN_POINT('',(-2.59,-1.27,-5.));
#5080 = VECTOR('',#5081,1.);
#5081 = DIRECTION('',(0.,0.,1.));
#5082 = ORIENTED_EDGE('',*,*,#5083,.T.);
#5083 = EDGE_CURVE('',#5076,#5076,#5084,.T.);
#5084 = CIRCLE('',#5085,1.22);
#5085 = AXIS2_PLACEMENT_3D('',#5086,#5087,#5088);
#5086 = CARTESIAN_POINT('',(-3.81,-1.27,-5.));
#5087 = DIRECTION('',(0.,0.,1.));
#5088 = DIRECTION('',(1.,0.,-0.));
#5089 = ORIENTED_EDGE('',*,*,#5075,.T.);
#5090 = CYLINDRICAL_SURFACE('',#5091,1.22);
#5091 = AXIS2_PLACEMENT_3D('',#5092,#5093,#5094);
#5092 = CARTESIAN_POINT('',(-3.81,-1.27,-5.));
#5093 = DIRECTION('',(0.,0.,1.));
#5094 = DIRECTION('',(1.,0.,-0.));
#5095 = ADVANCED_FACE('',(#5096),#5099,.T.);
#5096 = FACE_BOUND('',#5097,.T.);
#5097 = EDGE_LOOP('',(#5098));
#5098 = ORIENTED_EDGE('',*,*,#5066,.T.);
#5099 = PLANE('',#5100);
#5100 = AXIS2_PLACEMENT_3D('',#5101,#5102,#5103);
#5101 = CARTESIAN_POINT('',(-3.81,-1.27,0.1));
#5102 = DIRECTION('',(0.,0.,1.));
#5103 = DIRECTION('',(1.,0.,-0.));
#5104 = ADVANCED_FACE('',(#5105),#5108,.F.);
#5105 = FACE_BOUND('',#5106,.T.);
#5106 = EDGE_LOOP('',(#5107));
#5107 = ORIENTED_EDGE('',*,*,#5083,.F.);
#5108 = PLANE('',#5109);
#5109 = AXIS2_PLACEMENT_3D('',#5110,#5111,#5112);
#5110 = CARTESIAN_POINT('',(-3.81,-1.27,-5.));
#5111 = DIRECTION('',(0.,0.,1.));
#5112 = DIRECTION('',(1.,0.,-0.));
#5113 = ( GEOMETRIC_REPRESENTATION_CONTEXT(3) 
GLOBAL_UNCERTAINTY_ASSIGNED_CONTEXT((#5117)) 
GLOBAL_UNIT_ASSIGNED_CONTEXT((#5114,#5115,#5116)) REPRESENTATION_CONTEXT
('Context #1','3D Context with UNIT and UNCERTAINTY') );
#5114 = ( LENGTH_UNIT() NAMED_UNIT(*) SI_UNIT(.MILLI.,.METRE.) );
#5115 = ( NAMED_UNIT(*) PLANE_ANGLE_UNIT() SI_UNIT($,.RADIAN.) );
#5116 = ( NAMED_UNIT(*) SI_UNIT($,.STERADIAN.) SOLID_ANGLE_UNIT() );
#5117 = UNCERTAINTY_MEASURE_WITH_UNIT(LENGTH_MEASURE(1.E-07),#5114,
  'distance_accuracy_value','confusion accuracy');
#5118 = CONTEXT_DEPENDENT_SHAPE_REPRESENTATION(#5119,#5121);
#5119 = ( REPRESENTATION_RELATIONSHIP('','',#5059,#3132) 
REPRESENTATION_RELATIONSHIP_WITH_TRANSFORMATION(#5120) 
SHAPE_REPRESENTATION_RELATIONSHIP() );
#5120 = ITEM_DEFINED_TRANSFORMATION('','',#11,#3233);
#5121 = PRODUCT_DEFINITION_SHAPE('Placement','Placement of an item',
  #5122);
#5122 = NEXT_ASSEMBLY_USAGE_OCCURRENCE('229','Leads025','',#3127,#5054,$
  );
#5123 = PRODUCT_RELATED_PRODUCT_CATEGORY('part',$,(#5056));
#5124 = SHAPE_DEFINITION_REPRESENTATION(#5125,#5131);
#5125 = PRODUCT_DEFINITION_SHAPE('','',#5126);
#5126 = PRODUCT_DEFINITION('design','',#5127,#5130);
#5127 = PRODUCT_DEFINITION_FORMATION('','',#5128);
#5128 = PRODUCT('Leads026','Leads026','',(#5129));
#5129 = PRODUCT_CONTEXT('',#2,'mechanical');
#5130 = PRODUCT_DEFINITION_CONTEXT('part definition',#2,'design');
#5131 = ADVANCED_BREP_SHAPE_REPRESENTATION('',(#11,#5132),#5185);
#5132 = MANIFOLD_SOLID_BREP('',#5133);
#5133 = CLOSED_SHELL('',(#5134,#5167,#5176));
#5134 = ADVANCED_FACE('',(#5135),#5162,.T.);
#5135 = FACE_BOUND('',#5136,.T.);
#5136 = EDGE_LOOP('',(#5137,#5146,#5154,#5161));
#5137 = ORIENTED_EDGE('',*,*,#5138,.F.);
#5138 = EDGE_CURVE('',#5139,#5139,#5141,.T.);
#5139 = VERTEX_POINT('',#5140);
#5140 = CARTESIAN_POINT('',(35.51,-1.27,0.1));
#5141 = CIRCLE('',#5142,1.22);
#5142 = AXIS2_PLACEMENT_3D('',#5143,#5144,#5145);
#5143 = CARTESIAN_POINT('',(34.29,-1.27,0.1));
#5144 = DIRECTION('',(0.,0.,1.));
#5145 = DIRECTION('',(1.,0.,-0.));
#5146 = ORIENTED_EDGE('',*,*,#5147,.F.);
#5147 = EDGE_CURVE('',#5148,#5139,#5150,.T.);
#5148 = VERTEX_POINT('',#5149);
#5149 = CARTESIAN_POINT('',(35.51,-1.27,-5.));
#5150 = LINE('',#5151,#5152);
#5151 = CARTESIAN_POINT('',(35.51,-1.27,-5.));
#5152 = VECTOR('',#5153,1.);
#5153 = DIRECTION('',(0.,0.,1.));
#5154 = ORIENTED_EDGE('',*,*,#5155,.T.);
#5155 = EDGE_CURVE('',#5148,#5148,#5156,.T.);
#5156 = CIRCLE('',#5157,1.22);
#5157 = AXIS2_PLACEMENT_3D('',#5158,#5159,#5160);
#5158 = CARTESIAN_POINT('',(34.29,-1.27,-5.));
#5159 = DIRECTION('',(0.,0.,1.));
#5160 = DIRECTION('',(1.,0.,-0.));
#5161 = ORIENTED_EDGE('',*,*,#5147,.T.);
#5162 = CYLINDRICAL_SURFACE('',#5163,1.22);
#5163 = AXIS2_PLACEMENT_3D('',#5164,#5165,#5166);
#5164 = CARTESIAN_POINT('',(34.29,-1.27,-5.));
#5165 = DIRECTION('',(0.,0.,1.));
#5166 = DIRECTION('',(1.,0.,-0.));
#5167 = ADVANCED_FACE('',(#5168),#5171,.T.);
#5168 = FACE_BOUND('',#5169,.T.);
#5169 = EDGE_LOOP('',(#5170));
#5170 = ORIENTED_EDGE('',*,*,#5138,.T.);
#5171 = PLANE('',#5172);
#5172 = AXIS2_PLACEMENT_3D('',#5173,#5174,#5175);
#5173 = CARTESIAN_POINT('',(34.29,-1.27,0.1));
#5174 = DIRECTION('',(0.,0.,1.));
#5175 = DIRECTION('',(1.,0.,-0.));
#5176 = ADVANCED_FACE('',(#5177),#5180,.F.);
#5177 = FACE_BOUND('',#5178,.T.);
#5178 = EDGE_LOOP('',(#5179));
#5179 = ORIENTED_EDGE('',*,*,#5155,.F.);
#5180 = PLANE('',#5181);
#5181 = AXIS2_PLACEMENT_3D('',#5182,#5183,#5184);
#5182 = CARTESIAN_POINT('',(34.29,-1.27,-5.));
#5183 = DIRECTION('',(0.,0.,1.));
#5184 = DIRECTION('',(1.,0.,-0.));
#5185 = ( GEOMETRIC_REPRESENTATION_CONTEXT(3) 
GLOBAL_UNCERTAINTY_ASSIGNED_CONTEXT((#5189)) 
GLOBAL_UNIT_ASSIGNED_CONTEXT((#5186,#5187,#5188)) REPRESENTATION_CONTEXT
('Context #1','3D Context with UNIT and UNCERTAINTY') );
#5186 = ( LENGTH_UNIT() NAMED_UNIT(*) SI_UNIT(.MILLI.,.METRE.) );
#5187 = ( NAMED_UNIT(*) PLANE_ANGLE_UNIT() SI_UNIT($,.RADIAN.) );
#5188 = ( NAMED_UNIT(*) SI_UNIT($,.STERADIAN.) SOLID_ANGLE_UNIT() );
#5189 = UNCERTAINTY_MEASURE_WITH_UNIT(LENGTH_MEASURE(1.E-07),#5186,
  'distance_accuracy_value','confusion accuracy');
#5190 = CONTEXT_DEPENDENT_SHAPE_REPRESENTATION(#5191,#5193);
#5191 = ( REPRESENTATION_RELATIONSHIP('','',#5131,#3132) 
REPRESENTATION_RELATIONSHIP_WITH_TRANSFORMATION(#5192) 
SHAPE_REPRESENTATION_RELATIONSHIP() );
#5192 = ITEM_DEFINED_TRANSFORMATION('','',#11,#3237);
#5193 = PRODUCT_DEFINITION_SHAPE('Placement','Placement of an item',
  #5194);
#5194 = NEXT_ASSEMBLY_USAGE_OCCURRENCE('230','Leads026','',#3127,#5126,$
  );
#5195 = PRODUCT_RELATED_PRODUCT_CATEGORY('part',$,(#5128));
#5196 = SHAPE_DEFINITION_REPRESENTATION(#5197,#5203);
#5197 = PRODUCT_DEFINITION_SHAPE('','',#5198);
#5198 = PRODUCT_DEFINITION('design','',#5199,#5202);
#5199 = PRODUCT_DEFINITION_FORMATION('','',#5200);
#5200 = PRODUCT('J2_ASSEMBLY_b898d254b886','J2_ASSEMBLY_b898d254b886',''
  ,(#5201));
#5201 = PRODUCT_CONTEXT('',#2,'mechanical');
#5202 = PRODUCT_DEFINITION_CONTEXT('part definition',#2,'design');
#5203 = SHAPE_REPRESENTATION('',(#11,#5204,#5208),#5212);
#5204 = AXIS2_PLACEMENT_3D('',#5205,#5206,#5207);
#5205 = CARTESIAN_POINT('',(0.,0.,0.1));
#5206 = DIRECTION('',(0.,0.,1.));
#5207 = DIRECTION('',(1.,0.,0.));
#5208 = AXIS2_PLACEMENT_3D('',#5209,#5210,#5211);
#5209 = CARTESIAN_POINT('',(0.,0.,0.));
#5210 = DIRECTION('',(0.,0.,1.));
#5211 = DIRECTION('',(1.,0.,0.));
#5212 = ( GEOMETRIC_REPRESENTATION_CONTEXT(3) 
GLOBAL_UNCERTAINTY_ASSIGNED_CONTEXT((#5216)) 
GLOBAL_UNIT_ASSIGNED_CONTEXT((#5213,#5214,#5215)) REPRESENTATION_CONTEXT
('Context #1','3D Context with UNIT and UNCERTAINTY') );
#5213 = ( LENGTH_UNIT() NAMED_UNIT(*) SI_UNIT(.MILLI.,.METRE.) );
#5214 = ( NAMED_UNIT(*) PLANE_ANGLE_UNIT() SI_UNIT($,.RADIAN.) );
#5215 = ( NAMED_UNIT(*) SI_UNIT($,.STERADIAN.) SOLID_ANGLE_UNIT() );
#5216 = UNCERTAINTY_MEASURE_WITH_UNIT(LENGTH_MEASURE(1.E-07),#5213,
  'distance_accuracy_value','confusion accuracy');
#5217 = CONTEXT_DEPENDENT_SHAPE_REPRESENTATION(#5218,#5220);
#5218 = ( REPRESENTATION_RELATIONSHIP('','',#5203,#2909) 
REPRESENTATION_RELATIONSHIP_WITH_TRANSFORMATION(#5219) 
SHAPE_REPRESENTATION_RELATIONSHIP() );
#5219 = ITEM_DEFINED_TRANSFORMATION('','',#11,#2914);
#5220 = PRODUCT_DEFINITION_SHAPE('Placement','Placement of an item',
  #5221);
#5221 = NEXT_ASSEMBLY_USAGE_OCCURRENCE('262','J2_ASSEMBLY_b898d254b886',
  '',#2904,#5198,$);
#5222 = PRODUCT_RELATED_PRODUCT_CATEGORY('part',$,(#5200));
#5223 = SHAPE_DEFINITION_REPRESENTATION(#5224,#5230);
#5224 = PRODUCT_DEFINITION_SHAPE('','',#5225);
#5225 = PRODUCT_DEFINITION('design','',#5226,#5229);
#5226 = PRODUCT_DEFINITION_FORMATION('','',#5227);
#5227 = PRODUCT('Body001','Body001','',(#5228));
#5228 = PRODUCT_CONTEXT('',#2,'mechanical');
#5229 = PRODUCT_DEFINITION_CONTEXT('part definition',#2,'design');
#5230 = ADVANCED_BREP_SHAPE_REPRESENTATION('',(#11,#5231),#5381);
#5231 = MANIFOLD_SOLID_BREP('',#5232);
#5232 = CLOSED_SHELL('',(#5233,#5273,#5304,#5335,#5357,#5369));
#5233 = ADVANCED_FACE('',(#5234),#5268,.F.);
#5234 = FACE_BOUND('',#5235,.F.);
#5235 = EDGE_LOOP('',(#5236,#5246,#5254,#5262));
#5236 = ORIENTED_EDGE('',*,*,#5237,.T.);
#5237 = EDGE_CURVE('',#5238,#5240,#5242,.T.);
#5238 = VERTEX_POINT('',#5239);
#5239 = CARTESIAN_POINT('',(-6.86,-5.18,0.));
#5240 = VERTEX_POINT('',#5241);
#5241 = CARTESIAN_POINT('',(-6.86,-5.18,13.74));
#5242 = LINE('',#5243,#5244);
#5243 = CARTESIAN_POINT('',(-6.86,-5.18,0.));
#5244 = VECTOR('',#5245,1.);
#5245 = DIRECTION('',(0.,0.,1.));
#5246 = ORIENTED_EDGE('',*,*,#5247,.T.);
#5247 = EDGE_CURVE('',#5240,#5248,#5250,.T.);
#5248 = VERTEX_POINT('',#5249);
#5249 = CARTESIAN_POINT('',(37.34,-5.18,13.74));
#5250 = LINE('',#5251,#5252);
#5251 = CARTESIAN_POINT('',(-6.86,-5.18,13.74));
#5252 = VECTOR('',#5253,1.);
#5253 = DIRECTION('',(1.,0.,0.));
#5254 = ORIENTED_EDGE('',*,*,#5255,.F.);
#5255 = EDGE_CURVE('',#5256,#5248,#5258,.T.);
#5256 = VERTEX_POINT('',#5257);
#5257 = CARTESIAN_POINT('',(37.34,-5.18,0.));
#5258 = LINE('',#5259,#5260);
#5259 = CARTESIAN_POINT('',(37.34,-5.18,0.));
#5260 = VECTOR('',#5261,1.);
#5261 = DIRECTION('',(0.,0.,1.));
#5262 = ORIENTED_EDGE('',*,*,#5263,.F.);
#5263 = EDGE_CURVE('',#5238,#5256,#5264,.T.);
#5264 = LINE('',#5265,#5266);
#5265 = CARTESIAN_POINT('',(-6.86,-5.18,0.));
#5266 = VECTOR('',#5267,1.);
#5267 = DIRECTION('',(1.,0.,0.));
#5268 = PLANE('',#5269);
#5269 = AXIS2_PLACEMENT_3D('',#5270,#5271,#5272);
#5270 = CARTESIAN_POINT('',(-6.86,-5.18,0.));
#5271 = DIRECTION('',(0.,1.,0.));
#5272 = DIRECTION('',(1.,0.,0.));
#5273 = ADVANCED_FACE('',(#5274),#5299,.F.);
#5274 = FACE_BOUND('',#5275,.F.);
#5275 = EDGE_LOOP('',(#5276,#5277,#5285,#5293));
#5276 = ORIENTED_EDGE('',*,*,#5255,.T.);
#5277 = ORIENTED_EDGE('',*,*,#5278,.T.);
#5278 = EDGE_CURVE('',#5248,#5279,#5281,.T.);
#5279 = VERTEX_POINT('',#5280);
#5280 = CARTESIAN_POINT('',(37.34,2.64,13.74));
#5281 = LINE('',#5282,#5283);
#5282 = CARTESIAN_POINT('',(37.34,-5.18,13.74));
#5283 = VECTOR('',#5284,1.);
#5284 = DIRECTION('',(0.,1.,0.));
#5285 = ORIENTED_EDGE('',*,*,#5286,.F.);
#5286 = EDGE_CURVE('',#5287,#5279,#5289,.T.);
#5287 = VERTEX_POINT('',#5288);
#5288 = CARTESIAN_POINT('',(37.34,2.64,0.));
#5289 = LINE('',#5290,#5291);
#5290 = CARTESIAN_POINT('',(37.34,2.64,0.));
#5291 = VECTOR('',#5292,1.);
#5292 = DIRECTION('',(0.,0.,1.));
#5293 = ORIENTED_EDGE('',*,*,#5294,.F.);
#5294 = EDGE_CURVE('',#5256,#5287,#5295,.T.);
#5295 = LINE('',#5296,#5297);
#5296 = CARTESIAN_POINT('',(37.34,-5.18,0.));
#5297 = VECTOR('',#5298,1.);
#5298 = DIRECTION('',(0.,1.,0.));
#5299 = PLANE('',#5300);
#5300 = AXIS2_PLACEMENT_3D('',#5301,#5302,#5303);
#5301 = CARTESIAN_POINT('',(37.34,-5.18,0.));
#5302 = DIRECTION('',(-1.,0.,0.));
#5303 = DIRECTION('',(0.,1.,0.));
#5304 = ADVANCED_FACE('',(#5305),#5330,.F.);
#5305 = FACE_BOUND('',#5306,.F.);
#5306 = EDGE_LOOP('',(#5307,#5308,#5316,#5324));
#5307 = ORIENTED_EDGE('',*,*,#5286,.T.);
#5308 = ORIENTED_EDGE('',*,*,#5309,.T.);
#5309 = EDGE_CURVE('',#5279,#5310,#5312,.T.);
#5310 = VERTEX_POINT('',#5311);
#5311 = CARTESIAN_POINT('',(-6.86,2.64,13.74));
#5312 = LINE('',#5313,#5314);
#5313 = CARTESIAN_POINT('',(37.34,2.64,13.74));
#5314 = VECTOR('',#5315,1.);
#5315 = DIRECTION('',(-1.,0.,0.));
#5316 = ORIENTED_EDGE('',*,*,#5317,.F.);
#5317 = EDGE_CURVE('',#5318,#5310,#5320,.T.);
#5318 = VERTEX_POINT('',#5319);
#5319 = CARTESIAN_POINT('',(-6.86,2.64,0.));
#5320 = LINE('',#5321,#5322);
#5321 = CARTESIAN_POINT('',(-6.86,2.64,0.));
#5322 = VECTOR('',#5323,1.);
#5323 = DIRECTION('',(0.,0.,1.));
#5324 = ORIENTED_EDGE('',*,*,#5325,.F.);
#5325 = EDGE_CURVE('',#5287,#5318,#5326,.T.);
#5326 = LINE('',#5327,#5328);
#5327 = CARTESIAN_POINT('',(37.34,2.64,0.));
#5328 = VECTOR('',#5329,1.);
#5329 = DIRECTION('',(-1.,0.,0.));
#5330 = PLANE('',#5331);
#5331 = AXIS2_PLACEMENT_3D('',#5332,#5333,#5334);
#5332 = CARTESIAN_POINT('',(37.34,2.64,0.));
#5333 = DIRECTION('',(0.,-1.,0.));
#5334 = DIRECTION('',(-1.,0.,0.));
#5335 = ADVANCED_FACE('',(#5336),#5352,.F.);
#5336 = FACE_BOUND('',#5337,.F.);
#5337 = EDGE_LOOP('',(#5338,#5339,#5345,#5346));
#5338 = ORIENTED_EDGE('',*,*,#5317,.T.);
#5339 = ORIENTED_EDGE('',*,*,#5340,.T.);
#5340 = EDGE_CURVE('',#5310,#5240,#5341,.T.);
#5341 = LINE('',#5342,#5343);
#5342 = CARTESIAN_POINT('',(-6.86,2.64,13.74));
#5343 = VECTOR('',#5344,1.);
#5344 = DIRECTION('',(0.,-1.,0.));
#5345 = ORIENTED_EDGE('',*,*,#5237,.F.);
#5346 = ORIENTED_EDGE('',*,*,#5347,.F.);
#5347 = EDGE_CURVE('',#5318,#5238,#5348,.T.);
#5348 = LINE('',#5349,#5350);
#5349 = CARTESIAN_POINT('',(-6.86,2.64,0.));
#5350 = VECTOR('',#5351,1.);
#5351 = DIRECTION('',(0.,-1.,0.));
#5352 = PLANE('',#5353);
#5353 = AXIS2_PLACEMENT_3D('',#5354,#5355,#5356);
#5354 = CARTESIAN_POINT('',(-6.86,2.64,0.));
#5355 = DIRECTION('',(1.,0.,-0.));
#5356 = DIRECTION('',(0.,-1.,0.));
#5357 = ADVANCED_FACE('',(#5358),#5364,.F.);
#5358 = FACE_BOUND('',#5359,.F.);
#5359 = EDGE_LOOP('',(#5360,#5361,#5362,#5363));
#5360 = ORIENTED_EDGE('',*,*,#5263,.T.);
#5361 = ORIENTED_EDGE('',*,*,#5294,.T.);
#5362 = ORIENTED_EDGE('',*,*,#5325,.T.);
#5363 = ORIENTED_EDGE('',*,*,#5347,.T.);
#5364 = PLANE('',#5365);
#5365 = AXIS2_PLACEMENT_3D('',#5366,#5367,#5368);
#5366 = CARTESIAN_POINT('',(15.24,-1.27,1.E-17));
#5367 = DIRECTION('',(-0.,0.,1.));
#5368 = DIRECTION('',(1.,0.,0.));
#5369 = ADVANCED_FACE('',(#5370),#5376,.T.);
#5370 = FACE_BOUND('',#5371,.T.);
#5371 = EDGE_LOOP('',(#5372,#5373,#5374,#5375));
#5372 = ORIENTED_EDGE('',*,*,#5247,.T.);
#5373 = ORIENTED_EDGE('',*,*,#5278,.T.);
#5374 = ORIENTED_EDGE('',*,*,#5309,.T.);
#5375 = ORIENTED_EDGE('',*,*,#5340,.T.);
#5376 = PLANE('',#5377);
#5377 = AXIS2_PLACEMENT_3D('',#5378,#5379,#5380);
#5378 = CARTESIAN_POINT('',(15.24,-1.27,13.74));
#5379 = DIRECTION('',(-0.,0.,1.));
#5380 = DIRECTION('',(1.,0.,0.));
#5381 = ( GEOMETRIC_REPRESENTATION_CONTEXT(3) 
GLOBAL_UNCERTAINTY_ASSIGNED_CONTEXT((#5385)) 
GLOBAL_UNIT_ASSIGNED_CONTEXT((#5382,#5383,#5384)) REPRESENTATION_CONTEXT
('Context #1','3D Context with UNIT and UNCERTAINTY') );
#5382 = ( LENGTH_UNIT() NAMED_UNIT(*) SI_UNIT(.MILLI.,.METRE.) );
#5383 = ( NAMED_UNIT(*) PLANE_ANGLE_UNIT() SI_UNIT($,.RADIAN.) );
#5384 = ( NAMED_UNIT(*) SI_UNIT($,.STERADIAN.) SOLID_ANGLE_UNIT() );
#5385 = UNCERTAINTY_MEASURE_WITH_UNIT(LENGTH_MEASURE(1.E-07),#5382,
  'distance_accuracy_value','confusion accuracy');
#5386 = CONTEXT_DEPENDENT_SHAPE_REPRESENTATION(#5387,#5389);
#5387 = ( REPRESENTATION_RELATIONSHIP('','',#5230,#5203) 
REPRESENTATION_RELATIONSHIP_WITH_TRANSFORMATION(#5388) 
SHAPE_REPRESENTATION_RELATIONSHIP() );
#5388 = ITEM_DEFINED_TRANSFORMATION('','',#11,#5204);
#5389 = PRODUCT_DEFINITION_SHAPE('Placement','Placement of an item',
  #5390);
#5390 = NEXT_ASSEMBLY_USAGE_OCCURRENCE('233','Body001','',#5198,#5225,$
  );
#5391 = PRODUCT_RELATED_PRODUCT_CATEGORY('part',$,(#5227));
#5392 = SHAPE_DEFINITION_REPRESENTATION(#5393,#5399);
#5393 = PRODUCT_DEFINITION_SHAPE('','',#5394);
#5394 = PRODUCT_DEFINITION('design','',#5395,#5398);
#5395 = PRODUCT_DEFINITION_FORMATION('','',#5396);
#5396 = PRODUCT('Leads055','Leads055','',(#5397));
#5397 = PRODUCT_CONTEXT('',#2,'mechanical');
#5398 = PRODUCT_DEFINITION_CONTEXT('part definition',#2,'design');
#5399 = SHAPE_REPRESENTATION('',(#11,#5400,#5404,#5408,#5412,#5416,#5420
    ,#5424,#5428,#5432,#5436,#5440,#5444,#5448,#5452,#5456,#5460,#5464,
    #5468,#5472,#5476,#5480,#5484,#5488,#5492,#5496,#5500,#5504),#5508);
#5400 = AXIS2_PLACEMENT_3D('',#5401,#5402,#5403);
#5401 = CARTESIAN_POINT('',(0.,0.,0.));
#5402 = DIRECTION('',(0.,0.,1.));
#5403 = DIRECTION('',(1.,0.,0.));
#5404 = AXIS2_PLACEMENT_3D('',#5405,#5406,#5407);
#5405 = CARTESIAN_POINT('',(0.,0.,0.));
#5406 = DIRECTION('',(0.,0.,1.));
#5407 = DIRECTION('',(1.,0.,0.));
#5408 = AXIS2_PLACEMENT_3D('',#5409,#5410,#5411);
#5409 = CARTESIAN_POINT('',(0.,0.,0.));
#5410 = DIRECTION('',(0.,0.,1.));
#5411 = DIRECTION('',(1.,0.,0.));
#5412 = AXIS2_PLACEMENT_3D('',#5413,#5414,#5415);
#5413 = CARTESIAN_POINT('',(0.,0.,0.));
#5414 = DIRECTION('',(0.,0.,1.));
#5415 = DIRECTION('',(1.,0.,0.));
#5416 = AXIS2_PLACEMENT_3D('',#5417,#5418,#5419);
#5417 = CARTESIAN_POINT('',(0.,0.,0.));
#5418 = DIRECTION('',(0.,0.,1.));
#5419 = DIRECTION('',(1.,0.,0.));
#5420 = AXIS2_PLACEMENT_3D('',#5421,#5422,#5423);
#5421 = CARTESIAN_POINT('',(0.,0.,0.));
#5422 = DIRECTION('',(0.,0.,1.));
#5423 = DIRECTION('',(1.,0.,0.));
#5424 = AXIS2_PLACEMENT_3D('',#5425,#5426,#5427);
#5425 = CARTESIAN_POINT('',(0.,0.,0.));
#5426 = DIRECTION('',(0.,0.,1.));
#5427 = DIRECTION('',(1.,0.,0.));
#5428 = AXIS2_PLACEMENT_3D('',#5429,#5430,#5431);
#5429 = CARTESIAN_POINT('',(0.,0.,0.));
#5430 = DIRECTION('',(0.,0.,1.));
#5431 = DIRECTION('',(1.,0.,0.));
#5432 = AXIS2_PLACEMENT_3D('',#5433,#5434,#5435);
#5433 = CARTESIAN_POINT('',(0.,0.,0.));
#5434 = DIRECTION('',(0.,0.,1.));
#5435 = DIRECTION('',(1.,0.,0.));
#5436 = AXIS2_PLACEMENT_3D('',#5437,#5438,#5439);
#5437 = CARTESIAN_POINT('',(0.,0.,0.));
#5438 = DIRECTION('',(0.,0.,1.));
#5439 = DIRECTION('',(1.,0.,0.));
#5440 = AXIS2_PLACEMENT_3D('',#5441,#5442,#5443);
#5441 = CARTESIAN_POINT('',(0.,0.,0.));
#5442 = DIRECTION('',(0.,0.,1.));
#5443 = DIRECTION('',(1.,0.,0.));
#5444 = AXIS2_PLACEMENT_3D('',#5445,#5446,#5447);
#5445 = CARTESIAN_POINT('',(0.,0.,0.));
#5446 = DIRECTION('',(0.,0.,1.));
#5447 = DIRECTION('',(1.,0.,0.));
#5448 = AXIS2_PLACEMENT_3D('',#5449,#5450,#5451);
#5449 = CARTESIAN_POINT('',(0.,0.,0.));
#5450 = DIRECTION('',(0.,0.,1.));
#5451 = DIRECTION('',(1.,0.,0.));
#5452 = AXIS2_PLACEMENT_3D('',#5453,#5454,#5455);
#5453 = CARTESIAN_POINT('',(0.,0.,0.));
#5454 = DIRECTION('',(0.,0.,1.));
#5455 = DIRECTION('',(1.,0.,0.));
#5456 = AXIS2_PLACEMENT_3D('',#5457,#5458,#5459);
#5457 = CARTESIAN_POINT('',(0.,0.,0.));
#5458 = DIRECTION('',(0.,0.,1.));
#5459 = DIRECTION('',(1.,0.,0.));
#5460 = AXIS2_PLACEMENT_3D('',#5461,#5462,#5463);
#5461 = CARTESIAN_POINT('',(0.,0.,0.));
#5462 = DIRECTION('',(0.,0.,1.));
#5463 = DIRECTION('',(1.,0.,0.));
#5464 = AXIS2_PLACEMENT_3D('',#5465,#5466,#5467);
#5465 = CARTESIAN_POINT('',(0.,0.,0.));
#5466 = DIRECTION('',(0.,0.,1.));
#5467 = DIRECTION('',(1.,0.,0.));
#5468 = AXIS2_PLACEMENT_3D('',#5469,#5470,#5471);
#5469 = CARTESIAN_POINT('',(0.,0.,0.));
#5470 = DIRECTION('',(0.,0.,1.));
#5471 = DIRECTION('',(1.,0.,0.));
#5472 = AXIS2_PLACEMENT_3D('',#5473,#5474,#5475);
#5473 = CARTESIAN_POINT('',(0.,0.,0.));
#5474 = DIRECTION('',(0.,0.,1.));
#5475 = DIRECTION('',(1.,0.,0.));
#5476 = AXIS2_PLACEMENT_3D('',#5477,#5478,#5479);
#5477 = CARTESIAN_POINT('',(0.,0.,0.));
#5478 = DIRECTION('',(0.,0.,1.));
#5479 = DIRECTION('',(1.,0.,0.));
#5480 = AXIS2_PLACEMENT_3D('',#5481,#5482,#5483);
#5481 = CARTESIAN_POINT('',(0.,0.,0.));
#5482 = DIRECTION('',(0.,0.,1.));
#5483 = DIRECTION('',(1.,0.,0.));
#5484 = AXIS2_PLACEMENT_3D('',#5485,#5486,#5487);
#5485 = CARTESIAN_POINT('',(0.,0.,0.));
#5486 = DIRECTION('',(0.,0.,1.));
#5487 = DIRECTION('',(1.,0.,0.));
#5488 = AXIS2_PLACEMENT_3D('',#5489,#5490,#5491);
#5489 = CARTESIAN_POINT('',(0.,0.,0.));
#5490 = DIRECTION('',(0.,0.,1.));
#5491 = DIRECTION('',(1.,0.,0.));
#5492 = AXIS2_PLACEMENT_3D('',#5493,#5494,#5495);
#5493 = CARTESIAN_POINT('',(0.,0.,0.));
#5494 = DIRECTION('',(0.,0.,1.));
#5495 = DIRECTION('',(1.,0.,0.));
#5496 = AXIS2_PLACEMENT_3D('',#5497,#5498,#5499);
#5497 = CARTESIAN_POINT('',(0.,0.,0.));
#5498 = DIRECTION('',(0.,0.,1.));
#5499 = DIRECTION('',(1.,0.,0.));
#5500 = AXIS2_PLACEMENT_3D('',#5501,#5502,#5503);
#5501 = CARTESIAN_POINT('',(0.,0.,0.));
#5502 = DIRECTION('',(0.,0.,1.));
#5503 = DIRECTION('',(1.,0.,0.));
#5504 = AXIS2_PLACEMENT_3D('',#5505,#5506,#5507);
#5505 = CARTESIAN_POINT('',(0.,0.,0.));
#5506 = DIRECTION('',(0.,0.,1.));
#5507 = DIRECTION('',(1.,0.,0.));
#5508 = ( GEOMETRIC_REPRESENTATION_CONTEXT(3) 
GLOBAL_UNCERTAINTY_ASSIGNED_CONTEXT((#5512)) 
GLOBAL_UNIT_ASSIGNED_CONTEXT((#5509,#5510,#5511)) REPRESENTATION_CONTEXT
('Context #1','3D Context with UNIT and UNCERTAINTY') );
#5509 = ( LENGTH_UNIT() NAMED_UNIT(*) SI_UNIT(.MILLI.,.METRE.) );
#5510 = ( NAMED_UNIT(*) PLANE_ANGLE_UNIT() SI_UNIT($,.RADIAN.) );
#5511 = ( NAMED_UNIT(*) SI_UNIT($,.STERADIAN.) SOLID_ANGLE_UNIT() );
#5512 = UNCERTAINTY_MEASURE_WITH_UNIT(LENGTH_MEASURE(1.E-07),#5509,
  'distance_accuracy_value','confusion accuracy');
#5513 = CONTEXT_DEPENDENT_SHAPE_REPRESENTATION(#5514,#5516);
#5514 = ( REPRESENTATION_RELATIONSHIP('','',#5399,#5203) 
REPRESENTATION_RELATIONSHIP_WITH_TRANSFORMATION(#5515) 
SHAPE_REPRESENTATION_RELATIONSHIP() );
#5515 = ITEM_DEFINED_TRANSFORMATION('','',#11,#5208);
#5516 = PRODUCT_DEFINITION_SHAPE('Placement','Placement of an item',
  #5517);
#5517 = NEXT_ASSEMBLY_USAGE_OCCURRENCE('261','Leads055','',#5198,#5394,$
  );
#5518 = PRODUCT_RELATED_PRODUCT_CATEGORY('part',$,(#5396));
#5519 = SHAPE_DEFINITION_REPRESENTATION(#5520,#5526);
#5520 = PRODUCT_DEFINITION_SHAPE('','',#5521);
#5521 = PRODUCT_DEFINITION('design','',#5522,#5525);
#5522 = PRODUCT_DEFINITION_FORMATION('','',#5523);
#5523 = PRODUCT('Leads028','Leads028','',(#5524));
#5524 = PRODUCT_CONTEXT('',#2,'mechanical');
#5525 = PRODUCT_DEFINITION_CONTEXT('part definition',#2,'design');
#5526 = ADVANCED_BREP_SHAPE_REPRESENTATION('',(#11,#5527),#5580);
#5527 = MANIFOLD_SOLID_BREP('',#5528);
#5528 = CLOSED_SHELL('',(#5529,#5562,#5571));
#5529 = ADVANCED_FACE('',(#5530),#5557,.T.);
#5530 = FACE_BOUND('',#5531,.T.);
#5531 = EDGE_LOOP('',(#5532,#5541,#5549,#5556));
#5532 = ORIENTED_EDGE('',*,*,#5533,.F.);
#5533 = EDGE_CURVE('',#5534,#5534,#5536,.T.);
#5534 = VERTEX_POINT('',#5535);
#5535 = CARTESIAN_POINT('',(0.2555,-0.,0.1));
#5536 = CIRCLE('',#5537,0.2555);
#5537 = AXIS2_PLACEMENT_3D('',#5538,#5539,#5540);
#5538 = CARTESIAN_POINT('',(0.,0.,0.1));
#5539 = DIRECTION('',(0.,0.,1.));
#5540 = DIRECTION('',(1.,0.,-0.));
#5541 = ORIENTED_EDGE('',*,*,#5542,.F.);
#5542 = EDGE_CURVE('',#5543,#5534,#5545,.T.);
#5543 = VERTEX_POINT('',#5544);
#5544 = CARTESIAN_POINT('',(0.2555,-0.,-5.));
#5545 = LINE('',#5546,#5547);
#5546 = CARTESIAN_POINT('',(0.2555,-6.E-17,-5.));
#5547 = VECTOR('',#5548,1.);
#5548 = DIRECTION('',(0.,0.,1.));
#5549 = ORIENTED_EDGE('',*,*,#5550,.T.);
#5550 = EDGE_CURVE('',#5543,#5543,#5551,.T.);
#5551 = CIRCLE('',#5552,0.2555);
#5552 = AXIS2_PLACEMENT_3D('',#5553,#5554,#5555);
#5553 = CARTESIAN_POINT('',(0.,0.,-5.));
#5554 = DIRECTION('',(0.,0.,1.));
#5555 = DIRECTION('',(1.,0.,-0.));
#5556 = ORIENTED_EDGE('',*,*,#5542,.T.);
#5557 = CYLINDRICAL_SURFACE('',#5558,0.2555);
#5558 = AXIS2_PLACEMENT_3D('',#5559,#5560,#5561);
#5559 = CARTESIAN_POINT('',(0.,0.,-5.));
#5560 = DIRECTION('',(0.,0.,1.));
#5561 = DIRECTION('',(1.,0.,-0.));
#5562 = ADVANCED_FACE('',(#5563),#5566,.T.);
#5563 = FACE_BOUND('',#5564,.T.);
#5564 = EDGE_LOOP('',(#5565));
#5565 = ORIENTED_EDGE('',*,*,#5533,.T.);
#5566 = PLANE('',#5567);
#5567 = AXIS2_PLACEMENT_3D('',#5568,#5569,#5570);
#5568 = CARTESIAN_POINT('',(0.,0.,0.1));
#5569 = DIRECTION('',(0.,0.,1.));
#5570 = DIRECTION('',(1.,0.,-0.));
#5571 = ADVANCED_FACE('',(#5572),#5575,.F.);
#5572 = FACE_BOUND('',#5573,.T.);
#5573 = EDGE_LOOP('',(#5574));
#5574 = ORIENTED_EDGE('',*,*,#5550,.F.);
#5575 = PLANE('',#5576);
#5576 = AXIS2_PLACEMENT_3D('',#5577,#5578,#5579);
#5577 = CARTESIAN_POINT('',(0.,0.,-5.));
#5578 = DIRECTION('',(0.,0.,1.));
#5579 = DIRECTION('',(1.,0.,-0.));
#5580 = ( GEOMETRIC_REPRESENTATION_CONTEXT(3) 
GLOBAL_UNCERTAINTY_ASSIGNED_CONTEXT((#5584)) 
GLOBAL_UNIT_ASSIGNED_CONTEXT((#5581,#5582,#5583)) REPRESENTATION_CONTEXT
('Context #1','3D Context with UNIT and UNCERTAINTY') );
#5581 = ( LENGTH_UNIT() NAMED_UNIT(*) SI_UNIT(.MILLI.,.METRE.) );
#5582 = ( NAMED_UNIT(*) PLANE_ANGLE_UNIT() SI_UNIT($,.RADIAN.) );
#5583 = ( NAMED_UNIT(*) SI_UNIT($,.STERADIAN.) SOLID_ANGLE_UNIT() );
#5584 = UNCERTAINTY_MEASURE_WITH_UNIT(LENGTH_MEASURE(1.E-07),#5581,
  'distance_accuracy_value','confusion accuracy');
#5585 = CONTEXT_DEPENDENT_SHAPE_REPRESENTATION(#5586,#5588);
#5586 = ( REPRESENTATION_RELATIONSHIP('','',#5526,#5399) 
REPRESENTATION_RELATIONSHIP_WITH_TRANSFORMATION(#5587) 
SHAPE_REPRESENTATION_RELATIONSHIP() );
#5587 = ITEM_DEFINED_TRANSFORMATION('','',#11,#5400);
#5588 = PRODUCT_DEFINITION_SHAPE('Placement','Placement of an item',
  #5589);
#5589 = NEXT_ASSEMBLY_USAGE_OCCURRENCE('234','Leads028','',#5394,#5521,$
  );
#5590 = PRODUCT_RELATED_PRODUCT_CATEGORY('part',$,(#5523));
#5591 = SHAPE_DEFINITION_REPRESENTATION(#5592,#5598);
#5592 = PRODUCT_DEFINITION_SHAPE('','',#5593);
#5593 = PRODUCT_DEFINITION('design','',#5594,#5597);
#5594 = PRODUCT_DEFINITION_FORMATION('','',#5595);
#5595 = PRODUCT('Leads029','Leads029','',(#5596));
#5596 = PRODUCT_CONTEXT('',#2,'mechanical');
#5597 = PRODUCT_DEFINITION_CONTEXT('part definition',#2,'design');
#5598 = ADVANCED_BREP_SHAPE_REPRESENTATION('',(#11,#5599),#5652);
#5599 = MANIFOLD_SOLID_BREP('',#5600);
#5600 = CLOSED_SHELL('',(#5601,#5634,#5643));
#5601 = ADVANCED_FACE('',(#5602),#5629,.T.);
#5602 = FACE_BOUND('',#5603,.T.);
#5603 = EDGE_LOOP('',(#5604,#5613,#5621,#5628));
#5604 = ORIENTED_EDGE('',*,*,#5605,.F.);
#5605 = EDGE_CURVE('',#5606,#5606,#5608,.T.);
#5606 = VERTEX_POINT('',#5607);
#5607 = CARTESIAN_POINT('',(2.7955,-0.,0.1));
#5608 = CIRCLE('',#5609,0.2555);
#5609 = AXIS2_PLACEMENT_3D('',#5610,#5611,#5612);
#5610 = CARTESIAN_POINT('',(2.54,0.,0.1));
#5611 = DIRECTION('',(0.,0.,1.));
#5612 = DIRECTION('',(1.,0.,-0.));
#5613 = ORIENTED_EDGE('',*,*,#5614,.F.);
#5614 = EDGE_CURVE('',#5615,#5606,#5617,.T.);
#5615 = VERTEX_POINT('',#5616);
#5616 = CARTESIAN_POINT('',(2.7955,-0.,-5.));
#5617 = LINE('',#5618,#5619);
#5618 = CARTESIAN_POINT('',(2.7955,-6.E-17,-5.));
#5619 = VECTOR('',#5620,1.);
#5620 = DIRECTION('',(0.,0.,1.));
#5621 = ORIENTED_EDGE('',*,*,#5622,.T.);
#5622 = EDGE_CURVE('',#5615,#5615,#5623,.T.);
#5623 = CIRCLE('',#5624,0.2555);
#5624 = AXIS2_PLACEMENT_3D('',#5625,#5626,#5627);
#5625 = CARTESIAN_POINT('',(2.54,0.,-5.));
#5626 = DIRECTION('',(0.,0.,1.));
#5627 = DIRECTION('',(1.,0.,-0.));
#5628 = ORIENTED_EDGE('',*,*,#5614,.T.);
#5629 = CYLINDRICAL_SURFACE('',#5630,0.2555);
#5630 = AXIS2_PLACEMENT_3D('',#5631,#5632,#5633);
#5631 = CARTESIAN_POINT('',(2.54,0.,-5.));
#5632 = DIRECTION('',(0.,0.,1.));
#5633 = DIRECTION('',(1.,0.,-0.));
#5634 = ADVANCED_FACE('',(#5635),#5638,.T.);
#5635 = FACE_BOUND('',#5636,.T.);
#5636 = EDGE_LOOP('',(#5637));
#5637 = ORIENTED_EDGE('',*,*,#5605,.T.);
#5638 = PLANE('',#5639);
#5639 = AXIS2_PLACEMENT_3D('',#5640,#5641,#5642);
#5640 = CARTESIAN_POINT('',(2.54,0.,0.1));
#5641 = DIRECTION('',(0.,0.,1.));
#5642 = DIRECTION('',(1.,0.,-0.));
#5643 = ADVANCED_FACE('',(#5644),#5647,.F.);
#5644 = FACE_BOUND('',#5645,.T.);
#5645 = EDGE_LOOP('',(#5646));
#5646 = ORIENTED_EDGE('',*,*,#5622,.F.);
#5647 = PLANE('',#5648);
#5648 = AXIS2_PLACEMENT_3D('',#5649,#5650,#5651);
#5649 = CARTESIAN_POINT('',(2.54,0.,-5.));
#5650 = DIRECTION('',(0.,0.,1.));
#5651 = DIRECTION('',(1.,0.,-0.));
#5652 = ( GEOMETRIC_REPRESENTATION_CONTEXT(3) 
GLOBAL_UNCERTAINTY_ASSIGNED_CONTEXT((#5656)) 
GLOBAL_UNIT_ASSIGNED_CONTEXT((#5653,#5654,#5655)) REPRESENTATION_CONTEXT
('Context #1','3D Context with UNIT and UNCERTAINTY') );
#5653 = ( LENGTH_UNIT() NAMED_UNIT(*) SI_UNIT(.MILLI.,.METRE.) );
#5654 = ( NAMED_UNIT(*) PLANE_ANGLE_UNIT() SI_UNIT($,.RADIAN.) );
#5655 = ( NAMED_UNIT(*) SI_UNIT($,.STERADIAN.) SOLID_ANGLE_UNIT() );
#5656 = UNCERTAINTY_MEASURE_WITH_UNIT(LENGTH_MEASURE(1.E-07),#5653,
  'distance_accuracy_value','confusion accuracy');
#5657 = CONTEXT_DEPENDENT_SHAPE_REPRESENTATION(#5658,#5660);
#5658 = ( REPRESENTATION_RELATIONSHIP('','',#5598,#5399) 
REPRESENTATION_RELATIONSHIP_WITH_TRANSFORMATION(#5659) 
SHAPE_REPRESENTATION_RELATIONSHIP() );
#5659 = ITEM_DEFINED_TRANSFORMATION('','',#11,#5404);
#5660 = PRODUCT_DEFINITION_SHAPE('Placement','Placement of an item',
  #5661);
#5661 = NEXT_ASSEMBLY_USAGE_OCCURRENCE('235','Leads029','',#5394,#5593,$
  );
#5662 = PRODUCT_RELATED_PRODUCT_CATEGORY('part',$,(#5595));
#5663 = SHAPE_DEFINITION_REPRESENTATION(#5664,#5670);
#5664 = PRODUCT_DEFINITION_SHAPE('','',#5665);
#5665 = PRODUCT_DEFINITION('design','',#5666,#5669);
#5666 = PRODUCT_DEFINITION_FORMATION('','',#5667);
#5667 = PRODUCT('Leads030','Leads030','',(#5668));
#5668 = PRODUCT_CONTEXT('',#2,'mechanical');
#5669 = PRODUCT_DEFINITION_CONTEXT('part definition',#2,'design');
#5670 = ADVANCED_BREP_SHAPE_REPRESENTATION('',(#11,#5671),#5724);
#5671 = MANIFOLD_SOLID_BREP('',#5672);
#5672 = CLOSED_SHELL('',(#5673,#5706,#5715));
#5673 = ADVANCED_FACE('',(#5674),#5701,.T.);
#5674 = FACE_BOUND('',#5675,.T.);
#5675 = EDGE_LOOP('',(#5676,#5685,#5693,#5700));
#5676 = ORIENTED_EDGE('',*,*,#5677,.F.);
#5677 = EDGE_CURVE('',#5678,#5678,#5680,.T.);
#5678 = VERTEX_POINT('',#5679);
#5679 = CARTESIAN_POINT('',(5.3355,-0.,0.1));
#5680 = CIRCLE('',#5681,0.2555);
#5681 = AXIS2_PLACEMENT_3D('',#5682,#5683,#5684);
#5682 = CARTESIAN_POINT('',(5.08,0.,0.1));
#5683 = DIRECTION('',(0.,0.,1.));
#5684 = DIRECTION('',(1.,0.,-0.));
#5685 = ORIENTED_EDGE('',*,*,#5686,.F.);
#5686 = EDGE_CURVE('',#5687,#5678,#5689,.T.);
#5687 = VERTEX_POINT('',#5688);
#5688 = CARTESIAN_POINT('',(5.3355,-0.,-5.));
#5689 = LINE('',#5690,#5691);
#5690 = CARTESIAN_POINT('',(5.3355,-6.E-17,-5.));
#5691 = VECTOR('',#5692,1.);
#5692 = DIRECTION('',(0.,0.,1.));
#5693 = ORIENTED_EDGE('',*,*,#5694,.T.);
#5694 = EDGE_CURVE('',#5687,#5687,#5695,.T.);
#5695 = CIRCLE('',#5696,0.2555);
#5696 = AXIS2_PLACEMENT_3D('',#5697,#5698,#5699);
#5697 = CARTESIAN_POINT('',(5.08,0.,-5.));
#5698 = DIRECTION('',(0.,0.,1.));
#5699 = DIRECTION('',(1.,0.,-0.));
#5700 = ORIENTED_EDGE('',*,*,#5686,.T.);
#5701 = CYLINDRICAL_SURFACE('',#5702,0.2555);
#5702 = AXIS2_PLACEMENT_3D('',#5703,#5704,#5705);
#5703 = CARTESIAN_POINT('',(5.08,0.,-5.));
#5704 = DIRECTION('',(0.,0.,1.));
#5705 = DIRECTION('',(1.,0.,-0.));
#5706 = ADVANCED_FACE('',(#5707),#5710,.T.);
#5707 = FACE_BOUND('',#5708,.T.);
#5708 = EDGE_LOOP('',(#5709));
#5709 = ORIENTED_EDGE('',*,*,#5677,.T.);
#5710 = PLANE('',#5711);
#5711 = AXIS2_PLACEMENT_3D('',#5712,#5713,#5714);
#5712 = CARTESIAN_POINT('',(5.08,0.,0.1));
#5713 = DIRECTION('',(0.,0.,1.));
#5714 = DIRECTION('',(1.,0.,-0.));
#5715 = ADVANCED_FACE('',(#5716),#5719,.F.);
#5716 = FACE_BOUND('',#5717,.T.);
#5717 = EDGE_LOOP('',(#5718));
#5718 = ORIENTED_EDGE('',*,*,#5694,.F.);
#5719 = PLANE('',#5720);
#5720 = AXIS2_PLACEMENT_3D('',#5721,#5722,#5723);
#5721 = CARTESIAN_POINT('',(5.08,0.,-5.));
#5722 = DIRECTION('',(0.,0.,1.));
#5723 = DIRECTION('',(1.,0.,-0.));
#5724 = ( GEOMETRIC_REPRESENTATION_CONTEXT(3) 
GLOBAL_UNCERTAINTY_ASSIGNED_CONTEXT((#5728)) 
GLOBAL_UNIT_ASSIGNED_CONTEXT((#5725,#5726,#5727)) REPRESENTATION_CONTEXT
('Context #1','3D Context with UNIT and UNCERTAINTY') );
#5725 = ( LENGTH_UNIT() NAMED_UNIT(*) SI_UNIT(.MILLI.,.METRE.) );
#5726 = ( NAMED_UNIT(*) PLANE_ANGLE_UNIT() SI_UNIT($,.RADIAN.) );
#5727 = ( NAMED_UNIT(*) SI_UNIT($,.STERADIAN.) SOLID_ANGLE_UNIT() );
#5728 = UNCERTAINTY_MEASURE_WITH_UNIT(LENGTH_MEASURE(1.E-07),#5725,
  'distance_accuracy_value','confusion accuracy');
#5729 = CONTEXT_DEPENDENT_SHAPE_REPRESENTATION(#5730,#5732);
#5730 = ( REPRESENTATION_RELATIONSHIP('','',#5670,#5399) 
REPRESENTATION_RELATIONSHIP_WITH_TRANSFORMATION(#5731) 
SHAPE_REPRESENTATION_RELATIONSHIP() );
#5731 = ITEM_DEFINED_TRANSFORMATION('','',#11,#5408);
#5732 = PRODUCT_DEFINITION_SHAPE('Placement','Placement of an item',
  #5733);
#5733 = NEXT_ASSEMBLY_USAGE_OCCURRENCE('236','Leads030','',#5394,#5665,$
  );
#5734 = PRODUCT_RELATED_PRODUCT_CATEGORY('part',$,(#5667));
#5735 = SHAPE_DEFINITION_REPRESENTATION(#5736,#5742);
#5736 = PRODUCT_DEFINITION_SHAPE('','',#5737);
#5737 = PRODUCT_DEFINITION('design','',#5738,#5741);
#5738 = PRODUCT_DEFINITION_FORMATION('','',#5739);
#5739 = PRODUCT('Leads031','Leads031','',(#5740));
#5740 = PRODUCT_CONTEXT('',#2,'mechanical');
#5741 = PRODUCT_DEFINITION_CONTEXT('part definition',#2,'design');
#5742 = ADVANCED_BREP_SHAPE_REPRESENTATION('',(#11,#5743),#5796);
#5743 = MANIFOLD_SOLID_BREP('',#5744);
#5744 = CLOSED_SHELL('',(#5745,#5778,#5787));
#5745 = ADVANCED_FACE('',(#5746),#5773,.T.);
#5746 = FACE_BOUND('',#5747,.T.);
#5747 = EDGE_LOOP('',(#5748,#5757,#5765,#5772));
#5748 = ORIENTED_EDGE('',*,*,#5749,.F.);
#5749 = EDGE_CURVE('',#5750,#5750,#5752,.T.);
#5750 = VERTEX_POINT('',#5751);
#5751 = CARTESIAN_POINT('',(7.8755,-0.,0.1));
#5752 = CIRCLE('',#5753,0.2555);
#5753 = AXIS2_PLACEMENT_3D('',#5754,#5755,#5756);
#5754 = CARTESIAN_POINT('',(7.62,0.,0.1));
#5755 = DIRECTION('',(0.,0.,1.));
#5756 = DIRECTION('',(1.,0.,-0.));
#5757 = ORIENTED_EDGE('',*,*,#5758,.F.);
#5758 = EDGE_CURVE('',#5759,#5750,#5761,.T.);
#5759 = VERTEX_POINT('',#5760);
#5760 = CARTESIAN_POINT('',(7.8755,-0.,-5.));
#5761 = LINE('',#5762,#5763);
#5762 = CARTESIAN_POINT('',(7.8755,-6.E-17,-5.));
#5763 = VECTOR('',#5764,1.);
#5764 = DIRECTION('',(0.,0.,1.));
#5765 = ORIENTED_EDGE('',*,*,#5766,.T.);
#5766 = EDGE_CURVE('',#5759,#5759,#5767,.T.);
#5767 = CIRCLE('',#5768,0.2555);
#5768 = AXIS2_PLACEMENT_3D('',#5769,#5770,#5771);
#5769 = CARTESIAN_POINT('',(7.62,0.,-5.));
#5770 = DIRECTION('',(0.,0.,1.));
#5771 = DIRECTION('',(1.,0.,-0.));
#5772 = ORIENTED_EDGE('',*,*,#5758,.T.);
#5773 = CYLINDRICAL_SURFACE('',#5774,0.2555);
#5774 = AXIS2_PLACEMENT_3D('',#5775,#5776,#5777);
#5775 = CARTESIAN_POINT('',(7.62,0.,-5.));
#5776 = DIRECTION('',(0.,0.,1.));
#5777 = DIRECTION('',(1.,0.,-0.));
#5778 = ADVANCED_FACE('',(#5779),#5782,.T.);
#5779 = FACE_BOUND('',#5780,.T.);
#5780 = EDGE_LOOP('',(#5781));
#5781 = ORIENTED_EDGE('',*,*,#5749,.T.);
#5782 = PLANE('',#5783);
#5783 = AXIS2_PLACEMENT_3D('',#5784,#5785,#5786);
#5784 = CARTESIAN_POINT('',(7.62,0.,0.1));
#5785 = DIRECTION('',(0.,0.,1.));
#5786 = DIRECTION('',(1.,0.,-0.));
#5787 = ADVANCED_FACE('',(#5788),#5791,.F.);
#5788 = FACE_BOUND('',#5789,.T.);
#5789 = EDGE_LOOP('',(#5790));
#5790 = ORIENTED_EDGE('',*,*,#5766,.F.);
#5791 = PLANE('',#5792);
#5792 = AXIS2_PLACEMENT_3D('',#5793,#5794,#5795);
#5793 = CARTESIAN_POINT('',(7.62,0.,-5.));
#5794 = DIRECTION('',(0.,0.,1.));
#5795 = DIRECTION('',(1.,0.,-0.));
#5796 = ( GEOMETRIC_REPRESENTATION_CONTEXT(3) 
GLOBAL_UNCERTAINTY_ASSIGNED_CONTEXT((#5800)) 
GLOBAL_UNIT_ASSIGNED_CONTEXT((#5797,#5798,#5799)) REPRESENTATION_CONTEXT
('Context #1','3D Context with UNIT and UNCERTAINTY') );
#5797 = ( LENGTH_UNIT() NAMED_UNIT(*) SI_UNIT(.MILLI.,.METRE.) );
#5798 = ( NAMED_UNIT(*) PLANE_ANGLE_UNIT() SI_UNIT($,.RADIAN.) );
#5799 = ( NAMED_UNIT(*) SI_UNIT($,.STERADIAN.) SOLID_ANGLE_UNIT() );
#5800 = UNCERTAINTY_MEASURE_WITH_UNIT(LENGTH_MEASURE(1.E-07),#5797,
  'distance_accuracy_value','confusion accuracy');
#5801 = CONTEXT_DEPENDENT_SHAPE_REPRESENTATION(#5802,#5804);
#5802 = ( REPRESENTATION_RELATIONSHIP('','',#5742,#5399) 
REPRESENTATION_RELATIONSHIP_WITH_TRANSFORMATION(#5803) 
SHAPE_REPRESENTATION_RELATIONSHIP() );
#5803 = ITEM_DEFINED_TRANSFORMATION('','',#11,#5412);
#5804 = PRODUCT_DEFINITION_SHAPE('Placement','Placement of an item',
  #5805);
#5805 = NEXT_ASSEMBLY_USAGE_OCCURRENCE('237','Leads031','',#5394,#5737,$
  );
#5806 = PRODUCT_RELATED_PRODUCT_CATEGORY('part',$,(#5739));
#5807 = SHAPE_DEFINITION_REPRESENTATION(#5808,#5814);
#5808 = PRODUCT_DEFINITION_SHAPE('','',#5809);
#5809 = PRODUCT_DEFINITION('design','',#5810,#5813);
#5810 = PRODUCT_DEFINITION_FORMATION('','',#5811);
#5811 = PRODUCT('Leads032','Leads032','',(#5812));
#5812 = PRODUCT_CONTEXT('',#2,'mechanical');
#5813 = PRODUCT_DEFINITION_CONTEXT('part definition',#2,'design');
#5814 = ADVANCED_BREP_SHAPE_REPRESENTATION('',(#11,#5815),#5868);
#5815 = MANIFOLD_SOLID_BREP('',#5816);
#5816 = CLOSED_SHELL('',(#5817,#5850,#5859));
#5817 = ADVANCED_FACE('',(#5818),#5845,.T.);
#5818 = FACE_BOUND('',#5819,.T.);
#5819 = EDGE_LOOP('',(#5820,#5829,#5837,#5844));
#5820 = ORIENTED_EDGE('',*,*,#5821,.F.);
#5821 = EDGE_CURVE('',#5822,#5822,#5824,.T.);
#5822 = VERTEX_POINT('',#5823);
#5823 = CARTESIAN_POINT('',(10.4155,-0.,0.1));
#5824 = CIRCLE('',#5825,0.2555);
#5825 = AXIS2_PLACEMENT_3D('',#5826,#5827,#5828);
#5826 = CARTESIAN_POINT('',(10.16,0.,0.1));
#5827 = DIRECTION('',(0.,0.,1.));
#5828 = DIRECTION('',(1.,0.,-0.));
#5829 = ORIENTED_EDGE('',*,*,#5830,.F.);
#5830 = EDGE_CURVE('',#5831,#5822,#5833,.T.);
#5831 = VERTEX_POINT('',#5832);
#5832 = CARTESIAN_POINT('',(10.4155,-0.,-5.));
#5833 = LINE('',#5834,#5835);
#5834 = CARTESIAN_POINT('',(10.4155,-6.E-17,-5.));
#5835 = VECTOR('',#5836,1.);
#5836 = DIRECTION('',(0.,0.,1.));
#5837 = ORIENTED_EDGE('',*,*,#5838,.T.);
#5838 = EDGE_CURVE('',#5831,#5831,#5839,.T.);
#5839 = CIRCLE('',#5840,0.2555);
#5840 = AXIS2_PLACEMENT_3D('',#5841,#5842,#5843);
#5841 = CARTESIAN_POINT('',(10.16,0.,-5.));
#5842 = DIRECTION('',(0.,0.,1.));
#5843 = DIRECTION('',(1.,0.,-0.));
#5844 = ORIENTED_EDGE('',*,*,#5830,.T.);
#5845 = CYLINDRICAL_SURFACE('',#5846,0.2555);
#5846 = AXIS2_PLACEMENT_3D('',#5847,#5848,#5849);
#5847 = CARTESIAN_POINT('',(10.16,0.,-5.));
#5848 = DIRECTION('',(0.,0.,1.));
#5849 = DIRECTION('',(1.,0.,-0.));
#5850 = ADVANCED_FACE('',(#5851),#5854,.T.);
#5851 = FACE_BOUND('',#5852,.T.);
#5852 = EDGE_LOOP('',(#5853));
#5853 = ORIENTED_EDGE('',*,*,#5821,.T.);
#5854 = PLANE('',#5855);
#5855 = AXIS2_PLACEMENT_3D('',#5856,#5857,#5858);
#5856 = CARTESIAN_POINT('',(10.16,0.,0.1));
#5857 = DIRECTION('',(0.,0.,1.));
#5858 = DIRECTION('',(1.,0.,-0.));
#5859 = ADVANCED_FACE('',(#5860),#5863,.F.);
#5860 = FACE_BOUND('',#5861,.T.);
#5861 = EDGE_LOOP('',(#5862));
#5862 = ORIENTED_EDGE('',*,*,#5838,.F.);
#5863 = PLANE('',#5864);
#5864 = AXIS2_PLACEMENT_3D('',#5865,#5866,#5867);
#5865 = CARTESIAN_POINT('',(10.16,0.,-5.));
#5866 = DIRECTION('',(0.,0.,1.));
#5867 = DIRECTION('',(1.,0.,-0.));
#5868 = ( GEOMETRIC_REPRESENTATION_CONTEXT(3) 
GLOBAL_UNCERTAINTY_ASSIGNED_CONTEXT((#5872)) 
GLOBAL_UNIT_ASSIGNED_CONTEXT((#5869,#5870,#5871)) REPRESENTATION_CONTEXT
('Context #1','3D Context with UNIT and UNCERTAINTY') );
#5869 = ( LENGTH_UNIT() NAMED_UNIT(*) SI_UNIT(.MILLI.,.METRE.) );
#5870 = ( NAMED_UNIT(*) PLANE_ANGLE_UNIT() SI_UNIT($,.RADIAN.) );
#5871 = ( NAMED_UNIT(*) SI_UNIT($,.STERADIAN.) SOLID_ANGLE_UNIT() );
#5872 = UNCERTAINTY_MEASURE_WITH_UNIT(LENGTH_MEASURE(1.E-07),#5869,
  'distance_accuracy_value','confusion accuracy');
#5873 = CONTEXT_DEPENDENT_SHAPE_REPRESENTATION(#5874,#5876);
#5874 = ( REPRESENTATION_RELATIONSHIP('','',#5814,#5399) 
REPRESENTATION_RELATIONSHIP_WITH_TRANSFORMATION(#5875) 
SHAPE_REPRESENTATION_RELATIONSHIP() );
#5875 = ITEM_DEFINED_TRANSFORMATION('','',#11,#5416);
#5876 = PRODUCT_DEFINITION_SHAPE('Placement','Placement of an item',
  #5877);
#5877 = NEXT_ASSEMBLY_USAGE_OCCURRENCE('238','Leads032','',#5394,#5809,$
  );
#5878 = PRODUCT_RELATED_PRODUCT_CATEGORY('part',$,(#5811));
#5879 = SHAPE_DEFINITION_REPRESENTATION(#5880,#5886);
#5880 = PRODUCT_DEFINITION_SHAPE('','',#5881);
#5881 = PRODUCT_DEFINITION('design','',#5882,#5885);
#5882 = PRODUCT_DEFINITION_FORMATION('','',#5883);
#5883 = PRODUCT('Leads033','Leads033','',(#5884));
#5884 = PRODUCT_CONTEXT('',#2,'mechanical');
#5885 = PRODUCT_DEFINITION_CONTEXT('part definition',#2,'design');
#5886 = ADVANCED_BREP_SHAPE_REPRESENTATION('',(#11,#5887),#5940);
#5887 = MANIFOLD_SOLID_BREP('',#5888);
#5888 = CLOSED_SHELL('',(#5889,#5922,#5931));
#5889 = ADVANCED_FACE('',(#5890),#5917,.T.);
#5890 = FACE_BOUND('',#5891,.T.);
#5891 = EDGE_LOOP('',(#5892,#5901,#5909,#5916));
#5892 = ORIENTED_EDGE('',*,*,#5893,.F.);
#5893 = EDGE_CURVE('',#5894,#5894,#5896,.T.);
#5894 = VERTEX_POINT('',#5895);
#5895 = CARTESIAN_POINT('',(12.9555,-0.,0.1));
#5896 = CIRCLE('',#5897,0.2555);
#5897 = AXIS2_PLACEMENT_3D('',#5898,#5899,#5900);
#5898 = CARTESIAN_POINT('',(12.7,0.,0.1));
#5899 = DIRECTION('',(0.,0.,1.));
#5900 = DIRECTION('',(1.,0.,-0.));
#5901 = ORIENTED_EDGE('',*,*,#5902,.F.);
#5902 = EDGE_CURVE('',#5903,#5894,#5905,.T.);
#5903 = VERTEX_POINT('',#5904);
#5904 = CARTESIAN_POINT('',(12.9555,-0.,-5.));
#5905 = LINE('',#5906,#5907);
#5906 = CARTESIAN_POINT('',(12.9555,-6.E-17,-5.));
#5907 = VECTOR('',#5908,1.);
#5908 = DIRECTION('',(0.,0.,1.));
#5909 = ORIENTED_EDGE('',*,*,#5910,.T.);
#5910 = EDGE_CURVE('',#5903,#5903,#5911,.T.);
#5911 = CIRCLE('',#5912,0.2555);
#5912 = AXIS2_PLACEMENT_3D('',#5913,#5914,#5915);
#5913 = CARTESIAN_POINT('',(12.7,0.,-5.));
#5914 = DIRECTION('',(0.,0.,1.));
#5915 = DIRECTION('',(1.,0.,-0.));
#5916 = ORIENTED_EDGE('',*,*,#5902,.T.);
#5917 = CYLINDRICAL_SURFACE('',#5918,0.2555);
#5918 = AXIS2_PLACEMENT_3D('',#5919,#5920,#5921);
#5919 = CARTESIAN_POINT('',(12.7,0.,-5.));
#5920 = DIRECTION('',(0.,0.,1.));
#5921 = DIRECTION('',(1.,0.,-0.));
#5922 = ADVANCED_FACE('',(#5923),#5926,.T.);
#5923 = FACE_BOUND('',#5924,.T.);
#5924 = EDGE_LOOP('',(#5925));
#5925 = ORIENTED_EDGE('',*,*,#5893,.T.);
#5926 = PLANE('',#5927);
#5927 = AXIS2_PLACEMENT_3D('',#5928,#5929,#5930);
#5928 = CARTESIAN_POINT('',(12.7,0.,0.1));
#5929 = DIRECTION('',(0.,0.,1.));
#5930 = DIRECTION('',(1.,0.,-0.));
#5931 = ADVANCED_FACE('',(#5932),#5935,.F.);
#5932 = FACE_BOUND('',#5933,.T.);
#5933 = EDGE_LOOP('',(#5934));
#5934 = ORIENTED_EDGE('',*,*,#5910,.F.);
#5935 = PLANE('',#5936);
#5936 = AXIS2_PLACEMENT_3D('',#5937,#5938,#5939);
#5937 = CARTESIAN_POINT('',(12.7,0.,-5.));
#5938 = DIRECTION('',(0.,0.,1.));
#5939 = DIRECTION('',(1.,0.,-0.));
#5940 = ( GEOMETRIC_REPRESENTATION_CONTEXT(3) 
GLOBAL_UNCERTAINTY_ASSIGNED_CONTEXT((#5944)) 
GLOBAL_UNIT_ASSIGNED_CONTEXT((#5941,#5942,#5943)) REPRESENTATION_CONTEXT
('Context #1','3D Context with UNIT and UNCERTAINTY') );
#5941 = ( LENGTH_UNIT() NAMED_UNIT(*) SI_UNIT(.MILLI.,.METRE.) );
#5942 = ( NAMED_UNIT(*) PLANE_ANGLE_UNIT() SI_UNIT($,.RADIAN.) );
#5943 = ( NAMED_UNIT(*) SI_UNIT($,.STERADIAN.) SOLID_ANGLE_UNIT() );
#5944 = UNCERTAINTY_MEASURE_WITH_UNIT(LENGTH_MEASURE(1.E-07),#5941,
  'distance_accuracy_value','confusion accuracy');
#5945 = CONTEXT_DEPENDENT_SHAPE_REPRESENTATION(#5946,#5948);
#5946 = ( REPRESENTATION_RELATIONSHIP('','',#5886,#5399) 
REPRESENTATION_RELATIONSHIP_WITH_TRANSFORMATION(#5947) 
SHAPE_REPRESENTATION_RELATIONSHIP() );
#5947 = ITEM_DEFINED_TRANSFORMATION('','',#11,#5420);
#5948 = PRODUCT_DEFINITION_SHAPE('Placement','Placement of an item',
  #5949);
#5949 = NEXT_ASSEMBLY_USAGE_OCCURRENCE('239','Leads033','',#5394,#5881,$
  );
#5950 = PRODUCT_RELATED_PRODUCT_CATEGORY('part',$,(#5883));
#5951 = SHAPE_DEFINITION_REPRESENTATION(#5952,#5958);
#5952 = PRODUCT_DEFINITION_SHAPE('','',#5953);
#5953 = PRODUCT_DEFINITION('design','',#5954,#5957);
#5954 = PRODUCT_DEFINITION_FORMATION('','',#5955);
#5955 = PRODUCT('Leads034','Leads034','',(#5956));
#5956 = PRODUCT_CONTEXT('',#2,'mechanical');
#5957 = PRODUCT_DEFINITION_CONTEXT('part definition',#2,'design');
#5958 = ADVANCED_BREP_SHAPE_REPRESENTATION('',(#11,#5959),#6012);
#5959 = MANIFOLD_SOLID_BREP('',#5960);
#5960 = CLOSED_SHELL('',(#5961,#5994,#6003));
#5961 = ADVANCED_FACE('',(#5962),#5989,.T.);
#5962 = FACE_BOUND('',#5963,.T.);
#5963 = EDGE_LOOP('',(#5964,#5973,#5981,#5988));
#5964 = ORIENTED_EDGE('',*,*,#5965,.F.);
#5965 = EDGE_CURVE('',#5966,#5966,#5968,.T.);
#5966 = VERTEX_POINT('',#5967);
#5967 = CARTESIAN_POINT('',(15.4955,-0.,0.1));
#5968 = CIRCLE('',#5969,0.2555);
#5969 = AXIS2_PLACEMENT_3D('',#5970,#5971,#5972);
#5970 = CARTESIAN_POINT('',(15.24,0.,0.1));
#5971 = DIRECTION('',(0.,0.,1.));
#5972 = DIRECTION('',(1.,0.,-0.));
#5973 = ORIENTED_EDGE('',*,*,#5974,.F.);
#5974 = EDGE_CURVE('',#5975,#5966,#5977,.T.);
#5975 = VERTEX_POINT('',#5976);
#5976 = CARTESIAN_POINT('',(15.4955,-0.,-5.));
#5977 = LINE('',#5978,#5979);
#5978 = CARTESIAN_POINT('',(15.4955,-6.E-17,-5.));
#5979 = VECTOR('',#5980,1.);
#5980 = DIRECTION('',(0.,0.,1.));
#5981 = ORIENTED_EDGE('',*,*,#5982,.T.);
#5982 = EDGE_CURVE('',#5975,#5975,#5983,.T.);
#5983 = CIRCLE('',#5984,0.2555);
#5984 = AXIS2_PLACEMENT_3D('',#5985,#5986,#5987);
#5985 = CARTESIAN_POINT('',(15.24,0.,-5.));
#5986 = DIRECTION('',(0.,0.,1.));
#5987 = DIRECTION('',(1.,0.,-0.));
#5988 = ORIENTED_EDGE('',*,*,#5974,.T.);
#5989 = CYLINDRICAL_SURFACE('',#5990,0.2555);
#5990 = AXIS2_PLACEMENT_3D('',#5991,#5992,#5993);
#5991 = CARTESIAN_POINT('',(15.24,0.,-5.));
#5992 = DIRECTION('',(0.,0.,1.));
#5993 = DIRECTION('',(1.,0.,-0.));
#5994 = ADVANCED_FACE('',(#5995),#5998,.T.);
#5995 = FACE_BOUND('',#5996,.T.);
#5996 = EDGE_LOOP('',(#5997));
#5997 = ORIENTED_EDGE('',*,*,#5965,.T.);
#5998 = PLANE('',#5999);
#5999 = AXIS2_PLACEMENT_3D('',#6000,#6001,#6002);
#6000 = CARTESIAN_POINT('',(15.24,0.,0.1));
#6001 = DIRECTION('',(0.,0.,1.));
#6002 = DIRECTION('',(1.,0.,-0.));
#6003 = ADVANCED_FACE('',(#6004),#6007,.F.);
#6004 = FACE_BOUND('',#6005,.T.);
#6005 = EDGE_LOOP('',(#6006));
#6006 = ORIENTED_EDGE('',*,*,#5982,.F.);
#6007 = PLANE('',#6008);
#6008 = AXIS2_PLACEMENT_3D('',#6009,#6010,#6011);
#6009 = CARTESIAN_POINT('',(15.24,0.,-5.));
#6010 = DIRECTION('',(0.,0.,1.));
#6011 = DIRECTION('',(1.,0.,-0.));
#6012 = ( GEOMETRIC_REPRESENTATION_CONTEXT(3) 
GLOBAL_UNCERTAINTY_ASSIGNED_CONTEXT((#6016)) 
GLOBAL_UNIT_ASSIGNED_CONTEXT((#6013,#6014,#6015)) REPRESENTATION_CONTEXT
('Context #1','3D Context with UNIT and UNCERTAINTY') );
#6013 = ( LENGTH_UNIT() NAMED_UNIT(*) SI_UNIT(.MILLI.,.METRE.) );
#6014 = ( NAMED_UNIT(*) PLANE_ANGLE_UNIT() SI_UNIT($,.RADIAN.) );
#6015 = ( NAMED_UNIT(*) SI_UNIT($,.STERADIAN.) SOLID_ANGLE_UNIT() );
#6016 = UNCERTAINTY_MEASURE_WITH_UNIT(LENGTH_MEASURE(1.E-07),#6013,
  'distance_accuracy_value','confusion accuracy');
#6017 = CONTEXT_DEPENDENT_SHAPE_REPRESENTATION(#6018,#6020);
#6018 = ( REPRESENTATION_RELATIONSHIP('','',#5958,#5399) 
REPRESENTATION_RELATIONSHIP_WITH_TRANSFORMATION(#6019) 
SHAPE_REPRESENTATION_RELATIONSHIP() );
#6019 = ITEM_DEFINED_TRANSFORMATION('','',#11,#5424);
#6020 = PRODUCT_DEFINITION_SHAPE('Placement','Placement of an item',
  #6021);
#6021 = NEXT_ASSEMBLY_USAGE_OCCURRENCE('240','Leads034','',#5394,#5953,$
  );
#6022 = PRODUCT_RELATED_PRODUCT_CATEGORY('part',$,(#5955));
#6023 = SHAPE_DEFINITION_REPRESENTATION(#6024,#6030);
#6024 = PRODUCT_DEFINITION_SHAPE('','',#6025);
#6025 = PRODUCT_DEFINITION('design','',#6026,#6029);
#6026 = PRODUCT_DEFINITION_FORMATION('','',#6027);
#6027 = PRODUCT('Leads035','Leads035','',(#6028));
#6028 = PRODUCT_CONTEXT('',#2,'mechanical');
#6029 = PRODUCT_DEFINITION_CONTEXT('part definition',#2,'design');
#6030 = ADVANCED_BREP_SHAPE_REPRESENTATION('',(#11,#6031),#6084);
#6031 = MANIFOLD_SOLID_BREP('',#6032);
#6032 = CLOSED_SHELL('',(#6033,#6066,#6075));
#6033 = ADVANCED_FACE('',(#6034),#6061,.T.);
#6034 = FACE_BOUND('',#6035,.T.);
#6035 = EDGE_LOOP('',(#6036,#6045,#6053,#6060));
#6036 = ORIENTED_EDGE('',*,*,#6037,.F.);
#6037 = EDGE_CURVE('',#6038,#6038,#6040,.T.);
#6038 = VERTEX_POINT('',#6039);
#6039 = CARTESIAN_POINT('',(18.0355,-0.,0.1));
#6040 = CIRCLE('',#6041,0.2555);
#6041 = AXIS2_PLACEMENT_3D('',#6042,#6043,#6044);
#6042 = CARTESIAN_POINT('',(17.78,0.,0.1));
#6043 = DIRECTION('',(0.,0.,1.));
#6044 = DIRECTION('',(1.,0.,-0.));
#6045 = ORIENTED_EDGE('',*,*,#6046,.F.);
#6046 = EDGE_CURVE('',#6047,#6038,#6049,.T.);
#6047 = VERTEX_POINT('',#6048);
#6048 = CARTESIAN_POINT('',(18.0355,-0.,-5.));
#6049 = LINE('',#6050,#6051);
#6050 = CARTESIAN_POINT('',(18.0355,-6.E-17,-5.));
#6051 = VECTOR('',#6052,1.);
#6052 = DIRECTION('',(0.,0.,1.));
#6053 = ORIENTED_EDGE('',*,*,#6054,.T.);
#6054 = EDGE_CURVE('',#6047,#6047,#6055,.T.);
#6055 = CIRCLE('',#6056,0.2555);
#6056 = AXIS2_PLACEMENT_3D('',#6057,#6058,#6059);
#6057 = CARTESIAN_POINT('',(17.78,0.,-5.));
#6058 = DIRECTION('',(0.,0.,1.));
#6059 = DIRECTION('',(1.,0.,-0.));
#6060 = ORIENTED_EDGE('',*,*,#6046,.T.);
#6061 = CYLINDRICAL_SURFACE('',#6062,0.2555);
#6062 = AXIS2_PLACEMENT_3D('',#6063,#6064,#6065);
#6063 = CARTESIAN_POINT('',(17.78,0.,-5.));
#6064 = DIRECTION('',(0.,0.,1.));
#6065 = DIRECTION('',(1.,0.,-0.));
#6066 = ADVANCED_FACE('',(#6067),#6070,.T.);
#6067 = FACE_BOUND('',#6068,.T.);
#6068 = EDGE_LOOP('',(#6069));
#6069 = ORIENTED_EDGE('',*,*,#6037,.T.);
#6070 = PLANE('',#6071);
#6071 = AXIS2_PLACEMENT_3D('',#6072,#6073,#6074);
#6072 = CARTESIAN_POINT('',(17.78,0.,0.1));
#6073 = DIRECTION('',(0.,0.,1.));
#6074 = DIRECTION('',(1.,0.,-0.));
#6075 = ADVANCED_FACE('',(#6076),#6079,.F.);
#6076 = FACE_BOUND('',#6077,.T.);
#6077 = EDGE_LOOP('',(#6078));
#6078 = ORIENTED_EDGE('',*,*,#6054,.F.);
#6079 = PLANE('',#6080);
#6080 = AXIS2_PLACEMENT_3D('',#6081,#6082,#6083);
#6081 = CARTESIAN_POINT('',(17.78,0.,-5.));
#6082 = DIRECTION('',(0.,0.,1.));
#6083 = DIRECTION('',(1.,0.,-0.));
#6084 = ( GEOMETRIC_REPRESENTATION_CONTEXT(3) 
GLOBAL_UNCERTAINTY_ASSIGNED_CONTEXT((#6088)) 
GLOBAL_UNIT_ASSIGNED_CONTEXT((#6085,#6086,#6087)) REPRESENTATION_CONTEXT
('Context #1','3D Context with UNIT and UNCERTAINTY') );
#6085 = ( LENGTH_UNIT() NAMED_UNIT(*) SI_UNIT(.MILLI.,.METRE.) );
#6086 = ( NAMED_UNIT(*) PLANE_ANGLE_UNIT() SI_UNIT($,.RADIAN.) );
#6087 = ( NAMED_UNIT(*) SI_UNIT($,.STERADIAN.) SOLID_ANGLE_UNIT() );
#6088 = UNCERTAINTY_MEASURE_WITH_UNIT(LENGTH_MEASURE(1.E-07),#6085,
  'distance_accuracy_value','confusion accuracy');
#6089 = CONTEXT_DEPENDENT_SHAPE_REPRESENTATION(#6090,#6092);
#6090 = ( REPRESENTATION_RELATIONSHIP('','',#6030,#5399) 
REPRESENTATION_RELATIONSHIP_WITH_TRANSFORMATION(#6091) 
SHAPE_REPRESENTATION_RELATIONSHIP() );
#6091 = ITEM_DEFINED_TRANSFORMATION('','',#11,#5428);
#6092 = PRODUCT_DEFINITION_SHAPE('Placement','Placement of an item',
  #6093);
#6093 = NEXT_ASSEMBLY_USAGE_OCCURRENCE('241','Leads035','',#5394,#6025,$
  );
#6094 = PRODUCT_RELATED_PRODUCT_CATEGORY('part',$,(#6027));
#6095 = SHAPE_DEFINITION_REPRESENTATION(#6096,#6102);
#6096 = PRODUCT_DEFINITION_SHAPE('','',#6097);
#6097 = PRODUCT_DEFINITION('design','',#6098,#6101);
#6098 = PRODUCT_DEFINITION_FORMATION('','',#6099);
#6099 = PRODUCT('Leads036','Leads036','',(#6100));
#6100 = PRODUCT_CONTEXT('',#2,'mechanical');
#6101 = PRODUCT_DEFINITION_CONTEXT('part definition',#2,'design');
#6102 = ADVANCED_BREP_SHAPE_REPRESENTATION('',(#11,#6103),#6156);
#6103 = MANIFOLD_SOLID_BREP('',#6104);
#6104 = CLOSED_SHELL('',(#6105,#6138,#6147));
#6105 = ADVANCED_FACE('',(#6106),#6133,.T.);
#6106 = FACE_BOUND('',#6107,.T.);
#6107 = EDGE_LOOP('',(#6108,#6117,#6125,#6132));
#6108 = ORIENTED_EDGE('',*,*,#6109,.F.);
#6109 = EDGE_CURVE('',#6110,#6110,#6112,.T.);
#6110 = VERTEX_POINT('',#6111);
#6111 = CARTESIAN_POINT('',(20.5755,-0.,0.1));
#6112 = CIRCLE('',#6113,0.2555);
#6113 = AXIS2_PLACEMENT_3D('',#6114,#6115,#6116);
#6114 = CARTESIAN_POINT('',(20.32,0.,0.1));
#6115 = DIRECTION('',(0.,0.,1.));
#6116 = DIRECTION('',(1.,0.,-0.));
#6117 = ORIENTED_EDGE('',*,*,#6118,.F.);
#6118 = EDGE_CURVE('',#6119,#6110,#6121,.T.);
#6119 = VERTEX_POINT('',#6120);
#6120 = CARTESIAN_POINT('',(20.5755,-0.,-5.));
#6121 = LINE('',#6122,#6123);
#6122 = CARTESIAN_POINT('',(20.5755,-6.E-17,-5.));
#6123 = VECTOR('',#6124,1.);
#6124 = DIRECTION('',(0.,0.,1.));
#6125 = ORIENTED_EDGE('',*,*,#6126,.T.);
#6126 = EDGE_CURVE('',#6119,#6119,#6127,.T.);
#6127 = CIRCLE('',#6128,0.2555);
#6128 = AXIS2_PLACEMENT_3D('',#6129,#6130,#6131);
#6129 = CARTESIAN_POINT('',(20.32,0.,-5.));
#6130 = DIRECTION('',(0.,0.,1.));
#6131 = DIRECTION('',(1.,0.,-0.));
#6132 = ORIENTED_EDGE('',*,*,#6118,.T.);
#6133 = CYLINDRICAL_SURFACE('',#6134,0.2555);
#6134 = AXIS2_PLACEMENT_3D('',#6135,#6136,#6137);
#6135 = CARTESIAN_POINT('',(20.32,0.,-5.));
#6136 = DIRECTION('',(0.,0.,1.));
#6137 = DIRECTION('',(1.,0.,-0.));
#6138 = ADVANCED_FACE('',(#6139),#6142,.T.);
#6139 = FACE_BOUND('',#6140,.T.);
#6140 = EDGE_LOOP('',(#6141));
#6141 = ORIENTED_EDGE('',*,*,#6109,.T.);
#6142 = PLANE('',#6143);
#6143 = AXIS2_PLACEMENT_3D('',#6144,#6145,#6146);
#6144 = CARTESIAN_POINT('',(20.32,0.,0.1));
#6145 = DIRECTION('',(0.,0.,1.));
#6146 = DIRECTION('',(1.,0.,-0.));
#6147 = ADVANCED_FACE('',(#6148),#6151,.F.);
#6148 = FACE_BOUND('',#6149,.T.);
#6149 = EDGE_LOOP('',(#6150));
#6150 = ORIENTED_EDGE('',*,*,#6126,.F.);
#6151 = PLANE('',#6152);
#6152 = AXIS2_PLACEMENT_3D('',#6153,#6154,#6155);
#6153 = CARTESIAN_POINT('',(20.32,0.,-5.));
#6154 = DIRECTION('',(0.,0.,1.));
#6155 = DIRECTION('',(1.,0.,-0.));
#6156 = ( GEOMETRIC_REPRESENTATION_CONTEXT(3) 
GLOBAL_UNCERTAINTY_ASSIGNED_CONTEXT((#6160)) 
GLOBAL_UNIT_ASSIGNED_CONTEXT((#6157,#6158,#6159)) REPRESENTATION_CONTEXT
('Context #1','3D Context with UNIT and UNCERTAINTY') );
#6157 = ( LENGTH_UNIT() NAMED_UNIT(*) SI_UNIT(.MILLI.,.METRE.) );
#6158 = ( NAMED_UNIT(*) PLANE_ANGLE_UNIT() SI_UNIT($,.RADIAN.) );
#6159 = ( NAMED_UNIT(*) SI_UNIT($,.STERADIAN.) SOLID_ANGLE_UNIT() );
#6160 = UNCERTAINTY_MEASURE_WITH_UNIT(LENGTH_MEASURE(1.E-07),#6157,
  'distance_accuracy_value','confusion accuracy');
#6161 = CONTEXT_DEPENDENT_SHAPE_REPRESENTATION(#6162,#6164);
#6162 = ( REPRESENTATION_RELATIONSHIP('','',#6102,#5399) 
REPRESENTATION_RELATIONSHIP_WITH_TRANSFORMATION(#6163) 
SHAPE_REPRESENTATION_RELATIONSHIP() );
#6163 = ITEM_DEFINED_TRANSFORMATION('','',#11,#5432);
#6164 = PRODUCT_DEFINITION_SHAPE('Placement','Placement of an item',
  #6165);
#6165 = NEXT_ASSEMBLY_USAGE_OCCURRENCE('242','Leads036','',#5394,#6097,$
  );
#6166 = PRODUCT_RELATED_PRODUCT_CATEGORY('part',$,(#6099));
#6167 = SHAPE_DEFINITION_REPRESENTATION(#6168,#6174);
#6168 = PRODUCT_DEFINITION_SHAPE('','',#6169);
#6169 = PRODUCT_DEFINITION('design','',#6170,#6173);
#6170 = PRODUCT_DEFINITION_FORMATION('','',#6171);
#6171 = PRODUCT('Leads037','Leads037','',(#6172));
#6172 = PRODUCT_CONTEXT('',#2,'mechanical');
#6173 = PRODUCT_DEFINITION_CONTEXT('part definition',#2,'design');
#6174 = ADVANCED_BREP_SHAPE_REPRESENTATION('',(#11,#6175),#6228);
#6175 = MANIFOLD_SOLID_BREP('',#6176);
#6176 = CLOSED_SHELL('',(#6177,#6210,#6219));
#6177 = ADVANCED_FACE('',(#6178),#6205,.T.);
#6178 = FACE_BOUND('',#6179,.T.);
#6179 = EDGE_LOOP('',(#6180,#6189,#6197,#6204));
#6180 = ORIENTED_EDGE('',*,*,#6181,.F.);
#6181 = EDGE_CURVE('',#6182,#6182,#6184,.T.);
#6182 = VERTEX_POINT('',#6183);
#6183 = CARTESIAN_POINT('',(23.1155,-0.,0.1));
#6184 = CIRCLE('',#6185,0.2555);
#6185 = AXIS2_PLACEMENT_3D('',#6186,#6187,#6188);
#6186 = CARTESIAN_POINT('',(22.86,0.,0.1));
#6187 = DIRECTION('',(0.,0.,1.));
#6188 = DIRECTION('',(1.,0.,-0.));
#6189 = ORIENTED_EDGE('',*,*,#6190,.F.);
#6190 = EDGE_CURVE('',#6191,#6182,#6193,.T.);
#6191 = VERTEX_POINT('',#6192);
#6192 = CARTESIAN_POINT('',(23.1155,-0.,-5.));
#6193 = LINE('',#6194,#6195);
#6194 = CARTESIAN_POINT('',(23.1155,-6.E-17,-5.));
#6195 = VECTOR('',#6196,1.);
#6196 = DIRECTION('',(0.,0.,1.));
#6197 = ORIENTED_EDGE('',*,*,#6198,.T.);
#6198 = EDGE_CURVE('',#6191,#6191,#6199,.T.);
#6199 = CIRCLE('',#6200,0.2555);
#6200 = AXIS2_PLACEMENT_3D('',#6201,#6202,#6203);
#6201 = CARTESIAN_POINT('',(22.86,0.,-5.));
#6202 = DIRECTION('',(0.,0.,1.));
#6203 = DIRECTION('',(1.,0.,-0.));
#6204 = ORIENTED_EDGE('',*,*,#6190,.T.);
#6205 = CYLINDRICAL_SURFACE('',#6206,0.2555);
#6206 = AXIS2_PLACEMENT_3D('',#6207,#6208,#6209);
#6207 = CARTESIAN_POINT('',(22.86,0.,-5.));
#6208 = DIRECTION('',(0.,0.,1.));
#6209 = DIRECTION('',(1.,0.,-0.));
#6210 = ADVANCED_FACE('',(#6211),#6214,.T.);
#6211 = FACE_BOUND('',#6212,.T.);
#6212 = EDGE_LOOP('',(#6213));
#6213 = ORIENTED_EDGE('',*,*,#6181,.T.);
#6214 = PLANE('',#6215);
#6215 = AXIS2_PLACEMENT_3D('',#6216,#6217,#6218);
#6216 = CARTESIAN_POINT('',(22.86,0.,0.1));
#6217 = DIRECTION('',(0.,0.,1.));
#6218 = DIRECTION('',(1.,0.,-0.));
#6219 = ADVANCED_FACE('',(#6220),#6223,.F.);
#6220 = FACE_BOUND('',#6221,.T.);
#6221 = EDGE_LOOP('',(#6222));
#6222 = ORIENTED_EDGE('',*,*,#6198,.F.);
#6223 = PLANE('',#6224);
#6224 = AXIS2_PLACEMENT_3D('',#6225,#6226,#6227);
#6225 = CARTESIAN_POINT('',(22.86,0.,-5.));
#6226 = DIRECTION('',(0.,0.,1.));
#6227 = DIRECTION('',(1.,0.,-0.));
#6228 = ( GEOMETRIC_REPRESENTATION_CONTEXT(3) 
GLOBAL_UNCERTAINTY_ASSIGNED_CONTEXT((#6232)) 
GLOBAL_UNIT_ASSIGNED_CONTEXT((#6229,#6230,#6231)) REPRESENTATION_CONTEXT
('Context #1','3D Context with UNIT and UNCERTAINTY') );
#6229 = ( LENGTH_UNIT() NAMED_UNIT(*) SI_UNIT(.MILLI.,.METRE.) );
#6230 = ( NAMED_UNIT(*) PLANE_ANGLE_UNIT() SI_UNIT($,.RADIAN.) );
#6231 = ( NAMED_UNIT(*) SI_UNIT($,.STERADIAN.) SOLID_ANGLE_UNIT() );
#6232 = UNCERTAINTY_MEASURE_WITH_UNIT(LENGTH_MEASURE(1.E-07),#6229,
  'distance_accuracy_value','confusion accuracy');
#6233 = CONTEXT_DEPENDENT_SHAPE_REPRESENTATION(#6234,#6236);
#6234 = ( REPRESENTATION_RELATIONSHIP('','',#6174,#5399) 
REPRESENTATION_RELATIONSHIP_WITH_TRANSFORMATION(#6235) 
SHAPE_REPRESENTATION_RELATIONSHIP() );
#6235 = ITEM_DEFINED_TRANSFORMATION('','',#11,#5436);
#6236 = PRODUCT_DEFINITION_SHAPE('Placement','Placement of an item',
  #6237);
#6237 = NEXT_ASSEMBLY_USAGE_OCCURRENCE('243','Leads037','',#5394,#6169,$
  );
#6238 = PRODUCT_RELATED_PRODUCT_CATEGORY('part',$,(#6171));
#6239 = SHAPE_DEFINITION_REPRESENTATION(#6240,#6246);
#6240 = PRODUCT_DEFINITION_SHAPE('','',#6241);
#6241 = PRODUCT_DEFINITION('design','',#6242,#6245);
#6242 = PRODUCT_DEFINITION_FORMATION('','',#6243);
#6243 = PRODUCT('Leads038','Leads038','',(#6244));
#6244 = PRODUCT_CONTEXT('',#2,'mechanical');
#6245 = PRODUCT_DEFINITION_CONTEXT('part definition',#2,'design');
#6246 = ADVANCED_BREP_SHAPE_REPRESENTATION('',(#11,#6247),#6300);
#6247 = MANIFOLD_SOLID_BREP('',#6248);
#6248 = CLOSED_SHELL('',(#6249,#6282,#6291));
#6249 = ADVANCED_FACE('',(#6250),#6277,.T.);
#6250 = FACE_BOUND('',#6251,.T.);
#6251 = EDGE_LOOP('',(#6252,#6261,#6269,#6276));
#6252 = ORIENTED_EDGE('',*,*,#6253,.F.);
#6253 = EDGE_CURVE('',#6254,#6254,#6256,.T.);
#6254 = VERTEX_POINT('',#6255);
#6255 = CARTESIAN_POINT('',(25.6555,-0.,0.1));
#6256 = CIRCLE('',#6257,0.2555);
#6257 = AXIS2_PLACEMENT_3D('',#6258,#6259,#6260);
#6258 = CARTESIAN_POINT('',(25.4,0.,0.1));
#6259 = DIRECTION('',(0.,0.,1.));
#6260 = DIRECTION('',(1.,0.,-0.));
#6261 = ORIENTED_EDGE('',*,*,#6262,.F.);
#6262 = EDGE_CURVE('',#6263,#6254,#6265,.T.);
#6263 = VERTEX_POINT('',#6264);
#6264 = CARTESIAN_POINT('',(25.6555,-0.,-5.));
#6265 = LINE('',#6266,#6267);
#6266 = CARTESIAN_POINT('',(25.6555,-6.E-17,-5.));
#6267 = VECTOR('',#6268,1.);
#6268 = DIRECTION('',(0.,0.,1.));
#6269 = ORIENTED_EDGE('',*,*,#6270,.T.);
#6270 = EDGE_CURVE('',#6263,#6263,#6271,.T.);
#6271 = CIRCLE('',#6272,0.2555);
#6272 = AXIS2_PLACEMENT_3D('',#6273,#6274,#6275);
#6273 = CARTESIAN_POINT('',(25.4,0.,-5.));
#6274 = DIRECTION('',(0.,0.,1.));
#6275 = DIRECTION('',(1.,0.,-0.));
#6276 = ORIENTED_EDGE('',*,*,#6262,.T.);
#6277 = CYLINDRICAL_SURFACE('',#6278,0.2555);
#6278 = AXIS2_PLACEMENT_3D('',#6279,#6280,#6281);
#6279 = CARTESIAN_POINT('',(25.4,0.,-5.));
#6280 = DIRECTION('',(0.,0.,1.));
#6281 = DIRECTION('',(1.,0.,-0.));
#6282 = ADVANCED_FACE('',(#6283),#6286,.T.);
#6283 = FACE_BOUND('',#6284,.T.);
#6284 = EDGE_LOOP('',(#6285));
#6285 = ORIENTED_EDGE('',*,*,#6253,.T.);
#6286 = PLANE('',#6287);
#6287 = AXIS2_PLACEMENT_3D('',#6288,#6289,#6290);
#6288 = CARTESIAN_POINT('',(25.4,0.,0.1));
#6289 = DIRECTION('',(0.,0.,1.));
#6290 = DIRECTION('',(1.,0.,-0.));
#6291 = ADVANCED_FACE('',(#6292),#6295,.F.);
#6292 = FACE_BOUND('',#6293,.T.);
#6293 = EDGE_LOOP('',(#6294));
#6294 = ORIENTED_EDGE('',*,*,#6270,.F.);
#6295 = PLANE('',#6296);
#6296 = AXIS2_PLACEMENT_3D('',#6297,#6298,#6299);
#6297 = CARTESIAN_POINT('',(25.4,0.,-5.));
#6298 = DIRECTION('',(0.,0.,1.));
#6299 = DIRECTION('',(1.,0.,-0.));
#6300 = ( GEOMETRIC_REPRESENTATION_CONTEXT(3) 
GLOBAL_UNCERTAINTY_ASSIGNED_CONTEXT((#6304)) 
GLOBAL_UNIT_ASSIGNED_CONTEXT((#6301,#6302,#6303)) REPRESENTATION_CONTEXT
('Context #1','3D Context with UNIT and UNCERTAINTY') );
#6301 = ( LENGTH_UNIT() NAMED_UNIT(*) SI_UNIT(.MILLI.,.METRE.) );
#6302 = ( NAMED_UNIT(*) PLANE_ANGLE_UNIT() SI_UNIT($,.RADIAN.) );
#6303 = ( NAMED_UNIT(*) SI_UNIT($,.STERADIAN.) SOLID_ANGLE_UNIT() );
#6304 = UNCERTAINTY_MEASURE_WITH_UNIT(LENGTH_MEASURE(1.E-07),#6301,
  'distance_accuracy_value','confusion accuracy');
#6305 = CONTEXT_DEPENDENT_SHAPE_REPRESENTATION(#6306,#6308);
#6306 = ( REPRESENTATION_RELATIONSHIP('','',#6246,#5399) 
REPRESENTATION_RELATIONSHIP_WITH_TRANSFORMATION(#6307) 
SHAPE_REPRESENTATION_RELATIONSHIP() );
#6307 = ITEM_DEFINED_TRANSFORMATION('','',#11,#5440);
#6308 = PRODUCT_DEFINITION_SHAPE('Placement','Placement of an item',
  #6309);
#6309 = NEXT_ASSEMBLY_USAGE_OCCURRENCE('244','Leads038','',#5394,#6241,$
  );
#6310 = PRODUCT_RELATED_PRODUCT_CATEGORY('part',$,(#6243));
#6311 = SHAPE_DEFINITION_REPRESENTATION(#6312,#6318);
#6312 = PRODUCT_DEFINITION_SHAPE('','',#6313);
#6313 = PRODUCT_DEFINITION('design','',#6314,#6317);
#6314 = PRODUCT_DEFINITION_FORMATION('','',#6315);
#6315 = PRODUCT('Leads039','Leads039','',(#6316));
#6316 = PRODUCT_CONTEXT('',#2,'mechanical');
#6317 = PRODUCT_DEFINITION_CONTEXT('part definition',#2,'design');
#6318 = ADVANCED_BREP_SHAPE_REPRESENTATION('',(#11,#6319),#6372);
#6319 = MANIFOLD_SOLID_BREP('',#6320);
#6320 = CLOSED_SHELL('',(#6321,#6354,#6363));
#6321 = ADVANCED_FACE('',(#6322),#6349,.T.);
#6322 = FACE_BOUND('',#6323,.T.);
#6323 = EDGE_LOOP('',(#6324,#6333,#6341,#6348));
#6324 = ORIENTED_EDGE('',*,*,#6325,.F.);
#6325 = EDGE_CURVE('',#6326,#6326,#6328,.T.);
#6326 = VERTEX_POINT('',#6327);
#6327 = CARTESIAN_POINT('',(28.1955,-0.,0.1));
#6328 = CIRCLE('',#6329,0.2555);
#6329 = AXIS2_PLACEMENT_3D('',#6330,#6331,#6332);
#6330 = CARTESIAN_POINT('',(27.94,0.,0.1));
#6331 = DIRECTION('',(0.,0.,1.));
#6332 = DIRECTION('',(1.,0.,-0.));
#6333 = ORIENTED_EDGE('',*,*,#6334,.F.);
#6334 = EDGE_CURVE('',#6335,#6326,#6337,.T.);
#6335 = VERTEX_POINT('',#6336);
#6336 = CARTESIAN_POINT('',(28.1955,-0.,-5.));
#6337 = LINE('',#6338,#6339);
#6338 = CARTESIAN_POINT('',(28.1955,-6.E-17,-5.));
#6339 = VECTOR('',#6340,1.);
#6340 = DIRECTION('',(0.,0.,1.));
#6341 = ORIENTED_EDGE('',*,*,#6342,.T.);
#6342 = EDGE_CURVE('',#6335,#6335,#6343,.T.);
#6343 = CIRCLE('',#6344,0.2555);
#6344 = AXIS2_PLACEMENT_3D('',#6345,#6346,#6347);
#6345 = CARTESIAN_POINT('',(27.94,0.,-5.));
#6346 = DIRECTION('',(0.,0.,1.));
#6347 = DIRECTION('',(1.,0.,-0.));
#6348 = ORIENTED_EDGE('',*,*,#6334,.T.);
#6349 = CYLINDRICAL_SURFACE('',#6350,0.2555);
#6350 = AXIS2_PLACEMENT_3D('',#6351,#6352,#6353);
#6351 = CARTESIAN_POINT('',(27.94,0.,-5.));
#6352 = DIRECTION('',(0.,0.,1.));
#6353 = DIRECTION('',(1.,0.,-0.));
#6354 = ADVANCED_FACE('',(#6355),#6358,.T.);
#6355 = FACE_BOUND('',#6356,.T.);
#6356 = EDGE_LOOP('',(#6357));
#6357 = ORIENTED_EDGE('',*,*,#6325,.T.);
#6358 = PLANE('',#6359);
#6359 = AXIS2_PLACEMENT_3D('',#6360,#6361,#6362);
#6360 = CARTESIAN_POINT('',(27.94,0.,0.1));
#6361 = DIRECTION('',(0.,0.,1.));
#6362 = DIRECTION('',(1.,0.,-0.));
#6363 = ADVANCED_FACE('',(#6364),#6367,.F.);
#6364 = FACE_BOUND('',#6365,.T.);
#6365 = EDGE_LOOP('',(#6366));
#6366 = ORIENTED_EDGE('',*,*,#6342,.F.);
#6367 = PLANE('',#6368);
#6368 = AXIS2_PLACEMENT_3D('',#6369,#6370,#6371);
#6369 = CARTESIAN_POINT('',(27.94,0.,-5.));
#6370 = DIRECTION('',(0.,0.,1.));
#6371 = DIRECTION('',(1.,0.,-0.));
#6372 = ( GEOMETRIC_REPRESENTATION_CONTEXT(3) 
GLOBAL_UNCERTAINTY_ASSIGNED_CONTEXT((#6376)) 
GLOBAL_UNIT_ASSIGNED_CONTEXT((#6373,#6374,#6375)) REPRESENTATION_CONTEXT
('Context #1','3D Context with UNIT and UNCERTAINTY') );
#6373 = ( LENGTH_UNIT() NAMED_UNIT(*) SI_UNIT(.MILLI.,.METRE.) );
#6374 = ( NAMED_UNIT(*) PLANE_ANGLE_UNIT() SI_UNIT($,.RADIAN.) );
#6375 = ( NAMED_UNIT(*) SI_UNIT($,.STERADIAN.) SOLID_ANGLE_UNIT() );
#6376 = UNCERTAINTY_MEASURE_WITH_UNIT(LENGTH_MEASURE(1.E-07),#6373,
  'distance_accuracy_value','confusion accuracy');
#6377 = CONTEXT_DEPENDENT_SHAPE_REPRESENTATION(#6378,#6380);
#6378 = ( REPRESENTATION_RELATIONSHIP('','',#6318,#5399) 
REPRESENTATION_RELATIONSHIP_WITH_TRANSFORMATION(#6379) 
SHAPE_REPRESENTATION_RELATIONSHIP() );
#6379 = ITEM_DEFINED_TRANSFORMATION('','',#11,#5444);
#6380 = PRODUCT_DEFINITION_SHAPE('Placement','Placement of an item',
  #6381);
#6381 = NEXT_ASSEMBLY_USAGE_OCCURRENCE('245','Leads039','',#5394,#6313,$
  );
#6382 = PRODUCT_RELATED_PRODUCT_CATEGORY('part',$,(#6315));
#6383 = SHAPE_DEFINITION_REPRESENTATION(#6384,#6390);
#6384 = PRODUCT_DEFINITION_SHAPE('','',#6385);
#6385 = PRODUCT_DEFINITION('design','',#6386,#6389);
#6386 = PRODUCT_DEFINITION_FORMATION('','',#6387);
#6387 = PRODUCT('Leads040','Leads040','',(#6388));
#6388 = PRODUCT_CONTEXT('',#2,'mechanical');
#6389 = PRODUCT_DEFINITION_CONTEXT('part definition',#2,'design');
#6390 = ADVANCED_BREP_SHAPE_REPRESENTATION('',(#11,#6391),#6444);
#6391 = MANIFOLD_SOLID_BREP('',#6392);
#6392 = CLOSED_SHELL('',(#6393,#6426,#6435));
#6393 = ADVANCED_FACE('',(#6394),#6421,.T.);
#6394 = FACE_BOUND('',#6395,.T.);
#6395 = EDGE_LOOP('',(#6396,#6405,#6413,#6420));
#6396 = ORIENTED_EDGE('',*,*,#6397,.F.);
#6397 = EDGE_CURVE('',#6398,#6398,#6400,.T.);
#6398 = VERTEX_POINT('',#6399);
#6399 = CARTESIAN_POINT('',(30.7355,-0.,0.1));
#6400 = CIRCLE('',#6401,0.2555);
#6401 = AXIS2_PLACEMENT_3D('',#6402,#6403,#6404);
#6402 = CARTESIAN_POINT('',(30.48,0.,0.1));
#6403 = DIRECTION('',(0.,0.,1.));
#6404 = DIRECTION('',(1.,0.,-0.));
#6405 = ORIENTED_EDGE('',*,*,#6406,.F.);
#6406 = EDGE_CURVE('',#6407,#6398,#6409,.T.);
#6407 = VERTEX_POINT('',#6408);
#6408 = CARTESIAN_POINT('',(30.7355,-0.,-5.));
#6409 = LINE('',#6410,#6411);
#6410 = CARTESIAN_POINT('',(30.7355,-6.E-17,-5.));
#6411 = VECTOR('',#6412,1.);
#6412 = DIRECTION('',(0.,0.,1.));
#6413 = ORIENTED_EDGE('',*,*,#6414,.T.);
#6414 = EDGE_CURVE('',#6407,#6407,#6415,.T.);
#6415 = CIRCLE('',#6416,0.2555);
#6416 = AXIS2_PLACEMENT_3D('',#6417,#6418,#6419);
#6417 = CARTESIAN_POINT('',(30.48,0.,-5.));
#6418 = DIRECTION('',(0.,0.,1.));
#6419 = DIRECTION('',(1.,0.,-0.));
#6420 = ORIENTED_EDGE('',*,*,#6406,.T.);
#6421 = CYLINDRICAL_SURFACE('',#6422,0.2555);
#6422 = AXIS2_PLACEMENT_3D('',#6423,#6424,#6425);
#6423 = CARTESIAN_POINT('',(30.48,0.,-5.));
#6424 = DIRECTION('',(0.,0.,1.));
#6425 = DIRECTION('',(1.,0.,-0.));
#6426 = ADVANCED_FACE('',(#6427),#6430,.T.);
#6427 = FACE_BOUND('',#6428,.T.);
#6428 = EDGE_LOOP('',(#6429));
#6429 = ORIENTED_EDGE('',*,*,#6397,.T.);
#6430 = PLANE('',#6431);
#6431 = AXIS2_PLACEMENT_3D('',#6432,#6433,#6434);
#6432 = CARTESIAN_POINT('',(30.48,0.,0.1));
#6433 = DIRECTION('',(0.,0.,1.));
#6434 = DIRECTION('',(1.,0.,-0.));
#6435 = ADVANCED_FACE('',(#6436),#6439,.F.);
#6436 = FACE_BOUND('',#6437,.T.);
#6437 = EDGE_LOOP('',(#6438));
#6438 = ORIENTED_EDGE('',*,*,#6414,.F.);
#6439 = PLANE('',#6440);
#6440 = AXIS2_PLACEMENT_3D('',#6441,#6442,#6443);
#6441 = CARTESIAN_POINT('',(30.48,0.,-5.));
#6442 = DIRECTION('',(0.,0.,1.));
#6443 = DIRECTION('',(1.,0.,-0.));
#6444 = ( GEOMETRIC_REPRESENTATION_CONTEXT(3) 
GLOBAL_UNCERTAINTY_ASSIGNED_CONTEXT((#6448)) 
GLOBAL_UNIT_ASSIGNED_CONTEXT((#6445,#6446,#6447)) REPRESENTATION_CONTEXT
('Context #1','3D Context with UNIT and UNCERTAINTY') );
#6445 = ( LENGTH_UNIT() NAMED_UNIT(*) SI_UNIT(.MILLI.,.METRE.) );
#6446 = ( NAMED_UNIT(*) PLANE_ANGLE_UNIT() SI_UNIT($,.RADIAN.) );
#6447 = ( NAMED_UNIT(*) SI_UNIT($,.STERADIAN.) SOLID_ANGLE_UNIT() );
#6448 = UNCERTAINTY_MEASURE_WITH_UNIT(LENGTH_MEASURE(1.E-07),#6445,
  'distance_accuracy_value','confusion accuracy');
#6449 = CONTEXT_DEPENDENT_SHAPE_REPRESENTATION(#6450,#6452);
#6450 = ( REPRESENTATION_RELATIONSHIP('','',#6390,#5399) 
REPRESENTATION_RELATIONSHIP_WITH_TRANSFORMATION(#6451) 
SHAPE_REPRESENTATION_RELATIONSHIP() );
#6451 = ITEM_DEFINED_TRANSFORMATION('','',#11,#5448);
#6452 = PRODUCT_DEFINITION_SHAPE('Placement','Placement of an item',
  #6453);
#6453 = NEXT_ASSEMBLY_USAGE_OCCURRENCE('246','Leads040','',#5394,#6385,$
  );
#6454 = PRODUCT_RELATED_PRODUCT_CATEGORY('part',$,(#6387));
#6455 = SHAPE_DEFINITION_REPRESENTATION(#6456,#6462);
#6456 = PRODUCT_DEFINITION_SHAPE('','',#6457);
#6457 = PRODUCT_DEFINITION('design','',#6458,#6461);
#6458 = PRODUCT_DEFINITION_FORMATION('','',#6459);
#6459 = PRODUCT('Leads041','Leads041','',(#6460));
#6460 = PRODUCT_CONTEXT('',#2,'mechanical');
#6461 = PRODUCT_DEFINITION_CONTEXT('part definition',#2,'design');
#6462 = ADVANCED_BREP_SHAPE_REPRESENTATION('',(#11,#6463),#6516);
#6463 = MANIFOLD_SOLID_BREP('',#6464);
#6464 = CLOSED_SHELL('',(#6465,#6498,#6507));
#6465 = ADVANCED_FACE('',(#6466),#6493,.T.);
#6466 = FACE_BOUND('',#6467,.T.);
#6467 = EDGE_LOOP('',(#6468,#6477,#6485,#6492));
#6468 = ORIENTED_EDGE('',*,*,#6469,.F.);
#6469 = EDGE_CURVE('',#6470,#6470,#6472,.T.);
#6470 = VERTEX_POINT('',#6471);
#6471 = CARTESIAN_POINT('',(1.5255,-2.54,0.1));
#6472 = CIRCLE('',#6473,0.2555);
#6473 = AXIS2_PLACEMENT_3D('',#6474,#6475,#6476);
#6474 = CARTESIAN_POINT('',(1.27,-2.54,0.1));
#6475 = DIRECTION('',(0.,0.,1.));
#6476 = DIRECTION('',(1.,0.,-0.));
#6477 = ORIENTED_EDGE('',*,*,#6478,.F.);
#6478 = EDGE_CURVE('',#6479,#6470,#6481,.T.);
#6479 = VERTEX_POINT('',#6480);
#6480 = CARTESIAN_POINT('',(1.5255,-2.54,-5.));
#6481 = LINE('',#6482,#6483);
#6482 = CARTESIAN_POINT('',(1.5255,-2.54,-5.));
#6483 = VECTOR('',#6484,1.);
#6484 = DIRECTION('',(0.,0.,1.));
#6485 = ORIENTED_EDGE('',*,*,#6486,.T.);
#6486 = EDGE_CURVE('',#6479,#6479,#6487,.T.);
#6487 = CIRCLE('',#6488,0.2555);
#6488 = AXIS2_PLACEMENT_3D('',#6489,#6490,#6491);
#6489 = CARTESIAN_POINT('',(1.27,-2.54,-5.));
#6490 = DIRECTION('',(0.,0.,1.));
#6491 = DIRECTION('',(1.,0.,-0.));
#6492 = ORIENTED_EDGE('',*,*,#6478,.T.);
#6493 = CYLINDRICAL_SURFACE('',#6494,0.2555);
#6494 = AXIS2_PLACEMENT_3D('',#6495,#6496,#6497);
#6495 = CARTESIAN_POINT('',(1.27,-2.54,-5.));
#6496 = DIRECTION('',(0.,0.,1.));
#6497 = DIRECTION('',(1.,0.,-0.));
#6498 = ADVANCED_FACE('',(#6499),#6502,.T.);
#6499 = FACE_BOUND('',#6500,.T.);
#6500 = EDGE_LOOP('',(#6501));
#6501 = ORIENTED_EDGE('',*,*,#6469,.T.);
#6502 = PLANE('',#6503);
#6503 = AXIS2_PLACEMENT_3D('',#6504,#6505,#6506);
#6504 = CARTESIAN_POINT('',(1.27,-2.54,0.1));
#6505 = DIRECTION('',(0.,0.,1.));
#6506 = DIRECTION('',(1.,0.,-0.));
#6507 = ADVANCED_FACE('',(#6508),#6511,.F.);
#6508 = FACE_BOUND('',#6509,.T.);
#6509 = EDGE_LOOP('',(#6510));
#6510 = ORIENTED_EDGE('',*,*,#6486,.F.);
#6511 = PLANE('',#6512);
#6512 = AXIS2_PLACEMENT_3D('',#6513,#6514,#6515);
#6513 = CARTESIAN_POINT('',(1.27,-2.54,-5.));
#6514 = DIRECTION('',(0.,0.,1.));
#6515 = DIRECTION('',(1.,0.,-0.));
#6516 = ( GEOMETRIC_REPRESENTATION_CONTEXT(3) 
GLOBAL_UNCERTAINTY_ASSIGNED_CONTEXT((#6520)) 
GLOBAL_UNIT_ASSIGNED_CONTEXT((#6517,#6518,#6519)) REPRESENTATION_CONTEXT
('Context #1','3D Context with UNIT and UNCERTAINTY') );
#6517 = ( LENGTH_UNIT() NAMED_UNIT(*) SI_UNIT(.MILLI.,.METRE.) );
#6518 = ( NAMED_UNIT(*) PLANE_ANGLE_UNIT() SI_UNIT($,.RADIAN.) );
#6519 = ( NAMED_UNIT(*) SI_UNIT($,.STERADIAN.) SOLID_ANGLE_UNIT() );
#6520 = UNCERTAINTY_MEASURE_WITH_UNIT(LENGTH_MEASURE(1.E-07),#6517,
  'distance_accuracy_value','confusion accuracy');
#6521 = CONTEXT_DEPENDENT_SHAPE_REPRESENTATION(#6522,#6524);
#6522 = ( REPRESENTATION_RELATIONSHIP('','',#6462,#5399) 
REPRESENTATION_RELATIONSHIP_WITH_TRANSFORMATION(#6523) 
SHAPE_REPRESENTATION_RELATIONSHIP() );
#6523 = ITEM_DEFINED_TRANSFORMATION('','',#11,#5452);
#6524 = PRODUCT_DEFINITION_SHAPE('Placement','Placement of an item',
  #6525);
#6525 = NEXT_ASSEMBLY_USAGE_OCCURRENCE('247','Leads041','',#5394,#6457,$
  );
#6526 = PRODUCT_RELATED_PRODUCT_CATEGORY('part',$,(#6459));
#6527 = SHAPE_DEFINITION_REPRESENTATION(#6528,#6534);
#6528 = PRODUCT_DEFINITION_SHAPE('','',#6529);
#6529 = PRODUCT_DEFINITION('design','',#6530,#6533);
#6530 = PRODUCT_DEFINITION_FORMATION('','',#6531);
#6531 = PRODUCT('Leads042','Leads042','',(#6532));
#6532 = PRODUCT_CONTEXT('',#2,'mechanical');
#6533 = PRODUCT_DEFINITION_CONTEXT('part definition',#2,'design');
#6534 = ADVANCED_BREP_SHAPE_REPRESENTATION('',(#11,#6535),#6588);
#6535 = MANIFOLD_SOLID_BREP('',#6536);
#6536 = CLOSED_SHELL('',(#6537,#6570,#6579));
#6537 = ADVANCED_FACE('',(#6538),#6565,.T.);
#6538 = FACE_BOUND('',#6539,.T.);
#6539 = EDGE_LOOP('',(#6540,#6549,#6557,#6564));
#6540 = ORIENTED_EDGE('',*,*,#6541,.F.);
#6541 = EDGE_CURVE('',#6542,#6542,#6544,.T.);
#6542 = VERTEX_POINT('',#6543);
#6543 = CARTESIAN_POINT('',(4.0655,-2.54,0.1));
#6544 = CIRCLE('',#6545,0.2555);
#6545 = AXIS2_PLACEMENT_3D('',#6546,#6547,#6548);
#6546 = CARTESIAN_POINT('',(3.81,-2.54,0.1));
#6547 = DIRECTION('',(0.,0.,1.));
#6548 = DIRECTION('',(1.,0.,-0.));
#6549 = ORIENTED_EDGE('',*,*,#6550,.F.);
#6550 = EDGE_CURVE('',#6551,#6542,#6553,.T.);
#6551 = VERTEX_POINT('',#6552);
#6552 = CARTESIAN_POINT('',(4.0655,-2.54,-5.));
#6553 = LINE('',#6554,#6555);
#6554 = CARTESIAN_POINT('',(4.0655,-2.54,-5.));
#6555 = VECTOR('',#6556,1.);
#6556 = DIRECTION('',(0.,0.,1.));
#6557 = ORIENTED_EDGE('',*,*,#6558,.T.);
#6558 = EDGE_CURVE('',#6551,#6551,#6559,.T.);
#6559 = CIRCLE('',#6560,0.2555);
#6560 = AXIS2_PLACEMENT_3D('',#6561,#6562,#6563);
#6561 = CARTESIAN_POINT('',(3.81,-2.54,-5.));
#6562 = DIRECTION('',(0.,0.,1.));
#6563 = DIRECTION('',(1.,0.,-0.));
#6564 = ORIENTED_EDGE('',*,*,#6550,.T.);
#6565 = CYLINDRICAL_SURFACE('',#6566,0.2555);
#6566 = AXIS2_PLACEMENT_3D('',#6567,#6568,#6569);
#6567 = CARTESIAN_POINT('',(3.81,-2.54,-5.));
#6568 = DIRECTION('',(0.,0.,1.));
#6569 = DIRECTION('',(1.,0.,-0.));
#6570 = ADVANCED_FACE('',(#6571),#6574,.T.);
#6571 = FACE_BOUND('',#6572,.T.);
#6572 = EDGE_LOOP('',(#6573));
#6573 = ORIENTED_EDGE('',*,*,#6541,.T.);
#6574 = PLANE('',#6575);
#6575 = AXIS2_PLACEMENT_3D('',#6576,#6577,#6578);
#6576 = CARTESIAN_POINT('',(3.81,-2.54,0.1));
#6577 = DIRECTION('',(0.,0.,1.));
#6578 = DIRECTION('',(1.,0.,-0.));
#6579 = ADVANCED_FACE('',(#6580),#6583,.F.);
#6580 = FACE_BOUND('',#6581,.T.);
#6581 = EDGE_LOOP('',(#6582));
#6582 = ORIENTED_EDGE('',*,*,#6558,.F.);
#6583 = PLANE('',#6584);
#6584 = AXIS2_PLACEMENT_3D('',#6585,#6586,#6587);
#6585 = CARTESIAN_POINT('',(3.81,-2.54,-5.));
#6586 = DIRECTION('',(0.,0.,1.));
#6587 = DIRECTION('',(1.,0.,-0.));
#6588 = ( GEOMETRIC_REPRESENTATION_CONTEXT(3) 
GLOBAL_UNCERTAINTY_ASSIGNED_CONTEXT((#6592)) 
GLOBAL_UNIT_ASSIGNED_CONTEXT((#6589,#6590,#6591)) REPRESENTATION_CONTEXT
('Context #1','3D Context with UNIT and UNCERTAINTY') );
#6589 = ( LENGTH_UNIT() NAMED_UNIT(*) SI_UNIT(.MILLI.,.METRE.) );
#6590 = ( NAMED_UNIT(*) PLANE_ANGLE_UNIT() SI_UNIT($,.RADIAN.) );
#6591 = ( NAMED_UNIT(*) SI_UNIT($,.STERADIAN.) SOLID_ANGLE_UNIT() );
#6592 = UNCERTAINTY_MEASURE_WITH_UNIT(LENGTH_MEASURE(1.E-07),#6589,
  'distance_accuracy_value','confusion accuracy');
#6593 = CONTEXT_DEPENDENT_SHAPE_REPRESENTATION(#6594,#6596);
#6594 = ( REPRESENTATION_RELATIONSHIP('','',#6534,#5399) 
REPRESENTATION_RELATIONSHIP_WITH_TRANSFORMATION(#6595) 
SHAPE_REPRESENTATION_RELATIONSHIP() );
#6595 = ITEM_DEFINED_TRANSFORMATION('','',#11,#5456);
#6596 = PRODUCT_DEFINITION_SHAPE('Placement','Placement of an item',
  #6597);
#6597 = NEXT_ASSEMBLY_USAGE_OCCURRENCE('248','Leads042','',#5394,#6529,$
  );
#6598 = PRODUCT_RELATED_PRODUCT_CATEGORY('part',$,(#6531));
#6599 = SHAPE_DEFINITION_REPRESENTATION(#6600,#6606);
#6600 = PRODUCT_DEFINITION_SHAPE('','',#6601);
#6601 = PRODUCT_DEFINITION('design','',#6602,#6605);
#6602 = PRODUCT_DEFINITION_FORMATION('','',#6603);
#6603 = PRODUCT('Leads043','Leads043','',(#6604));
#6604 = PRODUCT_CONTEXT('',#2,'mechanical');
#6605 = PRODUCT_DEFINITION_CONTEXT('part definition',#2,'design');
#6606 = ADVANCED_BREP_SHAPE_REPRESENTATION('',(#11,#6607),#6660);
#6607 = MANIFOLD_SOLID_BREP('',#6608);
#6608 = CLOSED_SHELL('',(#6609,#6642,#6651));
#6609 = ADVANCED_FACE('',(#6610),#6637,.T.);
#6610 = FACE_BOUND('',#6611,.T.);
#6611 = EDGE_LOOP('',(#6612,#6621,#6629,#6636));
#6612 = ORIENTED_EDGE('',*,*,#6613,.F.);
#6613 = EDGE_CURVE('',#6614,#6614,#6616,.T.);
#6614 = VERTEX_POINT('',#6615);
#6615 = CARTESIAN_POINT('',(6.6055,-2.54,0.1));
#6616 = CIRCLE('',#6617,0.2555);
#6617 = AXIS2_PLACEMENT_3D('',#6618,#6619,#6620);
#6618 = CARTESIAN_POINT('',(6.35,-2.54,0.1));
#6619 = DIRECTION('',(0.,0.,1.));
#6620 = DIRECTION('',(1.,0.,-0.));
#6621 = ORIENTED_EDGE('',*,*,#6622,.F.);
#6622 = EDGE_CURVE('',#6623,#6614,#6625,.T.);
#6623 = VERTEX_POINT('',#6624);
#6624 = CARTESIAN_POINT('',(6.6055,-2.54,-5.));
#6625 = LINE('',#6626,#6627);
#6626 = CARTESIAN_POINT('',(6.6055,-2.54,-5.));
#6627 = VECTOR('',#6628,1.);
#6628 = DIRECTION('',(0.,0.,1.));
#6629 = ORIENTED_EDGE('',*,*,#6630,.T.);
#6630 = EDGE_CURVE('',#6623,#6623,#6631,.T.);
#6631 = CIRCLE('',#6632,0.2555);
#6632 = AXIS2_PLACEMENT_3D('',#6633,#6634,#6635);
#6633 = CARTESIAN_POINT('',(6.35,-2.54,-5.));
#6634 = DIRECTION('',(0.,0.,1.));
#6635 = DIRECTION('',(1.,0.,-0.));
#6636 = ORIENTED_EDGE('',*,*,#6622,.T.);
#6637 = CYLINDRICAL_SURFACE('',#6638,0.2555);
#6638 = AXIS2_PLACEMENT_3D('',#6639,#6640,#6641);
#6639 = CARTESIAN_POINT('',(6.35,-2.54,-5.));
#6640 = DIRECTION('',(0.,0.,1.));
#6641 = DIRECTION('',(1.,0.,-0.));
#6642 = ADVANCED_FACE('',(#6643),#6646,.T.);
#6643 = FACE_BOUND('',#6644,.T.);
#6644 = EDGE_LOOP('',(#6645));
#6645 = ORIENTED_EDGE('',*,*,#6613,.T.);
#6646 = PLANE('',#6647);
#6647 = AXIS2_PLACEMENT_3D('',#6648,#6649,#6650);
#6648 = CARTESIAN_POINT('',(6.35,-2.54,0.1));
#6649 = DIRECTION('',(0.,0.,1.));
#6650 = DIRECTION('',(1.,0.,-0.));
#6651 = ADVANCED_FACE('',(#6652),#6655,.F.);
#6652 = FACE_BOUND('',#6653,.T.);
#6653 = EDGE_LOOP('',(#6654));
#6654 = ORIENTED_EDGE('',*,*,#6630,.F.);
#6655 = PLANE('',#6656);
#6656 = AXIS2_PLACEMENT_3D('',#6657,#6658,#6659);
#6657 = CARTESIAN_POINT('',(6.35,-2.54,-5.));
#6658 = DIRECTION('',(0.,0.,1.));
#6659 = DIRECTION('',(1.,0.,-0.));
#6660 = ( GEOMETRIC_REPRESENTATION_CONTEXT(3) 
GLOBAL_UNCERTAINTY_ASSIGNED_CONTEXT((#6664)) 
GLOBAL_UNIT_ASSIGNED_CONTEXT((#6661,#6662,#6663)) REPRESENTATION_CONTEXT
('Context #1','3D Context with UNIT and UNCERTAINTY') );
#6661 = ( LENGTH_UNIT() NAMED_UNIT(*) SI_UNIT(.MILLI.,.METRE.) );
#6662 = ( NAMED_UNIT(*) PLANE_ANGLE_UNIT() SI_UNIT($,.RADIAN.) );
#6663 = ( NAMED_UNIT(*) SI_UNIT($,.STERADIAN.) SOLID_ANGLE_UNIT() );
#6664 = UNCERTAINTY_MEASURE_WITH_UNIT(LENGTH_MEASURE(1.E-07),#6661,
  'distance_accuracy_value','confusion accuracy');
#6665 = CONTEXT_DEPENDENT_SHAPE_REPRESENTATION(#6666,#6668);
#6666 = ( REPRESENTATION_RELATIONSHIP('','',#6606,#5399) 
REPRESENTATION_RELATIONSHIP_WITH_TRANSFORMATION(#6667) 
SHAPE_REPRESENTATION_RELATIONSHIP() );
#6667 = ITEM_DEFINED_TRANSFORMATION('','',#11,#5460);
#6668 = PRODUCT_DEFINITION_SHAPE('Placement','Placement of an item',
  #6669);
#6669 = NEXT_ASSEMBLY_USAGE_OCCURRENCE('249','Leads043','',#5394,#6601,$
  );
#6670 = PRODUCT_RELATED_PRODUCT_CATEGORY('part',$,(#6603));
#6671 = SHAPE_DEFINITION_REPRESENTATION(#6672,#6678);
#6672 = PRODUCT_DEFINITION_SHAPE('','',#6673);
#6673 = PRODUCT_DEFINITION('design','',#6674,#6677);
#6674 = PRODUCT_DEFINITION_FORMATION('','',#6675);
#6675 = PRODUCT('Leads044','Leads044','',(#6676));
#6676 = PRODUCT_CONTEXT('',#2,'mechanical');
#6677 = PRODUCT_DEFINITION_CONTEXT('part definition',#2,'design');
#6678 = ADVANCED_BREP_SHAPE_REPRESENTATION('',(#11,#6679),#6732);
#6679 = MANIFOLD_SOLID_BREP('',#6680);
#6680 = CLOSED_SHELL('',(#6681,#6714,#6723));
#6681 = ADVANCED_FACE('',(#6682),#6709,.T.);
#6682 = FACE_BOUND('',#6683,.T.);
#6683 = EDGE_LOOP('',(#6684,#6693,#6701,#6708));
#6684 = ORIENTED_EDGE('',*,*,#6685,.F.);
#6685 = EDGE_CURVE('',#6686,#6686,#6688,.T.);
#6686 = VERTEX_POINT('',#6687);
#6687 = CARTESIAN_POINT('',(9.1455,-2.54,0.1));
#6688 = CIRCLE('',#6689,0.2555);
#6689 = AXIS2_PLACEMENT_3D('',#6690,#6691,#6692);
#6690 = CARTESIAN_POINT('',(8.89,-2.54,0.1));
#6691 = DIRECTION('',(0.,0.,1.));
#6692 = DIRECTION('',(1.,0.,-0.));
#6693 = ORIENTED_EDGE('',*,*,#6694,.F.);
#6694 = EDGE_CURVE('',#6695,#6686,#6697,.T.);
#6695 = VERTEX_POINT('',#6696);
#6696 = CARTESIAN_POINT('',(9.1455,-2.54,-5.));
#6697 = LINE('',#6698,#6699);
#6698 = CARTESIAN_POINT('',(9.1455,-2.54,-5.));
#6699 = VECTOR('',#6700,1.);
#6700 = DIRECTION('',(0.,0.,1.));
#6701 = ORIENTED_EDGE('',*,*,#6702,.T.);
#6702 = EDGE_CURVE('',#6695,#6695,#6703,.T.);
#6703 = CIRCLE('',#6704,0.2555);
#6704 = AXIS2_PLACEMENT_3D('',#6705,#6706,#6707);
#6705 = CARTESIAN_POINT('',(8.89,-2.54,-5.));
#6706 = DIRECTION('',(0.,0.,1.));
#6707 = DIRECTION('',(1.,0.,-0.));
#6708 = ORIENTED_EDGE('',*,*,#6694,.T.);
#6709 = CYLINDRICAL_SURFACE('',#6710,0.2555);
#6710 = AXIS2_PLACEMENT_3D('',#6711,#6712,#6713);
#6711 = CARTESIAN_POINT('',(8.89,-2.54,-5.));
#6712 = DIRECTION('',(0.,0.,1.));
#6713 = DIRECTION('',(1.,0.,-0.));
#6714 = ADVANCED_FACE('',(#6715),#6718,.T.);
#6715 = FACE_BOUND('',#6716,.T.);
#6716 = EDGE_LOOP('',(#6717));
#6717 = ORIENTED_EDGE('',*,*,#6685,.T.);
#6718 = PLANE('',#6719);
#6719 = AXIS2_PLACEMENT_3D('',#6720,#6721,#6722);
#6720 = CARTESIAN_POINT('',(8.89,-2.54,0.1));
#6721 = DIRECTION('',(0.,0.,1.));
#6722 = DIRECTION('',(1.,0.,-0.));
#6723 = ADVANCED_FACE('',(#6724),#6727,.F.);
#6724 = FACE_BOUND('',#6725,.T.);
#6725 = EDGE_LOOP('',(#6726));
#6726 = ORIENTED_EDGE('',*,*,#6702,.F.);
#6727 = PLANE('',#6728);
#6728 = AXIS2_PLACEMENT_3D('',#6729,#6730,#6731);
#6729 = CARTESIAN_POINT('',(8.89,-2.54,-5.));
#6730 = DIRECTION('',(0.,0.,1.));
#6731 = DIRECTION('',(1.,0.,-0.));
#6732 = ( GEOMETRIC_REPRESENTATION_CONTEXT(3) 
GLOBAL_UNCERTAINTY_ASSIGNED_CONTEXT((#6736)) 
GLOBAL_UNIT_ASSIGNED_CONTEXT((#6733,#6734,#6735)) REPRESENTATION_CONTEXT
('Context #1','3D Context with UNIT and UNCERTAINTY') );
#6733 = ( LENGTH_UNIT() NAMED_UNIT(*) SI_UNIT(.MILLI.,.METRE.) );
#6734 = ( NAMED_UNIT(*) PLANE_ANGLE_UNIT() SI_UNIT($,.RADIAN.) );
#6735 = ( NAMED_UNIT(*) SI_UNIT($,.STERADIAN.) SOLID_ANGLE_UNIT() );
#6736 = UNCERTAINTY_MEASURE_WITH_UNIT(LENGTH_MEASURE(1.E-07),#6733,
  'distance_accuracy_value','confusion accuracy');
#6737 = CONTEXT_DEPENDENT_SHAPE_REPRESENTATION(#6738,#6740);
#6738 = ( REPRESENTATION_RELATIONSHIP('','',#6678,#5399) 
REPRESENTATION_RELATIONSHIP_WITH_TRANSFORMATION(#6739) 
SHAPE_REPRESENTATION_RELATIONSHIP() );
#6739 = ITEM_DEFINED_TRANSFORMATION('','',#11,#5464);
#6740 = PRODUCT_DEFINITION_SHAPE('Placement','Placement of an item',
  #6741);
#6741 = NEXT_ASSEMBLY_USAGE_OCCURRENCE('250','Leads044','',#5394,#6673,$
  );
#6742 = PRODUCT_RELATED_PRODUCT_CATEGORY('part',$,(#6675));
#6743 = SHAPE_DEFINITION_REPRESENTATION(#6744,#6750);
#6744 = PRODUCT_DEFINITION_SHAPE('','',#6745);
#6745 = PRODUCT_DEFINITION('design','',#6746,#6749);
#6746 = PRODUCT_DEFINITION_FORMATION('','',#6747);
#6747 = PRODUCT('Leads045','Leads045','',(#6748));
#6748 = PRODUCT_CONTEXT('',#2,'mechanical');
#6749 = PRODUCT_DEFINITION_CONTEXT('part definition',#2,'design');
#6750 = ADVANCED_BREP_SHAPE_REPRESENTATION('',(#11,#6751),#6804);
#6751 = MANIFOLD_SOLID_BREP('',#6752);
#6752 = CLOSED_SHELL('',(#6753,#6786,#6795));
#6753 = ADVANCED_FACE('',(#6754),#6781,.T.);
#6754 = FACE_BOUND('',#6755,.T.);
#6755 = EDGE_LOOP('',(#6756,#6765,#6773,#6780));
#6756 = ORIENTED_EDGE('',*,*,#6757,.F.);
#6757 = EDGE_CURVE('',#6758,#6758,#6760,.T.);
#6758 = VERTEX_POINT('',#6759);
#6759 = CARTESIAN_POINT('',(11.6855,-2.54,0.1));
#6760 = CIRCLE('',#6761,0.2555);
#6761 = AXIS2_PLACEMENT_3D('',#6762,#6763,#6764);
#6762 = CARTESIAN_POINT('',(11.43,-2.54,0.1));
#6763 = DIRECTION('',(0.,0.,1.));
#6764 = DIRECTION('',(1.,0.,-0.));
#6765 = ORIENTED_EDGE('',*,*,#6766,.F.);
#6766 = EDGE_CURVE('',#6767,#6758,#6769,.T.);
#6767 = VERTEX_POINT('',#6768);
#6768 = CARTESIAN_POINT('',(11.6855,-2.54,-5.));
#6769 = LINE('',#6770,#6771);
#6770 = CARTESIAN_POINT('',(11.6855,-2.54,-5.));
#6771 = VECTOR('',#6772,1.);
#6772 = DIRECTION('',(0.,0.,1.));
#6773 = ORIENTED_EDGE('',*,*,#6774,.T.);
#6774 = EDGE_CURVE('',#6767,#6767,#6775,.T.);
#6775 = CIRCLE('',#6776,0.2555);
#6776 = AXIS2_PLACEMENT_3D('',#6777,#6778,#6779);
#6777 = CARTESIAN_POINT('',(11.43,-2.54,-5.));
#6778 = DIRECTION('',(0.,0.,1.));
#6779 = DIRECTION('',(1.,0.,-0.));
#6780 = ORIENTED_EDGE('',*,*,#6766,.T.);
#6781 = CYLINDRICAL_SURFACE('',#6782,0.2555);
#6782 = AXIS2_PLACEMENT_3D('',#6783,#6784,#6785);
#6783 = CARTESIAN_POINT('',(11.43,-2.54,-5.));
#6784 = DIRECTION('',(0.,0.,1.));
#6785 = DIRECTION('',(1.,0.,-0.));
#6786 = ADVANCED_FACE('',(#6787),#6790,.T.);
#6787 = FACE_BOUND('',#6788,.T.);
#6788 = EDGE_LOOP('',(#6789));
#6789 = ORIENTED_EDGE('',*,*,#6757,.T.);
#6790 = PLANE('',#6791);
#6791 = AXIS2_PLACEMENT_3D('',#6792,#6793,#6794);
#6792 = CARTESIAN_POINT('',(11.43,-2.54,0.1));
#6793 = DIRECTION('',(0.,0.,1.));
#6794 = DIRECTION('',(1.,0.,-0.));
#6795 = ADVANCED_FACE('',(#6796),#6799,.F.);
#6796 = FACE_BOUND('',#6797,.T.);
#6797 = EDGE_LOOP('',(#6798));
#6798 = ORIENTED_EDGE('',*,*,#6774,.F.);
#6799 = PLANE('',#6800);
#6800 = AXIS2_PLACEMENT_3D('',#6801,#6802,#6803);
#6801 = CARTESIAN_POINT('',(11.43,-2.54,-5.));
#6802 = DIRECTION('',(0.,0.,1.));
#6803 = DIRECTION('',(1.,0.,-0.));
#6804 = ( GEOMETRIC_REPRESENTATION_CONTEXT(3) 
GLOBAL_UNCERTAINTY_ASSIGNED_CONTEXT((#6808)) 
GLOBAL_UNIT_ASSIGNED_CONTEXT((#6805,#6806,#6807)) REPRESENTATION_CONTEXT
('Context #1','3D Context with UNIT and UNCERTAINTY') );
#6805 = ( LENGTH_UNIT() NAMED_UNIT(*) SI_UNIT(.MILLI.,.METRE.) );
#6806 = ( NAMED_UNIT(*) PLANE_ANGLE_UNIT() SI_UNIT($,.RADIAN.) );
#6807 = ( NAMED_UNIT(*) SI_UNIT($,.STERADIAN.) SOLID_ANGLE_UNIT() );
#6808 = UNCERTAINTY_MEASURE_WITH_UNIT(LENGTH_MEASURE(1.E-07),#6805,
  'distance_accuracy_value','confusion accuracy');
#6809 = CONTEXT_DEPENDENT_SHAPE_REPRESENTATION(#6810,#6812);
#6810 = ( REPRESENTATION_RELATIONSHIP('','',#6750,#5399) 
REPRESENTATION_RELATIONSHIP_WITH_TRANSFORMATION(#6811) 
SHAPE_REPRESENTATION_RELATIONSHIP() );
#6811 = ITEM_DEFINED_TRANSFORMATION('','',#11,#5468);
#6812 = PRODUCT_DEFINITION_SHAPE('Placement','Placement of an item',
  #6813);
#6813 = NEXT_ASSEMBLY_USAGE_OCCURRENCE('251','Leads045','',#5394,#6745,$
  );
#6814 = PRODUCT_RELATED_PRODUCT_CATEGORY('part',$,(#6747));
#6815 = SHAPE_DEFINITION_REPRESENTATION(#6816,#6822);
#6816 = PRODUCT_DEFINITION_SHAPE('','',#6817);
#6817 = PRODUCT_DEFINITION('design','',#6818,#6821);
#6818 = PRODUCT_DEFINITION_FORMATION('','',#6819);
#6819 = PRODUCT('Leads046','Leads046','',(#6820));
#6820 = PRODUCT_CONTEXT('',#2,'mechanical');
#6821 = PRODUCT_DEFINITION_CONTEXT('part definition',#2,'design');
#6822 = ADVANCED_BREP_SHAPE_REPRESENTATION('',(#11,#6823),#6876);
#6823 = MANIFOLD_SOLID_BREP('',#6824);
#6824 = CLOSED_SHELL('',(#6825,#6858,#6867));
#6825 = ADVANCED_FACE('',(#6826),#6853,.T.);
#6826 = FACE_BOUND('',#6827,.T.);
#6827 = EDGE_LOOP('',(#6828,#6837,#6845,#6852));
#6828 = ORIENTED_EDGE('',*,*,#6829,.F.);
#6829 = EDGE_CURVE('',#6830,#6830,#6832,.T.);
#6830 = VERTEX_POINT('',#6831);
#6831 = CARTESIAN_POINT('',(14.2255,-2.54,0.1));
#6832 = CIRCLE('',#6833,0.2555);
#6833 = AXIS2_PLACEMENT_3D('',#6834,#6835,#6836);
#6834 = CARTESIAN_POINT('',(13.97,-2.54,0.1));
#6835 = DIRECTION('',(0.,0.,1.));
#6836 = DIRECTION('',(1.,0.,-0.));
#6837 = ORIENTED_EDGE('',*,*,#6838,.F.);
#6838 = EDGE_CURVE('',#6839,#6830,#6841,.T.);
#6839 = VERTEX_POINT('',#6840);
#6840 = CARTESIAN_POINT('',(14.2255,-2.54,-5.));
#6841 = LINE('',#6842,#6843);
#6842 = CARTESIAN_POINT('',(14.2255,-2.54,-5.));
#6843 = VECTOR('',#6844,1.);
#6844 = DIRECTION('',(0.,0.,1.));
#6845 = ORIENTED_EDGE('',*,*,#6846,.T.);
#6846 = EDGE_CURVE('',#6839,#6839,#6847,.T.);
#6847 = CIRCLE('',#6848,0.2555);
#6848 = AXIS2_PLACEMENT_3D('',#6849,#6850,#6851);
#6849 = CARTESIAN_POINT('',(13.97,-2.54,-5.));
#6850 = DIRECTION('',(0.,0.,1.));
#6851 = DIRECTION('',(1.,0.,-0.));
#6852 = ORIENTED_EDGE('',*,*,#6838,.T.);
#6853 = CYLINDRICAL_SURFACE('',#6854,0.2555);
#6854 = AXIS2_PLACEMENT_3D('',#6855,#6856,#6857);
#6855 = CARTESIAN_POINT('',(13.97,-2.54,-5.));
#6856 = DIRECTION('',(0.,0.,1.));
#6857 = DIRECTION('',(1.,0.,-0.));
#6858 = ADVANCED_FACE('',(#6859),#6862,.T.);
#6859 = FACE_BOUND('',#6860,.T.);
#6860 = EDGE_LOOP('',(#6861));
#6861 = ORIENTED_EDGE('',*,*,#6829,.T.);
#6862 = PLANE('',#6863);
#6863 = AXIS2_PLACEMENT_3D('',#6864,#6865,#6866);
#6864 = CARTESIAN_POINT('',(13.97,-2.54,0.1));
#6865 = DIRECTION('',(0.,0.,1.));
#6866 = DIRECTION('',(1.,0.,-0.));
#6867 = ADVANCED_FACE('',(#6868),#6871,.F.);
#6868 = FACE_BOUND('',#6869,.T.);
#6869 = EDGE_LOOP('',(#6870));
#6870 = ORIENTED_EDGE('',*,*,#6846,.F.);
#6871 = PLANE('',#6872);
#6872 = AXIS2_PLACEMENT_3D('',#6873,#6874,#6875);
#6873 = CARTESIAN_POINT('',(13.97,-2.54,-5.));
#6874 = DIRECTION('',(0.,0.,1.));
#6875 = DIRECTION('',(1.,0.,-0.));
#6876 = ( GEOMETRIC_REPRESENTATION_CONTEXT(3) 
GLOBAL_UNCERTAINTY_ASSIGNED_CONTEXT((#6880)) 
GLOBAL_UNIT_ASSIGNED_CONTEXT((#6877,#6878,#6879)) REPRESENTATION_CONTEXT
('Context #1','3D Context with UNIT and UNCERTAINTY') );
#6877 = ( LENGTH_UNIT() NAMED_UNIT(*) SI_UNIT(.MILLI.,.METRE.) );
#6878 = ( NAMED_UNIT(*) PLANE_ANGLE_UNIT() SI_UNIT($,.RADIAN.) );
#6879 = ( NAMED_UNIT(*) SI_UNIT($,.STERADIAN.) SOLID_ANGLE_UNIT() );
#6880 = UNCERTAINTY_MEASURE_WITH_UNIT(LENGTH_MEASURE(1.E-07),#6877,
  'distance_accuracy_value','confusion accuracy');
#6881 = CONTEXT_DEPENDENT_SHAPE_REPRESENTATION(#6882,#6884);
#6882 = ( REPRESENTATION_RELATIONSHIP('','',#6822,#5399) 
REPRESENTATION_RELATIONSHIP_WITH_TRANSFORMATION(#6883) 
SHAPE_REPRESENTATION_RELATIONSHIP() );
#6883 = ITEM_DEFINED_TRANSFORMATION('','',#11,#5472);
#6884 = PRODUCT_DEFINITION_SHAPE('Placement','Placement of an item',
  #6885);
#6885 = NEXT_ASSEMBLY_USAGE_OCCURRENCE('252','Leads046','',#5394,#6817,$
  );
#6886 = PRODUCT_RELATED_PRODUCT_CATEGORY('part',$,(#6819));
#6887 = SHAPE_DEFINITION_REPRESENTATION(#6888,#6894);
#6888 = PRODUCT_DEFINITION_SHAPE('','',#6889);
#6889 = PRODUCT_DEFINITION('design','',#6890,#6893);
#6890 = PRODUCT_DEFINITION_FORMATION('','',#6891);
#6891 = PRODUCT('Leads047','Leads047','',(#6892));
#6892 = PRODUCT_CONTEXT('',#2,'mechanical');
#6893 = PRODUCT_DEFINITION_CONTEXT('part definition',#2,'design');
#6894 = ADVANCED_BREP_SHAPE_REPRESENTATION('',(#11,#6895),#6948);
#6895 = MANIFOLD_SOLID_BREP('',#6896);
#6896 = CLOSED_SHELL('',(#6897,#6930,#6939));
#6897 = ADVANCED_FACE('',(#6898),#6925,.T.);
#6898 = FACE_BOUND('',#6899,.T.);
#6899 = EDGE_LOOP('',(#6900,#6909,#6917,#6924));
#6900 = ORIENTED_EDGE('',*,*,#6901,.F.);
#6901 = EDGE_CURVE('',#6902,#6902,#6904,.T.);
#6902 = VERTEX_POINT('',#6903);
#6903 = CARTESIAN_POINT('',(16.7655,-2.54,0.1));
#6904 = CIRCLE('',#6905,0.2555);
#6905 = AXIS2_PLACEMENT_3D('',#6906,#6907,#6908);
#6906 = CARTESIAN_POINT('',(16.51,-2.54,0.1));
#6907 = DIRECTION('',(0.,0.,1.));
#6908 = DIRECTION('',(1.,0.,-0.));
#6909 = ORIENTED_EDGE('',*,*,#6910,.F.);
#6910 = EDGE_CURVE('',#6911,#6902,#6913,.T.);
#6911 = VERTEX_POINT('',#6912);
#6912 = CARTESIAN_POINT('',(16.7655,-2.54,-5.));
#6913 = LINE('',#6914,#6915);
#6914 = CARTESIAN_POINT('',(16.7655,-2.54,-5.));
#6915 = VECTOR('',#6916,1.);
#6916 = DIRECTION('',(0.,0.,1.));
#6917 = ORIENTED_EDGE('',*,*,#6918,.T.);
#6918 = EDGE_CURVE('',#6911,#6911,#6919,.T.);
#6919 = CIRCLE('',#6920,0.2555);
#6920 = AXIS2_PLACEMENT_3D('',#6921,#6922,#6923);
#6921 = CARTESIAN_POINT('',(16.51,-2.54,-5.));
#6922 = DIRECTION('',(0.,0.,1.));
#6923 = DIRECTION('',(1.,0.,-0.));
#6924 = ORIENTED_EDGE('',*,*,#6910,.T.);
#6925 = CYLINDRICAL_SURFACE('',#6926,0.2555);
#6926 = AXIS2_PLACEMENT_3D('',#6927,#6928,#6929);
#6927 = CARTESIAN_POINT('',(16.51,-2.54,-5.));
#6928 = DIRECTION('',(0.,0.,1.));
#6929 = DIRECTION('',(1.,0.,-0.));
#6930 = ADVANCED_FACE('',(#6931),#6934,.T.);
#6931 = FACE_BOUND('',#6932,.T.);
#6932 = EDGE_LOOP('',(#6933));
#6933 = ORIENTED_EDGE('',*,*,#6901,.T.);
#6934 = PLANE('',#6935);
#6935 = AXIS2_PLACEMENT_3D('',#6936,#6937,#6938);
#6936 = CARTESIAN_POINT('',(16.51,-2.54,0.1));
#6937 = DIRECTION('',(0.,0.,1.));
#6938 = DIRECTION('',(1.,0.,-0.));
#6939 = ADVANCED_FACE('',(#6940),#6943,.F.);
#6940 = FACE_BOUND('',#6941,.T.);
#6941 = EDGE_LOOP('',(#6942));
#6942 = ORIENTED_EDGE('',*,*,#6918,.F.);
#6943 = PLANE('',#6944);
#6944 = AXIS2_PLACEMENT_3D('',#6945,#6946,#6947);
#6945 = CARTESIAN_POINT('',(16.51,-2.54,-5.));
#6946 = DIRECTION('',(0.,0.,1.));
#6947 = DIRECTION('',(1.,0.,-0.));
#6948 = ( GEOMETRIC_REPRESENTATION_CONTEXT(3) 
GLOBAL_UNCERTAINTY_ASSIGNED_CONTEXT((#6952)) 
GLOBAL_UNIT_ASSIGNED_CONTEXT((#6949,#6950,#6951)) REPRESENTATION_CONTEXT
('Context #1','3D Context with UNIT and UNCERTAINTY') );
#6949 = ( LENGTH_UNIT() NAMED_UNIT(*) SI_UNIT(.MILLI.,.METRE.) );
#6950 = ( NAMED_UNIT(*) PLANE_ANGLE_UNIT() SI_UNIT($,.RADIAN.) );
#6951 = ( NAMED_UNIT(*) SI_UNIT($,.STERADIAN.) SOLID_ANGLE_UNIT() );
#6952 = UNCERTAINTY_MEASURE_WITH_UNIT(LENGTH_MEASURE(1.E-07),#6949,
  'distance_accuracy_value','confusion accuracy');
#6953 = CONTEXT_DEPENDENT_SHAPE_REPRESENTATION(#6954,#6956);
#6954 = ( REPRESENTATION_RELATIONSHIP('','',#6894,#5399) 
REPRESENTATION_RELATIONSHIP_WITH_TRANSFORMATION(#6955) 
SHAPE_REPRESENTATION_RELATIONSHIP() );
#6955 = ITEM_DEFINED_TRANSFORMATION('','',#11,#5476);
#6956 = PRODUCT_DEFINITION_SHAPE('Placement','Placement of an item',
  #6957);
#6957 = NEXT_ASSEMBLY_USAGE_OCCURRENCE('253','Leads047','',#5394,#6889,$
  );
#6958 = PRODUCT_RELATED_PRODUCT_CATEGORY('part',$,(#6891));
#6959 = SHAPE_DEFINITION_REPRESENTATION(#6960,#6966);
#6960 = PRODUCT_DEFINITION_SHAPE('','',#6961);
#6961 = PRODUCT_DEFINITION('design','',#6962,#6965);
#6962 = PRODUCT_DEFINITION_FORMATION('','',#6963);
#6963 = PRODUCT('Leads048','Leads048','',(#6964));
#6964 = PRODUCT_CONTEXT('',#2,'mechanical');
#6965 = PRODUCT_DEFINITION_CONTEXT('part definition',#2,'design');
#6966 = ADVANCED_BREP_SHAPE_REPRESENTATION('',(#11,#6967),#7020);
#6967 = MANIFOLD_SOLID_BREP('',#6968);
#6968 = CLOSED_SHELL('',(#6969,#7002,#7011));
#6969 = ADVANCED_FACE('',(#6970),#6997,.T.);
#6970 = FACE_BOUND('',#6971,.T.);
#6971 = EDGE_LOOP('',(#6972,#6981,#6989,#6996));
#6972 = ORIENTED_EDGE('',*,*,#6973,.F.);
#6973 = EDGE_CURVE('',#6974,#6974,#6976,.T.);
#6974 = VERTEX_POINT('',#6975);
#6975 = CARTESIAN_POINT('',(19.3055,-2.54,0.1));
#6976 = CIRCLE('',#6977,0.2555);
#6977 = AXIS2_PLACEMENT_3D('',#6978,#6979,#6980);
#6978 = CARTESIAN_POINT('',(19.05,-2.54,0.1));
#6979 = DIRECTION('',(0.,0.,1.));
#6980 = DIRECTION('',(1.,0.,-0.));
#6981 = ORIENTED_EDGE('',*,*,#6982,.F.);
#6982 = EDGE_CURVE('',#6983,#6974,#6985,.T.);
#6983 = VERTEX_POINT('',#6984);
#6984 = CARTESIAN_POINT('',(19.3055,-2.54,-5.));
#6985 = LINE('',#6986,#6987);
#6986 = CARTESIAN_POINT('',(19.3055,-2.54,-5.));
#6987 = VECTOR('',#6988,1.);
#6988 = DIRECTION('',(0.,0.,1.));
#6989 = ORIENTED_EDGE('',*,*,#6990,.T.);
#6990 = EDGE_CURVE('',#6983,#6983,#6991,.T.);
#6991 = CIRCLE('',#6992,0.2555);
#6992 = AXIS2_PLACEMENT_3D('',#6993,#6994,#6995);
#6993 = CARTESIAN_POINT('',(19.05,-2.54,-5.));
#6994 = DIRECTION('',(0.,0.,1.));
#6995 = DIRECTION('',(1.,0.,-0.));
#6996 = ORIENTED_EDGE('',*,*,#6982,.T.);
#6997 = CYLINDRICAL_SURFACE('',#6998,0.2555);
#6998 = AXIS2_PLACEMENT_3D('',#6999,#7000,#7001);
#6999 = CARTESIAN_POINT('',(19.05,-2.54,-5.));
#7000 = DIRECTION('',(0.,0.,1.));
#7001 = DIRECTION('',(1.,0.,-0.));
#7002 = ADVANCED_FACE('',(#7003),#7006,.T.);
#7003 = FACE_BOUND('',#7004,.T.);
#7004 = EDGE_LOOP('',(#7005));
#7005 = ORIENTED_EDGE('',*,*,#6973,.T.);
#7006 = PLANE('',#7007);
#7007 = AXIS2_PLACEMENT_3D('',#7008,#7009,#7010);
#7008 = CARTESIAN_POINT('',(19.05,-2.54,0.1));
#7009 = DIRECTION('',(0.,0.,1.));
#7010 = DIRECTION('',(1.,0.,-0.));
#7011 = ADVANCED_FACE('',(#7012),#7015,.F.);
#7012 = FACE_BOUND('',#7013,.T.);
#7013 = EDGE_LOOP('',(#7014));
#7014 = ORIENTED_EDGE('',*,*,#6990,.F.);
#7015 = PLANE('',#7016);
#7016 = AXIS2_PLACEMENT_3D('',#7017,#7018,#7019);
#7017 = CARTESIAN_POINT('',(19.05,-2.54,-5.));
#7018 = DIRECTION('',(0.,0.,1.));
#7019 = DIRECTION('',(1.,0.,-0.));
#7020 = ( GEOMETRIC_REPRESENTATION_CONTEXT(3) 
GLOBAL_UNCERTAINTY_ASSIGNED_CONTEXT((#7024)) 
GLOBAL_UNIT_ASSIGNED_CONTEXT((#7021,#7022,#7023)) REPRESENTATION_CONTEXT
('Context #1','3D Context with UNIT and UNCERTAINTY') );
#7021 = ( LENGTH_UNIT() NAMED_UNIT(*) SI_UNIT(.MILLI.,.METRE.) );
#7022 = ( NAMED_UNIT(*) PLANE_ANGLE_UNIT() SI_UNIT($,.RADIAN.) );
#7023 = ( NAMED_UNIT(*) SI_UNIT($,.STERADIAN.) SOLID_ANGLE_UNIT() );
#7024 = UNCERTAINTY_MEASURE_WITH_UNIT(LENGTH_MEASURE(1.E-07),#7021,
  'distance_accuracy_value','confusion accuracy');
#7025 = CONTEXT_DEPENDENT_SHAPE_REPRESENTATION(#7026,#7028);
#7026 = ( REPRESENTATION_RELATIONSHIP('','',#6966,#5399) 
REPRESENTATION_RELATIONSHIP_WITH_TRANSFORMATION(#7027) 
SHAPE_REPRESENTATION_RELATIONSHIP() );
#7027 = ITEM_DEFINED_TRANSFORMATION('','',#11,#5480);
#7028 = PRODUCT_DEFINITION_SHAPE('Placement','Placement of an item',
  #7029);
#7029 = NEXT_ASSEMBLY_USAGE_OCCURRENCE('254','Leads048','',#5394,#6961,$
  );
#7030 = PRODUCT_RELATED_PRODUCT_CATEGORY('part',$,(#6963));
#7031 = SHAPE_DEFINITION_REPRESENTATION(#7032,#7038);
#7032 = PRODUCT_DEFINITION_SHAPE('','',#7033);
#7033 = PRODUCT_DEFINITION('design','',#7034,#7037);
#7034 = PRODUCT_DEFINITION_FORMATION('','',#7035);
#7035 = PRODUCT('Leads049','Leads049','',(#7036));
#7036 = PRODUCT_CONTEXT('',#2,'mechanical');
#7037 = PRODUCT_DEFINITION_CONTEXT('part definition',#2,'design');
#7038 = ADVANCED_BREP_SHAPE_REPRESENTATION('',(#11,#7039),#7092);
#7039 = MANIFOLD_SOLID_BREP('',#7040);
#7040 = CLOSED_SHELL('',(#7041,#7074,#7083));
#7041 = ADVANCED_FACE('',(#7042),#7069,.T.);
#7042 = FACE_BOUND('',#7043,.T.);
#7043 = EDGE_LOOP('',(#7044,#7053,#7061,#7068));
#7044 = ORIENTED_EDGE('',*,*,#7045,.F.);
#7045 = EDGE_CURVE('',#7046,#7046,#7048,.T.);
#7046 = VERTEX_POINT('',#7047);
#7047 = CARTESIAN_POINT('',(21.8455,-2.54,0.1));
#7048 = CIRCLE('',#7049,0.2555);
#7049 = AXIS2_PLACEMENT_3D('',#7050,#7051,#7052);
#7050 = CARTESIAN_POINT('',(21.59,-2.54,0.1));
#7051 = DIRECTION('',(0.,0.,1.));
#7052 = DIRECTION('',(1.,0.,-0.));
#7053 = ORIENTED_EDGE('',*,*,#7054,.F.);
#7054 = EDGE_CURVE('',#7055,#7046,#7057,.T.);
#7055 = VERTEX_POINT('',#7056);
#7056 = CARTESIAN_POINT('',(21.8455,-2.54,-5.));
#7057 = LINE('',#7058,#7059);
#7058 = CARTESIAN_POINT('',(21.8455,-2.54,-5.));
#7059 = VECTOR('',#7060,1.);
#7060 = DIRECTION('',(0.,0.,1.));
#7061 = ORIENTED_EDGE('',*,*,#7062,.T.);
#7062 = EDGE_CURVE('',#7055,#7055,#7063,.T.);
#7063 = CIRCLE('',#7064,0.2555);
#7064 = AXIS2_PLACEMENT_3D('',#7065,#7066,#7067);
#7065 = CARTESIAN_POINT('',(21.59,-2.54,-5.));
#7066 = DIRECTION('',(0.,0.,1.));
#7067 = DIRECTION('',(1.,0.,-0.));
#7068 = ORIENTED_EDGE('',*,*,#7054,.T.);
#7069 = CYLINDRICAL_SURFACE('',#7070,0.2555);
#7070 = AXIS2_PLACEMENT_3D('',#7071,#7072,#7073);
#7071 = CARTESIAN_POINT('',(21.59,-2.54,-5.));
#7072 = DIRECTION('',(0.,0.,1.));
#7073 = DIRECTION('',(1.,0.,-0.));
#7074 = ADVANCED_FACE('',(#7075),#7078,.T.);
#7075 = FACE_BOUND('',#7076,.T.);
#7076 = EDGE_LOOP('',(#7077));
#7077 = ORIENTED_EDGE('',*,*,#7045,.T.);
#7078 = PLANE('',#7079);
#7079 = AXIS2_PLACEMENT_3D('',#7080,#7081,#7082);
#7080 = CARTESIAN_POINT('',(21.59,-2.54,0.1));
#7081 = DIRECTION('',(0.,0.,1.));
#7082 = DIRECTION('',(1.,0.,-0.));
#7083 = ADVANCED_FACE('',(#7084),#7087,.F.);
#7084 = FACE_BOUND('',#7085,.T.);
#7085 = EDGE_LOOP('',(#7086));
#7086 = ORIENTED_EDGE('',*,*,#7062,.F.);
#7087 = PLANE('',#7088);
#7088 = AXIS2_PLACEMENT_3D('',#7089,#7090,#7091);
#7089 = CARTESIAN_POINT('',(21.59,-2.54,-5.));
#7090 = DIRECTION('',(0.,0.,1.));
#7091 = DIRECTION('',(1.,0.,-0.));
#7092 = ( GEOMETRIC_REPRESENTATION_CONTEXT(3) 
GLOBAL_UNCERTAINTY_ASSIGNED_CONTEXT((#7096)) 
GLOBAL_UNIT_ASSIGNED_CONTEXT((#7093,#7094,#7095)) REPRESENTATION_CONTEXT
('Context #1','3D Context with UNIT and UNCERTAINTY') );
#7093 = ( LENGTH_UNIT() NAMED_UNIT(*) SI_UNIT(.MILLI.,.METRE.) );
#7094 = ( NAMED_UNIT(*) PLANE_ANGLE_UNIT() SI_UNIT($,.RADIAN.) );
#7095 = ( NAMED_UNIT(*) SI_UNIT($,.STERADIAN.) SOLID_ANGLE_UNIT() );
#7096 = UNCERTAINTY_MEASURE_WITH_UNIT(LENGTH_MEASURE(1.E-07),#7093,
  'distance_accuracy_value','confusion accuracy');
#7097 = CONTEXT_DEPENDENT_SHAPE_REPRESENTATION(#7098,#7100);
#7098 = ( REPRESENTATION_RELATIONSHIP('','',#7038,#5399) 
REPRESENTATION_RELATIONSHIP_WITH_TRANSFORMATION(#7099) 
SHAPE_REPRESENTATION_RELATIONSHIP() );
#7099 = ITEM_DEFINED_TRANSFORMATION('','',#11,#5484);
#7100 = PRODUCT_DEFINITION_SHAPE('Placement','Placement of an item',
  #7101);
#7101 = NEXT_ASSEMBLY_USAGE_OCCURRENCE('255','Leads049','',#5394,#7033,$
  );
#7102 = PRODUCT_RELATED_PRODUCT_CATEGORY('part',$,(#7035));
#7103 = SHAPE_DEFINITION_REPRESENTATION(#7104,#7110);
#7104 = PRODUCT_DEFINITION_SHAPE('','',#7105);
#7105 = PRODUCT_DEFINITION('design','',#7106,#7109);
#7106 = PRODUCT_DEFINITION_FORMATION('','',#7107);
#7107 = PRODUCT('Leads050','Leads050','',(#7108));
#7108 = PRODUCT_CONTEXT('',#2,'mechanical');
#7109 = PRODUCT_DEFINITION_CONTEXT('part definition',#2,'design');
#7110 = ADVANCED_BREP_SHAPE_REPRESENTATION('',(#11,#7111),#7164);
#7111 = MANIFOLD_SOLID_BREP('',#7112);
#7112 = CLOSED_SHELL('',(#7113,#7146,#7155));
#7113 = ADVANCED_FACE('',(#7114),#7141,.T.);
#7114 = FACE_BOUND('',#7115,.T.);
#7115 = EDGE_LOOP('',(#7116,#7125,#7133,#7140));
#7116 = ORIENTED_EDGE('',*,*,#7117,.F.);
#7117 = EDGE_CURVE('',#7118,#7118,#7120,.T.);
#7118 = VERTEX_POINT('',#7119);
#7119 = CARTESIAN_POINT('',(24.3855,-2.54,0.1));
#7120 = CIRCLE('',#7121,0.2555);
#7121 = AXIS2_PLACEMENT_3D('',#7122,#7123,#7124);
#7122 = CARTESIAN_POINT('',(24.13,-2.54,0.1));
#7123 = DIRECTION('',(0.,0.,1.));
#7124 = DIRECTION('',(1.,0.,-0.));
#7125 = ORIENTED_EDGE('',*,*,#7126,.F.);
#7126 = EDGE_CURVE('',#7127,#7118,#7129,.T.);
#7127 = VERTEX_POINT('',#7128);
#7128 = CARTESIAN_POINT('',(24.3855,-2.54,-5.));
#7129 = LINE('',#7130,#7131);
#7130 = CARTESIAN_POINT('',(24.3855,-2.54,-5.));
#7131 = VECTOR('',#7132,1.);
#7132 = DIRECTION('',(0.,0.,1.));
#7133 = ORIENTED_EDGE('',*,*,#7134,.T.);
#7134 = EDGE_CURVE('',#7127,#7127,#7135,.T.);
#7135 = CIRCLE('',#7136,0.2555);
#7136 = AXIS2_PLACEMENT_3D('',#7137,#7138,#7139);
#7137 = CARTESIAN_POINT('',(24.13,-2.54,-5.));
#7138 = DIRECTION('',(0.,0.,1.));
#7139 = DIRECTION('',(1.,0.,-0.));
#7140 = ORIENTED_EDGE('',*,*,#7126,.T.);
#7141 = CYLINDRICAL_SURFACE('',#7142,0.2555);
#7142 = AXIS2_PLACEMENT_3D('',#7143,#7144,#7145);
#7143 = CARTESIAN_POINT('',(24.13,-2.54,-5.));
#7144 = DIRECTION('',(0.,0.,1.));
#7145 = DIRECTION('',(1.,0.,-0.));
#7146 = ADVANCED_FACE('',(#7147),#7150,.T.);
#7147 = FACE_BOUND('',#7148,.T.);
#7148 = EDGE_LOOP('',(#7149));
#7149 = ORIENTED_EDGE('',*,*,#7117,.T.);
#7150 = PLANE('',#7151);
#7151 = AXIS2_PLACEMENT_3D('',#7152,#7153,#7154);
#7152 = CARTESIAN_POINT('',(24.13,-2.54,0.1));
#7153 = DIRECTION('',(0.,0.,1.));
#7154 = DIRECTION('',(1.,0.,-0.));
#7155 = ADVANCED_FACE('',(#7156),#7159,.F.);
#7156 = FACE_BOUND('',#7157,.T.);
#7157 = EDGE_LOOP('',(#7158));
#7158 = ORIENTED_EDGE('',*,*,#7134,.F.);
#7159 = PLANE('',#7160);
#7160 = AXIS2_PLACEMENT_3D('',#7161,#7162,#7163);
#7161 = CARTESIAN_POINT('',(24.13,-2.54,-5.));
#7162 = DIRECTION('',(0.,0.,1.));
#7163 = DIRECTION('',(1.,0.,-0.));
#7164 = ( GEOMETRIC_REPRESENTATION_CONTEXT(3) 
GLOBAL_UNCERTAINTY_ASSIGNED_CONTEXT((#7168)) 
GLOBAL_UNIT_ASSIGNED_CONTEXT((#7165,#7166,#7167)) REPRESENTATION_CONTEXT
('Context #1','3D Context with UNIT and UNCERTAINTY') );
#7165 = ( LENGTH_UNIT() NAMED_UNIT(*) SI_UNIT(.MILLI.,.METRE.) );
#7166 = ( NAMED_UNIT(*) PLANE_ANGLE_UNIT() SI_UNIT($,.RADIAN.) );
#7167 = ( NAMED_UNIT(*) SI_UNIT($,.STERADIAN.) SOLID_ANGLE_UNIT() );
#7168 = UNCERTAINTY_MEASURE_WITH_UNIT(LENGTH_MEASURE(1.E-07),#7165,
  'distance_accuracy_value','confusion accuracy');
#7169 = CONTEXT_DEPENDENT_SHAPE_REPRESENTATION(#7170,#7172);
#7170 = ( REPRESENTATION_RELATIONSHIP('','',#7110,#5399) 
REPRESENTATION_RELATIONSHIP_WITH_TRANSFORMATION(#7171) 
SHAPE_REPRESENTATION_RELATIONSHIP() );
#7171 = ITEM_DEFINED_TRANSFORMATION('','',#11,#5488);
#7172 = PRODUCT_DEFINITION_SHAPE('Placement','Placement of an item',
  #7173);
#7173 = NEXT_ASSEMBLY_USAGE_OCCURRENCE('256','Leads050','',#5394,#7105,$
  );
#7174 = PRODUCT_RELATED_PRODUCT_CATEGORY('part',$,(#7107));
#7175 = SHAPE_DEFINITION_REPRESENTATION(#7176,#7182);
#7176 = PRODUCT_DEFINITION_SHAPE('','',#7177);
#7177 = PRODUCT_DEFINITION('design','',#7178,#7181);
#7178 = PRODUCT_DEFINITION_FORMATION('','',#7179);
#7179 = PRODUCT('Leads051','Leads051','',(#7180));
#7180 = PRODUCT_CONTEXT('',#2,'mechanical');
#7181 = PRODUCT_DEFINITION_CONTEXT('part definition',#2,'design');
#7182 = ADVANCED_BREP_SHAPE_REPRESENTATION('',(#11,#7183),#7236);
#7183 = MANIFOLD_SOLID_BREP('',#7184);
#7184 = CLOSED_SHELL('',(#7185,#7218,#7227));
#7185 = ADVANCED_FACE('',(#7186),#7213,.T.);
#7186 = FACE_BOUND('',#7187,.T.);
#7187 = EDGE_LOOP('',(#7188,#7197,#7205,#7212));
#7188 = ORIENTED_EDGE('',*,*,#7189,.F.);
#7189 = EDGE_CURVE('',#7190,#7190,#7192,.T.);
#7190 = VERTEX_POINT('',#7191);
#7191 = CARTESIAN_POINT('',(26.9255,-2.54,0.1));
#7192 = CIRCLE('',#7193,0.2555);
#7193 = AXIS2_PLACEMENT_3D('',#7194,#7195,#7196);
#7194 = CARTESIAN_POINT('',(26.67,-2.54,0.1));
#7195 = DIRECTION('',(0.,0.,1.));
#7196 = DIRECTION('',(1.,0.,-0.));
#7197 = ORIENTED_EDGE('',*,*,#7198,.F.);
#7198 = EDGE_CURVE('',#7199,#7190,#7201,.T.);
#7199 = VERTEX_POINT('',#7200);
#7200 = CARTESIAN_POINT('',(26.9255,-2.54,-5.));
#7201 = LINE('',#7202,#7203);
#7202 = CARTESIAN_POINT('',(26.9255,-2.54,-5.));
#7203 = VECTOR('',#7204,1.);
#7204 = DIRECTION('',(0.,0.,1.));
#7205 = ORIENTED_EDGE('',*,*,#7206,.T.);
#7206 = EDGE_CURVE('',#7199,#7199,#7207,.T.);
#7207 = CIRCLE('',#7208,0.2555);
#7208 = AXIS2_PLACEMENT_3D('',#7209,#7210,#7211);
#7209 = CARTESIAN_POINT('',(26.67,-2.54,-5.));
#7210 = DIRECTION('',(0.,0.,1.));
#7211 = DIRECTION('',(1.,0.,-0.));
#7212 = ORIENTED_EDGE('',*,*,#7198,.T.);
#7213 = CYLINDRICAL_SURFACE('',#7214,0.2555);
#7214 = AXIS2_PLACEMENT_3D('',#7215,#7216,#7217);
#7215 = CARTESIAN_POINT('',(26.67,-2.54,-5.));
#7216 = DIRECTION('',(0.,0.,1.));
#7217 = DIRECTION('',(1.,0.,-0.));
#7218 = ADVANCED_FACE('',(#7219),#7222,.T.);
#7219 = FACE_BOUND('',#7220,.T.);
#7220 = EDGE_LOOP('',(#7221));
#7221 = ORIENTED_EDGE('',*,*,#7189,.T.);
#7222 = PLANE('',#7223);
#7223 = AXIS2_PLACEMENT_3D('',#7224,#7225,#7226);
#7224 = CARTESIAN_POINT('',(26.67,-2.54,0.1));
#7225 = DIRECTION('',(0.,0.,1.));
#7226 = DIRECTION('',(1.,0.,-0.));
#7227 = ADVANCED_FACE('',(#7228),#7231,.F.);
#7228 = FACE_BOUND('',#7229,.T.);
#7229 = EDGE_LOOP('',(#7230));
#7230 = ORIENTED_EDGE('',*,*,#7206,.F.);
#7231 = PLANE('',#7232);
#7232 = AXIS2_PLACEMENT_3D('',#7233,#7234,#7235);
#7233 = CARTESIAN_POINT('',(26.67,-2.54,-5.));
#7234 = DIRECTION('',(0.,0.,1.));
#7235 = DIRECTION('',(1.,0.,-0.));
#7236 = ( GEOMETRIC_REPRESENTATION_CONTEXT(3) 
GLOBAL_UNCERTAINTY_ASSIGNED_CONTEXT((#7240)) 
GLOBAL_UNIT_ASSIGNED_CONTEXT((#7237,#7238,#7239)) REPRESENTATION_CONTEXT
('Context #1','3D Context with UNIT and UNCERTAINTY') );
#7237 = ( LENGTH_UNIT() NAMED_UNIT(*) SI_UNIT(.MILLI.,.METRE.) );
#7238 = ( NAMED_UNIT(*) PLANE_ANGLE_UNIT() SI_UNIT($,.RADIAN.) );
#7239 = ( NAMED_UNIT(*) SI_UNIT($,.STERADIAN.) SOLID_ANGLE_UNIT() );
#7240 = UNCERTAINTY_MEASURE_WITH_UNIT(LENGTH_MEASURE(1.E-07),#7237,
  'distance_accuracy_value','confusion accuracy');
#7241 = CONTEXT_DEPENDENT_SHAPE_REPRESENTATION(#7242,#7244);
#7242 = ( REPRESENTATION_RELATIONSHIP('','',#7182,#5399) 
REPRESENTATION_RELATIONSHIP_WITH_TRANSFORMATION(#7243) 
SHAPE_REPRESENTATION_RELATIONSHIP() );
#7243 = ITEM_DEFINED_TRANSFORMATION('','',#11,#5492);
#7244 = PRODUCT_DEFINITION_SHAPE('Placement','Placement of an item',
  #7245);
#7245 = NEXT_ASSEMBLY_USAGE_OCCURRENCE('257','Leads051','',#5394,#7177,$
  );
#7246 = PRODUCT_RELATED_PRODUCT_CATEGORY('part',$,(#7179));
#7247 = SHAPE_DEFINITION_REPRESENTATION(#7248,#7254);
#7248 = PRODUCT_DEFINITION_SHAPE('','',#7249);
#7249 = PRODUCT_DEFINITION('design','',#7250,#7253);
#7250 = PRODUCT_DEFINITION_FORMATION('','',#7251);
#7251 = PRODUCT('Leads052','Leads052','',(#7252));
#7252 = PRODUCT_CONTEXT('',#2,'mechanical');
#7253 = PRODUCT_DEFINITION_CONTEXT('part definition',#2,'design');
#7254 = ADVANCED_BREP_SHAPE_REPRESENTATION('',(#11,#7255),#7308);
#7255 = MANIFOLD_SOLID_BREP('',#7256);
#7256 = CLOSED_SHELL('',(#7257,#7290,#7299));
#7257 = ADVANCED_FACE('',(#7258),#7285,.T.);
#7258 = FACE_BOUND('',#7259,.T.);
#7259 = EDGE_LOOP('',(#7260,#7269,#7277,#7284));
#7260 = ORIENTED_EDGE('',*,*,#7261,.F.);
#7261 = EDGE_CURVE('',#7262,#7262,#7264,.T.);
#7262 = VERTEX_POINT('',#7263);
#7263 = CARTESIAN_POINT('',(29.4655,-2.54,0.1));
#7264 = CIRCLE('',#7265,0.2555);
#7265 = AXIS2_PLACEMENT_3D('',#7266,#7267,#7268);
#7266 = CARTESIAN_POINT('',(29.21,-2.54,0.1));
#7267 = DIRECTION('',(0.,0.,1.));
#7268 = DIRECTION('',(1.,0.,-0.));
#7269 = ORIENTED_EDGE('',*,*,#7270,.F.);
#7270 = EDGE_CURVE('',#7271,#7262,#7273,.T.);
#7271 = VERTEX_POINT('',#7272);
#7272 = CARTESIAN_POINT('',(29.4655,-2.54,-5.));
#7273 = LINE('',#7274,#7275);
#7274 = CARTESIAN_POINT('',(29.4655,-2.54,-5.));
#7275 = VECTOR('',#7276,1.);
#7276 = DIRECTION('',(0.,0.,1.));
#7277 = ORIENTED_EDGE('',*,*,#7278,.T.);
#7278 = EDGE_CURVE('',#7271,#7271,#7279,.T.);
#7279 = CIRCLE('',#7280,0.2555);
#7280 = AXIS2_PLACEMENT_3D('',#7281,#7282,#7283);
#7281 = CARTESIAN_POINT('',(29.21,-2.54,-5.));
#7282 = DIRECTION('',(0.,0.,1.));
#7283 = DIRECTION('',(1.,0.,-0.));
#7284 = ORIENTED_EDGE('',*,*,#7270,.T.);
#7285 = CYLINDRICAL_SURFACE('',#7286,0.2555);
#7286 = AXIS2_PLACEMENT_3D('',#7287,#7288,#7289);
#7287 = CARTESIAN_POINT('',(29.21,-2.54,-5.));
#7288 = DIRECTION('',(0.,0.,1.));
#7289 = DIRECTION('',(1.,0.,-0.));
#7290 = ADVANCED_FACE('',(#7291),#7294,.T.);
#7291 = FACE_BOUND('',#7292,.T.);
#7292 = EDGE_LOOP('',(#7293));
#7293 = ORIENTED_EDGE('',*,*,#7261,.T.);
#7294 = PLANE('',#7295);
#7295 = AXIS2_PLACEMENT_3D('',#7296,#7297,#7298);
#7296 = CARTESIAN_POINT('',(29.21,-2.54,0.1));
#7297 = DIRECTION('',(0.,0.,1.));
#7298 = DIRECTION('',(1.,0.,-0.));
#7299 = ADVANCED_FACE('',(#7300),#7303,.F.);
#7300 = FACE_BOUND('',#7301,.T.);
#7301 = EDGE_LOOP('',(#7302));
#7302 = ORIENTED_EDGE('',*,*,#7278,.F.);
#7303 = PLANE('',#7304);
#7304 = AXIS2_PLACEMENT_3D('',#7305,#7306,#7307);
#7305 = CARTESIAN_POINT('',(29.21,-2.54,-5.));
#7306 = DIRECTION('',(0.,0.,1.));
#7307 = DIRECTION('',(1.,0.,-0.));
#7308 = ( GEOMETRIC_REPRESENTATION_CONTEXT(3) 
GLOBAL_UNCERTAINTY_ASSIGNED_CONTEXT((#7312)) 
GLOBAL_UNIT_ASSIGNED_CONTEXT((#7309,#7310,#7311)) REPRESENTATION_CONTEXT
('Context #1','3D Context with UNIT and UNCERTAINTY') );
#7309 = ( LENGTH_UNIT() NAMED_UNIT(*) SI_UNIT(.MILLI.,.METRE.) );
#7310 = ( NAMED_UNIT(*) PLANE_ANGLE_UNIT() SI_UNIT($,.RADIAN.) );
#7311 = ( NAMED_UNIT(*) SI_UNIT($,.STERADIAN.) SOLID_ANGLE_UNIT() );
#7312 = UNCERTAINTY_MEASURE_WITH_UNIT(LENGTH_MEASURE(1.E-07),#7309,
  'distance_accuracy_value','confusion accuracy');
#7313 = CONTEXT_DEPENDENT_SHAPE_REPRESENTATION(#7314,#7316);
#7314 = ( REPRESENTATION_RELATIONSHIP('','',#7254,#5399) 
REPRESENTATION_RELATIONSHIP_WITH_TRANSFORMATION(#7315) 
SHAPE_REPRESENTATION_RELATIONSHIP() );
#7315 = ITEM_DEFINED_TRANSFORMATION('','',#11,#5496);
#7316 = PRODUCT_DEFINITION_SHAPE('Placement','Placement of an item',
  #7317);
#7317 = NEXT_ASSEMBLY_USAGE_OCCURRENCE('258','Leads052','',#5394,#7249,$
  );
#7318 = PRODUCT_RELATED_PRODUCT_CATEGORY('part',$,(#7251));
#7319 = SHAPE_DEFINITION_REPRESENTATION(#7320,#7326);
#7320 = PRODUCT_DEFINITION_SHAPE('','',#7321);
#7321 = PRODUCT_DEFINITION('design','',#7322,#7325);
#7322 = PRODUCT_DEFINITION_FORMATION('','',#7323);
#7323 = PRODUCT('Leads053','Leads053','',(#7324));
#7324 = PRODUCT_CONTEXT('',#2,'mechanical');
#7325 = PRODUCT_DEFINITION_CONTEXT('part definition',#2,'design');
#7326 = ADVANCED_BREP_SHAPE_REPRESENTATION('',(#11,#7327),#7380);
#7327 = MANIFOLD_SOLID_BREP('',#7328);
#7328 = CLOSED_SHELL('',(#7329,#7362,#7371));
#7329 = ADVANCED_FACE('',(#7330),#7357,.T.);
#7330 = FACE_BOUND('',#7331,.T.);
#7331 = EDGE_LOOP('',(#7332,#7341,#7349,#7356));
#7332 = ORIENTED_EDGE('',*,*,#7333,.F.);
#7333 = EDGE_CURVE('',#7334,#7334,#7336,.T.);
#7334 = VERTEX_POINT('',#7335);
#7335 = CARTESIAN_POINT('',(-2.59,-1.27,0.1));
#7336 = CIRCLE('',#7337,1.22);
#7337 = AXIS2_PLACEMENT_3D('',#7338,#7339,#7340);
#7338 = CARTESIAN_POINT('',(-3.81,-1.27,0.1));
#7339 = DIRECTION('',(0.,0.,1.));
#7340 = DIRECTION('',(1.,0.,-0.));
#7341 = ORIENTED_EDGE('',*,*,#7342,.F.);
#7342 = EDGE_CURVE('',#7343,#7334,#7345,.T.);
#7343 = VERTEX_POINT('',#7344);
#7344 = CARTESIAN_POINT('',(-2.59,-1.27,-5.));
#7345 = LINE('',#7346,#7347);
#7346 = CARTESIAN_POINT('',(-2.59,-1.27,-5.));
#7347 = VECTOR('',#7348,1.);
#7348 = DIRECTION('',(0.,0.,1.));
#7349 = ORIENTED_EDGE('',*,*,#7350,.T.);
#7350 = EDGE_CURVE('',#7343,#7343,#7351,.T.);
#7351 = CIRCLE('',#7352,1.22);
#7352 = AXIS2_PLACEMENT_3D('',#7353,#7354,#7355);
#7353 = CARTESIAN_POINT('',(-3.81,-1.27,-5.));
#7354 = DIRECTION('',(0.,0.,1.));
#7355 = DIRECTION('',(1.,0.,-0.));
#7356 = ORIENTED_EDGE('',*,*,#7342,.T.);
#7357 = CYLINDRICAL_SURFACE('',#7358,1.22);
#7358 = AXIS2_PLACEMENT_3D('',#7359,#7360,#7361);
#7359 = CARTESIAN_POINT('',(-3.81,-1.27,-5.));
#7360 = DIRECTION('',(0.,0.,1.));
#7361 = DIRECTION('',(1.,0.,-0.));
#7362 = ADVANCED_FACE('',(#7363),#7366,.T.);
#7363 = FACE_BOUND('',#7364,.T.);
#7364 = EDGE_LOOP('',(#7365));
#7365 = ORIENTED_EDGE('',*,*,#7333,.T.);
#7366 = PLANE('',#7367);
#7367 = AXIS2_PLACEMENT_3D('',#7368,#7369,#7370);
#7368 = CARTESIAN_POINT('',(-3.81,-1.27,0.1));
#7369 = DIRECTION('',(0.,0.,1.));
#7370 = DIRECTION('',(1.,0.,-0.));
#7371 = ADVANCED_FACE('',(#7372),#7375,.F.);
#7372 = FACE_BOUND('',#7373,.T.);
#7373 = EDGE_LOOP('',(#7374));
#7374 = ORIENTED_EDGE('',*,*,#7350,.F.);
#7375 = PLANE('',#7376);
#7376 = AXIS2_PLACEMENT_3D('',#7377,#7378,#7379);
#7377 = CARTESIAN_POINT('',(-3.81,-1.27,-5.));
#7378 = DIRECTION('',(0.,0.,1.));
#7379 = DIRECTION('',(1.,0.,-0.));
#7380 = ( GEOMETRIC_REPRESENTATION_CONTEXT(3) 
GLOBAL_UNCERTAINTY_ASSIGNED_CONTEXT((#7384)) 
GLOBAL_UNIT_ASSIGNED_CONTEXT((#7381,#7382,#7383)) REPRESENTATION_CONTEXT
('Context #1','3D Context with UNIT and UNCERTAINTY') );
#7381 = ( LENGTH_UNIT() NAMED_UNIT(*) SI_UNIT(.MILLI.,.METRE.) );
#7382 = ( NAMED_UNIT(*) PLANE_ANGLE_UNIT() SI_UNIT($,.RADIAN.) );
#7383 = ( NAMED_UNIT(*) SI_UNIT($,.STERADIAN.) SOLID_ANGLE_UNIT() );
#7384 = UNCERTAINTY_MEASURE_WITH_UNIT(LENGTH_MEASURE(1.E-07),#7381,
  'distance_accuracy_value','confusion accuracy');
#7385 = CONTEXT_DEPENDENT_SHAPE_REPRESENTATION(#7386,#7388);
#7386 = ( REPRESENTATION_RELATIONSHIP('','',#7326,#5399) 
REPRESENTATION_RELATIONSHIP_WITH_TRANSFORMATION(#7387) 
SHAPE_REPRESENTATION_RELATIONSHIP() );
#7387 = ITEM_DEFINED_TRANSFORMATION('','',#11,#5500);
#7388 = PRODUCT_DEFINITION_SHAPE('Placement','Placement of an item',
  #7389);
#7389 = NEXT_ASSEMBLY_USAGE_OCCURRENCE('259','Leads053','',#5394,#7321,$
  );
#7390 = PRODUCT_RELATED_PRODUCT_CATEGORY('part',$,(#7323));
#7391 = SHAPE_DEFINITION_REPRESENTATION(#7392,#7398);
#7392 = PRODUCT_DEFINITION_SHAPE('','',#7393);
#7393 = PRODUCT_DEFINITION('design','',#7394,#7397);
#7394 = PRODUCT_DEFINITION_FORMATION('','',#7395);
#7395 = PRODUCT('Leads054','Leads054','',(#7396));
#7396 = PRODUCT_CONTEXT('',#2,'mechanical');
#7397 = PRODUCT_DEFINITION_CONTEXT('part definition',#2,'design');
#7398 = ADVANCED_BREP_SHAPE_REPRESENTATION('',(#11,#7399),#7452);
#7399 = MANIFOLD_SOLID_BREP('',#7400);
#7400 = CLOSED_SHELL('',(#7401,#7434,#7443));
#7401 = ADVANCED_FACE('',(#7402),#7429,.T.);
#7402 = FACE_BOUND('',#7403,.T.);
#7403 = EDGE_LOOP('',(#7404,#7413,#7421,#7428));
#7404 = ORIENTED_EDGE('',*,*,#7405,.F.);
#7405 = EDGE_CURVE('',#7406,#7406,#7408,.T.);
#7406 = VERTEX_POINT('',#7407);
#7407 = CARTESIAN_POINT('',(35.51,-1.27,0.1));
#7408 = CIRCLE('',#7409,1.22);
#7409 = AXIS2_PLACEMENT_3D('',#7410,#7411,#7412);
#7410 = CARTESIAN_POINT('',(34.29,-1.27,0.1));
#7411 = DIRECTION('',(0.,0.,1.));
#7412 = DIRECTION('',(1.,0.,-0.));
#7413 = ORIENTED_EDGE('',*,*,#7414,.F.);
#7414 = EDGE_CURVE('',#7415,#7406,#7417,.T.);
#7415 = VERTEX_POINT('',#7416);
#7416 = CARTESIAN_POINT('',(35.51,-1.27,-5.));
#7417 = LINE('',#7418,#7419);
#7418 = CARTESIAN_POINT('',(35.51,-1.27,-5.));
#7419 = VECTOR('',#7420,1.);
#7420 = DIRECTION('',(0.,0.,1.));
#7421 = ORIENTED_EDGE('',*,*,#7422,.T.);
#7422 = EDGE_CURVE('',#7415,#7415,#7423,.T.);
#7423 = CIRCLE('',#7424,1.22);
#7424 = AXIS2_PLACEMENT_3D('',#7425,#7426,#7427);
#7425 = CARTESIAN_POINT('',(34.29,-1.27,-5.));
#7426 = DIRECTION('',(0.,0.,1.));
#7427 = DIRECTION('',(1.,0.,-0.));
#7428 = ORIENTED_EDGE('',*,*,#7414,.T.);
#7429 = CYLINDRICAL_SURFACE('',#7430,1.22);
#7430 = AXIS2_PLACEMENT_3D('',#7431,#7432,#7433);
#7431 = CARTESIAN_POINT('',(34.29,-1.27,-5.));
#7432 = DIRECTION('',(0.,0.,1.));
#7433 = DIRECTION('',(1.,0.,-0.));
#7434 = ADVANCED_FACE('',(#7435),#7438,.T.);
#7435 = FACE_BOUND('',#7436,.T.);
#7436 = EDGE_LOOP('',(#7437));
#7437 = ORIENTED_EDGE('',*,*,#7405,.T.);
#7438 = PLANE('',#7439);
#7439 = AXIS2_PLACEMENT_3D('',#7440,#7441,#7442);
#7440 = CARTESIAN_POINT('',(34.29,-1.27,0.1));
#7441 = DIRECTION('',(0.,0.,1.));
#7442 = DIRECTION('',(1.,0.,-0.));
#7443 = ADVANCED_FACE('',(#7444),#7447,.F.);
#7444 = FACE_BOUND('',#7445,.T.);
#7445 = EDGE_LOOP('',(#7446));
#7446 = ORIENTED_EDGE('',*,*,#7422,.F.);
#7447 = PLANE('',#7448);
#7448 = AXIS2_PLACEMENT_3D('',#7449,#7450,#7451);
#7449 = CARTESIAN_POINT('',(34.29,-1.27,-5.));
#7450 = DIRECTION('',(0.,0.,1.));
#7451 = DIRECTION('',(1.,0.,-0.));
#7452 = ( GEOMETRIC_REPRESENTATION_CONTEXT(3) 
GLOBAL_UNCERTAINTY_ASSIGNED_CONTEXT((#7456)) 
GLOBAL_UNIT_ASSIGNED_CONTEXT((#7453,#7454,#7455)) REPRESENTATION_CONTEXT
('Context #1','3D Context with UNIT and UNCERTAINTY') );
#7453 = ( LENGTH_UNIT() NAMED_UNIT(*) SI_UNIT(.MILLI.,.METRE.) );
#7454 = ( NAMED_UNIT(*) PLANE_ANGLE_UNIT() SI_UNIT($,.RADIAN.) );
#7455 = ( NAMED_UNIT(*) SI_UNIT($,.STERADIAN.) SOLID_ANGLE_UNIT() );
#7456 = UNCERTAINTY_MEASURE_WITH_UNIT(LENGTH_MEASURE(1.E-07),#7453,
  'distance_accuracy_value','confusion accuracy');
#7457 = CONTEXT_DEPENDENT_SHAPE_REPRESENTATION(#7458,#7460);
#7458 = ( REPRESENTATION_RELATIONSHIP('','',#7398,#5399) 
REPRESENTATION_RELATIONSHIP_WITH_TRANSFORMATION(#7459) 
SHAPE_REPRESENTATION_RELATIONSHIP() );
#7459 = ITEM_DEFINED_TRANSFORMATION('','',#11,#5504);
#7460 = PRODUCT_DEFINITION_SHAPE('Placement','Placement of an item',
  #7461);
#7461 = NEXT_ASSEMBLY_USAGE_OCCURRENCE('260','Leads054','',#5394,#7393,$
  );
#7462 = PRODUCT_RELATED_PRODUCT_CATEGORY('part',$,(#7395));
#7463 = SHAPE_DEFINITION_REPRESENTATION(#49,#7464);
#7464 = SHAPE_REPRESENTATION('',(#15),#41);
#7465 = SHAPE_DEFINITION_REPRESENTATION(#2876,#7466);
#7466 = SHAPE_REPRESENTATION('',(#64),#2868);
#7467 = INVISIBILITY((#7468,#7478));
#7468 = STYLED_ITEM('color',(#7469),#2810);
#7469 = PRESENTATION_STYLE_BY_CONTEXT((#7470),#7466);
#7470 = SURFACE_STYLE_USAGE(.BOTH.,#7471);
#7471 = SURFACE_SIDE_STYLE('',(#7472,#7476));
#7472 = SURFACE_STYLE_FILL_AREA(#7473);
#7473 = FILL_AREA_STYLE('',(#7474));
#7474 = FILL_AREA_STYLE_COLOUR('',#7475);
#7475 = COLOUR_RGB('',0.329411773243,0.670588257465,1.);
#7476 = SURFACE_STYLE_RENDERING_WITH_PROPERTIES(.NORMAL_SHADING.,#7475,(
    #7477));
#7477 = SURFACE_STYLE_TRANSPARENT(0.749019622803);
#7478 = STYLED_ITEM('color',(#7479),#2839);
#7479 = PRESENTATION_STYLE_BY_CONTEXT((#7480),#7466);
#7480 = SURFACE_STYLE_USAGE(.BOTH.,#7481);
#7481 = SURFACE_SIDE_STYLE('',(#7482,#7485));
#7482 = SURFACE_STYLE_FILL_AREA(#7483);
#7483 = FILL_AREA_STYLE('',(#7484));
#7484 = FILL_AREA_STYLE_COLOUR('',#7475);
#7485 = SURFACE_STYLE_RENDERING_WITH_PROPERTIES(.NORMAL_SHADING.,#7475,(
    #7486));
#7486 = SURFACE_STYLE_TRANSPARENT(0.749019622803);
#7487 = SHAPE_DEFINITION_REPRESENTATION(#2876,#7488);
#7488 = SHAPE_REPRESENTATION('',(#64),#2868);
#7489 = INVISIBILITY((#7490,#7512));
#7490 = OVER_RIDING_STYLED_ITEM('overriding color',(#7491),#2810,#7500);
#7491 = PRESENTATION_STYLE_BY_CONTEXT((#7492),#7488);
#7492 = SURFACE_STYLE_USAGE(.BOTH.,#7493);
#7493 = SURFACE_SIDE_STYLE('',(#7494,#7498));
#7494 = SURFACE_STYLE_FILL_AREA(#7495);
#7495 = FILL_AREA_STYLE('',(#7496));
#7496 = FILL_AREA_STYLE_COLOUR('',#7497);
#7497 = COLOUR_RGB('',0.329411773243,0.670588257465,1.);
#7498 = SURFACE_STYLE_RENDERING_WITH_PROPERTIES(.NORMAL_SHADING.,#7497,(
    #7499));
#7499 = SURFACE_STYLE_TRANSPARENT(0.749019622803);
#7500 = STYLED_ITEM('color',(#7501),#2810);
#7501 = PRESENTATION_STYLE_ASSIGNMENT((#7502,#7509));
#7502 = SURFACE_STYLE_USAGE(.BOTH.,#7503);
#7503 = SURFACE_SIDE_STYLE('',(#7504,#7507));
#7504 = SURFACE_STYLE_FILL_AREA(#7505);
#7505 = FILL_AREA_STYLE('',(#7506));
#7506 = FILL_AREA_STYLE_COLOUR('',#7475);
#7507 = SURFACE_STYLE_RENDERING_WITH_PROPERTIES(.NORMAL_SHADING.,#7475,(
    #7508));
#7508 = SURFACE_STYLE_TRANSPARENT(0.749019622803);
#7509 = CURVE_STYLE('',#7510,POSITIVE_LENGTH_MEASURE(0.1),#7511);
#7510 = DRAUGHTING_PRE_DEFINED_CURVE_FONT('continuous');
#7511 = COLOUR_RGB('',0.945098040599,0.952941189437,0.960784305148);
#7512 = OVER_RIDING_STYLED_ITEM('overriding color',(#7513),#2839,#7500);
#7513 = PRESENTATION_STYLE_BY_CONTEXT((#7514),#7488);
#7514 = SURFACE_STYLE_USAGE(.BOTH.,#7515);
#7515 = SURFACE_SIDE_STYLE('',(#7516,#7519));
#7516 = SURFACE_STYLE_FILL_AREA(#7517);
#7517 = FILL_AREA_STYLE('',(#7518));
#7518 = FILL_AREA_STYLE_COLOUR('',#7497);
#7519 = SURFACE_STYLE_RENDERING_WITH_PROPERTIES(.NORMAL_SHADING.,#7497,(
    #7520));
#7520 = SURFACE_STYLE_TRANSPARENT(0.749019622803);
#7521 = SHAPE_DEFINITION_REPRESENTATION(#49,#7522);
#7522 = SHAPE_REPRESENTATION('',(#15),#41);
#7523 = MECHANICAL_DESIGN_GEOMETRIC_PRESENTATION_REPRESENTATION('',(
    #7524),#7380);
#7524 = STYLED_ITEM('color',(#7525),#7327);
#7525 = PRESENTATION_STYLE_ASSIGNMENT((#7526,#7532));
#7526 = SURFACE_STYLE_USAGE(.BOTH.,#7527);
#7527 = SURFACE_SIDE_STYLE('',(#7528));
#7528 = SURFACE_STYLE_FILL_AREA(#7529);
#7529 = FILL_AREA_STYLE('',(#7530));
#7530 = FILL_AREA_STYLE_COLOUR('',#7531);
#7531 = COLOUR_RGB('',0.733333345324,0.772549044697,0.796078452645);
#7532 = CURVE_STYLE('',#7533,POSITIVE_LENGTH_MEASURE(0.1),#7534);
#7533 = DRAUGHTING_PRE_DEFINED_CURVE_FONT('continuous');
#7534 = COLOUR_RGB('',9.803921802644E-02,9.803921802644E-02,
  9.803921802644E-02);
#7535 = MECHANICAL_DESIGN_GEOMETRIC_PRESENTATION_REPRESENTATION('',(
    #7536),#5185);
#7536 = STYLED_ITEM('color',(#7537),#5132);
#7537 = PRESENTATION_STYLE_ASSIGNMENT((#7538,#7544));
#7538 = SURFACE_STYLE_USAGE(.BOTH.,#7539);
#7539 = SURFACE_SIDE_STYLE('',(#7540));
#7540 = SURFACE_STYLE_FILL_AREA(#7541);
#7541 = FILL_AREA_STYLE('',(#7542));
#7542 = FILL_AREA_STYLE_COLOUR('',#7543);
#7543 = COLOUR_RGB('',0.734000028196,0.773000013638,0.796999989372);
#7544 = CURVE_STYLE('',#7545,POSITIVE_LENGTH_MEASURE(0.1),#7534);
#7545 = DRAUGHTING_PRE_DEFINED_CURVE_FONT('continuous');
#7546 = MECHANICAL_DESIGN_GEOMETRIC_PRESENTATION_REPRESENTATION('',(
    #7547),#2791);
#7547 = STYLED_ITEM('color',(#7548),#87);
#7548 = PRESENTATION_STYLE_ASSIGNMENT((#7549,#7555));
#7549 = SURFACE_STYLE_USAGE(.BOTH.,#7550);
#7550 = SURFACE_SIDE_STYLE('',(#7551));
#7551 = SURFACE_STYLE_FILL_AREA(#7552);
#7552 = FILL_AREA_STYLE('',(#7553));
#7553 = FILL_AREA_STYLE_COLOUR('',#7554);
#7554 = COLOUR_RGB('',0.199999998682,0.600000020288,0.399999997426);
#7555 = CURVE_STYLE('',#7556,POSITIVE_LENGTH_MEASURE(0.1),#7534);
#7556 = DRAUGHTING_PRE_DEFINED_CURVE_FONT('continuous');
#7557 = MECHANICAL_DESIGN_GEOMETRIC_PRESENTATION_REPRESENTATION('',(
    #7558),#7452);
#7558 = STYLED_ITEM('color',(#7559),#7399);
#7559 = PRESENTATION_STYLE_ASSIGNMENT((#7560,#7565));
#7560 = SURFACE_STYLE_USAGE(.BOTH.,#7561);
#7561 = SURFACE_SIDE_STYLE('',(#7562));
#7562 = SURFACE_STYLE_FILL_AREA(#7563);
#7563 = FILL_AREA_STYLE('',(#7564));
#7564 = FILL_AREA_STYLE_COLOUR('',#7531);
#7565 = CURVE_STYLE('',#7566,POSITIVE_LENGTH_MEASURE(0.1),#7534);
#7566 = DRAUGHTING_PRE_DEFINED_CURVE_FONT('continuous');
#7567 = MECHANICAL_DESIGN_GEOMETRIC_PRESENTATION_REPRESENTATION('',(
    #7568),#3457);
#7568 = STYLED_ITEM('color',(#7569),#3404);
#7569 = PRESENTATION_STYLE_ASSIGNMENT((#7570,#7575));
#7570 = SURFACE_STYLE_USAGE(.BOTH.,#7571);
#7571 = SURFACE_SIDE_STYLE('',(#7572));
#7572 = SURFACE_STYLE_FILL_AREA(#7573);
#7573 = FILL_AREA_STYLE('',(#7574));
#7574 = FILL_AREA_STYLE_COLOUR('',#7543);
#7575 = CURVE_STYLE('',#7576,POSITIVE_LENGTH_MEASURE(0.1),#7534);
#7576 = DRAUGHTING_PRE_DEFINED_CURVE_FONT('continuous');
#7577 = MECHANICAL_DESIGN_GEOMETRIC_PRESENTATION_REPRESENTATION('',(
    #7578),#7020);
#7578 = STYLED_ITEM('color',(#7579),#6967);
#7579 = PRESENTATION_STYLE_ASSIGNMENT((#7580,#7585));
#7580 = SURFACE_STYLE_USAGE(.BOTH.,#7581);
#7581 = SURFACE_SIDE_STYLE('',(#7582));
#7582 = SURFACE_STYLE_FILL_AREA(#7583);
#7583 = FILL_AREA_STYLE('',(#7584));
#7584 = FILL_AREA_STYLE_COLOUR('',#7531);
#7585 = CURVE_STYLE('',#7586,POSITIVE_LENGTH_MEASURE(0.1),#7534);
#7586 = DRAUGHTING_PRE_DEFINED_CURVE_FONT('continuous');
#7587 = MECHANICAL_DESIGN_GEOMETRIC_PRESENTATION_REPRESENTATION('',(
    #7588),#4753);
#7588 = STYLED_ITEM('color',(#7589),#4700);
#7589 = PRESENTATION_STYLE_ASSIGNMENT((#7590,#7595));
#7590 = SURFACE_STYLE_USAGE(.BOTH.,#7591);
#7591 = SURFACE_SIDE_STYLE('',(#7592));
#7592 = SURFACE_STYLE_FILL_AREA(#7593);
#7593 = FILL_AREA_STYLE('',(#7594));
#7594 = FILL_AREA_STYLE_COLOUR('',#7543);
#7595 = CURVE_STYLE('',#7596,POSITIVE_LENGTH_MEASURE(0.1),#7534);
#7596 = DRAUGHTING_PRE_DEFINED_CURVE_FONT('continuous');
#7597 = MECHANICAL_DESIGN_GEOMETRIC_PRESENTATION_REPRESENTATION('',(
    #7598),#3114);
#7598 = STYLED_ITEM('color',(#7599),#2964);
#7599 = PRESENTATION_STYLE_ASSIGNMENT((#7600,#7606));
#7600 = SURFACE_STYLE_USAGE(.BOTH.,#7601);
#7601 = SURFACE_SIDE_STYLE('',(#7602));
#7602 = SURFACE_STYLE_FILL_AREA(#7603);
#7603 = FILL_AREA_STYLE('',(#7604));
#7604 = FILL_AREA_STYLE_COLOUR('',#7605);
#7605 = COLOUR_RGB('',0.300000011149,0.300000011149,0.300000011149);
#7606 = CURVE_STYLE('',#7607,POSITIVE_LENGTH_MEASURE(0.1),#7534);
#7607 = DRAUGHTING_PRE_DEFINED_CURVE_FONT('continuous');
#7608 = MECHANICAL_DESIGN_GEOMETRIC_PRESENTATION_REPRESENTATION('',(),
  #41);
#7609 = MECHANICAL_DESIGN_GEOMETRIC_PRESENTATION_REPRESENTATION('',(
    #7610),#6876);
#7610 = STYLED_ITEM('color',(#7611),#6823);
#7611 = PRESENTATION_STYLE_ASSIGNMENT((#7612,#7617));
#7612 = SURFACE_STYLE_USAGE(.BOTH.,#7613);
#7613 = SURFACE_SIDE_STYLE('',(#7614));
#7614 = SURFACE_STYLE_FILL_AREA(#7615);
#7615 = FILL_AREA_STYLE('',(#7616));
#7616 = FILL_AREA_STYLE_COLOUR('',#7531);
#7617 = CURVE_STYLE('',#7618,POSITIVE_LENGTH_MEASURE(0.1),#7534);
#7618 = DRAUGHTING_PRE_DEFINED_CURVE_FONT('continuous');
#7619 = MECHANICAL_DESIGN_GEOMETRIC_PRESENTATION_REPRESENTATION('',(
    #7620),#6156);
#7620 = STYLED_ITEM('color',(#7621),#6103);
#7621 = PRESENTATION_STYLE_ASSIGNMENT((#7622,#7627));
#7622 = SURFACE_STYLE_USAGE(.BOTH.,#7623);
#7623 = SURFACE_SIDE_STYLE('',(#7624));
#7624 = SURFACE_STYLE_FILL_AREA(#7625);
#7625 = FILL_AREA_STYLE('',(#7626));
#7626 = FILL_AREA_STYLE_COLOUR('',#7531);
#7627 = CURVE_STYLE('',#7628,POSITIVE_LENGTH_MEASURE(0.1),#7534);
#7628 = DRAUGHTING_PRE_DEFINED_CURVE_FONT('continuous');
#7629 = MECHANICAL_DESIGN_GEOMETRIC_PRESENTATION_REPRESENTATION('',(
    #7630),#6660);
#7630 = STYLED_ITEM('color',(#7631),#6607);
#7631 = PRESENTATION_STYLE_ASSIGNMENT((#7632,#7637));
#7632 = SURFACE_STYLE_USAGE(.BOTH.,#7633);
#7633 = SURFACE_SIDE_STYLE('',(#7634));
#7634 = SURFACE_STYLE_FILL_AREA(#7635);
#7635 = FILL_AREA_STYLE('',(#7636));
#7636 = FILL_AREA_STYLE_COLOUR('',#7531);
#7637 = CURVE_STYLE('',#7638,POSITIVE_LENGTH_MEASURE(0.1),#7534);
#7638 = DRAUGHTING_PRE_DEFINED_CURVE_FONT('continuous');
#7639 = MECHANICAL_DESIGN_GEOMETRIC_PRESENTATION_REPRESENTATION('',(
    #7640),#4177);
#7640 = STYLED_ITEM('color',(#7641),#4124);
#7641 = PRESENTATION_STYLE_ASSIGNMENT((#7642,#7647));
#7642 = SURFACE_STYLE_USAGE(.BOTH.,#7643);
#7643 = SURFACE_SIDE_STYLE('',(#7644));
#7644 = SURFACE_STYLE_FILL_AREA(#7645);
#7645 = FILL_AREA_STYLE('',(#7646));
#7646 = FILL_AREA_STYLE_COLOUR('',#7543);
#7647 = CURVE_STYLE('',#7648,POSITIVE_LENGTH_MEASURE(0.1),#7534);
#7648 = DRAUGHTING_PRE_DEFINED_CURVE_FONT('continuous');
#7649 = MECHANICAL_DESIGN_GEOMETRIC_PRESENTATION_REPRESENTATION('',(
    #7650),#5724);
#7650 = STYLED_ITEM('color',(#7651),#5671);
#7651 = PRESENTATION_STYLE_ASSIGNMENT((#7652,#7657));
#7652 = SURFACE_STYLE_USAGE(.BOTH.,#7653);
#7653 = SURFACE_SIDE_STYLE('',(#7654));
#7654 = SURFACE_STYLE_FILL_AREA(#7655);
#7655 = FILL_AREA_STYLE('',(#7656));
#7656 = FILL_AREA_STYLE_COLOUR('',#7531);
#7657 = CURVE_STYLE('',#7658,POSITIVE_LENGTH_MEASURE(0.1),#7534);
#7658 = DRAUGHTING_PRE_DEFINED_CURVE_FONT('continuous');
#7659 = MECHANICAL_DESIGN_GEOMETRIC_PRESENTATION_REPRESENTATION('',(
    #7660),#7092);
#7660 = STYLED_ITEM('color',(#7661),#7039);
#7661 = PRESENTATION_STYLE_ASSIGNMENT((#7662,#7667));
#7662 = SURFACE_STYLE_USAGE(.BOTH.,#7663);
#7663 = SURFACE_SIDE_STYLE('',(#7664));
#7664 = SURFACE_STYLE_FILL_AREA(#7665);
#7665 = FILL_AREA_STYLE('',(#7666));
#7666 = FILL_AREA_STYLE_COLOUR('',#7531);
#7667 = CURVE_STYLE('',#7668,POSITIVE_LENGTH_MEASURE(0.1),#7534);
#7668 = DRAUGHTING_PRE_DEFINED_CURVE_FONT('continuous');
#7669 = MECHANICAL_DESIGN_GEOMETRIC_PRESENTATION_REPRESENTATION('',(
    #7670),#3817);
#7670 = STYLED_ITEM('color',(#7671),#3764);
#7671 = PRESENTATION_STYLE_ASSIGNMENT((#7672,#7677));
#7672 = SURFACE_STYLE_USAGE(.BOTH.,#7673);
#7673 = SURFACE_SIDE_STYLE('',(#7674));
#7674 = SURFACE_STYLE_FILL_AREA(#7675);
#7675 = FILL_AREA_STYLE('',(#7676));
#7676 = FILL_AREA_STYLE_COLOUR('',#7543);
#7677 = CURVE_STYLE('',#7678,POSITIVE_LENGTH_MEASURE(0.1),#7534);
#7678 = DRAUGHTING_PRE_DEFINED_CURVE_FONT('continuous');
#7679 = MECHANICAL_DESIGN_GEOMETRIC_PRESENTATION_REPRESENTATION('',(
    #7680),#5796);
#7680 = STYLED_ITEM('color',(#7681),#5743);
#7681 = PRESENTATION_STYLE_ASSIGNMENT((#7682,#7687));
#7682 = SURFACE_STYLE_USAGE(.BOTH.,#7683);
#7683 = SURFACE_SIDE_STYLE('',(#7684));
#7684 = SURFACE_STYLE_FILL_AREA(#7685);
#7685 = FILL_AREA_STYLE('',(#7686));
#7686 = FILL_AREA_STYLE_COLOUR('',#7531);
#7687 = CURVE_STYLE('',#7688,POSITIVE_LENGTH_MEASURE(0.1),#7534);
#7688 = DRAUGHTING_PRE_DEFINED_CURVE_FONT('continuous');
#7689 = MECHANICAL_DESIGN_GEOMETRIC_PRESENTATION_REPRESENTATION('',(
    #7690),#6084);
#7690 = STYLED_ITEM('color',(#7691),#6031);
#7691 = PRESENTATION_STYLE_ASSIGNMENT((#7692,#7697));
#7692 = SURFACE_STYLE_USAGE(.BOTH.,#7693);
#7693 = SURFACE_SIDE_STYLE('',(#7694));
#7694 = SURFACE_STYLE_FILL_AREA(#7695);
#7695 = FILL_AREA_STYLE('',(#7696));
#7696 = FILL_AREA_STYLE_COLOUR('',#7531);
#7697 = CURVE_STYLE('',#7698,POSITIVE_LENGTH_MEASURE(0.1),#7534);
#7698 = DRAUGHTING_PRE_DEFINED_CURVE_FONT('continuous');
#7699 = MECHANICAL_DESIGN_GEOMETRIC_PRESENTATION_REPRESENTATION('',(
    #7500,#7700,#7490,#7512),#2868);
#7700 = STYLED_ITEM('color',(#7701),#2839);
#7701 = PRESENTATION_STYLE_ASSIGNMENT((#7702,#7709));
#7702 = SURFACE_STYLE_USAGE(.BOTH.,#7703);
#7703 = SURFACE_SIDE_STYLE('',(#7704,#7707));
#7704 = SURFACE_STYLE_FILL_AREA(#7705);
#7705 = FILL_AREA_STYLE('',(#7706));
#7706 = FILL_AREA_STYLE_COLOUR('',#7475);
#7707 = SURFACE_STYLE_RENDERING_WITH_PROPERTIES(.NORMAL_SHADING.,#7475,(
    #7708));
#7708 = SURFACE_STYLE_TRANSPARENT(0.749019622803);
#7709 = CURVE_STYLE('',#7710,POSITIVE_LENGTH_MEASURE(0.1),#7511);
#7710 = DRAUGHTING_PRE_DEFINED_CURVE_FONT('continuous');
#7711 = MECHANICAL_DESIGN_GEOMETRIC_PRESENTATION_REPRESENTATION('',(
    #7712),#3313);
#7712 = STYLED_ITEM('color',(#7713),#3260);
#7713 = PRESENTATION_STYLE_ASSIGNMENT((#7714,#7719));
#7714 = SURFACE_STYLE_USAGE(.BOTH.,#7715);
#7715 = SURFACE_SIDE_STYLE('',(#7716));
#7716 = SURFACE_STYLE_FILL_AREA(#7717);
#7717 = FILL_AREA_STYLE('',(#7718));
#7718 = FILL_AREA_STYLE_COLOUR('',#7543);
#7719 = CURVE_STYLE('',#7720,POSITIVE_LENGTH_MEASURE(0.1),#7534);
#7720 = DRAUGHTING_PRE_DEFINED_CURVE_FONT('continuous');
#7721 = MECHANICAL_DESIGN_GEOMETRIC_PRESENTATION_REPRESENTATION('',(
    #7722),#4609);
#7722 = STYLED_ITEM('color',(#7723),#4556);
#7723 = PRESENTATION_STYLE_ASSIGNMENT((#7724,#7729));
#7724 = SURFACE_STYLE_USAGE(.BOTH.,#7725);
#7725 = SURFACE_SIDE_STYLE('',(#7726));
#7726 = SURFACE_STYLE_FILL_AREA(#7727);
#7727 = FILL_AREA_STYLE('',(#7728));
#7728 = FILL_AREA_STYLE_COLOUR('',#7543);
#7729 = CURVE_STYLE('',#7730,POSITIVE_LENGTH_MEASURE(0.1),#7534);
#7730 = DRAUGHTING_PRE_DEFINED_CURVE_FONT('continuous');
#7731 = MECHANICAL_DESIGN_GEOMETRIC_PRESENTATION_REPRESENTATION('',(
    #7732),#3385);
#7732 = STYLED_ITEM('color',(#7733),#3332);
#7733 = PRESENTATION_STYLE_ASSIGNMENT((#7734,#7739));
#7734 = SURFACE_STYLE_USAGE(.BOTH.,#7735);
#7735 = SURFACE_SIDE_STYLE('',(#7736));
#7736 = SURFACE_STYLE_FILL_AREA(#7737);
#7737 = FILL_AREA_STYLE('',(#7738));
#7738 = FILL_AREA_STYLE_COLOUR('',#7543);
#7739 = CURVE_STYLE('',#7740,POSITIVE_LENGTH_MEASURE(0.1),#7534);
#7740 = DRAUGHTING_PRE_DEFINED_CURVE_FONT('continuous');
#7741 = MECHANICAL_DESIGN_GEOMETRIC_PRESENTATION_REPRESENTATION('',(
    #7742),#4537);
#7742 = STYLED_ITEM('color',(#7743),#4484);
#7743 = PRESENTATION_STYLE_ASSIGNMENT((#7744,#7749));
#7744 = SURFACE_STYLE_USAGE(.BOTH.,#7745);
#7745 = SURFACE_SIDE_STYLE('',(#7746));
#7746 = SURFACE_STYLE_FILL_AREA(#7747);
#7747 = FILL_AREA_STYLE('',(#7748));
#7748 = FILL_AREA_STYLE_COLOUR('',#7543);
#7749 = CURVE_STYLE('',#7750,POSITIVE_LENGTH_MEASURE(0.1),#7534);
#7750 = DRAUGHTING_PRE_DEFINED_CURVE_FONT('continuous');
#7751 = MECHANICAL_DESIGN_GEOMETRIC_PRESENTATION_REPRESENTATION('',(
    #7752),#4825);
#7752 = STYLED_ITEM('color',(#7753),#4772);
#7753 = PRESENTATION_STYLE_ASSIGNMENT((#7754,#7759));
#7754 = SURFACE_STYLE_USAGE(.BOTH.,#7755);
#7755 = SURFACE_SIDE_STYLE('',(#7756));
#7756 = SURFACE_STYLE_FILL_AREA(#7757);
#7757 = FILL_AREA_STYLE('',(#7758));
#7758 = FILL_AREA_STYLE_COLOUR('',#7543);
#7759 = CURVE_STYLE('',#7760,POSITIVE_LENGTH_MEASURE(0.1),#7534);
#7760 = DRAUGHTING_PRE_DEFINED_CURVE_FONT('continuous');
#7761 = MECHANICAL_DESIGN_GEOMETRIC_PRESENTATION_REPRESENTATION('',(
    #7762),#3961);
#7762 = STYLED_ITEM('color',(#7763),#3908);
#7763 = PRESENTATION_STYLE_ASSIGNMENT((#7764,#7769));
#7764 = SURFACE_STYLE_USAGE(.BOTH.,#7765);
#7765 = SURFACE_SIDE_STYLE('',(#7766));
#7766 = SURFACE_STYLE_FILL_AREA(#7767);
#7767 = FILL_AREA_STYLE('',(#7768));
#7768 = FILL_AREA_STYLE_COLOUR('',#7543);
#7769 = CURVE_STYLE('',#7770,POSITIVE_LENGTH_MEASURE(0.1),#7534);
#7770 = DRAUGHTING_PRE_DEFINED_CURVE_FONT('continuous');
#7771 = MECHANICAL_DESIGN_GEOMETRIC_PRESENTATION_REPRESENTATION('',(
    #7772),#4897);
#7772 = STYLED_ITEM('color',(#7773),#4844);
#7773 = PRESENTATION_STYLE_ASSIGNMENT((#7774,#7779));
#7774 = SURFACE_STYLE_USAGE(.BOTH.,#7775);
#7775 = SURFACE_SIDE_STYLE('',(#7776));
#7776 = SURFACE_STYLE_FILL_AREA(#7777);
#7777 = FILL_AREA_STYLE('',(#7778));
#7778 = FILL_AREA_STYLE_COLOUR('',#7543);
#7779 = CURVE_STYLE('',#7780,POSITIVE_LENGTH_MEASURE(0.1),#7534);
#7780 = DRAUGHTING_PRE_DEFINED_CURVE_FONT('continuous');
#7781 = MECHANICAL_DESIGN_GEOMETRIC_PRESENTATION_REPRESENTATION('',(
    #7782),#6012);
#7782 = STYLED_ITEM('color',(#7783),#5959);
#7783 = PRESENTATION_STYLE_ASSIGNMENT((#7784,#7789));
#7784 = SURFACE_STYLE_USAGE(.BOTH.,#7785);
#7785 = SURFACE_SIDE_STYLE('',(#7786));
#7786 = SURFACE_STYLE_FILL_AREA(#7787);
#7787 = FILL_AREA_STYLE('',(#7788));
#7788 = FILL_AREA_STYLE_COLOUR('',#7531);
#7789 = CURVE_STYLE('',#7790,POSITIVE_LENGTH_MEASURE(0.1),#7534);
#7790 = DRAUGHTING_PRE_DEFINED_CURVE_FONT('continuous');
#7791 = MECHANICAL_DESIGN_GEOMETRIC_PRESENTATION_REPRESENTATION('',(
    #7792),#5041);
#7792 = STYLED_ITEM('color',(#7793),#4988);
#7793 = PRESENTATION_STYLE_ASSIGNMENT((#7794,#7799));
#7794 = SURFACE_STYLE_USAGE(.BOTH.,#7795);
#7795 = SURFACE_SIDE_STYLE('',(#7796));
#7796 = SURFACE_STYLE_FILL_AREA(#7797);
#7797 = FILL_AREA_STYLE('',(#7798));
#7798 = FILL_AREA_STYLE_COLOUR('',#7543);
#7799 = CURVE_STYLE('',#7800,POSITIVE_LENGTH_MEASURE(0.1),#7534);
#7800 = DRAUGHTING_PRE_DEFINED_CURVE_FONT('continuous');
#7801 = MECHANICAL_DESIGN_GEOMETRIC_PRESENTATION_REPRESENTATION('',(
    #7802),#6300);
#7802 = STYLED_ITEM('color',(#7803),#6247);
#7803 = PRESENTATION_STYLE_ASSIGNMENT((#7804,#7809));
#7804 = SURFACE_STYLE_USAGE(.BOTH.,#7805);
#7805 = SURFACE_SIDE_STYLE('',(#7806));
#7806 = SURFACE_STYLE_FILL_AREA(#7807);
#7807 = FILL_AREA_STYLE('',(#7808));
#7808 = FILL_AREA_STYLE_COLOUR('',#7531);
#7809 = CURVE_STYLE('',#7810,POSITIVE_LENGTH_MEASURE(0.1),#7534);
#7810 = DRAUGHTING_PRE_DEFINED_CURVE_FONT('continuous');
#7811 = MECHANICAL_DESIGN_GEOMETRIC_PRESENTATION_REPRESENTATION('',(
    #7812),#7236);
#7812 = STYLED_ITEM('color',(#7813),#7183);
#7813 = PRESENTATION_STYLE_ASSIGNMENT((#7814,#7819));
#7814 = SURFACE_STYLE_USAGE(.BOTH.,#7815);
#7815 = SURFACE_SIDE_STYLE('',(#7816));
#7816 = SURFACE_STYLE_FILL_AREA(#7817);
#7817 = FILL_AREA_STYLE('',(#7818));
#7818 = FILL_AREA_STYLE_COLOUR('',#7531);
#7819 = CURVE_STYLE('',#7820,POSITIVE_LENGTH_MEASURE(0.1),#7534);
#7820 = DRAUGHTING_PRE_DEFINED_CURVE_FONT('continuous');
#7821 = MECHANICAL_DESIGN_GEOMETRIC_PRESENTATION_REPRESENTATION('',(
    #7822),#3673);
#7822 = STYLED_ITEM('color',(#7823),#3620);
#7823 = PRESENTATION_STYLE_ASSIGNMENT((#7824,#7829));
#7824 = SURFACE_STYLE_USAGE(.BOTH.,#7825);
#7825 = SURFACE_SIDE_STYLE('',(#7826));
#7826 = SURFACE_STYLE_FILL_AREA(#7827);
#7827 = FILL_AREA_STYLE('',(#7828));
#7828 = FILL_AREA_STYLE_COLOUR('',#7543);
#7829 = CURVE_STYLE('',#7830,POSITIVE_LENGTH_MEASURE(0.1),#7534);
#7830 = DRAUGHTING_PRE_DEFINED_CURVE_FONT('continuous');
#7831 = MECHANICAL_DESIGN_GEOMETRIC_PRESENTATION_REPRESENTATION('',(
    #7832),#5113);
#7832 = STYLED_ITEM('color',(#7833),#5060);
#7833 = PRESENTATION_STYLE_ASSIGNMENT((#7834,#7839));
#7834 = SURFACE_STYLE_USAGE(.BOTH.,#7835);
#7835 = SURFACE_SIDE_STYLE('',(#7836));
#7836 = SURFACE_STYLE_FILL_AREA(#7837);
#7837 = FILL_AREA_STYLE('',(#7838));
#7838 = FILL_AREA_STYLE_COLOUR('',#7543);
#7839 = CURVE_STYLE('',#7840,POSITIVE_LENGTH_MEASURE(0.1),#7534);
#7840 = DRAUGHTING_PRE_DEFINED_CURVE_FONT('continuous');
#7841 = MECHANICAL_DESIGN_GEOMETRIC_PRESENTATION_REPRESENTATION('',(
    #7842),#6228);
#7842 = STYLED_ITEM('color',(#7843),#6175);
#7843 = PRESENTATION_STYLE_ASSIGNMENT((#7844,#7849));
#7844 = SURFACE_STYLE_USAGE(.BOTH.,#7845);
#7845 = SURFACE_SIDE_STYLE('',(#7846));
#7846 = SURFACE_STYLE_FILL_AREA(#7847);
#7847 = FILL_AREA_STYLE('',(#7848));
#7848 = FILL_AREA_STYLE_COLOUR('',#7531);
#7849 = CURVE_STYLE('',#7850,POSITIVE_LENGTH_MEASURE(0.1),#7534);
#7850 = DRAUGHTING_PRE_DEFINED_CURVE_FONT('continuous');
#7851 = MECHANICAL_DESIGN_GEOMETRIC_PRESENTATION_REPRESENTATION('',(
    #7852),#4969);
#7852 = STYLED_ITEM('color',(#7853),#4916);
#7853 = PRESENTATION_STYLE_ASSIGNMENT((#7854,#7859));
#7854 = SURFACE_STYLE_USAGE(.BOTH.,#7855);
#7855 = SURFACE_SIDE_STYLE('',(#7856));
#7856 = SURFACE_STYLE_FILL_AREA(#7857);
#7857 = FILL_AREA_STYLE('',(#7858));
#7858 = FILL_AREA_STYLE_COLOUR('',#7543);
#7859 = CURVE_STYLE('',#7860,POSITIVE_LENGTH_MEASURE(0.1),#7534);
#7860 = DRAUGHTING_PRE_DEFINED_CURVE_FONT('continuous');
#7861 = MECHANICAL_DESIGN_GEOMETRIC_PRESENTATION_REPRESENTATION('',(
    #7862),#4249);
#7862 = STYLED_ITEM('color',(#7863),#4196);
#7863 = PRESENTATION_STYLE_ASSIGNMENT((#7864,#7869));
#7864 = SURFACE_STYLE_USAGE(.BOTH.,#7865);
#7865 = SURFACE_SIDE_STYLE('',(#7866));
#7866 = SURFACE_STYLE_FILL_AREA(#7867);
#7867 = FILL_AREA_STYLE('',(#7868));
#7868 = FILL_AREA_STYLE_COLOUR('',#7543);
#7869 = CURVE_STYLE('',#7870,POSITIVE_LENGTH_MEASURE(0.1),#7534);
#7870 = DRAUGHTING_PRE_DEFINED_CURVE_FONT('continuous');
#7871 = MECHANICAL_DESIGN_GEOMETRIC_PRESENTATION_REPRESENTATION('',(
    #7872),#4681);
#7872 = STYLED_ITEM('color',(#7873),#4628);
#7873 = PRESENTATION_STYLE_ASSIGNMENT((#7874,#7879));
#7874 = SURFACE_STYLE_USAGE(.BOTH.,#7875);
#7875 = SURFACE_SIDE_STYLE('',(#7876));
#7876 = SURFACE_STYLE_FILL_AREA(#7877);
#7877 = FILL_AREA_STYLE('',(#7878));
#7878 = FILL_AREA_STYLE_COLOUR('',#7543);
#7879 = CURVE_STYLE('',#7880,POSITIVE_LENGTH_MEASURE(0.1),#7534);
#7880 = DRAUGHTING_PRE_DEFINED_CURVE_FONT('continuous');
#7881 = MECHANICAL_DESIGN_GEOMETRIC_PRESENTATION_REPRESENTATION('',(
    #7882),#6948);
#7882 = STYLED_ITEM('color',(#7883),#6895);
#7883 = PRESENTATION_STYLE_ASSIGNMENT((#7884,#7889));
#7884 = SURFACE_STYLE_USAGE(.BOTH.,#7885);
#7885 = SURFACE_SIDE_STYLE('',(#7886));
#7886 = SURFACE_STYLE_FILL_AREA(#7887);
#7887 = FILL_AREA_STYLE('',(#7888));
#7888 = FILL_AREA_STYLE_COLOUR('',#7531);
#7889 = CURVE_STYLE('',#7890,POSITIVE_LENGTH_MEASURE(0.1),#7534);
#7890 = DRAUGHTING_PRE_DEFINED_CURVE_FONT('continuous');
#7891 = MECHANICAL_DESIGN_GEOMETRIC_PRESENTATION_REPRESENTATION('',(
    #7892),#6588);
#7892 = STYLED_ITEM('color',(#7893),#6535);
#7893 = PRESENTATION_STYLE_ASSIGNMENT((#7894,#7899));
#7894 = SURFACE_STYLE_USAGE(.BOTH.,#7895);
#7895 = SURFACE_SIDE_STYLE('',(#7896));
#7896 = SURFACE_STYLE_FILL_AREA(#7897);
#7897 = FILL_AREA_STYLE('',(#7898));
#7898 = FILL_AREA_STYLE_COLOUR('',#7531);
#7899 = CURVE_STYLE('',#7900,POSITIVE_LENGTH_MEASURE(0.1),#7534);
#7900 = DRAUGHTING_PRE_DEFINED_CURVE_FONT('continuous');
#7901 = MECHANICAL_DESIGN_GEOMETRIC_PRESENTATION_REPRESENTATION('',(
    #7902),#4105);
#7902 = STYLED_ITEM('color',(#7903),#4052);
#7903 = PRESENTATION_STYLE_ASSIGNMENT((#7904,#7909));
#7904 = SURFACE_STYLE_USAGE(.BOTH.,#7905);
#7905 = SURFACE_SIDE_STYLE('',(#7906));
#7906 = SURFACE_STYLE_FILL_AREA(#7907);
#7907 = FILL_AREA_STYLE('',(#7908));
#7908 = FILL_AREA_STYLE_COLOUR('',#7543);
#7909 = CURVE_STYLE('',#7910,POSITIVE_LENGTH_MEASURE(0.1),#7534);
#7910 = DRAUGHTING_PRE_DEFINED_CURVE_FONT('continuous');
#7911 = MECHANICAL_DESIGN_GEOMETRIC_PRESENTATION_REPRESENTATION('',(
    #7912),#5940);
#7912 = STYLED_ITEM('color',(#7913),#5887);
#7913 = PRESENTATION_STYLE_ASSIGNMENT((#7914,#7919));
#7914 = SURFACE_STYLE_USAGE(.BOTH.,#7915);
#7915 = SURFACE_SIDE_STYLE('',(#7916));
#7916 = SURFACE_STYLE_FILL_AREA(#7917);
#7917 = FILL_AREA_STYLE('',(#7918));
#7918 = FILL_AREA_STYLE_COLOUR('',#7531);
#7919 = CURVE_STYLE('',#7920,POSITIVE_LENGTH_MEASURE(0.1),#7534);
#7920 = DRAUGHTING_PRE_DEFINED_CURVE_FONT('continuous');
#7921 = MECHANICAL_DESIGN_GEOMETRIC_PRESENTATION_REPRESENTATION('',(
    #7922),#3889);
#7922 = STYLED_ITEM('color',(#7923),#3836);
#7923 = PRESENTATION_STYLE_ASSIGNMENT((#7924,#7929));
#7924 = SURFACE_STYLE_USAGE(.BOTH.,#7925);
#7925 = SURFACE_SIDE_STYLE('',(#7926));
#7926 = SURFACE_STYLE_FILL_AREA(#7927);
#7927 = FILL_AREA_STYLE('',(#7928));
#7928 = FILL_AREA_STYLE_COLOUR('',#7543);
#7929 = CURVE_STYLE('',#7930,POSITIVE_LENGTH_MEASURE(0.1),#7534);
#7930 = DRAUGHTING_PRE_DEFINED_CURVE_FONT('continuous');
#7931 = MECHANICAL_DESIGN_GEOMETRIC_PRESENTATION_REPRESENTATION('',(
    #7932),#6372);
#7932 = STYLED_ITEM('color',(#7933),#6319);
#7933 = PRESENTATION_STYLE_ASSIGNMENT((#7934,#7939));
#7934 = SURFACE_STYLE_USAGE(.BOTH.,#7935);
#7935 = SURFACE_SIDE_STYLE('',(#7936));
#7936 = SURFACE_STYLE_FILL_AREA(#7937);
#7937 = FILL_AREA_STYLE('',(#7938));
#7938 = FILL_AREA_STYLE_COLOUR('',#7531);
#7939 = CURVE_STYLE('',#7940,POSITIVE_LENGTH_MEASURE(0.1),#7534);
#7940 = DRAUGHTING_PRE_DEFINED_CURVE_FONT('continuous');
#7941 = MECHANICAL_DESIGN_GEOMETRIC_PRESENTATION_REPRESENTATION('',(
    #7942),#4393);
#7942 = STYLED_ITEM('color',(#7943),#4340);
#7943 = PRESENTATION_STYLE_ASSIGNMENT((#7944,#7949));
#7944 = SURFACE_STYLE_USAGE(.BOTH.,#7945);
#7945 = SURFACE_SIDE_STYLE('',(#7946));
#7946 = SURFACE_STYLE_FILL_AREA(#7947);
#7947 = FILL_AREA_STYLE('',(#7948));
#7948 = FILL_AREA_STYLE_COLOUR('',#7543);
#7949 = CURVE_STYLE('',#7950,POSITIVE_LENGTH_MEASURE(0.1),#7534);
#7950 = DRAUGHTING_PRE_DEFINED_CURVE_FONT('continuous');
#7951 = MECHANICAL_DESIGN_GEOMETRIC_PRESENTATION_REPRESENTATION('',(
    #7952),#6732);
#7952 = STYLED_ITEM('color',(#7953),#6679);
#7953 = PRESENTATION_STYLE_ASSIGNMENT((#7954,#7959));
#7954 = SURFACE_STYLE_USAGE(.BOTH.,#7955);
#7955 = SURFACE_SIDE_STYLE('',(#7956));
#7956 = SURFACE_STYLE_FILL_AREA(#7957);
#7957 = FILL_AREA_STYLE('',(#7958));
#7958 = FILL_AREA_STYLE_COLOUR('',#7531);
#7959 = CURVE_STYLE('',#7960,POSITIVE_LENGTH_MEASURE(0.1),#7534);
#7960 = DRAUGHTING_PRE_DEFINED_CURVE_FONT('continuous');
#7961 = MECHANICAL_DESIGN_GEOMETRIC_PRESENTATION_REPRESENTATION('',(
    #7962),#6444);
#7962 = STYLED_ITEM('color',(#7963),#6391);
#7963 = PRESENTATION_STYLE_ASSIGNMENT((#7964,#7969));
#7964 = SURFACE_STYLE_USAGE(.BOTH.,#7965);
#7965 = SURFACE_SIDE_STYLE('',(#7966));
#7966 = SURFACE_STYLE_FILL_AREA(#7967);
#7967 = FILL_AREA_STYLE('',(#7968));
#7968 = FILL_AREA_STYLE_COLOUR('',#7531);
#7969 = CURVE_STYLE('',#7970,POSITIVE_LENGTH_MEASURE(0.1),#7534);
#7970 = DRAUGHTING_PRE_DEFINED_CURVE_FONT('continuous');
#7971 = MECHANICAL_DESIGN_GEOMETRIC_PRESENTATION_REPRESENTATION('',(
    #7972),#5652);
#7972 = STYLED_ITEM('color',(#7973),#5599);
#7973 = PRESENTATION_STYLE_ASSIGNMENT((#7974,#7979));
#7974 = SURFACE_STYLE_USAGE(.BOTH.,#7975);
#7975 = SURFACE_SIDE_STYLE('',(#7976));
#7976 = SURFACE_STYLE_FILL_AREA(#7977);
#7977 = FILL_AREA_STYLE('',(#7978));
#7978 = FILL_AREA_STYLE_COLOUR('',#7531);
#7979 = CURVE_STYLE('',#7980,POSITIVE_LENGTH_MEASURE(0.1),#7534);
#7980 = DRAUGHTING_PRE_DEFINED_CURVE_FONT('continuous');
#7981 = MECHANICAL_DESIGN_GEOMETRIC_PRESENTATION_REPRESENTATION('',(
    #7982),#7308);
#7982 = STYLED_ITEM('color',(#7983),#7255);
#7983 = PRESENTATION_STYLE_ASSIGNMENT((#7984,#7989));
#7984 = SURFACE_STYLE_USAGE(.BOTH.,#7985);
#7985 = SURFACE_SIDE_STYLE('',(#7986));
#7986 = SURFACE_STYLE_FILL_AREA(#7987);
#7987 = FILL_AREA_STYLE('',(#7988));
#7988 = FILL_AREA_STYLE_COLOUR('',#7531);
#7989 = CURVE_STYLE('',#7990,POSITIVE_LENGTH_MEASURE(0.1),#7534);
#7990 = DRAUGHTING_PRE_DEFINED_CURVE_FONT('continuous');
#7991 = MECHANICAL_DESIGN_GEOMETRIC_PRESENTATION_REPRESENTATION('',(
    #7992),#3529);
#7992 = STYLED_ITEM('color',(#7993),#3476);
#7993 = PRESENTATION_STYLE_ASSIGNMENT((#7994,#7999));
#7994 = SURFACE_STYLE_USAGE(.BOTH.,#7995);
#7995 = SURFACE_SIDE_STYLE('',(#7996));
#7996 = SURFACE_STYLE_FILL_AREA(#7997);
#7997 = FILL_AREA_STYLE('',(#7998));
#7998 = FILL_AREA_STYLE_COLOUR('',#7543);
#7999 = CURVE_STYLE('',#8000,POSITIVE_LENGTH_MEASURE(0.1),#7534);
#8000 = DRAUGHTING_PRE_DEFINED_CURVE_FONT('continuous');
#8001 = MECHANICAL_DESIGN_GEOMETRIC_PRESENTATION_REPRESENTATION('',(
    #8002),#3745);
#8002 = STYLED_ITEM('color',(#8003),#3692);
#8003 = PRESENTATION_STYLE_ASSIGNMENT((#8004,#8009));
#8004 = SURFACE_STYLE_USAGE(.BOTH.,#8005);
#8005 = SURFACE_SIDE_STYLE('',(#8006));
#8006 = SURFACE_STYLE_FILL_AREA(#8007);
#8007 = FILL_AREA_STYLE('',(#8008));
#8008 = FILL_AREA_STYLE_COLOUR('',#7543);
#8009 = CURVE_STYLE('',#8010,POSITIVE_LENGTH_MEASURE(0.1),#7534);
#8010 = DRAUGHTING_PRE_DEFINED_CURVE_FONT('continuous');
#8011 = MECHANICAL_DESIGN_GEOMETRIC_PRESENTATION_REPRESENTATION('',(
    #8012),#4465);
#8012 = STYLED_ITEM('color',(#8013),#4412);
#8013 = PRESENTATION_STYLE_ASSIGNMENT((#8014,#8019));
#8014 = SURFACE_STYLE_USAGE(.BOTH.,#8015);
#8015 = SURFACE_SIDE_STYLE('',(#8016));
#8016 = SURFACE_STYLE_FILL_AREA(#8017);
#8017 = FILL_AREA_STYLE('',(#8018));
#8018 = FILL_AREA_STYLE_COLOUR('',#7543);
#8019 = CURVE_STYLE('',#8020,POSITIVE_LENGTH_MEASURE(0.1),#7534);
#8020 = DRAUGHTING_PRE_DEFINED_CURVE_FONT('continuous');
#8021 = MECHANICAL_DESIGN_GEOMETRIC_PRESENTATION_REPRESENTATION('',(
    #8022),#5580);
#8022 = STYLED_ITEM('color',(#8023),#5527);
#8023 = PRESENTATION_STYLE_ASSIGNMENT((#8024,#8029));
#8024 = SURFACE_STYLE_USAGE(.BOTH.,#8025);
#8025 = SURFACE_SIDE_STYLE('',(#8026));
#8026 = SURFACE_STYLE_FILL_AREA(#8027);
#8027 = FILL_AREA_STYLE('',(#8028));
#8028 = FILL_AREA_STYLE_COLOUR('',#7531);
#8029 = CURVE_STYLE('',#8030,POSITIVE_LENGTH_MEASURE(0.1),#7534);
#8030 = DRAUGHTING_PRE_DEFINED_CURVE_FONT('continuous');
#8031 = MECHANICAL_DESIGN_GEOMETRIC_PRESENTATION_REPRESENTATION('',(
    #8032),#7164);
#8032 = STYLED_ITEM('color',(#8033),#7111);
#8033 = PRESENTATION_STYLE_ASSIGNMENT((#8034,#8039));
#8034 = SURFACE_STYLE_USAGE(.BOTH.,#8035);
#8035 = SURFACE_SIDE_STYLE('',(#8036));
#8036 = SURFACE_STYLE_FILL_AREA(#8037);
#8037 = FILL_AREA_STYLE('',(#8038));
#8038 = FILL_AREA_STYLE_COLOUR('',#7531);
#8039 = CURVE_STYLE('',#8040,POSITIVE_LENGTH_MEASURE(0.1),#7534);
#8040 = DRAUGHTING_PRE_DEFINED_CURVE_FONT('continuous');
#8041 = MECHANICAL_DESIGN_GEOMETRIC_PRESENTATION_REPRESENTATION('',(
    #8042),#4033);
#8042 = STYLED_ITEM('color',(#8043),#3980);
#8043 = PRESENTATION_STYLE_ASSIGNMENT((#8044,#8049));
#8044 = SURFACE_STYLE_USAGE(.BOTH.,#8045);
#8045 = SURFACE_SIDE_STYLE('',(#8046));
#8046 = SURFACE_STYLE_FILL_AREA(#8047);
#8047 = FILL_AREA_STYLE('',(#8048));
#8048 = FILL_AREA_STYLE_COLOUR('',#7543);
#8049 = CURVE_STYLE('',#8050,POSITIVE_LENGTH_MEASURE(0.1),#7534);
#8050 = DRAUGHTING_PRE_DEFINED_CURVE_FONT('continuous');
#8051 = MECHANICAL_DESIGN_GEOMETRIC_PRESENTATION_REPRESENTATION('',(
    #8052),#3601);
#8052 = STYLED_ITEM('color',(#8053),#3548);
#8053 = PRESENTATION_STYLE_ASSIGNMENT((#8054,#8059));
#8054 = SURFACE_STYLE_USAGE(.BOTH.,#8055);
#8055 = SURFACE_SIDE_STYLE('',(#8056));
#8056 = SURFACE_STYLE_FILL_AREA(#8057);
#8057 = FILL_AREA_STYLE('',(#8058));
#8058 = FILL_AREA_STYLE_COLOUR('',#7543);
#8059 = CURVE_STYLE('',#8060,POSITIVE_LENGTH_MEASURE(0.1),#7534);
#8060 = DRAUGHTING_PRE_DEFINED_CURVE_FONT('continuous');
#8061 = MECHANICAL_DESIGN_GEOMETRIC_PRESENTATION_REPRESENTATION('',(
    #8062),#5381);
#8062 = STYLED_ITEM('color',(#8063),#5231);
#8063 = PRESENTATION_STYLE_ASSIGNMENT((#8064,#8070));
#8064 = SURFACE_STYLE_USAGE(.BOTH.,#8065);
#8065 = SURFACE_SIDE_STYLE('',(#8066));
#8066 = SURFACE_STYLE_FILL_AREA(#8067);
#8067 = FILL_AREA_STYLE('',(#8068));
#8068 = FILL_AREA_STYLE_COLOUR('',#8069);
#8069 = COLOUR_RGB('',0.301960791261,0.301960791261,0.301960791261);
#8070 = CURVE_STYLE('',#8071,POSITIVE_LENGTH_MEASURE(0.1),#7534);
#8071 = DRAUGHTING_PRE_DEFINED_CURVE_FONT('continuous');
#8072 = MECHANICAL_DESIGN_GEOMETRIC_PRESENTATION_REPRESENTATION('',(
    #8073),#5868);
#8073 = STYLED_ITEM('color',(#8074),#5815);
#8074 = PRESENTATION_STYLE_ASSIGNMENT((#8075,#8080));
#8075 = SURFACE_STYLE_USAGE(.BOTH.,#8076);
#8076 = SURFACE_SIDE_STYLE('',(#8077));
#8077 = SURFACE_STYLE_FILL_AREA(#8078);
#8078 = FILL_AREA_STYLE('',(#8079));
#8079 = FILL_AREA_STYLE_COLOUR('',#7531);
#8080 = CURVE_STYLE('',#8081,POSITIVE_LENGTH_MEASURE(0.1),#7534);
#8081 = DRAUGHTING_PRE_DEFINED_CURVE_FONT('continuous');
#8082 = MECHANICAL_DESIGN_GEOMETRIC_PRESENTATION_REPRESENTATION('',(
    #8083),#4321);
#8083 = STYLED_ITEM('color',(#8084),#4268);
#8084 = PRESENTATION_STYLE_ASSIGNMENT((#8085,#8090));
#8085 = SURFACE_STYLE_USAGE(.BOTH.,#8086);
#8086 = SURFACE_SIDE_STYLE('',(#8087));
#8087 = SURFACE_STYLE_FILL_AREA(#8088);
#8088 = FILL_AREA_STYLE('',(#8089));
#8089 = FILL_AREA_STYLE_COLOUR('',#7543);
#8090 = CURVE_STYLE('',#8091,POSITIVE_LENGTH_MEASURE(0.1),#7534);
#8091 = DRAUGHTING_PRE_DEFINED_CURVE_FONT('continuous');
#8092 = MECHANICAL_DESIGN_GEOMETRIC_PRESENTATION_REPRESENTATION('',(
    #8093),#6516);
#8093 = STYLED_ITEM('color',(#8094),#6463);
#8094 = PRESENTATION_STYLE_ASSIGNMENT((#8095,#8100));
#8095 = SURFACE_STYLE_USAGE(.BOTH.,#8096);
#8096 = SURFACE_SIDE_STYLE('',(#8097));
#8097 = SURFACE_STYLE_FILL_AREA(#8098);
#8098 = FILL_AREA_STYLE('',(#8099));
#8099 = FILL_AREA_STYLE_COLOUR('',#7531);
#8100 = CURVE_STYLE('',#8101,POSITIVE_LENGTH_MEASURE(0.1),#7534);
#8101 = DRAUGHTING_PRE_DEFINED_CURVE_FONT('continuous');
#8102 = MECHANICAL_DESIGN_GEOMETRIC_PRESENTATION_REPRESENTATION('',(
    #8103),#6804);
#8103 = STYLED_ITEM('color',(#8104),#6751);
#8104 = PRESENTATION_STYLE_ASSIGNMENT((#8105,#8110));
#8105 = SURFACE_STYLE_USAGE(.BOTH.,#8106);
#8106 = SURFACE_SIDE_STYLE('',(#8107));
#8107 = SURFACE_STYLE_FILL_AREA(#8108);
#8108 = FILL_AREA_STYLE('',(#8109));
#8109 = FILL_AREA_STYLE_COLOUR('',#7531);
#8110 = CURVE_STYLE('',#8111,POSITIVE_LENGTH_MEASURE(0.1),#7534);
#8111 = DRAUGHTING_PRE_DEFINED_CURVE_FONT('continuous');
ENDSEC;
END-ISO-10303-21;
